# Blender 5.1.2
# www.blender.org
mtllib camilla_con_bolsa.mtl
o body_bag
v -164.152222 16.673275 103.952751
v -145.285416 15.646768 115.381599
v -143.820801 12.869548 118.748596
v -125.533089 11.615427 115.806801
v -115.265045 10.587967 109.066002
v -129.545364 16.767027 113.082397
v -118.797043 14.884007 100.977196
v -128.767639 21.872545 102.042999
v -129.206924 25.213264 94.061646
v -136.329514 26.427298 94.248047
v -142.759476 19.212168 104.228203
v -143.181366 26.564995 95.223831
v -149.972244 30.876755 93.089066
v -156.027878 27.347847 92.728401
v -151.482971 26.479366 84.273003
v -122.062508 17.265093 92.175461
v -141.707031 25.411278 80.430473
v -128.503281 25.206514 85.775200
v -118.272049 15.864885 81.006798
v -125.151306 20.096163 67.589996
v -133.667847 24.875563 60.404804
v -108.093643 10.608686 100.817200
v -128.587128 25.120762 51.683002
v -112.612442 10.930405 68.260002
v -110.343849 3.332387 99.884399
v -104.401649 8.843785 85.849998
v -103.663246 7.654823 66.958801
v -104.958443 10.166604 66.713196
v -120.652649 17.434681 35.795803
v -113.689247 12.702601 29.006004
v -157.410797 20.396671 -74.586792
v -156.221100 18.381971 -79.649193
v -169.118851 15.951273 -80.213394
v -167.878647 16.627274 -72.118591
v -162.337540 16.692392 -86.264793
v -177.271042 13.746093 -80.486397
v -170.812439 16.621153 -89.484993
v -157.292358 16.749352 -95.651993
v -161.370621 17.479431 -101.218391
v -173.521851 4.436792 -94.396393
v -176.732239 12.167372 -97.309990
v -169.971237 13.218731 -107.894997
v -156.939499 15.764031 -105.021790
v -148.380722 25.105553 -95.947395
v -165.752243 6.599670 -112.176994
v -153.027390 13.749450 -118.161392
v -132.807663 14.076770 -112.120193
v -133.803467 12.234490 -117.403992
v -140.091110 19.879110 -105.610390
v -134.377731 7.443110 -118.748596
v -119.938843 14.717430 -113.069595
v -126.522583 13.986331 -104.191589
v -129.301132 14.983232 -94.483192
v -139.882584 25.724152 -93.635590
v -144.313034 28.369755 -81.392395
v -160.946869 26.028755 -55.800198
v -125.385704 15.392272 -87.578392
v -136.065826 26.655352 -83.691994
v -140.612442 27.129354 -67.203598
v -125.859802 16.157753 -80.173592
v -108.916649 13.349352 -98.744392
v -104.105049 10.721913 -85.094193
v -109.583649 15.891553 -77.472389
v -126.284187 22.577753 -65.753998
v -111.889046 6.966230 -107.470795
v -105.757446 8.527353 -80.620995
v -107.116447 12.619675 -60.249596
v -107.675049 3.564294 -79.922195
v -106.258644 7.983714 -60.138195
v -103.758049 7.987743 57.561604
v -106.932648 3.462494 -58.011997
v -105.755646 1.368668 62.252804
v -107.252449 3.930535 -49.748798
v -108.180443 1.893841 21.686605
v -107.316246 2.555185 -19.460194
v -106.571045 7.348781 22.627804
v -106.146446 9.735395 -49.947998
v -106.961044 8.556677 -18.978956
v -110.793243 11.358158 -27.412598
v -113.488045 12.216818 -17.817896
v -109.912445 11.078380 4.974264
v -122.028847 21.116957 -33.109795
v -113.422447 14.354638 -12.899577
v -121.678848 21.128555 -50.349998
v -127.253265 27.893156 -43.600395
v -135.755585 30.248756 -56.786198
v -124.075043 24.665756 -30.192396
v -122.191246 25.093159 -17.803816
v -140.815277 31.780956 -38.753796
v -116.976242 13.723980 5.469244
v -127.673447 29.406555 -22.109337
v -130.823166 27.997757 -13.576958
v -123.541443 22.178762 32.777405
v -122.668243 24.581360 -0.812717
v -139.084320 31.011158 -9.446458
v -133.738388 28.453159 16.173203
v -144.003464 30.648956 -29.305799
v -144.567352 31.520159 7.123862
v -151.833740 29.453756 -43.602997
v -157.217987 29.628956 -19.695356
v -179.198044 9.621593 -77.869797
v -164.736237 23.811558 -27.063597
v -175.277451 3.638193 -78.614792
v -178.738647 9.938915 -60.268398
v -175.183640 14.497835 -58.154396
v -171.298050 14.156055 -34.284996
v -174.213242 2.716481 -54.696796
v -178.268448 9.140816 -44.050198
v -175.806839 11.891396 -43.710796
v -177.318039 8.681737 -21.438017
v -143.423523 27.562359 22.643204
v -170.672043 13.280598 -19.727497
v -155.128479 30.991360 -1.813578
v -163.610977 21.849758 -11.795997
v -162.624893 20.798584 99.238541
v -163.124222 25.965759 -2.281934
v -162.831665 20.042206 90.627998
v -168.725250 17.121759 3.517543
v -140.922989 23.566961 43.733803
v -146.297760 22.974964 67.720200
v -152.593246 22.255962 51.427402
v -156.812531 26.880161 29.980602
v -173.749649 11.522421 13.114483
v -178.182037 8.835199 -0.492596
v -173.866837 10.677662 23.700603
v -177.080048 8.450400 15.445285
v -162.010010 20.734762 38.292404
v -176.657639 9.487041 27.377804
v -158.269836 17.937384 64.443398
v -166.709045 14.036802 45.178604
v -172.477051 12.339483 54.315002
v -169.134247 16.064125 86.168396
v -169.342239 12.970245 75.831200
v -172.684647 10.979206 97.034798
v -180.262039 11.103344 52.277004
v -181.102844 11.795444 60.821400
v -175.131042 11.074745 83.629601
v -144.551361 3.077248 114.816002
v -165.537048 10.780188 112.808601
v -179.832047 9.428942 26.816803
v -169.507843 3.689387 109.372803
v -177.085846 9.070746 100.631996
v -174.247040 2.467416 -20.800535
v -178.103638 6.138000 13.596444
v -179.950836 2.580208 87.714996
v -182.089035 8.649945 89.082802
v -176.361237 1.760252 13.359445
v -180.264847 6.578980 27.073803
v -181.258240 1.882721 71.949799
v -181.293045 1.196047 53.164001
v -178.811035 1.094763 37.139202
v -184.899841 7.005063 55.185204
v -179.950836 2.580208 87.714996
v -181.258240 1.882721 71.949799
v -169.507843 3.689387 109.372803
v -161.573669 0.907476 89.394997
v -144.551361 3.077248 114.816002
v -136.979660 0.395790 93.400597
v -133.523788 0.000006 63.344807
v -110.343849 3.332387 99.884399
v -117.675247 0.635996 62.818005
v -181.293045 1.196047 53.164001
v -151.755280 0.261566 60.485806
v -105.755646 1.368668 62.252804
v -121.370445 1.134741 41.900002
v -141.259369 0.759884 41.006802
v -126.464706 1.822290 13.063144
v -178.811035 1.094763 37.139202
v -162.632736 0.381298 10.397084
v -108.180443 1.893841 21.686605
v -124.160843 0.709217 -20.184315
v -176.361237 1.760252 13.359445
v -174.247040 2.467416 -20.800535
v -145.775070 0.174885 -21.134556
v -145.216599 0.513626 -51.185196
v -107.316246 2.555185 -19.460194
v -107.252449 3.930535 -49.748798
v -106.932648 3.462494 -58.011997
v -118.602043 2.425648 -49.306198
v -129.840744 1.600574 -79.121391
v -174.213242 2.716481 -54.696796
v -107.675049 3.564294 -79.922195
v -144.761703 1.247718 -75.662994
v -111.889046 6.966230 -107.470795
v -137.570358 1.033133 -99.627396
v -175.277451 3.638193 -78.614792
v -134.377731 7.443110 -118.748596
v -173.521851 4.436792 -94.396393
v -149.290283 1.640209 -100.277794
v -165.752243 6.599670 -112.176994
vn -0.5836 0.7900 0.1877
vn -0.3939 0.8078 0.4385
vn -0.5213 0.7926 0.3162
vn -0.3920 0.8122 0.4320
vn -0.0214 0.8444 0.5352
vn -0.1270 0.8621 0.4906
vn 0.2181 0.8227 0.5251
vn -0.0160 0.6920 0.7217
vn -0.0045 -0.4621 0.8868
vn -0.0476 -0.3692 0.9281
vn -0.2123 -0.3396 0.9163
vn 0.3755 0.7469 0.5488
vn 0.2731 -0.5790 0.7682
vn 0.6746 -0.5372 0.5062
vn 0.4708 0.8407 0.2676
vn 0.5708 -0.4672 0.6752
vn 0.3334 0.8852 0.3246
vn 0.8336 -0.3159 0.4532
vn 0.4094 0.9096 0.0705
vn 0.3380 0.8729 0.3519
vn 0.6076 0.7881 0.0992
vn 0.0756 0.9664 0.2456
vn 0.4915 0.8522 0.1793
vn 0.4419 0.8969 -0.0154
vn 0.2561 0.9158 0.3093
vn 0.0547 0.9887 -0.1397
vn -0.0696 0.9804 0.1842
vn -0.3600 0.8616 -0.3577
vn -0.6013 0.7900 -0.1198
vn -0.5552 0.8009 -0.2244
vn -0.2981 0.9498 -0.0952
vn 0.5907 0.8068 -0.0067
vn 0.0786 0.9968 -0.0137
vn 0.5519 0.8338 0.0161
vn 0.4378 0.8987 0.0272
vn 0.4120 0.9099 0.0476
vn -0.0200 0.9985 0.0501
vn 0.8980 -0.4131 0.1516
vn 0.2148 0.9765 0.0156
vn 0.5094 0.8554 0.0937
vn 0.6131 0.7892 0.0360
vn 0.5768 0.8167 0.0149
vn 0.9301 -0.3671 0.0075
vn 0.8885 0.4587 0.0059
vn 0.8885 0.4588 0.0065
vn 0.9442 -0.3287 0.0193
vn 0.9471 -0.3177 -0.0450
vn 0.7148 0.6974 -0.0514
vn 0.5678 0.8209 -0.0608
vn 0.6616 0.7457 0.0789
vn 0.5595 0.8288 0.0093
vn -0.6353 0.7310 -0.2493
vn -0.5081 0.7746 -0.3766
vn -0.4119 0.9047 -0.1088
vn -0.3604 0.9156 -0.1782
vn -0.4314 0.8876 -0.1612
vn -0.6704 0.7408 -0.0410
vn -0.1862 0.9825 0.0037
vn -0.2212 0.9745 -0.0369
vn -0.1015 0.9946 -0.0229
vn -0.6083 0.7937 -0.0032
vn -0.1989 0.9800 -0.0048
vn -0.6588 0.7516 0.0325
vn -0.8373 0.5452 0.0412
vn -0.9117 0.4101 -0.0250
vn -0.5699 0.8097 -0.1396
vn -0.0973 0.9799 -0.1742
vn -0.6822 0.7240 -0.1018
vn -0.0772 0.9418 -0.3271
vn -0.1931 0.9427 -0.2722
vn -0.8558 -0.4084 -0.3174
vn -0.8599 -0.5066 -0.0619
vn -0.8383 -0.5404 -0.0717
vn -0.8515 -0.4531 -0.2639
vn -0.7568 -0.1560 -0.6348
vn -0.6960 0.0207 -0.7177
vn -0.0373 0.9413 -0.3356
vn -0.5112 0.2128 -0.8327
vn -0.0573 0.9024 -0.4270
vn 0.0983 0.8920 -0.4412
vn 0.3954 0.8766 -0.2743
vn 0.0898 0.9939 -0.0633
vn -0.1738 -0.4316 -0.8852
vn 0.1099 0.9453 -0.3071
vn 0.0084 0.9437 -0.3306
vn 0.2581 0.1087 -0.9600
vn 0.0587 0.2632 -0.9630
vn 0.1560 0.2495 -0.9557
vn 0.2751 0.9567 -0.0955
vn -0.0366 0.9975 -0.0611
vn 0.3542 0.0267 -0.9348
vn 0.4378 -0.1814 -0.8806
vn 0.1464 0.9871 -0.0650
vn 0.8705 0.2059 -0.4471
vn 0.7480 0.3879 -0.5385
vn 0.8705 0.2058 -0.4470
vn 0.7000 0.7005 -0.1389
vn 0.0611 0.9942 -0.0890
vn 0.6734 0.6963 -0.2486
vn 0.0581 0.9937 -0.0961
vn 0.4847 0.8669 -0.1162
vn 0.1348 0.9867 -0.0914
vn -0.6897 0.7219 0.0566
vn -0.3567 0.9313 -0.0740
vn 0.1944 0.9625 -0.1893
vn 0.0585 0.9762 -0.2089
vn 0.7331 0.6649 -0.1427
vn 0.4339 0.8871 -0.1576
vn 0.5615 0.8274 -0.0152
vn 0.6291 0.7739 -0.0728
vn 0.9438 0.0121 -0.3303
vn 0.9940 -0.1055 0.0290
vn 0.8589 0.2567 0.4432
vn 0.8090 -0.5679 -0.1517
vn 0.6721 -0.7321 -0.1109
vn 0.9940 -0.1054 0.0291
vn 0.7858 0.6177 0.0305
vn 0.6511 0.7587 -0.0215
vn 0.9507 -0.3022 -0.0694
vn 0.9981 -0.0613 -0.0042
vn 0.5648 0.8200 0.0929
vn 0.9968 -0.0796 0.0076
vn 0.9865 -0.1633 0.0092
vn 0.9541 -0.2955 -0.0493
vn 0.9822 -0.1864 0.0211
vn 0.9784 -0.2058 -0.0195
vn 0.9946 -0.1032 0.0125
vn 0.9908 -0.1347 0.0090
vn 0.5939 0.7990 0.0938
vn 0.5732 0.8179 -0.0497
vn 0.5778 0.8141 0.0582
vn 0.7389 0.6558 -0.1549
vn 0.6257 0.7724 -0.1088
vn 0.7780 0.6267 -0.0453
vn 0.7060 0.7079 0.0204
vn 0.6985 0.7111 -0.0801
vn 0.5104 0.8592 -0.0352
vn 0.1276 0.9917 -0.0146
vn 0.3340 0.9423 0.0234
vn 0.5095 0.8580 0.0646
vn -0.0127 0.9993 0.0357
vn 0.1923 0.9785 0.0749
vn 0.1746 0.9846 -0.0070
vn 0.0280 0.9767 0.2129
vn 0.2304 0.9617 0.1485
vn 0.0679 0.9950 0.0732
vn -0.3757 0.9257 -0.0425
vn -0.2694 0.9597 0.0805
vn -0.7108 0.7024 -0.0389
vn -0.7402 0.6720 -0.0235
vn -0.7911 0.6115 -0.0142
vn -0.8450 -0.5345 0.0160
vn -0.8498 -0.5271 0.0038
vn -0.7654 0.6407 0.0614
vn -0.8655 -0.5008 0.0075
vn -0.6570 0.7497 0.0795
vn -0.6521 0.7580 0.0152
vn -0.8944 -0.4466 -0.0234
vn -0.6350 0.7719 0.0312
vn -0.9270 -0.3745 -0.0208
vn -0.9938 -0.0566 -0.0960
vn -0.7994 0.6007 0.0057
vn -0.4597 0.8765 0.1428
vn -0.7519 0.6588 0.0249
vn -0.5758 0.8149 -0.0664
vn -0.3584 0.9297 -0.0854
vn -0.6762 0.7344 0.0583
vn -0.2822 0.9469 0.1543
vn -0.4402 0.8947 0.0765
vn -0.6159 0.7697 0.1682
vn -0.6182 0.7848 0.0436
vn -0.6320 0.7741 -0.0359
vn -0.4548 0.8896 0.0413
vn -0.2308 0.9708 -0.0657
vn -0.8999 0.4042 -0.1636
vn -0.0047 0.9971 -0.0764
vn -0.3421 0.9374 -0.0651
vn -0.2238 0.9746 -0.0103
vn -0.3852 0.9228 -0.0029
vn -0.3957 0.9175 0.0403
vn -0.3037 0.9476 0.0989
vn -0.9966 0.0455 -0.0689
vn -0.4670 0.8809 0.0764
vn -0.2089 -0.3292 0.9209
vn -0.7288 0.0785 0.6802
vn -0.8199 -0.2639 0.5081
vn -0.7977 -0.1984 0.5694
vn -0.9671 -0.2085 -0.1460
vn -0.7977 -0.1985 0.5694
vn -0.8199 -0.2639 0.5080
vn -0.8667 -0.4013 0.2961
vn -0.9112 -0.3653 0.1906
vn -0.9170 -0.3855 -0.1020
vn -0.9077 -0.4138 0.0697
vn -0.8759 -0.4664 -0.1236
vn -0.8567 -0.5129 -0.0548
vn -0.0604 -0.9962 0.0631
vn -0.0972 -0.9924 0.0752
vn -0.0885 -0.9951 0.0442
vn -0.0746 -0.9913 0.1084
vn -0.0493 -0.9987 0.0162
vn -0.0056 -0.9920 0.1260
vn -0.0201 -0.9998 -0.0036
vn 0.0197 -0.9979 0.0623
vn 0.0706 -0.9947 0.0746
vn 0.0300 -0.9996 -0.0003
vn 0.0092 -0.9997 -0.0207
vn 0.0512 -0.9986 0.0150
vn 0.0318 -0.9991 -0.0292
vn 0.0528 -0.9986 0.0035
vn -0.0393 -0.9992 -0.0116
vn 0.0373 -0.9993 -0.0057
vn 0.0212 -0.9998 0.0040
vn -0.0304 -0.9995 -0.0123
vn 0.0518 -0.9986 -0.0075
vn -0.0233 -0.9996 -0.0126
vn -0.0999 -0.9942 -0.0392
vn 0.1165 -0.9927 -0.0319
vn 0.0829 -0.9965 -0.0121
vn -0.0804 -0.9966 -0.0163
vn -0.0753 -0.9969 -0.0216
vn -0.0001 -0.9998 -0.0205
vn -0.0210 -0.9997 -0.0097
vn 0.1318 -0.9912 0.0082
vn 0.1084 -0.9937 0.0269
vn 0.1100 -0.9931 -0.0417
vn 0.0579 -0.9983 0.0058
vn 0.0576 -0.9900 -0.1285
vn -0.0942 -0.9950 -0.0337
vn 0.1545 -0.9626 -0.2224
vn -0.0828 -0.9846 -0.1539
vn 0.0178 -0.9480 -0.3177
vn -0.1438 -0.9816 -0.1259
vn -0.1011 -0.9602 -0.2603
vt 0.132324 0.663574
vt 0.110291 0.702637
vt 0.123169 0.709961
vt 0.073303 0.689941
vt 0.103149 0.776855
vt 0.061035 0.773926
vt 0.069336 0.827148
vt 0.043579 0.781738
vt 0.009743 0.780762
vt 0.064758 0.841797
vt 0.086792 0.933105
vt 0.116943 0.870605
vt 0.086060 0.887207
vt 0.103394 0.913086
vt 0.115540 0.826660
vt 0.152710 0.859863
vt 0.140381 0.789551
vt 0.145996 0.815430
vt 0.177979 0.829102
vt 0.140381 0.776367
vt 0.209717 0.784668
vt 0.143433 0.751953
vt 0.183838 0.750488
vt 0.146118 0.736328
vt 0.161011 0.705078
vt 0.249512 0.767578
vt 0.193726 0.877441
vt 0.278809 0.816406
vt 0.248657 0.851562
vt 0.240479 0.912109
vt 0.314697 0.835449
vt 0.347412 0.791016
vt 0.160889 0.931641
vt 0.392090 0.864258
vt 0.379395 0.878906
vt 0.244141 0.945312
vt 0.261475 0.975098
vt 0.242554 0.955078
vt 0.281982 0.955566
vt 0.407959 0.903320
vt 0.502930 0.890137
vt 0.434082 0.932129
vt 0.828613 0.774414
vt 0.804199 0.722656
vt 0.734863 0.714355
vt 0.794922 0.682617
vt 0.824219 0.723633
vt 0.880859 0.757812
vt 0.824219 0.677246
vt 0.881836 0.719238
vt 0.847168 0.701172
vt 0.823242 0.646973
vt 0.857422 0.670898
vt 0.744629 0.654785
vt 0.750488 0.635742
vt 0.809570 0.634277
vt 0.885742 0.644531
vt 0.902344 0.703613
vt 0.916992 0.721191
vt 0.932129 0.666016
vt 0.812500 0.618164
vt 0.881836 0.619629
vt 0.960938 0.668945
vt 0.963379 0.739258
vt 0.920410 0.786133
vt 0.874023 0.788086
vt 0.990234 0.807617
vt 0.955078 0.813965
vt 0.979004 0.809570
vt 0.923340 0.839844
vt 0.953125 0.861328
vt 0.948242 0.904297
vt 0.909668 0.905273
vt 0.886719 0.834473
vt 0.863281 0.849609
vt 0.839844 0.803223
vt 0.777344 0.789551
vt 0.659668 0.665527
vt 0.690430 0.749512
vt 0.738770 0.807617
vt 0.836914 0.850586
vt 0.778320 0.846680
vt 0.832031 0.909668
vt 0.862305 0.928223
vt 0.850098 0.941895
vt 0.765137 0.931152
vt 0.720703 0.869629
vt 0.850586 0.953125
vt 0.766113 0.950195
vt 0.724609 0.942383
vt 0.757324 0.958496
vt 0.724121 0.955566
vt 0.436035 0.962891
vt 0.601074 0.963867
vt 0.602051 0.930664
vt 0.505371 0.918945
vt 0.635742 0.915039
vt 0.577148 0.904785
vt 0.597168 0.904297
vt 0.655273 0.871094
vt 0.596191 0.869629
vt 0.643555 0.859375
vt 0.692383 0.840820
vt 0.672363 0.791504
vt 0.613281 0.847656
vt 0.527344 0.867676
vt 0.637695 0.780273
vt 0.578613 0.834961
vt 0.562012 0.801270
vt 0.432617 0.783691
vt 0.458740 0.822754
vt 0.494873 0.779297
vt 0.603516 0.727539
vt 0.531250 0.735840
vt 0.633789 0.696289
vt 0.533203 0.703125
vt 0.572266 0.700684
vt 0.731445 0.615234
vt 0.695312 0.634277
vt 0.693848 0.646973
vt 0.604492 0.671387
vt 0.608398 0.617188
vt 0.611816 0.644043
vt 0.469971 0.616211
vt 0.527344 0.640625
vt 0.403076 0.729004
vt 0.510742 0.679688
vt 0.175171 0.679199
vt 0.216919 0.673828
vt 0.472168 0.658691
vt 0.316650 0.745605
vt 0.264404 0.722168
vt 0.369141 0.706543
vt 0.427002 0.651367
vt 0.462891 0.645020
vt 0.339355 0.679199
vt 0.410645 0.637695
vt 0.411865 0.624512
vt 0.308594 0.626465
vt 0.301758 0.657715
vt 0.274658 0.626465
vt 0.183350 0.649902
vt 0.117859 0.647461
vt 0.296143 0.602051
vt 0.158936 0.620605
vt 0.071167 0.662598
vt 0.411133 0.611328
vt 0.157959 0.606445
vt 0.470459 0.599121
vt 0.226318 0.597656
vt 0.372070 0.594727
vt 0.305420 0.586426
vt 0.118103 0.487305
vt 0.124817 0.562012
vt 0.189087 0.567383
vt 0.036407 0.519531
vt 0.265869 0.567871
vt 0.014282 0.417480
vt 0.235962 0.447021
vt 0.101807 0.386719
vt 0.075195 0.277588
vt 0.224365 0.372559
vt 0.315430 0.404053
vt 0.226562 0.307861
vt 0.311768 0.322754
vt 0.228760 0.259033
vt 0.331055 0.557617
vt 0.394043 0.268799
vt 0.429199 0.343506
vt 0.440186 0.491455
vt 0.564941 0.334229
vt 0.568848 0.422607
vt 0.427979 0.547363
vt 0.562012 0.265381
vt 0.683594 0.311279
vt 0.567383 0.538574
vt 0.705566 0.538574
vt 0.691406 0.420410
vt 0.791016 0.418457
vt 0.685059 0.264893
vt 0.719238 0.263672
vt 0.808594 0.266602
vt 0.805176 0.357422
vt 0.888672 0.388916
vt 0.802734 0.542969
vt 0.920410 0.283691
vt 0.891602 0.436768
vt 0.966309 0.375488
vt 0.867188 0.535645
vt 0.939453 0.503906
s 1
usemtl body_bag
f 134/1/1 1/2/2 115/3/3
f 139/4/4 1/2/2 134/1/1
f 1/2/2 11/5/5 115/3/3
f 1/2/2 2/6/6 11/5/5
f 1/2/2 139/4/4 2/6/6
f 11/5/5 2/6/6 6/7/7
f 139/4/4 3/8/8 2/6/6
f 3/8/8 6/7/7 2/6/6
f 138/9/9 3/8/10 139/4/11
f 4/10/12 6/7/7 3/8/8
f 4/10/13 3/8/10 138/9/9
f 138/9/9 25/11/14 4/10/13
f 7/12/15 6/7/7 4/10/12
f 4/10/13 25/11/14 5/13/16
f 7/12/15 4/10/12 5/13/17
f 22/14/18 5/13/16 25/11/14
f 5/13/17 22/14/19 7/12/15
f 6/7/7 7/12/15 8/15/20
f 11/5/5 6/7/7 8/15/20
f 16/16/21 7/12/15 22/14/19
f 7/12/15 16/16/21 8/15/20
f 8/15/20 10/17/22 11/5/5
f 9/18/23 8/15/20 16/16/21
f 9/18/23 10/17/22 8/15/20
f 18/19/24 9/18/23 16/16/21
f 9/18/23 18/19/24 10/17/22
f 11/5/5 10/17/22 12/20/25
f 17/21/26 10/17/22 18/19/24
f 17/21/26 12/20/25 10/17/22
f 13/22/27 11/5/5 12/20/25
f 13/22/27 115/3/3 11/5/5
f 12/20/25 17/21/26 13/22/27
f 15/23/28 13/22/27 17/21/26
f 13/22/27 14/24/29 115/3/3
f 13/22/27 15/23/28 14/24/29
f 115/3/3 14/24/29 117/25/30
f 117/25/30 14/24/29 15/23/28
f 15/23/28 120/26/31 117/25/30
f 15/23/28 17/21/26 120/26/31
f 18/19/24 16/16/21 19/27/32
f 22/14/19 19/27/32 16/16/21
f 21/28/33 17/21/26 18/19/24
f 120/26/31 17/21/26 21/28/33
f 18/19/24 19/27/32 20/29/34
f 18/19/24 20/29/34 21/28/33
f 22/14/19 24/30/35 19/27/32
f 19/27/32 24/30/35 20/29/34
f 21/28/33 20/29/34 23/31/36
f 24/30/35 23/31/36 20/29/34
f 119/32/37 120/26/31 21/28/33
f 119/32/37 21/28/33 23/31/36
f 25/11/14 26/33/38 22/14/18
f 26/33/39 24/30/35 22/14/19
f 93/34/40 119/32/37 23/31/36
f 29/35/41 23/31/36 24/30/35
f 29/35/41 93/34/40 23/31/36
f 24/30/35 26/33/39 28/36/42
f 29/35/41 24/30/35 28/36/42
f 72/37/43 26/33/38 25/11/14
f 26/33/44 27/38/45 28/36/42
f 26/33/38 72/37/43 27/38/46
f 72/37/43 70/39/47 27/38/46
f 27/38/45 70/39/48 28/36/42
f 29/35/41 28/36/42 30/40/49
f 28/36/42 70/39/48 30/40/49
f 90/41/50 93/34/40 29/35/41
f 90/41/50 29/35/41 30/40/49
f 70/39/48 76/42/51 30/40/49
f 30/40/49 76/42/51 90/41/50
f 55/43/52 31/44/53 56/45/54
f 34/46/55 56/45/54 31/44/53
f 55/43/52 32/47/56 31/44/53
f 34/46/55 31/44/53 32/47/56
f 55/43/52 44/48/57 32/47/56
f 34/46/55 32/47/56 33/49/58
f 32/47/56 44/48/57 38/50/59
f 32/47/56 35/51/60 33/49/58
f 35/51/60 32/47/56 38/50/59
f 36/52/61 34/46/55 33/49/58
f 37/53/62 33/49/58 35/51/60
f 36/52/61 33/49/58 37/53/62
f 105/54/63 56/45/54 34/46/55
f 34/46/55 36/52/61 105/54/63
f 35/51/60 38/50/59 37/53/62
f 104/55/64 105/54/63 36/52/61
f 101/56/65 104/55/64 36/52/61
f 41/57/66 36/52/61 37/53/62
f 41/57/66 101/56/65 36/52/61
f 37/53/62 38/50/59 39/58/67
f 37/53/62 39/58/67 41/57/66
f 44/48/57 43/59/68 38/50/59
f 39/58/67 38/50/59 43/59/69
f 39/58/67 42/60/70 41/57/66
f 39/58/67 43/59/69 42/60/70
f 41/57/71 103/61/72 101/56/73
f 103/61/72 41/57/71 40/62/74
f 45/63/75 40/62/74 41/57/71
f 45/63/75 41/57/71 42/60/76
f 43/59/69 46/64/77 42/60/70
f 46/64/78 45/63/75 42/60/76
f 43/59/69 44/48/79 49/65/80
f 46/64/77 43/59/69 49/65/80
f 54/66/81 44/48/79 55/43/82
f 49/65/80 44/48/79 54/66/81
f 45/63/83 46/64/83 50/67/83
f 47/68/84 46/64/77 49/65/80
f 48/69/85 46/64/77 47/68/84
f 50/67/86 46/64/87 48/69/88
f 47/68/84 49/65/80 52/70/89
f 51/71/90 48/69/85 47/68/84
f 52/70/89 51/71/90 47/68/84
f 50/67/86 48/69/88 51/71/91
f 52/70/89 49/65/80 54/66/81
f 65/72/92 50/67/86 51/71/91
f 61/73/93 51/71/90 52/70/89
f 65/72/94 51/71/95 61/73/96
f 52/70/89 54/66/81 53/74/97
f 53/74/98 61/73/93 52/70/89
f 53/74/97 54/66/81 57/75/99
f 61/73/93 53/74/98 57/75/100
f 54/66/81 55/43/82 58/76/101
f 58/76/101 57/75/99 54/66/81
f 59/77/102 55/43/82 56/45/54
f 58/76/101 55/43/82 59/77/102
f 105/54/63 106/78/103 56/45/54
f 56/45/54 106/78/103 99/79/104
f 99/79/104 86/80/105 56/45/54
f 59/77/102 56/45/54 86/80/105
f 61/73/93 57/75/100 60/81/106
f 57/75/99 58/76/101 60/81/107
f 64/82/108 58/76/101 59/77/102
f 60/81/107 58/76/101 64/82/108
f 64/82/108 59/77/102 86/80/105
f 63/83/109 61/73/93 60/81/106
f 63/83/109 60/81/106 64/82/108
f 62/84/110 61/73/93 63/83/109
f 65/72/94 61/73/96 62/84/111
f 63/83/109 66/85/112 62/84/113
f 65/72/114 62/84/115 66/85/116
f 67/86/117 63/83/109 64/82/108
f 66/85/112 63/83/109 67/86/117
f 64/82/108 86/80/105 84/87/118
f 67/86/117 64/82/108 84/87/118
f 68/88/119 65/72/114 66/85/112
f 69/89/120 66/85/112 67/86/117
f 66/85/112 69/89/120 68/88/119
f 84/87/118 77/90/121 67/86/117
f 67/86/117 77/90/122 69/89/120
f 71/91/123 68/88/119 69/89/120
f 69/89/120 77/90/122 71/91/123
f 72/37/43 76/42/124 70/39/47
f 73/92/125 71/91/123 77/90/122
f 76/42/124 72/37/43 74/93/126
f 73/92/125 77/90/122 75/94/127
f 74/93/126 78/95/128 76/42/124
f 75/94/127 78/95/128 74/93/126
f 78/95/128 75/94/127 77/90/122
f 81/96/129 90/41/50 76/42/51
f 78/95/130 81/96/129 76/42/51
f 77/90/121 79/97/131 78/95/130
f 84/87/118 79/97/131 77/90/121
f 78/95/130 83/98/132 81/96/129
f 80/99/133 78/95/130 79/97/131
f 80/99/133 83/98/132 78/95/130
f 84/87/118 82/100/134 79/97/131
f 80/99/133 79/97/131 82/100/134
f 80/99/133 82/100/134 83/98/132
f 88/101/135 90/41/50 81/96/129
f 81/96/129 83/98/132 88/101/135
f 83/98/132 82/100/134 87/102/136
f 82/100/134 84/87/118 87/102/136
f 87/102/136 88/101/135 83/98/132
f 84/87/118 86/80/105 85/103/137
f 85/103/137 87/102/136 84/87/118
f 85/103/137 86/80/105 89/104/138
f 87/102/136 85/103/137 89/104/138
f 89/104/138 86/80/105 99/79/104
f 87/102/136 91/105/139 88/101/135
f 87/102/136 89/104/138 91/105/139
f 90/41/50 88/101/135 94/106/140
f 88/101/135 91/105/139 94/106/140
f 97/107/141 89/104/138 99/79/104
f 91/105/139 89/104/138 97/107/141
f 93/34/40 90/41/50 94/106/140
f 91/105/139 97/107/141 92/108/142
f 92/108/142 94/106/140 91/105/139
f 92/108/142 97/107/141 95/109/143
f 94/106/140 92/108/142 95/109/143
f 93/34/40 111/110/144 119/32/37
f 93/34/40 94/106/140 96/111/145
f 93/34/40 96/111/145 111/110/144
f 98/112/146 94/106/140 95/109/143
f 98/112/146 96/111/145 94/106/140
f 95/109/143 97/107/141 100/113/147
f 98/112/146 95/109/143 100/113/147
f 96/111/145 98/112/146 111/110/144
f 97/107/141 99/79/104 100/113/147
f 111/110/144 98/112/146 113/114/148
f 113/114/148 98/112/146 100/113/147
f 100/113/147 99/79/104 102/115/149
f 99/79/104 106/78/103 102/115/149
f 113/114/148 100/113/147 116/116/150
f 100/113/147 114/117/151 116/116/150
f 100/113/147 102/115/149 114/117/151
f 101/56/73 103/61/72 104/55/152
f 114/117/151 102/115/149 106/78/103
f 104/55/152 103/61/72 107/118/153
f 105/54/63 104/55/64 108/119/154
f 108/119/155 104/55/152 107/118/153
f 106/78/103 105/54/63 109/120/156
f 108/119/154 109/120/156 105/54/63
f 114/117/151 106/78/103 112/121/157
f 109/120/156 112/121/157 106/78/103
f 143/122/158 108/119/155 107/118/153
f 109/120/156 108/119/154 110/123/159
f 110/123/160 108/119/155 143/122/158
f 112/121/157 109/120/156 110/123/159
f 110/123/160 143/122/158 144/124/161
f 124/125/162 110/123/160 144/124/161
f 112/121/157 110/123/159 124/125/162
f 122/126/163 119/32/37 111/110/144
f 113/114/148 122/126/163 111/110/144
f 112/121/157 124/125/162 114/117/151
f 122/126/163 113/114/148 116/116/150
f 114/117/151 124/125/162 118/127/164
f 116/116/150 114/117/151 118/127/164
f 132/128/165 134/1/1 115/3/3
f 117/25/30 132/128/165 115/3/3
f 118/127/164 122/126/163 116/116/150
f 117/25/30 133/129/166 132/128/165
f 133/129/166 117/25/30 120/26/31
f 118/127/164 124/125/162 123/130/167
f 122/126/163 118/127/164 123/130/167
f 120/26/31 119/32/37 121/131/168
f 119/32/37 122/126/163 121/131/168
f 120/26/31 129/132/169 133/129/166
f 120/26/31 121/131/168 129/132/169
f 121/131/168 122/126/163 127/133/170
f 129/132/169 121/131/168 127/133/170
f 122/126/163 123/130/167 125/134/171
f 127/133/170 122/126/163 125/134/171
f 123/130/167 124/125/162 126/135/172
f 123/130/167 126/135/172 125/134/171
f 144/124/161 126/135/172 124/125/162
f 125/134/171 130/136/173 127/133/170
f 125/134/171 126/135/172 128/137/174
f 125/134/171 128/137/174 130/136/173
f 144/124/161 140/138/175 126/135/172
f 128/137/174 126/135/172 140/138/176
f 129/132/169 127/133/170 130/136/173
f 128/137/174 140/138/176 135/139/177
f 128/137/174 135/139/177 130/136/173
f 131/140/178 129/132/169 130/136/173
f 129/132/169 131/140/178 133/129/166
f 130/136/173 135/139/177 131/140/178
f 133/129/166 131/140/178 136/141/179
f 135/139/177 136/141/179 131/140/178
f 133/129/166 137/142/180 132/128/165
f 134/1/1 132/128/165 137/142/180
f 137/142/180 133/129/166 136/141/179
f 134/1/1 142/143/181 139/4/4
f 137/142/180 142/143/181 134/1/1
f 136/141/179 135/139/177 152/144/182
f 140/138/175 152/144/182 135/139/177
f 137/142/180 136/141/179 146/145/183
f 152/144/182 146/145/183 136/141/179
f 137/142/180 146/145/183 142/143/181
f 138/9/9 139/4/11 141/146/184
f 139/4/185 142/143/186 141/146/187
f 152/144/182 140/138/175 148/147/188
f 140/138/175 144/124/161 148/147/188
f 141/146/189 142/143/190 145/148/191
f 145/148/191 142/143/190 146/145/192
f 144/124/161 143/122/158 147/149/193
f 147/149/193 148/147/188 144/124/161
f 145/148/191 146/145/192 149/150/194
f 146/145/192 152/144/182 149/150/194
f 148/147/188 147/149/193 151/151/195
f 148/147/188 151/151/195 152/144/182
f 152/144/182 150/152/196 149/150/194
f 152/144/182 151/151/195 150/152/196
f 156/153/197 153/154/198 154/155/199
f 155/156/200 153/154/198 156/153/197
f 154/155/199 162/157/201 156/153/197
f 155/156/200 156/153/197 157/158/202
f 163/159/203 156/153/197 162/157/201
f 158/160/204 157/158/202 156/153/197
f 156/153/197 163/159/203 158/160/204
f 157/158/202 158/160/204 160/161/205
f 159/162/206 158/160/204 163/159/203
f 160/161/205 158/160/204 159/162/206
f 159/162/206 163/159/203 166/163/207
f 160/161/205 159/162/206 161/164/208
f 161/164/208 159/162/206 165/165/209
f 166/163/207 165/165/209 159/162/206
f 160/161/205 161/164/208 164/166/210
f 164/166/210 161/164/208 165/165/209
f 162/157/201 168/167/211 163/159/203
f 163/159/203 168/167/211 166/163/207
f 164/166/210 165/165/209 170/168/212
f 165/165/209 166/163/207 167/169/213
f 170/168/212 165/165/209 167/169/213
f 167/169/213 166/163/207 169/170/214
f 166/163/207 168/167/211 169/170/214
f 170/168/212 167/169/213 171/171/215
f 167/169/213 169/170/214 174/172/216
f 174/172/216 171/171/215 167/169/213
f 169/170/214 168/167/211 172/173/217
f 174/172/216 169/170/214 172/173/217
f 176/174/218 170/168/212 171/171/215
f 174/172/216 179/175/219 171/171/215
f 176/174/218 171/171/215 179/175/219
f 173/176/220 174/172/216 172/173/217
f 174/172/216 173/176/220 181/177/221
f 174/172/216 175/178/222 179/175/219
f 174/172/216 181/177/221 175/178/222
f 183/179/223 179/175/219 175/178/222
f 183/179/223 175/178/222 181/177/221
f 177/180/224 176/174/218 179/175/219
f 179/175/219 178/181/225 177/180/224
f 179/175/219 182/182/226 178/181/225
f 179/175/219 183/179/223 180/183/227
f 179/175/219 180/183/227 182/182/226
f 183/179/223 185/184/228 180/183/227
f 185/184/228 182/182/226 180/183/227
f 186/185/229 183/179/223 181/177/221
f 184/186/230 182/182/226 185/184/228
f 185/184/228 183/179/223 189/187/231
f 183/179/223 186/185/229 189/187/231
f 184/186/230 185/184/228 187/188/232
f 189/187/231 187/188/232 185/184/228
f 186/185/229 188/189/233 189/187/231
f 187/188/232 189/187/231 190/190/234
f 190/190/234 189/187/231 188/189/233
o Surgical_table
v 4.000000 6.465889 35.500000
v 4.000000 6.465885 -35.499996
v 3.695518 4.935154 35.500000
v 3.695518 4.935150 -35.499996
v 2.828427 3.637463 35.500000
v 2.828427 3.637459 -35.499996
v 1.530734 2.770370 35.500000
v 1.530734 2.770367 -35.499996
v 0.000000 2.465889 35.500000
v 0.000000 2.465885 -35.499996
v -1.530734 2.770370 35.500000
v -1.530734 2.770367 -35.499996
v -2.828427 3.637463 35.500000
v -2.828427 3.637459 -35.499996
v -3.695518 4.935154 35.500000
v -3.695518 4.935150 -35.499996
v -4.000000 6.465889 35.500000
v -4.000000 6.465885 -35.499996
v -3.695518 7.996620 35.500000
v -3.695518 7.996616 -35.499996
v -2.828427 9.294315 35.500000
v -2.828427 9.294312 -35.499996
v -1.530734 10.161407 35.500000
v -1.530734 10.161404 -35.499996
v 0.000000 10.465889 35.500000
v 0.000000 10.465885 -35.499996
v 1.530734 10.161407 35.500000
v 1.530734 10.161404 -35.499996
v 2.828427 9.294315 35.500000
v 2.828427 9.294312 -35.499996
v 3.695518 7.996620 35.500000
v 3.695518 7.996616 -35.499996
v -2.828427 3.637459 -21.979443
v -1.530734 2.770367 -21.979443
v 0.000000 2.465885 -21.979443
v 1.530734 2.770367 -21.979443
v 2.828427 3.637459 -21.979443
v 3.695518 4.935150 -21.979443
v 4.000000 6.465885 -21.979443
v 3.695518 7.996616 -21.979443
v 2.828427 9.294312 -21.979443
v 1.530734 10.161404 -21.979443
v 0.000000 10.465885 -21.979443
v -1.530734 10.161404 -21.979443
v -2.828427 9.294312 -21.979443
v -3.695518 7.996616 -21.979443
v -4.000000 6.465885 -21.979443
v -3.695518 4.935150 -21.979443
v -2.828427 3.637463 22.037209
v -3.695518 4.935154 22.037209
v -4.000000 6.465889 22.037209
v -3.695518 7.996620 22.037209
v -2.828427 9.294315 22.037209
v -1.530734 10.161407 22.037209
v 0.000000 10.465889 22.037209
v 1.530734 10.161407 22.037209
v 2.828427 9.294315 22.037209
v 3.695518 7.996620 22.037209
v 4.000000 6.465889 22.037209
v 3.695518 4.935154 22.037209
v 2.828427 3.637463 22.037209
v 1.530734 2.770370 22.037209
v 0.000000 2.465889 22.037209
v -1.530734 2.770370 22.037209
v -1.735563 2.275867 21.978447
v -1.804344 2.109818 21.802166
v -1.804344 2.109814 -21.744402
v -1.735563 2.275864 -21.920683
v 0.000000 1.930645 21.978447
v 0.000000 1.750912 21.802166
v 0.000000 1.750908 -21.744402
v 0.000000 1.930641 -21.920683
v 1.735563 2.275867 21.978447
v 1.804344 2.109818 21.802166
v 1.804344 2.109814 -21.744402
v 1.735563 2.275864 -21.920683
v 3.206902 3.258987 21.978447
v 3.333993 3.131897 21.802166
v 3.333993 3.131893 -21.744402
v 3.206902 3.258984 -21.920683
v 4.190019 4.730324 21.978447
v 4.356072 4.661545 21.802166
v 4.356072 4.661541 -21.744402
v 4.190019 4.730320 -21.920683
v 4.535244 6.465889 21.978447
v 4.714978 6.465889 21.802166
v 4.714978 6.465885 -21.744402
v 4.535244 6.465885 -21.920683
v 4.190019 8.201450 21.978447
v 4.356072 8.270233 21.802166
v 4.356072 8.270229 -21.744402
v 4.190019 8.201447 -21.920683
v 3.206902 9.672791 21.978447
v 3.333993 9.799881 21.802166
v 3.333993 9.799877 -21.744402
v 3.206902 9.672787 -21.920683
v -3.376357 3.089527 -21.519444
v -3.044715 3.421169 -21.979443
v -1.827271 2.054462 -21.519444
v -1.647788 2.487774 -21.979443
v 0.000000 1.690994 -21.519444
v 0.000000 2.160007 -21.979443
v 1.827271 2.054462 -21.519444
v 1.647788 2.487774 -21.979443
v 3.376357 3.089527 -21.519444
v 3.044715 3.421169 -21.979443
v 4.411423 4.638615 -21.519444
v 3.978112 4.818096 -21.979443
v 4.774889 6.465885 -21.519444
v 4.305878 6.465885 -21.979443
v 4.411423 8.293156 -21.519444
v 3.978112 8.113670 -21.979443
v 3.376357 9.842239 -21.519444
v 3.044715 9.510601 -21.979443
v 1.827271 10.877308 -21.519444
v 1.647788 10.443996 -21.979443
v 0.000000 11.240772 -21.519444
v 0.000000 10.771763 -21.979443
v -1.827271 10.877308 -21.519444
v -1.647788 10.443996 -21.979443
v -3.376357 9.842239 -21.519444
v -3.044715 9.510601 -21.979443
v -4.411422 8.293156 -21.519444
v -3.978112 8.113670 -21.979443
v -4.774889 6.465885 -21.519444
v -4.305877 6.465885 -21.979443
v -4.411422 4.638615 -21.519444
v -3.978112 4.818096 -21.979443
v -3.376357 3.089531 21.577209
v -3.044715 3.421173 22.037209
v -4.411422 4.638618 21.577209
v -3.978112 4.818100 22.037209
v -4.774889 6.465889 21.577209
v -4.305877 6.465889 22.037209
v -4.411422 8.293159 21.577209
v -3.978112 8.113674 22.037209
v -3.376357 9.842243 21.577209
v -3.044715 9.510605 22.037209
v -1.827271 10.877312 21.577209
v -1.647788 10.444000 22.037209
v 0.000000 11.240776 21.577209
v 0.000000 10.771767 22.037209
v 1.827271 10.877312 21.577209
v 1.647788 10.444000 22.037209
v 3.376357 9.842243 21.577209
v 3.044715 9.510605 22.037209
v 4.411423 8.293159 21.577209
v 3.978112 8.113674 22.037209
v 4.774889 6.465889 21.577209
v 4.305878 6.465889 22.037209
v 4.411423 4.638618 21.577209
v 3.978112 4.818100 22.037209
v 3.376357 3.089531 21.577209
v 3.044715 3.421173 22.037209
v 1.827271 2.054466 21.577209
v 1.647788 2.487778 22.037209
v 0.000000 1.690998 21.577209
v 0.000000 2.160011 22.037209
v -1.827271 2.054466 21.577209
v -1.647788 2.487778 22.037209
v -3.333993 3.131893 -21.744402
v -3.206902 3.258984 -21.920683
v -4.190019 4.730320 -21.920683
v -4.356071 4.661541 -21.744402
v -4.356071 4.661545 21.802166
v -4.190019 4.730324 21.978447
v -3.206902 3.258987 21.978447
v -3.333993 3.131897 21.802166
v -4.535244 6.465885 -21.920683
v -4.714978 6.465885 -21.744402
v -4.714978 6.465889 21.802166
v -4.535244 6.465889 21.978447
v -4.190019 8.201447 -21.920683
v -4.356071 8.270229 -21.744402
v -4.356071 8.270233 21.802166
v -4.190019 8.201450 21.978447
v -3.206902 9.672787 -21.920683
v -3.333993 9.799877 -21.744402
v -3.333993 9.799881 21.802166
v -3.206902 9.672791 21.978447
v -1.735563 10.655903 -21.920683
v -1.804344 10.821957 -21.744402
v -1.804344 10.821960 21.802166
v -1.735563 10.655907 21.978447
v 0.000000 11.001129 -21.920683
v 0.000000 11.180862 -21.744402
v 0.000000 11.180866 21.802166
v 0.000000 11.001133 21.978447
v 1.735563 10.655903 -21.920683
v 1.804344 10.821957 -21.744402
v 1.804344 10.821960 21.802166
v 1.735563 10.655907 21.978447
v 9.117414 32.347092 0.000000
v 12.069895 32.347092 12.069897
v 17.069410 32.347092 0.000000
v 6.446984 32.347092 -6.446980
v 17.069410 43.986874 0.000000
v 12.069895 43.986874 12.069897
v 9.117414 43.986874 0.000000
v 12.069891 43.986874 -12.069891
v 6.446984 43.986874 -6.446980
v 12.069891 32.347092 -12.069889
v 0.000000 32.347092 -9.117409
v 0.000000 43.986874 -17.069408
v 0.000000 43.986874 -9.117411
v 0.000000 32.347092 -17.069407
v 6.446986 43.986874 6.446987
v 6.446986 32.347092 6.446987
v 0.000000 32.347092 17.069408
v 0.000000 43.986874 9.117416
v 0.000000 43.986874 17.069408
v 0.000000 32.347092 9.117416
v -12.069892 32.347092 12.069893
v -6.446981 43.986874 6.446983
v -12.069892 43.986874 12.069893
v -6.446981 32.347092 6.446983
v -17.069407 32.347092 0.000000
v -9.117412 43.986874 0.000000
v -17.069407 43.986874 0.000000
v -9.117412 32.347092 0.000000
v -12.069892 32.347092 -12.069889
v -6.446981 43.986874 -6.446980
v -12.069892 43.986874 -12.069891
v -6.446981 32.347092 -6.446980
v 12.567384 33.647091 10.868851
v 16.571922 33.647091 1.201042
v 16.571922 42.686874 1.201042
v 12.567384 42.686874 10.868851
v 10.868852 33.647091 12.567383
v 10.868852 42.686874 12.567383
v 1.201043 33.647091 16.571922
v 1.201043 42.686874 16.571922
v 16.571922 33.647091 -1.201042
v 16.571922 42.686874 -1.201042
v 12.567380 42.686874 -10.868849
v 12.567380 33.647087 -10.868847
v -1.201043 33.647091 16.571922
v -1.201043 42.686874 16.571922
v -10.868849 33.647091 12.567383
v -10.868849 42.686874 12.567383
v 10.868848 42.686874 -12.567381
v 10.868848 33.647087 -12.567379
v 1.201043 42.686874 -16.571918
v 1.201043 33.647087 -16.571917
v -12.567381 33.647091 10.868847
v -12.567381 42.686874 10.868847
v -16.571918 33.647091 1.201042
v -16.571918 42.686874 1.201042
v -1.201043 42.686874 -16.571918
v -1.201043 33.647087 -16.571917
v -10.868849 33.647087 -12.567379
v -10.868849 42.686874 -12.567381
v -16.571918 33.647091 -1.201042
v -16.571918 42.686874 -1.201042
v -12.567381 33.647087 -10.868847
v -12.567381 42.686874 -10.868849
v 12.146156 34.707092 9.547039
v 15.339404 34.707092 1.837856
v 15.339404 41.626873 1.837856
v 12.146156 41.626877 9.547039
v 9.547038 34.707092 12.146156
v 9.547038 41.626877 12.146156
v 1.837854 34.707092 15.339405
v 1.837854 41.626877 15.339405
v 15.339404 34.707092 -1.837852
v 15.339404 41.626873 -1.837852
v 12.146153 41.626873 -9.547033
v 12.146153 34.707088 -9.547031
v -1.837853 34.707092 15.339405
v -1.837853 41.626877 15.339405
v -9.547034 34.707092 12.146152
v -9.547034 41.626877 12.146152
v 9.547034 41.626873 -12.146152
v 9.547034 34.707088 -12.146151
v 1.837854 41.626873 -15.339401
v 1.837854 34.707088 -15.339399
v -12.146153 34.707092 9.547035
v -12.146153 41.626877 9.547035
v -15.339403 34.707092 1.837852
v -15.339403 41.626873 1.837852
v -1.837854 41.626873 -15.339401
v -1.837854 34.707088 -15.339399
v -9.547034 34.707088 -12.146151
v -9.547034 41.626873 -12.146152
v -15.339403 34.707092 -1.837852
v -15.339403 41.626873 -1.837852
v -12.146153 34.707088 -9.547031
v -12.146153 41.626873 -9.547033
v -3.032652 80.598167 -85.777946
v -3.032652 76.276512 -85.777946
v -3.032650 80.598167 -89.825989
v -3.032650 76.276512 -89.825989
v 0.473075 80.598167 -91.850037
v 3.978801 80.598167 -89.825989
v 3.978801 80.598167 -85.777946
v 3.978801 76.276512 -85.777946
v 0.473075 80.598167 -83.753899
v 0.473075 76.276512 -83.753899
v 0.473075 76.276512 -91.850037
v 3.978801 76.276512 -89.825989
v -15.642189 3.342041 15.146175
v -15.146173 3.342041 15.642189
v -0.350736 3.342041 21.770672
v 0.350736 3.342041 21.770672
v -21.770666 3.342041 -0.350731
v -21.770666 3.342041 0.350739
v -15.146173 3.342037 -15.642183
v -15.642189 3.342037 -15.146168
v 14.953638 81.066200 -0.350620
v 14.953638 81.066200 0.350613
v 10.325891 81.066200 -10.821741
v 10.821740 81.066200 -10.325893
v 0.350736 3.342037 -21.770662
v -0.350736 3.342037 -21.770662
v -0.350618 81.066200 -14.953638
v 0.350618 81.066200 -14.953638
v -10.821741 81.066200 -10.325893
v -10.325892 81.066200 -10.821741
v 15.642185 3.342037 -15.146168
v 15.146170 3.342037 -15.642185
v -14.953637 81.066200 0.350613
v -14.953637 81.066200 -0.350620
v -10.325892 81.066200 10.821735
v -10.821741 81.066200 10.325890
v 15.146176 3.342041 15.642193
v 15.642192 3.342041 15.146179
v 21.770670 3.342041 0.350739
v 21.770670 3.342041 -0.350731
v 0.350618 81.066200 14.953636
v -0.350618 81.066200 14.953636
v 10.821744 81.066200 10.325893
v 10.325895 81.066200 10.821739
v -1.016267 81.066200 14.774734
v 1.016268 81.066200 14.774734
v 11.165927 20.617764 9.728714
v 9.728708 20.617764 11.165932
v 10.268472 18.720913 11.763142
v 11.763136 18.720913 10.268475
v 9.728708 81.066200 11.165924
v 11.165927 81.066200 9.728706
v -11.165924 81.066200 9.728703
v -9.728705 81.066200 11.165920
v -10.268466 18.720913 11.763134
v -9.728703 20.617764 11.165928
v -11.165922 20.617764 9.728706
v -11.763131 18.720913 10.268471
v -14.774736 81.066200 -1.016270
v -14.774736 81.066200 1.016262
v -9.728704 81.066200 -11.165926
v -11.165924 81.066200 -9.728706
v 1.016267 81.066200 -14.774738
v -1.016267 81.066200 -14.774738
v 11.165922 20.617762 -9.728701
v 11.763130 18.720911 -10.268463
v 10.268466 18.720911 -11.763128
v 9.728703 20.617762 -11.165920
v 11.165924 81.066200 -9.728706
v 9.728704 81.066200 -11.165926
v 14.774737 20.617764 1.016273
v 15.578698 18.720913 1.056892
v 15.578697 18.720913 -1.056885
v 14.774737 20.617764 -1.016262
v 14.774737 81.066200 1.016266
v 14.774737 81.066200 -1.016270
v 1.056887 18.720913 15.578701
v 1.016268 20.617764 14.774742
v -1.016267 20.617764 14.774742
v -1.056887 18.720913 15.578701
v 14.109424 12.477348 15.547131
v 15.547128 12.477348 14.109428
v 14.930627 14.372032 13.435966
v 13.435963 14.372032 14.930630
v 1.016610 12.477348 20.970352
v 1.056887 14.372032 20.058212
v -1.056887 14.372032 20.058212
v -1.016610 12.477348 20.970352
v 15.986492 3.342041 14.548790
v 14.548787 3.342041 15.986496
v 1.016610 3.342041 21.591709
v -1.016610 3.342041 21.591709
v -14.109419 12.477348 15.547127
v -13.435958 14.372032 14.930626
v -14.930622 14.372032 13.435963
v -15.547123 12.477348 14.109421
v -15.578696 18.720913 1.056892
v -14.774736 20.617764 1.016270
v -14.774736 20.617764 -1.016262
v -15.578696 18.720913 -1.056885
v -14.548784 3.342041 15.986488
v -15.986489 3.342041 14.548786
v -20.058208 14.372032 -1.056885
v -20.970348 12.477348 -1.016605
v -20.970348 12.477348 1.016613
v -20.058208 14.372032 1.056892
v -11.763131 18.720911 -10.268463
v -11.165922 20.617762 -9.728701
v -9.728703 20.617762 -11.165920
v -10.268466 18.720911 -11.763128
v -21.591705 3.342041 1.016613
v -21.591705 3.342041 -1.016605
v -13.435958 14.372028 -14.930620
v -14.109419 12.477345 -15.547121
v -15.547123 12.477348 -14.109415
v -14.930622 14.372032 -13.435955
v -1.056887 18.720911 -15.578693
v -1.016267 20.617762 -14.774733
v 1.016267 20.617762 -14.774733
v 1.056887 18.720911 -15.578693
v -15.986489 3.342041 -14.548780
v -14.548784 3.342037 -15.986485
v 1.056887 14.372028 -20.058207
v 1.016610 12.477345 -20.970346
v -1.016610 12.477345 -20.970346
v -1.056887 14.372028 -20.058207
v -1.016610 3.342037 -21.591702
v 1.016610 3.342037 -21.591702
v 14.930622 14.372032 -13.435955
v 15.547122 12.477348 -14.109415
v 14.109418 12.477345 -15.547121
v 13.435957 14.372028 -14.930620
v 14.548780 3.342037 -15.986485
v 15.986485 3.342041 -14.548780
v 20.058210 14.372032 1.056892
v 20.970350 12.477348 1.016613
v 20.970350 12.477348 -1.016605
v 20.058208 14.372032 -1.056885
v 21.591707 3.342041 -1.016605
v 21.591709 3.342041 1.016613
v 11.395325 18.734003 10.881836
v 10.881831 18.734003 11.395329
v 9.977115 19.277601 11.440777
v 9.790810 19.932318 11.234642
v 10.325895 20.617764 10.821747
v 10.821744 20.617764 10.325901
v 11.234638 19.932318 9.790813
v 11.440770 19.277601 9.977119
v -11.440766 19.277601 9.977112
v -11.234633 19.932318 9.790810
v -10.821739 20.617764 10.325893
v -10.325891 20.617764 10.821743
v -9.790805 19.932318 11.234638
v -9.977110 19.277601 11.440769
v -10.881826 18.734003 11.395325
v -11.395320 18.734003 10.881832
v 9.790804 19.932316 -11.234631
v 9.977109 19.277599 -11.440763
v 10.881825 18.734001 -11.395317
v 11.395319 18.734001 -10.881824
v 11.440765 19.277599 -9.977106
v 11.234632 19.932316 -9.790802
v 10.821738 20.617762 -10.325888
v 10.325890 20.617762 -10.821735
v 14.867235 19.932318 -1.020935
v 15.144731 19.277601 -1.034958
v 15.752327 18.734003 -0.363091
v 15.752328 18.734003 0.363098
v 15.144732 19.277601 1.034966
v 14.867236 19.932318 1.020947
v 14.953638 20.617764 0.350620
v 14.953638 20.617764 -0.350613
v -1.034961 19.277601 15.144733
v -1.020941 19.932318 14.867241
v -0.350618 20.617764 14.953644
v 0.350618 20.617764 14.953644
v 1.020941 19.932318 14.867241
v 1.034961 19.277601 15.144737
v 0.363095 18.734003 15.752331
v -0.363095 18.734003 15.752331
v 14.064372 14.359100 14.582489
v 14.582484 14.359100 14.064377
v 15.241945 13.814621 13.778343
v 15.453875 13.163300 14.009853
v 15.202820 12.477505 14.706810
v 14.706806 12.477505 15.202824
v 14.009851 13.163300 15.453880
v 13.778340 13.814621 15.241951
v -1.021079 13.163300 20.834003
v -1.034925 13.814621 20.520447
v -0.366360 14.359100 20.256393
v 0.366361 14.359100 20.256393
v 1.034925 13.814621 20.520447
v 1.021079 13.163300 20.834003
v 0.350735 12.477505 21.149303
v -0.350735 12.477505 21.149303
v -15.453870 13.163300 14.009850
v -15.241940 13.814621 13.778339
v -14.582479 14.359100 14.064373
v -14.064367 14.359100 14.582481
v -13.778336 13.814621 15.241943
v -14.009846 13.163300 15.453873
v -14.706801 12.477505 15.202820
v -15.202815 12.477505 14.706806
v -15.144730 19.277601 -1.034958
v -14.867234 19.932318 -1.020935
v -14.953637 20.617764 -0.350613
v -14.953637 20.617764 0.350620
v -14.867234 19.932318 1.020947
v -15.144730 19.277601 1.034966
v -15.752326 18.734003 0.363098
v -15.752326 18.734003 -0.363091
v -20.520441 13.814621 1.034927
v -20.834000 13.163300 1.021084
v -21.149300 12.477505 0.350739
v -21.149300 12.477505 -0.350731
v -20.834000 13.163300 -1.021076
v -20.520441 13.814621 -1.034920
v -20.256386 14.359100 -0.366356
v -20.256386 14.359100 0.366364
v -9.977109 19.277599 -11.440763
v -9.790805 19.932316 -11.234631
v -10.325891 20.617762 -10.821735
v -10.821739 20.617762 -10.325888
v -11.234633 19.932316 -9.790802
v -11.440766 19.277599 -9.977106
v -11.395320 18.734001 -10.881824
v -10.881826 18.734001 -11.395317
v -15.241940 13.814621 -13.778334
v -15.453870 13.163300 -14.009844
v -15.202815 12.477505 -14.706799
v -14.706801 12.477501 -15.202812
v -14.009846 13.163296 -15.453867
v -13.778336 13.814617 -15.241938
v -14.064367 14.359100 -14.582478
v -14.582479 14.359100 -14.064365
v 1.034961 19.277599 -15.144728
v 1.020941 19.932316 -14.867231
v 0.350618 20.617762 -14.953634
v -0.350618 20.617762 -14.953634
v -1.020941 19.932316 -14.867231
v -1.034961 19.277599 -15.144728
v -0.363095 18.734001 -15.752323
v 0.363095 18.734001 -15.752323
v -1.034925 13.814617 -20.520439
v -1.021079 13.163296 -20.833998
v -0.350735 12.477501 -21.149298
v 0.350735 12.477501 -21.149298
v 1.021079 13.163296 -20.833998
v 1.034925 13.814617 -20.520439
v 0.366361 14.359097 -20.256386
v -0.366361 14.359097 -20.256386
v 13.778335 13.814617 -15.241938
v 14.009845 13.163296 -15.453867
v 14.706800 12.477501 -15.202812
v 15.202814 12.477505 -14.706799
v 15.453869 13.163300 -14.009844
v 15.241940 13.814621 -13.778334
v 14.582479 14.359100 -14.064365
v 14.064366 14.359100 -14.582478
v 20.520441 13.814621 -1.034920
v 20.834002 13.163300 -1.021076
v 21.149302 12.477505 -0.350731
v 21.149302 12.477505 0.350739
v 20.834002 13.163300 1.021084
v 20.520443 13.814621 1.034927
v 20.256388 14.359100 0.366364
v 20.256388 14.359100 -0.366356
v 11.084788 19.286327 10.581135
v 10.581130 19.286327 11.084793
v 10.886759 19.936682 10.389214
v 10.389208 19.936682 10.886765
v -11.084784 19.286327 10.581131
v -10.886753 19.936682 10.389206
v -10.581125 19.286327 11.084789
v -10.389203 19.936682 10.886757
v 10.389203 19.936680 -10.886751
v 10.581124 19.286325 -11.084782
v 10.886753 19.936680 -10.389200
v 11.084784 19.286325 -10.581123
v 15.044379 19.936682 -0.351818
v 15.320117 19.286327 -0.356136
v 15.044379 19.936682 0.351826
v 15.320118 19.286327 0.356144
v -0.356140 19.286327 15.320122
v -0.351821 19.936682 15.044384
v 0.356140 19.286327 15.320122
v 0.351821 19.936682 15.044384
v 14.392384 13.806049 14.899109
v 14.899105 13.806049 14.392387
v 14.613353 13.159092 15.112514
v 15.112511 13.159092 14.613358
v -0.352958 13.159092 21.019367
v -0.358306 13.806049 20.712215
v 0.352958 13.159092 21.019367
v 0.358306 13.806049 20.712215
v -15.112506 13.159092 14.613354
v -14.899100 13.806049 14.392384
v -14.613348 13.159092 15.112511
v -14.392378 13.806049 14.899105
v -15.320116 19.286327 -0.356136
v -15.044378 19.936682 -0.351818
v -15.320116 19.286327 0.356144
v -15.044378 19.936682 0.351826
v -20.712210 13.806049 0.358311
v -21.019360 13.159092 0.352962
v -20.712210 13.806049 -0.358303
v -21.019360 13.159092 -0.352955
v -10.581125 19.286325 -11.084782
v -10.389203 19.936680 -10.886751
v -11.084784 19.286325 -10.581123
v -10.886753 19.936680 -10.389200
v -14.899100 13.806049 -14.392376
v -15.112506 13.159092 -14.613346
v -14.392378 13.806046 -14.899097
v -14.613348 13.159088 -15.112503
v 0.356140 19.286325 -15.320114
v 0.351821 19.936680 -15.044376
v -0.356140 19.286325 -15.320114
v -0.351821 19.936680 -15.044376
v -0.358306 13.806046 -20.712208
v -0.352958 13.159088 -21.019360
v 0.358306 13.806046 -20.712208
v 0.352958 13.159088 -21.019360
v 14.392378 13.806046 -14.899097
v 14.613348 13.159088 -15.112503
v 14.899099 13.806049 -14.392376
v 15.112505 13.159092 -14.613346
v 20.712212 13.806049 -0.358303
v 21.019361 13.159092 -0.352955
v 20.712212 13.806049 0.358311
v 21.019361 13.159092 0.352962
v -0.230235 67.992416 -80.855461
v -1.847531 67.247513 -81.374313
v -2.623023 65.863853 -82.338089
v -2.260501 64.369957 -83.378647
v -0.898435 63.336437 -84.098541
v 0.942912 63.158062 -84.222778
v 2.560207 63.902966 -83.703926
v 3.335699 65.286621 -82.740158
v 2.973177 66.780518 -81.699593
v 1.611111 67.814041 -80.979706
v -0.258986 66.305275 -77.237732
v -1.875422 65.441757 -77.519104
v -2.649789 63.826412 -77.997337
v -2.286306 62.076248 -78.489777
v -0.923810 60.859764 -78.808319
v 0.917271 60.641617 -78.831299
v 2.533707 61.505135 -78.549927
v 3.308074 63.120483 -78.071693
v 2.944591 64.870651 -77.579254
v 1.582095 66.087128 -77.260712
v 1.635902 71.490433 -84.345688
v 2.986443 71.030434 -85.539627
v 3.332373 70.370834 -87.251648
v 2.541559 69.763573 -88.827797
v 0.916065 69.440613 -89.666054
v -0.923225 69.525307 -89.446228
v -2.273766 69.985306 -88.252289
v -2.619697 70.644905 -86.540276
v -1.828883 71.252167 -84.964127
v -0.203389 71.575119 -84.125870
v 1.623843 70.549248 -83.840302
v 2.980010 69.846924 -84.898972
v 3.334024 68.835915 -86.422913
v 2.550663 67.902405 -87.830055
v 0.929144 67.402962 -88.582901
v -0.911167 67.528351 -88.393898
v -2.267334 68.230675 -87.335236
v -2.621347 69.241684 -85.811279
v -1.837986 70.175186 -84.404144
v -0.216468 70.674637 -83.651299
v -0.173382 26.659250 -18.626265
v -1.807863 25.809851 -18.845995
v -2.615693 24.190386 -19.264933
v -2.288308 22.419436 -19.723057
v -0.950758 21.173443 -20.045382
v 0.886058 20.928333 -20.108788
v 2.520540 21.777733 -19.889057
v 3.328370 23.397198 -19.470121
v 3.000985 25.168148 -19.011995
v 1.663435 26.414143 -18.689671
v -0.164570 27.013371 -19.684408
v -1.801656 26.219912 -20.056637
v -2.614461 24.700825 -20.769272
v -2.292522 23.036350 -21.550114
v -0.958808 21.862261 -22.100904
v 0.877247 21.627016 -22.211262
v 2.514332 22.420475 -21.839033
v 3.327137 23.939562 -21.126398
v 3.005198 25.604036 -20.345556
v 1.671485 26.778126 -19.794765
v -0.152788 27.554367 -20.551640
v -1.793330 26.865831 -21.080433
v -2.612773 25.540245 -22.098480
v -2.298115 24.083939 -23.216923
v -0.969547 23.053169 -24.008551
v 0.865464 22.841658 -24.170992
v 2.506007 23.530191 -23.642199
v 3.325449 24.855778 -22.624151
v 3.010792 26.312084 -21.505709
v 1.682224 27.342854 -20.714081
v -0.137365 28.186306 -21.220610
v -1.782390 27.652014 -21.901104
v -2.610493 26.615763 -23.220915
v -2.305368 25.473364 -24.675915
v -0.983562 24.661175 -25.710348
v 0.850041 24.489428 -25.929092
v 2.495066 25.023720 -25.248600
v 3.323170 26.059971 -23.928789
v 3.018044 27.202370 -22.473787
v 1.696238 28.014559 -21.439356
v -0.114551 28.801872 -21.564348
v -1.766117 28.502293 -22.362947
v -2.606977 27.926826 -23.935873
v -2.315952 27.295282 -25.682323
v -1.004203 26.848888 -26.935209
v 0.827227 26.758152 -27.215975
v 2.478794 27.057732 -26.417376
v 3.319654 27.633198 -24.844448
v 3.028629 28.264742 -23.098000
v 1.716879 28.711136 -21.845114
v -0.117316 29.810753 -21.747799
v -1.773379 29.690109 -22.574224
v -2.623104 29.466343 -24.209049
v -2.341925 29.224920 -26.027822
v -1.037244 29.058062 -27.335838
v 0.792596 29.029497 -27.633476
v 2.448658 29.150143 -26.807049
v 3.298383 29.373911 -25.172226
v 3.017205 29.615332 -23.353451
v 1.712524 29.782190 -22.045437
v 1.646326 74.038490 -84.798035
v 2.991972 73.916458 -86.067696
v 3.330896 73.742065 -87.882202
v 2.533639 73.581909 -89.548462
v 0.904728 73.497177 -90.430023
v -0.933649 73.520233 -90.190170
v -2.279296 73.642265 -88.920517
v -2.618219 73.816666 -87.106010
v -1.820963 73.976814 -85.439751
v -0.192052 74.061546 -84.558182
v 1.608300 67.081070 -79.804428
v 2.971663 65.979721 -80.413132
v 3.336060 64.386330 -81.293777
v 2.562305 62.909519 -82.110001
v 0.945946 62.113380 -82.550018
v -0.895624 62.302010 -82.445770
v -2.258986 63.403358 -81.837067
v -2.623384 64.996750 -80.956406
v -1.849628 66.473557 -80.140190
v -0.233269 67.269699 -79.700172
v 1.644560 72.610992 -84.633667
v 2.991037 72.381180 -85.890343
v 3.331149 72.052551 -87.687294
v 2.534985 71.750648 -89.338150
v 0.906651 71.590775 -90.212357
v -0.931883 71.634003 -89.975967
v -2.278361 71.863823 -88.719299
v -2.618473 72.192444 -86.922348
v -1.822308 72.494354 -85.271484
v -0.193975 72.654221 -84.397293
v 1.646347 75.726440 -84.930359
v 2.991983 75.592690 -86.198845
v 3.330893 75.401550 -88.011658
v 2.533624 75.226021 -89.676361
v 0.904706 75.133156 -90.557098
v -0.933670 75.158424 -90.317459
v -2.279307 75.292175 -89.048965
v -2.618217 75.483322 -87.236153
v -1.820947 75.658844 -85.571442
v -0.192029 75.751709 -84.690704
v 0.033918 37.466156 -21.398064
v -1.621883 37.581688 -22.224300
v -2.471764 37.752693 -23.863251
v -2.191100 37.913849 -25.688887
v -0.887095 38.003593 -27.003880
v 0.942166 37.987656 -27.305950
v 2.597967 37.872124 -26.479712
v 3.447848 37.701118 -24.840763
v 3.167184 37.539967 -23.015125
v 1.863179 37.450218 -21.700132
v 0.073501 39.342224 -21.265387
v -1.584728 39.373970 -22.096310
v -2.438754 39.411980 -23.744263
v -2.162366 39.441734 -25.579781
v -0.861136 39.451874 -26.901760
v 0.967911 39.438519 -27.205248
v 2.626140 39.406773 -26.374325
v 3.480166 39.368763 -24.726372
v 3.203778 39.339005 -22.890854
v 1.902548 39.328869 -21.568874
v 0.083977 41.403561 -21.335274
v -1.576802 41.282234 -22.156063
v -2.435846 41.074463 -23.793024
v -2.165029 40.859612 -25.620895
v -0.867794 40.719746 -26.941490
v 0.960360 40.708286 -27.250389
v 2.621139 40.829613 -26.429600
v 3.480183 41.037380 -24.792637
v 3.209366 41.252232 -22.964767
v 1.912131 41.392097 -21.644171
v 0.037104 43.569572 -21.780052
v -1.622189 43.245392 -22.549774
v -2.480513 42.707623 -24.113852
v -2.210017 42.161671 -25.874859
v -0.914022 41.816074 -27.160149
v 0.912447 41.802834 -27.478790
v 2.571740 42.127014 -26.709066
v 3.430064 42.664783 -25.144989
v 3.159568 43.210735 -23.383984
v 1.863573 43.556335 -22.098692
v -0.083503 45.736145 -22.720484
v -1.732785 45.159168 -23.363060
v -2.578699 44.219112 -24.742970
v -2.298135 43.275055 -26.333132
v -0.998260 42.687588 -27.526161
v 0.824419 42.681107 -27.866360
v 2.473701 43.258087 -27.223785
v 3.319615 44.198143 -25.843876
v 3.039051 45.142200 -24.253712
v 1.739176 45.729664 -23.060682
v -0.349480 47.539776 -24.202938
v -1.978465 46.801189 -24.694332
v -2.788578 45.557205 -25.814533
v -2.470383 44.282982 -27.135666
v -1.145421 43.465233 -28.153103
v 0.680219 43.416309 -28.478212
v 2.309204 44.154896 -27.986818
v 3.119317 45.398880 -26.866615
v 2.801122 46.673100 -25.545483
v 1.476160 47.490849 -24.528049
v -0.536649 48.879570 -25.829281
v -2.158561 48.091232 -26.260811
v -2.948938 46.707848 -27.212076
v -2.605884 45.257824 -28.319721
v -1.260432 44.295021 -29.160667
v 0.573499 44.187195 -29.413698
v 2.195411 44.975536 -28.982166
v 2.985788 46.358921 -28.030903
v 2.642734 47.808941 -26.923256
v 1.297282 48.771744 -26.082310
v -0.657979 49.944664 -27.433151
v -2.277245 49.134094 -27.831457
v -3.059745 47.683323 -28.680370
v -2.706590 46.146500 -29.655636
v -1.352674 45.110634 -30.384735
v 0.484854 44.971394 -30.589178
v 2.104121 45.781963 -30.190874
v 2.886621 47.232735 -29.341961
v 2.533466 48.769562 -28.366695
v 1.179549 49.805424 -27.637596
v 1.646526 77.441887 -85.157578
v 2.992078 77.273720 -86.422050
v 3.330867 77.033409 -88.229027
v 2.533487 76.812744 -89.888298
v 0.904510 76.695999 -90.766083
v -0.933850 76.727783 -90.527084
v -2.279402 76.895950 -89.262611
v -2.618191 77.136261 -87.455635
v -1.820811 77.356934 -85.796364
v -0.191834 77.473663 -84.918579
v -0.805646 51.682854 -30.609440
v -2.422859 50.850063 -30.968296
v -3.199221 49.331734 -31.696053
v -2.838189 47.707813 -32.514732
v -1.477664 46.598587 -33.111626
v 0.362679 46.427738 -33.258739
v 1.979891 47.260529 -32.899887
v 2.756254 48.778858 -32.172127
v 2.395221 50.402779 -31.353449
v 1.034696 51.512005 -30.756554
v -0.227304 68.829208 -81.936630
v -1.845502 68.142128 -82.527641
v -2.622672 66.864204 -83.626877
v -2.261961 65.483551 -84.814484
v -0.901149 64.527542 -85.636818
v 0.939980 64.361328 -85.779793
v 2.558178 65.048401 -85.188782
v 3.335348 66.326324 -84.089546
v 2.974637 67.706978 -82.901947
v 1.613825 68.662994 -82.079605
v -0.235935 66.710693 -78.547852
v -1.851470 65.867592 -78.894310
v -2.623698 64.297577 -79.519791
v -2.257653 62.600334 -80.185394
v -0.893152 61.424164 -80.636856
v 0.948611 61.218319 -80.701759
v 2.564147 62.061424 -80.355301
v 3.336375 63.631439 -79.729813
v 2.970330 65.328682 -79.064209
v 1.605829 66.504852 -78.612747
v -0.223639 69.748833 -82.898308
v -1.842963 69.134651 -83.562706
v -2.622228 67.990417 -84.800491
v -2.263782 66.753189 -86.138885
v -0.904539 65.895538 -87.066650
v 0.936316 65.745071 -87.229431
v 2.555639 66.359253 -86.565033
v 3.334904 67.503487 -85.327240
v 2.976459 68.740715 -83.988846
v 1.617216 69.598358 -83.061081
v -0.181240 26.429895 -13.418709
v -1.813386 25.550549 -13.395384
v -2.616771 23.880129 -13.351078
v -2.284529 22.056679 -13.302711
v -0.943566 20.776695 -13.268761
v 0.893916 20.529087 -13.262194
v 2.526062 21.408434 -13.285517
v 3.329447 23.078854 -13.329824
v 2.997205 24.902304 -13.378191
v 1.656242 26.182287 -13.412142
v -0.173382 26.659250 -18.626265
v -1.807863 25.809851 -18.845995
v -2.615693 24.190386 -19.264933
v -2.288308 22.419436 -19.723057
v -0.950758 21.173443 -20.045382
v 0.886058 20.928333 -20.108788
v 2.520540 21.777733 -19.889057
v 3.328370 23.397198 -19.470121
v 3.000985 25.168148 -19.011995
v 1.663435 26.414143 -18.689671
v -0.422087 27.772720 -13.358749
v -2.796634 26.499187 -13.351347
v -3.972293 24.066135 -13.342550
v -3.487044 21.406260 -13.339193
v -1.533132 19.546440 -13.339670
v 1.134915 19.187109 -13.340019
v 3.509503 20.460558 -13.339350
v 4.684959 22.893085 -13.340582
v 4.199666 25.553251 -13.347322
v 2.245522 27.413418 -13.356508
v 2.060413 27.239151 -18.545990
v 2.204097 27.526247 -18.213818
v 3.810953 25.601627 -18.884510
v 4.105054 25.745850 -18.556883
v 4.241438 23.266531 -19.370564
v 4.573341 23.204439 -19.052786
v 3.183235 21.133141 -19.818956
v 3.424128 20.883369 -19.513018
v 1.048597 20.017752 -20.055285
v 1.107898 19.671036 -19.756460
v -0.415481 27.965511 -17.736120
v -0.260534 27.145163 -18.604568
v -2.791955 26.718849 -17.968702
v -2.163325 26.152802 -18.830074
v -3.971368 24.332542 -18.420567
v -3.105353 24.257578 -19.261852
v -3.490332 21.721886 -18.925404
v -2.722865 22.184391 -19.736240
v -1.539443 19.894571 -19.285892
v -1.164010 20.728447 -20.071030
v 1.128009 19.537985 -19.357096
v 0.973250 20.442814 -20.136944
v 3.504677 20.783289 -19.110176
v 2.876073 21.435057 -19.908520
v 4.684028 23.168087 -18.644871
v 3.818037 23.330091 -19.474007
v 4.202885 25.779688 -18.145979
v 3.435502 25.403374 -19.000841
v 2.251582 27.608747 -17.802664
v 1.876606 26.859503 -18.669546
v -2.711349 26.660862 -18.379784
v -2.470443 26.443939 -18.709883
v -0.335869 27.559628 -18.479822
v -0.395239 27.873951 -18.147068
v -3.860674 24.338804 -18.829967
v -3.528758 24.310074 -19.152405
v -3.392468 21.797995 -19.330330
v -3.098343 21.975246 -19.641075
v -1.491807 20.018650 -19.686237
v -1.347943 20.338186 -19.987099
v 0.000000 77.517960 -0.000004
v 20.288342 89.130463 8.403702
v 16.887196 77.517960 -0.000004
v 21.959942 89.130463 -0.000004
v 15.601734 77.517952 -6.462452
v 20.288342 89.130463 -8.403709
v 11.941050 77.517952 -11.941051
v 15.528024 89.130455 -15.528027
v 6.462450 77.517952 -15.601736
v 8.403706 89.130455 -20.288343
v 0.000000 77.517952 -16.887197
v 0.000000 89.130455 -21.959946
v -6.462450 77.517952 -15.601736
v -8.403707 89.130455 -20.288343
v -11.941051 77.517952 -11.941051
v -15.528024 89.130455 -15.528027
v -15.601734 77.517952 -6.462452
v -20.288340 89.130463 -8.403709
v -16.887194 77.517960 -0.000004
v -21.959942 89.130463 -0.000004
v -15.601734 77.517960 6.462448
v -20.288340 89.130463 8.403702
v -11.941051 77.517960 11.941048
v -15.528024 89.130463 15.528019
v -6.462450 77.517960 15.601730
v -8.403707 89.130463 20.288338
v 0.000000 77.517960 16.887192
v 0.000000 89.130463 21.959938
v 6.462450 77.517960 15.601730
v 8.403706 89.130463 20.288338
v 11.941050 77.517960 11.941048
v 15.528024 89.130463 15.528019
v 15.601734 77.517960 6.462448
v -15.283598 82.750107 15.283596
v -15.466917 83.408394 15.466915
v -19.968983 82.750107 8.271420
v -20.208500 83.408394 8.370632
v -21.614271 82.750107 -0.000004
v -21.873524 83.408394 -0.000004
v -19.968983 82.750107 -8.271425
v -20.208500 83.408394 -8.370636
v -15.283598 82.750099 -15.283600
v -15.466917 83.408386 -15.466919
v -8.271423 82.750099 -19.968985
v -8.370636 83.408386 -20.208502
v 15.283597 82.750107 15.283596
v 15.466917 83.408394 15.466915
v 0.000000 82.750099 -21.614273
v 0.000000 83.408386 -21.873526
v -19.591795 82.183022 -8.115192
v -20.288340 84.097397 -8.403708
v -14.994911 82.183014 -14.994913
v -15.528024 84.097397 -15.528025
v -8.115188 82.183014 -19.591797
v -8.403707 84.097397 -20.288342
v 0.000000 82.183014 -21.206009
v 0.000000 84.097397 -21.959944
v 8.115188 82.183014 -19.591797
v 8.403706 84.097397 -20.288342
v 14.994911 82.183014 -14.994913
v 15.528024 84.097397 -15.528025
v 19.591797 82.183022 -8.115192
v 20.288342 84.097397 -8.403708
v 21.206007 82.183022 -0.000004
v 21.959942 84.097397 -0.000004
v 19.591797 82.183022 8.115185
v 20.288342 84.097397 8.403702
v 14.994911 82.183022 14.994907
v 15.528024 84.097397 15.528019
v 8.115188 82.183022 19.591793
v 8.403706 84.097397 20.288338
v 0.000000 82.183022 21.206005
v 0.000000 84.097397 21.959938
v -8.115188 82.183022 19.591793
v -8.403707 84.097397 20.288338
v -14.994911 82.183022 14.994907
v -15.528024 84.097397 15.528019
v -19.591795 82.183022 8.115185
v -20.288340 84.097397 8.403702
v -21.206005 82.183022 -0.000004
v -21.959942 84.097397 -0.000004
v 21.614271 82.750107 -0.000004
v 21.873526 83.408394 -0.000004
v 20.208502 83.408394 -8.370636
v 19.968983 82.750107 -8.271425
v 19.968983 82.750107 8.271420
v 20.208502 83.408394 8.370632
v 15.466917 83.408386 -15.466919
v 15.283597 82.750099 -15.283600
v -8.271423 82.750107 19.968979
v -8.370636 83.408394 20.208496
v 0.000000 83.408394 21.873520
v 0.000000 82.750107 21.614269
v 8.370635 83.408386 -20.208502
v 8.271423 82.750099 -19.968985
v 8.370635 83.408394 20.208496
v 8.271423 82.750107 19.968979
v -46.302235 86.090759 -125.038094
v -46.038216 85.400970 -124.386223
v -49.377018 86.090759 -123.018410
v -48.878910 85.400970 -122.520302
v 51.396706 86.090759 -119.943626
v 50.744835 85.400970 -119.679604
v 49.377022 86.090759 -123.018410
v 38.276257 102.109734 111.197197
v 48.878914 85.400970 -122.520302
v -51.396706 86.090759 -119.943626
v 38.790718 102.351868 111.475182
v 41.250980 102.109734 104.300270
v -50.744835 85.400970 -119.679604
v 46.302238 86.090759 -125.038094
v 41.805389 102.351875 104.485649
v 42.963593 102.109734 97.246162
v 46.038216 85.400970 -124.386223
v 11.051828 86.090790 140.150085
v 10.938618 85.400993 139.467194
v 19.142593 86.090790 138.105255
v 18.915087 85.400993 137.451263
v 27.065783 86.090782 134.547821
v 26.726395 85.400986 133.944092
v 34.402451 86.090782 129.504791
v 43.540695 102.351883 97.338127
v 43.516750 102.109741 90.155052
v 44.099319 102.351913 90.177742
v 43.516808 102.109711 -113.815483
v 44.099289 102.351852 -113.868401
v 43.196884 102.109665 -115.562767
v 43.749203 102.351654 -115.778297
v 42.476971 102.109650 -116.703766
v 42.904938 102.351608 -117.116241
v 41.465763 102.109650 -117.395195
v 41.695969 102.351616 -117.942909
v 39.953468 102.109711 -117.695213
v 40.010738 102.351837 -118.277679
v -39.953468 102.109711 -117.695213
v -40.010738 102.351837 -118.277679
v -41.465763 102.109650 -117.395195
v 33.959496 85.400986 128.972229
v 40.750652 86.090782 123.156578
v 40.218090 85.400986 122.713631
v 45.793701 86.090782 115.819908
v 45.189949 85.400986 115.480522
v 49.351131 86.090782 107.896721
v -41.695969 102.351616 -117.942909
v -42.476971 102.109650 -116.703766
v 48.697147 85.400986 107.669212
v -10.938619 85.400993 139.467194
v -42.904938 102.351608 -117.116241
v -43.196880 102.109665 -115.562767
v -43.749199 102.351654 -115.778297
v -43.516804 102.109711 -113.815483
v -44.099289 102.351852 -113.868401
v -11.051828 86.090790 140.150085
v -18.915087 85.400993 137.451263
v -19.142591 86.090790 138.105255
v -44.099319 102.351913 90.177742
v -43.516750 102.109741 90.155052
v -46.160553 104.829063 -125.044350
v -46.332821 104.362946 -125.202629
v -49.315170 104.811203 -122.991455
v -49.486084 104.357956 -123.136200
v 51.373074 104.814560 -119.840515
v 51.553764 104.358543 -119.983856
v 49.315170 104.811203 -122.991455
v 49.486084 104.357956 -123.136200
v -51.373074 104.814560 -119.840515
v -51.553764 104.358543 -119.983856
v 46.160553 104.829063 -125.044350
v 46.332821 104.362946 -125.202629
v 11.028752 104.857422 140.143951
v 11.074362 104.375610 140.319275
v 19.114958 104.852211 138.097321
v 19.192562 104.373657 138.266785
v 27.036388 104.844910 134.535034
v 27.143280 104.370949 134.695557
v 34.374271 104.836853 129.482849
v 34.506142 104.367966 129.632446
v 40.725422 104.829788 123.120216
v 40.877483 104.365311 123.258232
v 45.770924 104.825417 115.763634
v 45.938946 104.363525 115.890694
v 49.328064 104.824921 107.815834
v 49.508858 104.362991 107.933372
v -11.074362 104.375610 140.319275
v -11.028753 104.857422 140.143951
v -19.192560 104.373657 138.266785
v -19.114958 104.852211 138.097321
v -48.676125 107.542206 -117.700958
v -2.986700 107.542236 138.583069
v -49.291927 107.542229 90.379982
v 49.291927 107.542229 90.379982
v 2.986700 107.542236 138.583069
v -48.685150 107.542229 98.157860
v -46.747646 107.542229 106.138237
v -43.376915 107.542229 113.953300
v -38.598537 107.542229 121.189827
v -32.583508 107.542229 127.451393
v -25.631886 107.542229 132.425629
v -18.124514 107.542229 135.934509
v -10.458347 107.542236 137.951416
v 10.458346 107.542236 137.951416
v 18.124516 107.542229 135.934509
v 25.631887 107.542229 132.425629
v 32.583508 107.542229 127.451393
v 38.598537 107.542229 121.189827
v 43.376919 107.542229 113.953300
v 46.747650 107.542229 106.138237
v 48.685154 107.542229 98.157860
v 40.521282 107.542206 -123.470322
v 49.291927 107.542213 -114.340210
v -49.291927 107.542213 -114.340210
v -40.521282 107.542206 -123.470322
v 48.676125 107.542206 -117.700958
v 46.723064 107.542206 -120.796173
v 43.749710 107.542206 -122.829285
v -43.749710 107.542206 -122.829285
v -46.723064 107.542206 -120.796173
v -46.052994 106.969444 97.738441
v -46.478600 107.399033 97.806252
v -44.218948 106.969444 105.292686
v -44.627823 107.399033 105.429405
v -41.030396 106.969444 112.685371
v -41.409813 107.399033 112.890388
v -36.514851 106.969444 119.523857
v -36.851772 107.399033 119.793236
v -30.837696 106.969444 125.433693
v -31.119984 107.399033 125.759941
v -24.285034 106.969444 130.122437
v -24.502811 107.399033 130.494843
v -17.216715 106.969444 133.426117
v -17.363501 107.399033 133.831726
v -10.005074 106.969444 135.323456
v -10.078364 107.399033 135.748383
v -2.874599 106.969444 135.926270
v -2.892725 107.399033 136.355835
v 2.874599 106.969444 135.926270
v 2.892725 107.399033 136.355835
v 10.005073 106.969444 135.323456
v 10.078364 107.399033 135.748383
v 17.216717 106.969444 133.426117
v 17.363501 107.399033 133.831726
v 24.285036 106.969444 130.122437
v 24.502813 107.399033 130.494843
v 30.837698 106.969444 125.433693
v 31.119984 107.399033 125.759941
v 36.514854 106.969444 119.523857
v 36.851772 107.399033 119.793236
v -46.019470 104.642212 -116.664238
v -2.868556 104.642227 135.783051
v -46.491928 104.642227 90.270927
v 46.491928 104.642227 90.270927
v 2.868556 104.642227 135.783051
v -45.911129 104.642227 97.715843
v -44.082657 104.642227 105.247124
v -40.903923 104.642227 112.617027
v -36.402546 104.642227 119.434074
v -30.743601 104.642227 125.324944
v -24.212442 104.642227 129.998322
v -17.167786 104.642227 133.290924
v -9.980643 104.642227 135.181824
v 9.980642 104.642227 135.181824
v 17.167788 104.642227 133.290924
v 24.212444 104.642227 129.998322
v 30.743603 104.642227 125.324944
v 36.402546 104.642227 119.434074
v 40.903923 104.642227 112.617027
v 44.082657 104.642227 105.247124
v 45.911129 104.642227 97.715843
v 40.245987 104.642212 -120.670326
v 46.491928 104.642212 -114.085800
v -46.491928 104.642212 -114.085800
v -40.245983 104.642212 -120.670326
v 46.019470 104.642212 -116.664238
v 44.664299 104.642212 -118.811920
v 42.642315 104.642212 -120.194504
v -42.642315 104.642212 -120.194504
v -44.664295 104.642212 -118.811920
v -42.963593 102.109734 97.246162
v -43.540695 102.351883 97.338127
v -41.250977 102.109734 104.300270
v -41.805389 102.351875 104.485649
v -38.276253 102.109734 111.197197
v -38.790714 102.351868 111.475182
v -34.069210 102.109726 117.568489
v -34.526039 102.351868 117.933739
v -28.788622 102.109726 123.065514
v -29.171375 102.351868 123.507881
v -22.704224 102.109726 127.419197
v -22.999510 102.351868 127.924141
v -16.151220 102.109726 130.482025
v -16.350248 102.351868 131.031952
v -9.473061 102.109734 132.238983
v -9.572439 102.351875 132.815155
v -2.743022 102.109741 132.807892
v -2.767602 102.351913 133.390442
v 2.743021 102.109741 132.807892
v 2.767602 102.351913 133.390442
v 9.473060 102.109734 132.238983
v 9.572438 102.351875 132.815155
v 16.151222 102.109726 130.482025
v 16.350250 102.351868 131.031952
v 22.704226 102.109726 127.419197
v 22.999510 102.351868 127.924141
v 28.788624 102.109726 123.065514
v 29.171377 102.351868 123.507881
v 34.069210 102.109726 117.568489
v 34.526043 102.351868 117.933739
v 5.476288 96.771042 -88.726028
v 5.805817 97.386436 -88.786064
v 5.238551 96.771019 -89.594177
v 5.552468 97.386383 -89.710983
v 4.860064 96.771011 -90.392746
v 5.149179 97.386353 -90.561798
v 4.354016 96.771011 -91.109268
v 4.610116 97.386337 -91.325050
v 3.734873 96.771011 -91.728409
v 3.950658 97.386337 -91.984505
v 3.018353 96.771011 -92.234451
v 3.187406 97.386353 -92.523567
v 2.219787 96.771019 -92.612946
v 2.336588 97.386383 -92.926857
v 1.351638 96.771042 -92.850677
v 1.411672 97.386436 -93.180206
v 0.420069 96.771057 -92.933884
v 0.420069 97.386475 -93.268814
v -0.511500 96.771042 -92.850677
v -0.571534 97.386436 -93.180206
v -1.379649 96.771019 -92.612946
v -1.496450 97.386383 -92.926857
v -2.178215 96.771011 -92.234451
v -2.347268 97.386353 -92.523567
v -2.894735 96.771011 -91.728409
v -3.110520 97.386337 -91.984505
v -3.513878 96.771011 -91.109268
v -3.769977 97.386337 -91.325050
v -4.019925 96.771011 -90.392746
v -4.309040 97.386353 -90.561798
v -4.398413 96.771019 -89.594177
v -4.712330 97.386383 -89.710983
v -4.636149 96.771042 -88.726028
v -4.965678 97.386436 -88.786064
v -4.719354 96.771057 -87.794464
v -5.054284 97.386475 -87.794464
v -4.636149 96.771042 -86.862892
v -4.965678 97.386436 -86.802856
v -4.398413 96.771019 -85.994743
v -4.712330 97.386383 -85.877945
v -4.019925 96.771011 -85.196175
v -4.309040 97.386353 -85.027122
v -3.513878 96.771011 -84.479660
v -3.769977 97.386337 -84.263870
v -2.894735 96.771011 -83.860512
v -3.110520 97.386337 -83.604416
v -2.178215 96.771011 -83.354462
v -2.347268 97.386353 -83.065353
v -1.379647 96.771019 -82.975983
v -1.496448 97.386383 -82.662064
v -0.511500 96.771042 -82.738235
v -0.571534 97.386436 -82.408707
v 0.420069 96.771057 -82.655037
v 0.420069 97.386475 -82.320107
v 1.351638 96.771042 -82.738235
v 1.411672 97.386436 -82.408707
v 2.219784 96.771019 -82.975983
v 2.336586 97.386383 -82.662064
v 3.018353 96.771011 -83.354462
v 3.187406 97.386353 -83.065353
v 3.734873 96.771011 -83.860512
v 3.950658 97.386337 -83.604416
v 4.354016 96.771011 -84.479660
v 4.610116 97.386337 -84.263870
v 4.860064 96.771011 -85.196175
v 5.149179 97.386353 -85.027122
v 5.238551 96.771019 -85.994743
v 5.552468 97.386383 -85.877945
v 5.894422 97.386475 -87.794464
v 5.559492 96.771057 -87.794464
v 5.476288 96.771042 -86.862892
v 5.805817 97.386436 -86.802856
v 9.454136 99.841309 -89.450851
v 10.150593 100.050682 -89.578156
v 9.028750 99.841362 -91.004517
v 9.692149 100.050690 -91.251633
v 8.351213 99.841385 -92.434128
v 8.962230 100.050705 -92.791489
v 7.446587 99.841400 -93.715012
v 7.987859 100.050705 -94.171089
v 6.340625 99.841400 -94.820976
v 6.796698 100.050705 -95.362251
v 5.059739 99.841385 -95.725601
v 5.417101 100.050705 -96.336624
v 3.630126 99.841362 -96.403137
v 3.877241 100.050690 -97.066544
v 2.076466 99.841309 -96.828522
v 2.203770 100.050682 -97.524979
v 0.420069 99.841263 -96.976425
v 0.420069 100.050674 -97.684402
v -1.236328 99.841309 -96.828522
v -1.363632 100.050682 -97.524979
v -2.789988 99.841362 -96.403137
v -3.037103 100.050690 -97.066544
v -4.219600 99.841385 -95.725601
v -4.576962 100.050705 -96.336624
v -5.500487 99.841400 -94.820976
v -5.956559 100.050705 -95.362251
v -6.606448 99.841400 -93.715012
v -7.147720 100.050705 -94.171089
v -7.511074 99.841385 -92.434128
v -8.122092 100.050705 -92.791489
v -8.188614 99.841362 -91.004517
v -8.852013 100.050690 -91.251633
v -8.613997 99.841309 -89.450851
v -9.310454 100.050682 -89.578156
v -8.761897 99.841263 -87.794464
v -9.469875 100.050674 -87.794464
v -8.613997 99.841309 -86.138062
v -9.310454 100.050682 -86.010757
v -8.188614 99.841362 -84.584404
v -8.852013 100.050690 -84.337288
v -7.511074 99.841385 -83.154785
v -8.122092 100.050705 -82.797424
v -6.606448 99.841400 -81.873901
v -7.147720 100.050705 -81.417831
v -5.500487 99.841400 -80.767944
v -5.956559 100.050705 -80.226669
v -4.219600 99.841385 -79.863312
v -4.576962 100.050705 -79.252304
v -2.789987 99.841362 -79.185776
v -3.037102 100.050690 -78.522385
v -1.236328 99.841309 -78.760391
v -1.363632 100.050682 -78.063934
v 0.420069 99.841263 -78.612495
v 0.420069 100.050674 -77.904518
v 2.076466 99.841309 -78.760391
v 2.203770 100.050682 -78.063934
v 3.630125 99.841362 -79.185776
v 3.877240 100.050690 -78.522385
v 5.059739 99.841385 -79.863312
v 5.417101 100.050705 -79.252304
v 6.340625 99.841400 -80.767944
v 6.796698 100.050705 -80.226669
v 7.446587 99.841400 -81.873901
v 7.987859 100.050705 -81.417831
v 8.351213 99.841385 -83.154785
v 8.962230 100.050705 -82.797424
v 9.028750 99.841362 -84.584404
v 9.692149 100.050690 -84.337288
v 10.310012 100.050674 -87.794464
v 9.602034 99.841263 -87.794464
v 9.454136 99.841309 -86.138062
v 10.150593 100.050682 -86.010757
v -26.726395 85.400986 133.944092
v -27.065781 86.090782 134.547821
v -33.959492 85.400986 128.972229
v -34.402447 86.090782 129.504791
v -40.218090 85.400986 122.713631
v -40.750648 86.090782 123.156578
v -45.189949 85.400986 115.480522
v -45.793697 86.090782 115.819908
v -48.697144 85.400986 107.669212
v -49.351128 86.090782 107.896721
v 51.395943 86.090782 99.805962
v 50.713074 85.400986 99.692757
v -50.713070 85.400986 99.692757
v -51.395943 86.090782 99.805962
v -52.037033 86.090759 -116.586617
v -51.347237 85.400970 -116.521423
v -51.347237 85.400986 91.883812
v -52.037033 86.090782 91.911781
v 42.945232 86.090759 -125.678421
v 42.880032 85.400970 -124.988625
v -42.880032 85.400970 -124.988625
v -42.945229 86.090759 -125.678421
v 52.037033 86.090782 91.911781
v 51.347240 85.400986 91.883812
v 51.347240 85.400970 -116.521423
v 52.037033 86.090759 -116.586617
v -3.157643 86.090790 140.791168
v -3.129679 85.400993 140.101379
v 3.129679 85.400993 140.101379
v 3.157643 86.090790 140.791168
v 49.912956 85.171036 -119.342674
v 51.613995 86.971039 -120.031631
v 48.243256 85.171036 -121.884644
v 49.543056 86.971039 -123.184448
v 45.701286 85.171036 -123.554344
v 46.390244 86.971039 -125.255386
v -47.083080 107.542206 -117.079292
v -46.019470 106.421204 -116.664238
v -2.915856 107.542236 136.904053
v -2.868556 106.421227 135.783051
v -47.612926 107.542229 90.314583
v -46.491928 106.421227 90.270927
v 47.612926 107.542229 90.314583
v 46.491928 106.421227 90.270927
v 2.915856 107.542236 136.904053
v 2.868556 106.421227 135.783051
v -47.021729 107.542229 97.892799
v -45.911129 106.421227 97.715843
v -45.149605 107.542229 105.603874
v -44.082657 106.421227 105.247124
v -41.894001 107.542229 113.152016
v -40.903923 106.421227 112.617027
v -37.281727 107.542229 120.137001
v -36.402546 106.421227 119.434074
v -31.480221 107.542229 126.176292
v -30.743601 106.421227 125.324944
v -24.780727 107.542229 130.970093
v -24.212442 106.421227 129.998322
v -17.550819 107.542229 134.349304
v -17.167786 106.421227 133.290924
v -10.171895 107.542229 136.290649
v -9.980643 106.421227 135.181824
v 10.171895 107.542229 136.290649
v 9.980642 106.421227 135.181824
v 17.550821 107.542229 134.349304
v 17.167788 106.421227 133.290924
v 24.780727 107.542229 130.970093
v 24.212444 106.421227 129.998322
v 31.480221 107.542229 126.176292
v 30.743603 106.421227 125.324944
v 37.281727 107.542229 120.137001
v 36.402546 106.421227 119.434074
v 41.894005 107.542229 113.152016
v 40.903923 106.421227 112.617027
v 45.149605 107.542229 105.603874
v 44.082657 106.421227 105.247124
v 47.021729 107.542229 97.892799
v 45.911129 106.421227 97.715843
v 40.356201 107.542206 -121.791321
v 40.245987 106.421204 -120.670326
v 47.612926 107.542213 -114.187653
v 46.491928 106.421211 -114.085800
v -47.612926 107.542213 -114.187653
v -46.491928 106.421211 -114.085800
v -40.356201 107.542206 -121.791321
v -40.245983 106.421204 -120.670326
v 47.083080 107.542206 -117.079292
v 46.019470 106.421204 -116.664238
v 45.488541 107.542206 -119.606331
v 44.664299 106.421204 -118.811920
v 43.085670 107.542206 -121.249359
v 42.642315 106.421204 -120.194504
v -43.085667 107.542206 -121.249359
v -42.642315 106.421204 -120.194504
v -45.488537 107.542206 -119.606331
v -44.664295 106.421204 -118.811920
v -47.064709 107.399017 -114.137840
v -46.635124 106.969429 -114.098808
v -46.635124 106.969444 90.276512
v -47.064709 107.399033 90.293236
v -46.562931 107.399017 -116.876312
v -46.155334 106.969421 -116.717255
v -45.085449 107.399017 -119.217834
v -44.769585 106.969421 -118.913399
v -42.868847 107.399017 -120.733490
v -42.698948 106.969421 -120.329254
v -40.302299 107.399017 -121.243111
v -40.260063 106.969421 -120.813522
v 40.302303 107.399017 -121.243111
v 40.260063 106.969421 -120.813522
v 42.868851 107.399017 -120.733490
v 42.698948 106.969421 -120.329254
v 45.085449 107.399017 -119.217834
v 44.769585 106.969421 -118.913399
v 46.562931 107.399017 -116.876312
v 46.155338 106.969421 -116.717255
v 47.064713 107.399017 -114.137840
v 46.635124 106.969429 -114.098808
v 47.064713 107.399033 90.293236
v 46.635124 106.969444 90.276512
v 46.478600 107.399033 97.806252
v 46.052998 106.969444 97.738441
v 44.627823 107.399033 105.429405
v 44.218948 106.969444 105.292686
v 41.409813 107.399033 112.890388
v 41.030396 106.969444 112.685371
v 21.632965 102.028999 -87.794464
v 19.670008 101.257004 -87.794464
v 21.292215 102.028999 -83.978737
v 19.360323 101.257004 -84.326622
v 20.308393 102.028999 -80.385750
v 18.468012 101.257004 -81.067841
v 18.741179 102.028999 -77.078995
v 17.046715 101.257004 -78.068962
v 16.650522 102.028999 -74.118782
v 15.149863 101.257004 -75.383163
v 14.095743 102.028999 -71.564011
v 12.831362 101.257004 -73.064667
v 11.135532 102.028999 -69.473351
v 10.145566 101.257004 -71.167816
v 7.828777 102.028999 -67.906136
v 7.146692 101.257004 -69.746521
v 4.235794 102.028999 -66.922310
v 3.887907 101.257004 -68.854202
v 0.420069 102.028999 -66.581566
v 0.420069 101.257004 -68.544525
v -3.395656 102.028999 -66.922310
v -3.047769 101.257004 -68.854202
v -6.988638 102.028999 -67.906136
v -6.306553 101.257004 -69.746521
v -10.295395 102.028999 -69.473351
v -9.305429 101.257004 -71.167816
v -13.255606 102.028999 -71.564011
v -11.991224 101.257004 -73.064667
v -15.810384 102.028999 -74.118790
v -14.309726 101.257004 -75.383163
v -17.901037 102.028999 -77.078995
v -16.206573 101.257004 -78.068962
v -19.468256 102.028999 -80.385750
v -17.627872 101.257004 -81.067841
v -20.452074 102.028999 -83.978737
v -18.520182 101.257004 -84.326622
v -20.792828 102.028999 -87.794464
v -18.829868 101.257004 -87.794464
v -20.452074 102.028999 -91.610184
v -18.520182 101.257004 -91.262299
v -19.468256 102.028999 -95.203171
v -17.627872 101.257004 -94.521088
v -17.901037 102.028999 -98.509926
v -16.206573 101.257004 -97.519958
v -15.810384 102.028999 -101.470139
v -14.309726 101.257004 -100.205750
v -13.255606 102.028999 -104.024918
v -11.991224 101.257004 -102.524254
v -10.295395 102.028999 -106.115570
v -9.305429 101.257004 -104.421112
v -6.988637 102.028999 -107.682785
v -6.306554 101.257004 -105.842407
v -3.395656 102.028999 -108.666603
v -3.047769 101.257004 -106.734711
v 0.420069 102.028999 -109.007362
v 0.420069 101.257004 -107.044403
v 4.235794 102.028999 -108.666603
v 3.887907 101.257004 -106.734711
v 7.828776 102.028999 -107.682785
v 7.146693 101.257004 -105.842407
v 11.135532 102.028999 -106.115570
v 10.145566 101.257004 -104.421112
v 14.095743 102.028999 -104.024918
v 12.831362 101.257004 -102.524254
v 16.650522 102.028999 -101.470139
v 15.149863 101.257004 -100.205750
v 18.741179 102.028999 -98.509926
v 17.046715 101.257004 -97.519958
v 20.308393 102.028999 -95.203171
v 18.468012 101.257004 -94.521088
v 21.292215 102.028999 -91.610184
v 19.360323 101.257004 -91.262299
v 19.278812 100.892471 -87.794464
v 17.315855 100.120468 -87.794464
v 18.975321 100.892471 -84.395950
v 17.044056 100.120468 -84.747322
v 18.101244 100.892471 -81.203766
v 16.261635 100.120468 -81.887939
v 16.709028 100.892471 -78.266251
v 15.014881 100.120468 -79.256760
v 14.850801 100.892471 -75.635147
v 13.350163 100.120468 -76.899551
v 12.579386 100.892471 -73.363724
v 11.314979 100.120468 -74.864365
v 9.948277 100.892471 -71.505501
v 8.957767 100.120468 -73.199646
v 7.010760 100.892471 -70.113281
v 6.326592 100.120468 -71.952896
v 3.818578 100.892471 -69.239204
v 3.467208 100.120468 -71.170471
v 0.420069 100.892471 -68.935715
v 0.420069 100.120468 -70.898674
v -2.978439 100.892471 -69.239204
v -2.627070 100.120468 -71.170471
v -6.170621 100.892471 -70.113281
v -5.486454 100.120468 -71.952896
v -9.108139 100.892471 -71.505501
v -8.117628 100.120468 -73.199646
v -11.739247 100.892471 -73.363724
v -10.474841 100.120468 -74.864365
v -14.010662 100.892471 -75.635147
v -12.510026 100.120468 -76.899551
v -15.868888 100.892471 -78.266251
v -14.174743 100.120468 -79.256760
v -17.261106 100.892471 -81.203766
v -15.421496 100.120468 -81.887939
v -18.135180 100.892471 -84.395950
v -16.203915 100.120468 -84.747322
v -18.438673 100.892471 -87.794464
v -16.475716 100.120468 -87.794464
v -18.135180 100.892471 -91.192963
v -16.203915 100.120468 -90.841599
v -17.261106 100.892471 -94.385147
v -15.421496 100.120468 -93.700989
v -15.868888 100.892471 -97.322670
v -14.174743 100.120468 -96.332153
v -14.010662 100.892471 -99.953781
v -12.510026 100.120468 -98.689377
v -11.739247 100.892471 -102.225189
v -10.474841 100.120468 -100.724556
v -9.108139 100.892471 -104.083420
v -8.117628 100.120468 -102.389267
v -6.170622 100.892471 -105.475639
v -5.486455 100.120468 -103.636017
v -2.978439 100.892471 -106.349709
v -2.627070 100.120468 -104.418442
v 0.420069 100.892471 -106.653206
v 0.420069 100.120468 -104.690239
v 3.818578 100.892471 -106.349709
v 3.467208 100.120468 -104.418442
v 7.010761 100.892471 -105.475639
v 6.326594 100.120468 -103.636017
v 9.948277 100.892471 -104.083420
v 8.957767 100.120468 -102.389267
v 12.579386 100.892471 -102.225189
v 11.314979 100.120468 -100.724556
v 14.850801 100.892471 -99.953781
v 13.350163 100.120468 -98.689369
v 16.709028 100.892471 -97.322670
v 15.014881 100.120468 -96.332153
v 18.101244 100.892471 -94.385147
v 16.261635 100.120468 -93.700989
v 18.975321 100.892471 -91.192963
v 17.044056 100.120468 -90.841599
v 11.038493 100.120468 -87.794464
v 8.953372 99.503738 -87.794464
v 10.867170 100.120468 -85.879532
v 8.815969 99.503815 -86.254471
v 10.374689 100.120468 -84.082886
v 8.420841 99.503944 -84.810684
v 9.590897 100.120468 -82.429695
v 7.791321 99.504005 -83.482201
v 8.544780 100.120468 -80.948570
v 6.950622 99.504021 -82.291794
v 7.265958 100.120468 -79.669754
v 5.922731 99.504021 -81.263908
v 5.784835 100.120468 -78.623627
v 4.732328 99.504005 -80.423203
v 4.131647 100.120468 -77.839844
v 3.403843 99.503944 -79.793686
v 2.334999 100.120468 -77.347351
v 1.960063 99.503815 -79.398560
v 0.420069 100.120468 -77.176041
v 0.420069 99.503738 -79.261154
v -1.494861 100.120468 -77.347351
v -1.119926 99.503815 -79.398560
v -3.291509 100.120468 -77.839844
v -2.563705 99.503944 -79.793686
v -4.944697 100.120468 -78.623627
v -3.892190 99.504005 -80.423203
v -6.425820 100.120468 -79.669754
v -5.082593 99.504021 -81.263908
v -7.704642 100.120468 -80.948570
v -6.110484 99.504021 -82.291794
v -8.750758 100.120468 -82.429695
v -6.951182 99.504005 -83.482201
v -9.534553 100.120468 -84.082886
v -7.580703 99.503944 -84.810684
v -10.027033 100.120468 -85.879532
v -7.975832 99.503815 -86.254471
v -10.198357 100.120468 -87.794464
v -8.113235 99.503738 -87.794464
v -10.027033 100.120468 -89.709389
v -7.975832 99.503815 -89.334457
v -9.534553 100.120468 -91.506042
v -7.580703 99.503944 -90.778236
v -8.750758 100.120468 -93.159225
v -6.951182 99.504005 -92.106720
v -7.704642 100.120468 -94.640350
v -6.110484 99.504021 -93.297119
v -6.425820 100.120468 -95.919174
v -5.082593 99.504021 -94.325012
v -4.944697 100.120468 -96.965286
v -3.892190 99.504005 -95.165710
v -3.291510 100.120468 -97.749084
v -2.563706 99.503944 -95.795227
v -1.494861 100.120468 -98.241562
v -1.119926 99.503815 -96.190361
v 0.420069 100.120468 -98.412888
v 0.420069 99.503738 -96.327759
v 2.334999 100.120468 -98.241562
v 1.960063 99.503815 -96.190361
v 4.131648 100.120468 -97.749084
v 3.403844 99.503944 -95.795227
v 5.784835 100.120468 -96.965286
v 4.732328 99.504005 -95.165710
v 7.265958 100.120468 -95.919174
v 5.922732 99.504021 -94.325012
v 8.544780 100.120468 -94.640350
v 6.950622 99.504021 -93.297119
v 9.590897 100.120468 -93.159225
v 7.791321 99.504005 -92.106720
v 10.374689 100.120468 -91.506042
v 8.420841 99.503944 -90.778236
v 10.867170 100.120468 -89.709389
v 8.815969 99.503815 -89.334457
v 6.398473 97.846191 -87.794464
v 5.447849 96.099457 -87.794464
v 6.301732 97.846115 -86.712509
v 5.366445 96.099457 -86.882904
v 6.024879 97.845993 -85.702164
v 5.133913 96.099457 -86.033676
v 5.584266 97.845932 -84.772720
v 4.763691 96.099457 -85.252525
v 4.995520 97.845917 -83.939133
v 4.268650 96.099457 -84.551582
v 4.275394 97.845917 -83.219009
v 3.662944 96.099457 -83.945877
v 3.441811 97.845932 -82.630264
v 2.962002 96.099457 -83.450836
v 2.512359 97.845993 -82.189651
v 2.180851 96.099457 -83.080612
v 1.502018 97.846115 -81.912796
v 1.331626 96.099457 -82.848083
v 0.420069 97.846191 -81.816055
v 0.420069 96.099457 -82.766678
v -0.661880 97.846115 -81.912796
v -0.491489 96.099457 -82.848083
v -1.672221 97.845993 -82.189651
v -1.340713 96.099457 -83.080612
v -2.601674 97.845932 -82.630264
v -2.121865 96.099457 -83.450836
v -3.435256 97.845917 -83.219009
v -2.822807 96.099457 -83.945877
v -4.155381 97.845917 -83.939133
v -3.428511 96.099457 -84.551582
v -4.744128 97.845932 -84.772720
v -3.923553 96.099457 -85.252525
v -5.184741 97.845993 -85.702164
v -4.293775 96.099457 -86.033676
v -5.461593 97.846115 -86.712509
v -4.526307 96.099457 -86.882904
v -5.558335 97.846191 -87.794464
v -4.607711 96.099457 -87.794464
v -5.461593 97.846115 -88.876404
v -4.526307 96.099457 -88.706017
v -5.184741 97.845993 -89.886749
v -4.293775 96.099457 -89.555244
v -4.744128 97.845932 -90.816200
v -3.923553 96.099457 -90.336395
v -4.155381 97.845917 -91.649780
v -3.428511 96.099457 -91.037338
v -3.435256 97.845917 -92.369911
v -2.822807 96.099457 -91.643036
v -2.601674 97.845932 -92.958656
v -2.121865 96.099457 -92.138077
v -1.672223 97.845993 -93.399269
v -1.340715 96.099457 -92.508301
v -0.661880 97.846115 -93.676117
v -0.491489 96.099457 -92.740829
v 0.420069 97.846191 -93.772865
v 0.420069 96.099457 -92.822235
v 1.502018 97.846115 -93.676117
v 1.331627 96.099457 -92.740829
v 2.512361 97.845993 -93.399269
v 2.180853 96.099457 -92.508301
v 3.441811 97.845932 -92.958656
v 2.962002 96.099457 -92.138077
v 4.275394 97.845917 -92.369911
v 3.662944 96.099457 -91.643036
v 4.995520 97.845917 -91.649780
v 4.268650 96.099457 -91.037338
v 5.584266 97.845932 -90.816200
v 4.763691 96.099457 -90.336395
v 6.024879 97.845993 -89.886749
v 5.133913 96.099457 -89.555244
v 6.301732 97.846115 -88.876404
v 5.366445 96.099457 -88.706017
v 20.594252 101.940491 -84.104424
v 19.929758 101.674957 -84.224083
v 20.248598 101.674957 -87.794464
v 20.923779 101.940491 -87.794464
v 19.929758 101.674957 -91.364838
v 20.594252 101.940491 -91.484497
v 19.010471 101.674950 -94.722130
v 19.643494 101.940491 -94.956741
v 17.546164 101.674950 -97.811752
v 18.128998 101.940491 -98.152267
v 15.592187 101.674942 -100.578430
v 16.108362 101.940491 -101.013336
v 13.204042 101.674942 -102.966583
v 13.638946 101.940491 -103.482758
v 10.437362 101.674950 -104.920555
v 10.777875 101.940491 -105.503395
v 7.347740 101.674950 -106.384865
v 7.582351 101.940491 -107.017883
v 3.990448 101.674957 -107.304146
v 4.110108 101.940491 -107.968643
v 0.420069 101.674957 -107.622993
v 0.420069 101.940491 -108.298172
v -3.150310 101.674957 -107.304146
v -3.269969 101.940491 -107.968643
v -6.507601 101.674950 -106.384865
v -6.742212 101.940491 -107.017883
v -9.597224 101.674950 -104.920555
v -9.937737 101.940491 -105.503395
v -12.363904 101.674942 -102.966583
v -12.798808 101.940491 -103.482758
v -14.752049 101.674942 -100.578430
v -15.268224 101.940491 -101.013336
v -16.706022 101.674950 -97.811752
v -17.288858 101.940491 -98.152267
v -18.170334 101.674950 -94.722130
v -18.803354 101.940491 -94.956741
v -19.089617 101.674957 -91.364838
v -19.754110 101.940491 -91.484497
v -19.408461 101.674957 -87.794464
v -20.083641 101.940491 -87.794464
v -19.089617 101.674957 -84.224083
v -19.754110 101.940491 -84.104424
v -18.170334 101.674950 -80.866791
v -18.803354 101.940491 -80.632179
v -16.706022 101.674950 -77.777161
v -17.288858 101.940491 -77.436653
v -14.752049 101.674942 -75.010483
v -15.268224 101.940491 -74.575577
v -12.363904 101.674942 -72.622345
v -12.798808 101.940491 -72.106171
v -9.597224 101.674950 -70.668365
v -9.937737 101.940491 -70.085533
v -6.507601 101.674950 -69.204056
v -6.742212 101.940491 -68.571037
v -3.150310 101.674957 -68.284767
v -3.269969 101.940491 -67.620270
v 0.420069 101.674957 -67.965927
v 0.420069 101.940491 -67.290749
v 3.990448 101.674957 -68.284767
v 4.110108 101.940491 -67.620270
v 7.347739 101.674950 -69.204056
v 7.582351 101.940491 -68.571037
v 10.437362 101.674950 -70.668365
v 10.777875 101.940491 -70.085533
v 13.204042 101.674942 -72.622345
v 13.638946 101.940491 -72.106171
v 15.592187 101.674942 -75.010483
v 16.108362 101.940491 -74.575577
v 17.546164 101.674950 -77.777161
v 18.128998 101.940491 -77.436653
v 19.010471 101.674950 -80.866791
v 19.643494 101.940491 -80.632179
v 18.405958 100.474518 -84.498894
v 17.741678 100.208984 -84.619751
v 18.025042 100.208984 -87.794464
v 18.700222 100.474518 -87.794464
v 17.558872 100.474518 -81.405052
v 16.926117 100.208984 -81.640381
v 16.209616 100.474525 -78.558105
v 15.626889 100.208984 -78.898811
v 14.408479 100.474525 -76.007828
v 13.892312 100.208984 -76.442734
v 12.206702 100.474525 -73.806046
v 11.771791 100.208984 -74.322220
v 9.656419 100.474525 -72.004913
v 9.315719 100.208984 -72.587639
v 6.809474 100.474518 -70.655655
v 6.574146 100.208984 -71.288414
v 3.715637 100.474518 -69.808571
v 3.594779 100.208984 -70.472847
v 0.420069 100.474518 -69.514313
v 0.420069 100.208984 -70.189484
v -2.875499 100.474518 -69.808571
v -2.754642 100.208984 -70.472847
v -5.969335 100.474518 -70.655655
v -5.734007 100.208984 -71.288414
v -8.816280 100.474525 -72.004913
v -8.475580 100.208984 -72.587639
v -11.366565 100.474525 -73.806046
v -10.931652 100.208984 -74.322220
v -13.568341 100.474525 -76.007828
v -13.052175 100.208984 -76.442734
v -15.369475 100.474525 -78.558105
v -14.786750 100.208984 -78.898811
v -16.718735 100.474518 -81.405052
v -16.085978 100.208984 -81.640381
v -17.565817 100.474518 -84.498894
v -16.901537 100.208984 -84.619751
v -17.860083 100.474518 -87.794464
v -17.184902 100.208984 -87.794464
v -17.565817 100.474518 -91.090027
v -16.901537 100.208984 -90.969170
v -16.718735 100.474518 -94.183868
v -16.085978 100.208984 -93.948540
v -15.369475 100.474525 -97.030807
v -14.786750 100.208984 -96.690109
v -13.568341 100.474525 -99.581093
v -13.052175 100.208984 -99.146179
v -11.366565 100.474525 -101.782867
v -10.931652 100.208984 -101.266708
v -8.816280 100.474525 -103.584007
v -8.475580 100.208984 -103.001282
v -5.969337 100.474518 -104.933266
v -5.734009 100.208984 -104.300507
v -2.875499 100.474518 -105.780350
v -2.754642 100.208984 -105.116066
v 0.420069 100.474518 -106.074615
v 0.420069 100.208984 -105.399437
v 3.715637 100.474518 -105.780350
v 3.594780 100.208984 -105.116066
v 6.809475 100.474518 -104.933266
v 6.574148 100.208984 -104.300507
v 9.656419 100.474525 -103.584007
v 9.315719 100.208984 -103.001282
v 12.206702 100.474525 -101.782867
v 11.771791 100.208984 -101.266708
v 14.408479 100.474525 -99.581093
v 13.892312 100.208984 -99.146179
v 16.209616 100.474525 -97.030807
v 15.626889 100.208984 -96.690109
v 17.558872 100.474518 -94.183868
v 16.926117 100.208984 -93.948540
v 18.405958 100.474518 -91.090027
v 17.741678 100.208984 -90.969170
v -42.613258 102.029007 -115.335014
v -44.215088 102.730804 -115.960106
v -2.717080 102.029022 132.193054
v -2.788314 102.730827 133.881317
v -42.901928 102.029022 90.131111
v -44.590187 102.730827 90.196861
v 42.901928 102.029022 90.131111
v 44.590187 102.730827 90.196861
v 2.717079 102.029022 132.193054
v 2.788314 102.730827 133.881317
v -42.354431 102.029022 97.149101
v -44.027031 102.730827 97.415611
v -40.665756 102.029022 104.104576
v -42.272614 102.730827 104.641884
v -37.733189 102.029022 110.903755
v -39.224281 102.730827 111.709450
v -33.586971 102.029022 117.182930
v -34.911045 102.730827 118.241570
v -28.384579 102.029022 122.598549
v -29.493950 102.730827 123.880684
v -22.392515 102.029022 126.886162
v -23.248367 102.730827 128.349701
v -15.941125 102.029022 129.901489
v -16.517982 102.730827 131.495422
v -9.368158 102.029022 131.630798
v -9.656190 102.730827 133.300720
v 9.368157 102.029022 131.630798
v 9.656189 102.730827 133.300720
v 15.941124 102.029022 129.901489
v 16.517984 102.730827 131.495422
v 22.392515 102.029022 126.886162
v 23.248369 102.730827 128.349701
v 28.384581 102.029022 122.598549
v 29.493952 102.730827 123.880684
v 33.586971 102.029022 117.182930
v 34.911045 102.730827 118.241570
v 37.733192 102.029022 110.903755
v 39.224281 102.730827 111.709450
v 40.665756 102.029022 104.104576
v 42.272614 102.730827 104.641884
v 42.354435 102.029022 97.149101
v 44.027031 102.730827 97.415611
v 39.893013 102.028999 -117.080322
v 40.059006 102.730804 -118.768585
v 42.901928 102.029007 -113.759613
v 44.590187 102.730812 -113.913010
v -42.901928 102.029007 -113.759613
v -44.590187 102.730812 -113.913010
v -39.893013 102.028999 -117.080322
v -40.059002 102.730804 -118.768585
v 42.613262 102.029007 -115.335014
v 44.215092 102.730804 -115.960106
v 42.024662 102.028999 -116.267830
v 43.265995 102.730804 -117.464233
v 41.222473 102.028999 -116.816345
v 41.890179 102.730804 -118.404984
v -41.222473 102.028999 -116.816345
v -41.890179 102.730804 -118.404984
v -42.024662 102.028999 -116.267830
v -43.265995 102.730804 -117.464233
v -51.613995 103.872391 -120.031639
v -51.096840 105.177567 -119.621368
v -3.166964 103.872421 141.021088
v -3.128689 105.281761 140.503418
v -52.266964 103.872414 91.921089
v -51.696888 105.222321 91.625786
v 52.266964 103.872414 91.921089
v 51.696888 105.222321 91.625786
v 3.166964 103.872421 141.021088
v 3.128689 105.281761 140.503418
v -51.623566 103.872414 99.843697
v -51.073112 105.210022 99.527885
v -49.569122 103.872414 107.972557
v -49.048916 105.201538 107.634361
v -45.994949 103.872414 115.933037
v -45.510929 105.202988 115.567024
v -40.928169 103.872414 123.304237
v -40.489246 105.213104 122.905861
v -34.550098 103.872414 129.682312
v -34.168476 105.229309 129.249390
v -27.178909 103.872414 134.749084
v -26.868708 105.247849 134.283203
v -19.218428 103.872421 138.323242
v -18.992645 105.264740 137.830231
v -11.089565 103.872421 140.377686
v -10.956614 105.276871 139.866669
v 11.089564 103.872421 140.377686
v 10.956614 105.276871 139.866669
v 19.218430 103.872421 138.323242
v 18.992647 105.264740 137.830231
v 27.178911 103.872414 134.749084
v 26.868710 105.247849 134.283203
v 34.550102 103.872414 129.682312
v 34.168476 105.229309 129.249390
v 40.928173 103.872414 123.304237
v 40.489250 105.213104 122.905861
v 45.994949 103.872414 115.933037
v 45.510929 105.202988 115.567024
v 49.569126 103.872414 107.972557
v 49.048916 105.201538 107.634361
v 51.623566 103.872414 99.843697
v 51.073112 105.210022 99.527885
v 42.966965 103.872391 -125.908363
v 42.465427 105.260910 -125.408394
v 52.266964 103.872391 -116.608360
v 51.709179 105.210449 -116.183105
v -52.266964 103.872391 -116.608360
v -51.709175 105.210449 -116.183105
v -42.966965 103.872391 -125.908363
v -42.465427 105.260910 -125.408394
v 51.613995 103.872391 -120.031639
v 51.096840 105.177567 -119.621368
v 49.543056 103.872391 -123.184456
v 49.053520 105.170578 -122.769859
v 46.390244 103.872391 -125.255394
v 45.896103 105.209442 -124.801376
v -46.390244 103.872391 -125.255394
v -45.896099 105.209442 -124.801376
v -49.543056 103.872391 -123.184456
v -49.053520 105.170578 -122.769859
v -3.162591 104.376465 140.961945
v -3.149474 104.859467 140.784546
v 3.149474 104.859467 140.784546
v 3.162591 104.376465 140.961945
v 52.200935 104.365463 91.886894
v 52.002850 104.834526 91.784279
v 52.007149 104.829865 -116.410278
v 52.202011 104.362411 -116.558838
v 42.908791 104.369476 -125.850365
v 42.734264 104.852654 -125.676392
v -42.734264 104.852654 -125.676392
v -42.908787 104.369476 -125.850365
v -52.202007 104.362411 -116.558838
v -52.007145 104.829865 -116.410278
v -52.002850 104.834526 91.784279
v -52.200935 104.365463 91.886894
v -51.368408 104.828903 99.697304
v -51.559776 104.363876 99.807106
v 51.559776 104.363876 99.807106
v 51.368408 104.828903 99.697304
v -49.328060 104.824921 107.815834
v -49.508858 104.362991 107.933372
v -45.770924 104.825417 115.763634
v -45.938942 104.363525 115.890694
v -40.725422 104.829788 123.120216
v -40.877483 104.365311 123.258232
v -34.374271 104.836853 129.482849
v -34.506142 104.367966 129.632446
v -27.036386 104.844910 134.535034
v -27.143278 104.370949 134.695557
v 10.072009 85.171059 134.239929
v 17.173561 85.171059 132.445129
v 24.128439 85.171059 129.322449
v 30.568735 85.171059 124.895546
v -44.017162 85.171036 -119.396255
v -45.065956 85.171036 -118.707344
v -45.754864 85.171036 -117.658554
v -46.066963 85.171059 91.669762
v -2.915626 85.171059 134.821106
v 2.915625 85.171059 134.821106
v 46.066963 85.171059 91.669762
v -10.072009 85.171059 134.239929
v -17.173561 85.171059 132.445129
v -24.128437 85.171059 129.322449
v -30.568733 85.171059 124.895546
v -36.141411 85.171059 119.322868
v -40.568317 85.171059 112.882576
v -43.690987 85.171059 105.927696
v -45.485790 85.171059 98.826134
v 45.485794 85.171059 98.826134
v 43.690987 85.171059 105.927696
v 40.568317 85.171059 112.882576
v 36.141415 85.171059 119.322868
v 46.066963 85.171036 -116.022331
v 42.380943 85.171036 -119.708351
v -42.380939 85.171036 -119.708351
v -46.066963 85.171036 -116.022331
v 44.017162 85.171036 -119.396255
v 45.065960 85.171036 -118.707344
v 45.754868 85.171036 -117.658554
v 10.072009 89.067673 134.239929
v 17.173561 89.067673 132.445129
v 24.128439 89.067673 129.322449
v 30.568735 89.067673 124.895546
v -44.017162 89.067650 -119.396255
v -45.065956 89.067650 -118.707344
v -45.754864 89.067650 -117.658554
v -46.066963 89.067673 91.669762
v -2.915626 89.067673 134.821106
v 2.915625 89.067673 134.821106
v 46.066963 89.067673 91.669762
v -10.072009 89.067673 134.239929
v -17.173561 89.067673 132.445129
v -24.128437 89.067673 129.322449
v -30.568733 89.067673 124.895546
v -36.141411 89.067673 119.322868
v -40.568317 89.067673 112.882576
v -43.690987 89.067673 105.927696
v -45.485790 89.067673 98.826134
v 45.485794 89.067673 98.826134
v 43.690987 89.067673 105.927696
v 40.568317 89.067673 112.882576
v 36.141415 89.067673 119.322868
v 46.066963 89.067650 -116.022331
v 42.380943 89.067650 -119.708351
v -42.380939 89.067650 -119.708351
v -46.066963 89.067650 -116.022331
v 44.017162 89.067650 -119.396255
v 45.065960 89.067650 -118.707344
v 45.754868 89.067650 -117.658554
v 11.089564 86.971062 140.377686
v 10.794146 85.171066 138.595764
v 19.218430 86.971062 138.323242
v 18.624758 85.171059 136.616699
v 27.178911 86.971054 134.749084
v 26.293289 85.171059 133.173615
v 34.550102 86.971054 129.682312
v 33.394218 85.171059 128.292603
v -46.390244 86.971039 -125.255386
v -45.701283 85.171036 -123.554344
v -49.543056 86.971039 -123.184448
v -48.243252 85.171036 -121.884644
v -51.613995 86.971039 -120.031631
v -49.912956 85.171036 -119.342674
v -52.266964 86.971054 91.921089
v -50.466965 85.171059 91.848122
v -3.166964 86.971062 141.021088
v -3.093995 85.171066 139.221100
v 3.166964 86.971062 141.021088
v 3.093994 85.171066 139.221100
v 52.266964 86.971054 91.921089
v 50.466965 85.171059 91.848122
v -11.089565 86.971062 140.377686
v -10.794146 85.171066 138.595764
v -19.218428 86.971062 138.323242
v -18.624756 85.171059 136.616699
v -27.178909 86.971054 134.749084
v -26.293289 85.171059 133.173615
v -34.550098 86.971054 129.682312
v -33.394218 85.171059 128.292603
v -40.928169 86.971054 123.304237
v -39.538467 85.171059 122.148354
v -45.994949 86.971054 115.933037
v -44.419476 85.171059 115.047417
v -49.569122 86.971054 107.972557
v -47.862568 85.171059 107.378883
v -51.623566 86.971054 99.843697
v -49.841633 85.171059 99.548271
v 51.623566 86.971054 99.843697
v 49.841633 85.171059 99.548271
v 49.569126 86.971054 107.972557
v 47.862568 85.171059 107.378883
v 45.994949 86.971054 115.933037
v 44.419476 85.171059 115.047417
v 40.928173 86.971054 123.304237
v 39.538467 85.171059 122.148354
v 52.266964 86.971039 -116.608353
v 50.466965 85.171036 -116.438217
v 42.966965 86.971039 -125.908356
v 42.796829 85.171036 -124.108353
v -42.966965 86.971039 -125.908356
v -42.796829 85.171036 -124.108353
v -52.266964 86.971039 -116.608353
v -50.466965 85.171036 -116.438217
v 5.447849 81.418365 -87.794464
v 5.366445 81.418365 -86.882904
v 5.133913 81.418365 -86.033676
v 4.763691 81.418365 -85.252525
v 4.268650 81.418365 -84.551582
v 3.662944 81.418365 -83.945877
v 2.962002 81.418365 -83.450836
v 2.180851 81.418365 -83.080612
v 1.331626 81.418365 -82.848083
v 0.420069 81.418365 -82.766678
v -0.491489 81.418365 -82.848083
v -1.340713 81.418365 -83.080612
v -2.121865 81.418365 -83.450836
v -2.822807 81.418365 -83.945877
v -3.428511 81.418365 -84.551582
v -3.923553 81.418365 -85.252525
v -4.293775 81.418365 -86.033676
v -4.526307 81.418365 -86.882904
v -4.607711 81.418365 -87.794464
v -4.526307 81.418365 -88.706017
v -4.293775 81.418365 -89.555244
v -3.923553 81.418365 -90.336395
v -3.428511 81.418365 -91.037338
v -2.822807 81.418365 -91.643036
v -2.121865 81.418365 -92.138077
v -1.340715 81.418365 -92.508301
v -0.491489 81.418365 -92.740829
v 0.420069 81.418365 -92.822235
v 1.331627 81.418365 -92.740829
v 2.180853 81.418365 -92.508301
v 2.962002 81.418365 -92.138077
v 3.662944 81.418365 -91.643036
v 4.268650 81.418365 -91.037338
v 4.763691 81.418365 -90.336395
v 5.133913 81.418365 -89.555244
v 5.366445 81.418365 -88.706017
v 5.447849 96.099457 -87.794464
v 5.366445 96.099457 -86.882904
v 5.133913 96.099457 -86.033676
v 4.763691 96.099457 -85.252525
v 4.268650 96.099457 -84.551582
v 3.662944 96.099457 -83.945877
v 2.962002 96.099457 -83.450836
v 2.180851 96.099457 -83.080612
v 1.331626 96.099457 -82.848083
v 0.420069 96.099457 -82.766678
v -0.491489 96.099457 -82.848083
v -1.340713 96.099457 -83.080612
v -2.121865 96.099457 -83.450836
v -2.822807 96.099457 -83.945877
v -3.428511 96.099457 -84.551582
v -3.923553 96.099457 -85.252525
v -4.293775 96.099457 -86.033676
v -4.526307 96.099457 -86.882904
v -4.607711 96.099457 -87.794464
v -4.526307 96.099457 -88.706017
v -4.293775 96.099457 -89.555244
v -3.923553 96.099457 -90.336395
v -3.428511 96.099457 -91.037338
v -2.822807 96.099457 -91.643036
v -2.121865 96.099457 -92.138077
v -1.340715 96.099457 -92.508301
v -0.491489 96.099457 -92.740829
v 0.420069 96.099457 -92.822235
v 1.331627 96.099457 -92.740829
v 2.180853 96.099457 -92.508301
v 2.962002 96.099457 -92.138077
v 3.662944 96.099457 -91.643036
v 4.268650 96.099457 -91.037338
v 4.763691 96.099457 -90.336395
v 5.133913 96.099457 -89.555244
v 5.366445 96.099457 -88.706017
v 4.090348 80.030243 -87.794464
v 4.030923 80.030243 -87.129021
v 3.861175 80.030243 -86.509087
v 3.590913 80.030243 -85.938843
v 3.229532 80.030243 -85.427162
v 2.787368 80.030243 -84.985001
v 2.275680 80.030243 -84.623611
v 1.705440 80.030243 -84.353355
v 1.085506 80.030243 -84.183609
v 0.420069 80.030243 -84.124176
v -0.245368 80.030243 -84.183609
v -0.865302 80.030243 -84.353355
v -1.435543 80.030243 -84.623611
v -1.947230 80.030243 -84.985001
v -2.389395 80.030243 -85.427155
v -2.750775 80.030243 -85.938850
v -3.021037 80.030243 -86.509087
v -3.190785 80.030243 -87.129021
v -3.250211 80.030243 -87.794464
v -3.190785 80.030243 -88.459900
v -3.021037 80.030243 -89.079834
v -2.750775 80.030243 -89.650070
v -2.389395 80.030243 -90.161758
v -1.947230 80.030243 -90.603928
v -1.435543 80.030243 -90.965302
v -0.865303 80.030243 -91.235565
v -0.245368 80.030243 -91.405312
v 0.420069 80.030243 -91.464737
v 1.085506 80.030243 -91.405312
v 1.705441 80.030243 -91.235565
v 2.275680 80.030243 -90.965302
v 2.787368 80.030243 -90.603928
v 3.229532 80.030243 -90.161758
v 3.590913 80.030243 -89.650070
v 3.861175 80.030243 -89.079834
v 4.030923 80.030243 -88.459900
v 4.090348 77.710709 -87.794464
v 4.030923 77.710709 -87.129021
v 3.861175 77.710709 -86.509087
v 3.590913 77.710709 -85.938843
v 3.229532 77.710709 -85.427162
v 2.787368 77.710709 -84.985001
v 2.275680 77.710709 -84.623611
v 1.705440 77.710709 -84.353355
v 1.085506 77.710709 -84.183609
v 0.420069 77.710709 -84.124176
v -0.245368 77.710709 -84.183609
v -0.865302 77.710709 -84.353355
v -1.435543 77.710709 -84.623611
v -1.947230 77.710709 -84.985001
v -2.389395 77.710709 -85.427155
v -2.750775 77.710709 -85.938850
v -3.021037 77.710709 -86.509087
v -3.190785 77.710709 -87.129021
v -3.250211 77.710709 -87.794464
v -3.190785 77.710709 -88.459900
v -3.021037 77.710709 -89.079834
v -2.750775 77.710709 -89.650070
v -2.389395 77.710709 -90.161758
v -1.947230 77.710709 -90.603928
v -1.435543 77.710709 -90.965302
v -0.865303 77.710709 -91.235565
v -0.245368 77.710709 -91.405312
v 0.420069 77.710709 -91.464737
v 1.085506 77.710709 -91.405312
v 1.705441 77.710709 -91.235565
v 2.275680 77.710709 -90.965302
v 2.787368 77.710709 -90.603928
v 3.229532 77.710709 -90.161758
v 3.590913 77.710709 -89.650070
v 3.861175 77.710709 -89.079834
v 4.030923 77.710709 -88.459900
v 5.325243 76.644699 -87.794464
v 5.246274 76.644699 -86.910172
v 5.018957 76.644699 -86.079987
v 4.656898 76.644699 -85.316063
v 4.173594 76.644699 -84.631744
v 3.582789 76.644699 -84.040939
v 2.898467 76.644699 -83.557632
v 2.134539 76.644699 -83.195572
v 1.304361 76.644699 -82.968254
v 0.420069 76.644699 -82.889282
v -0.464223 76.644699 -82.968254
v -1.294401 76.644699 -83.195572
v -2.058329 76.644699 -83.557632
v -2.742651 76.644699 -84.040939
v -3.333457 76.644699 -84.631744
v -3.816760 76.644699 -85.316063
v -4.178819 76.644699 -86.079987
v -4.406136 76.644699 -86.910172
v -4.485105 76.644699 -87.794464
v -4.406136 76.644699 -88.678757
v -4.178819 76.644699 -89.508926
v -3.816760 76.644699 -90.272858
v -3.333457 76.644699 -90.957184
v -2.742651 76.644699 -91.547989
v -2.058329 76.644699 -92.031288
v -1.294401 76.644699 -92.393349
v -0.464223 76.644699 -92.620667
v 0.420069 76.644699 -92.699631
v 1.304361 76.644699 -92.620667
v 2.134539 76.644699 -92.393349
v 2.898467 76.644699 -92.031288
v 3.582789 76.644699 -91.547989
v 4.173594 76.644699 -90.957184
v 4.656898 76.644699 -90.272858
v 5.018957 76.644699 -89.508926
v 5.246274 76.644699 -88.678757
v 5.325243 75.357071 -87.794464
v 5.246274 75.357071 -86.910172
v 5.018957 75.357071 -86.079987
v 4.656898 75.357071 -85.316063
v 4.173594 75.357071 -84.631744
v 3.582789 75.357071 -84.040939
v 2.898467 75.357071 -83.557632
v 2.134539 75.357071 -83.195572
v 1.304361 75.357071 -82.968254
v 0.420069 75.357071 -82.889282
v -0.464223 75.357071 -82.968254
v -1.294401 75.357071 -83.195572
v -2.058329 75.357071 -83.557632
v -2.742651 75.357071 -84.040939
v -3.333457 75.357071 -84.631744
v -3.816760 75.357071 -85.316063
v -4.178819 75.357071 -86.079987
v -4.406136 75.357071 -86.910172
v -4.485105 75.357071 -87.794464
v -4.406136 75.357071 -88.678757
v -4.178819 75.357071 -89.508926
v -3.816760 75.357071 -90.272858
v -3.333457 75.357071 -90.957184
v -2.742651 75.357071 -91.547989
v -2.058329 75.357071 -92.031288
v -1.294401 75.357071 -92.393349
v -0.464223 75.357071 -92.620667
v 0.420069 75.357071 -92.699631
v 1.304361 75.357071 -92.620667
v 2.134539 75.357071 -92.393349
v 2.898467 75.357071 -92.031288
v 3.582789 75.357071 -91.547989
v 4.173594 75.357071 -90.957184
v 4.656898 75.357071 -90.272858
v 5.018957 75.357071 -89.508926
v 5.246274 75.357071 -88.678757
v 4.471860 75.357071 -87.794464
v 4.406398 75.357071 -87.061409
v 4.218863 75.357071 -86.376526
v 3.920242 75.357071 -85.746445
v 3.521194 75.357071 -85.181419
v 3.033108 75.357071 -84.693336
v 2.468086 75.357071 -84.294281
v 1.838007 75.357071 -83.995667
v 1.153120 75.357071 -83.808128
v 0.420069 75.357071 -83.742668
v -0.312982 75.357071 -83.808128
v -0.997869 75.357071 -83.995667
v -1.627948 75.357071 -84.294281
v -2.192970 75.357071 -84.693336
v -2.681056 75.357071 -85.181419
v -3.080104 75.357071 -85.746445
v -3.378726 75.357071 -86.376526
v -3.566260 75.357071 -87.061409
v -3.631723 75.357071 -87.794464
v -3.566260 75.357071 -88.527512
v -3.378726 75.357071 -89.212402
v -3.080104 75.357071 -89.842476
v -2.681056 75.357071 -90.407501
v -2.192970 75.357071 -90.895584
v -1.627948 75.357071 -91.294632
v -0.997870 75.357071 -91.593254
v -0.312982 75.357071 -91.780792
v 0.420069 75.357071 -91.846252
v 1.153120 75.357071 -91.780792
v 1.838008 75.357071 -91.593254
v 2.468086 75.357071 -91.294632
v 3.033108 75.357071 -90.895584
v 3.521194 75.357071 -90.407501
v 3.920242 75.357071 -89.842476
v 4.218863 75.357071 -89.212402
v 4.406398 75.357071 -88.527512
v 4.471860 74.720428 -87.794456
v 4.406398 74.720428 -87.061401
v 4.218863 74.720428 -86.376518
v 3.920242 74.720428 -85.746437
v 3.521194 74.720428 -85.181412
v 3.033108 74.720428 -84.693329
v 2.468086 74.720428 -84.294281
v 1.838007 74.720428 -83.995667
v 1.153120 74.720428 -83.808121
v 0.420069 74.720428 -83.742661
v -0.312982 74.720428 -83.808121
v -0.997869 74.720428 -83.995667
v -1.627948 74.720428 -84.294281
v -2.192970 74.720428 -84.693329
v -2.681056 74.720428 -85.181412
v -3.080104 74.720428 -85.746437
v -3.378726 74.720428 -86.376518
v -3.566260 74.720428 -87.061401
v -3.631723 74.720428 -87.794456
v -3.566260 74.720428 -88.527512
v -3.378726 74.720428 -89.212395
v -3.080104 74.720428 -89.842468
v -2.681056 74.720428 -90.407494
v -2.192970 74.720428 -90.895584
v -1.627948 74.720428 -91.294632
v -0.997870 74.720428 -91.593246
v -0.312982 74.720428 -91.780785
v 0.420069 74.720428 -91.846252
v 1.153120 74.720428 -91.780785
v 1.838008 74.720428 -91.593246
v 2.468086 74.720428 -91.294632
v 3.033108 74.720428 -90.895584
v 3.521194 74.720428 -90.407494
v 3.920242 74.720428 -89.842468
v 4.218863 74.720428 -89.212395
v 4.406398 74.720428 -88.527512
v 4.863412 74.720428 -87.794456
v 4.791753 74.720428 -86.992012
v 4.585965 74.720428 -86.240463
v 4.258237 74.720428 -85.548965
v 3.820530 74.720428 -84.929214
v 3.285314 74.720428 -84.393997
v 2.665555 74.720428 -83.956284
v 1.974063 74.720428 -83.628555
v 1.222513 74.720428 -83.422775
v 0.420069 74.720428 -83.351112
v -0.382375 74.720428 -83.422775
v -1.133925 74.720428 -83.628555
v -1.825417 74.720428 -83.956284
v -2.445177 74.720428 -84.393997
v -2.980393 74.720428 -84.929214
v -3.418099 74.720428 -85.548965
v -3.745827 74.720428 -86.240463
v -3.951615 74.720428 -86.992012
v -4.023274 74.720428 -87.794456
v -3.951615 74.720428 -88.596901
v -3.745827 74.720428 -89.348450
v -3.418099 74.720428 -90.039948
v -2.980393 74.720428 -90.659698
v -2.445177 74.720428 -91.194916
v -1.825417 74.720428 -91.632629
v -1.133926 74.720428 -91.960350
v -0.382375 74.720428 -92.166138
v 0.420069 74.720428 -92.237801
v 1.222513 74.720428 -92.166138
v 1.974064 74.720428 -91.960350
v 2.665555 74.720428 -91.632629
v 3.285314 74.720428 -91.194916
v 3.820530 74.720428 -90.659698
v 4.258237 74.720428 -90.039948
v 4.585965 74.720428 -89.348450
v 4.791753 74.720428 -88.596901
v 4.210241 73.665710 -87.794456
v 4.149115 73.665710 -87.109970
v 3.973578 73.665710 -86.468903
v 3.694026 73.665710 -85.879059
v 3.320662 73.665710 -85.350403
v 2.864123 73.665710 -84.893860
v 2.335469 73.665710 -84.520500
v 1.745626 73.665710 -84.240952
v 1.104553 73.665710 -84.065414
v 0.420069 73.665710 -84.004288
v -0.264416 73.665710 -84.065414
v -0.905488 73.665710 -84.240952
v -1.495331 73.665710 -84.520500
v -2.023986 73.665710 -84.893860
v -2.480525 73.665710 -85.350403
v -2.853889 73.665710 -85.879059
v -3.133441 73.665710 -86.468903
v -3.308977 73.665710 -87.109970
v -3.370103 73.665710 -87.794456
v -3.308977 73.665710 -88.478943
v -3.133441 73.665710 -89.120010
v -2.853889 73.665710 -89.709854
v -2.480525 73.665710 -90.238510
v -2.023986 73.665710 -90.695053
v -1.495331 73.665710 -91.068413
v -0.905489 73.665710 -91.347961
v -0.264416 73.665710 -91.523499
v 0.420069 73.665710 -91.584625
v 1.104553 73.665710 -91.523499
v 1.745626 73.665710 -91.347961
v 2.335469 73.665710 -91.068413
v 2.864123 73.665710 -90.695053
v 3.320662 73.665710 -90.238510
v 3.694026 73.665710 -89.709854
v 3.973578 73.665710 -89.120010
v 4.149115 73.665710 -88.478943
v 45.918636 0.073074 -45.569927
v 45.569908 0.073074 -45.918655
v -45.569923 0.073074 -45.918655
v -45.918652 0.073074 -45.569927
v -45.918652 0.073082 45.569931
v -45.569923 0.073082 45.918655
v 45.569908 0.073082 45.918655
v 45.918636 0.073082 45.569931
v 21.678034 5.424129 -5.565968
v 21.962210 6.030704 -5.638931
v 19.612776 5.424129 -10.782211
v 19.869879 6.030704 -10.923553
v 16.315178 5.424126 -15.320969
v 16.529051 6.030701 -15.521809
v 11.992435 5.424126 -18.897051
v 12.149643 6.030701 -19.144770
v 6.916165 5.424126 -21.285763
v 7.006828 6.030701 -21.564796
v 1.405327 5.424126 -22.337011
v 1.423749 6.030701 -22.629824
v -4.193815 5.424126 -21.984741
v -4.248791 6.030701 -22.272938
v -9.529443 5.424126 -20.251093
v -9.654364 6.030701 -20.516562
v -14.266301 5.424126 -17.244991
v -14.453317 6.030701 -17.471054
v -18.106754 5.424129 -13.155323
v -18.344114 6.030704 -13.327774
v -20.809494 5.424129 -8.239058
v -21.082283 6.030704 -8.347061
v -22.204697 5.424129 -2.805099
v -22.495775 6.030704 -2.841873
v -22.204697 5.424129 2.805111
v -22.495775 6.030704 2.841881
v -20.809494 5.424129 8.239067
v -21.082283 6.030704 8.347069
v -18.106754 5.424129 13.155331
v -18.344114 6.030704 13.327782
v -14.266301 5.424129 17.244999
v -14.453317 6.030704 17.471062
v -9.529443 5.424129 20.251099
v -9.654364 6.030704 20.516571
v -4.193815 5.424129 21.984749
v -4.248791 6.030704 22.272945
v 1.405327 5.424129 22.337021
v 1.423749 6.030704 22.629833
v 6.916165 5.424129 21.285770
v 7.006828 6.030704 21.564804
v 11.992435 5.424129 18.897060
v 12.149643 6.030704 19.144779
v 16.315178 5.424129 15.320976
v 16.529051 6.030704 15.521816
v 19.612776 5.424129 10.782219
v 19.869879 6.030704 10.923561
v 21.678034 5.424129 5.565975
v 21.962210 6.030704 5.638939
v 22.674572 6.030704 0.000004
v 22.381180 5.424126 0.000004
v 22.283382 0.000004 0.000004
v 21.583309 0.000004 -5.541645
v 19.527077 0.000004 -10.735098
v 16.243887 0.000000 -15.254021
v 11.940033 0.000000 -18.814478
v 6.885944 0.000000 -21.192751
v 1.399186 0.000000 -22.239407
v -4.175489 0.000000 -21.888678
v -9.487803 0.000000 -20.162601
v -14.203962 0.000000 -17.169636
v -18.027634 0.000004 -13.097839
v -20.718563 0.000004 -8.203054
v -22.107670 0.000004 -2.792843
v -22.107670 0.000004 2.792850
v -20.718563 0.000004 8.203064
v -18.027634 0.000004 13.097847
v -14.203962 0.000004 17.169643
v -9.487803 0.000004 20.162609
v -4.175489 0.000004 21.888683
v 1.399186 0.000004 22.239414
v 6.885944 0.000004 21.192760
v 11.940033 0.000004 18.814487
v 16.243887 0.000004 15.254028
v 19.527077 0.000004 10.735104
v 21.583309 0.000004 5.541656
v 33.078506 13.575184 0.000004
v 31.158655 12.905739 0.000004
v 32.039284 13.575184 -8.226286
v 30.179749 12.905739 -7.748837
v 28.986914 13.575180 -15.935688
v 27.304537 12.905735 -15.010794
v 24.113192 13.575180 -22.643793
v 22.713682 12.905735 -21.329565
v 17.724350 13.575180 -27.929102
v 16.695642 12.905735 -26.308119
v 10.221820 13.575180 -31.459524
v 9.628553 12.905735 -29.633640
v 2.077016 13.575180 -33.013229
v 1.956468 12.905735 -31.097168
v -6.198293 13.575180 -32.492588
v -5.838550 12.905735 -30.606747
v -14.084142 13.575180 -29.930323
v -13.266710 12.905735 -28.193192
v -21.085032 13.575180 -25.487423
v -19.861273 12.905735 -24.008154
v -26.761072 13.575180 -19.443054
v -25.207880 12.905735 -18.314596
v -30.755615 13.575184 -12.177008
v -28.970585 12.905739 -11.470263
v -32.817669 13.575184 -4.145832
v -30.912960 12.905739 -3.905212
v -32.817669 13.575184 4.145840
v -30.912960 12.905739 3.905220
v -30.755615 13.575184 12.177013
v -28.970585 12.905739 11.470268
v -26.761072 13.575184 19.443062
v -25.207880 12.905739 18.314602
v -21.085032 13.575184 25.487427
v -19.861273 12.905739 24.008156
v -14.084142 13.575184 29.930328
v -13.266710 12.905739 28.193192
v -6.198293 13.575184 32.492592
v -5.838550 12.905739 30.606750
v 2.077016 13.575184 33.013229
v 1.956468 12.905739 31.097168
v 10.221820 13.575184 31.459526
v 9.628553 12.905739 29.633644
v 17.724350 13.575184 27.929108
v 16.695642 12.905739 26.308121
v 24.113192 13.575184 22.643799
v 22.713682 12.905739 21.329571
v 28.986914 13.575184 15.935696
v 27.304537 12.905739 15.010799
v 32.039284 13.575184 8.226295
v 30.179749 12.905739 7.748848
v 22.283382 4.773815 0.000004
v 23.124727 6.513264 0.000004
v 22.398222 6.513264 -5.750881
v 21.583309 4.773819 -5.541645
v 20.264353 6.513264 -11.140419
v 19.527077 4.773819 -10.735098
v 16.857201 6.513260 -15.829962
v 16.243887 4.773815 -15.254021
v 12.390848 6.513260 -19.524849
v 11.940033 4.773811 -18.814478
v 7.145934 6.513260 -21.992918
v 6.885944 4.773811 -21.192751
v 1.452014 6.513260 -23.079092
v 1.399186 4.773811 -22.239407
v -4.333141 6.513260 -22.715120
v -4.175489 4.773811 -21.888678
v -9.846030 6.513260 -20.923874
v -9.487803 4.773811 -20.162601
v -14.740256 6.513260 -17.817904
v -14.203962 4.773811 -17.169636
v -18.708296 6.513264 -13.592369
v -18.027634 4.773815 -13.097839
v -21.500826 6.513264 -8.512775
v -20.718563 4.773815 -8.203054
v -22.942381 6.513264 -2.898293
v -22.107670 4.773815 -2.792843
v -22.942381 6.513264 2.898300
v -22.107670 4.773815 2.792850
v -21.500826 6.513264 8.512783
v -20.718563 4.773815 8.203064
v -18.708296 6.513264 13.592377
v -18.027634 4.773815 13.097847
v -14.740256 6.513264 17.817913
v -14.203962 4.773815 17.169643
v -9.846030 6.513264 20.923882
v -9.487803 4.773815 20.162609
v -4.333141 6.513264 22.715126
v -4.175489 4.773815 21.888683
v 1.452014 6.513264 23.079098
v 1.399186 4.773815 22.239414
v 7.145934 6.513264 21.992928
v 6.885944 4.773815 21.192760
v 12.390848 6.513264 19.524857
v 11.940033 4.773815 18.814487
v 16.857201 6.513264 15.829971
v 16.243887 4.773819 15.254028
v 20.264353 6.513264 11.140427
v 19.527077 4.773819 10.735104
v 21.583309 4.773819 5.541656
v 22.398222 6.513264 5.750889
v 31.377920 13.498905 8.056484
v 30.742273 13.270069 7.893280
v 31.739426 13.270069 0.000004
v 32.395691 13.498905 0.000004
v 30.742273 13.270069 -7.893269
v 31.377920 13.498905 -8.056477
v 27.813469 13.270065 -15.290583
v 28.388559 13.498901 -15.606741
v 23.137045 13.270065 -21.727129
v 23.615442 13.498901 -22.176374
v 17.006836 13.270065 -26.798479
v 17.358479 13.498901 -27.352581
v 9.808022 13.270065 -30.185984
v 10.010818 13.498901 -30.810129
v 1.992935 13.270065 -31.676792
v 2.034142 13.498901 -32.331760
v -5.947375 13.270065 -31.177227
v -6.070347 13.498901 -31.821869
v -13.513989 13.270065 -28.718687
v -13.793414 13.498901 -29.312492
v -20.231470 13.270065 -24.455643
v -20.649790 13.498901 -24.961304
v -25.677734 13.270065 -18.655964
v -26.208662 13.498901 -19.041706
v -29.510571 13.270069 -11.684059
v -30.120750 13.498905 -11.925646
v -31.489149 13.270069 -3.978001
v -32.140240 13.498905 -4.060253
v -31.489149 13.270069 3.978008
v -32.140240 13.498905 4.060261
v -29.510571 13.270069 11.684067
v -30.120750 13.498905 11.925652
v -25.677734 13.270069 18.655972
v -26.208662 13.498905 19.041714
v -20.231470 13.270069 24.455650
v -20.649790 13.498905 24.961311
v -13.513989 13.270069 28.718689
v -13.793414 13.498905 29.312500
v -5.947375 13.270069 31.177231
v -6.070347 13.498905 31.821869
v 1.992935 13.270069 31.676796
v 2.034142 13.498905 32.331764
v 9.808022 13.270069 30.185989
v 10.010818 13.498905 30.810135
v 17.006836 13.270069 26.798485
v 17.358479 13.498905 27.352585
v 23.137045 13.270069 21.727135
v 23.615442 13.498905 22.176380
v 27.813469 13.270069 15.290588
v 28.388559 13.498905 15.606747
v -45.124897 12.665188 46.034897
v -45.124897 13.575188 45.124901
v -46.034897 12.665188 45.124901
v 45.124882 0.073074 -46.034901
v 46.034882 0.073074 -45.124901
v -46.034897 0.073074 -45.124901
v -45.124897 0.073074 -46.034901
v 46.034882 0.073082 45.124901
v 45.124882 0.073082 46.034897
v 45.124882 12.665180 -46.034901
v 45.124882 13.575180 -45.124901
v 46.034882 12.665180 -45.124901
v 46.034882 12.665188 45.124901
v 45.124882 13.575188 45.124901
v 45.124882 12.665188 46.034897
v -45.124897 0.073082 46.034897
v -46.034897 0.073082 45.124901
v -46.034897 12.665180 -45.124901
v -45.124897 13.575180 -45.124901
v -45.124897 12.665180 -46.034901
v -45.918652 13.110214 45.124901
v -45.569923 13.458942 45.124901
v -45.124897 13.458942 45.569931
v -45.124897 13.110214 45.918655
v -45.569923 12.665188 45.918655
v -45.918652 12.665188 45.569931
v 45.918636 13.110207 -45.124901
v 45.569908 13.458935 -45.124901
v 45.124882 13.458935 -45.569927
v 45.124882 13.110207 -45.918655
v 45.569908 12.665180 -45.918655
v 45.918636 12.665180 -45.569927
v 45.124882 13.110214 45.918655
v 45.124882 13.458942 45.569931
v 45.569908 13.458942 45.124901
v 45.918636 13.110214 45.124901
v 45.918636 12.665188 45.569931
v 45.569908 12.665188 45.918655
v -45.124897 13.110207 -45.918655
v -45.124897 13.458935 -45.569927
v -45.569923 13.458935 -45.124901
v -45.918652 13.110207 -45.124901
v -45.918652 12.665180 -45.569927
v -45.569923 12.665180 -45.918655
v -45.878609 13.030811 45.490524
v -45.490520 13.418900 45.490524
v -45.490520 13.030811 45.878616
v 45.878593 13.030804 -45.490524
v 45.490505 13.418892 -45.490524
v 45.490505 13.030804 -45.878613
v 45.490505 13.030811 45.878616
v 45.490505 13.418900 45.490524
v 45.878593 13.030811 45.490524
v -45.490520 13.030804 -45.878613
v -45.490520 13.418892 -45.490524
v -45.878609 13.030804 -45.490524
vn -0.0000 -1.0000 -0.0000
vn 0.9239 -0.3827 -0.0000
vn 1.0000 -0.0000 -0.0000
vn 0.7071 -0.7071 -0.0000
vn 0.3827 -0.9239 -0.0000
vn -0.3827 -0.9239 -0.0000
vn -0.7071 -0.7071 -0.0000
vn -0.9239 -0.3827 -0.0000
vn -1.0000 -0.0000 -0.0000
vn -0.9239 0.3827 -0.0000
vn -0.7071 0.7071 -0.0000
vn -0.3827 0.9239 -0.0000
vn -0.0000 1.0000 -0.0000
vn 0.3827 0.9239 -0.0000
vn 0.7071 0.7071 -0.0000
vn 0.9239 0.3827 -0.0000
vn -0.0000 -0.0000 -1.0000
vn -0.0000 -0.0000 1.0000
vn -0.3442 -0.3494 -0.8715
vn -0.2293 -0.0950 -0.9687
vn -0.1755 -0.1755 -0.9687
vn -0.4545 -0.1843 0.8715
vn -0.1755 -0.1755 0.9687
vn -0.2293 -0.0950 0.9687
vn -0.5074 -0.0271 -0.8613
vn -0.4824 -0.1694 -0.8594
vn -0.4905 0.0037 0.8714
vn -0.2482 -0.0000 0.9687
vn -0.4792 0.1691 -0.8613
vn -0.2482 -0.0000 -0.9687
vn -0.2293 0.0950 0.9687
vn -0.4530 0.1876 0.8715
vn -0.3780 0.3396 -0.8613
vn -0.2293 0.0950 -0.9687
vn -0.1755 0.1755 0.9687
vn -0.3466 0.3466 0.8716
vn -0.2192 0.4585 -0.8612
vn -0.1755 0.1755 -0.9687
vn -0.1843 0.4545 0.8715
vn -0.0950 0.2293 0.9687
vn -0.0000 0.2482 -0.9687
vn -0.0950 0.2293 -0.9687
vn -0.0000 0.2482 0.9687
vn -0.0000 0.4902 0.8716
vn 0.1692 0.4792 -0.8612
vn 0.0281 0.5105 -0.8594
vn 0.1911 0.4518 0.8714
vn 0.0950 0.2293 0.9687
vn 0.1755 0.1755 -0.9687
vn 0.0950 0.2293 -0.9687
vn 0.1755 0.1755 0.9687
vn 0.3467 0.3467 0.8716
vn 0.4584 0.2193 -0.8613
vn 0.3808 0.3412 -0.8594
vn 0.2293 0.0950 0.9687
vn 0.4529 0.1876 0.8716
vn 0.5074 0.0272 -0.8613
vn 0.2293 0.0950 -0.9687
vn 0.4905 -0.0037 0.8714
vn 0.2482 -0.0000 0.9687
vn 0.2293 -0.0950 -0.9687
vn 0.2482 -0.0000 -0.9687
vn 0.2293 -0.0950 0.9687
vn 0.4529 -0.1876 0.8716
vn 0.4585 -0.2192 -0.8613
vn 0.1755 -0.1755 -0.9687
vn 0.1755 -0.1755 0.9687
vn 0.3465 -0.3465 0.8717
vn 0.3395 -0.3781 -0.8613
vn 0.0950 -0.2293 -0.9687
vn 0.1844 -0.4546 0.8714
vn 0.0950 -0.2293 0.9687
vn 0.1692 -0.4792 -0.8612
vn -0.0000 -0.2482 -0.9687
vn -0.0000 -0.2482 0.9687
vn -0.0000 -0.4902 0.8716
vn -0.1692 -0.4792 -0.8612
vn -0.0283 -0.5105 -0.8594
vn -0.0950 -0.2293 0.9687
vn -0.1876 -0.4529 0.8716
vn -0.0950 -0.2293 -0.9687
vn -0.3395 -0.3781 0.8613
vn -0.6090 -0.6122 -0.5044
vn -0.6833 -0.6833 -0.2574
vn -0.7982 -0.3489 -0.4911
vn -0.6105 -0.6105 0.5045
vn -0.8928 -0.3698 0.2574
vn -0.7997 -0.3495 0.4882
vn -0.8928 -0.3698 -0.2573
vn -0.8709 -0.0169 -0.4911
vn -0.9663 -0.0000 0.2574
vn -0.8725 -0.0169 0.4882
vn -0.8928 0.3698 -0.2574
vn -0.8111 0.3176 -0.4911
vn -0.8928 0.3698 0.2574
vn -0.8126 0.3183 0.4882
vn -0.6278 0.6039 -0.4911
vn -0.6089 0.6122 0.5044
vn -0.6833 0.6833 0.2574
vn -0.3698 0.8928 -0.2574
vn -0.3489 0.7982 -0.4911
vn -0.3283 0.7986 0.5043
vn -0.3698 0.8928 0.2574
vn -0.0000 0.9663 -0.2574
vn -0.0169 0.8709 -0.4911
vn -0.0000 0.9663 0.2574
vn -0.0169 0.8725 0.4882
vn 0.3177 0.8111 -0.4911
vn 0.3285 0.7985 0.5044
vn 0.3698 0.8928 -0.2574
vn 0.6039 0.6278 -0.4911
vn 0.6122 0.6090 0.5044
vn 0.6833 0.6833 0.2573
vn 0.7977 0.3304 -0.5045
vn 0.6833 0.6833 -0.2574
vn 0.7986 0.3283 0.5043
vn 0.8634 -0.0000 -0.5045
vn 0.8928 0.3698 -0.2574
vn 0.8635 -0.0023 0.5044
vn 0.9663 -0.0000 0.2574
vn 0.9663 -0.0000 -0.2574
vn 0.8111 -0.3176 -0.4911
vn 0.7969 -0.3326 0.5044
vn 0.8928 -0.3698 0.2574
vn 0.6105 -0.6105 -0.5045
vn 0.8928 -0.3698 -0.2574
vn 0.6090 -0.6122 0.5044
vn 0.6833 -0.6833 0.2574
vn 0.6833 -0.6833 -0.2574
vn 0.3489 -0.7982 -0.4911
vn 0.3324 -0.7969 0.5044
vn -0.0000 -0.8634 -0.5045
vn 0.3698 -0.8928 -0.2574
vn -0.0023 -0.8635 0.5043
vn 0.3698 -0.8928 0.2574
vn -0.0000 -0.9663 -0.2574
vn -0.3177 -0.8111 -0.4911
vn -0.3698 -0.8928 0.2574
vn -0.3183 -0.8126 0.4882
vn -0.6833 -0.6833 0.2574
vn 0.9239 -0.0000 0.3827
vn 0.3827 -0.0000 0.9239
vn 0.9239 -0.0000 -0.3827
vn -0.3827 -0.0000 0.9239
vn 0.3827 -0.0000 -0.9239
vn -0.9239 -0.0000 0.3827
vn -0.3827 -0.0000 -0.9239
vn -0.9239 -0.0000 -0.3827
vn 0.9528 -0.0000 -0.3036
vn 0.7059 -0.6451 0.2924
vn 0.4590 -0.0000 0.8884
vn 0.7059 0.6451 0.2924
vn 0.2924 0.6451 0.7059
vn 0.8884 -0.0000 0.4590
vn 0.2924 -0.6451 0.7059
vn -0.3036 -0.0000 0.9528
vn 0.9528 -0.0000 0.3036
vn 0.7059 0.6451 -0.2924
vn 0.4590 -0.0000 -0.8884
vn 0.7059 -0.6451 -0.2924
vn -0.8884 -0.0000 0.4590
vn -0.2924 0.6451 0.7059
vn 0.3036 -0.0000 0.9528
vn -0.2924 -0.6451 0.7059
vn 0.8884 -0.0000 -0.4590
vn 0.2924 0.6451 -0.7059
vn -0.3036 -0.0000 -0.9528
vn 0.2924 -0.6451 -0.7059
vn -0.9528 -0.0000 -0.3036
vn -0.7059 0.6451 0.2924
vn -0.4590 -0.0000 0.8884
vn -0.7059 -0.6451 0.2924
vn 0.3036 -0.0000 -0.9528
vn -0.2924 0.6451 -0.7059
vn -0.8884 -0.0000 -0.4590
vn -0.2924 -0.6451 -0.7059
vn -0.4590 -0.0000 -0.8884
vn -0.7059 0.6451 -0.2924
vn -0.9528 -0.0000 0.3036
vn -0.7059 -0.6451 -0.2924
vn -0.5000 -0.0000 0.8660
vn -0.5000 -0.0000 -0.8660
vn 0.5000 -0.0000 -0.8660
vn 0.5000 -0.0000 0.8660
vn 0.9221 0.0627 0.3819
vn 0.6693 0.6894 0.2772
vn 0.9221 0.0627 -0.3819
vn 0.6693 0.6894 -0.2772
vn 0.3819 0.0627 -0.9221
vn 0.2772 0.6894 -0.6693
vn -0.3819 0.0627 -0.9221
vn -0.2772 0.6894 -0.6693
vn 0.2772 0.6894 0.6693
vn -0.9221 0.0627 -0.3819
vn 0.3819 0.0627 0.9221
vn -0.2772 0.6894 0.6693
vn -0.6693 0.6894 -0.2772
vn -0.9221 0.0627 0.3819
vn -0.3819 0.0627 0.9221
vn -0.6693 0.6894 0.2772
vn 0.6074 0.0667 0.7916
vn 0.4278 0.2552 0.8671
vn 0.5881 0.2625 0.7650
vn -0.4266 0.2547 0.8678
vn -0.6074 0.0661 0.7917
vn -0.5881 0.2625 0.7650
vn 0.6848 0.6366 -0.3546
vn 0.6840 0.5058 -0.5257
vn 0.7803 0.4929 -0.3850
vn 0.7351 0.6366 0.2334
vn 0.8554 0.5058 0.1119
vn 0.8240 0.4929 0.2795
vn 0.3120 0.2547 0.9153
vn 0.1302 0.0661 0.9893
vn 0.1251 0.2625 0.9568
vn 0.8785 0.1429 0.4558
vn 0.7563 0.3085 0.5769
vn 0.7872 0.1265 0.6035
vn 0.2774 0.5138 0.8118
vn 0.0980 0.6740 0.7322
vn 0.1137 0.5327 0.8387
vn -0.3778 0.5139 0.7702
vn -0.4484 0.6740 0.5871
vn -0.5126 0.5326 0.6734
vn -0.9153 0.2546 0.3120
vn -0.9893 0.0661 0.1303
vn -0.9568 0.2625 0.1251
vn -0.9435 0.1429 -0.2989
vn -0.9427 0.3084 -0.1269
vn -0.9028 0.2977 -0.3103
vn -0.8678 0.2547 -0.4266
vn -0.7916 0.0661 -0.6074
vn -0.7650 0.2625 -0.5881
vn -0.4557 0.1429 -0.8786
vn -0.5769 0.3085 -0.7563
vn -0.4189 0.2977 -0.8578
vn -0.3120 0.2547 -0.9153
vn -0.1302 0.0661 -0.9893
vn -0.1251 0.2625 -0.9568
vn 0.2990 0.1429 -0.9435
vn 0.1269 0.3084 -0.9427
vn 0.3103 0.2977 -0.9028
vn 0.8785 0.1429 -0.4558
vn 0.7563 0.3084 -0.5769
vn 0.8578 0.2977 -0.4189
vn 0.9435 0.1429 0.2989
vn 0.9427 0.3085 0.1269
vn 0.9028 0.2977 0.3103
vn 0.7922 0.0659 0.6067
vn 0.8664 -0.0000 0.4993
vn 0.7936 -0.0000 0.6085
vn 0.3851 0.4930 0.7802
vn 0.2335 0.6366 0.7350
vn 0.3547 0.6366 0.6848
vn -0.1309 -0.0000 0.9914
vn -0.2999 0.0860 0.9501
vn -0.1303 0.0661 0.9893
vn 0.9834 0.1266 -0.1298
vn 0.9637 0.0655 -0.2590
vn 0.9435 0.1429 -0.2990
vn 0.6037 0.1252 0.7873
vn 0.4983 0.0655 0.8645
vn 0.6073 0.0673 0.7916
vn 0.8121 0.5121 0.2797
vn 0.6799 0.6438 0.3512
vn 0.7709 0.5136 0.3767
vn -0.2793 0.4929 0.8240
vn -0.3546 0.6366 0.6848
vn -0.2335 0.6366 0.7350
vn -0.7936 -0.0000 0.6085
vn -0.8839 0.0861 0.4597
vn -0.7917 0.0661 0.6074
vn 0.9151 0.2578 0.3101
vn 0.8839 0.0861 0.4597
vn 0.8671 0.2552 0.4278
vn 0.7398 0.6656 -0.0982
vn 0.7291 0.6438 -0.2324
vn 0.7350 0.6366 -0.2335
vn 0.4545 0.6684 0.5888
vn 0.3512 0.6438 0.6799
vn 0.4484 0.6740 0.5871
vn -0.8215 0.4952 0.2827
vn -0.6848 0.6366 0.3546
vn -0.7803 0.4929 0.3850
vn -0.9914 -0.0000 -0.1309
vn -0.9501 0.0861 -0.3000
vn -0.9893 0.0661 -0.1303
vn 0.6036 0.1266 -0.7872
vn 0.4983 0.0655 -0.8645
vn 0.4557 0.1429 -0.8786
vn 0.7720 0.5121 -0.3765
vn 0.8114 0.5137 -0.2788
vn -0.6085 -0.0000 -0.7936
vn -0.4597 0.0860 -0.8839
vn -0.6075 0.0661 -0.7916
vn -0.7808 0.4952 -0.3809
vn -0.7350 0.6366 -0.2335
vn -0.8239 0.4929 -0.2795
vn 0.9156 0.2551 -0.3107
vn 0.8839 0.0860 -0.4597
vn 0.9500 0.0861 -0.3001
vn 0.4536 0.6657 -0.5925
vn 0.3512 0.6438 -0.6799
vn 0.3547 0.6366 -0.6848
vn -0.2827 0.4952 -0.8215
vn -0.3546 0.6366 -0.6848
vn -0.3850 0.4929 -0.7803
vn 0.1309 -0.0000 -0.9914
vn 0.3001 0.0861 -0.9500
vn 0.1302 0.0661 -0.9893
vn -0.1299 0.1266 -0.9834
vn -0.2590 0.0655 -0.9637
vn -0.2989 0.1429 -0.9435
vn 0.2796 0.5121 -0.8121
vn 0.3766 0.5137 -0.7709
vn 0.7936 -0.0000 -0.6085
vn 0.7917 0.0661 -0.6074
vn 0.3809 0.4952 -0.7808
vn 0.2335 0.6366 -0.7350
vn 0.2795 0.4929 -0.8240
vn -0.0982 0.6656 -0.7398
vn -0.2324 0.6438 -0.7290
vn -0.2334 0.6366 -0.7351
vn 0.9914 -0.0000 0.1309
vn 0.9501 0.0860 0.2999
vn 0.9893 0.0662 0.1304
vn -0.7872 0.1266 -0.6035
vn -0.8645 0.0655 -0.4983
vn -0.8786 0.1429 -0.4557
vn -0.2787 0.5137 -0.8114
vn -0.3512 0.6438 -0.6799
vn -0.5926 0.6656 -0.4537
vn -0.6799 0.6438 -0.3512
vn -0.6848 0.6366 -0.3547
vn 0.4190 0.2976 0.8579
vn 0.2990 0.1429 0.9435
vn 0.4558 0.1429 0.8785
vn -0.0950 0.6684 0.7377
vn -0.2324 0.6438 0.7291
vn -0.0980 0.6740 0.7322
vn -0.9834 0.1265 0.1298
vn -0.9637 0.0655 0.2590
vn -0.9435 0.1429 0.2990
vn -0.8121 0.5121 -0.2797
vn -0.7709 0.5136 -0.3767
vn -0.1298 0.1252 0.9836
vn -0.2590 0.0655 0.9637
vn -0.1306 0.0673 0.9891
vn -0.3104 0.2976 0.9028
vn -0.4558 0.1429 0.8785
vn -0.2989 0.1429 0.9435
vn -0.5888 0.6684 0.4545
vn -0.6799 0.6438 0.3512
vn -0.5871 0.6740 0.4484
vn -0.7398 0.6656 0.0982
vn -0.7291 0.6438 0.2324
vn -0.7350 0.6366 0.2335
vn -0.7720 0.5121 0.3765
vn -0.8114 0.5137 0.2788
vn -0.6036 0.1266 0.7872
vn -0.4983 0.0655 0.8645
vn 0.6858 0.5067 0.5224
vn 0.6848 0.6366 0.3547
vn 0.7803 0.4929 0.3850
vn 0.5933 0.6673 0.4503
vn 0.5224 0.5067 0.6858
vn 0.7663 0.2625 0.5864
vn -0.6812 0.5075 0.5277
vn -0.7637 0.2641 0.5890
vn -0.8664 0.2578 0.4277
vn -0.4519 0.6661 0.5934
vn -0.5273 0.5103 0.6794
vn -0.3847 0.4977 0.7774
vn 0.6071 0.0658 -0.7919
vn 0.4279 0.2552 -0.8671
vn 0.4596 0.0861 -0.8839
vn 0.5890 0.2641 -0.7638
vn 0.5277 0.5075 -0.6812
vn 0.7638 0.2639 -0.5890
vn 0.8679 0.2547 -0.4266
vn 0.9892 0.0658 -0.1307
vn 0.9566 0.2641 -0.1235
vn 0.8240 0.4929 -0.2795
vn 0.8548 0.5075 -0.1085
vn 0.9566 0.2639 0.1236
vn -0.1085 0.5075 0.8548
vn -0.1235 0.2641 0.9566
vn -0.3102 0.2578 0.9151
vn 0.1153 0.5065 0.8545
vn 0.0979 0.6656 0.7398
vn 0.2777 0.4977 0.8217
vn 0.3763 0.5126 0.7718
vn 0.6712 0.5314 0.5167
vn 0.5197 0.5279 0.6718
vn 0.5873 0.6710 0.4527
vn 0.5792 0.3084 0.7546
vn 0.8582 0.2964 0.4191
vn -0.1290 0.3064 0.9431
vn -0.1182 0.5304 0.8395
vn -0.2796 0.5119 0.8123
vn 0.1240 0.3084 0.9431
vn 0.1299 0.1265 0.9834
vn 0.3087 0.2954 0.9041
vn -0.7581 0.3064 0.5757
vn -0.8786 0.1429 0.4557
vn -0.7873 0.1266 0.6035
vn -0.6772 0.5304 0.5100
vn -0.8582 0.2955 0.4197
vn -0.5792 0.3084 0.7546
vn -0.4211 0.2954 0.8576
vn -0.8548 0.5075 -0.1085
vn -0.7398 0.6657 -0.0979
vn -0.9566 0.2641 -0.1235
vn -0.9151 0.2578 -0.3102
vn -0.8545 0.5065 0.1153
vn -0.7325 0.6732 0.1011
vn -0.8395 0.5304 0.1183
vn -0.9028 0.2977 0.3103
vn -0.9431 0.3064 0.1290
vn -0.8393 0.5308 -0.1179
vn -0.7322 0.6740 -0.0980
vn -0.9835 0.1269 -0.1292
vn -0.7291 0.6438 -0.2324
vn -0.5277 0.5075 -0.6812
vn -0.4539 0.6657 -0.5923
vn -0.5890 0.2641 -0.7637
vn -0.4277 0.2578 -0.8664
vn -0.6857 0.5065 -0.5227
vn -0.5895 0.6732 -0.4464
vn -0.6772 0.5304 -0.5100
vn -0.8579 0.2977 -0.4188
vn -0.7581 0.3064 -0.5756
vn -0.5101 0.5308 -0.6768
vn -0.4484 0.6740 -0.5871
vn -0.6040 0.1269 -0.7868
vn -0.3778 0.5139 -0.7702
vn 0.1085 0.5075 -0.8548
vn 0.0979 0.6657 -0.7398
vn 0.1235 0.2641 -0.9566
vn 0.3101 0.2578 -0.9151
vn -0.1153 0.5065 -0.8545
vn -0.1011 0.6732 -0.7325
vn -0.1183 0.5304 -0.8395
vn -0.3104 0.2977 -0.9028
vn -0.1290 0.3064 -0.9431
vn 0.1179 0.5308 -0.8393
vn 0.0980 0.6740 -0.7322
vn 0.1292 0.1268 -0.9835
vn 0.2324 0.6438 -0.7291
vn 0.4464 0.6732 -0.5895
vn 0.5100 0.5304 -0.6772
vn 0.4189 0.2977 -0.8578
vn 0.5757 0.3064 -0.7581
vn 0.6768 0.5308 -0.5101
vn 0.5871 0.6740 -0.4484
vn 0.6799 0.6438 -0.3512
vn 0.7325 0.6732 -0.1012
vn 0.8395 0.5304 -0.1183
vn 0.9028 0.2977 -0.3103
vn 0.9431 0.3064 -0.1290
vn 0.8393 0.5308 0.1179
vn 0.7322 0.6740 0.0980
vn 0.9835 0.1268 0.1292
vn 0.7291 0.6438 0.2324
vn 0.6085 -0.0000 0.7936
vn 0.4993 -0.0000 0.8664
vn 0.2999 0.0860 0.9501
vn 0.1309 -0.0000 0.9914
vn 0.9891 0.0673 -0.1306
vn 0.9637 0.0655 0.2590
vn 0.9891 0.0673 0.1306
vn 0.7916 0.0673 0.6073
vn 0.8645 0.0655 0.4983
vn -0.4597 0.0861 0.8839
vn -0.6085 -0.0000 0.7936
vn 0.7357 0.6701 0.0987
vn -0.9500 0.0861 0.3001
vn -0.9914 -0.0000 0.1309
vn 0.7918 0.0673 -0.6071
vn 0.6071 0.0673 -0.7918
vn 0.7865 0.1253 -0.6048
vn 0.8645 0.0655 -0.4983
vn -0.8839 0.0861 -0.4597
vn -0.7936 -0.0000 -0.6085
vn 0.5900 0.6701 -0.4504
vn -0.2999 0.0860 -0.9501
vn -0.1309 -0.0000 -0.9914
vn -0.1306 0.0673 -0.9891
vn 0.2590 0.0655 -0.9637
vn 0.1306 0.0673 -0.9891
vn 0.6085 -0.0000 -0.7936
vn 0.9914 -0.0000 -0.1309
vn -0.7918 0.0673 -0.6071
vn -0.4983 0.0655 -0.8645
vn -0.6070 0.0673 -0.7919
vn 0.2324 0.6438 0.7291
vn -0.9891 0.0673 0.1306
vn -0.9637 0.0655 -0.2590
vn -0.9891 0.0673 -0.1307
vn 0.1306 0.0673 0.9891
vn 0.2590 0.0655 0.9637
vn -0.3512 0.6438 0.6799
vn -0.6071 0.0673 0.7918
vn -0.8645 0.0655 0.4983
vn -0.7919 0.0673 0.6070
vn -0.1936 0.5448 0.8159
vn 0.4211 0.6156 0.6662
vn 0.4243 0.5003 0.7548
vn 0.8738 0.3300 0.3572
vn 0.8755 0.2668 0.4028
vn 0.9929 -0.0809 -0.0873
vn 0.9926 -0.0672 -0.1008
vn 0.7337 -0.4613 -0.4988
vn 0.7330 -0.3762 -0.5666
vn 0.1935 -0.6661 -0.7203
vn 0.1916 -0.5428 -0.8177
vn -0.4215 -0.6156 -0.6659
vn -0.4252 -0.5004 -0.7542
vn -0.8724 -0.2583 -0.4150
vn -0.8739 -0.3299 -0.3570
vn -0.9933 0.0762 0.0872
vn -0.9928 0.0812 0.0876
vn -0.7360 0.3825 0.5586
vn -0.7336 0.4615 0.4988
vn -0.1964 0.6677 0.7180
vn -0.1849 0.1788 0.9664
vn 0.4291 0.3255 0.8426
vn 0.4302 0.1625 0.8880
vn 0.8793 0.0789 0.4697
vn 0.8779 0.1732 0.4463
vn 0.9913 -0.0320 -0.1276
vn 0.9922 -0.0439 -0.1169
vn 0.7254 -0.1309 -0.6758
vn 0.7311 -0.2444 -0.6370
vn 0.1836 -0.1788 -0.9666
vn 0.1884 -0.3526 -0.9166
vn -0.4294 -0.3250 -0.8426
vn -0.4300 -0.1620 -0.8882
vn -0.8782 -0.1729 -0.4460
vn -0.8786 -0.0856 -0.4698
vn -0.9921 0.0440 0.1173
vn -0.9917 0.0235 0.1267
vn -0.7312 0.2446 0.6367
vn -0.7271 0.1239 0.6752
vn -0.1918 0.3568 0.9143
vn -0.1966 0.9370 0.2889
vn 0.4174 0.8387 0.3499
vn 0.4171 0.8661 0.2756
vn 0.8717 0.4561 0.1791
vn 0.9931 -0.1013 -0.0592
vn 0.8714 0.4648 0.1568
vn 0.7349 -0.6200 -0.2747
vn 0.9932 -0.1148 -0.0214
vn 0.1962 -0.9018 -0.3852
vn 0.7351 -0.6505 -0.1910
vn -0.4173 -0.8662 -0.2749
vn 0.1960 -0.9374 -0.2879
vn -0.4177 -0.8387 -0.3494
vn -0.8717 -0.4642 -0.1569
vn -0.8720 -0.4552 -0.1800
vn -0.9931 0.1153 0.0215
vn -0.9930 0.1022 0.0584
vn -0.7352 0.6502 0.1917
vn -0.7347 0.6201 0.2750
vn -0.1964 0.8055 0.5591
vn 0.4178 0.7950 0.4397
vn 0.4186 0.7452 0.5191
vn 0.8721 0.4283 0.2368
vn 0.8726 0.4007 0.2793
vn 0.9929 -0.1014 -0.0626
vn 0.9933 -0.1013 -0.0560
vn 0.7339 -0.5603 -0.3840
vn 0.7359 -0.5926 -0.3274
vn 0.1969 -0.8581 -0.4741
vn 0.1959 -0.8047 -0.5605
vn -0.4179 -0.7951 -0.4394
vn -0.4187 -0.7452 -0.5190
vn -0.8721 -0.4282 -0.2366
vn -0.8726 -0.4008 -0.2792
vn -0.9932 0.1016 0.0562
vn -0.9931 0.0961 0.0669
vn -0.7357 0.5928 0.3276
vn -0.7350 0.5564 0.3876
vn -0.1987 0.8587 0.4724
vn -0.1758 0.8921 0.4163
vn -0.7208 0.6579 0.2182
vn -0.1766 0.9338 0.3111
vn -0.7257 0.6167 0.3049
vn -0.9906 0.1303 0.0425
vn -0.9911 0.1117 0.0717
vn -0.8819 -0.4471 -0.1498
vn -0.8818 -0.4330 -0.1868
vn -0.4369 -0.8534 -0.2843
vn 0.1738 -0.8927 -0.4158
vn -0.4313 -0.8214 -0.3732
vn 0.7192 -0.6335 -0.2854
vn 0.1759 -0.9342 -0.3104
vn 0.9894 -0.1370 -0.0479
vn 0.7209 -0.6577 -0.2183
vn 0.8875 0.4107 0.2089
vn 0.9906 -0.1301 -0.0425
vn 0.4443 0.8076 0.3878
vn 0.8819 0.4470 0.1498
vn 0.4365 0.8533 0.2852
vn -0.7230 0.5557 0.4105
vn -0.1702 0.7814 0.6004
vn -0.9906 0.1178 0.0692
vn -0.8834 -0.3630 -0.2963
vn -0.4425 -0.7074 -0.5513
vn 0.1697 -0.7829 -0.5985
vn 0.7164 -0.5591 -0.4173
vn 0.9888 -0.1099 -0.1013
vn 0.4467 0.7053 0.5504
vn 0.8930 0.3665 0.2613
vn -0.7237 0.4398 0.5318
vn -0.1656 0.6086 0.7760
vn -0.9901 0.0673 0.1229
vn -0.8865 -0.3006 -0.3519
vn 0.1652 -0.6116 -0.7737
vn -0.4380 -0.5668 -0.6978
vn 0.7136 -0.4434 -0.5424
vn 0.9879 -0.1109 -0.1086
vn 0.8931 0.2618 0.3658
vn 0.4555 0.5414 0.7067
vn -0.7200 0.2510 0.6469
vn -0.1585 0.3369 0.9281
vn -0.9898 0.0674 0.1255
vn -0.8893 -0.1402 -0.4352
vn -0.4559 -0.2958 -0.8394
vn 0.1581 -0.3377 -0.9279
vn 0.7094 -0.2487 -0.6595
vn 0.9869 -0.0687 -0.1462
vn 0.8975 0.1346 0.4199
vn 0.4659 0.2911 0.8356
vn -0.7094 0.0656 0.7017
vn -0.1520 0.0677 0.9861
vn -0.9880 0.0321 0.1514
vn -0.8907 -0.0161 -0.4544
vn -0.4560 -0.0579 -0.8881
vn 0.1518 -0.0761 -0.9855
vn 0.7008 -0.0412 -0.7122
vn 0.9858 0.0020 -0.1682
vn 0.8966 0.0425 0.4408
vn 0.4627 0.0644 0.8842
vn -0.7026 -0.0270 0.7111
vn -0.1506 -0.0543 0.9871
vn -0.9866 0.0100 0.1631
vn -0.8933 0.0416 -0.4475
vn -0.4588 0.0562 -0.8868
vn 0.1503 0.0499 -0.9874
vn 0.7025 0.0255 -0.7112
vn 0.9866 -0.0092 -0.1629
vn 0.8933 -0.0424 0.4474
vn 0.4600 -0.0593 0.8859
vn -0.1977 0.9129 0.3570
vn 0.4179 0.8440 0.3362
vn 0.8719 0.4529 0.1860
vn 0.9934 -0.1098 -0.0346
vn 0.7367 -0.6313 -0.2423
vn 0.1974 -0.9127 -0.3577
vn -0.4155 -0.8428 -0.3420
vn -0.8695 -0.4527 -0.1974
vn -0.9937 0.1096 0.0230
vn -0.7383 0.6320 0.2355
vn 0.4302 0.0855 0.8987
vn 0.8789 0.0436 0.4751
vn 0.9914 -0.0149 -0.1299
vn 0.7254 -0.0677 -0.6850
vn 0.1827 -0.0943 -0.9786
vn -0.4300 -0.0860 -0.8987
vn -0.8785 -0.0455 -0.4755
vn -0.9915 0.0125 0.1293
vn -0.7258 0.0661 0.6847
vn -0.1833 0.0939 0.9786
vn -0.1827 0.1291 0.9747
vn 0.4301 0.0945 0.8978
vn 0.4300 0.1186 0.8950
vn 0.8786 0.0500 0.4749
vn 0.8786 0.0629 0.4735
vn 0.9915 -0.0137 -0.1293
vn 0.9915 -0.0172 -0.1290
vn 0.7258 -0.0722 -0.6841
vn 0.7256 -0.0911 -0.6820
vn 0.1828 -0.1032 -0.9777
vn 0.1827 -0.1303 -0.9745
vn -0.4300 -0.1196 -0.8949
vn -0.4301 -0.0948 -0.8978
vn -0.8785 -0.0632 -0.4735
vn -0.8786 -0.0501 -0.4750
vn -0.9915 0.0171 0.1289
vn -0.9915 0.0136 0.1292
vn -0.7256 0.0904 0.6821
vn -0.7259 0.0721 0.6841
vn -0.1819 0.1021 0.9780
vn -0.7007 -0.0117 0.7134
vn -0.1495 -0.0164 0.9886
vn -0.9860 -0.0005 0.1668
vn -0.8958 0.0108 -0.4443
vn -0.4618 0.0180 -0.8868
vn 0.1513 0.0188 -0.9883
vn 0.7042 -0.0011 -0.7100
vn 0.9868 -0.0149 -0.1610
vn 0.8934 -0.0231 0.4486
vn 0.4582 -0.0241 0.8885
vn -0.6985 0.0659 0.7125
vn -0.1475 0.1151 0.9823
vn -0.9849 -0.0053 0.1729
vn -0.8980 -0.0747 -0.4336
vn -0.4654 -0.1154 -0.8776
vn 0.1500 -0.1113 -0.9824
vn 0.7045 -0.0865 -0.7044
vn 0.9870 -0.0180 -0.1598
vn 0.8951 0.0552 0.4425
vn 0.4592 0.1056 0.8820
vn -0.6979 0.1750 0.6945
vn -0.1480 0.2923 0.9448
vn -0.9833 -0.0050 0.1817
vn -0.8974 -0.1838 -0.4011
vn -0.4656 -0.2925 -0.8353
vn 0.1505 -0.2869 -0.9461
vn 0.7061 -0.1680 -0.6879
vn 0.9853 0.0118 -0.1703
vn 0.4623 0.2924 0.8371
vn 0.8886 0.1606 0.4296
vn -0.7006 0.3028 0.6461
vn -0.1572 0.5053 0.8485
vn -0.9799 -0.0066 0.1996
vn -0.8926 -0.3151 -0.3224
vn -0.4584 -0.5062 -0.7305
vn 0.1605 -0.4953 -0.8538
vn 0.7115 -0.2918 -0.6392
vn 0.9858 -0.0183 -0.1669
vn 0.4535 0.5067 0.7332
vn 0.8816 0.2964 0.3672
vn -0.1712 0.6827 0.7104
vn -0.7146 0.4439 0.5407
vn -0.9852 0.0383 0.1674
vn -0.4426 -0.6740 -0.5915
vn -0.8895 -0.3722 -0.2650
vn 0.1709 -0.6849 -0.7083
vn 0.7182 -0.4278 -0.5488
vn 0.9839 -0.0090 -0.1783
vn 0.8752 0.4094 0.2576
vn 0.4352 0.6736 0.5974
vn -0.1849 0.7814 0.5959
vn -0.7251 0.5215 0.4498
vn -0.9892 0.0642 0.1318
vn -0.8773 -0.4175 -0.2367
vn -0.4299 -0.7410 -0.5159
vn 0.7269 -0.5138 -0.4557
vn 0.1840 -0.7804 -0.5976
vn 0.9889 -0.0500 -0.1399
vn 0.8729 0.4314 0.2281
vn 0.4251 0.7486 0.5088
vn -0.1913 0.8351 0.5158
vn -0.7301 0.5663 0.3825
vn -0.9913 0.0825 0.1028
vn -0.8749 -0.4332 -0.2165
vn -0.4238 -0.7841 -0.4535
vn 0.7318 -0.5606 -0.3876
vn 0.1905 -0.8348 -0.5166
vn 0.9913 -0.0716 -0.1106
vn 0.8716 0.4438 0.2082
vn 0.4200 0.7897 0.4472
vn -0.1968 0.8999 0.3891
vn -0.7363 0.5169 0.4366
vn -0.1947 0.7436 0.6397
vn -0.9934 0.0922 0.0686
vn -0.8718 -0.3669 -0.3247
vn -0.4188 -0.6864 -0.5946
vn 0.1942 -0.7446 -0.6387
vn 0.7331 -0.5190 -0.4395
vn 0.9927 -0.0963 -0.0732
vn 0.8744 0.3635 0.3214
vn 0.4210 0.6855 0.5940
vn -0.1763 0.9834 0.0442
vn -0.7209 0.6923 0.0311
vn -0.1781 0.9831 0.0430
vn -0.7185 0.6947 0.0334
vn -0.9908 0.1352 0.0059
vn -0.9906 0.1365 0.0069
vn -0.8796 -0.4751 -0.0263
vn -0.8790 -0.4760 -0.0268
vn -0.4317 -0.9005 -0.0518
vn -0.4311 -0.9008 -0.0522
vn 0.1772 -0.9825 -0.0567
vn 0.7184 -0.6945 -0.0403
vn 0.1754 -0.9828 -0.0575
vn 0.9906 -0.1364 -0.0082
vn 0.7209 -0.6920 -0.0384
vn 0.8790 0.4762 0.0230
vn 0.9909 -0.1345 -0.0071
vn 0.4314 0.9012 0.0409
vn 0.8794 0.4755 0.0224
vn 0.4323 0.9008 0.0402
vn 0.0289 -0.0204 0.9994
vn 0.0075 -0.0405 0.9992
vn 0.0081 -0.0424 0.9991
vn 0.0330 0.0568 -0.9978
vn 0.1002 0.1441 -0.9845
vn 0.0878 0.1497 -0.9848
vn 0.0128 0.0052 0.9999
vn 0.0258 -0.0115 0.9996
vn 0.0234 0.2182 -0.9756
vn 0.0240 0.2193 -0.9754
vn -0.0202 -0.0041 0.9998
vn 0.0015 0.0145 0.9999
vn -0.0665 0.1979 -0.9780
vn -0.0237 -0.0405 0.9989
vn -0.0349 -0.0022 0.9994
vn -0.0818 0.1954 -0.9773
vn -0.0685 0.0973 -0.9929
vn 0.0091 -0.0552 0.9984
vn -0.0317 -0.0435 0.9986
vn -0.0750 0.0921 -0.9929
vn 0.0310 0.0691 -0.9971
vn 0.0331 -0.0277 0.9991
vn 0.0083 -0.0528 0.9986
vn 0.0953 0.1499 -0.9841
vn 0.0836 0.1551 -0.9844
vn 0.0152 0.0047 0.9999
vn 0.0295 -0.0169 0.9994
vn 0.0214 0.2189 -0.9755
vn 0.0224 0.2199 -0.9753
vn -0.0232 0.0005 0.9997
vn 0.0035 0.0149 0.9999
vn -0.0695 0.1953 -0.9783
vn -0.0191 -0.0323 0.9993
vn -0.0196 -0.0358 0.9992
vn -0.0853 0.1925 -0.9776
vn -0.0726 0.0875 -0.9935
vn -0.0796 0.0818 -0.9935
vn -0.2821 0.4374 -0.8539
vn -0.0164 0.2885 -0.9573
vn -0.0964 0.2968 -0.9501
vn -0.4541 0.2314 -0.8604
vn -0.2195 0.2356 -0.9467
vn -0.4686 -0.0838 -0.8794
vn -0.2779 0.0575 -0.9589
vn -0.2502 -0.3575 -0.8998
vn -0.1660 -0.1324 -0.9772
vn 0.1138 -0.4133 -0.9034
vn 0.0699 -0.1762 -0.9819
vn 0.2512 -0.0337 -0.9673
vn 0.4067 -0.2142 -0.8881
vn 0.2610 0.1699 -0.9503
vn 0.4886 0.1096 -0.8656
vn 0.1481 0.2844 -0.9472
vn 0.3635 0.3730 -0.8537
vn 0.0443 0.2932 -0.9550
vn 0.1549 0.4978 -0.8534
vn -0.0228 0.5533 -0.8326
vn -0.5824 0.6523 -0.4850
vn -0.6749 0.7007 -0.2313
vn -0.1746 0.8731 -0.4551
vn -0.8382 0.2073 -0.5045
vn -0.9505 0.1785 -0.2544
vn -0.7788 -0.3292 -0.5339
vn -0.8615 -0.4189 -0.2871
vn -0.3928 -0.7304 -0.5588
vn -0.4288 -0.8472 -0.3137
vn 0.1659 -0.8095 -0.5633
vn 0.1746 -0.9315 -0.3191
vn 0.6462 -0.5329 -0.5463
vn 0.8559 -0.0260 -0.5166
vn 0.7088 -0.6383 -0.3004
vn 0.7245 0.4830 -0.4918
vn 0.9596 -0.0855 -0.2682
vn 0.3461 0.8064 -0.4795
vn 0.8333 0.4983 -0.2396
vn 0.4022 0.8876 -0.2245
vn 0.6780 -0.6793 -0.2808
vn 0.7338 -0.6793 -0.0000
vn 0.6780 -0.6793 0.2808
vn 0.5189 -0.6793 -0.5189
vn -0.0000 -0.6793 0.7338
vn -0.2808 -0.6793 0.6780
vn 0.2808 -0.6793 -0.6780
vn 0.2808 -0.6793 0.6780
vn -0.0000 -0.6793 -0.7338
vn 0.5189 -0.6793 0.5189
vn -0.2808 -0.6793 -0.6780
vn -0.5189 -0.6793 -0.5189
vn -0.6780 -0.6793 -0.2808
vn -0.7338 -0.6793 -0.0000
vn -0.6780 -0.6793 0.2808
vn -0.5189 -0.6793 0.5189
vn -0.7071 -0.0000 -0.7071
vn 0.7071 -0.0000 -0.7071
vn 0.7071 -0.0000 0.7071
vn -0.7071 -0.0000 0.7071
vn 0.8945 -0.2439 -0.3747
vn 0.9922 -0.1245 -0.0000
vn 0.9689 -0.2476 -0.0000
vn 0.9167 -0.1244 0.3797
vn 0.8951 -0.2476 0.3708
vn 0.6830 -0.2439 -0.6885
vn 0.9167 -0.1245 -0.3797
vn 0.0039 -0.2439 0.9698
vn -0.3797 -0.1245 0.9167
vn -0.3708 -0.2475 0.8951
vn 0.3675 -0.2439 -0.8975
vn 0.7016 -0.1244 -0.7016
vn 0.3797 -0.1245 0.9167
vn -0.0000 -0.1244 0.9922
vn -0.0000 -0.1244 -0.9922
vn 0.3797 -0.1244 -0.9167
vn 0.6885 -0.2439 0.6830
vn 0.3676 -0.2436 0.8975
vn 0.0039 -0.2439 -0.9698
vn -0.3797 -0.1244 -0.9167
vn -0.6885 -0.2439 -0.6830
vn -0.3675 -0.2436 -0.8976
vn -0.8975 -0.2439 -0.3675
vn -0.7016 -0.1244 -0.7016
vn -0.9698 -0.2439 0.0039
vn -0.9167 -0.1245 -0.3797
vn -0.8945 -0.2439 0.3748
vn -0.9922 -0.1244 -0.0000
vn -0.7016 -0.1244 0.7016
vn -0.9167 -0.1245 0.3797
vn 0.7016 -0.1244 0.7016
vn -0.6886 -0.2436 0.6830
vn 0.8777 -0.4793 -0.0006
vn 0.8116 -0.5843 -0.0000
vn 0.8116 -0.4720 -0.3443
vn 0.8111 -0.4793 0.3353
vn 0.5739 -0.5843 -0.5739
vn 0.6180 -0.4720 -0.6286
vn -0.3353 -0.4793 0.8111
vn -0.3106 -0.5843 0.7498
vn 0.0075 -0.4720 0.8815
vn 0.3304 -0.4720 -0.8173
vn 0.3359 -0.4793 0.8108
vn -0.0000 -0.5843 0.8116
vn -0.0000 -0.5843 -0.8116
vn -0.0075 -0.4720 -0.8815
vn 0.3106 -0.5843 0.7498
vn 0.6287 -0.4720 0.6180
vn -0.3359 -0.4793 -0.8108
vn -0.6206 -0.4793 -0.6206
vn -0.3106 -0.5843 -0.7498
vn -0.5739 -0.5843 -0.5739
vn -0.8173 -0.4720 -0.3304
vn -0.8776 -0.4793 -0.0000
vn -0.7498 -0.5843 -0.3106
vn -0.8116 -0.5843 -0.0000
vn -0.8116 -0.4720 0.3443
vn -0.7498 -0.5843 0.3106
vn -0.6180 -0.4720 0.6287
vn 0.7498 -0.5843 0.3106
vn -0.3424 -0.4920 -0.8004
vn -0.0910 -0.2538 -0.9630
vn -0.0816 -0.4988 -0.8628
vn 0.9865 -0.0000 0.1636
vn 0.9992 -0.0000 0.0405
vn 0.3754 -0.0000 -0.9269
vn 0.0941 -0.0000 -0.9956
vn -0.9269 -0.0000 -0.3754
vn -0.9956 -0.0000 -0.0941
vn -0.9865 -0.0000 0.1636
vn -0.9992 -0.0000 0.0405
vn 0.9956 -0.0000 -0.0941
vn -0.9445 -0.0000 0.3286
vn -0.8717 -0.0000 0.4900
vn -0.7688 -0.0000 0.6395
vn -0.6395 -0.0000 0.7688
vn -0.4900 -0.0000 0.8717
vn -0.3286 -0.0000 0.9445
vn -0.1636 -0.0000 0.9865
vn -0.0809 -0.0000 0.9967
vn 0.9445 -0.0000 0.3286
vn 0.8717 -0.0000 0.4900
vn 0.7688 -0.0000 0.6395
vn 0.6395 -0.0000 0.7688
vn 0.4900 -0.0000 0.8717
vn 0.3286 -0.0000 0.9445
vn 0.1636 -0.0000 0.9865
vn 0.0809 -0.0000 0.9967
vn -0.0941 -0.0000 -0.9956
vn 0.9269 -0.0000 -0.3754
vn -0.3754 -0.0000 -0.9269
vn 0.1281 0.9915 -0.0204
vn 0.2589 0.9659 -0.0101
vn 0.2552 0.9660 -0.0407
vn 0.5011 0.8652 -0.0195
vn 0.4943 0.8657 -0.0788
vn 0.1230 0.9916 -0.0411
vn 0.2450 0.9661 -0.0819
vn 0.4746 0.8658 -0.1587
vn 0.1141 0.9916 -0.0616
vn 0.2272 0.9661 -0.1228
vn 0.4402 0.8658 -0.2378
vn 0.1012 0.9916 -0.0809
vn 0.2016 0.9661 -0.1612
vn 0.3907 0.8659 -0.3124
vn 0.0848 0.9916 -0.0980
vn 0.1689 0.9661 -0.1952
vn 0.3273 0.8659 -0.3782
vn 0.1397 0.9645 -0.2243
vn 0.2606 0.8631 -0.4326
vn 0.0966 0.9645 -0.2458
vn 0.0654 0.9916 -0.1119
vn 0.1779 0.8631 -0.4726
vn 0.0517 0.9645 -0.2589
vn 0.0441 0.9916 -0.1219
vn 0.0919 0.8631 -0.4965
vn 0.0144 0.9651 -0.2615
vn 0.0220 0.9916 -0.1278
vn 0.0243 0.8638 -0.5032
vn -0.0055 0.9915 -0.1299
vn -0.0109 0.9659 -0.2588
vn -0.0211 0.8652 -0.5010
vn -0.0220 0.9916 -0.1278
vn -0.0439 0.9661 -0.2545
vn -0.0850 0.8658 -0.4931
vn -0.0441 0.9916 -0.1219
vn -0.0879 0.9661 -0.2428
vn -0.1702 0.8659 -0.4704
vn -0.0654 0.9916 -0.1119
vn -0.1303 0.9661 -0.2229
vn -0.2525 0.8659 -0.4318
vn -0.0848 0.9916 -0.0980
vn -0.1689 0.9661 -0.1952
vn -0.3273 0.8659 -0.3782
vn -0.2017 0.9645 -0.1706
vn -0.3904 0.8631 -0.3205
vn -0.6695 0.7404 -0.0592
vn -0.6871 0.7261 0.0267
vn -0.6870 0.7262 0.0266
vn -0.3074 0.9442 -0.1183
vn -0.6697 0.7402 -0.0601
vn -0.2161 0.9418 -0.2575
vn -0.5837 0.7793 -0.2281
vn -0.2456 0.7494 -0.6149
vn -0.1326 0.9359 -0.3264
vn -0.0679 0.6799 -0.7302
vn -0.0688 0.6796 -0.7304
vn 0.0678 0.6798 -0.7303
vn 0.0688 0.6796 -0.7304
vn 0.1326 0.9359 -0.3264
vn 0.2649 0.9398 -0.2156
vn 0.2456 0.7494 -0.6149
vn 0.5837 0.7793 -0.2281
vn 0.3074 0.9442 -0.1183
vn 0.6697 0.7402 -0.0601
vn 0.6695 0.7404 -0.0592
vn 0.6871 0.7261 0.0267
vn 0.6870 0.7262 0.0266
vn 0.6631 0.7410 0.1058
vn 0.6256 0.7511 0.2110
vn 0.6637 0.7404 0.1062
vn 0.5800 0.7504 0.3169
vn 0.6269 0.7496 0.2125
vn 0.5227 0.7401 0.4232
vn 0.5818 0.7478 0.3199
vn 0.4472 0.7197 0.5311
vn 0.5245 0.7362 0.4277
vn 0.3560 0.6986 0.6207
vn 0.3596 0.6948 0.6228
vn 0.2469 0.6756 0.6946
vn 0.2492 0.6728 0.6966
vn 0.1261 0.6578 0.7426
vn 0.1272 0.6562 0.7438
vn 0.0318 0.6487 0.7604
vn 0.0317 0.6483 0.7607
vn -0.0320 0.6483 0.7607
vn -0.1272 0.6562 0.7438
vn -0.0318 0.6487 0.7604
vn -0.2492 0.6728 0.6966
vn -0.1261 0.6578 0.7426
vn -0.3597 0.6948 0.6228
vn -0.2469 0.6756 0.6946
vn -0.4472 0.7197 0.5311
vn -0.3560 0.6986 0.6206
vn -0.5245 0.7362 0.4277
vn -0.5227 0.7401 0.4232
vn -0.5818 0.7477 0.3199
vn -0.5800 0.7504 0.3169
vn -0.6269 0.7496 0.2125
vn -0.6256 0.7510 0.2110
vn -0.6637 0.7404 0.1062
vn -0.6631 0.7410 0.1058
vn 0.9959 -0.0000 0.0905
vn 0.9992 -0.0000 -0.0389
vn 0.9316 -0.0000 0.3635
vn 0.7200 -0.0000 0.6940
vn 0.3875 -0.0000 0.9219
vn 0.0979 -0.0000 0.9952
vn 0.0978 -0.0000 0.9952
vn -0.0978 -0.0000 0.9952
vn -0.3875 -0.0000 0.9219
vn -0.7200 -0.0000 0.6940
vn -0.9316 -0.0000 0.3635
vn -0.9959 -0.0000 0.0905
vn -0.9992 -0.0000 -0.0389
vn -0.9875 -0.0000 -0.1574
vn -0.9484 -0.0000 -0.3171
vn -0.8798 -0.0000 -0.4754
vn -0.7810 -0.0000 -0.6245
vn -0.6543 -0.0000 -0.7562
vn -0.5048 -0.0000 -0.8632
vn -0.3403 -0.0000 -0.9403
vn -0.1700 -0.0000 -0.9854
vn -0.0422 -0.0000 -0.9991
vn 0.0422 -0.0000 -0.9991
vn 0.1700 -0.0000 -0.9854
vn 0.3403 -0.0000 -0.9403
vn 0.5048 -0.0000 -0.8632
vn 0.6543 -0.0000 -0.7562
vn 0.7810 -0.0000 -0.6245
vn 0.8798 -0.0000 -0.4754
vn 0.9484 -0.0000 -0.3171
vn 0.9875 -0.0000 -0.1574
vn 0.7045 0.7068 0.0640
vn 0.7081 0.7056 -0.0276
vn 0.6544 0.7118 0.2553
vn 0.5051 0.7127 0.4868
vn 0.6543 0.7118 0.2553
vn 0.2719 0.7125 0.6468
vn 0.0692 0.7070 0.7038
vn -0.0692 0.7070 0.7038
vn -0.2719 0.7125 0.6468
vn -0.5051 0.7127 0.4868
vn -0.6543 0.7118 0.2553
vn -0.6544 0.7118 0.2553
vn -0.7045 0.7068 0.0640
vn -0.7081 0.7056 -0.0276
vn -0.6989 0.7065 -0.1114
vn -0.6711 0.7066 -0.2244
vn -0.6225 0.7067 -0.3363
vn -0.5525 0.7068 -0.4418
vn -0.4629 0.7068 -0.5349
vn -0.3571 0.7068 -0.6107
vn -0.2408 0.7067 -0.6652
vn -0.1203 0.7066 -0.6973
vn -0.0299 0.7056 -0.7080
vn 0.0299 0.7056 -0.7080
vn 0.1203 0.7066 -0.6973
vn 0.2408 0.7067 -0.6652
vn 0.3571 0.7068 -0.6107
vn 0.4629 0.7068 -0.5349
vn 0.5525 0.7068 -0.4418
vn 0.6225 0.7067 -0.3363
vn 0.6711 0.7066 -0.2244
vn 0.6989 0.7065 -0.1114
vn -0.6709 0.7316 -0.1208
vn -0.6817 0.7316 -0.0000
vn -0.6393 0.7316 -0.2369
vn -0.5887 0.7315 -0.3439
vn -0.5214 0.7315 -0.4393
vn -0.4393 0.7315 -0.5214
vn -0.3440 0.7315 -0.5887
vn -0.2369 0.7316 -0.6393
vn -0.1208 0.7316 -0.6709
vn -0.0000 0.7316 -0.6817
vn 0.1208 0.7316 -0.6709
vn 0.2369 0.7316 -0.6393
vn 0.3440 0.7315 -0.5887
vn 0.4393 0.7315 -0.5214
vn 0.5214 0.7315 -0.4393
vn 0.5887 0.7315 -0.3439
vn 0.6393 0.7316 -0.2369
vn 0.6709 0.7316 -0.1208
vn 0.6817 0.7316 -0.0000
vn 0.6709 0.7316 0.1208
vn 0.6393 0.7316 0.2369
vn 0.5887 0.7315 0.3439
vn 0.5214 0.7315 0.4393
vn 0.4393 0.7315 0.5214
vn 0.3440 0.7315 0.5887
vn 0.2369 0.7316 0.6393
vn 0.1208 0.7316 0.6709
vn -0.0000 0.7316 0.6817
vn -0.1208 0.7316 0.6709
vn -0.2369 0.7316 0.6393
vn -0.3440 0.7315 0.5887
vn -0.4393 0.7315 0.5214
vn -0.5214 0.7315 0.4393
vn -0.5887 0.7315 0.3439
vn -0.6393 0.7316 0.2369
vn -0.6709 0.7316 0.1208
vn -0.5356 0.8390 -0.0964
vn -0.5443 0.8389 -0.0000
vn -0.5102 0.8390 -0.1891
vn -0.5356 0.8390 -0.0965
vn -0.4698 0.8390 -0.2745
vn -0.4161 0.8390 -0.3506
vn -0.3506 0.8390 -0.4161
vn -0.2745 0.8390 -0.4698
vn -0.1891 0.8390 -0.5102
vn -0.0965 0.8390 -0.5356
vn -0.0964 0.8390 -0.5356
vn -0.0000 0.8389 -0.5443
vn 0.0964 0.8390 -0.5356
vn 0.1891 0.8390 -0.5102
vn 0.0965 0.8390 -0.5356
vn 0.2745 0.8390 -0.4698
vn 0.3506 0.8390 -0.4161
vn 0.4161 0.8390 -0.3506
vn 0.4698 0.8390 -0.2745
vn 0.5102 0.8390 -0.1891
vn 0.5356 0.8390 -0.0965
vn 0.5356 0.8390 -0.0964
vn 0.5443 0.8389 -0.0000
vn 0.5356 0.8390 0.0964
vn 0.5102 0.8390 0.1891
vn 0.5356 0.8390 0.0965
vn 0.4698 0.8390 0.2745
vn 0.4161 0.8390 0.3506
vn 0.3506 0.8390 0.4161
vn 0.2745 0.8390 0.4698
vn 0.1891 0.8390 0.5102
vn 0.0965 0.8390 0.5356
vn 0.0964 0.8390 0.5356
vn -0.0000 0.8389 0.5443
vn -0.0964 0.8390 0.5356
vn -0.1891 0.8390 0.5102
vn -0.0965 0.8390 0.5356
vn -0.2745 0.8390 0.4698
vn -0.3506 0.8390 0.4161
vn -0.4161 0.8390 0.3506
vn -0.4698 0.8390 0.2745
vn -0.5102 0.8390 0.1891
vn -0.5356 0.8390 0.0965
vn -0.5356 0.8390 0.0964
vn -0.2185 -0.8586 -0.4637
vn -0.0466 -0.8685 -0.4935
vn -0.6281 -0.4918 -0.6031
vn -0.3627 -0.2574 -0.8956
vn -0.3835 -0.8580 -0.3416
vn -0.8956 -0.2574 -0.3627
vn -0.8002 -0.5046 -0.3241
vn -0.4542 -0.8717 -0.1840
vn 0.8004 -0.4920 -0.3424
vn 0.9630 -0.2538 -0.0910
vn 0.8628 -0.4988 -0.0816
vn 0.4637 -0.8586 -0.2185
vn 0.4936 -0.8685 -0.0467
vn 0.6031 -0.4918 -0.6281
vn 0.8956 -0.2574 -0.3628
vn 0.3416 -0.8580 -0.3835
vn 0.3627 -0.2574 -0.8956
vn 0.3241 -0.5046 -0.8002
vn 0.1840 -0.8717 -0.4542
vn -0.9630 -0.2538 -0.0910
vn -0.8628 -0.4988 -0.0816
vn -0.4936 -0.8685 -0.0467
vn 0.0910 -0.2538 -0.9630
vn 0.0816 -0.4988 -0.8628
vn 0.0467 -0.8684 -0.4937
vn 0.1491 -0.4929 0.8572
vn 0.0392 -0.2529 0.9667
vn 0.0351 -0.4975 0.8667
vn 0.0945 -0.8625 0.4972
vn 0.0201 -0.8677 0.4966
vn 0.2927 -0.4927 0.8195
vn 0.1582 -0.2535 0.9543
vn 0.1782 -0.8622 0.4742
vn 0.4330 -0.4925 0.7549
vn 0.3178 -0.2536 0.9136
vn 0.2595 -0.8620 0.4354
vn 0.5623 -0.4925 0.6643
vn 0.4740 -0.2537 0.8432
vn 0.3342 -0.8619 0.3813
vn 0.7437 -0.2537 0.6185
vn 0.6664 -0.4988 0.5542
vn 0.3981 -0.8619 0.3140
vn 0.8432 -0.2537 0.4740
vn 0.7556 -0.4987 0.4247
vn 0.4323 -0.8684 0.2430
vn 0.9136 -0.2536 0.3178
vn 0.8187 -0.4986 0.2848
vn 0.4685 -0.8683 0.1630
vn 0.9543 -0.2536 0.1582
vn 0.8552 -0.4985 0.1418
vn 0.4895 -0.8682 0.0811
vn -0.0392 -0.2529 0.9667
vn -0.1418 -0.4985 0.8552
vn -0.0351 -0.4975 0.8667
vn -0.0811 -0.8682 0.4895
vn -0.0201 -0.8677 0.4967
vn -0.1582 -0.2535 0.9543
vn -0.2848 -0.4986 0.8187
vn -0.1630 -0.8683 0.4685
vn -0.3178 -0.2536 0.9136
vn -0.4247 -0.4987 0.7556
vn 0.8651 0.5003 -0.0368
vn 0.9633 0.2537 0.0875
vn 0.8630 0.4990 0.0784
vn 0.9003 0.2571 0.3513
vn 0.8043 0.5046 0.3139
vn 0.6957 0.2577 0.6705
vn 0.6212 0.5056 0.5987
vn 0.3374 0.5057 0.7940
vn 0.3744 0.2576 0.8908
vn 0.0864 0.4995 0.8620
vn 0.0946 0.2539 0.9626
vn -0.0946 0.2539 0.9626
vn -0.0848 0.4992 0.8623
vn -0.3744 0.2576 0.8908
vn -0.3343 0.5054 0.7955
vn -0.6957 0.2577 0.6705
vn -0.6212 0.5056 0.5987
vn -0.8030 0.5048 0.3167
vn -0.9003 0.2571 0.3513
vn -0.8628 0.4991 0.0799
vn -0.9633 0.2537 0.0875
vn -0.8668 0.4976 -0.0337
vn -0.9668 0.2529 -0.0377
vn -0.9553 0.2535 -0.1522
vn -0.8560 0.4987 -0.1364
vn -0.9174 0.2536 -0.3068
vn -0.8220 0.4988 -0.2749
vn -0.8510 0.2536 -0.4598
vn -0.7625 0.4989 -0.4120
vn -0.7555 0.2537 -0.6040
vn -0.6768 0.4990 -0.5412
vn -0.6329 0.2537 -0.7315
vn -0.5670 0.4991 -0.6553
vn -0.4379 0.4991 -0.7478
vn -0.4883 0.2537 -0.8350
vn -0.2954 0.4990 -0.8147
vn -0.3292 0.2537 -0.9096
vn -0.1478 0.4988 -0.8540
vn -0.1644 0.2536 -0.9532
vn -0.0368 0.4977 -0.8666
vn -0.0408 0.2529 -0.9666
vn 0.0362 0.4977 -0.8666
vn 0.0408 0.2529 -0.9666
vn 0.1644 0.2536 -0.9532
vn 0.1473 0.4989 -0.8541
vn 0.3292 0.2537 -0.9096
vn 0.2949 0.4990 -0.8149
vn 0.4883 0.2537 -0.8350
vn 0.4374 0.4991 -0.7480
vn 0.6329 0.2537 -0.7315
vn 0.5670 0.4991 -0.6553
vn 0.6765 0.4990 -0.5415
vn 0.7555 0.2537 -0.6040
vn 0.7622 0.4989 -0.4124
vn 0.8510 0.2536 -0.4598
vn 0.8218 0.4988 -0.2753
vn 0.9174 0.2536 -0.3068
vn 0.8559 0.4987 -0.1368
vn 0.9553 0.2535 -0.1522
vn 0.9668 0.2529 -0.0377
vn 0.4965 0.8678 -0.0193
vn 0.4934 0.8686 0.0449
vn 0.2524 0.9676 -0.0098
vn 0.4541 0.8720 0.1826
vn 0.2507 0.9678 0.0228
vn 0.3479 0.8727 0.3427
vn 0.2314 0.9687 0.0903
vn 0.1948 0.8726 0.4479
vn 0.0961 0.9688 0.2285
vn 0.0515 0.8690 0.4922
vn 0.0246 0.9678 0.2504
vn -0.0484 0.8688 0.4928
vn -0.0246 0.9678 0.2504
vn -0.1945 0.8725 0.4482
vn -0.3553 0.8727 0.3349
vn -0.0961 0.9688 0.2286
vn -0.4538 0.8721 0.1831
vn -0.2314 0.9687 0.0903
vn -0.4929 0.8688 0.0475
vn -0.2507 0.9678 0.0228
vn -0.4965 0.8678 -0.0193
vn -0.2524 0.9676 -0.0098
vn -0.4895 0.8684 -0.0788
vn -0.4698 0.8685 -0.1579
vn -0.2488 0.9677 -0.0397
vn -0.4355 0.8686 -0.2363
vn -0.2389 0.9678 -0.0799
vn -0.3864 0.8687 -0.3100
vn -0.2215 0.9678 -0.1197
vn -0.3235 0.8687 -0.3751
vn -0.1966 0.9678 -0.1572
vn -0.2509 0.8687 -0.4271
vn -0.1271 0.9678 -0.2173
vn -0.1695 0.8687 -0.4655
vn -0.0857 0.9678 -0.2367
vn -0.0851 0.8686 -0.4882
vn -0.0428 0.9678 -0.2482
vn -0.0214 0.8679 -0.4964
vn -0.0106 0.9676 -0.2523
vn 0.0203 0.8679 -0.4963
vn 0.0106 0.9676 -0.2523
vn 0.0851 0.8686 -0.4882
vn 0.1694 0.8687 -0.4655
vn 0.0428 0.9678 -0.2482
vn 0.2508 0.8687 -0.4272
vn 0.0857 0.9678 -0.2367
vn 0.3247 0.8687 -0.3740
vn 0.1271 0.9678 -0.2173
vn 0.3864 0.8687 -0.3101
vn 0.1966 0.9678 -0.1572
vn 0.4355 0.8686 -0.2363
vn 0.2215 0.9678 -0.1197
vn 0.4698 0.8685 -0.1580
vn 0.2389 0.9678 -0.0799
vn 0.4895 0.8684 -0.0788
vn 0.2488 0.9677 -0.0397
vn -0.4755 0.8797 0.0059
vn -0.5763 0.8106 -0.1038
vn -0.4718 0.8776 -0.0850
vn -0.5763 0.8106 0.1038
vn -0.5856 0.8106 -0.0000
vn -0.4440 0.8796 0.1707
vn -0.4680 0.8803 0.0781
vn -0.4079 0.8796 0.2449
vn -0.5491 0.8106 0.2035
vn -0.3603 0.8795 0.3109
vn -0.5057 0.8106 0.2954
vn -0.3774 0.8105 0.4479
vn -0.4479 0.8105 0.3774
vn -0.3109 0.8795 0.3603
vn -0.2954 0.8106 0.5057
vn -0.2449 0.8796 0.4079
vn -0.2035 0.8106 0.5491
vn -0.1707 0.8796 0.4440
vn -0.1038 0.8106 0.5763
vn 0.0059 0.8797 0.4755
vn -0.0901 0.8803 0.4659
vn 0.1038 0.8106 0.5763
vn -0.0000 0.8106 0.5856
vn 0.1707 0.8796 0.4440
vn 0.0781 0.8803 0.4680
vn 0.2449 0.8796 0.4079
vn 0.2035 0.8106 0.5491
vn 0.3109 0.8795 0.3603
vn 0.2954 0.8106 0.5057
vn 0.4479 0.8105 0.3774
vn 0.3774 0.8105 0.4479
vn 0.3603 0.8795 0.3109
vn 0.5057 0.8106 0.2954
vn 0.4079 0.8796 0.2449
vn 0.5491 0.8106 0.2035
vn 0.4440 0.8796 0.1707
vn 0.5763 0.8106 0.1038
vn 0.4755 0.8797 -0.0059
vn 0.4659 0.8803 0.0901
vn 0.5763 0.8106 -0.1038
vn 0.5856 0.8106 -0.0000
vn 0.4440 0.8796 -0.1707
vn 0.4680 0.8803 -0.0781
vn 0.4079 0.8796 -0.2449
vn 0.5491 0.8106 -0.2035
vn 0.3603 0.8795 -0.3109
vn 0.5057 0.8106 -0.2954
vn 0.3774 0.8105 -0.4479
vn 0.4479 0.8105 -0.3774
vn 0.3109 0.8795 -0.3603
vn 0.2954 0.8106 -0.5057
vn 0.2449 0.8796 -0.4079
vn 0.2035 0.8106 -0.5491
vn 0.1707 0.8796 -0.4440
vn 0.1038 0.8106 -0.5763
vn -0.0059 0.8797 -0.4755
vn 0.0901 0.8803 -0.4659
vn -0.1038 0.8106 -0.5763
vn -0.0000 0.8106 -0.5856
vn -0.1707 0.8796 -0.4440
vn -0.0781 0.8803 -0.4680
vn -0.2449 0.8796 -0.4079
vn -0.2035 0.8106 -0.5491
vn -0.3109 0.8795 -0.3603
vn -0.2954 0.8106 -0.5057
vn -0.4479 0.8105 -0.3774
vn -0.3774 0.8105 -0.4479
vn -0.3602 0.8795 -0.3110
vn -0.5057 0.8106 -0.2954
vn -0.4079 0.8796 -0.2449
vn -0.5491 0.8106 -0.2035
vn -0.4440 0.8796 -0.1707
vn -0.2514 0.9678 -0.0066
vn -0.1219 0.9923 -0.0219
vn -0.2429 0.9691 -0.0437
vn -0.1161 0.9923 -0.0430
vn -0.2314 0.9691 -0.0858
vn -0.1070 0.9923 -0.0625
vn -0.2132 0.9690 -0.1245
vn -0.1879 0.9690 -0.1604
vn -0.0947 0.9923 -0.0798
vn -0.1580 0.9690 -0.1899
vn -0.0798 0.9923 -0.0947
vn -0.0625 0.9923 -0.1070
vn -0.1245 0.9690 -0.2132
vn -0.0844 0.9690 -0.2322
vn -0.0430 0.9923 -0.1161
vn -0.0422 0.9690 -0.2434
vn -0.0219 0.9923 -0.1219
vn 0.0015 0.9690 -0.2470
vn -0.0000 0.9923 -0.1238
vn 0.0219 0.9923 -0.1219
vn 0.0437 0.9691 -0.2429
vn 0.0430 0.9923 -0.1162
vn 0.0858 0.9691 -0.2314
vn 0.0625 0.9923 -0.1070
vn 0.1245 0.9690 -0.2132
vn 0.1604 0.9690 -0.1879
vn 0.0798 0.9923 -0.0947
vn 0.0947 0.9923 -0.0798
vn 0.1888 0.9690 -0.1591
vn 0.1070 0.9923 -0.0625
vn 0.2132 0.9690 -0.1245
vn 0.2322 0.9690 -0.0844
vn 0.1161 0.9923 -0.0430
vn 0.2434 0.9690 -0.0422
vn 0.1219 0.9923 -0.0219
vn 0.2470 0.9690 0.0015
vn 0.1238 0.9923 -0.0000
vn 0.1219 0.9923 0.0219
vn 0.2429 0.9691 0.0437
vn 0.1161 0.9923 0.0430
vn 0.2314 0.9691 0.0858
vn 0.1070 0.9923 0.0625
vn 0.2132 0.9690 0.1245
vn 0.1879 0.9690 0.1604
vn 0.0947 0.9923 0.0798
vn 0.0798 0.9923 0.0947
vn 0.1591 0.9690 0.1888
vn 0.0625 0.9923 0.1070
vn 0.1245 0.9691 0.2131
vn 0.0844 0.9690 0.2322
vn 0.0430 0.9923 0.1161
vn 0.0422 0.9690 0.2434
vn 0.0219 0.9923 0.1219
vn -0.0015 0.9690 0.2470
vn -0.0000 0.9923 0.1238
vn -0.0219 0.9923 0.1219
vn -0.0437 0.9691 0.2429
vn -0.0430 0.9923 0.1161
vn -0.0858 0.9691 0.2314
vn -0.0625 0.9923 0.1070
vn -0.1245 0.9690 0.2132
vn -0.1604 0.9690 0.1879
vn -0.0798 0.9923 0.0947
vn -0.1899 0.9690 0.1580
vn -0.0947 0.9923 0.0798
vn -0.1070 0.9923 0.0625
vn -0.2131 0.9691 0.1245
vn -0.2322 0.9690 0.0844
vn -0.1161 0.9923 0.0430
vn -0.2434 0.9690 0.0422
vn -0.1219 0.9923 0.0219
vn -0.1238 0.9923 -0.0000
vn -0.3719 0.9283 0.0044
vn -0.4542 0.8871 -0.0817
vn -0.3683 0.9273 -0.0663
vn -0.4327 0.8872 -0.1604
vn -0.3509 0.9274 -0.1301
vn -0.3985 0.8872 -0.2328
vn -0.3231 0.9274 -0.1888
vn -0.2872 0.9275 -0.2393
vn -0.3529 0.8871 -0.2974
vn -0.2974 0.8871 -0.3529
vn -0.2411 0.9273 -0.2862
vn -0.2328 0.8872 -0.3985
vn -0.1888 0.9273 -0.3231
vn -0.1319 0.9275 -0.3497
vn -0.1603 0.8872 -0.4327
vn -0.0683 0.9275 -0.3675
vn -0.0818 0.8871 -0.4542
vn -0.0021 0.9275 -0.3739
vn -0.0000 0.8871 -0.4616
vn 0.0818 0.8871 -0.4542
vn 0.0663 0.9273 -0.3683
vn 0.1603 0.8871 -0.4327
vn 0.1301 0.9274 -0.3509
vn 0.2328 0.8872 -0.3985
vn 0.1888 0.9274 -0.3231
vn 0.2393 0.9275 -0.2872
vn 0.2974 0.8871 -0.3529
vn 0.2845 0.9275 -0.2424
vn 0.3529 0.8871 -0.2974
vn 0.3985 0.8872 -0.2328
vn 0.3231 0.9274 -0.1888
vn 0.3497 0.9275 -0.1319
vn 0.4327 0.8872 -0.1604
vn 0.3675 0.9275 -0.0684
vn 0.4542 0.8871 -0.0818
vn 0.3739 0.9275 -0.0021
vn 0.4616 0.8871 -0.0000
vn 0.4542 0.8871 0.0818
vn 0.3683 0.9273 0.0663
vn 0.4327 0.8872 0.1604
vn 0.3509 0.9274 0.1301
vn 0.3985 0.8872 0.2328
vn 0.3231 0.9273 0.1888
vn 0.2872 0.9275 0.2393
vn 0.3529 0.8871 0.2974
vn 0.2424 0.9275 0.2845
vn 0.2974 0.8871 0.3529
vn 0.2328 0.8872 0.3985
vn 0.1888 0.9274 0.3231
vn 0.1319 0.9275 0.3497
vn 0.1603 0.8872 0.4327
vn 0.0684 0.9275 0.3675
vn 0.0818 0.8871 0.4542
vn 0.0021 0.9275 0.3739
vn -0.0000 0.8871 0.4616
vn -0.0818 0.8871 0.4542
vn -0.0663 0.9273 0.3683
vn -0.1603 0.8872 0.4327
vn -0.1301 0.9274 0.3509
vn -0.2328 0.8872 0.3985
vn -0.1888 0.9274 0.3231
vn -0.2393 0.9275 0.2872
vn -0.2974 0.8871 0.3529
vn -0.3529 0.8871 0.2974
vn -0.2862 0.9273 0.2411
vn -0.3985 0.8872 0.2328
vn -0.3231 0.9273 0.1888
vn -0.3497 0.9275 0.1319
vn -0.4327 0.8872 0.1604
vn -0.3675 0.9275 0.0683
vn -0.4542 0.8871 0.0817
vn -0.4616 0.8871 -0.0000
vn -0.9451 0.3267 0.0024
vn -0.9708 0.1640 -0.1748
vn -0.9305 0.3256 -0.1676
vn -0.9250 0.1640 -0.3428
vn -0.8866 0.3256 -0.3286
vn -0.8517 0.1640 -0.4976
vn -0.8164 0.3256 -0.4770
vn -0.7241 0.3261 -0.6077
vn -0.7544 0.1640 -0.6356
vn -0.6104 0.3262 -0.7218
vn -0.6356 0.1640 -0.7544
vn -0.4976 0.1640 -0.8518
vn -0.4770 0.3256 -0.8164
vn -0.3302 0.3262 -0.8857
vn -0.3428 0.1640 -0.9250
vn -0.1693 0.3262 -0.9300
vn -0.1748 0.1640 -0.9708
vn -0.0018 0.3261 -0.9453
vn -0.0000 0.1640 -0.9865
vn 0.1748 0.1640 -0.9708
vn 0.1676 0.3256 -0.9305
vn 0.3428 0.1640 -0.9250
vn 0.3286 0.3257 -0.8866
vn 0.4976 0.1640 -0.8518
vn 0.4770 0.3256 -0.8164
vn 0.6078 0.3262 -0.7241
vn 0.6356 0.1640 -0.7544
vn 0.7544 0.1640 -0.6356
vn 0.7231 0.3256 -0.6092
vn 0.8517 0.1640 -0.4976
vn 0.8164 0.3256 -0.4770
vn 0.8857 0.3262 -0.3302
vn 0.9250 0.1640 -0.3428
vn 0.9300 0.3262 -0.1693
vn 0.9708 0.1640 -0.1748
vn 0.9453 0.3261 -0.0018
vn 0.9865 0.1640 -0.0000
vn 0.9708 0.1640 0.1748
vn 0.9305 0.3257 0.1676
vn 0.9250 0.1640 0.3428
vn 0.8866 0.3256 0.3286
vn 0.8517 0.1640 0.4976
vn 0.8164 0.3256 0.4770
vn 0.7241 0.3261 0.6077
vn 0.7544 0.1640 0.6356
vn 0.6356 0.1640 0.7544
vn 0.6092 0.3256 0.7231
vn 0.4976 0.1640 0.8518
vn 0.4770 0.3256 0.8164
vn 0.3302 0.3262 0.8857
vn 0.3428 0.1640 0.9250
vn 0.1693 0.3262 0.9300
vn 0.1748 0.1640 0.9708
vn 0.0018 0.3261 0.9453
vn -0.0000 0.1640 0.9865
vn -0.1748 0.1640 0.9708
vn -0.1676 0.3256 0.9305
vn -0.3428 0.1640 0.9250
vn -0.3286 0.3257 0.8866
vn -0.4976 0.1640 0.8518
vn -0.4770 0.3256 0.8164
vn -0.6078 0.3261 0.7241
vn -0.6356 0.1640 0.7544
vn -0.7544 0.1640 0.6356
vn -0.7231 0.3256 0.6092
vn -0.8517 0.1640 0.4976
vn -0.8164 0.3256 0.4770
vn -0.8857 0.3262 0.3302
vn -0.9250 0.1640 0.3428
vn -0.9300 0.3262 0.1693
vn -0.9708 0.1640 0.1748
vn -0.9865 0.1640 -0.0000
vn -0.2467 0.9691 -0.0000
vn -0.2425 0.9691 -0.0449
vn -0.2357 0.9706 0.0493
vn -0.2314 0.9691 0.0858
vn -0.1888 0.9691 0.1591
vn -0.1590 0.9691 0.1887
vn -0.1159 0.9705 0.2114
vn -0.0775 0.9705 0.2282
vn -0.0360 0.9706 0.2381
vn -0.0000 0.9691 0.2467
vn 0.0493 0.9706 0.2357
vn 0.0858 0.9691 0.2314
vn 0.1590 0.9691 0.1888
vn 0.1885 0.9705 0.1504
vn 0.2114 0.9705 0.1159
vn 0.2282 0.9705 0.0775
vn 0.2381 0.9706 0.0360
vn 0.2467 0.9691 -0.0000
vn 0.2357 0.9706 -0.0493
vn 0.2314 0.9691 -0.0858
vn 0.2131 0.9691 -0.1245
vn 0.1888 0.9691 -0.1591
vn 0.1590 0.9691 -0.1887
vn 0.1159 0.9705 -0.2114
vn 0.0775 0.9705 -0.2282
vn 0.0430 0.9923 -0.1161
vn 0.0360 0.9706 -0.2381
vn -0.0000 0.9691 -0.2467
vn -0.0493 0.9706 -0.2357
vn -0.0858 0.9691 -0.2314
vn -0.1245 0.9691 -0.2131
vn -0.1590 0.9691 -0.1888
vn -0.1888 0.9690 -0.1591
vn -0.2114 0.9705 -0.1159
vn -0.2282 0.9705 -0.0775
vn -0.4795 0.8776 -0.0000
vn -0.4723 0.8775 -0.0837
vn -0.4572 0.8743 -0.1629
vn -0.4221 0.8743 -0.2396
vn -0.3660 0.8774 -0.3102
vn -0.3081 0.8774 -0.3678
vn -0.2431 0.8774 -0.4135
vn -0.1654 0.8774 -0.4503
vn -0.0836 0.8775 -0.4723
vn 0.0013 0.8775 -0.4796
vn 0.0837 0.8775 -0.4722
vn 0.1629 0.8743 -0.4572
vn 0.2396 0.8743 -0.4220
vn 0.3102 0.8774 -0.3660
vn 0.3678 0.8774 -0.3081
vn 0.4135 0.8774 -0.2431
vn 0.4503 0.8774 -0.1654
vn 0.4723 0.8775 -0.0836
vn 0.4796 0.8775 0.0013
vn 0.4723 0.8775 0.0837
vn 0.4572 0.8743 0.1629
vn 0.4135 0.8774 0.2432
vn 0.3660 0.8774 0.3102
vn 0.3101 0.8774 0.3661
vn 0.2431 0.8774 0.4135
vn 0.1654 0.8774 0.4503
vn 0.0836 0.8775 0.4723
vn -0.0013 0.8775 0.4796
vn -0.0837 0.8775 0.4723
vn -0.1629 0.8743 0.4572
vn -0.2396 0.8743 0.4220
vn -0.3102 0.8774 0.3660
vn -0.3661 0.8774 0.3101
vn -0.4135 0.8774 0.2431
vn -0.4502 0.8775 0.1654
vn -0.4723 0.8775 0.0836
vn -0.1904 0.9817 -0.0000
vn -0.1866 0.9818 -0.0356
vn -0.0954 0.9954 -0.0000
vn -0.1774 0.9818 -0.0678
vn -0.0939 0.9954 -0.0169
vn -0.1630 0.9818 -0.0975
vn -0.0894 0.9954 -0.0332
vn -0.1466 0.9818 -0.1208
vn -0.0729 0.9954 -0.0614
vn -0.1239 0.9818 -0.1438
vn -0.0614 0.9954 -0.0729
vn -0.0941 0.9818 -0.1650
vn -0.0680 0.9818 -0.1773
vn -0.0332 0.9954 -0.0894
vn -0.0358 0.9818 -0.1865
vn -0.0169 0.9954 -0.0938
vn -0.0021 0.9818 -0.1899
vn -0.0000 0.9954 -0.0954
vn 0.0356 0.9818 -0.1866
vn 0.0678 0.9818 -0.1774
vn 0.0169 0.9954 -0.0938
vn 0.0975 0.9818 -0.1630
vn 0.0332 0.9954 -0.0894
vn 0.1207 0.9818 -0.1465
vn 0.0614 0.9954 -0.0729
vn 0.0729 0.9954 -0.0614
vn 0.1447 0.9827 -0.1153
vn 0.1650 0.9818 -0.0941
vn 0.1773 0.9818 -0.0680
vn 0.0894 0.9954 -0.0332
vn 0.1865 0.9818 -0.0358
vn 0.0939 0.9954 -0.0169
vn 0.1900 0.9818 -0.0021
vn 0.0954 0.9954 -0.0000
vn 0.1866 0.9818 0.0356
vn 0.1774 0.9818 0.0679
vn 0.0939 0.9954 0.0169
vn 0.1630 0.9818 0.0975
vn 0.0894 0.9954 0.0332
vn 0.1466 0.9818 0.1208
vn 0.0729 0.9954 0.0614
vn 0.0614 0.9954 0.0729
vn 0.1153 0.9827 0.1447
vn 0.0941 0.9818 0.1650
vn 0.0680 0.9818 0.1773
vn 0.0332 0.9954 0.0894
vn 0.0358 0.9818 0.1865
vn 0.0169 0.9954 0.0938
vn 0.0021 0.9818 0.1899
vn -0.0000 0.9954 0.0954
vn -0.0356 0.9818 0.1866
vn -0.0679 0.9818 0.1774
vn -0.0169 0.9954 0.0939
vn -0.0975 0.9818 0.1630
vn -0.0332 0.9954 0.0894
vn -0.1208 0.9818 0.1466
vn -0.0614 0.9954 0.0729
vn -0.1439 0.9818 0.1239
vn -0.1650 0.9818 0.0941
vn -0.0729 0.9954 0.0614
vn -0.1773 0.9818 0.0680
vn -0.0894 0.9954 0.0332
vn -0.1865 0.9818 0.0358
vn -0.0939 0.9954 0.0169
vn -0.7869 0.6171 -0.0000
vn -0.7733 0.6178 -0.1424
vn -0.6739 0.7388 -0.0000
vn -0.7362 0.6179 -0.2762
vn -0.6631 0.7389 -0.1195
vn -0.5818 0.7389 -0.3399
vn -0.6735 0.6217 -0.3999
vn -0.6034 0.6180 -0.5040
vn -0.5153 0.7389 -0.4342
vn -0.5043 0.6178 -0.6033
vn -0.3939 0.6179 -0.6805
vn -0.4342 0.7389 -0.5153
vn -0.2703 0.6179 -0.7383
vn -0.3399 0.7389 -0.5818
vn -0.1427 0.6180 -0.7731
vn -0.1195 0.7389 -0.6631
vn -0.0033 0.6179 -0.7863
vn -0.0000 0.7388 -0.6739
vn 0.1424 0.6178 -0.7733
vn 0.2762 0.6179 -0.7362
vn 0.1195 0.7389 -0.6631
vn 0.3937 0.6180 -0.6805
vn 0.3399 0.7389 -0.5818
vn 0.5040 0.6180 -0.6034
vn 0.4342 0.7389 -0.5153
vn 0.5991 0.6180 -0.5091
vn 0.6805 0.6179 -0.3939
vn 0.5153 0.7389 -0.4342
vn 0.7360 0.6180 -0.2764
vn 0.5818 0.7389 -0.3399
vn 0.7731 0.6180 -0.1427
vn 0.6631 0.7389 -0.1195
vn 0.7863 0.6179 -0.0033
vn 0.6739 0.7388 -0.0000
vn 0.7733 0.6178 0.1424
vn 0.7362 0.6179 0.2762
vn 0.6631 0.7389 0.1195
vn 0.5818 0.7389 0.3399
vn 0.6735 0.6217 0.3999
vn 0.6034 0.6180 0.5040
vn 0.5153 0.7389 0.4342
vn 0.4342 0.7389 0.5153
vn 0.5005 0.6216 0.6026
vn 0.3939 0.6179 0.6805
vn 0.2764 0.6180 0.7360
vn 0.3399 0.7389 0.5818
vn 0.1427 0.6180 0.7731
vn 0.1195 0.7389 0.6631
vn 0.0033 0.6179 0.7863
vn -0.0000 0.7388 0.6739
vn -0.1424 0.6178 0.7733
vn -0.2762 0.6179 0.7362
vn -0.1195 0.7389 0.6631
vn -0.3399 0.7389 0.5818
vn -0.3999 0.6217 0.6735
vn -0.5040 0.6180 0.6034
vn -0.4342 0.7389 0.5153
vn -0.5153 0.7389 0.4342
vn -0.6026 0.6216 0.5005
vn -0.6805 0.6179 0.3939
vn -0.7360 0.6180 0.2764
vn -0.5818 0.7389 0.3399
vn -0.7731 0.6180 0.1427
vn -0.6631 0.7389 0.1195
vn 0.5037 0.8623 0.0523
vn 0.6103 0.7918 -0.0238
vn 0.4658 0.8628 0.1964
vn 0.6070 0.7928 0.0551
vn 0.3532 0.8633 0.3605
vn 0.5628 0.7969 0.2196
vn 0.2338 0.7975 0.5562
vn 0.4343 0.7976 0.4186
vn 0.2088 0.8631 0.4598
vn 0.0596 0.7930 0.6063
vn -0.0566 0.8621 0.5035
vn 0.0566 0.8621 0.5035
vn -0.2088 0.8631 0.4598
vn -0.0596 0.7930 0.6063
vn -0.3730 0.8634 0.3396
vn -0.2338 0.7975 0.5562
vn -0.5628 0.7969 0.2196
vn -0.4343 0.7976 0.4186
vn -0.4658 0.8628 0.1964
vn -0.6070 0.7928 0.0551
vn -0.5037 0.8623 0.0523
vn -0.6103 0.7918 -0.0238
vn -0.4983 0.8628 -0.0853
vn -0.5038 0.8637 -0.0168
vn -0.4776 0.8627 -0.1662
vn -0.6022 0.7925 -0.0960
vn -0.4420 0.8626 -0.2461
vn -0.5782 0.7926 -0.1933
vn -0.5363 0.7927 -0.2898
vn -0.4760 0.7928 -0.3806
vn -0.3076 0.7928 -0.5261
vn -0.3988 0.7928 -0.4609
vn -0.2074 0.7928 -0.5731
vn -0.1036 0.7927 -0.6008
vn -0.0257 0.7919 -0.6102
vn 0.0257 0.7919 -0.6102
vn 0.1036 0.7927 -0.6008
vn 0.2074 0.7928 -0.5731
vn 0.3076 0.7928 -0.5261
vn 0.4760 0.7928 -0.3806
vn 0.3988 0.7928 -0.4609
vn 0.5363 0.7927 -0.2898
vn 0.5782 0.7926 -0.1933
vn 0.6022 0.7925 -0.0960
vn 0.2572 0.9661 0.0233
vn 0.1291 0.9916 0.0117
vn 0.2374 0.9670 0.0926
vn 0.1190 0.9918 0.0464
vn 0.1830 0.9672 0.1764
vn 0.0917 0.9919 0.0884
vn 0.0911 0.9620 0.2576
vn 0.0493 0.9918 0.1175
vn 0.0182 0.9638 0.2659
vn 0.0127 0.9916 0.1289
vn -0.0339 0.9638 0.2644
vn -0.0985 0.9671 0.2345
vn -0.0493 0.9918 0.1175
vn -0.1830 0.9672 0.1764
vn -0.0917 0.9919 0.0884
vn -0.2590 0.9621 0.0849
vn -0.1190 0.9918 0.0464
vn -0.2655 0.9640 0.0168
vn -0.1291 0.9916 0.0117
vn -0.2619 0.9650 -0.0134
vn -0.2552 0.9660 -0.0407
vn -0.1281 0.9915 -0.0204
vn -0.2450 0.9661 -0.0819
vn -0.1230 0.9916 -0.0411
vn -0.2272 0.9661 -0.1228
vn -0.1141 0.9916 -0.0616
vn -0.1012 0.9916 -0.0809
vn 0.0350 0.4523 0.8912
vn -0.0335 0.5550 0.8312
vn -0.0362 0.4534 0.8906
vn 0.8559 0.5160 0.0342
vn 0.7656 0.6396 -0.0693
vn 0.7786 0.6268 0.0310
vn -0.0816 0.4739 -0.8768
vn 0.0739 0.5804 -0.8110
vn 0.0802 0.4761 -0.8757
vn -0.8568 0.5145 0.0334
vn -0.7656 0.6396 -0.0693
vn -0.8457 0.5280 -0.0771
vn -0.7574 0.6411 0.1239
vn -0.7786 0.6268 0.0310
vn 0.7574 0.6411 0.1239
vn 0.8374 0.5291 0.1375
vn -0.8380 0.5267 0.1423
vn -0.7178 0.6507 0.2477
vn -0.7971 0.5344 0.2810
vn -0.6636 0.6497 0.3708
vn -0.7359 0.5330 0.4176
vn -0.5924 0.6394 0.4902
vn -0.6531 0.5234 0.5473
vn -0.5019 0.6213 0.6017
vn -0.4316 0.4892 0.7579
vn -0.5486 0.5076 0.6644
vn -0.2938 0.4713 0.8316
vn -0.3936 0.5994 0.6970
vn -0.1489 0.4578 0.8765
vn -0.2690 0.5784 0.7701
vn -0.1358 0.5625 0.8155
vn 0.7178 0.6507 0.2477
vn 0.7969 0.5375 0.2757
vn 0.6636 0.6497 0.3708
vn 0.7365 0.5363 0.4123
vn 0.5924 0.6394 0.4902
vn 0.6544 0.5267 0.5425
vn 0.5019 0.6213 0.6017
vn 0.5503 0.5108 0.6605
vn 0.4274 0.4918 0.7586
vn 0.3936 0.5994 0.6970
vn 0.2899 0.4736 0.8316
vn 0.2690 0.5784 0.7701
vn 0.1455 0.4599 0.8760
vn 0.1358 0.5625 0.8155
vn 0.0339 0.5550 0.8312
vn 0.2803 0.6475 -0.7086
vn 0.3122 0.5355 -0.7847
vn -0.6811 0.6808 -0.2696
vn -0.7663 0.5653 -0.3053
vn 0.5119 0.6894 -0.5125
vn 0.5793 0.5726 -0.5801
vn 0.7670 0.5650 -0.3042
vn 0.6811 0.6808 -0.2696
vn 0.8458 0.5272 -0.0818
vn -0.5119 0.6894 -0.5125
vn -0.5793 0.5726 -0.5801
vn -0.3115 0.5351 -0.7853
vn -0.2803 0.6475 -0.7086
vn -0.0739 0.5804 -0.8110
vn -0.0395 0.2327 0.9717
vn 0.0403 0.1168 0.9923
vn 0.0388 0.2320 0.9719
vn 0.9627 0.2679 0.0387
vn 0.9900 0.1353 0.0400
vn 0.9583 0.2709 -0.0910
vn 0.0897 0.2472 -0.9648
vn 0.0926 0.1258 -0.9877
vn -0.0934 0.2425 -0.9656
vn -0.9627 0.2679 0.0387
vn -0.9572 0.2756 -0.0889
vn -0.9900 0.1353 0.0400
vn -0.9495 0.2717 0.1570
vn 0.9486 0.2752 0.1566
vn -0.9770 0.1388 0.1618
vn -0.9081 0.2764 0.3145
vn -0.9351 0.1408 0.3251
vn -0.8388 0.2759 0.4693
vn -0.8632 0.1402 0.4850
vn -0.7416 0.2710 0.6137
vn -0.7617 0.1374 0.6332
vn -0.6188 0.2627 0.7403
vn -0.4742 0.2540 0.8430
vn -0.4863 0.1276 0.8644
vn -0.3189 0.2439 0.9159
vn -0.3262 0.1225 0.9373
vn -0.1591 0.2364 0.9585
vn -0.1627 0.1187 0.9795
vn -0.0403 0.1168 0.9923
vn 0.9070 0.2796 0.3148
vn 0.9770 0.1388 0.1618
vn 0.8375 0.2788 0.4700
vn 0.9351 0.1408 0.3251
vn 0.7399 0.2734 0.6147
vn 0.8632 0.1402 0.4850
vn 0.6169 0.2645 0.7413
vn 0.7614 0.1374 0.6336
vn 0.4741 0.2539 0.8430
vn 0.4861 0.1276 0.8645
vn 0.3188 0.2438 0.9159
vn 0.3262 0.1225 0.9373
vn 0.1590 0.2364 0.9586
vn 0.1625 0.1187 0.9795
vn 0.3577 0.2794 -0.8910
vn -0.8863 0.2962 -0.3561
vn -0.9859 0.1398 -0.0925
vn 0.6736 0.3005 -0.6752
vn 0.3708 0.1420 -0.9178
vn 0.8862 0.2962 -0.3561
vn 0.9166 0.1499 -0.3706
vn 0.9859 0.1398 -0.0925
vn -0.6747 0.3008 -0.6740
vn -0.9166 0.1499 -0.3706
vn -0.3577 0.2795 -0.8910
vn -0.3708 0.1420 -0.9178
vn -0.0926 0.1258 -0.9877
vn 0.9992 -0.0000 -0.0405
vn 0.9956 -0.0000 0.0941
vn 0.9865 -0.0000 -0.1636
vn 0.9445 -0.0000 -0.3286
vn 0.8717 -0.0000 -0.4900
vn 0.7688 -0.0000 -0.6395
vn 0.6395 -0.0000 -0.7688
vn 0.4900 -0.0000 -0.8717
vn 0.3286 -0.0000 -0.9445
vn 0.1636 -0.0000 -0.9865
vn 0.0405 -0.0000 -0.9992
vn -0.0405 -0.0000 -0.9992
vn -0.1636 -0.0000 -0.9865
vn -0.3286 -0.0000 -0.9445
vn -0.4900 -0.0000 -0.8717
vn -0.6395 -0.0000 -0.7688
vn -0.7688 -0.0000 -0.6395
vn -0.8717 -0.0000 -0.4900
vn -0.9445 -0.0000 -0.3286
vn -0.9865 -0.0000 -0.1636
vn -0.9992 -0.0000 -0.0405
vn -0.9956 -0.0000 0.0941
vn -0.9269 -0.0000 0.3754
vn -0.3754 -0.0000 0.9269
vn -0.0941 -0.0000 0.9956
vn 0.0941 -0.0000 0.9956
vn 0.3754 -0.0000 0.9269
vn 0.9269 -0.0000 0.3754
vn 0.0102 -0.9676 0.2523
vn 0.5017 -0.8649 0.0146
vn 0.2506 -0.9678 -0.0237
vn -0.0237 -0.9678 -0.2506
vn -0.4967 -0.8677 0.0202
vn -0.2506 -0.9678 -0.0237
vn -0.2523 -0.9676 0.0102
vn -0.2485 -0.9678 0.0412
vn -0.4895 -0.8682 0.0811
vn 0.2485 -0.9678 0.0412
vn 0.2523 -0.9676 0.0102
vn -0.2378 -0.9678 0.0827
vn -0.4685 -0.8683 0.1630
vn -0.2195 -0.9678 0.1234
vn -0.4323 -0.8684 0.2430
vn -0.1935 -0.9678 0.1610
vn -0.3813 -0.8684 0.3171
vn -0.1610 -0.9678 0.1935
vn -0.3170 -0.8684 0.3812
vn -0.2419 -0.8683 0.4330
vn -0.1234 -0.9678 0.2195
vn -0.0827 -0.9678 0.2378
vn -0.0412 -0.9678 0.2485
vn -0.0102 -0.9676 0.2523
vn 0.2378 -0.9678 0.0827
vn 0.2195 -0.9678 0.1234
vn 0.1935 -0.9678 0.1610
vn 0.1610 -0.9678 0.1935
vn 0.1234 -0.9678 0.2195
vn 0.0827 -0.9678 0.2378
vn 0.0412 -0.9678 0.2485
vn 0.0932 -0.9687 -0.2300
vn 0.0237 -0.9678 -0.2506
vn -0.2300 -0.9687 -0.0932
vn 0.1752 -0.9688 -0.1752
vn 0.2300 -0.9687 -0.0932
vn -0.1752 -0.9688 -0.1752
vn -0.0932 -0.9687 -0.2300
vn 0.8668 -0.4975 0.0351
vn 0.9667 -0.2529 0.0392
vn -0.8667 -0.4975 0.0352
vn -0.9667 -0.2529 0.0392
vn -0.8554 -0.4985 0.1410
vn -0.8190 -0.4986 0.2841
vn -0.9543 -0.2536 0.1582
vn -0.7560 -0.4987 0.4241
vn -0.9136 -0.2536 0.3178
vn -0.6669 -0.4988 0.5537
vn -0.8432 -0.2537 0.4740
vn -0.5537 -0.4987 0.6669
vn -0.7437 -0.2537 0.6185
vn -0.4740 -0.2537 0.8432
vn 0.9842 -0.0000 0.1772
vn 0.9377 -0.0000 0.3475
vn 0.8634 -0.0000 0.5045
vn 0.7647 -0.0000 0.6443
vn 0.6443 -0.0000 0.7647
vn 0.5045 -0.0000 0.8634
vn 0.3475 -0.0000 0.9377
vn 0.1772 -0.0000 0.9842
vn -0.1772 -0.0000 0.9842
vn -0.3475 -0.0000 0.9377
vn -0.5045 -0.0000 0.8634
vn -0.6443 -0.0000 0.7647
vn -0.7647 -0.0000 0.6443
vn -0.8634 -0.0000 0.5045
vn -0.9377 -0.0000 0.3475
vn -0.9842 -0.0000 0.1772
vn -0.9842 -0.0000 -0.1772
vn -0.9377 -0.0000 -0.3475
vn -0.8634 -0.0000 -0.5045
vn -0.7647 -0.0000 -0.6443
vn -0.6443 -0.0000 -0.7647
vn -0.5045 -0.0000 -0.8634
vn -0.3475 -0.0000 -0.9377
vn -0.1772 -0.0000 -0.9842
vn 0.1772 -0.0000 -0.9842
vn 0.3475 -0.0000 -0.9377
vn 0.5045 -0.0000 -0.8634
vn 0.6443 -0.0000 -0.7647
vn 0.7647 -0.0000 -0.6443
vn 0.9377 -0.0000 -0.3475
vn 0.9842 -0.0000 -0.1772
vn 0.7035 -0.6993 -0.1266
vn 0.7149 -0.6992 -0.0000
vn 0.6701 -0.6995 -0.2483
vn 0.7035 -0.6993 -0.1268
vn 0.6170 -0.6995 -0.3605
vn 0.6701 -0.6995 -0.2484
vn 0.5465 -0.6995 -0.4604
vn 0.4605 -0.6995 -0.5465
vn 0.4604 -0.6995 -0.5465
vn 0.3605 -0.6995 -0.6170
vn 0.2484 -0.6995 -0.6701
vn 0.2483 -0.6995 -0.6701
vn 0.1268 -0.6993 -0.7035
vn 0.1266 -0.6993 -0.7035
vn -0.0000 -0.6992 -0.7149
vn -0.1269 -0.6993 -0.7035
vn -0.2483 -0.6995 -0.6701
vn -0.1268 -0.6993 -0.7035
vn -0.3605 -0.6995 -0.6170
vn -0.2484 -0.6995 -0.6701
vn -0.4605 -0.6995 -0.5465
vn -0.4604 -0.6995 -0.5465
vn -0.5465 -0.6995 -0.4604
vn -0.6170 -0.6995 -0.3605
vn -0.6701 -0.6995 -0.2484
vn -0.6701 -0.6995 -0.2483
vn -0.7035 -0.6993 -0.1268
vn -0.7035 -0.6993 -0.1266
vn -0.7149 -0.6992 -0.0000
vn -0.7035 -0.6993 0.1266
vn -0.6701 -0.6995 0.2483
vn -0.7035 -0.6993 0.1268
vn -0.6170 -0.6995 0.3605
vn -0.6701 -0.6995 0.2484
vn -0.5465 -0.6995 0.4605
vn -0.5465 -0.6995 0.4604
vn -0.4604 -0.6995 0.5465
vn -0.3605 -0.6995 0.6170
vn -0.2484 -0.6995 0.6701
vn -0.2483 -0.6995 0.6701
vn -0.1268 -0.6993 0.7035
vn -0.1266 -0.6993 0.7035
vn -0.0000 -0.6992 0.7149
vn 0.1266 -0.6993 0.7035
vn 0.2483 -0.6995 0.6701
vn 0.1268 -0.6993 0.7035
vn 0.3605 -0.6995 0.6170
vn 0.2484 -0.6995 0.6701
vn 0.4605 -0.6995 0.5465
vn 0.4604 -0.6995 0.5465
vn 0.5465 -0.6995 0.4604
vn 0.6170 -0.6995 0.3605
vn 0.6701 -0.6995 0.2484
vn 0.6701 -0.6995 0.2483
vn 0.7035 -0.6993 0.1264
vn 0.7035 -0.6993 0.1269
vn -0.5044 -0.0000 -0.8634
vn 0.5044 -0.0000 -0.8634
vn 0.6431 0.7570 -0.1158
vn 0.6534 0.7570 -0.0000
vn 0.6128 0.7569 -0.2271
vn 0.5643 0.7569 -0.3297
vn 0.4998 0.7569 -0.4211
vn 0.4211 0.7569 -0.4998
vn 0.3297 0.7569 -0.5643
vn 0.2271 0.7569 -0.6128
vn 0.1158 0.7570 -0.6431
vn -0.0000 0.7570 -0.6534
vn -0.1158 0.7570 -0.6431
vn -0.2271 0.7569 -0.6128
vn -0.3297 0.7569 -0.5643
vn -0.4211 0.7569 -0.4998
vn -0.4998 0.7569 -0.4211
vn -0.5643 0.7569 -0.3297
vn -0.6128 0.7569 -0.2271
vn -0.6431 0.7570 -0.1158
vn -0.6534 0.7570 -0.0000
vn -0.6431 0.7570 0.1158
vn -0.6128 0.7569 0.2271
vn -0.5643 0.7569 0.3297
vn -0.4998 0.7569 0.4211
vn -0.4211 0.7569 0.4998
vn -0.3297 0.7569 0.5643
vn -0.2271 0.7569 0.6128
vn -0.1158 0.7570 0.6431
vn -0.0000 0.7570 0.6534
vn 0.1158 0.7570 0.6431
vn 0.2271 0.7569 0.6128
vn 0.3297 0.7569 0.5643
vn 0.4211 0.7569 0.4998
vn 0.4998 0.7569 0.4211
vn 0.5643 0.7569 0.3297
vn 0.6128 0.7569 0.2271
vn 0.6431 0.7570 0.1158
vn -0.8634 -0.0000 -0.5044
vn 0.5044 -0.0000 0.8634
vn 0.8367 -0.5266 -0.1506
vn 0.8502 -0.5265 -0.0000
vn 0.7971 -0.5268 -0.2953
vn 0.8366 -0.5266 -0.1507
vn 0.7339 -0.5268 -0.4288
vn 0.7970 -0.5268 -0.2954
vn 0.6500 -0.5268 -0.5477
vn 0.5477 -0.5268 -0.6500
vn 0.4288 -0.5268 -0.7339
vn 0.2954 -0.5268 -0.7970
vn 0.2953 -0.5268 -0.7971
vn 0.1507 -0.5266 -0.8366
vn 0.1506 -0.5266 -0.8367
vn -0.0000 -0.5265 -0.8502
vn -0.1506 -0.5266 -0.8367
vn -0.2953 -0.5268 -0.7971
vn -0.1507 -0.5266 -0.8366
vn -0.4288 -0.5268 -0.7339
vn -0.2954 -0.5268 -0.7970
vn -0.5477 -0.5268 -0.6500
vn -0.6500 -0.5268 -0.5477
vn -0.7339 -0.5268 -0.4288
vn -0.7970 -0.5268 -0.2954
vn -0.7971 -0.5268 -0.2953
vn -0.8366 -0.5266 -0.1507
vn -0.8367 -0.5266 -0.1506
vn -0.8502 -0.5265 -0.0000
vn -0.8367 -0.5266 0.1506
vn -0.7971 -0.5268 0.2953
vn -0.8366 -0.5266 0.1507
vn -0.7339 -0.5268 0.4288
vn -0.7970 -0.5268 0.2954
vn -0.6500 -0.5268 0.5477
vn -0.5477 -0.5268 0.6500
vn -0.4288 -0.5268 0.7339
vn -0.2954 -0.5268 0.7970
vn -0.2953 -0.5268 0.7971
vn -0.1507 -0.5266 0.8366
vn -0.1506 -0.5266 0.8367
vn -0.0000 -0.5265 0.8502
vn 0.1506 -0.5266 0.8367
vn 0.2953 -0.5268 0.7971
vn 0.1507 -0.5266 0.8366
vn 0.4288 -0.5268 0.7339
vn 0.2954 -0.5268 0.7970
vn 0.5477 -0.5268 0.6500
vn 0.6500 -0.5268 0.5477
vn 0.7339 -0.5268 0.4288
vn 0.7970 -0.5268 0.2954
vn 0.7971 -0.5268 0.2953
vn 0.8366 -0.5266 0.1507
vn 0.8367 -0.5266 0.1506
vn -0.9686 -0.0000 -0.2487
vn -0.5456 0.7825 -0.3000
vn -0.6031 0.7825 -0.1548
vn -0.4539 0.7825 -0.4262
vn -0.3336 0.7825 -0.5257
vn -0.1924 0.7825 -0.5922
vn -0.0391 0.7825 -0.6214
vn 0.1167 0.7825 -0.6116
vn 0.2651 0.7825 -0.5634
vn 0.3969 0.7825 -0.4797
vn 0.5037 0.7825 -0.3660
vn 0.5789 0.7825 -0.2292
vn 0.6177 0.7825 -0.0780
vn 0.6177 0.7825 0.0780
vn 0.5789 0.7825 0.2292
vn 0.5037 0.7825 0.3660
vn 0.3969 0.7825 0.4797
vn 0.2651 0.7825 0.5634
vn 0.1167 0.7825 0.6116
vn -0.0391 0.7825 0.6214
vn -0.1924 0.7825 0.5922
vn -0.3336 0.7825 0.5257
vn -0.4539 0.7825 0.4262
vn -0.5456 0.7825 0.3000
vn -0.6031 0.7825 0.1548
vn -0.6226 0.7825 -0.0000
vn -0.8763 -0.0000 -0.4818
vn -0.7290 -0.0000 -0.6845
vn -0.5358 -0.0000 -0.8443
vn -0.3090 -0.0000 -0.9511
vn -0.0628 -0.0000 -0.9980
vn 0.1874 -0.0000 -0.9823
vn 0.4258 -0.0000 -0.9048
vn 0.6374 -0.0000 -0.7705
vn 0.8090 -0.0000 -0.5878
vn 0.9298 -0.0000 -0.3681
vn 0.9921 -0.0000 -0.1253
vn 0.9921 -0.0000 0.1253
vn 0.9298 -0.0000 0.3681
vn 0.8090 -0.0000 0.5878
vn 0.6374 -0.0000 0.7705
vn 0.4258 -0.0000 0.9048
vn 0.1874 -0.0000 0.9823
vn -0.0628 -0.0000 0.9980
vn -0.3090 -0.0000 0.9511
vn -0.5358 -0.0000 0.8443
vn -0.7290 -0.0000 0.6845
vn -0.8763 -0.0000 0.4818
vn -0.9686 -0.0000 0.2487
vn -0.4271 0.9042 0.0077
vn -0.5147 0.8471 -0.1322
vn -0.4193 0.9014 -0.1077
vn -0.5147 0.8471 0.1322
vn -0.5314 0.8471 -0.0000
vn -0.4156 0.9042 0.0987
vn -0.4657 0.8471 0.2560
vn -0.3780 0.9042 0.1990
vn -0.3874 0.8471 0.3638
vn -0.2223 0.9042 0.3648
vn -0.3164 0.9044 0.2862
vn -0.1246 0.9042 0.4086
vn -0.2847 0.8471 0.4487
vn -0.0191 0.9042 0.4268
vn -0.1642 0.8471 0.5054
vn 0.0877 0.9041 0.4181
vn -0.0334 0.8471 0.5304
vn 0.1889 0.9042 0.3832
vn 0.0996 0.8471 0.5220
vn 0.2782 0.9042 0.3242
vn 0.2263 0.8471 0.4808
vn 0.4299 0.8471 0.3124
vn 0.3387 0.8471 0.4095
vn 0.4000 0.9042 0.1500
vn 0.3404 0.9044 0.2571
vn 0.5272 0.8471 0.0666
vn 0.4941 0.8471 0.1956
vn 0.4228 0.9042 -0.0612
vn 0.4222 0.9044 0.0613
vn 0.4941 0.8471 -0.1956
vn 0.5272 0.8471 -0.0666
vn 0.3410 0.9042 -0.2573
vn 0.3995 0.9044 -0.1496
vn 0.3387 0.8471 -0.4095
vn 0.4299 0.8471 -0.3124
vn 0.2783 0.9042 -0.3242
vn 0.2263 0.8471 -0.4808
vn 0.0725 0.9042 -0.4210
vn 0.1889 0.9044 -0.3825
vn -0.0334 0.8471 -0.5304
vn 0.0996 0.8471 -0.5220
vn -0.0190 0.9042 -0.4268
vn -0.1642 0.8471 -0.5054
vn -0.1246 0.9042 -0.4086
vn -0.2847 0.8471 -0.4487
vn -0.3167 0.9042 -0.2867
vn -0.2219 0.9044 -0.3644
vn -0.3780 0.9042 -0.1990
vn -0.3874 0.8471 -0.3638
vn -0.4657 0.8471 -0.2560
vn -0.7971 0.5705 -0.1979
vn -0.7312 0.6821 -0.0000
vn -0.8248 0.5654 -0.0000
vn -0.8373 0.2956 -0.4599
vn -0.9578 0.1487 -0.2459
vn -0.8666 0.1487 -0.4764
vn -0.7209 0.1487 -0.6769
vn -0.6964 0.2956 -0.6540
vn -0.5122 0.2956 -0.8064
vn -0.5299 0.1487 -0.8349
vn -0.2956 0.2956 -0.9084
vn -0.3056 0.1487 -0.9405
vn -0.0604 0.2956 -0.9534
vn -0.0621 0.1487 -0.9869
vn 0.1786 0.2956 -0.9385
vn 0.1853 0.1487 -0.9714
vn 0.4210 0.1487 -0.8948
vn 0.4068 0.2956 -0.8644
vn 0.6086 0.2957 -0.7363
vn 0.6303 0.1487 -0.7619
vn 0.8000 0.1487 -0.5812
vn 0.7729 0.2955 -0.5615
vn 0.8881 0.2956 -0.3520
vn 0.9194 0.1487 -0.3640
vn 0.9477 0.2956 -0.1201
vn 0.9811 0.1487 -0.1239
vn 0.9478 0.2956 0.1193
vn 0.9811 0.1487 0.1239
vn 0.9194 0.1487 0.3640
vn 0.8882 0.2956 0.3517
vn 0.8000 0.1487 0.5812
vn 0.7729 0.2956 0.5615
vn 0.6303 0.1487 0.7619
vn 0.6089 0.2956 0.7361
vn 0.4210 0.1487 0.8948
vn 0.4068 0.2956 0.8644
vn 0.1794 0.2956 0.9383
vn 0.1853 0.1487 0.9714
vn -0.0621 0.1487 0.9869
vn -0.0600 0.2956 0.9534
vn -0.3056 0.1487 0.9405
vn -0.2952 0.2956 0.9086
vn -0.5299 0.1487 0.8349
vn -0.5119 0.2956 0.8066
vn -0.7209 0.1487 0.6769
vn -0.6964 0.2956 0.6540
vn -0.8369 0.2956 0.4606
vn -0.8666 0.1487 0.4764
vn -0.9578 0.1487 0.2459
vn -0.9253 0.2956 0.2376
vn -0.9889 0.1487 -0.0000
vn -0.9553 0.2955 -0.0000
vn -0.2146 0.9752 -0.0543
vn -0.1110 0.9938 -0.0000
vn -0.2140 0.9768 0.0086
vn -0.2052 0.9768 0.0615
vn -0.0973 0.9938 0.0535
vn -0.1834 0.9768 0.1106
vn -0.1614 0.9752 0.1515
vn -0.0809 0.9938 0.0760
vn -0.1186 0.9752 0.1870
vn -0.0595 0.9938 0.0937
vn -0.0684 0.9752 0.2105
vn -0.0070 0.9938 0.1108
vn -0.0048 0.9768 0.2141
vn 0.0415 0.9752 0.2174
vn 0.0208 0.9938 0.1091
vn 0.0988 0.9768 0.1900
vn 0.0708 0.9938 0.0855
vn 0.1430 0.9768 0.1595
vn 0.0898 0.9938 0.0653
vn 0.1782 0.9768 0.1188
vn 0.2058 0.9752 0.0815
vn 0.1032 0.9938 0.0409
vn 0.2134 0.9768 0.0183
vn 0.2196 0.9752 -0.0277
vn 0.1101 0.9938 0.0139
vn 0.2058 0.9752 -0.0815
vn 0.1101 0.9938 -0.0139
vn 0.1032 0.9938 -0.0409
vn 0.1681 0.9768 -0.1327
vn 0.1411 0.9752 -0.1706
vn 0.0708 0.9938 -0.0855
vn 0.0942 0.9752 -0.2003
vn 0.0208 0.9938 -0.1091
vn 0.0316 0.9768 -0.2119
vn -0.0139 0.9752 -0.2209
vn -0.0070 0.9938 -0.1108
vn -0.0742 0.9768 -0.2009
vn -0.0595 0.9938 -0.0937
vn -0.1219 0.9768 -0.1761
vn -0.1619 0.9768 -0.1403
vn -0.1940 0.9752 -0.1067
vn -0.0973 0.9938 -0.0535
vn -0.1075 0.9938 -0.0276
vn -0.9233 0.3021 -0.2371
vn -0.7231 0.5654 -0.3967
vn -0.7083 0.6821 -0.1818
vn -0.6018 0.5654 -0.5641
vn -0.6408 0.6821 -0.3523
vn -0.4426 0.5655 -0.6960
vn -0.3918 0.6821 -0.6174
vn -0.2260 0.6821 -0.6954
vn -0.2474 0.5711 -0.7827
vn -0.0526 0.5654 -0.8231
vn -0.0459 0.6821 -0.7298
vn 0.1538 0.5654 -0.8103
vn 0.1370 0.6821 -0.7183
vn 0.3518 0.5654 -0.7460
vn 0.5263 0.5654 -0.6350
vn 0.3113 0.6821 -0.6616
vn 0.6668 0.5655 -0.4854
vn 0.5916 0.6821 -0.4298
vn 0.6799 0.6821 -0.2692
vn 0.7656 0.5711 -0.2961
vn 0.8184 0.5655 -0.1026
vn 0.7255 0.6821 0.0916
vn 0.8135 0.5711 0.1093
vn 0.6799 0.6821 0.2692
vn 0.7608 0.5711 0.3083
vn 0.6668 0.5654 0.4854
vn 0.5252 0.5654 0.6360
vn 0.5916 0.6821 0.4298
vn 0.3519 0.5654 0.7460
vn 0.4661 0.6821 0.5634
vn 0.1553 0.5655 0.8100
vn 0.3113 0.6821 0.6616
vn -0.0459 0.6821 0.7298
vn -0.0581 0.5711 0.8188
vn -0.2542 0.5654 0.7847
vn -0.2260 0.6821 0.6954
vn -0.4413 0.5654 0.6968
vn -0.3918 0.6821 0.6174
vn -0.6017 0.5654 0.5641
vn -0.7224 0.5654 0.3980
vn -0.6408 0.6821 0.3523
vn -0.7987 0.5654 0.2059
vn -0.7083 0.6821 0.1818
vn -0.4497 0.4497 0.7717
vn -0.4501 0.7713 0.4501
vn -0.7715 0.4499 0.4499
vn 0.4497 0.4497 -0.7717
vn 0.4499 0.7715 -0.4499
vn 0.7713 0.4501 -0.4501
vn 0.7715 0.4499 0.4499
vn 0.4501 0.7713 0.4501
vn 0.4497 0.4497 0.7717
vn -0.7713 0.4501 -0.4501
vn -0.4499 0.7715 -0.4499
vn -0.4497 0.4497 -0.7717
vn -0.8598 0.5030 -0.0878
vn -0.9759 0.1543 0.1542
vn -0.8642 0.4929 0.1011
vn 0.0877 0.5030 -0.8598
vn -0.1543 0.1543 -0.9759
vn -0.1011 0.4929 -0.8642
vn 0.8598 0.5030 0.0877
vn 0.9759 0.1543 -0.1543
vn 0.8641 0.4930 -0.1011
vn -0.0877 0.5030 0.8598
vn 0.1543 0.1543 0.9759
vn 0.1011 0.4929 0.8642
vn 0.8676 -0.0000 0.4973
vn 0.9759 0.1543 0.1543
vn 0.8641 0.1011 0.4930
vn -0.8600 0.0879 0.5027
vn -0.9675 -0.0000 0.2527
vn -0.8676 -0.0000 0.4973
vn -0.8676 -0.0000 -0.4973
vn -0.9759 0.1542 -0.1543
vn -0.8641 0.1011 -0.4930
vn 0.8600 0.0879 -0.5027
vn 0.9675 -0.0000 -0.2527
vn 0.8676 -0.0000 -0.4973
vn -0.4931 0.8641 0.1011
vn -0.1011 0.8641 0.4931
vn -0.4986 0.1106 0.8597
vn -0.1543 0.9759 0.1543
vn -0.1543 0.1543 0.9759
vn 0.4930 0.8641 -0.1012
vn 0.1011 0.8641 -0.4931
vn 0.4986 0.1106 -0.8597
vn 0.1544 0.9759 -0.1544
vn 0.1543 0.1543 -0.9759
vn 0.1011 0.8641 0.4931
vn 0.4931 0.8641 0.1011
vn 0.4930 0.1012 0.8641
vn 0.1543 0.9759 0.1543
vn -0.1011 0.8641 -0.4931
vn -0.4987 0.8597 -0.1106
vn -0.4930 0.1012 -0.8641
vn -0.1542 0.9759 -0.1542
vn 0.4973 -0.0000 0.8676
vn -0.4973 -0.0000 0.8676
vn -0.2527 -0.0000 0.9675
vn -0.4973 -0.0000 -0.8676
vn 0.4973 -0.0000 -0.8676
vn 0.2527 -0.0000 -0.9675
vn -0.9663 -0.0000 -0.2574
vn -0.6833 0.6833 -0.2573
vn 0.3698 0.8928 0.2574
vn 0.8928 0.3698 0.2574
vn -0.0000 -0.9663 0.2573
vn -0.3698 -0.8928 -0.2573
vn 0.4597 0.0860 0.8839
vn -0.2596 -0.0000 0.9657
vn -0.8664 -0.0000 0.4993
vn -0.9657 -0.0000 -0.2595
vn -0.4993 -0.0000 -0.8664
vn 0.2595 -0.0000 -0.9657
vn 0.8664 -0.0000 -0.4993
vn 0.9657 -0.0000 0.2595
vn 0.2596 -0.0000 0.9657
vn -0.4993 -0.0000 0.8664
vn -0.9657 -0.0000 0.2595
vn -0.8664 -0.0000 -0.4993
vn -0.2595 -0.0000 -0.9657
vn 0.4993 -0.0000 -0.8664
vn 0.9657 -0.0000 -0.2595
vn 0.0359 0.0510 -0.9981
vn 0.0336 0.0639 -0.9974
vn -0.0310 0.0098 0.9995
vn -0.1629 0.9613 -0.2222
vn 0.7498 -0.5843 -0.3106
vn 0.3106 -0.5843 -0.7498
vn 0.5739 -0.5843 0.5739
vn -0.5739 -0.5843 0.5739
vn 0.1300 0.9915 -0.0051
vn 0.0055 0.9915 -0.1300
vn -0.4352 0.7887 -0.4342
vn 0.4352 0.7887 -0.4342
vn 0.4461 0.7194 0.5324
vn -0.4461 0.7194 0.5324
vn -0.6832 -0.2577 -0.6832
vn 0.6832 -0.2577 -0.6832
vn 0.6185 -0.2537 0.7437
vn 0.1784 0.9688 0.1720
vn -0.1784 0.9688 0.1720
vn -0.1647 0.9678 -0.1904
vn 0.1647 0.9678 -0.1904
vn -0.1219 0.9923 -0.0220
vn -0.1219 0.9923 0.0220
vn 0.1219 0.9923 -0.0220
vn -0.0823 0.9954 -0.0481
vn -0.0481 0.9954 -0.0823
vn 0.0481 0.9954 -0.0823
vn 0.0823 0.9954 -0.0481
vn 0.0823 0.9954 0.0481
vn 0.0481 0.9954 0.0823
vn -0.0481 0.9954 0.0823
vn -0.0823 0.9954 0.0481
vn -0.6318 0.7389 -0.2342
vn -0.2342 0.7389 -0.6318
vn 0.2342 0.7389 -0.6318
vn 0.6318 0.7389 -0.2342
vn 0.6318 0.7389 0.2342
vn 0.2342 0.7389 0.6318
vn -0.2342 0.7389 0.6318
vn -0.6318 0.7389 0.2342
vn -0.0127 0.9916 0.1289
vn -0.1300 0.9915 -0.0051
vn -0.6337 0.1329 0.7621
vn 0.6340 0.1329 0.7619
vn 0.6989 0.1515 -0.6990
vn -0.6989 0.1515 -0.6990
vn -0.6185 -0.2537 0.7437
vn -0.1075 0.9938 0.0276
vn -0.0343 0.9938 0.1056
vn 0.0473 0.9938 0.1005
vn 0.0898 0.9938 -0.0653
vn 0.0473 0.9938 -0.1005
vn -0.0343 0.9938 -0.1056
vn -0.0809 0.9938 -0.0760
vn -0.5330 0.6821 -0.5006
vn 0.4661 0.6821 -0.5634
vn 0.7255 0.6821 -0.0916
vn 0.1370 0.6821 0.7183
vn -0.5330 0.6821 0.5006
vn 0.9675 -0.0000 0.2527
vn -0.9675 -0.0000 -0.2527
vn 0.2527 -0.0000 0.9675
vn -0.2527 -0.0000 -0.9675
vt 0.704684 0.601078
vt 0.725239 0.634234
vt 0.699632 0.664519
vt 0.736027 0.737046
vt 0.745615 0.758491
vt 0.731078 0.757077
vt 0.248564 0.180643
vt 0.305486 0.176742
vt 0.305486 0.180643
vt 0.248564 0.184543
vt 0.305486 0.184543
vt 0.248564 0.188444
vt 0.305486 0.188444
vt 0.248564 0.192344
vt 0.305486 0.192344
vt 0.248564 0.196245
vt 0.305486 0.196245
vt 0.248564 0.200145
vt 0.305486 0.200145
vt 0.248564 0.204046
vt 0.305486 0.204046
vt 0.248564 0.207947
vt 0.305486 0.207947
vt 0.248564 0.211847
vt 0.305486 0.211847
vt 0.248564 0.215748
vt 0.305486 0.215748
vt 0.248564 0.219648
vt 0.305486 0.219648
vt 0.248564 0.223549
vt 0.305486 0.223549
vt 0.248564 0.165041
vt 0.305486 0.161140
vt 0.305486 0.165041
vt 0.248564 0.168941
vt 0.305486 0.168941
vt 0.248564 0.172842
vt 0.305486 0.172842
vt 0.248564 0.176742
vt 0.000493 0.200145
vt 0.057659 0.196245
vt 0.057659 0.200145
vt 0.000493 0.196245
vt 0.057659 0.192344
vt 0.000493 0.192344
vt 0.057659 0.188444
vt 0.000493 0.188444
vt 0.057659 0.184543
vt 0.000493 0.184543
vt 0.057659 0.180643
vt 0.000493 0.180643
vt 0.057659 0.176742
vt 0.000493 0.176742
vt 0.057659 0.172842
vt 0.000493 0.172842
vt 0.057659 0.168941
vt 0.000493 0.168941
vt 0.057659 0.165041
vt 0.000493 0.165041
vt 0.057659 0.161140
vt 0.000493 0.223549
vt 0.057659 0.219648
vt 0.057659 0.223549
vt 0.000493 0.219648
vt 0.057659 0.215748
vt 0.000493 0.215748
vt 0.057659 0.211847
vt 0.000493 0.211847
vt 0.057659 0.207947
vt 0.000493 0.207947
vt 0.057659 0.204046
vt 0.000493 0.204046
vt 0.062002 0.204046
vt 0.244221 0.200145
vt 0.244221 0.204046
vt 0.062002 0.207947
vt 0.244221 0.207947
vt 0.062002 0.211847
vt 0.244221 0.211847
vt 0.062002 0.215748
vt 0.244221 0.215748
vt 0.062002 0.219648
vt 0.244221 0.219648
vt 0.062002 0.223549
vt 0.244221 0.223549
vt 0.062002 0.165041
vt 0.244221 0.161140
vt 0.244221 0.165041
vt 0.062002 0.168941
vt 0.244221 0.168941
vt 0.062002 0.172842
vt 0.244221 0.172842
vt 0.062002 0.176742
vt 0.244221 0.176742
vt 0.062002 0.180643
vt 0.244221 0.180643
vt 0.062002 0.184543
vt 0.244221 0.184543
vt 0.062002 0.188444
vt 0.244221 0.188444
vt 0.062002 0.192344
vt 0.244221 0.192344
vt 0.062002 0.196245
vt 0.244221 0.196245
vt 0.062002 0.200145
vt 0.058952 0.204046
vt 0.058952 0.200145
vt 0.247271 0.204046
vt 0.247271 0.200145
vt 0.058952 0.207947
vt 0.247271 0.207947
vt 0.058952 0.211847
vt 0.247271 0.211847
vt 0.058952 0.215748
vt 0.247271 0.215748
vt 0.058952 0.219648
vt 0.247271 0.219648
vt 0.058952 0.223549
vt 0.247271 0.223549
vt 0.058952 0.161140
vt 0.058952 0.165041
vt 0.247271 0.161140
vt 0.247271 0.165041
vt 0.058952 0.168941
vt 0.247271 0.168941
vt 0.058952 0.172842
vt 0.247271 0.172842
vt 0.058952 0.176742
vt 0.247271 0.176742
vt 0.058952 0.180643
vt 0.247271 0.180643
vt 0.058952 0.184543
vt 0.247271 0.184543
vt 0.058952 0.188444
vt 0.247271 0.188444
vt 0.058952 0.192344
vt 0.247271 0.192344
vt 0.058952 0.196245
vt 0.247271 0.196245
vt 0.059954 0.200145
vt 0.246270 0.204046
vt 0.059954 0.207947
vt 0.059954 0.204046
vt 0.246270 0.207947
vt 0.059954 0.211847
vt 0.246270 0.211847
vt 0.059954 0.215748
vt 0.246270 0.215748
vt 0.059954 0.219648
vt 0.246270 0.219648
vt 0.246270 0.223549
vt 0.059954 0.165041
vt 0.059954 0.161140
vt 0.246270 0.165041
vt 0.246270 0.168941
vt 0.059954 0.172842
vt 0.059954 0.168941
vt 0.246270 0.172842
vt 0.059954 0.176742
vt 0.246270 0.176742
vt 0.246270 0.180643
vt 0.059954 0.180643
vt 0.246270 0.184543
vt 0.059954 0.184543
vt 0.246270 0.188444
vt 0.059954 0.188444
vt 0.246270 0.192344
vt 0.059954 0.196245
vt 0.059954 0.192344
vt 0.246270 0.196245
vt 0.246270 0.200145
vt 0.061018 0.200145
vt 0.061018 0.204046
vt 0.245205 0.200145
vt 0.245205 0.204046
vt 0.061018 0.207947
vt 0.245205 0.207947
vt 0.061018 0.211847
vt 0.245205 0.211847
vt 0.061018 0.215748
vt 0.245205 0.215748
vt 0.061018 0.219648
vt 0.245205 0.219648
vt 0.059954 0.223549
vt 0.061018 0.223549
vt 0.245205 0.223549
vt 0.061018 0.161140
vt 0.062002 0.161140
vt 0.061018 0.165041
vt 0.245205 0.161140
vt 0.246270 0.161140
vt 0.245205 0.165041
vt 0.061018 0.168941
vt 0.245205 0.168941
vt 0.061018 0.172842
vt 0.245205 0.172842
vt 0.061018 0.176742
vt 0.245205 0.176742
vt 0.061018 0.180643
vt 0.245205 0.180643
vt 0.061018 0.184543
vt 0.245205 0.184543
vt 0.061018 0.188444
vt 0.245205 0.188444
vt 0.061018 0.192344
vt 0.245205 0.192344
vt 0.061018 0.196245
vt 0.245205 0.196245
vt 0.813843 0.524625
vt 0.808031 0.486880
vt 0.823196 0.502045
vt 0.447725 0.002474
vt 0.478525 0.025053
vt 0.457078 0.025053
vt 0.853996 0.524625
vt 0.844643 0.502045
vt 0.676940 0.034451
vt 0.652016 0.014058
vt 0.676802 0.013929
vt 0.610670 0.034588
vt 0.635296 0.013921
vt 0.635428 0.034453
vt 0.516270 0.030866
vt 0.493690 0.040218
vt 0.785451 0.456081
vt 0.785451 0.496233
vt 0.516270 0.071018
vt 0.493690 0.061665
vt 0.696483 0.014056
vt 0.721374 0.034453
vt 0.696616 0.034588
vt 0.569026 0.014058
vt 0.593950 0.034451
vt 0.569164 0.034580
vt 0.419333 0.030866
vt 0.813843 0.427688
vt 0.808031 0.465433
vt 0.859808 0.486880
vt 0.882388 0.496233
vt 0.478525 0.076831
vt 0.487877 0.099410
vt 0.737962 0.014058
vt 0.762886 0.034451
vt 0.738100 0.034580
vt 0.527517 0.014058
vt 0.552442 0.034451
vt 0.527655 0.034580
vt 0.441912 0.061665
vt 0.441912 0.040218
vt 0.844643 0.450268
vt 0.823196 0.450268
vt 0.882388 0.456081
vt 0.859808 0.465433
vt 0.447725 0.099410
vt 0.457078 0.076831
vt 0.779471 0.014058
vt 0.804395 0.034451
vt 0.779609 0.034580
vt 0.820980 0.014058
vt 0.845904 0.034451
vt 0.821118 0.034580
vt 0.419333 0.071018
vt 0.853996 0.427688
vt 0.643724 0.042855
vt 0.647871 0.009792
vt 0.647871 0.038717
vt 0.685233 0.042855
vt 0.681085 0.038716
vt 0.685233 0.005654
vt 0.681086 0.009792
vt 0.643724 0.005654
vt 0.602243 0.005654
vt 0.639578 0.009789
vt 0.606390 0.009791
vt 0.602243 0.042855
vt 0.606388 0.038720
vt 0.639576 0.038718
vt 0.729669 0.005654
vt 0.725521 0.038718
vt 0.725524 0.009789
vt 0.688188 0.005654
vt 0.692336 0.009791
vt 0.688188 0.042855
vt 0.692334 0.038720
vt 0.729669 0.042855
vt 0.598095 0.038716
vt 0.598096 0.009792
vt 0.560734 0.005654
vt 0.564881 0.009792
vt 0.564881 0.038717
vt 0.771178 0.005654
vt 0.767031 0.038716
vt 0.767031 0.009792
vt 0.733817 0.009792
vt 0.733816 0.038717
vt 0.771178 0.042855
vt 0.556586 0.038716
vt 0.556587 0.009792
vt 0.519225 0.005654
vt 0.523372 0.009792
vt 0.519225 0.042855
vt 0.523372 0.038717
vt 0.808540 0.009792
vt 0.812687 0.042855
vt 0.808540 0.038716
vt 0.775326 0.009792
vt 0.775325 0.038717
vt 0.854196 0.005654
vt 0.850049 0.038716
vt 0.850049 0.009792
vt 0.816835 0.009792
vt 0.816834 0.038717
vt 0.854196 0.042855
vt 0.652155 0.034580
vt 0.610538 0.014056
vt 0.721242 0.013921
vt 0.593812 0.013929
vt 0.762747 0.013929
vt 0.552303 0.013929
vt 0.804256 0.013929
vt 0.845765 0.013929
vt 0.661617 0.580165
vt 0.669236 0.596433
vt 0.661617 0.596433
vt 0.466033 0.037741
vt 0.454600 0.057542
vt 0.454600 0.044341
vt 0.646379 0.580165
vt 0.646379 0.596433
vt 0.477465 0.057542
vt 0.477465 0.044341
vt 0.638760 0.580165
vt 0.638760 0.596433
vt 0.466033 0.064143
vt 0.920637 0.699968
vt 0.928256 0.716235
vt 0.920637 0.716235
vt 0.897781 0.699968
vt 0.905400 0.716235
vt 0.897781 0.716235
vt 0.905400 0.699968
vt 0.287918 0.732840
vt 0.314054 0.526818
vt 0.314054 0.732840
vt 0.466420 0.134422
vt 0.505286 0.102366
vt 0.505286 0.134422
vt 0.511221 0.732840
vt 0.537357 0.526818
vt 0.537357 0.732840
vt 0.098589 0.057157
vt 0.069978 0.033566
vt 0.097723 0.033566
vt 0.479320 0.732840
vt 0.505457 0.526818
vt 0.505457 0.732840
vt 0.510898 0.102366
vt 0.549763 0.134422
vt 0.510898 0.134422
vt 0.473556 0.732840
vt 0.447420 0.526818
vt 0.473556 0.526818
vt 0.035797 0.057157
vt 0.063976 0.033566
vt 0.064842 0.057157
vt 0.441656 0.732840
vt 0.415519 0.526818
vt 0.441656 0.526818
vt 0.555375 0.102366
vt 0.594241 0.134422
vt 0.555375 0.134422
vt 0.409755 0.526818
vt 0.383619 0.732840
vt 0.383619 0.526818
vt 0.031094 0.057157
vt 0.002483 0.033566
vt 0.030229 0.033566
vt 0.377855 0.732840
vt 0.351719 0.526818
vt 0.377855 0.526818
vt 0.599853 0.102366
vt 0.638718 0.134422
vt 0.599853 0.134422
vt 0.345954 0.732840
vt 0.319818 0.526818
vt 0.345954 0.526818
vt 0.238282 0.057157
vt 0.266460 0.033566
vt 0.267326 0.057157
vt 0.132336 0.057157
vt 0.103725 0.033566
vt 0.131471 0.033566
vt 0.644330 0.102366
vt 0.683196 0.134422
vt 0.644330 0.134422
vt 0.816629 0.134422
vt 0.777763 0.102366
vt 0.816629 0.102366
vt 0.166084 0.057157
vt 0.137472 0.033566
vt 0.165218 0.033566
vt 0.233578 0.057157
vt 0.204967 0.033566
vt 0.232713 0.033566
vt 0.688808 0.102366
vt 0.727673 0.134422
vt 0.688808 0.134422
vt 0.733285 0.102366
vt 0.772151 0.134422
vt 0.733285 0.134422
vt 0.170787 0.057157
vt 0.198965 0.033566
vt 0.199831 0.057157
vt 0.101735 0.025596
vt 0.103752 0.028210
vt 0.101735 0.028192
vt 0.165162 0.028210
vt 0.167173 0.025596
vt 0.167179 0.028192
vt 0.036230 0.033566
vt 0.034240 0.030861
vt 0.036246 0.030897
vt 0.067987 0.030861
vt 0.069994 0.030897
vt 0.131414 0.028210
vt 0.133426 0.025596
vt 0.133431 0.028192
vt 0.098846 0.065269
vt 0.100260 0.062648
vt 0.100278 0.065269
vt 0.132471 0.059894
vt 0.133894 0.057234
vt 0.133963 0.059942
vt 0.166219 0.059894
vt 0.167641 0.057234
vt 0.167710 0.059942
vt 0.198909 0.028210
vt 0.200921 0.025596
vt 0.200926 0.028192
vt 0.204409 0.065269
vt 0.202977 0.062648
vt 0.204425 0.062626
vt 0.232656 0.028210
vt 0.234668 0.025596
vt 0.234674 0.028192
vt 0.238156 0.065269
vt 0.236724 0.062648
vt 0.238173 0.062626
vt 0.266404 0.028210
vt 0.268415 0.025596
vt 0.268421 0.028192
vt 0.001924 0.065269
vt 0.000493 0.062648
vt 0.001941 0.062626
vt 0.035672 0.065269
vt 0.034240 0.062648
vt 0.035689 0.062626
vt 0.069419 0.065269
vt 0.067987 0.062648
vt 0.069436 0.062626
vt 0.317908 0.526818
vt 0.319818 0.732840
vt 0.317908 0.732840
vt 0.103741 0.030897
vt 0.539267 0.732840
vt 0.539267 0.526818
vt 0.509038 0.134422
vt 0.818488 0.134422
vt 0.818488 0.102365
vt 0.069478 0.059894
vt 0.098724 0.059894
vt 0.137488 0.030897
vt 0.507367 0.732840
vt 0.507367 0.526818
vt 0.070004 0.028210
vt 0.097658 0.025596
vt 0.097667 0.028210
vt 0.065966 0.033511
vt 0.101735 0.033511
vt 0.103292 0.057157
vt 0.101735 0.057234
vt 0.198932 0.030897
vt 0.171220 0.033566
vt 0.171236 0.030897
vt 0.475466 0.732840
vt 0.475466 0.526818
vt 0.553515 0.134422
vt 0.035731 0.059894
vt 0.064977 0.059894
vt 0.443566 0.732840
vt 0.443566 0.526818
vt 0.232680 0.030897
vt 0.204983 0.030897
vt 0.063920 0.028210
vt 0.036261 0.025596
vt 0.063910 0.025596
vt 0.032219 0.033511
vt 0.266427 0.030897
vt 0.238715 0.033566
vt 0.238730 0.030897
vt 0.411666 0.732840
vt 0.411666 0.526818
vt 0.597993 0.134422
vt 0.001984 0.059894
vt 0.031229 0.059894
vt 0.379765 0.732840
vt 0.379765 0.526818
vt 0.030195 0.030897
vt 0.002499 0.030897
vt 0.268451 0.033511
vt 0.347865 0.732840
vt 0.347865 0.526818
vt 0.642470 0.134422
vt 0.267461 0.059894
vt 0.234703 0.033511
vt 0.103183 0.062626
vt 0.132594 0.065269
vt 0.103166 0.065269
vt 0.135482 0.033511
vt 0.137039 0.057157
vt 0.135482 0.057234
vt 0.686948 0.134422
vt 0.204468 0.059894
vt 0.233713 0.059894
vt 0.774011 0.134422
vt 0.772151 0.102366
vt 0.774011 0.102365
vt 0.136931 0.062626
vt 0.166341 0.065269
vt 0.136914 0.065269
vt 0.169229 0.033511
vt 0.169229 0.057234
vt 0.200956 0.033511
vt 0.170721 0.059894
vt 0.199966 0.059894
vt 0.731425 0.134422
vt 0.099696 0.030861
vt 0.097690 0.030897
vt 0.099714 0.033511
vt 0.101735 0.030861
vt 0.099684 0.028192
vt 0.099679 0.025596
vt 0.169229 0.030861
vt 0.169229 0.028192
vt 0.169229 0.025596
vt 0.171246 0.028210
vt 0.167209 0.033511
vt 0.167191 0.030861
vt 0.165185 0.030897
vt 0.032184 0.025596
vt 0.030172 0.028210
vt 0.030163 0.025596
vt 0.032189 0.028192
vt 0.032202 0.030861
vt 0.034240 0.028192
vt 0.034240 0.025596
vt 0.036257 0.028210
vt 0.065931 0.025596
vt 0.065937 0.028192
vt 0.063943 0.030897
vt 0.065949 0.030861
vt 0.067987 0.028192
vt 0.067987 0.025596
vt 0.070008 0.025596
vt 0.135482 0.030861
vt 0.135482 0.028192
vt 0.135482 0.025596
vt 0.137499 0.028210
vt 0.133444 0.030861
vt 0.133461 0.033511
vt 0.131437 0.030897
vt 0.103226 0.059894
vt 0.100215 0.059942
vt 0.101735 0.059942
vt 0.100146 0.057234
vt 0.101735 0.062648
vt 0.098811 0.062626
vt 0.101735 0.065269
vt 0.135482 0.062648
vt 0.135482 0.065269
vt 0.135482 0.059942
vt 0.136973 0.059894
vt 0.134007 0.062648
vt 0.134025 0.065269
vt 0.132558 0.062626
vt 0.169229 0.062648
vt 0.170661 0.065269
vt 0.169229 0.065269
vt 0.169229 0.059942
vt 0.170678 0.062626
vt 0.167754 0.062648
vt 0.167773 0.065269
vt 0.166306 0.062626
vt 0.202977 0.030861
vt 0.202977 0.033511
vt 0.202977 0.028192
vt 0.202977 0.025596
vt 0.204994 0.028210
vt 0.200939 0.030861
vt 0.201388 0.057234
vt 0.201457 0.059942
vt 0.200053 0.062626
vt 0.201502 0.062648
vt 0.200088 0.065269
vt 0.202977 0.059942
vt 0.202977 0.057234
vt 0.202977 0.065269
vt 0.204534 0.057157
vt 0.236724 0.030861
vt 0.236724 0.033511
vt 0.236724 0.028192
vt 0.236724 0.025596
vt 0.238741 0.028210
vt 0.234686 0.030861
vt 0.235136 0.057234
vt 0.235205 0.059942
vt 0.233800 0.062626
vt 0.235249 0.062648
vt 0.233836 0.065269
vt 0.236724 0.059942
vt 0.236724 0.057234
vt 0.236724 0.065269
vt 0.238215 0.059894
vt 0.000493 0.030861
vt 0.000493 0.033511
vt 0.000493 0.028192
vt 0.000493 0.025596
vt 0.002510 0.028210
vt 0.268433 0.030861
vt 0.270471 0.033511
vt 0.270471 0.030861
vt 0.270471 0.028192
vt 0.268883 0.057234
vt 0.268952 0.059942
vt 0.267548 0.062626
vt 0.268997 0.062648
vt 0.267583 0.065269
vt 0.270471 0.059942
vt 0.270471 0.057234
vt 0.270471 0.062648
vt 0.270471 0.065269
vt 0.000493 0.057234
vt 0.002050 0.057157
vt 0.000493 0.059942
vt 0.032652 0.057234
vt 0.032720 0.059942
vt 0.031316 0.062626
vt 0.032765 0.062648
vt 0.031352 0.065269
vt 0.034240 0.059942
vt 0.034240 0.057234
vt 0.032783 0.065269
vt 0.066399 0.057234
vt 0.066468 0.059942
vt 0.065064 0.062626
vt 0.066512 0.062648
vt 0.065099 0.065269
vt 0.067987 0.059942
vt 0.067987 0.057234
vt 0.067987 0.065269
vt 0.069545 0.057157
vt 0.315964 0.732840
vt 0.315964 0.526818
vt 0.131405 0.025596
vt 0.541211 0.526818
vt 0.287918 0.526818
vt 0.286007 0.732840
vt 0.286007 0.526818
vt 0.507146 0.134422
vt 0.509038 0.102365
vt 0.507146 0.102365
vt 0.820380 0.102365
vt 0.822240 0.102366
vt 0.820380 0.134422
vt 0.137503 0.025596
vt 0.509310 0.526818
vt 0.511221 0.526818
vt 0.509310 0.732840
vt 0.067987 0.033511
vt 0.171250 0.025596
vt 0.477410 0.526818
vt 0.479320 0.526818
vt 0.477410 0.732840
vt 0.551623 0.102365
vt 0.553515 0.102365
vt 0.551623 0.134422
vt 0.549763 0.102366
vt 0.445510 0.526818
vt 0.445510 0.732840
vt 0.204998 0.025596
vt 0.034240 0.033511
vt 0.238745 0.025596
vt 0.413609 0.526818
vt 0.413609 0.732840
vt 0.596101 0.134422
vt 0.597993 0.102365
vt 0.594241 0.102366
vt 0.596101 0.102365
vt 0.381709 0.526818
vt 0.381709 0.732840
vt 0.349808 0.526818
vt 0.349808 0.732840
vt 0.640578 0.134422
vt 0.642470 0.102365
vt 0.638718 0.102366
vt 0.640578 0.102365
vt 0.685056 0.134422
vt 0.686948 0.102365
vt 0.683196 0.102366
vt 0.685056 0.102365
vt 0.775903 0.102365
vt 0.775903 0.134422
vt 0.729533 0.134422
vt 0.731425 0.102365
vt 0.727673 0.102366
vt 0.729533 0.102365
vt 0.866185 0.973892
vt 0.871904 0.968716
vt 0.871904 0.973892
vt 0.877631 0.968716
vt 0.877631 0.973892
vt 0.883368 0.968716
vt 0.883368 0.973892
vt 0.889103 0.968716
vt 0.889103 0.973892
vt 0.894826 0.968716
vt 0.894826 0.973892
vt 0.837544 0.973892
vt 0.843263 0.968716
vt 0.843263 0.973892
vt 0.848991 0.973892
vt 0.848991 0.968716
vt 0.854727 0.973892
vt 0.854727 0.968716
vt 0.860462 0.973892
vt 0.860462 0.968716
vt 0.866185 0.968716
vt 0.866185 0.984281
vt 0.871904 0.979092
vt 0.871904 0.984281
vt 0.877631 0.984281
vt 0.877631 0.979092
vt 0.883368 0.984281
vt 0.883368 0.979092
vt 0.889103 0.984281
vt 0.889103 0.979092
vt 0.894826 0.984281
vt 0.894826 0.979092
vt 0.837544 0.984281
vt 0.843263 0.979092
vt 0.843263 0.984281
vt 0.848991 0.979092
vt 0.848991 0.984281
vt 0.854727 0.979092
vt 0.854727 0.984281
vt 0.860462 0.979092
vt 0.860462 0.984281
vt 0.866185 0.979092
vt 0.866185 0.943000
vt 0.871904 0.796103
vt 0.871904 0.943000
vt 0.877631 0.796103
vt 0.883368 0.796103
vt 0.877631 0.943000
vt 0.889103 0.796103
vt 0.883368 0.943000
vt 0.894826 0.796103
vt 0.889103 0.943000
vt 0.837544 0.796103
vt 0.843263 0.943000
vt 0.837544 0.943000
vt 0.843263 0.796103
vt 0.848991 0.943000
vt 0.848991 0.796103
vt 0.854727 0.943000
vt 0.854727 0.796103
vt 0.860462 0.943000
vt 0.860462 0.796103
vt 0.866185 0.958429
vt 0.871904 0.953288
vt 0.871904 0.958429
vt 0.877631 0.953288
vt 0.877631 0.958429
vt 0.883368 0.958429
vt 0.883368 0.953288
vt 0.889103 0.958429
vt 0.889103 0.953288
vt 0.894826 0.953288
vt 0.894826 0.958429
vt 0.837544 0.958429
vt 0.843263 0.953288
vt 0.843263 0.958429
vt 0.848991 0.953288
vt 0.848991 0.958429
vt 0.854727 0.953288
vt 0.854727 0.958429
vt 0.860462 0.953288
vt 0.860462 0.958429
vt 0.866185 0.953288
vt 0.866185 0.704889
vt 0.860462 0.699700
vt 0.866185 0.699700
vt 0.860462 0.704889
vt 0.854727 0.699700
vt 0.854727 0.704889
vt 0.848991 0.699700
vt 0.848991 0.704889
vt 0.843263 0.699700
vt 0.837544 0.704889
vt 0.843263 0.704889
vt 0.889103 0.704889
vt 0.894826 0.699700
vt 0.894826 0.704889
vt 0.883368 0.704889
vt 0.889103 0.699700
vt 0.877631 0.704889
vt 0.883368 0.699700
vt 0.871904 0.704889
vt 0.877631 0.699700
vt 0.871904 0.699700
vt 0.860462 0.710092
vt 0.866185 0.710092
vt 0.854727 0.710092
vt 0.848991 0.710092
vt 0.843263 0.710092
vt 0.837544 0.710092
vt 0.889103 0.710092
vt 0.894826 0.710092
vt 0.883368 0.710092
vt 0.871904 0.710092
vt 0.877631 0.710092
vt 0.860462 0.715321
vt 0.866185 0.715321
vt 0.854727 0.715321
vt 0.848991 0.715321
vt 0.837544 0.715321
vt 0.843263 0.715321
vt 0.889103 0.715321
vt 0.894826 0.715321
vt 0.883368 0.715321
vt 0.877631 0.715321
vt 0.871904 0.715321
vt 0.860462 0.720570
vt 0.866185 0.720570
vt 0.854727 0.720570
vt 0.848991 0.720570
vt 0.843263 0.720570
vt 0.837544 0.720570
vt 0.889103 0.720570
vt 0.894826 0.720570
vt 0.883368 0.720570
vt 0.877631 0.720570
vt 0.871904 0.720570
vt 0.860462 0.725784
vt 0.866185 0.725784
vt 0.854727 0.725784
vt 0.848991 0.725784
vt 0.843263 0.725784
vt 0.837544 0.725784
vt 0.894826 0.725784
vt 0.889103 0.725784
vt 0.883368 0.725784
vt 0.877631 0.725784
vt 0.871904 0.725784
vt 0.860462 0.751232
vt 0.866185 0.751232
vt 0.854727 0.751232
vt 0.848991 0.751232
vt 0.843263 0.751232
vt 0.837544 0.751232
vt 0.894826 0.751232
vt 0.889103 0.751232
vt 0.883368 0.751232
vt 0.877631 0.751232
vt 0.871904 0.751232
vt 0.866185 0.948130
vt 0.871904 0.948130
vt 0.877631 0.948130
vt 0.883368 0.948130
vt 0.889103 0.948130
vt 0.894826 0.943000
vt 0.894826 0.948130
vt 0.843263 0.948130
vt 0.848991 0.948130
vt 0.854727 0.948130
vt 0.860462 0.948130
vt 0.871904 0.989411
vt 0.877631 0.989411
vt 0.883368 0.989411
vt 0.889103 0.989411
vt 0.894826 0.989411
vt 0.837544 0.989411
vt 0.843263 0.989411
vt 0.848991 0.989411
vt 0.854727 0.989411
vt 0.860462 0.989411
vt 0.866185 0.989411
vt 0.866185 0.999507
vt 0.871904 0.994482
vt 0.871904 0.999507
vt 0.877631 0.994482
vt 0.877631 0.999507
vt 0.883368 0.994482
vt 0.883368 0.999507
vt 0.889103 0.994482
vt 0.889103 0.999507
vt 0.894826 0.994482
vt 0.894826 0.999507
vt 0.843263 0.999507
vt 0.837544 0.994482
vt 0.843263 0.994482
vt 0.848991 0.999507
vt 0.848991 0.994482
vt 0.854727 0.999507
vt 0.854727 0.994482
vt 0.860462 0.999507
vt 0.860462 0.994482
vt 0.866185 0.994482
vt 0.837544 0.979092
vt 0.860462 0.756262
vt 0.866185 0.756262
vt 0.854727 0.756262
vt 0.848991 0.756262
vt 0.843263 0.756262
vt 0.837544 0.756262
vt 0.894826 0.756262
vt 0.889103 0.756262
vt 0.883368 0.756262
vt 0.877631 0.756262
vt 0.871904 0.756262
vt 0.860462 0.761249
vt 0.866185 0.761249
vt 0.854727 0.761249
vt 0.848991 0.761249
vt 0.843263 0.761249
vt 0.837544 0.761249
vt 0.894826 0.761249
vt 0.889103 0.761249
vt 0.883368 0.761249
vt 0.877631 0.761249
vt 0.871904 0.761249
vt 0.860462 0.766200
vt 0.866185 0.766200
vt 0.854727 0.766200
vt 0.848991 0.766200
vt 0.843263 0.766200
vt 0.837544 0.766200
vt 0.889103 0.766200
vt 0.894826 0.766200
vt 0.883368 0.766200
vt 0.871904 0.766200
vt 0.877631 0.766200
vt 0.860462 0.771116
vt 0.866185 0.771116
vt 0.854727 0.771116
vt 0.848991 0.771116
vt 0.843263 0.771116
vt 0.837544 0.771116
vt 0.889103 0.771116
vt 0.894826 0.771116
vt 0.883368 0.771116
vt 0.871904 0.771116
vt 0.877631 0.771116
vt 0.866185 0.776014
vt 0.860462 0.776014
vt 0.854727 0.776014
vt 0.843263 0.776014
vt 0.848991 0.776014
vt 0.837544 0.776014
vt 0.889103 0.776014
vt 0.894826 0.776014
vt 0.883368 0.776014
vt 0.877631 0.776014
vt 0.871904 0.776014
vt 0.866185 0.780987
vt 0.860462 0.780987
vt 0.854727 0.780987
vt 0.848991 0.780987
vt 0.843263 0.780987
vt 0.889103 0.780987
vt 0.894826 0.780987
vt 0.883368 0.780987
vt 0.877631 0.780987
vt 0.871904 0.780987
vt 0.866185 0.786021
vt 0.860462 0.786021
vt 0.854727 0.786021
vt 0.848991 0.786021
vt 0.843263 0.786021
vt 0.837544 0.780987
vt 0.889103 0.786021
vt 0.894826 0.786021
vt 0.883368 0.786021
vt 0.877631 0.786021
vt 0.871904 0.786021
vt 0.866185 0.796103
vt 0.837544 0.786021
vt 0.860462 0.963569
vt 0.866185 0.963569
vt 0.854727 0.963569
vt 0.848991 0.963569
vt 0.843263 0.963569
vt 0.837544 0.963569
vt 0.889103 0.963569
vt 0.894826 0.963569
vt 0.883368 0.963569
vt 0.877631 0.963569
vt 0.871904 0.963569
vt 0.837544 0.968716
vt 0.837544 0.953288
vt 0.887230 0.136197
vt 0.881032 0.115855
vt 0.887230 0.115855
vt 0.881032 0.136197
vt 0.874823 0.115855
vt 0.874823 0.136197
vt 0.868611 0.115855
vt 0.868611 0.136197
vt 0.862407 0.115855
vt 0.862407 0.136197
vt 0.856212 0.115855
vt 0.850014 0.136197
vt 0.856212 0.136197
vt 0.843804 0.136197
vt 0.850014 0.115855
vt 0.837592 0.136197
vt 0.843804 0.115855
vt 0.831389 0.136197
vt 0.837592 0.115855
vt 0.825195 0.136197
vt 0.831389 0.115855
vt 0.763749 0.076410
vt 0.763963 0.084455
vt 0.759833 0.083710
vt 0.887230 0.141510
vt 0.881032 0.143492
vt 0.881032 0.141510
vt 0.771232 0.072795
vt 0.766667 0.079436
vt 0.874823 0.143492
vt 0.874823 0.141510
vt 0.779411 0.074286
vt 0.771804 0.076963
vt 0.868611 0.141510
vt 0.785131 0.080293
vt 0.777412 0.077981
vt 0.868611 0.143492
vt 0.862407 0.141510
vt 0.786236 0.088496
vt 0.781348 0.082101
vt 0.862407 0.143492
vt 0.856212 0.141510
vt 0.782320 0.095796
vt 0.782110 0.087749
vt 0.850014 0.143492
vt 0.850014 0.141510
vt 0.774840 0.099410
vt 0.779406 0.092769
vt 0.843804 0.143492
vt 0.843804 0.141510
vt 0.766659 0.097919
vt 0.774269 0.095242
vt 0.837592 0.141510
vt 0.764724 0.090104
vt 0.760939 0.091912
vt 0.837592 0.143492
vt 0.831389 0.141510
vt 0.831389 0.143492
vt 0.825195 0.141510
vt 0.881032 0.139747
vt 0.874823 0.139747
vt 0.868611 0.139747
vt 0.862407 0.139747
vt 0.856212 0.139747
vt 0.850014 0.139747
vt 0.843804 0.139747
vt 0.837592 0.139747
vt 0.831389 0.139747
vt 0.825195 0.139747
vt 0.881032 0.137892
vt 0.887230 0.139747
vt 0.887230 0.137892
vt 0.874823 0.137892
vt 0.868611 0.137892
vt 0.862407 0.137892
vt 0.856212 0.137892
vt 0.850014 0.137892
vt 0.843804 0.137892
vt 0.837592 0.137892
vt 0.831389 0.137892
vt 0.825195 0.137892
vt 0.412427 0.033015
vt 0.416378 0.052877
vt 0.364476 0.052877
vt 0.648919 0.527580
vt 0.627968 0.550457
vt 0.627968 0.527580
vt 0.607018 0.550457
vt 0.607018 0.527580
vt 0.401176 0.016177
vt 0.669869 0.550457
vt 0.669869 0.527580
vt 0.879375 0.527580
vt 0.858424 0.550457
vt 0.858424 0.527580
vt 0.384338 0.004926
vt 0.690820 0.550457
vt 0.690820 0.527580
vt 0.565117 0.550457
vt 0.544166 0.527580
vt 0.565117 0.527580
vt 0.364476 0.000976
vt 0.711770 0.527580
vt 0.586067 0.550457
vt 0.586067 0.527580
vt 0.344614 0.004926
vt 0.732721 0.527580
vt 0.711770 0.550457
vt 0.364476 0.104779
vt 0.344614 0.100828
vt 0.327776 0.016177
vt 0.753672 0.550457
vt 0.753672 0.527580
vt 0.412427 0.072739
vt 0.401176 0.089577
vt 0.316525 0.033015
vt 0.774622 0.550457
vt 0.774622 0.527580
vt 0.384338 0.100828
vt 0.312574 0.052877
vt 0.795573 0.550457
vt 0.795573 0.527580
vt 0.316525 0.072739
vt 0.816523 0.527580
vt 0.327776 0.089577
vt 0.837474 0.550457
vt 0.837474 0.527580
vt 0.774622 0.576128
vt 0.753672 0.558016
vt 0.774622 0.558016
vt 0.753672 0.576128
vt 0.732721 0.558016
vt 0.732721 0.576128
vt 0.711770 0.558016
vt 0.711770 0.576128
vt 0.690820 0.558016
vt 0.690820 0.576128
vt 0.669869 0.558016
vt 0.669869 0.576128
vt 0.648919 0.558016
vt 0.648919 0.576128
vt 0.627968 0.558016
vt 0.627968 0.576128
vt 0.607018 0.558016
vt 0.607018 0.576128
vt 0.586067 0.558016
vt 0.586067 0.576128
vt 0.565117 0.558016
vt 0.565117 0.576128
vt 0.544166 0.558016
vt 0.879375 0.576128
vt 0.858424 0.558016
vt 0.879375 0.558016
vt 0.858424 0.576128
vt 0.837474 0.558016
vt 0.837474 0.576128
vt 0.816523 0.558016
vt 0.816523 0.576128
vt 0.795573 0.558016
vt 0.795573 0.576128
vt 0.648919 0.555518
vt 0.627968 0.555518
vt 0.607018 0.555518
vt 0.669869 0.555518
vt 0.879375 0.555518
vt 0.858424 0.555518
vt 0.690820 0.555518
vt 0.544166 0.555518
vt 0.586067 0.555518
vt 0.565117 0.555518
vt 0.711770 0.555518
vt 0.753672 0.555518
vt 0.732721 0.555518
vt 0.774622 0.555518
vt 0.795573 0.555518
vt 0.816523 0.555518
vt 0.837474 0.555518
vt 0.627968 0.552972
vt 0.648919 0.552972
vt 0.607018 0.552972
vt 0.669869 0.552972
vt 0.858424 0.552972
vt 0.879375 0.552972
vt 0.690820 0.552972
vt 0.565117 0.552972
vt 0.544166 0.550457
vt 0.544166 0.552972
vt 0.711770 0.552972
vt 0.586067 0.552972
vt 0.732721 0.552972
vt 0.753672 0.552972
vt 0.732721 0.550457
vt 0.774622 0.552972
vt 0.795573 0.552972
vt 0.816523 0.552972
vt 0.816523 0.550457
vt 0.837474 0.552972
vt 0.338096 0.223549
vt 0.347292 0.220338
vt 0.347265 0.223549
vt 0.010699 0.735795
vt 0.113271 0.807817
vt 0.102228 0.804793
vt 0.005857 0.736682
vt 0.000493 0.745043
vt 0.001304 0.740957
vt 0.002990 0.738491
vt 0.025304 0.868942
vt 0.000493 0.990260
vt 0.005857 0.998620
vt 0.001304 0.994346
vt 0.002990 0.996811
vt 0.113271 0.930068
vt 0.010699 0.999507
vt 0.102228 0.933091
vt 0.637343 0.999507
vt 0.766618 0.876002
vt 0.658913 0.997825
vt 0.680290 0.992635
vt 0.701187 0.983622
vt 0.720485 0.970878
vt 0.737130 0.954889
vt 0.759575 0.916645
vt 0.750308 0.936473
vt 0.764890 0.896444
vt 0.759575 0.818657
vt 0.764890 0.838859
vt 0.766618 0.859300
vt 0.750308 0.798829
vt 0.737130 0.780413
vt 0.720485 0.764424
vt 0.701187 0.751681
vt 0.680290 0.742668
vt 0.658913 0.737478
vt 0.637343 0.735795
vt 0.140384 0.910974
vt 0.146809 0.901875
vt 0.151626 0.891712
vt 0.154650 0.880670
vt 0.155697 0.868942
vt 0.154650 0.857215
vt 0.151626 0.846172
vt 0.146809 0.836009
vt 0.140384 0.826911
vt 0.132532 0.819059
vt 0.123434 0.812634
vt 0.090501 0.803746
vt 0.078773 0.804793
vt 0.067731 0.807817
vt 0.057567 0.812634
vt 0.048469 0.819059
vt 0.040617 0.826911
vt 0.034192 0.836009
vt 0.029375 0.846172
vt 0.026352 0.857215
vt 0.026352 0.880670
vt 0.029375 0.891712
vt 0.034192 0.901876
vt 0.040617 0.910974
vt 0.048469 0.918826
vt 0.057567 0.925251
vt 0.067731 0.930068
vt 0.078773 0.933092
vt 0.090501 0.934139
vt 0.123434 0.925251
vt 0.132532 0.918826
vt 0.017446 0.384505
vt 0.000493 0.444116
vt 0.000493 0.384505
vt 0.673748 0.325629
vt 0.649044 0.376995
vt 0.649044 0.325634
vt 0.586638 0.160688
vt 0.577310 0.220338
vt 0.577310 0.160713
vt 0.317770 0.160673
vt 0.308442 0.220337
vt 0.308442 0.160689
vt 0.202338 0.384469
vt 0.223613 0.444114
vt 0.202338 0.444114
vt 0.000952 0.376994
vt 0.000952 0.325628
vt 0.179897 0.444113
vt 0.179897 0.384465
vt 0.156541 0.444113
vt 0.156541 0.384466
vt 0.132600 0.444114
vt 0.132600 0.384471
vt 0.108458 0.444114
vt 0.108458 0.384480
vt 0.084517 0.444114
vt 0.084517 0.384489
vt 0.061162 0.444115
vt 0.061162 0.384497
vt 0.038720 0.444115
vt 0.038720 0.384503
vt 0.017446 0.444116
vt 0.699806 0.325625
vt 0.673748 0.376994
vt 0.726926 0.376994
vt 0.726926 0.325626
vt 0.754725 0.325631
vt 0.782758 0.376995
vt 0.782758 0.325637
vt 0.810557 0.325645
vt 0.837677 0.325653
vt 0.810557 0.376995
vt 0.863735 0.325658
vt 0.837677 0.376996
vt 0.888439 0.325660
vt 0.863735 0.376996
vt 0.347292 0.160713
vt 0.223613 0.384475
vt 0.781749 0.444113
vt 0.596735 0.160670
vt 0.586638 0.220334
vt 0.826691 0.101177
vt 0.878061 0.112899
vt 0.826688 0.112899
vt 0.826705 0.090348
vt 0.878061 0.101177
vt 0.327867 0.160670
vt 0.317770 0.220333
vt 0.337964 0.160688
vt 0.327867 0.220333
vt 0.337964 0.220334
vt 0.287155 0.256060
vt 0.302568 0.258920
vt 0.287155 0.258920
vt 0.302568 0.261829
vt 0.287155 0.261829
vt 0.271143 0.256060
vt 0.271143 0.258920
vt 0.271143 0.261829
vt 0.254546 0.256060
vt 0.254546 0.258920
vt 0.254546 0.261829
vt 0.237631 0.256060
vt 0.237631 0.258920
vt 0.237631 0.261829
vt 0.220690 0.256060
vt 0.220690 0.258920
vt 0.220690 0.261829
vt 0.204007 0.258920
vt 0.204007 0.261829
vt 0.187831 0.258920
vt 0.204007 0.256060
vt 0.187831 0.261829
vt 0.172356 0.258920
vt 0.187831 0.256060
vt 0.172356 0.261829
vt 0.157499 0.258920
vt 0.172356 0.256060
vt 0.157499 0.261829
vt 0.145561 0.256060
vt 0.145561 0.258920
vt 0.145561 0.261829
vt 0.130704 0.256060
vt 0.130704 0.258920
vt 0.130704 0.261829
vt 0.115229 0.256060
vt 0.115229 0.258920
vt 0.115229 0.261829
vt 0.099053 0.256060
vt 0.099053 0.258920
vt 0.099053 0.261829
vt 0.082371 0.256060
vt 0.082371 0.258920
vt 0.082371 0.261829
vt 0.065430 0.258920
vt 0.065430 0.261829
vt 0.723554 0.301039
vt 0.302568 0.316474
vt 0.302568 0.301039
vt 0.549627 0.711478
vt 0.544166 0.728209
vt 0.544166 0.711478
vt 0.554958 0.711478
vt 0.549627 0.728209
vt 0.560134 0.728209
vt 0.560134 0.711478
vt 0.565289 0.728209
vt 0.565289 0.711478
vt 0.732114 0.728209
vt 0.732114 0.711478
vt 0.737269 0.711478
vt 0.742445 0.711478
vt 0.737269 0.728209
vt 0.747776 0.728209
vt 0.747776 0.711478
vt 0.753237 0.728209
vt 0.753237 0.711478
vt 0.829890 0.579083
vt 0.813343 0.999507
vt 0.813343 0.579083
vt 0.015905 0.301039
vt 0.000493 0.316474
vt 0.000493 0.301039
vt 0.031917 0.301039
vt 0.015905 0.316474
vt 0.048514 0.301039
vt 0.031917 0.316474
vt 0.065430 0.301039
vt 0.048514 0.316474
vt 0.082371 0.301039
vt 0.065430 0.316474
vt 0.099053 0.316474
vt 0.099053 0.301039
vt 0.115229 0.316474
vt 0.115229 0.301039
vt 0.130704 0.316474
vt 0.130704 0.301039
vt 0.145561 0.316474
vt 0.145561 0.301039
vt 0.157499 0.301039
vt 0.172356 0.301039
vt 0.157499 0.316474
vt 0.187831 0.301039
vt 0.172356 0.316474
vt 0.204007 0.301039
vt 0.187831 0.316474
vt 0.220690 0.301039
vt 0.204007 0.316474
vt 0.237631 0.316474
vt 0.237631 0.301039
vt 0.254546 0.316474
vt 0.254546 0.301039
vt 0.271143 0.316474
vt 0.271143 0.301039
vt 0.287155 0.316474
vt 0.287155 0.301039
vt 0.723554 0.293295
vt 0.302568 0.293295
vt 0.549627 0.703938
vt 0.544166 0.703938
vt 0.554958 0.703938
vt 0.560134 0.703938
vt 0.565289 0.703938
vt 0.732114 0.703938
vt 0.737269 0.703938
vt 0.742445 0.703938
vt 0.747776 0.703938
vt 0.753237 0.703938
vt 0.805810 0.999507
vt 0.805810 0.579083
vt 0.015905 0.293295
vt 0.000493 0.293295
vt 0.031917 0.293295
vt 0.048514 0.293295
vt 0.065430 0.293295
vt 0.082371 0.293295
vt 0.099053 0.293295
vt 0.115229 0.293295
vt 0.130704 0.293295
vt 0.145561 0.293295
vt 0.157499 0.293295
vt 0.172356 0.293295
vt 0.187831 0.293295
vt 0.204007 0.293295
vt 0.220690 0.293295
vt 0.237631 0.293295
vt 0.254546 0.293295
vt 0.271143 0.293295
vt 0.287155 0.293295
vt 0.723554 0.285280
vt 0.302568 0.277101
vt 0.723554 0.277101
vt 0.549627 0.696175
vt 0.544166 0.688295
vt 0.549627 0.688295
vt 0.554958 0.696175
vt 0.554958 0.688295
vt 0.560134 0.696175
vt 0.560134 0.688295
vt 0.565289 0.696175
vt 0.565289 0.688295
vt 0.732114 0.696175
vt 0.732114 0.688295
vt 0.737269 0.696175
vt 0.737269 0.688295
vt 0.742445 0.696175
vt 0.742445 0.688295
vt 0.747776 0.696175
vt 0.747776 0.688295
vt 0.753237 0.696175
vt 0.753237 0.688295
vt 0.798009 0.579083
vt 0.790047 0.999507
vt 0.790047 0.579083
vt 0.015905 0.285280
vt 0.000493 0.277101
vt 0.015905 0.277101
vt 0.031917 0.285280
vt 0.031917 0.277101
vt 0.048514 0.285280
vt 0.048514 0.277101
vt 0.065430 0.285280
vt 0.065430 0.277101
vt 0.082371 0.285280
vt 0.082371 0.277101
vt 0.099053 0.285280
vt 0.099053 0.277101
vt 0.115229 0.285280
vt 0.115229 0.277101
vt 0.130704 0.285280
vt 0.130704 0.277101
vt 0.145561 0.285280
vt 0.145561 0.277101
vt 0.157499 0.285280
vt 0.157499 0.277101
vt 0.172356 0.285280
vt 0.172356 0.277101
vt 0.187831 0.285280
vt 0.187831 0.277101
vt 0.204007 0.285280
vt 0.204007 0.277101
vt 0.220690 0.285280
vt 0.220690 0.277101
vt 0.237631 0.285280
vt 0.237631 0.277101
vt 0.254546 0.285280
vt 0.254546 0.277101
vt 0.271143 0.285280
vt 0.271143 0.277101
vt 0.287155 0.285280
vt 0.287155 0.277101
vt 0.302568 0.285280
vt 0.723554 0.264686
vt 0.302568 0.264686
vt 0.549627 0.676269
vt 0.544166 0.676269
vt 0.554958 0.676269
vt 0.560134 0.676269
vt 0.565289 0.676269
vt 0.732114 0.676269
vt 0.737269 0.676269
vt 0.742445 0.676269
vt 0.747776 0.676269
vt 0.753237 0.676269
vt 0.777964 0.999507
vt 0.777964 0.579083
vt 0.015905 0.264686
vt 0.000493 0.264686
vt 0.031917 0.264686
vt 0.048514 0.264686
vt 0.065430 0.264686
vt 0.082371 0.264686
vt 0.099053 0.264686
vt 0.115229 0.264686
vt 0.130704 0.264686
vt 0.145561 0.264686
vt 0.157499 0.264686
vt 0.172356 0.264686
vt 0.187831 0.264686
vt 0.204007 0.264686
vt 0.220690 0.264686
vt 0.237631 0.264686
vt 0.254546 0.264686
vt 0.271143 0.264686
vt 0.287155 0.264686
vt 0.654851 0.176399
vt 0.662041 0.174798
vt 0.662041 0.176399
vt 0.647880 0.174798
vt 0.647880 0.176399
vt 0.641034 0.174798
vt 0.641034 0.176399
vt 0.634249 0.174798
vt 0.634249 0.176399
vt 0.627482 0.174798
vt 0.627482 0.176399
vt 0.620698 0.176399
vt 0.613851 0.176399
vt 0.620698 0.174798
vt 0.606881 0.176399
vt 0.613851 0.174798
vt 0.599690 0.174798
vt 0.599690 0.176399
vt 0.841905 0.176399
vt 0.849095 0.174798
vt 0.849095 0.176399
vt 0.834934 0.174798
vt 0.834934 0.176399
vt 0.828088 0.174798
vt 0.828088 0.176399
vt 0.821303 0.174798
vt 0.821303 0.176399
vt 0.814536 0.174798
vt 0.814536 0.176399
vt 0.807751 0.176399
vt 0.800905 0.176399
vt 0.807751 0.174798
vt 0.793934 0.176399
vt 0.800905 0.174798
vt 0.786744 0.174798
vt 0.786744 0.176399
vt 0.779553 0.176399
vt 0.772583 0.174798
vt 0.772583 0.176399
vt 0.765736 0.174798
vt 0.765736 0.176399
vt 0.758952 0.174798
vt 0.758952 0.176399
vt 0.752185 0.176399
vt 0.745400 0.176399
vt 0.752185 0.174798
vt 0.738554 0.176399
vt 0.745400 0.174798
vt 0.731583 0.176399
vt 0.738554 0.174798
vt 0.724393 0.174798
vt 0.724393 0.176399
vt 0.717202 0.176399
vt 0.710231 0.174798
vt 0.710231 0.176399
vt 0.703385 0.174798
vt 0.703385 0.176399
vt 0.696600 0.174798
vt 0.696600 0.176399
vt 0.689834 0.176399
vt 0.683049 0.176399
vt 0.689834 0.174798
vt 0.676203 0.176399
vt 0.683049 0.174798
vt 0.669232 0.176399
vt 0.676203 0.174798
vt 0.654851 0.201657
vt 0.662041 0.182847
vt 0.662041 0.201657
vt 0.647880 0.201657
vt 0.654851 0.182847
vt 0.641034 0.201657
vt 0.647880 0.182847
vt 0.634249 0.182847
vt 0.634249 0.201657
vt 0.627482 0.182847
vt 0.627482 0.201657
vt 0.620698 0.201657
vt 0.613851 0.182847
vt 0.613851 0.201657
vt 0.606881 0.182847
vt 0.606881 0.201657
vt 0.599690 0.182847
vt 0.599690 0.201657
vt 0.841905 0.201657
vt 0.849095 0.182847
vt 0.849095 0.201657
vt 0.834934 0.201657
vt 0.841905 0.182847
vt 0.828088 0.201657
vt 0.834934 0.182847
vt 0.821303 0.182847
vt 0.821303 0.201657
vt 0.814536 0.201657
vt 0.807751 0.201657
vt 0.814536 0.182847
vt 0.800905 0.182847
vt 0.800905 0.201657
vt 0.793934 0.182847
vt 0.793934 0.201657
vt 0.786744 0.182847
vt 0.786744 0.201657
vt 0.779553 0.201657
vt 0.772583 0.201657
vt 0.779553 0.182847
vt 0.765736 0.201657
vt 0.772583 0.182847
vt 0.758952 0.182847
vt 0.758952 0.201657
vt 0.752185 0.182847
vt 0.752185 0.201657
vt 0.745400 0.201657
vt 0.738554 0.182847
vt 0.738554 0.201657
vt 0.731583 0.182847
vt 0.731583 0.201657
vt 0.724393 0.182847
vt 0.724393 0.201657
vt 0.717202 0.201657
vt 0.710231 0.201657
vt 0.717202 0.182847
vt 0.703385 0.201657
vt 0.710231 0.182847
vt 0.696600 0.182847
vt 0.696600 0.201657
vt 0.689834 0.182847
vt 0.689834 0.201657
vt 0.683049 0.201657
vt 0.676203 0.182847
vt 0.676203 0.201657
vt 0.669232 0.182847
vt 0.669232 0.201657
vt 0.654851 0.217370
vt 0.662041 0.208248
vt 0.662041 0.217370
vt 0.647880 0.217370
vt 0.654851 0.208248
vt 0.641034 0.217370
vt 0.647880 0.208248
vt 0.634249 0.208248
vt 0.634249 0.217370
vt 0.627482 0.208248
vt 0.627482 0.217370
vt 0.620698 0.217370
vt 0.613851 0.208248
vt 0.613851 0.217370
vt 0.606881 0.208248
vt 0.606881 0.217370
vt 0.599690 0.208248
vt 0.599690 0.217370
vt 0.841905 0.217370
vt 0.849095 0.208248
vt 0.849095 0.217370
vt 0.834934 0.217370
vt 0.841905 0.208248
vt 0.828088 0.217370
vt 0.834934 0.208248
vt 0.821303 0.208248
vt 0.821303 0.217370
vt 0.814536 0.208248
vt 0.814536 0.217370
vt 0.807751 0.217370
vt 0.800905 0.208248
vt 0.800905 0.217370
vt 0.793934 0.208248
vt 0.793934 0.217370
vt 0.786744 0.208248
vt 0.786744 0.217370
vt 0.779553 0.217370
vt 0.772583 0.217370
vt 0.779553 0.208248
vt 0.765736 0.217370
vt 0.772583 0.208248
vt 0.758952 0.208248
vt 0.758952 0.217370
vt 0.752185 0.208248
vt 0.752185 0.217370
vt 0.745400 0.217370
vt 0.738554 0.208248
vt 0.738554 0.217370
vt 0.731583 0.208248
vt 0.731583 0.217370
vt 0.724393 0.208248
vt 0.724393 0.217370
vt 0.717202 0.217370
vt 0.710231 0.217370
vt 0.717202 0.208248
vt 0.703385 0.217370
vt 0.710231 0.208248
vt 0.696600 0.208248
vt 0.696600 0.217370
vt 0.689834 0.208248
vt 0.689834 0.217370
vt 0.683049 0.217370
vt 0.676203 0.208248
vt 0.676203 0.217370
vt 0.669232 0.208248
vt 0.669232 0.217370
vt 0.537809 0.077070
vt 0.543969 0.072993
vt 0.543969 0.077070
vt 0.328226 0.223549
vt 0.531597 0.077070
vt 0.537809 0.072993
vt 0.318357 0.223549
vt 0.525385 0.072993
vt 0.525385 0.077070
vt 0.880830 0.101447
vt 0.878065 0.090348
vt 0.880830 0.090807
vt 0.750718 0.077070
vt 0.756878 0.072993
vt 0.756878 0.077070
vt 0.880830 0.112899
vt 0.744506 0.077070
vt 0.750718 0.072993
vt 0.596735 0.223549
vt 0.586865 0.223549
vt 0.738294 0.072993
vt 0.738294 0.077070
vt 0.309188 0.223549
vt 0.519225 0.072993
vt 0.519225 0.077070
vt 0.577697 0.223549
vt 0.732134 0.072993
vt 0.732134 0.077070
vt 0.863779 0.379760
vt 0.888439 0.376997
vt 0.888439 0.379760
vt 0.606725 0.230627
vt 0.622632 0.226504
vt 0.623861 0.230631
vt 0.837795 0.379760
vt 0.588729 0.230626
vt 0.605417 0.226504
vt 0.810753 0.379760
vt 0.570000 0.230626
vt 0.587279 0.226504
vt 0.783033 0.379760
vt 0.550802 0.230625
vt 0.568402 0.226504
vt 0.754725 0.376994
vt 0.755080 0.379760
vt 0.531442 0.230625
vt 0.549052 0.226504
vt 0.727361 0.379760
vt 0.510189 0.226504
vt 0.512244 0.230626
vt 0.699806 0.376994
vt 0.700318 0.379760
vt 0.491312 0.226504
vt 0.493515 0.230626
vt 0.674335 0.379760
vt 0.473173 0.226504
vt 0.475519 0.230627
vt 0.038682 0.447325
vt 0.017435 0.447325
vt 0.636358 0.226504
vt 0.654689 0.230627
vt 0.637552 0.230631
vt 0.061070 0.447325
vt 0.653573 0.226504
vt 0.672685 0.230626
vt 0.084369 0.447325
vt 0.302568 0.287885
vt 0.723554 0.287885
vt 0.544166 0.698687
vt 0.549627 0.698687
vt 0.554958 0.698687
vt 0.560134 0.698687
vt 0.565289 0.698687
vt 0.732114 0.698687
vt 0.737269 0.698687
vt 0.742445 0.698687
vt 0.747776 0.698687
vt 0.753237 0.698687
vt 0.800546 0.579083
vt 0.798009 0.999507
vt 0.000493 0.287885
vt 0.015905 0.287885
vt 0.031917 0.287885
vt 0.048514 0.287885
vt 0.065430 0.287885
vt 0.082371 0.287885
vt 0.099053 0.287885
vt 0.115229 0.287885
vt 0.130704 0.287885
vt 0.145561 0.287885
vt 0.157499 0.287885
vt 0.172356 0.287885
vt 0.187831 0.287885
vt 0.204007 0.287885
vt 0.220690 0.287885
vt 0.237631 0.287885
vt 0.254546 0.287885
vt 0.271143 0.287885
vt 0.287155 0.287885
vt 0.302568 0.290682
vt 0.723554 0.290682
vt 0.544166 0.701396
vt 0.549627 0.701396
vt 0.554958 0.701396
vt 0.560134 0.701396
vt 0.565289 0.701396
vt 0.732114 0.701396
vt 0.737269 0.701396
vt 0.742445 0.701396
vt 0.747776 0.701396
vt 0.753237 0.701396
vt 0.803268 0.579083
vt 0.800546 0.999507
vt 0.803268 0.999507
vt 0.000493 0.290682
vt 0.015905 0.290682
vt 0.031917 0.290682
vt 0.048514 0.290682
vt 0.065430 0.290682
vt 0.082371 0.290682
vt 0.099053 0.290682
vt 0.115229 0.290682
vt 0.130704 0.290682
vt 0.145561 0.290682
vt 0.157499 0.290682
vt 0.172356 0.290682
vt 0.187831 0.290682
vt 0.204007 0.290682
vt 0.220690 0.290682
vt 0.237631 0.290682
vt 0.254546 0.290682
vt 0.271143 0.290682
vt 0.287155 0.290682
vt 0.662041 0.172661
vt 0.654851 0.174798
vt 0.654851 0.172661
vt 0.669232 0.174798
vt 0.676203 0.172661
vt 0.669232 0.172661
vt 0.683049 0.172661
vt 0.689834 0.172661
vt 0.696600 0.172661
vt 0.703385 0.172661
vt 0.710231 0.172661
vt 0.717202 0.174798
vt 0.724393 0.172661
vt 0.717202 0.172661
vt 0.731583 0.174798
vt 0.738554 0.172661
vt 0.731583 0.172661
vt 0.745400 0.172661
vt 0.752185 0.172661
vt 0.758952 0.172661
vt 0.765736 0.172661
vt 0.772583 0.172661
vt 0.779553 0.174798
vt 0.786744 0.172661
vt 0.779553 0.172661
vt 0.793934 0.174798
vt 0.800905 0.172661
vt 0.793934 0.172661
vt 0.807751 0.172661
vt 0.814536 0.172661
vt 0.821303 0.172661
vt 0.828088 0.172661
vt 0.834934 0.172661
vt 0.841905 0.174798
vt 0.849095 0.172661
vt 0.841905 0.172661
vt 0.599690 0.172661
vt 0.606881 0.174798
vt 0.613851 0.172661
vt 0.606881 0.172661
vt 0.620698 0.172661
vt 0.627482 0.172661
vt 0.634249 0.172661
vt 0.641034 0.172661
vt 0.647880 0.172661
vt 0.662041 0.180708
vt 0.654851 0.180708
vt 0.647880 0.180708
vt 0.641034 0.182847
vt 0.641034 0.180708
vt 0.634249 0.180708
vt 0.627482 0.180708
vt 0.620698 0.182847
vt 0.620698 0.180708
vt 0.613851 0.180708
vt 0.606881 0.180708
vt 0.599690 0.180708
vt 0.849095 0.180708
vt 0.841905 0.180708
vt 0.834934 0.180708
vt 0.828088 0.182847
vt 0.828088 0.180708
vt 0.821303 0.180708
vt 0.814536 0.180708
vt 0.807751 0.182847
vt 0.807751 0.180708
vt 0.800905 0.180708
vt 0.793934 0.180708
vt 0.786744 0.180708
vt 0.779553 0.180708
vt 0.772583 0.180708
vt 0.765736 0.182847
vt 0.765736 0.180708
vt 0.758952 0.180708
vt 0.752185 0.180708
vt 0.745400 0.182847
vt 0.745400 0.180708
vt 0.738554 0.180708
vt 0.731583 0.180708
vt 0.724393 0.180708
vt 0.717202 0.180708
vt 0.710231 0.180708
vt 0.703385 0.182847
vt 0.703385 0.180708
vt 0.696600 0.180708
vt 0.689834 0.180708
vt 0.683049 0.182847
vt 0.683049 0.180708
vt 0.676203 0.180708
vt 0.669232 0.180708
vt 0.662041 0.206058
vt 0.654851 0.206058
vt 0.647880 0.206058
vt 0.641034 0.208248
vt 0.641034 0.206058
vt 0.634249 0.206058
vt 0.627482 0.206058
vt 0.620698 0.208248
vt 0.620698 0.206058
vt 0.613851 0.206058
vt 0.606881 0.206058
vt 0.599690 0.206058
vt 0.849095 0.206058
vt 0.841905 0.206058
vt 0.834934 0.206058
vt 0.828088 0.208248
vt 0.828088 0.206058
vt 0.821303 0.206058
vt 0.814536 0.206058
vt 0.807751 0.208248
vt 0.807751 0.206058
vt 0.800905 0.206058
vt 0.793934 0.206058
vt 0.786744 0.206058
vt 0.779553 0.206058
vt 0.772583 0.206058
vt 0.765736 0.208248
vt 0.765736 0.206058
vt 0.758952 0.206058
vt 0.752185 0.206058
vt 0.745400 0.208248
vt 0.745400 0.206058
vt 0.738554 0.206058
vt 0.731583 0.206058
vt 0.724393 0.206058
vt 0.717202 0.206058
vt 0.710231 0.206058
vt 0.703385 0.208248
vt 0.703385 0.206058
vt 0.696600 0.206058
vt 0.689834 0.206058
vt 0.683049 0.208248
vt 0.683049 0.206058
vt 0.676203 0.206058
vt 0.669232 0.206058
vt 0.662041 0.221510
vt 0.654851 0.223549
vt 0.654851 0.221510
vt 0.647880 0.223549
vt 0.647880 0.221510
vt 0.641034 0.223549
vt 0.641034 0.221510
vt 0.634249 0.221510
vt 0.634249 0.223549
vt 0.627482 0.221510
vt 0.627482 0.223549
vt 0.620698 0.223549
vt 0.620698 0.221510
vt 0.613851 0.221510
vt 0.613851 0.223549
vt 0.606881 0.221510
vt 0.606881 0.223549
vt 0.599690 0.221510
vt 0.599690 0.223549
vt 0.849095 0.221510
vt 0.841905 0.223549
vt 0.841905 0.221510
vt 0.834934 0.223549
vt 0.834934 0.221510
vt 0.828088 0.223549
vt 0.828088 0.221510
vt 0.821303 0.221510
vt 0.821303 0.223549
vt 0.814536 0.223549
vt 0.814536 0.221510
vt 0.807751 0.223549
vt 0.807751 0.221510
vt 0.800905 0.221510
vt 0.800905 0.223549
vt 0.793934 0.221510
vt 0.793934 0.223549
vt 0.786744 0.221510
vt 0.786744 0.223549
vt 0.779553 0.223549
vt 0.779553 0.221510
vt 0.772583 0.223549
vt 0.772583 0.221510
vt 0.765736 0.223549
vt 0.765736 0.221510
vt 0.758952 0.221510
vt 0.758952 0.223549
vt 0.752185 0.223549
vt 0.752185 0.221510
vt 0.745400 0.223549
vt 0.745400 0.221510
vt 0.738554 0.221510
vt 0.738554 0.223549
vt 0.731583 0.221510
vt 0.731583 0.223549
vt 0.724393 0.221510
vt 0.724393 0.223549
vt 0.717202 0.223549
vt 0.717202 0.221510
vt 0.710231 0.223549
vt 0.710231 0.221510
vt 0.703385 0.223549
vt 0.703385 0.221510
vt 0.696600 0.221510
vt 0.696600 0.223549
vt 0.689834 0.223549
vt 0.689834 0.221510
vt 0.683049 0.223549
vt 0.683049 0.221510
vt 0.676203 0.221510
vt 0.676203 0.223549
vt 0.669232 0.221510
vt 0.669232 0.223549
vt 0.662041 0.223549
vt 0.662041 0.170489
vt 0.654851 0.170489
vt 0.662041 0.168350
vt 0.669232 0.170489
vt 0.676203 0.170489
vt 0.676203 0.168350
vt 0.683049 0.170489
vt 0.683049 0.168350
vt 0.689834 0.170489
vt 0.689834 0.168350
vt 0.696600 0.170489
vt 0.696600 0.168350
vt 0.703385 0.170489
vt 0.703385 0.168350
vt 0.710231 0.170489
vt 0.710231 0.168350
vt 0.717202 0.170489
vt 0.724393 0.170489
vt 0.724393 0.168350
vt 0.731583 0.170489
vt 0.738554 0.170489
vt 0.738554 0.168350
vt 0.745400 0.170489
vt 0.745400 0.168350
vt 0.752185 0.170489
vt 0.752185 0.168350
vt 0.758952 0.170489
vt 0.758952 0.168350
vt 0.765736 0.170489
vt 0.765736 0.168350
vt 0.772583 0.170489
vt 0.772583 0.168350
vt 0.779553 0.170489
vt 0.786744 0.170489
vt 0.786744 0.168350
vt 0.793934 0.170489
vt 0.800905 0.170489
vt 0.800905 0.168350
vt 0.807751 0.170489
vt 0.807751 0.168350
vt 0.814536 0.170489
vt 0.814536 0.168350
vt 0.821303 0.170489
vt 0.821303 0.168350
vt 0.828088 0.170489
vt 0.828088 0.168350
vt 0.834934 0.170489
vt 0.834934 0.168350
vt 0.841905 0.170489
vt 0.849095 0.170489
vt 0.849095 0.168350
vt 0.599690 0.170489
vt 0.599690 0.168350
vt 0.606881 0.170489
vt 0.613851 0.170489
vt 0.613851 0.168350
vt 0.620698 0.170489
vt 0.620698 0.168350
vt 0.627482 0.170489
vt 0.627482 0.168350
vt 0.634249 0.170489
vt 0.634249 0.168350
vt 0.641034 0.170489
vt 0.641034 0.168350
vt 0.647880 0.170489
vt 0.647880 0.168350
vt 0.662041 0.178536
vt 0.654851 0.178536
vt 0.647880 0.178536
vt 0.641034 0.178536
vt 0.634249 0.178536
vt 0.627482 0.178536
vt 0.620698 0.178536
vt 0.613851 0.178536
vt 0.606881 0.178536
vt 0.599690 0.178536
vt 0.849095 0.178536
vt 0.841905 0.178536
vt 0.834934 0.178536
vt 0.828088 0.178536
vt 0.821303 0.178536
vt 0.814536 0.178536
vt 0.807751 0.178536
vt 0.800905 0.178536
vt 0.793934 0.178536
vt 0.786744 0.178536
vt 0.779553 0.178536
vt 0.772583 0.178536
vt 0.765736 0.178536
vt 0.758952 0.178536
vt 0.752185 0.178536
vt 0.745400 0.178536
vt 0.738554 0.178536
vt 0.731583 0.178536
vt 0.724393 0.178536
vt 0.717202 0.178536
vt 0.710231 0.178536
vt 0.703385 0.178536
vt 0.696600 0.178536
vt 0.689834 0.178536
vt 0.683049 0.178536
vt 0.676203 0.178536
vt 0.669232 0.178536
vt 0.662041 0.203848
vt 0.654851 0.203848
vt 0.647880 0.203848
vt 0.641034 0.203848
vt 0.634249 0.203848
vt 0.627482 0.203848
vt 0.620698 0.203848
vt 0.613851 0.203848
vt 0.606881 0.203848
vt 0.599690 0.203848
vt 0.849095 0.203848
vt 0.841905 0.203848
vt 0.834934 0.203848
vt 0.828088 0.203848
vt 0.821303 0.203848
vt 0.814536 0.203848
vt 0.807751 0.203848
vt 0.800905 0.203848
vt 0.793934 0.203848
vt 0.786744 0.203848
vt 0.779553 0.203848
vt 0.772583 0.203848
vt 0.765736 0.203848
vt 0.758952 0.203848
vt 0.752185 0.203848
vt 0.745400 0.203848
vt 0.738554 0.203848
vt 0.731583 0.203848
vt 0.724393 0.203848
vt 0.717202 0.203848
vt 0.710231 0.203848
vt 0.703385 0.203848
vt 0.696600 0.203848
vt 0.689834 0.203848
vt 0.683049 0.203848
vt 0.676203 0.203848
vt 0.669232 0.203848
vt 0.662041 0.219413
vt 0.654851 0.219413
vt 0.647880 0.219413
vt 0.641034 0.219413
vt 0.634249 0.219413
vt 0.627482 0.219413
vt 0.620698 0.219413
vt 0.613851 0.219413
vt 0.606881 0.219413
vt 0.599690 0.219413
vt 0.849095 0.219413
vt 0.841905 0.219413
vt 0.834934 0.219413
vt 0.828088 0.219413
vt 0.821303 0.219413
vt 0.814536 0.219413
vt 0.807751 0.219413
vt 0.800905 0.219413
vt 0.793934 0.219413
vt 0.786744 0.219413
vt 0.779553 0.219413
vt 0.772583 0.219413
vt 0.765736 0.219413
vt 0.758952 0.219413
vt 0.752185 0.219413
vt 0.745400 0.219413
vt 0.738554 0.219413
vt 0.731583 0.219413
vt 0.724393 0.219413
vt 0.717202 0.219413
vt 0.710231 0.219413
vt 0.703385 0.219413
vt 0.696600 0.219413
vt 0.689834 0.219413
vt 0.683049 0.219413
vt 0.676203 0.219413
vt 0.669232 0.219413
vt 0.723554 0.261829
vt 0.549627 0.673498
vt 0.544166 0.673498
vt 0.554958 0.673498
vt 0.560134 0.673498
vt 0.732114 0.673498
vt 0.565289 0.673498
vt 0.737269 0.673498
vt 0.742445 0.673498
vt 0.747776 0.673498
vt 0.775185 0.999507
vt 0.015905 0.261829
vt 0.000493 0.261829
vt 0.031917 0.261829
vt 0.048514 0.261829
vt 0.723554 0.258920
vt 0.723554 0.256060
vt 0.549627 0.670672
vt 0.544166 0.670672
vt 0.549627 0.667887
vt 0.554958 0.670672
vt 0.554958 0.667887
vt 0.560134 0.670672
vt 0.560134 0.667887
vt 0.565289 0.670672
vt 0.565289 0.667887
vt 0.732114 0.670672
vt 0.737269 0.670672
vt 0.737269 0.667887
vt 0.742445 0.670672
vt 0.742445 0.667887
vt 0.747776 0.670672
vt 0.753237 0.673498
vt 0.747776 0.667887
vt 0.753237 0.670672
vt 0.772355 0.999507
vt 0.775185 0.579083
vt 0.769573 0.999507
vt 0.772355 0.579083
vt 0.015905 0.258920
vt 0.000493 0.258920
vt 0.015905 0.256060
vt 0.031917 0.258920
vt 0.031917 0.256060
vt 0.048514 0.258920
vt 0.048514 0.256060
vt 0.065430 0.256060
vt 0.145561 0.318804
vt 0.157499 0.318804
vt 0.832246 0.579083
vt 0.829890 0.999507
vt 0.565289 0.730529
vt 0.732114 0.730529
vt 0.302568 0.318804
vt 0.723554 0.316474
vt 0.723554 0.318804
vt 0.000493 0.318804
vt 0.015905 0.318804
vt 0.287155 0.318804
vt 0.271143 0.318804
vt 0.254546 0.318804
vt 0.237631 0.318804
vt 0.220690 0.316474
vt 0.204007 0.318804
vt 0.220690 0.318804
vt 0.187831 0.318804
vt 0.172356 0.318804
vt 0.031917 0.318804
vt 0.048514 0.318804
vt 0.065430 0.318804
vt 0.082371 0.316474
vt 0.082371 0.318804
vt 0.099053 0.318804
vt 0.115229 0.318804
vt 0.130704 0.318804
vt 0.737269 0.730529
vt 0.544166 0.730529
vt 0.549627 0.730529
vt 0.742445 0.728209
vt 0.742445 0.730529
vt 0.747776 0.730529
vt 0.753237 0.730529
vt 0.554958 0.728209
vt 0.554958 0.730529
vt 0.560134 0.730529
vt 0.157499 0.321163
vt 0.017434 0.382715
vt 0.000493 0.382715
vt 0.834589 0.579083
vt 0.832246 0.999507
vt 0.000959 0.324118
vt 0.649123 0.324118
vt 0.732114 0.732840
vt 0.347435 0.158936
vt 0.577302 0.158936
vt 0.302568 0.321163
vt 0.781875 0.382715
vt 0.223572 0.382715
vt 0.202289 0.382715
vt 0.000493 0.321163
vt 0.673831 0.324118
vt 0.287155 0.321163
vt 0.179841 0.382715
vt 0.271143 0.321163
vt 0.156482 0.382715
vt 0.254546 0.321163
vt 0.132540 0.382715
vt 0.237631 0.321163
vt 0.108401 0.382715
vt 0.204007 0.321163
vt 0.084468 0.382715
vt 0.187831 0.321163
vt 0.061123 0.382715
vt 0.172356 0.321163
vt 0.038695 0.382715
vt 0.015905 0.321163
vt 0.699892 0.324118
vt 0.031917 0.321163
vt 0.727011 0.324118
vt 0.048514 0.321163
vt 0.754806 0.324118
vt 0.065430 0.321163
vt 0.782830 0.324118
vt 0.099053 0.321163
vt 0.810616 0.324118
vt 0.115229 0.321163
vt 0.837718 0.324118
vt 0.130704 0.321163
vt 0.863756 0.324118
vt 0.145561 0.321163
vt 0.888439 0.324118
vt 0.586637 0.158936
vt 0.544166 0.732840
vt 0.317904 0.158936
vt 0.308567 0.158936
vt 0.737269 0.732840
vt 0.596735 0.158936
vt 0.747776 0.732840
vt 0.825195 0.112899
vt 0.825195 0.101178
vt 0.753237 0.732840
vt 0.825195 0.090340
vt 0.549627 0.732840
vt 0.328003 0.158936
vt 0.560134 0.732840
vt 0.338101 0.158936
vt 0.565289 0.732840
vt 0.000493 0.115735
vt 0.463465 0.134422
vt 0.000493 0.134422
vt 0.786524 0.253105
vt 0.803031 0.234482
vt 0.803031 0.253105
vt 0.769683 0.253105
vt 0.785995 0.234478
vt 0.752155 0.253105
vt 0.768184 0.234477
vt 0.734187 0.253105
vt 0.749647 0.234476
vt 0.711484 0.234476
vt 0.716067 0.253105
vt 0.692483 0.234476
vt 0.698099 0.253105
vt 0.673946 0.234477
vt 0.680571 0.253105
vt 0.656135 0.234478
vt 0.663730 0.253105
vt 0.639099 0.234482
vt 0.647223 0.253105
vt 0.625453 0.234482
vt 0.633816 0.253105
vt 0.617308 0.253105
vt 0.600467 0.253105
vt 0.608417 0.234478
vt 0.582939 0.253105
vt 0.590606 0.234477
vt 0.564971 0.253105
vt 0.572069 0.234476
vt 0.546852 0.253105
vt 0.553068 0.234476
vt 0.514904 0.234476
vt 0.528884 0.253105
vt 0.496368 0.234477
vt 0.511356 0.253105
vt 0.478557 0.234478
vt 0.494515 0.253105
vt 0.461520 0.234482
vt 0.478007 0.253105
vt 0.000493 0.253105
vt 0.750718 0.099410
vt 0.756878 0.080895
vt 0.756878 0.099410
vt 0.744506 0.099410
vt 0.750718 0.080895
vt 0.738294 0.080895
vt 0.738294 0.099410
vt 0.732134 0.080895
vt 0.732134 0.099410
vt 0.543969 0.099410
vt 0.537809 0.099410
vt 0.543969 0.080895
vt 0.531597 0.099410
vt 0.537809 0.080895
vt 0.525385 0.080895
vt 0.525385 0.099410
vt 0.519225 0.080895
vt 0.519225 0.099410
vt 0.519225 0.045810
vt 0.930158 0.064413
vt 0.519225 0.064413
vt 0.676924 0.137378
vt 0.691130 0.155980
vt 0.676924 0.155980
vt 0.662432 0.137378
vt 0.662432 0.155980
vt 0.647348 0.137378
vt 0.647348 0.155980
vt 0.631885 0.137378
vt 0.631885 0.155980
vt 0.616292 0.137378
vt 0.616292 0.155980
vt 0.600829 0.137378
vt 0.600829 0.155980
vt 0.585745 0.137378
vt 0.585745 0.155980
vt 0.571253 0.137378
vt 0.571253 0.155980
vt 0.557047 0.137378
vt 0.557047 0.155980
vt 0.545509 0.137378
vt 0.545509 0.155980
vt 0.531303 0.137378
vt 0.531303 0.155980
vt 0.516810 0.137378
vt 0.516810 0.155980
vt 0.501726 0.137378
vt 0.501726 0.155980
vt 0.486264 0.137378
vt 0.486264 0.155980
vt 0.470671 0.137378
vt 0.470671 0.155980
vt 0.455208 0.137378
vt 0.455208 0.155980
vt 0.440124 0.137378
vt 0.440124 0.155980
vt 0.425631 0.137378
vt 0.425631 0.155980
vt 0.411425 0.137378
vt 0.411425 0.155980
vt 0.000493 0.137378
vt 0.000493 0.155980
vt 0.885082 0.146447
vt 0.888439 0.165394
vt 0.885082 0.165394
vt 0.882554 0.146447
vt 0.882554 0.165394
vt 0.880025 0.146447
vt 0.880025 0.165394
vt 0.876668 0.146447
vt 0.876668 0.165394
vt 0.705856 0.146447
vt 0.705856 0.165394
vt 0.702500 0.146447
vt 0.702500 0.165394
vt 0.699971 0.146447
vt 0.699971 0.165394
vt 0.697442 0.146447
vt 0.697442 0.165394
vt 0.694085 0.146447
vt 0.694085 0.165394
vt 0.458383 0.230631
vt 0.002209 0.234476
vt 0.002536 0.230625
vt 0.000493 0.111872
vt 0.463465 0.115735
vt 0.803031 0.230631
vt 0.785895 0.230627
vt 0.767899 0.230626
vt 0.749170 0.230626
vt 0.730646 0.234476
vt 0.729972 0.230625
vt 0.710612 0.230625
vt 0.691414 0.230626
vt 0.533906 0.234476
vt 0.744506 0.080895
vt 0.531597 0.080895
vt 0.000493 0.447325
vt 0.455959 0.226504
vt 0.000493 0.379760
vt 0.649674 0.379760
vt 0.000493 0.107734
vt 0.463465 0.111872
vt 0.782496 0.447325
vt 0.223156 0.447325
vt 0.803031 0.226504
vt 0.201908 0.447325
vt 0.785817 0.226504
vt 0.179521 0.447325
vt 0.767679 0.226504
vt 0.156221 0.447325
vt 0.748802 0.226504
vt 0.132338 0.447325
vt 0.709938 0.226504
vt 0.108253 0.447325
vt 0.690588 0.226504
vt 0.671711 0.226504
vt 0.886516 0.624919
vt 0.843266 0.622031
vt 0.886516 0.622031
vt 0.886516 0.627697
vt 0.843266 0.624919
vt 0.886516 0.630424
vt 0.843266 0.627697
vt 0.886516 0.633132
vt 0.843266 0.630424
vt 0.886516 0.635835
vt 0.843266 0.633132
vt 0.886516 0.638542
vt 0.843266 0.635835
vt 0.886516 0.641270
vt 0.843266 0.638542
vt 0.886516 0.644048
vt 0.843266 0.641270
vt 0.886516 0.646936
vt 0.843266 0.644048
vt 0.886516 0.649823
vt 0.843266 0.646936
vt 0.886516 0.652601
vt 0.843266 0.649823
vt 0.886516 0.655329
vt 0.843266 0.652601
vt 0.886516 0.658037
vt 0.843266 0.655329
vt 0.886516 0.660739
vt 0.843266 0.658037
vt 0.886516 0.663447
vt 0.843266 0.660739
vt 0.886516 0.666174
vt 0.843266 0.663447
vt 0.886516 0.668953
vt 0.843266 0.666174
vt 0.886516 0.671840
vt 0.843266 0.668953
vt 0.886516 0.674728
vt 0.843266 0.671840
vt 0.886516 0.677506
vt 0.843266 0.674728
vt 0.886516 0.680233
vt 0.843266 0.677506
vt 0.886516 0.682941
vt 0.843266 0.680233
vt 0.886516 0.685644
vt 0.843266 0.682941
vt 0.886516 0.688351
vt 0.843266 0.685644
vt 0.886516 0.691079
vt 0.843266 0.688351
vt 0.886516 0.693857
vt 0.843266 0.691079
vt 0.886516 0.696745
vt 0.843266 0.693857
vt 0.886516 0.600014
vt 0.843266 0.597127
vt 0.886516 0.597127
vt 0.886516 0.602792
vt 0.843266 0.600014
vt 0.886516 0.605520
vt 0.843266 0.602792
vt 0.886516 0.608227
vt 0.843266 0.605520
vt 0.886516 0.610930
vt 0.843266 0.608227
vt 0.886516 0.613638
vt 0.843266 0.610930
vt 0.886516 0.616365
vt 0.843266 0.613638
vt 0.886516 0.619143
vt 0.843266 0.616365
vt 0.843266 0.619143
vt 0.837544 0.619143
vt 0.837544 0.622031
vt 0.837544 0.616365
vt 0.837544 0.613638
vt 0.837544 0.610930
vt 0.837544 0.608227
vt 0.837544 0.605520
vt 0.837544 0.602792
vt 0.837544 0.600014
vt 0.837544 0.597127
vt 0.837544 0.693857
vt 0.843266 0.696745
vt 0.837544 0.696745
vt 0.837544 0.691079
vt 0.837544 0.688351
vt 0.837544 0.685644
vt 0.837544 0.682941
vt 0.837544 0.680233
vt 0.837544 0.677506
vt 0.837544 0.674728
vt 0.837544 0.671840
vt 0.837544 0.668953
vt 0.837544 0.666174
vt 0.837544 0.663447
vt 0.837544 0.660739
vt 0.837544 0.658037
vt 0.837544 0.655329
vt 0.837544 0.652601
vt 0.837544 0.649823
vt 0.837544 0.646936
vt 0.837544 0.644048
vt 0.837544 0.641270
vt 0.837544 0.638542
vt 0.837544 0.635835
vt 0.837544 0.633132
vt 0.837544 0.630424
vt 0.837544 0.627697
vt 0.837544 0.624919
vt 0.612895 0.591815
vt 0.610248 0.588170
vt 0.612895 0.588170
vt 0.610248 0.591815
vt 0.607689 0.588170
vt 0.607689 0.591815
vt 0.605176 0.588170
vt 0.605176 0.591815
vt 0.602684 0.588170
vt 0.602684 0.591815
vt 0.600197 0.588170
vt 0.600197 0.591815
vt 0.597705 0.588170
vt 0.597705 0.591815
vt 0.595192 0.588170
vt 0.595192 0.591815
vt 0.592633 0.588170
vt 0.592633 0.591815
vt 0.589986 0.588170
vt 0.589986 0.591815
vt 0.587338 0.588170
vt 0.587338 0.591815
vt 0.584779 0.588170
vt 0.584779 0.591815
vt 0.582266 0.588170
vt 0.582266 0.591815
vt 0.579774 0.588170
vt 0.579774 0.591815
vt 0.577288 0.588170
vt 0.577288 0.591815
vt 0.574795 0.588170
vt 0.574795 0.591815
vt 0.572282 0.588170
vt 0.572282 0.591815
vt 0.569723 0.588170
vt 0.569723 0.591815
vt 0.567076 0.588170
vt 0.567076 0.591815
vt 0.564429 0.588170
vt 0.564429 0.591815
vt 0.561869 0.588170
vt 0.561869 0.591815
vt 0.559356 0.588170
vt 0.559356 0.591815
vt 0.556864 0.588170
vt 0.556864 0.591815
vt 0.554378 0.588170
vt 0.554378 0.591815
vt 0.551886 0.588170
vt 0.551886 0.591815
vt 0.549372 0.588170
vt 0.549372 0.591815
vt 0.546813 0.588170
vt 0.546813 0.591815
vt 0.544166 0.588170
vt 0.635805 0.591815
vt 0.633158 0.588170
vt 0.635805 0.588170
vt 0.633158 0.591815
vt 0.630599 0.588170
vt 0.630599 0.591815
vt 0.628085 0.588170
vt 0.628085 0.591815
vt 0.625593 0.588170
vt 0.625593 0.591815
vt 0.623107 0.588170
vt 0.623107 0.591815
vt 0.620615 0.588170
vt 0.620615 0.591815
vt 0.618102 0.588170
vt 0.618102 0.591815
vt 0.615543 0.588170
vt 0.615543 0.591815
vt 0.615543 0.596433
vt 0.618102 0.596433
vt 0.620615 0.596433
vt 0.625593 0.596433
vt 0.628085 0.596433
vt 0.630599 0.596433
vt 0.633158 0.596433
vt 0.546813 0.596433
vt 0.544166 0.591815
vt 0.549372 0.596433
vt 0.551886 0.596433
vt 0.554378 0.596433
vt 0.559356 0.596433
vt 0.561869 0.596433
vt 0.564429 0.596433
vt 0.569723 0.596433
vt 0.572282 0.596433
vt 0.574795 0.596433
vt 0.577288 0.596433
vt 0.582266 0.596433
vt 0.584779 0.596433
vt 0.587338 0.596433
vt 0.592633 0.596433
vt 0.595192 0.596433
vt 0.597705 0.596433
vt 0.602684 0.596433
vt 0.605176 0.596433
vt 0.607689 0.596433
vt 0.610248 0.596433
vt 0.615543 0.585755
vt 0.612895 0.585755
vt 0.618102 0.585755
vt 0.620615 0.585755
vt 0.623107 0.585755
vt 0.625593 0.585755
vt 0.628085 0.585755
vt 0.630599 0.585755
vt 0.633158 0.585755
vt 0.635805 0.585755
vt 0.546813 0.585755
vt 0.544166 0.585755
vt 0.549372 0.585755
vt 0.551886 0.585755
vt 0.554378 0.585755
vt 0.556864 0.585755
vt 0.559356 0.585755
vt 0.561869 0.585755
vt 0.564429 0.585755
vt 0.567076 0.585755
vt 0.569723 0.585755
vt 0.572282 0.585755
vt 0.574795 0.585755
vt 0.577288 0.585755
vt 0.579774 0.585755
vt 0.582266 0.585755
vt 0.584779 0.585755
vt 0.587338 0.585755
vt 0.589986 0.585755
vt 0.592633 0.585755
vt 0.595192 0.585755
vt 0.597705 0.585755
vt 0.600197 0.585755
vt 0.602684 0.585755
vt 0.605176 0.585755
vt 0.607689 0.585755
vt 0.610248 0.585755
vt 0.612895 0.583952
vt 0.615543 0.583952
vt 0.618102 0.583952
vt 0.620615 0.583952
vt 0.623107 0.583952
vt 0.625593 0.583952
vt 0.628085 0.583952
vt 0.630599 0.583952
vt 0.633158 0.583952
vt 0.635805 0.583952
vt 0.544166 0.583952
vt 0.546813 0.583952
vt 0.549372 0.583952
vt 0.551886 0.583952
vt 0.554378 0.583952
vt 0.556864 0.583952
vt 0.559356 0.583952
vt 0.561869 0.583952
vt 0.564429 0.583952
vt 0.567076 0.583952
vt 0.569723 0.583952
vt 0.572282 0.583952
vt 0.574795 0.583952
vt 0.577288 0.583952
vt 0.579774 0.583952
vt 0.582266 0.583952
vt 0.584779 0.583952
vt 0.587338 0.583952
vt 0.589986 0.583952
vt 0.592633 0.583952
vt 0.595192 0.583952
vt 0.597705 0.583952
vt 0.600197 0.583952
vt 0.602684 0.583952
vt 0.605176 0.583952
vt 0.607689 0.583952
vt 0.610248 0.583952
vt 0.612895 0.582844
vt 0.615543 0.582844
vt 0.618102 0.582844
vt 0.620615 0.582844
vt 0.623107 0.582844
vt 0.625593 0.582844
vt 0.628085 0.582844
vt 0.630599 0.582844
vt 0.633158 0.582844
vt 0.635805 0.582844
vt 0.544166 0.582844
vt 0.546813 0.582844
vt 0.549372 0.582844
vt 0.551886 0.582844
vt 0.554378 0.582844
vt 0.556864 0.582844
vt 0.559356 0.582844
vt 0.561869 0.582844
vt 0.564429 0.582844
vt 0.567076 0.582844
vt 0.569723 0.582844
vt 0.572282 0.582844
vt 0.574795 0.582844
vt 0.577288 0.582844
vt 0.579774 0.582844
vt 0.582266 0.582844
vt 0.584779 0.582844
vt 0.587338 0.582844
vt 0.589986 0.582844
vt 0.592633 0.582844
vt 0.595192 0.582844
vt 0.597705 0.582844
vt 0.600197 0.582844
vt 0.602684 0.582844
vt 0.605176 0.582844
vt 0.607689 0.582844
vt 0.610248 0.582844
vt 0.615543 0.579332
vt 0.612895 0.579332
vt 0.618102 0.579332
vt 0.620615 0.579332
vt 0.623107 0.579332
vt 0.625593 0.579332
vt 0.628085 0.579332
vt 0.630599 0.579332
vt 0.633158 0.579332
vt 0.635805 0.579332
vt 0.546813 0.579332
vt 0.544166 0.579332
vt 0.549372 0.579332
vt 0.551886 0.579332
vt 0.554378 0.579332
vt 0.556864 0.579332
vt 0.559356 0.579332
vt 0.561889 0.579144
vt 0.564429 0.579332
vt 0.567076 0.579332
vt 0.569702 0.579138
vt 0.572282 0.579332
vt 0.574795 0.579332
vt 0.577288 0.579332
vt 0.579774 0.579332
vt 0.582266 0.579332
vt 0.584779 0.579332
vt 0.587338 0.579332
vt 0.589986 0.579332
vt 0.592633 0.579332
vt 0.595192 0.579332
vt 0.597705 0.579332
vt 0.600197 0.579332
vt 0.602684 0.579332
vt 0.605176 0.579332
vt 0.607689 0.579332
vt 0.610248 0.579332
vt 0.154272 0.492617
vt 0.005724 0.455512
vt 0.277821 0.455512
vt 0.042240 0.597822
vt 0.005724 0.727608
vt 0.241305 0.597822
vt 0.277821 0.727608
vt 0.141772 0.691289
vt 0.116971 0.688156
vt 0.046924 0.622378
vt 0.057568 0.644998
vt 0.073503 0.664260
vt 0.093727 0.678953
vt 0.166574 0.688156
vt 0.189817 0.678953
vt 0.210042 0.664260
vt 0.225977 0.644998
vt 0.236621 0.622378
vt 0.051535 0.549097
vt 0.043810 0.572873
vt 0.064930 0.527990
vt 0.083153 0.510877
vt 0.105060 0.498834
vt 0.129273 0.492617
vt 0.239735 0.572873
vt 0.232010 0.549097
vt 0.218615 0.527990
vt 0.200392 0.510877
vt 0.178485 0.498834
vt 0.697784 0.523862
vt 0.714941 0.506806
vt 0.714941 0.523862
vt 0.897781 0.720559
vt 0.936510 0.998139
vt 0.897781 0.998139
vt 0.891394 0.068919
vt 0.926661 0.373280
vt 0.891394 0.373280
vt 0.003707 0.103491
vt 0.308068 0.068224
vt 0.308068 0.103491
vt 0.927199 0.693463
vt 0.892656 0.382731
vt 0.927199 0.382731
vt 0.680627 0.499691
vt 0.697784 0.463010
vt 0.697784 0.499691
vt 0.663469 0.463010
vt 0.663469 0.499691
vt 0.646312 0.463010
vt 0.646312 0.499691
vt 0.629154 0.499691
vt 0.611997 0.463010
vt 0.611997 0.499691
vt 0.594840 0.463010
vt 0.594840 0.499691
vt 0.577682 0.463010
vt 0.577682 0.499691
vt 0.560525 0.463010
vt 0.560525 0.499691
vt 0.543368 0.499691
vt 0.526210 0.463010
vt 0.526210 0.499691
vt 0.509053 0.499691
vt 0.491896 0.463010
vt 0.491896 0.499691
vt 0.474738 0.463010
vt 0.474738 0.499691
vt 0.457581 0.463010
vt 0.457581 0.499691
vt 0.440424 0.463010
vt 0.440424 0.499691
vt 0.423266 0.499691
vt 0.406109 0.499691
vt 0.423266 0.463010
vt 0.388952 0.499691
vt 0.406109 0.463010
vt 0.371794 0.499691
vt 0.388952 0.463010
vt 0.354637 0.463010
vt 0.354637 0.499691
vt 0.337480 0.499691
vt 0.320322 0.499691
vt 0.337480 0.463010
vt 0.303165 0.463010
vt 0.303165 0.499691
vt 0.286007 0.499691
vt 0.714941 0.463010
vt 0.714941 0.499691
vt 0.680627 0.506806
vt 0.680627 0.523862
vt 0.663469 0.506806
vt 0.663469 0.523862
vt 0.646312 0.506806
vt 0.646312 0.523862
vt 0.629154 0.506806
vt 0.629154 0.523862
vt 0.611997 0.506806
vt 0.611997 0.523862
vt 0.594840 0.506806
vt 0.594840 0.523862
vt 0.577682 0.506806
vt 0.577682 0.523862
vt 0.560525 0.506806
vt 0.560525 0.523862
vt 0.543368 0.506806
vt 0.543368 0.523862
vt 0.526210 0.506806
vt 0.526210 0.523862
vt 0.509053 0.506806
vt 0.509053 0.523862
vt 0.491896 0.506806
vt 0.491896 0.523862
vt 0.474738 0.506806
vt 0.474738 0.523862
vt 0.457581 0.506806
vt 0.457581 0.523862
vt 0.440424 0.506806
vt 0.440424 0.523862
vt 0.423266 0.506806
vt 0.423266 0.523862
vt 0.406109 0.506806
vt 0.406109 0.523862
vt 0.388952 0.506806
vt 0.388952 0.523862
vt 0.371794 0.506806
vt 0.371794 0.523862
vt 0.354637 0.506806
vt 0.354637 0.523862
vt 0.337480 0.523862
vt 0.320322 0.506806
vt 0.320322 0.523862
vt 0.303165 0.506806
vt 0.303165 0.523862
vt 0.286007 0.506806
vt 0.286007 0.523862
vt 0.714941 0.460560
vt 0.697784 0.460560
vt 0.286007 0.460560
vt 0.286007 0.463010
vt 0.303165 0.460560
vt 0.320322 0.463010
vt 0.320322 0.460560
vt 0.354637 0.460560
vt 0.337480 0.460560
vt 0.371794 0.460560
vt 0.388952 0.460560
vt 0.371794 0.463010
vt 0.406109 0.460560
vt 0.423266 0.460560
vt 0.440424 0.460560
vt 0.474738 0.460560
vt 0.457581 0.460560
vt 0.509053 0.460560
vt 0.491896 0.460560
vt 0.509053 0.463010
vt 0.543368 0.460560
vt 0.526210 0.460560
vt 0.543368 0.463010
vt 0.560525 0.460560
vt 0.594840 0.460560
vt 0.577682 0.460560
vt 0.611997 0.460560
vt 0.629154 0.463010
vt 0.629154 0.460560
vt 0.663469 0.460560
vt 0.646312 0.460560
vt 0.680627 0.460560
vt 0.680627 0.463010
vt 0.697784 0.502049
vt 0.714941 0.502049
vt 0.680627 0.504457
vt 0.697784 0.506806
vt 0.663469 0.504457
vt 0.646312 0.504457
vt 0.629154 0.504457
vt 0.611997 0.504457
vt 0.594840 0.504457
vt 0.577682 0.504457
vt 0.560525 0.504457
vt 0.543368 0.504457
vt 0.526210 0.504457
vt 0.509053 0.504457
vt 0.491896 0.504457
vt 0.474738 0.504457
vt 0.457581 0.504457
vt 0.440424 0.504457
vt 0.423266 0.504457
vt 0.406109 0.504457
vt 0.388952 0.504457
vt 0.371794 0.504457
vt 0.354637 0.504457
vt 0.337480 0.506806
vt 0.337480 0.504457
vt 0.320322 0.504457
vt 0.303165 0.504457
vt 0.286007 0.504457
vt 0.697784 0.458077
vt 0.714941 0.455622
vt 0.714941 0.458077
vt 0.286007 0.458077
vt 0.286007 0.455622
vt 0.303165 0.458077
vt 0.320322 0.455622
vt 0.320322 0.458077
vt 0.337480 0.458077
vt 0.337480 0.455622
vt 0.354637 0.458077
vt 0.354637 0.455622
vt 0.371794 0.458077
vt 0.388952 0.455622
vt 0.388952 0.458077
vt 0.406109 0.458077
vt 0.406109 0.455622
vt 0.423266 0.458077
vt 0.440424 0.455622
vt 0.440424 0.458077
vt 0.457581 0.455622
vt 0.457581 0.458077
vt 0.474738 0.458077
vt 0.474738 0.455622
vt 0.491896 0.458077
vt 0.509053 0.458077
vt 0.491896 0.455622
vt 0.526210 0.458077
vt 0.509053 0.455622
vt 0.526210 0.455622
vt 0.543368 0.458077
vt 0.560525 0.458077
vt 0.560525 0.455622
vt 0.577682 0.458077
vt 0.594840 0.455622
vt 0.594840 0.458077
vt 0.611997 0.458077
vt 0.611997 0.455622
vt 0.629154 0.458077
vt 0.646312 0.455622
vt 0.646312 0.458077
vt 0.663469 0.458077
vt 0.680627 0.458077
vt 0.680627 0.455622
vt 0.697784 0.455622
vt 0.697784 0.504457
vt 0.714941 0.504457
vt 0.680627 0.502049
vt 0.663469 0.502049
vt 0.646312 0.502049
vt 0.629154 0.502049
vt 0.611997 0.502049
vt 0.594840 0.502049
vt 0.577682 0.502049
vt 0.560525 0.502049
vt 0.543368 0.502049
vt 0.526210 0.502049
vt 0.509053 0.502049
vt 0.491896 0.502049
vt 0.474738 0.502049
vt 0.457581 0.502049
vt 0.440424 0.502049
vt 0.423266 0.502049
vt 0.406109 0.502049
vt 0.388952 0.502049
vt 0.371794 0.502049
vt 0.354637 0.502049
vt 0.337480 0.502049
vt 0.320322 0.502049
vt 0.303165 0.502049
vt 0.286007 0.502049
vt 0.281828 0.453499
vt 0.279390 0.453642
vt 0.280387 0.450939
vt 0.001717 0.729621
vt 0.004154 0.729478
vt 0.003158 0.732181
vt 0.279834 0.731615
vt 0.279691 0.729178
vt 0.282394 0.730174
vt 0.003711 0.451504
vt 0.003854 0.453942
vt 0.001151 0.452946
vt 0.891394 0.382637
vt 0.892656 0.693463
vt 0.891394 0.693558
vt 0.927949 0.373371
vt 0.926661 0.068919
vt 0.927949 0.068639
vt 0.003616 0.104779
vt 0.308349 0.104779
vt 0.937879 0.998139
vt 0.936510 0.720559
vt 0.937879 0.720559
vt 0.002156 0.068224
vt 0.002156 0.103718
vt 0.892433 0.695047
vt 0.927199 0.695047
vt 0.927199 0.381148
vt 0.892433 0.381148
vt 0.309619 0.103718
vt 0.309619 0.068224
vt 0.278325 0.450280
vt 0.277673 0.453112
vt 0.281589 0.455174
vt 0.279674 0.455285
vt 0.892433 0.696745
vt 0.891394 0.694854
vt 0.937635 0.999263
vt 0.936510 0.999507
vt 0.005872 0.730008
vt 0.005220 0.732840
vt 0.001956 0.727945
vt 0.003871 0.727835
vt 0.926888 0.374831
vt 0.927949 0.376495
vt 0.926888 0.376495
vt 0.309619 0.104779
vt 0.927949 0.374642
vt 0.283052 0.728113
vt 0.280221 0.727460
vt 0.278158 0.731377
vt 0.278048 0.729461
vt 0.002346 0.104779
vt 0.000493 0.103718
vt 0.937635 0.719435
vt 0.000493 0.455007
vt 0.003324 0.455660
vt 0.005497 0.453659
vt 0.005387 0.451743
vt 0.891394 0.381341
vt 0.892433 0.379450
vt 0.927949 0.067368
vt 0.897781 0.719190
vt 0.936510 0.719190
vt 0.927199 0.696745
vt 0.897781 0.999507
vt 0.891394 0.067368
vt 0.926888 0.067368
vt 0.891394 0.374831
vt 0.891394 0.376495
vt 0.546788 0.664932
vt 0.545624 0.664710
vt 0.544878 0.664220
vt 0.544388 0.663474
vt 0.544166 0.662310
vt 0.544166 0.602010
vt 0.544388 0.600846
vt 0.544878 0.600100
vt 0.545624 0.599610
vt 0.546788 0.599388
vt 0.694541 0.599388
vt 0.699632 0.599801
vt 0.709632 0.603300
vt 0.714213 0.606449
vt 0.718178 0.610414
vt 0.721327 0.614995
vt 0.723549 0.619943
vt 0.724825 0.624995
vt 0.725239 0.630086
vt 0.724825 0.639325
vt 0.723549 0.644377
vt 0.721327 0.649325
vt 0.718178 0.653907
vt 0.714213 0.657871
vt 0.709632 0.661021
vt 0.704684 0.663242
vt 0.694541 0.664932
vt 0.727785 0.749589
vt 0.727785 0.747414
vt 0.728136 0.745347
vt 0.728811 0.743416
vt 0.729780 0.741655
vt 0.731016 0.740100
vt 0.732489 0.738790
vt 0.734168 0.737760
vt 0.738046 0.736682
vt 0.740097 0.736704
vt 0.742049 0.737097
vt 0.743877 0.737832
vt 0.745548 0.738878
vt 0.747026 0.740204
vt 0.748277 0.741778
vt 0.749264 0.743569
vt 0.749956 0.745548
vt 0.750320 0.747692
vt 0.750320 0.749867
vt 0.749968 0.751934
vt 0.749293 0.753865
vt 0.748324 0.755626
vt 0.747088 0.757181
vt 0.743936 0.759521
vt 0.742077 0.760235
vt 0.740058 0.760599
vt 0.738007 0.760577
vt 0.736055 0.760184
vt 0.734227 0.759449
vt 0.732556 0.758404
vt 0.729828 0.755503
vt 0.728840 0.753712
vt 0.728148 0.751733
vt 0.248564 0.161140
vt 0.000493 0.161140
vt 0.487877 0.002474
vt 0.560734 0.042855
vt 0.812687 0.005654
vt 0.669236 0.580165
vt 0.928256 0.699968
vt 0.466420 0.102366
vt 0.447420 0.732840
vt 0.415519 0.732840
vt 0.409755 0.732840
vt 0.351719 0.732840
vt 0.777763 0.134422
vt 0.103756 0.025596
vt 0.165152 0.025596
vt 0.198900 0.025596
vt 0.232647 0.025596
vt 0.266395 0.025596
vt 0.000493 0.065269
vt 0.034240 0.065269
vt 0.201520 0.065269
vt 0.235268 0.065269
vt 0.002513 0.025596
vt 0.270471 0.025596
vt 0.269015 0.065269
vt 0.066531 0.065269
vt 0.541211 0.732840
vt 0.822240 0.134422
vt 0.837544 0.699700
vt 0.837544 0.948130
vt 0.837544 0.999507
vt 0.825195 0.115855
vt 0.887230 0.143492
vt 0.856212 0.143492
vt 0.768661 0.094224
vt 0.825195 0.143492
vt 0.648919 0.550457
vt 0.879375 0.550457
vt 0.544166 0.576128
vt 0.781749 0.384468
vt 0.596735 0.220333
vt 0.302568 0.256060
vt 0.157499 0.256060
vt 0.544166 0.696175
vt 0.000493 0.285280
vt 0.531597 0.072993
vt 0.744506 0.072993
vt 0.529539 0.226504
vt 0.849095 0.223549
vt 0.654851 0.168350
vt 0.669232 0.168350
vt 0.717202 0.168350
vt 0.731583 0.168350
vt 0.779553 0.168350
vt 0.793934 0.168350
vt 0.841905 0.168350
vt 0.606881 0.168350
vt 0.544166 0.667887
vt 0.732114 0.667887
vt 0.753237 0.667887
vt 0.769573 0.579083
vt 0.000493 0.256060
vt 0.834589 0.999507
vt 0.723554 0.321163
vt 0.220690 0.321163
vt 0.082371 0.321163
vt 0.742445 0.732840
vt 0.554958 0.732840
vt 0.930158 0.045810
vt 0.691130 0.137378
vt 0.888439 0.146447
vt 0.002788 0.226504
vt 0.463465 0.107734
vt 0.729451 0.226504
vt 0.612895 0.596433
vt 0.623107 0.596433
vt 0.635805 0.596433
vt 0.544166 0.596433
vt 0.556864 0.596433
vt 0.567076 0.596433
vt 0.579774 0.596433
vt 0.589986 0.596433
vt 0.600197 0.596433
vt 0.003707 0.068224
vt 0.303165 0.455622
vt 0.371794 0.455622
vt 0.423266 0.455622
vt 0.543368 0.455622
vt 0.577682 0.455622
vt 0.629154 0.455622
vt 0.663469 0.455622
vt 0.891394 0.696745
vt 0.000493 0.104779
vt 0.891394 0.379450
vt 0.000493 0.068224
vt 0.927199 0.379450
s 1
usemtl Surgical_table
f 2360/191/235 2348/192/235 2358/193/235
f 2756/194/235 2772/195/235 2780/196/235
f 250/197/236 191/198/237 193/199/236
f 251/200/238 193/199/236 195/201/238
f 252/202/239 195/201/238 197/203/239
f 253/204/235 197/203/239 199/205/235
f 254/206/240 199/205/235 201/207/240
f 239/208/241 201/207/240 203/209/241
f 240/210/242 203/209/241 205/211/242
f 241/212/243 205/211/242 207/213/243
f 242/214/244 207/213/243 209/215/244
f 243/216/245 209/215/244 211/217/245
f 244/218/246 211/217/245 213/219/246
f 245/220/247 213/219/246 215/221/247
f 246/222/248 215/223/247 217/224/248
f 247/225/249 217/224/248 219/226/249
f 248/227/250 219/226/249 221/228/250
f 249/229/237 221/228/250 191/198/237
f 204/230/241 224/231/240 223/232/241
f 202/233/240 225/234/235 224/231/240
f 200/235/235 226/236/239 225/234/235
f 198/237/239 227/238/238 226/236/239
f 196/239/238 228/240/236 227/238/238
f 194/241/236 229/242/237 228/240/236
f 192/243/237 230/244/250 229/242/237
f 222/245/250 231/246/249 230/244/250
f 220/247/249 232/248/248 231/246/249
f 218/249/248 233/250/247 232/248/248
f 216/251/247 234/252/246 233/253/247
f 214/254/246 235/255/245 234/252/246
f 212/256/245 236/257/244 235/255/245
f 210/258/244 237/259/243 236/257/244
f 208/260/243 238/261/242 237/259/243
f 206/262/242 223/232/241 238/261/242
f 317/263/242 319/264/241 321/265/242
f 315/266/243 321/265/242 323/267/243
f 313/268/244 323/267/243 325/269/244
f 311/270/245 325/269/244 327/271/245
f 309/272/246 327/271/245 329/273/246
f 307/274/247 329/273/246 331/275/247
f 305/276/248 331/277/247 333/278/248
f 303/279/249 333/278/248 335/280/249
f 301/281/250 335/280/249 337/282/250
f 299/283/237 337/282/250 339/284/237
f 297/285/236 339/284/237 341/286/236
f 295/287/238 341/286/236 343/288/238
f 293/289/239 343/288/238 345/290/239
f 291/291/235 345/290/239 347/292/235
f 289/293/240 347/292/235 349/294/240
f 287/295/241 349/294/240 319/264/241
f 318/296/251 223/232/251 288/297/251
f 239/208/252 322/298/252 320/299/252
f 237/259/251 318/296/251 316/300/251
f 240/210/252 324/301/252 322/298/252
f 236/257/251 316/300/251 314/302/251
f 241/212/252 326/303/252 324/301/252
f 235/255/251 314/302/251 312/304/251
f 326/303/252 243/216/252 328/305/252
f 234/252/251 312/304/251 310/306/251
f 243/216/252 330/307/252 328/305/252
f 308/308/251 234/252/251 310/306/251
f 244/218/252 332/309/252 330/307/252
f 232/248/251 308/310/251 306/311/251
f 332/312/252 246/222/252 334/313/252
f 304/314/251 232/248/251 306/311/251
f 246/222/252 336/315/252 334/313/252
f 302/316/251 231/246/251 304/314/251
f 247/225/252 338/317/252 336/315/252
f 229/242/251 302/316/251 300/318/251
f 338/317/252 249/229/252 340/319/252
f 298/320/251 229/242/251 300/318/251
f 249/229/252 342/321/252 340/319/252
f 227/238/251 298/320/251 296/322/251
f 342/321/252 251/200/252 344/323/252
f 226/236/251 296/322/251 294/324/251
f 344/323/252 252/202/252 346/325/252
f 292/326/251 226/236/251 294/324/251
f 252/202/252 348/327/252 346/325/252
f 224/231/251 292/326/251 290/328/251
f 348/327/252 254/206/252 350/329/252
f 223/232/251 290/328/251 288/297/251
f 254/206/252 320/299/252 350/329/252
f 352/330/253 318/296/254 288/297/255
f 356/331/256 320/299/257 322/298/258
f 359/332/259 318/296/254 353/333/260
f 362/334/261 322/298/258 324/301/262
f 363/335/263 316/300/264 359/332/259
f 362/334/261 326/303/265 366/336/266
f 367/337/267 314/302/268 363/335/263
f 366/336/266 328/305/269 370/338/270
f 371/339/271 312/304/272 367/337/267
f 374/340/273 328/305/269 330/307/274
f 371/339/271 308/308/275 310/306/276
f 374/340/273 332/309/277 378/341/278
f 379/342/279 308/310/275 375/343/280
f 382/344/281 332/312/277 334/313/282
f 379/342/279 304/314/283 306/311/284
f 382/344/281 336/315/285 283/345/286
f 282/346/287 304/314/283 286/347/288
f 283/345/286 338/317/289 279/348/290
f 278/349/291 302/316/292 282/346/287
f 275/350/293 338/317/289 340/319/294
f 278/349/291 298/320/295 300/318/296
f 275/350/293 342/321/297 271/351/298
f 274/352/299 296/322/300 298/320/295
f 271/351/298 344/323/301 267/353/302
f 270/354/303 294/324/304 296/322/300
f 263/355/305 344/323/301 346/325/306
f 266/356/307 292/326/308 294/324/304
f 263/355/305 348/327/309 259/357/310
f 258/358/311 292/326/308 262/359/312
f 259/357/310 350/329/313 255/360/314
f 352/330/253 290/328/315 258/358/311
f 357/361/316 350/329/313 320/299/257
f 351/362/317 353/333/260 352/330/253
f 287/295/318 354/363/319 351/362/317
f 356/331/256 358/364/320 357/361/316
f 321/265/321 358/364/320 355/365/322
f 354/363/319 359/332/259 353/333/260
f 317/263/323 360/366/324 354/363/319
f 362/334/261 355/365/322 356/331/256
f 323/267/325 355/365/322 361/367/326
f 360/366/324 363/335/263 359/332/259
f 360/366/324 313/268/327 364/368/328
f 366/336/266 361/367/326 362/334/261
f 325/269/329 361/367/326 365/369/330
f 364/368/328 367/337/267 363/335/263
f 313/268/327 368/370/331 364/368/328
f 369/371/332 366/336/266 370/338/270
f 327/271/333 365/369/330 369/371/332
f 368/370/331 371/339/271 367/337/267
f 368/370/331 309/272/334 372/372/335
f 373/373/336 370/338/270 374/340/273
f 329/273/337 369/371/332 373/373/336
f 372/372/335 375/374/280 371/339/271
f 372/372/335 307/274/338 376/375/339
f 378/341/278 373/373/336 374/340/273
f 331/275/340 373/373/336 377/376/341
f 376/377/339 379/342/279 375/343/280
f 307/378/338 380/379/342 376/377/339
f 382/344/281 377/380/341 378/381/278
f 381/382/343 331/277/340 377/380/341
f 380/379/342 286/347/288 379/342/279
f 305/276/344 285/383/345 380/379/342
f 284/384/346 382/344/281 283/345/286
f 335/280/347 381/382/343 284/384/346
f 286/347/288 281/385/348 282/346/287
f 303/279/349 281/385/348 285/383/345
f 280/386/350 283/345/286 279/348/290
f 280/386/350 335/280/347 284/384/346
f 282/346/287 277/387/351 278/349/291
f 301/281/352 277/387/351 281/385/348
f 276/388/353 279/348/290 275/350/293
f 339/284/354 280/386/350 276/388/353
f 277/387/351 274/352/299 278/349/291
f 299/283/355 273/389/356 277/387/351
f 272/390/357 275/350/293 271/351/298
f 341/286/358 276/388/353 272/390/357
f 274/352/299 269/391/359 270/354/303
f 297/285/360 269/391/359 273/389/356
f 268/392/361 271/351/298 267/353/302
f 343/288/362 272/390/357 268/392/361
f 269/391/359 266/356/307 270/354/303
f 295/287/363 265/393/364 269/391/359
f 263/355/305 268/392/361 267/353/302
f 264/394/365 343/288/362 268/392/361
f 266/356/307 261/395/366 262/359/312
f 293/289/367 261/395/366 265/393/364
f 260/396/368 263/355/305 259/357/310
f 260/396/368 345/290/369 264/394/365
f 261/395/366 258/358/311 262/359/312
f 291/291/370 257/397/371 261/395/366
f 255/360/314 260/396/368 259/357/310
f 349/294/372 260/396/368 256/398/373
f 258/358/311 351/362/317 352/330/253
f 257/397/371 287/295/318 351/362/317
f 358/364/320 255/360/314 357/361/316
f 319/264/374 256/398/373 358/364/320
f 385/399/235 398/400/235 383/401/235
f 401/402/247 397/403/247 400/404/247
f 392/405/235 383/401/235 386/406/235
f 449/407/375 447/408/375 448/409/375
f 454/410/376 451/411/376 452/412/376
f 397/403/247 387/413/247 389/414/247
f 399/415/235 398/400/235 384/416/235
f 389/414/247 390/417/247 391/418/247
f 455/419/377 457/420/377 456/421/377
f 461/422/378 460/423/378 462/424/378
f 400/404/247 405/425/247 401/402/247
f 403/426/235 402/427/235 399/415/235
f 392/405/235 393/428/235 396/429/235
f 395/430/247 390/417/247 394/431/247
f 464/432/379 465/433/379 463/434/379
f 469/435/380 468/436/380 470/437/380
f 408/438/247 405/425/247 404/439/247
f 403/426/235 410/440/235 406/441/235
f 411/442/235 393/428/235 414/443/235
f 395/430/247 413/444/247 412/445/247
f 472/446/381 474/447/381 471/448/381
f 477/449/382 476/450/382 478/451/382
f 408/438/247 413/444/247 409/452/247
f 411/442/235 410/440/235 407/453/235
f 388/454/375 415/455/375 418/456/375
f 387/457/375 418/456/375 417/458/375
f 385/459/375 417/458/375 416/460/375
f 384/461/375 416/460/375 415/455/375
f 399/462/376 419/463/376 421/464/376
f 401/465/376 421/464/376 422/466/376
f 388/454/376 422/466/376 420/467/376
f 384/461/376 420/467/376 419/463/376
f 392/468/377 425/469/377 426/470/377
f 385/471/377 426/470/377 423/472/377
f 387/473/377 423/472/377 424/474/377
f 390/475/377 424/474/377 425/469/377
f 399/462/378 428/476/378 427/477/378
f 403/478/378 427/477/378 429/479/378
f 430/480/378 403/478/378 429/479/378
f 401/465/378 430/480/378 428/476/378
f 396/481/379 433/482/379 434/483/379
f 392/468/379 434/483/379 432/484/379
f 431/485/379 392/468/379 432/484/379
f 394/486/379 431/485/379 433/482/379
f 403/478/380 436/487/380 435/488/380
f 407/489/380 435/488/380 437/490/380
f 409/491/380 437/490/380 438/492/380
f 436/487/380 409/491/380 438/492/380
f 441/493/381 413/494/381 442/495/381
f 396/481/381 441/493/381 440/496/381
f 394/486/381 440/496/381 439/497/381
f 413/494/381 439/497/381 442/495/381
f 407/498/382 444/499/382 443/500/382
f 445/501/382 407/498/382 443/500/382
f 413/494/382 445/501/382 446/502/382
f 409/503/382 446/502/382 444/499/382
f 418/456/383 447/408/383 450/504/383
f 449/407/384 418/456/384 450/504/384
f 448/409/385 417/458/385 449/407/385
f 415/455/386 448/409/386 447/408/386
f 421/464/387 451/411/387 453/505/387
f 422/466/388 453/505/388 454/410/388
f 420/467/389 454/410/389 452/412/389
f 419/463/390 452/412/390 451/411/390
f 426/470/391 457/420/391 458/506/391
f 423/472/392 458/506/392 455/419/392
f 424/474/393 455/419/393 456/421/393
f 457/420/394 424/474/394 456/421/394
f 427/477/395 460/423/395 459/507/395
f 429/479/396 459/507/396 461/422/396
f 430/480/397 461/422/397 462/424/397
f 428/476/398 462/424/398 460/423/398
f 434/483/399 465/433/399 466/508/399
f 432/484/400 466/508/400 464/432/400
f 431/485/401 464/432/401 463/434/401
f 433/482/402 463/434/402 465/433/402
f 467/509/403 436/487/403 468/436/403
f 437/490/404 467/509/404 469/435/404
f 438/492/405 469/435/405 470/437/405
f 468/436/406 438/492/406 470/437/406
f 441/493/407 474/447/407 473/510/407
f 440/496/408 473/510/408 472/446/408
f 439/497/409 472/446/409 471/448/409
f 474/447/410 439/497/410 471/448/410
f 475/511/411 444/499/411 476/450/411
f 445/501/412 475/511/412 477/449/412
f 478/451/413 445/501/413 477/449/413
f 476/450/414 446/502/414 478/451/414
f 480/512/415 487/513/415 479/514/415
f 489/515/235 480/516/235 482/517/235
f 482/518/243 479/514/243 481/519/243
f 486/520/235 489/515/235 490/521/235
f 489/522/416 481/519/416 483/523/416
f 480/516/235 486/520/235 488/524/235
f 490/525/417 483/526/417 484/527/417
f 488/528/418 485/529/418 487/530/418
f 486/531/237 484/527/237 485/529/237
f 524/532/376 526/533/376 529/534/376
f 560/535/419 618/536/419 614/537/419
f 532/538/378 557/539/378 523/540/378
f 561/541/420 550/542/420 528/543/420
f 538/544/380 535/545/380 531/546/380
f 617/547/421 608/548/421 615/549/421
f 537/550/382 586/551/382 577/552/382
f 607/553/422 551/554/422 616/555/422
f 539/556/381 596/557/381 587/558/381
f 611/559/423 602/560/423 609/561/423
f 597/562/379 548/563/379 546/564/379
f 610/565/424 598/566/424 545/567/424
f 547/568/377 552/569/377 543/570/377
f 605/571/425 592/572/425 603/573/425
f 553/574/375 525/575/375 549/576/375
f 591/577/426 595/578/426 604/579/426
f 564/580/427 527/581/427 555/582/427
f 599/583/428 582/584/428 593/585/428
f 559/586/429 569/587/429 568/588/429
f 572/589/430 558/590/430 533/591/430
f 594/592/431 578/593/431 585/594/431
f 589/595/432 574/596/432 583/597/432
f 579/598/433 566/599/433 571/600/433
f 573/601/434 575/602/434 584/603/434
f 623/604/435 622/605/436 750/606/437
f 631/607/438 630/608/439 754/609/440
f 544/610/441 758/611/442 639/612/443
f 550/542/444 762/613/445 647/614/446
f 655/615/447 654/616/448 766/617/449
f 560/618/450 770/619/451 663/620/452
f 671/621/453 670/622/454 774/623/455
f 679/624/456 678/625/457 778/626/458
f 687/627/459 686/628/460 782/629/461
f 582/630/462 786/631/463 695/632/464
f 703/633/465 702/634/466 790/635/467
f 592/636/468 794/637/469 711/638/470
f 719/639/471 718/640/472 798/641/473
f 602/642/474 802/643/475 727/644/476
f 608/645/477 806/646/478 735/647/479
f 614/648/480 810/649/481 743/650/482
f 624/651/483 530/652/484 521/653/485
f 621/654/486 555/582/487 527/581/488
f 520/655/489 557/539/490 653/656/491
f 741/657/492 617/547/493 615/549/494
f 664/658/495 568/588/496 515/659/497
f 744/660/498 561/541/499 661/661/500
f 651/662/501 533/591/502 558/590/503
f 514/663/504 535/545/505 629/664/506
f 648/665/507 525/666/508 625/667/509
f 645/668/510 616/555/511 551/554/512
f 620/669/513 562/670/514 659/671/515
f 688/672/516 536/673/517 627/674/518
f 512/675/519 577/552/520 685/676/521
f 733/677/522 611/559/523 609/561/524
f 736/678/525 616/555/511 739/679/526
f 508/680/527 587/558/528 701/681/529
f 704/682/530 578/593/531 683/683/532
f 643/684/533 543/685/534 552/686/535
f 637/687/536 610/565/537 545/567/538
f 720/688/539 588/689/540 699/690/541
f 506/691/542 597/562/543 717/692/544
f 725/693/545 605/571/546 603/573/547
f 728/694/548 610/565/537 731/695/549
f 502/696/550 543/570/534 641/697/551
f 636/698/552 598/566/553 715/699/554
f 721/700/555 604/579/556 595/578/557
f 500/701/558 549/576/559 649/702/560
f 709/703/561 599/583/562 593/585/563
f 723/704/564 591/577/565 604/579/556
f 705/705/566 594/592/567 585/594/568
f 665/706/569 563/707/570 559/708/571
f 658/709/572 565/710/573 669/711/574
f 693/712/575 589/595/576 583/597/577
f 696/713/578 594/592/567 707/714/579
f 674/715/580 570/716/581 493/717/582
f 667/718/583 571/719/584 566/720/585
f 634/721/586 573/601/587 677/722/588
f 689/723/589 584/603/590 575/602/591
f 676/724/592 584/603/590 691/725/593
f 681/726/594 579/598/595 571/600/584
f 747/727/596 528/543/597 626/728/598
f 747/727/596 620/669/513 619/729/599
f 748/730/600 527/581/488 620/669/513
f 749/731/601 626/728/598 625/667/509
f 749/731/601 748/730/600 747/727/596
f 750/606/437 621/654/486 748/730/600
f 624/732/483 625/667/509 525/666/508
f 624/732/483 750/606/437 749/731/601
f 751/733/602 536/673/517 634/721/586
f 752/734/603 627/674/518 751/733/602
f 629/735/506 628/736/604 752/734/603
f 633/737/605 751/733/602 634/721/586
f 754/609/440 751/733/602 753/738/606
f 630/608/439 752/734/603 754/609/440
f 533/591/502 753/738/606 633/737/605
f 632/739/607 754/609/440 753/738/606
f 642/740/608 635/741/609 546/742/610
f 755/743/611 636/698/552 635/741/609
f 756/744/612 545/567/538 636/698/552
f 757/745/613 642/740/608 641/746/551
f 758/611/442 755/743/611 757/745/613
f 758/611/442 637/687/536 756/744/612
f 640/747/614 641/746/551 543/685/534
f 639/612/443 757/745/613 640/747/614
f 650/748/615 643/684/533 552/686/535
f 759/749/616 644/750/617 643/684/533
f 760/751/618 551/554/512 644/750/617
f 761/752/619 650/748/615 649/753/560
f 762/613/445 759/749/616 761/752/619
f 762/613/445 645/668/510 760/751/618
f 648/665/507 649/753/560 549/754/559
f 647/614/446 761/752/619 648/665/507
f 763/755/620 558/590/503 658/709/572
f 764/756/621 651/662/501 763/755/620
f 653/757/491 652/758/622 764/756/621
f 765/759/623 658/709/572 657/760/624
f 766/617/449 763/755/620 765/759/623
f 654/616/448 764/756/621 766/617/449
f 555/582/487 765/759/623 657/760/624
f 656/761/625 766/617/449 765/759/623
f 666/762/626 659/671/515 562/670/514
f 768/763/627 659/671/515 767/764/628
f 661/661/500 660/765/629 768/763/627
f 665/706/569 767/764/628 666/762/626
f 769/766/630 768/763/627 767/764/628
f 662/767/631 768/763/627 770/619/451
f 559/708/571 769/766/630 665/706/569
f 664/768/495 770/619/451 769/766/630
f 771/769/632 566/720/585 674/770/580
f 772/771/633 667/718/583 771/769/632
f 669/711/574 668/772/634 772/771/633
f 773/773/635 674/770/580 673/774/636
f 774/623/455 771/769/632 773/773/635
f 774/623/455 669/711/574 772/771/633
f 563/707/570 773/773/635 673/774/636
f 672/775/637 774/623/455 773/773/635
f 775/776/638 574/777/639 682/778/640
f 776/779/641 675/780/642 775/776/638
f 677/722/588 676/724/592 776/779/641
f 777/781/643 682/778/640 681/782/594
f 778/626/458 775/776/638 777/781/643
f 678/625/457 776/779/641 778/626/458
f 571/719/584 777/781/643 681/782/594
f 680/783/644 778/626/458 777/781/643
f 779/784/645 578/593/531 690/785/646
f 780/786/647 683/683/532 779/784/645
f 685/787/521 684/788/648 780/786/647
f 781/789/649 690/785/646 689/723/589
f 782/629/461 779/784/645 781/789/649
f 686/628/460 780/786/647 782/629/461
f 575/602/591 781/789/649 689/723/589
f 688/672/516 782/629/461 781/789/649
f 698/790/650 691/725/593 584/603/590
f 783/791/651 692/792/652 691/725/593
f 784/793/653 583/794/577 692/792/652
f 785/795/654 698/790/650 697/796/655
f 786/631/463 783/791/651 785/795/654
f 694/797/656 784/793/653 786/631/463
f 696/713/578 697/796/655 581/798/657
f 695/632/464 785/795/654 696/713/578
f 787/799/658 588/689/540 706/800/659
f 788/801/660 699/690/541 787/799/658
f 701/802/529 700/803/661 788/801/660
f 789/804/662 706/800/659 705/705/566
f 789/804/662 788/801/660 787/799/658
f 790/635/467 701/802/529 788/801/660
f 585/594/568 789/804/662 705/705/566
f 704/682/530 790/635/467 789/804/662
f 714/805/663 707/714/579 594/592/567
f 791/806/664 708/807/665 707/714/579
f 792/808/666 593/809/563 708/807/665
f 793/810/667 714/805/663 713/811/668
f 794/637/469 791/806/664 793/810/667
f 710/812/669 792/808/666 794/637/469
f 712/813/670 713/811/668 591/577/565
f 711/638/470 793/810/667 712/813/670
f 795/814/671 598/566/553 722/815/672
f 796/816/673 715/699/554 795/814/671
f 717/817/544 716/818/674 796/816/673
f 797/819/675 722/820/672 721/700/555
f 798/641/473 795/821/671 797/819/675
f 718/640/472 796/822/673 798/641/473
f 595/578/557 797/819/675 721/700/555
f 720/688/539 798/641/473 797/819/675
f 730/823/676 723/704/564 604/579/556
f 799/824/677 724/825/678 723/704/564
f 800/826/679 603/827/547 724/825/678
f 801/828/680 730/823/676 729/829/681
f 802/830/475 799/824/677 801/828/680
f 726/831/682 800/826/679 802/830/475
f 728/694/548 729/832/681 601/833/683
f 727/644/476 801/834/680 728/694/548
f 738/835/684 731/695/549 610/565/537
f 803/836/685 732/837/686 731/695/549
f 804/838/687 609/839/524 732/837/686
f 805/840/688 738/835/684 737/841/689
f 806/646/478 803/836/685 805/840/688
f 806/646/478 733/842/522 804/838/687
f 736/678/525 737/841/689 607/553/690
f 735/647/479 805/840/688 736/678/525
f 746/843/691 739/679/526 616/555/511
f 807/844/692 740/845/693 739/679/526
f 808/846/694 615/847/494 740/845/693
f 809/848/695 746/843/691 745/849/696
f 810/649/481 807/844/692 809/848/695
f 742/850/697 808/846/694 810/649/481
f 744/660/498 745/849/696 613/851/698
f 743/650/482 809/848/695 744/660/498
f 522/852/699 624/651/483 521/653/485
f 529/534/700 623/853/435 522/852/699
f 621/654/486 655/615/447 656/761/625
f 622/605/436 556/854/701 655/615/447
f 654/855/448 520/655/489 653/656/491
f 556/856/701 519/857/702 654/858/448
f 742/859/697 518/860/703 741/657/492
f 742/859/697 618/536/704 517/861/705
f 516/862/706 664/658/495 515/659/497
f 567/863/707 663/864/452 516/862/706
f 661/661/500 743/650/482 744/660/498
f 662/767/631 614/648/480 743/650/482
f 651/662/501 631/607/438 632/739/607
f 557/865/490 631/607/438 652/758/622
f 630/866/439 514/663/504 629/664/506
f 534/867/708 513/868/709 630/866/439
f 626/728/598 648/665/507 625/667/509
f 528/543/597 647/614/446 626/728/598
f 646/869/710 746/843/691 645/668/510
f 646/869/710 613/851/698 745/849/696
f 659/671/515 619/729/599 620/669/513
f 561/541/499 619/729/599 660/765/629
f 627/674/518 687/627/459 688/672/516
f 535/870/505 687/627/459 628/736/604
f 686/871/460 512/675/519 685/676/521
f 576/872/711 511/873/712 686/871/460
f 733/677/522 509/874/713 510/875/714
f 734/876/715 612/877/716 509/874/713
f 740/845/693 736/678/525 739/679/526
f 615/847/494 735/647/479 740/845/693
f 702/878/466 508/680/527 701/681/529
f 586/551/717 507/879/718 702/878/466
f 684/788/648 704/682/530 683/683/532
f 577/880/520 703/633/465 684/788/648
f 644/750/617 640/747/614 643/684/533
f 644/750/617 544/610/441 639/612/443
f 638/881/719 738/835/684 637/687/536
f 638/881/719 607/553/690 737/841/689
f 699/690/541 719/639/471 720/688/539
f 587/882/528 719/639/471 700/803/661
f 718/883/472 506/691/542 717/692/544
f 596/557/720 505/884/721 718/883/472
f 726/885/682 504/886/722 725/693/545
f 726/885/682 606/887/723 503/888/724
f 732/837/686 728/694/548 731/695/549
f 609/839/524 727/644/476 732/837/686
f 642/889/608 502/696/550 641/697/551
f 546/564/610 501/890/725 642/889/608
f 715/699/554 635/741/609 636/698/552
f 716/818/674 546/742/610 635/741/609
f 722/820/672 730/823/676 721/700/555
f 722/815/672 601/833/683 729/832/681
f 650/891/615 500/701/558 649/702/560
f 552/569/535 499/892/726 650/891/615
f 710/893/669 498/894/727 709/703/561
f 710/893/669 600/895/728 497/896/729
f 723/704/564 711/638/470 712/813/670
f 603/827/547 711/638/470 724/825/678
f 706/800/659 714/805/663 705/705/566
f 706/800/659 591/577/565 713/811/668
f 666/762/626 672/775/637 665/706/569
f 562/670/514 671/621/453 666/762/626
f 670/622/454 658/709/572 669/711/574
f 564/580/730 657/760/624 670/622/454
f 694/897/656 496/898/731 693/712/575
f 694/897/656 590/899/732 495/900/733
f 707/714/579 695/632/464 696/713/578
f 593/809/563 695/632/464 708/807/665
f 494/901/734 674/715/580 493/717/582
f 569/587/735 673/902/636 494/901/734
f 668/772/634 680/783/644 667/718/583
f 668/772/634 572/589/736 679/624/456
f 678/625/457 634/721/586 677/722/588
f 572/589/736 633/737/605 678/625/457
f 690/785/646 698/790/650 689/723/589
f 690/785/646 581/798/657 697/796/655
f 692/792/652 676/724/592 691/725/593
f 692/792/652 574/777/639 675/780/642
f 682/903/640 492/904/737 681/726/594
f 682/903/640 580/905/738 491/906/739
f 850/907/740 1080/908/741 841/909/742
f 841/909/742 1079/910/743 842/911/744
f 842/911/744 1078/912/745 843/913/746
f 843/913/746 1077/914/747 844/915/748
f 844/915/748 1076/916/749 845/917/750
f 845/918/750 1075/919/751 846/920/752
f 847/921/753 1075/919/751 1074/922/754
f 848/923/755 1074/922/754 1073/924/756
f 849/925/757 1073/924/756 1072/926/758
f 850/907/740 1072/926/758 1071/927/759
f 940/928/760 831/929/761 931/930/762
f 932/931/763 831/929/761 832/932/764
f 933/933/765 832/932/764 833/934/766
f 934/935/767 833/934/766 834/936/768
f 935/937/769 834/936/768 835/938/770
f 935/939/769 836/940/771 936/941/772
f 936/941/772 837/942/773 937/943/774
f 937/943/774 838/944/775 938/945/776
f 938/945/776 839/946/777 939/947/778
f 939/947/778 840/948/779 940/928/760
f 821/949/780 1050/950/781 830/951/782
f 1049/952/783 830/951/782 1050/950/781
f 1048/953/784 829/954/785 1049/952/783
f 1047/955/786 828/956/787 1048/953/784
f 1046/957/788 827/958/789 1047/955/786
f 1046/959/788 825/960/790 826/961/791
f 1045/962/792 824/963/793 825/960/790
f 1044/964/794 823/965/795 824/963/793
f 1043/966/796 822/967/797 823/965/795
f 1042/968/798 821/949/780 822/967/797
f 811/969/799 921/970/800 820/971/801
f 820/971/801 922/972/802 819/973/803
f 818/974/804 922/972/802 923/975/805
f 817/976/806 923/975/805 924/977/807
f 817/976/806 925/978/808 816/979/809
f 816/980/809 926/981/810 815/982/811
f 815/982/811 927/983/812 814/984/813
f 814/984/813 928/985/814 813/986/815
f 813/986/815 929/987/816 812/988/817
f 812/988/817 930/989/818 811/969/799
f 861/990/819 852/991/820 851/992/821
f 862/993/822 853/994/823 852/991/820
f 863/995/824 854/996/825 853/994/823
f 864/997/826 855/998/827 854/996/825
f 866/999/828 855/998/827 865/1000/829
f 867/1001/830 856/1002/831 866/1003/828
f 868/1004/832 857/1005/833 867/1001/830
f 869/1006/834 858/1007/835 868/1004/832
f 870/1008/836 859/1009/837 869/1006/834
f 861/990/819 860/1010/838 870/1008/836
f 872/1011/839 861/990/819 871/1012/840
f 873/1013/841 862/993/822 872/1011/839
f 874/1014/842 863/995/824 873/1013/841
f 875/1015/843 864/997/826 874/1014/842
f 876/1016/844 865/1000/829 875/1015/843
f 877/1017/845 866/1003/828 876/1018/844
f 877/1017/845 868/1004/832 867/1001/830
f 878/1019/846 869/1006/834 868/1004/832
f 880/1020/847 869/1006/834 879/1021/848
f 871/1012/840 870/1008/836 880/1020/847
f 882/1022/849 871/1012/840 881/1023/850
f 882/1022/849 873/1013/841 872/1011/839
f 883/1024/851 874/1014/842 873/1013/841
f 884/1025/852 875/1015/843 874/1014/842
f 886/1026/853 875/1015/843 885/1027/854
f 887/1028/855 876/1018/844 886/1029/853
f 888/1030/856 877/1017/845 887/1028/855
f 889/1031/857 878/1019/846 888/1030/856
f 890/1032/858 879/1021/848 889/1031/857
f 881/1023/850 880/1020/847 890/1032/858
f 892/1033/859 881/1023/850 891/1034/860
f 893/1035/861 882/1022/849 892/1033/859
f 894/1036/862 883/1024/851 893/1035/861
f 895/1037/863 884/1025/852 894/1036/862
f 896/1038/864 885/1027/854 895/1037/863
f 897/1039/865 886/1029/853 896/1040/864
f 898/1041/866 887/1028/855 897/1039/865
f 899/1042/867 888/1030/856 898/1041/866
f 900/1043/868 889/1031/857 899/1042/867
f 891/1034/860 890/1032/858 900/1043/868
f 902/1044/869 891/1034/860 901/1045/870
f 903/1046/871 892/1033/859 902/1044/869
f 904/1047/872 893/1035/861 903/1046/871
f 905/1048/873 894/1036/862 904/1047/872
f 906/1049/874 895/1037/863 905/1048/873
f 906/1050/874 897/1039/865 896/1040/864
f 907/1051/875 898/1041/866 897/1039/865
f 908/1052/876 899/1042/867 898/1041/866
f 909/1053/877 900/1043/868 899/1042/867
f 910/1054/878 891/1034/860 900/1043/868
f 952/1055/879 901/1045/870 951/1056/880
f 953/1057/881 902/1044/869 952/1055/879
f 954/1058/882 903/1046/871 953/1057/881
f 955/1059/883 904/1047/872 954/1058/882
f 956/1060/884 905/1048/873 955/1059/883
f 907/1051/875 956/1061/884 957/1062/885
f 957/1062/885 908/1052/876 907/1051/875
f 958/1063/886 909/1053/877 908/1052/876
f 959/1064/887 910/1054/878 909/1053/877
f 951/1056/880 910/1054/878 960/1065/888
f 1061/1066/889 830/951/782 1070/1067/890
f 1070/1067/890 829/954/785 1069/1068/891
f 1069/1068/891 828/956/787 1068/1069/892
f 1068/1069/892 827/958/789 1067/1070/893
f 1067/1070/893 826/1071/791 1066/1072/894
f 1065/1073/895 826/961/791 825/960/790
f 1064/1074/896 825/960/790 824/963/793
f 1063/1075/897 824/963/793 823/965/795
f 1062/1076/898 823/965/795 822/967/797
f 1061/1066/889 822/967/797 821/949/780
f 911/1077/899 940/928/760 931/930/762
f 912/1078/900 931/930/762 932/931/763
f 913/1079/901 932/931/763 933/933/765
f 914/1080/902 933/933/765 934/935/767
f 915/1081/903 934/935/767 935/937/769
f 915/1082/903 936/941/772 916/1083/904
f 916/1083/904 937/943/774 917/1084/905
f 917/1084/905 938/945/776 918/1085/906
f 918/1085/906 939/947/778 919/1086/907
f 919/1086/907 940/928/760 920/1087/908
f 1040/1088/909 941/1089/910 1031/1090/911
f 1031/1090/911 942/1091/912 1032/1092/913
f 1032/1092/913 943/1093/914 1033/1094/915
f 1033/1094/915 944/1095/916 1034/1096/917
f 1034/1096/917 945/1097/918 1035/1098/919
f 1036/1099/920 945/1100/918 946/1101/921
f 1037/1102/922 946/1101/921 947/1103/923
f 1038/1104/924 947/1103/923 948/1105/925
f 1039/1106/926 948/1105/925 949/1107/927
f 1040/1088/909 949/1107/927 950/1108/928
f 840/948/779 841/909/742 831/929/761
f 831/929/761 842/911/744 832/932/764
f 832/932/764 843/913/746 833/934/766
f 833/934/766 844/915/748 834/936/768
f 834/936/768 845/917/750 835/938/770
f 835/1109/770 846/920/752 836/940/771
f 837/942/773 846/920/752 847/921/753
f 838/944/775 847/921/753 848/923/755
f 839/946/777 848/923/755 849/925/757
f 839/946/777 850/907/740 840/948/779
f 962/1110/929 951/1056/880 961/1111/930
f 963/1112/931 952/1055/879 962/1110/929
f 964/1113/932 953/1057/881 963/1112/931
f 965/1114/933 954/1058/882 964/1113/932
f 966/1115/934 955/1059/883 965/1114/933
f 966/1116/934 957/1062/885 956/1061/884
f 967/1117/935 958/1063/886 957/1062/885
f 968/1118/936 959/1064/887 958/1063/886
f 969/1119/937 960/1065/888 959/1064/887
f 961/1111/930 960/1065/888 970/1120/938
f 972/1121/939 961/1111/930 971/1122/940
f 973/1123/941 962/1110/929 972/1121/939
f 974/1124/942 963/1112/931 973/1123/941
f 975/1125/943 964/1113/932 974/1124/942
f 976/1126/944 965/1114/933 975/1125/943
f 976/1127/944 967/1117/935 966/1116/934
f 977/1128/945 968/1118/936 967/1117/935
f 978/1129/946 969/1119/937 968/1118/936
f 979/1130/947 970/1120/938 969/1119/937
f 971/1122/940 970/1120/938 980/1131/948
f 982/1132/949 971/1122/940 981/1133/950
f 983/1134/951 972/1121/939 982/1132/949
f 984/1135/952 973/1123/941 983/1134/951
f 985/1136/953 974/1124/942 984/1135/952
f 986/1137/954 975/1125/943 985/1136/953
f 987/1138/955 976/1127/944 986/1139/954
f 988/1140/956 977/1128/945 987/1138/955
f 988/1140/956 979/1130/947 978/1129/946
f 990/1141/957 979/1130/947 989/1142/958
f 981/1133/950 980/1131/948 990/1141/957
f 992/1143/959 981/1133/950 991/1144/960
f 993/1145/961 982/1132/949 992/1143/959
f 994/1146/962 983/1134/951 993/1145/961
f 995/1147/963 984/1135/952 994/1146/962
f 996/1148/964 985/1136/953 995/1147/963
f 997/1149/965 986/1139/954 996/1150/964
f 997/1149/965 988/1140/956 987/1138/955
f 998/1151/966 989/1142/958 988/1140/956
f 1000/1152/967 989/1142/958 999/1153/968
f 991/1144/960 990/1141/957 1000/1152/967
f 1001/1154/969 992/1143/959 991/1144/960
f 1002/1155/970 993/1145/961 992/1143/959
f 1003/1156/971 994/1146/962 993/1145/961
f 1005/1157/972 994/1146/962 1004/1158/973
f 1006/1159/974 995/1147/963 1005/1157/972
f 1007/1160/975 996/1150/964 1006/1161/974
f 1008/1162/976 997/1149/965 1007/1160/975
f 1009/1163/977 998/1151/966 1008/1162/976
f 1010/1164/978 999/1153/968 1009/1163/977
f 1010/1164/978 991/1144/960 1000/1152/967
f 1011/1165/979 1002/1155/970 1001/1154/969
f 1012/1166/980 1003/1156/971 1002/1155/970
f 1013/1167/981 1004/1158/973 1003/1156/971
f 1014/1168/982 1005/1157/972 1004/1158/973
f 1015/1169/983 1006/1159/974 1005/1157/972
f 1017/1170/984 1006/1161/974 1016/1171/985
f 1018/1172/986 1007/1160/975 1017/1170/984
f 1019/1173/987 1008/1162/976 1018/1172/986
f 1020/1174/988 1009/1163/977 1019/1173/987
f 1011/1165/979 1010/1164/978 1020/1174/988
f 1021/1175/989 1012/1166/980 1011/1165/979
f 1022/1176/990 1013/1167/981 1012/1166/980
f 1023/1177/991 1014/1168/982 1013/1167/981
f 1024/1178/992 1015/1169/983 1014/1168/982
f 1025/1179/993 1016/1180/985 1015/1169/983
f 1027/1181/994 1016/1171/985 1026/1182/995
f 1028/1183/996 1017/1170/984 1027/1181/994
f 1029/1184/997 1018/1172/986 1028/1183/996
f 1030/1185/998 1019/1173/987 1029/1184/997
f 1021/1175/989 1020/1174/988 1030/1185/998
f 1041/1186/999 1022/1176/990 1021/1175/989
f 1042/968/798 1023/1177/991 1022/1176/990
f 1043/966/796 1024/1178/992 1023/1177/991
f 1044/964/794 1025/1179/993 1024/1178/992
f 1045/962/792 1026/1187/995 1025/1179/993
f 1047/955/786 1026/1182/995 1046/957/788
f 1048/953/784 1027/1181/994 1047/955/786
f 1049/952/783 1028/1183/996 1048/953/784
f 1050/950/781 1029/1184/997 1049/952/783
f 1041/1186/999 1030/1185/998 1050/950/781
f 941/1089/910 920/1087/908 911/1077/899
f 942/1091/912 911/1077/899 912/1078/900
f 943/1093/914 912/1078/900 913/1079/901
f 944/1095/916 913/1079/901 914/1080/902
f 945/1097/918 914/1080/902 915/1081/903
f 945/1100/918 916/1083/904 946/1101/921
f 946/1101/921 917/1084/905 947/1103/923
f 947/1103/923 918/1085/906 948/1105/925
f 948/1105/925 919/1086/907 949/1107/927
f 949/1107/927 920/1087/908 950/1108/928
f 1052/1188/1000 811/969/799 1051/1189/1001
f 1053/1190/1002 812/988/817 1052/1188/1000
f 1054/1191/1003 813/986/815 1053/1190/1002
f 1055/1192/1004 814/984/813 1054/1191/1003
f 1056/1193/1005 815/982/811 1055/1192/1004
f 1057/1194/1006 816/979/809 1056/1195/1005
f 1058/1196/1007 817/976/806 1057/1194/1006
f 1059/1197/1008 818/974/804 1058/1196/1007
f 1060/1198/1009 819/973/803 1059/1197/1008
f 1051/1189/1001 820/971/801 1060/1198/1009
f 1072/926/758 1051/1189/1001 1071/927/759
f 1072/926/758 1053/1190/1002 1052/1188/1000
f 1073/924/756 1054/1191/1003 1053/1190/1002
f 1074/922/754 1055/1192/1004 1054/1191/1003
f 1076/1199/749 1055/1192/1004 1075/919/751
f 1077/914/747 1056/1195/1005 1076/916/749
f 1078/912/745 1057/1194/1006 1077/914/747
f 1079/910/743 1058/1196/1007 1078/912/745
f 1080/908/741 1059/1197/1008 1079/910/743
f 1071/927/759 1060/1198/1009 1080/908/741
f 921/970/800 1061/1066/889 1070/1067/890
f 922/972/802 1070/1067/890 1069/1068/891
f 923/975/805 1069/1068/891 1068/1069/892
f 924/977/807 1068/1069/892 1067/1070/893
f 925/978/808 1067/1070/893 1066/1072/894
f 925/1200/808 1065/1073/895 926/981/810
f 926/981/810 1064/1074/896 927/983/812
f 927/983/812 1063/1075/897 928/985/814
f 928/985/814 1062/1076/898 929/987/816
f 929/987/816 1061/1066/889 930/989/818
f 1121/1201/1010 1102/1202/1011 1101/1203/1012
f 1123/1204/1013 1103/1205/1014 1102/1202/1011
f 1125/1206/1015 1104/1207/1016 1103/1205/1014
f 1127/1208/1017 1105/1209/1018 1104/1207/1016
f 1129/1210/1019 1106/1211/1020 1105/1209/1018
f 1133/1212/1021 1106/1211/1020 1131/1213/1022
f 1135/1214/1023 1107/1215/1024 1133/1212/1021
f 1137/1216/1025 1108/1217/1026 1135/1214/1023
f 1139/1218/1027 1109/1219/1028 1137/1216/1025
f 1121/1220/1010 1110/1221/1029 1139/1218/1027
f 1102/1222/1030 1081/1223/1031 1101/1224/1032
f 1122/1225/1033 1092/1226/1034 1124/1227/1035
f 1103/1228/1036 1082/1229/1037 1102/1222/1030
f 1124/1227/1035 1093/1230/1038 1126/1231/1039
f 1104/1232/1040 1083/1233/1041 1103/1228/1036
f 1093/1230/1038 1128/1234/1042 1126/1231/1039
f 1105/1235/1043 1084/1236/1044 1104/1232/1040
f 1094/1237/1045 1130/1238/1046 1128/1234/1042
f 1106/1239/1047 1085/1240/1048 1105/1235/1043
f 1095/1241/1049 1132/1242/1050 1130/1238/1046
f 1107/1243/1051 1086/1244/1052 1106/1239/1047
f 1132/1242/1050 1097/1245/1053 1134/1246/1054
f 1108/1247/1055 1087/1248/1056 1107/1243/1051
f 1134/1246/1054 1098/1249/1057 1136/1250/1058
f 1109/1251/1059 1088/1252/1060 1108/1247/1055
f 1098/1249/1057 1138/1253/1061 1136/1250/1058
f 1090/1254/1062 1109/1251/1059 1110/1255/1063
f 1099/1256/1064 1140/1257/1065 1138/1253/1061
f 1101/1224/1032 1090/1254/1062 1110/1255/1063
f 1100/1258/1066 1122/1259/1033 1140/1257/1065
f 1142/1260/1067 1122/1225/1068 1124/1227/1069
f 1146/1261/1070 1124/1227/1069 1126/1231/1071
f 1148/1262/1072 1126/1231/1071 1128/1234/1073
f 1150/1263/1074 1128/1234/1073 1130/1238/1075
f 1119/1264/1076 1130/1238/1075 1132/1242/1077
f 1119/1264/1076 1134/1246/1078 1117/1265/1079
f 1117/1265/1079 1136/1250/1080 1115/1266/1081
f 1115/1266/1081 1138/1253/1082 1113/1267/1083
f 1113/1267/1083 1140/1257/1084 1111/1268/1085
f 1111/1268/1085 1122/1259/1068 1143/1269/1086
f 1141/1270/1087 1143/1271/1086 1142/1260/1067
f 1123/1204/1088 1144/1272/1089 1141/1270/1087
f 1145/1273/1090 1142/1260/1067 1146/1261/1070
f 1125/1206/1091 1141/1270/1087 1145/1273/1090
f 1147/1274/1092 1146/1261/1070 1148/1262/1072
f 1127/1208/1093 1145/1273/1090 1147/1274/1092
f 1149/1275/1094 1148/1262/1072 1150/1263/1074
f 1129/1210/1095 1147/1274/1092 1149/1275/1094
f 1120/1276/1096 1150/1263/1074 1119/1264/1076
f 1131/1213/1097 1149/1275/1094 1120/1276/1096
f 1117/1265/1079 1120/1276/1096 1119/1264/1076
f 1118/1277/1098 1131/1213/1097 1120/1276/1096
f 1115/1266/1081 1118/1277/1098 1117/1265/1079
f 1116/1278/1099 1133/1212/1100 1118/1277/1098
f 1113/1267/1083 1116/1278/1099 1115/1266/1081
f 1114/1279/1101 1135/1214/1102 1116/1278/1099
f 1111/1268/1085 1114/1279/1101 1113/1267/1083
f 1112/1280/1103 1137/1216/1104 1114/1279/1101
f 1143/1269/1086 1112/1280/1103 1111/1268/1085
f 1144/1281/1089 1139/1218/1105 1112/1280/1103
f 1155/1282/235 1153/1283/235 1151/1284/235
f 1155/1285/1106 1214/1286/1107 1153/1287/1107
f 1153/1287/1107 1216/1288/1108 1183/1289/1108
f 1157/1290/235 1155/1282/235 1151/1284/235
f 1210/1291/1109 1155/1285/1106 1157/1292/1109
f 1177/1293/1110 1224/1294/1111 1175/1295/1111
f 1159/1296/235 1157/1290/235 1151/1284/235
f 1208/1297/1112 1157/1292/1109 1159/1298/1112
f 1220/1299/1113 1177/1300/1110 1179/1301/1113
f 1161/1302/235 1159/1296/235 1151/1284/235
f 1161/1303/1114 1208/1297/1112 1159/1298/1112
f 1218/1304/1115 1179/1301/1113 1181/1305/1115
f 1163/1306/235 1161/1302/235 1151/1284/235
f 1163/1307/1116 1206/1308/1114 1161/1303/1114
f 1177/1309/235 1175/1310/235 1151/1284/235
f 1165/1311/235 1163/1306/235 1151/1284/235
f 1202/1312/1117 1163/1307/1116 1165/1313/1117
f 1183/1314/235 1181/1315/235 1151/1284/235
f 1167/1316/235 1165/1311/235 1151/1284/235
f 1200/1317/1118 1165/1313/1117 1167/1318/1118
f 1179/1319/235 1177/1309/235 1151/1284/235
f 1169/1320/235 1167/1316/235 1151/1284/235
f 1230/1321/1119 1167/1318/1118 1169/1322/1119
f 1153/1283/235 1183/1314/235 1151/1284/235
f 1171/1323/235 1169/1320/235 1151/1284/235
f 1171/1324/1120 1230/1321/1119 1169/1322/1119
f 1181/1315/235 1179/1319/235 1151/1284/235
f 1173/1325/235 1171/1323/235 1151/1284/235
f 1226/1326/1121 1171/1324/1120 1173/1327/1121
f 1216/1288/1108 1181/1305/1115 1183/1289/1108
f 1175/1310/235 1173/1325/235 1151/1284/235
f 1224/1294/1111 1173/1327/1121 1175/1295/1111
f 1168/1328/382 1203/1329/1122 1201/1330/382
f 1166/1331/1122 1205/1332/381 1203/1329/1122
f 1164/1333/381 1207/1334/251 1205/1332/381
f 1162/1335/251 1209/1336/379 1207/1334/251
f 1160/1337/379 1211/1338/1123 1209/1336/379
f 1158/1339/1123 1213/1340/377 1211/1338/1123
f 1156/1341/377 1215/1342/237 1213/1340/377
f 1154/1343/237 1217/1344/375 1215/1342/237
f 1152/1345/375 1219/1346/1124 1217/1344/375
f 1182/1347/1124 1221/1348/376 1219/1346/1124
f 1180/1349/376 1223/1350/252 1221/1348/376
f 1178/1351/252 1225/1352/378 1223/1353/252
f 1176/1354/378 1227/1355/1125 1225/1352/378
f 1174/1356/1125 1229/1357/380 1227/1355/1125
f 1172/1358/380 1231/1359/243 1229/1357/380
f 1170/1360/243 1201/1330/382 1231/1359/243
f 1234/1361/1126 1215/1342/1127 1233/1362/1128
f 1233/1362/1128 1217/1344/1129 1237/1363/1130
f 1238/1364/1131 1213/1340/1132 1234/1361/1126
f 1242/1365/1133 1225/1352/1134 1241/1366/1135
f 1244/1367/1136 1211/1338/1137 1238/1364/1131
f 1242/1368/1133 1221/1348/1138 1223/1350/1139
f 1244/1367/1136 1207/1334/1140 1209/1336/1141
f 1197/1369/1142 1221/1348/1138 1246/1370/1143
f 1199/1371/1144 1205/1332/1145 1207/1334/1140
f 1193/1372/1146 1205/1332/1145 1195/1373/1147
f 1191/1374/1148 1203/1329/1149 1193/1372/1146
f 1189/1375/1150 1201/1330/1151 1191/1374/1148
f 1187/1376/1152 1231/1359/1153 1189/1375/1150
f 1187/1376/1152 1227/1355/1154 1229/1357/1155
f 1237/1363/1130 1219/1346/1156 1197/1369/1142
f 1241/1366/1135 1227/1355/1154 1185/1377/1157
f 1232/1378/1158 1234/1361/1126 1233/1362/1128
f 1214/1286/1159 1235/1379/1160 1232/1378/1158
f 1236/1380/1161 1233/1362/1128 1237/1363/1130
f 1236/1380/1161 1214/1286/1159 1232/1378/1158
f 1235/1379/1160 1238/1364/1131 1234/1361/1126
f 1235/1379/1160 1210/1291/1162 1239/1381/1163
f 1240/1382/1164 1242/1365/1133 1241/1366/1135
f 1224/1294/1165 1243/1383/1166 1240/1382/1164
f 1239/1381/1163 1244/1367/1136 1238/1364/1131
f 1210/1291/1162 1245/1384/1167 1239/1381/1163
f 1242/1368/1133 1247/1385/1168 1246/1370/1143
f 1222/1386/1169 1247/1385/1168 1243/1387/1166
f 1245/1384/1167 1199/1371/1144 1244/1367/1136
f 1245/1384/1167 1206/1308/1170 1198/1388/1171
f 1247/1385/1168 1197/1369/1142 1246/1370/1143
f 1220/1299/1172 1196/1389/1173 1247/1385/1168
f 1199/1371/1144 1194/1390/1174 1195/1373/1147
f 1206/1308/1170 1194/1390/1174 1198/1388/1171
f 1195/1373/1147 1192/1391/1175 1193/1372/1146
f 1204/1392/1176 1192/1391/1175 1194/1390/1174
f 1192/1391/1175 1191/1374/1148 1193/1372/1146
f 1202/1312/1177 1190/1393/1178 1192/1391/1175
f 1191/1374/1148 1188/1394/1179 1189/1375/1150
f 1200/1317/1180 1188/1394/1179 1190/1393/1178
f 1188/1394/1179 1187/1376/1152 1189/1375/1150
f 1230/1321/1181 1186/1395/1182 1188/1394/1179
f 1186/1395/1182 1185/1377/1157 1187/1376/1152
f 1228/1396/1183 1184/1397/1184 1186/1395/1182
f 1196/1389/1173 1237/1363/1130 1197/1369/1142
f 1196/1389/1173 1216/1288/1185 1236/1380/1161
f 1184/1397/1184 1241/1366/1135 1185/1377/1157
f 1184/1397/1184 1224/1294/1165 1240/1382/1164
f 1248/1398/1186 2420/1399/1187 1623/1400/1188
f 2206/1401/247 1760/1402/247 1762/1403/247
f 2160/1404/247 2208/1405/247 2216/1406/247
f 2216/1406/247 2218/1407/247 2160/1404/247
f 2208/1405/247 1782/1408/247 2202/1409/247
f 2202/1409/247 2210/1410/247 2214/1411/247
f 2210/1410/247 2212/1412/247 2214/1411/247
f 1732/1413/247 2204/1414/247 1730/1415/247
f 2166/1416/247 2168/1417/247 2200/1418/247
f 2168/1417/247 2198/1419/247 2200/1418/247
f 2196/1420/247 2168/1417/247 2194/1421/247
f 2192/1422/247 2168/1417/247 2188/1423/247
f 2188/1423/247 2190/1424/247 2192/1422/247
f 2168/1417/247 2186/1425/247 2188/1423/247
f 2182/1426/247 2184/1427/247 2162/1428/247
f 2162/1428/247 2180/1429/247 2182/1426/247
f 2178/1430/247 2180/1429/247 2166/1416/247
f 2176/1431/247 2178/1430/247 2166/1416/247
f 2174/1432/247 2176/1431/247 2166/1416/247
f 2172/1433/247 2174/1432/247 2166/1416/247
f 2170/1434/247 2172/1433/247 2166/1416/247
f 2164/1435/247 2170/1434/247 2166/1416/247
f 1738/1436/247 1740/1437/247 2166/1416/247
f 1740/1437/247 1742/1438/247 2166/1416/247
f 1742/1438/247 1744/1439/247 2166/1416/247
f 1744/1439/247 1746/1440/247 2166/1416/247
f 2164/1435/247 1746/1440/247 1748/1441/247
f 1748/1441/247 1750/1442/247 2164/1435/247
f 1750/1442/247 1752/1443/247 2164/1435/247
f 1752/1443/247 1754/1444/247 2164/1435/247
f 1754/1444/247 1756/1445/247 2164/1435/247
f 1756/1445/247 1758/1446/247 2164/1435/247
f 1758/1446/247 1760/1402/247 2164/1435/247
f 1762/1403/247 1764/1447/247 2206/1401/247
f 1764/1447/247 1766/1448/247 2206/1401/247
f 1766/1448/247 1768/1449/247 2206/1401/247
f 1768/1449/247 1770/1450/247 2206/1401/247
f 1770/1450/247 1772/1451/247 2206/1401/247
f 1772/1451/247 1774/1452/247 2206/1401/247
f 1774/1452/247 1776/1453/247 2206/1401/247
f 2208/1405/247 1776/1453/247 1778/1454/247
f 1778/1454/247 1780/1455/247 2208/1405/247
f 2202/1409/247 1782/1408/247 1784/1456/247
f 2202/1409/247 1784/1456/247 1786/1457/247
f 2202/1409/247 1788/1458/247 2204/1414/247
f 2204/1414/247 1788/1458/247 1790/1459/247
f 2204/1414/247 1790/1459/247 1792/1460/247
f 2204/1414/247 1792/1460/247 1794/1461/247
f 2204/1414/247 1794/1461/247 1796/1462/247
f 2204/1414/247 1796/1462/247 1798/1463/247
f 2204/1414/247 1798/1463/247 1728/1464/247
f 2204/1414/247 1728/1464/247 1730/1415/247
f 1732/1413/247 1734/1465/247 2166/1416/247
f 1734/1465/247 1736/1466/247 2166/1416/247
f 1736/1466/247 1738/1436/247 2166/1416/247
f 2222/1467/252 2388/1468/252 2228/1469/252
f 2260/1470/1189 2390/1471/1190 2226/1472/1190
f 2274/1473/1191 2418/1474/1192 2262/1475/1192
f 2220/1476/1193 2422/1477/1194 2266/1478/1194
f 2230/1479/1195 2384/1480/1196 2406/1481/1195
f 2226/1472/1190 2416/1482/1197 2264/1483/1197
f 2230/1479/1195 2404/1484/1198 2232/1485/1198
f 2232/1485/1198 2402/1486/1199 2234/1487/1199
f 2234/1487/1199 2400/1488/1200 2236/1489/1200
f 2236/1489/1200 2398/1490/1201 2238/1491/1201
f 2238/1491/1201 2396/1492/1202 2240/1493/1202
f 2240/1493/1202 2394/1494/1203 2242/1495/1203
f 2242/1495/1203 2392/1496/1204 2244/1497/1204
f 2244/1497/1204 2386/1498/1205 2222/1467/1205
f 2258/1499/1206 2408/1500/1189 2260/1470/1189
f 2412/1501/1207 2258/1499/1206 2256/1502/1207
f 2254/1503/1208 2412/1501/1207 2256/1502/1207
f 2376/1504/1209 2254/1503/1208 2252/1505/1209
f 2250/1506/1210 2376/1504/1209 2252/1505/1209
f 2248/1507/1211 2374/1508/1210 2250/1506/1210
f 2246/1509/1212 2372/1510/1211 2248/1507/1211
f 2228/1511/1213 2370/1512/1212 2246/1509/1212
f 2268/1513/1214 2418/1474/1192 2420/1399/1214
f 2224/1514/1196 2422/1515/1194 2384/1480/1196
f 2272/1516/1123 1637/1517/1191 2274/1473/1191
f 2270/1518/1215 1635/1519/1123 2272/1520/1123
f 2264/1521/1197 1633/1522/1215 2270/1518/1215
f 2278/1523/1122 2382/1524/1193 2220/1476/1193
f 2276/1525/1216 2380/1526/1122 2278/1523/1122
f 2268/1513/1214 2378/1527/1216 2276/1525/1216
f 2170/1528/1217 1307/1529/1218 1428/1530/1219
f 1428/1530/1219 1306/1531/1220 1429/1532/1221
f 2172/1533/1222 1428/1530/1219 1430/1534/1223
f 1430/1534/1223 1429/1532/1221 1431/1535/1224
f 2174/1536/1225 1430/1534/1223 1432/1537/1226
f 1432/1537/1226 1431/1535/1224 1433/1538/1227
f 2176/1539/1228 1432/1537/1226 1434/1540/1229
f 1434/1540/1229 1433/1538/1227 1435/1541/1230
f 2178/1542/1231 1434/1540/1229 1436/1543/1232
f 1436/1543/1232 1435/1541/1230 1437/1544/1233
f 1438/1545/1234 2178/1542/1231 1436/1543/1232
f 1439/1546/1235 1436/1543/1232 1437/1544/1233
f 1440/1547/1236 2180/1548/1237 1438/1545/1234
f 1441/1549/1238 1438/1545/1234 1439/1546/1235
f 1442/1550/1239 2182/1551/1240 1440/1547/1236
f 1443/1552/1241 1440/1547/1236 1441/1549/1238
f 1444/1553/1242 2184/1554/1243 1442/1550/1239
f 1445/1555/1244 1442/1550/1239 1443/1552/1241
f 2168/1556/1245 1444/1553/1242 1446/1557/1246
f 1446/1557/1246 1445/1555/1244 1447/1558/1247
f 2186/1559/1248 1446/1557/1246 1448/1560/1249
f 1448/1560/1249 1447/1558/1247 1449/1561/1250
f 2188/1562/1251 1448/1560/1249 1450/1563/1252
f 1450/1563/1252 1449/1561/1250 1451/1564/1253
f 2190/1565/1254 1450/1563/1252 1452/1566/1255
f 1452/1566/1255 1451/1564/1253 1453/1567/1256
f 2192/1568/1257 1452/1566/1255 1454/1569/1258
f 1454/1569/1258 1453/1567/1256 1455/1570/1259
f 1456/1571/1260 2192/1568/1257 1454/1569/1258
f 1457/1572/1261 1454/1569/1258 1455/1570/1259
f 1361/1573/1262 2225/1574/1263 1340/1575/1264
f 1338/1576/1265 2267/1577/1266 1361/1578/1262
f 1367/1579/1267 2221/1580/1268 1338/1576/1265
f 2277/1581/1269 1367/1579/1267 1366/1582/1270
f 2269/1583/1271 1366/1582/1270 1362/1584/1272
f 2263/1585/1273 1362/1584/1272 1359/1586/1274
f 1365/1587/1275 2263/1585/1273 1359/1586/1274
f 1364/1588/1276 2275/1589/1277 1365/1587/1275
f 2271/1590/1278 1364/1588/1276 1363/1591/1279
f 2265/1592/1280 1363/1591/1279 1360/1593/1281
f 2227/1594/1282 1360/1595/1281 1341/1596/1283
f 1358/1597/1284 2227/1598/1282 1341/1599/1283
f 1357/1600/1285 2261/1601/1286 1358/1597/1284
f 1356/1602/1287 2259/1603/1288 1357/1600/1285
f 1355/1604/1289 2257/1605/1290 1356/1602/1287
f 1354/1606/1291 2255/1607/1292 1355/1604/1289
f 2251/1608/1293 1354/1606/1291 1353/1609/1294
f 2249/1610/1295 1353/1609/1294 1352/1611/1296
f 2247/1612/1297 1352/1611/1296 1351/1613/1298
f 2229/1614/1299 1351/1613/1298 1342/1615/1300
f 1339/1616/1301 2229/1614/1299 1342/1615/1300
f 1350/1617/1302 2223/1618/1303 1339/1616/1301
f 1349/1619/1304 2245/1620/1305 1350/1617/1302
f 1348/1621/1306 2243/1622/1307 1349/1619/1304
f 1347/1623/1308 2241/1624/1309 1348/1621/1306
f 2237/1625/1310 1347/1623/1308 1346/1626/1311
f 2235/1627/1312 1346/1626/1311 1345/1628/1313
f 2233/1629/1314 1345/1628/1313 1344/1630/1315
f 2231/1631/1316 1344/1630/1315 1343/1632/1317
f 2225/1574/1263 1343/1632/1317 1340/1575/1264
f 1684/1633/247 1340/1575/247 1642/1634/247
f 1638/1635/247 1361/1578/247 1684/1636/247
f 1696/1637/247 1338/1576/1265 1638/1635/247
f 1366/1582/1270 1696/1637/247 1694/1638/247
f 1362/1584/247 1694/1638/247 1686/1639/247
f 1359/1586/247 1686/1639/247 1680/1640/247
f 1692/1641/247 1359/1586/247 1680/1640/247
f 1690/1642/247 1365/1587/1275 1692/1641/247
f 1363/1591/1279 1690/1642/247 1688/1643/247
f 1360/1593/247 1688/1643/247 1682/1644/247
f 1341/1596/247 1682/1645/247 1644/1646/247
f 1678/1647/247 1341/1599/247 1644/1648/247
f 1676/1649/247 1358/1597/247 1678/1647/247
f 1674/1650/247 1357/1600/247 1676/1649/247
f 1672/1651/247 1356/1602/247 1674/1650/247
f 1670/1652/247 1355/1604/247 1672/1651/247
f 1353/1609/247 1670/1652/247 1668/1653/247
f 1352/1611/247 1668/1653/247 1666/1654/247
f 1351/1613/247 1666/1654/247 1664/1655/247
f 1342/1615/247 1664/1655/247 1646/1656/247
f 1640/1657/247 1342/1615/247 1646/1656/247
f 1662/1658/247 1339/1616/247 1640/1657/247
f 1660/1659/247 1350/1617/247 1662/1658/247
f 1658/1660/247 1349/1619/247 1660/1659/247
f 1656/1661/247 1348/1621/247 1658/1660/247
f 1346/1626/247 1656/1661/247 1654/1662/247
f 1345/1628/247 1654/1662/247 1652/1663/247
f 1344/1630/247 1652/1663/247 1650/1664/247
f 1343/1632/247 1650/1664/247 1648/1665/247
f 1340/1575/247 1648/1665/247 1642/1634/247
f 1685/1666/1318 1400/1667/1319 1421/1668/1318
f 1639/1669/1320 1421/1670/1318 1398/1671/1320
f 1697/1672/1321 1398/1671/1320 1427/1673/1321
f 1695/1674/1322 1427/1673/1321 1426/1675/1322
f 1687/1676/1323 1426/1675/1322 1422/1677/1324
f 1681/1678/1325 1422/1677/1324 1419/1679/1325
f 1693/1680/1326 1419/1679/1325 1425/1681/1326
f 1691/1682/1327 1425/1681/1326 1424/1683/1327
f 1689/1684/1328 1424/1683/1327 1423/1685/1328
f 1683/1686/1329 1423/1685/1328 1420/1687/1329
f 1645/1688/1330 1420/1689/1329 1401/1690/1330
f 1679/1691/1331 1401/1692/1330 1418/1693/1331
f 1677/1694/1332 1418/1693/1331 1417/1695/1332
f 1675/1696/1333 1417/1695/1332 1416/1697/1333
f 1673/1698/1334 1416/1697/1333 1415/1699/1334
f 1671/1700/1335 1415/1699/1334 1414/1701/1335
f 1669/1702/1336 1414/1701/1335 1413/1703/1336
f 1667/1704/1337 1413/1703/1336 1412/1705/1337
f 1665/1706/1338 1412/1705/1337 1411/1707/1338
f 1647/1708/1339 1411/1707/1338 1402/1709/1339
f 1641/1710/1340 1402/1709/1339 1399/1711/1340
f 1663/1712/1341 1399/1711/1340 1410/1713/1341
f 1661/1714/1342 1410/1713/1341 1409/1715/1342
f 1659/1716/1343 1409/1715/1342 1408/1717/1343
f 1657/1718/1344 1408/1717/1343 1407/1719/1344
f 1655/1720/1345 1407/1719/1344 1406/1721/1345
f 1653/1722/1346 1406/1721/1345 1405/1723/1346
f 1651/1724/1347 1405/1723/1346 1404/1725/1347
f 1649/1726/1348 1404/1725/1347 1403/1727/1348
f 1643/1728/1319 1403/1727/1348 1400/1667/1319
f 2207/1729/1349 1400/1667/1350 2165/1730/1350
f 2161/1731/1351 1421/1670/1349 2207/1732/1349
f 2219/1733/1352 1398/1671/1353 2161/1731/1351
f 1426/1675/1354 2219/1733/1352 2217/1734/1354
f 1422/1677/1355 2217/1734/1354 2209/1735/1355
f 1419/1679/1356 2209/1735/1355 2203/1736/1356
f 2215/1737/1357 1419/1679/1356 2203/1736/1356
f 2213/1738/1358 1425/1681/1357 2215/1737/1357
f 1423/1685/1359 2213/1738/1358 2211/1739/1360
f 1420/1687/1361 2211/1739/1360 2205/1740/1361
f 1401/1690/1362 2205/1741/1361 2167/1742/1362
f 2201/1743/1363 1401/1692/1362 2167/1744/1362
f 2199/1745/1364 1418/1693/1363 2201/1743/1363
f 2197/1746/1365 1417/1695/1364 2199/1745/1364
f 2195/1747/1366 1416/1697/1365 2197/1746/1365
f 2193/1748/1367 1415/1699/1366 2195/1747/1366
f 1413/1703/1368 2193/1748/1367 2191/1749/1368
f 1412/1705/1369 2191/1749/1368 2189/1750/1369
f 1411/1707/1370 2189/1750/1369 2187/1751/1370
f 1402/1709/1371 2187/1751/1370 2169/1752/1371
f 1399/1711/1372 2169/1752/1371 2163/1753/1372
f 2185/1754/1373 1399/1711/1372 2163/1753/1372
f 2183/1755/1374 1410/1713/1373 2185/1754/1373
f 2181/1756/1375 1409/1715/1374 2183/1755/1374
f 2179/1757/1376 1408/1717/1375 2181/1756/1375
f 1406/1721/1377 2179/1757/1376 2177/1758/1377
f 1405/1723/1378 2177/1758/1377 2175/1759/1378
f 1404/1725/1379 2175/1759/1378 2173/1760/1379
f 1403/1727/1380 2173/1760/1379 2171/1761/1380
f 1400/1667/1350 2171/1761/1380 2165/1730/1350
f 1802/1762/1381 1729/1763/1382 1800/1764/1382
f 1733/1765/1383 1802/1762/1381 1804/1766/1383
f 1735/1767/1384 1804/1766/1383 1806/1768/1384
f 1737/1769/1385 1806/1768/1384 1808/1770/1385
f 1739/1771/1386 1808/1770/1385 1810/1772/1386
f 1812/1773/1387 1739/1771/1386 1810/1772/1386
f 1814/1774/1388 1741/1775/1387 1812/1773/1387
f 1816/1776/1389 1743/1777/1388 1814/1774/1388
f 1747/1778/1390 1816/1776/1389 1818/1779/1390
f 1820/1780/1391 1747/1781/1390 1818/1782/1390
f 1751/1783/1392 1820/1780/1391 1822/1784/1392
f 1753/1785/1393 1822/1784/1392 1824/1786/1393
f 1755/1787/1394 1824/1786/1393 1826/1788/1394
f 1757/1789/1395 1826/1788/1394 1828/1790/1395
f 1830/1791/1396 1757/1789/1395 1828/1790/1395
f 1832/1792/1397 1759/1793/1396 1830/1791/1396
f 1834/1794/1398 1761/1795/1397 1832/1792/1397
f 1765/1796/1399 1834/1794/1398 1836/1797/1399
f 1838/1798/1400 1765/1796/1399 1836/1797/1399
f 1769/1799/1401 1838/1798/1400 1840/1800/1401
f 1771/1801/1402 1840/1800/1401 1842/1802/1402
f 1773/1803/1403 1842/1802/1402 1844/1804/1403
f 1846/1805/1404 1773/1803/1403 1844/1804/1403
f 1848/1806/1405 1775/1807/1404 1846/1805/1404
f 1850/1808/1406 1777/1809/1405 1848/1806/1405
f 1852/1810/1407 1779/1811/1406 1850/1808/1406
f 1783/1812/1408 1852/1810/1407 1854/1813/1408
f 1856/1814/1409 1783/1812/1408 1854/1813/1408
f 1787/1815/1410 1856/1814/1409 1858/1816/1410
f 1789/1817/1411 1858/1816/1410 1860/1818/1411
f 1791/1819/1412 1860/1818/1411 1862/1820/1412
f 1864/1821/1413 1791/1819/1412 1862/1820/1412
f 1866/1822/1414 1793/1823/1413 1864/1821/1413
f 1868/1824/1415 1795/1825/1414 1866/1822/1414
f 1870/1826/1416 1797/1827/1415 1868/1824/1415
f 1729/1763/1382 1870/1826/1416 1800/1764/1382
f 1874/1828/247 1801/1829/247 1872/1830/247
f 1876/1831/247 1803/1832/247 1874/1828/247
f 1878/1833/247 1805/1834/247 1876/1831/247
f 1809/1835/247 1878/1833/247 1880/1836/247
f 1811/1837/247 1880/1836/247 1882/1838/247
f 1884/1839/247 1811/1837/247 1882/1838/247
f 1815/1840/247 1884/1839/247 1886/1841/247
f 1817/1842/247 1886/1841/247 1888/1843/247
f 1819/1844/247 1888/1843/247 1890/1845/247
f 1892/1846/247 1819/1847/247 1890/1848/247
f 1894/1849/247 1821/1850/247 1892/1846/247
f 1896/1851/247 1823/1852/247 1894/1849/247
f 1827/1853/247 1896/1851/247 1898/1854/247
f 1900/1855/247 1827/1853/247 1898/1854/247
f 1902/1856/247 1829/1857/247 1900/1855/247
f 1833/1858/247 1902/1856/247 1904/1859/247
f 1835/1860/247 1904/1859/247 1906/1861/247
f 1837/1862/247 1906/1861/247 1908/1863/247
f 1910/1864/247 1837/1862/247 1908/1863/247
f 1912/1865/247 1839/1866/247 1910/1864/247
f 1914/1867/247 1841/1868/247 1912/1865/247
f 1845/1869/247 1914/1867/247 1916/1870/247
f 1847/1871/247 1916/1870/247 1918/1872/247
f 1920/1873/247 1847/1871/247 1918/1872/247
f 1851/1874/247 1920/1873/247 1922/1875/247
f 1853/1876/247 1922/1875/247 1924/1877/247
f 1855/1878/247 1924/1877/247 1926/1879/247
f 1928/1880/247 1855/1878/247 1926/1879/247
f 1930/1881/247 1857/1882/247 1928/1880/247
f 1932/1883/247 1859/1884/247 1930/1881/247
f 1863/1885/247 1932/1883/247 1934/1886/247
f 1865/1887/247 1934/1886/247 1936/1888/247
f 1938/1889/247 1865/1887/247 1936/1888/247
f 1869/1890/247 1938/1889/247 1940/1891/247
f 1871/1892/247 1940/1891/247 1942/1893/247
f 1801/1829/247 1942/1893/247 1872/1830/247
f 1946/1894/1417 1873/1895/1418 1944/1896/1418
f 1948/1897/1419 1875/1898/1420 1946/1894/1417
f 1950/1899/1421 1877/1900/1419 1948/1897/1419
f 1881/1901/1422 1950/1899/1421 1952/1902/1422
f 1883/1903/1423 1952/1902/1422 1954/1904/1423
f 1956/1905/1424 1883/1903/1423 1954/1904/1423
f 1887/1906/1425 1956/1905/1424 1958/1907/1425
f 1889/1908/1426 1958/1907/1425 1960/1909/1427
f 1891/1910/1428 1960/1909/1427 1962/1911/1428
f 1964/1912/1429 1891/1913/1428 1962/1914/1428
f 1966/1915/1430 1893/1916/1431 1964/1912/1429
f 1968/1917/1432 1895/1918/1430 1966/1915/1430
f 1899/1919/1433 1968/1917/1432 1970/1920/1433
f 1901/1921/1434 1970/1920/1433 1972/1922/1434
f 1974/1923/1435 1901/1921/1434 1972/1922/1434
f 1905/1924/1436 1974/1923/1435 1976/1925/1436
f 1907/1926/1437 1976/1925/1436 1978/1927/1438
f 1909/1928/1439 1978/1927/1438 1980/1929/1439
f 1982/1930/1440 1909/1928/1439 1980/1929/1439
f 1984/1931/1441 1911/1932/1442 1982/1930/1440
f 1986/1933/1443 1913/1934/1441 1984/1931/1441
f 1917/1935/1444 1986/1933/1443 1988/1936/1444
f 1919/1937/1445 1988/1936/1444 1990/1938/1445
f 1992/1939/1446 1919/1937/1445 1990/1938/1445
f 1923/1940/1447 1992/1939/1446 1994/1941/1447
f 1925/1942/1448 1994/1941/1447 1996/1943/1449
f 1927/1944/1450 1996/1943/1449 1998/1945/1450
f 2000/1946/1451 1927/1944/1450 1998/1945/1450
f 2002/1947/1452 1929/1948/1453 2000/1946/1451
f 2004/1949/1454 1931/1950/1452 2002/1947/1452
f 1935/1951/1455 2004/1949/1454 2006/1952/1455
f 1937/1953/1456 2006/1952/1455 2008/1954/1456
f 2010/1955/1457 1937/1953/1456 2008/1954/1456
f 1941/1956/1458 2010/1955/1457 2012/1957/1458
f 1943/1958/1459 2012/1957/1458 2014/1959/1460
f 1873/1895/1418 2014/1959/1460 1944/1896/1418
f 1249/1960/1461 1623/1961/1188 1622/1962/1462
f 1250/1963/1463 2378/1527/1464 1248/1398/1186
f 1251/1964/1465 1248/1965/1186 1249/1960/1461
f 2382/1524/1466 1250/1963/1463 1257/1966/1467
f 1257/1967/1467 1251/1964/1465 1260/1968/1468
f 1252/1969/1469 2416/1970/1470 1627/1971/1471
f 1253/1972/1472 1627/1973/1471 1626/1974/1473
f 1254/1975/1474 1633/1522/1475 1252/1969/1469
f 1256/1976/1476 1252/1977/1469 1253/1972/1472
f 1637/1517/1477 1254/1978/1474 1261/1979/1478
f 1261/1980/1478 1256/1976/1476 1264/1981/1479
f 2422/1477/1480 1257/1966/1467 1616/1982/1481
f 1616/1983/1481 1260/1968/1468 1617/1984/1482
f 2418/1474/1483 1261/1979/1478 1620/1985/1484
f 1620/1986/1484 1264/1981/1479 1621/1987/1485
f 1265/1988/1486 2388/1989/1487 1631/1990/1488
f 1266/1991/1489 1631/1992/1488 1630/1993/1490
f 1267/1994/1491 2370/1512/1492 1265/1988/1486
f 1268/1995/1493 1265/1996/1486 1266/1991/1489
f 1269/1997/1494 2372/1510/1495 1267/1994/1491
f 1270/1998/1496 1267/1999/1491 1268/1995/1493
f 1271/2000/1497 2374/1508/1498 1269/1997/1494
f 1288/2001/1499 1269/2002/1494 1270/1998/1496
f 2414/2003/1500 1271/2000/1497 1289/2004/1501
f 1290/2005/1502 1271/2006/1497 1288/2001/1499
f 2412/1501/1503 1289/2004/1501 1291/2007/1504
f 1291/2008/1504 1290/2005/1502 1292/2009/1505
f 2410/2010/1506 1291/2007/1504 1293/2011/1507
f 1293/2012/1507 1292/2009/1505 1296/2013/1508
f 2408/1500/1509 1293/2011/1507 1612/2014/1510
f 1612/2015/1510 1296/2013/1508 1613/2016/1511
f 2386/1498/1512 1303/2017/1513 1628/2018/1514
f 1628/2019/1514 1297/2020/1515 1629/2021/1516
f 2392/1496/1517 1305/2022/1518 1303/2017/1513
f 1303/2023/1513 1304/2024/1519 1297/2020/1515
f 2394/1494/1520 1603/2025/1521 1305/2022/1518
f 1700/2026/1522 1685/1666/1523 1699/2027/1524
f 1699/2028/1524 1639/1669/1525 1703/2029/1526
f 1703/2029/1526 1697/1672/1527 1705/2030/1528
f 1707/2031/1529 1697/1672/1527 1695/1674/1530
f 1709/2032/1531 1695/1674/1530 1687/1676/1532
f 1709/2032/1531 1681/1678/1533 1711/2033/1534
f 1711/2033/1534 1693/1680/1535 1713/2034/1536
f 1713/2034/1536 1691/1682/1537 1715/2035/1538
f 1717/2036/1539 1691/1682/1537 1689/1684/1540
f 1719/2037/1541 1689/1684/1540 1683/1686/1542
f 1721/2038/1543 1683/2039/1542 1645/1688/1544
f 1721/2040/1543 1679/1691/1545 1723/2041/1546
f 1723/2041/1546 1677/1694/1547 1725/2042/1548
f 1725/2042/1548 1675/1696/1549 1727/2043/1550
f 1727/2043/1550 1673/1698/1551 1396/2044/1552
f 1396/2044/1552 1671/1700/1553 1394/2045/1554
f 1392/2046/1555 1671/1700/1553 1669/1702/1556
f 1390/2047/1557 1669/1702/1556 1667/1704/1558
f 1388/2048/1559 1667/1704/1558 1665/1706/1560
f 1386/2049/1561 1665/1706/1560 1647/1708/1562
f 1384/2050/1563 1647/1708/1562 1641/1710/1564
f 1384/2050/1563 1663/1712/1565 1382/2051/1566
f 1382/2051/1566 1661/1714/1567 1380/2052/1568
f 1380/2052/1568 1659/1716/1569 1378/2053/1570
f 1378/2053/1570 1657/1718/1571 1376/2054/1572
f 1374/2055/1573 1657/1718/1571 1655/1720/1574
f 1372/2056/1575 1655/1720/1574 1653/1722/1576
f 1370/2057/1577 1653/1722/1576 1651/1724/1578
f 1368/2058/1579 1651/1724/1578 1649/1726/1580
f 1700/2026/1522 1649/1726/1580 1643/1728/1581
f 1699/2027/1524 1701/2059/1582 1700/2026/1522
f 1698/2060/1583 1642/1634/1584 1701/2059/1582
f 1703/2029/1526 1698/2061/1583 1699/2028/1524
f 1702/2062/1585 1684/1636/1586 1698/2061/1583
f 1705/2030/1528 1702/2062/1585 1703/2029/1526
f 1704/2063/1587 1638/1635/1588 1702/2062/1585
f 1706/2064/1589 1705/2030/1528 1707/2031/1529
f 1694/1638/1590 1704/2063/1587 1706/2064/1589
f 1708/2065/1591 1707/2031/1529 1709/2032/1531
f 1686/1639/1592 1706/2064/1589 1708/2065/1591
f 1710/2066/1593 1709/2032/1531 1711/2033/1534
f 1680/1640/1594 1708/2065/1591 1710/2066/1593
f 1713/2034/1536 1710/2066/1593 1711/2033/1534
f 1712/2067/1595 1680/1640/1594 1710/2066/1593
f 1715/2035/1538 1712/2067/1595 1713/2034/1536
f 1714/2068/1596 1692/1641/1597 1712/2067/1595
f 1716/2069/1598 1715/2035/1538 1717/2036/1539
f 1688/1643/1599 1714/2068/1596 1716/2069/1598
f 1718/2070/1600 1717/2036/1539 1719/2037/1541
f 1682/1644/1601 1716/2069/1598 1718/2070/1600
f 1720/2071/1602 1719/2072/1541 1721/2038/1543
f 1644/1646/1603 1718/2073/1600 1720/2071/1602
f 1723/2041/1546 1720/2074/1602 1721/2040/1543
f 1722/2075/1604 1644/1648/1603 1720/2074/1602
f 1725/2042/1548 1722/2075/1604 1723/2041/1546
f 1724/2076/1605 1678/1647/1606 1722/2075/1604
f 1727/2043/1550 1724/2076/1605 1725/2042/1548
f 1726/2077/1607 1676/1649/1608 1724/2076/1605
f 1396/2044/1552 1726/2077/1607 1727/2043/1550
f 1397/2078/1609 1674/1650/1610 1726/2077/1607
f 1394/2045/1554 1397/2078/1609 1396/2044/1552
f 1395/2079/1611 1672/1651/1612 1397/2078/1609
f 1393/2080/1613 1394/2045/1554 1392/2046/1555
f 1668/1653/1614 1395/2079/1611 1393/2080/1613
f 1391/2081/1615 1392/2046/1555 1390/2047/1557
f 1666/1654/1616 1393/2080/1613 1391/2081/1615
f 1389/2082/1617 1390/2047/1557 1388/2048/1559
f 1664/1655/1618 1391/2081/1615 1389/2082/1617
f 1387/2083/1619 1388/2048/1559 1386/2049/1561
f 1646/1656/1620 1389/2082/1617 1387/2083/1619
f 1385/2084/1621 1386/2049/1561 1384/2050/1563
f 1640/1657/1622 1387/2083/1619 1385/2084/1621
f 1382/2051/1566 1385/2084/1621 1384/2050/1563
f 1383/2085/1623 1640/1657/1622 1385/2084/1621
f 1380/2052/1568 1383/2085/1623 1382/2051/1566
f 1381/2086/1624 1662/1658/1625 1383/2085/1623
f 1378/2053/1570 1381/2086/1624 1380/2052/1568
f 1379/2087/1626 1660/1659/1627 1381/2086/1624
f 1376/2054/1572 1379/2087/1626 1378/2053/1570
f 1377/2088/1628 1658/1660/1629 1379/2087/1626
f 1375/2089/1630 1376/2054/1572 1374/2055/1573
f 1654/1662/1631 1377/2088/1628 1375/2089/1630
f 1373/2090/1632 1374/2055/1573 1372/2056/1575
f 1652/1663/1633 1375/2089/1630 1373/2090/1632
f 1371/2091/1634 1372/2056/1575 1370/2057/1577
f 1650/1664/1635 1373/2090/1632 1371/2091/1634
f 1369/2092/1636 1370/2057/1577 1368/2058/1579
f 1648/1665/1637 1371/2091/1634 1369/2092/1636
f 1701/2059/1582 1368/2058/1579 1700/2026/1522
f 1642/1634/1584 1369/2092/1636 1701/2059/1582
f 2018/2093/1638 1731/2094/1639 2017/2095/1640
f 2018/2093/1638 1799/2096/1641 1729/1763/1642
f 2022/2097/1643 1799/2096/1641 2020/2098/1644
f 2024/2099/1645 1797/1827/1646 2022/2097/1643
f 2026/2100/1647 1795/1825/1648 2024/2099/1645
f 2026/2100/1647 1791/1819/1649 1793/1823/1650
f 2028/2101/1651 1789/1817/1652 1791/1819/1649
f 2030/2102/1653 1787/1815/1654 1789/1817/1652
f 2032/2103/1655 1785/2104/1656 1787/1815/1654
f 2036/2105/1657 1785/2104/1656 2034/2106/1658
f 2036/2105/1657 1781/2107/1659 1783/1812/1660
f 2040/2108/1661 1781/2107/1659 2038/2109/1662
f 2042/2110/1663 1779/1811/1664 2040/2108/1661
f 2044/2111/1665 1777/1809/1666 2042/2110/1663
f 2044/2111/1665 1773/1803/1667 1775/1807/1668
f 2046/2112/1669 1771/1801/1670 1773/1803/1667
f 2048/2113/1671 1769/1799/1672 1771/1801/1670
f 2050/2114/1673 1767/2115/1674 1769/1799/1672
f 2054/2116/1675 1767/2115/1674 2052/2117/1676
f 2054/2116/1675 1763/2118/1677 1765/1796/1678
f 2058/2119/1679 1763/2118/1677 2056/2120/1680
f 2060/2121/1681 1761/1795/1682 2058/2119/1679
f 2062/2122/1683 1759/1793/1684 2060/2121/1681
f 2062/2122/1683 1755/1787/1685 1757/1789/1686
f 2064/2123/1687 1753/1785/1688 1755/1787/1685
f 2066/2124/1689 1751/1783/1690 1753/1785/1688
f 2068/2125/1691 1749/2126/1692 1751/1783/1690
f 2072/2127/1693 1749/2126/1692 2070/2128/1694
f 2072/2129/1693 1745/2130/1695 1747/1778/1696
f 2076/2131/1697 1745/2130/1695 2074/2132/1698
f 2078/2133/1699 1743/1777/1700 2076/2131/1697
f 2080/2134/1701 1741/1775/1702 2078/2133/1699
f 2080/2134/1701 1737/1769/1703 1739/1771/1704
f 2082/2135/1705 1735/1767/1706 1737/1769/1703
f 2084/2136/1707 1733/1765/1708 1735/1767/1706
f 2086/2137/1709 1731/2094/1639 1733/1765/1708
f 2090/2138/1710 1803/1832/1711 2089/2139/1712
f 2089/2139/1712 1805/1834/1713 2093/2140/1714
f 2093/2140/1714 1807/2141/1715 2095/2142/1716
f 2097/2143/1717 1807/2141/1715 1809/1835/1718
f 2099/2144/1719 1809/1835/1718 1811/1837/1720
f 2099/2144/1719 1813/2145/1721 2101/2146/1722
f 2103/2147/1723 1813/2145/1721 1815/1840/1724
f 2105/2148/1725 1815/1840/1724 1817/1842/1726
f 2107/2149/1727 1817/1842/1726 1819/1844/1728
f 2107/2150/1727 1821/1850/1729 2109/2151/1730
f 2109/2151/1730 1823/1852/1731 2111/2152/1732
f 2111/2152/1732 1825/2153/1733 2113/2154/1734
f 2115/2155/1735 1825/2153/1733 1827/1853/1736
f 2115/2155/1735 1829/1857/1737 2117/2156/1738
f 2117/2156/1738 1831/2157/1739 2119/2158/1740
f 2121/2159/1741 1831/2157/1739 1833/1858/1742
f 2123/2160/1743 1833/1858/1742 1835/1860/1744
f 2125/2161/1745 1835/1860/1744 1837/1862/1746
f 2125/2161/1745 1839/1866/1747 2127/2162/1748
f 2127/2162/1748 1841/1868/1749 2129/2163/1750
f 2129/2163/1750 1843/2164/1751 2131/2165/1752
f 2133/2166/1753 1843/2164/1751 1845/1869/1754
f 2133/2166/1753 1847/1871/1755 2135/2167/1756
f 2135/2167/1756 1849/2168/1757 2137/2169/1758
f 2139/2170/1759 1849/2168/1757 1851/1874/1760
f 2141/2171/1761 1851/1874/1760 1853/1876/1762
f 2143/2172/1763 1853/1876/1762 1855/1878/1764
f 2143/2172/1763 1857/1882/1765 2145/2173/1766
f 2145/2173/1766 1859/1884/1767 2147/2174/1768
f 2147/2174/1768 1861/2175/1769 2149/2176/1770
f 2151/2177/1771 1861/2175/1769 1863/1885/1772
f 2153/2178/1773 1863/1885/1772 1865/1887/1774
f 2153/2178/1773 1867/2179/1775 2155/2180/1776
f 2157/2181/1777 1867/2179/1775 1869/1890/1778
f 2159/2182/1779 1869/1890/1778 1871/1892/1780
f 2090/2138/1710 1871/1892/1780 1801/1829/1781
f 1599/2183/1782 1875/1898/1783 1600/2184/1784
f 1600/2184/1784 1877/1900/1785 1596/2185/1786
f 1596/2185/1786 1879/2186/1787 1594/2187/1788
f 1592/2188/1789 1879/2186/1787 1881/1901/1790
f 1592/2188/1789 1883/1903/1791 1590/2189/1792
f 1590/2189/1792 1885/2190/1793 1588/2191/1794
f 1586/2192/1795 1885/2190/1793 1887/1906/1796
f 1584/2193/1797 1887/1906/1796 1889/1908/1798
f 1582/2194/1799 1889/1908/1798 1891/1910/1800
f 1582/2195/1799 1893/1916/1801 1580/2196/1802
f 1580/2196/1802 1895/1918/1803 1578/2197/1804
f 1578/2197/1804 1897/2198/1805 1576/2199/1806
f 1574/2200/1807 1897/2198/1805 1899/1919/1808
f 1572/2201/1809 1899/1919/1808 1901/1921/1810
f 1572/2201/1809 1903/2202/1811 1570/2203/1812
f 1568/2204/1813 1903/2202/1811 1905/1924/1814
f 1566/2205/1815 1905/1924/1814 1907/1926/1816
f 1564/2206/1817 1907/1926/1816 1909/1928/1818
f 1564/2206/1817 1911/1932/1819 1562/2207/1820
f 1562/2207/1820 1913/1934/1821 1560/2208/1822
f 1560/2208/1822 1915/2209/1823 1558/2210/1824
f 1556/2211/1825 1915/2209/1823 1917/1935/1826
f 1554/2212/1827 1917/1935/1826 1919/1937/1828
f 1554/2212/1827 1921/2213/1829 1552/2214/1830
f 1550/2215/1831 1921/2213/1829 1923/1940/1832
f 1548/2216/1833 1923/1940/1832 1925/1942/1834
f 1546/2217/1835 1925/1942/1834 1927/1944/1836
f 1546/2217/1835 1929/1948/1837 1544/2218/1838
f 1544/2218/1838 1931/1950/1839 1542/2219/1840
f 1542/2219/1840 1933/2220/1841 1540/2221/1842
f 1538/2222/1843 1933/2220/1841 1935/1951/1844
f 1538/2222/1843 1937/1953/1845 1536/2223/1846
f 1536/2223/1846 1939/2224/1847 1534/2225/1848
f 1532/2226/1849 1939/2224/1847 1941/1956/1850
f 1530/2227/1851 1941/1956/1850 1943/1958/1852
f 1599/2183/1782 1943/1958/1852 1873/1895/1853
f 1527/2228/1854 1947/2229/1855 1528/2230/1856
f 1528/2230/1856 1949/2231/1857 1524/2232/1858
f 1524/2232/1858 1951/2233/1859 1522/2234/1860
f 1520/2235/1861 1951/2233/1859 1953/2236/1862
f 1518/2237/1863 1953/2236/1862 1955/2238/1864
f 1518/2237/1863 1957/2239/1865 1516/2240/1866
f 1514/2241/1867 1957/2239/1865 1959/2242/1868
f 1512/2243/1869 1959/2242/1868 1961/2244/1870
f 1510/2245/1871 1961/2244/1870 1963/2246/1872
f 1510/2247/1871 1965/2248/1873 1508/2249/1874
f 1508/2249/1874 1967/2250/1875 1506/2251/1876
f 1506/2251/1876 1969/2252/1877 1504/2253/1878
f 1502/2254/1879 1969/2252/1877 1971/2255/1880
f 1502/2254/1879 1973/2256/1881 1500/2257/1882
f 1500/2257/1882 1975/2258/1883 1498/2259/1884
f 1496/2260/1885 1975/2258/1883 1977/2261/1886
f 1494/2262/1887 1977/2261/1886 1979/2263/1888
f 1492/2264/1889 1979/2263/1888 1981/2265/1890
f 1492/2264/1889 1983/2266/1891 1490/2267/1892
f 1490/2267/1892 1985/2268/1893 1488/2269/1894
f 1488/2269/1894 1987/2270/1895 1486/2271/1896
f 1484/2272/1897 1987/2270/1895 1989/2273/1898
f 1484/2272/1897 1991/2274/1899 1482/2275/1900
f 1482/2275/1900 1993/2276/1901 1480/2277/1902
f 1478/2278/1903 1993/2276/1901 1995/2279/1904
f 1476/2280/1905 1995/2279/1904 1997/2281/1906
f 1474/2282/1907 1997/2281/1906 1999/2283/1908
f 1474/2282/1907 2001/2284/1909 1472/2285/1910
f 1472/2285/1910 2003/2286/1911 1470/2287/1912
f 1470/2287/1912 2005/2288/1913 1468/2289/1914
f 1466/2290/1915 2005/2288/1913 2007/2291/1916
f 1466/2290/1915 2009/2292/1917 1464/2293/1918
f 1464/2293/1918 2011/2294/1919 1462/2295/1920
f 1460/2296/1921 2011/2294/1919 2013/2297/1922
f 1458/2298/1923 2013/2297/1922 2015/2299/1924
f 1527/2228/1854 2015/2299/1924 1945/2300/1925
f 2017/2095/1640 2019/2301/1926 2018/2093/1638
f 2016/2302/1927 1728/2303/1781 2019/2301/1926
f 2019/2301/1926 2020/2098/1644 2018/2093/1638
f 1728/2303/1781 2021/2304/1928 2019/2301/1926
f 2020/2098/1644 2023/2305/1929 2022/2097/1643
f 2021/2304/1928 1796/2306/1778 2023/2305/1929
f 2022/2097/1643 2025/2307/1776 2024/2099/1645
f 2023/2305/1929 1794/2308/1775 2025/2307/1776
f 2024/2099/1645 2027/2309/1930 2026/2100/1647
f 2025/2307/1776 1792/2310/1774 2027/2309/1930
f 2026/2100/1647 2029/2311/1931 2028/2101/1651
f 1792/2310/1774 2029/2311/1931 2027/2309/1930
f 2029/2311/1931 2030/2102/1653 2028/2101/1651
f 1790/2312/1772 2031/2313/1932 2029/2311/1931
f 2031/2313/1932 2032/2103/1655 2030/2102/1653
f 1788/2314/1769 2033/2315/1933 2031/2313/1932
f 2033/2315/1933 2034/2106/1658 2032/2103/1655
f 1786/2316/1767 2035/2317/1934 2033/2315/1933
f 2034/2106/1658 2037/2318/1935 2036/2105/1657
f 2035/2317/1934 1782/2319/1764 2037/2318/1935
f 2037/2318/1935 2038/2109/1662 2036/2105/1657
f 1782/2319/1764 2039/2320/1936 2037/2318/1935
f 2038/2109/1662 2041/2321/1937 2040/2108/1661
f 2039/2320/1936 1778/2322/1760 2041/2321/1937
f 2040/2108/1661 2043/2323/1758 2042/2110/1663
f 2041/2321/1937 1776/2324/1757 2043/2323/1758
f 2042/2110/1663 2045/2325/1938 2044/2111/1665
f 2043/2323/1758 1774/2326/1755 2045/2325/1938
f 2045/2325/1938 2046/2112/1669 2044/2111/1665
f 1774/2326/1755 2047/2327/1939 2045/2325/1938
f 2047/2327/1939 2048/2113/1671 2046/2112/1669
f 1772/2328/1754 2049/2329/1940 2047/2327/1939
f 2049/2329/1940 2050/2114/1673 2048/2113/1671
f 1770/2330/1751 2051/2331/1941 2049/2329/1940
f 2051/2331/1941 2052/2117/1676 2050/2114/1673
f 1768/2332/1749 2053/2333/1942 2051/2331/1941
f 2052/2117/1676 2055/2334/1943 2054/2116/1675
f 2053/2333/1942 1764/2335/1746 2055/2334/1943
f 2055/2334/1943 2056/2120/1680 2054/2116/1675
f 1764/2335/1746 2057/2336/1944 2055/2334/1943
f 2056/2120/1680 2059/2337/1945 2058/2119/1679
f 2057/2336/1944 1760/2338/1742 2059/2337/1945
f 2058/2119/1679 2061/2339/1946 2060/2121/1681
f 2059/2337/1945 1758/2340/1739 2061/2339/1946
f 2060/2121/1681 2063/2341/1947 2062/2122/1683
f 2061/2339/1946 1756/2342/1737 2063/2341/1947
f 2062/2122/1683 2065/2343/1948 2064/2123/1687
f 1756/2342/1737 2065/2343/1948 2063/2341/1947
f 2065/2343/1948 2066/2124/1689 2064/2123/1687
f 1754/2344/1736 2067/2345/1949 2065/2343/1948
f 2067/2345/1949 2068/2125/1691 2066/2124/1689
f 1752/2346/1733 2069/2347/1950 2067/2345/1949
f 2069/2347/1950 2070/2128/1694 2068/2125/1691
f 1750/2348/1951 2071/2349/1952 2069/2347/1950
f 2070/2128/1694 2073/2350/1953 2072/2127/1693
f 2071/2349/1952 1746/2351/1728 2073/2350/1953
f 2073/2352/1953 2074/2132/1698 2072/2129/1693
f 1746/2353/1728 2075/2354/1954 2073/2352/1953
f 2074/2132/1698 2077/2355/1955 2076/2131/1697
f 2075/2354/1954 1742/2356/1724 2077/2355/1955
f 2076/2131/1697 2079/2357/1956 2078/2133/1699
f 2077/2355/1955 1740/2358/1721 2079/2357/1956
f 2078/2133/1699 2081/2359/1957 2080/2134/1701
f 2079/2357/1956 1738/2360/1720 2081/2359/1957
f 2080/2134/1701 2083/2361/1958 2082/2135/1705
f 2081/2359/1957 1736/2362/1718 2083/2361/1958
f 2083/2361/1958 2084/2136/1707 2082/2135/1705
f 1736/2362/1718 2085/2363/1959 2083/2361/1958
f 2085/2363/1959 2086/2137/1709 2084/2136/1707
f 1734/2364/1715 2087/2365/1960 2085/2363/1959
f 2087/2365/1960 2017/2095/1640 2086/2137/1709
f 1732/2366/1713 2016/2302/1927 2087/2365/1960
f 2089/2139/1712 2091/2367/1961 2090/2138/1710
f 2088/2368/1962 1800/1764/1642 2091/2367/1961
f 2093/2140/1714 2088/2368/1962 2089/2139/1712
f 1804/1766/1708 2088/2368/1962 2092/2369/1963
f 2095/2142/1716 2092/2369/1963 2093/2140/1714
f 1806/1768/1706 2092/2369/1963 2094/2370/1964
f 2096/2371/1965 2095/2142/1716 2097/2143/1717
f 1808/1770/1703 2094/2370/1964 2096/2371/1965
f 2098/2372/1966 2097/2143/1717 2099/2144/1719
f 1810/1772/1704 2096/2371/1965 2098/2372/1966
f 2101/2146/1722 2098/2372/1966 2099/2144/1719
f 2100/2373/1967 1810/1772/1704 2098/2372/1966
f 2102/2374/1968 2101/2146/1722 2103/2147/1723
f 2102/2374/1968 1812/1773/1702 2100/2373/1967
f 2104/2375/1969 2103/2147/1723 2105/2148/1725
f 2104/2375/1969 1814/1774/1700 2102/2374/1968
f 2106/2376/1970 2105/2148/1725 2107/2149/1727
f 1818/1779/1696 2104/2375/1969 2106/2376/1970
f 2109/2151/1730 2106/2377/1970 2107/2150/1727
f 2108/2378/1971 1818/1782/1696 2106/2377/1970
f 2111/2152/1732 2108/2378/1971 2109/2151/1730
f 1822/1784/1690 2108/2378/1971 2110/2379/1972
f 2113/2154/1734 2110/2379/1972 2111/2152/1732
f 1824/1786/1688 2110/2379/1972 2112/2380/1973
f 2114/2381/1974 2113/2154/1734 2115/2155/1735
f 1826/1788/1685 2112/2380/1973 2114/2381/1974
f 2116/2382/1975 2115/2155/1735 2117/2156/1738
f 1828/1790/1686 2114/2381/1974 2116/2382/1975
f 2119/2158/1740 2116/2382/1975 2117/2156/1738
f 2118/2383/1976 1828/1790/1686 2116/2382/1975
f 2120/2384/1977 2119/2158/1740 2121/2159/1741
f 2120/2384/1977 1830/1791/1684 2118/2383/1976
f 2122/2385/1978 2121/2159/1741 2123/2160/1743
f 2122/2385/1978 1832/1792/1682 2120/2384/1977
f 2124/2386/1979 2123/2160/1743 2125/2161/1745
f 1836/1797/1678 2122/2385/1978 2124/2386/1979
f 2127/2162/1748 2124/2386/1979 2125/2161/1745
f 2126/2387/1980 1836/1797/1678 2124/2386/1979
f 2129/2163/1750 2126/2387/1980 2127/2162/1748
f 1840/1800/1672 2126/2387/1980 2128/2388/1981
f 2130/2389/1982 2129/2163/1750 2131/2165/1752
f 1842/1802/1670 2128/2388/1981 2130/2389/1982
f 2132/2390/1983 2131/2165/1752 2133/2166/1753
f 1844/1804/1667 2130/2389/1982 2132/2390/1983
f 2135/2167/1756 2132/2390/1983 2133/2166/1753
f 2134/2391/1984 1844/1804/1667 2132/2390/1983
f 2137/2169/1758 2134/2391/1984 2135/2167/1756
f 2136/2392/1985 1846/1805/1668 2134/2391/1984
f 2138/2393/1986 2137/2169/1758 2139/2170/1759
f 2138/2393/1986 1848/1806/1666 2136/2392/1985
f 2140/2394/1987 2139/2170/1759 2141/2171/1761
f 2140/2394/1987 1850/1808/1664 2138/2393/1986
f 2142/2395/1988 2141/2171/1761 2143/2172/1763
f 1854/1813/1660 2140/2394/1987 2142/2395/1988
f 2145/2173/1766 2142/2395/1988 2143/2172/1763
f 2144/2396/1989 1854/1813/1660 2142/2395/1988
f 2147/2174/1768 2144/2396/1989 2145/2173/1766
f 1858/1816/1654 2144/2396/1989 2146/2397/1990
f 2149/2176/1770 2146/2397/1990 2147/2174/1768
f 1860/1818/1652 2146/2397/1990 2148/2398/1991
f 2150/2399/1992 2149/2176/1770 2151/2177/1771
f 1862/1820/1649 2148/2398/1991 2150/2399/1992
f 2153/2178/1773 2150/2399/1992 2151/2177/1771
f 2152/2400/1993 1862/1820/1649 2150/2399/1992
f 2155/2180/1776 2152/2400/1993 2153/2178/1773
f 2154/2401/1994 1864/1821/1650 2152/2400/1993
f 2156/2402/1995 2155/2180/1776 2157/2181/1777
f 2156/2402/1995 1866/1822/1648 2154/2401/1994
f 2158/2403/1996 2157/2181/1777 2159/2182/1779
f 2158/2403/1996 1868/1824/1646 2156/2402/1995
f 2091/2367/1961 2159/2182/1779 2090/2138/1710
f 1800/1764/1642 2158/2403/1996 2091/2367/1961
f 1600/2184/1784 1598/2404/1997 1599/2183/1782
f 1601/2405/1998 1872/1830/1999 1598/2404/1997
f 1596/2185/1786 1601/2405/1998 1600/2184/1784
f 1597/2406/2000 1874/1828/2001 1601/2405/1998
f 1594/2187/1788 1597/2406/2000 1596/2185/1786
f 1595/2407/2002 1876/1831/2003 1597/2406/2000
f 1593/2408/2004 1594/2187/1788 1592/2188/1789
f 1880/1836/2005 1595/2407/2002 1593/2408/2004
f 1591/2409/2006 1592/2188/1789 1590/2189/1792
f 1882/1838/2007 1593/2408/2004 1591/2409/2006
f 1588/2191/1794 1591/2409/2006 1590/2189/1792
f 1589/2410/2008 1882/1838/2007 1591/2409/2006
f 1587/2411/2009 1588/2191/1794 1586/2192/1795
f 1886/1841/2010 1589/2410/2008 1587/2411/2009
f 1585/2412/2011 1586/2192/1795 1584/2193/1797
f 1888/1843/2012 1587/2411/2009 1585/2412/2011
f 1583/2413/2013 1584/2193/1797 1582/2194/1799
f 1890/1845/2014 1585/2412/2011 1583/2413/2013
f 1580/2196/1802 1583/2414/2013 1582/2195/1799
f 1581/2415/2015 1890/1848/2014 1583/2414/2013
f 1578/2197/1804 1581/2415/2015 1580/2196/1802
f 1579/2416/2016 1892/1846/2017 1581/2415/2015
f 1576/2199/1806 1579/2416/2016 1578/2197/1804
f 1577/2417/2018 1894/1849/2019 1579/2416/2016
f 1575/2418/2020 1576/2199/1806 1574/2200/1807
f 1898/1854/2021 1577/2417/2018 1575/2418/2020
f 1572/2201/1809 1575/2418/2020 1574/2200/1807
f 1900/1855/2022 1575/2418/2020 1573/2419/2023
f 1570/2203/1812 1573/2419/2023 1572/2201/1809
f 1571/2420/2024 1900/1855/2022 1573/2419/2023
f 1569/2421/2025 1570/2203/1812 1568/2204/1813
f 1904/1859/2026 1571/2420/2024 1569/2421/2025
f 1567/2422/2027 1568/2204/1813 1566/2205/1815
f 1906/1861/2028 1569/2421/2025 1567/2422/2027
f 1565/2423/2029 1566/2205/1815 1564/2206/1817
f 1908/1863/2030 1567/2422/2027 1565/2423/2029
f 1562/2207/1820 1565/2423/2029 1564/2206/1817
f 1563/2424/2031 1908/1863/2030 1565/2423/2029
f 1560/2208/1822 1563/2424/2031 1562/2207/1820
f 1561/2425/2032 1910/1864/2033 1563/2424/2031
f 1558/2210/1824 1561/2425/2032 1560/2208/1822
f 1559/2426/2034 1912/1865/2035 1561/2425/2032
f 1557/2427/2036 1558/2210/1824 1556/2211/1825
f 1916/1870/2037 1559/2426/2034 1557/2427/2036
f 1554/2212/1827 1557/2427/2036 1556/2211/1825
f 1918/1872/2038 1557/2427/2036 1555/2428/2039
f 1552/2214/1830 1555/2428/2039 1554/2212/1827
f 1553/2429/2040 1918/1872/2038 1555/2428/2039
f 1551/2430/2041 1552/2214/1830 1550/2215/1831
f 1922/1875/2042 1553/2429/2040 1551/2430/2041
f 1549/2431/2043 1550/2215/1831 1548/2216/1833
f 1924/1877/2044 1551/2430/2041 1549/2431/2043
f 1547/2432/2045 1548/2216/1833 1546/2217/1835
f 1926/1879/2046 1549/2431/2043 1547/2432/2045
f 1544/2218/1838 1547/2432/2045 1546/2217/1835
f 1545/2433/2047 1926/1879/2046 1547/2432/2045
f 1542/2219/1840 1545/2433/2047 1544/2218/1838
f 1543/2434/2048 1928/1880/2049 1545/2433/2047
f 1540/2221/1842 1543/2434/2048 1542/2219/1840
f 1541/2435/2050 1930/1881/2051 1543/2434/2048
f 1539/2436/2052 1540/2221/1842 1538/2222/1843
f 1934/1886/2053 1541/2435/2050 1539/2436/2052
f 1537/2437/2054 1538/2222/1843 1536/2223/1846
f 1537/2437/2054 1934/1886/2053 1539/2436/2052
f 1534/2225/1848 1537/2437/2054 1536/2223/1846
f 1535/2438/2055 1936/1888/2056 1537/2437/2054
f 1533/2439/2057 1534/2225/1848 1532/2226/1849
f 1940/1891/2058 1535/2438/2055 1533/2439/2057
f 1531/2440/2059 1532/2226/1849 1530/2227/1851
f 1942/1893/2060 1533/2439/2057 1531/2440/2059
f 1598/2404/1997 1530/2227/1851 1599/2183/1782
f 1872/1830/1999 1531/2440/2059 1598/2404/1997
f 1528/2230/1856 1526/2441/2061 1527/2228/1854
f 1529/2442/2062 1944/1896/2063 1526/2441/2061
f 1524/2232/1858 1529/2442/2062 1528/2230/1856
f 1525/2443/2064 1946/1894/2065 1529/2442/2062
f 1522/2234/1860 1525/2443/2064 1524/2232/1858
f 1950/1899/2066 1525/2443/2064 1523/2444/2067
f 1521/2445/2068 1522/2234/1860 1520/2235/1861
f 1952/1902/2069 1523/2444/2067 1521/2445/2068
f 1518/2237/1863 1521/2445/2068 1520/2235/1861
f 1519/2446/2070 1952/1902/2069 1521/2445/2068
f 1516/2240/1866 1519/2446/2070 1518/2237/1863
f 1517/2447/2071 1954/1904/2072 1519/2446/2070
f 1514/2241/1867 1517/2447/2071 1516/2240/1866
f 1515/2448/2073 1956/1905/2074 1517/2447/2071
f 1513/2449/2075 1514/2241/1867 1512/2243/1869
f 1960/1909/2076 1515/2448/2073 1513/2449/2075
f 1511/2450/2077 1512/2243/1869 1510/2245/1871
f 1962/1911/2078 1513/2449/2075 1511/2450/2077
f 1508/2249/1874 1511/2451/2077 1510/2247/1871
f 1509/2452/2079 1962/1914/2078 1511/2451/2077
f 1506/2251/1876 1509/2452/2079 1508/2249/1874
f 1507/2453/2080 1964/1912/2081 1509/2452/2079
f 1505/2454/2082 1506/2251/1876 1504/2253/1878
f 1968/1917/2083 1507/2453/2080 1505/2454/2082
f 1503/2455/2084 1504/2253/1878 1502/2254/1879
f 1970/1920/2085 1505/2454/2082 1503/2455/2084
f 1501/2456/2086 1502/2254/1879 1500/2257/1882
f 1501/2456/2086 1970/1920/2085 1503/2455/2084
f 1498/2259/1884 1501/2456/2086 1500/2257/1882
f 1499/2457/2087 1972/1922/2088 1501/2456/2086
f 1497/2458/2089 1498/2259/1884 1496/2260/1885
f 1497/2458/2089 1974/1923/2090 1499/2457/2087
f 1495/2459/2091 1496/2260/1885 1494/2262/1887
f 1978/1927/2092 1497/2458/2089 1495/2459/2091
f 1493/2460/2093 1494/2262/1887 1492/2264/1889
f 1980/1929/2094 1495/2459/2091 1493/2460/2093
f 1490/2267/1892 1493/2460/2093 1492/2264/1889
f 1491/2461/2095 1980/1929/2094 1493/2460/2093
f 1488/2269/1894 1491/2461/2095 1490/2267/1892
f 1489/2462/2096 1982/1930/2097 1491/2461/2095
f 1486/2271/1896 1489/2462/2096 1488/2269/1894
f 1986/1933/2098 1489/2462/2096 1487/2463/2099
f 1485/2464/2100 1486/2271/1896 1484/2272/1897
f 1988/1936/2101 1487/2463/2099 1485/2464/2100
f 1482/2275/1900 1485/2464/2100 1484/2272/1897
f 1990/1938/2102 1485/2464/2100 1483/2465/2103
f 1480/2277/1902 1483/2465/2103 1482/2275/1900
f 1481/2466/2104 1990/1938/2102 1483/2465/2103
f 1479/2467/2105 1480/2277/1902 1478/2278/1903
f 1479/2467/2105 1992/1939/2106 1481/2466/2104
f 1477/2468/2107 1478/2278/1903 1476/2280/1905
f 1996/1943/2108 1479/2467/2105 1477/2468/2107
f 1475/2469/2109 1476/2280/1905 1474/2282/1907
f 1998/1945/2110 1477/2468/2107 1475/2469/2109
f 1472/2285/1910 1475/2469/2109 1474/2282/1907
f 1473/2470/2111 1998/1945/2110 1475/2469/2109
f 1470/2287/1912 1473/2470/2111 1472/2285/1910
f 1471/2471/2112 2000/1946/2113 1473/2470/2111
f 1468/2289/1914 1471/2471/2112 1470/2287/1912
f 2004/1949/2114 1471/2471/2112 1469/2472/2115
f 1467/2473/2116 1468/2289/1914 1466/2290/1915
f 2006/1952/2117 1469/2472/2115 1467/2473/2116
f 1464/2293/1918 1467/2473/2116 1466/2290/1915
f 2008/1954/2118 1467/2473/2116 1465/2474/2119
f 1462/2295/1920 1465/2474/2119 1464/2293/1918
f 1463/2475/2120 2008/1954/2118 1465/2474/2119
f 1461/2476/2121 1462/2295/1920 1460/2296/1921
f 1461/2476/2121 2010/1955/2122 1463/2475/2120
f 1459/2477/2123 1460/2296/1921 1458/2298/1923
f 2014/1959/2124 1461/2476/2121 1459/2477/2123
f 1526/2441/2061 1458/2298/1923 1527/2228/1854
f 1944/1896/2063 1459/2477/2123 1526/2441/2061
f 1302/2478/2125 2165/1730/2126 1306/1531/1220
f 1300/2479/2127 2207/1732/2128 1302/2480/2125
f 1298/2481/2129 2161/1731/2130 1300/2479/2127
f 1298/2481/2129 2217/1734/2131 2219/1733/2132
f 1294/2482/2133 2209/1735/2134 2217/1734/2131
f 1284/2483/2135 2209/1735/2134 1286/2484/2136
f 1282/2485/2137 2203/1736/2138 1284/2483/2135
f 1280/2486/2139 2215/1737/2140 1282/2485/2137
f 1280/2486/2139 2211/1739/2141 2213/1738/2142
f 1278/2487/2143 2205/1740/2144 2211/1739/2141
f 1276/2488/2145 2167/1742/2146 2205/1741/2144
f 1272/2489/2147 2167/1744/2146 1274/2490/2148
f 1262/2491/2149 2201/1743/2150 1272/2489/2147
f 1258/2492/2151 2199/1745/2152 1262/2491/2149
f 1457/1572/1261 2197/1746/2153 1258/2492/2151
f 1455/1570/1259 2195/1747/2154 1457/1572/1261
f 1455/1570/1259 2191/1749/2155 2193/1748/2156
f 1453/1567/1256 2189/1750/2157 2191/1749/2155
f 1451/1564/1253 2187/1751/2158 2189/1750/2157
f 1449/1561/1250 2169/1752/2159 2187/1751/2158
f 1445/1555/1244 2169/1752/2159 1447/1558/1247
f 1443/1552/1241 2163/1753/2160 1445/1555/1244
f 1441/1549/1238 2185/1754/2161 1443/1552/1241
f 1439/1546/1235 2183/1755/2162 1441/1549/1238
f 1437/1544/1233 2181/1756/2163 1439/1546/1235
f 1437/1544/1233 2177/1758/2164 2179/1757/2165
f 1435/1541/1230 2175/1759/2166 2177/1758/2164
f 1433/1538/1227 2173/1760/2167 2175/1759/2166
f 1431/1535/1224 2171/1761/2168 2173/1760/2167
f 1429/1532/1221 2165/1730/2126 2171/1761/2168
f 1306/1531/1220 1301/2493/2169 1302/2478/2125
f 1307/1529/1218 2206/2494/2170 1301/2493/2169
f 1302/2480/2125 1299/2495/2171 1300/2479/2127
f 1301/2496/2169 2160/2497/2172 1299/2495/2171
f 1300/2479/2127 1295/2498/2173 1298/2481/2129
f 1299/2495/2171 2218/2499/2174 1295/2498/2173
f 1295/2498/2173 1294/2482/2133 1298/2481/2129
f 2218/2499/2174 1287/2500/2175 1295/2498/2173
f 1287/2500/2175 1286/2484/2136 1294/2482/2133
f 2216/2501/2176 1285/2502/2177 1287/2500/2175
f 1285/2502/2177 1284/2483/2135 1286/2484/2136
f 2208/2503/2178 1283/2504/2179 1285/2502/2177
f 1284/2483/2135 1281/2505/2180 1282/2485/2137
f 1283/2504/2179 2214/2506/2181 1281/2505/2180
f 1282/2485/2137 1279/2507/2182 1280/2486/2139
f 1281/2505/2180 2212/2508/2183 1279/2507/2182
f 1279/2507/2182 1278/2487/2143 1280/2486/2139
f 2212/2508/2183 1277/2509/2184 1279/2507/2182
f 1277/2509/2184 1276/2510/2145 1278/2487/2143
f 2210/2511/2185 1275/2512/2186 1277/2509/2184
f 1275/2513/2186 1274/2514/2148 1276/2488/2145
f 2204/2515/2187 1273/2516/2188 1275/2513/2186
f 1274/2490/2148 1263/2517/2189 1272/2489/2147
f 1273/2518/2188 2200/2519/2190 1263/2517/2189
f 1272/2489/2147 1259/2520/2191 1262/2491/2149
f 1263/2517/2189 2198/2521/2192 1259/2520/2191
f 1262/2491/2149 1255/2522/2193 1258/2492/2151
f 1259/2520/2191 2196/2523/2194 1255/2522/2193
f 1258/2492/2151 1456/1571/1260 1457/1572/1261
f 1255/2522/2193 2194/2524/2195 1456/1571/1260
f 2282/2525/2196 2223/1618/2197 2281/2526/2198
f 2285/2527/2199 2265/2528/2200 2227/1594/2201
f 2290/2529/2202 2263/1585/2203 2289/2530/2204
f 2294/2531/2205 2267/2532/2206 2293/2533/2207
f 2294/2531/2205 2231/1631/2208 2225/1574/2209
f 2285/2534/2199 2261/1601/2210 2299/2535/2211
f 2296/2536/2212 2233/1629/2213 2231/1631/2208
f 2300/2537/2214 2235/1627/2215 2233/1629/2213
f 2302/2538/2216 2237/1625/2217 2235/1627/2215
f 2304/2539/2218 2239/2540/2219 2237/1625/2217
f 2308/2541/2220 2239/2540/2219 2306/2542/2221
f 1337/2543/2222 2241/1624/2223 2308/2541/2220
f 1335/2544/2224 2243/1622/2225 1337/2543/2222
f 2281/2526/2198 2245/1620/2226 1335/2544/2224
f 2299/2535/2211 2259/1603/2227 1332/2545/2228
f 1332/2545/2228 2257/1605/2229 1330/2546/2230
f 1330/2546/2230 2255/1607/2231 1328/2547/2232
f 1328/2547/2232 2253/2548/2233 1326/2549/2234
f 1324/2550/2235 2253/2548/2233 2251/1608/2236
f 1322/2551/2237 2251/1608/2236 2249/1610/2238
f 1320/2552/2239 2249/1610/2238 2247/1612/2240
f 2282/2525/2196 2247/1612/2240 2229/1614/2241
f 2289/2530/2204 2275/1589/2242 1318/2553/2243
f 2293/2554/2207 2221/1580/2244 1316/2555/2245
f 1318/2553/2243 2273/2556/2246 1314/2557/2247
f 1312/2558/2248 2273/2556/2246 2271/1590/2249
f 2286/2559/2250 2271/1590/2249 2265/1592/2200
f 1316/2555/2245 2279/2560/2251 1310/2561/2252
f 1308/2562/2253 2279/2560/2251 2277/1581/2254
f 2290/2529/2202 2277/1581/2254 2269/1583/2255
f 2280/2563/2256 2282/2525/2196 2281/2526/2198
f 2280/2564/2256 2228/1469/2257 2283/2565/2258
f 2284/2566/2259 2286/2567/2250 2285/2527/2199
f 2226/1472/2260 2287/2568/2261 2284/2569/2259
f 2288/2570/2262 2290/2529/2202 2289/2530/2204
f 2262/1475/2263 2291/2571/2264 2288/2572/2262
f 2293/2533/2207 2295/2573/2265 2294/2531/2205
f 2292/2574/2266 2224/1514/2267 2295/2575/2265
f 2295/2573/2265 2296/2536/2212 2294/2531/2205
f 2224/1514/2267 2297/2576/2268 2295/2575/2265
f 2299/2535/2211 2284/2577/2259 2285/2534/2199
f 2298/2578/2269 2226/1472/2260 2284/2569/2259
f 2297/2579/2268 2300/2537/2214 2296/2536/2212
f 2230/1479/2270 2301/2580/2271 2297/2576/2268
f 2301/2581/2271 2302/2538/2216 2300/2537/2214
f 2232/1485/2272 2303/2582/2273 2301/2580/2271
f 2303/2583/2273 2304/2539/2218 2302/2538/2216
f 2234/1487/2274 2305/2584/2275 2303/2582/2273
f 2305/2585/2275 2306/2542/2221 2304/2539/2218
f 2236/1489/2276 2307/2586/2277 2305/2584/2275
f 2306/2542/2221 2309/2587/2278 2308/2541/2220
f 2307/2586/2277 2240/1493/2279 2309/2588/2278
f 2308/2541/2220 1336/2589/2280 1337/2543/2222
f 2309/2588/2278 2242/1495/2281 1336/2590/2280
f 1337/2543/2222 1334/2591/2282 1335/2544/2224
f 1336/2590/2280 2244/1497/2283 1334/2592/2282
f 1335/2544/2224 2280/2563/2256 2281/2526/2198
f 1334/2592/2282 2222/1467/2284 2280/2564/2256
f 1332/2545/2228 2298/2593/2269 2299/2535/2211
f 1333/2594/2285 2260/1470/2286 2298/2578/2269
f 1330/2546/2230 1333/2595/2285 1332/2545/2228
f 1331/2596/2287 2258/1499/2288 1333/2594/2285
f 1328/2547/2232 1331/2597/2287 1330/2546/2230
f 1329/2598/2289 2256/1502/2290 1331/2596/2287
f 1326/2549/2234 1329/2599/2289 1328/2547/2232
f 1327/2600/2291 2254/1503/2292 1329/2598/2289
f 1325/2601/2293 1326/2549/2234 1324/2550/2235
f 2250/1506/2294 1327/2600/2291 1325/2602/2293
f 1323/2603/2295 1324/2550/2235 1322/2551/2237
f 2248/1507/2296 1325/2602/2293 1323/2604/2295
f 1321/2605/2297 1322/2551/2237 1320/2552/2239
f 2246/1509/2298 1323/2604/2295 1321/2606/2297
f 2283/2607/2258 1320/2552/2239 2282/2525/2196
f 2228/1511/2257 1321/2606/2297 2283/2608/2258
f 1318/2553/2243 2288/2570/2262 2289/2530/2204
f 1319/2609/2299 2262/1475/2263 2288/2572/2262
f 1316/2555/2245 2292/2610/2266 2293/2554/2207
f 1317/2611/2300 2266/1478/2301 2292/2612/2266
f 1314/2557/2247 1319/2613/2299 1318/2553/2243
f 1315/2614/2302 2274/1473/2303 1319/2609/2299
f 1313/2615/2304 1314/2557/2247 1312/2558/2248
f 2270/1518/2305 1315/2616/2302 1313/2617/2304
f 2287/2618/2261 1312/2558/2248 2286/2559/2250
f 2264/1521/2306 1313/2617/2304 2287/2619/2261
f 1310/2561/2252 1317/2620/2300 1316/2555/2245
f 1311/2621/2307 2220/1476/2308 1317/2611/2300
f 1309/2622/2309 1310/2561/2252 1308/2562/2253
f 2276/1525/2310 1311/2621/2307 1309/2623/2309
f 2291/2624/2264 1308/2562/2253 2290/2529/2202
f 2268/1513/2311 1309/2623/2309 2291/2571/2264
f 2385/2625/235 2336/2626/235 2317/2627/235
f 2328/2628/235 2385/2629/235 2317/2630/235
f 2327/2631/235 2407/2632/235 2328/2628/235
f 2326/2633/235 2405/2634/235 2327/2631/235
f 2325/2635/235 2403/2636/235 2326/2633/235
f 2399/2637/235 2325/2635/235 2324/2638/235
f 2397/2639/235 2324/2638/235 2323/2640/235
f 2395/2641/235 2323/2640/235 2322/2642/235
f 2393/2643/235 2322/2642/235 2321/2644/235
f 2387/2645/235 2321/2644/235 2318/2646/235
f 2389/2647/235 2318/2646/235 2319/2648/235
f 2310/2649/235 2389/2647/235 2319/2648/235
f 2311/2650/235 2371/2651/235 2310/2649/235
f 2312/2652/235 2373/2653/235 2311/2650/235
f 2313/2654/235 2375/2655/235 2312/2652/235
f 2332/2656/235 2377/2657/235 2313/2654/235
f 2413/2658/235 2332/2656/235 2331/2659/235
f 2411/2660/235 2331/2659/235 2330/2661/235
f 2409/2662/235 2330/2661/235 2329/2663/235
f 2391/2664/235 2329/2663/235 2320/2665/235
f 2333/2666/235 2391/2664/235 2320/2665/235
f 2339/2667/235 2417/2668/235 2333/2669/235
f 2338/2670/235 1632/2671/235 2339/2667/235
f 1636/2672/235 2338/2670/235 2337/2673/235
f 2419/2674/235 2337/2673/235 2334/2675/235
f 2335/2676/235 2419/2674/235 2334/2675/235
f 2314/2677/235 2421/2678/235 2335/2676/235
f 2315/2679/235 2379/2680/235 2314/2677/235
f 2383/2681/235 2315/2679/235 2316/2682/235
f 2423/2683/235 2316/2682/235 2336/2684/235
f 2317/2685/2312 2366/2686/2313 2347/2687/2312
f 2328/2688/2314 2347/2689/2312 2358/2690/2314
f 2327/2691/2315 2358/2690/2314 2357/2692/2315
f 2326/2693/2316 2357/2692/2315 2356/2694/2316
f 2325/2695/2317 2356/2694/2316 2355/2696/2317
f 2324/2697/2318 2355/2696/2317 2354/2698/2318
f 2323/2699/2319 2354/2698/2318 2353/2700/2319
f 2322/2701/2320 2353/2700/2319 2352/2702/2320
f 2321/2703/2321 2352/2702/2320 2351/2704/2321
f 2318/2705/2322 2351/2704/2321 2348/2706/2322
f 2319/2707/2323 2348/2706/2322 2349/2708/2323
f 2310/2709/2324 2349/2708/2323 2340/2710/2324
f 2311/2711/2325 2340/2710/2324 2341/2712/2325
f 2312/2713/2326 2341/2712/2325 2342/2714/2326
f 2313/2715/2327 2342/2714/2326 2343/2716/2327
f 2332/2717/2328 2343/2716/2327 2362/2718/2328
f 2331/2719/2329 2362/2718/2328 2361/2720/2329
f 2330/2721/2330 2361/2720/2329 2360/2722/2330
f 2329/2723/2331 2360/2722/2330 2359/2724/2331
f 2320/2725/2332 2359/2724/2331 2350/2726/2332
f 2333/2727/2333 2350/2726/2332 2363/2728/2333
f 2339/2729/2334 2363/2730/2333 2369/2731/2334
f 2338/2732/1125 2369/2731/2334 2368/2733/1125
f 2337/2734/2335 2368/2733/1125 2367/2735/2335
f 2334/2736/2336 2367/2735/2335 2364/2737/2336
f 2335/2738/2337 2364/2737/2336 2365/2739/2337
f 2314/2740/2338 2365/2739/2337 2344/2741/2338
f 2315/2742/1124 2344/2741/2338 2345/2743/1124
f 2316/2744/2339 2345/2743/1124 2346/2745/2339
f 2336/2746/2313 2346/2745/2339 2366/2747/2313
f 1629/2021/1516 2389/2647/2340 1630/1993/1490
f 1625/2748/2341 2417/2749/2342 1626/2750/1473
f 1621/1987/1485 2421/2678/2343 1622/1962/1462
f 1618/2751/2344 2423/2752/2345 2385/2625/2346
f 1618/2753/2344 2407/2632/2347 1614/2754/2348
f 1625/2748/2341 2409/2662/2349 2391/2664/2350
f 1614/2754/2348 2405/2634/2351 1610/2755/2352
f 1610/2755/2352 2403/2636/2353 1608/2756/2354
f 1608/2756/2354 2401/2757/2355 1606/2758/2356
f 1606/2758/2356 2399/2637/2357 1604/2759/2358
f 1602/2760/2359 2399/2637/2357 2397/2639/2360
f 1304/2024/1519 2397/2639/2360 2395/2641/2361
f 1297/2020/1515 2395/2641/2361 2393/2643/2362
f 1629/2021/1516 2393/2643/2362 2387/2645/2363
f 1613/2016/1511 2411/2660/2364 2409/2662/2349
f 1296/2013/1508 2413/2658/2365 2411/2660/2364
f 1292/2009/1505 2415/2761/2366 2413/2658/2365
f 1288/2001/1499 2415/2761/2366 1290/2005/1502
f 1270/1998/1496 2377/2657/2367 1288/2001/1499
f 1268/1995/1493 2375/2655/2368 1270/1998/1496
f 1266/1991/1489 2373/2653/2369 1268/1995/1493
f 1630/1993/1490 2371/2651/2370 1266/1991/1489
f 1621/1987/1485 1636/2672/2371 2419/2674/2372
f 1617/1984/1482 2383/2681/2373 2423/2683/2345
f 1264/1981/1479 1634/2762/2374 1636/2672/2371
f 1253/1972/1472 1634/2762/2374 1256/1976/1476
f 1626/1974/1473 1632/2671/2375 1253/1972/1472
f 1260/1968/1468 2381/2763/2376 2383/2681/2373
f 1249/1960/1461 2381/2763/2376 1251/1964/1465
f 1622/1962/1462 2379/2680/2377 1249/1960/1461
f 1631/1992/1488 1629/2021/1516 1630/1993/1490
f 2388/1468/1487 1628/2018/1514 1631/2764/1488
f 1626/2750/1473 1624/2765/2378 1625/2748/2341
f 1627/2766/1471 2390/1471/2379 1624/2767/2378
f 1623/1961/1188 1621/1987/1485 1622/1962/1462
f 2420/1399/1187 1620/1985/1484 1623/1400/1188
f 1619/2768/2380 1617/2769/1482 1618/2751/2344
f 2384/1480/2381 1616/2770/1481 1619/2771/2380
f 1614/2754/2348 1619/2772/2380 1618/2753/2344
f 1615/2773/2382 2384/1480/2381 1619/2771/2380
f 1624/2765/2378 1613/2016/1511 1625/2748/2341
f 2390/1471/2379 1612/2014/1510 1624/2767/2378
f 1610/2755/2352 1615/2774/2382 1614/2754/2348
f 1611/2775/2383 2406/1481/2384 1615/2773/2382
f 1608/2756/2354 1611/2776/2383 1610/2755/2352
f 1609/2777/2385 2404/1484/2386 1611/2775/2383
f 1606/2758/2356 1609/2778/2385 1608/2756/2354
f 1607/2779/2387 2402/1486/2388 1609/2777/2385
f 1605/2780/2389 1606/2758/2356 1604/2759/2358
f 1605/2781/2389 2400/1488/2390 1607/2779/2387
f 1603/2782/1521 1604/2759/2358 1602/2760/2359
f 2396/1492/2391 1605/2781/2389 1603/2025/1521
f 1305/2783/1518 1602/2760/2359 1304/2024/1519
f 2461/2784/2392 2424/2785/237 2460/2786/237
f 2462/2787/2393 2425/2788/2392 2461/2784/2392
f 2463/2789/2394 2426/2790/2393 2462/2787/2393
f 2464/2791/2395 2427/2792/2394 2463/2789/2394
f 2465/2793/2396 2428/2794/2395 2464/2791/2395
f 2466/2795/2397 2429/2796/2396 2465/2793/2396
f 2467/2797/2398 2430/2798/2397 2466/2795/2397
f 2468/2799/2399 2431/2800/2398 2467/2797/2398
f 2469/2801/252 2432/2802/2399 2468/2799/2399
f 2470/2803/2400 2433/2804/252 2469/2801/252
f 2471/2805/2401 2434/2806/2400 2470/2803/2400
f 2472/2807/2402 2435/2808/2401 2471/2805/2401
f 2473/2809/2403 2436/2810/2402 2472/2807/2402
f 2474/2811/2404 2437/2812/2403 2473/2809/2403
f 2475/2813/2405 2438/2814/2404 2474/2811/2404
f 2476/2815/2406 2439/2816/2405 2475/2813/2405
f 2477/2817/2407 2440/2818/2406 2476/2815/2406
f 2478/2819/243 2441/2820/2407 2477/2817/2407
f 2479/2821/2408 2442/2822/243 2478/2819/243
f 2480/2823/2409 2443/2824/2408 2479/2821/2408
f 2481/2825/2410 2444/2826/2409 2480/2823/2409
f 2482/2827/2411 2445/2828/2410 2481/2825/2410
f 2483/2829/2412 2446/2830/2411 2482/2827/2411
f 2484/2831/2413 2447/2832/2412 2483/2829/2412
f 2485/2833/2414 2448/2834/2413 2484/2831/2413
f 2486/2835/2415 2449/2836/2414 2485/2833/2414
f 2487/2837/251 2450/2838/2415 2486/2835/2415
f 2488/2839/2416 2451/2840/251 2487/2841/251
f 2489/2842/2417 2452/2843/2416 2488/2839/2416
f 2490/2844/2418 2453/2845/2417 2489/2842/2417
f 2491/2846/2419 2454/2847/2418 2490/2844/2418
f 2492/2848/2420 2455/2849/2419 2491/2846/2419
f 2493/2850/351 2456/2851/2420 2492/2848/2420
f 2494/2852/2421 2457/2853/351 2493/2850/351
f 2495/2854/2422 2458/2855/2421 2494/2852/2421
f 2460/2786/237 2459/2856/2422 2495/2854/2422
f 2531/2857/2423 2424/2785/2424 2496/2858/2424
f 2530/2859/2425 2459/2856/2426 2531/2857/2423
f 2529/2860/2427 2458/2855/2428 2530/2859/2425
f 2456/2851/2429 2529/2860/2427 2528/2861/2429
f 2455/2849/2430 2528/2861/2429 2527/2862/2431
f 2526/2863/2432 2455/2849/2430 2527/2862/2431
f 2453/2845/2433 2526/2863/2432 2525/2864/2434
f 2452/2843/2435 2525/2864/2434 2524/2865/2436
f 2451/2840/2437 2524/2865/2436 2523/2866/2437
f 2522/2867/2438 2451/2868/2437 2523/2869/2437
f 2521/2870/2439 2450/2838/2440 2522/2867/2438
f 2520/2871/2441 2449/2836/2442 2521/2870/2439
f 2447/2832/2443 2520/2871/2441 2519/2872/2444
f 2518/2873/2445 2447/2832/2443 2519/2872/2444
f 2517/2874/2446 2446/2830/2445 2518/2873/2445
f 2444/2826/2447 2517/2874/2446 2516/2875/2448
f 2443/2824/2449 2516/2875/2448 2515/2876/2450
f 2442/2822/2451 2515/2876/2450 2514/2877/2451
f 2513/2878/2452 2442/2822/2451 2514/2877/2451
f 2512/2879/2453 2441/2820/2454 2513/2878/2452
f 2511/2880/2455 2440/2818/2456 2512/2879/2453
f 2438/2814/2457 2511/2880/2455 2510/2881/2458
f 2437/2812/2459 2510/2881/2458 2509/2882/2459
f 2508/2883/2460 2437/2812/2459 2509/2882/2459
f 2435/2808/2461 2508/2883/2460 2507/2884/2462
f 2434/2806/2463 2507/2884/2462 2506/2885/2464
f 2433/2804/2465 2506/2885/2464 2505/2886/2465
f 2504/2887/2466 2433/2804/2465 2505/2886/2465
f 2503/2888/2467 2432/2802/2468 2504/2887/2466
f 2502/2889/2469 2431/2800/2470 2503/2888/2467
f 2429/2796/2471 2502/2889/2469 2501/2890/2472
f 2428/2794/2473 2501/2890/2472 2500/2891/2473
f 2499/2892/2474 2428/2794/2473 2500/2891/2473
f 2426/2790/2475 2499/2892/2474 2498/2893/2476
f 2425/2788/2477 2498/2893/2476 2497/2894/2478
f 2424/2785/2424 2497/2894/2478 2496/2858/2424
f 2568/2895/237 2605/2896/2392 2604/2897/237
f 2569/2898/2392 2606/2899/2393 2605/2896/2392
f 2570/2900/2393 2607/2901/2394 2606/2899/2393
f 2571/2902/2394 2608/2903/2395 2607/2901/2394
f 2572/2904/2395 2609/2905/2396 2608/2903/2395
f 2573/2906/2396 2610/2907/2397 2609/2905/2396
f 2574/2908/2397 2611/2909/2398 2610/2907/2397
f 2575/2910/2398 2612/2911/2399 2611/2909/2398
f 2576/2912/2399 2613/2913/252 2612/2911/2399
f 2577/2914/252 2614/2915/2400 2613/2913/252
f 2578/2916/2400 2615/2917/2401 2614/2915/2400
f 2579/2918/2401 2616/2919/2402 2615/2917/2401
f 2580/2920/2402 2617/2921/2403 2616/2919/2402
f 2581/2922/2403 2618/2923/2404 2617/2921/2403
f 2582/2924/2404 2619/2925/2405 2618/2923/2404
f 2583/2926/2405 2620/2927/2406 2619/2925/2405
f 2584/2928/2406 2621/2929/2407 2620/2927/2406
f 2585/2930/2407 2622/2931/243 2621/2929/2407
f 2586/2932/243 2623/2933/2408 2622/2931/243
f 2587/2934/2408 2624/2935/2409 2623/2933/2408
f 2588/2936/2409 2625/2937/2410 2624/2935/2409
f 2589/2938/2410 2626/2939/2411 2625/2937/2410
f 2590/2940/2411 2627/2941/2412 2626/2939/2411
f 2591/2942/2412 2628/2943/2413 2627/2941/2412
f 2592/2944/2479 2629/2945/2414 2628/2943/2413
f 2593/2946/2414 2630/2947/2415 2629/2945/2414
f 2594/2948/2415 2631/2949/251 2630/2947/2415
f 2595/2950/251 2632/2951/2416 2631/2952/251
f 2596/2953/2416 2633/2954/2417 2632/2951/2416
f 2597/2955/2417 2634/2956/2480 2633/2954/2417
f 2598/2957/2418 2635/2958/2419 2634/2956/2480
f 2599/2959/2419 2636/2960/2420 2635/2958/2419
f 2600/2961/2420 2637/2962/351 2636/2960/2420
f 2601/2963/351 2638/2964/2421 2637/2962/351
f 2602/2965/2421 2639/2966/2422 2638/2964/2421
f 2603/2967/2422 2604/2897/237 2639/2966/2422
f 2567/2968/2481 2568/2895/2482 2603/2967/2481
f 2602/2965/2483 2567/2968/2481 2603/2967/2481
f 2601/2963/2484 2566/2969/2483 2602/2965/2483
f 2600/2961/2485 2565/2970/2484 2601/2963/2484
f 2563/2971/2486 2600/2961/2485 2599/2959/2486
f 2562/2972/2487 2599/2959/2486 2598/2957/2487
f 2561/2973/2488 2598/2957/2487 2597/2955/2488
f 2560/2974/2489 2597/2955/2488 2596/2953/2489
f 2595/2950/2490 2560/2974/2489 2596/2953/2489
f 2558/2975/2491 2595/2976/2490 2594/2948/2491
f 2593/2946/2492 2558/2975/2491 2594/2948/2491
f 2592/2944/2493 2557/2977/2492 2593/2946/2492
f 2591/2942/2494 2556/2978/2493 2592/2944/2493
f 2590/2940/2495 2555/2979/2494 2591/2942/2494
f 2553/2980/2496 2590/2940/2495 2589/2938/2496
f 2552/2981/2497 2589/2938/2496 2588/2936/2497
f 2551/2982/2498 2588/2936/2497 2587/2934/2498
f 2586/2932/2499 2551/2982/2498 2587/2934/2498
f 2549/2983/2500 2586/2932/2499 2585/2930/2500
f 2584/2928/2501 2549/2983/2500 2585/2930/2500
f 2583/2926/2502 2548/2984/2501 2584/2928/2501
f 2582/2924/2503 2547/2985/2502 2583/2926/2502
f 2581/2922/2504 2546/2986/2503 2582/2924/2503
f 2544/2987/2505 2581/2922/2504 2580/2920/2505
f 2543/2988/2506 2580/2920/2505 2579/2918/2506
f 2542/2989/2507 2579/2918/2506 2578/2916/2507
f 2577/2914/2508 2542/2989/2507 2578/2916/2507
f 2540/2990/2509 2577/2914/2508 2576/2912/2509
f 2575/2910/2510 2540/2990/2509 2576/2912/2509
f 2574/2908/2511 2539/2991/2510 2575/2910/2510
f 2573/2906/2512 2538/2992/2511 2574/2908/2511
f 2536/2993/2513 2573/2906/2512 2572/2904/2513
f 2535/2994/2514 2572/2904/2513 2571/2902/2514
f 2534/2995/2515 2571/2902/2514 2570/2900/2515
f 2533/2996/2516 2570/2900/2515 2569/2898/2516
f 2568/2895/2482 2533/2996/2516 2569/2898/2516
f 2675/2997/235 2604/2897/235 2640/2998/235
f 2638/2964/235 2675/2997/235 2674/2999/235
f 2637/2962/235 2674/2999/235 2673/3000/235
f 2636/2960/235 2673/3000/235 2672/3001/235
f 2671/3002/235 2636/2960/235 2672/3001/235
f 2670/3003/235 2635/2958/235 2671/3002/235
f 2669/3004/235 2634/2956/235 2670/3003/235
f 2668/3005/235 2633/2954/235 2669/3004/235
f 2631/2952/235 2668/3005/235 2667/3006/235
f 2666/3007/235 2631/2949/235 2667/3008/235
f 2629/2945/235 2666/3007/235 2665/3009/235
f 2628/2943/235 2665/3009/235 2664/3010/235
f 2627/2941/235 2664/3010/235 2663/3011/235
f 2626/2939/235 2663/3011/235 2662/3012/235
f 2661/3013/235 2626/2939/235 2662/3012/235
f 2660/3014/235 2625/2937/235 2661/3013/235
f 2659/3015/235 2624/2935/235 2660/3014/235
f 2622/2931/235 2659/3015/235 2658/3016/235
f 2657/3017/235 2622/2931/235 2658/3016/235
f 2620/2927/235 2657/3017/235 2656/3018/235
f 2619/2925/235 2656/3018/235 2655/3019/235
f 2618/2923/235 2655/3019/235 2654/3020/235
f 2617/2921/235 2654/3020/235 2653/3021/235
f 2652/3022/235 2617/2921/235 2653/3021/235
f 2651/3023/235 2616/2919/235 2652/3022/235
f 2650/3024/235 2615/2917/235 2651/3023/235
f 2613/2913/235 2650/3024/235 2649/3025/235
f 2648/3026/235 2613/2913/235 2649/3025/235
f 2611/2909/235 2648/3026/235 2647/3027/235
f 2610/2907/235 2647/3027/235 2646/3028/235
f 2609/2905/235 2646/3028/235 2645/3029/235
f 2644/3030/235 2609/2905/235 2645/3029/235
f 2643/3031/235 2608/2903/235 2644/3030/235
f 2642/3032/235 2607/2901/235 2643/3031/235
f 2641/3033/235 2606/2899/235 2642/3032/235
f 2604/2897/235 2641/3033/235 2640/2998/235
f 2675/2997/2422 2676/3034/237 2711/3035/2422
f 2674/2999/2421 2711/3035/2422 2710/3036/2421
f 2673/3000/351 2710/3036/2421 2709/3037/351
f 2672/3001/2420 2709/3037/351 2708/3038/2420
f 2671/3002/2419 2708/3038/2420 2707/3039/2419
f 2670/3003/2418 2707/3039/2419 2706/3040/2418
f 2669/3004/2417 2706/3040/2418 2705/3041/2417
f 2668/3005/2416 2705/3041/2417 2704/3042/2416
f 2667/3006/251 2704/3042/2416 2703/3043/251
f 2666/3007/2415 2703/3044/251 2702/3045/2415
f 2665/3009/2414 2702/3045/2415 2701/3046/2414
f 2664/3010/2413 2701/3046/2414 2700/3047/2413
f 2663/3011/2412 2700/3047/2413 2699/3048/2412
f 2662/3012/2411 2699/3048/2412 2698/3049/2411
f 2661/3013/2410 2698/3049/2411 2697/3050/2517
f 2660/3014/2409 2697/3050/2517 2696/3051/2409
f 2659/3015/2408 2696/3051/2409 2695/3052/2408
f 2658/3016/243 2695/3052/2408 2694/3053/243
f 2657/3017/2407 2694/3053/243 2693/3054/2407
f 2656/3018/2406 2693/3054/2407 2692/3055/2406
f 2655/3019/2405 2692/3055/2406 2691/3056/2405
f 2654/3020/2404 2691/3056/2405 2690/3057/2404
f 2653/3021/2403 2690/3057/2404 2689/3058/2403
f 2652/3022/2402 2689/3058/2403 2688/3059/2402
f 2651/3023/2401 2688/3059/2402 2687/3060/2401
f 2650/3024/2400 2687/3060/2401 2686/3061/2400
f 2649/3025/252 2686/3061/2400 2685/3062/252
f 2648/3026/2399 2685/3062/252 2684/3063/2399
f 2647/3027/2398 2684/3063/2399 2683/3064/2398
f 2646/3028/2518 2683/3064/2398 2682/3065/2397
f 2645/3029/2396 2682/3065/2397 2681/3066/2396
f 2644/3030/2395 2681/3066/2396 2680/3067/2395
f 2643/3031/2394 2680/3067/2395 2679/3068/2394
f 2642/3032/2393 2679/3068/2394 2678/3069/2393
f 2641/3033/2392 2678/3069/2393 2677/3070/2392
f 2640/2998/237 2677/3070/2392 2676/3034/237
f 2711/3035/247 2712/3071/247 2747/3072/247
f 2746/3073/247 2711/3035/247 2747/3072/247
f 2745/3074/247 2710/3036/247 2746/3073/247
f 2744/3075/247 2709/3037/247 2745/3074/247
f 2707/3039/247 2744/3075/247 2743/3076/247
f 2706/3040/247 2743/3076/247 2742/3077/247
f 2705/3041/247 2742/3077/247 2741/3078/247
f 2704/3042/247 2741/3078/247 2740/3079/247
f 2739/3080/247 2704/3042/247 2740/3079/247
f 2702/3045/247 2739/3081/247 2738/3082/247
f 2737/3083/247 2702/3045/247 2738/3082/247
f 2736/3084/247 2701/3046/247 2737/3083/247
f 2735/3085/247 2700/3047/247 2736/3084/247
f 2698/3049/247 2735/3085/247 2734/3086/247
f 2697/3050/247 2734/3086/247 2733/3087/247
f 2696/3051/247 2733/3087/247 2732/3088/247
f 2695/3052/247 2732/3088/247 2731/3089/247
f 2730/3090/247 2695/3052/247 2731/3089/247
f 2693/3054/247 2730/3090/247 2729/3091/247
f 2728/3092/247 2693/3054/247 2729/3091/247
f 2727/3093/247 2692/3055/247 2728/3092/247
f 2726/3094/247 2691/3056/247 2727/3093/247
f 2725/3095/247 2690/3057/247 2726/3094/247
f 2688/3059/247 2725/3095/247 2724/3096/247
f 2687/3060/247 2724/3096/247 2723/3097/247
f 2686/3061/247 2723/3097/247 2722/3098/247
f 2721/3099/247 2686/3061/247 2722/3098/247
f 2684/3063/247 2721/3099/247 2720/3100/247
f 2719/3101/247 2684/3063/247 2720/3100/247
f 2718/3102/247 2683/3064/247 2719/3101/247
f 2717/3103/247 2682/3065/247 2718/3102/247
f 2680/3067/247 2717/3103/247 2716/3104/247
f 2679/3068/247 2716/3104/247 2715/3105/247
f 2678/3069/247 2715/3105/247 2714/3106/247
f 2677/3070/247 2714/3106/247 2713/3107/247
f 2712/3071/247 2677/3070/247 2713/3107/247
f 2783/3108/2519 2712/3071/2520 2748/3109/2520
f 2782/3110/2521 2747/3072/2522 2783/3108/2519
f 2781/3111/2523 2746/3073/2524 2782/3110/2521
f 2744/3075/2525 2781/3111/2523 2780/3112/2525
f 2779/3113/2526 2744/3075/2525 2780/3112/2525
f 2778/3114/2527 2743/3076/2526 2779/3113/2526
f 2741/3078/2528 2778/3114/2527 2777/3115/2529
f 2740/3079/2530 2777/3115/2529 2776/3116/2531
f 2739/3080/2532 2776/3116/2531 2775/3117/2532
f 2774/3118/2533 2739/3081/2532 2775/3119/2532
f 2773/3120/2534 2738/3082/2535 2774/3118/2533
f 2772/3121/2536 2737/3083/2537 2773/3120/2534
f 2735/3085/2538 2772/3121/2536 2771/3122/2538
f 2770/3123/2539 2735/3085/2538 2771/3122/2538
f 2769/3124/2540 2734/3086/2539 2770/3123/2539
f 2732/3088/2541 2769/3124/2540 2768/3125/2542
f 2731/3089/2543 2768/3125/2542 2767/3126/2544
f 2730/3090/2545 2767/3126/2544 2766/3127/2545
f 2765/3128/2546 2730/3090/2545 2766/3127/2545
f 2764/3129/2547 2729/3091/2548 2765/3128/2546
f 2763/3130/2549 2728/3092/2550 2764/3129/2547
f 2726/3094/2551 2763/3130/2549 2762/3131/2551
f 2725/3095/2552 2762/3131/2551 2761/3132/2552
f 2760/3133/2553 2725/3095/2552 2761/3132/2552
f 2723/3097/2554 2760/3133/2553 2759/3134/2555
f 2722/3098/2556 2759/3134/2555 2758/3135/2557
f 2721/3099/2558 2758/3135/2557 2757/3136/2558
f 2756/3137/2559 2721/3099/2558 2757/3136/2558
f 2755/3138/2560 2720/3100/2561 2756/3137/2559
f 2754/3139/2562 2719/3101/2563 2755/3138/2560
f 2717/3103/2564 2754/3139/2562 2753/3140/2564
f 2716/3104/2565 2753/3140/2564 2752/3141/2565
f 2751/3142/2566 2716/3104/2565 2752/3141/2565
f 2714/3106/2567 2751/3142/2566 2750/3143/2568
f 2713/3107/2569 2750/3143/2568 2749/3144/2570
f 2712/3071/2520 2749/3144/2570 2748/3109/2520
f 2893/3145/247 3035/3146/247 3018/3147/247
f 3035/3146/247 2879/3148/247 3027/3149/247
f 2905/3150/247 3018/3147/247 3030/3151/247
f 2867/3152/247 3027/3149/247 2869/3153/247
f 3027/3149/247 2879/3148/247 2877/3154/247
f 3027/3149/247 2877/3154/247 2875/3155/247
f 3027/3149/247 2875/3155/247 2873/3156/247
f 3027/3149/247 2873/3156/247 2871/3157/247
f 3027/3149/247 2871/3157/247 2869/3153/247
f 3030/3151/247 2867/3152/247 2915/3158/247
f 3030/3151/247 2915/3158/247 2913/3159/247
f 3030/3151/247 2913/3159/247 2911/3160/247
f 3030/3151/247 2911/3160/247 2909/3161/247
f 3030/3151/247 2909/3161/247 2907/3162/247
f 3030/3151/247 2907/3162/247 2905/3150/247
f 2883/3163/247 2881/3164/247 3035/3146/247
f 2885/3165/247 2883/3163/247 3035/3146/247
f 2887/3166/247 2885/3165/247 3035/3146/247
f 2889/3167/247 2887/3166/247 3035/3146/247
f 2891/3168/247 2889/3167/247 3035/3146/247
f 3018/3147/247 2903/3169/247 2901/3170/247
f 3018/3147/247 2901/3170/247 2899/3171/247
f 3018/3147/247 2899/3171/247 2897/3172/247
f 3018/3147/247 2897/3172/247 2895/3173/247
f 3018/3147/247 2895/3173/247 2893/3145/247
f 2866/3174/2571 2917/3175/243 2842/3176/243
f 3025/3177/252 3017/3178/252 3032/3179/252
f 3023/3180/251 3026/3181/251 3020/3182/251
f 3029/3183/237 3021/3184/237 3028/3185/237
f 3033/3186/243 3034/3187/243 3022/3188/243
f 2963/3189/2572 2916/3190/2573 2966/3191/2573
f 2912/3192/2574 2963/3189/2572 2961/3193/2574
f 2910/3194/2575 2961/3193/2574 2959/3195/2575
f 2957/3196/2576 2910/3194/2575 2959/3195/2575
f 2906/3197/2577 2957/3196/2576 2955/3198/2577
f 2904/3199/2578 2955/3198/2577 2953/3200/2578
f 2902/3201/2579 2953/3200/2578 2951/3202/2579
f 2900/3203/2580 2951/3202/2579 2949/3204/2580
f 2947/3205/2581 2900/3203/2580 2949/3204/2580
f 2896/3206/2582 2947/3205/2581 2945/3207/2582
f 2943/3208/2583 2896/3206/2582 2945/3207/2582
f 2892/3209/2584 2943/3208/2583 2941/3210/2584
f 2890/3211/2585 2941/3210/2584 2939/3212/2585
f 2888/3213/2586 2939/3212/2585 2937/3214/2586
f 2886/3215/2587 2937/3214/2586 2935/3216/2587
f 2933/3217/2588 2886/3215/2587 2935/3216/2587
f 2931/3218/2589 2884/3219/2588 2933/3217/2588
f 2929/3220/2590 2882/3221/2589 2931/3218/2589
f 2927/3222/2591 2880/3223/2590 2929/3220/2590
f 2876/3224/2592 2927/3222/2591 2925/3225/2592
f 2923/3226/2593 2876/3224/2592 2925/3225/2592
f 2921/3227/2594 2874/3228/2593 2923/3226/2593
f 2870/3229/2595 2921/3227/2594 2919/3230/2595
f 2918/3231/2596 2870/3229/2595 2919/3230/2595
f 2966/3191/2573 2868/3232/2596 2918/3233/2596
f 2964/3234/2597 2866/3174/2571 2865/3235/2597
f 2962/3236/2598 2865/3235/2597 2864/3237/2598
f 2960/3238/2599 2864/3237/2598 2863/3239/2599
f 2958/3240/2600 2863/3239/2599 2862/3241/2600
f 2956/3242/2601 2862/3241/2600 2861/3243/2601
f 2954/3244/2602 2861/3243/2601 2860/3245/2602
f 2952/3246/2603 2860/3245/2602 2859/3247/2603
f 2950/3248/2604 2859/3247/2603 2858/3249/2604
f 2948/3250/2605 2858/3249/2604 2857/3251/2605
f 2946/3252/2606 2857/3251/2605 2856/3253/2606
f 2944/3254/2607 2856/3253/2606 2855/3255/2607
f 2942/3256/2608 2855/3255/2607 2854/3257/2608
f 2940/3258/2609 2854/3257/2608 2853/3259/2609
f 2938/3260/2610 2853/3259/2609 2852/3261/2610
f 2936/3262/2611 2852/3261/2610 2851/3263/2611
f 2934/3264/2612 2851/3263/2611 2850/3265/2612
f 2932/3266/2613 2850/3265/2612 2849/3267/2613
f 2930/3268/2614 2849/3267/2613 2848/3269/2614
f 2928/3270/2615 2848/3269/2614 2847/3271/2615
f 2926/3272/2616 2847/3271/2615 2846/3273/2616
f 2845/3274/2617 2926/3272/2616 2846/3273/2616
f 2922/3275/2618 2845/3274/2617 2844/3276/2618
f 2920/3277/2619 2844/3276/2618 2843/3278/2619
f 2917/3279/243 2843/3278/2619 2842/3280/243
f 2969/3281/2620 2916/3190/2621 2968/3282/2622
f 2969/3283/2620 2870/3229/2623 2868/3284/2624
f 2971/3285/2625 2872/3286/2626 2870/3229/2623
f 2973/3287/2627 2874/3228/2628 2872/3286/2626
f 2977/3288/2629 2874/3228/2628 2975/3289/2630
f 2979/3290/2631 2876/3224/2632 2977/3288/2629
f 2981/3291/2633 2878/3292/2634 2979/3290/2631
f 2983/3293/2635 2880/3223/2636 2981/3291/2633
f 2985/3294/2637 2882/3221/2638 2983/3293/2635
f 2987/3295/2639 2884/3219/2640 2985/3294/2637
f 2987/3295/2639 2888/3213/2641 2886/3215/2642
f 2991/3296/2643 2888/3213/2641 2989/3297/2644
f 2991/3296/2643 2892/3209/2645 2890/3211/2646
f 2995/3298/2647 2892/3209/2645 2993/3299/2648
f 2995/3298/2647 2896/3206/2649 2894/3300/2650
f 2999/3301/2651 2896/3206/2649 2997/3302/2652
f 2999/3301/2651 2900/3203/2653 2898/3303/2654
f 3001/3304/2655 2902/3201/2656 2900/3203/2653
f 3005/3305/2657 2902/3201/2656 3003/3306/2658
f 3005/3305/2657 2906/3197/2659 2904/3199/2660
f 3007/3307/2661 2908/3308/2662 2906/3197/2659
f 3009/3309/2663 2910/3194/2664 2908/3308/2662
f 3013/3310/2665 2910/3194/2664 3011/3311/2666
f 3015/3312/2667 2912/3192/2668 3013/3310/2665
f 2968/3282/2622 2914/3313/2669 3015/3312/2667
f 2839/3314/2670 2918/3233/2671 2840/3315/2672
f 2836/3316/2673 2965/3317/2674 2964/3234/2675
f 2836/3316/2673 2962/3236/2676 2834/3318/2677
f 2832/3319/2678 2962/3236/2676 2960/3238/2679
f 2830/3320/2680 2960/3238/2679 2958/3240/2681
f 2828/3321/2682 2958/3240/2681 2956/3242/2683
f 2826/3322/2684 2956/3242/2683 2954/3244/2685
f 2826/3322/2684 2952/3246/2686 2824/3323/2687
f 2822/3324/2688 2952/3246/2686 2950/3248/2689
f 2822/3324/2688 2948/3250/2690 2820/3325/2691
f 2818/3326/2692 2948/3250/2690 2946/3252/2693
f 2816/3327/2694 2946/3252/2693 2944/3254/2695
f 2814/3328/2696 2944/3254/2695 2942/3256/2697
f 2814/3328/2696 2940/3258/2698 2812/3329/2699
f 2812/3329/2699 2938/3260/2700 2810/3330/2701
f 2810/3330/2701 2936/3262/2702 2808/3331/2703
f 2808/3331/2703 2934/3264/2704 2806/3332/2705
f 2804/3333/2706 2934/3264/2704 2932/3266/2707
f 2804/3333/2706 2930/3268/2708 2802/3334/2709
f 2802/3334/2709 2928/3270/2710 2800/3335/2711
f 2800/3335/2711 2926/3272/2712 2798/3336/2713
f 2798/3336/2713 2924/3337/2714 2796/3338/2715
f 2794/3339/2716 2924/3337/2714 2922/3275/2717
f 2794/3339/2716 2920/3277/2718 2792/3340/2719
f 2792/3340/2719 2917/3279/2720 2841/3341/2721
f 2967/3342/2722 2969/3281/2620 2968/3282/2622
f 2967/3342/2722 2867/3343/2723 2970/3344/2724
f 2970/3345/2724 2971/3285/2625 2969/3283/2620
f 2867/3346/2723 2972/3347/2725 2970/3345/2724
f 2972/3347/2725 2973/3287/2627 2971/3285/2625
f 2972/3347/2725 2871/3348/2726 2974/3349/2727
f 2973/3287/2627 2976/3350/2728 2975/3289/2630
f 2974/3349/2727 2873/3351/2729 2976/3350/2728
f 2975/3289/2630 2978/3352/2730 2977/3288/2629
f 2976/3350/2728 2875/3353/2731 2978/3352/2730
f 2977/3288/2629 2980/3354/2732 2979/3290/2631
f 2875/3353/2731 2980/3354/2732 2978/3352/2730
f 2980/3354/2732 2981/3291/2633 2979/3290/2631
f 2980/3354/2732 2879/3355/2733 2982/3356/2734
f 2981/3291/2633 2984/3357/2735 2983/3293/2635
f 2879/3355/2733 2984/3357/2735 2982/3356/2734
f 2984/3357/2735 2985/3294/2637 2983/3293/2635
f 2881/3358/2736 2986/3359/2737 2984/3357/2735
f 2986/3359/2737 2987/3295/2639 2985/3294/2637
f 2986/3359/2737 2885/3360/2738 2988/3361/2739
f 2988/3361/2739 2989/3297/2644 2987/3295/2639
f 2988/3361/2739 2887/3362/2740 2990/3363/2741
f 2989/3297/2644 2992/3364/2742 2991/3296/2643
f 2887/3362/2740 2992/3364/2742 2990/3363/2741
f 2992/3364/2742 2993/3299/2648 2991/3296/2643
f 2889/3365/2743 2994/3366/2744 2992/3364/2742
f 2993/3299/2648 2996/3367/2745 2995/3298/2647
f 2891/3368/2746 2996/3367/2745 2994/3366/2744
f 2995/3298/2647 2998/3369/2747 2997/3302/2652
f 2893/3370/2748 2998/3369/2747 2996/3367/2745
f 2998/3369/2747 2999/3301/2651 2997/3302/2652
f 2895/3371/2749 3000/3372/2750 2998/3369/2747
f 2999/3301/2651 3002/3373/2751 3001/3304/2655
f 3000/3372/2750 2899/3374/2752 3002/3373/2751
f 3001/3304/2655 3004/3375/2753 3003/3306/2658
f 2899/3374/2752 3004/3375/2753 3002/3373/2751
f 3004/3375/2753 3005/3305/2657 3003/3306/2658
f 3004/3375/2753 2903/3376/2754 3006/3377/2755
f 3005/3305/2657 3008/3378/2756 3007/3307/2661
f 2903/3376/2754 3008/3378/2756 3006/3377/2755
f 3008/3378/2756 3009/3309/2663 3007/3307/2661
f 2905/3379/2757 3010/3380/2758 3008/3378/2756
f 3010/3380/2758 3011/3311/2666 3009/3309/2663
f 3010/3380/2758 2909/3381/2759 3012/3382/2760
f 3012/3382/2760 3013/3310/2665 3011/3311/2666
f 2909/3381/2759 3014/3383/2761 3012/3382/2760
f 3013/3310/2665 3016/3384/2762 3015/3312/2667
f 3014/3383/2761 2913/3385/2763 3016/3384/2762
f 3015/3312/2667 2967/3342/2722 2968/3282/2622
f 3016/3384/2762 2915/3386/2764 2967/3342/2722
f 2840/3315/2672 2838/3387/2765 2839/3314/2670
f 2917/3175/2720 2838/3387/2765 2841/3388/2721
f 2837/3389/2766 2838/3387/2765 2836/3316/2673
f 2837/3389/2766 2966/3191/2767 2839/3314/2670
f 2835/3390/2768 2836/3316/2673 2834/3318/2677
f 2835/3390/2768 2963/3189/2769 2837/3389/2766
f 2833/3391/2770 2834/3318/2677 2832/3319/2678
f 2959/3195/2771 2835/3390/2768 2833/3391/2770
f 2830/3320/2680 2833/3391/2770 2832/3319/2678
f 2957/3196/2772 2833/3391/2770 2831/3392/2773
f 2829/3393/2774 2830/3320/2680 2828/3321/2682
f 2955/3198/2775 2831/3392/2773 2829/3393/2774
f 2827/3394/2776 2828/3321/2682 2826/3322/2684
f 2953/3200/2777 2829/3393/2774 2827/3394/2776
f 2824/3323/2687 2827/3394/2776 2826/3322/2684
f 2825/3395/2778 2953/3200/2777 2827/3394/2776
f 2822/3324/2688 2825/3395/2778 2824/3323/2687
f 2823/3396/2779 2951/3202/2780 2825/3395/2778
f 2821/3397/2781 2822/3324/2688 2820/3325/2691
f 2947/3205/2782 2823/3396/2779 2821/3397/2781
f 2818/3326/2692 2821/3397/2781 2820/3325/2691
f 2945/3207/2783 2821/3397/2781 2819/3398/2784
f 2816/3327/2694 2819/3398/2784 2818/3326/2692
f 2817/3399/2785 2945/3207/2783 2819/3398/2784
f 2814/3328/2696 2817/3399/2785 2816/3327/2694
f 2941/3210/2786 2817/3399/2785 2815/3400/2787
f 2812/3329/2699 2815/3400/2787 2814/3328/2696
f 2939/3212/2788 2815/3400/2787 2813/3401/2789
f 2810/3330/2701 2813/3401/2789 2812/3329/2699
f 2811/3402/2790 2939/3212/2788 2813/3401/2789
f 2808/3331/2703 2811/3402/2790 2810/3330/2701
f 2809/3403/2791 2937/3214/2792 2811/3402/2790
f 2807/3404/2793 2808/3331/2703 2806/3332/2705
f 2807/3404/2793 2935/3216/2794 2809/3403/2791
f 2805/3405/2795 2806/3332/2705 2804/3333/2706
f 2805/3405/2795 2933/3217/2796 2807/3404/2793
f 2802/3334/2709 2805/3405/2795 2804/3333/2706
f 2929/3220/2797 2805/3405/2795 2803/3406/2798
f 2801/3407/2799 2802/3334/2709 2800/3335/2711
f 2927/3222/2800 2803/3406/2798 2801/3407/2799
f 2799/3408/2801 2800/3335/2711 2798/3336/2713
f 2925/3225/2802 2801/3407/2799 2799/3408/2801
f 2796/3338/2715 2799/3408/2801 2798/3336/2713
f 2797/3409/2803 2925/3225/2802 2799/3408/2801
f 2795/3410/2804 2796/3338/2715 2794/3339/2716
f 2921/3227/2805 2797/3409/2803 2795/3410/2804
f 2793/3411/2806 2794/3339/2716 2792/3340/2719
f 2919/3230/2807 2795/3410/2804 2793/3411/2806
f 2840/3412/2672 2792/3340/2719 2841/3341/2721
f 2918/3231/2671 2793/3411/2806 2840/3412/2672
f 3063/3413/2808 3062/3414/2809 3061/3415/2810
f 3066/3416/2811 3065/3417/2812 3064/3418/2813
f 3069/3419/2814 3068/3420/2815 3067/3421/2816
f 3072/3422/2817 3071/3423/2818 3070/3424/2819
f 3058/3425/2820 3019/3426/2821 3037/3427/2822
f 3046/3428/2823 3036/3429/2824 3055/3430/2825
f 3052/3431/2826 3028/3185/2827 3043/3432/2828
f 3040/3433/2829 3031/3434/2830 3049/3435/2831
f 2791/3436/2832 3029/3183/2833 3053/3437/2834
f 3042/3438/2835 3033/3186/2836 2788/3439/2837
f 2787/3440/2838 3034/3187/2839 3059/3441/2840
f 3048/3442/2841 3021/3184/2842 2784/3443/2843
f 3037/3444/2822 3062/3414/2809 3038/3445/2844
f 3062/3414/2809 3040/3446/2829 3039/3447/2845
f 3041/3448/2846 3061/3449/2810 3042/3438/2835
f 3019/3426/2821 3061/3449/2810 3037/3427/2822
f 3018/3147/2847 3062/3414/2809 3039/3447/2845
f 3017/3178/2848 3063/3450/2808 3041/3451/2846
f 3064/3418/2813 3044/3452/2849 3043/3453/2828
f 3065/3417/2812 3046/3454/2823 3045/3455/2850
f 3047/3456/2851 3064/3457/2813 3048/3458/2841
f 3028/3185/2827 3064/3459/2813 3043/3432/2828
f 3027/3149/2852 3065/3417/2812 3045/3455/2850
f 3026/3181/2853 3066/3460/2811 3047/3456/2851
f 3049/3461/2831 3068/3420/2815 3050/3462/2854
f 3068/3420/2815 3052/3463/2826 3051/3464/2855
f 3069/3465/2814 3054/3466/2856 3053/3437/2834
f 3031/3434/2830 3067/3467/2816 3049/3435/2831
f 3030/3151/2857 3068/3420/2815 3051/3464/2855
f 3029/3183/2833 3069/3465/2814 3053/3437/2834
f 3055/3468/2825 3071/3423/2818 3056/3469/2858
f 3057/3470/2859 3072/3422/2817 3058/3471/2820
f 3072/3472/2817 3060/3473/2860 3059/3441/2840
f 3036/3429/2824 3070/3474/2819 3055/3430/2825
f 3035/3146/2861 3071/3423/2818 3057/3470/2859
f 3034/3187/2839 3072/3472/2817 3059/3441/2840
f 3038/3445/2844 3058/3471/2820 3037/3444/2822
f 3018/3147/2847 3057/3470/2859 3038/3445/2844
f 3056/3469/2858 3046/3454/2823 3055/3468/2825
f 3035/3146/2861 3045/3455/2850 3056/3469/2858
f 3044/3452/2849 3052/3463/2826 3043/3453/2828
f 3027/3149/2852 3051/3464/2855 3044/3452/2849
f 3050/3462/2854 3040/3446/2829 3049/3461/2831
f 3030/3151/2857 3039/3447/2845 3050/3462/2854
f 3054/3466/2856 2791/3436/2832 3053/3437/2834
f 3031/3434/2830 2790/3475/2862 3054/3476/2856
f 2789/3477/2863 3042/3438/2835 2788/3439/2837
f 3032/3179/2864 3041/3451/2846 2789/3478/2863
f 3060/3473/2860 2787/3440/2838 3059/3441/2840
f 3036/3429/2824 2786/3479/2865 3060/3480/2860
f 2785/3481/2866 3048/3458/2841 2784/3482/2843
f 3020/3182/2867 3047/3456/2851 2785/3481/2866
f 2366/3483/235 2346/3484/235 2345/3485/235
f 2345/3485/235 2344/3486/235 2365/3487/235
f 2365/3487/235 2364/3488/235 2367/3489/235
f 2367/3489/235 2368/3490/235 2369/3491/235
f 2369/3491/235 2363/3492/235 2350/3493/235
f 2350/3493/235 2359/3494/235 2360/191/235
f 2360/191/235 2361/3495/235 2362/3496/235
f 2362/3496/235 2343/3497/235 2342/3498/235
f 2342/3498/235 2341/3499/235 2340/3500/235
f 2340/3500/235 2349/3501/235 2348/192/235
f 2348/192/235 2351/3502/235 2352/3503/235
f 2352/3503/235 2353/3504/235 2354/3505/235
f 2354/3505/235 2355/3506/235 2356/3507/235
f 2356/3507/235 2357/3508/235 2358/193/235
f 2358/193/235 2347/3509/235 2366/3483/235
f 2366/3483/235 2345/3485/235 2365/3487/235
f 2365/3487/235 2367/3489/235 2369/3491/235
f 2369/3491/235 2350/3493/235 2360/191/235
f 2360/191/235 2362/3496/235 2342/3498/235
f 2342/3498/235 2340/3500/235 2348/192/235
f 2348/192/235 2352/3503/235 2354/3505/235
f 2354/3505/235 2356/3507/235 2358/193/235
f 2358/193/235 2366/3483/235 2365/3487/235
f 2365/3487/235 2369/3491/235 2360/191/235
f 2360/191/235 2342/3498/235 2348/192/235
f 2348/192/235 2354/3505/235 2358/193/235
f 2358/193/235 2365/3487/235 2360/191/235
f 2748/3510/235 2749/3511/235 2750/3512/235
f 2750/3512/235 2751/3513/235 2752/3514/235
f 2752/3514/235 2753/3515/235 2754/3516/235
f 2754/3516/235 2755/3517/235 2756/194/235
f 2756/194/235 2757/3518/235 2758/3519/235
f 2758/3519/235 2759/3520/235 2760/3521/235
f 2760/3521/235 2761/3522/235 2762/3523/235
f 2762/3523/235 2763/3524/235 2764/3525/235
f 2764/3525/235 2765/3526/235 2766/3527/235
f 2766/3527/235 2767/3528/235 2768/3529/235
f 2768/3529/235 2769/3530/235 2770/3531/235
f 2770/3531/235 2771/3532/235 2772/195/235
f 2772/195/235 2773/3533/235 2774/3534/235
f 2774/3534/235 2775/3535/235 2776/3536/235
f 2776/3536/235 2777/3537/235 2778/3538/235
f 2778/3538/235 2779/3539/235 2780/196/235
f 2780/196/235 2781/3540/235 2782/3541/235
f 2782/3541/235 2783/3542/235 2748/3510/235
f 2748/3510/235 2750/3512/235 2752/3514/235
f 2752/3514/235 2754/3516/235 2756/194/235
f 2756/194/235 2758/3519/235 2760/3521/235
f 2760/3521/235 2762/3523/235 2764/3525/235
f 2764/3525/235 2766/3527/235 2768/3529/235
f 2768/3529/235 2770/3531/235 2772/195/235
f 2772/195/235 2774/3534/235 2776/3536/235
f 2776/3536/235 2778/3538/235 2780/196/235
f 2780/196/235 2782/3541/235 2748/3510/235
f 2748/3510/235 2752/3514/235 2756/194/235
f 2756/194/235 2760/3521/235 2764/3525/235
f 2764/3525/235 2768/3529/235 2772/195/235
f 2772/195/235 2776/3536/235 2780/196/235
f 2780/196/235 2748/3510/235 2756/194/235
f 2756/194/235 2764/3525/235 2772/195/235
f 250/197/236 249/229/237 191/198/237
f 251/200/238 250/197/236 193/199/236
f 252/202/239 251/200/238 195/201/238
f 253/204/235 252/202/239 197/203/239
f 254/206/240 253/204/235 199/205/235
f 239/208/241 254/206/240 201/207/240
f 240/210/242 239/208/241 203/209/241
f 241/212/243 240/210/242 205/211/242
f 242/214/244 241/212/243 207/213/243
f 243/216/245 242/214/244 209/215/244
f 244/218/246 243/216/245 211/217/245
f 245/220/247 244/218/246 213/219/246
f 246/222/248 245/3543/247 215/223/247
f 247/225/249 246/222/248 217/224/248
f 248/227/250 247/225/249 219/226/249
f 249/229/237 248/227/250 221/228/250
f 204/230/241 202/233/240 224/231/240
f 202/233/240 200/235/235 225/234/235
f 200/235/235 198/237/239 226/236/239
f 198/237/239 196/239/238 227/238/238
f 196/239/238 194/241/236 228/240/236
f 194/241/236 192/243/237 229/242/237
f 192/243/237 222/245/250 230/244/250
f 222/245/250 220/247/249 231/246/249
f 220/247/249 218/249/248 232/248/248
f 218/249/248 216/3544/247 233/250/247
f 216/251/247 214/254/246 234/252/246
f 214/254/246 212/256/245 235/255/245
f 212/256/245 210/258/244 236/257/244
f 210/258/244 208/260/243 237/259/243
f 208/260/243 206/262/242 238/261/242
f 206/262/242 204/230/241 223/232/241
f 317/263/242 287/295/241 319/264/241
f 315/266/243 317/263/242 321/265/242
f 313/268/244 315/266/243 323/267/243
f 311/270/245 313/268/244 325/269/244
f 309/272/246 311/270/245 327/271/245
f 307/274/247 309/272/246 329/273/246
f 305/276/248 307/378/247 331/277/247
f 303/279/249 305/276/248 333/278/248
f 301/281/250 303/279/249 335/280/249
f 299/283/237 301/281/250 337/282/250
f 297/285/236 299/283/237 339/284/237
f 295/287/238 297/285/236 341/286/236
f 293/289/239 295/287/238 343/288/238
f 291/291/235 293/289/239 345/290/239
f 289/293/240 291/291/235 347/292/235
f 287/295/241 289/293/240 349/294/240
f 318/296/251 238/261/251 223/232/251
f 239/208/252 240/210/252 322/298/252
f 237/259/251 238/261/251 318/296/251
f 240/210/252 241/212/252 324/301/252
f 236/257/251 237/259/251 316/300/251
f 241/212/252 242/214/252 326/303/252
f 235/255/251 236/257/251 314/302/251
f 326/303/252 242/214/252 243/216/252
f 234/252/251 235/255/251 312/304/251
f 243/216/252 244/218/252 330/307/252
f 308/308/251 233/253/251 234/252/251
f 244/218/252 245/220/252 332/309/252
f 232/248/251 233/250/251 308/310/251
f 332/312/252 245/3543/252 246/222/252
f 304/314/251 231/246/251 232/248/251
f 246/222/252 247/225/252 336/315/252
f 302/316/251 230/244/251 231/246/251
f 247/225/252 248/227/252 338/317/252
f 229/242/251 230/244/251 302/316/251
f 338/317/252 248/227/252 249/229/252
f 298/320/251 228/240/251 229/242/251
f 249/229/252 250/197/252 342/321/252
f 227/238/251 228/240/251 298/320/251
f 342/321/252 250/197/252 251/200/252
f 226/236/251 227/238/251 296/322/251
f 344/323/252 251/200/252 252/202/252
f 292/326/251 225/234/251 226/236/251
f 252/202/252 253/204/252 348/327/252
f 224/231/251 225/234/251 292/326/251
f 348/327/252 253/204/252 254/206/252
f 223/232/251 224/231/251 290/328/251
f 254/206/252 239/208/252 320/299/252
f 352/330/253 353/333/260 318/296/254
f 356/331/256 357/361/316 320/299/257
f 359/332/259 316/300/264 318/296/254
f 362/334/261 356/331/256 322/298/258
f 363/335/263 314/302/268 316/300/264
f 362/334/261 324/301/262 326/303/265
f 367/337/267 312/304/272 314/302/268
f 366/336/266 326/303/265 328/305/269
f 371/339/271 310/306/276 312/304/272
f 374/340/273 370/338/270 328/305/269
f 371/339/271 375/374/280 308/308/275
f 374/340/273 330/307/274 332/309/277
f 379/342/279 306/311/284 308/310/275
f 382/344/281 378/381/278 332/312/277
f 379/342/279 286/347/288 304/314/283
f 382/344/281 334/313/282 336/315/285
f 282/346/287 302/316/292 304/314/283
f 283/345/286 336/315/285 338/317/289
f 278/349/291 300/318/296 302/316/292
f 275/350/293 279/348/290 338/317/289
f 278/349/291 274/352/299 298/320/295
f 275/350/293 340/319/294 342/321/297
f 274/352/299 270/354/303 296/322/300
f 271/351/298 342/321/297 344/323/301
f 270/354/303 266/356/307 294/324/304
f 263/355/305 267/353/302 344/323/301
f 266/356/307 262/359/312 292/326/308
f 263/355/305 346/325/306 348/327/309
f 258/358/311 290/328/315 292/326/308
f 259/357/310 348/327/309 350/329/313
f 352/330/253 288/297/255 290/328/315
f 357/361/316 255/360/314 350/329/313
f 351/362/317 354/363/319 353/333/260
f 287/295/318 317/263/323 354/363/319
f 356/331/256 355/365/322 358/364/320
f 321/265/321 319/264/374 358/364/320
f 354/363/319 360/366/324 359/332/259
f 317/263/323 315/266/2868 360/366/324
f 362/334/261 361/367/326 355/365/322
f 323/267/325 321/265/321 355/365/322
f 360/366/324 364/368/328 363/335/263
f 360/366/324 315/266/2868 313/268/327
f 366/336/266 365/369/330 361/367/326
f 325/269/329 323/267/325 361/367/326
f 364/368/328 368/370/331 367/337/267
f 313/268/327 311/270/2869 368/370/331
f 369/371/332 365/369/330 366/336/266
f 327/271/333 325/269/329 365/369/330
f 368/370/331 372/372/335 371/339/271
f 368/370/331 311/270/2869 309/272/334
f 373/373/336 369/371/332 370/338/270
f 329/273/337 327/271/333 369/371/332
f 372/372/335 376/375/339 375/374/280
f 372/372/335 309/272/334 307/274/338
f 378/341/278 377/376/341 373/373/336
f 331/275/340 329/273/337 373/373/336
f 376/377/339 380/379/342 379/342/279
f 307/378/338 305/276/344 380/379/342
f 382/344/281 381/382/343 377/380/341
f 381/382/343 333/278/2870 331/277/340
f 380/379/342 285/383/345 286/347/288
f 305/276/344 303/279/349 285/383/345
f 284/384/346 381/382/343 382/344/281
f 335/280/347 333/278/2870 381/382/343
f 286/347/288 285/383/345 281/385/348
f 303/279/349 301/281/352 281/385/348
f 280/386/350 284/384/346 283/345/286
f 280/386/350 337/282/2871 335/280/347
f 282/346/287 281/385/348 277/387/351
f 301/281/352 299/283/355 277/387/351
f 276/388/353 280/386/350 279/348/290
f 339/284/354 337/282/2871 280/386/350
f 277/387/351 273/389/356 274/352/299
f 299/283/355 297/285/360 273/389/356
f 272/390/357 276/388/353 275/350/293
f 341/286/358 339/284/354 276/388/353
f 274/352/299 273/389/356 269/391/359
f 297/285/360 295/287/363 269/391/359
f 268/392/361 272/390/357 271/351/298
f 343/288/362 341/286/358 272/390/357
f 269/391/359 265/393/364 266/356/307
f 295/287/363 293/289/367 265/393/364
f 263/355/305 264/394/365 268/392/361
f 264/394/365 345/290/369 343/288/362
f 266/356/307 265/393/364 261/395/366
f 293/289/367 291/291/370 261/395/366
f 260/396/368 264/394/365 263/355/305
f 260/396/368 347/292/2872 345/290/369
f 261/395/366 257/397/371 258/358/311
f 291/291/370 289/293/2873 257/397/371
f 255/360/314 256/398/373 260/396/368
f 349/294/372 347/292/2872 260/396/368
f 258/358/311 257/397/371 351/362/317
f 257/397/371 289/293/2873 287/295/318
f 358/364/320 256/398/373 255/360/314
f 319/264/374 349/294/372 256/398/373
f 385/399/235 384/416/235 398/400/235
f 401/402/247 388/3545/247 397/403/247
f 392/405/235 385/399/235 383/401/235
f 449/407/375 450/504/375 447/408/375
f 454/410/376 453/505/376 451/411/376
f 397/403/247 388/3545/247 387/413/247
f 399/415/235 402/427/235 398/400/235
f 389/414/247 387/413/247 390/417/247
f 455/419/377 458/506/377 457/420/377
f 461/422/378 459/507/378 460/423/378
f 400/404/247 404/439/247 405/425/247
f 403/426/235 406/441/235 402/427/235
f 392/405/235 386/406/235 393/428/235
f 395/430/247 391/418/247 390/417/247
f 464/432/379 466/508/379 465/433/379
f 469/435/380 467/509/380 468/436/380
f 408/438/247 409/452/247 405/425/247
f 403/426/235 407/453/235 410/440/235
f 411/442/235 396/429/235 393/428/235
f 395/430/247 394/431/247 413/444/247
f 472/446/381 473/510/381 474/447/381
f 477/449/382 475/511/382 476/450/382
f 408/438/247 412/445/247 413/444/247
f 411/442/235 414/443/235 410/440/235
f 388/454/375 384/461/375 415/455/375
f 387/457/375 388/454/375 418/456/375
f 385/459/375 387/457/375 417/458/375
f 384/461/375 385/459/375 416/460/375
f 399/462/376 384/461/376 419/463/376
f 401/465/376 399/462/376 421/464/376
f 388/454/376 401/465/376 422/466/376
f 384/461/376 388/454/376 420/467/376
f 392/468/377 390/475/377 425/469/377
f 385/471/377 392/468/377 426/470/377
f 387/473/377 385/471/377 423/472/377
f 390/475/377 387/473/377 424/474/377
f 399/462/378 401/465/378 428/476/378
f 403/478/378 399/462/378 427/477/378
f 430/480/378 405/3546/378 403/478/378
f 401/465/378 405/3546/378 430/480/378
f 396/481/379 394/486/379 433/482/379
f 392/468/379 396/481/379 434/483/379
f 431/485/379 390/475/379 392/468/379
f 394/486/379 390/475/379 431/485/379
f 403/478/380 405/3546/380 436/487/380
f 407/489/380 403/478/380 435/488/380
f 409/491/380 407/489/380 437/490/380
f 436/487/380 405/3546/380 409/491/380
f 441/493/381 411/3547/381 413/494/381
f 396/481/381 411/3547/381 441/493/381
f 394/486/381 396/481/381 440/496/381
f 413/494/381 394/486/381 439/497/381
f 407/498/382 409/503/382 444/499/382
f 445/501/382 411/3547/382 407/498/382
f 413/494/382 411/3547/382 445/501/382
f 409/503/382 413/494/382 446/502/382
f 418/456/383 415/455/383 447/408/383
f 449/407/384 417/458/384 418/456/384
f 448/409/385 416/460/385 417/458/385
f 415/455/386 416/460/386 448/409/386
f 421/464/387 419/463/387 451/411/387
f 422/466/388 421/464/388 453/505/388
f 420/467/389 422/466/389 454/410/389
f 419/463/390 420/467/390 452/412/390
f 426/470/391 425/469/391 457/420/391
f 423/472/392 426/470/392 458/506/392
f 424/474/393 423/472/393 455/419/393
f 457/420/394 425/469/394 424/474/394
f 427/477/395 428/476/395 460/423/395
f 429/479/396 427/477/396 459/507/396
f 430/480/397 429/479/397 461/422/397
f 428/476/398 430/480/398 462/424/398
f 434/483/399 433/482/399 465/433/399
f 432/484/400 434/483/400 466/508/400
f 431/485/401 432/484/401 464/432/401
f 433/482/402 431/485/402 463/434/402
f 467/509/403 435/488/403 436/487/403
f 437/490/404 435/488/404 467/509/404
f 438/492/405 437/490/405 469/435/405
f 468/436/406 436/487/406 438/492/406
f 441/493/407 442/495/407 474/447/407
f 440/496/408 441/493/408 473/510/408
f 439/497/409 440/496/409 472/446/409
f 474/447/410 442/495/410 439/497/410
f 475/511/411 443/500/411 444/499/411
f 445/501/412 443/500/412 475/511/412
f 478/451/413 446/502/413 445/501/413
f 476/450/414 444/499/414 446/502/414
f 480/512/415 488/3548/415 487/513/415
f 482/518/243 480/512/243 479/514/243
f 489/522/416 482/518/416 481/519/416
f 480/516/235 489/515/235 486/520/235
f 490/525/417 489/3549/417 483/526/417
f 488/528/418 486/531/418 485/529/418
f 486/531/237 490/525/237 484/527/237
f 524/532/376 556/856/376 526/533/376
f 560/535/419 567/3550/419 618/536/419
f 532/538/378 534/867/378 557/539/378
f 561/541/420 613/851/420 550/542/420
f 538/544/380 576/872/380 535/545/380
f 617/547/421 612/877/421 608/548/421
f 537/550/382 540/3551/382 586/551/382
f 607/553/422 544/610/422 551/554/422
f 539/556/381 542/3552/381 596/557/381
f 611/559/423 606/887/423 602/560/423
f 597/562/379 541/3553/379 548/563/379
f 610/565/424 601/833/424 598/566/424
f 547/568/377 554/3554/377 552/569/377
f 605/571/425 600/895/425 592/572/425
f 553/574/375 530/652/375 525/575/375
f 591/577/426 588/689/426 595/578/426
f 564/580/427 562/670/427 527/581/427
f 599/583/428 590/899/428 582/584/428
f 559/586/429 563/3555/429 569/587/429
f 572/589/430 565/710/430 558/590/430
f 594/592/431 581/798/431 578/593/431
f 589/595/432 580/905/432 574/596/432
f 579/598/433 570/716/433 566/599/433
f 573/601/434 536/673/434 575/602/434
f 623/604/435 526/3556/2874 622/605/436
f 631/607/438 534/3557/708 630/608/439
f 544/610/441 638/881/719 758/611/442
f 550/542/444 646/869/710 762/613/445
f 655/615/447 556/854/701 654/616/448
f 560/618/450 662/767/631 770/619/451
f 671/621/453 564/580/730 670/622/454
f 679/624/456 572/589/736 678/625/457
f 687/627/459 576/3558/711 686/628/460
f 582/630/462 694/797/656 786/631/463
f 703/633/465 586/3559/717 702/634/466
f 592/636/468 710/812/669 794/637/469
f 719/639/471 596/3560/720 718/640/472
f 602/642/474 726/3561/682 802/643/475
f 608/645/477 734/3562/715 806/646/478
f 614/648/480 742/850/697 810/649/481
f 624/651/483 525/575/508 530/652/484
f 621/654/486 656/761/625 555/582/487
f 520/655/489 523/540/2875 557/539/490
f 741/657/492 518/860/703 617/547/493
f 664/658/495 559/586/571 568/588/496
f 744/660/498 613/851/698 561/541/499
f 651/662/501 632/739/607 533/591/502
f 514/663/504 531/546/2876 535/545/505
f 648/665/507 549/754/559 525/666/508
f 645/668/510 746/843/691 616/555/511
f 620/669/513 527/581/488 562/670/514
f 688/672/516 575/602/591 536/673/517
f 512/675/519 537/550/2877 577/552/520
f 733/677/522 510/875/714 611/559/523
f 736/678/525 607/553/690 616/555/511
f 508/680/527 539/556/2878 587/558/528
f 704/682/530 585/594/568 578/593/531
f 643/684/533 640/747/614 543/685/534
f 637/687/536 738/835/684 610/565/537
f 720/688/539 595/578/557 588/689/540
f 506/691/542 541/3553/2879 597/562/543
f 725/693/545 504/886/722 605/571/546
f 728/694/548 601/833/683 610/565/537
f 502/696/550 547/568/2880 543/570/534
f 636/698/552 545/567/538 598/566/553
f 721/700/555 730/823/676 604/579/556
f 500/701/558 553/574/2881 549/576/559
f 709/703/561 498/894/727 599/583/562
f 723/704/564 712/813/670 591/577/565
f 705/705/566 714/805/663 594/592/567
f 665/706/569 672/775/637 563/707/570
f 658/709/572 558/590/503 565/710/573
f 693/712/575 496/898/731 589/595/576
f 696/713/578 581/798/657 594/592/567
f 674/715/580 566/599/585 570/716/581
f 667/718/583 680/783/644 571/719/584
f 634/721/586 536/673/517 573/601/587
f 689/723/589 698/790/650 584/603/590
f 676/724/592 573/601/587 584/603/590
f 681/726/594 492/904/737 579/598/595
f 747/727/596 619/729/599 528/543/597
f 747/727/596 748/730/600 620/669/513
f 748/730/600 621/654/486 527/581/488
f 749/731/601 747/727/596 626/728/598
f 749/731/601 750/606/437 748/730/600
f 750/606/437 622/605/436 621/654/486
f 624/732/483 749/731/601 625/667/509
f 624/732/483 623/604/435 750/606/437
f 751/733/602 627/674/518 536/673/517
f 752/734/603 628/736/604 627/674/518
f 629/735/506 535/870/505 628/736/604
f 633/737/605 753/738/606 751/733/602
f 754/609/440 752/734/603 751/733/602
f 630/608/439 629/735/506 752/734/603
f 533/591/502 632/739/607 753/738/606
f 632/739/607 631/607/438 754/609/440
f 642/740/608 755/743/611 635/741/609
f 755/743/611 756/744/612 636/698/552
f 756/744/612 637/687/536 545/567/538
f 757/745/613 755/743/611 642/740/608
f 758/611/442 756/744/612 755/743/611
f 758/611/442 638/881/719 637/687/536
f 640/747/614 757/745/613 641/746/551
f 639/612/443 758/611/442 757/745/613
f 650/748/615 759/749/616 643/684/533
f 759/749/616 760/751/618 644/750/617
f 760/751/618 645/668/510 551/554/512
f 761/752/619 759/749/616 650/748/615
f 762/613/445 760/751/618 759/749/616
f 762/613/445 646/869/710 645/668/510
f 648/665/507 761/752/619 649/753/560
f 647/614/446 762/613/445 761/752/619
f 763/755/620 651/662/501 558/590/503
f 764/756/621 652/758/622 651/662/501
f 653/757/491 557/865/490 652/758/622
f 765/759/623 763/755/620 658/709/572
f 766/617/449 764/756/621 763/755/620
f 654/616/448 653/757/491 764/756/621
f 555/582/487 656/761/625 765/759/623
f 656/761/625 655/615/447 766/617/449
f 666/762/626 767/764/628 659/671/515
f 768/763/627 660/765/629 659/671/515
f 661/661/500 561/541/499 660/765/629
f 665/706/569 769/766/630 767/764/628
f 769/766/630 770/619/451 768/763/627
f 662/767/631 661/661/500 768/763/627
f 559/708/571 664/768/495 769/766/630
f 664/768/495 663/620/452 770/619/451
f 771/769/632 667/718/583 566/720/585
f 772/771/633 668/772/634 667/718/583
f 669/711/574 565/710/573 668/772/634
f 773/773/635 771/769/632 674/770/580
f 774/623/455 772/771/633 771/769/632
f 774/623/455 670/622/454 669/711/574
f 563/707/570 672/775/637 773/773/635
f 672/775/637 671/621/453 774/623/455
f 775/776/638 675/780/642 574/777/639
f 776/779/641 676/724/592 675/780/642
f 677/722/588 573/601/587 676/724/592
f 777/781/643 775/776/638 682/778/640
f 778/626/458 776/779/641 775/776/638
f 678/625/457 677/722/588 776/779/641
f 571/719/584 680/783/644 777/781/643
f 680/783/644 679/624/456 778/626/458
f 779/784/645 683/683/532 578/593/531
f 780/786/647 684/788/648 683/683/532
f 685/787/521 577/880/520 684/788/648
f 781/789/649 779/784/645 690/785/646
f 782/629/461 780/786/647 779/784/645
f 686/628/460 685/787/521 780/786/647
f 575/602/591 688/672/516 781/789/649
f 688/672/516 687/627/459 782/629/461
f 698/790/650 783/791/651 691/725/593
f 783/791/651 784/793/653 692/792/652
f 784/793/653 693/3563/575 583/794/577
f 785/795/654 783/791/651 698/790/650
f 786/631/463 784/793/653 783/791/651
f 694/797/656 693/3563/575 784/793/653
f 696/713/578 785/795/654 697/796/655
f 695/632/464 786/631/463 785/795/654
f 787/799/658 699/690/541 588/689/540
f 788/801/660 700/803/661 699/690/541
f 701/802/529 587/882/528 700/803/661
f 789/804/662 787/799/658 706/800/659
f 789/804/662 790/635/467 788/801/660
f 790/635/467 702/634/466 701/802/529
f 585/594/568 704/682/530 789/804/662
f 704/682/530 703/633/465 790/635/467
f 714/805/663 791/806/664 707/714/579
f 791/806/664 792/808/666 708/807/665
f 792/808/666 709/3564/561 593/809/563
f 793/810/667 791/806/664 714/805/663
f 794/637/469 792/808/666 791/806/664
f 710/812/669 709/3564/561 792/808/666
f 712/813/670 793/810/667 713/811/668
f 711/638/470 794/637/469 793/810/667
f 795/814/671 715/699/554 598/566/553
f 796/816/673 716/818/674 715/699/554
f 717/817/544 597/3565/543 716/818/674
f 797/819/675 795/821/671 722/820/672
f 798/641/473 796/822/673 795/821/671
f 718/640/472 717/3566/544 796/822/673
f 595/578/557 720/688/539 797/819/675
f 720/688/539 719/639/471 798/641/473
f 730/823/676 799/824/677 723/704/564
f 799/824/677 800/826/679 724/825/678
f 800/826/679 725/3567/545 603/827/547
f 801/828/680 799/824/677 730/823/676
f 802/830/475 800/826/679 799/824/677
f 726/831/682 725/3567/545 800/826/679
f 728/694/548 801/834/680 729/832/681
f 727/644/476 802/643/475 801/834/680
f 738/835/684 803/836/685 731/695/549
f 803/836/685 804/838/687 732/837/686
f 804/838/687 733/842/522 609/839/524
f 805/840/688 803/836/685 738/835/684
f 806/646/478 804/838/687 803/836/685
f 806/646/478 734/3562/715 733/842/522
f 736/678/525 805/840/688 737/841/689
f 735/647/479 806/646/478 805/840/688
f 746/843/691 807/844/692 739/679/526
f 807/844/692 808/846/694 740/845/693
f 808/846/694 741/3568/492 615/847/494
f 809/848/695 807/844/692 746/843/691
f 810/649/481 808/846/694 807/844/692
f 742/850/697 741/3568/492 808/846/694
f 744/660/498 809/848/695 745/849/696
f 743/650/482 810/649/481 809/848/695
f 522/852/699 623/853/435 624/651/483
f 529/534/700 526/533/2874 623/853/435
f 621/654/486 622/605/436 655/615/447
f 622/605/436 526/3556/2874 556/854/701
f 654/855/448 519/3569/702 520/655/489
f 556/856/701 524/532/2882 519/857/702
f 742/859/697 517/861/705 518/860/703
f 742/859/697 614/537/480 618/536/704
f 516/862/706 663/864/452 664/658/495
f 567/863/707 560/3570/450 663/864/452
f 661/661/500 662/767/631 743/650/482
f 662/767/631 560/618/450 614/648/480
f 651/662/501 652/758/622 631/607/438
f 557/865/490 534/3557/708 631/607/438
f 630/866/439 513/868/709 514/663/504
f 534/867/708 532/538/2883 513/868/709
f 626/728/598 647/614/446 648/665/507
f 528/543/597 550/542/444 647/614/446
f 646/869/710 745/849/696 746/843/691
f 646/869/710 550/542/444 613/851/698
f 659/671/515 660/765/629 619/729/599
f 561/541/499 528/543/597 619/729/599
f 627/674/518 628/736/604 687/627/459
f 535/870/505 576/3558/711 687/627/459
f 686/871/460 511/873/712 512/675/519
f 576/872/711 538/544/2884 511/873/712
f 733/677/522 734/876/715 509/874/713
f 734/876/715 608/548/477 612/877/716
f 740/845/693 735/647/479 736/678/525
f 615/847/494 608/645/477 735/647/479
f 702/878/466 507/879/718 508/680/527
f 586/551/717 540/3551/2885 507/879/718
f 684/788/648 703/633/465 704/682/530
f 577/880/520 586/3559/717 703/633/465
f 644/750/617 639/612/443 640/747/614
f 644/750/617 551/554/512 544/610/441
f 638/881/719 737/841/689 738/835/684
f 638/881/719 544/610/441 607/553/690
f 699/690/541 700/803/661 719/639/471
f 587/882/528 596/3560/720 719/639/471
f 718/883/472 505/884/721 506/691/542
f 596/557/720 542/3552/2886 505/884/721
f 726/885/682 503/888/724 504/886/722
f 726/885/682 602/560/474 606/887/723
f 732/837/686 727/644/476 728/694/548
f 609/839/524 602/642/474 727/644/476
f 642/889/608 501/890/725 502/696/550
f 546/564/610 548/563/2887 501/890/725
f 715/699/554 716/818/674 635/741/609
f 716/818/674 597/3565/543 546/742/610
f 722/820/672 729/829/681 730/823/676
f 722/815/672 598/566/553 601/833/683
f 650/891/615 499/892/726 500/701/558
f 552/569/535 554/3554/2888 499/892/726
f 710/893/669 497/896/729 498/894/727
f 710/893/669 592/572/468 600/895/728
f 723/704/564 724/825/678 711/638/470
f 603/827/547 592/636/468 711/638/470
f 706/800/659 713/811/668 714/805/663
f 706/800/659 588/689/540 591/577/565
f 666/762/626 671/621/453 672/775/637
f 562/670/514 564/580/730 671/621/453
f 670/622/454 657/760/624 658/709/572
f 564/580/730 555/582/487 657/760/624
f 694/897/656 495/900/733 496/898/731
f 694/897/656 582/584/462 590/899/732
f 707/714/579 708/807/665 695/632/464
f 593/809/563 582/630/462 695/632/464
f 494/901/734 673/902/636 674/715/580
f 569/587/735 563/3555/570 673/902/636
f 668/772/634 679/624/456 680/783/644
f 668/772/634 565/710/573 572/589/736
f 678/625/457 633/737/605 634/721/586
f 572/589/736 533/591/502 633/737/605
f 690/785/646 697/796/655 698/790/650
f 690/785/646 578/593/531 581/798/657
f 692/792/652 675/780/642 676/724/592
f 692/792/652 583/794/577 574/777/639
f 682/903/640 491/906/739 492/904/737
f 682/903/640 574/596/639 580/905/738
f 850/907/740 1071/927/759 1080/908/741
f 841/909/742 1080/908/741 1079/910/743
f 842/911/744 1079/910/743 1078/912/745
f 843/913/746 1078/912/745 1077/914/747
f 844/915/748 1077/914/747 1076/916/749
f 845/918/750 1076/1199/749 1075/919/751
f 847/921/753 846/920/752 1075/919/751
f 848/923/755 847/921/753 1074/922/754
f 849/925/757 848/923/755 1073/924/756
f 850/907/740 849/925/757 1072/926/758
f 940/928/760 840/948/779 831/929/761
f 932/931/763 931/930/762 831/929/761
f 933/933/765 932/931/763 832/932/764
f 934/935/767 933/933/765 833/934/766
f 935/937/769 934/935/767 834/936/768
f 935/939/769 835/1109/770 836/940/771
f 936/941/772 836/940/771 837/942/773
f 937/943/774 837/942/773 838/944/775
f 938/945/776 838/944/775 839/946/777
f 939/947/778 839/946/777 840/948/779
f 821/949/780 1041/1186/999 1050/950/781
f 1049/952/783 829/954/785 830/951/782
f 1048/953/784 828/956/787 829/954/785
f 1047/955/786 827/958/789 828/956/787
f 1046/957/788 826/1071/791 827/958/789
f 1046/959/788 1045/962/792 825/960/790
f 1045/962/792 1044/964/794 824/963/793
f 1044/964/794 1043/966/796 823/965/795
f 1043/966/796 1042/968/798 822/967/797
f 1042/968/798 1041/1186/999 821/949/780
f 811/969/799 930/989/818 921/970/800
f 820/971/801 921/970/800 922/972/802
f 818/974/804 819/973/803 922/972/802
f 817/976/806 818/974/804 923/975/805
f 817/976/806 924/977/807 925/978/808
f 816/980/809 925/1200/808 926/981/810
f 815/982/811 926/981/810 927/983/812
f 814/984/813 927/983/812 928/985/814
f 813/986/815 928/985/814 929/987/816
f 812/988/817 929/987/816 930/989/818
f 861/990/819 862/993/822 852/991/820
f 862/993/822 863/995/824 853/994/823
f 863/995/824 864/997/826 854/996/825
f 864/997/826 865/1000/829 855/998/827
f 866/999/828 856/3571/831 855/998/827
f 867/1001/830 857/1005/833 856/1002/831
f 868/1004/832 858/1007/835 857/1005/833
f 869/1006/834 859/1009/837 858/1007/835
f 870/1008/836 860/1010/838 859/1009/837
f 861/990/819 851/992/821 860/1010/838
f 872/1011/839 862/993/822 861/990/819
f 873/1013/841 863/995/824 862/993/822
f 874/1014/842 864/997/826 863/995/824
f 875/1015/843 865/1000/829 864/997/826
f 876/1016/844 866/999/828 865/1000/829
f 877/1017/845 867/1001/830 866/1003/828
f 877/1017/845 878/1019/846 868/1004/832
f 878/1019/846 879/1021/848 869/1006/834
f 880/1020/847 870/1008/836 869/1006/834
f 871/1012/840 861/990/819 870/1008/836
f 882/1022/849 872/1011/839 871/1012/840
f 882/1022/849 883/1024/851 873/1013/841
f 883/1024/851 884/1025/852 874/1014/842
f 884/1025/852 885/1027/854 875/1015/843
f 886/1026/853 876/1016/844 875/1015/843
f 887/1028/855 877/1017/845 876/1018/844
f 888/1030/856 878/1019/846 877/1017/845
f 889/1031/857 879/1021/848 878/1019/846
f 890/1032/858 880/1020/847 879/1021/848
f 881/1023/850 871/1012/840 880/1020/847
f 892/1033/859 882/1022/849 881/1023/850
f 893/1035/861 883/1024/851 882/1022/849
f 894/1036/862 884/1025/852 883/1024/851
f 895/1037/863 885/1027/854 884/1025/852
f 896/1038/864 886/1026/853 885/1027/854
f 897/1039/865 887/1028/855 886/1029/853
f 898/1041/866 888/1030/856 887/1028/855
f 899/1042/867 889/1031/857 888/1030/856
f 900/1043/868 890/1032/858 889/1031/857
f 891/1034/860 881/1023/850 890/1032/858
f 902/1044/869 892/1033/859 891/1034/860
f 903/1046/871 893/1035/861 892/1033/859
f 904/1047/872 894/1036/862 893/1035/861
f 905/1048/873 895/1037/863 894/1036/862
f 906/1049/874 896/1038/864 895/1037/863
f 906/1050/874 907/1051/875 897/1039/865
f 907/1051/875 908/1052/876 898/1041/866
f 908/1052/876 909/1053/877 899/1042/867
f 909/1053/877 910/1054/878 900/1043/868
f 910/1054/878 901/1045/870 891/1034/860
f 952/1055/879 902/1044/869 901/1045/870
f 953/1057/881 903/1046/871 902/1044/869
f 954/1058/882 904/1047/872 903/1046/871
f 955/1059/883 905/1048/873 904/1047/872
f 956/1060/884 906/1049/874 905/1048/873
f 907/1051/875 906/1050/874 956/1061/884
f 957/1062/885 958/1063/886 908/1052/876
f 958/1063/886 959/1064/887 909/1053/877
f 959/1064/887 960/1065/888 910/1054/878
f 951/1056/880 901/1045/870 910/1054/878
f 1061/1066/889 821/949/780 830/951/782
f 1070/1067/890 830/951/782 829/954/785
f 1069/1068/891 829/954/785 828/956/787
f 1068/1069/892 828/956/787 827/958/789
f 1067/1070/893 827/958/789 826/1071/791
f 1065/1073/895 1066/3572/894 826/961/791
f 1064/1074/896 1065/1073/895 825/960/790
f 1063/1075/897 1064/1074/896 824/963/793
f 1062/1076/898 1063/1075/897 823/965/795
f 1061/1066/889 1062/1076/898 822/967/797
f 911/1077/899 920/1087/908 940/928/760
f 912/1078/900 911/1077/899 931/930/762
f 913/1079/901 912/1078/900 932/931/763
f 914/1080/902 913/1079/901 933/933/765
f 915/1081/903 914/1080/902 934/935/767
f 915/1082/903 935/939/769 936/941/772
f 916/1083/904 936/941/772 937/943/774
f 917/1084/905 937/943/774 938/945/776
f 918/1085/906 938/945/776 939/947/778
f 919/1086/907 939/947/778 940/928/760
f 1040/1088/909 950/1108/928 941/1089/910
f 1031/1090/911 941/1089/910 942/1091/912
f 1032/1092/913 942/1091/912 943/1093/914
f 1033/1094/915 943/1093/914 944/1095/916
f 1034/1096/917 944/1095/916 945/1097/918
f 1036/1099/920 1035/3573/919 945/1100/918
f 1037/1102/922 1036/1099/920 946/1101/921
f 1038/1104/924 1037/1102/922 947/1103/923
f 1039/1106/926 1038/1104/924 948/1105/925
f 1040/1088/909 1039/1106/926 949/1107/927
f 840/948/779 850/907/740 841/909/742
f 831/929/761 841/909/742 842/911/744
f 832/932/764 842/911/744 843/913/746
f 833/934/766 843/913/746 844/915/748
f 834/936/768 844/915/748 845/917/750
f 835/1109/770 845/918/750 846/920/752
f 837/942/773 836/940/771 846/920/752
f 838/944/775 837/942/773 847/921/753
f 839/946/777 838/944/775 848/923/755
f 839/946/777 849/925/757 850/907/740
f 962/1110/929 952/1055/879 951/1056/880
f 963/1112/931 953/1057/881 952/1055/879
f 964/1113/932 954/1058/882 953/1057/881
f 965/1114/933 955/1059/883 954/1058/882
f 966/1115/934 956/1060/884 955/1059/883
f 966/1116/934 967/1117/935 957/1062/885
f 967/1117/935 968/1118/936 958/1063/886
f 968/1118/936 969/1119/937 959/1064/887
f 969/1119/937 970/1120/938 960/1065/888
f 961/1111/930 951/1056/880 960/1065/888
f 972/1121/939 962/1110/929 961/1111/930
f 973/1123/941 963/1112/931 962/1110/929
f 974/1124/942 964/1113/932 963/1112/931
f 975/1125/943 965/1114/933 964/1113/932
f 976/1126/944 966/1115/934 965/1114/933
f 976/1127/944 977/1128/945 967/1117/935
f 977/1128/945 978/1129/946 968/1118/936
f 978/1129/946 979/1130/947 969/1119/937
f 979/1130/947 980/1131/948 970/1120/938
f 971/1122/940 961/1111/930 970/1120/938
f 982/1132/949 972/1121/939 971/1122/940
f 983/1134/951 973/1123/941 972/1121/939
f 984/1135/952 974/1124/942 973/1123/941
f 985/1136/953 975/1125/943 974/1124/942
f 986/1137/954 976/1126/944 975/1125/943
f 987/1138/955 977/1128/945 976/1127/944
f 988/1140/956 978/1129/946 977/1128/945
f 988/1140/956 989/1142/958 979/1130/947
f 990/1141/957 980/1131/948 979/1130/947
f 981/1133/950 971/1122/940 980/1131/948
f 992/1143/959 982/1132/949 981/1133/950
f 993/1145/961 983/1134/951 982/1132/949
f 994/1146/962 984/1135/952 983/1134/951
f 995/1147/963 985/1136/953 984/1135/952
f 996/1148/964 986/1137/954 985/1136/953
f 997/1149/965 987/1138/955 986/1139/954
f 997/1149/965 998/1151/966 988/1140/956
f 998/1151/966 999/1153/968 989/1142/958
f 1000/1152/967 990/1141/957 989/1142/958
f 991/1144/960 981/1133/950 990/1141/957
f 1001/1154/969 1002/1155/970 992/1143/959
f 1002/1155/970 1003/1156/971 993/1145/961
f 1003/1156/971 1004/1158/973 994/1146/962
f 1005/1157/972 995/1147/963 994/1146/962
f 1006/1159/974 996/1148/964 995/1147/963
f 1007/1160/975 997/1149/965 996/1150/964
f 1008/1162/976 998/1151/966 997/1149/965
f 1009/1163/977 999/1153/968 998/1151/966
f 1010/1164/978 1000/1152/967 999/1153/968
f 1010/1164/978 1001/1154/969 991/1144/960
f 1011/1165/979 1012/1166/980 1002/1155/970
f 1012/1166/980 1013/1167/981 1003/1156/971
f 1013/1167/981 1014/1168/982 1004/1158/973
f 1014/1168/982 1015/1169/983 1005/1157/972
f 1015/1169/983 1016/1180/985 1006/1159/974
f 1017/1170/984 1007/1160/975 1006/1161/974
f 1018/1172/986 1008/1162/976 1007/1160/975
f 1019/1173/987 1009/1163/977 1008/1162/976
f 1020/1174/988 1010/1164/978 1009/1163/977
f 1011/1165/979 1001/1154/969 1010/1164/978
f 1021/1175/989 1022/1176/990 1012/1166/980
f 1022/1176/990 1023/1177/991 1013/1167/981
f 1023/1177/991 1024/1178/992 1014/1168/982
f 1024/1178/992 1025/1179/993 1015/1169/983
f 1025/1179/993 1026/1187/995 1016/1180/985
f 1027/1181/994 1017/1170/984 1016/1171/985
f 1028/1183/996 1018/1172/986 1017/1170/984
f 1029/1184/997 1019/1173/987 1018/1172/986
f 1030/1185/998 1020/1174/988 1019/1173/987
f 1021/1175/989 1011/1165/979 1020/1174/988
f 1041/1186/999 1042/968/798 1022/1176/990
f 1042/968/798 1043/966/796 1023/1177/991
f 1043/966/796 1044/964/794 1024/1178/992
f 1044/964/794 1045/962/792 1025/1179/993
f 1045/962/792 1046/959/788 1026/1187/995
f 1047/955/786 1027/1181/994 1026/1182/995
f 1048/953/784 1028/1183/996 1027/1181/994
f 1049/952/783 1029/1184/997 1028/1183/996
f 1050/950/781 1030/1185/998 1029/1184/997
f 1041/1186/999 1021/1175/989 1030/1185/998
f 941/1089/910 950/1108/928 920/1087/908
f 942/1091/912 941/1089/910 911/1077/899
f 943/1093/914 942/1091/912 912/1078/900
f 944/1095/916 943/1093/914 913/1079/901
f 945/1097/918 944/1095/916 914/1080/902
f 945/1100/918 915/1082/903 916/1083/904
f 946/1101/921 916/1083/904 917/1084/905
f 947/1103/923 917/1084/905 918/1085/906
f 948/1105/925 918/1085/906 919/1086/907
f 949/1107/927 919/1086/907 920/1087/908
f 1052/1188/1000 812/988/817 811/969/799
f 1053/1190/1002 813/986/815 812/988/817
f 1054/1191/1003 814/984/813 813/986/815
f 1055/1192/1004 815/982/811 814/984/813
f 1056/1193/1005 816/980/809 815/982/811
f 1057/1194/1006 817/976/806 816/979/809
f 1058/1196/1007 818/974/804 817/976/806
f 1059/1197/1008 819/973/803 818/974/804
f 1060/1198/1009 820/971/801 819/973/803
f 1051/1189/1001 811/969/799 820/971/801
f 1072/926/758 1052/1188/1000 1051/1189/1001
f 1072/926/758 1073/924/756 1053/1190/1002
f 1073/924/756 1074/922/754 1054/1191/1003
f 1074/922/754 1075/919/751 1055/1192/1004
f 1076/1199/749 1056/1193/1005 1055/1192/1004
f 1077/914/747 1057/1194/1006 1056/1195/1005
f 1078/912/745 1058/1196/1007 1057/1194/1006
f 1079/910/743 1059/1197/1008 1058/1196/1007
f 1080/908/741 1060/1198/1009 1059/1197/1008
f 1071/927/759 1051/1189/1001 1060/1198/1009
f 921/970/800 930/989/818 1061/1066/889
f 922/972/802 921/970/800 1070/1067/890
f 923/975/805 922/972/802 1069/1068/891
f 924/977/807 923/975/805 1068/1069/892
f 925/978/808 924/977/807 1067/1070/893
f 925/1200/808 1066/3572/894 1065/1073/895
f 926/981/810 1065/1073/895 1064/1074/896
f 927/983/812 1064/1074/896 1063/1075/897
f 928/985/814 1063/1075/897 1062/1076/898
f 929/987/816 1062/1076/898 1061/1066/889
f 1121/1201/1010 1123/1204/1013 1102/1202/1011
f 1123/1204/1013 1125/1206/1015 1103/1205/1014
f 1125/1206/1015 1127/1208/1017 1104/1207/1016
f 1127/1208/1017 1129/1210/1019 1105/1209/1018
f 1129/1210/1019 1131/1213/1022 1106/1211/1020
f 1133/1212/1021 1107/1215/1024 1106/1211/1020
f 1135/1214/1023 1108/1217/1026 1107/1215/1024
f 1137/1216/1025 1109/1219/1028 1108/1217/1026
f 1139/1218/1027 1110/1221/1029 1109/1219/1028
f 1121/1220/1010 1101/3574/1012 1110/1221/1029
f 1102/1222/1030 1082/1229/1037 1081/1223/1031
f 1122/1225/1033 1091/3575/2889 1092/1226/1034
f 1103/1228/1036 1083/1233/1041 1082/1229/1037
f 1124/1227/1035 1092/1226/1034 1093/1230/1038
f 1104/1232/1040 1084/1236/1044 1083/1233/1041
f 1093/1230/1038 1094/1237/1045 1128/1234/1042
f 1105/1235/1043 1085/1240/1048 1084/1236/1044
f 1094/1237/1045 1095/1241/1049 1130/1238/1046
f 1106/1239/1047 1086/1244/1052 1085/1240/1048
f 1095/1241/1049 1096/3576/2890 1132/1242/1050
f 1107/1243/1051 1087/1248/1056 1086/1244/1052
f 1132/1242/1050 1096/3576/2890 1097/1245/1053
f 1108/1247/1055 1088/1252/1060 1087/1248/1056
f 1134/1246/1054 1097/1245/1053 1098/1249/1057
f 1109/1251/1059 1089/3577/2891 1088/1252/1060
f 1098/1249/1057 1099/1256/1064 1138/1253/1061
f 1090/1254/1062 1089/3577/2891 1109/1251/1059
f 1099/1256/1064 1100/1258/1066 1140/1257/1065
f 1101/1224/1032 1081/1223/1031 1090/1254/1062
f 1100/1258/1066 1091/3578/2889 1122/1259/1033
f 1142/1260/1067 1143/1271/1086 1122/1225/1068
f 1146/1261/1070 1142/1260/1067 1124/1227/1069
f 1148/1262/1072 1146/1261/1070 1126/1231/1071
f 1150/1263/1074 1148/1262/1072 1128/1234/1073
f 1119/1264/1076 1150/1263/1074 1130/1238/1075
f 1119/1264/1076 1132/1242/1077 1134/1246/1078
f 1117/1265/1079 1134/1246/1078 1136/1250/1080
f 1115/1266/1081 1136/1250/1080 1138/1253/1082
f 1113/1267/1083 1138/1253/1082 1140/1257/1084
f 1111/1268/1085 1140/1257/1084 1122/1259/1068
f 1141/1270/1087 1144/1272/1089 1143/1271/1086
f 1123/1204/1088 1121/1201/2892 1144/1272/1089
f 1145/1273/1090 1141/1270/1087 1142/1260/1067
f 1125/1206/1091 1123/1204/1088 1141/1270/1087
f 1147/1274/1092 1145/1273/1090 1146/1261/1070
f 1127/1208/1093 1125/1206/1091 1145/1273/1090
f 1149/1275/1094 1147/1274/1092 1148/1262/1072
f 1129/1210/1095 1127/1208/1093 1147/1274/1092
f 1120/1276/1096 1149/1275/1094 1150/1263/1074
f 1131/1213/1097 1129/1210/1095 1149/1275/1094
f 1117/1265/1079 1118/1277/1098 1120/1276/1096
f 1118/1277/1098 1133/1212/1100 1131/1213/1097
f 1115/1266/1081 1116/1278/1099 1118/1277/1098
f 1116/1278/1099 1135/1214/1102 1133/1212/1100
f 1113/1267/1083 1114/1279/1101 1116/1278/1099
f 1114/1279/1101 1137/1216/1104 1135/1214/1102
f 1111/1268/1085 1112/1280/1103 1114/1279/1101
f 1112/1280/1103 1139/1218/1105 1137/1216/1104
f 1143/1269/1086 1144/1281/1089 1112/1280/1103
f 1144/1281/1089 1121/1220/2892 1139/1218/1105
f 1155/1285/1106 1212/3579/1106 1214/1286/1107
f 1153/1287/1107 1214/1286/1107 1216/1288/1108
f 1210/1291/1109 1212/3579/1106 1155/1285/1106
f 1177/1293/1110 1222/3580/1110 1224/1294/1111
f 1208/1297/1112 1210/1291/1109 1157/1292/1109
f 1220/1299/1113 1222/1386/1110 1177/1300/1110
f 1161/1303/1114 1206/1308/1114 1208/1297/1112
f 1218/1304/1115 1220/1299/1113 1179/1301/1113
f 1163/1307/1116 1204/1392/1116 1206/1308/1114
f 1202/1312/1117 1204/1392/1116 1163/1307/1116
f 1200/1317/1118 1202/1312/1117 1165/1313/1117
f 1230/1321/1119 1200/1317/1118 1167/1318/1118
f 1171/1324/1120 1228/1396/1120 1230/1321/1119
f 1226/1326/1121 1228/1396/1120 1171/1324/1120
f 1216/1288/1108 1218/1304/1115 1181/1305/1115
f 1224/1294/1111 1226/1326/1121 1173/1327/1121
f 1168/1328/382 1166/1331/1122 1203/1329/1122
f 1166/1331/1122 1164/1333/381 1205/1332/381
f 1164/1333/381 1162/1335/251 1207/1334/251
f 1162/1335/251 1160/1337/379 1209/1336/379
f 1160/1337/379 1158/1339/1123 1211/1338/1123
f 1158/1339/1123 1156/1341/377 1213/1340/377
f 1156/1341/377 1154/1343/237 1215/1342/237
f 1154/1343/237 1152/1345/375 1217/1344/375
f 1152/1345/375 1182/1347/1124 1219/1346/1124
f 1182/1347/1124 1180/1349/376 1221/1348/376
f 1180/1349/376 1178/3581/252 1223/1350/252
f 1178/1351/252 1176/1354/378 1225/1352/378
f 1176/1354/378 1174/1356/1125 1227/1355/1125
f 1174/1356/1125 1172/1358/380 1229/1357/380
f 1172/1358/380 1170/1360/243 1231/1359/243
f 1170/1360/243 1168/1328/382 1201/1330/382
f 1234/1361/1126 1213/1340/1132 1215/1342/1127
f 1233/1362/1128 1215/1342/1127 1217/1344/1129
f 1238/1364/1131 1211/1338/1137 1213/1340/1132
f 1242/1365/1133 1223/1353/1139 1225/1352/1134
f 1244/1367/1136 1209/1336/1141 1211/1338/1137
f 1242/1368/1133 1246/1370/1143 1221/1348/1138
f 1244/1367/1136 1199/1371/1144 1207/1334/1140
f 1197/1369/1142 1219/1346/1156 1221/1348/1138
f 1199/1371/1144 1195/1373/1147 1205/1332/1145
f 1193/1372/1146 1203/1329/1149 1205/1332/1145
f 1191/1374/1148 1201/1330/1151 1203/1329/1149
f 1189/1375/1150 1231/1359/1153 1201/1330/1151
f 1187/1376/1152 1229/1357/1155 1231/1359/1153
f 1187/1376/1152 1185/1377/1157 1227/1355/1154
f 1237/1363/1130 1217/1344/1129 1219/1346/1156
f 1241/1366/1135 1225/1352/1134 1227/1355/1154
f 1232/1378/1158 1235/1379/1160 1234/1361/1126
f 1214/1286/1159 1212/3579/2893 1235/1379/1160
f 1236/1380/1161 1232/1378/1158 1233/1362/1128
f 1236/1380/1161 1216/1288/1185 1214/1286/1159
f 1235/1379/1160 1239/1381/1163 1238/1364/1131
f 1235/1379/1160 1212/3579/2893 1210/1291/1162
f 1240/1382/1164 1243/1383/1166 1242/1365/1133
f 1224/1294/1165 1222/3580/1169 1243/1383/1166
f 1239/1381/1163 1245/1384/1167 1244/1367/1136
f 1210/1291/1162 1208/1297/2894 1245/1384/1167
f 1242/1368/1133 1243/1387/1166 1247/1385/1168
f 1222/1386/1169 1220/1299/1172 1247/1385/1168
f 1245/1384/1167 1198/1388/1171 1199/1371/1144
f 1245/1384/1167 1208/1297/2894 1206/1308/1170
f 1247/1385/1168 1196/1389/1173 1197/1369/1142
f 1220/1299/1172 1218/1304/2895 1196/1389/1173
f 1199/1371/1144 1198/1388/1171 1194/1390/1174
f 1206/1308/1170 1204/1392/1176 1194/1390/1174
f 1195/1373/1147 1194/1390/1174 1192/1391/1175
f 1204/1392/1176 1202/1312/1177 1192/1391/1175
f 1192/1391/1175 1190/1393/1178 1191/1374/1148
f 1202/1312/1177 1200/1317/1180 1190/1393/1178
f 1191/1374/1148 1190/1393/1178 1188/1394/1179
f 1200/1317/1180 1230/1321/1181 1188/1394/1179
f 1188/1394/1179 1186/1395/1182 1187/1376/1152
f 1230/1321/1181 1228/1396/1183 1186/1395/1182
f 1186/1395/1182 1184/1397/1184 1185/1377/1157
f 1228/1396/1183 1226/1326/2896 1184/1397/1184
f 1196/1389/1173 1236/1380/1161 1237/1363/1130
f 1196/1389/1173 1218/1304/2895 1216/1288/1185
f 1184/1397/1184 1240/1382/1164 1241/1366/1135
f 1184/1397/1184 1226/1326/2896 1224/1294/1165
f 1248/1398/1186 2378/1527/1464 2420/1399/1187
f 2206/1401/247 2164/1435/247 1760/1402/247
f 2160/1404/247 2206/1401/247 2208/1405/247
f 2208/1405/247 1780/1455/247 1782/1408/247
f 2202/1409/247 2204/1414/247 2210/1410/247
f 1732/1413/247 2166/1416/247 2204/1414/247
f 2166/1416/247 2162/1428/247 2168/1417/247
f 2196/1420/247 2198/1419/247 2168/1417/247
f 2192/1422/247 2194/1421/247 2168/1417/247
f 2162/1428/247 2166/1416/247 2180/1429/247
f 2164/1435/247 2166/1416/247 1746/1440/247
f 2208/1405/247 2206/1401/247 1776/1453/247
f 2202/1409/247 1786/1457/247 1788/1458/247
f 2222/1467/252 2386/1498/252 2388/1468/252
f 2260/1470/1189 2408/1500/1189 2390/1471/1190
f 2274/1473/1191 1637/1517/1191 2418/1474/1192
f 2220/1476/1193 2382/1524/1193 2422/1477/1194
f 2230/1479/1195 2224/1514/1196 2384/1480/1196
f 2226/1472/1190 2390/1471/1190 2416/1482/1197
f 2230/1479/1195 2406/1481/1195 2404/1484/1198
f 2232/1485/1198 2404/1484/1198 2402/1486/1199
f 2234/1487/1199 2402/1486/1199 2400/1488/1200
f 2236/1489/1200 2400/1488/1200 2398/1490/1201
f 2238/1491/1201 2398/1490/1201 2396/1492/1202
f 2240/1493/1202 2396/1492/1202 2394/1494/1203
f 2242/1495/1203 2394/1494/1203 2392/1496/1204
f 2244/1497/1204 2392/1496/1204 2386/1498/1205
f 2258/1499/1206 2410/2010/1206 2408/1500/1189
f 2412/1501/1207 2410/2010/1206 2258/1499/1206
f 2254/1503/1208 2414/2003/1208 2412/1501/1207
f 2376/1504/1209 2414/2003/1208 2254/1503/1208
f 2250/1506/1210 2374/1508/1210 2376/1504/1209
f 2248/1507/1211 2372/1510/1211 2374/1508/1210
f 2246/1509/1212 2370/1512/1212 2372/1510/1211
f 2228/1511/1213 2388/1989/1213 2370/1512/1212
f 2268/1513/1214 2262/1475/1192 2418/1474/1192
f 2224/1514/1196 2266/3582/1194 2422/1515/1194
f 2272/1516/1123 1635/3583/1123 1637/1517/1191
f 2270/1518/1215 1633/1522/1215 1635/1519/1123
f 2264/1521/1197 2416/1970/1197 1633/1522/1215
f 2278/1523/1122 2380/1526/1122 2382/1524/1193
f 2276/1525/1216 2378/1527/1216 2380/1526/1122
f 2268/1513/1214 2420/1399/1214 2378/1527/1216
f 2170/1528/1217 2164/3584/2897 1307/1529/1218
f 1428/1530/1219 1307/1529/1218 1306/1531/1220
f 2172/1533/1222 2170/1528/1217 1428/1530/1219
f 1430/1534/1223 1428/1530/1219 1429/1532/1221
f 2174/1536/1225 2172/1533/1222 1430/1534/1223
f 1432/1537/1226 1430/1534/1223 1431/1535/1224
f 2176/1539/1228 2174/1536/1225 1432/1537/1226
f 1434/1540/1229 1432/1537/1226 1433/1538/1227
f 2178/1542/1231 2176/1539/1228 1434/1540/1229
f 1436/1543/1232 1434/1540/1229 1435/1541/1230
f 1438/1545/1234 2180/1548/1237 2178/1542/1231
f 1439/1546/1235 1438/1545/1234 1436/1543/1232
f 1440/1547/1236 2182/1551/1240 2180/1548/1237
f 1441/1549/1238 1440/1547/1236 1438/1545/1234
f 1442/1550/1239 2184/1554/1243 2182/1551/1240
f 1443/1552/1241 1442/1550/1239 1440/1547/1236
f 1444/1553/1242 2162/3585/2898 2184/1554/1243
f 1445/1555/1244 1444/1553/1242 1442/1550/1239
f 2168/1556/1245 2162/3585/2898 1444/1553/1242
f 1446/1557/1246 1444/1553/1242 1445/1555/1244
f 2186/1559/1248 2168/1556/1245 1446/1557/1246
f 1448/1560/1249 1446/1557/1246 1447/1558/1247
f 2188/1562/1251 2186/1559/1248 1448/1560/1249
f 1450/1563/1252 1448/1560/1249 1449/1561/1250
f 2190/1565/1254 2188/1562/1251 1450/1563/1252
f 1452/1566/1255 1450/1563/1252 1451/1564/1253
f 2192/1568/1257 2190/1565/1254 1452/1566/1255
f 1454/1569/1258 1452/1566/1255 1453/1567/1256
f 1456/1571/1260 2194/2524/2195 2192/1568/1257
f 1457/1572/1261 1456/1571/1260 1454/1569/1258
f 1361/1573/1262 2267/2532/1266 2225/1574/1263
f 1338/1576/1265 2221/1580/1268 2267/1577/1266
f 1367/1579/1267 2279/2560/2899 2221/1580/1268
f 2277/1581/1269 2279/2560/2899 1367/1579/1267
f 2269/1583/1271 2277/1581/1269 1366/1582/1270
f 2263/1585/1273 2269/1583/1271 1362/1584/1272
f 1365/1587/1275 2275/1589/1277 2263/1585/1273
f 1364/1588/1276 2273/2556/2900 2275/1589/1277
f 2271/1590/1278 2273/2556/2900 1364/1588/1276
f 2265/1592/1280 2271/1590/1278 1363/1591/1279
f 2227/1594/1282 2265/2528/1280 1360/1595/1281
f 1358/1597/1284 2261/1601/1286 2227/1598/1282
f 1357/1600/1285 2259/1603/1288 2261/1601/1286
f 1356/1602/1287 2257/1605/1290 2259/1603/1288
f 1355/1604/1289 2255/1607/1292 2257/1605/1290
f 1354/1606/1291 2253/2548/2901 2255/1607/1292
f 2251/1608/1293 2253/2548/2901 1354/1606/1291
f 2249/1610/1295 2251/1608/1293 1353/1609/1294
f 2247/1612/1297 2249/1610/1295 1352/1611/1296
f 2229/1614/1299 2247/1612/1297 1351/1613/1298
f 1339/1616/1301 2223/1618/1303 2229/1614/1299
f 1350/1617/1302 2245/1620/1305 2223/1618/1303
f 1349/1619/1304 2243/1622/1307 2245/1620/1305
f 1348/1621/1306 2241/1624/1309 2243/1622/1307
f 1347/1623/1308 2239/2540/2902 2241/1624/1309
f 2237/1625/1310 2239/2540/2902 1347/1623/1308
f 2235/1627/1312 2237/1625/1310 1346/1626/1311
f 2233/1629/1314 2235/1627/1312 1345/1628/1313
f 2231/1631/1316 2233/1629/1314 1344/1630/1315
f 2225/1574/1263 2231/1631/1316 1343/1632/1317
f 1684/1633/247 1361/1573/247 1340/1575/247
f 1638/1635/247 1338/1576/1265 1361/1578/247
f 1696/1637/247 1367/1579/1267 1338/1576/1265
f 1366/1582/1270 1367/1579/1267 1696/1637/247
f 1362/1584/247 1366/1582/1270 1694/1638/247
f 1359/1586/247 1362/1584/247 1686/1639/247
f 1692/1641/247 1365/1587/1275 1359/1586/247
f 1690/1642/247 1364/1588/1276 1365/1587/1275
f 1363/1591/1279 1364/1588/1276 1690/1642/247
f 1360/1593/247 1363/1591/1279 1688/1643/247
f 1341/1596/247 1360/1595/247 1682/1645/247
f 1678/1647/247 1358/1597/247 1341/1599/247
f 1676/1649/247 1357/1600/247 1358/1597/247
f 1674/1650/247 1356/1602/247 1357/1600/247
f 1672/1651/247 1355/1604/247 1356/1602/247
f 1670/1652/247 1354/1606/247 1355/1604/247
f 1353/1609/247 1354/1606/247 1670/1652/247
f 1352/1611/247 1353/1609/247 1668/1653/247
f 1351/1613/247 1352/1611/247 1666/1654/247
f 1342/1615/247 1351/1613/247 1664/1655/247
f 1640/1657/247 1339/1616/247 1342/1615/247
f 1662/1658/247 1350/1617/247 1339/1616/247
f 1660/1659/247 1349/1619/247 1350/1617/247
f 1658/1660/247 1348/1621/247 1349/1619/247
f 1656/1661/247 1347/1623/247 1348/1621/247
f 1346/1626/247 1347/1623/247 1656/1661/247
f 1345/1628/247 1346/1626/247 1654/1662/247
f 1344/1630/247 1345/1628/247 1652/1663/247
f 1343/1632/247 1344/1630/247 1650/1664/247
f 1340/1575/247 1343/1632/247 1648/1665/247
f 1685/1666/1318 1643/1728/1319 1400/1667/1319
f 1639/1669/1320 1685/3586/1318 1421/1670/1318
f 1697/1672/1321 1639/1669/1320 1398/1671/1320
f 1695/1674/1322 1697/1672/1321 1427/1673/1321
f 1687/1676/1323 1695/1674/1322 1426/1675/1322
f 1681/1678/1325 1687/1676/1323 1422/1677/1324
f 1693/1680/1326 1681/1678/1325 1419/1679/1325
f 1691/1682/1327 1693/1680/1326 1425/1681/1326
f 1689/1684/1328 1691/1682/1327 1424/1683/1327
f 1683/1686/1329 1689/1684/1328 1423/1685/1328
f 1645/1688/1330 1683/2039/1329 1420/1689/1329
f 1679/1691/1331 1645/3587/1330 1401/1692/1330
f 1677/1694/1332 1679/1691/1331 1418/1693/1331
f 1675/1696/1333 1677/1694/1332 1417/1695/1332
f 1673/1698/1334 1675/1696/1333 1416/1697/1333
f 1671/1700/1335 1673/1698/1334 1415/1699/1334
f 1669/1702/1336 1671/1700/1335 1414/1701/1335
f 1667/1704/1337 1669/1702/1336 1413/1703/1336
f 1665/1706/1338 1667/1704/1337 1412/1705/1337
f 1647/1708/1339 1665/1706/1338 1411/1707/1338
f 1641/1710/1340 1647/1708/1339 1402/1709/1339
f 1663/1712/1341 1641/1710/1340 1399/1711/1340
f 1661/1714/1342 1663/1712/1341 1410/1713/1341
f 1659/1716/1343 1661/1714/1342 1409/1715/1342
f 1657/1718/1344 1659/1716/1343 1408/1717/1343
f 1655/1720/1345 1657/1718/1344 1407/1719/1344
f 1653/1722/1346 1655/1720/1345 1406/1721/1345
f 1651/1724/1347 1653/1722/1346 1405/1723/1346
f 1649/1726/1348 1651/1724/1347 1404/1725/1347
f 1643/1728/1319 1649/1726/1348 1403/1727/1348
f 2207/1729/1349 1421/1668/1349 1400/1667/1350
f 2161/1731/1351 1398/1671/1353 1421/1670/1349
f 2219/1733/1352 1427/1673/1352 1398/1671/1353
f 1426/1675/1354 1427/1673/1352 2219/1733/1352
f 1422/1677/1355 1426/1675/1354 2217/1734/1354
f 1419/1679/1356 1422/1677/1355 2209/1735/1355
f 2215/1737/1357 1425/1681/1357 1419/1679/1356
f 2213/1738/1358 1424/1683/1358 1425/1681/1357
f 1423/1685/1359 1424/1683/1358 2213/1738/1358
f 1420/1687/1361 1423/1685/1359 2211/1739/1360
f 1401/1690/1362 1420/1689/1361 2205/1741/1361
f 2201/1743/1363 1418/1693/1363 1401/1692/1362
f 2199/1745/1364 1417/1695/1364 1418/1693/1363
f 2197/1746/1365 1416/1697/1365 1417/1695/1364
f 2195/1747/1366 1415/1699/1366 1416/1697/1365
f 2193/1748/1367 1414/1701/1367 1415/1699/1366
f 1413/1703/1368 1414/1701/1367 2193/1748/1367
f 1412/1705/1369 1413/1703/1368 2191/1749/1368
f 1411/1707/1370 1412/1705/1369 2189/1750/1369
f 1402/1709/1371 1411/1707/1370 2187/1751/1370
f 1399/1711/1372 1402/1709/1371 2169/1752/1371
f 2185/1754/1373 1410/1713/1373 1399/1711/1372
f 2183/1755/1374 1409/1715/1374 1410/1713/1373
f 2181/1756/1375 1408/1717/1375 1409/1715/1374
f 2179/1757/1376 1407/1719/1376 1408/1717/1375
f 1406/1721/1377 1407/1719/1376 2179/1757/1376
f 1405/1723/1378 1406/1721/1377 2177/1758/1377
f 1404/1725/1379 1405/1723/1378 2175/1759/1378
f 1403/1727/1380 1404/1725/1379 2173/1760/1379
f 1400/1667/1350 1403/1727/1380 2171/1761/1380
f 1802/1762/1381 1731/2094/1381 1729/1763/1382
f 1733/1765/1383 1731/2094/1381 1802/1762/1381
f 1735/1767/1384 1733/1765/1383 1804/1766/1383
f 1737/1769/1385 1735/1767/1384 1806/1768/1384
f 1739/1771/1386 1737/1769/1385 1808/1770/1385
f 1812/1773/1387 1741/1775/1387 1739/1771/1386
f 1814/1774/1388 1743/1777/1388 1741/1775/1387
f 1816/1776/1389 1745/2130/1389 1743/1777/1388
f 1747/1778/1390 1745/2130/1389 1816/1776/1389
f 1820/1780/1391 1749/2126/1391 1747/1781/1390
f 1751/1783/1392 1749/2126/1391 1820/1780/1391
f 1753/1785/1393 1751/1783/1392 1822/1784/1392
f 1755/1787/1394 1753/1785/1393 1824/1786/1393
f 1757/1789/1395 1755/1787/1394 1826/1788/1394
f 1830/1791/1396 1759/1793/1396 1757/1789/1395
f 1832/1792/1397 1761/1795/1397 1759/1793/1396
f 1834/1794/1398 1763/2118/1398 1761/1795/1397
f 1765/1796/1399 1763/2118/1398 1834/1794/1398
f 1838/1798/1400 1767/2115/1400 1765/1796/1399
f 1769/1799/1401 1767/2115/1400 1838/1798/1400
f 1771/1801/1402 1769/1799/1401 1840/1800/1401
f 1773/1803/1403 1771/1801/1402 1842/1802/1402
f 1846/1805/1404 1775/1807/1404 1773/1803/1403
f 1848/1806/1405 1777/1809/1405 1775/1807/1404
f 1850/1808/1406 1779/1811/1406 1777/1809/1405
f 1852/1810/1407 1781/2107/1407 1779/1811/1406
f 1783/1812/1408 1781/2107/1407 1852/1810/1407
f 1856/1814/1409 1785/2104/1409 1783/1812/1408
f 1787/1815/1410 1785/2104/1409 1856/1814/1409
f 1789/1817/1411 1787/1815/1410 1858/1816/1410
f 1791/1819/1412 1789/1817/1411 1860/1818/1411
f 1864/1821/1413 1793/1823/1413 1791/1819/1412
f 1866/1822/1414 1795/1825/1414 1793/1823/1413
f 1868/1824/1415 1797/1827/1415 1795/1825/1414
f 1870/1826/1416 1799/2096/1416 1797/1827/1415
f 1729/1763/1382 1799/2096/1416 1870/1826/1416
f 1874/1828/247 1803/1832/247 1801/1829/247
f 1876/1831/247 1805/1834/247 1803/1832/247
f 1878/1833/247 1807/2141/247 1805/1834/247
f 1809/1835/247 1807/2141/247 1878/1833/247
f 1811/1837/247 1809/1835/247 1880/1836/247
f 1884/1839/247 1813/2145/247 1811/1837/247
f 1815/1840/247 1813/2145/247 1884/1839/247
f 1817/1842/247 1815/1840/247 1886/1841/247
f 1819/1844/247 1817/1842/247 1888/1843/247
f 1892/1846/247 1821/1850/247 1819/1847/247
f 1894/1849/247 1823/1852/247 1821/1850/247
f 1896/1851/247 1825/2153/247 1823/1852/247
f 1827/1853/247 1825/2153/247 1896/1851/247
f 1900/1855/247 1829/1857/247 1827/1853/247
f 1902/1856/247 1831/2157/247 1829/1857/247
f 1833/1858/247 1831/2157/247 1902/1856/247
f 1835/1860/247 1833/1858/247 1904/1859/247
f 1837/1862/247 1835/1860/247 1906/1861/247
f 1910/1864/247 1839/1866/247 1837/1862/247
f 1912/1865/247 1841/1868/247 1839/1866/247
f 1914/1867/247 1843/2164/247 1841/1868/247
f 1845/1869/247 1843/2164/247 1914/1867/247
f 1847/1871/247 1845/1869/247 1916/1870/247
f 1920/1873/247 1849/2168/247 1847/1871/247
f 1851/1874/247 1849/2168/247 1920/1873/247
f 1853/1876/247 1851/1874/247 1922/1875/247
f 1855/1878/247 1853/1876/247 1924/1877/247
f 1928/1880/247 1857/1882/247 1855/1878/247
f 1930/1881/247 1859/1884/247 1857/1882/247
f 1932/1883/247 1861/2175/247 1859/1884/247
f 1863/1885/247 1861/2175/247 1932/1883/247
f 1865/1887/247 1863/1885/247 1934/1886/247
f 1938/1889/247 1867/2179/247 1865/1887/247
f 1869/1890/247 1867/2179/247 1938/1889/247
f 1871/1892/247 1869/1890/247 1940/1891/247
f 1801/1829/247 1871/1892/247 1942/1893/247
f 1946/1894/1417 1875/1898/1420 1873/1895/1418
f 1948/1897/1419 1877/1900/1419 1875/1898/1420
f 1950/1899/1421 1879/2186/1421 1877/1900/1419
f 1881/1901/1422 1879/2186/1421 1950/1899/1421
f 1883/1903/1423 1881/1901/1422 1952/1902/1422
f 1956/1905/1424 1885/2190/1424 1883/1903/1423
f 1887/1906/1425 1885/2190/1424 1956/1905/1424
f 1889/1908/1426 1887/1906/1425 1958/1907/1425
f 1891/1910/1428 1889/1908/1426 1960/1909/1427
f 1964/1912/1429 1893/1916/1431 1891/1913/1428
f 1966/1915/1430 1895/1918/1430 1893/1916/1431
f 1968/1917/1432 1897/2198/1432 1895/1918/1430
f 1899/1919/1433 1897/2198/1432 1968/1917/1432
f 1901/1921/1434 1899/1919/1433 1970/1920/1433
f 1974/1923/1435 1903/2202/1435 1901/1921/1434
f 1905/1924/1436 1903/2202/1435 1974/1923/1435
f 1907/1926/1437 1905/1924/1436 1976/1925/1436
f 1909/1928/1439 1907/1926/1437 1978/1927/1438
f 1982/1930/1440 1911/1932/1442 1909/1928/1439
f 1984/1931/1441 1913/1934/1441 1911/1932/1442
f 1986/1933/1443 1915/2209/1443 1913/1934/1441
f 1917/1935/1444 1915/2209/1443 1986/1933/1443
f 1919/1937/1445 1917/1935/1444 1988/1936/1444
f 1992/1939/1446 1921/2213/1446 1919/1937/1445
f 1923/1940/1447 1921/2213/1446 1992/1939/1446
f 1925/1942/1448 1923/1940/1447 1994/1941/1447
f 1927/1944/1450 1925/1942/1448 1996/1943/1449
f 2000/1946/1451 1929/1948/1453 1927/1944/1450
f 2002/1947/1452 1931/1950/1452 1929/1948/1453
f 2004/1949/1454 1933/2220/1454 1931/1950/1452
f 1935/1951/1455 1933/2220/1454 2004/1949/1454
f 1937/1953/1456 1935/1951/1455 2006/1952/1455
f 2010/1955/1457 1939/2224/1457 1937/1953/1456
f 1941/1956/1458 1939/2224/1457 2010/1955/1457
f 1943/1958/1459 1941/1956/1458 2012/1957/1458
f 1873/1895/1418 1943/1958/1459 2014/1959/1460
f 1249/1960/1461 1248/1965/1186 1623/1961/1188
f 1250/1963/1463 2380/1526/2903 2378/1527/1464
f 1251/1964/1465 1250/3588/1463 1248/1965/1186
f 2382/1524/1466 2380/1526/2903 1250/1963/1463
f 1257/1967/1467 1250/3588/1463 1251/1964/1465
f 1252/1969/1469 1633/1522/1475 2416/1970/1470
f 1253/1972/1472 1252/1977/1469 1627/1973/1471
f 1254/1975/1474 1635/1519/2904 1633/1522/1475
f 1256/1976/1476 1254/3589/1474 1252/1977/1469
f 1637/1517/1477 1635/3583/2904 1254/1978/1474
f 1261/1980/1478 1254/3589/1474 1256/1976/1476
f 2422/1477/1480 2382/1524/1466 1257/1966/1467
f 1616/1983/1481 1257/1967/1467 1260/1968/1468
f 2418/1474/1483 1637/1517/1477 1261/1979/1478
f 1620/1986/1484 1261/1980/1478 1264/1981/1479
f 1265/1988/1486 2370/1512/1492 2388/1989/1487
f 1266/1991/1489 1265/1996/1486 1631/1992/1488
f 1267/1994/1491 2372/1510/1495 2370/1512/1492
f 1268/1995/1493 1267/1999/1491 1265/1996/1486
f 1269/1997/1494 2374/1508/1498 2372/1510/1495
f 1270/1998/1496 1269/2002/1494 1267/1999/1491
f 1271/2000/1497 2376/1504/2905 2374/1508/1498
f 1288/2001/1499 1271/2006/1497 1269/2002/1494
f 2414/2003/1500 2376/1504/2905 1271/2000/1497
f 1290/2005/1502 1289/3590/1501 1271/2006/1497
f 2412/1501/1503 2414/2003/1500 1289/2004/1501
f 1291/2008/1504 1289/3590/1501 1290/2005/1502
f 2410/2010/1506 2412/1501/1503 1291/2007/1504
f 1293/2012/1507 1291/2008/1504 1292/2009/1505
f 2408/1500/1509 2410/2010/1506 1293/2011/1507
f 1612/2015/1510 1293/2012/1507 1296/2013/1508
f 2386/1498/1512 2392/1496/1517 1303/2017/1513
f 1628/2019/1514 1303/2023/1513 1297/2020/1515
f 2392/1496/1517 2394/1494/1520 1305/2022/1518
f 1303/2023/1513 1305/2783/1518 1304/2024/1519
f 2394/1494/1520 2396/1492/2391 1603/2025/1521
f 1700/2026/1522 1643/1728/1581 1685/1666/1523
f 1699/2028/1524 1685/3586/1523 1639/1669/1525
f 1703/2029/1526 1639/1669/1525 1697/1672/1527
f 1707/2031/1529 1705/2030/1528 1697/1672/1527
f 1709/2032/1531 1707/2031/1529 1695/1674/1530
f 1709/2032/1531 1687/1676/1532 1681/1678/1533
f 1711/2033/1534 1681/1678/1533 1693/1680/1535
f 1713/2034/1536 1693/1680/1535 1691/1682/1537
f 1717/2036/1539 1715/2035/1538 1691/1682/1537
f 1719/2037/1541 1717/2036/1539 1689/1684/1540
f 1721/2038/1543 1719/2072/1541 1683/2039/1542
f 1721/2040/1543 1645/3587/1544 1679/1691/1545
f 1723/2041/1546 1679/1691/1545 1677/1694/1547
f 1725/2042/1548 1677/1694/1547 1675/1696/1549
f 1727/2043/1550 1675/1696/1549 1673/1698/1551
f 1396/2044/1552 1673/1698/1551 1671/1700/1553
f 1392/2046/1555 1394/2045/1554 1671/1700/1553
f 1390/2047/1557 1392/2046/1555 1669/1702/1556
f 1388/2048/1559 1390/2047/1557 1667/1704/1558
f 1386/2049/1561 1388/2048/1559 1665/1706/1560
f 1384/2050/1563 1386/2049/1561 1647/1708/1562
f 1384/2050/1563 1641/1710/1564 1663/1712/1565
f 1382/2051/1566 1663/1712/1565 1661/1714/1567
f 1380/2052/1568 1661/1714/1567 1659/1716/1569
f 1378/2053/1570 1659/1716/1569 1657/1718/1571
f 1374/2055/1573 1376/2054/1572 1657/1718/1571
f 1372/2056/1575 1374/2055/1573 1655/1720/1574
f 1370/2057/1577 1372/2056/1575 1653/1722/1576
f 1368/2058/1579 1370/2057/1577 1651/1724/1578
f 1700/2026/1522 1368/2058/1579 1649/1726/1580
f 1699/2027/1524 1698/2060/1583 1701/2059/1582
f 1698/2060/1583 1684/1633/1586 1642/1634/1584
f 1703/2029/1526 1702/2062/1585 1698/2061/1583
f 1702/2062/1585 1638/1635/1588 1684/1636/1586
f 1705/2030/1528 1704/2063/1587 1702/2062/1585
f 1704/2063/1587 1696/1637/2906 1638/1635/1588
f 1706/2064/1589 1704/2063/1587 1705/2030/1528
f 1694/1638/1590 1696/1637/2906 1704/2063/1587
f 1708/2065/1591 1706/2064/1589 1707/2031/1529
f 1686/1639/1592 1694/1638/1590 1706/2064/1589
f 1710/2066/1593 1708/2065/1591 1709/2032/1531
f 1680/1640/1594 1686/1639/1592 1708/2065/1591
f 1713/2034/1536 1712/2067/1595 1710/2066/1593
f 1712/2067/1595 1692/1641/1597 1680/1640/1594
f 1715/2035/1538 1714/2068/1596 1712/2067/1595
f 1714/2068/1596 1690/1642/2907 1692/1641/1597
f 1716/2069/1598 1714/2068/1596 1715/2035/1538
f 1688/1643/1599 1690/1642/2907 1714/2068/1596
f 1718/2070/1600 1716/2069/1598 1717/2036/1539
f 1682/1644/1601 1688/1643/1599 1716/2069/1598
f 1720/2071/1602 1718/2073/1600 1719/2072/1541
f 1644/1646/1603 1682/1645/1601 1718/2073/1600
f 1723/2041/1546 1722/2075/1604 1720/2074/1602
f 1722/2075/1604 1678/1647/1606 1644/1648/1603
f 1725/2042/1548 1724/2076/1605 1722/2075/1604
f 1724/2076/1605 1676/1649/1608 1678/1647/1606
f 1727/2043/1550 1726/2077/1607 1724/2076/1605
f 1726/2077/1607 1674/1650/1610 1676/1649/1608
f 1396/2044/1552 1397/2078/1609 1726/2077/1607
f 1397/2078/1609 1672/1651/1612 1674/1650/1610
f 1394/2045/1554 1395/2079/1611 1397/2078/1609
f 1395/2079/1611 1670/1652/2908 1672/1651/1612
f 1393/2080/1613 1395/2079/1611 1394/2045/1554
f 1668/1653/1614 1670/1652/2908 1395/2079/1611
f 1391/2081/1615 1393/2080/1613 1392/2046/1555
f 1666/1654/1616 1668/1653/1614 1393/2080/1613
f 1389/2082/1617 1391/2081/1615 1390/2047/1557
f 1664/1655/1618 1666/1654/1616 1391/2081/1615
f 1387/2083/1619 1389/2082/1617 1388/2048/1559
f 1646/1656/1620 1664/1655/1618 1389/2082/1617
f 1385/2084/1621 1387/2083/1619 1386/2049/1561
f 1640/1657/1622 1646/1656/1620 1387/2083/1619
f 1382/2051/1566 1383/2085/1623 1385/2084/1621
f 1383/2085/1623 1662/1658/1625 1640/1657/1622
f 1380/2052/1568 1381/2086/1624 1383/2085/1623
f 1381/2086/1624 1660/1659/1627 1662/1658/1625
f 1378/2053/1570 1379/2087/1626 1381/2086/1624
f 1379/2087/1626 1658/1660/1629 1660/1659/1627
f 1376/2054/1572 1377/2088/1628 1379/2087/1626
f 1377/2088/1628 1656/1661/2909 1658/1660/1629
f 1375/2089/1630 1377/2088/1628 1376/2054/1572
f 1654/1662/1631 1656/1661/2909 1377/2088/1628
f 1373/2090/1632 1375/2089/1630 1374/2055/1573
f 1652/1663/1633 1654/1662/1631 1375/2089/1630
f 1371/2091/1634 1373/2090/1632 1372/2056/1575
f 1650/1664/1635 1652/1663/1633 1373/2090/1632
f 1369/2092/1636 1371/2091/1634 1370/2057/1577
f 1648/1665/1637 1650/1664/1635 1371/2091/1634
f 1701/2059/1582 1369/2092/1636 1368/2058/1579
f 1642/1634/1584 1648/1665/1637 1369/2092/1636
f 2018/2093/1638 1729/1763/1642 1731/2094/1639
f 2018/2093/1638 2020/2098/1644 1799/2096/1641
f 2022/2097/1643 1797/1827/1646 1799/2096/1641
f 2024/2099/1645 1795/1825/1648 1797/1827/1646
f 2026/2100/1647 1793/1823/1650 1795/1825/1648
f 2026/2100/1647 2028/2101/1651 1791/1819/1649
f 2028/2101/1651 2030/2102/1653 1789/1817/1652
f 2030/2102/1653 2032/2103/1655 1787/1815/1654
f 2032/2103/1655 2034/2106/1658 1785/2104/1656
f 2036/2105/1657 1783/1812/1660 1785/2104/1656
f 2036/2105/1657 2038/2109/1662 1781/2107/1659
f 2040/2108/1661 1779/1811/1664 1781/2107/1659
f 2042/2110/1663 1777/1809/1666 1779/1811/1664
f 2044/2111/1665 1775/1807/1668 1777/1809/1666
f 2044/2111/1665 2046/2112/1669 1773/1803/1667
f 2046/2112/1669 2048/2113/1671 1771/1801/1670
f 2048/2113/1671 2050/2114/1673 1769/1799/1672
f 2050/2114/1673 2052/2117/1676 1767/2115/1674
f 2054/2116/1675 1765/1796/1678 1767/2115/1674
f 2054/2116/1675 2056/2120/1680 1763/2118/1677
f 2058/2119/1679 1761/1795/1682 1763/2118/1677
f 2060/2121/1681 1759/1793/1684 1761/1795/1682
f 2062/2122/1683 1757/1789/1686 1759/1793/1684
f 2062/2122/1683 2064/2123/1687 1755/1787/1685
f 2064/2123/1687 2066/2124/1689 1753/1785/1688
f 2066/2124/1689 2068/2125/1691 1751/1783/1690
f 2068/2125/1691 2070/2128/1694 1749/2126/1692
f 2072/2127/1693 1747/1781/1696 1749/2126/1692
f 2072/2129/1693 2074/2132/1698 1745/2130/1695
f 2076/2131/1697 1743/1777/1700 1745/2130/1695
f 2078/2133/1699 1741/1775/1702 1743/1777/1700
f 2080/2134/1701 1739/1771/1704 1741/1775/1702
f 2080/2134/1701 2082/2135/1705 1737/1769/1703
f 2082/2135/1705 2084/2136/1707 1735/1767/1706
f 2084/2136/1707 2086/2137/1709 1733/1765/1708
f 2086/2137/1709 2017/2095/1640 1731/2094/1639
f 2090/2138/1710 1801/1829/1781 1803/1832/1711
f 2089/2139/1712 1803/1832/1711 1805/1834/1713
f 2093/2140/1714 1805/1834/1713 1807/2141/1715
f 2097/2143/1717 2095/2142/1716 1807/2141/1715
f 2099/2144/1719 2097/2143/1717 1809/1835/1718
f 2099/2144/1719 1811/1837/1720 1813/2145/1721
f 2103/2147/1723 2101/2146/1722 1813/2145/1721
f 2105/2148/1725 2103/2147/1723 1815/1840/1724
f 2107/2149/1727 2105/2148/1725 1817/1842/1726
f 2107/2150/1727 1819/1847/1728 1821/1850/1729
f 2109/2151/1730 1821/1850/1729 1823/1852/1731
f 2111/2152/1732 1823/1852/1731 1825/2153/1733
f 2115/2155/1735 2113/2154/1734 1825/2153/1733
f 2115/2155/1735 1827/1853/1736 1829/1857/1737
f 2117/2156/1738 1829/1857/1737 1831/2157/1739
f 2121/2159/1741 2119/2158/1740 1831/2157/1739
f 2123/2160/1743 2121/2159/1741 1833/1858/1742
f 2125/2161/1745 2123/2160/1743 1835/1860/1744
f 2125/2161/1745 1837/1862/1746 1839/1866/1747
f 2127/2162/1748 1839/1866/1747 1841/1868/1749
f 2129/2163/1750 1841/1868/1749 1843/2164/1751
f 2133/2166/1753 2131/2165/1752 1843/2164/1751
f 2133/2166/1753 1845/1869/1754 1847/1871/1755
f 2135/2167/1756 1847/1871/1755 1849/2168/1757
f 2139/2170/1759 2137/2169/1758 1849/2168/1757
f 2141/2171/1761 2139/2170/1759 1851/1874/1760
f 2143/2172/1763 2141/2171/1761 1853/1876/1762
f 2143/2172/1763 1855/1878/1764 1857/1882/1765
f 2145/2173/1766 1857/1882/1765 1859/1884/1767
f 2147/2174/1768 1859/1884/1767 1861/2175/1769
f 2151/2177/1771 2149/2176/1770 1861/2175/1769
f 2153/2178/1773 2151/2177/1771 1863/1885/1772
f 2153/2178/1773 1865/1887/1774 1867/2179/1775
f 2157/2181/1777 2155/2180/1776 1867/2179/1775
f 2159/2182/1779 2157/2181/1777 1869/1890/1778
f 2090/2138/1710 2159/2182/1779 1871/1892/1780
f 1599/2183/1782 1873/1895/1853 1875/1898/1783
f 1600/2184/1784 1875/1898/1783 1877/1900/1785
f 1596/2185/1786 1877/1900/1785 1879/2186/1787
f 1592/2188/1789 1594/2187/1788 1879/2186/1787
f 1592/2188/1789 1881/1901/1790 1883/1903/1791
f 1590/2189/1792 1883/1903/1791 1885/2190/1793
f 1586/2192/1795 1588/2191/1794 1885/2190/1793
f 1584/2193/1797 1586/2192/1795 1887/1906/1796
f 1582/2194/1799 1584/2193/1797 1889/1908/1798
f 1582/2195/1799 1891/1913/1800 1893/1916/1801
f 1580/2196/1802 1893/1916/1801 1895/1918/1803
f 1578/2197/1804 1895/1918/1803 1897/2198/1805
f 1574/2200/1807 1576/2199/1806 1897/2198/1805
f 1572/2201/1809 1574/2200/1807 1899/1919/1808
f 1572/2201/1809 1901/1921/1810 1903/2202/1811
f 1568/2204/1813 1570/2203/1812 1903/2202/1811
f 1566/2205/1815 1568/2204/1813 1905/1924/1814
f 1564/2206/1817 1566/2205/1815 1907/1926/1816
f 1564/2206/1817 1909/1928/1818 1911/1932/1819
f 1562/2207/1820 1911/1932/1819 1913/1934/1821
f 1560/2208/1822 1913/1934/1821 1915/2209/1823
f 1556/2211/1825 1558/2210/1824 1915/2209/1823
f 1554/2212/1827 1556/2211/1825 1917/1935/1826
f 1554/2212/1827 1919/1937/1828 1921/2213/1829
f 1550/2215/1831 1552/2214/1830 1921/2213/1829
f 1548/2216/1833 1550/2215/1831 1923/1940/1832
f 1546/2217/1835 1548/2216/1833 1925/1942/1834
f 1546/2217/1835 1927/1944/1836 1929/1948/1837
f 1544/2218/1838 1929/1948/1837 1931/1950/1839
f 1542/2219/1840 1931/1950/1839 1933/2220/1841
f 1538/2222/1843 1540/2221/1842 1933/2220/1841
f 1538/2222/1843 1935/1951/1844 1937/1953/1845
f 1536/2223/1846 1937/1953/1845 1939/2224/1847
f 1532/2226/1849 1534/2225/1848 1939/2224/1847
f 1530/2227/1851 1532/2226/1849 1941/1956/1850
f 1599/2183/1782 1530/2227/1851 1943/1958/1852
f 1527/2228/1854 1945/2300/1925 1947/2229/1855
f 1528/2230/1856 1947/2229/1855 1949/2231/1857
f 1524/2232/1858 1949/2231/1857 1951/2233/1859
f 1520/2235/1861 1522/2234/1860 1951/2233/1859
f 1518/2237/1863 1520/2235/1861 1953/2236/1862
f 1518/2237/1863 1955/2238/1864 1957/2239/1865
f 1514/2241/1867 1516/2240/1866 1957/2239/1865
f 1512/2243/1869 1514/2241/1867 1959/2242/1868
f 1510/2245/1871 1512/2243/1869 1961/2244/1870
f 1510/2247/1871 1963/3591/1872 1965/2248/1873
f 1508/2249/1874 1965/2248/1873 1967/2250/1875
f 1506/2251/1876 1967/2250/1875 1969/2252/1877
f 1502/2254/1879 1504/2253/1878 1969/2252/1877
f 1502/2254/1879 1971/2255/1880 1973/2256/1881
f 1500/2257/1882 1973/2256/1881 1975/2258/1883
f 1496/2260/1885 1498/2259/1884 1975/2258/1883
f 1494/2262/1887 1496/2260/1885 1977/2261/1886
f 1492/2264/1889 1494/2262/1887 1979/2263/1888
f 1492/2264/1889 1981/2265/1890 1983/2266/1891
f 1490/2267/1892 1983/2266/1891 1985/2268/1893
f 1488/2269/1894 1985/2268/1893 1987/2270/1895
f 1484/2272/1897 1486/2271/1896 1987/2270/1895
f 1484/2272/1897 1989/2273/1898 1991/2274/1899
f 1482/2275/1900 1991/2274/1899 1993/2276/1901
f 1478/2278/1903 1480/2277/1902 1993/2276/1901
f 1476/2280/1905 1478/2278/1903 1995/2279/1904
f 1474/2282/1907 1476/2280/1905 1997/2281/1906
f 1474/2282/1907 1999/2283/1908 2001/2284/1909
f 1472/2285/1910 2001/2284/1909 2003/2286/1911
f 1470/2287/1912 2003/2286/1911 2005/2288/1913
f 1466/2290/1915 1468/2289/1914 2005/2288/1913
f 1466/2290/1915 2007/2291/1916 2009/2292/1917
f 1464/2293/1918 2009/2292/1917 2011/2294/1919
f 1460/2296/1921 1462/2295/1920 2011/2294/1919
f 1458/2298/1923 1460/2296/1921 2013/2297/1922
f 1527/2228/1854 1458/2298/1923 2015/2299/1924
f 2017/2095/1640 2016/2302/1927 2019/2301/1926
f 2016/2302/1927 1730/3592/2910 1728/2303/1781
f 2019/2301/1926 2021/2304/1928 2020/2098/1644
f 1728/2303/1781 1798/3593/2911 2021/2304/1928
f 2020/2098/1644 2021/2304/1928 2023/2305/1929
f 2021/2304/1928 1798/3593/2911 1796/2306/1778
f 2022/2097/1643 2023/2305/1929 2025/2307/1776
f 2023/2305/1929 1796/2306/1778 1794/2308/1775
f 2024/2099/1645 2025/2307/1776 2027/2309/1930
f 2025/2307/1776 1794/2308/1775 1792/2310/1774
f 2026/2100/1647 2027/2309/1930 2029/2311/1931
f 1792/2310/1774 1790/2312/1772 2029/2311/1931
f 2029/2311/1931 2031/2313/1932 2030/2102/1653
f 1790/2312/1772 1788/2314/1769 2031/2313/1932
f 2031/2313/1932 2033/2315/1933 2032/2103/1655
f 1788/2314/1769 1786/2316/1767 2033/2315/1933
f 2033/2315/1933 2035/2317/1934 2034/2106/1658
f 1786/2316/1767 1784/3594/1765 2035/2317/1934
f 2034/2106/1658 2035/2317/1934 2037/2318/1935
f 2035/2317/1934 1784/3594/1765 1782/2319/1764
f 2037/2318/1935 2039/2320/1936 2038/2109/1662
f 1782/2319/1764 1780/3595/1762 2039/2320/1936
f 2038/2109/1662 2039/2320/1936 2041/2321/1937
f 2039/2320/1936 1780/3595/1762 1778/2322/1760
f 2040/2108/1661 2041/2321/1937 2043/2323/1758
f 2041/2321/1937 1778/2322/1760 1776/2324/1757
f 2042/2110/1663 2043/2323/1758 2045/2325/1938
f 2043/2323/1758 1776/2324/1757 1774/2326/1755
f 2045/2325/1938 2047/2327/1939 2046/2112/1669
f 1774/2326/1755 1772/2328/1754 2047/2327/1939
f 2047/2327/1939 2049/2329/1940 2048/2113/1671
f 1772/2328/1754 1770/2330/1751 2049/2329/1940
f 2049/2329/1940 2051/2331/1941 2050/2114/1673
f 1770/2330/1751 1768/2332/1749 2051/2331/1941
f 2051/2331/1941 2053/2333/1942 2052/2117/1676
f 1768/2332/1749 1766/3596/1747 2053/2333/1942
f 2052/2117/1676 2053/2333/1942 2055/2334/1943
f 2053/2333/1942 1766/3596/1747 1764/2335/1746
f 2055/2334/1943 2057/2336/1944 2056/2120/1680
f 1764/2335/1746 1762/3597/2912 2057/2336/1944
f 2056/2120/1680 2057/2336/1944 2059/2337/1945
f 2057/2336/1944 1762/3597/2912 1760/2338/1742
f 2058/2119/1679 2059/2337/1945 2061/2339/1946
f 2059/2337/1945 1760/2338/1742 1758/2340/1739
f 2060/2121/1681 2061/2339/1946 2063/2341/1947
f 2061/2339/1946 1758/2340/1739 1756/2342/1737
f 2062/2122/1683 2063/2341/1947 2065/2343/1948
f 1756/2342/1737 1754/2344/1736 2065/2343/1948
f 2065/2343/1948 2067/2345/1949 2066/2124/1689
f 1754/2344/1736 1752/2346/1733 2067/2345/1949
f 2067/2345/1949 2069/2347/1950 2068/2125/1691
f 1752/2346/1733 1750/2348/1951 2069/2347/1950
f 2069/2347/1950 2071/2349/1952 2070/2128/1694
f 1750/2348/1951 1748/3598/1729 2071/2349/1952
f 2070/2128/1694 2071/2349/1952 2073/2350/1953
f 2071/2349/1952 1748/3598/1729 1746/2351/1728
f 2073/2352/1953 2075/2354/1954 2074/2132/1698
f 1746/2353/1728 1744/3599/1726 2075/2354/1954
f 2074/2132/1698 2075/2354/1954 2077/2355/1955
f 2075/2354/1954 1744/3599/1726 1742/2356/1724
f 2076/2131/1697 2077/2355/1955 2079/2357/1956
f 2077/2355/1955 1742/2356/1724 1740/2358/1721
f 2078/2133/1699 2079/2357/1956 2081/2359/1957
f 2079/2357/1956 1740/2358/1721 1738/2360/1720
f 2080/2134/1701 2081/2359/1957 2083/2361/1958
f 2081/2359/1957 1738/2360/1720 1736/2362/1718
f 2083/2361/1958 2085/2363/1959 2084/2136/1707
f 1736/2362/1718 1734/2364/1715 2085/2363/1959
f 2085/2363/1959 2087/2365/1960 2086/2137/1709
f 1734/2364/1715 1732/2366/1713 2087/2365/1960
f 2087/2365/1960 2016/2302/1927 2017/2095/1640
f 1732/2366/1713 1730/3592/2910 2016/2302/1927
f 2089/2139/1712 2088/2368/1962 2091/2367/1961
f 2088/2368/1962 1802/1762/1639 1800/1764/1642
f 2093/2140/1714 2092/2369/1963 2088/2368/1962
f 1804/1766/1708 1802/1762/1639 2088/2368/1962
f 2095/2142/1716 2094/2370/1964 2092/2369/1963
f 1806/1768/1706 1804/1766/1708 2092/2369/1963
f 2096/2371/1965 2094/2370/1964 2095/2142/1716
f 1808/1770/1703 1806/1768/1706 2094/2370/1964
f 2098/2372/1966 2096/2371/1965 2097/2143/1717
f 1810/1772/1704 1808/1770/1703 2096/2371/1965
f 2101/2146/1722 2100/2373/1967 2098/2372/1966
f 2100/2373/1967 1812/1773/1702 1810/1772/1704
f 2102/2374/1968 2100/2373/1967 2101/2146/1722
f 2102/2374/1968 1814/1774/1700 1812/1773/1702
f 2104/2375/1969 2102/2374/1968 2103/2147/1723
f 2104/2375/1969 1816/1776/1695 1814/1774/1700
f 2106/2376/1970 2104/2375/1969 2105/2148/1725
f 1818/1779/1696 1816/1776/1695 2104/2375/1969
f 2109/2151/1730 2108/2378/1971 2106/2377/1970
f 2108/2378/1971 1820/1780/1692 1818/1782/1696
f 2111/2152/1732 2110/2379/1972 2108/2378/1971
f 1822/1784/1690 1820/1780/1692 2108/2378/1971
f 2113/2154/1734 2112/2380/1973 2110/2379/1972
f 1824/1786/1688 1822/1784/1690 2110/2379/1972
f 2114/2381/1974 2112/2380/1973 2113/2154/1734
f 1826/1788/1685 1824/1786/1688 2112/2380/1973
f 2116/2382/1975 2114/2381/1974 2115/2155/1735
f 1828/1790/1686 1826/1788/1685 2114/2381/1974
f 2119/2158/1740 2118/2383/1976 2116/2382/1975
f 2118/2383/1976 1830/1791/1684 1828/1790/1686
f 2120/2384/1977 2118/2383/1976 2119/2158/1740
f 2120/2384/1977 1832/1792/1682 1830/1791/1684
f 2122/2385/1978 2120/2384/1977 2121/2159/1741
f 2122/2385/1978 1834/1794/1677 1832/1792/1682
f 2124/2386/1979 2122/2385/1978 2123/2160/1743
f 1836/1797/1678 1834/1794/1677 2122/2385/1978
f 2127/2162/1748 2126/2387/1980 2124/2386/1979
f 2126/2387/1980 1838/1798/1674 1836/1797/1678
f 2129/2163/1750 2128/2388/1981 2126/2387/1980
f 1840/1800/1672 1838/1798/1674 2126/2387/1980
f 2130/2389/1982 2128/2388/1981 2129/2163/1750
f 1842/1802/1670 1840/1800/1672 2128/2388/1981
f 2132/2390/1983 2130/2389/1982 2131/2165/1752
f 1844/1804/1667 1842/1802/1670 2130/2389/1982
f 2135/2167/1756 2134/2391/1984 2132/2390/1983
f 2134/2391/1984 1846/1805/1668 1844/1804/1667
f 2137/2169/1758 2136/2392/1985 2134/2391/1984
f 2136/2392/1985 1848/1806/1666 1846/1805/1668
f 2138/2393/1986 2136/2392/1985 2137/2169/1758
f 2138/2393/1986 1850/1808/1664 1848/1806/1666
f 2140/2394/1987 2138/2393/1986 2139/2170/1759
f 2140/2394/1987 1852/1810/1659 1850/1808/1664
f 2142/2395/1988 2140/2394/1987 2141/2171/1761
f 1854/1813/1660 1852/1810/1659 2140/2394/1987
f 2145/2173/1766 2144/2396/1989 2142/2395/1988
f 2144/2396/1989 1856/1814/1656 1854/1813/1660
f 2147/2174/1768 2146/2397/1990 2144/2396/1989
f 1858/1816/1654 1856/1814/1656 2144/2396/1989
f 2149/2176/1770 2148/2398/1991 2146/2397/1990
f 1860/1818/1652 1858/1816/1654 2146/2397/1990
f 2150/2399/1992 2148/2398/1991 2149/2176/1770
f 1862/1820/1649 1860/1818/1652 2148/2398/1991
f 2153/2178/1773 2152/2400/1993 2150/2399/1992
f 2152/2400/1993 1864/1821/1650 1862/1820/1649
f 2155/2180/1776 2154/2401/1994 2152/2400/1993
f 2154/2401/1994 1866/1822/1648 1864/1821/1650
f 2156/2402/1995 2154/2401/1994 2155/2180/1776
f 2156/2402/1995 1868/1824/1646 1866/1822/1648
f 2158/2403/1996 2156/2402/1995 2157/2181/1777
f 2158/2403/1996 1870/1826/1641 1868/1824/1646
f 2091/2367/1961 2158/2403/1996 2159/2182/1779
f 1800/1764/1642 1870/1826/1641 2158/2403/1996
f 1600/2184/1784 1601/2405/1998 1598/2404/1997
f 1601/2405/1998 1874/1828/2001 1872/1830/1999
f 1596/2185/1786 1597/2406/2000 1601/2405/1998
f 1597/2406/2000 1876/1831/2003 1874/1828/2001
f 1594/2187/1788 1595/2407/2002 1597/2406/2000
f 1595/2407/2002 1878/1833/2913 1876/1831/2003
f 1593/2408/2004 1595/2407/2002 1594/2187/1788
f 1880/1836/2005 1878/1833/2913 1595/2407/2002
f 1591/2409/2006 1593/2408/2004 1592/2188/1789
f 1882/1838/2007 1880/1836/2005 1593/2408/2004
f 1588/2191/1794 1589/2410/2008 1591/2409/2006
f 1589/2410/2008 1884/1839/2914 1882/1838/2007
f 1587/2411/2009 1589/2410/2008 1588/2191/1794
f 1886/1841/2010 1884/1839/2914 1589/2410/2008
f 1585/2412/2011 1587/2411/2009 1586/2192/1795
f 1888/1843/2012 1886/1841/2010 1587/2411/2009
f 1583/2413/2013 1585/2412/2011 1584/2193/1797
f 1890/1845/2014 1888/1843/2012 1585/2412/2011
f 1580/2196/1802 1581/2415/2015 1583/2414/2013
f 1581/2415/2015 1892/1846/2017 1890/1848/2014
f 1578/2197/1804 1579/2416/2016 1581/2415/2015
f 1579/2416/2016 1894/1849/2019 1892/1846/2017
f 1576/2199/1806 1577/2417/2018 1579/2416/2016
f 1577/2417/2018 1896/1851/2915 1894/1849/2019
f 1575/2418/2020 1577/2417/2018 1576/2199/1806
f 1898/1854/2021 1896/1851/2915 1577/2417/2018
f 1572/2201/1809 1573/2419/2023 1575/2418/2020
f 1900/1855/2022 1898/1854/2021 1575/2418/2020
f 1570/2203/1812 1571/2420/2024 1573/2419/2023
f 1571/2420/2024 1902/1856/2916 1900/1855/2022
f 1569/2421/2025 1571/2420/2024 1570/2203/1812
f 1904/1859/2026 1902/1856/2916 1571/2420/2024
f 1567/2422/2027 1569/2421/2025 1568/2204/1813
f 1906/1861/2028 1904/1859/2026 1569/2421/2025
f 1565/2423/2029 1567/2422/2027 1566/2205/1815
f 1908/1863/2030 1906/1861/2028 1567/2422/2027
f 1562/2207/1820 1563/2424/2031 1565/2423/2029
f 1563/2424/2031 1910/1864/2033 1908/1863/2030
f 1560/2208/1822 1561/2425/2032 1563/2424/2031
f 1561/2425/2032 1912/1865/2035 1910/1864/2033
f 1558/2210/1824 1559/2426/2034 1561/2425/2032
f 1559/2426/2034 1914/1867/2917 1912/1865/2035
f 1557/2427/2036 1559/2426/2034 1558/2210/1824
f 1916/1870/2037 1914/1867/2917 1559/2426/2034
f 1554/2212/1827 1555/2428/2039 1557/2427/2036
f 1918/1872/2038 1916/1870/2037 1557/2427/2036
f 1552/2214/1830 1553/2429/2040 1555/2428/2039
f 1553/2429/2040 1920/1873/2918 1918/1872/2038
f 1551/2430/2041 1553/2429/2040 1552/2214/1830
f 1922/1875/2042 1920/1873/2918 1553/2429/2040
f 1549/2431/2043 1551/2430/2041 1550/2215/1831
f 1924/1877/2044 1922/1875/2042 1551/2430/2041
f 1547/2432/2045 1549/2431/2043 1548/2216/1833
f 1926/1879/2046 1924/1877/2044 1549/2431/2043
f 1544/2218/1838 1545/2433/2047 1547/2432/2045
f 1545/2433/2047 1928/1880/2049 1926/1879/2046
f 1542/2219/1840 1543/2434/2048 1545/2433/2047
f 1543/2434/2048 1930/1881/2051 1928/1880/2049
f 1540/2221/1842 1541/2435/2050 1543/2434/2048
f 1541/2435/2050 1932/1883/2919 1930/1881/2051
f 1539/2436/2052 1541/2435/2050 1540/2221/1842
f 1934/1886/2053 1932/1883/2919 1541/2435/2050
f 1537/2437/2054 1539/2436/2052 1538/2222/1843
f 1537/2437/2054 1936/1888/2056 1934/1886/2053
f 1534/2225/1848 1535/2438/2055 1537/2437/2054
f 1535/2438/2055 1938/1889/2920 1936/1888/2056
f 1533/2439/2057 1535/2438/2055 1534/2225/1848
f 1940/1891/2058 1938/1889/2920 1535/2438/2055
f 1531/2440/2059 1533/2439/2057 1532/2226/1849
f 1942/1893/2060 1940/1891/2058 1533/2439/2057
f 1598/2404/1997 1531/2440/2059 1530/2227/1851
f 1872/1830/1999 1942/1893/2060 1531/2440/2059
f 1528/2230/1856 1529/2442/2062 1526/2441/2061
f 1529/2442/2062 1946/1894/2065 1944/1896/2063
f 1524/2232/1858 1525/2443/2064 1529/2442/2062
f 1525/2443/2064 1948/1897/2921 1946/1894/2065
f 1522/2234/1860 1523/2444/2067 1525/2443/2064
f 1950/1899/2066 1948/1897/2921 1525/2443/2064
f 1521/2445/2068 1523/2444/2067 1522/2234/1860
f 1952/1902/2069 1950/1899/2066 1523/2444/2067
f 1518/2237/1863 1519/2446/2070 1521/2445/2068
f 1519/2446/2070 1954/1904/2072 1952/1902/2069
f 1516/2240/1866 1517/2447/2071 1519/2446/2070
f 1517/2447/2071 1956/1905/2074 1954/1904/2072
f 1514/2241/1867 1515/2448/2073 1517/2447/2071
f 1515/2448/2073 1958/1907/2922 1956/1905/2074
f 1513/2449/2075 1515/2448/2073 1514/2241/1867
f 1960/1909/2076 1958/1907/2922 1515/2448/2073
f 1511/2450/2077 1513/2449/2075 1512/2243/1869
f 1962/1911/2078 1960/1909/2076 1513/2449/2075
f 1508/2249/1874 1509/2452/2079 1511/2451/2077
f 1509/2452/2079 1964/1912/2081 1962/1914/2078
f 1506/2251/1876 1507/2453/2080 1509/2452/2079
f 1507/2453/2080 1966/1915/2923 1964/1912/2081
f 1505/2454/2082 1507/2453/2080 1506/2251/1876
f 1968/1917/2083 1966/1915/2923 1507/2453/2080
f 1503/2455/2084 1505/2454/2082 1504/2253/1878
f 1970/1920/2085 1968/1917/2083 1505/2454/2082
f 1501/2456/2086 1503/2455/2084 1502/2254/1879
f 1501/2456/2086 1972/1922/2088 1970/1920/2085
f 1498/2259/1884 1499/2457/2087 1501/2456/2086
f 1499/2457/2087 1974/1923/2090 1972/1922/2088
f 1497/2458/2089 1499/2457/2087 1498/2259/1884
f 1497/2458/2089 1976/1925/2924 1974/1923/2090
f 1495/2459/2091 1497/2458/2089 1496/2260/1885
f 1978/1927/2092 1976/1925/2924 1497/2458/2089
f 1493/2460/2093 1495/2459/2091 1494/2262/1887
f 1980/1929/2094 1978/1927/2092 1495/2459/2091
f 1490/2267/1892 1491/2461/2095 1493/2460/2093
f 1491/2461/2095 1982/1930/2097 1980/1929/2094
f 1488/2269/1894 1489/2462/2096 1491/2461/2095
f 1489/2462/2096 1984/1931/2925 1982/1930/2097
f 1486/2271/1896 1487/2463/2099 1489/2462/2096
f 1986/1933/2098 1984/1931/2925 1489/2462/2096
f 1485/2464/2100 1487/2463/2099 1486/2271/1896
f 1988/1936/2101 1986/1933/2098 1487/2463/2099
f 1482/2275/1900 1483/2465/2103 1485/2464/2100
f 1990/1938/2102 1988/1936/2101 1485/2464/2100
f 1480/2277/1902 1481/2466/2104 1483/2465/2103
f 1481/2466/2104 1992/1939/2106 1990/1938/2102
f 1479/2467/2105 1481/2466/2104 1480/2277/1902
f 1479/2467/2105 1994/1941/2926 1992/1939/2106
f 1477/2468/2107 1479/2467/2105 1478/2278/1903
f 1996/1943/2108 1994/1941/2926 1479/2467/2105
f 1475/2469/2109 1477/2468/2107 1476/2280/1905
f 1998/1945/2110 1996/1943/2108 1477/2468/2107
f 1472/2285/1910 1473/2470/2111 1475/2469/2109
f 1473/2470/2111 2000/1946/2113 1998/1945/2110
f 1470/2287/1912 1471/2471/2112 1473/2470/2111
f 1471/2471/2112 2002/1947/2927 2000/1946/2113
f 1468/2289/1914 1469/2472/2115 1471/2471/2112
f 2004/1949/2114 2002/1947/2927 1471/2471/2112
f 1467/2473/2116 1469/2472/2115 1468/2289/1914
f 2006/1952/2117 2004/1949/2114 1469/2472/2115
f 1464/2293/1918 1465/2474/2119 1467/2473/2116
f 2008/1954/2118 2006/1952/2117 1467/2473/2116
f 1462/2295/1920 1463/2475/2120 1465/2474/2119
f 1463/2475/2120 2010/1955/2122 2008/1954/2118
f 1461/2476/2121 1463/2475/2120 1462/2295/1920
f 1461/2476/2121 2012/1957/2928 2010/1955/2122
f 1459/2477/2123 1461/2476/2121 1460/2296/1921
f 2014/1959/2124 2012/1957/2928 1461/2476/2121
f 1526/2441/2061 1459/2477/2123 1458/2298/1923
f 1944/1896/2063 2014/1959/2124 1459/2477/2123
f 1302/2478/2125 2207/1729/2128 2165/1730/2126
f 1300/2479/2127 2161/1731/2130 2207/1732/2128
f 1298/2481/2129 2219/1733/2132 2161/1731/2130
f 1298/2481/2129 1294/2482/2133 2217/1734/2131
f 1294/2482/2133 1286/2484/2136 2209/1735/2134
f 1284/2483/2135 2203/1736/2138 2209/1735/2134
f 1282/2485/2137 2215/1737/2140 2203/1736/2138
f 1280/2486/2139 2213/1738/2142 2215/1737/2140
f 1280/2486/2139 1278/2487/2143 2211/1739/2141
f 1278/2487/2143 1276/2510/2145 2205/1740/2144
f 1276/2488/2145 1274/2514/2148 2167/1742/2146
f 1272/2489/2147 2201/1743/2150 2167/1744/2146
f 1262/2491/2149 2199/1745/2152 2201/1743/2150
f 1258/2492/2151 2197/1746/2153 2199/1745/2152
f 1457/1572/1261 2195/1747/2154 2197/1746/2153
f 1455/1570/1259 2193/1748/2156 2195/1747/2154
f 1455/1570/1259 1453/1567/1256 2191/1749/2155
f 1453/1567/1256 1451/1564/1253 2189/1750/2157
f 1451/1564/1253 1449/1561/1250 2187/1751/2158
f 1449/1561/1250 1447/1558/1247 2169/1752/2159
f 1445/1555/1244 2163/1753/2160 2169/1752/2159
f 1443/1552/1241 2185/1754/2161 2163/1753/2160
f 1441/1549/1238 2183/1755/2162 2185/1754/2161
f 1439/1546/1235 2181/1756/2163 2183/1755/2162
f 1437/1544/1233 2179/1757/2165 2181/1756/2163
f 1437/1544/1233 1435/1541/1230 2177/1758/2164
f 1435/1541/1230 1433/1538/1227 2175/1759/2166
f 1433/1538/1227 1431/1535/1224 2173/1760/2167
f 1431/1535/1224 1429/1532/1221 2171/1761/2168
f 1429/1532/1221 1306/1531/1220 2165/1730/2126
f 1306/1531/1220 1307/1529/1218 1301/2493/2169
f 1307/1529/1218 2164/3584/2897 2206/2494/2170
f 1302/2480/2125 1301/2496/2169 1299/2495/2171
f 1301/2496/2169 2206/3600/2170 2160/2497/2172
f 1300/2479/2127 1299/2495/2171 1295/2498/2173
f 1299/2495/2171 2160/2497/2172 2218/2499/2174
f 1295/2498/2173 1287/2500/2175 1294/2482/2133
f 2218/2499/2174 2216/2501/2176 1287/2500/2175
f 1287/2500/2175 1285/2502/2177 1286/2484/2136
f 2216/2501/2176 2208/2503/2178 1285/2502/2177
f 1285/2502/2177 1283/2504/2179 1284/2483/2135
f 2208/2503/2178 2202/3601/2929 1283/2504/2179
f 1284/2483/2135 1283/2504/2179 1281/2505/2180
f 1283/2504/2179 2202/3601/2929 2214/2506/2181
f 1282/2485/2137 1281/2505/2180 1279/2507/2182
f 1281/2505/2180 2214/2506/2181 2212/2508/2183
f 1279/2507/2182 1277/2509/2184 1278/2487/2143
f 2212/2508/2183 2210/2511/2185 1277/2509/2184
f 1277/2509/2184 1275/2512/2186 1276/2510/2145
f 2210/2511/2185 2204/3602/2187 1275/2512/2186
f 1275/2513/2186 1273/2516/2188 1274/2514/2148
f 2204/2515/2187 2166/3603/2930 1273/2516/2188
f 1274/2490/2148 1273/2518/2188 1263/2517/2189
f 1273/2518/2188 2166/3604/2930 2200/2519/2190
f 1272/2489/2147 1263/2517/2189 1259/2520/2191
f 1263/2517/2189 2200/2519/2190 2198/2521/2192
f 1262/2491/2149 1259/2520/2191 1255/2522/2193
f 1259/2520/2191 2198/2521/2192 2196/2523/2194
f 1258/2492/2151 1255/2522/2193 1456/1571/1260
f 1255/2522/2193 2196/2523/2194 2194/2524/2195
f 2282/2525/2196 2229/1614/2241 2223/1618/2197
f 2285/2527/2199 2286/2567/2250 2265/2528/2200
f 2290/2529/2202 2269/1583/2255 2263/1585/2203
f 2294/2531/2205 2225/1574/2209 2267/2532/2206
f 2294/2531/2205 2296/2536/2212 2231/1631/2208
f 2285/2534/2199 2227/1598/2201 2261/1601/2210
f 2296/2536/2212 2300/2537/2214 2233/1629/2213
f 2300/2537/2214 2302/2538/2216 2235/1627/2215
f 2302/2538/2216 2304/2539/2218 2237/1625/2217
f 2304/2539/2218 2306/2542/2221 2239/2540/2219
f 2308/2541/2220 2241/1624/2223 2239/2540/2219
f 1337/2543/2222 2243/1622/2225 2241/1624/2223
f 1335/2544/2224 2245/1620/2226 2243/1622/2225
f 2281/2526/2198 2223/1618/2197 2245/1620/2226
f 2299/2535/2211 2261/1601/2210 2259/1603/2227
f 1332/2545/2228 2259/1603/2227 2257/1605/2229
f 1330/2546/2230 2257/1605/2229 2255/1607/2231
f 1328/2547/2232 2255/1607/2231 2253/2548/2233
f 1324/2550/2235 1326/2549/2234 2253/2548/2233
f 1322/2551/2237 1324/2550/2235 2251/1608/2236
f 1320/2552/2239 1322/2551/2237 2249/1610/2238
f 2282/2525/2196 1320/2552/2239 2247/1612/2240
f 2289/2530/2204 2263/1585/2203 2275/1589/2242
f 2293/2554/2207 2267/1577/2206 2221/1580/2244
f 1318/2553/2243 2275/1589/2242 2273/2556/2246
f 1312/2558/2248 1314/2557/2247 2273/2556/2246
f 2286/2559/2250 1312/2558/2248 2271/1590/2249
f 1316/2555/2245 2221/1580/2244 2279/2560/2251
f 1308/2562/2253 1310/2561/2252 2279/2560/2251
f 2290/2529/2202 1308/2562/2253 2277/1581/2254
f 2280/2563/2256 2283/2607/2258 2282/2525/2196
f 2280/2564/2256 2222/1467/2284 2228/1469/2257
f 2284/2566/2259 2287/3605/2261 2286/2567/2250
f 2226/1472/2260 2264/1483/2306 2287/2568/2261
f 2288/2570/2262 2291/2624/2264 2290/2529/2202
f 2262/1475/2263 2268/1513/2311 2291/2571/2264
f 2293/2533/2207 2292/3606/2266 2295/2573/2265
f 2292/2574/2266 2266/3582/2301 2224/1514/2267
f 2295/2573/2265 2297/2579/2268 2296/2536/2212
f 2224/1514/2267 2230/1479/2270 2297/2576/2268
f 2299/2535/2211 2298/2593/2269 2284/2577/2259
f 2298/2578/2269 2260/1470/2286 2226/1472/2260
f 2297/2579/2268 2301/2581/2271 2300/2537/2214
f 2230/1479/2270 2232/1485/2272 2301/2580/2271
f 2301/2581/2271 2303/2583/2273 2302/2538/2216
f 2232/1485/2272 2234/1487/2274 2303/2582/2273
f 2303/2583/2273 2305/2585/2275 2304/2539/2218
f 2234/1487/2274 2236/1489/2276 2305/2584/2275
f 2305/2585/2275 2307/3607/2277 2306/2542/2221
f 2236/1489/2276 2238/1491/2931 2307/2586/2277
f 2306/2542/2221 2307/3607/2277 2309/2587/2278
f 2307/2586/2277 2238/1491/2931 2240/1493/2279
f 2308/2541/2220 2309/2587/2278 1336/2589/2280
f 2309/2588/2278 2240/1493/2279 2242/1495/2281
f 1337/2543/2222 1336/2589/2280 1334/2591/2282
f 1336/2590/2280 2242/1495/2281 2244/1497/2283
f 1335/2544/2224 1334/2591/2282 2280/2563/2256
f 1334/2592/2282 2244/1497/2283 2222/1467/2284
f 1332/2545/2228 1333/2595/2285 2298/2593/2269
f 1333/2594/2285 2258/1499/2288 2260/1470/2286
f 1330/2546/2230 1331/2597/2287 1333/2595/2285
f 1331/2596/2287 2256/1502/2290 2258/1499/2288
f 1328/2547/2232 1329/2599/2289 1331/2597/2287
f 1329/2598/2289 2254/1503/2292 2256/1502/2290
f 1326/2549/2234 1327/3608/2291 1329/2599/2289
f 1327/2600/2291 2252/1505/2932 2254/1503/2292
f 1325/2601/2293 1327/3608/2291 1326/2549/2234
f 2250/1506/2294 2252/1505/2932 1327/2600/2291
f 1323/2603/2295 1325/2601/2293 1324/2550/2235
f 2248/1507/2296 2250/1506/2294 1325/2602/2293
f 1321/2605/2297 1323/2603/2295 1322/2551/2237
f 2246/1509/2298 2248/1507/2296 1323/2604/2295
f 2283/2607/2258 1321/2605/2297 1320/2552/2239
f 2228/1511/2257 2246/1509/2298 1321/2606/2297
f 1318/2553/2243 1319/2613/2299 2288/2570/2262
f 1319/2609/2299 2274/1473/2303 2262/1475/2263
f 1316/2555/2245 1317/2620/2300 2292/2610/2266
f 1317/2611/2300 2220/1476/2308 2266/1478/2301
f 1314/2557/2247 1315/3609/2302 1319/2613/2299
f 1315/2614/2302 2272/1516/2933 2274/1473/2303
f 1313/2615/2304 1315/3609/2302 1314/2557/2247
f 2270/1518/2305 2272/1520/2933 1315/2616/2302
f 2287/2618/2261 1313/2615/2304 1312/2558/2248
f 2264/1521/2306 2270/1518/2305 1313/2617/2304
f 1310/2561/2252 1311/3610/2307 1317/2620/2300
f 1311/2621/2307 2278/1523/2934 2220/1476/2308
f 1309/2622/2309 1311/3610/2307 1310/2561/2252
f 2276/1525/2310 2278/1523/2934 1311/2621/2307
f 2291/2624/2264 1309/2622/2309 1308/2562/2253
f 2268/1513/2311 2276/1525/2310 1309/2623/2309
f 2385/2625/235 2423/2752/235 2336/2626/235
f 2328/2628/235 2407/2632/235 2385/2629/235
f 2327/2631/235 2405/2634/235 2407/2632/235
f 2326/2633/235 2403/2636/235 2405/2634/235
f 2325/2635/235 2401/2757/235 2403/2636/235
f 2399/2637/235 2401/2757/235 2325/2635/235
f 2397/2639/235 2399/2637/235 2324/2638/235
f 2395/2641/235 2397/2639/235 2323/2640/235
f 2393/2643/235 2395/2641/235 2322/2642/235
f 2387/2645/235 2393/2643/235 2321/2644/235
f 2389/2647/235 2387/2645/235 2318/2646/235
f 2310/2649/235 2371/2651/235 2389/2647/235
f 2311/2650/235 2373/2653/235 2371/2651/235
f 2312/2652/235 2375/2655/235 2373/2653/235
f 2313/2654/235 2377/2657/235 2375/2655/235
f 2332/2656/235 2415/2761/235 2377/2657/235
f 2413/2658/235 2415/2761/235 2332/2656/235
f 2411/2660/235 2413/2658/235 2331/2659/235
f 2409/2662/235 2411/2660/235 2330/2661/235
f 2391/2664/235 2409/2662/235 2329/2663/235
f 2333/2666/235 2417/2749/235 2391/2664/235
f 2339/2667/235 1632/2671/235 2417/2668/235
f 2338/2670/235 1634/2762/235 1632/2671/235
f 1636/2672/235 1634/2762/235 2338/2670/235
f 2419/2674/235 1636/2672/235 2337/2673/235
f 2335/2676/235 2421/2678/235 2419/2674/235
f 2314/2677/235 2379/2680/235 2421/2678/235
f 2315/2679/235 2381/2763/235 2379/2680/235
f 2383/2681/235 2381/2763/235 2315/2679/235
f 2423/2683/235 2383/2681/235 2316/2682/235
f 2317/2685/2312 2336/3611/2313 2366/2686/2313
f 2328/2688/2314 2317/3612/2312 2347/2689/2312
f 2327/2691/2315 2328/2688/2314 2358/2690/2314
f 2326/2693/2316 2327/2691/2315 2357/2692/2315
f 2325/2695/2317 2326/2693/2316 2356/2694/2316
f 2324/2697/2318 2325/2695/2317 2355/2696/2317
f 2323/2699/2319 2324/2697/2318 2354/2698/2318
f 2322/2701/2320 2323/2699/2319 2353/2700/2319
f 2321/2703/2321 2322/2701/2320 2352/2702/2320
f 2318/2705/2322 2321/2703/2321 2351/2704/2321
f 2319/2707/2323 2318/2705/2322 2348/2706/2322
f 2310/2709/2324 2319/2707/2323 2349/2708/2323
f 2311/2711/2325 2310/2709/2324 2340/2710/2324
f 2312/2713/2326 2311/2711/2325 2341/2712/2325
f 2313/2715/2327 2312/2713/2326 2342/2714/2326
f 2332/2717/2328 2313/2715/2327 2343/2716/2327
f 2331/2719/2329 2332/2717/2328 2362/2718/2328
f 2330/2721/2330 2331/2719/2329 2361/2720/2329
f 2329/2723/2331 2330/2721/2330 2360/2722/2330
f 2320/2725/2332 2329/2723/2331 2359/2724/2331
f 2333/2727/2333 2320/2725/2332 2350/2726/2332
f 2339/2729/2334 2333/3613/2333 2363/2730/2333
f 2338/2732/1125 2339/2729/2334 2369/2731/2334
f 2337/2734/2335 2338/2732/1125 2368/2733/1125
f 2334/2736/2336 2337/2734/2335 2367/2735/2335
f 2335/2738/2337 2334/2736/2336 2364/2737/2336
f 2314/2740/2338 2335/2738/2337 2365/2739/2337
f 2315/2742/1124 2314/2740/2338 2344/2741/2338
f 2316/2744/2339 2315/2742/1124 2345/2743/1124
f 2336/2746/2313 2316/2744/2339 2346/2745/2339
f 1629/2021/1516 2387/2645/2363 2389/2647/2340
f 1625/2748/2341 2391/2664/2350 2417/2749/2342
f 1621/1987/1485 2419/2674/2372 2421/2678/2343
f 1618/2751/2344 1617/2769/1482 2423/2752/2345
f 1618/2753/2344 2385/2629/2346 2407/2632/2347
f 1625/2748/2341 1613/2016/1511 2409/2662/2349
f 1614/2754/2348 2407/2632/2347 2405/2634/2351
f 1610/2755/2352 2405/2634/2351 2403/2636/2353
f 1608/2756/2354 2403/2636/2353 2401/2757/2355
f 1606/2758/2356 2401/2757/2355 2399/2637/2357
f 1602/2760/2359 1604/2759/2358 2399/2637/2357
f 1304/2024/1519 1602/2760/2359 2397/2639/2360
f 1297/2020/1515 1304/2024/1519 2395/2641/2361
f 1629/2021/1516 1297/2020/1515 2393/2643/2362
f 1613/2016/1511 1296/2013/1508 2411/2660/2364
f 1296/2013/1508 1292/2009/1505 2413/2658/2365
f 1292/2009/1505 1290/2005/1502 2415/2761/2366
f 1288/2001/1499 2377/2657/2367 2415/2761/2366
f 1270/1998/1496 2375/2655/2368 2377/2657/2367
f 1268/1995/1493 2373/2653/2369 2375/2655/2368
f 1266/1991/1489 2371/2651/2370 2373/2653/2369
f 1630/1993/1490 2389/2647/2340 2371/2651/2370
f 1621/1987/1485 1264/1981/1479 1636/2672/2371
f 1617/1984/1482 1260/1968/1468 2383/2681/2373
f 1264/1981/1479 1256/1976/1476 1634/2762/2374
f 1253/1972/1472 1632/2671/2375 1634/2762/2374
f 1626/1974/1473 2417/2668/2342 1632/2671/2375
f 1260/1968/1468 1251/1964/1465 2381/2763/2376
f 1249/1960/1461 2379/2680/2377 2381/2763/2376
f 1622/1962/1462 2421/2678/2343 2379/2680/2377
f 1631/1992/1488 1628/2019/1514 1629/2021/1516
f 2388/1468/1487 2386/1498/1512 1628/2018/1514
f 1626/2750/1473 1627/3614/1471 1624/2765/2378
f 1627/2766/1471 2416/1482/1470 2390/1471/2379
f 1623/1961/1188 1620/1986/1484 1621/1987/1485
f 2420/1399/1187 2418/1474/1483 1620/1985/1484
f 1619/2768/2380 1616/3615/1481 1617/2769/1482
f 2384/1480/2381 2422/1515/1480 1616/2770/1481
f 1614/2754/2348 1615/2774/2382 1619/2772/2380
f 1615/2773/2382 2406/1481/2384 2384/1480/2381
f 1624/2765/2378 1612/2015/1510 1613/2016/1511
f 2390/1471/2379 2408/1500/1509 1612/2014/1510
f 1610/2755/2352 1611/2776/2383 1615/2774/2382
f 1611/2775/2383 2404/1484/2386 2406/1481/2384
f 1608/2756/2354 1609/2778/2385 1611/2776/2383
f 1609/2777/2385 2402/1486/2388 2404/1484/2386
f 1606/2758/2356 1607/3616/2387 1609/2778/2385
f 1607/2779/2387 2400/1488/2390 2402/1486/2388
f 1605/2780/2389 1607/3616/2387 1606/2758/2356
f 1605/2781/2389 2398/1490/2935 2400/1488/2390
f 1603/2782/1521 1605/2780/2389 1604/2759/2358
f 2396/1492/2391 2398/1490/2935 1605/2781/2389
f 1305/2783/1518 1603/2782/1521 1602/2760/2359
f 2461/2784/2392 2425/2788/2392 2424/2785/237
f 2462/2787/2393 2426/2790/2393 2425/2788/2392
f 2463/2789/2394 2427/2792/2394 2426/2790/2393
f 2464/2791/2395 2428/2794/2395 2427/2792/2394
f 2465/2793/2396 2429/2796/2396 2428/2794/2395
f 2466/2795/2397 2430/2798/2397 2429/2796/2396
f 2467/2797/2398 2431/2800/2398 2430/2798/2397
f 2468/2799/2399 2432/2802/2399 2431/2800/2398
f 2469/2801/252 2433/2804/252 2432/2802/2399
f 2470/2803/2400 2434/2806/2400 2433/2804/252
f 2471/2805/2401 2435/2808/2401 2434/2806/2400
f 2472/2807/2402 2436/2810/2402 2435/2808/2401
f 2473/2809/2403 2437/2812/2403 2436/2810/2402
f 2474/2811/2404 2438/2814/2404 2437/2812/2403
f 2475/2813/2405 2439/2816/2405 2438/2814/2404
f 2476/2815/2406 2440/2818/2406 2439/2816/2405
f 2477/2817/2407 2441/2820/2407 2440/2818/2406
f 2478/2819/243 2442/2822/243 2441/2820/2407
f 2479/2821/2408 2443/2824/2408 2442/2822/243
f 2480/2823/2409 2444/2826/2409 2443/2824/2408
f 2481/2825/2410 2445/2828/2410 2444/2826/2409
f 2482/2827/2411 2446/2830/2411 2445/2828/2410
f 2483/2829/2412 2447/2832/2412 2446/2830/2411
f 2484/2831/2413 2448/2834/2413 2447/2832/2412
f 2485/2833/2414 2449/2836/2414 2448/2834/2413
f 2486/2835/2415 2450/2838/2415 2449/2836/2414
f 2487/2837/251 2451/2868/251 2450/2838/2415
f 2488/2839/2416 2452/2843/2416 2451/2840/251
f 2489/2842/2417 2453/2845/2417 2452/2843/2416
f 2490/2844/2418 2454/2847/2418 2453/2845/2417
f 2491/2846/2419 2455/2849/2419 2454/2847/2418
f 2492/2848/2420 2456/2851/2420 2455/2849/2419
f 2493/2850/351 2457/2853/351 2456/2851/2420
f 2494/2852/2421 2458/2855/2421 2457/2853/351
f 2495/2854/2422 2459/2856/2422 2458/2855/2421
f 2460/2786/237 2424/2785/237 2459/2856/2422
f 2531/2857/2423 2459/2856/2426 2424/2785/2424
f 2530/2859/2425 2458/2855/2428 2459/2856/2426
f 2529/2860/2427 2457/2853/2427 2458/2855/2428
f 2456/2851/2429 2457/2853/2427 2529/2860/2427
f 2455/2849/2430 2456/2851/2429 2528/2861/2429
f 2526/2863/2432 2454/2847/2432 2455/2849/2430
f 2453/2845/2433 2454/2847/2432 2526/2863/2432
f 2452/2843/2435 2453/2845/2433 2525/2864/2434
f 2451/2840/2437 2452/2843/2435 2524/2865/2436
f 2522/2867/2438 2450/2838/2440 2451/2868/2437
f 2521/2870/2439 2449/2836/2442 2450/2838/2440
f 2520/2871/2441 2448/2834/2441 2449/2836/2442
f 2447/2832/2443 2448/2834/2441 2520/2871/2441
f 2518/2873/2445 2446/2830/2445 2447/2832/2443
f 2517/2874/2446 2445/2828/2446 2446/2830/2445
f 2444/2826/2447 2445/2828/2446 2517/2874/2446
f 2443/2824/2449 2444/2826/2447 2516/2875/2448
f 2442/2822/2451 2443/2824/2449 2515/2876/2450
f 2513/2878/2452 2441/2820/2454 2442/2822/2451
f 2512/2879/2453 2440/2818/2456 2441/2820/2454
f 2511/2880/2455 2439/2816/2455 2440/2818/2456
f 2438/2814/2457 2439/2816/2455 2511/2880/2455
f 2437/2812/2459 2438/2814/2457 2510/2881/2458
f 2508/2883/2460 2436/2810/2460 2437/2812/2459
f 2435/2808/2461 2436/2810/2460 2508/2883/2460
f 2434/2806/2463 2435/2808/2461 2507/2884/2462
f 2433/2804/2465 2434/2806/2463 2506/2885/2464
f 2504/2887/2466 2432/2802/2468 2433/2804/2465
f 2503/2888/2467 2431/2800/2470 2432/2802/2468
f 2502/2889/2469 2430/2798/2469 2431/2800/2470
f 2429/2796/2471 2430/2798/2469 2502/2889/2469
f 2428/2794/2473 2429/2796/2471 2501/2890/2472
f 2499/2892/2474 2427/2792/2474 2428/2794/2473
f 2426/2790/2475 2427/2792/2474 2499/2892/2474
f 2425/2788/2477 2426/2790/2475 2498/2893/2476
f 2424/2785/2424 2425/2788/2477 2497/2894/2478
f 2568/2895/237 2569/2898/2392 2605/2896/2392
f 2569/2898/2392 2570/2900/2393 2606/2899/2393
f 2570/2900/2393 2571/2902/2394 2607/2901/2394
f 2571/2902/2394 2572/2904/2395 2608/2903/2395
f 2572/2904/2395 2573/2906/2396 2609/2905/2396
f 2573/2906/2396 2574/2908/2397 2610/2907/2397
f 2574/2908/2397 2575/2910/2398 2611/2909/2398
f 2575/2910/2398 2576/2912/2399 2612/2911/2399
f 2576/2912/2399 2577/2914/252 2613/2913/252
f 2577/2914/252 2578/2916/2400 2614/2915/2400
f 2578/2916/2400 2579/2918/2401 2615/2917/2401
f 2579/2918/2401 2580/2920/2402 2616/2919/2402
f 2580/2920/2402 2581/2922/2403 2617/2921/2403
f 2581/2922/2403 2582/2924/2404 2618/2923/2404
f 2582/2924/2404 2583/2926/2405 2619/2925/2405
f 2583/2926/2405 2584/2928/2406 2620/2927/2406
f 2584/2928/2406 2585/2930/2407 2621/2929/2407
f 2585/2930/2407 2586/2932/243 2622/2931/243
f 2586/2932/243 2587/2934/2408 2623/2933/2408
f 2587/2934/2408 2588/2936/2409 2624/2935/2409
f 2588/2936/2409 2589/2938/2410 2625/2937/2410
f 2589/2938/2410 2590/2940/2411 2626/2939/2411
f 2590/2940/2411 2591/2942/2412 2627/2941/2412
f 2591/2942/2412 2592/2944/2479 2628/2943/2413
f 2592/2944/2479 2593/2946/2414 2629/2945/2414
f 2593/2946/2414 2594/2948/2415 2630/2947/2415
f 2594/2948/2415 2595/2976/251 2631/2949/251
f 2595/2950/251 2596/2953/2416 2632/2951/2416
f 2596/2953/2416 2597/2955/2417 2633/2954/2417
f 2597/2955/2417 2598/2957/2418 2634/2956/2480
f 2598/2957/2418 2599/2959/2419 2635/2958/2419
f 2599/2959/2419 2600/2961/2420 2636/2960/2420
f 2600/2961/2420 2601/2963/351 2637/2962/351
f 2601/2963/351 2602/2965/2421 2638/2964/2421
f 2602/2965/2421 2603/2967/2422 2639/2966/2422
f 2603/2967/2422 2568/2895/237 2604/2897/237
f 2567/2968/2481 2532/3617/2482 2568/2895/2482
f 2602/2965/2483 2566/2969/2483 2567/2968/2481
f 2601/2963/2484 2565/2970/2484 2566/2969/2483
f 2600/2961/2485 2564/3618/2485 2565/2970/2484
f 2563/2971/2486 2564/3618/2485 2600/2961/2485
f 2562/2972/2487 2563/2971/2486 2599/2959/2486
f 2561/2973/2488 2562/2972/2487 2598/2957/2487
f 2560/2974/2489 2561/2973/2488 2597/2955/2488
f 2595/2950/2490 2559/3619/2490 2560/2974/2489
f 2558/2975/2491 2559/3620/2490 2595/2976/2490
f 2593/2946/2492 2557/2977/2492 2558/2975/2491
f 2592/2944/2493 2556/2978/2493 2557/2977/2492
f 2591/2942/2494 2555/2979/2494 2556/2978/2493
f 2590/2940/2495 2554/3621/2495 2555/2979/2494
f 2553/2980/2496 2554/3621/2495 2590/2940/2495
f 2552/2981/2497 2553/2980/2496 2589/2938/2496
f 2551/2982/2498 2552/2981/2497 2588/2936/2497
f 2586/2932/2499 2550/3622/2499 2551/2982/2498
f 2549/2983/2500 2550/3622/2499 2586/2932/2499
f 2584/2928/2501 2548/2984/2501 2549/2983/2500
f 2583/2926/2502 2547/2985/2502 2548/2984/2501
f 2582/2924/2503 2546/2986/2503 2547/2985/2502
f 2581/2922/2504 2545/3623/2504 2546/2986/2503
f 2544/2987/2505 2545/3623/2504 2581/2922/2504
f 2543/2988/2506 2544/2987/2505 2580/2920/2505
f 2542/2989/2507 2543/2988/2506 2579/2918/2506
f 2577/2914/2508 2541/3624/2508 2542/2989/2507
f 2540/2990/2509 2541/3624/2508 2577/2914/2508
f 2575/2910/2510 2539/2991/2510 2540/2990/2509
f 2574/2908/2511 2538/2992/2511 2539/2991/2510
f 2573/2906/2512 2537/3625/2512 2538/2992/2511
f 2536/2993/2513 2537/3625/2512 2573/2906/2512
f 2535/2994/2514 2536/2993/2513 2572/2904/2513
f 2534/2995/2515 2535/2994/2514 2571/2902/2514
f 2533/2996/2516 2534/2995/2515 2570/2900/2515
f 2568/2895/2482 2532/3617/2482 2533/2996/2516
f 2675/2997/235 2639/2966/235 2604/2897/235
f 2638/2964/235 2639/2966/235 2675/2997/235
f 2637/2962/235 2638/2964/235 2674/2999/235
f 2636/2960/235 2637/2962/235 2673/3000/235
f 2671/3002/235 2635/2958/235 2636/2960/235
f 2670/3003/235 2634/2956/235 2635/2958/235
f 2669/3004/235 2633/2954/235 2634/2956/235
f 2668/3005/235 2632/2951/235 2633/2954/235
f 2631/2952/235 2632/2951/235 2668/3005/235
f 2666/3007/235 2630/2947/235 2631/2949/235
f 2629/2945/235 2630/2947/235 2666/3007/235
f 2628/2943/235 2629/2945/235 2665/3009/235
f 2627/2941/235 2628/2943/235 2664/3010/235
f 2626/2939/235 2627/2941/235 2663/3011/235
f 2661/3013/235 2625/2937/235 2626/2939/235
f 2660/3014/235 2624/2935/235 2625/2937/235
f 2659/3015/235 2623/2933/235 2624/2935/235
f 2622/2931/235 2623/2933/235 2659/3015/235
f 2657/3017/235 2621/2929/235 2622/2931/235
f 2620/2927/235 2621/2929/235 2657/3017/235
f 2619/2925/235 2620/2927/235 2656/3018/235
f 2618/2923/235 2619/2925/235 2655/3019/235
f 2617/2921/235 2618/2923/235 2654/3020/235
f 2652/3022/235 2616/2919/235 2617/2921/235
f 2651/3023/235 2615/2917/235 2616/2919/235
f 2650/3024/235 2614/2915/235 2615/2917/235
f 2613/2913/235 2614/2915/235 2650/3024/235
f 2648/3026/235 2612/2911/235 2613/2913/235
f 2611/2909/235 2612/2911/235 2648/3026/235
f 2610/2907/235 2611/2909/235 2647/3027/235
f 2609/2905/235 2610/2907/235 2646/3028/235
f 2644/3030/235 2608/2903/235 2609/2905/235
f 2643/3031/235 2607/2901/235 2608/2903/235
f 2642/3032/235 2606/2899/235 2607/2901/235
f 2641/3033/235 2605/2896/235 2606/2899/235
f 2604/2897/235 2605/2896/235 2641/3033/235
f 2675/2997/2422 2640/2998/237 2676/3034/237
f 2674/2999/2421 2675/2997/2422 2711/3035/2422
f 2673/3000/351 2674/2999/2421 2710/3036/2421
f 2672/3001/2420 2673/3000/351 2709/3037/351
f 2671/3002/2419 2672/3001/2420 2708/3038/2420
f 2670/3003/2418 2671/3002/2419 2707/3039/2419
f 2669/3004/2417 2670/3003/2418 2706/3040/2418
f 2668/3005/2416 2669/3004/2417 2705/3041/2417
f 2667/3006/251 2668/3005/2416 2704/3042/2416
f 2666/3007/2415 2667/3008/251 2703/3044/251
f 2665/3009/2414 2666/3007/2415 2702/3045/2415
f 2664/3010/2413 2665/3009/2414 2701/3046/2414
f 2663/3011/2412 2664/3010/2413 2700/3047/2413
f 2662/3012/2411 2663/3011/2412 2699/3048/2412
f 2661/3013/2410 2662/3012/2411 2698/3049/2411
f 2660/3014/2409 2661/3013/2410 2697/3050/2517
f 2659/3015/2408 2660/3014/2409 2696/3051/2409
f 2658/3016/243 2659/3015/2408 2695/3052/2408
f 2657/3017/2407 2658/3016/243 2694/3053/243
f 2656/3018/2406 2657/3017/2407 2693/3054/2407
f 2655/3019/2405 2656/3018/2406 2692/3055/2406
f 2654/3020/2404 2655/3019/2405 2691/3056/2405
f 2653/3021/2403 2654/3020/2404 2690/3057/2404
f 2652/3022/2402 2653/3021/2403 2689/3058/2403
f 2651/3023/2401 2652/3022/2402 2688/3059/2402
f 2650/3024/2400 2651/3023/2401 2687/3060/2401
f 2649/3025/252 2650/3024/2400 2686/3061/2400
f 2648/3026/2399 2649/3025/252 2685/3062/252
f 2647/3027/2398 2648/3026/2399 2684/3063/2399
f 2646/3028/2518 2647/3027/2398 2683/3064/2398
f 2645/3029/2396 2646/3028/2518 2682/3065/2397
f 2644/3030/2395 2645/3029/2396 2681/3066/2396
f 2643/3031/2394 2644/3030/2395 2680/3067/2395
f 2642/3032/2393 2643/3031/2394 2679/3068/2394
f 2641/3033/2392 2642/3032/2393 2678/3069/2393
f 2640/2998/237 2641/3033/2392 2677/3070/2392
f 2711/3035/247 2676/3034/247 2712/3071/247
f 2746/3073/247 2710/3036/247 2711/3035/247
f 2745/3074/247 2709/3037/247 2710/3036/247
f 2744/3075/247 2708/3038/247 2709/3037/247
f 2707/3039/247 2708/3038/247 2744/3075/247
f 2706/3040/247 2707/3039/247 2743/3076/247
f 2705/3041/247 2706/3040/247 2742/3077/247
f 2704/3042/247 2705/3041/247 2741/3078/247
f 2739/3080/247 2703/3043/247 2704/3042/247
f 2702/3045/247 2703/3044/247 2739/3081/247
f 2737/3083/247 2701/3046/247 2702/3045/247
f 2736/3084/247 2700/3047/247 2701/3046/247
f 2735/3085/247 2699/3048/247 2700/3047/247
f 2698/3049/247 2699/3048/247 2735/3085/247
f 2697/3050/247 2698/3049/247 2734/3086/247
f 2696/3051/247 2697/3050/247 2733/3087/247
f 2695/3052/247 2696/3051/247 2732/3088/247
f 2730/3090/247 2694/3053/247 2695/3052/247
f 2693/3054/247 2694/3053/247 2730/3090/247
f 2728/3092/247 2692/3055/247 2693/3054/247
f 2727/3093/247 2691/3056/247 2692/3055/247
f 2726/3094/247 2690/3057/247 2691/3056/247
f 2725/3095/247 2689/3058/247 2690/3057/247
f 2688/3059/247 2689/3058/247 2725/3095/247
f 2687/3060/247 2688/3059/247 2724/3096/247
f 2686/3061/247 2687/3060/247 2723/3097/247
f 2721/3099/247 2685/3062/247 2686/3061/247
f 2684/3063/247 2685/3062/247 2721/3099/247
f 2719/3101/247 2683/3064/247 2684/3063/247
f 2718/3102/247 2682/3065/247 2683/3064/247
f 2717/3103/247 2681/3066/247 2682/3065/247
f 2680/3067/247 2681/3066/247 2717/3103/247
f 2679/3068/247 2680/3067/247 2716/3104/247
f 2678/3069/247 2679/3068/247 2715/3105/247
f 2677/3070/247 2678/3069/247 2714/3106/247
f 2712/3071/247 2676/3034/247 2677/3070/247
f 2783/3108/2519 2747/3072/2522 2712/3071/2520
f 2782/3110/2521 2746/3073/2524 2747/3072/2522
f 2781/3111/2523 2745/3074/2523 2746/3073/2524
f 2744/3075/2525 2745/3074/2523 2781/3111/2523
f 2779/3113/2526 2743/3076/2526 2744/3075/2525
f 2778/3114/2527 2742/3077/2527 2743/3076/2526
f 2741/3078/2528 2742/3077/2527 2778/3114/2527
f 2740/3079/2530 2741/3078/2528 2777/3115/2529
f 2739/3080/2532 2740/3079/2530 2776/3116/2531
f 2774/3118/2533 2738/3082/2535 2739/3081/2532
f 2773/3120/2534 2737/3083/2537 2738/3082/2535
f 2772/3121/2536 2736/3084/2536 2737/3083/2537
f 2735/3085/2538 2736/3084/2536 2772/3121/2536
f 2770/3123/2539 2734/3086/2539 2735/3085/2538
f 2769/3124/2540 2733/3087/2540 2734/3086/2539
f 2732/3088/2541 2733/3087/2540 2769/3124/2540
f 2731/3089/2543 2732/3088/2541 2768/3125/2542
f 2730/3090/2545 2731/3089/2543 2767/3126/2544
f 2765/3128/2546 2729/3091/2548 2730/3090/2545
f 2764/3129/2547 2728/3092/2550 2729/3091/2548
f 2763/3130/2549 2727/3093/2549 2728/3092/2550
f 2726/3094/2551 2727/3093/2549 2763/3130/2549
f 2725/3095/2552 2726/3094/2551 2762/3131/2551
f 2760/3133/2553 2724/3096/2553 2725/3095/2552
f 2723/3097/2554 2724/3096/2553 2760/3133/2553
f 2722/3098/2556 2723/3097/2554 2759/3134/2555
f 2721/3099/2558 2722/3098/2556 2758/3135/2557
f 2756/3137/2559 2720/3100/2561 2721/3099/2558
f 2755/3138/2560 2719/3101/2563 2720/3100/2561
f 2754/3139/2562 2718/3102/2562 2719/3101/2563
f 2717/3103/2564 2718/3102/2562 2754/3139/2562
f 2716/3104/2565 2717/3103/2564 2753/3140/2564
f 2751/3142/2566 2715/3105/2566 2716/3104/2565
f 2714/3106/2567 2715/3105/2566 2751/3142/2566
f 2713/3107/2569 2714/3106/2567 2750/3143/2568
f 2712/3071/2520 2713/3107/2569 2749/3144/2570
f 2893/3145/247 2891/3168/247 3035/3146/247
f 3035/3146/247 2881/3164/247 2879/3148/247
f 2905/3150/247 2903/3169/247 3018/3147/247
f 2867/3152/247 3030/3151/247 3027/3149/247
f 2866/3174/2571 2965/3317/2571 2917/3175/243
f 3025/3177/252 3031/3434/252 3017/3178/252
f 3023/3180/251 3036/3429/251 3026/3181/251
f 3029/3183/237 3024/3626/237 3021/3184/237
f 3033/3186/243 3019/3426/243 3034/3187/243
f 2963/3189/2572 2914/3313/2572 2916/3190/2573
f 2912/3192/2574 2914/3313/2572 2963/3189/2572
f 2910/3194/2575 2912/3192/2574 2961/3193/2574
f 2957/3196/2576 2908/3308/2576 2910/3194/2575
f 2906/3197/2577 2908/3308/2576 2957/3196/2576
f 2904/3199/2578 2906/3197/2577 2955/3198/2577
f 2902/3201/2579 2904/3199/2578 2953/3200/2578
f 2900/3203/2580 2902/3201/2579 2951/3202/2579
f 2947/3205/2581 2898/3303/2581 2900/3203/2580
f 2896/3206/2582 2898/3303/2581 2947/3205/2581
f 2943/3208/2583 2894/3300/2583 2896/3206/2582
f 2892/3209/2584 2894/3300/2583 2943/3208/2583
f 2890/3211/2585 2892/3209/2584 2941/3210/2584
f 2888/3213/2586 2890/3211/2585 2939/3212/2585
f 2886/3215/2587 2888/3213/2586 2937/3214/2586
f 2933/3217/2588 2884/3219/2588 2886/3215/2587
f 2931/3218/2589 2882/3221/2589 2884/3219/2588
f 2929/3220/2590 2880/3223/2590 2882/3221/2589
f 2927/3222/2591 2878/3292/2591 2880/3223/2590
f 2876/3224/2592 2878/3292/2591 2927/3222/2591
f 2923/3226/2593 2874/3228/2593 2876/3224/2592
f 2921/3227/2594 2872/3286/2594 2874/3228/2593
f 2870/3229/2595 2872/3286/2594 2921/3227/2594
f 2918/3231/2596 2868/3284/2596 2870/3229/2595
f 2966/3191/2573 2916/3190/2573 2868/3232/2596
f 2964/3234/2597 2965/3317/2571 2866/3174/2571
f 2962/3236/2598 2964/3234/2597 2865/3235/2597
f 2960/3238/2599 2962/3236/2598 2864/3237/2598
f 2958/3240/2600 2960/3238/2599 2863/3239/2599
f 2956/3242/2601 2958/3240/2600 2862/3241/2600
f 2954/3244/2602 2956/3242/2601 2861/3243/2601
f 2952/3246/2603 2954/3244/2602 2860/3245/2602
f 2950/3248/2604 2952/3246/2603 2859/3247/2603
f 2948/3250/2605 2950/3248/2604 2858/3249/2604
f 2946/3252/2606 2948/3250/2605 2857/3251/2605
f 2944/3254/2607 2946/3252/2606 2856/3253/2606
f 2942/3256/2608 2944/3254/2607 2855/3255/2607
f 2940/3258/2609 2942/3256/2608 2854/3257/2608
f 2938/3260/2610 2940/3258/2609 2853/3259/2609
f 2936/3262/2611 2938/3260/2610 2852/3261/2610
f 2934/3264/2612 2936/3262/2611 2851/3263/2611
f 2932/3266/2613 2934/3264/2612 2850/3265/2612
f 2930/3268/2614 2932/3266/2613 2849/3267/2613
f 2928/3270/2615 2930/3268/2614 2848/3269/2614
f 2926/3272/2616 2928/3270/2615 2847/3271/2615
f 2845/3274/2617 2924/3337/2617 2926/3272/2616
f 2922/3275/2618 2924/3337/2617 2845/3274/2617
f 2920/3277/2619 2922/3275/2618 2844/3276/2618
f 2917/3279/243 2920/3277/2619 2843/3278/2619
f 2969/3281/2620 2868/3232/2624 2916/3190/2621
f 2969/3283/2620 2971/3285/2625 2870/3229/2623
f 2971/3285/2625 2973/3287/2627 2872/3286/2626
f 2973/3287/2627 2975/3289/2630 2874/3228/2628
f 2977/3288/2629 2876/3224/2632 2874/3228/2628
f 2979/3290/2631 2878/3292/2634 2876/3224/2632
f 2981/3291/2633 2880/3223/2636 2878/3292/2634
f 2983/3293/2635 2882/3221/2638 2880/3223/2636
f 2985/3294/2637 2884/3219/2640 2882/3221/2638
f 2987/3295/2639 2886/3215/2642 2884/3219/2640
f 2987/3295/2639 2989/3297/2644 2888/3213/2641
f 2991/3296/2643 2890/3211/2646 2888/3213/2641
f 2991/3296/2643 2993/3299/2648 2892/3209/2645
f 2995/3298/2647 2894/3300/2650 2892/3209/2645
f 2995/3298/2647 2997/3302/2652 2896/3206/2649
f 2999/3301/2651 2898/3303/2654 2896/3206/2649
f 2999/3301/2651 3001/3304/2655 2900/3203/2653
f 3001/3304/2655 3003/3306/2658 2902/3201/2656
f 3005/3305/2657 2904/3199/2660 2902/3201/2656
f 3005/3305/2657 3007/3307/2661 2906/3197/2659
f 3007/3307/2661 3009/3309/2663 2908/3308/2662
f 3009/3309/2663 3011/3311/2666 2910/3194/2664
f 3013/3310/2665 2912/3192/2668 2910/3194/2664
f 3015/3312/2667 2914/3313/2669 2912/3192/2668
f 2968/3282/2622 2916/3190/2621 2914/3313/2669
f 2839/3314/2670 2966/3191/2767 2918/3233/2671
f 2836/3316/2673 2838/3387/2765 2965/3317/2674
f 2836/3316/2673 2964/3234/2675 2962/3236/2676
f 2832/3319/2678 2834/3318/2677 2962/3236/2676
f 2830/3320/2680 2832/3319/2678 2960/3238/2679
f 2828/3321/2682 2830/3320/2680 2958/3240/2681
f 2826/3322/2684 2828/3321/2682 2956/3242/2683
f 2826/3322/2684 2954/3244/2685 2952/3246/2686
f 2822/3324/2688 2824/3323/2687 2952/3246/2686
f 2822/3324/2688 2950/3248/2689 2948/3250/2690
f 2818/3326/2692 2820/3325/2691 2948/3250/2690
f 2816/3327/2694 2818/3326/2692 2946/3252/2693
f 2814/3328/2696 2816/3327/2694 2944/3254/2695
f 2814/3328/2696 2942/3256/2697 2940/3258/2698
f 2812/3329/2699 2940/3258/2698 2938/3260/2700
f 2810/3330/2701 2938/3260/2700 2936/3262/2702
f 2808/3331/2703 2936/3262/2702 2934/3264/2704
f 2804/3333/2706 2806/3332/2705 2934/3264/2704
f 2804/3333/2706 2932/3266/2707 2930/3268/2708
f 2802/3334/2709 2930/3268/2708 2928/3270/2710
f 2800/3335/2711 2928/3270/2710 2926/3272/2712
f 2798/3336/2713 2926/3272/2712 2924/3337/2714
f 2794/3339/2716 2796/3338/2715 2924/3337/2714
f 2794/3339/2716 2922/3275/2717 2920/3277/2718
f 2792/3340/2719 2920/3277/2718 2917/3279/2720
f 2967/3342/2722 2970/3344/2724 2969/3281/2620
f 2967/3342/2722 2915/3386/2764 2867/3343/2723
f 2970/3345/2724 2972/3347/2725 2971/3285/2625
f 2867/3346/2723 2869/3627/2936 2972/3347/2725
f 2972/3347/2725 2974/3349/2727 2973/3287/2627
f 2972/3347/2725 2869/3627/2936 2871/3348/2726
f 2973/3287/2627 2974/3349/2727 2976/3350/2728
f 2974/3349/2727 2871/3348/2726 2873/3351/2729
f 2975/3289/2630 2976/3350/2728 2978/3352/2730
f 2976/3350/2728 2873/3351/2729 2875/3353/2731
f 2977/3288/2629 2978/3352/2730 2980/3354/2732
f 2875/3353/2731 2877/3628/2937 2980/3354/2732
f 2980/3354/2732 2982/3356/2734 2981/3291/2633
f 2980/3354/2732 2877/3628/2937 2879/3355/2733
f 2981/3291/2633 2982/3356/2734 2984/3357/2735
f 2879/3355/2733 2881/3358/2736 2984/3357/2735
f 2984/3357/2735 2986/3359/2737 2985/3294/2637
f 2881/3358/2736 2883/3629/2938 2986/3359/2737
f 2986/3359/2737 2988/3361/2739 2987/3295/2639
f 2986/3359/2737 2883/3629/2938 2885/3360/2738
f 2988/3361/2739 2990/3363/2741 2989/3297/2644
f 2988/3361/2739 2885/3360/2738 2887/3362/2740
f 2989/3297/2644 2990/3363/2741 2992/3364/2742
f 2887/3362/2740 2889/3365/2743 2992/3364/2742
f 2992/3364/2742 2994/3366/2744 2993/3299/2648
f 2889/3365/2743 2891/3368/2746 2994/3366/2744
f 2993/3299/2648 2994/3366/2744 2996/3367/2745
f 2891/3368/2746 2893/3370/2748 2996/3367/2745
f 2995/3298/2647 2996/3367/2745 2998/3369/2747
f 2893/3370/2748 2895/3371/2749 2998/3369/2747
f 2998/3369/2747 3000/3372/2750 2999/3301/2651
f 2895/3371/2749 2897/3630/2939 3000/3372/2750
f 2999/3301/2651 3000/3372/2750 3002/3373/2751
f 3000/3372/2750 2897/3630/2939 2899/3374/2752
f 3001/3304/2655 3002/3373/2751 3004/3375/2753
f 2899/3374/2752 2901/3631/2940 3004/3375/2753
f 3004/3375/2753 3006/3377/2755 3005/3305/2657
f 3004/3375/2753 2901/3631/2940 2903/3376/2754
f 3005/3305/2657 3006/3377/2755 3008/3378/2756
f 2903/3376/2754 2905/3379/2757 3008/3378/2756
f 3008/3378/2756 3010/3380/2758 3009/3309/2663
f 2905/3379/2757 2907/3632/2941 3010/3380/2758
f 3010/3380/2758 3012/3382/2760 3011/3311/2666
f 3010/3380/2758 2907/3632/2941 2909/3381/2759
f 3012/3382/2760 3014/3383/2761 3013/3310/2665
f 2909/3381/2759 2911/3633/2942 3014/3383/2761
f 3013/3310/2665 3014/3383/2761 3016/3384/2762
f 3014/3383/2761 2911/3633/2942 2913/3385/2763
f 3015/3312/2667 3016/3384/2762 2967/3342/2722
f 3016/3384/2762 2913/3385/2763 2915/3386/2764
f 2840/3315/2672 2841/3388/2721 2838/3387/2765
f 2917/3175/2720 2965/3317/2674 2838/3387/2765
f 2837/3389/2766 2839/3314/2670 2838/3387/2765
f 2837/3389/2766 2963/3189/2769 2966/3191/2767
f 2835/3390/2768 2837/3389/2766 2836/3316/2673
f 2835/3390/2768 2961/3193/2943 2963/3189/2769
f 2833/3391/2770 2835/3390/2768 2834/3318/2677
f 2959/3195/2771 2961/3193/2943 2835/3390/2768
f 2830/3320/2680 2831/3392/2773 2833/3391/2770
f 2957/3196/2772 2959/3195/2771 2833/3391/2770
f 2829/3393/2774 2831/3392/2773 2830/3320/2680
f 2955/3198/2775 2957/3196/2772 2831/3392/2773
f 2827/3394/2776 2829/3393/2774 2828/3321/2682
f 2953/3200/2777 2955/3198/2775 2829/3393/2774
f 2824/3323/2687 2825/3395/2778 2827/3394/2776
f 2825/3395/2778 2951/3202/2780 2953/3200/2777
f 2822/3324/2688 2823/3396/2779 2825/3395/2778
f 2823/3396/2779 2949/3204/2944 2951/3202/2780
f 2821/3397/2781 2823/3396/2779 2822/3324/2688
f 2947/3205/2782 2949/3204/2944 2823/3396/2779
f 2818/3326/2692 2819/3398/2784 2821/3397/2781
f 2945/3207/2783 2947/3205/2782 2821/3397/2781
f 2816/3327/2694 2817/3399/2785 2819/3398/2784
f 2817/3399/2785 2943/3208/2945 2945/3207/2783
f 2814/3328/2696 2815/3400/2787 2817/3399/2785
f 2941/3210/2786 2943/3208/2945 2817/3399/2785
f 2812/3329/2699 2813/3401/2789 2815/3400/2787
f 2939/3212/2788 2941/3210/2786 2815/3400/2787
f 2810/3330/2701 2811/3402/2790 2813/3401/2789
f 2811/3402/2790 2937/3214/2792 2939/3212/2788
f 2808/3331/2703 2809/3403/2791 2811/3402/2790
f 2809/3403/2791 2935/3216/2794 2937/3214/2792
f 2807/3404/2793 2809/3403/2791 2808/3331/2703
f 2807/3404/2793 2933/3217/2796 2935/3216/2794
f 2805/3405/2795 2807/3404/2793 2806/3332/2705
f 2805/3405/2795 2931/3218/2946 2933/3217/2796
f 2802/3334/2709 2803/3406/2798 2805/3405/2795
f 2929/3220/2797 2931/3218/2946 2805/3405/2795
f 2801/3407/2799 2803/3406/2798 2802/3334/2709
f 2927/3222/2800 2929/3220/2797 2803/3406/2798
f 2799/3408/2801 2801/3407/2799 2800/3335/2711
f 2925/3225/2802 2927/3222/2800 2801/3407/2799
f 2796/3338/2715 2797/3409/2803 2799/3408/2801
f 2797/3409/2803 2923/3226/2947 2925/3225/2802
f 2795/3410/2804 2797/3409/2803 2796/3338/2715
f 2921/3227/2805 2923/3226/2947 2797/3409/2803
f 2793/3411/2806 2795/3410/2804 2794/3339/2716
f 2919/3230/2807 2921/3227/2805 2795/3410/2804
f 2840/3412/2672 2793/3411/2806 2792/3340/2719
f 2918/3231/2671 2919/3230/2807 2793/3411/2806
f 3058/3425/2820 3034/3187/2839 3019/3426/2821
f 3046/3428/2823 3026/3181/2853 3036/3429/2824
f 3052/3431/2826 3029/3183/2833 3028/3185/2827
f 3040/3433/2829 3017/3178/2848 3031/3434/2830
f 2791/3436/2832 3024/3626/2948 3029/3183/2833
f 3042/3438/2835 3019/3426/2821 3033/3186/2836
f 2787/3440/2838 3022/3188/2949 3034/3187/2839
f 3048/3442/2841 3028/3185/2827 3021/3184/2842
f 3037/3444/2822 3061/3415/2810 3062/3414/2809
f 3062/3414/2809 3063/3413/2808 3040/3446/2829
f 3041/3448/2846 3063/3634/2808 3061/3449/2810
f 3019/3426/2821 3042/3438/2835 3061/3449/2810
f 3018/3147/2847 3038/3445/2844 3062/3414/2809
f 3017/3178/2848 3040/3433/2829 3063/3450/2808
f 3064/3418/2813 3065/3417/2812 3044/3452/2849
f 3065/3417/2812 3066/3416/2811 3046/3454/2823
f 3047/3456/2851 3066/3460/2811 3064/3457/2813
f 3028/3185/2827 3048/3442/2841 3064/3459/2813
f 3027/3149/2852 3044/3452/2849 3065/3417/2812
f 3026/3181/2853 3046/3428/2823 3066/3460/2811
f 3049/3461/2831 3067/3421/2816 3068/3420/2815
f 3068/3420/2815 3069/3419/2814 3052/3463/2826
f 3069/3465/2814 3067/3635/2816 3054/3466/2856
f 3031/3434/2830 3054/3476/2856 3067/3467/2816
f 3030/3151/2857 3050/3462/2854 3068/3420/2815
f 3029/3183/2833 3052/3431/2826 3069/3465/2814
f 3055/3468/2825 3070/3424/2819 3071/3423/2818
f 3057/3470/2859 3071/3423/2818 3072/3422/2817
f 3072/3472/2817 3070/3636/2819 3060/3473/2860
f 3036/3429/2824 3060/3480/2860 3070/3474/2819
f 3035/3146/2861 3056/3469/2858 3071/3423/2818
f 3034/3187/2839 3058/3425/2820 3072/3472/2817
f 3038/3445/2844 3057/3470/2859 3058/3471/2820
f 3018/3147/2847 3035/3146/2861 3057/3470/2859
f 3056/3469/2858 3045/3455/2850 3046/3454/2823
f 3035/3146/2861 3027/3149/2852 3045/3455/2850
f 3044/3452/2849 3051/3464/2855 3052/3463/2826
f 3027/3149/2852 3030/3151/2857 3051/3464/2855
f 3050/3462/2854 3039/3447/2845 3040/3446/2829
f 3030/3151/2857 3018/3147/2847 3039/3447/2845
f 3054/3466/2856 2790/3637/2862 2791/3436/2832
f 3031/3434/2830 3025/3177/2950 2790/3475/2862
f 2789/3477/2863 3041/3448/2846 3042/3438/2835
f 3032/3179/2864 3017/3178/2848 3041/3451/2846
f 3060/3473/2860 2786/3638/2865 2787/3440/2838
f 3036/3429/2824 3023/3180/2951 2786/3479/2865
f 2785/3481/2866 3047/3456/2851 3048/3458/2841
f 3020/3182/2867 3026/3181/2853 3047/3456/2851
