# Blender 5.1.2
# www.blender.org
mtllib gabinete.mtl
o safa_pisla_coata_i_maya
v 2.785676 9.057245 1.619272
v 2.785335 9.057211 1.683050
v 2.785676 9.230243 1.619272
v 2.785496 9.230243 1.653249
v 2.785415 9.224386 1.668149
v 2.785356 9.205384 1.679057
v 2.785335 9.177470 1.683050
v 2.673575 9.059889 1.737392
v 2.728904 9.059117 1.721864
v 2.674427 9.195889 1.737397
v 2.727378 9.186030 1.722914
v 2.674960 9.281491 1.618673
v 2.729306 9.266826 1.618967
v 2.675304 9.264756 1.697665
v 2.730048 9.260362 1.684459
v 2.674202 9.246434 1.717528
v 2.727790 9.239583 1.704187
v 2.674633 9.225027 1.732074
v 2.727286 9.213407 1.718028
v 2.661675 9.059764 1.731792
v 2.714940 9.059065 1.717729
v 2.769569 9.057366 1.624720
v 2.769260 9.057335 1.682551
v 1.131250 9.057245 1.610331
v 1.130902 9.057211 1.674109
v 1.131250 9.230243 1.610331
v 1.131063 9.230243 1.644308
v 1.130982 9.224386 1.659209
v 1.130924 9.205384 1.670117
v 1.130902 9.177470 1.674109
v 1.242067 9.059889 1.729656
v 1.186910 9.059117 1.713531
v 1.241216 9.195889 1.729652
v 1.188424 9.186030 1.714597
v 1.241965 9.281491 1.610929
v 1.187621 9.266826 1.610635
v 1.240769 9.264756 1.689913
v 1.186170 9.260362 1.676116
v 1.241656 9.246434 1.709786
v 1.188216 9.239583 1.695867
v 1.241068 9.225027 1.724327
v 1.188569 9.213407 1.709713
v 1.254029 9.059764 1.724185
v 1.200918 9.059065 1.709547
v 1.147298 9.057366 1.615954
v 1.146981 9.057335 1.673784
v 2.785676 9.440928 1.619272
v 2.785335 9.440894 1.683050
v 2.785676 9.613926 1.619272
v 2.785496 9.613926 1.653249
v 2.785415 9.608069 1.668149
v 2.785356 9.589067 1.679057
v 2.785335 9.561153 1.683050
v 2.673575 9.443572 1.737392
v 2.728904 9.442801 1.721864
v 2.674427 9.579572 1.737397
v 2.727378 9.569713 1.722914
v 2.674960 9.665174 1.618673
v 2.729306 9.650509 1.618967
v 2.675304 9.648439 1.697665
v 2.730048 9.644045 1.684459
v 2.674202 9.630117 1.717528
v 2.727790 9.623266 1.704187
v 2.674633 9.608710 1.732074
v 2.727286 9.597090 1.718028
v 2.661675 9.443447 1.731792
v 2.714940 9.442748 1.717729
v 2.769569 9.441049 1.624720
v 2.769260 9.441019 1.682551
v 1.131250 9.440928 1.610331
v 1.130902 9.440894 1.674109
v 1.131250 9.613926 1.610331
v 1.131063 9.613926 1.644308
v 1.130982 9.608069 1.659209
v 1.130924 9.589067 1.670117
v 1.130902 9.561153 1.674109
v 1.242067 9.443572 1.729656
v 1.186910 9.442801 1.713531
v 1.241216 9.579572 1.729652
v 1.188424 9.569713 1.714597
v 1.241965 9.665174 1.610929
v 1.187621 9.650509 1.610635
v 1.240769 9.648439 1.689913
v 1.186170 9.644045 1.676116
v 1.241656 9.630117 1.709786
v 1.188216 9.623266 1.695867
v 1.241068 9.608710 1.724327
v 1.188569 9.597090 1.709713
v 1.254029 9.443447 1.724185
v 1.200918 9.442748 1.709547
v 1.147298 9.441049 1.615954
v 1.146981 9.441019 1.673784
v 2.785676 9.824611 1.619272
v 2.785335 9.824577 1.683050
v 2.785676 9.997609 1.619272
v 2.785496 9.997609 1.653249
v 2.785415 9.991752 1.668149
v 2.785356 9.972750 1.679057
v 2.785335 9.944836 1.683050
v 2.673575 9.827255 1.737392
v 2.728904 9.826483 1.721864
v 2.674427 9.963255 1.737397
v 2.727378 9.953396 1.722914
v 2.674960 10.048856 1.618673
v 2.729306 10.034192 1.618967
v 2.675304 10.032122 1.697665
v 2.730048 10.027728 1.684459
v 2.674202 10.013800 1.717528
v 2.727790 10.006949 1.704187
v 2.674633 9.992393 1.732074
v 2.727286 9.980772 1.718028
v 2.661675 9.827130 1.731792
v 2.714940 9.826431 1.717729
v 2.769569 9.824732 1.624720
v 2.769260 9.824701 1.682551
v 1.131250 9.824611 1.610331
v 1.130902 9.824577 1.674109
v 1.131250 9.997609 1.610331
v 1.131063 9.997609 1.644308
v 1.130982 9.991752 1.659209
v 1.130924 9.972750 1.670117
v 1.130902 9.944836 1.674109
v 1.242067 9.827255 1.729656
v 1.186910 9.826483 1.713531
v 1.241216 9.963255 1.729652
v 1.188424 9.953396 1.714597
v 1.241965 10.048856 1.610929
v 1.187621 10.034192 1.610635
v 1.240769 10.032122 1.689913
v 1.186170 10.027728 1.676116
v 1.241656 10.013800 1.709786
v 1.188216 10.006949 1.695867
v 1.241068 9.992393 1.724327
v 1.188569 9.980772 1.709713
v 1.254029 9.827130 1.724185
v 1.200918 9.826431 1.709547
v 1.147298 9.824732 1.615954
v 1.146981 9.824701 1.673784
v 2.785676 10.208294 1.619272
v 2.785335 10.208260 1.683050
v 2.785676 10.381292 1.619272
v 2.785496 10.381292 1.653249
v 2.785415 10.375435 1.668149
v 2.785356 10.356433 1.679057
v 2.785335 10.328519 1.683050
v 2.673575 10.210938 1.737392
v 2.728904 10.210166 1.721864
v 2.674427 10.346938 1.737397
v 2.727378 10.337079 1.722914
v 2.674960 10.432539 1.618673
v 2.729306 10.417875 1.618967
v 2.675304 10.415805 1.697665
v 2.730048 10.411411 1.684459
v 2.674202 10.397483 1.717528
v 2.727790 10.390632 1.704187
v 2.674633 10.376076 1.732074
v 2.727286 10.364455 1.718028
v 2.661675 10.210813 1.731792
v 2.714940 10.210114 1.717729
v 2.769569 10.208415 1.624720
v 2.769260 10.208385 1.682551
v 1.131250 10.208294 1.610331
v 1.130902 10.208260 1.674109
v 1.131250 10.381292 1.610331
v 1.131063 10.381292 1.644308
v 1.130982 10.375435 1.659209
v 1.130924 10.356433 1.670117
v 1.130902 10.328519 1.674109
v 1.242067 10.210938 1.729656
v 1.186910 10.210166 1.713531
v 1.241216 10.346938 1.729652
v 1.188424 10.337079 1.714597
v 1.241965 10.432539 1.610929
v 1.187621 10.417875 1.610635
v 1.240769 10.415805 1.689913
v 1.186170 10.411411 1.676116
v 1.241656 10.397483 1.709786
v 1.188216 10.390632 1.695867
v 1.241068 10.376076 1.724327
v 1.188569 10.364455 1.709713
v 1.254029 10.210813 1.724185
v 1.200918 10.210114 1.709547
v 1.147298 10.208415 1.615954
v 1.146981 10.208385 1.673784
v 0.610734 11.234759 1.555607
v 3.220817 11.234759 1.573930
v 0.610734 8.085552 1.555607
v 3.220817 8.085552 1.573930
v 0.921067 9.660727 1.632821
v 0.905757 9.683630 1.633261
v 0.882846 9.698933 1.633486
v 0.855824 9.704307 1.633463
v 0.828802 9.698933 1.633194
v 0.805895 9.683630 1.632721
v 0.790591 9.660727 1.632116
v 0.785220 9.633712 1.631469
v 0.790598 9.606696 1.630882
v 0.805907 9.583793 1.630442
v 0.828818 9.568490 1.630217
v 0.855841 9.563116 1.630240
v 0.882863 9.568490 1.630509
v 0.905769 9.583793 1.630982
v 0.921074 9.606696 1.631587
v 0.926445 9.633712 1.632233
v 0.920672 9.659059 1.705911
v 0.905362 9.681962 1.706350
v 0.882452 9.697265 1.706576
v 0.855429 9.702639 1.706553
v 0.828407 9.697265 1.706284
v 0.805501 9.681962 1.705811
v 0.790196 9.659059 1.705206
v 0.784824 9.632043 1.704560
v 0.790203 9.605027 1.703972
v 0.805513 9.582124 1.703532
v 0.828423 9.566821 1.703307
v 0.855446 9.561448 1.703330
v 0.882468 9.566821 1.703599
v 0.905374 9.582124 1.704072
v 0.920679 9.605027 1.704678
v 0.926051 9.632043 1.705323
v 0.855437 9.632043 1.704941
v 3.258822 10.207735 1.657990
v 3.248309 10.207735 1.642070
v 3.232503 10.207735 1.631385
v 3.213812 10.207735 1.627562
v 3.195081 10.207735 1.631183
v 3.179161 10.207735 1.641697
v 3.168476 10.207735 1.657502
v 3.164653 10.207735 1.676193
v 3.168274 10.207735 1.694925
v 3.178787 10.207735 1.710845
v 3.194592 10.207735 1.721530
v 3.213284 10.207735 1.725352
v 3.232015 10.207735 1.721732
v 3.247935 10.207735 1.711219
v 3.258620 10.207735 1.695413
v 3.262443 10.207735 1.676722
v 3.258822 10.649502 1.657990
v 3.248309 10.649502 1.642070
v 3.232503 10.649502 1.631385
v 3.213812 10.649502 1.627562
v 3.195081 10.649502 1.631183
v 3.179161 10.649502 1.641697
v 3.168476 10.649502 1.657502
v 3.164653 10.649502 1.676193
v 3.168274 10.649502 1.694925
v 3.178787 10.649502 1.710845
v 3.194592 10.649502 1.721530
v 3.213284 10.649502 1.725352
v 3.232015 10.649502 1.721732
v 3.247935 10.649502 1.711219
v 3.258620 10.649502 1.695413
v 3.262443 10.649502 1.676722
v 3.213548 10.207735 1.676458
v 3.213548 10.649502 1.676458
v 3.258822 8.566785 1.657990
v 3.248309 8.566785 1.642070
v 3.232503 8.566785 1.631385
v 3.213812 8.566785 1.627562
v 3.195081 8.566785 1.631183
v 3.179161 8.566785 1.641697
v 3.168476 8.566785 1.657502
v 3.164653 8.566785 1.676193
v 3.168274 8.566785 1.694925
v 3.178787 8.566785 1.710845
v 3.194592 8.566785 1.721530
v 3.213284 8.566785 1.725352
v 3.232015 8.566785 1.721732
v 3.247935 8.566785 1.711219
v 3.258620 8.566785 1.695413
v 3.262443 8.566785 1.676722
v 3.258822 9.008553 1.657990
v 3.248309 9.008553 1.642070
v 3.232503 9.008553 1.631385
v 3.213812 9.008553 1.627562
v 3.195081 9.008553 1.631183
v 3.179161 9.008553 1.641697
v 3.168476 9.008553 1.657502
v 3.164653 9.008553 1.676193
v 3.168274 9.008553 1.694925
v 3.178787 9.008553 1.710845
v 3.194592 9.008553 1.721530
v 3.213284 9.008553 1.725352
v 3.232015 9.008553 1.721732
v 3.247935 9.008553 1.711219
v 3.258620 9.008553 1.695413
v 3.262443 9.008553 1.676722
v 3.213548 8.566785 1.676458
v 3.213548 9.008553 1.676458
v 0.659007 8.134355 1.653642
v 0.610469 8.085552 1.604498
v 3.171448 8.134395 1.671280
v 3.220553 8.085552 1.622781
v 0.658968 11.185996 1.653642
v 0.610469 11.234759 1.604537
v 3.171488 11.185956 1.671280
v 3.220553 11.234759 1.622821
v -0.374978 5.621875 1.627555
v -0.374132 5.621841 1.691328
v -0.374978 5.794873 1.627555
v -0.374526 5.794873 1.661530
v -0.374329 5.789016 1.676429
v -0.374185 5.770015 1.687335
v -0.374132 5.742101 1.691328
v -0.484861 5.624519 1.747740
v -0.429831 5.623748 1.731186
v -0.484010 5.760520 1.747728
v -0.431337 5.750660 1.732264
v -0.485685 5.846121 1.629016
v -0.431344 5.831457 1.628299
v -0.483872 5.829387 1.707988
v -0.429383 5.824993 1.693766
v -0.484605 5.811064 1.727867
v -0.431274 5.804214 1.713531
v -0.483903 5.789658 1.742404
v -0.431520 5.778037 1.727381
v -0.496864 5.624395 1.742362
v -0.443870 5.623695 1.727311
v -0.390981 5.621997 1.633301
v -0.390214 5.621966 1.691128
v -2.029283 5.621875 1.649394
v -2.028445 5.621841 1.713166
v -2.029283 5.794873 1.649394
v -2.028838 5.794873 1.683367
v -2.028642 5.789016 1.698268
v -2.028498 5.770015 1.709175
v -2.028445 5.742101 1.713166
v -1.916266 5.624519 1.766636
v -1.971713 5.623748 1.751539
v -1.917117 5.760520 1.766648
v -1.970179 5.750660 1.752578
v -1.918576 5.846121 1.647932
v -1.972917 5.831457 1.648649
v -1.918303 5.829387 1.726923
v -1.973149 5.824993 1.714144
v -1.917047 5.811064 1.746777
v -1.970736 5.804214 1.733855
v -1.917364 5.789658 1.761327
v -1.970125 5.778037 1.747692
v -1.904408 5.624395 1.760944
v -1.957782 5.623695 1.747295
v -2.013134 5.621997 1.654716
v -2.012374 5.621966 1.712543
v -0.374978 6.005558 1.627555
v -0.374132 6.005524 1.691328
v -0.374978 6.178556 1.627555
v -0.374526 6.178556 1.661530
v -0.374329 6.172699 1.676429
v -0.374185 6.153697 1.687335
v -0.374132 6.125784 1.691328
v -0.484861 6.008203 1.747740
v -0.429831 6.007431 1.731186
v -0.484010 6.144202 1.747728
v -0.431337 6.134343 1.732264
v -0.485685 6.229804 1.629016
v -0.431344 6.215140 1.628299
v -0.483872 6.213070 1.707988
v -0.429383 6.208676 1.693766
v -0.484605 6.194747 1.727867
v -0.431274 6.187897 1.713531
v -0.483903 6.173341 1.742404
v -0.431520 6.161720 1.727381
v -0.496864 6.008078 1.742362
v -0.443870 6.007378 1.727311
v -0.390981 6.005680 1.633301
v -0.390214 6.005649 1.691128
v -2.029283 6.005558 1.649394
v -2.028445 6.005524 1.713166
v -2.029283 6.178556 1.649394
v -2.028838 6.178556 1.683367
v -2.028642 6.172699 1.698268
v -2.028498 6.153697 1.709175
v -2.028445 6.125784 1.713166
v -1.916266 6.008203 1.766636
v -1.971713 6.007431 1.751539
v -1.917117 6.144202 1.766648
v -1.970179 6.134343 1.752578
v -1.918576 6.229804 1.647932
v -1.972917 6.215140 1.648649
v -1.918303 6.213070 1.726923
v -1.973149 6.208676 1.714144
v -1.917047 6.194747 1.746777
v -1.970736 6.187897 1.733855
v -1.917364 6.173341 1.761327
v -1.970125 6.161720 1.747692
v -1.904408 6.008078 1.760944
v -1.957782 6.007378 1.747295
v -2.013134 6.005680 1.654716
v -2.012374 6.005649 1.712543
v -0.374978 6.389241 1.627555
v -0.374132 6.389207 1.691328
v -0.374978 6.562239 1.627555
v -0.374526 6.562239 1.661530
v -0.374329 6.556382 1.676429
v -0.374185 6.537380 1.687335
v -0.374132 6.509467 1.691328
v -0.484861 6.391886 1.747740
v -0.429831 6.391114 1.731186
v -0.484010 6.527885 1.747728
v -0.431337 6.518026 1.732264
v -0.485685 6.613487 1.629016
v -0.431344 6.598823 1.628299
v -0.483872 6.596753 1.707988
v -0.429383 6.592359 1.693766
v -0.484605 6.578430 1.727867
v -0.431274 6.571580 1.713531
v -0.483903 6.557024 1.742404
v -0.431520 6.545403 1.727381
v -0.496864 6.391761 1.742362
v -0.443870 6.391061 1.727311
v -0.390981 6.389363 1.633301
v -0.390214 6.389332 1.691128
v -2.029283 6.389241 1.649394
v -2.028445 6.389207 1.713166
v -2.029283 6.562239 1.649394
v -2.028838 6.562239 1.683367
v -2.028642 6.556382 1.698268
v -2.028498 6.537380 1.709175
v -2.028445 6.509467 1.713166
v -1.916266 6.391886 1.766636
v -1.971713 6.391114 1.751539
v -1.917117 6.527885 1.766648
v -1.970179 6.518026 1.752578
v -1.918576 6.613487 1.647932
v -1.972917 6.598823 1.648649
v -1.918303 6.596753 1.726923
v -1.973149 6.592359 1.714144
v -1.917047 6.578430 1.746777
v -1.970736 6.571580 1.733855
v -1.917364 6.557024 1.761327
v -1.970125 6.545403 1.747692
v -1.904408 6.391761 1.760944
v -1.957782 6.391061 1.747295
v -2.013134 6.389363 1.654716
v -2.012374 6.389332 1.712543
v -0.374978 6.772924 1.627555
v -0.374132 6.772890 1.691328
v -0.374978 6.945922 1.627555
v -0.374526 6.945922 1.661530
v -0.374329 6.940065 1.676429
v -0.374185 6.921063 1.687335
v -0.374132 6.893150 1.691328
v -0.484861 6.775568 1.747740
v -0.429831 6.774797 1.731186
v -0.484010 6.911568 1.747728
v -0.431337 6.901709 1.732264
v -0.485685 6.997170 1.629016
v -0.431344 6.982506 1.628299
v -0.483872 6.980436 1.707988
v -0.429383 6.976042 1.693766
v -0.484605 6.962113 1.727867
v -0.431274 6.955263 1.713531
v -0.483903 6.940706 1.742404
v -0.431520 6.929086 1.727381
v -0.496864 6.775444 1.742362
v -0.443870 6.774744 1.727311
v -0.390981 6.773046 1.633301
v -0.390214 6.773015 1.691128
v -2.029283 6.772924 1.649394
v -2.028445 6.772890 1.713166
v -2.029283 6.945922 1.649394
v -2.028838 6.945922 1.683367
v -2.028642 6.940065 1.698268
v -2.028498 6.921063 1.709175
v -2.028445 6.893150 1.713166
v -1.916266 6.775568 1.766636
v -1.971713 6.774797 1.751539
v -1.917117 6.911568 1.766648
v -1.970179 6.901709 1.752578
v -1.918576 6.997170 1.647932
v -1.972917 6.982506 1.648649
v -1.918303 6.980436 1.726923
v -1.973149 6.976042 1.714144
v -1.917047 6.962113 1.746777
v -1.970736 6.955263 1.733855
v -1.917364 6.940706 1.761327
v -1.970125 6.929086 1.747692
v -1.904408 6.775444 1.760944
v -1.957782 6.774744 1.747295
v -2.013134 6.773046 1.654716
v -2.012374 6.773015 1.712543
v -2.550727 7.799390 1.604361
v 0.059245 7.799390 1.574126
v -2.550727 4.650183 1.604362
v 0.059245 4.650183 1.574127
v -2.239012 6.225358 1.675789
v -2.254311 6.248261 1.676514
v -2.277213 6.263564 1.677165
v -2.304232 6.268938 1.677644
v -2.331254 6.263564 1.677878
v -2.354165 6.248261 1.677832
v -2.369478 6.225358 1.677510
v -2.374861 6.198342 1.676965
v -2.369495 6.171326 1.676278
v -2.354196 6.148423 1.675552
v -2.331293 6.133120 1.674901
v -2.304275 6.127746 1.674422
v -2.277253 6.133120 1.674188
v -2.254341 6.148423 1.674235
v -2.239028 6.171326 1.674556
v -2.233645 6.198342 1.675101
v -2.238047 6.223690 1.748873
v -2.253346 6.246592 1.749598
v -2.276248 6.261896 1.750250
v -2.303267 6.267269 1.750728
v -2.330289 6.261896 1.750964
v -2.353200 6.246592 1.750916
v -2.368514 6.223690 1.750596
v -2.373897 6.196674 1.750049
v -2.368530 6.169658 1.749362
v -2.353231 6.146755 1.748638
v -2.330329 6.131452 1.747987
v -2.303309 6.126078 1.747506
v -2.276288 6.131452 1.747272
v -2.253376 6.146755 1.747320
v -2.238063 6.169658 1.747640
v -2.232680 6.196674 1.748186
v -2.303289 6.196674 1.749117
v 0.098807 6.772365 1.657465
v 0.087999 6.772365 1.641744
v 0.071998 6.772365 1.631353
v 0.053238 6.772365 1.627879
v 0.034578 6.772365 1.631848
v 0.018856 6.772365 1.642655
v 0.008467 6.772365 1.658658
v 0.004992 6.772365 1.677417
v 0.008961 6.772365 1.696077
v 0.019769 6.772365 1.711799
v 0.035770 6.772365 1.722188
v 0.054529 6.772365 1.725662
v 0.073190 6.772365 1.721694
v 0.088912 6.772365 1.710886
v 0.099301 6.772365 1.694885
v 0.102776 6.772365 1.676126
v 0.098807 7.214132 1.657464
v 0.087999 7.214132 1.641743
v 0.071998 7.214132 1.631353
v 0.053238 7.214132 1.627878
v 0.034578 7.214132 1.631847
v 0.018856 7.214132 1.642655
v 0.008467 7.214132 1.658657
v 0.004992 7.214132 1.677416
v 0.008961 7.214132 1.696077
v 0.019769 7.214132 1.711798
v 0.035770 7.214132 1.722187
v 0.054529 7.214132 1.725662
v 0.073190 7.214132 1.721694
v 0.088912 7.214132 1.710886
v 0.099301 7.214132 1.694884
v 0.102776 7.214132 1.676125
v 0.053884 6.772365 1.676771
v 0.053884 7.214132 1.676770
v 0.098807 5.131416 1.657465
v 0.087999 5.131416 1.641744
v 0.071998 5.131416 1.631354
v 0.053238 5.131416 1.627879
v 0.034578 5.131416 1.631848
v 0.018856 5.131416 1.642656
v 0.008467 5.131416 1.658658
v 0.004992 5.131416 1.677417
v 0.008961 5.131416 1.696078
v 0.019769 5.131416 1.711799
v 0.035770 5.131416 1.722188
v 0.054529 5.131416 1.725663
v 0.073190 5.131416 1.721695
v 0.088912 5.131416 1.710887
v 0.099301 5.131416 1.694885
v 0.102776 5.131416 1.676126
v 0.098807 5.573183 1.657465
v 0.087999 5.573183 1.641744
v 0.071998 5.573183 1.631353
v 0.053238 5.573183 1.627879
v 0.034578 5.573183 1.631848
v 0.018856 5.573183 1.642655
v 0.008467 5.573183 1.658658
v 0.004992 5.573183 1.677417
v 0.008961 5.573183 1.696077
v 0.019769 5.573183 1.711799
v 0.035770 5.573183 1.722188
v 0.054529 5.573183 1.725662
v 0.073190 5.573183 1.721694
v 0.088912 5.573183 1.710886
v 0.099301 5.573183 1.694885
v 0.102776 5.573183 1.676126
v 0.053884 5.131416 1.676771
v 0.053884 5.573183 1.676771
v -2.500639 4.698986 1.701482
v -2.550083 4.650183 1.653249
v 0.011696 4.699025 1.672378
v 0.059890 4.650183 1.622974
v -2.500678 7.750627 1.701482
v -2.550082 7.799390 1.653287
v 0.011735 7.750587 1.672376
v 0.059890 7.799390 1.623013
v -2.599391 1.251123 1.670433
v -2.596162 0.971698 1.670433
v 3.254642 1.321771 1.670433
v 3.257872 1.042346 1.670433
v 3.254642 1.321771 -1.670433
v 3.257872 1.042346 -1.670433
v -2.599391 1.251123 -1.670433
v -2.596162 0.971698 -1.670433
v 3.243576 0.440798 1.670433
v 3.523019 0.440798 1.670433
v 3.243576 11.468634 1.670432
v 3.523019 11.468634 1.670432
v 3.243576 11.468634 -1.670434
v 3.523019 11.468634 -1.670434
v 3.243576 0.440798 -1.670433
v 3.523019 0.440798 -1.670433
v -0.317433 9.057245 1.889089
v -0.280310 9.057211 1.940950
v -0.317433 9.230243 1.889089
v -0.297655 9.230243 1.916716
v -0.288982 9.224386 1.928833
v -0.282634 9.205384 1.937703
v -0.280310 9.177470 1.940950
v -0.338970 9.059889 2.050505
v -0.303259 9.059117 2.005482
v -0.338277 9.195889 2.050009
v -0.303879 9.186030 2.007227
v -0.407466 9.281491 1.953528
v -0.363273 9.266826 1.921898
v -0.360866 9.264756 2.017312
v -0.324266 9.260362 1.974512
v -0.350111 9.246434 2.034047
v -0.314527 9.239583 1.991816
v -0.341232 9.225027 2.045577
v -0.306818 9.213407 2.003323
v -0.351893 9.059764 2.052947
v -0.316994 9.059065 2.010321
v -0.327285 9.057366 1.902947
v -0.293623 9.057335 1.949972
v -1.662788 9.057245 2.852014
v -1.625670 9.057211 2.903879
v -1.662788 9.230243 2.852014
v -1.643015 9.230243 2.879645
v -1.634343 9.224386 2.891763
v -1.627994 9.205384 2.900633
v -1.625670 9.177470 2.903879
v -1.503051 9.059889 2.883685
v -1.557185 9.059117 2.902968
v -1.503744 9.195889 2.884180
v -1.555333 9.186030 2.902944
v -1.572756 9.281491 2.787574
v -1.616949 9.266826 2.819204
v -1.527409 9.264756 2.852254
v -1.579725 9.260362 2.873095
v -1.515036 9.246434 2.867831
v -1.566486 9.239583 2.887894
v -1.506986 9.225027 2.879954
v -1.558081 9.213407 2.898902
v -1.496571 9.059764 2.872239
v -1.548175 9.059065 2.891527
v -1.646492 9.057366 2.847158
v -1.612836 9.057335 2.894187
v -0.317433 9.440928 1.889089
v -0.280310 9.440894 1.940950
v -0.317433 9.613926 1.889089
v -0.297655 9.613926 1.916716
v -0.288982 9.608069 1.928833
v -0.282634 9.589067 1.937703
v -0.280310 9.561153 1.940950
v -0.338970 9.443572 2.050505
v -0.303259 9.442801 2.005482
v -0.338277 9.579572 2.050009
v -0.303879 9.569713 2.007227
v -0.407466 9.665174 1.953528
v -0.363273 9.650509 1.921898
v -0.360866 9.648439 2.017312
v -0.324266 9.644045 1.974512
v -0.350111 9.630117 2.034047
v -0.314527 9.623266 1.991816
v -0.341232 9.608710 2.045577
v -0.306818 9.597090 2.003323
v -0.351893 9.443447 2.052947
v -0.316994 9.442748 2.010321
v -0.327285 9.441049 1.902947
v -0.293623 9.441019 1.949972
v -1.662788 9.440928 2.852014
v -1.625670 9.440894 2.903879
v -1.662788 9.613926 2.852014
v -1.643015 9.613926 2.879645
v -1.634343 9.608069 2.891763
v -1.627994 9.589067 2.900633
v -1.625670 9.561153 2.903879
v -1.503051 9.443572 2.883685
v -1.557185 9.442801 2.902968
v -1.503744 9.579572 2.884180
v -1.555333 9.569713 2.902944
v -1.572756 9.665174 2.787574
v -1.616949 9.650509 2.819204
v -1.527409 9.648439 2.852254
v -1.579725 9.644045 2.873095
v -1.515036 9.630117 2.867831
v -1.566486 9.623266 2.887894
v -1.506986 9.608710 2.879954
v -1.558081 9.597090 2.898902
v -1.496571 9.443447 2.872239
v -1.548175 9.442748 2.891527
v -1.646492 9.441049 2.847158
v -1.612836 9.441019 2.894187
v -0.317433 9.824611 1.889089
v -0.280310 9.824577 1.940950
v -0.317433 9.997609 1.889089
v -0.297655 9.997609 1.916716
v -0.288982 9.991752 1.928833
v -0.282634 9.972750 1.937703
v -0.280310 9.944836 1.940950
v -0.338970 9.827255 2.050505
v -0.303259 9.826483 2.005482
v -0.338277 9.963255 2.050009
v -0.303879 9.953396 2.007227
v -0.407466 10.048856 1.953528
v -0.363273 10.034192 1.921898
v -0.360866 10.032122 2.017312
v -0.324266 10.027728 1.974512
v -0.350111 10.013800 2.034047
v -0.314527 10.006949 1.991816
v -0.341232 9.992393 2.045577
v -0.306818 9.980772 2.003323
v -0.351893 9.827130 2.052947
v -0.316994 9.826431 2.010321
v -0.327285 9.824732 1.902947
v -0.293623 9.824701 1.949972
v -1.662788 9.824611 2.852014
v -1.625670 9.824577 2.903879
v -1.662788 9.997609 2.852014
v -1.643015 9.997609 2.879645
v -1.634343 9.991752 2.891763
v -1.627994 9.972750 2.900633
v -1.625670 9.944836 2.903879
v -1.503051 9.827255 2.883685
v -1.557185 9.826483 2.902968
v -1.503744 9.963255 2.884180
v -1.555333 9.953396 2.902944
v -1.572756 10.048856 2.787574
v -1.616949 10.034192 2.819204
v -1.527409 10.032122 2.852254
v -1.579725 10.027728 2.873095
v -1.515036 10.013800 2.867831
v -1.566486 10.006949 2.887894
v -1.506986 9.992393 2.879954
v -1.558081 9.980772 2.898902
v -1.496571 9.827130 2.872239
v -1.548175 9.826431 2.891527
v -1.646492 9.824732 2.847158
v -1.612836 9.824701 2.894187
v -0.317433 10.208294 1.889089
v -0.280310 10.208260 1.940950
v -0.317433 10.381292 1.889089
v -0.297655 10.381292 1.916716
v -0.288982 10.375435 1.928833
v -0.282634 10.356433 1.937703
v -0.280310 10.328519 1.940950
v -0.338970 10.210938 2.050505
v -0.303259 10.210166 2.005482
v -0.338277 10.346938 2.050009
v -0.303879 10.337079 2.007227
v -0.407466 10.432539 1.953528
v -0.363273 10.417875 1.921898
v -0.360866 10.415805 2.017312
v -0.324266 10.411411 1.974512
v -0.350111 10.397483 2.034047
v -0.314527 10.390632 1.991816
v -0.341232 10.376076 2.045577
v -0.306818 10.364455 2.003323
v -0.351893 10.210813 2.052947
v -0.316994 10.210114 2.010321
v -0.327285 10.208415 1.902947
v -0.293623 10.208385 1.949972
v -1.662788 10.208294 2.852014
v -1.625670 10.208260 2.903879
v -1.662788 10.381292 2.852014
v -1.643015 10.381292 2.879645
v -1.634343 10.375435 2.891763
v -1.627994 10.356433 2.900633
v -1.625670 10.328519 2.903879
v -1.503051 10.210938 2.883685
v -1.557185 10.210166 2.902968
v -1.503744 10.346938 2.884180
v -1.555333 10.337079 2.902944
v -1.572756 10.432539 2.787574
v -1.616949 10.417875 2.819204
v -1.527409 10.415805 2.852254
v -1.579725 10.411411 2.873095
v -1.515036 10.397483 2.867831
v -1.566486 10.390632 2.887894
v -1.506986 10.376076 2.879954
v -1.558081 10.364455 2.898902
v -1.496571 10.210813 2.872239
v -1.548175 10.210114 2.891527
v -1.646492 10.208415 2.847158
v -1.612836 10.208385 2.894187
v -2.116505 11.234759 3.112921
v 0.008450 11.234759 1.597191
v -2.116505 8.085552 3.112921
v 0.008450 8.085552 1.597191
v -1.819852 9.660727 2.993484
v -1.831995 9.683630 3.002818
v -1.850421 9.698933 3.016435
v -1.872324 9.704307 3.032263
v -1.894369 9.698933 3.047891
v -1.913201 9.683630 3.060940
v -1.925953 9.660727 3.069425
v -1.930683 9.633712 3.072051
v -1.926671 9.606696 3.068422
v -1.914528 9.583793 3.059087
v -1.896102 9.568490 3.045470
v -1.874200 9.563116 3.029642
v -1.852154 9.568490 3.014014
v -1.833322 9.583793 3.000965
v -1.820570 9.606696 2.992480
v -1.815840 9.633712 2.989853
v -1.777312 9.659059 3.052919
v -1.789454 9.681962 3.062253
v -1.807880 9.697265 3.075871
v -1.829783 9.702639 3.091698
v -1.851828 9.697265 3.107327
v -1.870661 9.681962 3.120376
v -1.883412 9.659059 3.128860
v -1.888143 9.632043 3.131487
v -1.884130 9.605027 3.127857
v -1.871987 9.582124 3.118523
v -1.853562 9.566821 3.104906
v -1.831658 9.561448 3.089078
v -1.809613 9.566821 3.073450
v -1.790781 9.582124 3.060400
v -1.778029 9.605027 3.051917
v -1.773299 9.632043 3.049289
v -1.830721 9.632043 3.090388
v 0.088528 10.207735 1.642995
v 0.070676 10.207735 1.636265
v 0.051608 10.207735 1.636878
v 0.034225 10.207735 1.644742
v 0.021176 10.207735 1.658659
v 0.014446 10.207735 1.676511
v 0.015060 10.207735 1.695579
v 0.022923 10.207735 1.712961
v 0.036841 10.207735 1.726011
v 0.054692 10.207735 1.732741
v 0.073761 10.207735 1.732128
v 0.091143 10.207735 1.724264
v 0.104192 10.207735 1.710347
v 0.110923 10.207735 1.692495
v 0.110309 10.207735 1.673427
v 0.102445 10.207735 1.656044
v 0.088528 10.649502 1.642995
v 0.070676 10.649502 1.636265
v 0.051608 10.649502 1.636878
v 0.034225 10.649502 1.644742
v 0.021176 10.649502 1.658659
v 0.014446 10.649502 1.676511
v 0.015060 10.649502 1.695579
v 0.022923 10.649502 1.712961
v 0.036841 10.649502 1.726011
v 0.054692 10.649502 1.732741
v 0.073761 10.649502 1.732128
v 0.091143 10.649502 1.724264
v 0.104192 10.649502 1.710347
v 0.110923 10.649502 1.692495
v 0.110309 10.649502 1.673427
v 0.102445 10.649502 1.656044
v 0.062684 10.207735 1.684503
v 0.062684 10.649502 1.684503
v 0.088528 8.566785 1.642995
v 0.070676 8.566785 1.636265
v 0.051608 8.566785 1.636878
v 0.034225 8.566785 1.644742
v 0.021176 8.566785 1.658659
v 0.014446 8.566785 1.676511
v 0.015060 8.566785 1.695579
v 0.022923 8.566785 1.712961
v 0.036841 8.566785 1.726011
v 0.054692 8.566785 1.732741
v 0.073761 8.566785 1.732128
v 0.091143 8.566785 1.724264
v 0.104192 8.566785 1.710347
v 0.110923 8.566785 1.692495
v 0.110309 8.566785 1.673427
v 0.102445 8.566785 1.656044
v 0.088528 9.008553 1.642995
v 0.070676 9.008553 1.636265
v 0.051608 9.008553 1.636878
v 0.034225 9.008553 1.644742
v 0.021176 9.008553 1.658659
v 0.014446 9.008553 1.676511
v 0.015060 9.008553 1.695579
v 0.022923 9.008553 1.712961
v 0.036841 9.008553 1.726011
v 0.054692 9.008553 1.732741
v 0.073761 9.008553 1.732128
v 0.091143 9.008553 1.724264
v 0.104192 9.008553 1.710347
v 0.110923 9.008553 1.692495
v 0.110309 9.008553 1.673427
v 0.102445 9.008553 1.656044
v 0.062684 8.566785 1.684503
v 0.062684 9.008553 1.684503
v -2.019915 8.134355 3.164023
v -2.088050 8.085552 3.152678
v 0.025547 8.134395 1.704996
v 0.036883 8.085552 1.636916
v -2.019947 11.185996 3.164046
v -2.088027 11.234759 3.152710
v 0.025579 11.185956 1.704973
v 0.036906 11.234759 1.636948
v -2.871538 0.440798 1.670433
v -2.592095 0.440798 1.670433
v -2.871538 11.554378 1.670432
v -2.592095 11.554378 1.670432
v -2.871538 11.554378 -1.670434
v -2.592095 11.554378 -1.670434
v -2.871538 0.440798 -1.670433
v -2.592095 0.440798 -1.670433
v -2.596741 4.639153 1.655813
v -2.593511 4.359728 1.655813
v 3.240490 4.707397 1.670433
v 3.243720 4.427972 1.670433
v 3.240490 4.707397 -1.670433
v 3.243720 4.427972 -1.670433
v -2.596741 4.639153 -1.685053
v -2.593511 4.359728 -1.685053
v -2.912628 1.162331 -1.678547
v 3.459762 1.162331 -1.678547
v -2.912628 11.398483 -1.678548
v 3.459762 11.398483 -1.678548
v -2.912628 11.398483 -1.760104
v 3.459762 11.398483 -1.760104
v -2.912628 1.162331 -1.760103
v 3.459762 1.162331 -1.760103
v -2.598143 11.551579 1.680889
v -2.600522 11.272146 1.680889
v 3.234410 11.500772 1.670432
v 3.232031 11.221339 1.670432
v 3.234410 11.500772 -1.670434
v 3.232031 11.221339 -1.670434
v -2.598143 11.551579 -1.659976
v -2.600522 11.272146 -1.659976
v -2.601959 8.048372 1.647328
v -2.598729 7.768947 1.647328
v 3.241155 8.117079 1.670432
v 3.244384 7.837654 1.670432
v 3.241155 8.117079 -1.670434
v 3.244384 7.837654 -1.670434
v -2.601959 8.048372 -1.693537
v -2.598729 7.768947 -1.693537
v 2.794633 5.621875 1.767256
v 2.815158 5.621841 1.827643
v 2.794633 5.794873 1.767256
v 2.805569 5.794873 1.799425
v 2.810363 5.789016 1.813534
v 2.813873 5.770015 1.823861
v 2.815158 5.742101 1.827643
v 2.727300 5.624519 1.915529
v 2.774514 5.623748 1.882769
v 2.728106 5.760520 1.915256
v 2.773415 5.750660 1.884261
v 2.689804 5.846121 1.802878
v 2.741260 5.831457 1.785393
v 2.715948 5.829387 1.877421
v 2.763369 5.824993 1.847044
v 2.721399 5.811064 1.896551
v 2.767683 5.804214 1.866428
v 2.726561 5.789658 1.910159
v 2.771731 5.778037 1.879673
v 2.714223 5.624395 1.914127
v 2.759965 5.623695 1.883427
v 2.781192 5.621997 1.777671
v 2.799803 5.621966 1.832425
v 1.228161 5.621875 2.299580
v 1.248679 5.621841 2.359968
v 1.228161 5.794873 2.299580
v 1.239090 5.794873 2.331752
v 1.243885 5.789016 2.345860
v 1.247395 5.770015 2.356189
v 1.248679 5.742101 2.359968
v 1.371894 5.624519 2.376128
v 1.314496 5.623748 2.378917
v 1.371088 5.760520 2.376403
v 1.316276 5.750660 2.379431
v 1.332990 5.846121 2.263956
v 1.281535 5.831457 2.281441
v 1.357676 5.829387 2.338993
v 1.301567 5.824993 2.343800
v 1.365011 5.811064 2.357485
v 1.309956 5.804214 2.361798
v 1.369208 5.789658 2.371418
v 1.314816 5.778037 2.374767
v 1.381410 5.624395 2.367048
v 1.326432 5.623695 2.370574
v 1.245165 5.621997 2.299649
v 1.263769 5.621966 2.354406
v 2.794633 6.005558 1.767256
v 2.815158 6.005524 1.827643
v 2.794633 6.178556 1.767256
v 2.805569 6.178556 1.799425
v 2.810363 6.172699 1.813534
v 2.813873 6.153697 1.823861
v 2.815158 6.125784 1.827643
v 2.727300 6.008203 1.915529
v 2.774514 6.007431 1.882769
v 2.728106 6.144202 1.915256
v 2.773415 6.134343 1.884261
v 2.689804 6.229804 1.802878
v 2.741260 6.215140 1.785393
v 2.715948 6.213070 1.877421
v 2.763369 6.208676 1.847044
v 2.721399 6.194747 1.896551
v 2.767683 6.187897 1.866428
v 2.726561 6.173341 1.910159
v 2.771731 6.161720 1.879673
v 2.714223 6.008078 1.914127
v 2.759965 6.007378 1.883427
v 2.781192 6.005680 1.777671
v 2.799803 6.005649 1.832425
v 1.228161 6.005558 2.299580
v 1.248679 6.005524 2.359968
v 1.228161 6.178556 2.299580
v 1.239090 6.178556 2.331752
v 1.243885 6.172699 2.345860
v 1.247395 6.153697 2.356189
v 1.248679 6.125784 2.359968
v 1.371894 6.008203 2.376128
v 1.314496 6.007431 2.378917
v 1.371088 6.144202 2.376403
v 1.316276 6.134343 2.379431
v 1.332990 6.229804 2.263956
v 1.281535 6.215140 2.281441
v 1.357676 6.213070 2.338993
v 1.301567 6.208676 2.343800
v 1.365011 6.194747 2.357485
v 1.309956 6.187897 2.361798
v 1.369208 6.173341 2.371418
v 1.314816 6.161720 2.374767
v 1.381410 6.008078 2.367048
v 1.326432 6.007378 2.370574
v 1.245165 6.005680 2.299649
v 1.263769 6.005649 2.354406
v 2.794633 6.389241 1.767256
v 2.815158 6.389207 1.827643
v 2.794633 6.562239 1.767256
v 2.805569 6.562239 1.799425
v 2.810363 6.556382 1.813534
v 2.813873 6.537380 1.823861
v 2.815158 6.509467 1.827643
v 2.727300 6.391886 1.915529
v 2.774514 6.391114 1.882769
v 2.728106 6.527885 1.915256
v 2.773415 6.518026 1.884261
v 2.689804 6.613487 1.802878
v 2.741260 6.598823 1.785393
v 2.715948 6.596753 1.877421
v 2.763369 6.592359 1.847044
v 2.721399 6.578430 1.896551
v 2.767683 6.571580 1.866428
v 2.726561 6.557024 1.910159
v 2.771731 6.545403 1.879673
v 2.714223 6.391761 1.914127
v 2.759965 6.391061 1.883427
v 2.781192 6.389363 1.777671
v 2.799803 6.389332 1.832425
v 1.228161 6.389241 2.299580
v 1.248679 6.389207 2.359968
v 1.228161 6.562239 2.299580
v 1.239090 6.562239 2.331752
v 1.243885 6.556382 2.345860
v 1.247395 6.537380 2.356189
v 1.248679 6.509467 2.359968
v 1.371894 6.391886 2.376128
v 1.314496 6.391114 2.378917
v 1.371088 6.527885 2.376403
v 1.316276 6.518026 2.379431
v 1.332990 6.613487 2.263956
v 1.281535 6.598823 2.281441
v 1.357676 6.596753 2.338993
v 1.301567 6.592359 2.343800
v 1.365011 6.578430 2.357485
v 1.309956 6.571580 2.361798
v 1.369208 6.557024 2.371418
v 1.314816 6.545403 2.374767
v 1.381410 6.391761 2.367048
v 1.326432 6.391061 2.370574
v 1.245165 6.389363 2.299649
v 1.263769 6.389332 2.354406
v 2.794633 6.772924 1.767256
v 2.815158 6.772890 1.827643
v 2.794633 6.945922 1.767256
v 2.805569 6.945922 1.799425
v 2.810363 6.940065 1.813534
v 2.813873 6.921063 1.823861
v 2.815158 6.893150 1.827643
v 2.727300 6.775568 1.915529
v 2.774514 6.774797 1.882769
v 2.728106 6.911568 1.915256
v 2.773415 6.901709 1.884261
v 2.689804 6.997170 1.802878
v 2.741260 6.982506 1.785393
v 2.715948 6.980436 1.877421
v 2.763369 6.976042 1.847044
v 2.721399 6.962113 1.896551
v 2.767683 6.955263 1.866428
v 2.726561 6.940706 1.910159
v 2.771731 6.929086 1.879673
v 2.714223 6.775444 1.914127
v 2.759965 6.774744 1.883427
v 2.781192 6.773046 1.777671
v 2.799803 6.773015 1.832425
v 1.228161 6.772924 2.299580
v 1.248679 6.772890 2.359968
v 1.228161 6.945922 2.299580
v 1.239090 6.945922 2.331752
v 1.243885 6.940065 2.345860
v 1.247395 6.921063 2.356189
v 1.248679 6.893150 2.359968
v 1.371894 6.775568 2.376128
v 1.314496 6.774797 2.378917
v 1.371088 6.911568 2.376403
v 1.316276 6.901709 2.379431
v 1.332990 6.997170 2.263956
v 1.281535 6.982506 2.281441
v 1.357676 6.980436 2.338993
v 1.301567 6.976042 2.343800
v 1.365011 6.962113 2.357485
v 1.309956 6.955263 2.361798
v 1.369208 6.940706 2.371418
v 1.314816 6.929086 2.374767
v 1.381410 6.775444 2.367048
v 1.326432 6.774744 2.370574
v 1.245165 6.773046 2.299649
v 1.263769 6.773015 2.354406
v 0.718349 7.799390 2.418000
v 3.191053 7.799390 1.582172
v 0.718349 4.650183 2.418000
v 3.191053 4.650183 1.582173
v 1.036874 6.225358 2.389535
v 1.022549 6.248261 2.394956
v 1.000970 6.263564 2.402657
v 0.975424 6.268938 2.411468
v 0.949799 6.263564 2.420047
v 0.927996 6.248261 2.427087
v 0.913334 6.225358 2.431516
v 0.908047 6.198342 2.432662
v 0.912938 6.171326 2.430350
v 0.927262 6.148423 2.424928
v 0.948841 6.133120 2.417228
v 0.974387 6.127746 2.408417
v 1.000013 6.133120 2.399837
v 1.021815 6.148423 2.392797
v 1.036477 6.171326 2.388367
v 1.041765 6.198342 2.387222
v 1.060391 6.223690 2.458740
v 1.046066 6.246592 2.464159
v 1.024488 6.261896 2.471862
v 0.998942 6.267269 2.480673
v 0.973317 6.261896 2.489250
v 0.951513 6.246592 2.496290
v 0.936852 6.223690 2.500721
v 0.931564 6.196674 2.501868
v 0.936455 6.169658 2.499553
v 0.950780 6.146755 2.494133
v 0.972358 6.131452 2.486433
v 0.997905 6.126078 2.477621
v 1.023530 6.131452 2.469043
v 1.045333 6.146755 2.462003
v 1.059994 6.169658 2.457572
v 1.065282 6.196674 2.456427
v 0.998423 6.196674 2.479146
v 3.254446 6.772365 1.649194
v 3.239307 6.772365 1.637583
v 3.220877 6.772365 1.632653
v 3.201962 6.772365 1.635149
v 3.185443 6.772365 1.644693
v 3.173835 6.772365 1.659832
v 3.168903 6.772365 1.678262
v 3.171399 6.772365 1.697177
v 3.180944 6.772365 1.713696
v 3.196083 6.772365 1.725304
v 3.214513 6.772365 1.730237
v 3.233427 6.772365 1.727740
v 3.249947 6.772365 1.718196
v 3.261556 6.772365 1.703057
v 3.266487 6.772365 1.684627
v 3.263991 6.772365 1.665712
v 3.254446 7.214132 1.649193
v 3.239307 7.214132 1.637583
v 3.220877 7.214132 1.632652
v 3.201962 7.214132 1.635148
v 3.185443 7.214132 1.644693
v 3.173835 7.214132 1.659832
v 3.168903 7.214132 1.678262
v 3.171399 7.214132 1.697176
v 3.180944 7.214132 1.713695
v 3.196083 7.214132 1.725304
v 3.214513 7.214132 1.730236
v 3.233427 7.214132 1.727739
v 3.249947 7.214132 1.718195
v 3.261556 7.214132 1.703056
v 3.266487 7.214132 1.684626
v 3.263991 7.214132 1.665711
v 3.217695 6.772365 1.681445
v 3.217695 7.214132 1.681444
v 3.254446 5.131416 1.649194
v 3.239307 5.131416 1.637584
v 3.220877 5.131416 1.632653
v 3.201962 5.131416 1.635149
v 3.185443 5.131416 1.644694
v 3.173835 5.131416 1.659833
v 3.168903 5.131416 1.678263
v 3.171399 5.131416 1.697177
v 3.180944 5.131416 1.713696
v 3.196083 5.131416 1.725305
v 3.214513 5.131416 1.730237
v 3.233427 5.131416 1.727740
v 3.249947 5.131416 1.718196
v 3.261556 5.131416 1.703057
v 3.266487 5.131416 1.684627
v 3.263991 5.131416 1.665712
v 3.254446 5.573183 1.649194
v 3.239307 5.573183 1.637583
v 3.220877 5.573183 1.632653
v 3.201962 5.573183 1.635149
v 3.185443 5.573183 1.644693
v 3.173835 5.573183 1.659832
v 3.168903 5.573183 1.678262
v 3.171399 5.573183 1.697177
v 3.180944 5.573183 1.713696
v 3.196083 5.573183 1.725304
v 3.214513 5.573183 1.730237
v 3.233427 5.573183 1.727740
v 3.249947 5.573183 1.718196
v 3.261556 5.573183 1.703057
v 3.266487 5.573183 1.684627
v 3.263991 5.573183 1.665712
v 3.217695 5.131416 1.681445
v 3.217695 5.573183 1.681445
v 0.796014 4.698986 2.494872
v 0.734080 4.650183 2.464292
v 3.176216 4.699025 1.690312
v 3.206771 4.650183 1.628427
v 0.795977 7.750627 2.494884
v 0.734092 7.799390 2.464329
v 3.176253 7.750587 1.690299
v 3.206783 7.799390 1.628464
v 0.058093 1.272290 1.670433
v 0.600418 1.272290 1.670433
v 0.058093 11.271540 1.670432
v 0.600418 11.271540 1.670432
v 0.058093 11.271540 -1.670434
v 0.600418 11.271540 -1.670434
v 0.058093 1.272290 -1.670433
v 0.600418 1.272290 -1.670433
v -0.394798 2.229273 1.627555
v -0.393952 2.229239 1.691328
v -0.394798 2.402271 1.627555
v -0.394346 2.402271 1.661530
v -0.394149 2.396414 1.676429
v -0.394005 2.377412 1.687336
v -0.393952 2.349498 1.691328
v -0.504681 2.231917 1.747740
v -0.449651 2.231146 1.731186
v -0.503830 2.367917 1.747729
v -0.451157 2.358058 1.732264
v -0.505505 2.453519 1.629016
v -0.451164 2.438855 1.628299
v -0.503692 2.436785 1.707988
v -0.449203 2.432391 1.693766
v -0.504425 2.418462 1.727868
v -0.451094 2.411611 1.713532
v -0.503723 2.397055 1.742404
v -0.451340 2.385435 1.727381
v -0.516684 2.231792 1.742363
v -0.463690 2.231093 1.727311
v -0.410801 2.229395 1.633302
v -0.410034 2.229364 1.691129
v -2.049103 2.229273 1.649394
v -2.048265 2.229239 1.713167
v -2.049103 2.402271 1.649394
v -2.048658 2.402271 1.683368
v -2.048462 2.396414 1.698268
v -2.048318 2.377412 1.709175
v -2.048265 2.349498 1.713167
v -1.936086 2.231917 1.766636
v -1.991533 2.231146 1.751540
v -1.936937 2.367917 1.766648
v -1.989999 2.358058 1.752578
v -1.938396 2.453519 1.647932
v -1.992737 2.438855 1.648649
v -1.938123 2.436785 1.726924
v -1.992969 2.432391 1.714145
v -1.936867 2.418462 1.746777
v -1.990557 2.411611 1.733855
v -1.937184 2.397055 1.761327
v -1.989945 2.385435 1.747692
v -1.924228 2.231792 1.760944
v -1.977602 2.231093 1.747296
v -2.032954 2.229395 1.654716
v -2.032194 2.229364 1.712543
v -0.394798 2.612956 1.627555
v -0.393952 2.612922 1.691328
v -0.394798 2.785954 1.627555
v -0.394346 2.785954 1.661530
v -0.394149 2.780097 1.676429
v -0.394005 2.761095 1.687336
v -0.393952 2.733181 1.691328
v -0.504681 2.615600 1.747740
v -0.449651 2.614829 1.731186
v -0.503830 2.751600 1.747729
v -0.451157 2.741741 1.732264
v -0.505505 2.837202 1.629016
v -0.451164 2.822538 1.628299
v -0.503692 2.820468 1.707988
v -0.449203 2.816074 1.693766
v -0.504425 2.802145 1.727868
v -0.451094 2.795294 1.713532
v -0.503723 2.780738 1.742404
v -0.451340 2.769118 1.727381
v -0.516684 2.615475 1.742363
v -0.463690 2.614776 1.727311
v -0.410801 2.613078 1.633302
v -0.410034 2.613047 1.691129
v -2.049103 2.612956 1.649394
v -2.048265 2.612922 1.713167
v -2.049103 2.785954 1.649394
v -2.048658 2.785954 1.683368
v -2.048462 2.780097 1.698268
v -2.048318 2.761095 1.709175
v -2.048265 2.733181 1.713167
v -1.936086 2.615600 1.766636
v -1.991533 2.614829 1.751540
v -1.936937 2.751600 1.766648
v -1.989999 2.741741 1.752578
v -1.938396 2.837202 1.647932
v -1.992737 2.822538 1.648649
v -1.938123 2.820468 1.726924
v -1.992969 2.816074 1.714145
v -1.936867 2.802145 1.746777
v -1.990557 2.795294 1.733855
v -1.937184 2.780738 1.761327
v -1.989945 2.769118 1.747692
v -1.924228 2.615475 1.760944
v -1.977602 2.614776 1.747296
v -2.032954 2.613078 1.654716
v -2.032194 2.613047 1.712543
v -0.394798 2.996639 1.627555
v -0.393952 2.996605 1.691328
v -0.394798 3.169637 1.627555
v -0.394346 3.169637 1.661530
v -0.394149 3.163780 1.676429
v -0.394005 3.144778 1.687336
v -0.393952 3.116864 1.691328
v -0.504681 2.999283 1.747740
v -0.449651 2.998512 1.731186
v -0.503830 3.135283 1.747729
v -0.451157 3.125424 1.732264
v -0.505505 3.220885 1.629016
v -0.451164 3.206220 1.628299
v -0.503692 3.204151 1.707988
v -0.449203 3.199756 1.693766
v -0.504425 3.185828 1.727868
v -0.451094 3.178977 1.713532
v -0.503723 3.164421 1.742404
v -0.451340 3.152801 1.727381
v -0.516684 2.999158 1.742363
v -0.463690 2.998459 1.727311
v -0.410801 2.996760 1.633302
v -0.410034 2.996729 1.691129
v -2.049103 2.996639 1.649394
v -2.048265 2.996605 1.713167
v -2.049103 3.169637 1.649394
v -2.048658 3.169637 1.683368
v -2.048462 3.163780 1.698268
v -2.048318 3.144778 1.709175
v -2.048265 3.116864 1.713167
v -1.936086 2.999283 1.766636
v -1.991533 2.998512 1.751540
v -1.936937 3.135283 1.766648
v -1.989999 3.125424 1.752578
v -1.938396 3.220885 1.647932
v -1.992737 3.206220 1.648649
v -1.938123 3.204151 1.726924
v -1.992969 3.199756 1.714145
v -1.936867 3.185828 1.746777
v -1.990557 3.178977 1.733855
v -1.937184 3.164421 1.761327
v -1.989945 3.152801 1.747692
v -1.924228 2.999158 1.760944
v -1.977602 2.998459 1.747296
v -2.032954 2.996760 1.654716
v -2.032194 2.996729 1.712543
v -0.394798 3.380322 1.627555
v -0.393952 3.380288 1.691328
v -0.394798 3.553320 1.627555
v -0.394346 3.553320 1.661530
v -0.394149 3.547463 1.676429
v -0.394005 3.528461 1.687336
v -0.393952 3.500547 1.691328
v -0.504681 3.382966 1.747740
v -0.449651 3.382195 1.731186
v -0.503830 3.518966 1.747729
v -0.451157 3.509107 1.732264
v -0.505505 3.604568 1.629016
v -0.451164 3.589903 1.628299
v -0.503692 3.587834 1.707988
v -0.449203 3.583439 1.693766
v -0.504425 3.569511 1.727868
v -0.451094 3.562660 1.713532
v -0.503723 3.548104 1.742404
v -0.451340 3.536484 1.727381
v -0.516684 3.382841 1.742363
v -0.463690 3.382142 1.727311
v -0.410801 3.380443 1.633302
v -0.410034 3.380413 1.691129
v -2.049103 3.380322 1.649394
v -2.048265 3.380288 1.713167
v -2.049103 3.553320 1.649394
v -2.048658 3.553320 1.683368
v -2.048462 3.547463 1.698268
v -2.048318 3.528461 1.709175
v -2.048265 3.500547 1.713167
v -1.936086 3.382966 1.766636
v -1.991533 3.382195 1.751540
v -1.936937 3.518966 1.766648
v -1.989999 3.509107 1.752578
v -1.938396 3.604568 1.647932
v -1.992737 3.589903 1.648649
v -1.938123 3.587834 1.726924
v -1.992969 3.583439 1.714145
v -1.936867 3.569511 1.746777
v -1.990557 3.562660 1.733855
v -1.937184 3.548104 1.761327
v -1.989945 3.536484 1.747692
v -1.924228 3.382841 1.760944
v -1.977602 3.382142 1.747296
v -2.032954 3.380443 1.654716
v -2.032194 3.380413 1.712543
v -2.570547 4.406787 1.604362
v 0.039425 4.406787 1.574127
v -2.570547 1.257581 1.604362
v 0.039425 1.257581 1.574127
v -2.258832 2.832755 1.675789
v -2.274131 2.855658 1.676514
v -2.297033 2.870962 1.677165
v -2.324052 2.876335 1.677645
v -2.351074 2.870962 1.677879
v -2.373985 2.855658 1.677832
v -2.389298 2.832755 1.677511
v -2.394681 2.805740 1.676965
v -2.389315 2.778724 1.676278
v -2.374016 2.755821 1.675553
v -2.351113 2.740518 1.674902
v -2.324095 2.735144 1.674422
v -2.297073 2.740518 1.674188
v -2.274161 2.755821 1.674235
v -2.258848 2.778724 1.674556
v -2.253465 2.805740 1.675101
v -2.257867 2.831087 1.748874
v -2.273166 2.853990 1.749598
v -2.296068 2.869293 1.750250
v -2.323087 2.874667 1.750729
v -2.350109 2.869293 1.750964
v -2.373020 2.853990 1.750917
v -2.388334 2.831087 1.750596
v -2.393717 2.804071 1.750050
v -2.388350 2.777056 1.749363
v -2.373051 2.754153 1.748638
v -2.350149 2.738850 1.747987
v -2.323129 2.733476 1.747507
v -2.296108 2.738850 1.747273
v -2.273196 2.754153 1.747320
v -2.257883 2.777056 1.747641
v -2.252500 2.804071 1.748186
v -2.323109 2.804071 1.749118
v 0.078987 3.379763 1.657465
v 0.068179 3.379763 1.641744
v 0.052178 3.379763 1.631354
v 0.033418 3.379763 1.627879
v 0.014758 3.379763 1.631848
v -0.000964 3.379763 1.642656
v -0.011353 3.379763 1.658658
v -0.014828 3.379763 1.677417
v -0.010859 3.379763 1.696078
v -0.000051 3.379763 1.711799
v 0.015950 3.379763 1.722188
v 0.034709 3.379763 1.725663
v 0.053370 3.379763 1.721695
v 0.069092 3.379763 1.710887
v 0.079481 3.379763 1.694885
v 0.082956 3.379763 1.676126
v 0.078987 3.821530 1.657465
v 0.068179 3.821530 1.641744
v 0.052178 3.821530 1.631354
v 0.033418 3.821530 1.627879
v 0.014758 3.821530 1.631848
v -0.000964 3.821530 1.642656
v -0.011353 3.821530 1.658658
v -0.014828 3.821530 1.677417
v -0.010859 3.821530 1.696078
v -0.000051 3.821530 1.711799
v 0.015950 3.821530 1.722188
v 0.034709 3.821530 1.725663
v 0.053370 3.821530 1.721695
v 0.069092 3.821530 1.710887
v 0.079481 3.821530 1.694885
v 0.082956 3.821530 1.676126
v 0.034064 3.379763 1.676771
v 0.034064 3.821530 1.676771
v 0.078987 1.738814 1.657465
v 0.068179 1.738814 1.641744
v 0.052178 1.738814 1.631354
v 0.033418 1.738814 1.627879
v 0.014758 1.738814 1.631848
v -0.000964 1.738814 1.642656
v -0.011353 1.738814 1.658658
v -0.014828 1.738814 1.677417
v -0.010859 1.738814 1.696078
v -0.000051 1.738814 1.711799
v 0.015950 1.738814 1.722188
v 0.034709 1.738814 1.725663
v 0.053370 1.738814 1.721695
v 0.069092 1.738814 1.710887
v 0.079481 1.738814 1.694885
v 0.082956 1.738814 1.676126
v 0.078987 2.180581 1.657465
v 0.068179 2.180581 1.641744
v 0.052178 2.180581 1.631354
v 0.033418 2.180581 1.627879
v 0.014758 2.180581 1.631848
v -0.000964 2.180581 1.642656
v -0.011353 2.180581 1.658658
v -0.014828 2.180581 1.677417
v -0.010859 2.180581 1.696078
v -0.000051 2.180581 1.711799
v 0.015950 2.180581 1.722188
v 0.034709 2.180581 1.725663
v 0.053370 2.180581 1.721695
v 0.069092 2.180581 1.710887
v 0.079481 2.180581 1.694885
v 0.082956 2.180581 1.676126
v 0.034064 1.738814 1.676771
v 0.034064 2.180581 1.676771
v -2.520459 1.306383 1.701482
v -2.569903 1.257581 1.653249
v -0.008124 1.306423 1.672378
v 0.040070 1.257581 1.622974
v -2.520498 4.358024 1.701483
v -2.569902 4.406787 1.653288
v -0.008085 4.357985 1.672377
v 0.040070 4.406787 1.623014
v 2.784872 2.229273 1.627555
v 2.785717 2.229239 1.691328
v 2.784872 2.402271 1.627555
v 2.785324 2.402271 1.661530
v 2.785521 2.396414 1.676429
v 2.785665 2.377412 1.687336
v 2.785717 2.349498 1.691328
v 2.674989 2.231917 1.747740
v 2.730019 2.231146 1.731186
v 2.675840 2.367917 1.747729
v 2.728513 2.358058 1.732264
v 2.674165 2.453519 1.629016
v 2.728506 2.438855 1.628299
v 2.675978 2.436785 1.707988
v 2.730467 2.432391 1.693766
v 2.675245 2.418462 1.727868
v 2.728576 2.411611 1.713532
v 2.675947 2.397055 1.742404
v 2.728330 2.385435 1.727381
v 2.662986 2.231792 1.742363
v 2.715980 2.231093 1.727311
v 2.768869 2.229395 1.633302
v 2.769636 2.229364 1.691129
v 1.130567 2.229273 1.649394
v 1.131405 2.229239 1.713167
v 1.130567 2.402271 1.649394
v 1.131011 2.402271 1.683368
v 1.131208 2.396414 1.698268
v 1.131352 2.377412 1.709175
v 1.131405 2.349498 1.713167
v 1.243584 2.231917 1.766636
v 1.188137 2.231146 1.751540
v 1.242733 2.367917 1.766648
v 1.189671 2.358058 1.752578
v 1.241273 2.453519 1.647932
v 1.186933 2.438855 1.648649
v 1.241546 2.436785 1.726924
v 1.186701 2.432391 1.714145
v 1.242803 2.418462 1.746777
v 1.189113 2.411611 1.733855
v 1.242486 2.397055 1.761327
v 1.189725 2.385435 1.747692
v 1.255442 2.231792 1.760944
v 1.202068 2.231093 1.747296
v 1.146716 2.229395 1.654716
v 1.147475 2.229364 1.712543
v 2.784872 2.612956 1.627555
v 2.785717 2.612922 1.691328
v 2.784872 2.785954 1.627555
v 2.785324 2.785954 1.661530
v 2.785521 2.780097 1.676429
v 2.785665 2.761095 1.687336
v 2.785717 2.733181 1.691328
v 2.674989 2.615600 1.747740
v 2.730019 2.614829 1.731186
v 2.675840 2.751600 1.747729
v 2.728513 2.741741 1.732264
v 2.674165 2.837202 1.629016
v 2.728506 2.822538 1.628299
v 2.675978 2.820468 1.707988
v 2.730467 2.816074 1.693766
v 2.675245 2.802145 1.727868
v 2.728576 2.795294 1.713532
v 2.675947 2.780738 1.742404
v 2.728330 2.769118 1.727381
v 2.662986 2.615475 1.742363
v 2.715980 2.614776 1.727311
v 2.768869 2.613078 1.633302
v 2.769636 2.613047 1.691129
v 1.130567 2.612956 1.649394
v 1.131405 2.612922 1.713167
v 1.130567 2.785954 1.649394
v 1.131011 2.785954 1.683368
v 1.131208 2.780097 1.698268
v 1.131352 2.761095 1.709175
v 1.131405 2.733181 1.713167
v 1.243584 2.615600 1.766636
v 1.188137 2.614829 1.751540
v 1.242733 2.751600 1.766648
v 1.189671 2.741741 1.752578
v 1.241273 2.837202 1.647932
v 1.186933 2.822538 1.648649
v 1.241546 2.820468 1.726924
v 1.186701 2.816074 1.714145
v 1.242803 2.802145 1.746777
v 1.189113 2.795294 1.733855
v 1.242486 2.780738 1.761327
v 1.189725 2.769118 1.747692
v 1.255442 2.615475 1.760944
v 1.202068 2.614776 1.747296
v 1.146716 2.613078 1.654716
v 1.147475 2.613047 1.712543
v 2.784872 2.996639 1.627555
v 2.785717 2.996605 1.691328
v 2.784872 3.169637 1.627555
v 2.785324 3.169637 1.661530
v 2.785521 3.163780 1.676429
v 2.785665 3.144778 1.687336
v 2.785717 3.116864 1.691328
v 2.674989 2.999283 1.747740
v 2.730019 2.998512 1.731186
v 2.675840 3.135283 1.747729
v 2.728513 3.125424 1.732264
v 2.674165 3.220885 1.629016
v 2.728506 3.206220 1.628299
v 2.675978 3.204151 1.707988
v 2.730467 3.199756 1.693766
v 2.675245 3.185828 1.727868
v 2.728576 3.178977 1.713532
v 2.675947 3.164421 1.742404
v 2.728330 3.152801 1.727381
v 2.662986 2.999158 1.742363
v 2.715980 2.998459 1.727311
v 2.768869 2.996760 1.633302
v 2.769636 2.996729 1.691129
v 1.130567 2.996639 1.649394
v 1.131405 2.996605 1.713167
v 1.130567 3.169637 1.649394
v 1.131011 3.169637 1.683368
v 1.131208 3.163780 1.698268
v 1.131352 3.144778 1.709175
v 1.131405 3.116864 1.713167
v 1.243584 2.999283 1.766636
v 1.188137 2.998512 1.751540
v 1.242733 3.135283 1.766648
v 1.189671 3.125424 1.752578
v 1.241273 3.220885 1.647932
v 1.186933 3.206220 1.648649
v 1.241546 3.204151 1.726924
v 1.186701 3.199756 1.714145
v 1.242803 3.185828 1.746777
v 1.189113 3.178977 1.733855
v 1.242486 3.164421 1.761327
v 1.189725 3.152801 1.747692
v 1.255442 2.999158 1.760944
v 1.202068 2.998459 1.747296
v 1.146716 2.996760 1.654716
v 1.147475 2.996729 1.712543
v 2.784872 3.380322 1.627555
v 2.785717 3.380288 1.691328
v 2.784872 3.553320 1.627555
v 2.785324 3.553320 1.661530
v 2.785521 3.547463 1.676429
v 2.785665 3.528461 1.687336
v 2.785717 3.500547 1.691328
v 2.674989 3.382966 1.747740
v 2.730019 3.382195 1.731186
v 2.675840 3.518966 1.747729
v 2.728513 3.509107 1.732264
v 2.674165 3.604568 1.629016
v 2.728506 3.589903 1.628299
v 2.675978 3.587834 1.707988
v 2.730467 3.583439 1.693766
v 2.675245 3.569511 1.727868
v 2.728576 3.562660 1.713532
v 2.675947 3.548104 1.742404
v 2.728330 3.536484 1.727381
v 2.662986 3.382841 1.742363
v 2.715980 3.382142 1.727311
v 2.768869 3.380443 1.633302
v 2.769636 3.380413 1.691129
v 1.130567 3.380322 1.649394
v 1.131405 3.380288 1.713167
v 1.130567 3.553320 1.649394
v 1.131011 3.553320 1.683368
v 1.131208 3.547463 1.698268
v 1.131352 3.528461 1.709175
v 1.131405 3.500547 1.713167
v 1.243584 3.382966 1.766636
v 1.188137 3.382195 1.751540
v 1.242733 3.518966 1.766648
v 1.189671 3.509107 1.752578
v 1.241273 3.604568 1.647932
v 1.186933 3.589903 1.648649
v 1.241546 3.587834 1.726924
v 1.186701 3.583439 1.714145
v 1.242803 3.569511 1.746777
v 1.189113 3.562660 1.733855
v 1.242486 3.548104 1.761327
v 1.189725 3.536484 1.747692
v 1.255442 3.382841 1.760944
v 1.202068 3.382142 1.747296
v 1.146716 3.380443 1.654716
v 1.147475 3.380413 1.712543
v 0.609122 4.406787 1.604362
v 3.219095 4.406787 1.574127
v 0.609122 1.257581 1.604362
v 3.219095 1.257581 1.574127
v 0.920838 2.832755 1.675789
v 0.905539 2.855658 1.676514
v 0.882636 2.870962 1.677165
v 0.855618 2.876335 1.677645
v 0.828596 2.870962 1.677879
v 0.805684 2.855658 1.677832
v 0.790371 2.832755 1.677511
v 0.784989 2.805740 1.676965
v 0.790355 2.778724 1.676278
v 0.805654 2.755821 1.675553
v 0.828557 2.740518 1.674902
v 0.855575 2.735144 1.674422
v 0.882597 2.740518 1.674188
v 0.905509 2.755821 1.674235
v 0.920822 2.778724 1.674556
v 0.926204 2.805740 1.675101
v 0.921802 2.831087 1.748874
v 0.906504 2.853990 1.749598
v 0.883601 2.869293 1.750250
v 0.856583 2.874667 1.750729
v 0.829561 2.869293 1.750964
v 0.806649 2.853990 1.750917
v 0.791336 2.831087 1.750596
v 0.785953 2.804071 1.750050
v 0.791320 2.777056 1.749363
v 0.806619 2.754153 1.748638
v 0.829521 2.738850 1.747987
v 0.856541 2.733476 1.747507
v 0.883562 2.738850 1.747273
v 0.906474 2.754153 1.747320
v 0.921786 2.777056 1.747641
v 0.927169 2.804071 1.748186
v 0.856561 2.804071 1.749118
v 3.258657 3.379763 1.657465
v 3.247849 3.379763 1.641744
v 3.231848 3.379763 1.631354
v 3.213088 3.379763 1.627879
v 3.194428 3.379763 1.631848
v 3.178706 3.379763 1.642656
v 3.168317 3.379763 1.658658
v 3.164842 3.379763 1.677417
v 3.168811 3.379763 1.696078
v 3.179619 3.379763 1.711799
v 3.195620 3.379763 1.722188
v 3.214379 3.379763 1.725663
v 3.233040 3.379763 1.721695
v 3.248762 3.379763 1.710887
v 3.259151 3.379763 1.694885
v 3.262626 3.379763 1.676126
v 3.258657 3.821530 1.657465
v 3.247849 3.821530 1.641744
v 3.231848 3.821530 1.631354
v 3.213088 3.821530 1.627879
v 3.194428 3.821530 1.631848
v 3.178706 3.821530 1.642656
v 3.168317 3.821530 1.658658
v 3.164842 3.821530 1.677417
v 3.168811 3.821530 1.696078
v 3.179619 3.821530 1.711799
v 3.195620 3.821530 1.722188
v 3.214379 3.821530 1.725663
v 3.233040 3.821530 1.721695
v 3.248762 3.821530 1.710887
v 3.259151 3.821530 1.694885
v 3.262626 3.821530 1.676126
v 3.213734 3.379763 1.676771
v 3.213734 3.821530 1.676771
v 3.258657 1.738814 1.657465
v 3.247849 1.738814 1.641744
v 3.231848 1.738814 1.631354
v 3.213088 1.738814 1.627879
v 3.194428 1.738814 1.631848
v 3.178706 1.738814 1.642656
v 3.168317 1.738814 1.658658
v 3.164842 1.738814 1.677417
v 3.168811 1.738814 1.696078
v 3.179619 1.738814 1.711799
v 3.195620 1.738814 1.722188
v 3.214379 1.738814 1.725663
v 3.233040 1.738814 1.721695
v 3.248762 1.738814 1.710887
v 3.259151 1.738814 1.694885
v 3.262626 1.738814 1.676126
v 3.258657 2.180581 1.657465
v 3.247849 2.180581 1.641744
v 3.231848 2.180581 1.631354
v 3.213088 2.180581 1.627879
v 3.194428 2.180581 1.631848
v 3.178706 2.180581 1.642656
v 3.168317 2.180581 1.658658
v 3.164842 2.180581 1.677417
v 3.168811 2.180581 1.696078
v 3.179619 2.180581 1.711799
v 3.195620 2.180581 1.722188
v 3.214379 2.180581 1.725663
v 3.233040 2.180581 1.721695
v 3.248762 2.180581 1.710887
v 3.259151 2.180581 1.694885
v 3.262626 2.180581 1.676126
v 3.213734 1.738814 1.676771
v 3.213734 2.180581 1.676771
v 0.659210 1.306383 1.701482
v 0.609767 1.257581 1.653249
v 3.171545 1.306423 1.672378
v 3.219739 1.257581 1.622974
v 0.659172 4.358024 1.701483
v 0.609768 4.406787 1.653288
v 3.171585 4.357985 1.672377
v 3.219740 4.406787 1.623014
vn 1.0000 -0.0000 0.0053
vn 1.0000 -0.0000 0.0054
vn 0.1328 -0.0020 0.9911
vn 0.4290 0.0778 0.9000
vn 0.1375 0.0881 0.9866
vn 0.4399 0.2902 0.8499
vn 0.1451 0.3677 0.9185
vn 0.1004 0.9792 0.1762
vn 0.3931 0.8197 0.4166
vn 0.3953 0.9157 0.0731
vn 0.1072 0.8808 0.4611
vn 0.4178 0.5316 0.7368
vn 0.5639 0.8020 0.1972
vn 0.5444 0.8388 0.0029
vn 0.5876 0.5903 0.5535
vn 0.5709 0.2671 0.7764
vn 0.4241 -0.0024 0.9056
vn 0.5715 0.0582 0.8186
vn -0.1435 -0.0020 0.9896
vn -0.4387 0.0778 0.8953
vn -0.4339 -0.0024 0.9010
vn -0.1501 0.0889 0.9847
vn -0.4490 0.2902 0.8451
vn -0.3929 0.8156 0.4247
vn -0.1023 0.9792 0.1751
vn -0.3960 0.9157 0.0688
vn -0.4271 0.5268 0.7348
vn -0.1223 0.8744 0.4696
vn -0.1583 0.3749 0.9135
vn -0.1372 0.6425 0.7539
vn -0.5660 0.8020 0.1911
vn -0.5935 0.5903 0.5472
vn -0.5792 0.2670 0.7702
vn -0.5803 0.0582 0.8123
vn 0.1238 0.6439 0.7550
vn -0.0010 -0.9997 0.0253
vn -0.0076 -0.9993 0.0356
vn -0.0053 -0.9994 0.0329
vn -0.0077 -1.0000 -0.0006
vn -0.0087 -0.9993 0.0366
vn -0.0088 -0.9993 0.0365
vn -1.0000 -0.0000 -0.0055
vn -1.0000 -0.0000 -0.0054
vn 0.0072 -0.9993 0.0357
vn 0.0008 -0.9997 0.0253
vn 0.0049 -0.9994 0.0329
vn 0.0077 -1.0000 -0.0005
vn 0.0083 -0.9993 0.0366
vn 0.0084 -0.9993 0.0365
vn 0.0035 -0.9995 0.0299
vn -0.0038 -0.9996 0.0295
vn 0.3952 0.9157 0.0731
vn 0.1072 0.8808 0.4612
vn 0.5715 0.0582 0.8185
vn -0.4271 0.5268 0.7349
vn -0.5935 0.5903 0.5471
vn -0.5792 0.2671 0.7702
vn -0.0010 -0.9997 0.0252
vn -0.0075 -0.9993 0.0357
vn -0.0052 -0.9994 0.0330
vn -0.0088 -0.9993 0.0364
vn -0.0089 -0.9993 0.0363
vn 0.0008 -0.9997 0.0251
vn 0.0049 -0.9994 0.0331
vn 0.0085 -0.9993 0.0364
vn 0.0035 -0.9996 0.0296
vn -0.0038 -0.9995 0.0298
vn 0.3930 0.8197 0.4166
vn 0.5639 0.8019 0.1972
vn 0.5875 0.5902 0.5536
vn -0.1583 0.3748 0.9135
vn -0.5935 0.5902 0.5472
vn -0.0076 -0.9993 0.0355
vn -0.0087 -0.9993 0.0364
vn -0.0088 -0.9993 0.0363
vn 0.0072 -0.9993 0.0355
vn 0.0007 -0.9997 0.0253
vn 0.0083 -0.9993 0.0365
vn 0.0084 -0.9993 0.0364
vn 0.1238 0.6439 0.7551
vn -0.0010 -0.9997 0.0254
vn -0.0078 -1.0000 -0.0006
vn -0.0088 -0.9993 0.0362
vn -0.0089 -0.9993 0.0361
vn 0.0072 -0.9993 0.0356
vn 0.0078 -1.0000 -0.0005
vn 0.0086 -0.9993 0.0364
vn 0.0036 -0.9996 0.0298
vn -0.0039 -0.9996 0.0297
vn 0.0070 -0.0000 -1.0000
vn 0.9238 0.3826 0.0137
vn 0.7070 0.7069 0.0200
vn 0.7070 0.7069 0.0199
vn 0.3826 0.9236 0.0232
vn -0.0001 0.9997 0.0228
vn 0.3826 0.9236 0.0231
vn -0.3828 0.9236 0.0190
vn -0.7072 0.7069 0.0123
vn -0.9239 0.3826 0.0037
vn -0.9238 -0.3826 -0.0137
vn -0.7070 -0.7069 -0.0200
vn -0.3826 -0.9236 -0.0232
vn 0.0001 -0.9997 -0.0228
vn -0.3825 -0.9236 -0.0232
vn 0.3828 -0.9236 -0.0190
vn 0.7072 -0.7069 -0.0123
vn 0.9239 -0.3826 -0.0037
vn -0.0054 -0.0228 0.9997
vn 0.7109 -0.0000 -0.7033
vn 0.9259 -0.0000 -0.3777
vn 0.3877 -0.0000 -0.9218
vn 0.0054 -0.0000 -1.0000
vn -0.3777 -0.0000 -0.9259
vn -0.7033 -0.0000 -0.7109
vn -0.9218 -0.0000 -0.3877
vn -0.9259 -0.0000 0.3777
vn -0.7109 -0.0000 0.7033
vn -0.3877 -0.0000 0.9218
vn -0.0054 -0.0000 1.0000
vn -0.3876 -0.0000 0.9218
vn 0.3777 -0.0000 0.9259
vn 0.7033 -0.0000 0.7109
vn 0.3776 -0.0000 0.9259
vn 0.9218 -0.0000 0.3877
vn -0.0000 -1.0000 -0.0000
vn -0.0000 1.0000 -0.0000
vn -0.0050 -0.7071 0.7071
vn -0.7115 -0.0000 0.7027
vn 0.7027 -0.0000 0.7115
vn -0.0050 0.7071 0.7071
vn -0.0070 -0.0000 1.0000
vn 0.9999 -0.0000 -0.0133
vn 0.9999 -0.0000 -0.0132
vn 0.1512 -0.0020 0.9885
vn 0.4456 0.0778 0.8918
vn 0.1558 0.0881 0.9838
vn 0.4556 0.2902 0.8416
vn 0.1622 0.3677 0.9157
vn 0.1036 0.9792 0.1743
vn 0.4007 0.8197 0.4092
vn 0.3965 0.9157 0.0658
vn 0.1158 0.8808 0.4591
vn 0.4314 0.5316 0.7289
vn 0.5675 0.8019 0.1867
vn 0.5443 0.8388 -0.0072
vn 0.5977 0.5902 0.5425
vn 0.5852 0.2671 0.7656
vn 0.4409 -0.0024 0.8975
vn 0.5866 0.0582 0.8078
vn -0.1251 -0.0020 0.9921
vn -0.4219 0.0778 0.9033
vn -0.4171 -0.0024 0.9089
vn -0.1318 0.0889 0.9873
vn -0.4332 0.2902 0.8533
vn -0.3850 0.8156 0.4319
vn -0.0990 0.9792 0.1770
vn -0.3947 0.9157 0.0762
vn -0.4134 0.5268 0.7427
vn -0.1136 0.8744 0.4718
vn -0.1413 0.3749 0.9163
vn -0.1232 0.6425 0.7563
vn -0.5623 0.8019 0.2016
vn -0.5832 0.5902 0.5581
vn -0.5648 0.2671 0.7808
vn -0.5650 0.0582 0.8230
vn 0.1379 0.6439 0.7526
vn -0.0006 -0.9997 0.0250
vn -0.0068 -0.9993 0.0358
vn -0.0046 -0.9994 0.0331
vn -0.0078 -1.0000 -0.0004
vn -0.0081 -0.9993 0.0364
vn -0.0082 -0.9993 0.0363
vn -0.9999 -0.0000 0.0132
vn -0.9999 -0.0000 0.0131
vn 0.0078 -0.9993 0.0355
vn 0.0013 -0.9997 0.0251
vn 0.0055 -0.9994 0.0330
vn 0.0078 -1.0000 -0.0006
vn 0.0091 -0.9993 0.0361
vn 0.0092 -0.9993 0.0360
vn 0.0041 -0.9996 0.0297
vn -0.0033 -0.9996 0.0295
vn 0.1037 0.9792 0.1743
vn 0.5675 0.8020 0.1867
vn 0.5443 0.8388 -0.0073
vn 0.5977 0.5903 0.5425
vn -0.5623 0.8020 0.2016
vn -0.5832 0.5903 0.5581
vn 0.1378 0.6439 0.7526
vn -0.0006 -0.9997 0.0252
vn -0.0069 -0.9993 0.0357
vn 0.0078 -0.9993 0.0356
vn 0.0012 -0.9997 0.0251
vn 0.0040 -0.9996 0.0296
vn -0.0033 -0.9996 0.0298
vn 0.3965 0.9157 0.0657
vn 0.4315 0.5316 0.7289
vn -0.1232 0.6425 0.7564
vn -0.0069 -0.9993 0.0359
vn -0.0046 -0.9994 0.0332
vn -0.0081 -0.9993 0.0365
vn 0.0013 -0.9997 0.0253
vn 0.0077 -1.0000 -0.0006
vn 0.0077 -1.0000 -0.0007
vn 0.0091 -0.9993 0.0362
vn 0.0092 -0.9993 0.0361
vn 0.0040 -0.9995 0.0298
vn -0.1317 0.0889 0.9873
vn -0.0069 -0.9993 0.0358
vn -0.0047 -0.9994 0.0331
vn -0.0082 -0.9993 0.0364
vn 0.0055 -0.9994 0.0329
vn 0.0091 -0.9993 0.0363
vn 0.0092 -0.9993 0.0362
vn -0.0033 -0.9996 0.0296
vn -0.0116 -0.0000 -0.9999
vn 0.9239 0.3826 -0.0035
vn 0.7073 0.7069 0.0068
vn 0.3829 0.9236 0.0160
vn 0.0003 0.9997 0.0228
vn -0.3824 0.9236 0.0261
vn -0.7068 0.7069 0.0255
vn -0.9237 0.3826 0.0209
vn -0.9239 -0.3826 0.0035
vn -0.7073 -0.7069 -0.0068
vn -0.3829 -0.9236 -0.0160
vn -0.0003 -0.9997 -0.0228
vn 0.3824 -0.9236 -0.0261
vn 0.7068 -0.7069 -0.0255
vn 0.9237 -0.3826 -0.0209
vn 0.0132 -0.0228 0.9997
vn 0.6977 -0.0000 -0.7164
vn 0.9187 -0.0000 -0.3949
vn 0.3705 -0.0000 -0.9288
vn -0.0132 -0.0000 -0.9999
vn -0.3949 -0.0000 -0.9187
vn -0.7164 -0.0000 -0.6977
vn -0.9288 -0.0000 -0.3705
vn -0.9289 -0.0000 -0.3705
vn -0.9187 -0.0000 0.3949
vn -0.6977 -0.0000 0.7164
vn -0.3705 -0.0000 0.9288
vn 0.0132 -0.0000 0.9999
vn 0.3948 -0.0000 0.9188
vn 0.7164 -0.0000 0.6977
vn 0.9288 -0.0000 0.3705
vn 0.9289 -0.0000 0.3705
vn 0.0082 -0.7071 0.7071
vn -0.6983 -0.0000 0.7158
vn 0.7158 -0.0000 0.6983
vn 0.0082 0.7071 0.7071
vn 0.0116 -0.0000 0.9999
vn -0.0000 -0.0000 1.0000
vn 0.9999 0.0116 -0.0000
vn -0.0000 -0.0000 -1.0000
vn -0.9999 -0.0116 -0.0000
vn 0.0116 -0.9999 -0.0000
vn -0.0117 0.9999 -0.0000
vn 1.0000 -0.0000 -0.0000
vn -1.0000 -0.0000 -0.0000
vn 0.8131 -0.0000 -0.5821
vn 0.8132 -0.0000 -0.5820
vn 0.6888 -0.0020 0.7249
vn 0.8752 0.0778 0.4774
vn 0.6899 0.0882 0.7185
vn 0.8547 0.2902 0.4305
vn 0.6562 0.3677 0.6589
vn 0.1847 0.9792 0.0839
vn 0.5627 0.8197 0.1069
vn 0.3630 0.9157 -0.1725
vn 0.3573 0.8807 0.3109
vn 0.7705 0.5316 0.3518
vn 0.5724 0.8020 -0.1710
vn 0.4426 0.8388 -0.3169
vn 0.8005 0.5903 0.1038
vn 0.9177 0.2671 0.2941
vn 0.8746 -0.0024 0.4848
vn 0.9429 0.0582 0.3279
vn 0.4641 -0.0020 0.8858
vn 0.1696 0.0779 0.9824
vn 0.1769 -0.0024 0.9842
vn 0.4558 0.0889 0.8856
vn 0.1318 0.2902 0.9478
vn -0.0692 0.8156 0.5744
vn 0.0198 0.9792 0.2018
vn -0.2804 0.9157 0.2880
vn 0.0849 0.5268 0.8457
vn 0.1761 0.8744 0.4522
vn 0.4075 0.3748 0.8328
vn 0.3310 0.6425 0.6912
vn -0.3464 0.8020 0.4866
vn -0.1599 0.5903 0.7912
vn -0.0175 0.2671 0.9635
vn 0.0063 0.0582 0.9983
vn 0.5431 0.6439 0.5390
vn 0.0140 -0.9997 0.0210
vn 0.0148 -0.9993 0.0333
vn 0.0151 -0.9994 0.0298
vn -0.0066 -1.0000 0.0040
vn -0.0066 -1.0000 0.0041
vn 0.0143 -0.9993 0.0346
vn 0.0141 -0.9993 0.0346
vn -0.8132 -0.0000 0.5820
vn 0.0268 -0.9993 0.0247
vn 0.0154 -0.9997 0.0199
vn 0.0233 -0.9994 0.0238
vn 0.0060 -1.0000 -0.0050
vn 0.0059 -1.0000 -0.0049
vn 0.0281 -0.9993 0.0248
vn 0.0281 -0.9993 0.0247
vn 0.0143 -0.9996 0.0262
vn 0.6899 0.0881 0.7185
vn 0.6562 0.3678 0.6589
vn 0.1846 0.9792 0.0839
vn 0.3630 0.9157 -0.1726
vn 0.5724 0.8020 -0.1709
vn 0.4074 0.3748 0.8328
vn 0.3309 0.6424 0.6912
vn -0.3464 0.8020 0.4867
vn 0.5430 0.6439 0.5390
vn 0.0139 -0.9997 0.0210
vn 0.0152 -0.9994 0.0299
vn -0.0065 -1.0000 0.0040
vn 0.0142 -0.9993 0.0346
vn 0.0140 -0.9993 0.0346
vn 0.0267 -0.9993 0.0248
vn 0.0233 -0.9994 0.0239
vn 0.0281 -0.9993 0.0246
vn 0.0282 -0.9993 0.0245
vn 0.0204 -0.9996 0.0220
vn 0.3573 0.8808 0.3108
vn 0.8005 0.5902 0.1039
vn 0.9177 0.2670 0.2941
vn 0.0199 0.9792 0.2018
vn 0.1762 0.8744 0.4522
vn 0.3309 0.6425 0.6912
vn -0.1599 0.5902 0.7912
vn 0.0147 -0.9993 0.0333
vn 0.0150 -0.9994 0.0298
vn 0.0142 -0.9993 0.0345
vn 0.0141 -0.9993 0.0345
vn -0.8132 -0.0000 0.5819
vn 0.0267 -0.9993 0.0244
vn 0.0155 -0.9997 0.0201
vn 0.0060 -1.0000 -0.0048
vn 0.0060 -1.0000 -0.0049
vn 0.0281 -0.9993 0.0245
vn 0.0281 -0.9993 0.0243
vn 0.0203 -0.9995 0.0223
vn 0.0143 -0.9996 0.0260
vn 0.1697 0.0779 0.9824
vn 0.0141 -0.9997 0.0211
vn 0.0151 -0.9994 0.0299
vn 0.0139 -0.9993 0.0344
vn 0.0267 -0.9993 0.0246
vn 0.0234 -0.9994 0.0238
vn 0.0204 -0.9995 0.0221
vn 0.0144 -0.9995 0.0264
vn -0.5807 -0.0000 -0.8141
vn 0.5844 0.7069 -0.3984
vn 0.7564 0.3826 -0.5306
vn 0.3234 0.9236 -0.2056
vn 0.3235 0.9236 -0.2056
vn 0.0133 0.9997 0.0186
vn -0.2989 0.9236 0.2399
vn -0.5656 0.7069 0.4247
vn -0.7462 0.3826 0.5448
vn -0.7564 -0.3826 0.5306
vn -0.5844 -0.7069 0.3984
vn -0.3235 -0.9236 0.2056
vn -0.0133 -0.9997 -0.0186
vn 0.2989 -0.9236 -0.2399
vn 0.5656 -0.7069 -0.4247
vn 0.2989 -0.9237 -0.2399
vn 0.7462 -0.3826 -0.5448
vn 0.5819 -0.0228 0.8130
vn 0.5819 -0.0228 0.8129
vn 0.5818 -0.0228 0.8130
vn 0.1634 -0.0000 -0.9866
vn 0.5285 -0.0000 -0.8489
vn -0.2265 -0.0000 -0.9740
vn 0.1635 -0.0000 -0.9865
vn -0.5820 -0.0000 -0.8132
vn -0.8489 -0.0000 -0.5285
vn -0.9866 -0.0000 -0.1634
vn -0.9740 -0.0000 0.2265
vn -0.5285 -0.0000 0.8489
vn -0.1635 -0.0000 0.9865
vn 0.2265 -0.0000 0.9740
vn 0.5820 -0.0000 0.8132
vn 0.8489 -0.0000 0.5285
vn 0.9866 -0.0000 0.1634
vn 0.8489 -0.0000 0.5286
vn 0.9740 -0.0000 -0.2265
vn -0.0000 1.0000 0.0001
vn -0.0000 1.0000 -0.0001
vn 0.1635 -0.0000 -0.9866
vn 0.9866 -0.0000 0.1635
vn 0.4106 -0.7071 0.5756
vn 0.4106 -0.7071 0.5757
vn -0.1642 -0.0000 0.9864
vn -0.1643 -0.0000 0.9864
vn 0.9864 -0.0000 0.1643
vn 0.9864 -0.0000 0.1642
vn 0.4106 0.7071 0.5757
vn 0.5807 -0.0000 0.8141
vn -0.0025 -0.0000 1.0000
vn 0.0117 -0.9999 -0.0000
vn 0.0018 -0.0000 1.0000
vn 1.0000 -0.0085 -0.0000
vn -0.0018 -0.0000 -1.0000
vn -1.0000 0.0085 -0.0000
vn -0.0087 -1.0000 -0.0000
vn 0.0087 1.0000 -0.0000
vn -0.0040 -0.0000 1.0000
vn 0.0118 -0.9999 -0.0000
vn -0.0118 0.9999 -0.0000
vn 0.9468 -0.0000 -0.3218
vn 0.9468 -0.0000 -0.3219
vn 0.4495 -0.0020 0.8933
vn 0.6996 0.0778 0.7103
vn 0.4524 0.0881 0.8874
vn 0.6935 0.2902 0.6594
vn 0.4374 0.3677 0.8206
vn 0.1524 0.9792 0.1337
vn 0.5076 0.8197 0.2652
vn 0.3974 0.9157 -0.0601
vn 0.2520 0.8808 0.4009
vn 0.6357 0.5316 0.5597
vn 0.5974 0.8019 0.0021
vn 0.5154 0.8388 -0.1752
vn 0.7362 0.5902 0.3311
vn 0.7933 0.2671 0.5471
vn 0.6968 -0.0024 0.7172
vn 0.8076 0.0582 0.5868
vn 0.1878 -0.0020 0.9822
vn -0.1219 0.0778 0.9895
vn -0.1156 -0.0024 0.9933
vn 0.1800 0.0889 0.9796
vn -0.1481 0.2902 0.9454
vn -0.2325 0.8156 0.5298
vn -0.0395 0.9792 0.1989
vn -0.3518 0.9157 0.1945
vn -0.1635 0.5268 0.8341
vn 0.0378 0.8744 0.4838
vn 0.1490 0.3748 0.9150
vn 0.1167 0.6425 0.7574
vn -0.4724 0.8019 0.3656
vn -0.3820 0.5902 0.7111
vn -0.2957 0.2671 0.9172
vn -0.2829 0.0582 0.9574
vn 0.3638 0.6439 0.6731
vn 0.0072 -0.9997 0.0241
vn 0.0045 -0.9993 0.0362
vn 0.0058 -0.9994 0.0328
vn -0.0075 -1.0000 0.0020
vn 0.0036 -0.9993 0.0371
vn 0.0034 -0.9993 0.0370
vn -0.9468 -0.0000 0.3217
vn -0.9468 -0.0000 0.3218
vn -0.9469 -0.0000 0.3217
vn 0.0184 -0.9993 0.0315
vn 0.0089 -0.9997 0.0234
vn 0.0154 -0.9994 0.0296
vn 0.0072 -1.0000 -0.0030
vn 0.0198 -0.9993 0.0316
vn 0.0199 -0.9993 0.0314
vn 0.0131 -0.9996 0.0268
vn 0.0060 -0.9996 0.0293
vn 0.4524 0.0881 0.8875
vn -0.1220 0.0778 0.9895
vn -0.0394 0.9792 0.1989
vn 0.1490 0.3749 0.9150
vn 0.0072 -0.9997 0.0242
vn 0.0058 -0.9994 0.0330
vn 0.0185 -0.9993 0.0314
vn 0.0090 -0.9997 0.0236
vn 0.0154 -0.9994 0.0297
vn 0.0131 -0.9996 0.0269
vn 0.0061 -0.9995 0.0295
vn 0.1525 0.9792 0.1337
vn -0.4724 0.8020 0.3656
vn -0.3821 0.5902 0.7111
vn 0.0073 -0.9997 0.0242
vn 0.0059 -0.9994 0.0329
vn 0.0036 -0.9993 0.0372
vn 0.0034 -0.9993 0.0371
vn -0.9469 -0.0000 0.3216
vn 0.0198 -0.9993 0.0317
vn 0.0199 -0.9993 0.0315
vn 0.0061 -0.9995 0.0294
vn 0.2520 0.8807 0.4010
vn 0.5974 0.8019 0.0020
vn 0.7933 0.2670 0.5472
vn 0.0377 0.8744 0.4838
vn 0.1167 0.6424 0.7574
vn 0.0072 -0.9997 0.0239
vn 0.0045 -0.9993 0.0361
vn 0.0034 -0.9993 0.0372
vn 0.0089 -0.9997 0.0233
vn 0.0199 -0.9993 0.0316
vn -0.3202 -0.0000 -0.9473
vn 0.8776 0.3826 -0.2890
vn 0.6747 0.7069 -0.2122
vn 0.3691 0.9236 -0.1032
vn 0.0073 0.9997 0.0216
vn -0.3555 0.9236 0.1431
vn -0.3556 0.9236 0.1431
vn -0.6643 0.7069 0.2428
vn -0.8719 0.3826 0.3055
vn -0.8776 -0.3826 0.2890
vn -0.6747 -0.7069 0.2122
vn -0.3691 -0.9236 0.1032
vn -0.0073 -0.9997 -0.0216
vn 0.3556 -0.9236 -0.1431
vn 0.6643 -0.7069 -0.2428
vn 0.8719 -0.3826 -0.3055
vn 0.9468 -0.0000 -0.3217
vn 0.3217 -0.0228 0.9466
vn 0.4420 -0.0000 -0.8970
vn 0.7516 -0.0000 -0.6596
vn 0.0651 -0.0000 -0.9979
vn -0.3217 -0.0000 -0.9468
vn -0.6596 -0.0000 -0.7516
vn -0.3218 -0.0000 -0.9468
vn -0.8970 -0.0000 -0.4420
vn -0.9979 -0.0000 -0.0651
vn -0.7516 -0.0000 0.6596
vn -0.4420 -0.0000 0.8970
vn -0.0651 -0.0000 0.9979
vn 0.3217 -0.0000 0.9468
vn 0.6596 -0.0000 0.7516
vn 0.8970 -0.0000 0.4420
vn 0.9979 -0.0000 0.0651
vn 0.2264 -0.7071 0.6699
vn -0.4427 -0.0000 0.8967
vn 0.8967 -0.0000 0.4427
vn 0.2264 0.7071 0.6699
vn 0.3202 -0.0000 0.9473
vn -0.5648 0.2670 0.7808
vn 0.0012 -0.9997 0.0252
vn -0.0006 -0.9997 0.0253
vn 0.0041 -0.9996 0.0296
vn -0.0033 -0.9995 0.0298
vn -0.0077 -1.0000 -0.0004
vn -0.0080 -0.9993 0.0365
vn 0.0012 -0.9997 0.0253
vn 0.0090 -0.9993 0.0363
vn 0.0041 -0.9995 0.0297
vn -0.0033 -0.9996 0.0297
vn 0.0082 -0.7071 0.7070
vn -0.4170 -0.0024 0.9089
vn -0.1413 0.3749 0.9162
vn -0.1232 0.6424 0.7564
vn 0.0041 -0.9995 0.0298
vn 0.5667 -0.0000 0.8239
vn -0.5444 0.8388 -0.0030
vn -0.5756 -0.0000 0.8177
vn 0.5819 -0.0000 0.8132
vn -0.5443 0.8388 0.0071
vn -0.5603 -0.0000 0.8283
vn 0.9422 -0.0000 0.3351
vn -0.4427 0.8388 0.3168
vn 0.0133 -0.0000 0.9999
vn 0.0204 -0.9996 0.0219
vn -0.0066 -1.0000 0.0042
vn -0.0067 -1.0000 0.0041
vn 0.0061 -1.0000 -0.0050
vn 0.8049 -0.0000 0.5934
vn -0.5154 0.8388 0.1751
vn -0.2767 -0.0000 0.9610
vn 0.0132 -0.9996 0.0269
vn 0.0131 -0.9996 0.0267
vt 0.903686 0.416592
vt 0.901436 0.412433
vt 0.904606 0.416869
vt 0.900052 0.414712
vt 0.905332 0.416980
vt 0.905848 0.416810
vt 0.906727 0.416058
vt 0.898448 0.419776
vt 0.903083 0.418988
vt 0.903078 0.420969
vt 0.904048 0.419200
vt 0.904118 0.421153
vt 0.908819 0.420365
vt 0.906107 0.419186
vt 0.908176 0.418187
vt 0.906026 0.421111
vt 0.905099 0.419290
vt 0.898967 0.417414
vt 0.898487 0.472454
vt 0.903129 0.473162
vt 0.899000 0.474774
vt 0.903121 0.471157
vt 0.904092 0.472943
vt 0.906151 0.472981
vt 0.908867 0.471816
vt 0.908216 0.474001
vt 0.905143 0.472867
vt 0.906072 0.471056
vt 0.904163 0.470987
vt 0.905098 0.470959
vt 0.905880 0.475357
vt 0.905366 0.475184
vt 0.904638 0.475291
vt 0.903720 0.475576
vt 0.905053 0.421194
vt 0.902074 0.620020
vt 0.901360 0.618577
vt 0.901498 0.618084
vt 0.900099 0.616121
vt 0.898057 0.616711
vt 0.897856 0.616145
vt 0.900091 0.616686
vt 0.901436 0.479717
vt 0.900070 0.477452
vt 0.906748 0.476124
vt 0.901668 0.671768
vt 0.902462 0.670363
vt 0.901748 0.672275
vt 0.898140 0.673117
vt 0.900069 0.674009
vt 0.897856 0.673641
vt 0.900147 0.673450
vt 0.902264 0.669947
vt 0.901883 0.620443
vt 0.753934 0.087773
vt 0.749775 0.090024
vt 0.754211 0.086854
vt 0.752054 0.091407
vt 0.754319 0.086128
vt 0.754152 0.085611
vt 0.753400 0.084732
vt 0.757118 0.093011
vt 0.756330 0.088377
vt 0.758307 0.088382
vt 0.756542 0.087411
vt 0.758491 0.087341
vt 0.757707 0.082640
vt 0.756528 0.085353
vt 0.755529 0.083284
vt 0.758453 0.085433
vt 0.756629 0.086361
vt 0.754752 0.092492
vt 0.809796 0.092973
vt 0.810504 0.088331
vt 0.812116 0.092460
vt 0.808499 0.088338
vt 0.810285 0.087368
vt 0.810320 0.085309
vt 0.809158 0.082593
vt 0.811343 0.083244
vt 0.810209 0.086317
vt 0.808398 0.085388
vt 0.808329 0.087296
vt 0.808301 0.086361
vt 0.812699 0.085579
vt 0.812526 0.086093
vt 0.812633 0.086821
vt 0.812918 0.087740
vt 0.758533 0.086406
vt 0.902462 0.348282
vt 0.901772 0.346825
vt 0.901919 0.346333
vt 0.900560 0.344342
vt 0.898506 0.344890
vt 0.898316 0.344321
vt 0.900540 0.344907
vt 0.817059 0.090024
vt 0.814794 0.091389
vt 0.813466 0.084711
vt 0.901605 0.400128
vt 0.902247 0.398650
vt 0.901778 0.400610
vt 0.898468 0.402275
vt 0.900554 0.402684
vt 0.898316 0.402854
vt 0.900497 0.402122
vt 0.902055 0.398231
vt 0.902265 0.348698
vt 0.830796 0.087773
vt 0.826638 0.090024
vt 0.831074 0.086854
vt 0.828917 0.091408
vt 0.831185 0.086128
vt 0.831015 0.085612
vt 0.830262 0.084733
vt 0.833981 0.093012
vt 0.833193 0.088377
vt 0.835174 0.088382
vt 0.833405 0.087411
vt 0.835357 0.087342
vt 0.834570 0.082641
vt 0.833391 0.085353
vt 0.832392 0.083284
vt 0.835316 0.085434
vt 0.833495 0.086361
vt 0.831615 0.092492
vt 0.886659 0.092973
vt 0.887366 0.088331
vt 0.888979 0.092460
vt 0.885361 0.088338
vt 0.887148 0.087368
vt 0.887186 0.085309
vt 0.886020 0.082593
vt 0.888206 0.083244
vt 0.887071 0.086317
vt 0.885261 0.085388
vt 0.885192 0.087296
vt 0.885164 0.086361
vt 0.889562 0.085579
vt 0.889388 0.086093
vt 0.889496 0.086821
vt 0.889780 0.087740
vt 0.835399 0.086407
vt 0.915272 0.621794
vt 0.914578 0.620341
vt 0.914723 0.619848
vt 0.913357 0.617864
vt 0.911306 0.618416
vt 0.911114 0.617850
vt 0.913340 0.618430
vt 0.893922 0.090024
vt 0.891657 0.091389
vt 0.890328 0.084712
vt 0.914539 0.673598
vt 0.915223 0.672141
vt 0.914690 0.674087
vt 0.911296 0.675575
vt 0.913357 0.676095
vt 0.911114 0.676144
vt 0.913330 0.675530
vt 0.915028 0.671722
vt 0.915077 0.622214
vt 0.918633 0.348266
vt 0.916383 0.344111
vt 0.919552 0.348543
vt 0.914999 0.346386
vt 0.920278 0.348654
vt 0.920795 0.348488
vt 0.921674 0.347735
vt 0.913394 0.351453
vt 0.918029 0.350666
vt 0.918024 0.352643
vt 0.918995 0.350878
vt 0.919064 0.352827
vt 0.923765 0.352043
vt 0.921053 0.350864
vt 0.923122 0.349865
vt 0.920972 0.352789
vt 0.920045 0.350964
vt 0.913914 0.349088
vt 0.913432 0.404132
vt 0.918075 0.404839
vt 0.913946 0.406452
vt 0.918067 0.402834
vt 0.919038 0.404621
vt 0.921097 0.404655
vt 0.923813 0.403493
vt 0.923162 0.405678
vt 0.920088 0.404544
vt 0.921017 0.402734
vt 0.919109 0.402664
vt 0.920044 0.402637
vt 0.920826 0.407035
vt 0.920312 0.406861
vt 0.919585 0.406969
vt 0.918666 0.407253
vt 0.919999 0.352868
vt 0.921287 0.696889
vt 0.920578 0.695443
vt 0.920718 0.694950
vt 0.919330 0.692980
vt 0.917286 0.693560
vt 0.917088 0.692994
vt 0.919319 0.693546
vt 0.916383 0.411394
vt 0.915017 0.409129
vt 0.921694 0.407801
vt 0.920888 0.748624
vt 0.921678 0.747216
vt 0.920971 0.749127
vt 0.917369 0.749990
vt 0.919302 0.750871
vt 0.917088 0.750518
vt 0.919377 0.750313
vt 0.921479 0.746800
vt 0.921095 0.697309
vt 0.981460 0.759669
vt 0.889652 0.870436
vt 0.889652 0.759669
vt 0.655186 0.598243
vt 0.656154 0.600814
vt 0.655186 0.600814
vt 0.656154 0.598243
vt 0.657121 0.600814
vt 0.658092 0.598243
vt 0.657125 0.598243
vt 0.659060 0.600814
vt 0.658092 0.600814
vt 0.659060 0.598243
vt 0.660031 0.600814
vt 0.660999 0.598243
vt 0.660031 0.598243
vt 0.661970 0.600815
vt 0.660999 0.600814
vt 0.662938 0.598243
vt 0.661970 0.598243
vt 0.663905 0.598243
vt 0.662938 0.600815
vt 0.664877 0.598243
vt 0.663905 0.600815
vt 0.665844 0.600815
vt 0.664877 0.600815
vt 0.651308 0.598243
vt 0.650340 0.600814
vt 0.650340 0.598243
vt 0.652276 0.600814
vt 0.651308 0.600814
vt 0.652276 0.598243
vt 0.653247 0.600814
vt 0.653247 0.598243
vt 0.654215 0.600814
vt 0.654215 0.598243
vt 0.653261 0.603735
vt 0.652890 0.604630
vt 0.650823 0.603250
vt 0.652203 0.605315
vt 0.651308 0.605686
vt 0.650340 0.605686
vt 0.649446 0.605315
vt 0.648759 0.604630
vt 0.648388 0.603735
vt 0.648388 0.602766
vt 0.648759 0.601870
vt 0.649442 0.601185
vt 0.652203 0.601185
vt 0.652890 0.601870
vt 0.653261 0.602766
vt 0.971084 0.348741
vt 0.986623 0.349400
vt 0.971084 0.349414
vt 0.971083 0.348072
vt 0.986622 0.348731
vt 0.971089 0.358130
vt 0.986626 0.358800
vt 0.971084 0.358803
vt 0.971088 0.357461
vt 0.986626 0.358130
vt 0.971088 0.356788
vt 0.986626 0.357458
vt 0.971087 0.356119
vt 0.986626 0.356788
vt 0.971087 0.355449
vt 0.986626 0.356115
vt 0.971087 0.354777
vt 0.986626 0.355442
vt 0.971087 0.354107
vt 0.986625 0.354773
vt 0.971086 0.353438
vt 0.986625 0.354100
vt 0.971086 0.352765
vt 0.986625 0.353431
vt 0.971086 0.352095
vt 0.986624 0.352758
vt 0.971085 0.351426
vt 0.986624 0.352085
vt 0.971085 0.350753
vt 0.986624 0.351416
vt 0.971085 0.350084
vt 0.986624 0.350743
vt 0.986623 0.350073
vt 0.970823 0.359421
vt 0.970345 0.359892
vt 0.969400 0.358456
vt 0.970836 0.357510
vt 0.970365 0.357031
vt 0.969747 0.356771
vt 0.969076 0.356767
vt 0.968454 0.357017
vt 0.967976 0.357489
vt 0.967715 0.358106
vt 0.967711 0.358779
vt 0.967963 0.359400
vt 0.968434 0.359879
vt 0.969053 0.360139
vt 0.969724 0.360146
vt 0.987357 0.359896
vt 0.986883 0.359421
vt 0.988313 0.358467
vt 0.986883 0.357510
vt 0.987358 0.357034
vt 0.987978 0.356778
vt 0.988649 0.356778
vt 0.989269 0.357034
vt 0.989743 0.357510
vt 0.990000 0.358130
vt 0.990000 0.358800
vt 0.989743 0.359421
vt 0.989268 0.359896
vt 0.988648 0.360153
vt 0.987977 0.360153
vt 0.982922 0.032592
vt 0.982252 0.048131
vt 0.982252 0.032592
vt 0.983595 0.032592
vt 0.982922 0.048131
vt 0.973526 0.032592
vt 0.972860 0.048130
vt 0.972853 0.032589
vt 0.974195 0.032591
vt 0.973533 0.048130
vt 0.974868 0.032591
vt 0.974202 0.048130
vt 0.975538 0.032591
vt 0.974875 0.048129
vt 0.976211 0.032591
vt 0.975545 0.048129
vt 0.976880 0.032591
vt 0.976214 0.048129
vt 0.977553 0.032590
vt 0.976887 0.048129
vt 0.978222 0.032590
vt 0.977556 0.048129
vt 0.978895 0.032591
vt 0.978229 0.048129
vt 0.979568 0.032591
vt 0.978899 0.048129
vt 0.980237 0.032591
vt 0.979568 0.048129
vt 0.980910 0.032591
vt 0.980241 0.048130
vt 0.981580 0.032592
vt 0.980910 0.048130
vt 0.981580 0.048130
vt 0.972236 0.032330
vt 0.971764 0.031854
vt 0.973196 0.030904
vt 0.974147 0.032338
vt 0.974622 0.031865
vt 0.974882 0.031246
vt 0.974886 0.030575
vt 0.974629 0.029954
vt 0.974157 0.029478
vt 0.973540 0.029218
vt 0.972867 0.029216
vt 0.972246 0.029470
vt 0.971771 0.029943
vt 0.971511 0.030562
vt 0.971507 0.031233
vt 0.971767 0.048862
vt 0.972239 0.048387
vt 0.973196 0.049817
vt 0.974150 0.048386
vt 0.974625 0.048861
vt 0.974882 0.049481
vt 0.974882 0.050152
vt 0.974625 0.050772
vt 0.974154 0.051246
vt 0.973533 0.051503
vt 0.972860 0.051504
vt 0.972243 0.051247
vt 0.971767 0.050773
vt 0.971511 0.050153
vt 0.971511 0.049482
vt 0.981580 0.599403
vt 0.891491 0.601831
vt 0.893206 0.599403
vt 0.984009 0.601120
vt 0.981581 0.492066
vt 0.984009 0.490353
vt 0.890779 0.601120
vt 0.893205 0.492070
vt 0.891491 0.489642
vt 0.983299 0.489642
vt 0.891494 0.487921
vt 0.983302 0.487921
vt 0.891494 0.603551
vt 0.983299 0.601831
vt 0.983302 0.603551
vt 0.889060 0.490353
vt 0.890779 0.490353
vt 0.985730 0.490353
vt 0.985729 0.601120
vt 0.753934 0.036535
vt 0.749777 0.038785
vt 0.754211 0.035615
vt 0.752054 0.040169
vt 0.754322 0.034889
vt 0.754154 0.034373
vt 0.753401 0.033494
vt 0.757121 0.041773
vt 0.756332 0.037138
vt 0.758311 0.037143
vt 0.756544 0.036173
vt 0.758495 0.036103
vt 0.757711 0.031402
vt 0.756530 0.034114
vt 0.755531 0.032045
vt 0.758457 0.034195
vt 0.756632 0.035122
vt 0.754756 0.041254
vt 0.809796 0.041731
vt 0.810504 0.037090
vt 0.812116 0.041219
vt 0.808501 0.037096
vt 0.810288 0.036126
vt 0.810323 0.034067
vt 0.809161 0.031351
vt 0.811346 0.032003
vt 0.810210 0.035076
vt 0.808400 0.034146
vt 0.808331 0.036054
vt 0.808304 0.035119
vt 0.812703 0.034339
vt 0.812526 0.034853
vt 0.812635 0.035581
vt 0.812919 0.036499
vt 0.758536 0.035168
vt 0.931319 0.113133
vt 0.929802 0.113669
vt 0.929337 0.113447
vt 0.927136 0.114438
vt 0.927317 0.116560
vt 0.926723 0.116648
vt 0.927691 0.114557
vt 0.817059 0.038785
vt 0.814794 0.040150
vt 0.813469 0.033471
vt 0.983243 0.113172
vt 0.981781 0.112484
vt 0.983734 0.113026
vt 0.985163 0.116455
vt 0.985721 0.114400
vt 0.985730 0.116648
vt 0.985156 0.114416
vt 0.981363 0.112685
vt 0.931742 0.113321
vt 0.963466 0.136897
vt 0.961216 0.132738
vt 0.964386 0.137174
vt 0.959832 0.135017
vt 0.965112 0.137284
vt 0.965628 0.137115
vt 0.966507 0.136363
vt 0.958228 0.140083
vt 0.962863 0.139295
vt 0.962858 0.141272
vt 0.963829 0.139505
vt 0.963898 0.141458
vt 0.968599 0.140672
vt 0.965887 0.139493
vt 0.967956 0.138494
vt 0.965806 0.141418
vt 0.964879 0.139594
vt 0.958748 0.137717
vt 0.958269 0.192759
vt 0.962911 0.193467
vt 0.958781 0.195079
vt 0.962904 0.191462
vt 0.963874 0.193250
vt 0.965933 0.193286
vt 0.968649 0.192123
vt 0.967998 0.194309
vt 0.964925 0.193173
vt 0.965854 0.191363
vt 0.963946 0.191294
vt 0.964881 0.191266
vt 0.965662 0.195666
vt 0.965148 0.195489
vt 0.964420 0.195598
vt 0.963501 0.195882
vt 0.964834 0.141498
vt 0.966086 0.632487
vt 0.965497 0.630990
vt 0.965696 0.630517
vt 0.964602 0.628371
vt 0.962495 0.628651
vt 0.962379 0.628063
vt 0.964510 0.628930
vt 0.961216 0.200022
vt 0.959851 0.197757
vt 0.966529 0.196430
vt 0.965830 0.684310
vt 0.966514 0.682850
vt 0.965978 0.684801
vt 0.962567 0.686252
vt 0.964623 0.686793
vt 0.962379 0.686819
vt 0.964602 0.686228
vt 0.966315 0.682432
vt 0.965895 0.632906
vt 0.969880 0.271401
vt 0.967630 0.267245
vt 0.970800 0.271679
vt 0.966246 0.269522
vt 0.971526 0.271790
vt 0.972042 0.271622
vt 0.972921 0.270869
vt 0.964642 0.274587
vt 0.969276 0.273800
vt 0.969271 0.275778
vt 0.970242 0.274011
vt 0.970311 0.275962
vt 0.975012 0.275178
vt 0.972301 0.273997
vt 0.974369 0.273000
vt 0.972219 0.275924
vt 0.971292 0.274100
vt 0.965161 0.272222
vt 0.964675 0.327272
vt 0.969317 0.327975
vt 0.965190 0.329593
vt 0.969308 0.325970
vt 0.970280 0.327758
vt 0.972340 0.327791
vt 0.975054 0.326624
vt 0.974405 0.328811
vt 0.971331 0.327678
vt 0.972258 0.325868
vt 0.970350 0.325800
vt 0.971285 0.325772
vt 0.972071 0.330170
vt 0.971557 0.329993
vt 0.970829 0.330104
vt 0.969911 0.330390
vt 0.971247 0.276004
vt 0.828907 0.033864
vt 0.827419 0.034486
vt 0.826940 0.034301
vt 0.824835 0.035476
vt 0.825192 0.037574
vt 0.824609 0.037712
vt 0.825397 0.035547
vt 0.967630 0.334532
vt 0.966263 0.332268
vt 0.972940 0.330933
vt 0.880791 0.034192
vt 0.879341 0.033486
vt 0.881286 0.034055
vt 0.882646 0.037508
vt 0.883246 0.035465
vt 0.883211 0.037712
vt 0.882681 0.035470
vt 0.878921 0.033684
vt 0.829330 0.034054
vt 0.277812 0.369605
vt 0.273653 0.371855
vt 0.278089 0.368685
vt 0.275932 0.373239
vt 0.278200 0.367959
vt 0.278030 0.367443
vt 0.277278 0.366564
vt 0.280996 0.374843
vt 0.280208 0.370208
vt 0.282189 0.370213
vt 0.280420 0.369243
vt 0.282373 0.369173
vt 0.281585 0.364472
vt 0.280406 0.367184
vt 0.279407 0.365115
vt 0.282331 0.367265
vt 0.280510 0.368192
vt 0.278630 0.374323
vt 0.333674 0.374803
vt 0.334382 0.370161
vt 0.335994 0.374290
vt 0.332377 0.370168
vt 0.334166 0.369198
vt 0.334201 0.367139
vt 0.333036 0.364423
vt 0.335224 0.365074
vt 0.334087 0.368147
vt 0.332276 0.367218
vt 0.332207 0.369126
vt 0.332179 0.368191
vt 0.336580 0.367410
vt 0.336404 0.367924
vt 0.336511 0.368652
vt 0.336796 0.369570
vt 0.282414 0.368238
vt 0.277967 0.352123
vt 0.276458 0.352683
vt 0.275986 0.352472
vt 0.273812 0.353512
vt 0.274041 0.355628
vt 0.273451 0.355729
vt 0.274370 0.353618
vt 0.340937 0.371855
vt 0.338672 0.373220
vt 0.337344 0.366542
vt 0.329861 0.352290
vt 0.328394 0.351612
vt 0.330350 0.352139
vt 0.331828 0.355545
vt 0.332355 0.353483
vt 0.332396 0.355729
vt 0.331790 0.353507
vt 0.327978 0.351812
vt 0.278386 0.352312
vt 0.889652 0.990000
vt 0.981460 0.879233
vt 0.981460 0.990000
vt 0.970784 0.738260
vt 0.968213 0.739228
vt 0.968213 0.738260
vt 0.970784 0.739228
vt 0.968213 0.740199
vt 0.970784 0.740199
vt 0.968213 0.741167
vt 0.970784 0.742138
vt 0.970784 0.741167
vt 0.968213 0.743106
vt 0.968213 0.742138
vt 0.970784 0.743106
vt 0.968213 0.744073
vt 0.970784 0.744073
vt 0.968213 0.745045
vt 0.970784 0.746012
vt 0.970784 0.745045
vt 0.968213 0.746983
vt 0.968213 0.746012
vt 0.970784 0.747951
vt 0.970784 0.746983
vt 0.968213 0.748919
vt 0.968213 0.747951
vt 0.970784 0.734383
vt 0.968213 0.733415
vt 0.970784 0.733415
vt 0.970784 0.735354
vt 0.968213 0.734383
vt 0.970784 0.736322
vt 0.968213 0.735354
vt 0.968213 0.737289
vt 0.968213 0.736322
vt 0.970784 0.737289
vt 0.964397 0.750500
vt 0.963711 0.749814
vt 0.965777 0.748437
vt 0.963341 0.748919
vt 0.963341 0.747951
vt 0.963711 0.747056
vt 0.964397 0.746369
vt 0.965292 0.745998
vt 0.966261 0.745998
vt 0.967157 0.746369
vt 0.967842 0.747056
vt 0.967842 0.749817
vt 0.967156 0.750500
vt 0.966261 0.750871
vt 0.965292 0.750871
vt 0.965774 0.721879
vt 0.966441 0.706341
vt 0.966445 0.721879
vt 0.965103 0.721879
vt 0.965770 0.706341
vt 0.975166 0.721876
vt 0.975838 0.706337
vt 0.975837 0.721876
vt 0.974495 0.721876
vt 0.975167 0.706337
vt 0.973824 0.721876
vt 0.974496 0.706337
vt 0.973153 0.721876
vt 0.973825 0.706337
vt 0.972482 0.721876
vt 0.973154 0.706337
vt 0.971811 0.721876
vt 0.972483 0.706337
vt 0.971140 0.721876
vt 0.971812 0.706337
vt 0.970469 0.721876
vt 0.971141 0.706337
vt 0.969798 0.721876
vt 0.970469 0.706337
vt 0.969128 0.721876
vt 0.969798 0.706337
vt 0.968457 0.721879
vt 0.969127 0.706341
vt 0.967786 0.721879
vt 0.968455 0.706341
vt 0.967115 0.721879
vt 0.967784 0.706341
vt 0.967113 0.706341
vt 0.976457 0.722132
vt 0.976932 0.722608
vt 0.975502 0.723565
vt 0.974546 0.722132
vt 0.974072 0.722608
vt 0.973815 0.723228
vt 0.973816 0.723901
vt 0.974073 0.724519
vt 0.974548 0.724994
vt 0.975168 0.725251
vt 0.975839 0.725251
vt 0.976459 0.724994
vt 0.976933 0.724519
vt 0.977190 0.723898
vt 0.977189 0.723228
vt 0.976933 0.705606
vt 0.976458 0.706081
vt 0.975503 0.704652
vt 0.974547 0.706081
vt 0.974073 0.705606
vt 0.973816 0.704988
vt 0.973816 0.704315
vt 0.974073 0.703694
vt 0.974547 0.703223
vt 0.975167 0.702966
vt 0.975838 0.702966
vt 0.976458 0.703223
vt 0.976933 0.703694
vt 0.977190 0.704315
vt 0.977190 0.704988
vt 0.965767 0.254287
vt 0.966445 0.238749
vt 0.966439 0.254287
vt 0.965096 0.254287
vt 0.965774 0.238749
vt 0.975164 0.254294
vt 0.975838 0.238756
vt 0.975835 0.254294
vt 0.974493 0.254294
vt 0.975167 0.238756
vt 0.973822 0.254294
vt 0.974496 0.238756
vt 0.973150 0.254294
vt 0.973825 0.238756
vt 0.972479 0.254291
vt 0.973154 0.238756
vt 0.971808 0.254291
vt 0.972483 0.238752
vt 0.971137 0.254291
vt 0.971813 0.238752
vt 0.970465 0.254291
vt 0.971142 0.238752
vt 0.969794 0.254291
vt 0.970471 0.238752
vt 0.969123 0.254291
vt 0.969800 0.238752
vt 0.968452 0.254291
vt 0.969129 0.238752
vt 0.967781 0.254291
vt 0.968458 0.238752
vt 0.967110 0.254287
vt 0.967787 0.238749
vt 0.967116 0.238749
vt 0.976455 0.254551
vt 0.976930 0.255023
vt 0.975502 0.255983
vt 0.974544 0.254554
vt 0.974070 0.255029
vt 0.973815 0.255650
vt 0.973816 0.256320
vt 0.974074 0.256940
vt 0.974549 0.257412
vt 0.975169 0.257669
vt 0.975840 0.257669
vt 0.976460 0.257409
vt 0.976934 0.256934
vt 0.977189 0.256313
vt 0.977188 0.255643
vt 0.976933 0.238024
vt 0.976458 0.238499
vt 0.975503 0.237070
vt 0.974547 0.238499
vt 0.974073 0.238024
vt 0.973816 0.237406
vt 0.973816 0.236734
vt 0.974073 0.236113
vt 0.974547 0.235641
vt 0.975167 0.235381
vt 0.975838 0.235384
vt 0.976458 0.235641
vt 0.976933 0.236113
vt 0.977190 0.236734
vt 0.977189 0.237406
vt 0.240710 0.018420
vt 0.243138 0.108509
vt 0.240710 0.106794
vt 0.131660 0.015991
vt 0.242427 0.015991
vt 0.242427 0.109221
vt 0.133377 0.106795
vt 0.133373 0.018419
vt 0.130949 0.108509
vt 0.130949 0.016701
vt 0.129229 0.108506
vt 0.129229 0.016698
vt 0.244858 0.108506
vt 0.243138 0.016701
vt 0.244858 0.016698
vt 0.242427 0.110939
vt 0.131660 0.109221
vt 0.131660 0.014270
vt 0.242427 0.014271
vt 0.907578 0.111824
vt 0.917407 0.326837
vt 0.907578 0.326837
vt 0.907578 0.336667
vt 0.790068 0.326837
vt 0.780239 0.326837
vt 0.790068 0.111824
vt 0.790068 0.101994
vt 0.665468 0.872490
vt 0.880482 0.990000
vt 0.665468 0.990000
vt 0.254849 0.516604
vt 0.264678 0.128718
vt 0.264678 0.516604
vt 0.254849 0.128718
vt 0.137339 0.118889
vt 0.254849 0.118889
vt 0.137339 0.128718
vt 0.127510 0.516604
vt 0.127510 0.128718
vt 0.137339 0.516604
vt 0.254849 0.526434
vt 0.137339 0.526434
vt 0.010000 0.516604
vt 0.830796 0.051475
vt 0.826634 0.053725
vt 0.831074 0.050556
vt 0.828917 0.055109
vt 0.831185 0.049830
vt 0.831012 0.049313
vt 0.830262 0.048434
vt 0.833981 0.056714
vt 0.833190 0.052079
vt 0.835174 0.052084
vt 0.833405 0.051113
vt 0.835354 0.051044
vt 0.834570 0.046343
vt 0.833391 0.049055
vt 0.832392 0.046986
vt 0.835312 0.049136
vt 0.833495 0.050063
vt 0.831615 0.056194
vt 0.886659 0.056676
vt 0.887366 0.052034
vt 0.888983 0.056163
vt 0.885361 0.052042
vt 0.887151 0.051071
vt 0.887186 0.049012
vt 0.886020 0.046296
vt 0.888206 0.046947
vt 0.887068 0.050021
vt 0.885257 0.049092
vt 0.885195 0.051000
vt 0.885167 0.050065
vt 0.889565 0.049282
vt 0.889385 0.049796
vt 0.889496 0.050524
vt 0.889780 0.051443
vt 0.835396 0.050109
vt 0.905794 0.052820
vt 0.904330 0.053500
vt 0.903844 0.053344
vt 0.901819 0.054658
vt 0.902318 0.056725
vt 0.901749 0.056902
vt 0.902388 0.054690
vt 0.893922 0.053725
vt 0.891660 0.055091
vt 0.890328 0.048414
vt 0.957646 0.053405
vt 0.956197 0.052702
vt 0.958139 0.053264
vt 0.959526 0.056703
vt 0.960109 0.054657
vt 0.960095 0.056902
vt 0.959540 0.054667
vt 0.906217 0.053013
vt 0.950660 0.207354
vt 0.948410 0.203192
vt 0.951580 0.207632
vt 0.947026 0.205474
vt 0.952306 0.207743
vt 0.952822 0.207569
vt 0.953701 0.206820
vt 0.945422 0.210538
vt 0.950057 0.209748
vt 0.950051 0.211725
vt 0.951022 0.209963
vt 0.951092 0.211912
vt 0.955793 0.211128
vt 0.953081 0.209949
vt 0.955150 0.208950
vt 0.953000 0.211870
vt 0.952073 0.210053
vt 0.945942 0.208173
vt 0.945459 0.263216
vt 0.950101 0.263924
vt 0.945973 0.265540
vt 0.950093 0.261919
vt 0.951064 0.263709
vt 0.953123 0.263744
vt 0.955839 0.262578
vt 0.955188 0.264763
vt 0.952114 0.263626
vt 0.953043 0.261815
vt 0.951135 0.261746
vt 0.952070 0.261718
vt 0.952853 0.266116
vt 0.952339 0.265943
vt 0.951611 0.266054
vt 0.950693 0.266338
vt 0.952027 0.211953
vt 0.949275 0.139315
vt 0.948615 0.137845
vt 0.948779 0.137359
vt 0.947509 0.135313
vt 0.945433 0.135764
vt 0.945269 0.135188
vt 0.947465 0.135875
vt 0.948410 0.270479
vt 0.947044 0.268211
vt 0.953721 0.266886
vt 0.948739 0.191133
vt 0.949434 0.189683
vt 0.948884 0.191626
vt 0.945461 0.193048
vt 0.947513 0.193610
vt 0.945269 0.193617
vt 0.947496 0.193041
vt 0.949237 0.189260
vt 0.949082 0.139731
vt 0.954926 0.416592
vt 0.952675 0.412437
vt 0.955845 0.416869
vt 0.951292 0.414712
vt 0.956571 0.416980
vt 0.957088 0.416814
vt 0.957967 0.416058
vt 0.949688 0.419776
vt 0.954322 0.418992
vt 0.954317 0.420969
vt 0.955288 0.419200
vt 0.955358 0.421149
vt 0.960059 0.420365
vt 0.957347 0.419186
vt 0.959415 0.418187
vt 0.957266 0.421115
vt 0.956338 0.419290
vt 0.950207 0.417410
vt 0.949728 0.472454
vt 0.954370 0.473162
vt 0.950241 0.474778
vt 0.954364 0.471157
vt 0.955333 0.472946
vt 0.957393 0.472981
vt 0.960109 0.471816
vt 0.959457 0.474001
vt 0.956384 0.472870
vt 0.957314 0.471060
vt 0.955405 0.470990
vt 0.956341 0.470963
vt 0.957121 0.475360
vt 0.956607 0.475187
vt 0.955879 0.475291
vt 0.954961 0.475576
vt 0.956293 0.421191
vt 0.971723 0.103932
vt 0.973179 0.103234
vt 0.973672 0.103379
vt 0.975656 0.102014
vt 0.975101 0.099961
vt 0.975670 0.099769
vt 0.975094 0.101996
vt 0.952675 0.479717
vt 0.951311 0.477448
vt 0.957989 0.476124
vt 0.919884 0.103245
vt 0.921341 0.103943
vt 0.919391 0.103389
vt 0.917976 0.099963
vt 0.917414 0.102014
vt 0.917407 0.099769
vt 0.917976 0.101999
vt 0.921757 0.103748
vt 0.971306 0.103738
vt 0.954925 0.339729
vt 0.952674 0.335574
vt 0.955845 0.340007
vt 0.951291 0.337849
vt 0.956571 0.340117
vt 0.957087 0.339951
vt 0.957966 0.339195
vt 0.949687 0.342913
vt 0.954322 0.342129
vt 0.954317 0.344106
vt 0.955287 0.342337
vt 0.955357 0.344287
vt 0.960058 0.343503
vt 0.957346 0.342323
vt 0.959415 0.341325
vt 0.957265 0.344252
vt 0.956338 0.342427
vt 0.950206 0.340548
vt 0.949728 0.395591
vt 0.954370 0.396299
vt 0.950240 0.397908
vt 0.954364 0.394294
vt 0.955333 0.396084
vt 0.957392 0.396118
vt 0.960109 0.394953
vt 0.959457 0.397145
vt 0.956384 0.396007
vt 0.957314 0.394197
vt 0.955406 0.394128
vt 0.956341 0.394100
vt 0.957120 0.398498
vt 0.956607 0.398324
vt 0.955879 0.398428
vt 0.954960 0.398713
vt 0.956292 0.344328
vt 0.955543 0.696473
vt 0.954922 0.694988
vt 0.955107 0.694510
vt 0.953933 0.692401
vt 0.951835 0.692762
vt 0.951697 0.692179
vt 0.953862 0.692963
vt 0.952674 0.402854
vt 0.951310 0.400586
vt 0.957988 0.399261
vt 0.955152 0.748360
vt 0.955839 0.746897
vt 0.955300 0.748846
vt 0.951885 0.750303
vt 0.953944 0.750844
vt 0.951697 0.750871
vt 0.953922 0.750282
vt 0.955641 0.746480
vt 0.955353 0.696896
vt 0.496797 0.114618
vt 0.386030 0.022810
vt 0.496797 0.022810
vt 0.965476 0.068832
vt 0.968048 0.069796
vt 0.965476 0.069796
vt 0.968047 0.067860
vt 0.968047 0.068832
vt 0.965476 0.067860
vt 0.968047 0.066889
vt 0.965476 0.065918
vt 0.965476 0.066889
vt 0.968047 0.064954
vt 0.968047 0.065918
vt 0.965476 0.079486
vt 0.968047 0.080458
vt 0.965476 0.080458
vt 0.968047 0.078522
vt 0.968047 0.079486
vt 0.965476 0.077551
vt 0.965476 0.078522
vt 0.968048 0.076580
vt 0.968047 0.077551
vt 0.965476 0.075609
vt 0.965476 0.076580
vt 0.968048 0.074644
vt 0.968048 0.075609
vt 0.965476 0.073673
vt 0.965476 0.074644
vt 0.965476 0.072702
vt 0.968048 0.073673
vt 0.965476 0.071738
vt 0.968048 0.072702
vt 0.968048 0.070767
vt 0.968048 0.071738
vt 0.965476 0.070767
vt 0.970968 0.067874
vt 0.969999 0.067874
vt 0.970483 0.065432
vt 0.969104 0.067500
vt 0.968418 0.066813
vt 0.968418 0.064059
vt 0.969103 0.063372
vt 0.969998 0.062998
vt 0.970967 0.062998
vt 0.971863 0.063372
vt 0.972548 0.064052
vt 0.972919 0.064947
vt 0.972919 0.065918
vt 0.972549 0.066813
vt 0.971864 0.067500
vt 0.980106 0.460807
vt 0.979436 0.476345
vt 0.979435 0.460807
vt 0.970040 0.460814
vt 0.969371 0.476352
vt 0.969369 0.460814
vt 0.970711 0.460814
vt 0.970042 0.476352
vt 0.971382 0.460814
vt 0.970713 0.476352
vt 0.972053 0.460814
vt 0.971384 0.476352
vt 0.972724 0.460814
vt 0.972055 0.476352
vt 0.973396 0.460814
vt 0.972726 0.476352
vt 0.974067 0.460814
vt 0.973397 0.476352
vt 0.974738 0.460807
vt 0.974068 0.476352
vt 0.975409 0.460807
vt 0.974739 0.476345
vt 0.976080 0.460807
vt 0.975410 0.476345
vt 0.976751 0.460807
vt 0.976081 0.476345
vt 0.977422 0.460807
vt 0.976752 0.476345
vt 0.978093 0.460807
vt 0.977423 0.476345
vt 0.978764 0.460807
vt 0.978094 0.476345
vt 0.978765 0.476345
vt 0.979773 0.459114
vt 0.980727 0.460550
vt 0.981202 0.460072
vt 0.981459 0.459454
vt 0.981460 0.458781
vt 0.981203 0.458164
vt 0.980729 0.457685
vt 0.980110 0.457429
vt 0.979439 0.457429
vt 0.978818 0.457685
vt 0.978343 0.458164
vt 0.978086 0.458781
vt 0.978085 0.459454
vt 0.978342 0.460072
vt 0.978816 0.460543
vt 0.980107 0.476345
vt 0.979771 0.478031
vt 0.980727 0.476602
vt 0.981202 0.477074
vt 0.981458 0.477698
vt 0.981458 0.478364
vt 0.981201 0.478988
vt 0.980726 0.479460
vt 0.980106 0.479717
vt 0.979435 0.479717
vt 0.978815 0.479460
vt 0.978341 0.478988
vt 0.978084 0.478364
vt 0.978085 0.477691
vt 0.978342 0.477074
vt 0.978816 0.476602
vt 0.971394 0.447387
vt 0.972060 0.431848
vt 0.972060 0.447387
vt 0.970721 0.447387
vt 0.971394 0.431849
vt 0.980787 0.447387
vt 0.981460 0.431849
vt 0.981453 0.447388
vt 0.980114 0.447387
vt 0.980787 0.431849
vt 0.979441 0.447387
vt 0.980121 0.431849
vt 0.978768 0.447387
vt 0.979448 0.431849
vt 0.978102 0.447387
vt 0.978775 0.431848
vt 0.977429 0.447387
vt 0.978102 0.431848
vt 0.976756 0.447386
vt 0.977436 0.431848
vt 0.976091 0.447386
vt 0.976763 0.431848
vt 0.975418 0.447386
vt 0.976091 0.431848
vt 0.974745 0.447386
vt 0.975418 0.431848
vt 0.974072 0.447386
vt 0.974745 0.431848
vt 0.973406 0.447386
vt 0.974079 0.431848
vt 0.972733 0.447387
vt 0.973406 0.431848
vt 0.972733 0.431848
vt 0.972012 0.447644
vt 0.971054 0.449074
vt 0.970097 0.447644
vt 0.969625 0.448118
vt 0.969369 0.448738
vt 0.969369 0.449409
vt 0.969625 0.450029
vt 0.970097 0.450504
vt 0.970721 0.450761
vt 0.971394 0.450761
vt 0.972012 0.450504
vt 0.972483 0.450029
vt 0.972740 0.449409
vt 0.972740 0.448738
vt 0.972483 0.448118
vt 0.972012 0.431592
vt 0.971054 0.430162
vt 0.970721 0.431849
vt 0.970097 0.431592
vt 0.969625 0.431117
vt 0.969369 0.430497
vt 0.969369 0.429826
vt 0.969625 0.429206
vt 0.970104 0.428732
vt 0.970721 0.428475
vt 0.971394 0.428475
vt 0.972012 0.428732
vt 0.972483 0.429206
vt 0.972740 0.429826
vt 0.972740 0.430497
vt 0.972483 0.431117
vt 0.616484 0.022690
vt 0.618911 0.112779
vt 0.616484 0.111064
vt 0.507430 0.020261
vt 0.618204 0.020261
vt 0.618204 0.113491
vt 0.509150 0.111065
vt 0.509150 0.022689
vt 0.506722 0.112779
vt 0.506722 0.020971
vt 0.505002 0.112776
vt 0.505002 0.020968
vt 0.620632 0.112776
vt 0.618911 0.020971
vt 0.620632 0.020968
vt 0.507430 0.115210
vt 0.507430 0.113491
vt 0.507430 0.018540
vt 0.618204 0.018541
vt 0.384927 0.336063
vt 0.775831 0.345892
vt 0.384927 0.345892
vt 0.785660 0.345892
vt 0.775831 0.463402
vt 0.775831 0.473231
vt 0.384927 0.463402
vt 0.375098 0.463402
vt 0.384927 0.473231
vt 0.775831 0.590741
vt 0.384927 0.590741
vt 0.654027 0.328489
vt 0.644198 0.123159
vt 0.654027 0.123159
vt 0.644198 0.328489
vt 0.526688 0.123457
vt 0.771536 0.123450
vt 0.771536 0.328787
vt 0.372913 0.990000
vt 0.012872 0.765861
vt 0.372913 0.765861
vt 0.010000 0.538853
vt 0.012872 0.762992
vt 0.010000 0.762992
vt 0.012872 0.538853
vt 0.372913 0.762993
vt 0.372906 0.538853
vt 0.375778 0.762993
vt 0.012872 0.535984
vt 0.372906 0.535984
vt 0.674457 0.603551
vt 0.879614 0.613380
vt 0.674451 0.613380
vt 0.889443 0.613363
vt 0.879822 0.730890
vt 0.674666 0.740719
vt 0.674666 0.730890
vt 0.664836 0.730907
vt 0.879614 0.858229
vt 0.674457 0.858228
vt 0.399952 0.328697
vt 0.390123 0.123159
vt 0.399952 0.123159
vt 0.390123 0.328697
vt 0.272614 0.123624
vt 0.517461 0.123624
vt 0.517461 0.329162
vt 0.894849 0.070694
vt 0.890690 0.072945
vt 0.895126 0.069775
vt 0.892969 0.074328
vt 0.895237 0.069048
vt 0.895067 0.068532
vt 0.894315 0.067653
vt 0.898036 0.075932
vt 0.897245 0.071298
vt 0.899226 0.071302
vt 0.897457 0.070332
vt 0.899410 0.070262
vt 0.898626 0.065561
vt 0.897443 0.068273
vt 0.896444 0.066204
vt 0.899372 0.068354
vt 0.897547 0.069281
vt 0.895671 0.075413
vt 0.950711 0.075892
vt 0.951419 0.071250
vt 0.953031 0.075379
vt 0.949414 0.071258
vt 0.951204 0.070287
vt 0.951238 0.068228
vt 0.950073 0.065512
vt 0.952261 0.066163
vt 0.951124 0.069237
vt 0.949313 0.068307
vt 0.949247 0.070216
vt 0.949220 0.069281
vt 0.953618 0.068499
vt 0.953441 0.069013
vt 0.953548 0.069741
vt 0.953836 0.070660
vt 0.899451 0.069327
vt 0.929930 0.282279
vt 0.929303 0.280794
vt 0.929485 0.280312
vt 0.928299 0.278214
vt 0.926203 0.278585
vt 0.926062 0.278006
vt 0.928231 0.278776
vt 0.957974 0.072945
vt 0.955709 0.074309
vt 0.954381 0.067631
vt 0.929527 0.334169
vt 0.930218 0.332709
vt 0.929674 0.334658
vt 0.926253 0.336098
vt 0.928308 0.336649
vt 0.926062 0.336667
vt 0.928290 0.336084
vt 0.930020 0.332290
vt 0.929739 0.282702
vt 0.931444 0.207351
vt 0.929194 0.203196
vt 0.932364 0.207628
vt 0.927810 0.205471
vt 0.933090 0.207739
vt 0.933606 0.207573
vt 0.934485 0.206820
vt 0.926206 0.210538
vt 0.930841 0.209751
vt 0.930835 0.211728
vt 0.931806 0.209959
vt 0.931876 0.211912
vt 0.936577 0.211128
vt 0.933865 0.209949
vt 0.935934 0.208950
vt 0.933784 0.211874
vt 0.932857 0.210049
vt 0.926725 0.208173
vt 0.926243 0.263220
vt 0.930885 0.263921
vt 0.926757 0.265537
vt 0.930877 0.261919
vt 0.931848 0.263706
vt 0.933907 0.263740
vt 0.936623 0.262575
vt 0.935973 0.264763
vt 0.932899 0.263629
vt 0.933827 0.261819
vt 0.931919 0.261749
vt 0.932854 0.261722
vt 0.933637 0.266120
vt 0.933123 0.265943
vt 0.932395 0.266054
vt 0.931477 0.266338
vt 0.932811 0.211953
vt 0.752037 0.070046
vt 0.750559 0.070687
vt 0.750077 0.070511
vt 0.747996 0.071729
vt 0.748399 0.073818
vt 0.747819 0.073968
vt 0.748558 0.071788
vt 0.929194 0.270479
vt 0.927828 0.268214
vt 0.934505 0.266886
vt 0.803914 0.070480
vt 0.802457 0.069782
vt 0.804406 0.070338
vt 0.805811 0.073772
vt 0.806383 0.071722
vt 0.806377 0.073968
vt 0.805818 0.071735
vt 0.802041 0.069980
vt 0.752460 0.070237
vt 0.931442 0.130492
vt 0.929192 0.126333
vt 0.932362 0.130769
vt 0.927808 0.128612
vt 0.933088 0.130877
vt 0.933604 0.130710
vt 0.934483 0.129957
vt 0.926204 0.133676
vt 0.930839 0.132888
vt 0.930834 0.134865
vt 0.931804 0.133100
vt 0.931874 0.135049
vt 0.936575 0.134265
vt 0.933863 0.133086
vt 0.935932 0.132087
vt 0.933782 0.135011
vt 0.932855 0.133187
vt 0.926723 0.131310
vt 0.926243 0.186354
vt 0.930885 0.187061
vt 0.926756 0.188674
vt 0.930877 0.185057
vt 0.931848 0.186843
vt 0.933907 0.186877
vt 0.936623 0.185715
vt 0.935972 0.187901
vt 0.932898 0.186766
vt 0.933828 0.184956
vt 0.931919 0.184887
vt 0.932854 0.184859
vt 0.933636 0.189257
vt 0.933122 0.189083
vt 0.932394 0.189191
vt 0.931476 0.189475
vt 0.932809 0.135091
vt 0.818228 0.069978
vt 0.816750 0.070615
vt 0.816268 0.070439
vt 0.814187 0.071650
vt 0.814582 0.073738
vt 0.814003 0.073885
vt 0.814749 0.071711
vt 0.929192 0.193617
vt 0.927827 0.191352
vt 0.934504 0.190023
vt 0.870025 0.070462
vt 0.868565 0.069782
vt 0.870514 0.070310
vt 0.872002 0.073703
vt 0.872522 0.071643
vt 0.872571 0.073885
vt 0.871957 0.071670
vt 0.818647 0.070172
vt 0.935711 0.416592
vt 0.933461 0.412433
vt 0.936631 0.416869
vt 0.932077 0.414712
vt 0.937357 0.416980
vt 0.937873 0.416810
vt 0.938752 0.416058
vt 0.930473 0.419776
vt 0.935108 0.418988
vt 0.935103 0.420969
vt 0.936073 0.419200
vt 0.936143 0.421153
vt 0.940844 0.420365
vt 0.938132 0.419186
vt 0.940201 0.418187
vt 0.938051 0.421111
vt 0.937124 0.419290
vt 0.930993 0.417414
vt 0.930513 0.472454
vt 0.935155 0.473162
vt 0.931026 0.474774
vt 0.935148 0.471157
vt 0.936118 0.472943
vt 0.938177 0.472981
vt 0.940893 0.471816
vt 0.940242 0.474001
vt 0.937169 0.472867
vt 0.938098 0.471056
vt 0.936190 0.470987
vt 0.937125 0.470959
vt 0.937906 0.475360
vt 0.937392 0.475184
vt 0.936664 0.475291
vt 0.935745 0.475576
vt 0.937078 0.421194
vt 0.905790 0.089143
vt 0.904326 0.089814
vt 0.903837 0.089653
vt 0.901801 0.090944
vt 0.902280 0.093017
vt 0.901704 0.093187
vt 0.902367 0.090983
vt 0.933461 0.479717
vt 0.932096 0.477452
vt 0.938774 0.476124
vt 0.957643 0.089698
vt 0.956190 0.088998
vt 0.958135 0.089557
vt 0.959537 0.092990
vt 0.960109 0.090942
vt 0.960102 0.093187
vt 0.959544 0.090954
vt 0.906213 0.089336
vt 0.272614 0.526433
vt 0.364423 0.415664
vt 0.364423 0.526433
vt 0.962443 0.612092
vt 0.963411 0.614663
vt 0.962443 0.614663
vt 0.963411 0.612092
vt 0.964382 0.614663
vt 0.965350 0.612092
vt 0.964382 0.612092
vt 0.966317 0.614663
vt 0.965350 0.614663
vt 0.966317 0.612092
vt 0.967289 0.614663
vt 0.968256 0.612092
vt 0.967289 0.612092
vt 0.969228 0.612092
vt 0.968256 0.614663
vt 0.970195 0.614663
vt 0.969228 0.614663
vt 0.970195 0.612092
vt 0.971163 0.614663
vt 0.972134 0.612092
vt 0.971163 0.612092
vt 0.973102 0.614663
vt 0.972134 0.614663
vt 0.958566 0.612092
vt 0.957598 0.614663
vt 0.957598 0.612092
vt 0.959537 0.612092
vt 0.958566 0.614663
vt 0.960504 0.612092
vt 0.959537 0.614663
vt 0.961472 0.614663
vt 0.960504 0.614663
vt 0.961472 0.612092
vt 0.974683 0.618479
vt 0.974000 0.619164
vt 0.972620 0.617099
vt 0.973102 0.619535
vt 0.972134 0.619535
vt 0.971239 0.619164
vt 0.970552 0.618479
vt 0.970181 0.617584
vt 0.970181 0.616615
vt 0.970552 0.615719
vt 0.971239 0.615034
vt 0.973997 0.615034
vt 0.974683 0.615719
vt 0.975054 0.616614
vt 0.975054 0.617583
vt 0.970043 0.416574
vt 0.970714 0.401035
vt 0.970714 0.416577
vt 0.969372 0.416574
vt 0.970043 0.401039
vt 0.979438 0.416560
vt 0.980108 0.401021
vt 0.980109 0.416560
vt 0.978767 0.416560
vt 0.979437 0.401021
vt 0.978096 0.416560
vt 0.978766 0.401021
vt 0.977425 0.416560
vt 0.978095 0.401021
vt 0.976754 0.416563
vt 0.977424 0.401021
vt 0.976083 0.416563
vt 0.976753 0.401025
vt 0.975412 0.416563
vt 0.976082 0.401025
vt 0.974741 0.416567
vt 0.975411 0.401025
vt 0.974070 0.416567
vt 0.974740 0.401028
vt 0.973399 0.416567
vt 0.974069 0.401028
vt 0.972727 0.416570
vt 0.973398 0.401032
vt 0.972056 0.416570
vt 0.972727 0.401032
vt 0.971385 0.416574
vt 0.972056 0.401035
vt 0.971385 0.401035
vt 0.980728 0.416820
vt 0.981201 0.417295
vt 0.979767 0.418245
vt 0.978817 0.416813
vt 0.978341 0.417285
vt 0.978081 0.417906
vt 0.978079 0.418575
vt 0.978333 0.419196
vt 0.978805 0.419671
vt 0.979424 0.419931
vt 0.980095 0.419935
vt 0.980716 0.419681
vt 0.981193 0.419206
vt 0.981452 0.418589
vt 0.981455 0.417920
vt 0.981203 0.400290
vt 0.980728 0.400765
vt 0.979773 0.399332
vt 0.978817 0.400765
vt 0.978343 0.400290
vt 0.978086 0.399669
vt 0.978086 0.398999
vt 0.978343 0.398378
vt 0.978817 0.397903
vt 0.979437 0.397647
vt 0.980108 0.397647
vt 0.980728 0.397903
vt 0.981203 0.398378
vt 0.981460 0.398999
vt 0.981460 0.399669
vt 0.980780 0.372060
vt 0.980121 0.387599
vt 0.980107 0.372060
vt 0.981453 0.372060
vt 0.980787 0.387598
vt 0.971387 0.372071
vt 0.970721 0.387609
vt 0.970715 0.372066
vt 0.972060 0.372071
vt 0.971394 0.387609
vt 0.972726 0.372070
vt 0.972060 0.387609
vt 0.973399 0.372070
vt 0.972733 0.387609
vt 0.974072 0.372069
vt 0.973406 0.387608
vt 0.974745 0.372069
vt 0.974079 0.387608
vt 0.975411 0.372068
vt 0.974745 0.387607
vt 0.976084 0.372068
vt 0.975418 0.387607
vt 0.976756 0.372067
vt 0.976091 0.387606
vt 0.977422 0.372066
vt 0.976763 0.387605
vt 0.978095 0.372065
vt 0.977429 0.387604
vt 0.978768 0.372063
vt 0.978102 0.387602
vt 0.979441 0.372062
vt 0.978775 0.387601
vt 0.979448 0.387600
vt 0.970097 0.371805
vt 0.969625 0.371327
vt 0.971061 0.370382
vt 0.972012 0.371819
vt 0.972490 0.371348
vt 0.972747 0.370729
vt 0.972754 0.370058
vt 0.972497 0.369437
vt 0.972033 0.368959
vt 0.971408 0.368698
vt 0.970742 0.368693
vt 0.970118 0.368945
vt 0.969639 0.369416
vt 0.969383 0.370034
vt 0.969376 0.370705
vt 0.969625 0.388341
vt 0.970104 0.387866
vt 0.971054 0.389296
vt 0.972012 0.387866
vt 0.972483 0.388340
vt 0.972740 0.388960
vt 0.972740 0.389631
vt 0.972483 0.390251
vt 0.972012 0.390726
vt 0.971394 0.390983
vt 0.970721 0.390983
vt 0.970104 0.390726
vt 0.969625 0.390252
vt 0.969369 0.389632
vt 0.969369 0.388961
vt 0.876961 0.590863
vt 0.786873 0.593291
vt 0.788588 0.590863
vt 0.879390 0.481809
vt 0.879391 0.592583
vt 0.786161 0.481809
vt 0.788586 0.483529
vt 0.876962 0.483529
vt 0.786872 0.481101
vt 0.878680 0.481101
vt 0.786875 0.479381
vt 0.878683 0.479381
vt 0.786875 0.595011
vt 0.878680 0.593291
vt 0.878683 0.595011
vt 0.786160 0.592583
vt 0.784441 0.481809
vt 0.881111 0.481809
vt 0.881110 0.592583
vt 0.637853 0.970924
vt 0.656928 0.619217
vt 0.656928 0.970926
vt 0.637853 0.619217
vt 0.520343 0.600141
vt 0.637853 0.600141
vt 0.520343 0.619217
vt 0.501267 0.970924
vt 0.501267 0.619217
vt 0.520343 0.970924
vt 0.637853 0.990000
vt 0.520343 0.990000
vt 0.383757 0.970924
vt 0.901253 0.038667
vt 0.897095 0.040917
vt 0.901530 0.037747
vt 0.899373 0.042301
vt 0.901641 0.037021
vt 0.901473 0.036505
vt 0.900720 0.035626
vt 0.904439 0.043905
vt 0.903651 0.039271
vt 0.905629 0.039276
vt 0.903861 0.038305
vt 0.905813 0.038235
vt 0.905029 0.033534
vt 0.903848 0.036246
vt 0.902850 0.034178
vt 0.905774 0.036327
vt 0.903951 0.037255
vt 0.902074 0.043386
vt 0.957117 0.043866
vt 0.957823 0.039224
vt 0.959437 0.043353
vt 0.955819 0.039231
vt 0.957607 0.038261
vt 0.957642 0.036202
vt 0.956478 0.033486
vt 0.958664 0.034137
vt 0.957529 0.037210
vt 0.955718 0.036281
vt 0.955650 0.038190
vt 0.955623 0.037254
vt 0.960021 0.036473
vt 0.959845 0.036986
vt 0.959954 0.037714
vt 0.960239 0.038633
vt 0.905855 0.037300
vt 0.278027 0.339185
vt 0.276534 0.339789
vt 0.276058 0.339596
vt 0.273930 0.340728
vt 0.274248 0.342833
vt 0.273662 0.342959
vt 0.274490 0.340810
vt 0.964379 0.040917
vt 0.962114 0.042283
vt 0.960787 0.035605
vt 0.329903 0.339492
vt 0.328444 0.338802
vt 0.330394 0.339345
vt 0.331829 0.342767
vt 0.332383 0.340712
vt 0.332396 0.342959
vt 0.331816 0.340730
vt 0.328025 0.339000
vt 0.278449 0.339376
vt 0.903686 0.687746
vt 0.901435 0.683588
vt 0.904605 0.688023
vt 0.900052 0.685866
vt 0.905331 0.688133
vt 0.905848 0.687965
vt 0.906727 0.687212
vt 0.898448 0.690931
vt 0.903082 0.690144
vt 0.903077 0.692122
vt 0.904048 0.690354
vt 0.904118 0.692306
vt 0.908818 0.691522
vt 0.906106 0.690342
vt 0.908175 0.689343
vt 0.906026 0.692267
vt 0.905098 0.690443
vt 0.898967 0.688567
vt 0.898487 0.743609
vt 0.903129 0.744315
vt 0.899000 0.745930
vt 0.903122 0.742311
vt 0.904092 0.744099
vt 0.906151 0.744134
vt 0.908867 0.742971
vt 0.908216 0.745157
vt 0.905142 0.744021
vt 0.906072 0.742211
vt 0.904163 0.742142
vt 0.905099 0.742115
vt 0.905880 0.746513
vt 0.905366 0.746337
vt 0.904638 0.746446
vt 0.903720 0.746732
vt 0.905053 0.692347
vt 0.921153 0.425325
vt 0.920590 0.423818
vt 0.920801 0.423348
vt 0.919759 0.421175
vt 0.917643 0.421404
vt 0.917541 0.420815
vt 0.919653 0.421732
vt 0.901435 0.750871
vt 0.900070 0.748607
vt 0.906748 0.747279
vt 0.920994 0.477202
vt 0.921678 0.475740
vt 0.921143 0.477693
vt 0.917730 0.479148
vt 0.919788 0.479691
vt 0.917541 0.479717
vt 0.919766 0.479124
vt 0.921478 0.475324
vt 0.920964 0.425747
vt 0.929311 0.623691
vt 0.927062 0.619532
vt 0.930231 0.623968
vt 0.925677 0.621811
vt 0.930957 0.624079
vt 0.931473 0.623911
vt 0.932353 0.623158
vt 0.924073 0.626876
vt 0.928708 0.626089
vt 0.928702 0.628066
vt 0.929673 0.626299
vt 0.929743 0.628252
vt 0.934444 0.627468
vt 0.931732 0.626287
vt 0.933801 0.625288
vt 0.931651 0.628212
vt 0.930724 0.626389
vt 0.924593 0.624511
vt 0.924108 0.679560
vt 0.928750 0.680262
vt 0.924623 0.681878
vt 0.928742 0.678257
vt 0.929713 0.680045
vt 0.931773 0.680078
vt 0.934488 0.678915
vt 0.933838 0.681100
vt 0.930764 0.679967
vt 0.931692 0.678155
vt 0.929784 0.678089
vt 0.930719 0.678060
vt 0.931503 0.682458
vt 0.930989 0.682283
vt 0.930261 0.682392
vt 0.929343 0.682678
vt 0.930678 0.628293
vt 0.940503 0.348487
vt 0.939902 0.346992
vt 0.940095 0.346517
vt 0.938969 0.344385
vt 0.936864 0.344698
vt 0.936740 0.344111
vt 0.938886 0.344945
vt 0.927062 0.686819
vt 0.925695 0.684554
vt 0.932372 0.683222
vt 0.940204 0.400357
vt 0.940893 0.398898
vt 0.940351 0.400848
vt 0.936931 0.402287
vt 0.938986 0.402838
vt 0.936740 0.402854
vt 0.938967 0.402271
vt 0.940695 0.398480
vt 0.940312 0.348908
vt 0.753930 0.055744
vt 0.749773 0.057994
vt 0.754208 0.054825
vt 0.752050 0.059378
vt 0.754319 0.054099
vt 0.754151 0.053582
vt 0.753398 0.052703
vt 0.757116 0.060983
vt 0.756329 0.056348
vt 0.758307 0.056353
vt 0.756539 0.055382
vt 0.758491 0.055313
vt 0.757707 0.050612
vt 0.756526 0.053324
vt 0.755529 0.051255
vt 0.758453 0.053405
vt 0.756629 0.054332
vt 0.754752 0.060463
vt 0.809798 0.060946
vt 0.810502 0.056304
vt 0.812118 0.060432
vt 0.808497 0.056312
vt 0.810285 0.055341
vt 0.810320 0.053282
vt 0.809154 0.050566
vt 0.811341 0.051217
vt 0.810207 0.054291
vt 0.808396 0.053362
vt 0.808329 0.055271
vt 0.808301 0.054336
vt 0.812699 0.053552
vt 0.812522 0.054066
vt 0.812631 0.054794
vt 0.812918 0.055712
vt 0.758533 0.054378
vt 0.942625 0.696520
vt 0.942030 0.695025
vt 0.942227 0.694551
vt 0.941118 0.692411
vt 0.939012 0.692706
vt 0.938892 0.692120
vt 0.941030 0.692972
vt 0.817059 0.057994
vt 0.814794 0.059360
vt 0.813464 0.052683
vt 0.942343 0.748360
vt 0.943028 0.746900
vt 0.942492 0.748851
vt 0.939081 0.750303
vt 0.941137 0.750845
vt 0.938892 0.750871
vt 0.941116 0.750280
vt 0.942830 0.746482
vt 0.942434 0.696941
vt 0.120769 0.118889
vt 0.010000 0.027081
vt 0.120769 0.027081
vt 0.492725 0.603552
vt 0.493694 0.606123
vt 0.492725 0.606123
vt 0.493694 0.603552
vt 0.494664 0.606123
vt 0.494664 0.603552
vt 0.495633 0.606123
vt 0.496602 0.603552
vt 0.495633 0.603552
vt 0.497570 0.606123
vt 0.496602 0.606123
vt 0.497570 0.603552
vt 0.498540 0.606123
vt 0.498540 0.603552
vt 0.499509 0.606123
vt 0.500478 0.603552
vt 0.499509 0.603552
vt 0.501448 0.606123
vt 0.500478 0.606123
vt 0.502416 0.603551
vt 0.501448 0.603551
vt 0.503385 0.606123
vt 0.502417 0.606123
vt 0.488849 0.603551
vt 0.487879 0.606123
vt 0.487879 0.603551
vt 0.489818 0.603552
vt 0.488849 0.606123
vt 0.490788 0.603552
vt 0.489818 0.606123
vt 0.491757 0.606123
vt 0.490788 0.606123
vt 0.491757 0.603552
vt 0.504967 0.609938
vt 0.504282 0.610624
vt 0.502901 0.608559
vt 0.503387 0.610995
vt 0.502417 0.610995
vt 0.501522 0.610624
vt 0.500837 0.609939
vt 0.500466 0.609044
vt 0.500466 0.608075
vt 0.500836 0.607179
vt 0.501521 0.606494
vt 0.504282 0.606493
vt 0.504967 0.607179
vt 0.505338 0.608074
vt 0.505338 0.609043
vt 0.767649 0.111874
vt 0.752110 0.111206
vt 0.767648 0.111202
vt 0.767648 0.112545
vt 0.752110 0.111877
vt 0.767652 0.102479
vt 0.752114 0.101810
vt 0.767652 0.101808
vt 0.767653 0.103151
vt 0.752114 0.102481
vt 0.767653 0.103822
vt 0.752114 0.103152
vt 0.767653 0.104493
vt 0.752114 0.103823
vt 0.767653 0.105164
vt 0.752114 0.104495
vt 0.767652 0.105835
vt 0.752114 0.105166
vt 0.767652 0.106506
vt 0.752114 0.105837
vt 0.767652 0.107177
vt 0.752114 0.106508
vt 0.767652 0.107849
vt 0.752113 0.107179
vt 0.767651 0.108518
vt 0.752113 0.107850
vt 0.767651 0.109189
vt 0.752112 0.108521
vt 0.767650 0.109860
vt 0.752112 0.109193
vt 0.767650 0.110531
vt 0.752111 0.109864
vt 0.752111 0.110535
vt 0.767908 0.111255
vt 0.769335 0.112214
vt 0.767903 0.113166
vt 0.768376 0.113641
vt 0.768995 0.113899
vt 0.769666 0.113901
vt 0.770287 0.113646
vt 0.770763 0.113173
vt 0.771021 0.112553
vt 0.771023 0.111882
vt 0.770768 0.111263
vt 0.770294 0.110786
vt 0.769675 0.110528
vt 0.769004 0.110526
vt 0.768383 0.110781
vt 0.751853 0.111256
vt 0.750423 0.112212
vt 0.752110 0.112548
vt 0.751853 0.113167
vt 0.751379 0.113643
vt 0.750759 0.113899
vt 0.750088 0.113899
vt 0.749468 0.113643
vt 0.748993 0.113167
vt 0.748736 0.112547
vt 0.748736 0.111877
vt 0.748993 0.111256
vt 0.749468 0.110781
vt 0.750088 0.110524
vt 0.750759 0.110524
vt 0.751379 0.110781
vt 0.966817 0.217713
vt 0.982356 0.218380
vt 0.966818 0.218384
vt 0.966819 0.217041
vt 0.982356 0.217709
vt 0.966814 0.227107
vt 0.982352 0.227776
vt 0.966814 0.227778
vt 0.966814 0.226436
vt 0.982352 0.227105
vt 0.966814 0.225764
vt 0.982352 0.226434
vt 0.966814 0.225093
vt 0.982352 0.225763
vt 0.966814 0.224422
vt 0.982352 0.225091
vt 0.966814 0.223751
vt 0.982352 0.224420
vt 0.966814 0.223080
vt 0.982352 0.223749
vt 0.966814 0.222409
vt 0.982352 0.223078
vt 0.966815 0.221738
vt 0.982353 0.222407
vt 0.966815 0.221068
vt 0.982353 0.221736
vt 0.966815 0.220397
vt 0.982354 0.221065
vt 0.966816 0.219726
vt 0.982354 0.220394
vt 0.966817 0.219055
vt 0.982355 0.219722
vt 0.982356 0.219051
vt 0.966559 0.218332
vt 0.965131 0.217373
vt 0.966564 0.216420
vt 0.966090 0.215945
vt 0.965471 0.215687
vt 0.964800 0.215685
vt 0.964179 0.215940
vt 0.963704 0.216414
vt 0.963445 0.217033
vt 0.963443 0.217704
vt 0.963699 0.218323
vt 0.964172 0.218800
vt 0.964791 0.219058
vt 0.965462 0.219060
vt 0.966083 0.218805
vt 0.982613 0.218330
vt 0.984043 0.217374
vt 0.982356 0.217038
vt 0.982613 0.216419
vt 0.983088 0.215944
vt 0.983708 0.215687
vt 0.984379 0.215687
vt 0.984999 0.215944
vt 0.985473 0.216419
vt 0.985730 0.217040
vt 0.985730 0.217709
vt 0.985473 0.218330
vt 0.984998 0.218805
vt 0.984379 0.219062
vt 0.983707 0.219062
vt 0.983088 0.218805
vt 0.373087 0.022690
vt 0.375515 0.112779
vt 0.373085 0.111064
vt 0.264033 0.020261
vt 0.374802 0.020261
vt 0.264033 0.113491
vt 0.265750 0.111065
vt 0.265748 0.022689
vt 0.263322 0.112779
vt 0.263324 0.020971
vt 0.261603 0.112776
vt 0.261602 0.020968
vt 0.377231 0.112776
vt 0.375513 0.020971
vt 0.377233 0.020968
vt 0.374802 0.115210
vt 0.374802 0.113491
vt 0.264033 0.018540
vt 0.374802 0.018541
vt 0.354656 0.401929
vt 0.356906 0.406087
vt 0.353736 0.401652
vt 0.358290 0.403809
vt 0.353010 0.401541
vt 0.352494 0.401709
vt 0.351615 0.402462
vt 0.359894 0.398743
vt 0.355260 0.399531
vt 0.355265 0.397553
vt 0.354294 0.399320
vt 0.354224 0.397368
vt 0.349523 0.398153
vt 0.352235 0.399333
vt 0.350166 0.400331
vt 0.352316 0.397407
vt 0.353243 0.399231
vt 0.359375 0.401108
vt 0.359857 0.346062
vt 0.355215 0.345359
vt 0.359343 0.343742
vt 0.355223 0.347362
vt 0.354252 0.345575
vt 0.352193 0.345540
vt 0.349477 0.346705
vt 0.350127 0.344519
vt 0.353201 0.345653
vt 0.352273 0.347464
vt 0.354181 0.347531
vt 0.353246 0.347559
vt 0.352463 0.343161
vt 0.352976 0.343337
vt 0.353704 0.343228
vt 0.354623 0.342942
vt 0.353289 0.397327
vt 0.276005 0.383870
vt 0.274531 0.384517
vt 0.274048 0.384346
vt 0.271980 0.385580
vt 0.272398 0.387663
vt 0.271820 0.387816
vt 0.272543 0.385634
vt 0.356906 0.338802
vt 0.358272 0.341066
vt 0.351594 0.342396
vt 0.327795 0.384336
vt 0.326343 0.383638
vt 0.328286 0.384194
vt 0.329692 0.387621
vt 0.330261 0.385574
vt 0.330257 0.387816
vt 0.329696 0.385587
vt 0.325924 0.383835
vt 0.276424 0.384064
vt 0.277809 0.401627
vt 0.273652 0.403877
vt 0.278086 0.400708
vt 0.275929 0.405261
vt 0.278197 0.399982
vt 0.278029 0.399465
vt 0.277276 0.398586
vt 0.280995 0.406866
vt 0.280207 0.402231
vt 0.282186 0.402236
vt 0.280418 0.401265
vt 0.282370 0.401196
vt 0.281585 0.396495
vt 0.280405 0.399207
vt 0.279407 0.397138
vt 0.282331 0.399288
vt 0.280507 0.400215
vt 0.278630 0.406346
vt 0.333676 0.406829
vt 0.334380 0.402187
vt 0.335996 0.406315
vt 0.332376 0.402195
vt 0.334163 0.401224
vt 0.334198 0.399164
vt 0.333034 0.396449
vt 0.335220 0.397099
vt 0.334085 0.400173
vt 0.332275 0.399244
vt 0.332207 0.401153
vt 0.332179 0.400218
vt 0.336577 0.399435
vt 0.336401 0.399948
vt 0.336510 0.400676
vt 0.336796 0.401595
vt 0.282411 0.400261
vt 0.384898 0.981709
vt 0.383422 0.982351
vt 0.382940 0.982178
vt 0.380866 0.983401
vt 0.381272 0.985486
vt 0.380694 0.985637
vt 0.381428 0.983458
vt 0.340937 0.403877
vt 0.338672 0.405243
vt 0.337342 0.398566
vt 0.436683 0.982157
vt 0.435231 0.981460
vt 0.437175 0.982014
vt 0.438581 0.985441
vt 0.439150 0.983394
vt 0.439146 0.985637
vt 0.438585 0.983407
vt 0.434813 0.981656
vt 0.385317 0.981902
vt 0.388834 0.604461
vt 0.384676 0.606711
vt 0.389111 0.603541
vt 0.386954 0.608095
vt 0.389222 0.602815
vt 0.389053 0.602299
vt 0.388301 0.601420
vt 0.392020 0.609699
vt 0.391232 0.605065
vt 0.393210 0.605070
vt 0.391442 0.604099
vt 0.393395 0.604029
vt 0.392610 0.599328
vt 0.391430 0.602040
vt 0.390432 0.599971
vt 0.393355 0.602121
vt 0.391532 0.603048
vt 0.389655 0.609180
vt 0.444700 0.609661
vt 0.445404 0.605019
vt 0.447020 0.609148
vt 0.443401 0.605027
vt 0.445188 0.604056
vt 0.445223 0.601997
vt 0.444059 0.599281
vt 0.446244 0.599932
vt 0.445110 0.603005
vt 0.443300 0.602077
vt 0.443232 0.603985
vt 0.443204 0.603050
vt 0.447602 0.602267
vt 0.447426 0.602781
vt 0.447535 0.603509
vt 0.447821 0.604427
vt 0.393436 0.603094
vt 0.451082 0.981858
vt 0.449593 0.982464
vt 0.449116 0.982273
vt 0.446992 0.983403
vt 0.447305 0.985504
vt 0.446721 0.985629
vt 0.447551 0.983485
vt 0.451961 0.606711
vt 0.449696 0.608077
vt 0.448367 0.601399
vt 0.502869 0.982153
vt 0.501415 0.981460
vt 0.503360 0.982010
vt 0.504772 0.985434
vt 0.505338 0.983386
vt 0.505338 0.985629
vt 0.504772 0.983401
vt 0.500997 0.981658
vt 0.451502 0.982050
vt 0.948520 0.621559
vt 0.946270 0.617402
vt 0.949440 0.621837
vt 0.944886 0.619680
vt 0.950166 0.621947
vt 0.950682 0.621779
vt 0.951561 0.621026
vt 0.943282 0.624746
vt 0.947917 0.623958
vt 0.947912 0.625936
vt 0.948882 0.624168
vt 0.948952 0.626120
vt 0.953653 0.625335
vt 0.950941 0.624155
vt 0.953010 0.623157
vt 0.950860 0.626081
vt 0.949933 0.624257
vt 0.943801 0.622381
vt 0.943323 0.677422
vt 0.947965 0.678128
vt 0.943836 0.679742
vt 0.947958 0.676125
vt 0.948928 0.677913
vt 0.950987 0.677948
vt 0.953704 0.676786
vt 0.953052 0.678972
vt 0.949979 0.677835
vt 0.950909 0.676025
vt 0.949000 0.675956
vt 0.949935 0.675929
vt 0.950716 0.680327
vt 0.950202 0.680151
vt 0.949474 0.680260
vt 0.948555 0.680545
vt 0.949887 0.626161
vt 0.942700 0.280226
vt 0.942075 0.278742
vt 0.942258 0.278262
vt 0.941079 0.276160
vt 0.938984 0.276525
vt 0.938845 0.275943
vt 0.941010 0.276722
vt 0.946270 0.684684
vt 0.944905 0.682418
vt 0.951583 0.681093
vt 0.942331 0.332064
vt 0.943028 0.330610
vt 0.942473 0.332556
vt 0.939041 0.333960
vt 0.941090 0.334532
vt 0.938845 0.334525
vt 0.941077 0.333966
vt 0.942831 0.330191
vt 0.942509 0.280646
vt 0.740196 0.114618
vt 0.629427 0.022810
vt 0.740196 0.022810
vt 0.467105 0.603551
vt 0.468074 0.606123
vt 0.467105 0.606123
vt 0.468074 0.603551
vt 0.469043 0.606123
vt 0.470012 0.603551
vt 0.469043 0.603551
vt 0.470982 0.603551
vt 0.470012 0.606123
vt 0.471950 0.606123
vt 0.470982 0.606123
vt 0.471950 0.603551
vt 0.472920 0.606123
vt 0.472920 0.603551
vt 0.473889 0.606123
vt 0.474858 0.603551
vt 0.473888 0.603551
vt 0.475827 0.606123
vt 0.474858 0.606123
vt 0.476795 0.603551
vt 0.475827 0.603551
vt 0.477765 0.606123
vt 0.476795 0.606123
vt 0.463229 0.603551
vt 0.462259 0.606123
vt 0.462259 0.603551
vt 0.464197 0.603551
vt 0.463228 0.606123
vt 0.465167 0.603551
vt 0.464197 0.606123
vt 0.466135 0.606123
vt 0.465167 0.606123
vt 0.466135 0.603551
vt 0.479346 0.609938
vt 0.478661 0.610624
vt 0.477281 0.608559
vt 0.477766 0.610995
vt 0.476796 0.610995
vt 0.475901 0.610624
vt 0.475216 0.609939
vt 0.474845 0.609044
vt 0.474845 0.608074
vt 0.475216 0.607179
vt 0.475901 0.606494
vt 0.478661 0.606494
vt 0.479346 0.607179
vt 0.479717 0.608074
vt 0.479717 0.609043
vt 0.985842 0.679517
vt 0.985172 0.695056
vt 0.985171 0.679517
vt 0.986512 0.679518
vt 0.985842 0.695056
vt 0.976447 0.679515
vt 0.975777 0.695053
vt 0.975776 0.679515
vt 0.977118 0.679515
vt 0.976448 0.695053
vt 0.977789 0.679515
vt 0.977118 0.695053
vt 0.978460 0.679515
vt 0.977789 0.695053
vt 0.979132 0.679515
vt 0.978460 0.695053
vt 0.979803 0.679515
vt 0.979132 0.695054
vt 0.980474 0.679515
vt 0.979803 0.695054
vt 0.981145 0.679516
vt 0.980474 0.695054
vt 0.981815 0.679516
vt 0.981145 0.695054
vt 0.982486 0.679516
vt 0.981816 0.695054
vt 0.983157 0.679516
vt 0.982487 0.695055
vt 0.983829 0.679516
vt 0.983158 0.695055
vt 0.984500 0.679517
vt 0.983829 0.695055
vt 0.984501 0.695055
vt 0.985222 0.679260
vt 0.986178 0.677831
vt 0.987133 0.679261
vt 0.987607 0.678787
vt 0.987864 0.678167
vt 0.987865 0.677496
vt 0.987608 0.676876
vt 0.987134 0.676401
vt 0.986514 0.676144
vt 0.985843 0.676144
vt 0.985223 0.676400
vt 0.984748 0.676875
vt 0.984491 0.677495
vt 0.984491 0.678166
vt 0.984748 0.678786
vt 0.985223 0.695313
vt 0.986178 0.696743
vt 0.986513 0.695056
vt 0.987133 0.695313
vt 0.987608 0.695787
vt 0.987865 0.696407
vt 0.987865 0.697078
vt 0.987608 0.697698
vt 0.987134 0.698173
vt 0.986514 0.698429
vt 0.985843 0.698430
vt 0.985223 0.698173
vt 0.984749 0.697698
vt 0.984491 0.697078
vt 0.984491 0.696407
vt 0.984748 0.695787
vt 0.985842 0.649626
vt 0.985172 0.665165
vt 0.985171 0.649626
vt 0.986512 0.649626
vt 0.985842 0.665165
vt 0.976447 0.649624
vt 0.975777 0.665162
vt 0.975776 0.649624
vt 0.977118 0.649624
vt 0.976448 0.665162
vt 0.977789 0.649624
vt 0.977118 0.665162
vt 0.978460 0.649624
vt 0.977789 0.665162
vt 0.979132 0.649624
vt 0.978460 0.665162
vt 0.979803 0.649624
vt 0.979132 0.665162
vt 0.980474 0.649624
vt 0.979803 0.665163
vt 0.981145 0.649624
vt 0.980474 0.665163
vt 0.981815 0.649625
vt 0.981145 0.665163
vt 0.982486 0.649625
vt 0.981816 0.665163
vt 0.983157 0.649625
vt 0.982487 0.665163
vt 0.983829 0.649625
vt 0.983158 0.665164
vt 0.984500 0.649626
vt 0.983829 0.665164
vt 0.984501 0.665164
vt 0.985222 0.649369
vt 0.986178 0.647940
vt 0.987133 0.649370
vt 0.987607 0.648896
vt 0.987864 0.648276
vt 0.987865 0.647605
vt 0.987608 0.646985
vt 0.987134 0.646510
vt 0.986514 0.646253
vt 0.985843 0.646253
vt 0.985223 0.646509
vt 0.984748 0.646984
vt 0.984491 0.647604
vt 0.984491 0.648275
vt 0.984748 0.648895
vt 0.985223 0.665422
vt 0.986178 0.666852
vt 0.986513 0.665165
vt 0.987133 0.665422
vt 0.987608 0.665896
vt 0.987865 0.666516
vt 0.987865 0.667187
vt 0.987608 0.667807
vt 0.987134 0.668282
vt 0.986514 0.668538
vt 0.985843 0.668538
vt 0.985223 0.668282
vt 0.984749 0.667807
vt 0.984491 0.667187
vt 0.984491 0.666516
vt 0.984748 0.665896
vt 0.885501 0.467029
vt 0.795413 0.469457
vt 0.797128 0.467027
vt 0.887930 0.357977
vt 0.887931 0.468746
vt 0.794700 0.468746
vt 0.797127 0.359694
vt 0.885503 0.359692
vt 0.795413 0.357266
vt 0.887221 0.357266
vt 0.795416 0.355547
vt 0.887223 0.355546
vt 0.795416 0.471176
vt 0.887221 0.469457
vt 0.887223 0.471177
vt 0.792981 0.357977
vt 0.794701 0.357977
vt 0.889651 0.357977
vt 0.889651 0.468746
vt 0.981460 0.870436
vt 0.665844 0.598243
vt 0.986621 0.348058
vt 0.983595 0.048131
vt 0.889061 0.601120
vt 0.889652 0.879233
vt 0.970784 0.748919
vt 0.965099 0.706341
vt 0.965103 0.238749
vt 0.131660 0.110940
vt 0.917407 0.111824
vt 0.790068 0.336667
vt 0.780239 0.111824
vt 0.907578 0.101994
vt 0.880482 0.872490
vt 0.010000 0.128718
vt 0.955773 0.052898
vt 0.386030 0.114618
vt 0.965475 0.064954
vt 0.618204 0.115210
vt 0.775831 0.336063
vt 0.785660 0.463402
vt 0.375098 0.345892
vt 0.526688 0.328787
vt 0.012872 0.990000
vt 0.375778 0.538853
vt 0.879614 0.603551
vt 0.889651 0.730872
vt 0.879822 0.740719
vt 0.664621 0.613398
vt 0.272614 0.329162
vt 0.868149 0.069979
vt 0.955770 0.089194
vt 0.272614 0.415664
vt 0.973102 0.612092
vt 0.969372 0.401039
vt 0.981460 0.387598
vt 0.784442 0.592583
vt 0.383757 0.619217
vt 0.010000 0.118889
vt 0.503385 0.603551
vt 0.264033 0.115210
vt 0.629427 0.114618
vt 0.477765 0.603551
vt 0.792982 0.468746
s 1
usemtl initialShadingGroup
f 7/1/1 1/2/1 6/3/2
f 2/4/1 1/2/1 7/1/1
f 5/5/2 1/2/1 4/6/2
f 6/3/2 1/2/1 5/5/2
f 4/6/2 1/2/1 3/7/1
f 8/8/3 11/9/4 10/10/5
f 10/10/5 19/11/6 18/12/7
f 12/13/8 15/14/9 13/15/10
f 14/16/11 17/17/12 15/14/9
f 17/17/12 18/12/7 19/11/6
f 13/15/10 4/6/13 3/7/14
f 15/14/9 5/5/15 4/6/13
f 17/17/12 6/3/16 5/5/15
f 11/9/4 6/3/16 19/11/6
f 9/18/17 7/1/18 11/9/4
f 31/19/19 34/20/20 32/21/21
f 33/22/22 42/23/23 34/20/20
f 38/24/24 35/25/25 36/26/26
f 40/27/27 37/28/28 38/24/24
f 40/27/27 41/29/29 39/30/30
f 36/26/26 27/31/31 38/24/24
f 38/24/24 28/32/32 40/27/27
f 40/27/27 29/33/33 42/23/23
f 29/33/33 34/20/20 42/23/23
f 30/34/34 32/21/21 34/20/20
f 33/22/22 8/8/3 10/10/5
f 41/29/29 10/10/5 18/12/7
f 16/35/35 41/29/29 18/12/7
f 37/28/28 16/35/35 14/16/11
f 12/13/8 37/28/28 14/16/11
f 8/36/36 21/37/37 9/38/38
f 2/39/39 22/40/39 1/41/39
f 9/38/38 23/42/40 2/39/41
f 30/34/42 29/33/43 24/43/43
f 25/44/42 30/34/42 24/43/43
f 28/32/43 27/31/43 24/43/43
f 29/33/43 28/32/43 24/43/43
f 27/31/42 26/45/42 24/43/42
f 44/46/44 31/47/45 32/48/46
f 45/49/47 25/50/47 24/51/47
f 46/52/48 32/48/46 25/50/49
f 8/36/36 43/53/50 20/54/51
f 53/55/1 47/56/1 52/57/2
f 48/58/1 47/56/1 53/55/1
f 51/59/2 47/56/1 50/60/2
f 52/57/2 47/56/1 51/59/2
f 50/60/2 47/56/1 49/61/1
f 54/62/3 57/63/4 56/64/5
f 56/64/5 65/65/6 64/66/7
f 58/67/8 61/68/9 59/69/52
f 60/70/53 63/71/12 61/68/9
f 63/71/12 64/66/7 65/65/6
f 59/69/52 50/60/13 49/61/14
f 61/68/9 51/59/15 50/60/13
f 63/71/12 52/57/16 51/59/15
f 57/63/4 52/57/16 65/65/6
f 55/72/17 53/55/54 57/63/4
f 77/73/19 80/74/20 78/75/21
f 79/76/22 88/77/23 80/74/20
f 84/78/24 81/79/25 82/80/26
f 86/81/55 83/82/28 84/78/24
f 86/81/55 87/83/29 85/84/30
f 82/80/26 73/85/31 84/78/24
f 84/78/24 74/86/56 86/81/55
f 86/81/55 75/87/57 88/77/23
f 75/87/57 80/74/20 88/77/23
f 76/88/34 78/75/21 80/74/20
f 79/76/22 54/62/3 56/64/5
f 87/83/29 56/64/5 64/66/7
f 85/84/30 64/66/7 62/89/35
f 83/82/28 62/89/35 60/70/53
f 58/67/8 83/82/28 60/70/53
f 54/90/58 67/91/59 55/92/60
f 48/93/39 68/94/39 47/95/39
f 55/92/60 69/96/61 48/93/62
f 76/88/42 75/87/43 70/97/43
f 71/98/42 76/88/42 70/97/43
f 74/86/43 73/85/43 70/97/43
f 75/87/43 74/86/43 70/97/43
f 73/85/42 72/99/42 70/97/42
f 90/100/44 77/101/63 78/102/64
f 91/103/47 71/104/47 70/105/47
f 92/106/49 78/102/64 71/104/65
f 54/90/58 89/107/66 66/108/67
f 99/109/1 93/110/1 98/111/2
f 94/112/1 93/110/1 99/109/1
f 97/113/2 93/110/1 96/114/2
f 98/111/2 93/110/1 97/113/2
f 96/114/2 93/110/1 95/115/1
f 100/116/3 103/117/4 102/118/5
f 102/118/5 111/119/6 110/120/7
f 104/121/8 107/122/68 105/123/52
f 106/124/11 109/125/12 107/122/68
f 109/125/12 110/120/7 111/119/6
f 105/123/52 96/114/69 95/115/14
f 107/122/68 97/113/70 96/114/69
f 109/125/12 98/111/16 97/113/70
f 103/117/4 98/111/16 111/119/6
f 101/126/17 99/109/18 103/117/4
f 123/127/19 126/128/20 124/129/21
f 125/130/22 134/131/23 126/128/20
f 130/132/24 127/133/25 128/134/26
f 132/135/55 129/136/28 130/132/24
f 132/135/55 133/137/71 131/138/30
f 128/134/26 119/139/31 130/132/24
f 130/132/24 120/140/72 132/135/55
f 132/135/55 121/141/57 134/131/23
f 121/141/57 126/128/20 134/131/23
f 122/142/34 124/129/21 126/128/20
f 125/130/22 100/116/3 102/118/5
f 133/137/71 102/118/5 110/120/7
f 108/143/35 133/137/71 110/120/7
f 129/136/28 108/143/35 106/124/11
f 104/121/8 129/136/28 106/124/11
f 100/144/36 113/145/73 101/146/38
f 94/147/39 114/148/39 93/149/39
f 101/146/38 115/150/74 94/147/75
f 122/142/42 121/141/43 116/151/43
f 117/152/42 122/142/42 116/151/43
f 120/140/43 119/139/43 116/151/43
f 121/141/43 120/140/43 116/151/43
f 119/139/42 118/153/42 116/151/42
f 136/154/76 123/155/77 124/156/46
f 137/157/47 117/158/47 116/159/47
f 138/160/78 124/156/46 117/158/79
f 100/144/36 135/161/50 112/162/51
f 145/163/1 139/164/1 144/165/2
f 140/166/1 139/164/1 145/163/1
f 143/167/2 139/164/1 142/168/2
f 144/165/2 139/164/1 143/167/2
f 142/168/2 139/164/1 141/169/1
f 146/170/3 149/171/4 148/172/5
f 148/172/5 157/173/6 156/174/7
f 150/175/8 153/176/9 151/177/52
f 152/178/11 155/179/12 153/176/9
f 155/179/12 156/174/7 157/173/6
f 151/177/52 142/168/69 141/169/14
f 153/176/9 143/167/70 142/168/69
f 155/179/12 144/165/16 143/167/70
f 149/171/4 144/165/16 157/173/6
f 147/180/17 145/163/18 149/171/4
f 169/181/19 172/182/20 170/183/21
f 171/184/22 180/185/23 172/182/20
f 176/186/24 173/187/25 174/188/26
f 178/189/55 175/190/28 176/186/24
f 178/189/55 179/191/29 177/192/30
f 174/188/26 165/193/31 176/186/24
f 176/186/24 166/194/72 178/189/55
f 178/189/55 167/195/33 180/185/23
f 167/195/33 172/182/20 180/185/23
f 168/196/34 170/183/21 172/182/20
f 171/184/22 146/170/3 148/172/5
f 179/191/29 148/172/5 156/174/7
f 154/197/80 179/191/29 156/174/7
f 175/190/28 154/197/80 152/178/11
f 150/175/8 175/190/28 152/178/11
f 146/198/81 159/199/37 147/200/60
f 140/201/82 160/202/39 139/203/39
f 147/200/60 161/204/83 140/201/84
f 168/196/42 167/195/43 162/205/43
f 163/206/42 168/196/42 162/205/43
f 166/194/43 165/193/43 162/205/43
f 167/195/43 166/194/43 162/205/43
f 165/193/42 164/207/42 162/205/42
f 182/208/85 169/209/45 170/210/64
f 183/211/47 163/212/86 162/213/47
f 184/214/49 170/210/64 163/212/87
f 146/198/81 181/215/88 158/216/89
f 186/217/90 187/218/90 185/219/90
f 189/220/91 206/221/92 205/222/91
f 190/223/93 207/224/94 206/221/92
f 192/225/95 207/224/94 191/226/96
f 192/225/95 209/227/97 208/228/95
f 193/229/97 210/230/98 209/227/97
f 195/231/99 210/230/98 194/232/98
f 195/231/99 212/233/43 211/234/99
f 197/235/100 212/233/43 196/236/43
f 198/237/101 213/238/100 197/235/100
f 199/239/102 214/240/101 198/237/101
f 199/239/102 216/241/103 215/242/104
f 201/243/105 216/244/103 200/245/103
f 201/243/105 218/246/106 217/247/105
f 202/248/106 219/249/107 218/246/106
f 203/250/107 220/251/2 219/249/107
f 189/220/91 220/251/2 204/252/2
f 205/253/108 206/254/108 221/255/108
f 206/254/108 207/256/108 221/255/108
f 207/256/108 208/257/108 221/255/108
f 208/257/108 209/258/108 221/255/108
f 209/258/108 210/259/108 221/255/108
f 210/259/108 211/260/108 221/255/108
f 211/260/108 212/261/108 221/255/108
f 212/261/108 213/262/108 221/255/108
f 213/262/108 214/263/108 221/255/108
f 214/263/108 215/264/108 221/255/108
f 215/264/108 216/244/108 221/255/108
f 216/244/108 217/247/108 221/255/108
f 217/247/108 218/265/108 221/255/108
f 218/265/108 219/266/108 221/255/108
f 219/266/108 220/267/108 221/255/108
f 220/267/108 205/253/108 221/255/108
f 223/268/109 238/269/110 222/270/110
f 224/271/111 239/272/109 223/268/109
f 225/273/112 240/274/111 224/275/111
f 226/276/113 241/277/112 225/273/112
f 227/278/114 242/279/113 226/276/113
f 228/280/115 243/281/114 227/278/114
f 229/282/43 244/283/115 228/280/115
f 230/284/116 245/285/43 229/282/43
f 231/286/117 246/287/116 230/284/116
f 232/288/118 247/289/117 231/286/117
f 233/290/119 248/291/120 232/288/118
f 234/292/121 249/293/119 233/290/119
f 235/294/122 250/295/123 234/292/121
f 236/296/124 251/297/122 235/294/122
f 237/298/2 252/299/124 236/296/124
f 222/270/110 253/300/2 237/298/2
f 223/301/125 222/302/125 254/303/125
f 224/275/125 223/301/125 254/303/125
f 225/273/125 224/275/125 254/303/125
f 226/304/125 225/273/125 254/303/125
f 227/305/125 226/304/125 254/303/125
f 228/306/125 227/305/125 254/303/125
f 229/307/125 228/306/125 254/303/125
f 230/308/125 229/307/125 254/303/125
f 231/309/125 230/308/125 254/303/125
f 232/310/125 231/309/125 254/303/125
f 233/311/125 232/310/125 254/303/125
f 234/312/125 233/311/125 254/303/125
f 235/313/125 234/312/125 254/303/125
f 236/314/125 235/313/125 254/303/125
f 237/315/125 236/314/125 254/303/125
f 222/302/125 237/315/125 254/303/125
f 238/316/126 239/317/126 255/318/126
f 239/317/126 240/274/126 255/318/126
f 240/274/126 241/277/126 255/318/126
f 241/277/126 242/319/126 255/318/126
f 242/319/126 243/320/126 255/318/126
f 243/320/126 244/321/126 255/318/126
f 244/321/126 245/322/126 255/318/126
f 245/322/126 246/323/126 255/318/126
f 246/323/126 247/324/126 255/318/126
f 247/324/126 248/325/126 255/318/126
f 248/325/126 249/326/126 255/318/126
f 249/326/126 250/327/126 255/318/126
f 250/327/126 251/328/126 255/318/126
f 251/328/126 252/329/126 255/318/126
f 252/329/126 253/330/126 255/318/126
f 253/330/126 238/316/126 255/318/126
f 257/331/109 272/332/110 256/333/110
f 258/334/111 273/335/109 257/331/109
f 259/336/112 274/337/111 258/338/111
f 260/339/113 275/340/112 259/336/112
f 261/341/114 276/342/113 260/339/113
f 262/343/115 277/344/114 261/341/114
f 263/345/43 278/346/115 262/343/115
f 264/347/116 279/348/43 263/345/43
f 265/349/117 280/350/116 264/347/116
f 266/351/118 281/352/117 265/349/117
f 267/353/119 282/354/118 266/351/118
f 268/355/121 283/356/119 267/353/119
f 269/357/122 284/358/121 268/355/121
f 270/359/124 285/360/122 269/357/122
f 271/361/2 286/362/124 270/359/124
f 256/333/110 287/363/2 271/361/2
f 257/364/125 256/365/125 288/366/125
f 258/338/125 257/364/125 288/366/125
f 259/336/125 258/338/125 288/366/125
f 260/367/125 259/336/125 288/366/125
f 261/368/125 260/367/125 288/366/125
f 262/369/125 261/368/125 288/366/125
f 263/370/125 262/369/125 288/366/125
f 264/371/125 263/370/125 288/366/125
f 265/372/125 264/371/125 288/366/125
f 266/373/125 265/372/125 288/366/125
f 267/374/125 266/373/125 288/366/125
f 268/375/125 267/374/125 288/366/125
f 269/376/125 268/375/125 288/366/125
f 270/377/125 269/376/125 288/366/125
f 271/378/125 270/377/125 288/366/125
f 256/365/125 271/378/125 288/366/125
f 272/379/126 273/380/126 289/381/126
f 273/380/126 274/337/126 289/381/126
f 274/337/126 275/340/126 289/381/126
f 275/340/126 276/382/126 289/381/126
f 276/382/126 277/383/126 289/381/126
f 277/383/126 278/384/126 289/381/126
f 278/384/126 279/385/126 289/381/126
f 279/385/126 280/386/126 289/381/126
f 280/386/126 281/387/126 289/381/126
f 281/387/126 282/388/126 289/381/126
f 282/388/126 283/389/126 289/381/126
f 283/389/126 284/390/126 289/381/126
f 284/390/126 285/391/126 289/381/126
f 285/391/126 286/392/126 289/381/126
f 286/392/126 287/393/126 289/381/126
f 287/393/126 272/379/126 289/381/126
f 290/394/127 293/395/127 292/396/127
f 291/397/128 294/398/128 295/399/128
f 293/400/129 296/401/129 292/396/129
f 294/398/130 297/402/130 295/403/130
f 292/396/131 294/398/131 290/394/131
f 295/403/126 186/404/126 185/405/126
f 188/406/125 291/407/125 187/408/125
f 293/400/2 186/409/2 297/410/2
f 291/397/43 185/411/43 187/412/43
f 304/413/132 298/414/132 303/415/133
f 299/416/132 298/414/132 304/413/132
f 302/417/133 298/414/132 301/418/132
f 303/415/133 298/414/132 302/417/133
f 301/418/132 298/414/132 300/419/132
f 305/420/134 308/421/135 307/422/136
f 307/422/136 316/423/137 315/424/138
f 309/425/139 312/426/140 310/427/141
f 311/428/142 314/429/143 312/426/140
f 314/429/143 315/424/138 316/423/137
f 310/427/141 301/418/144 300/419/145
f 312/426/140 302/417/146 301/418/144
f 314/429/143 303/415/147 302/417/146
f 308/421/135 303/415/147 316/423/137
f 306/430/148 304/413/149 308/421/135
f 328/431/150 331/432/151 329/433/152
f 330/434/153 339/435/154 331/432/151
f 335/436/155 332/437/156 333/438/157
f 337/439/158 334/440/159 335/436/155
f 337/439/158 338/441/160 336/442/161
f 333/438/157 324/443/162 335/436/155
f 335/436/155 325/444/163 337/439/158
f 337/439/158 326/445/164 339/435/154
f 326/445/164 331/432/151 339/435/154
f 327/446/165 329/433/152 331/432/151
f 330/434/153 305/420/134 307/422/136
f 338/441/160 307/422/136 315/424/138
f 313/447/166 338/441/160 315/424/138
f 334/440/159 313/447/166 311/428/142
f 309/425/139 334/440/159 311/428/142
f 305/448/167 318/449/168 306/450/169
f 299/451/170 319/452/170 298/453/170
f 306/450/169 320/454/171 299/451/172
f 327/446/173 326/445/173 321/455/174
f 322/456/174 327/446/173 321/455/174
f 325/444/173 324/443/174 321/455/174
f 326/445/173 325/444/173 321/455/174
f 324/443/174 323/457/174 321/455/174
f 341/458/175 328/459/176 329/460/177
f 342/461/178 322/462/178 321/463/178
f 343/464/179 329/460/177 322/462/180
f 305/448/167 340/465/181 317/466/182
f 350/467/132 344/468/132 349/469/133
f 345/470/132 344/468/132 350/467/132
f 348/471/133 344/468/132 347/472/132
f 349/469/133 344/468/132 348/471/133
f 347/472/132 344/468/132 346/473/132
f 351/474/134 354/475/135 353/476/136
f 353/476/136 362/477/137 361/478/138
f 355/479/183 358/480/140 356/481/141
f 357/482/142 360/483/143 358/480/140
f 360/483/143 361/478/138 362/477/137
f 356/481/141 347/472/184 346/473/185
f 358/480/140 348/471/186 347/472/184
f 360/483/143 349/469/147 348/471/186
f 354/475/135 349/469/147 362/477/137
f 352/484/148 350/467/149 354/475/135
f 374/485/150 377/486/151 375/487/152
f 376/488/153 385/489/154 377/486/151
f 381/490/155 378/491/156 379/492/157
f 383/493/158 380/494/159 381/490/155
f 383/493/158 384/495/160 382/496/161
f 379/492/157 370/497/187 381/490/155
f 381/490/155 371/498/188 383/493/158
f 383/493/158 372/499/164 385/489/154
f 372/499/164 377/486/151 385/489/154
f 373/500/165 375/487/152 377/486/151
f 376/488/153 351/474/134 353/476/136
f 384/495/160 353/476/136 361/478/138
f 359/501/189 384/495/160 361/478/138
f 380/494/159 359/501/189 357/482/142
f 355/479/183 380/494/159 357/482/142
f 351/502/190 364/503/191 352/504/169
f 345/505/170 365/506/170 344/507/170
f 352/504/169 366/508/171 345/505/172
f 373/500/173 372/499/173 367/509/174
f 368/510/174 373/500/173 367/509/174
f 371/498/173 370/497/174 367/509/174
f 372/499/173 371/498/173 367/509/174
f 370/497/174 369/511/174 367/509/174
f 387/512/192 374/513/193 375/514/177
f 388/515/178 368/516/178 367/517/178
f 389/518/179 375/514/177 368/516/180
f 351/502/190 386/519/194 363/520/195
f 396/521/132 390/522/132 395/523/133
f 391/524/132 390/522/132 396/521/132
f 394/525/133 390/522/132 393/526/132
f 395/523/133 390/522/132 394/525/133
f 393/526/132 390/522/132 392/527/132
f 397/528/134 400/529/135 399/530/136
f 399/530/136 408/531/137 407/532/138
f 401/533/139 404/534/140 402/535/196
f 403/536/142 406/537/197 404/534/140
f 406/537/197 407/532/138 408/531/137
f 402/535/196 393/526/184 392/527/145
f 404/534/140 394/525/146 393/526/184
f 406/537/197 395/523/147 394/525/146
f 400/529/135 395/523/147 408/531/137
f 398/538/148 396/521/149 400/529/135
f 420/539/150 423/540/151 421/541/152
f 422/542/153 431/543/154 423/540/151
f 427/544/155 424/545/156 425/546/157
f 429/547/158 426/548/159 427/544/155
f 429/547/158 430/549/160 428/550/198
f 425/546/157 416/551/187 427/544/155
f 427/544/155 417/552/163 429/547/158
f 429/547/158 418/553/164 431/543/154
f 418/553/164 423/540/151 431/543/154
f 419/554/165 421/541/152 423/540/151
f 399/530/136 420/539/150 397/528/134
f 430/549/160 399/530/136 407/532/138
f 405/555/166 430/549/160 407/532/138
f 426/548/159 405/555/166 403/536/142
f 401/533/139 426/548/159 403/536/142
f 397/556/190 410/557/199 398/558/200
f 391/559/170 411/560/170 390/561/170
f 398/558/200 412/562/201 391/559/172
f 419/554/173 418/553/173 413/563/174
f 414/564/174 419/554/173 413/563/174
f 417/552/173 416/551/174 413/563/174
f 418/553/173 417/552/173 413/563/174
f 416/551/174 415/565/174 413/563/174
f 433/566/175 420/567/202 421/568/177
f 434/569/203 414/570/204 413/571/203
f 435/572/205 421/568/177 414/570/206
f 397/556/190 432/573/207 409/574/195
f 442/575/132 436/576/132 441/577/133
f 437/578/132 436/576/132 442/575/132
f 440/579/133 436/576/132 439/580/132
f 441/577/133 436/576/132 440/579/133
f 439/580/132 436/576/132 438/581/132
f 443/582/134 446/583/135 445/584/136
f 445/584/136 454/585/137 453/586/138
f 447/587/139 450/588/140 448/589/141
f 449/590/142 452/591/143 450/588/140
f 452/591/143 453/586/138 454/585/137
f 448/589/141 439/580/184 438/581/145
f 450/588/140 440/579/146 439/580/184
f 452/591/143 441/577/147 440/579/146
f 446/583/135 441/577/147 454/585/137
f 444/592/148 442/575/149 446/583/135
f 466/593/150 469/594/151 467/595/152
f 468/596/208 477/597/154 469/594/151
f 473/598/155 470/599/156 471/600/157
f 475/601/158 472/602/159 473/598/155
f 475/601/158 476/603/160 474/604/161
f 471/600/157 462/605/187 473/598/155
f 473/598/155 463/606/188 475/601/158
f 475/601/158 464/607/164 477/597/154
f 464/607/164 469/594/151 477/597/154
f 465/608/165 467/595/152 469/594/151
f 445/584/136 466/593/150 443/582/134
f 476/603/160 445/584/136 453/586/138
f 451/609/189 476/603/160 453/586/138
f 472/602/159 451/609/189 449/590/142
f 447/587/139 472/602/159 449/590/142
f 443/610/167 456/611/209 444/612/210
f 437/613/170 457/614/170 436/615/170
f 444/612/210 458/616/201 437/613/211
f 465/608/173 464/607/173 459/617/174
f 460/618/174 465/608/173 459/617/174
f 463/606/173 462/605/174 459/617/174
f 464/607/173 463/606/173 459/617/174
f 462/605/174 461/619/174 459/617/174
f 479/620/175 466/621/193 467/622/212
f 480/623/178 460/624/178 459/625/178
f 481/626/213 467/622/212 460/624/214
f 443/610/167 478/627/181 455/628/215
f 483/629/216 484/630/216 482/631/216
f 486/632/217 503/633/218 502/634/217
f 487/635/218 504/636/219 503/633/218
f 488/637/219 505/638/220 504/636/219
f 490/639/221 505/638/220 489/640/220
f 490/639/221 507/641/222 506/642/221
f 491/643/222 508/644/223 507/641/222
f 492/645/223 509/646/173 508/644/223
f 494/647/224 509/646/173 493/648/173
f 494/647/224 511/649/225 510/650/224
f 496/651/226 511/649/225 495/652/225
f 496/651/226 513/653/227 512/654/226
f 498/655/228 513/656/227 497/657/227
f 499/658/229 514/659/228 498/655/228
f 500/660/230 515/661/229 499/658/229
f 500/660/230 517/662/133 516/663/230
f 486/632/217 517/662/133 501/664/133
f 502/665/231 503/666/231 518/667/231
f 503/666/231 504/668/231 518/667/231
f 504/668/231 505/669/231 518/667/231
f 505/669/231 506/670/231 518/667/231
f 506/670/231 507/671/231 518/667/231
f 507/671/231 508/672/231 518/667/231
f 508/672/231 509/673/231 518/667/231
f 509/673/231 510/674/231 518/667/231
f 510/674/231 511/675/231 518/667/231
f 511/675/231 512/654/231 518/667/231
f 512/654/231 513/653/231 518/667/231
f 513/653/231 514/676/231 518/667/231
f 514/676/231 515/677/231 518/667/231
f 515/677/231 516/678/231 518/667/231
f 516/678/231 517/679/231 518/667/231
f 517/679/231 502/665/231 518/667/231
f 520/680/232 535/681/233 519/682/233
f 521/683/234 536/684/232 520/680/232
f 522/685/235 537/686/234 521/687/234
f 523/688/236 538/689/235 522/685/235
f 524/690/237 539/691/236 523/688/236
f 525/692/238 540/693/237 524/690/237
f 526/694/173 541/695/239 525/692/238
f 527/696/240 542/697/173 526/694/173
f 528/698/241 543/699/240 527/696/240
f 529/700/242 544/701/241 528/698/241
f 530/702/243 545/703/242 529/700/242
f 531/704/244 546/705/243 530/702/243
f 532/706/245 547/707/244 531/704/244
f 533/708/246 548/709/245 532/706/245
f 534/710/133 549/711/247 533/708/246
f 519/682/233 550/712/133 534/710/133
f 520/713/125 519/714/125 551/715/125
f 521/687/125 520/713/125 551/715/125
f 522/685/125 521/687/125 551/715/125
f 523/716/125 522/685/125 551/715/125
f 524/717/125 523/716/125 551/715/125
f 525/718/125 524/717/125 551/715/125
f 526/719/125 525/718/125 551/715/125
f 527/720/125 526/719/125 551/715/125
f 528/721/125 527/720/125 551/715/125
f 529/722/125 528/721/125 551/715/125
f 530/723/125 529/722/125 551/715/125
f 531/724/125 530/723/125 551/715/125
f 532/725/125 531/724/125 551/715/125
f 533/726/125 532/725/125 551/715/125
f 534/727/125 533/726/125 551/715/125
f 519/714/125 534/727/125 551/715/125
f 535/728/126 536/729/126 552/730/126
f 536/729/126 537/686/126 552/730/126
f 537/686/126 538/689/126 552/730/126
f 538/689/126 539/731/126 552/730/126
f 539/731/126 540/732/126 552/730/126
f 540/732/126 541/733/126 552/730/126
f 541/733/126 542/734/126 552/730/126
f 542/734/126 543/735/126 552/730/126
f 543/735/126 544/736/126 552/730/126
f 544/736/126 545/737/126 552/730/126
f 545/737/126 546/738/126 552/730/126
f 546/738/126 547/739/126 552/730/126
f 547/739/126 548/740/126 552/730/126
f 548/740/126 549/741/126 552/730/126
f 549/741/126 550/742/126 552/730/126
f 550/742/126 535/728/126 552/730/126
f 554/743/232 569/744/233 553/745/233
f 555/746/234 570/747/232 554/743/232
f 556/748/235 571/749/234 555/750/234
f 557/751/236 572/752/235 556/748/235
f 558/753/237 573/754/236 557/751/236
f 559/755/238 574/756/237 558/753/237
f 560/757/173 575/758/239 559/755/238
f 561/759/240 576/760/173 560/757/173
f 562/761/241 577/762/240 561/759/240
f 563/763/242 578/764/241 562/761/241
f 564/765/243 579/766/242 563/763/242
f 565/767/244 580/768/243 564/765/243
f 566/769/245 581/770/244 565/767/244
f 567/771/246 582/772/245 566/769/245
f 568/773/133 583/774/247 567/771/246
f 553/745/233 584/775/133 568/773/133
f 554/776/125 553/777/125 585/778/125
f 555/750/125 554/776/125 585/778/125
f 556/748/125 555/750/125 585/778/125
f 557/779/125 556/748/125 585/778/125
f 558/780/125 557/779/125 585/778/125
f 559/781/125 558/780/125 585/778/125
f 560/782/125 559/781/125 585/778/125
f 561/783/125 560/782/125 585/778/125
f 562/784/125 561/783/125 585/778/125
f 563/785/125 562/784/125 585/778/125
f 564/786/125 563/785/125 585/778/125
f 565/787/125 564/786/125 585/778/125
f 566/788/125 565/787/125 585/778/125
f 567/789/125 566/788/125 585/778/125
f 568/790/125 567/789/125 585/778/125
f 553/777/125 568/790/125 585/778/125
f 569/791/126 570/792/126 586/793/126
f 570/792/126 571/749/126 586/793/126
f 571/749/126 572/752/126 586/793/126
f 572/752/126 573/794/126 586/793/126
f 573/794/126 574/795/126 586/793/126
f 574/795/126 575/796/126 586/793/126
f 575/796/126 576/797/126 586/793/126
f 576/797/126 577/798/126 586/793/126
f 577/798/126 578/799/126 586/793/126
f 578/799/126 579/800/126 586/793/126
f 579/800/126 580/801/126 586/793/126
f 580/801/126 581/802/126 586/793/126
f 581/802/126 582/803/126 586/793/126
f 582/803/126 583/804/126 586/793/126
f 583/804/126 584/805/126 586/793/126
f 584/805/126 569/791/126 586/793/126
f 587/806/248 590/807/248 589/808/248
f 587/806/249 592/809/249 588/810/249
f 590/811/250 593/812/250 589/808/250
f 591/813/251 594/814/251 592/815/251
f 587/806/252 593/812/252 591/813/252
f 592/815/126 483/816/126 482/817/126
f 485/818/125 588/819/125 484/820/125
f 485/821/133 594/822/133 590/811/133
f 588/810/173 482/823/173 484/824/173
f 595/825/253 598/826/253 597/827/253
f 598/828/254 599/829/254 597/827/254
f 600/830/255 601/831/255 599/829/255
f 602/832/256 595/825/256 601/831/256
f 602/833/257 598/834/257 596/835/257
f 595/825/258 599/829/258 601/831/258
f 604/836/253 605/837/253 603/838/253
f 606/839/126 607/840/126 605/841/126
f 608/842/255 609/843/255 607/844/255
f 610/845/125 603/846/125 609/847/125
f 610/845/259 606/839/259 604/836/259
f 603/848/260 607/844/260 609/843/260
f 617/849/261 611/850/261 616/851/262
f 612/852/261 611/850/261 617/849/261
f 615/853/262 611/850/261 614/854/261
f 616/851/262 611/850/261 615/853/262
f 614/854/261 611/850/261 613/855/261
f 618/856/263 621/857/264 620/858/265
f 620/858/265 629/859/266 628/860/267
f 622/861/268 625/862/269 623/863/270
f 624/864/271 627/865/272 625/862/269
f 627/865/272 628/860/267 629/859/266
f 623/863/270 614/854/273 613/855/274
f 625/862/269 615/853/275 614/854/273
f 627/865/272 616/851/276 615/853/275
f 621/857/264 616/851/276 629/859/266
f 619/866/277 617/849/278 621/857/264
f 641/867/279 644/868/280 642/869/281
f 643/870/282 652/871/283 644/868/280
f 648/872/284 645/873/285 646/874/286
f 650/875/287 647/876/288 648/872/284
f 650/875/287 651/877/289 649/878/290
f 646/874/286 637/879/291 648/872/284
f 648/872/284 638/880/292 650/875/287
f 650/875/287 639/881/293 652/871/283
f 639/881/293 644/868/280 652/871/283
f 640/882/294 642/869/281 644/868/280
f 643/870/282 618/856/263 620/858/265
f 628/860/267 643/870/282 620/858/265
f 626/883/295 651/877/289 628/860/267
f 624/864/271 649/878/290 626/883/295
f 645/873/285 624/864/271 622/861/268
f 618/884/296 631/885/297 619/886/298
f 612/887/299 632/888/300 611/889/300
f 619/886/298 633/890/301 612/887/302
f 640/882/303 639/881/303 634/891/303
f 635/892/303 640/882/303 634/891/303
f 638/880/303 637/879/303 634/891/303
f 639/881/303 638/880/303 634/891/303
f 637/879/303 636/893/303 634/891/303
f 654/894/304 641/895/305 642/896/306
f 655/897/307 635/898/308 634/899/307
f 656/900/309 642/896/306 635/898/310
f 641/895/305 630/901/311 618/884/296
f 663/902/262 657/903/261 662/904/262
f 658/905/261 657/903/261 663/902/262
f 661/906/262 657/903/261 660/907/261
f 662/904/262 657/903/261 661/906/262
f 660/907/261 657/903/261 659/908/261
f 664/909/263 667/910/264 666/911/312
f 666/911/312 675/912/266 674/913/313
f 668/914/314 671/915/269 669/916/315
f 670/917/271 673/918/272 671/915/269
f 673/918/272 674/913/313 675/912/266
f 669/916/315 660/907/316 659/908/274
f 671/915/269 661/906/275 660/907/316
f 673/918/272 662/904/276 661/906/275
f 667/910/264 662/904/276 675/912/266
f 665/919/277 663/902/278 667/910/264
f 687/920/279 690/921/280 688/922/281
f 689/923/282 698/924/283 690/921/280
f 694/925/284 691/926/285 692/927/286
f 696/928/287 693/929/288 694/925/284
f 696/928/287 697/930/317 695/931/318
f 692/927/286 683/932/319 694/925/284
f 694/925/284 684/933/292 696/928/287
f 696/928/287 685/934/293 698/924/283
f 685/934/293 690/921/280 698/924/283
f 686/935/294 688/922/281 690/921/280
f 689/923/282 664/909/263 666/911/312
f 674/913/313 689/923/282 666/911/312
f 695/931/318 674/913/313 672/936/320
f 670/917/271 695/931/318 672/936/320
f 691/926/285 670/917/271 668/914/314
f 664/937/321 677/938/297 665/939/322
f 658/940/300 678/941/299 657/942/323
f 665/939/322 679/943/324 658/940/325
f 686/935/303 685/934/303 680/944/303
f 681/945/303 686/935/303 680/944/303
f 684/933/303 683/932/303 680/944/303
f 685/934/303 684/933/303 680/944/303
f 683/932/303 682/946/303 680/944/303
f 700/947/326 687/948/305 688/949/327
f 701/950/308 681/951/307 680/952/308
f 702/953/328 688/949/327 681/951/329
f 664/937/321 699/954/330 676/955/311
f 709/956/262 703/957/261 708/958/262
f 704/959/261 703/957/261 709/956/262
f 707/960/262 703/957/261 706/961/261
f 708/958/262 703/957/261 707/960/262
f 706/961/261 703/957/261 705/962/261
f 710/963/263 713/964/264 712/965/265
f 712/965/265 721/966/266 720/967/313
f 714/968/314 717/969/269 715/970/270
f 716/971/331 719/972/272 717/969/269
f 719/972/272 720/967/313 721/966/266
f 715/970/270 706/961/316 705/962/274
f 717/969/269 707/960/332 706/961/316
f 719/972/272 708/958/333 707/960/332
f 713/964/264 708/958/333 721/966/266
f 711/973/277 709/956/278 713/964/264
f 733/974/279 736/975/280 734/976/281
f 735/977/282 744/978/283 736/975/280
f 740/979/284 737/980/334 738/981/286
f 742/982/287 739/983/335 740/979/284
f 742/982/287 743/984/317 741/985/336
f 738/981/286 729/986/319 740/979/284
f 740/979/284 730/987/337 742/982/287
f 742/982/287 731/988/293 744/978/283
f 731/988/293 736/975/280 744/978/283
f 732/989/294 734/976/281 736/975/280
f 735/977/282 710/963/263 712/965/265
f 720/967/313 735/977/282 712/965/265
f 718/990/295 743/984/317 720/967/313
f 716/971/331 741/985/336 718/990/295
f 714/968/314 739/983/335 716/971/331
f 710/991/296 723/992/338 711/993/339
f 704/994/300 724/995/299 703/996/299
f 711/993/339 725/997/340 704/994/341
f 732/989/303 731/988/303 726/998/303
f 727/999/303 732/989/303 726/998/303
f 730/987/303 729/986/303 726/998/303
f 731/988/303 730/987/303 726/998/303
f 729/986/342 728/1000/342 726/998/342
f 746/1001/343 733/1002/344 734/1003/306
f 747/1004/345 727/1005/346 726/1006/345
f 748/1007/347 734/1003/306 727/1005/348
f 710/991/296 745/1008/349 722/1009/350
f 755/1010/261 749/1011/261 754/1012/262
f 750/1013/261 749/1011/261 755/1010/261
f 753/1014/262 749/1011/261 752/1015/261
f 754/1012/262 749/1011/261 753/1014/262
f 752/1015/261 749/1011/261 751/1016/261
f 756/1017/263 759/1018/264 758/1019/265
f 758/1019/265 767/1020/266 766/1021/267
f 760/1022/314 763/1023/269 761/1024/270
f 762/1025/331 765/1026/272 763/1023/269
f 765/1026/272 766/1021/267 767/1020/266
f 761/1024/270 752/1015/316 751/1016/274
f 763/1023/269 753/1014/332 752/1015/316
f 765/1026/272 754/1012/276 753/1014/332
f 759/1018/264 754/1012/276 767/1020/266
f 757/1027/277 755/1010/278 759/1018/264
f 779/1028/279 782/1029/351 780/1030/281
f 781/1031/282 790/1032/283 782/1029/351
f 786/1033/284 783/1034/334 784/1035/286
f 788/1036/287 785/1037/335 786/1033/284
f 788/1036/287 789/1038/289 787/1039/290
f 784/1035/286 775/1040/319 786/1033/284
f 786/1033/284 776/1041/292 788/1036/287
f 788/1036/287 777/1042/293 790/1032/283
f 777/1042/293 782/1029/351 790/1032/283
f 778/1043/294 780/1030/281 782/1029/351
f 781/1031/282 756/1017/263 758/1019/265
f 766/1021/267 781/1031/282 758/1019/265
f 764/1044/295 789/1038/289 766/1021/267
f 762/1025/331 787/1039/290 764/1044/295
f 760/1022/314 785/1037/335 762/1025/331
f 756/1045/352 769/1046/338 757/1047/353
f 750/1048/300 770/1049/300 749/1050/300
f 757/1047/353 771/1051/341 750/1048/354
f 778/1043/303 777/1042/303 772/1052/303
f 773/1053/303 778/1043/303 772/1052/303
f 776/1041/303 775/1040/303 772/1052/303
f 777/1042/303 776/1041/303 772/1052/303
f 775/1040/303 774/1054/303 772/1052/303
f 792/1055/355 779/1056/344 780/1057/356
f 793/1058/307 773/1059/307 772/1060/307
f 794/1061/347 780/1057/356 773/1059/348
f 756/1045/352 791/1062/357 768/1063/358
f 796/1064/359 797/1065/359 795/1066/359
f 800/1067/360 815/1068/361 799/1069/361
f 800/1067/360 817/1070/362 816/1071/360
f 801/1072/363 818/1073/364 817/1070/362
f 803/1074/365 818/1073/364 802/1075/364
f 803/1074/365 820/1076/366 819/1077/365
f 805/1078/367 820/1079/366 804/1080/366
f 805/1078/367 822/1081/303 821/1082/367
f 807/1083/368 822/1081/303 806/1084/303
f 807/1083/368 824/1085/369 823/1086/368
f 809/1087/370 824/1085/369 808/1088/369
f 809/1087/370 826/1089/371 825/1090/370
f 811/1091/372 826/1089/371 810/1092/371
f 812/1093/373 827/1094/374 811/1091/372
f 813/1095/375 828/1096/373 812/1093/373
f 813/1095/375 830/1097/262 829/1098/375
f 799/1069/361 830/1097/262 814/1099/262
f 815/1100/376 816/1101/376 831/1102/376
f 816/1101/376 817/1103/376 831/1102/376
f 817/1103/376 818/1104/376 831/1102/376
f 818/1104/376 819/1077/376 831/1102/376
f 819/1077/376 820/1076/376 831/1102/376
f 820/1076/376 821/1105/376 831/1102/376
f 821/1105/376 822/1106/376 831/1102/376
f 822/1106/376 823/1107/376 831/1102/376
f 823/1107/376 824/1108/376 831/1102/376
f 824/1108/376 825/1109/376 831/1102/376
f 825/1109/376 826/1110/376 831/1102/376
f 826/1110/376 827/1111/377 831/1102/376
f 827/1111/377 828/1112/376 831/1102/376
f 828/1112/376 829/1113/378 831/1102/376
f 829/1113/378 830/1114/376 831/1102/376
f 830/1114/376 815/1100/376 831/1102/376
f 833/1115/379 848/1116/380 832/1117/380
f 834/1118/381 849/1119/382 833/1120/379
f 835/1121/383 850/1122/381 834/1118/381
f 836/1123/384 851/1124/383 835/1121/383
f 837/1125/385 852/1126/384 836/1123/384
f 838/1127/386 853/1128/385 837/1125/385
f 839/1129/303 854/1130/386 838/1127/386
f 840/1131/387 855/1132/303 839/1129/303
f 841/1133/388 856/1134/387 840/1131/387
f 842/1135/389 857/1136/388 841/1133/388
f 843/1137/390 858/1138/389 842/1135/389
f 844/1139/391 859/1140/390 843/1137/390
f 845/1141/392 860/1142/393 844/1139/391
f 846/1143/394 861/1144/392 845/1141/392
f 847/1145/262 862/1146/394 846/1143/394
f 832/1117/380 863/1147/262 847/1145/262
f 833/1115/125 832/1117/125 864/1148/125
f 834/1149/125 833/1115/125 864/1148/125
f 835/1150/125 834/1149/125 864/1148/125
f 836/1151/125 835/1150/125 864/1148/125
f 837/1152/125 836/1151/125 864/1148/125
f 838/1153/125 837/1152/125 864/1148/125
f 839/1154/125 838/1153/125 864/1148/125
f 840/1155/125 839/1154/125 864/1148/125
f 841/1156/125 840/1155/125 864/1148/125
f 842/1157/125 841/1156/125 864/1148/125
f 843/1158/125 842/1157/125 864/1148/125
f 844/1159/125 843/1158/125 864/1148/125
f 845/1160/125 844/1159/125 864/1148/125
f 846/1161/125 845/1160/125 864/1148/125
f 847/1162/125 846/1161/125 864/1148/125
f 832/1117/125 847/1162/125 864/1148/125
f 848/1116/126 849/1163/126 865/1164/126
f 849/1163/126 850/1165/126 865/1164/126
f 850/1165/126 851/1166/126 865/1164/126
f 851/1166/126 852/1167/126 865/1164/126
f 852/1167/126 853/1168/126 865/1164/126
f 853/1168/126 854/1169/126 865/1164/126
f 854/1169/126 855/1170/126 865/1164/126
f 855/1170/126 856/1171/126 865/1164/126
f 856/1171/126 857/1172/126 865/1164/126
f 857/1172/126 858/1173/126 865/1164/126
f 858/1173/126 859/1174/126 865/1164/126
f 859/1174/126 860/1175/395 865/1164/126
f 860/1175/395 861/1176/126 865/1164/126
f 861/1176/126 862/1177/396 865/1164/126
f 862/1177/396 863/1178/126 865/1164/126
f 863/1178/126 848/1116/126 865/1164/126
f 867/1179/379 882/1180/380 866/1181/380
f 868/1182/381 883/1183/397 867/1179/379
f 869/1184/383 884/1185/381 868/1186/381
f 870/1187/384 885/1188/383 869/1184/383
f 871/1189/385 886/1190/384 870/1187/384
f 872/1191/386 887/1192/385 871/1189/385
f 873/1193/303 888/1194/386 872/1191/386
f 874/1195/387 889/1196/303 873/1193/303
f 875/1197/388 890/1198/387 874/1195/387
f 876/1199/389 891/1200/388 875/1197/388
f 877/1201/390 892/1202/389 876/1199/389
f 878/1203/393 893/1204/390 877/1201/390
f 879/1205/398 894/1206/391 878/1203/393
f 880/1207/394 895/1208/392 879/1205/398
f 881/1209/262 896/1210/394 880/1207/394
f 866/1181/380 897/1211/262 881/1209/262
f 867/1179/125 866/1212/125 898/1213/125
f 868/1182/125 867/1179/125 898/1213/125
f 869/1214/125 868/1182/125 898/1213/125
f 870/1215/125 869/1214/125 898/1213/125
f 871/1216/125 870/1215/125 898/1213/125
f 872/1217/125 871/1216/125 898/1213/125
f 873/1218/125 872/1217/125 898/1213/125
f 874/1219/125 873/1218/125 898/1213/125
f 875/1220/125 874/1219/125 898/1213/125
f 876/1221/125 875/1220/125 898/1213/125
f 877/1222/125 876/1221/125 898/1213/125
f 878/1223/125 877/1222/125 898/1213/125
f 879/1224/125 878/1223/125 898/1213/125
f 880/1225/125 879/1224/125 898/1213/125
f 881/1226/125 880/1225/125 898/1213/125
f 866/1212/125 881/1226/125 898/1213/125
f 882/1227/126 883/1183/126 899/1228/126
f 883/1183/126 884/1229/126 899/1228/126
f 884/1229/126 885/1230/126 899/1228/126
f 885/1230/126 886/1231/126 899/1228/126
f 886/1231/126 887/1232/126 899/1228/126
f 887/1232/126 888/1233/126 899/1228/126
f 888/1233/126 889/1234/126 899/1228/126
f 889/1234/126 890/1235/126 899/1228/126
f 890/1235/126 891/1236/126 899/1228/126
f 891/1236/126 892/1237/126 899/1228/126
f 892/1237/126 893/1238/126 899/1228/126
f 893/1238/126 894/1239/126 899/1228/126
f 894/1239/126 895/1240/126 899/1228/126
f 895/1240/126 896/1241/126 899/1228/126
f 896/1241/126 897/1242/126 899/1228/126
f 897/1242/126 882/1227/126 899/1228/126
f 900/1243/399 903/1244/400 902/1245/400
f 900/1243/401 905/1246/402 901/1247/401
f 903/1248/403 906/1249/404 902/1245/403
f 904/1250/405 907/1251/405 905/1252/405
f 902/1245/406 904/1250/406 900/1243/406
f 905/1252/126 796/1253/126 795/1254/126
f 798/1255/125 901/1256/125 797/1257/125
f 903/1248/262 796/1258/262 907/1259/262
f 901/1247/303 795/1260/303 797/1261/303
f 909/1262/253 910/1263/253 908/1264/253
f 911/1265/126 912/1266/126 910/1263/126
f 913/1267/255 914/1268/255 912/1266/255
f 915/1269/125 908/1264/125 914/1268/125
f 915/1270/259 911/1271/259 909/1272/259
f 908/1264/260 912/1266/260 914/1268/260
f 916/1273/407 919/1274/407 918/1275/407
f 917/1276/408 921/1277/408 919/1274/408
f 916/1273/258 920/1278/258 922/1279/258
f 925/1280/253 926/1281/253 924/1282/253
f 927/1283/126 928/1284/126 926/1285/126
f 929/1286/255 930/1287/255 928/1284/255
f 931/1288/125 924/1289/125 930/1287/125
f 931/1288/259 927/1290/259 925/1291/259
f 924/1282/260 928/1284/260 930/1287/260
f 933/1292/409 934/1293/409 932/1294/409
f 935/1295/410 936/1296/410 934/1293/410
f 936/1296/411 939/1297/411 938/1298/411
f 939/1299/412 932/1294/412 938/1298/412
f 939/1297/413 935/1300/413 933/1301/413
f 938/1298/414 934/1293/414 936/1296/414
f 940/1302/415 943/1303/415 942/1304/415
f 941/1305/416 945/1306/416 943/1303/416
f 940/1302/417 944/1307/417 946/1308/417
f 954/1309/418 948/1310/418 953/1311/418
f 949/1312/418 948/1310/418 954/1309/418
f 952/1313/418 948/1310/418 951/1314/418
f 953/1311/418 948/1310/418 952/1313/418
f 951/1314/418 948/1310/418 950/1315/419
f 955/1316/420 958/1317/421 957/1318/422
f 957/1318/422 966/1319/423 965/1320/424
f 959/1321/425 962/1322/426 960/1323/427
f 961/1324/428 964/1325/429 962/1322/426
f 964/1325/429 965/1320/424 966/1319/423
f 960/1323/427 951/1314/430 950/1315/431
f 962/1322/426 952/1313/432 951/1314/430
f 964/1325/429 953/1311/433 952/1313/432
f 958/1317/421 953/1311/433 966/1319/423
f 956/1326/434 954/1309/435 958/1317/421
f 978/1327/436 981/1328/437 979/1329/438
f 980/1330/439 989/1331/440 981/1328/437
f 985/1332/441 982/1333/442 983/1334/443
f 987/1335/444 984/1336/445 985/1332/441
f 987/1335/444 988/1337/446 986/1338/447
f 983/1334/443 974/1339/448 985/1332/441
f 985/1332/441 975/1340/449 987/1335/444
f 987/1335/444 976/1341/450 989/1331/440
f 976/1341/450 981/1328/437 989/1331/440
f 977/1342/451 979/1329/438 981/1328/437
f 980/1330/439 955/1316/420 957/1318/422
f 988/1337/446 957/1318/422 965/1320/424
f 963/1343/452 988/1337/446 965/1320/424
f 984/1336/445 963/1343/452 961/1324/428
f 982/1333/442 961/1324/428 959/1321/425
f 955/1344/453 968/1345/454 956/1346/455
f 949/1347/456 969/1348/456 948/1349/456
f 956/1346/455 970/1350/457 949/1347/458
f 977/1342/459 976/1341/459 971/1351/459
f 972/1352/459 977/1342/459 971/1351/459
f 975/1340/460 974/1339/460 971/1351/459
f 976/1341/459 975/1340/460 971/1351/459
f 974/1339/461 973/1353/461 971/1351/461
f 991/1354/462 978/1355/463 979/1356/464
f 992/1357/465 972/1358/465 971/1359/465
f 993/1360/466 979/1356/464 972/1358/467
f 955/1344/453 990/1361/468 967/1362/469
f 1000/1363/418 994/1364/418 999/1365/418
f 995/1366/418 994/1364/418 1000/1363/418
f 998/1367/418 994/1364/418 997/1368/418
f 999/1365/418 994/1364/418 998/1367/418
f 997/1368/418 994/1364/418 996/1369/419
f 1001/1370/420 1004/1371/421 1003/1372/470
f 1003/1372/470 1012/1373/423 1011/1374/424
f 1005/1375/425 1008/1376/426 1006/1377/427
f 1007/1378/428 1010/1379/429 1008/1376/426
f 1010/1379/429 1011/1374/424 1012/1373/423
f 1006/1377/427 997/1368/430 996/1369/431
f 1008/1376/426 998/1367/432 997/1368/430
f 1010/1379/429 999/1365/433 998/1367/432
f 1004/1371/421 999/1365/433 1012/1373/423
f 1002/1380/434 1000/1363/435 1004/1371/421
f 1024/1381/436 1027/1382/471 1025/1383/438
f 1026/1384/439 1035/1385/440 1027/1382/471
f 1031/1386/441 1028/1387/472 1029/1388/443
f 1033/1389/444 1030/1390/445 1031/1386/441
f 1033/1389/444 1034/1391/473 1032/1392/447
f 1029/1388/443 1020/1393/448 1031/1386/441
f 1031/1386/441 1021/1394/449 1033/1389/444
f 1033/1389/444 1022/1395/450 1035/1385/440
f 1022/1395/450 1027/1382/471 1035/1385/440
f 1023/1396/451 1025/1383/438 1027/1382/471
f 1026/1384/439 1001/1370/420 1003/1372/470
f 1011/1374/424 1026/1384/439 1003/1372/470
f 1009/1397/452 1034/1391/473 1011/1374/424
f 1030/1390/445 1009/1397/452 1007/1378/428
f 1028/1387/472 1007/1378/428 1005/1375/425
f 1001/1398/474 1014/1399/454 1002/1400/475
f 995/1401/456 1015/1402/456 994/1403/456
f 1002/1400/475 1016/1404/457 995/1401/458
f 1023/1396/459 1022/1395/459 1017/1405/459
f 1018/1406/459 1023/1396/459 1017/1405/459
f 1021/1394/460 1020/1393/460 1017/1405/459
f 1022/1395/459 1021/1394/460 1017/1405/459
f 1020/1393/461 1019/1407/461 1017/1405/461
f 1037/1408/476 1024/1409/477 1025/1410/478
f 1038/1411/465 1018/1412/465 1017/1413/465
f 1039/1414/466 1025/1410/478 1018/1412/467
f 1001/1398/474 1036/1415/479 1013/1416/480
f 1046/1417/418 1040/1418/418 1045/1419/418
f 1041/1420/418 1040/1418/418 1046/1417/418
f 1044/1421/418 1040/1418/418 1043/1422/418
f 1045/1419/418 1040/1418/418 1044/1421/418
f 1043/1422/418 1040/1418/418 1042/1423/419
f 1047/1424/420 1050/1425/421 1049/1426/470
f 1049/1426/470 1058/1427/423 1057/1428/424
f 1051/1429/481 1054/1430/426 1052/1431/427
f 1053/1432/428 1056/1433/429 1054/1430/426
f 1056/1433/429 1057/1428/424 1058/1427/423
f 1052/1431/427 1043/1422/430 1042/1423/431
f 1054/1430/426 1044/1421/432 1043/1422/430
f 1056/1433/429 1045/1419/433 1044/1421/432
f 1050/1425/421 1045/1419/433 1058/1427/423
f 1048/1434/434 1046/1417/435 1050/1425/421
f 1070/1435/436 1073/1436/437 1071/1437/438
f 1072/1438/439 1081/1439/440 1073/1436/437
f 1077/1440/441 1074/1441/442 1075/1442/443
f 1079/1443/444 1076/1444/445 1077/1440/441
f 1079/1443/444 1080/1445/446 1078/1446/447
f 1075/1442/443 1066/1447/482 1077/1440/441
f 1077/1440/441 1067/1448/483 1079/1443/444
f 1079/1443/444 1068/1449/450 1081/1439/440
f 1068/1449/450 1073/1436/437 1081/1439/440
f 1069/1450/451 1071/1437/438 1073/1436/437
f 1049/1426/470 1070/1435/436 1047/1424/420
f 1080/1445/446 1049/1426/470 1057/1428/424
f 1055/1451/452 1080/1445/446 1057/1428/424
f 1076/1444/445 1055/1451/452 1053/1432/428
f 1074/1441/442 1053/1432/428 1051/1429/481
f 1047/1452/484 1060/1453/454 1048/1454/485
f 1041/1455/456 1061/1456/456 1040/1457/456
f 1048/1454/485 1062/1458/486 1041/1455/487
f 1069/1450/459 1068/1449/459 1063/1459/459
f 1064/1460/459 1069/1450/459 1063/1459/459
f 1067/1448/460 1066/1447/460 1063/1459/459
f 1068/1449/459 1067/1448/460 1063/1459/459
f 1066/1447/488 1065/1461/488 1063/1459/488
f 1083/1462/476 1070/1463/477 1071/1464/478
f 1084/1465/465 1064/1466/465 1063/1467/465
f 1085/1468/489 1071/1464/478 1064/1466/490
f 1070/1463/477 1059/1469/491 1047/1452/484
f 1092/1470/418 1086/1471/418 1091/1472/418
f 1087/1473/418 1086/1471/418 1092/1470/418
f 1090/1474/418 1086/1471/418 1089/1475/418
f 1091/1472/418 1086/1471/418 1090/1474/418
f 1089/1475/418 1086/1471/418 1088/1476/419
f 1093/1477/420 1096/1478/421 1095/1479/470
f 1095/1479/470 1104/1480/423 1103/1481/424
f 1097/1482/425 1100/1483/426 1098/1484/427
f 1099/1485/492 1102/1486/429 1100/1483/426
f 1102/1486/429 1103/1481/424 1104/1480/423
f 1098/1484/427 1089/1475/493 1088/1476/431
f 1100/1483/426 1090/1474/432 1089/1475/493
f 1102/1486/429 1091/1472/494 1090/1474/432
f 1096/1478/421 1091/1472/494 1104/1480/423
f 1094/1487/434 1092/1470/435 1096/1478/421
f 1116/1488/436 1119/1489/471 1117/1490/438
f 1118/1491/439 1127/1492/440 1119/1489/471
f 1123/1493/441 1120/1494/442 1121/1495/443
f 1125/1496/444 1122/1497/495 1123/1493/441
f 1125/1496/444 1126/1498/446 1124/1499/496
f 1121/1495/443 1112/1500/482 1123/1493/441
f 1123/1493/441 1113/1501/483 1125/1496/444
f 1125/1496/444 1114/1502/450 1127/1492/440
f 1114/1502/450 1119/1489/471 1127/1492/440
f 1115/1503/451 1117/1490/438 1119/1489/471
f 1118/1491/439 1093/1477/420 1095/1479/470
f 1126/1498/446 1095/1479/470 1103/1481/424
f 1124/1499/496 1103/1481/424 1101/1504/452
f 1099/1485/492 1124/1499/496 1101/1504/452
f 1120/1494/442 1099/1485/492 1097/1482/425
f 1093/1505/497 1106/1506/498 1094/1507/455
f 1087/1508/456 1107/1509/456 1086/1510/456
f 1094/1507/455 1108/1511/486 1087/1508/499
f 1115/1503/459 1114/1502/459 1109/1512/459
f 1110/1513/459 1115/1503/459 1109/1512/459
f 1113/1501/460 1112/1500/460 1109/1512/459
f 1114/1502/459 1113/1501/460 1109/1512/459
f 1112/1500/461 1111/1514/461 1109/1512/461
f 1129/1515/476 1116/1516/500 1117/1517/464
f 1130/1518/465 1110/1519/465 1109/1520/465
f 1131/1521/489 1117/1517/464 1110/1519/501
f 1116/1516/500 1105/1522/469 1093/1505/497
f 1133/1523/502 1134/1524/502 1132/1525/502
f 1136/1526/503 1153/1527/504 1152/1528/503
f 1137/1529/504 1154/1530/505 1153/1527/504
f 1139/1531/506 1154/1530/505 1138/1532/505
f 1139/1531/506 1156/1533/507 1155/1534/506
f 1140/1535/508 1157/1536/509 1156/1533/507
f 1142/1537/510 1157/1536/509 1141/1538/509
f 1143/1539/459 1158/1540/510 1142/1537/510
f 1143/1539/459 1160/1541/511 1159/1542/459
f 1144/1543/511 1161/1544/512 1160/1541/511
f 1146/1545/513 1161/1544/512 1145/1546/512
f 1146/1545/513 1163/1547/514 1162/1548/513
f 1148/1549/515 1163/1550/514 1147/1551/514
f 1149/1552/516 1164/1553/515 1148/1549/515
f 1150/1554/517 1165/1555/516 1149/1552/516
f 1150/1554/517 1167/1556/518 1166/1557/517
f 1151/1558/418 1152/1528/503 1167/1556/518
f 1152/1559/519 1153/1560/519 1168/1561/519
f 1153/1560/519 1154/1562/519 1168/1561/519
f 1154/1562/519 1155/1563/519 1168/1561/519
f 1155/1563/519 1156/1564/519 1168/1561/519
f 1156/1564/519 1157/1565/519 1168/1561/519
f 1157/1565/519 1158/1566/519 1168/1561/519
f 1158/1566/519 1159/1567/519 1168/1561/519
f 1159/1567/519 1160/1568/519 1168/1561/519
f 1160/1568/519 1161/1569/519 1168/1561/519
f 1161/1569/519 1162/1548/519 1168/1561/519
f 1162/1548/519 1163/1547/519 1168/1561/519
f 1163/1547/519 1164/1570/519 1168/1561/519
f 1164/1570/519 1165/1571/519 1168/1561/519
f 1165/1571/519 1166/1572/519 1168/1561/519
f 1166/1572/519 1167/1573/519 1168/1561/519
f 1167/1573/519 1152/1559/519 1168/1561/519
f 1170/1574/520 1185/1575/521 1169/1576/521
f 1171/1577/522 1186/1578/520 1170/1574/520
f 1172/1579/523 1187/1580/522 1171/1581/522
f 1173/1582/524 1188/1583/525 1172/1579/523
f 1174/1584/526 1189/1585/524 1173/1582/524
f 1175/1586/527 1190/1587/526 1174/1584/526
f 1176/1588/460 1191/1589/527 1175/1586/527
f 1177/1590/528 1192/1591/459 1176/1588/460
f 1178/1592/529 1193/1593/528 1177/1590/528
f 1179/1594/530 1194/1595/529 1178/1592/529
f 1180/1596/531 1195/1597/530 1179/1594/530
f 1181/1598/532 1196/1599/531 1180/1596/531
f 1182/1600/533 1197/1601/532 1181/1598/532
f 1183/1602/534 1198/1603/533 1182/1600/533
f 1184/1604/418 1199/1605/534 1183/1602/534
f 1169/1576/521 1200/1606/418 1184/1604/418
f 1170/1607/125 1169/1608/125 1201/1609/125
f 1171/1581/125 1170/1607/125 1201/1609/125
f 1172/1579/125 1171/1581/125 1201/1609/125
f 1173/1610/125 1172/1579/125 1201/1609/125
f 1174/1611/125 1173/1610/125 1201/1609/125
f 1175/1612/125 1174/1611/125 1201/1609/125
f 1176/1613/125 1175/1612/125 1201/1609/125
f 1177/1614/125 1176/1613/125 1201/1609/125
f 1178/1615/125 1177/1614/125 1201/1609/125
f 1179/1616/125 1178/1615/125 1201/1609/125
f 1180/1617/125 1179/1616/125 1201/1609/125
f 1181/1618/125 1180/1617/125 1201/1609/125
f 1182/1619/125 1181/1618/125 1201/1609/125
f 1183/1620/125 1182/1619/125 1201/1609/125
f 1184/1621/125 1183/1620/125 1201/1609/125
f 1169/1608/125 1184/1621/125 1201/1609/125
f 1185/1622/126 1186/1623/126 1202/1624/126
f 1186/1623/126 1187/1580/126 1202/1624/126
f 1187/1580/126 1188/1583/126 1202/1624/126
f 1188/1583/126 1189/1625/126 1202/1624/126
f 1189/1625/126 1190/1626/126 1202/1624/126
f 1190/1626/126 1191/1627/126 1202/1624/126
f 1191/1627/126 1192/1628/126 1202/1624/126
f 1192/1628/126 1193/1629/126 1202/1624/126
f 1193/1629/126 1194/1630/126 1202/1624/126
f 1194/1630/126 1195/1631/126 1202/1624/126
f 1195/1631/126 1196/1632/126 1202/1624/126
f 1196/1632/126 1197/1633/126 1202/1624/126
f 1197/1633/126 1198/1634/126 1202/1624/126
f 1198/1634/126 1199/1635/126 1202/1624/126
f 1199/1635/126 1200/1636/126 1202/1624/126
f 1200/1636/126 1185/1622/126 1202/1624/126
f 1204/1637/520 1219/1638/521 1203/1639/521
f 1205/1640/522 1220/1641/520 1204/1637/520
f 1206/1642/523 1221/1643/522 1205/1644/522
f 1207/1645/524 1222/1646/525 1206/1642/523
f 1208/1647/526 1223/1648/524 1207/1645/524
f 1209/1649/527 1224/1650/526 1208/1647/526
f 1210/1651/459 1225/1652/527 1209/1649/527
f 1211/1653/528 1226/1654/460 1210/1651/459
f 1212/1655/529 1227/1656/528 1211/1653/528
f 1213/1657/530 1228/1658/529 1212/1655/529
f 1214/1659/531 1229/1660/530 1213/1657/530
f 1215/1661/532 1230/1662/531 1214/1659/531
f 1216/1663/533 1231/1664/532 1215/1661/532
f 1217/1665/534 1232/1666/533 1216/1663/533
f 1218/1667/418 1233/1668/534 1217/1665/534
f 1203/1639/521 1234/1669/418 1218/1667/418
f 1204/1670/125 1203/1671/125 1235/1672/125
f 1205/1644/125 1204/1670/125 1235/1672/125
f 1206/1642/125 1205/1644/125 1235/1672/125
f 1207/1673/125 1206/1642/125 1235/1672/125
f 1208/1674/125 1207/1673/125 1235/1672/125
f 1209/1675/125 1208/1674/125 1235/1672/125
f 1210/1676/125 1209/1675/125 1235/1672/125
f 1211/1677/125 1210/1676/125 1235/1672/125
f 1212/1678/125 1211/1677/125 1235/1672/125
f 1213/1679/125 1212/1678/125 1235/1672/125
f 1214/1680/125 1213/1679/125 1235/1672/125
f 1215/1681/125 1214/1680/125 1235/1672/125
f 1216/1682/125 1215/1681/125 1235/1672/125
f 1217/1683/125 1216/1682/125 1235/1672/125
f 1218/1684/125 1217/1683/125 1235/1672/125
f 1203/1671/125 1218/1684/125 1235/1672/125
f 1219/1685/126 1220/1686/126 1236/1687/126
f 1220/1686/126 1221/1643/126 1236/1687/126
f 1221/1643/126 1222/1646/126 1236/1687/126
f 1222/1646/126 1223/1688/126 1236/1687/126
f 1223/1688/126 1224/1689/126 1236/1687/126
f 1224/1689/126 1225/1690/126 1236/1687/126
f 1225/1690/126 1226/1691/126 1236/1687/126
f 1226/1691/126 1227/1692/126 1236/1687/126
f 1227/1692/126 1228/1693/126 1236/1687/126
f 1228/1693/126 1229/1694/126 1236/1687/126
f 1229/1694/126 1230/1695/126 1236/1687/126
f 1230/1695/126 1231/1696/126 1236/1687/126
f 1231/1696/126 1232/1697/126 1236/1687/126
f 1232/1697/126 1233/1698/126 1236/1687/126
f 1233/1698/126 1234/1699/126 1236/1687/126
f 1234/1699/126 1219/1685/126 1236/1687/126
f 1237/1700/535 1240/1701/535 1239/1702/535
f 1237/1700/536 1242/1703/536 1238/1704/536
f 1239/1702/537 1244/1705/537 1243/1706/537
f 1241/1707/538 1244/1708/538 1242/1709/538
f 1237/1700/539 1243/1706/539 1241/1707/539
f 1242/1709/126 1133/1710/126 1132/1711/126
f 1135/1712/125 1238/1713/125 1134/1714/125
f 1240/1715/518 1133/1716/518 1244/1705/518
f 1238/1704/460 1132/1717/459 1134/1718/460
f 1246/1719/253 1247/1720/253 1245/1721/253
f 1248/1722/126 1249/1723/126 1247/1724/126
f 1250/1725/255 1251/1726/255 1249/1727/255
f 1252/1728/125 1245/1729/125 1251/1730/125
f 1252/1728/259 1248/1722/259 1246/1719/259
f 1245/1731/260 1249/1727/260 1251/1726/260
f 1259/1732/132 1253/1733/132 1258/1734/133
f 1254/1735/132 1253/1733/132 1259/1732/132
f 1257/1736/133 1253/1733/132 1256/1737/132
f 1258/1734/133 1253/1733/132 1257/1736/133
f 1256/1737/132 1253/1733/132 1255/1738/132
f 1260/1739/134 1263/1740/135 1262/1741/136
f 1262/1741/136 1271/1742/137 1270/1743/138
f 1264/1744/183 1267/1745/140 1265/1746/141
f 1266/1747/142 1269/1748/143 1267/1745/140
f 1269/1748/143 1270/1743/138 1271/1742/137
f 1265/1746/141 1256/1737/184 1255/1738/145
f 1267/1745/140 1257/1736/146 1256/1737/184
f 1269/1748/143 1258/1734/147 1257/1736/146
f 1263/1740/135 1258/1734/147 1271/1742/137
f 1261/1749/148 1259/1732/149 1263/1740/135
f 1283/1750/150 1286/1751/151 1284/1752/152
f 1285/1753/153 1294/1754/154 1286/1751/151
f 1290/1755/155 1287/1756/156 1288/1757/157
f 1292/1758/158 1289/1759/159 1290/1755/155
f 1292/1758/158 1293/1760/160 1291/1761/161
f 1288/1757/157 1279/1762/187 1290/1755/155
f 1290/1755/155 1280/1763/188 1292/1758/158
f 1292/1758/158 1281/1764/540 1294/1754/154
f 1281/1764/540 1286/1751/151 1294/1754/154
f 1282/1765/165 1284/1752/152 1286/1751/151
f 1285/1753/153 1260/1739/134 1262/1741/136
f 1293/1760/160 1262/1741/136 1270/1743/138
f 1268/1766/166 1293/1760/160 1270/1743/138
f 1289/1759/159 1268/1766/166 1266/1747/142
f 1264/1744/183 1289/1759/159 1266/1747/142
f 1260/1767/190 1273/1768/209 1261/1769/169
f 1254/1770/170 1274/1771/170 1253/1772/170
f 1261/1769/169 1275/1773/171 1254/1770/172
f 1282/1765/173 1281/1764/173 1276/1774/174
f 1277/1775/174 1282/1765/173 1276/1774/174
f 1280/1763/173 1279/1762/174 1276/1774/174
f 1281/1764/173 1280/1763/173 1276/1774/174
f 1279/1762/174 1278/1776/174 1276/1774/174
f 1296/1777/192 1283/1778/541 1284/1779/177
f 1297/1780/178 1277/1781/203 1276/1782/178
f 1298/1783/205 1284/1779/177 1277/1781/206
f 1260/1767/190 1295/1784/181 1272/1785/195
f 1305/1786/132 1299/1787/132 1304/1788/133
f 1300/1789/132 1299/1787/132 1305/1786/132
f 1303/1790/133 1299/1787/132 1302/1791/132
f 1304/1788/133 1299/1787/132 1303/1790/133
f 1302/1791/132 1299/1787/132 1301/1792/132
f 1306/1793/134 1309/1794/135 1308/1795/136
f 1308/1795/136 1317/1796/137 1316/1797/138
f 1310/1798/183 1313/1799/140 1311/1800/141
f 1312/1801/142 1315/1802/143 1313/1799/140
f 1315/1802/143 1316/1797/138 1317/1796/137
f 1311/1800/141 1302/1791/184 1301/1792/145
f 1313/1799/140 1303/1790/146 1302/1791/184
f 1315/1802/143 1304/1788/147 1303/1790/146
f 1309/1794/135 1304/1788/147 1317/1796/137
f 1307/1803/148 1305/1786/149 1309/1794/135
f 1329/1804/150 1332/1805/151 1330/1806/152
f 1331/1807/153 1340/1808/154 1332/1805/151
f 1336/1809/155 1333/1810/156 1334/1811/157
f 1338/1812/158 1335/1813/159 1336/1809/155
f 1338/1812/158 1339/1814/160 1337/1815/161
f 1334/1811/157 1325/1816/187 1336/1809/155
f 1336/1809/155 1326/1817/188 1338/1812/158
f 1338/1812/158 1327/1818/540 1340/1808/154
f 1327/1818/540 1332/1805/151 1340/1808/154
f 1328/1819/165 1330/1806/152 1332/1805/151
f 1331/1807/153 1306/1793/134 1308/1795/136
f 1316/1797/138 1331/1807/153 1308/1795/136
f 1314/1820/166 1339/1814/160 1316/1797/138
f 1335/1813/159 1314/1820/166 1312/1801/142
f 1310/1798/183 1335/1813/159 1312/1801/142
f 1306/1821/542 1319/1822/209 1307/1823/169
f 1300/1824/170 1320/1825/170 1299/1826/170
f 1307/1823/169 1321/1827/171 1300/1824/172
f 1328/1819/173 1327/1818/173 1322/1828/174
f 1323/1829/174 1328/1819/173 1322/1828/174
f 1326/1817/173 1325/1816/174 1322/1828/174
f 1327/1818/173 1326/1817/173 1322/1828/174
f 1325/1816/174 1324/1830/174 1322/1828/174
f 1342/1831/192 1329/1832/541 1330/1833/177
f 1343/1834/178 1323/1835/178 1322/1836/178
f 1344/1837/205 1330/1833/177 1323/1835/206
f 1306/1821/542 1341/1838/543 1318/1839/544
f 1351/1840/132 1345/1841/132 1350/1842/133
f 1346/1843/132 1345/1841/132 1351/1840/132
f 1349/1844/133 1345/1841/132 1348/1845/132
f 1350/1842/133 1345/1841/132 1349/1844/133
f 1348/1845/132 1345/1841/132 1347/1846/132
f 1352/1847/134 1355/1848/135 1354/1849/136
f 1354/1849/136 1363/1850/137 1362/1851/138
f 1356/1852/183 1359/1853/140 1357/1854/141
f 1358/1855/142 1361/1856/143 1359/1853/140
f 1361/1856/143 1362/1851/138 1363/1850/137
f 1357/1854/141 1348/1845/184 1347/1846/145
f 1359/1853/140 1349/1844/146 1348/1845/184
f 1361/1856/143 1350/1842/147 1349/1844/146
f 1355/1848/135 1350/1842/147 1363/1850/137
f 1353/1857/148 1351/1840/149 1355/1848/135
f 1375/1858/150 1378/1859/151 1376/1860/152
f 1377/1861/153 1386/1862/154 1378/1859/151
f 1382/1863/155 1379/1864/156 1380/1865/157
f 1384/1866/158 1381/1867/159 1382/1863/155
f 1384/1866/158 1385/1868/160 1383/1869/161
f 1380/1865/157 1371/1870/187 1382/1863/155
f 1382/1863/155 1372/1871/188 1384/1866/158
f 1384/1866/158 1373/1872/164 1386/1862/154
f 1373/1872/164 1378/1859/151 1386/1862/154
f 1374/1873/165 1376/1860/152 1378/1859/151
f 1377/1861/153 1352/1847/134 1354/1849/136
f 1385/1868/160 1354/1849/136 1362/1851/138
f 1360/1874/166 1385/1868/160 1362/1851/138
f 1381/1867/159 1360/1874/166 1358/1855/142
f 1356/1852/183 1381/1867/159 1358/1855/142
f 1352/1875/190 1365/1876/209 1353/1877/169
f 1346/1878/545 1366/1879/545 1345/1880/545
f 1353/1877/169 1367/1881/546 1346/1878/211
f 1374/1873/173 1373/1872/173 1368/1882/174
f 1369/1883/174 1374/1873/173 1368/1882/174
f 1372/1871/173 1371/1870/174 1368/1882/174
f 1373/1872/173 1372/1871/173 1368/1882/174
f 1371/1870/174 1370/1884/174 1368/1882/174
f 1388/1885/192 1375/1886/547 1376/1887/177
f 1389/1888/203 1369/1889/203 1368/1890/203
f 1390/1891/548 1376/1887/177 1369/1889/205
f 1352/1875/190 1387/1892/549 1364/1893/550
f 1397/1894/132 1391/1895/132 1396/1896/133
f 1392/1897/132 1391/1895/132 1397/1894/132
f 1395/1898/133 1391/1895/132 1394/1899/132
f 1396/1896/133 1391/1895/132 1395/1898/133
f 1394/1899/132 1391/1895/132 1393/1900/132
f 1398/1901/134 1401/1902/135 1400/1903/136
f 1400/1903/136 1409/1904/137 1408/1905/138
f 1402/1906/183 1405/1907/140 1403/1908/141
f 1404/1909/142 1407/1910/143 1405/1907/140
f 1407/1910/143 1408/1905/138 1409/1904/137
f 1403/1908/141 1394/1899/184 1393/1900/185
f 1405/1907/140 1395/1898/186 1394/1899/184
f 1407/1910/143 1396/1896/147 1395/1898/186
f 1401/1902/135 1396/1896/147 1409/1904/137
f 1399/1911/148 1397/1894/149 1401/1902/135
f 1421/1912/150 1424/1913/151 1422/1914/152
f 1423/1915/153 1432/1916/154 1424/1913/151
f 1428/1917/155 1425/1918/156 1426/1919/157
f 1430/1920/158 1427/1921/159 1428/1917/155
f 1430/1920/158 1431/1922/160 1429/1923/161
f 1426/1919/157 1417/1924/187 1428/1917/155
f 1428/1917/155 1418/1925/188 1430/1920/158
f 1430/1920/158 1419/1926/164 1432/1916/154
f 1419/1926/164 1424/1913/151 1432/1916/154
f 1420/1927/165 1422/1914/152 1424/1913/151
f 1423/1915/153 1398/1901/134 1400/1903/136
f 1431/1922/160 1400/1903/136 1408/1905/138
f 1406/1928/189 1431/1922/160 1408/1905/138
f 1427/1921/159 1406/1928/189 1404/1909/142
f 1402/1906/183 1427/1921/159 1404/1909/142
f 1398/1929/190 1411/1930/209 1399/1931/169
f 1392/1932/170 1412/1933/545 1391/1934/545
f 1399/1931/169 1413/1935/171 1392/1932/172
f 1420/1927/173 1419/1926/173 1414/1936/174
f 1415/1937/174 1420/1927/173 1414/1936/174
f 1418/1925/173 1417/1924/174 1414/1936/174
f 1419/1926/173 1418/1925/173 1414/1936/174
f 1417/1924/174 1416/1938/174 1414/1936/174
f 1434/1939/192 1421/1940/541 1422/1941/177
f 1435/1942/203 1415/1943/178 1414/1944/203
f 1436/1945/205 1422/1941/177 1415/1943/180
f 1398/1929/190 1433/1946/549 1410/1947/550
f 1438/1948/216 1439/1949/216 1437/1950/216
f 1441/1951/217 1458/1952/218 1457/1953/217
f 1442/1954/218 1459/1955/219 1458/1952/218
f 1443/1956/219 1460/1957/220 1459/1955/219
f 1445/1958/221 1460/1957/220 1444/1959/220
f 1445/1958/221 1462/1960/222 1461/1961/221
f 1446/1962/222 1463/1963/223 1462/1960/222
f 1447/1964/223 1464/1965/173 1463/1963/223
f 1449/1966/224 1464/1965/173 1448/1967/173
f 1449/1966/224 1466/1968/225 1465/1969/224
f 1451/1970/226 1466/1968/225 1450/1971/225
f 1451/1970/226 1468/1972/227 1467/1973/226
f 1453/1974/228 1468/1975/227 1452/1976/227
f 1454/1977/229 1469/1978/228 1453/1974/228
f 1455/1979/230 1470/1980/229 1454/1977/229
f 1455/1979/230 1472/1981/133 1471/1982/230
f 1441/1951/217 1472/1981/133 1456/1983/133
f 1457/1984/231 1458/1985/231 1473/1986/231
f 1458/1985/231 1459/1987/231 1473/1986/231
f 1459/1987/231 1460/1988/231 1473/1986/231
f 1460/1988/231 1461/1989/231 1473/1986/231
f 1461/1989/231 1462/1990/231 1473/1986/231
f 1462/1990/231 1463/1991/231 1473/1986/231
f 1463/1991/231 1464/1992/231 1473/1986/231
f 1464/1992/231 1465/1993/231 1473/1986/231
f 1465/1993/231 1466/1994/231 1473/1986/231
f 1466/1994/231 1467/1973/231 1473/1986/231
f 1467/1973/231 1468/1972/231 1473/1986/231
f 1468/1972/231 1469/1995/231 1473/1986/231
f 1469/1995/231 1470/1996/231 1473/1986/231
f 1470/1996/231 1471/1997/231 1473/1986/231
f 1471/1997/231 1472/1998/231 1473/1986/231
f 1472/1998/231 1457/1984/231 1473/1986/231
f 1475/1999/232 1490/2000/233 1474/2001/233
f 1476/2002/234 1491/2003/232 1475/1999/232
f 1477/2004/235 1492/2005/234 1476/2006/234
f 1478/2007/236 1493/2008/235 1477/2004/235
f 1479/2009/237 1494/2010/236 1478/2007/236
f 1480/2011/238 1495/2012/237 1479/2009/237
f 1481/2013/173 1496/2014/239 1480/2011/238
f 1482/2015/240 1497/2016/173 1481/2013/173
f 1483/2017/241 1498/2018/240 1482/2015/240
f 1484/2019/242 1499/2020/241 1483/2017/241
f 1485/2021/243 1500/2022/242 1484/2019/242
f 1486/2023/244 1501/2024/243 1485/2021/243
f 1487/2025/245 1502/2026/244 1486/2023/244
f 1488/2027/246 1503/2028/245 1487/2025/245
f 1489/2029/133 1504/2030/247 1488/2027/246
f 1474/2001/233 1505/2031/133 1489/2029/133
f 1475/1999/125 1474/2032/125 1506/2033/125
f 1476/2002/125 1475/1999/125 1506/2033/125
f 1477/2034/125 1476/2002/125 1506/2033/125
f 1478/2035/125 1477/2034/125 1506/2033/125
f 1479/2036/125 1478/2035/125 1506/2033/125
f 1480/2037/125 1479/2036/125 1506/2033/125
f 1481/2038/125 1480/2037/125 1506/2033/125
f 1482/2039/125 1481/2038/125 1506/2033/125
f 1483/2040/125 1482/2039/125 1506/2033/125
f 1484/2041/125 1483/2040/125 1506/2033/125
f 1485/2042/125 1484/2041/125 1506/2033/125
f 1486/2043/125 1485/2042/125 1506/2033/125
f 1487/2044/125 1486/2043/125 1506/2033/125
f 1488/2045/125 1487/2044/125 1506/2033/125
f 1489/2046/125 1488/2045/125 1506/2033/125
f 1474/2032/125 1489/2046/125 1506/2033/125
f 1490/2047/126 1491/2003/126 1507/2048/126
f 1491/2003/126 1492/2049/126 1507/2048/126
f 1492/2049/126 1493/2050/126 1507/2048/126
f 1493/2050/126 1494/2051/126 1507/2048/126
f 1494/2051/126 1495/2052/126 1507/2048/126
f 1495/2052/126 1496/2053/126 1507/2048/126
f 1496/2053/126 1497/2054/126 1507/2048/126
f 1497/2054/126 1498/2055/126 1507/2048/126
f 1498/2055/126 1499/2056/126 1507/2048/126
f 1499/2056/126 1500/2057/126 1507/2048/126
f 1500/2057/126 1501/2058/126 1507/2048/126
f 1501/2058/126 1502/2059/126 1507/2048/126
f 1502/2059/126 1503/2060/126 1507/2048/126
f 1503/2060/126 1504/2061/126 1507/2048/126
f 1504/2061/126 1505/2062/126 1507/2048/126
f 1505/2062/126 1490/2047/126 1507/2048/126
f 1509/2063/232 1524/2064/233 1508/2065/233
f 1510/2066/234 1525/2067/232 1509/2063/232
f 1511/2068/235 1526/2069/234 1510/2070/234
f 1512/2071/236 1527/2072/235 1511/2068/235
f 1513/2073/237 1528/2074/236 1512/2071/236
f 1514/2075/238 1529/2076/237 1513/2073/237
f 1515/2077/173 1530/2078/239 1514/2075/238
f 1516/2079/240 1531/2080/173 1515/2077/173
f 1517/2081/241 1532/2082/240 1516/2079/240
f 1518/2083/242 1533/2084/241 1517/2081/241
f 1519/2085/243 1534/2086/242 1518/2083/242
f 1520/2087/244 1535/2088/243 1519/2085/243
f 1521/2089/245 1536/2090/244 1520/2087/244
f 1522/2091/246 1537/2092/245 1521/2089/245
f 1523/2093/133 1538/2094/246 1522/2091/246
f 1508/2065/233 1539/2095/133 1523/2093/133
f 1509/2063/125 1508/2096/125 1540/2097/125
f 1510/2066/125 1509/2063/125 1540/2097/125
f 1511/2098/125 1510/2066/125 1540/2097/125
f 1512/2099/125 1511/2098/125 1540/2097/125
f 1513/2100/125 1512/2099/125 1540/2097/125
f 1514/2101/125 1513/2100/125 1540/2097/125
f 1515/2102/125 1514/2101/125 1540/2097/125
f 1516/2103/125 1515/2102/125 1540/2097/125
f 1517/2104/125 1516/2103/125 1540/2097/125
f 1518/2105/125 1517/2104/125 1540/2097/125
f 1519/2106/125 1518/2105/125 1540/2097/125
f 1520/2107/125 1519/2106/125 1540/2097/125
f 1521/2108/125 1520/2107/125 1540/2097/125
f 1522/2109/125 1521/2108/125 1540/2097/125
f 1523/2110/125 1522/2109/125 1540/2097/125
f 1508/2096/125 1523/2110/125 1540/2097/125
f 1524/2111/126 1525/2067/126 1541/2112/126
f 1525/2067/126 1526/2113/126 1541/2112/126
f 1526/2113/126 1527/2114/126 1541/2112/126
f 1527/2114/126 1528/2115/126 1541/2112/126
f 1528/2115/126 1529/2116/126 1541/2112/126
f 1529/2116/126 1530/2117/126 1541/2112/126
f 1530/2117/126 1531/2118/126 1541/2112/126
f 1531/2118/126 1532/2119/126 1541/2112/126
f 1532/2119/126 1533/2120/126 1541/2112/126
f 1533/2120/126 1534/2121/126 1541/2112/126
f 1534/2121/126 1535/2122/126 1541/2112/126
f 1535/2122/126 1536/2123/126 1541/2112/126
f 1536/2123/126 1537/2124/126 1541/2112/126
f 1537/2124/126 1538/2125/126 1541/2112/126
f 1538/2125/126 1539/2126/126 1541/2112/126
f 1539/2126/126 1524/2111/126 1541/2112/126
f 1542/2127/551 1545/2128/248 1544/2129/248
f 1542/2127/249 1547/2130/249 1543/2131/249
f 1544/2129/250 1549/2132/250 1548/2133/250
f 1546/2134/251 1549/2135/251 1547/2136/251
f 1544/2129/252 1546/2134/252 1542/2127/252
f 1547/2136/126 1438/2137/126 1437/2138/126
f 1440/2139/125 1543/2140/125 1439/2141/125
f 1440/2142/133 1549/2132/133 1545/2143/133
f 1543/2131/173 1437/2144/173 1439/2145/173
f 1556/2146/133 1550/2147/133 1555/2148/133
f 1551/2149/133 1550/2147/133 1556/2146/133
f 1554/2150/133 1550/2147/133 1553/2151/132
f 1555/2148/133 1550/2147/133 1554/2150/133
f 1553/2151/132 1550/2147/133 1552/2152/132
f 1557/2153/134 1560/2154/135 1559/2155/136
f 1559/2155/136 1568/2156/137 1567/2157/138
f 1561/2158/183 1564/2159/140 1562/2160/141
f 1563/2161/142 1566/2162/143 1564/2159/140
f 1566/2162/143 1567/2157/138 1568/2156/137
f 1562/2160/141 1553/2151/184 1552/2152/145
f 1564/2159/140 1554/2150/146 1553/2151/184
f 1566/2162/143 1555/2148/147 1554/2150/146
f 1560/2154/135 1555/2148/147 1568/2156/137
f 1558/2163/148 1556/2146/149 1560/2154/135
f 1580/2164/150 1583/2165/151 1581/2166/552
f 1582/2167/153 1591/2168/154 1583/2165/151
f 1587/2169/155 1584/2170/156 1585/2171/157
f 1589/2172/158 1586/2173/159 1587/2169/155
f 1589/2172/158 1590/2174/553 1588/2175/554
f 1585/2171/157 1576/2176/187 1587/2169/155
f 1587/2169/155 1577/2177/163 1589/2172/158
f 1589/2172/158 1578/2178/540 1591/2168/154
f 1578/2178/540 1583/2165/151 1591/2168/154
f 1579/2179/165 1581/2166/552 1583/2165/151
f 1582/2167/153 1557/2153/134 1559/2155/136
f 1590/2174/553 1559/2155/136 1567/2157/138
f 1565/2180/166 1590/2174/553 1567/2157/138
f 1586/2173/159 1565/2180/166 1563/2161/142
f 1561/2158/183 1586/2173/159 1563/2161/142
f 1557/2181/190 1570/2182/209 1558/2183/169
f 1551/2184/170 1571/2185/170 1550/2186/170
f 1558/2183/169 1572/2187/201 1551/2184/172
f 1579/2179/173 1578/2178/173 1573/2188/174
f 1574/2189/174 1579/2179/173 1573/2188/174
f 1577/2177/173 1576/2176/173 1573/2188/174
f 1578/2178/173 1577/2177/173 1573/2188/174
f 1576/2176/174 1575/2190/174 1573/2188/174
f 1593/2191/192 1580/2192/541 1581/2193/177
f 1594/2194/178 1574/2195/178 1573/2196/178
f 1595/2197/205 1581/2193/177 1574/2195/206
f 1557/2181/190 1592/2198/181 1569/2199/195
f 1602/2200/133 1596/2201/133 1601/2202/133
f 1597/2203/133 1596/2201/133 1602/2200/133
f 1600/2204/133 1596/2201/133 1599/2205/132
f 1601/2202/133 1596/2201/133 1600/2204/133
f 1599/2205/132 1596/2201/133 1598/2206/132
f 1603/2207/134 1606/2208/135 1605/2209/136
f 1605/2209/136 1614/2210/137 1613/2211/138
f 1607/2212/139 1610/2213/140 1608/2214/196
f 1609/2215/142 1612/2216/143 1610/2213/140
f 1612/2216/143 1613/2211/138 1614/2210/137
f 1608/2214/196 1599/2205/184 1598/2206/145
f 1610/2213/140 1600/2204/146 1599/2205/184
f 1612/2216/143 1601/2202/147 1600/2204/146
f 1606/2208/135 1601/2202/147 1614/2210/137
f 1604/2217/148 1602/2200/149 1606/2208/135
f 1626/2218/150 1629/2219/151 1627/2220/152
f 1628/2221/153 1637/2222/154 1629/2219/151
f 1633/2223/155 1630/2224/156 1631/2225/157
f 1635/2226/158 1632/2227/159 1633/2223/155
f 1635/2226/158 1636/2228/160 1634/2229/554
f 1631/2225/157 1622/2230/187 1633/2223/155
f 1633/2223/155 1623/2231/163 1635/2226/158
f 1635/2226/158 1624/2232/540 1637/2222/154
f 1624/2232/540 1629/2219/151 1637/2222/154
f 1625/2233/165 1627/2220/152 1629/2219/151
f 1628/2221/153 1603/2207/134 1605/2209/136
f 1636/2228/160 1605/2209/136 1613/2211/138
f 1611/2234/166 1636/2228/160 1613/2211/138
f 1632/2227/159 1611/2234/166 1609/2215/142
f 1607/2212/139 1632/2227/159 1609/2215/142
f 1603/2235/542 1616/2236/191 1604/2237/169
f 1597/2238/170 1617/2239/170 1596/2240/170
f 1604/2237/169 1618/2241/201 1597/2238/172
f 1625/2233/173 1624/2232/173 1619/2242/174
f 1620/2243/174 1625/2233/173 1619/2242/174
f 1623/2231/173 1622/2230/173 1619/2242/174
f 1624/2232/173 1623/2231/173 1619/2242/174
f 1622/2230/174 1621/2244/174 1619/2242/174
f 1639/2245/192 1626/2246/541 1627/2247/177
f 1640/2248/178 1620/2249/178 1619/2250/178
f 1641/2251/205 1627/2247/177 1620/2249/206
f 1603/2235/542 1638/2252/543 1615/2253/195
f 1648/2254/133 1642/2255/133 1647/2256/133
f 1643/2257/133 1642/2255/133 1648/2254/133
f 1646/2258/133 1642/2255/133 1645/2259/132
f 1647/2256/133 1642/2255/133 1646/2258/133
f 1645/2259/132 1642/2255/133 1644/2260/132
f 1649/2261/134 1652/2262/135 1651/2263/136
f 1651/2263/136 1660/2264/137 1659/2265/138
f 1653/2266/139 1656/2267/140 1654/2268/141
f 1655/2269/142 1658/2270/143 1656/2267/140
f 1658/2270/143 1659/2265/138 1660/2264/137
f 1654/2268/141 1645/2259/184 1644/2260/145
f 1656/2267/140 1646/2258/146 1645/2259/184
f 1658/2270/143 1647/2256/147 1646/2258/146
f 1652/2262/135 1647/2256/147 1660/2264/137
f 1650/2271/148 1648/2254/149 1652/2262/135
f 1672/2272/150 1675/2273/151 1673/2274/152
f 1674/2275/153 1683/2276/154 1675/2273/151
f 1679/2277/155 1676/2278/156 1677/2279/157
f 1681/2280/158 1678/2281/159 1679/2277/155
f 1681/2280/158 1682/2282/160 1680/2283/161
f 1677/2279/157 1668/2284/187 1679/2277/155
f 1679/2277/155 1669/2285/188 1681/2280/158
f 1681/2280/158 1670/2286/164 1683/2276/154
f 1670/2286/164 1675/2273/151 1683/2276/154
f 1671/2287/165 1673/2274/152 1675/2273/151
f 1674/2275/153 1649/2261/134 1651/2263/136
f 1682/2282/160 1651/2263/136 1659/2265/138
f 1657/2288/189 1682/2282/160 1659/2265/138
f 1678/2281/159 1657/2288/189 1655/2269/142
f 1653/2266/139 1678/2281/159 1655/2269/142
f 1649/2289/190 1662/2290/209 1650/2291/169
f 1643/2292/545 1663/2293/545 1642/2294/545
f 1650/2291/169 1664/2295/546 1643/2292/211
f 1671/2287/173 1670/2286/173 1665/2296/174
f 1666/2297/174 1671/2287/173 1665/2296/174
f 1669/2285/173 1668/2284/173 1665/2296/174
f 1670/2286/173 1669/2285/173 1665/2296/174
f 1668/2284/174 1667/2298/174 1665/2296/174
f 1685/2299/192 1672/2300/541 1673/2301/177
f 1686/2302/203 1666/2303/203 1665/2304/203
f 1687/2305/548 1673/2301/177 1666/2303/205
f 1649/2289/190 1684/2306/555 1661/2307/550
f 1694/2308/133 1688/2309/133 1693/2310/133
f 1689/2311/133 1688/2309/133 1694/2308/133
f 1692/2312/133 1688/2309/133 1691/2313/132
f 1693/2310/133 1688/2309/133 1692/2312/133
f 1691/2313/132 1688/2309/133 1690/2314/132
f 1695/2315/134 1698/2316/135 1697/2317/136
f 1697/2317/136 1706/2318/137 1705/2319/138
f 1699/2320/139 1702/2321/140 1700/2322/141
f 1701/2323/142 1704/2324/143 1702/2321/140
f 1704/2324/143 1705/2319/138 1706/2318/137
f 1700/2322/141 1691/2313/184 1690/2314/185
f 1702/2321/140 1692/2312/186 1691/2313/184
f 1704/2324/143 1693/2310/147 1692/2312/186
f 1698/2316/135 1693/2310/147 1706/2318/137
f 1696/2325/148 1694/2308/149 1698/2316/135
f 1718/2326/150 1721/2327/151 1719/2328/152
f 1720/2329/153 1729/2330/154 1721/2327/151
f 1725/2331/155 1722/2332/156 1723/2333/157
f 1727/2334/158 1724/2335/159 1725/2331/155
f 1727/2334/158 1728/2336/160 1726/2337/554
f 1723/2333/157 1714/2338/187 1725/2331/155
f 1725/2331/155 1715/2339/188 1727/2334/158
f 1727/2334/158 1716/2340/164 1729/2330/154
f 1716/2340/164 1721/2327/151 1729/2330/154
f 1717/2341/165 1719/2328/152 1721/2327/151
f 1720/2329/153 1695/2315/134 1697/2317/136
f 1728/2336/160 1697/2317/136 1705/2319/138
f 1703/2342/189 1728/2336/160 1705/2319/138
f 1724/2335/159 1703/2342/189 1701/2323/142
f 1699/2320/139 1724/2335/159 1701/2323/142
f 1695/2343/190 1708/2344/209 1696/2345/169
f 1689/2346/170 1709/2347/545 1688/2348/545
f 1696/2345/169 1710/2349/171 1689/2346/172
f 1717/2341/173 1716/2340/173 1711/2350/174
f 1712/2351/174 1717/2341/173 1711/2350/174
f 1715/2339/173 1714/2338/173 1711/2350/174
f 1716/2340/173 1715/2339/173 1711/2350/174
f 1714/2338/174 1713/2352/174 1711/2350/174
f 1731/2353/192 1718/2354/541 1719/2355/177
f 1732/2356/203 1712/2357/178 1711/2358/203
f 1733/2359/205 1719/2355/177 1712/2357/206
f 1695/2343/190 1730/2360/181 1707/2361/550
f 1735/2362/216 1736/2363/216 1734/2364/216
f 1738/2365/217 1755/2366/218 1754/2367/217
f 1739/2368/218 1756/2369/219 1755/2366/218
f 1741/2370/220 1756/2369/219 1740/2371/219
f 1742/2372/221 1757/2373/220 1741/2370/220
f 1742/2372/221 1759/2374/222 1758/2375/221
f 1743/2376/222 1760/2377/223 1759/2374/222
f 1744/2378/223 1761/2379/173 1760/2377/223
f 1746/2380/224 1761/2379/173 1745/2381/173
f 1746/2380/224 1763/2382/225 1762/2383/224
f 1748/2384/226 1763/2382/225 1747/2385/225
f 1748/2384/226 1765/2386/227 1764/2387/226
f 1750/2388/228 1765/2389/227 1749/2390/227
f 1751/2391/229 1766/2392/228 1750/2388/228
f 1752/2393/230 1767/2394/229 1751/2391/229
f 1752/2393/230 1769/2395/133 1768/2396/230
f 1738/2365/217 1769/2395/133 1753/2397/133
f 1754/2398/231 1755/2399/231 1770/2400/231
f 1755/2399/231 1756/2401/231 1770/2400/231
f 1756/2401/231 1757/2402/231 1770/2400/231
f 1757/2402/231 1758/2403/231 1770/2400/231
f 1758/2403/231 1759/2404/231 1770/2400/231
f 1759/2404/231 1760/2405/231 1770/2400/231
f 1760/2405/231 1761/2406/231 1770/2400/231
f 1761/2406/231 1762/2407/231 1770/2400/231
f 1762/2407/231 1763/2408/231 1770/2400/231
f 1763/2408/231 1764/2387/231 1770/2400/231
f 1764/2387/231 1765/2386/231 1770/2400/231
f 1765/2386/231 1766/2409/231 1770/2400/231
f 1766/2409/231 1767/2410/231 1770/2400/231
f 1767/2410/231 1768/2411/231 1770/2400/231
f 1768/2411/231 1769/2412/231 1770/2400/231
f 1769/2412/231 1754/2398/231 1770/2400/231
f 1772/2413/232 1787/2414/233 1771/2415/233
f 1773/2416/234 1788/2417/232 1772/2413/232
f 1774/2418/235 1789/2419/234 1773/2420/234
f 1775/2421/236 1790/2422/235 1774/2418/235
f 1776/2423/237 1791/2424/236 1775/2421/236
f 1777/2425/238 1792/2426/237 1776/2423/237
f 1778/2427/173 1793/2428/239 1777/2425/238
f 1779/2429/240 1794/2430/173 1778/2427/173
f 1780/2431/241 1795/2432/240 1779/2429/240
f 1781/2433/242 1796/2434/241 1780/2431/241
f 1782/2435/243 1797/2436/242 1781/2433/242
f 1783/2437/244 1798/2438/243 1782/2435/243
f 1784/2439/245 1799/2440/244 1783/2437/244
f 1785/2441/246 1800/2442/245 1784/2439/245
f 1786/2443/133 1801/2444/247 1785/2441/246
f 1771/2415/233 1802/2445/133 1786/2443/133
f 1772/2413/125 1771/2446/125 1803/2447/125
f 1773/2416/125 1772/2413/125 1803/2447/125
f 1774/2448/125 1773/2416/125 1803/2447/125
f 1775/2449/125 1774/2448/125 1803/2447/125
f 1776/2450/125 1775/2449/125 1803/2447/125
f 1777/2451/125 1776/2450/125 1803/2447/125
f 1778/2452/125 1777/2451/125 1803/2447/125
f 1779/2453/125 1778/2452/125 1803/2447/125
f 1780/2454/125 1779/2453/125 1803/2447/125
f 1781/2455/125 1780/2454/125 1803/2447/125
f 1782/2456/125 1781/2455/125 1803/2447/125
f 1783/2457/125 1782/2456/125 1803/2447/125
f 1784/2458/125 1783/2457/125 1803/2447/125
f 1785/2459/125 1784/2458/125 1803/2447/125
f 1786/2460/125 1785/2459/125 1803/2447/125
f 1771/2446/125 1786/2460/125 1803/2447/125
f 1787/2461/126 1788/2417/126 1804/2462/126
f 1788/2417/126 1789/2463/126 1804/2462/126
f 1789/2463/126 1790/2464/126 1804/2462/126
f 1790/2464/126 1791/2465/126 1804/2462/126
f 1791/2465/126 1792/2466/126 1804/2462/126
f 1792/2466/126 1793/2467/126 1804/2462/126
f 1793/2467/126 1794/2468/126 1804/2462/126
f 1794/2468/126 1795/2469/126 1804/2462/126
f 1795/2469/126 1796/2470/126 1804/2462/126
f 1796/2470/126 1797/2471/126 1804/2462/126
f 1797/2471/126 1798/2472/126 1804/2462/126
f 1798/2472/126 1799/2473/126 1804/2462/126
f 1799/2473/126 1800/2474/126 1804/2462/126
f 1800/2474/126 1801/2475/126 1804/2462/126
f 1801/2475/126 1802/2476/126 1804/2462/126
f 1802/2476/126 1787/2461/126 1804/2462/126
f 1806/2477/232 1821/2478/233 1805/2479/233
f 1807/2480/234 1822/2481/232 1806/2477/232
f 1808/2482/235 1823/2483/234 1807/2484/234
f 1809/2485/236 1824/2486/235 1808/2482/235
f 1810/2487/237 1825/2488/236 1809/2485/236
f 1811/2489/238 1826/2490/237 1810/2487/237
f 1812/2491/173 1827/2492/239 1811/2489/238
f 1813/2493/240 1828/2494/173 1812/2491/173
f 1814/2495/241 1829/2496/240 1813/2493/240
f 1815/2497/242 1830/2498/241 1814/2495/241
f 1816/2499/243 1831/2500/242 1815/2497/242
f 1817/2501/244 1832/2502/243 1816/2499/243
f 1818/2503/245 1833/2504/244 1817/2501/244
f 1819/2505/246 1834/2506/245 1818/2503/245
f 1820/2507/133 1835/2508/246 1819/2505/246
f 1805/2479/233 1836/2509/133 1820/2507/133
f 1806/2477/125 1805/2510/125 1837/2511/125
f 1807/2480/125 1806/2477/125 1837/2511/125
f 1808/2512/125 1807/2480/125 1837/2511/125
f 1809/2513/125 1808/2512/125 1837/2511/125
f 1810/2514/125 1809/2513/125 1837/2511/125
f 1811/2515/125 1810/2514/125 1837/2511/125
f 1812/2516/125 1811/2515/125 1837/2511/125
f 1813/2517/125 1812/2516/125 1837/2511/125
f 1814/2518/125 1813/2517/125 1837/2511/125
f 1815/2519/125 1814/2518/125 1837/2511/125
f 1816/2520/125 1815/2519/125 1837/2511/125
f 1817/2521/125 1816/2520/125 1837/2511/125
f 1818/2522/125 1817/2521/125 1837/2511/125
f 1819/2523/125 1818/2522/125 1837/2511/125
f 1820/2524/125 1819/2523/125 1837/2511/125
f 1805/2510/125 1820/2524/125 1837/2511/125
f 1821/2525/126 1822/2481/126 1838/2526/126
f 1822/2481/126 1823/2527/126 1838/2526/126
f 1823/2527/126 1824/2528/126 1838/2526/126
f 1824/2528/126 1825/2529/126 1838/2526/126
f 1825/2529/126 1826/2530/126 1838/2526/126
f 1826/2530/126 1827/2531/126 1838/2526/126
f 1827/2531/126 1828/2532/126 1838/2526/126
f 1828/2532/126 1829/2533/126 1838/2526/126
f 1829/2533/126 1830/2534/126 1838/2526/126
f 1830/2534/126 1831/2535/126 1838/2526/126
f 1831/2535/126 1832/2536/126 1838/2526/126
f 1832/2536/126 1833/2537/126 1838/2526/126
f 1833/2537/126 1834/2538/126 1838/2526/126
f 1834/2538/126 1835/2539/126 1838/2526/126
f 1835/2539/126 1836/2540/126 1838/2526/126
f 1836/2540/126 1821/2525/126 1838/2526/126
f 1839/2541/248 1842/2542/248 1841/2543/248
f 1839/2541/249 1844/2544/249 1840/2545/249
f 1842/2546/250 1845/2547/250 1841/2543/250
f 1843/2548/251 1846/2549/251 1844/2550/251
f 1841/2543/252 1843/2548/252 1839/2541/252
f 1844/2550/126 1735/2551/126 1734/2552/126
f 1737/2553/125 1840/2554/125 1736/2555/125
f 1842/2546/133 1735/2556/133 1846/2557/133
f 1840/2545/173 1734/2558/173 1736/2559/173
f 8/8/3 9/18/17 11/9/4
f 10/10/5 11/9/4 19/11/6
f 12/13/8 14/16/11 15/14/9
f 14/16/11 16/35/35 17/17/12
f 17/17/12 16/35/35 18/12/7
f 13/15/10 15/14/9 4/6/13
f 15/14/9 17/17/12 5/5/15
f 17/17/12 19/11/6 6/3/16
f 11/9/4 7/1/18 6/3/16
f 9/18/17 2/4/556 7/1/18
f 31/19/19 33/22/22 34/20/20
f 33/22/22 41/29/29 42/23/23
f 38/24/24 37/28/28 35/25/25
f 40/27/27 39/30/30 37/28/28
f 40/27/27 42/23/23 41/29/29
f 36/26/26 26/45/557 27/31/31
f 38/24/24 27/31/31 28/32/32
f 40/27/27 28/32/32 29/33/33
f 29/33/33 30/34/34 34/20/20
f 30/34/34 25/44/558 32/21/21
f 33/22/22 31/19/19 8/8/3
f 41/29/29 33/22/22 10/10/5
f 16/35/35 39/30/30 41/29/29
f 37/28/28 39/30/30 16/35/35
f 12/13/8 35/25/25 37/28/28
f 8/36/36 20/54/51 21/37/37
f 2/39/39 23/42/39 22/40/39
f 9/38/38 21/37/37 23/42/40
f 44/46/44 43/53/50 31/47/45
f 45/49/47 46/52/47 25/50/47
f 46/52/48 44/46/44 32/48/46
f 8/36/36 31/47/45 43/53/50
f 54/62/3 55/72/17 57/63/4
f 56/64/5 57/63/4 65/65/6
f 58/67/8 60/70/53 61/68/9
f 60/70/53 62/89/35 63/71/12
f 63/71/12 62/89/35 64/66/7
f 59/69/52 61/68/9 50/60/13
f 61/68/9 63/71/12 51/59/15
f 63/71/12 65/65/6 52/57/16
f 57/63/4 53/55/54 52/57/16
f 55/72/17 48/58/556 53/55/54
f 77/73/19 79/76/22 80/74/20
f 79/76/22 87/83/29 88/77/23
f 84/78/24 83/82/28 81/79/25
f 86/81/55 85/84/30 83/82/28
f 86/81/55 88/77/23 87/83/29
f 82/80/26 72/99/557 73/85/31
f 84/78/24 73/85/31 74/86/56
f 86/81/55 74/86/56 75/87/57
f 75/87/57 76/88/34 80/74/20
f 76/88/34 71/98/558 78/75/21
f 79/76/22 77/73/19 54/62/3
f 87/83/29 79/76/22 56/64/5
f 85/84/30 87/83/29 64/66/7
f 83/82/28 85/84/30 62/89/35
f 58/67/8 81/79/25 83/82/28
f 54/90/58 66/108/67 67/91/59
f 48/93/39 69/96/82 68/94/39
f 55/92/60 67/91/59 69/96/61
f 90/100/44 89/107/66 77/101/63
f 91/103/47 92/106/86 71/104/47
f 92/106/49 90/100/44 78/102/64
f 54/90/58 77/101/63 89/107/66
f 100/116/3 101/126/17 103/117/4
f 102/118/5 103/117/4 111/119/6
f 104/121/8 106/124/11 107/122/68
f 106/124/11 108/143/35 109/125/12
f 109/125/12 108/143/35 110/120/7
f 105/123/52 107/122/68 96/114/69
f 107/122/68 109/125/12 97/113/70
f 109/125/12 111/119/6 98/111/16
f 103/117/4 99/109/18 98/111/16
f 101/126/17 94/112/556 99/109/18
f 123/127/19 125/130/22 126/128/20
f 125/130/22 133/137/71 134/131/23
f 130/132/24 129/136/28 127/133/25
f 132/135/55 131/138/30 129/136/28
f 132/135/55 134/131/23 133/137/71
f 128/134/26 118/153/557 119/139/31
f 130/132/24 119/139/31 120/140/72
f 132/135/55 120/140/72 121/141/57
f 121/141/57 122/142/34 126/128/20
f 122/142/34 117/152/558 124/129/21
f 125/130/22 123/127/19 100/116/3
f 133/137/71 125/130/22 102/118/5
f 108/143/35 131/138/30 133/137/71
f 129/136/28 131/138/30 108/143/35
f 104/121/8 127/133/25 129/136/28
f 100/144/36 112/162/51 113/145/73
f 94/147/39 115/150/39 114/148/39
f 101/146/38 113/145/73 115/150/74
f 136/154/76 135/161/50 123/155/77
f 137/157/47 138/160/47 117/158/47
f 138/160/78 136/154/76 124/156/46
f 100/144/36 123/155/77 135/161/50
f 146/170/3 147/180/17 149/171/4
f 148/172/5 149/171/4 157/173/6
f 150/175/8 152/178/11 153/176/9
f 152/178/11 154/197/80 155/179/12
f 155/179/12 154/197/80 156/174/7
f 151/177/52 153/176/9 142/168/69
f 153/176/9 155/179/12 143/167/70
f 155/179/12 157/173/6 144/165/16
f 149/171/4 145/163/18 144/165/16
f 147/180/17 140/166/556 145/163/18
f 169/181/19 171/184/22 172/182/20
f 171/184/22 179/191/29 180/185/23
f 176/186/24 175/190/28 173/187/25
f 178/189/55 177/192/30 175/190/28
f 178/189/55 180/185/23 179/191/29
f 174/188/26 164/207/557 165/193/31
f 176/186/24 165/193/31 166/194/72
f 178/189/55 166/194/72 167/195/33
f 167/195/33 168/196/34 172/182/20
f 168/196/34 163/206/558 170/183/21
f 171/184/22 169/181/19 146/170/3
f 179/191/29 171/184/22 148/172/5
f 154/197/80 177/192/30 179/191/29
f 175/190/28 177/192/30 154/197/80
f 150/175/8 173/187/25 175/190/28
f 146/198/81 158/216/89 159/199/37
f 140/201/82 161/204/82 160/202/39
f 147/200/60 159/199/37 161/204/83
f 182/208/85 181/215/88 169/209/45
f 183/211/47 184/214/86 163/212/86
f 184/214/49 182/208/85 170/210/64
f 146/198/81 169/209/45 181/215/88
f 186/217/90 188/2560/90 187/218/90
f 189/220/91 190/223/93 206/221/92
f 190/223/93 191/226/96 207/224/94
f 192/225/95 208/228/95 207/224/94
f 192/225/95 193/229/97 209/227/97
f 193/229/97 194/232/98 210/230/98
f 195/231/99 211/234/99 210/230/98
f 195/231/99 196/236/43 212/233/43
f 197/235/100 213/238/100 212/233/43
f 198/237/101 214/240/101 213/238/100
f 199/239/102 215/242/104 214/240/101
f 199/239/102 200/2561/103 216/241/103
f 201/243/105 217/247/105 216/244/103
f 201/243/105 202/248/106 218/246/106
f 202/248/106 203/250/107 219/249/107
f 203/250/107 204/252/2 220/251/2
f 189/220/91 205/222/91 220/251/2
f 223/268/109 239/272/109 238/269/110
f 224/271/111 240/2562/111 239/272/109
f 225/273/112 241/277/112 240/274/111
f 226/276/113 242/279/113 241/277/112
f 227/278/114 243/281/114 242/279/113
f 228/280/115 244/283/115 243/281/114
f 229/282/43 245/285/43 244/283/115
f 230/284/116 246/287/116 245/285/43
f 231/286/117 247/289/117 246/287/116
f 232/288/118 248/291/120 247/289/117
f 233/290/119 249/293/119 248/291/120
f 234/292/121 250/295/123 249/293/119
f 235/294/122 251/297/122 250/295/123
f 236/296/124 252/299/124 251/297/122
f 237/298/2 253/300/2 252/299/124
f 222/270/110 238/269/110 253/300/2
f 257/331/109 273/335/109 272/332/110
f 258/334/111 274/2563/111 273/335/109
f 259/336/112 275/340/112 274/337/111
f 260/339/113 276/342/113 275/340/112
f 261/341/114 277/344/114 276/342/113
f 262/343/115 278/346/115 277/344/114
f 263/345/43 279/348/43 278/346/115
f 264/347/116 280/350/116 279/348/43
f 265/349/117 281/352/117 280/350/116
f 266/351/118 282/354/118 281/352/117
f 267/353/119 283/356/119 282/354/118
f 268/355/121 284/358/121 283/356/119
f 269/357/122 285/360/122 284/358/121
f 270/359/124 286/362/124 285/360/122
f 271/361/2 287/363/2 286/362/124
f 256/333/110 272/332/110 287/363/2
f 290/394/127 291/407/127 293/395/127
f 291/397/128 290/394/128 294/398/128
f 293/400/129 297/410/129 296/401/129
f 294/398/130 296/401/130 297/402/130
f 292/396/131 296/401/131 294/398/131
f 295/403/126 297/402/126 186/404/126
f 188/406/125 293/395/125 291/407/125
f 293/400/2 188/2564/2 186/409/2
f 291/397/43 295/399/43 185/411/43
f 305/420/134 306/430/148 308/421/135
f 307/422/136 308/421/135 316/423/137
f 309/425/139 311/428/142 312/426/140
f 311/428/142 313/447/166 314/429/143
f 314/429/143 313/447/166 315/424/138
f 310/427/141 312/426/140 301/418/144
f 312/426/140 314/429/143 302/417/146
f 314/429/143 316/423/137 303/415/147
f 308/421/135 304/413/149 303/415/147
f 306/430/148 299/416/559 304/413/149
f 328/431/150 330/434/153 331/432/151
f 330/434/153 338/441/160 339/435/154
f 335/436/155 334/440/159 332/437/156
f 337/439/158 336/442/161 334/440/159
f 337/439/158 339/435/154 338/441/160
f 333/438/157 323/457/560 324/443/162
f 335/436/155 324/443/162 325/444/163
f 337/439/158 325/444/163 326/445/164
f 326/445/164 327/446/165 331/432/151
f 327/446/165 322/456/561 329/433/152
f 330/434/153 328/431/150 305/420/134
f 338/441/160 330/434/153 307/422/136
f 313/447/166 336/442/161 338/441/160
f 334/440/159 336/442/161 313/447/166
f 309/425/139 332/437/156 334/440/159
f 305/448/167 317/466/182 318/449/168
f 299/451/170 320/454/170 319/452/170
f 306/450/169 318/449/168 320/454/171
f 341/458/175 340/465/181 328/459/176
f 342/461/178 343/464/203 322/462/178
f 343/464/179 341/458/175 329/460/177
f 305/448/167 328/459/176 340/465/181
f 351/474/134 352/484/148 354/475/135
f 353/476/136 354/475/135 362/477/137
f 355/479/183 357/482/142 358/480/140
f 357/482/142 359/501/189 360/483/143
f 360/483/143 359/501/189 361/478/138
f 356/481/141 358/480/140 347/472/184
f 358/480/140 360/483/143 348/471/186
f 360/483/143 362/477/137 349/469/147
f 354/475/135 350/467/149 349/469/147
f 352/484/148 345/470/559 350/467/149
f 374/485/150 376/488/153 377/486/151
f 376/488/153 384/495/160 385/489/154
f 381/490/155 380/494/159 378/491/156
f 383/493/158 382/496/161 380/494/159
f 383/493/158 385/489/154 384/495/160
f 379/492/157 369/511/560 370/497/187
f 381/490/155 370/497/187 371/498/188
f 383/493/158 371/498/188 372/499/164
f 372/499/164 373/500/165 377/486/151
f 373/500/165 368/510/561 375/487/152
f 376/488/153 374/485/150 351/474/134
f 384/495/160 376/488/153 353/476/136
f 359/501/189 382/496/161 384/495/160
f 380/494/159 382/496/161 359/501/189
f 355/479/183 378/491/156 380/494/159
f 351/502/190 363/520/195 364/503/191
f 345/505/170 366/508/170 365/506/170
f 352/504/169 364/503/191 366/508/171
f 387/512/192 386/519/194 374/513/193
f 388/515/178 389/518/203 368/516/178
f 389/518/179 387/512/192 375/514/177
f 351/502/190 374/513/193 386/519/194
f 397/528/134 398/538/148 400/529/135
f 399/530/136 400/529/135 408/531/137
f 401/533/139 403/536/142 404/534/140
f 403/536/142 405/555/166 406/537/197
f 406/537/197 405/555/166 407/532/138
f 402/535/196 404/534/140 393/526/184
f 404/534/140 406/537/197 394/525/146
f 406/537/197 408/531/137 395/523/147
f 400/529/135 396/521/149 395/523/147
f 398/538/148 391/524/559 396/521/149
f 420/539/150 422/542/153 423/540/151
f 422/542/153 430/549/160 431/543/154
f 427/544/155 426/548/159 424/545/156
f 429/547/158 428/550/198 426/548/159
f 429/547/158 431/543/154 430/549/160
f 425/546/157 415/565/560 416/551/187
f 427/544/155 416/551/187 417/552/163
f 429/547/158 417/552/163 418/553/164
f 418/553/164 419/554/165 423/540/151
f 419/554/165 414/564/561 421/541/152
f 399/530/136 422/542/153 420/539/150
f 430/549/160 422/542/153 399/530/136
f 405/555/166 428/550/198 430/549/160
f 426/548/159 428/550/198 405/555/166
f 401/533/139 424/545/156 426/548/159
f 397/556/190 409/574/195 410/557/199
f 391/559/170 412/562/170 411/560/170
f 398/558/200 410/557/199 412/562/201
f 433/566/175 432/573/207 420/567/202
f 434/569/203 435/572/204 414/570/204
f 435/572/205 433/566/175 421/568/177
f 397/556/190 420/567/202 432/573/207
f 443/582/134 444/592/148 446/583/135
f 445/584/136 446/583/135 454/585/137
f 447/587/139 449/590/142 450/588/140
f 449/590/142 451/609/189 452/591/143
f 452/591/143 451/609/189 453/586/138
f 448/589/141 450/588/140 439/580/184
f 450/588/140 452/591/143 440/579/146
f 452/591/143 454/585/137 441/577/147
f 446/583/135 442/575/149 441/577/147
f 444/592/148 437/578/559 442/575/149
f 466/593/150 468/596/208 469/594/151
f 468/596/208 476/603/160 477/597/154
f 473/598/155 472/602/159 470/599/156
f 475/601/158 474/604/161 472/602/159
f 475/601/158 477/597/154 476/603/160
f 471/600/157 461/619/560 462/605/187
f 473/598/155 462/605/187 463/606/188
f 475/601/158 463/606/188 464/607/164
f 464/607/164 465/608/165 469/594/151
f 465/608/165 460/618/561 467/595/152
f 445/584/136 468/596/208 466/593/150
f 476/603/160 468/596/208 445/584/136
f 451/609/189 474/604/161 476/603/160
f 472/602/159 474/604/161 451/609/189
f 447/587/139 470/599/156 472/602/159
f 443/610/167 455/628/215 456/611/209
f 437/613/170 458/616/170 457/614/170
f 444/612/210 456/611/209 458/616/201
f 479/620/175 478/627/181 466/621/193
f 480/623/178 481/626/203 460/624/178
f 481/626/213 479/620/175 467/622/212
f 443/610/167 466/621/193 478/627/181
f 483/629/216 485/2565/216 484/630/216
f 486/632/217 487/635/218 503/633/218
f 487/635/218 488/637/219 504/636/219
f 488/637/219 489/640/220 505/638/220
f 490/639/221 506/642/221 505/638/220
f 490/639/221 491/643/222 507/641/222
f 491/643/222 492/645/223 508/644/223
f 492/645/223 493/648/173 509/646/173
f 494/647/224 510/650/224 509/646/173
f 494/647/224 495/652/225 511/649/225
f 496/651/226 512/654/226 511/649/225
f 496/651/226 497/2566/227 513/653/227
f 498/655/228 514/659/228 513/656/227
f 499/658/229 515/661/229 514/659/228
f 500/660/230 516/663/230 515/661/229
f 500/660/230 501/664/133 517/662/133
f 486/632/217 502/634/217 517/662/133
f 520/680/232 536/684/232 535/681/233
f 521/683/234 537/2567/234 536/684/232
f 522/685/235 538/689/235 537/686/234
f 523/688/236 539/691/236 538/689/235
f 524/690/237 540/693/237 539/691/236
f 525/692/238 541/695/239 540/693/237
f 526/694/173 542/697/173 541/695/239
f 527/696/240 543/699/240 542/697/173
f 528/698/241 544/701/241 543/699/240
f 529/700/242 545/703/242 544/701/241
f 530/702/243 546/705/243 545/703/242
f 531/704/244 547/707/244 546/705/243
f 532/706/245 548/709/245 547/707/244
f 533/708/246 549/711/247 548/709/245
f 534/710/133 550/712/133 549/711/247
f 519/682/233 535/681/233 550/712/133
f 554/743/232 570/747/232 569/744/233
f 555/746/234 571/2568/234 570/747/232
f 556/748/235 572/752/235 571/749/234
f 557/751/236 573/754/236 572/752/235
f 558/753/237 574/756/237 573/754/236
f 559/755/238 575/758/239 574/756/237
f 560/757/173 576/760/173 575/758/239
f 561/759/240 577/762/240 576/760/173
f 562/761/241 578/764/241 577/762/240
f 563/763/242 579/766/242 578/764/241
f 564/765/243 580/768/243 579/766/242
f 565/767/244 581/770/244 580/768/243
f 566/769/245 582/772/245 581/770/244
f 567/771/246 583/774/247 582/772/245
f 568/773/133 584/775/133 583/774/247
f 553/745/233 569/744/233 584/775/133
f 587/806/248 588/819/248 590/807/248
f 587/806/249 591/813/249 592/809/249
f 590/811/250 594/822/250 593/812/250
f 591/813/251 593/812/251 594/814/251
f 587/806/252 589/808/252 593/812/252
f 592/815/126 594/814/126 483/816/126
f 485/818/125 590/807/125 588/819/125
f 485/821/133 483/2569/133 594/822/133
f 588/810/173 592/809/173 482/823/173
f 595/825/253 596/2570/253 598/826/253
f 598/828/254 600/2571/254 599/829/254
f 600/830/255 602/2572/255 601/831/255
f 602/832/256 596/2573/256 595/825/256
f 602/833/257 600/2574/257 598/834/257
f 595/825/258 597/827/258 599/829/258
f 604/836/253 606/839/253 605/837/253
f 606/839/126 608/842/126 607/840/126
f 608/842/255 610/845/255 609/843/255
f 610/845/125 604/836/125 603/846/125
f 610/845/259 608/842/259 606/839/259
f 603/848/260 605/2575/260 607/844/260
f 618/856/263 619/866/277 621/857/264
f 620/858/265 621/857/264 629/859/266
f 622/861/268 624/864/271 625/862/269
f 624/864/271 626/883/295 627/865/272
f 627/865/272 626/883/295 628/860/267
f 623/863/270 625/862/269 614/854/273
f 625/862/269 627/865/272 615/853/275
f 627/865/272 629/859/266 616/851/276
f 621/857/264 617/849/278 616/851/276
f 619/866/277 612/852/562 617/849/278
f 641/867/279 643/870/282 644/868/280
f 643/870/282 651/877/289 652/871/283
f 648/872/284 647/876/288 645/873/285
f 650/875/287 649/878/290 647/876/288
f 650/875/287 652/871/283 651/877/289
f 646/874/286 636/893/563 637/879/291
f 648/872/284 637/879/291 638/880/292
f 650/875/287 638/880/292 639/881/293
f 639/881/293 640/882/294 644/868/280
f 640/882/294 635/892/564 642/869/281
f 643/870/282 641/867/279 618/856/263
f 628/860/267 651/877/289 643/870/282
f 626/883/295 649/878/290 651/877/289
f 624/864/271 647/876/288 649/878/290
f 645/873/285 647/876/288 624/864/271
f 618/884/296 630/901/311 631/885/297
f 612/887/299 633/890/299 632/888/300
f 619/886/298 631/885/297 633/890/301
f 654/894/304 653/2576/565 641/895/305
f 655/897/307 656/900/308 635/898/308
f 656/900/309 654/894/304 642/896/306
f 641/895/305 653/2576/565 630/901/311
f 664/909/263 665/919/277 667/910/264
f 666/911/312 667/910/264 675/912/266
f 668/914/314 670/917/271 671/915/269
f 670/917/271 672/936/320 673/918/272
f 673/918/272 672/936/320 674/913/313
f 669/916/315 671/915/269 660/907/316
f 671/915/269 673/918/272 661/906/275
f 673/918/272 675/912/266 662/904/276
f 667/910/264 663/902/278 662/904/276
f 665/919/277 658/905/562 663/902/278
f 687/920/279 689/923/282 690/921/280
f 689/923/282 697/930/317 698/924/283
f 694/925/284 693/929/288 691/926/285
f 696/928/287 695/931/318 693/929/288
f 696/928/287 698/924/283 697/930/317
f 692/927/286 682/946/563 683/932/319
f 694/925/284 683/932/319 684/933/292
f 696/928/287 684/933/292 685/934/293
f 685/934/293 686/935/294 690/921/280
f 686/935/294 681/945/564 688/922/281
f 689/923/282 687/920/279 664/909/263
f 674/913/313 697/930/317 689/923/282
f 695/931/318 697/930/317 674/913/313
f 670/917/271 693/929/288 695/931/318
f 691/926/285 693/929/288 670/917/271
f 664/937/321 676/955/311 677/938/297
f 658/940/300 679/943/566 678/941/299
f 665/939/322 677/938/297 679/943/324
f 700/947/326 699/954/330 687/948/305
f 701/950/308 702/953/307 681/951/307
f 702/953/328 700/947/326 688/949/327
f 664/937/321 687/948/305 699/954/330
f 710/963/263 711/973/277 713/964/264
f 712/965/265 713/964/264 721/966/266
f 714/968/314 716/971/331 717/969/269
f 716/971/331 718/990/295 719/972/272
f 719/972/272 718/990/295 720/967/313
f 715/970/270 717/969/269 706/961/316
f 717/969/269 719/972/272 707/960/332
f 719/972/272 721/966/266 708/958/333
f 713/964/264 709/956/278 708/958/333
f 711/973/277 704/959/562 709/956/278
f 733/974/279 735/977/282 736/975/280
f 735/977/282 743/984/317 744/978/283
f 740/979/284 739/983/335 737/980/334
f 742/982/287 741/985/336 739/983/335
f 742/982/287 744/978/283 743/984/317
f 738/981/286 728/1000/563 729/986/319
f 740/979/284 729/986/319 730/987/337
f 742/982/287 730/987/337 731/988/293
f 731/988/293 732/989/294 736/975/280
f 732/989/294 727/999/564 734/976/281
f 735/977/282 733/974/279 710/963/263
f 720/967/313 743/984/317 735/977/282
f 718/990/295 741/985/336 743/984/317
f 716/971/331 739/983/335 741/985/336
f 714/968/314 737/980/334 739/983/335
f 710/991/296 722/1009/350 723/992/338
f 704/994/300 725/997/300 724/995/299
f 711/993/339 723/992/338 725/997/340
f 746/1001/343 745/1008/349 733/1002/344
f 747/1004/345 748/1007/346 727/1005/346
f 748/1007/347 746/1001/343 734/1003/306
f 710/991/296 733/1002/344 745/1008/349
f 756/1017/263 757/1027/277 759/1018/264
f 758/1019/265 759/1018/264 767/1020/266
f 760/1022/314 762/1025/331 763/1023/269
f 762/1025/331 764/1044/295 765/1026/272
f 765/1026/272 764/1044/295 766/1021/267
f 761/1024/270 763/1023/269 752/1015/316
f 763/1023/269 765/1026/272 753/1014/332
f 765/1026/272 767/1020/266 754/1012/276
f 759/1018/264 755/1010/278 754/1012/276
f 757/1027/277 750/1013/562 755/1010/278
f 779/1028/279 781/1031/282 782/1029/351
f 781/1031/282 789/1038/289 790/1032/283
f 786/1033/284 785/1037/335 783/1034/334
f 788/1036/287 787/1039/290 785/1037/335
f 788/1036/287 790/1032/283 789/1038/289
f 784/1035/286 774/1054/563 775/1040/319
f 786/1033/284 775/1040/319 776/1041/292
f 788/1036/287 776/1041/292 777/1042/293
f 777/1042/293 778/1043/294 782/1029/351
f 778/1043/294 773/1053/564 780/1030/281
f 781/1031/282 779/1028/279 756/1017/263
f 766/1021/267 789/1038/289 781/1031/282
f 764/1044/295 787/1039/290 789/1038/289
f 762/1025/331 785/1037/335 787/1039/290
f 760/1022/314 783/1034/334 785/1037/335
f 756/1045/352 768/1063/358 769/1046/338
f 750/1048/300 771/1051/567 770/1049/300
f 757/1047/353 769/1046/338 771/1051/341
f 792/1055/355 791/1062/357 779/1056/344
f 793/1058/307 794/1061/568 773/1059/307
f 794/1061/347 792/1055/355 780/1057/356
f 756/1045/352 779/1056/344 791/1062/357
f 796/1064/359 798/2577/359 797/1065/359
f 800/1067/360 816/1071/360 815/1068/361
f 800/1067/360 801/1072/363 817/1070/362
f 801/1072/363 802/1075/364 818/1073/364
f 803/1074/365 819/1077/365 818/1073/364
f 803/1074/365 804/2578/366 820/1076/366
f 805/1078/367 821/1082/367 820/1079/366
f 805/1078/367 806/1084/303 822/1081/303
f 807/1083/368 823/1086/368 822/1081/303
f 807/1083/368 808/1088/369 824/1085/369
f 809/1087/370 825/1090/370 824/1085/369
f 809/1087/370 810/1092/371 826/1089/371
f 811/1091/372 827/1094/374 826/1089/371
f 812/1093/373 828/1096/373 827/1094/374
f 813/1095/375 829/1098/375 828/1096/373
f 813/1095/375 814/1099/262 830/1097/262
f 799/1069/361 815/1068/361 830/1097/262
f 833/1115/379 849/1163/382 848/1116/380
f 834/1118/381 850/1122/381 849/1119/382
f 835/1121/383 851/1124/383 850/1122/381
f 836/1123/384 852/1126/384 851/1124/383
f 837/1125/385 853/1128/385 852/1126/384
f 838/1127/386 854/1130/386 853/1128/385
f 839/1129/303 855/1132/303 854/1130/386
f 840/1131/387 856/1134/387 855/1132/303
f 841/1133/388 857/1136/388 856/1134/387
f 842/1135/389 858/1138/389 857/1136/388
f 843/1137/390 859/1140/390 858/1138/389
f 844/1139/391 860/1142/393 859/1140/390
f 845/1141/392 861/1144/392 860/1142/393
f 846/1143/394 862/1146/394 861/1144/392
f 847/1145/262 863/1147/262 862/1146/394
f 832/1117/380 848/1116/380 863/1147/262
f 867/1179/379 883/1183/397 882/1180/380
f 868/1182/381 884/1229/381 883/1183/397
f 869/1184/383 885/1188/383 884/1185/381
f 870/1187/384 886/1190/384 885/1188/383
f 871/1189/385 887/1192/385 886/1190/384
f 872/1191/386 888/1194/386 887/1192/385
f 873/1193/303 889/1196/303 888/1194/386
f 874/1195/387 890/1198/387 889/1196/303
f 875/1197/388 891/1200/388 890/1198/387
f 876/1199/389 892/1202/389 891/1200/388
f 877/1201/390 893/1204/390 892/1202/389
f 878/1203/393 894/1206/391 893/1204/390
f 879/1205/398 895/1208/392 894/1206/391
f 880/1207/394 896/1210/394 895/1208/392
f 881/1209/262 897/1211/262 896/1210/394
f 866/1181/380 882/1180/380 897/1211/262
f 900/1243/399 901/1256/399 903/1244/400
f 900/1243/401 904/1250/402 905/1246/402
f 903/1248/403 907/1259/404 906/1249/404
f 904/1250/405 906/1249/405 907/1251/405
f 902/1245/406 906/1249/406 904/1250/406
f 905/1252/126 907/1251/126 796/1253/126
f 798/1255/125 903/1244/125 901/1256/125
f 903/1248/262 798/2579/262 796/1258/262
f 901/1247/303 905/1246/303 795/1260/303
f 909/1262/253 911/2580/253 910/1263/253
f 911/1265/126 913/2581/126 912/1266/126
f 913/1267/255 915/1270/255 914/1268/255
f 915/1269/125 909/2582/125 908/1264/125
f 915/1270/259 913/1267/259 911/1271/259
f 908/1264/260 910/1263/260 912/1266/260
f 916/1273/407 917/1276/407 919/1274/407
f 917/1276/408 923/2583/408 921/1277/408
f 916/1273/258 918/1275/258 920/1278/258
f 925/1280/253 927/2584/253 926/1281/253
f 927/1283/126 929/1286/126 928/1284/126
f 929/1286/255 931/1288/255 930/1287/255
f 931/1288/125 925/2585/125 924/1289/125
f 931/1288/259 929/1286/259 927/1290/259
f 924/1282/260 926/1281/260 928/1284/260
f 933/1292/409 935/2586/409 934/1293/409
f 935/1295/410 937/2587/410 936/1296/410
f 936/1296/411 937/2588/411 939/1297/411
f 939/1299/412 933/2589/412 932/1294/412
f 939/1297/413 937/2588/413 935/1300/413
f 938/1298/414 932/1294/414 934/1293/414
f 940/1302/415 941/1305/415 943/1303/415
f 941/1305/416 947/2590/416 945/1306/416
f 940/1302/417 942/1304/417 944/1307/417
f 955/1316/420 956/1326/434 958/1317/421
f 957/1318/422 958/1317/421 966/1319/423
f 959/1321/425 961/1324/428 962/1322/426
f 961/1324/428 963/1343/452 964/1325/429
f 964/1325/429 963/1343/452 965/1320/424
f 960/1323/427 962/1322/426 951/1314/430
f 962/1322/426 964/1325/429 952/1313/432
f 964/1325/429 966/1319/423 953/1311/433
f 958/1317/421 954/1309/435 953/1311/433
f 956/1326/434 949/1312/569 954/1309/435
f 978/1327/436 980/1330/439 981/1328/437
f 980/1330/439 988/1337/446 989/1331/440
f 985/1332/441 984/1336/445 982/1333/442
f 987/1335/444 986/1338/447 984/1336/445
f 987/1335/444 989/1331/440 988/1337/446
f 983/1334/443 973/1353/570 974/1339/448
f 985/1332/441 974/1339/448 975/1340/449
f 987/1335/444 975/1340/449 976/1341/450
f 976/1341/450 977/1342/451 981/1328/437
f 977/1342/451 972/1352/571 979/1329/438
f 980/1330/439 978/1327/436 955/1316/420
f 988/1337/446 980/1330/439 957/1318/422
f 963/1343/452 986/1338/447 988/1337/446
f 984/1336/445 986/1338/447 963/1343/452
f 982/1333/442 984/1336/445 961/1324/428
f 955/1344/453 967/1362/469 968/1345/454
f 949/1347/456 970/1350/456 969/1348/456
f 956/1346/455 968/1345/454 970/1350/457
f 991/1354/462 990/1361/468 978/1355/463
f 992/1357/465 993/1360/465 972/1358/465
f 993/1360/466 991/1354/462 979/1356/464
f 955/1344/453 978/1355/463 990/1361/468
f 1001/1370/420 1002/1380/434 1004/1371/421
f 1003/1372/470 1004/1371/421 1012/1373/423
f 1005/1375/425 1007/1378/428 1008/1376/426
f 1007/1378/428 1009/1397/452 1010/1379/429
f 1010/1379/429 1009/1397/452 1011/1374/424
f 1006/1377/427 1008/1376/426 997/1368/430
f 1008/1376/426 1010/1379/429 998/1367/432
f 1010/1379/429 1012/1373/423 999/1365/433
f 1004/1371/421 1000/1363/435 999/1365/433
f 1002/1380/434 995/1366/569 1000/1363/435
f 1024/1381/436 1026/1384/439 1027/1382/471
f 1026/1384/439 1034/1391/473 1035/1385/440
f 1031/1386/441 1030/1390/445 1028/1387/472
f 1033/1389/444 1032/1392/447 1030/1390/445
f 1033/1389/444 1035/1385/440 1034/1391/473
f 1029/1388/443 1019/1407/570 1020/1393/448
f 1031/1386/441 1020/1393/448 1021/1394/449
f 1033/1389/444 1021/1394/449 1022/1395/450
f 1022/1395/450 1023/1396/451 1027/1382/471
f 1023/1396/451 1018/1406/571 1025/1383/438
f 1026/1384/439 1024/1381/436 1001/1370/420
f 1011/1374/424 1034/1391/473 1026/1384/439
f 1009/1397/452 1032/1392/447 1034/1391/473
f 1030/1390/445 1032/1392/447 1009/1397/452
f 1028/1387/472 1030/1390/445 1007/1378/428
f 1001/1398/474 1013/1416/480 1014/1399/454
f 995/1401/456 1016/1404/456 1015/1402/456
f 1002/1400/475 1014/1399/454 1016/1404/457
f 1037/1408/476 1036/1415/479 1024/1409/477
f 1038/1411/465 1039/1414/465 1018/1412/465
f 1039/1414/466 1037/1408/476 1025/1410/478
f 1001/1398/474 1024/1409/477 1036/1415/479
f 1047/1424/420 1048/1434/434 1050/1425/421
f 1049/1426/470 1050/1425/421 1058/1427/423
f 1051/1429/481 1053/1432/428 1054/1430/426
f 1053/1432/428 1055/1451/452 1056/1433/429
f 1056/1433/429 1055/1451/452 1057/1428/424
f 1052/1431/427 1054/1430/426 1043/1422/430
f 1054/1430/426 1056/1433/429 1044/1421/432
f 1056/1433/429 1058/1427/423 1045/1419/433
f 1050/1425/421 1046/1417/435 1045/1419/433
f 1048/1434/434 1041/1420/569 1046/1417/435
f 1070/1435/436 1072/1438/439 1073/1436/437
f 1072/1438/439 1080/1445/446 1081/1439/440
f 1077/1440/441 1076/1444/445 1074/1441/442
f 1079/1443/444 1078/1446/447 1076/1444/445
f 1079/1443/444 1081/1439/440 1080/1445/446
f 1075/1442/443 1065/1461/570 1066/1447/482
f 1077/1440/441 1066/1447/482 1067/1448/483
f 1079/1443/444 1067/1448/483 1068/1449/450
f 1068/1449/450 1069/1450/451 1073/1436/437
f 1069/1450/451 1064/1460/571 1071/1437/438
f 1049/1426/470 1072/1438/439 1070/1435/436
f 1080/1445/446 1072/1438/439 1049/1426/470
f 1055/1451/452 1078/1446/447 1080/1445/446
f 1076/1444/445 1078/1446/447 1055/1451/452
f 1074/1441/442 1076/1444/445 1053/1432/428
f 1047/1452/484 1059/1469/491 1060/1453/454
f 1041/1455/456 1062/1458/456 1061/1456/456
f 1048/1454/485 1060/1453/454 1062/1458/486
f 1083/1462/476 1082/2591/572 1070/1463/477
f 1084/1465/465 1085/1468/465 1064/1466/465
f 1085/1468/489 1083/1462/476 1071/1464/478
f 1070/1463/477 1082/2591/572 1059/1469/491
f 1093/1477/420 1094/1487/434 1096/1478/421
f 1095/1479/470 1096/1478/421 1104/1480/423
f 1097/1482/425 1099/1485/492 1100/1483/426
f 1099/1485/492 1101/1504/452 1102/1486/429
f 1102/1486/429 1101/1504/452 1103/1481/424
f 1098/1484/427 1100/1483/426 1089/1475/493
f 1100/1483/426 1102/1486/429 1090/1474/432
f 1102/1486/429 1104/1480/423 1091/1472/494
f 1096/1478/421 1092/1470/435 1091/1472/494
f 1094/1487/434 1087/1473/569 1092/1470/435
f 1116/1488/436 1118/1491/439 1119/1489/471
f 1118/1491/439 1126/1498/446 1127/1492/440
f 1123/1493/441 1122/1497/495 1120/1494/442
f 1125/1496/444 1124/1499/496 1122/1497/495
f 1125/1496/444 1127/1492/440 1126/1498/446
f 1121/1495/443 1111/1514/570 1112/1500/482
f 1123/1493/441 1112/1500/482 1113/1501/483
f 1125/1496/444 1113/1501/483 1114/1502/450
f 1114/1502/450 1115/1503/451 1119/1489/471
f 1115/1503/451 1110/1513/571 1117/1490/438
f 1118/1491/439 1116/1488/436 1093/1477/420
f 1126/1498/446 1118/1491/439 1095/1479/470
f 1124/1499/496 1126/1498/446 1103/1481/424
f 1099/1485/492 1122/1497/495 1124/1499/496
f 1120/1494/442 1122/1497/495 1099/1485/492
f 1093/1505/497 1105/1522/469 1106/1506/498
f 1087/1508/456 1108/1511/456 1107/1509/456
f 1094/1507/455 1106/1506/498 1108/1511/486
f 1129/1515/476 1128/2592/573 1116/1516/500
f 1130/1518/465 1131/1521/465 1110/1519/465
f 1131/1521/489 1129/1515/476 1117/1517/464
f 1116/1516/500 1128/2592/573 1105/1522/469
f 1133/1523/502 1135/2593/502 1134/1524/502
f 1136/1526/503 1137/1529/504 1153/1527/504
f 1137/1529/504 1138/1532/505 1154/1530/505
f 1139/1531/506 1155/1534/506 1154/1530/505
f 1139/1531/506 1140/1535/508 1156/1533/507
f 1140/1535/508 1141/1538/509 1157/1536/509
f 1142/1537/510 1158/1540/510 1157/1536/509
f 1143/1539/459 1159/1542/459 1158/1540/510
f 1143/1539/459 1144/1543/511 1160/1541/511
f 1144/1543/511 1145/1546/512 1161/1544/512
f 1146/1545/513 1162/1548/513 1161/1544/512
f 1146/1545/513 1147/2594/514 1163/1547/514
f 1148/1549/515 1164/1553/515 1163/1550/514
f 1149/1552/516 1165/1555/516 1164/1553/515
f 1150/1554/517 1166/1557/517 1165/1555/516
f 1150/1554/517 1151/1558/418 1167/1556/518
f 1151/1558/418 1136/1526/503 1152/1528/503
f 1170/1574/520 1186/1578/520 1185/1575/521
f 1171/1577/522 1187/2595/522 1186/1578/520
f 1172/1579/523 1188/1583/525 1187/1580/522
f 1173/1582/524 1189/1585/524 1188/1583/525
f 1174/1584/526 1190/1587/526 1189/1585/524
f 1175/1586/527 1191/1589/527 1190/1587/526
f 1176/1588/460 1192/1591/459 1191/1589/527
f 1177/1590/528 1193/1593/528 1192/1591/459
f 1178/1592/529 1194/1595/529 1193/1593/528
f 1179/1594/530 1195/1597/530 1194/1595/529
f 1180/1596/531 1196/1599/531 1195/1597/530
f 1181/1598/532 1197/1601/532 1196/1599/531
f 1182/1600/533 1198/1603/533 1197/1601/532
f 1183/1602/534 1199/1605/534 1198/1603/533
f 1184/1604/418 1200/1606/418 1199/1605/534
f 1169/1576/521 1185/1575/521 1200/1606/418
f 1204/1637/520 1220/1641/520 1219/1638/521
f 1205/1640/522 1221/2596/522 1220/1641/520
f 1206/1642/523 1222/1646/525 1221/1643/522
f 1207/1645/524 1223/1648/524 1222/1646/525
f 1208/1647/526 1224/1650/526 1223/1648/524
f 1209/1649/527 1225/1652/527 1224/1650/526
f 1210/1651/459 1226/1654/460 1225/1652/527
f 1211/1653/528 1227/1656/528 1226/1654/460
f 1212/1655/529 1228/1658/529 1227/1656/528
f 1213/1657/530 1229/1660/530 1228/1658/529
f 1214/1659/531 1230/1662/531 1229/1660/530
f 1215/1661/532 1231/1664/532 1230/1662/531
f 1216/1663/533 1232/1666/533 1231/1664/532
f 1217/1665/534 1233/1668/534 1232/1666/533
f 1218/1667/418 1234/1669/418 1233/1668/534
f 1203/1639/521 1219/1638/521 1234/1669/418
f 1237/1700/535 1238/1713/535 1240/1701/535
f 1237/1700/536 1241/1707/536 1242/1703/536
f 1239/1702/537 1240/1715/537 1244/1705/537
f 1241/1707/538 1243/1706/538 1244/1708/538
f 1237/1700/539 1239/1702/539 1243/1706/539
f 1242/1709/126 1244/1708/126 1133/1710/126
f 1135/1712/125 1240/1701/125 1238/1713/125
f 1240/1715/518 1135/2597/518 1133/1716/518
f 1238/1704/460 1242/1703/459 1132/1717/459
f 1246/1719/253 1248/1722/253 1247/1720/253
f 1248/1722/126 1250/1725/126 1249/1723/126
f 1250/1725/255 1252/1728/255 1251/1726/255
f 1252/1728/125 1246/1719/125 1245/1729/125
f 1252/1728/259 1250/1725/259 1248/1722/259
f 1245/1731/260 1247/2598/260 1249/1727/260
f 1260/1739/134 1261/1749/148 1263/1740/135
f 1262/1741/136 1263/1740/135 1271/1742/137
f 1264/1744/183 1266/1747/142 1267/1745/140
f 1266/1747/142 1268/1766/166 1269/1748/143
f 1269/1748/143 1268/1766/166 1270/1743/138
f 1265/1746/141 1267/1745/140 1256/1737/184
f 1267/1745/140 1269/1748/143 1257/1736/146
f 1269/1748/143 1271/1742/137 1258/1734/147
f 1263/1740/135 1259/1732/149 1258/1734/147
f 1261/1749/148 1254/1735/559 1259/1732/149
f 1283/1750/150 1285/1753/153 1286/1751/151
f 1285/1753/153 1293/1760/160 1294/1754/154
f 1290/1755/155 1289/1759/159 1287/1756/156
f 1292/1758/158 1291/1761/161 1289/1759/159
f 1292/1758/158 1294/1754/154 1293/1760/160
f 1288/1757/157 1278/1776/560 1279/1762/187
f 1290/1755/155 1279/1762/187 1280/1763/188
f 1292/1758/158 1280/1763/188 1281/1764/540
f 1281/1764/540 1282/1765/165 1286/1751/151
f 1282/1765/165 1277/1775/561 1284/1752/152
f 1285/1753/153 1283/1750/150 1260/1739/134
f 1293/1760/160 1285/1753/153 1262/1741/136
f 1268/1766/166 1291/1761/161 1293/1760/160
f 1289/1759/159 1291/1761/161 1268/1766/166
f 1264/1744/183 1287/1756/156 1289/1759/159
f 1260/1767/190 1272/1785/195 1273/1768/209
f 1254/1770/170 1275/1773/170 1274/1771/170
f 1261/1769/169 1273/1768/209 1275/1773/171
f 1296/1777/192 1295/1784/181 1283/1778/541
f 1297/1780/178 1298/1783/203 1277/1781/203
f 1298/1783/205 1296/1777/192 1284/1779/177
f 1260/1767/190 1283/1778/541 1295/1784/181
f 1306/1793/134 1307/1803/148 1309/1794/135
f 1308/1795/136 1309/1794/135 1317/1796/137
f 1310/1798/183 1312/1801/142 1313/1799/140
f 1312/1801/142 1314/1820/166 1315/1802/143
f 1315/1802/143 1314/1820/166 1316/1797/138
f 1311/1800/141 1313/1799/140 1302/1791/184
f 1313/1799/140 1315/1802/143 1303/1790/146
f 1315/1802/143 1317/1796/137 1304/1788/147
f 1309/1794/135 1305/1786/149 1304/1788/147
f 1307/1803/148 1300/1789/559 1305/1786/149
f 1329/1804/150 1331/1807/153 1332/1805/151
f 1331/1807/153 1339/1814/160 1340/1808/154
f 1336/1809/155 1335/1813/159 1333/1810/156
f 1338/1812/158 1337/1815/161 1335/1813/159
f 1338/1812/158 1340/1808/154 1339/1814/160
f 1334/1811/157 1324/1830/560 1325/1816/187
f 1336/1809/155 1325/1816/187 1326/1817/188
f 1338/1812/158 1326/1817/188 1327/1818/540
f 1327/1818/540 1328/1819/165 1332/1805/151
f 1328/1819/165 1323/1829/561 1330/1806/152
f 1331/1807/153 1329/1804/150 1306/1793/134
f 1316/1797/138 1339/1814/160 1331/1807/153
f 1314/1820/166 1337/1815/161 1339/1814/160
f 1335/1813/159 1337/1815/161 1314/1820/166
f 1310/1798/183 1333/1810/156 1335/1813/159
f 1306/1821/542 1318/1839/544 1319/1822/209
f 1300/1824/170 1321/1827/170 1320/1825/170
f 1307/1823/169 1319/1822/209 1321/1827/171
f 1342/1831/192 1341/1838/543 1329/1832/541
f 1343/1834/178 1344/1837/203 1323/1835/178
f 1344/1837/205 1342/1831/192 1330/1833/177
f 1306/1821/542 1329/1832/541 1341/1838/543
f 1352/1847/134 1353/1857/148 1355/1848/135
f 1354/1849/136 1355/1848/135 1363/1850/137
f 1356/1852/183 1358/1855/142 1359/1853/140
f 1358/1855/142 1360/1874/166 1361/1856/143
f 1361/1856/143 1360/1874/166 1362/1851/138
f 1357/1854/141 1359/1853/140 1348/1845/184
f 1359/1853/140 1361/1856/143 1349/1844/146
f 1361/1856/143 1363/1850/137 1350/1842/147
f 1355/1848/135 1351/1840/149 1350/1842/147
f 1353/1857/148 1346/1843/559 1351/1840/149
f 1375/1858/150 1377/1861/153 1378/1859/151
f 1377/1861/153 1385/1868/160 1386/1862/154
f 1382/1863/155 1381/1867/159 1379/1864/156
f 1384/1866/158 1383/1869/161 1381/1867/159
f 1384/1866/158 1386/1862/154 1385/1868/160
f 1380/1865/157 1370/1884/560 1371/1870/187
f 1382/1863/155 1371/1870/187 1372/1871/188
f 1384/1866/158 1372/1871/188 1373/1872/164
f 1373/1872/164 1374/1873/165 1378/1859/151
f 1374/1873/165 1369/1883/561 1376/1860/152
f 1377/1861/153 1375/1858/150 1352/1847/134
f 1385/1868/160 1377/1861/153 1354/1849/136
f 1360/1874/166 1383/1869/161 1385/1868/160
f 1381/1867/159 1383/1869/161 1360/1874/166
f 1356/1852/183 1379/1864/156 1381/1867/159
f 1352/1875/190 1364/1893/550 1365/1876/209
f 1346/1878/545 1367/1881/545 1366/1879/545
f 1353/1877/169 1365/1876/209 1367/1881/546
f 1388/1885/192 1387/1892/549 1375/1886/547
f 1389/1888/203 1390/1891/203 1369/1889/203
f 1390/1891/548 1388/1885/192 1376/1887/177
f 1352/1875/190 1375/1886/547 1387/1892/549
f 1398/1901/134 1399/1911/148 1401/1902/135
f 1400/1903/136 1401/1902/135 1409/1904/137
f 1402/1906/183 1404/1909/142 1405/1907/140
f 1404/1909/142 1406/1928/189 1407/1910/143
f 1407/1910/143 1406/1928/189 1408/1905/138
f 1403/1908/141 1405/1907/140 1394/1899/184
f 1405/1907/140 1407/1910/143 1395/1898/186
f 1407/1910/143 1409/1904/137 1396/1896/147
f 1401/1902/135 1397/1894/149 1396/1896/147
f 1399/1911/148 1392/1897/559 1397/1894/149
f 1421/1912/150 1423/1915/153 1424/1913/151
f 1423/1915/153 1431/1922/160 1432/1916/154
f 1428/1917/155 1427/1921/159 1425/1918/156
f 1430/1920/158 1429/1923/161 1427/1921/159
f 1430/1920/158 1432/1916/154 1431/1922/160
f 1426/1919/157 1416/1938/560 1417/1924/187
f 1428/1917/155 1417/1924/187 1418/1925/188
f 1430/1920/158 1418/1925/188 1419/1926/164
f 1419/1926/164 1420/1927/165 1424/1913/151
f 1420/1927/165 1415/1937/561 1422/1914/152
f 1423/1915/153 1421/1912/150 1398/1901/134
f 1431/1922/160 1423/1915/153 1400/1903/136
f 1406/1928/189 1429/1923/161 1431/1922/160
f 1427/1921/159 1429/1923/161 1406/1928/189
f 1402/1906/183 1425/1918/156 1427/1921/159
f 1398/1929/190 1410/1947/550 1411/1930/209
f 1392/1932/170 1413/1935/170 1412/1933/545
f 1399/1931/169 1411/1930/209 1413/1935/171
f 1434/1939/192 1433/1946/549 1421/1940/541
f 1435/1942/203 1436/1945/178 1415/1943/178
f 1436/1945/205 1434/1939/192 1422/1941/177
f 1398/1929/190 1421/1940/541 1433/1946/549
f 1438/1948/216 1440/2599/216 1439/1949/216
f 1441/1951/217 1442/1954/218 1458/1952/218
f 1442/1954/218 1443/1956/219 1459/1955/219
f 1443/1956/219 1444/1959/220 1460/1957/220
f 1445/1958/221 1461/1961/221 1460/1957/220
f 1445/1958/221 1446/1962/222 1462/1960/222
f 1446/1962/222 1447/1964/223 1463/1963/223
f 1447/1964/223 1448/1967/173 1464/1965/173
f 1449/1966/224 1465/1969/224 1464/1965/173
f 1449/1966/224 1450/1971/225 1466/1968/225
f 1451/1970/226 1467/1973/226 1466/1968/225
f 1451/1970/226 1452/2600/227 1468/1972/227
f 1453/1974/228 1469/1978/228 1468/1975/227
f 1454/1977/229 1470/1980/229 1469/1978/228
f 1455/1979/230 1471/1982/230 1470/1980/229
f 1455/1979/230 1456/1983/133 1472/1981/133
f 1441/1951/217 1457/1953/217 1472/1981/133
f 1475/1999/232 1491/2003/232 1490/2000/233
f 1476/2002/234 1492/2049/234 1491/2003/232
f 1477/2004/235 1493/2008/235 1492/2005/234
f 1478/2007/236 1494/2010/236 1493/2008/235
f 1479/2009/237 1495/2012/237 1494/2010/236
f 1480/2011/238 1496/2014/239 1495/2012/237
f 1481/2013/173 1497/2016/173 1496/2014/239
f 1482/2015/240 1498/2018/240 1497/2016/173
f 1483/2017/241 1499/2020/241 1498/2018/240
f 1484/2019/242 1500/2022/242 1499/2020/241
f 1485/2021/243 1501/2024/243 1500/2022/242
f 1486/2023/244 1502/2026/244 1501/2024/243
f 1487/2025/245 1503/2028/245 1502/2026/244
f 1488/2027/246 1504/2030/247 1503/2028/245
f 1489/2029/133 1505/2031/133 1504/2030/247
f 1474/2001/233 1490/2000/233 1505/2031/133
f 1509/2063/232 1525/2067/232 1524/2064/233
f 1510/2066/234 1526/2113/234 1525/2067/232
f 1511/2068/235 1527/2072/235 1526/2069/234
f 1512/2071/236 1528/2074/236 1527/2072/235
f 1513/2073/237 1529/2076/237 1528/2074/236
f 1514/2075/238 1530/2078/239 1529/2076/237
f 1515/2077/173 1531/2080/173 1530/2078/239
f 1516/2079/240 1532/2082/240 1531/2080/173
f 1517/2081/241 1533/2084/241 1532/2082/240
f 1518/2083/242 1534/2086/242 1533/2084/241
f 1519/2085/243 1535/2088/243 1534/2086/242
f 1520/2087/244 1536/2090/244 1535/2088/243
f 1521/2089/245 1537/2092/245 1536/2090/244
f 1522/2091/246 1538/2094/246 1537/2092/245
f 1523/2093/133 1539/2095/133 1538/2094/246
f 1508/2065/233 1524/2064/233 1539/2095/133
f 1542/2127/551 1543/2140/551 1545/2128/248
f 1542/2127/249 1546/2134/249 1547/2130/249
f 1544/2129/250 1545/2143/250 1549/2132/250
f 1546/2134/251 1548/2133/251 1549/2135/251
f 1544/2129/252 1548/2133/252 1546/2134/252
f 1547/2136/126 1549/2135/126 1438/2137/126
f 1440/2139/125 1545/2128/125 1543/2140/125
f 1440/2142/133 1438/2601/133 1549/2132/133
f 1543/2131/173 1547/2130/173 1437/2144/173
f 1557/2153/134 1558/2163/148 1560/2154/135
f 1559/2155/136 1560/2154/135 1568/2156/137
f 1561/2158/183 1563/2161/142 1564/2159/140
f 1563/2161/142 1565/2180/166 1566/2162/143
f 1566/2162/143 1565/2180/166 1567/2157/138
f 1562/2160/141 1564/2159/140 1553/2151/184
f 1564/2159/140 1566/2162/143 1554/2150/146
f 1566/2162/143 1568/2156/137 1555/2148/147
f 1560/2154/135 1556/2146/149 1555/2148/147
f 1558/2163/148 1551/2149/390 1556/2146/149
f 1580/2164/150 1582/2167/153 1583/2165/151
f 1582/2167/153 1590/2174/553 1591/2168/154
f 1587/2169/155 1586/2173/159 1584/2170/156
f 1589/2172/158 1588/2175/554 1586/2173/159
f 1589/2172/158 1591/2168/154 1590/2174/553
f 1585/2171/157 1575/2190/560 1576/2176/187
f 1587/2169/155 1576/2176/187 1577/2177/163
f 1589/2172/158 1577/2177/163 1578/2178/540
f 1578/2178/540 1579/2179/165 1583/2165/151
f 1579/2179/165 1574/2189/561 1581/2166/552
f 1582/2167/153 1580/2164/150 1557/2153/134
f 1590/2174/553 1582/2167/153 1559/2155/136
f 1565/2180/166 1588/2175/554 1590/2174/553
f 1586/2173/159 1588/2175/554 1565/2180/166
f 1561/2158/183 1584/2170/156 1586/2173/159
f 1557/2181/190 1569/2199/195 1570/2182/209
f 1551/2184/170 1572/2187/170 1571/2185/170
f 1558/2183/169 1570/2182/209 1572/2187/201
f 1593/2191/192 1592/2198/181 1580/2192/541
f 1594/2194/178 1595/2197/203 1574/2195/178
f 1595/2197/205 1593/2191/192 1581/2193/177
f 1557/2181/190 1580/2192/541 1592/2198/181
f 1603/2207/134 1604/2217/148 1606/2208/135
f 1605/2209/136 1606/2208/135 1614/2210/137
f 1607/2212/139 1609/2215/142 1610/2213/140
f 1609/2215/142 1611/2234/166 1612/2216/143
f 1612/2216/143 1611/2234/166 1613/2211/138
f 1608/2214/196 1610/2213/140 1599/2205/184
f 1610/2213/140 1612/2216/143 1600/2204/146
f 1612/2216/143 1614/2210/137 1601/2202/147
f 1606/2208/135 1602/2200/149 1601/2202/147
f 1604/2217/148 1597/2203/390 1602/2200/149
f 1626/2218/150 1628/2221/153 1629/2219/151
f 1628/2221/153 1636/2228/160 1637/2222/154
f 1633/2223/155 1632/2227/159 1630/2224/156
f 1635/2226/158 1634/2229/554 1632/2227/159
f 1635/2226/158 1637/2222/154 1636/2228/160
f 1631/2225/157 1621/2244/560 1622/2230/187
f 1633/2223/155 1622/2230/187 1623/2231/163
f 1635/2226/158 1623/2231/163 1624/2232/540
f 1624/2232/540 1625/2233/165 1629/2219/151
f 1625/2233/165 1620/2243/561 1627/2220/152
f 1628/2221/153 1626/2218/150 1603/2207/134
f 1636/2228/160 1628/2221/153 1605/2209/136
f 1611/2234/166 1634/2229/554 1636/2228/160
f 1632/2227/159 1634/2229/554 1611/2234/166
f 1607/2212/139 1630/2224/156 1632/2227/159
f 1603/2235/542 1615/2253/195 1616/2236/191
f 1597/2238/170 1618/2241/170 1617/2239/170
f 1604/2237/169 1616/2236/191 1618/2241/201
f 1639/2245/192 1638/2252/543 1626/2246/541
f 1640/2248/178 1641/2251/203 1620/2249/178
f 1641/2251/205 1639/2245/192 1627/2247/177
f 1603/2235/542 1626/2246/541 1638/2252/543
f 1649/2261/134 1650/2271/148 1652/2262/135
f 1651/2263/136 1652/2262/135 1660/2264/137
f 1653/2266/139 1655/2269/142 1656/2267/140
f 1655/2269/142 1657/2288/189 1658/2270/143
f 1658/2270/143 1657/2288/189 1659/2265/138
f 1654/2268/141 1656/2267/140 1645/2259/184
f 1656/2267/140 1658/2270/143 1646/2258/146
f 1658/2270/143 1660/2264/137 1647/2256/147
f 1652/2262/135 1648/2254/149 1647/2256/147
f 1650/2271/148 1643/2257/390 1648/2254/149
f 1672/2272/150 1674/2275/153 1675/2273/151
f 1674/2275/153 1682/2282/160 1683/2276/154
f 1679/2277/155 1678/2281/159 1676/2278/156
f 1681/2280/158 1680/2283/161 1678/2281/159
f 1681/2280/158 1683/2276/154 1682/2282/160
f 1677/2279/157 1667/2298/560 1668/2284/187
f 1679/2277/155 1668/2284/187 1669/2285/188
f 1681/2280/158 1669/2285/188 1670/2286/164
f 1670/2286/164 1671/2287/165 1675/2273/151
f 1671/2287/165 1666/2297/561 1673/2274/152
f 1674/2275/153 1672/2272/150 1649/2261/134
f 1682/2282/160 1674/2275/153 1651/2263/136
f 1657/2288/189 1680/2283/161 1682/2282/160
f 1678/2281/159 1680/2283/161 1657/2288/189
f 1653/2266/139 1676/2278/156 1678/2281/159
f 1649/2289/190 1661/2307/550 1662/2290/209
f 1643/2292/545 1664/2295/545 1663/2293/545
f 1650/2291/169 1662/2290/209 1664/2295/546
f 1685/2299/192 1684/2306/555 1672/2300/541
f 1686/2302/203 1687/2305/203 1666/2303/203
f 1687/2305/548 1685/2299/192 1673/2301/177
f 1649/2289/190 1672/2300/541 1684/2306/555
f 1695/2315/134 1696/2325/148 1698/2316/135
f 1697/2317/136 1698/2316/135 1706/2318/137
f 1699/2320/139 1701/2323/142 1702/2321/140
f 1701/2323/142 1703/2342/189 1704/2324/143
f 1704/2324/143 1703/2342/189 1705/2319/138
f 1700/2322/141 1702/2321/140 1691/2313/184
f 1702/2321/140 1704/2324/143 1692/2312/186
f 1704/2324/143 1706/2318/137 1693/2310/147
f 1698/2316/135 1694/2308/149 1693/2310/147
f 1696/2325/148 1689/2311/390 1694/2308/149
f 1718/2326/150 1720/2329/153 1721/2327/151
f 1720/2329/153 1728/2336/160 1729/2330/154
f 1725/2331/155 1724/2335/159 1722/2332/156
f 1727/2334/158 1726/2337/554 1724/2335/159
f 1727/2334/158 1729/2330/154 1728/2336/160
f 1723/2333/157 1713/2352/560 1714/2338/187
f 1725/2331/155 1714/2338/187 1715/2339/188
f 1727/2334/158 1715/2339/188 1716/2340/164
f 1716/2340/164 1717/2341/165 1721/2327/151
f 1717/2341/165 1712/2351/561 1719/2328/152
f 1720/2329/153 1718/2326/150 1695/2315/134
f 1728/2336/160 1720/2329/153 1697/2317/136
f 1703/2342/189 1726/2337/554 1728/2336/160
f 1724/2335/159 1726/2337/554 1703/2342/189
f 1699/2320/139 1722/2332/156 1724/2335/159
f 1695/2343/190 1707/2361/550 1708/2344/209
f 1689/2346/170 1710/2349/170 1709/2347/545
f 1696/2345/169 1708/2344/209 1710/2349/171
f 1731/2353/192 1730/2360/181 1718/2354/541
f 1732/2356/203 1733/2359/178 1712/2357/178
f 1733/2359/205 1731/2353/192 1719/2355/177
f 1695/2343/190 1718/2354/541 1730/2360/181
f 1735/2362/216 1737/2602/216 1736/2363/216
f 1738/2365/217 1739/2368/218 1755/2366/218
f 1739/2368/218 1740/2371/219 1756/2369/219
f 1741/2370/220 1757/2373/220 1756/2369/219
f 1742/2372/221 1758/2375/221 1757/2373/220
f 1742/2372/221 1743/2376/222 1759/2374/222
f 1743/2376/222 1744/2378/223 1760/2377/223
f 1744/2378/223 1745/2381/173 1761/2379/173
f 1746/2380/224 1762/2383/224 1761/2379/173
f 1746/2380/224 1747/2385/225 1763/2382/225
f 1748/2384/226 1764/2387/226 1763/2382/225
f 1748/2384/226 1749/2603/227 1765/2386/227
f 1750/2388/228 1766/2392/228 1765/2389/227
f 1751/2391/229 1767/2394/229 1766/2392/228
f 1752/2393/230 1768/2396/230 1767/2394/229
f 1752/2393/230 1753/2397/133 1769/2395/133
f 1738/2365/217 1754/2367/217 1769/2395/133
f 1772/2413/232 1788/2417/232 1787/2414/233
f 1773/2416/234 1789/2463/234 1788/2417/232
f 1774/2418/235 1790/2422/235 1789/2419/234
f 1775/2421/236 1791/2424/236 1790/2422/235
f 1776/2423/237 1792/2426/237 1791/2424/236
f 1777/2425/238 1793/2428/239 1792/2426/237
f 1778/2427/173 1794/2430/173 1793/2428/239
f 1779/2429/240 1795/2432/240 1794/2430/173
f 1780/2431/241 1796/2434/241 1795/2432/240
f 1781/2433/242 1797/2436/242 1796/2434/241
f 1782/2435/243 1798/2438/243 1797/2436/242
f 1783/2437/244 1799/2440/244 1798/2438/243
f 1784/2439/245 1800/2442/245 1799/2440/244
f 1785/2441/246 1801/2444/247 1800/2442/245
f 1786/2443/133 1802/2445/133 1801/2444/247
f 1771/2415/233 1787/2414/233 1802/2445/133
f 1806/2477/232 1822/2481/232 1821/2478/233
f 1807/2480/234 1823/2527/234 1822/2481/232
f 1808/2482/235 1824/2486/235 1823/2483/234
f 1809/2485/236 1825/2488/236 1824/2486/235
f 1810/2487/237 1826/2490/237 1825/2488/236
f 1811/2489/238 1827/2492/239 1826/2490/237
f 1812/2491/173 1828/2494/173 1827/2492/239
f 1813/2493/240 1829/2496/240 1828/2494/173
f 1814/2495/241 1830/2498/241 1829/2496/240
f 1815/2497/242 1831/2500/242 1830/2498/241
f 1816/2499/243 1832/2502/243 1831/2500/242
f 1817/2501/244 1833/2504/244 1832/2502/243
f 1818/2503/245 1834/2506/245 1833/2504/244
f 1819/2505/246 1835/2508/246 1834/2506/245
f 1820/2507/133 1836/2509/133 1835/2508/246
f 1805/2479/233 1821/2478/233 1836/2509/133
f 1839/2541/248 1840/2554/551 1842/2542/248
f 1839/2541/249 1843/2548/249 1844/2544/249
f 1842/2546/250 1846/2557/250 1845/2547/250
f 1843/2548/251 1845/2547/251 1846/2549/251
f 1841/2543/252 1845/2547/252 1843/2548/252
f 1844/2550/126 1846/2549/126 1735/2551/126
f 1737/2553/125 1842/2542/125 1840/2554/125
f 1842/2546/133 1737/2604/133 1735/2556/133
f 1840/2545/173 1844/2544/173 1734/2558/173
