# Blender 5.1.2
# www.blender.org
mtllib oficina.mtl
o 01
v -0.450026 0.970416 -1.035108
v -0.449104 0.971758 -1.036450
v -0.484392 0.969969 -1.062136
v -0.484392 0.992029 -1.062136
v -0.484392 0.969969 -0.908140
v -0.484392 0.992029 -0.908140
v -0.444438 0.970416 -1.015795
v -0.443257 0.971758 -1.016701
v -0.441665 0.970416 -0.995467
v -0.440339 0.971758 -0.995788
v -0.441665 0.970416 -0.974809
v -0.440339 0.971758 -0.974489
v -0.444438 0.970416 -0.954482
v -0.443257 0.971758 -0.953576
v -0.450026 0.970416 -0.935168
v -0.449104 0.971758 -0.933826
v -0.458502 0.970416 -0.917612
v -0.457897 0.971758 -0.916033
v -0.472505 0.992029 -0.917277
v -0.462996 0.992029 -0.929332
v -0.455863 0.992029 -0.943655
v -0.451109 0.992029 -0.959600
v -0.448731 0.992029 -0.976517
v -0.448731 0.992029 -0.993759
v -0.451109 0.992029 -1.010676
v -0.455863 0.992029 -1.026621
v -0.462996 0.992029 -1.040945
v -0.472505 0.992029 -1.052999
v -0.472505 0.969969 -0.917277
v -0.462996 0.969969 -0.929332
v -0.455863 0.969969 -0.943655
v -0.451109 0.969969 -0.959600
v -0.448731 0.969969 -0.976517
v -0.448731 0.969969 -0.993759
v -0.451109 0.969969 -1.010676
v -0.455863 0.969969 -1.026621
v -0.462996 0.969969 -1.040945
v -0.472505 0.969969 -1.052999
v -0.469942 0.970416 -0.902642
v -0.469656 0.971758 -0.901010
v -0.484392 0.971758 -0.889630
v -0.484392 0.970416 -0.891322
v -0.449104 0.990240 -1.036450
v -0.450026 0.991581 -1.035108
v -0.443257 0.990240 -1.016701
v -0.444438 0.991581 -1.015795
v -0.440339 0.990240 -0.995788
v -0.441665 0.991581 -0.995467
v -0.484392 0.973469 -1.081210
v -0.484392 0.969969 -1.076796
v -0.484392 0.992029 -1.076796
v -0.484392 0.988529 -1.081210
v -0.484392 0.969969 -0.893481
v -0.484392 0.973469 -0.889066
v -0.484392 0.988529 -0.889066
v -0.484392 0.992029 -0.893481
v -0.470306 0.992029 -0.904724
v -0.469561 0.988529 -0.900466
v -0.459275 0.992029 -0.919627
v -0.457695 0.988529 -0.915507
v -0.451204 0.992029 -0.936880
v -0.448796 0.988529 -0.933379
v -0.445945 0.992029 -0.955638
v -0.442863 0.988529 -0.953274
v -0.443356 0.992029 -0.975218
v -0.439897 0.988529 -0.974382
v -0.443356 0.992029 -0.995058
v -0.439897 0.988529 -0.995894
v -0.445945 0.992029 -1.014638
v -0.442863 0.988529 -1.017003
v -0.451204 0.992029 -1.033396
v -0.448796 0.988529 -1.036897
v -0.457695 0.988529 -1.054769
v -0.459275 0.992029 -1.050650
v -0.469561 0.988529 -1.069810
v -0.470306 0.992029 -1.065552
v -0.470306 0.969969 -0.904724
v -0.469561 0.973469 -0.900466
v -0.459275 0.969969 -0.919627
v -0.457695 0.973469 -0.915507
v -0.451204 0.969969 -0.936880
v -0.448796 0.973469 -0.933379
v -0.445945 0.969969 -0.955638
v -0.442863 0.973469 -0.953274
v -0.443356 0.969969 -0.975218
v -0.439897 0.973469 -0.974382
v -0.443356 0.969969 -0.995058
v -0.439897 0.973469 -0.995894
v -0.445945 0.969969 -1.014638
v -0.442863 0.973469 -1.017003
v -0.451204 0.969969 -1.033396
v -0.448796 0.973469 -1.036897
v -0.457695 0.973469 -1.054769
v -0.459275 0.969969 -1.050650
v -0.469561 0.973469 -1.069810
v -0.470306 0.969969 -1.065552
v -0.469656 0.990240 -1.069266
v -0.469942 0.991581 -1.067635
v -0.484392 0.991581 -1.078954
v -0.484392 0.990240 -1.080646
v -0.484392 0.971758 -1.080646
v -0.484392 0.970416 -1.078954
v -0.469942 0.970416 -1.067635
v -0.469656 0.971758 -1.069266
v -0.457897 0.990240 -1.054243
v -0.458502 0.991581 -1.052664
v -0.458502 0.970416 -1.052664
v -0.457897 0.971758 -1.054243
v -0.469942 0.991581 -0.902642
v -0.469656 0.990240 -0.901010
v -0.484392 0.990240 -0.889630
v -0.484392 0.991581 -0.891322
v -0.458502 0.991581 -0.917612
v -0.457897 0.990240 -0.916033
v -0.450026 0.991581 -0.935168
v -0.449104 0.990240 -0.933826
v -0.444438 0.991581 -0.954482
v -0.443257 0.990240 -0.953576
v -0.441665 0.991581 -0.974809
v -0.440339 0.990240 -0.974489
v -0.481934 0.976569 -1.079321
v -0.481934 0.985429 -1.079321
v -0.472018 0.985429 -1.071699
v -0.472018 0.976569 -1.071699
v -0.481934 0.976569 -0.890955
v -0.481934 0.985429 -0.890955
v -0.472018 0.985429 -0.898577
v -0.472018 0.976569 -0.898577
v -0.487663 0.976569 -1.071868
v -0.487663 0.985429 -1.071868
v -0.477747 0.985429 -1.064246
v -0.477747 0.976569 -1.064246
v -0.487663 0.976569 -0.898408
v -0.487663 0.985429 -0.898408
v -0.477747 0.985429 -0.906030
v -0.477747 0.976569 -0.906030
v -0.450026 0.752082 -1.035108
v -0.449104 0.753423 -1.036450
v -0.484392 0.751635 -1.062136
v -0.484392 0.773694 -1.062136
v -0.484392 0.751635 -0.908140
v -0.484392 0.773694 -0.908140
v -0.444438 0.752082 -1.015795
v -0.443257 0.753423 -1.016701
v -0.441665 0.752082 -0.995467
v -0.440339 0.753423 -0.995788
v -0.441665 0.752082 -0.974809
v -0.440339 0.753423 -0.974489
v -0.444438 0.752082 -0.954482
v -0.443257 0.753423 -0.953576
v -0.450026 0.752082 -0.935168
v -0.449104 0.753423 -0.933826
v -0.458502 0.752082 -0.917612
v -0.457897 0.753423 -0.916033
v -0.472505 0.773694 -0.917277
v -0.462996 0.773694 -0.929332
v -0.455863 0.773694 -0.943655
v -0.451109 0.773694 -0.959600
v -0.448731 0.773694 -0.976517
v -0.448731 0.773694 -0.993759
v -0.451109 0.773694 -1.010676
v -0.455863 0.773694 -1.026621
v -0.462996 0.773694 -1.040945
v -0.472505 0.773694 -1.052999
v -0.472505 0.751635 -0.917277
v -0.462996 0.751635 -0.929332
v -0.455863 0.751635 -0.943655
v -0.451109 0.751635 -0.959600
v -0.448731 0.751635 -0.976517
v -0.448731 0.751635 -0.993759
v -0.451109 0.751635 -1.010676
v -0.455863 0.751635 -1.026621
v -0.462996 0.751635 -1.040945
v -0.472505 0.751635 -1.052999
v -0.469942 0.752082 -0.902642
v -0.469656 0.753423 -0.901010
v -0.484392 0.753423 -0.889630
v -0.484392 0.752082 -0.891322
v -0.449104 0.771906 -1.036450
v -0.450026 0.773247 -1.035108
v -0.443257 0.771906 -1.016701
v -0.444438 0.773247 -1.015795
v -0.440339 0.771906 -0.995788
v -0.441665 0.773247 -0.995467
v -0.484392 0.755135 -1.081210
v -0.484392 0.751635 -1.076796
v -0.484392 0.773694 -1.076796
v -0.484392 0.770194 -1.081210
v -0.484392 0.751635 -0.893481
v -0.484392 0.755135 -0.889066
v -0.484392 0.770194 -0.889066
v -0.484392 0.773694 -0.893481
v -0.470306 0.773694 -0.904724
v -0.469561 0.770194 -0.900466
v -0.459275 0.773694 -0.919627
v -0.457695 0.770194 -0.915507
v -0.451204 0.773694 -0.936880
v -0.448796 0.770194 -0.933379
v -0.445945 0.773694 -0.955638
v -0.442863 0.770194 -0.953274
v -0.443356 0.773694 -0.975218
v -0.439897 0.770194 -0.974382
v -0.443356 0.773694 -0.995058
v -0.439897 0.770194 -0.995894
v -0.445945 0.773694 -1.014638
v -0.442863 0.770194 -1.017003
v -0.451204 0.773694 -1.033396
v -0.448796 0.770194 -1.036897
v -0.457695 0.770194 -1.054769
v -0.459275 0.773694 -1.050650
v -0.469561 0.770194 -1.069810
v -0.470306 0.773694 -1.065552
v -0.470306 0.751635 -0.904724
v -0.469561 0.755135 -0.900466
v -0.459275 0.751635 -0.919627
v -0.457695 0.755135 -0.915507
v -0.451204 0.751635 -0.936880
v -0.448796 0.755135 -0.933379
v -0.445945 0.751635 -0.955638
v -0.442863 0.755135 -0.953274
v -0.443356 0.751635 -0.975218
v -0.439897 0.755135 -0.974382
v -0.443356 0.751635 -0.995058
v -0.439897 0.755135 -0.995894
v -0.445945 0.751635 -1.014638
v -0.442863 0.755135 -1.017003
v -0.451204 0.751635 -1.033396
v -0.448796 0.755135 -1.036897
v -0.457695 0.755135 -1.054769
v -0.459275 0.751635 -1.050650
v -0.469561 0.755135 -1.069810
v -0.470306 0.751635 -1.065552
v -0.469656 0.771906 -1.069266
v -0.469942 0.773247 -1.067635
v -0.484392 0.773247 -1.078954
v -0.484392 0.771906 -1.080646
v -0.484392 0.753423 -1.080646
v -0.484392 0.752082 -1.078954
v -0.469942 0.752082 -1.067635
v -0.469656 0.753423 -1.069266
v -0.457897 0.771906 -1.054243
v -0.458502 0.773247 -1.052664
v -0.458502 0.752082 -1.052664
v -0.457897 0.753423 -1.054243
v -0.469942 0.773247 -0.902642
v -0.469656 0.771906 -0.901010
v -0.484392 0.771906 -0.889630
v -0.484392 0.773247 -0.891322
v -0.458502 0.773247 -0.917612
v -0.457897 0.771906 -0.916033
v -0.450026 0.773247 -0.935168
v -0.449104 0.771906 -0.933826
v -0.444438 0.773247 -0.954482
v -0.443257 0.771906 -0.953576
v -0.441665 0.773247 -0.974809
v -0.440339 0.771906 -0.974489
v -0.481934 0.758235 -1.079321
v -0.481934 0.767094 -1.079321
v -0.472018 0.767094 -1.071699
v -0.472018 0.758235 -1.071699
v -0.481934 0.758235 -0.890955
v -0.481934 0.767094 -0.890955
v -0.472018 0.767094 -0.898577
v -0.472018 0.758235 -0.898577
v -0.487663 0.758235 -1.071868
v -0.487663 0.767094 -1.071868
v -0.477747 0.767094 -1.064246
v -0.477747 0.758235 -1.064246
v -0.487663 0.758235 -0.898408
v -0.487663 0.767094 -0.898408
v -0.477747 0.767094 -0.906030
v -0.477747 0.758235 -0.906030
v -0.450026 0.517487 -1.035108
v -0.449104 0.518828 -1.036450
v -0.484392 0.517040 -1.062136
v -0.484392 0.539099 -1.062136
v -0.484392 0.517040 -0.908140
v -0.484392 0.539099 -0.908140
v -0.444438 0.517487 -1.015795
v -0.443257 0.518828 -1.016701
v -0.441665 0.517487 -0.995467
v -0.440339 0.518828 -0.995788
v -0.441665 0.517487 -0.974809
v -0.440339 0.518828 -0.974489
v -0.444438 0.517487 -0.954482
v -0.443257 0.518828 -0.953576
v -0.450026 0.517487 -0.935168
v -0.449104 0.518828 -0.933826
v -0.458502 0.517487 -0.917612
v -0.457897 0.518828 -0.916033
v -0.472505 0.539099 -0.917277
v -0.462996 0.539099 -0.929332
v -0.455863 0.539099 -0.943655
v -0.451109 0.539099 -0.959600
v -0.448731 0.539099 -0.976517
v -0.448731 0.539099 -0.993759
v -0.451109 0.539099 -1.010676
v -0.455863 0.539099 -1.026621
v -0.462996 0.539099 -1.040945
v -0.472505 0.539099 -1.052999
v -0.472505 0.517040 -0.917277
v -0.462996 0.517040 -0.929331
v -0.455863 0.517040 -0.943655
v -0.451109 0.517040 -0.959600
v -0.448731 0.517040 -0.976517
v -0.448731 0.517040 -0.993759
v -0.451109 0.517040 -1.010676
v -0.455863 0.517040 -1.026621
v -0.462996 0.517040 -1.040945
v -0.472505 0.517040 -1.052999
v -0.469942 0.517487 -0.902642
v -0.469656 0.518828 -0.901010
v -0.484392 0.518828 -0.889630
v -0.484392 0.517487 -0.891322
v -0.449104 0.537311 -1.036450
v -0.450026 0.538652 -1.035108
v -0.443257 0.537311 -1.016701
v -0.444438 0.538652 -1.015795
v -0.440339 0.537311 -0.995788
v -0.441665 0.538652 -0.995467
v -0.484392 0.520540 -1.081210
v -0.484392 0.517040 -1.076796
v -0.484392 0.539099 -1.076796
v -0.484392 0.535599 -1.081210
v -0.484392 0.517040 -0.893481
v -0.484392 0.520540 -0.889066
v -0.484392 0.535599 -0.889066
v -0.484392 0.539099 -0.893481
v -0.470306 0.539099 -0.904724
v -0.469561 0.535599 -0.900466
v -0.459275 0.539099 -0.919627
v -0.457695 0.535599 -0.915507
v -0.451204 0.539099 -0.936880
v -0.448796 0.535599 -0.933379
v -0.445945 0.539099 -0.955638
v -0.442863 0.535599 -0.953274
v -0.443356 0.539099 -0.975218
v -0.439897 0.535599 -0.974382
v -0.443356 0.539099 -0.995058
v -0.439897 0.535599 -0.995894
v -0.445945 0.539099 -1.014638
v -0.442863 0.535599 -1.017003
v -0.451204 0.539099 -1.033396
v -0.448796 0.535599 -1.036897
v -0.457695 0.535599 -1.054769
v -0.459275 0.539099 -1.050650
v -0.469561 0.535599 -1.069810
v -0.470306 0.539099 -1.065552
v -0.470306 0.517040 -0.904724
v -0.469561 0.520540 -0.900466
v -0.459275 0.517040 -0.919627
v -0.457695 0.520540 -0.915507
v -0.451204 0.517040 -0.936880
v -0.448796 0.520540 -0.933379
v -0.445945 0.517040 -0.955638
v -0.442863 0.520540 -0.953274
v -0.443356 0.517040 -0.975218
v -0.439897 0.520540 -0.974382
v -0.443356 0.517040 -0.995058
v -0.439897 0.520540 -0.995894
v -0.445945 0.517040 -1.014638
v -0.442863 0.520540 -1.017003
v -0.451204 0.517040 -1.033396
v -0.448796 0.520540 -1.036897
v -0.457695 0.520540 -1.054769
v -0.459275 0.517040 -1.050650
v -0.469561 0.520540 -1.069810
v -0.470306 0.517040 -1.065552
v -0.469656 0.537311 -1.069266
v -0.469942 0.538652 -1.067635
v -0.484392 0.538652 -1.078954
v -0.484392 0.537311 -1.080646
v -0.484392 0.518828 -1.080646
v -0.484392 0.517487 -1.078954
v -0.469942 0.517487 -1.067635
v -0.469656 0.518828 -1.069266
v -0.457897 0.537311 -1.054243
v -0.458502 0.538652 -1.052664
v -0.458502 0.517487 -1.052664
v -0.457897 0.518828 -1.054243
v -0.469942 0.538652 -0.902642
v -0.469656 0.537311 -0.901010
v -0.484392 0.537311 -0.889630
v -0.484392 0.538652 -0.891322
v -0.458502 0.538652 -0.917612
v -0.457897 0.537311 -0.916033
v -0.450026 0.538652 -0.935168
v -0.449104 0.537311 -0.933826
v -0.444438 0.538652 -0.954482
v -0.443257 0.537311 -0.953576
v -0.441665 0.538652 -0.974809
v -0.440339 0.537311 -0.974489
v -0.481934 0.523640 -1.079321
v -0.481934 0.532499 -1.079321
v -0.472018 0.532499 -1.071699
v -0.472018 0.523640 -1.071699
v -0.481934 0.523640 -0.890955
v -0.481934 0.532499 -0.890955
v -0.472018 0.532499 -0.898577
v -0.472018 0.523640 -0.898577
v -0.487663 0.523640 -1.071868
v -0.487663 0.532499 -1.071868
v -0.477747 0.532499 -1.064246
v -0.477747 0.523640 -1.064246
v -0.487663 0.523640 -0.898408
v -0.487663 0.532499 -0.898408
v -0.477747 0.532499 -0.906030
v -0.477747 0.523640 -0.906030
v 1.293345 0.001582 2.384107
v 1.293345 2.132268 2.384107
v 1.293345 2.132268 1.355013
v 1.293345 0.001582 1.355013
v 2.078214 0.001582 2.384107
v 2.078214 2.132268 2.384107
v 2.078214 2.132268 1.355013
v 2.078214 0.001582 1.355013
v 1.600340 0.234873 1.326078
v 1.586000 0.230690 1.325890
v 1.587514 0.226507 1.325910
v 1.591478 0.237458 1.325962
v 1.587514 0.234873 1.325910
v 1.596377 0.237458 1.326026
v 1.601854 0.230690 1.326098
v 1.596377 0.223921 1.326026
v 1.591478 0.223921 1.325962
v 1.315468 0.025342 1.360570
v 1.601854 0.230690 1.296485
v 1.600340 0.234873 1.296465
v 1.596377 0.223921 1.296413
v 1.586000 0.230690 1.296276
v 1.596377 0.237458 1.296413
v 1.587514 0.226507 1.296296
v 1.591478 0.223921 1.296348
v 1.600340 0.226507 1.296465
v 1.600340 0.226507 1.326078
v 1.596608 0.223921 1.288602
v 1.586413 0.230690 1.286665
v 1.596608 0.237458 1.288602
v 1.600502 0.226507 1.289341
v 1.601990 0.230690 1.289623
v 1.587901 0.226507 1.286948
v 1.591795 0.223921 1.287688
v 1.591795 0.237458 1.287688
v 1.591478 0.237458 1.296348
v 1.587514 0.234873 1.296296
v 1.587901 0.234873 1.286948
v 1.590894 0.230690 1.274179
v 1.599676 0.237650 1.280241
v 1.603030 0.226388 1.282557
v 1.604311 0.230690 1.283442
v 1.592175 0.226388 1.275063
v 1.595530 0.237650 1.277379
v 1.592175 0.234991 1.275063
v 1.600502 0.234873 1.289341
v 1.603030 0.234991 1.282557
v 1.607900 0.234991 1.278735
v 1.602089 0.226388 1.266893
v 1.606104 0.237650 1.275075
v 1.603885 0.237650 1.270552
v 1.602089 0.234991 1.266893
v 1.601403 0.230690 1.265495
v 1.603885 0.223729 1.270552
v 1.595530 0.223729 1.277379
v 1.599676 0.223729 1.280241
v 1.606104 0.223729 1.275075
v 1.607900 0.226388 1.278735
v 1.608586 0.230690 1.280132
v 1.780083 0.223922 1.325962
v 1.775184 0.223922 1.326026
v 1.784046 0.226507 1.325910
v 1.771221 0.226507 1.326078
v 1.771221 0.234873 1.326078
v 1.775184 0.237458 1.326026
v 1.780083 0.237458 1.325962
v 1.784046 0.234873 1.325910
v 1.785560 0.230690 1.325890
v 1.771221 0.234873 1.296465
v 1.775184 0.223922 1.296413
v 1.785560 0.230690 1.296276
v 1.775184 0.237458 1.296413
v 1.780083 0.223922 1.296348
v 1.784046 0.226507 1.296296
v 1.769707 0.230690 1.326098
v 1.771221 0.226507 1.296465
v 1.769707 0.230690 1.296485
v 1.774952 0.223922 1.288602
v 1.785147 0.230690 1.286665
v 1.774952 0.237458 1.288602
v 1.771058 0.226507 1.289341
v 1.779765 0.223922 1.287688
v 1.783660 0.226507 1.286948
v 1.784046 0.234873 1.296296
v 1.780083 0.237458 1.296348
v 1.779765 0.237458 1.287688
v 1.783660 0.234873 1.286948
v 1.780667 0.230690 1.274179
v 1.771884 0.237650 1.280241
v 1.767249 0.230690 1.283442
v 1.768530 0.226388 1.282557
v 1.779385 0.226388 1.275063
v 1.779385 0.234991 1.275063
v 1.776031 0.237650 1.277379
v 2.056092 0.025342 1.320797
v 1.771058 0.234873 1.289341
v 2.056092 0.025342 1.360570
v 1.769571 0.230690 1.289623
v 1.768530 0.234991 1.282557
v 1.763660 0.234991 1.278735
v 1.762974 0.230690 1.280132
v 1.769471 0.226388 1.266893
v 1.767675 0.237650 1.270552
v 1.765456 0.237650 1.275075
v 1.770157 0.230690 1.265495
v 1.769471 0.234991 1.266893
v 1.771884 0.223729 1.280241
v 1.776031 0.223729 1.277379
v 1.767675 0.223729 1.270552
v 1.765456 0.223729 1.275075
v 1.315468 0.436718 1.320797
v 1.756649 0.230690 1.263992
v 1.614912 0.230690 1.263992
v 1.756649 0.234991 1.265390
v 1.614912 0.234991 1.265390
v 1.756649 0.237650 1.269049
v 1.614912 0.237650 1.269049
v 1.756649 0.237650 1.273572
v 1.614912 0.237650 1.273572
v 1.756649 0.234991 1.277231
v 1.756649 0.230690 1.278629
v 1.614912 0.230690 1.278629
v 1.614912 0.234991 1.277231
v 1.315468 0.025342 1.320797
v 1.614912 0.226388 1.277231
v 1.756649 0.223729 1.273572
v 2.056092 0.436718 1.320797
v 1.614912 0.223729 1.273572
v 1.756649 0.223729 1.269049
v 1.756649 0.226388 1.265390
v 1.614912 0.226388 1.265390
v 1.614912 0.223729 1.269049
v 1.763660 0.226388 1.278735
v 1.756649 0.226388 1.277231
v 2.056092 0.436718 1.360570
v 1.315468 0.436718 1.360570
v 1.600340 1.904659 1.326078
v 1.586000 1.900476 1.325890
v 1.587514 1.896292 1.325910
v 1.591478 1.907244 1.325962
v 1.587514 1.904659 1.325910
v 1.596377 1.907244 1.326026
v 1.601854 1.900476 1.326098
v 1.596377 1.893707 1.326026
v 1.591478 1.893707 1.325962
v 1.315468 1.695128 1.360570
v 1.601854 1.900476 1.296484
v 1.600340 1.904659 1.296465
v 1.596377 1.893707 1.296413
v 1.586000 1.900476 1.296276
v 1.596377 1.907244 1.296413
v 1.587514 1.896292 1.296296
v 1.591478 1.893707 1.296348
v 1.600340 1.896292 1.296465
v 1.600340 1.896292 1.326078
v 1.596608 1.893707 1.288601
v 1.586413 1.900476 1.286665
v 1.596608 1.907244 1.288601
v 1.600502 1.896292 1.289341
v 1.601990 1.900476 1.289623
v 1.587901 1.896292 1.286948
v 1.591795 1.893707 1.287687
v 1.591795 1.907244 1.287687
v 1.591478 1.907244 1.296348
v 1.587514 1.904659 1.296296
v 1.587901 1.904659 1.286948
v 1.590894 1.900476 1.274179
v 1.599676 1.907436 1.280241
v 1.603030 1.896174 1.282557
v 1.604311 1.900476 1.283442
v 1.592175 1.896174 1.275063
v 1.595530 1.907436 1.277379
v 1.592175 1.904777 1.275063
v 1.600502 1.904659 1.289341
v 1.603030 1.904777 1.282557
v 1.607900 1.904777 1.278734
v 1.602089 1.896174 1.266893
v 1.606104 1.907436 1.275075
v 1.603885 1.907436 1.270552
v 1.602089 1.904777 1.266893
v 1.601403 1.900476 1.265495
v 1.603885 1.893515 1.270552
v 1.595530 1.893515 1.277379
v 1.599676 1.893515 1.280241
v 1.606104 1.893515 1.275075
v 1.607900 1.896174 1.278734
v 1.608586 1.900476 1.280132
v 1.780083 1.893707 1.325962
v 1.775184 1.893707 1.326026
v 1.784046 1.896292 1.325910
v 1.771221 1.896292 1.326078
v 1.771221 1.904659 1.326078
v 1.775184 1.907244 1.326026
v 1.780083 1.907244 1.325962
v 1.784046 1.904659 1.325910
v 1.785560 1.900476 1.325890
v 1.771221 1.904659 1.296465
v 1.775184 1.893707 1.296413
v 1.785560 1.900476 1.296276
v 1.775184 1.907244 1.296413
v 1.780083 1.893707 1.296348
v 1.784046 1.896292 1.296296
v 1.769707 1.900476 1.326098
v 1.771221 1.896292 1.296465
v 1.769707 1.900476 1.296484
v 1.774952 1.893707 1.288601
v 1.785147 1.900476 1.286665
v 1.774952 1.907244 1.288601
v 1.771058 1.896292 1.289341
v 1.779765 1.893707 1.287687
v 1.783660 1.896292 1.286948
v 1.784046 1.904659 1.296296
v 1.780083 1.907244 1.296348
v 1.779765 1.907244 1.287687
v 1.783660 1.904659 1.286948
v 1.780667 1.900476 1.274179
v 1.771884 1.907436 1.280241
v 1.767249 1.900476 1.283442
v 1.768530 1.896174 1.282557
v 1.779385 1.896174 1.275063
v 1.779385 1.904777 1.275063
v 1.776031 1.907436 1.277379
v 2.056092 1.695128 1.320797
v 1.771058 1.904659 1.289341
v 2.056092 1.695128 1.360570
v 1.769571 1.900476 1.289623
v 1.768530 1.904777 1.282557
v 1.763660 1.904777 1.278734
v 1.762974 1.900476 1.280132
v 1.769471 1.896174 1.266893
v 1.767675 1.907436 1.270552
v 1.765456 1.907436 1.275075
v 1.770157 1.900476 1.265495
v 1.769471 1.904777 1.266893
v 1.771884 1.893515 1.280241
v 1.776031 1.893515 1.277379
v 1.767675 1.893515 1.270552
v 1.765456 1.893515 1.275075
v 1.315468 2.106503 1.320797
v 1.756649 1.900476 1.263992
v 1.614912 1.900476 1.263992
v 1.756649 1.904777 1.265390
v 1.614912 1.904777 1.265390
v 1.756649 1.907436 1.269049
v 1.614912 1.907436 1.269049
v 1.756649 1.907436 1.273572
v 1.614912 1.907436 1.273572
v 1.756649 1.904777 1.277231
v 1.756649 1.900476 1.278629
v 1.614912 1.900476 1.278629
v 1.614912 1.904777 1.277231
v 1.315468 1.695128 1.320797
v 1.614912 1.896174 1.277231
v 1.756649 1.893515 1.273572
v 2.056092 2.106503 1.320797
v 1.614912 1.893515 1.273572
v 1.756649 1.893515 1.269049
v 1.756649 1.896174 1.265390
v 1.614912 1.896174 1.265390
v 1.614912 1.893515 1.269049
v 1.763660 1.896174 1.278734
v 1.756649 1.896174 1.277231
v 2.056092 2.106503 1.360570
v 1.315468 2.106503 1.360570
v 1.600340 1.487632 1.326078
v 1.586000 1.483449 1.325890
v 1.587514 1.479265 1.325910
v 1.591478 1.490217 1.325962
v 1.587514 1.487632 1.325910
v 1.596377 1.490217 1.326026
v 1.601854 1.483449 1.326098
v 1.596377 1.476680 1.326026
v 1.591478 1.476680 1.325962
v 1.315468 1.278101 1.360570
v 1.601854 1.483449 1.296485
v 1.600340 1.487632 1.296465
v 1.596377 1.476680 1.296413
v 1.586000 1.483449 1.296276
v 1.596377 1.490217 1.296413
v 1.587514 1.479265 1.296296
v 1.591478 1.476680 1.296348
v 1.600340 1.479265 1.296465
v 1.600340 1.479265 1.326078
v 1.596608 1.476680 1.288602
v 1.586413 1.483449 1.286665
v 1.596608 1.490217 1.288602
v 1.600502 1.479265 1.289341
v 1.601990 1.483449 1.289623
v 1.587901 1.479265 1.286948
v 1.591795 1.476680 1.287688
v 1.591795 1.490217 1.287688
v 1.591478 1.490217 1.296348
v 1.587514 1.487632 1.296296
v 1.587901 1.487632 1.286948
v 1.590894 1.483449 1.274179
v 1.599676 1.490409 1.280241
v 1.603030 1.479147 1.282557
v 1.604311 1.483449 1.283442
v 1.592175 1.479147 1.275063
v 1.595530 1.490409 1.277379
v 1.592175 1.487750 1.275063
v 1.600502 1.487632 1.289341
v 1.603030 1.487750 1.282557
v 1.607900 1.487750 1.278735
v 1.602089 1.479147 1.266893
v 1.606104 1.490409 1.275075
v 1.603885 1.490409 1.270552
v 1.602089 1.487750 1.266893
v 1.601403 1.483449 1.265495
v 1.603885 1.476488 1.270552
v 1.595530 1.476488 1.277379
v 1.599676 1.476488 1.280241
v 1.606104 1.476488 1.275075
v 1.607900 1.479147 1.278735
v 1.608586 1.483449 1.280132
v 1.780083 1.476681 1.325962
v 1.775184 1.476681 1.326026
v 1.784046 1.479265 1.325910
v 1.771221 1.479265 1.326078
v 1.771221 1.487632 1.326078
v 1.775184 1.490217 1.326026
v 1.780083 1.490217 1.325962
v 1.784046 1.487632 1.325910
v 1.785560 1.483449 1.325890
v 1.771221 1.487632 1.296465
v 1.775184 1.476681 1.296413
v 1.785560 1.483449 1.296276
v 1.775184 1.490217 1.296413
v 1.780083 1.476681 1.296348
v 1.784046 1.479265 1.296296
v 1.769707 1.483449 1.326098
v 1.771221 1.479265 1.296465
v 1.769707 1.483449 1.296485
v 1.774952 1.476681 1.288602
v 1.785147 1.483449 1.286665
v 1.774952 1.490217 1.288602
v 1.771058 1.479265 1.289341
v 1.779765 1.476681 1.287688
v 1.783660 1.479265 1.286948
v 1.784046 1.487632 1.296296
v 1.780083 1.490217 1.296348
v 1.779765 1.490217 1.287688
v 1.783660 1.487632 1.286948
v 1.780667 1.483449 1.274179
v 1.771884 1.490409 1.280241
v 1.767249 1.483449 1.283442
v 1.768530 1.479147 1.282557
v 1.779385 1.479147 1.275063
v 1.779385 1.487750 1.275063
v 1.776031 1.490409 1.277379
v 2.056092 1.278101 1.320797
v 1.771058 1.487632 1.289341
v 2.056092 1.278101 1.360570
v 1.769571 1.483449 1.289623
v 1.768530 1.487750 1.282557
v 1.763660 1.487750 1.278735
v 1.762974 1.483449 1.280132
v 1.769471 1.479147 1.266893
v 1.767675 1.490409 1.270552
v 1.765456 1.490409 1.275075
v 1.770157 1.483449 1.265495
v 1.769471 1.487750 1.266893
v 1.771884 1.476488 1.280241
v 1.776031 1.476488 1.277379
v 1.767675 1.476488 1.270552
v 1.765456 1.476488 1.275075
v 1.315468 1.689477 1.320797
v 1.756649 1.483449 1.263992
v 1.614912 1.483449 1.263992
v 1.756649 1.487750 1.265390
v 1.614912 1.487750 1.265390
v 1.756649 1.490409 1.269049
v 1.614912 1.490409 1.269049
v 1.756649 1.490409 1.273572
v 1.614912 1.490409 1.273572
v 1.756649 1.487750 1.277231
v 1.756649 1.483449 1.278629
v 1.614912 1.483449 1.278629
v 1.614912 1.487750 1.277231
v 1.315468 1.278101 1.320797
v 1.614912 1.479147 1.277231
v 1.756649 1.476488 1.273572
v 2.056092 1.689477 1.320797
v 1.614912 1.476488 1.273572
v 1.756649 1.476488 1.269049
v 1.756649 1.479147 1.265390
v 1.614912 1.479147 1.265390
v 1.614912 1.476488 1.269049
v 1.763660 1.479147 1.278735
v 1.756649 1.479147 1.277231
v 2.056092 1.689477 1.360570
v 1.315468 1.689477 1.360570
v 1.600340 1.072832 1.326078
v 1.586000 1.068649 1.325890
v 1.587514 1.064466 1.325910
v 1.591478 1.075417 1.325962
v 1.587514 1.072832 1.325910
v 1.596377 1.075417 1.326026
v 1.601854 1.068649 1.326098
v 1.596377 1.061880 1.326026
v 1.591478 1.061880 1.325962
v 1.315468 0.863301 1.360570
v 1.601854 1.068649 1.296485
v 1.600340 1.072832 1.296465
v 1.596377 1.061880 1.296413
v 1.586000 1.068649 1.296276
v 1.596377 1.075417 1.296413
v 1.587514 1.064466 1.296296
v 1.591478 1.061880 1.296348
v 1.600340 1.064466 1.296465
v 1.600340 1.064466 1.326078
v 1.596608 1.061880 1.288602
v 1.586413 1.068649 1.286665
v 1.596608 1.075417 1.288602
v 1.600502 1.064466 1.289341
v 1.601990 1.068649 1.289623
v 1.587901 1.064466 1.286948
v 1.591795 1.061880 1.287688
v 1.591795 1.075417 1.287688
v 1.591478 1.075417 1.296348
v 1.587514 1.072832 1.296296
v 1.587901 1.072832 1.286948
v 1.590894 1.068649 1.274179
v 1.599676 1.075609 1.280241
v 1.603030 1.064347 1.282557
v 1.604311 1.068649 1.283442
v 1.592175 1.064347 1.275063
v 1.595530 1.075609 1.277379
v 1.592175 1.072950 1.275063
v 1.600502 1.072832 1.289341
v 1.603030 1.072950 1.282557
v 1.607900 1.072950 1.278735
v 1.602089 1.064347 1.266893
v 1.606104 1.075609 1.275075
v 1.603885 1.075609 1.270552
v 1.602089 1.072950 1.266893
v 1.601403 1.068649 1.265495
v 1.603885 1.061688 1.270552
v 1.595530 1.061688 1.277379
v 1.599676 1.061688 1.280241
v 1.606104 1.061688 1.275075
v 1.607900 1.064347 1.278735
v 1.608586 1.068649 1.280132
v 1.780083 1.061881 1.325962
v 1.775184 1.061881 1.326026
v 1.784046 1.064466 1.325910
v 1.771221 1.064466 1.326078
v 1.771221 1.072832 1.326078
v 1.775184 1.075417 1.326026
v 1.780083 1.075417 1.325962
v 1.784046 1.072832 1.325910
v 1.785560 1.068649 1.325890
v 1.771221 1.072832 1.296465
v 1.775184 1.061881 1.296413
v 1.785560 1.068649 1.296276
v 1.775184 1.075417 1.296413
v 1.780083 1.061881 1.296348
v 1.784046 1.064466 1.296296
v 1.769707 1.068649 1.326098
v 1.771221 1.064466 1.296465
v 1.769707 1.068649 1.296485
v 1.774952 1.061881 1.288602
v 1.785147 1.068649 1.286665
v 1.774952 1.075417 1.288602
v 1.771058 1.064466 1.289341
v 1.779765 1.061881 1.287688
v 1.783660 1.064466 1.286948
v 1.784046 1.072832 1.296296
v 1.780083 1.075417 1.296348
v 1.779765 1.075417 1.287688
v 1.783660 1.072832 1.286948
v 1.780667 1.068649 1.274179
v 1.771884 1.075609 1.280241
v 1.767249 1.068649 1.283442
v 1.768530 1.064347 1.282557
v 1.779385 1.064347 1.275063
v 1.779385 1.072950 1.275063
v 1.776031 1.075609 1.277379
v 2.056092 0.863301 1.320797
v 1.771058 1.072832 1.289341
v 2.056092 0.863301 1.360570
v 1.769571 1.068649 1.289623
v 1.768530 1.072950 1.282557
v 1.763660 1.072950 1.278735
v 1.762974 1.068649 1.280132
v 1.769471 1.064347 1.266893
v 1.767675 1.075609 1.270552
v 1.765456 1.075609 1.275075
v 1.770157 1.068649 1.265495
v 1.769471 1.072950 1.266893
v 1.771884 1.061688 1.280241
v 1.776031 1.061688 1.277379
v 1.767675 1.061688 1.270552
v 1.765456 1.061688 1.275075
v 1.315468 1.274677 1.320797
v 1.756649 1.068649 1.263992
v 1.614912 1.068649 1.263992
v 1.756649 1.072950 1.265390
v 1.614912 1.072950 1.265390
v 1.756649 1.075609 1.269049
v 1.614912 1.075609 1.269049
v 1.756649 1.075609 1.273572
v 1.614912 1.075609 1.273572
v 1.756649 1.072950 1.277231
v 1.756649 1.068649 1.278629
v 1.614912 1.068649 1.278629
v 1.614912 1.072950 1.277231
v 1.315468 0.863301 1.320797
v 1.614912 1.064347 1.277231
v 1.756649 1.061688 1.273572
v 2.056092 1.274677 1.320797
v 1.614912 1.061688 1.273572
v 1.756649 1.061688 1.269049
v 1.756649 1.064347 1.265390
v 1.614912 1.064347 1.265390
v 1.614912 1.061688 1.269049
v 1.763660 1.064347 1.278735
v 1.756649 1.064347 1.277231
v 2.056092 1.274677 1.360570
v 1.315468 1.274677 1.360570
v 1.600340 0.651939 1.326078
v 1.586000 0.647756 1.325890
v 1.587514 0.643573 1.325910
v 1.591478 0.654524 1.325962
v 1.587514 0.651939 1.325910
v 1.596377 0.654524 1.326026
v 1.601854 0.647756 1.326098
v 1.596377 0.640987 1.326026
v 1.591478 0.640987 1.325962
v 1.315468 0.442408 1.360570
v 1.601854 0.647756 1.296485
v 1.600340 0.651939 1.296465
v 1.596377 0.640987 1.296413
v 1.586000 0.647756 1.296276
v 1.596377 0.654524 1.296413
v 1.587514 0.643573 1.296296
v 1.591478 0.640987 1.296348
v 1.600340 0.643573 1.296465
v 1.600340 0.643573 1.326078
v 1.596608 0.640987 1.288602
v 1.586413 0.647756 1.286665
v 1.596608 0.654524 1.288602
v 1.600502 0.643573 1.289341
v 1.601990 0.647756 1.289623
v 1.587901 0.643573 1.286948
v 1.591795 0.640987 1.287688
v 1.591795 0.654524 1.287688
v 1.591478 0.654524 1.296348
v 1.587514 0.651939 1.296296
v 1.587901 0.651939 1.286948
v 1.590894 0.647756 1.274179
v 1.599676 0.654716 1.280241
v 1.603030 0.643454 1.282557
v 1.604311 0.647756 1.283442
v 1.592175 0.643454 1.275063
v 1.595530 0.654716 1.277379
v 1.592175 0.652057 1.275063
v 1.600502 0.651939 1.289341
v 1.603030 0.652057 1.282557
v 1.607900 0.652057 1.278735
v 1.602089 0.643454 1.266893
v 1.606104 0.654716 1.275075
v 1.603885 0.654716 1.270552
v 1.602089 0.652057 1.266893
v 1.601403 0.647756 1.265495
v 1.603885 0.640795 1.270552
v 1.595530 0.640795 1.277379
v 1.599676 0.640795 1.280241
v 1.606104 0.640795 1.275075
v 1.607900 0.643454 1.278735
v 1.608586 0.647756 1.280132
v 1.780083 0.640988 1.325962
v 1.775184 0.640988 1.326026
v 1.784046 0.643573 1.325910
v 1.771221 0.643573 1.326078
v 1.771221 0.651939 1.326078
v 1.775184 0.654524 1.326026
v 1.780083 0.654524 1.325962
v 1.784046 0.651939 1.325910
v 1.785560 0.647756 1.325890
v 1.771221 0.651939 1.296465
v 1.775184 0.640988 1.296413
v 1.785560 0.647756 1.296276
v 1.775184 0.654524 1.296413
v 1.780083 0.640988 1.296348
v 1.784046 0.643573 1.296296
v 1.769707 0.647756 1.326098
v 1.771221 0.643573 1.296465
v 1.769707 0.647756 1.296485
v 1.774952 0.640988 1.288602
v 1.785147 0.647756 1.286665
v 1.774952 0.654524 1.288602
v 1.771058 0.643573 1.289341
v 1.779765 0.640988 1.287688
v 1.783660 0.643573 1.286948
v 1.784046 0.651939 1.296296
v 1.780083 0.654524 1.296348
v 1.779765 0.654524 1.287688
v 1.783660 0.651939 1.286948
v 1.780667 0.647756 1.274179
v 1.771884 0.654716 1.280241
v 1.767249 0.647756 1.283442
v 1.768530 0.643454 1.282557
v 1.779385 0.643454 1.275063
v 1.779385 0.652057 1.275063
v 1.776031 0.654716 1.277379
v 2.056092 0.442408 1.320797
v 1.771058 0.651939 1.289341
v 2.056092 0.442408 1.360570
v 1.769571 0.647756 1.289623
v 1.768530 0.652057 1.282557
v 1.763660 0.652057 1.278735
v 1.762974 0.647756 1.280132
v 1.769471 0.643454 1.266893
v 1.767675 0.654716 1.270552
v 1.765456 0.654716 1.275075
v 1.770157 0.647756 1.265495
v 1.769471 0.652057 1.266893
v 1.771884 0.640795 1.280241
v 1.776031 0.640795 1.277379
v 1.767675 0.640795 1.270552
v 1.765456 0.640795 1.275075
v 1.315468 0.853784 1.320797
v 1.756649 0.647756 1.263992
v 1.614912 0.647756 1.263992
v 1.756649 0.652057 1.265390
v 1.614912 0.652057 1.265390
v 1.756649 0.654716 1.269049
v 1.614912 0.654716 1.269049
v 1.756649 0.654716 1.273572
v 1.614912 0.654716 1.273572
v 1.756649 0.652057 1.277231
v 1.756649 0.647756 1.278629
v 1.614912 0.647756 1.278629
v 1.614912 0.652057 1.277231
v 1.315468 0.442408 1.320797
v 1.614912 0.643454 1.277231
v 1.756649 0.640795 1.273572
v 2.056092 0.853784 1.320797
v 1.614912 0.640795 1.273572
v 1.756649 0.640795 1.269049
v 1.756649 0.643454 1.265390
v 1.614912 0.643454 1.265390
v 1.614912 0.640795 1.269049
v 1.763660 0.643454 1.278735
v 1.756649 0.643454 1.277231
v 2.056092 0.853784 1.360570
v 1.315468 0.853784 1.360570
v -1.791037 2.044116 -0.179045
v -1.791037 2.093551 -0.179045
v -1.791037 2.093551 -0.210678
v -1.791037 2.044116 -0.210678
v -1.790988 2.094113 -1.398603
v -1.401183 2.094113 -1.398603
v -1.401183 2.132017 -1.398603
v -1.790988 2.132017 -1.398603
v -1.401183 2.094114 -0.086573
v -1.401183 2.132017 -0.086573
v -1.630986 2.093551 -0.179045
v -1.790988 2.094114 -0.086573
v -1.639551 2.044116 -0.179045
v -1.790988 2.132017 -0.086573
v -1.791037 1.933500 -1.304971
v -1.743286 1.933500 -1.304971
v -1.791037 2.093551 -1.273338
v -1.630986 2.093551 -1.304971
v -1.743286 1.933501 -0.179045
v -1.791037 1.933501 -0.179045
v -1.630986 2.093551 -0.210678
v -1.791037 1.933500 -1.273338
v -1.743286 1.933500 -1.273338
v -1.791037 2.044116 -1.273338
v -1.639551 2.044116 -1.273338
v -1.630986 2.093551 -1.273338
v -1.639551 2.044116 -1.304971
v -1.639551 2.044116 -0.210678
v -1.791037 2.093551 -1.304971
v -1.791037 2.044116 -1.304971
v -1.791037 1.933501 -0.210678
v -1.743286 1.933501 -0.210678
v -1.720483 0.170127 -0.627391
v -1.720483 1.070585 -0.627391
v -1.720483 1.070585 -1.331270
v -1.720483 0.170127 -1.331270
v -1.188271 0.202967 -1.293370
v -0.484392 0.202967 -1.293370
v -0.484392 0.202967 -0.665279
v -1.188271 0.202967 -0.665279
v -0.484392 0.607404 -1.293370
v -1.188271 0.607404 -1.293370
v -0.507446 1.070585 -0.627391
v -1.188271 0.607404 -0.665279
v -0.484392 0.607404 -0.665279
v -1.188271 0.641212 -0.665279
v -1.188271 0.819518 -0.665279
v -1.188271 0.819518 -1.293370
v -0.542238 0.170127 -1.296494
v -1.188271 0.641212 -1.293370
v -0.484392 0.819518 -1.293370
v -0.484392 0.641212 -1.293370
v -0.507446 1.070585 -1.331270
v -0.484392 0.819518 -0.665279
v -0.484392 0.641212 -0.665279
v -1.188271 0.857001 -0.665279
v -1.188271 0.857001 -1.293370
v -1.188271 1.035307 -1.293370
v -0.484392 0.857001 -1.293370
v -0.484392 1.035307 -1.293370
v -0.484392 0.857001 -0.665279
v -1.188271 1.035307 -0.665279
v -0.484392 1.035307 -0.665279
v -0.507446 0.170127 -1.331270
v -1.685692 0.000355 -1.296493
v -1.685692 0.170127 -1.296494
v -1.685692 0.000355 -0.662168
v -0.507446 0.170127 -0.627391
v -1.685692 0.170127 -0.662168
v -0.542238 0.170127 -0.662168
v -0.542238 0.000355 -0.662168
v -0.542238 0.000355 -1.296493
v -1.791037 1.603416 -1.263141
v -1.791037 1.652851 -1.263141
v -1.791037 1.652851 -1.294774
v -1.791037 1.603416 -1.294774
v -1.787451 1.653354 -1.388406
v -1.397645 1.653354 -1.388406
v -1.630986 1.652851 -1.294774
v -1.639551 1.603416 -1.294774
v -1.397645 1.691257 -1.388406
v -1.787451 1.691257 -1.388406
v -1.630986 1.652851 -1.263141
v -1.639551 1.603416 -1.263141
v -1.397645 1.653354 -0.522331
v -1.397645 1.691257 -0.522331
v -1.787451 1.653354 -0.522331
v -1.787451 1.691257 -0.522331
v -1.791037 1.492800 -1.294774
v -1.743286 1.492800 -1.294774
v -1.639551 1.603416 -0.646436
v -1.791037 1.492800 -1.263141
v -1.791037 1.652851 -0.646436
v -1.630986 1.652851 -0.646436
v -1.791037 1.492800 -0.614803
v -1.743286 1.492800 -0.614803
v -1.743286 1.492800 -0.646436
v -1.791037 1.492800 -0.646436
v -1.791037 1.603416 -0.614803
v -1.791037 1.652851 -0.614803
v -1.639551 1.603416 -0.614803
v -1.743286 1.492800 -1.263141
v -1.630986 1.652851 -0.614803
v -1.791037 1.603416 -0.646436
vn 0.6094 -0.0000 -0.7929
vn 0.6727 -0.0000 -0.7399
vn 0.8446 -0.0000 -0.5354
vn 0.6725 -0.0000 -0.7401
vn -0.0000 1.0000 -0.0000
vn -0.7026 -0.0000 -0.7116
vn -0.6094 -0.0000 -0.7929
vn -0.8446 -0.0000 -0.5354
vn -0.9302 -0.0000 -0.3671
vn -0.9770 -0.0000 -0.2131
vn -0.9976 -0.0000 -0.0698
vn -0.9976 -0.0000 -0.0697
vn -0.9976 -0.0000 0.0698
vn -0.9770 -0.0000 0.2131
vn -0.9302 -0.0000 0.3671
vn -0.8446 -0.0000 0.5354
vn -0.7026 -0.0000 0.7115
vn -0.7026 -0.0000 0.7116
vn -0.6094 -0.0000 0.7929
vn -0.0000 -1.0000 -0.0000
vn 0.6094 -0.0000 0.7929
vn 0.8446 -0.0000 0.5354
vn 0.6727 -0.0000 0.7399
vn 0.9302 -0.0000 0.3671
vn 0.9770 -0.0000 0.2131
vn 0.9976 -0.0000 0.0698
vn 0.9976 -0.0000 -0.0698
vn 0.9770 -0.0000 -0.2131
vn 0.9302 -0.0000 -0.3671
vn 0.3553 0.8683 -0.3462
vn 0.1564 0.9674 -0.1994
vn 0.1858 0.9662 -0.1788
vn 0.3690 -0.8513 -0.3729
vn 0.1564 -0.9674 -0.1994
vn 0.3068 -0.8656 -0.3956
vn 0.4262 0.8668 -0.2590
vn 0.2237 0.9654 -0.1340
vn 0.4436 -0.8527 -0.2759
vn 0.1858 -0.9662 -0.1788
vn 0.5295 0.4976 0.6870
vn 0.6803 0.2570 0.6863
vn 0.6107 0.5037 0.6110
vn 0.8178 0.2559 0.5155
vn 0.7337 0.5020 0.4579
vn 0.9002 0.2547 0.3533
vn 0.8070 0.5003 0.3137
vn 0.9453 0.2536 0.2050
vn 0.8474 0.4987 0.1820
vn 0.9651 0.2531 0.0670
vn 0.8652 0.4979 0.0594
vn 0.9651 0.2531 -0.0670
vn 0.8652 0.4979 -0.0594
vn 0.8476 0.4986 -0.1815
vn 0.9453 0.2536 -0.2050
vn 0.8074 0.4999 -0.3132
vn 0.9002 0.2547 -0.3533
vn 0.7343 0.5015 -0.4574
vn 0.8178 0.2559 -0.5155
vn 0.5295 -0.4976 0.6870
vn 0.6803 -0.2570 0.6863
vn 0.5896 -0.2527 0.7671
vn 0.6003 -0.5001 0.6241
vn 0.8178 -0.2559 0.5155
vn 0.7276 -0.4983 0.4715
vn 0.9002 -0.2547 0.3533
vn 0.8044 -0.4970 0.3254
vn 0.9453 -0.2536 0.2050
vn 0.8474 -0.4954 0.1913
vn 0.9651 -0.2531 0.0670
vn 0.8671 -0.4938 -0.0662
vn 0.8673 -0.4934 0.0663
vn 0.8474 -0.4954 -0.1913
vn 0.9651 -0.2531 -0.0670
vn 0.8044 -0.4970 -0.3254
vn 0.9453 -0.2536 -0.2050
vn 0.7276 -0.4983 -0.4715
vn 0.9002 -0.2547 -0.3533
vn 0.6116 0.5031 -0.6106
vn 0.3068 0.8657 -0.3956
vn 0.6803 0.2571 -0.6863
vn 0.5295 0.4976 -0.6870
vn 0.6107 -0.5037 -0.6110
vn 0.5295 -0.4976 -0.6870
vn 0.6803 -0.2571 -0.6863
vn 0.8178 -0.2559 -0.5155
vn 0.3068 0.8656 0.3956
vn 0.3553 0.8683 0.3462
vn 0.1564 0.9674 0.1994
vn 0.4262 0.8668 0.2590
vn 0.1858 0.9662 0.1788
vn 0.4662 0.8669 0.1764
vn 0.2237 0.9654 0.1340
vn 0.4870 0.8675 0.1015
vn 0.2421 0.9660 0.0905
vn 0.4957 0.8679 0.0323
vn 0.2498 0.9669 0.0515
vn 0.4957 0.8679 -0.0323
vn 0.2521 0.9676 -0.0165
vn 0.4870 0.8675 -0.1014
vn 0.2498 0.9669 -0.0515
vn 0.4662 0.8669 -0.1763
vn 0.2421 0.9660 -0.0905
vn 0.3068 -0.8656 0.3956
vn 0.1564 -0.9674 0.1994
vn 0.3729 -0.8650 0.3356
vn 0.1858 -0.9662 0.1788
vn 0.4370 -0.8648 0.2471
vn 0.2237 -0.9654 0.1340
vn 0.4737 -0.8651 0.1652
vn 0.2421 -0.9660 0.0905
vn 0.4936 -0.8649 0.0912
vn 0.2498 -0.9669 0.0515
vn 0.5034 -0.8637 0.0231
vn 0.2521 -0.9676 -0.0165
vn 0.5059 -0.8616 -0.0424
vn 0.4870 -0.8674 -0.1024
vn 0.2498 -0.9669 -0.0515
vn 0.4661 -0.8668 -0.1775
vn 0.2421 -0.9660 -0.0905
vn 0.2237 -0.9654 -0.1340
vn 0.6094 -0.0000 -0.7928
vn 0.6094 -0.0000 0.7928
vn -0.7929 -0.0000 -0.6094
vn 0.7929 -0.0000 0.6094
vn 0.7929 -0.0000 -0.6094
vn -0.7929 -0.0000 0.6094
vn 0.6726 -0.0000 -0.7400
vn 0.6725 -0.0000 0.7401
vn 0.3068 -0.8657 -0.3956
vn 0.6804 0.2570 0.6863
vn 0.8653 0.4978 -0.0589
vn 0.8476 0.4985 -0.1816
vn 0.8473 -0.4954 0.1914
vn 0.9651 -0.2531 0.0671
vn 0.2237 -0.9654 0.1341
vn 0.4936 -0.8649 0.0913
vn 0.2237 -0.9654 -0.1341
vn -0.7026 -0.0000 -0.7115
vn 0.2237 0.9654 -0.1341
vn 0.9651 0.2531 -0.0671
vn 0.6003 -0.5001 0.6242
vn 0.8671 -0.4938 0.0662
vn 0.8688 -0.4921 -0.0549
vn 0.2237 0.9654 0.1341
vn -1.0000 -0.0000 -0.0000
vn -0.0000 -0.0000 -1.0000
vn 1.0000 -0.0000 -0.0000
vn -0.0000 -0.0000 1.0000
vn 0.1594 0.6096 0.7766
vn -0.1344 -0.0692 0.9885
vn -0.1143 0.5372 0.8357
vn 0.1324 -0.0698 0.9887
vn -0.0877 -0.6437 0.7602
vn 0.0860 -0.6440 0.7602
vn -0.0262 -0.9510 0.3082
vn 0.0267 -0.9510 0.3081
vn 0.0303 -0.9311 -0.3634
vn -0.0318 -0.9312 -0.3630
vn 0.0594 -0.5373 -0.8413
vn -0.3239 -0.6174 0.7168
vn -0.4288 -0.0046 0.9034
vn -0.0458 0.9315 0.3608
vn 0.0458 0.9315 0.3608
vn 0.0210 0.9509 -0.3089
vn -0.0210 0.9509 -0.3089
vn 0.0540 0.6417 -0.7651
vn -0.0540 0.6416 -0.7651
vn 0.0673 0.0670 -0.9955
vn -0.0673 0.0670 -0.9955
vn 0.1599 -0.9453 -0.2844
vn -0.2089 -0.9582 0.1955
vn -0.1184 -0.9375 0.3272
vn -0.1009 -0.5920 -0.7996
vn 0.2869 0.6211 -0.7294
vn -0.7838 -0.6211 -0.0000
vn -0.2849 -0.9585 -0.0052
vn -0.2849 -0.9586 -0.0000
vn 0.3901 0.0038 -0.9208
vn -0.7838 0.6210 -0.0000
vn -0.3419 0.9397 -0.0089
vn -0.8233 0.5673 -0.0214
vn 0.7838 0.6210 -0.0000
vn 0.9975 0.0697 0.0124
vn 0.7418 0.6705 0.0106
vn -0.0269 0.9547 0.2962
vn 0.3418 -0.9398 0.0060
vn 0.2851 -0.9585 -0.0000
vn -0.9971 -0.0715 -0.0254
vn 0.3256 -0.6195 -0.7143
vn 0.2851 0.9585 -0.0000
vn 0.2849 0.9585 0.0042
vn 0.8235 -0.5673 0.0110
vn 0.7838 -0.6210 -0.0000
vn -0.3422 0.6154 0.7101
vn -0.7834 -0.6194 0.0523
vn -0.2850 0.9585 -0.0000
vn -0.0131 -0.0000 0.9999
vn 0.1154 0.9341 -0.3379
vn 0.7699 0.6222 0.1420
vn 0.9819 -0.0016 0.1895
vn 0.3289 -0.9396 0.0943
vn -0.9814 0.0017 -0.1919
vn -0.7671 0.6216 -0.1585
vn 0.2780 0.9594 0.0474
vn 0.7655 -0.6223 0.1635
vn -0.7721 -0.6207 -0.1367
vn -0.3356 0.9390 -0.0750
vn -0.3326 -0.9424 -0.0352
vn -0.6391 0.6256 0.4474
vn -0.8049 -0.0002 0.5934
vn -0.9819 -0.0018 0.1895
vn 0.2089 -0.9582 0.1955
vn -0.2971 -0.9409 -0.1626
vn -0.8183 0.0008 -0.5747
vn -0.6295 0.6258 -0.4606
vn 0.2862 0.9407 0.1823
vn 0.6391 0.6256 0.4474
vn 0.6142 -0.6252 0.4815
vn -0.6494 -0.6253 -0.4329
vn -0.2201 0.9595 -0.1760
vn 0.8049 -0.0002 0.5934
vn -0.3901 0.0039 -0.9208
vn -0.2870 0.6210 -0.7294
vn 0.1649 0.9400 0.2988
vn 0.3422 0.6154 0.7101
vn 0.3239 -0.6174 0.7169
vn 0.1184 -0.9375 0.3273
vn -0.3256 -0.6195 -0.7143
vn -0.1046 0.9373 -0.3325
vn -0.7699 0.6222 0.1420
vn 0.4288 -0.0046 0.9034
vn -0.1649 -0.9399 -0.2990
vn 0.2201 0.9595 -0.1760
vn 0.7838 -0.6211 -0.0000
vn 0.2849 -0.9585 -0.0052
vn 0.7415 -0.6708 -0.0172
vn 0.6295 0.6258 -0.4606
vn 0.3408 0.9400 -0.0174
vn 0.8232 0.5673 -0.0214
vn 0.6494 -0.6252 -0.4329
vn -0.9976 0.0693 0.0026
vn -0.7419 0.6705 0.0106
vn 0.2582 -0.9539 -0.1531
vn 0.2849 -0.9586 -0.0000
vn -0.3418 -0.9398 0.0060
vn -0.6142 -0.6252 0.4815
vn 0.9971 -0.0715 -0.0254
vn -0.2849 0.9585 0.0042
vn -0.1670 0.9530 0.2528
vn -0.2850 -0.9585 -0.0000
vn -0.8235 -0.5673 0.0110
vn 0.8183 0.0008 -0.5747
vn 0.2850 0.9585 -0.0000
vn 0.0131 -0.0000 0.9999
vn -0.3289 -0.9396 0.0943
vn 0.2840 -0.9583 -0.0313
vn 0.9814 0.0016 -0.1919
vn 0.7672 0.6216 -0.1585
vn -0.2780 0.9594 0.0474
vn -0.7655 -0.6223 0.1635
vn 0.7721 -0.6207 -0.1367
vn 0.3356 0.9390 -0.0750
vn -0.7838 -0.6210 -0.0000
vn 0.0303 -0.9312 -0.3634
vn -0.0540 0.6417 -0.7651
vn 0.2869 0.6211 -0.7293
vn -0.7837 -0.6211 -0.0000
vn -0.2850 -0.9585 -0.0052
vn 0.3901 0.0039 -0.9208
vn -0.7838 0.6211 -0.0000
vn -0.0268 0.9547 0.2962
vn 0.2850 -0.9585 -0.0000
vn 0.8235 -0.5672 0.0110
vn -0.3327 -0.9424 -0.0352
vn -0.8184 0.0007 -0.5747
vn -0.2870 0.6211 -0.7294
vn 0.6294 0.6258 -0.4606
vn 0.1594 0.6096 0.7765
vn 0.0540 0.6416 -0.7651
vn -0.9814 0.0016 -0.1919
vn -0.8049 -0.0002 0.5935
vn -0.9819 -0.0017 0.1895
vn -0.2970 -0.9409 -0.1626
vn -0.6294 0.6258 -0.4606
vn 0.7415 -0.6707 -0.0172
vn 0.0132 -0.0000 0.9999
vn -0.3289 -0.9397 0.0943
vn -0.1184 -0.9375 0.3273
vn 0.7419 0.6705 0.0106
vn 0.9819 -0.0017 0.1895
vn 0.2862 0.9407 0.1822
vn -0.3901 0.0038 -0.9208
vn 0.3239 -0.6174 0.7168
vn 0.4288 -0.0047 0.9034
vn 0.7837 -0.6211 -0.0000
vn -0.2851 0.9585 -0.0000
vn -0.2850 0.9585 0.0042
vn -0.9819 -0.0016 0.1895
vn 0.8049 -0.0002 0.5933
vn 0.9348 -0.3551 -0.0000
vn 0.9853 -0.1707 -0.0000
vn 0.8463 -0.5328 -0.0000
vn 0.7294 -0.6841 -0.0000
vn 0.5896 0.2527 0.7671
vn 0.5896 0.2527 -0.7671
vn 0.5896 -0.2527 -0.7671
vn 0.2521 0.9676 0.0165
vn 0.2521 -0.9676 0.0165
vt 0.091138 0.123978
vt 0.101697 0.137414
vt 0.091138 0.137414
vt 0.033934 0.040839
vt 0.010804 0.056639
vt 0.010804 0.040839
vt 0.084517 0.030616
vt 0.074245 0.013914
vt 0.084517 0.013914
vt 0.084517 0.048889
vt 0.074245 0.030616
vt 0.084517 0.067832
vt 0.074245 0.048889
vt 0.084517 0.087409
vt 0.074245 0.067832
vt 0.084517 0.107418
vt 0.074245 0.087409
vt 0.084517 0.127578
vt 0.074245 0.107418
vt 0.074245 0.147586
vt 0.084517 0.147586
vt 0.074245 0.167164
vt 0.084517 0.167164
vt 0.074245 0.186106
vt 0.084517 0.186106
vt 0.074245 0.204380
vt 0.084517 0.204380
vt 0.074245 0.220791
vt 0.084517 0.220791
vt 0.050827 0.030616
vt 0.050827 0.048889
vt 0.050827 0.067832
vt 0.050827 0.087409
vt 0.050827 0.107418
vt 0.050827 0.127578
vt 0.074245 0.127578
vt 0.050827 0.147586
vt 0.050827 0.167164
vt 0.050827 0.186106
vt 0.050827 0.204380
vt 0.050827 0.220791
vt 0.040555 0.030616
vt 0.050827 0.013914
vt 0.040555 0.048889
vt 0.040555 0.067832
vt 0.040555 0.087409
vt 0.040555 0.107418
vt 0.040555 0.127578
vt 0.040555 0.147586
vt 0.040555 0.167164
vt 0.040555 0.186106
vt 0.040555 0.204380
vt 0.099074 0.109985
vt 0.109633 0.123421
vt 0.099074 0.123421
vt 0.033934 0.176718
vt 0.010804 0.192518
vt 0.010804 0.176718
vt 0.033934 0.160252
vt 0.010804 0.160252
vt 0.033934 0.143130
vt 0.010804 0.143130
vt 0.033934 0.125550
vt 0.010804 0.125550
vt 0.033934 0.107807
vt 0.010804 0.107807
vt 0.033934 0.090227
vt 0.010804 0.090227
vt 0.033934 0.073105
vt 0.010804 0.073105
vt 0.033934 0.056639
vt 0.086719 0.204380
vt 0.038353 0.204380
vt 0.040555 0.220791
vt 0.038353 0.220791
vt 0.086719 0.186106
vt 0.038353 0.186106
vt 0.088926 0.013914
vt 0.090828 0.030616
vt 0.088926 0.030616
vt 0.090828 0.048889
vt 0.088926 0.048889
vt 0.090828 0.067832
vt 0.088926 0.067832
vt 0.090828 0.087409
vt 0.088926 0.087409
vt 0.090828 0.107418
vt 0.088926 0.107418
vt 0.090828 0.127578
vt 0.088926 0.127578
vt 0.088926 0.147586
vt 0.090828 0.147586
vt 0.088926 0.167164
vt 0.090828 0.167164
vt 0.088926 0.186106
vt 0.090828 0.186106
vt 0.036146 0.013914
vt 0.034244 0.030616
vt 0.034244 0.013914
vt 0.036146 0.030616
vt 0.034244 0.048889
vt 0.036146 0.048889
vt 0.034244 0.067832
vt 0.036146 0.067832
vt 0.034244 0.087409
vt 0.036146 0.087409
vt 0.034244 0.107418
vt 0.036146 0.127578
vt 0.036146 0.107418
vt 0.036146 0.147586
vt 0.034244 0.127578
vt 0.036146 0.167164
vt 0.034244 0.147586
vt 0.036146 0.186106
vt 0.034244 0.167164
vt 0.088926 0.204380
vt 0.086719 0.220791
vt 0.090828 0.204380
vt 0.088926 0.220791
vt 0.036146 0.204380
vt 0.036146 0.220791
vt 0.034244 0.204380
vt 0.034244 0.186106
vt 0.086719 0.013914
vt 0.086719 0.030616
vt 0.086719 0.048889
vt 0.086719 0.067832
vt 0.086719 0.087409
vt 0.086719 0.107418
vt 0.086719 0.127578
vt 0.086719 0.147586
vt 0.086719 0.167164
vt 0.038353 0.013914
vt 0.040555 0.013914
vt 0.038353 0.030616
vt 0.038353 0.048889
vt 0.038353 0.067832
vt 0.038353 0.087409
vt 0.038353 0.107418
vt 0.038353 0.127578
vt 0.038353 0.147586
vt 0.038353 0.167164
vt 0.015565 0.037223
vt 0.029172 0.037223
vt 0.090828 0.220791
vt 0.095482 0.204380
vt 0.095482 0.220791
vt 0.101110 0.138426
vt 0.091138 0.156203
vt 0.091138 0.143034
vt 0.029590 0.204380
vt 0.034244 0.220791
vt 0.029590 0.220791
vt 0.091138 0.110452
vt 0.101110 0.092675
vt 0.101110 0.105844
vt 0.095482 0.030616
vt 0.090828 0.013914
vt 0.095482 0.013914
vt 0.029172 0.196134
vt 0.015565 0.196134
vt 0.029590 0.030616
vt 0.029590 0.013914
vt 0.109633 0.123978
vt 0.101697 0.123978
vt 0.105461 0.220791
vt 0.105461 0.204380
vt 0.095482 0.229741
vt 0.105461 0.229741
vt 0.019611 0.220791
vt 0.019611 0.204380
vt 0.029590 0.004964
vt 0.019611 0.013914
vt 0.019611 0.004964
vt 0.105461 0.013914
vt 0.105461 0.030616
vt 0.091138 0.123421
vt 0.019611 0.030616
vt 0.101110 0.160811
vt 0.033934 0.192518
vt 0.091138 0.088067
vt 0.275080 0.992188
vt 0.007812 0.438824
vt 0.007812 0.992188
vt 0.007812 0.234985
vt 0.275080 0.438824
vt 0.275080 0.234985
vt 0.499531 0.755629
vt 0.585313 0.988502
vt 0.585313 0.755629
vt 0.289673 0.669847
vt 0.402147 0.755629
vt 0.402147 0.669847
vt 0.289673 0.755629
vt 0.402147 0.988502
vt 0.408289 0.755629
vt 0.494070 0.988502
vt 0.494070 0.755629
vt 0.130696 0.056893
vt 0.124586 0.169657
vt 0.130780 0.169483
vt 0.186717 0.056713
vt 0.180607 0.169477
vt 0.186811 0.169654
vt 0.180523 0.056887
vt 0.174419 0.169027
vt 0.174371 0.057337
vt 0.168209 0.168529
vt 0.168199 0.057835
vt 0.161942 0.168160
vt 0.179999 0.176408
vt 0.186298 0.176432
vt 0.813050 0.705925
vt 0.824771 0.425889
vt 0.813050 0.425889
vt 0.691833 0.705925
vt 0.813050 0.720962
vt 0.136931 0.169036
vt 0.136884 0.057346
vt 0.691833 0.425889
vt 0.680114 0.705925
vt 0.143104 0.168538
vt 0.143094 0.057844
vt 0.691833 0.410851
vt 0.149340 0.168166
vt 0.149356 0.058210
vt 0.558280 0.430099
vt 0.679497 0.710134
vt 0.679497 0.430099
vt 0.155639 0.168016
vt 0.155665 0.058357
vt 0.167282 0.176012
vt 0.173737 0.182967
vt 0.173570 0.176225
vt 0.161958 0.058204
vt 0.150000 0.175895
vt 0.162168 0.006213
vt 0.168613 0.029307
vt 0.169021 0.006336
vt 0.155670 0.175898
vt 0.149136 0.006210
vt 0.142664 0.029304
vt 0.149314 0.028842
vt 0.128689 0.006675
vt 0.123339 0.030967
vt 0.129417 0.030567
vt 0.137781 0.176231
vt 0.175388 0.029961
vt 0.175996 0.006507
vt 0.155654 0.006159
vt 0.155639 0.028677
vt 0.161339 0.175892
vt 0.135307 0.006498
vt 0.135884 0.029958
vt 0.125068 0.176432
vt 0.181854 0.030573
vt 0.182614 0.006687
vt 0.131361 0.176413
vt 0.161958 0.028842
vt 0.142282 0.006330
vt 0.766616 0.429203
vt 0.767607 0.432605
vt 0.767607 0.427683
vt 0.144058 0.176015
vt 0.769212 0.427101
vt 0.769212 0.433186
vt 0.770818 0.427683
vt 0.770818 0.432605
vt 0.771810 0.429203
vt 0.771810 0.431083
vt 0.130533 0.037015
vt 0.124434 0.037570
vt 0.174345 0.036223
vt 0.155633 0.034798
vt 0.149686 0.034951
vt 0.136921 0.036220
vt 0.180728 0.037018
vt 0.161575 0.034951
vt 0.143424 0.035449
vt 0.186827 0.037579
vt 0.187933 0.030975
vt 0.167842 0.035452
vt 0.188745 0.006843
vt 0.131204 0.182493
vt 0.124947 0.182124
vt 0.124476 0.188794
vt 0.173690 0.043403
vt 0.167350 0.043007
vt 0.155628 0.042737
vt 0.149953 0.042785
vt 0.137565 0.043406
vt 0.131157 0.043880
vt 0.180099 0.043880
vt 0.161308 0.042785
vt 0.143911 0.043010
vt 0.186356 0.044246
vt 0.155633 0.050472
vt 0.149963 0.050481
vt 0.137733 0.050148
vt 0.131304 0.049962
vt 0.179942 0.049959
vt 0.173523 0.050142
vt 0.161303 0.050478
vt 0.144022 0.050361
vt 0.130575 0.189351
vt 0.186235 0.049941
vt 0.167245 0.050355
vt 0.124900 0.044243
vt 0.125005 0.049941
vt 0.124491 0.056719
vt 0.143953 0.183363
vt 0.162168 0.220163
vt 0.168639 0.197068
vt 0.161990 0.197530
vt 0.149995 0.183588
vt 0.142690 0.197065
vt 0.149136 0.220159
vt 0.149345 0.197528
vt 0.161350 0.183585
vt 0.123370 0.195397
vt 0.128689 0.219685
vt 0.129449 0.195796
vt 0.167392 0.183363
vt 0.169021 0.220042
vt 0.175414 0.196414
vt 0.180146 0.182493
vt 0.155649 0.220214
vt 0.155665 0.197696
vt 0.186403 0.182130
vt 0.135307 0.219863
vt 0.135915 0.196408
vt 0.137613 0.182967
vt 0.175996 0.219872
vt 0.181886 0.195805
vt 0.155675 0.183636
vt 0.142282 0.220036
vt 0.761610 0.427682
vt 0.760619 0.431084
vt 0.761610 0.432605
vt 0.763215 0.433187
vt 0.763215 0.427101
vt 0.764821 0.427682
vt 0.764821 0.432605
vt 0.765813 0.429203
vt 0.765813 0.431084
vt 0.174382 0.190150
vt 0.167879 0.190924
vt 0.155670 0.191572
vt 0.149728 0.191419
vt 0.136958 0.190147
vt 0.180769 0.189358
vt 0.161612 0.191419
vt 0.143460 0.190921
vt 0.186869 0.188800
vt 0.187964 0.195406
vt 0.182614 0.219698
vt 0.760619 0.429203
vt 0.936062 0.957124
vt 0.936062 0.992188
vt 0.958499 0.992188
vt 0.958499 0.957124
vt 0.749502 0.821165
vt 0.749502 0.856228
vt 0.863024 0.856228
vt 0.856949 0.821165
vt 0.894795 0.850757
vt 0.894795 0.815171
vt 0.872358 0.815171
vt 0.872358 0.850757
vt 0.856949 0.913729
vt 0.863024 0.878665
vt 0.749502 0.878665
vt 0.749502 0.913729
vt 0.894795 0.992188
vt 0.894795 0.958318
vt 0.872358 0.958318
vt 0.872358 0.992188
vt 0.783371 0.992188
vt 0.749502 0.992188
vt 0.749502 0.742706
vt 0.783371 0.742706
vt 0.936062 0.878665
vt 0.958499 0.878665
vt 0.967913 0.957124
vt 0.967913 0.992188
vt 0.990350 0.992188
vt 0.990350 0.957124
vt 0.740167 0.913729
vt 0.740167 0.878665
vt 0.626645 0.878665
vt 0.632720 0.913729
vt 0.904210 0.956602
vt 0.904210 0.992188
vt 0.926647 0.992188
vt 0.926647 0.956602
vt 0.632720 0.821165
vt 0.626645 0.856228
vt 0.740167 0.856228
vt 0.740167 0.821165
vt 0.904210 0.815171
vt 0.904210 0.849040
vt 0.926647 0.849040
vt 0.926647 0.815171
vt 0.706298 0.742706
vt 0.740167 0.742706
vt 0.740167 0.992188
vt 0.706298 0.992188
vt 0.967913 0.878665
vt 0.990350 0.878665
vt 0.521554 0.301478
vt 0.521554 0.660709
vt 0.531932 0.660709
vt 0.531932 0.301478
vt 0.414826 0.660709
vt 0.414826 0.671087
vt 0.521554 0.671087
vt 0.414826 0.301478
vt 0.404448 0.301478
vt 0.404448 0.660709
vt 0.521554 0.291101
vt 0.414826 0.291100
vt 0.297721 0.301478
vt 0.297720 0.660709
vt 0.372632 0.017322
vt 0.418606 0.083640
vt 0.418606 0.017322
vt 0.360420 0.246140
vt 0.314447 0.233008
vt 0.314447 0.246140
vt 0.477418 0.083640
vt 0.418606 0.172979
vt 0.477418 0.172979
vt 0.372066 0.186749
vt 0.360420 0.233008
vt 0.372066 0.233008
vt 0.418606 0.239296
vt 0.372632 0.172979
vt 0.372632 0.239296
vt 0.881200 0.395570
vt 0.978558 0.029833
vt 0.881200 0.029833
vt 0.313820 0.172979
vt 0.372632 0.083640
vt 0.313820 0.083640
vt 0.490340 0.219074
vt 0.536314 0.172816
vt 0.490340 0.172816
vt 0.302235 0.198715
vt 0.291146 0.151997
vt 0.291146 0.198715
vt 0.314447 0.173617
vt 0.360420 0.186749
vt 0.360420 0.173617
vt 0.536314 0.232206
vt 0.490340 0.278465
vt 0.536314 0.278465
vt 0.416334 0.014760
vt 0.314447 0.292397
vt 0.360420 0.292397
vt 0.479689 0.170417
vt 0.490340 0.159684
vt 0.536314 0.159684
vt 0.374904 0.241858
vt 0.314447 0.186749
vt 0.311549 0.086202
vt 0.561098 0.378141
vt 0.658457 0.012406
vt 0.561098 0.012406
vt 0.419172 0.173617
vt 0.460602 0.257832
vt 0.460602 0.173617
vt 0.490340 0.232206
vt 0.302235 0.067783
vt 0.291146 0.021065
vt 0.291146 0.067783
vt 0.547959 0.172816
vt 0.536314 0.219074
vt 0.547959 0.219074
vt 0.302235 0.151997
vt 0.480256 0.083001
vt 0.526229 0.036743
vt 0.480256 0.036743
vt 0.302235 0.282930
vt 0.291146 0.282930
vt 0.526229 0.112787
vt 0.480256 0.159046
vt 0.526229 0.159046
vt 0.480256 0.006957
vt 0.526229 0.006957
vt 0.659413 0.386855
vt 0.880243 0.021121
vt 0.659413 0.021121
vt 0.480256 0.112787
vt 0.552644 0.036743
vt 0.526229 0.083001
vt 0.552644 0.083001
vt 0.964110 0.614265
vt 0.964110 0.628793
vt 0.973406 0.628793
vt 0.973406 0.614265
vt 0.985945 0.751685
vt 0.985945 0.737158
vt 0.938911 0.737158
vt 0.941427 0.751685
vt 0.951510 0.671910
vt 0.951510 0.686654
vt 0.960806 0.686654
vt 0.960806 0.671910
vt 0.941427 0.713334
vt 0.938911 0.727861
vt 0.985945 0.727861
vt 0.985945 0.713334
vt 0.951510 0.613312
vt 0.951510 0.627345
vt 0.960806 0.627345
vt 0.960806 0.613312
vt 0.971912 0.680827
vt 0.985945 0.680827
vt 0.985945 0.784192
vt 0.971912 0.784192
vt 0.964110 0.581758
vt 0.973406 0.581758
vt 0.953438 0.818241
vt 0.938911 0.818241
vt 0.938911 0.827538
vt 0.953438 0.827538
vt 0.938911 0.874573
vt 0.953438 0.872055
vt 0.938911 0.685345
vt 0.938911 0.700089
vt 0.948207 0.700089
vt 0.948207 0.685345
vt 0.953438 0.773724
vt 0.938911 0.771207
vt 0.938911 0.626748
vt 0.938911 0.640780
vt 0.948207 0.640780
vt 0.948207 0.626748
vt 0.973406 0.678327
vt 0.973406 0.631292
vt 0.964110 0.631292
vt 0.964110 0.678327
vt 0.985945 0.804209
vt 0.985945 0.818241
vt 0.985945 0.827538
vt 0.985945 0.841570
vt 0.987580 0.409343
vt 0.987580 0.573195
vt 0.994750 0.573195
vt 0.994750 0.409343
vt 0.913833 0.573195
vt 0.913833 0.580366
vt 0.987580 0.580366
vt 0.913833 0.409343
vt 0.906662 0.409343
vt 0.906662 0.573195
vt 0.987580 0.402172
vt 0.913833 0.402172
vt 0.832915 0.409343
vt 0.832915 0.573195
vt 0.109633 0.109985
vt 0.109633 0.137414
vt 0.091138 0.109985
vt 0.499531 0.988502
vt 0.289673 0.988502
vt 0.408289 0.988502
vt 0.824771 0.705925
vt 0.691833 0.720962
vt 0.680114 0.425889
vt 0.813050 0.410851
vt 0.558280 0.710134
vt 0.122558 0.006831
vt 0.766616 0.431083
vt 0.122558 0.219530
vt 0.188745 0.219541
vt 0.978558 0.395570
vt 0.374904 0.014760
vt 0.479689 0.086202
vt 0.416334 0.241858
vt 0.311549 0.170417
vt 0.658457 0.378141
vt 0.419172 0.257832
vt 0.302235 0.021065
vt 0.880243 0.386855
s 1
usemtl 01
f 130/1/1 132/2/1 129/3/1
f 75/4/2 93/5/3 95/6/4
f 57/7/5 6/8/5 56/9/5
f 59/10/5 19/11/5 57/7/5
f 61/12/5 20/13/5 59/10/5
f 63/14/5 21/15/5 61/12/5
f 65/16/5 22/17/5 63/14/5
f 67/18/5 23/19/5 65/16/5
f 25/20/5 67/18/5 69/21/5
f 26/22/5 69/21/5 71/23/5
f 27/24/5 71/23/5 74/25/5
f 28/26/5 74/25/5 76/27/5
f 4/28/5 76/27/5 51/29/5
f 29/30/6 6/8/7 19/11/6
f 30/31/8 19/11/6 20/13/8
f 31/32/9 20/13/8 21/15/9
f 32/33/10 21/15/9 22/17/10
f 33/34/11 22/17/10 23/19/12
f 34/35/13 23/19/12 24/36/13
f 35/37/14 24/36/13 25/20/14
f 36/38/15 25/20/14 26/22/15
f 37/39/16 26/22/15 27/24/16
f 38/40/17 27/24/16 28/26/18
f 3/41/19 28/26/18 4/28/19
f 77/42/20 5/43/20 29/30/20
f 79/44/20 29/30/20 30/31/20
f 81/45/20 30/31/20 31/32/20
f 83/46/20 31/32/20 32/33/20
f 85/47/20 32/33/20 33/34/20
f 87/48/20 33/34/20 34/35/20
f 35/37/20 87/48/20 34/35/20
f 36/38/20 89/49/20 35/37/20
f 37/39/20 91/50/20 36/38/20
f 38/40/20 94/51/20 37/39/20
f 3/41/20 96/52/20 38/40/20
f 135/53/21 133/54/21 136/55/21
f 60/56/22 78/57/23 80/58/22
f 62/59/24 80/58/22 82/60/24
f 64/61/25 82/60/24 84/62/25
f 66/63/26 84/62/25 86/64/26
f 68/65/27 86/64/26 88/66/27
f 70/67/28 88/66/27 90/68/28
f 72/69/29 90/68/28 92/70/29
f 73/71/3 92/70/29 93/5/3
f 98/72/30 51/29/31 76/27/32
f 103/73/33 50/74/34 102/75/35
f 106/76/36 76/27/32 74/25/37
f 107/77/38 96/52/39 103/73/33
f 111/78/40 58/79/41 110/80/42
f 110/80/42 60/81/43 114/82/44
f 114/82/44 62/83/45 116/84/46
f 116/84/46 64/85/47 118/86/48
f 118/86/48 66/87/49 120/88/50
f 120/88/50 68/89/51 47/90/52
f 45/91/53 68/89/51 70/92/54
f 43/93/55 70/92/54 72/94/56
f 105/95/57 72/94/56 73/96/58
f 41/97/59 78/98/60 54/99/61
f 40/100/62 80/101/63 78/98/60
f 18/102/64 82/103/65 80/101/63
f 16/104/66 84/105/67 82/103/65
f 14/106/68 86/107/69 84/105/67
f 10/108/70 86/107/69 12/109/71
f 8/110/72 88/111/73 10/108/70
f 2/112/74 90/113/75 8/110/72
f 108/114/76 92/115/77 2/112/74
f 97/116/78 99/117/79 98/72/30
f 75/118/80 100/119/81 97/116/78
f 102/75/35 104/120/82 103/73/33
f 101/121/83 95/122/84 104/120/82
f 105/95/57 98/72/30 106/76/36
f 73/96/58 97/116/78 105/95/57
f 103/73/33 108/114/76 107/77/38
f 104/120/82 93/123/85 108/114/76
f 110/80/42 112/124/86 111/78/40
f 109/125/87 56/9/88 112/124/86
f 114/82/44 109/125/87 110/80/42
f 113/126/89 57/7/90 109/125/87
f 116/84/46 113/126/89 114/82/44
f 115/127/91 59/10/92 113/126/89
f 118/86/48 115/127/91 116/84/46
f 117/128/93 61/12/94 115/127/91
f 120/88/50 117/128/93 118/86/48
f 119/129/95 63/14/96 117/128/93
f 48/130/97 120/88/50 47/90/52
f 67/18/98 119/129/95 48/130/97
f 46/131/99 47/90/52 45/91/53
f 69/21/100 48/130/97 46/131/99
f 44/132/101 45/91/53 43/93/55
f 71/23/102 46/131/99 44/132/101
f 106/76/36 43/93/55 105/95/57
f 74/25/37 44/132/101 106/76/36
f 42/133/103 40/100/62 41/97/59
f 53/134/104 39/135/105 42/133/103
f 39/135/105 18/102/64 40/100/62
f 77/42/106 17/136/107 39/135/105
f 17/136/107 16/104/66 18/102/64
f 79/44/108 15/137/109 17/136/107
f 15/137/109 14/106/68 16/104/66
f 81/45/110 13/138/111 15/137/109
f 13/138/111 12/109/71 14/106/68
f 83/46/112 11/139/113 13/138/111
f 11/139/113 10/108/70 12/109/71
f 11/139/113 87/48/114 9/140/115
f 10/108/70 7/141/116 8/110/72
f 9/140/115 89/49/117 7/141/116
f 8/110/72 1/142/118 2/112/74
f 7/141/116 91/50/119 1/142/118
f 2/112/74 107/77/38 108/114/76
f 1/142/118 94/51/120 107/77/38
f 75/4/2 124/143/1 123/144/1
f 52/145/1 123/146/1 122/147/1
f 49/148/1 122/149/121 121/150/1
f 124/151/1 49/152/1 121/153/1
f 55/154/21 125/155/122 126/156/21
f 127/157/21 55/158/21 126/159/21
f 78/57/23 127/160/21 128/161/122
f 54/99/21 128/162/122 125/163/21
f 123/164/123 132/2/123 131/165/123
f 130/166/20 123/146/20 131/167/20
f 121/168/124 130/166/124 129/169/124
f 124/151/5 129/170/5 132/171/5
f 126/172/125 133/173/125 134/174/125
f 127/157/20 134/175/20 135/176/20
f 128/177/126 135/53/126 136/55/126
f 133/173/5 128/162/5 136/178/5
f 266/1/1 268/2/1 265/3/1
f 211/4/2 229/5/3 231/6/127
f 193/7/5 142/8/5 192/9/5
f 195/10/5 155/11/5 193/7/5
f 197/12/5 156/13/5 195/10/5
f 199/14/5 157/15/5 197/12/5
f 201/16/5 158/17/5 199/14/5
f 203/18/5 159/19/5 201/16/5
f 161/20/5 203/18/5 205/21/5
f 162/22/5 205/21/5 207/23/5
f 163/24/5 207/23/5 210/25/5
f 164/26/5 210/25/5 212/27/5
f 140/28/5 212/27/5 187/29/5
f 165/30/6 142/8/7 155/11/6
f 166/31/8 155/11/6 156/13/8
f 167/32/9 156/13/8 157/15/9
f 168/33/10 157/15/9 158/17/10
f 169/34/11 158/17/10 159/19/12
f 170/35/13 159/19/12 160/36/13
f 171/37/14 160/36/13 161/20/14
f 172/38/15 161/20/14 162/22/15
f 173/39/16 162/22/15 163/24/16
f 174/40/17 163/24/16 164/26/18
f 139/41/19 164/26/18 140/28/19
f 213/42/20 141/43/20 165/30/20
f 215/44/20 165/30/20 166/31/20
f 217/45/20 166/31/20 167/32/20
f 219/46/20 167/32/20 168/33/20
f 221/47/20 168/33/20 169/34/20
f 223/48/20 169/34/20 170/35/20
f 171/37/20 223/48/20 170/35/20
f 172/38/20 225/49/20 171/37/20
f 173/39/20 227/50/20 172/38/20
f 174/40/20 230/51/20 173/39/20
f 139/41/20 232/52/20 174/40/20
f 271/53/21 269/54/21 272/55/21
f 196/56/22 214/57/128 216/58/22
f 198/59/24 216/58/22 218/60/24
f 200/61/25 218/60/24 220/62/25
f 202/63/26 220/62/25 222/64/26
f 204/65/27 222/64/26 224/66/27
f 206/67/28 224/66/27 226/68/28
f 208/69/29 226/68/28 228/70/29
f 209/71/3 228/70/29 229/5/3
f 234/72/30 187/29/31 212/27/32
f 239/73/33 186/74/34 238/75/129
f 242/76/36 212/27/32 210/25/37
f 243/77/38 232/52/39 239/73/33
f 247/78/40 194/79/130 246/80/42
f 246/80/42 196/81/43 250/82/44
f 250/82/44 198/83/45 252/84/46
f 252/84/46 200/85/47 254/86/48
f 254/86/48 202/87/49 256/88/50
f 183/90/131 202/87/49 204/89/51
f 181/91/132 204/89/51 206/92/54
f 179/93/55 206/92/54 208/94/56
f 241/95/57 208/94/56 209/96/58
f 177/97/59 214/98/60 190/99/61
f 176/100/62 216/101/63 214/98/60
f 154/102/64 218/103/65 216/101/63
f 152/104/66 220/105/67 218/103/65
f 150/106/133 222/107/134 220/105/67
f 146/108/70 222/107/134 148/109/71
f 144/110/72 224/111/73 146/108/70
f 138/112/74 226/113/75 144/110/72
f 244/114/76 228/115/77 138/112/74
f 233/116/78 235/117/79 234/72/30
f 211/118/80 236/119/81 233/116/78
f 238/75/129 240/120/82 239/73/33
f 237/121/83 231/122/84 240/120/82
f 241/95/57 234/72/30 242/76/36
f 209/96/58 233/116/78 241/95/57
f 239/73/33 244/114/76 243/77/38
f 240/120/82 229/123/85 244/114/76
f 246/80/42 248/124/86 247/78/40
f 245/125/87 192/9/88 248/124/86
f 250/82/44 245/125/87 246/80/42
f 249/126/89 193/7/90 245/125/87
f 252/84/46 249/126/89 250/82/44
f 251/127/91 195/10/92 249/126/89
f 254/86/48 251/127/91 252/84/46
f 253/128/93 197/12/94 251/127/91
f 256/88/50 253/128/93 254/86/48
f 255/129/95 199/14/96 253/128/93
f 184/130/97 256/88/50 183/90/131
f 203/18/98 255/129/95 184/130/97
f 182/131/99 183/90/131 181/91/132
f 205/21/100 184/130/97 182/131/99
f 180/132/101 181/91/132 179/93/55
f 207/23/102 182/131/99 180/132/101
f 242/76/36 179/93/55 241/95/57
f 210/25/37 180/132/101 242/76/36
f 178/133/103 176/100/62 177/97/59
f 189/134/104 175/135/105 178/133/103
f 175/135/105 154/102/64 176/100/62
f 213/42/106 153/136/107 175/135/105
f 153/136/107 152/104/66 154/102/64
f 215/44/135 151/137/109 153/136/107
f 151/137/109 150/106/133 152/104/66
f 217/45/110 149/138/136 151/137/109
f 149/138/136 148/109/71 150/106/133
f 219/46/112 147/139/113 149/138/136
f 147/139/113 146/108/70 148/109/71
f 147/139/113 223/48/114 145/140/115
f 146/108/70 143/141/116 144/110/72
f 145/140/115 225/49/117 143/141/116
f 144/110/72 137/142/118 138/112/74
f 143/141/116 227/50/119 137/142/118
f 138/112/74 243/77/38 244/114/76
f 137/142/118 230/51/137 243/77/38
f 211/4/2 260/143/1 259/144/121
f 188/145/1 259/146/121 258/147/1
f 257/150/121 188/179/1 258/149/1
f 260/151/1 185/152/121 257/153/121
f 191/154/21 261/155/122 262/156/21
f 263/157/122 191/158/21 262/159/21
f 264/161/122 194/180/23 263/160/122
f 190/99/21 264/162/122 261/163/21
f 259/164/123 268/2/123 267/165/123
f 266/166/20 259/146/20 267/167/20
f 257/168/124 266/166/124 265/169/124
f 260/151/5 265/170/5 268/171/5
f 262/172/125 269/173/125 270/174/125
f 263/157/20 270/175/20 271/176/20
f 264/177/126 271/53/126 272/55/126
f 269/173/5 264/162/5 272/178/5
f 402/1/1 404/2/1 401/3/1
f 347/4/4 365/5/3 367/6/127
f 329/7/5 278/8/5 328/9/5
f 331/10/5 291/11/5 329/7/5
f 333/12/5 292/13/5 331/10/5
f 335/14/5 293/15/5 333/12/5
f 337/16/5 294/17/5 335/14/5
f 339/18/5 295/19/5 337/16/5
f 297/20/5 339/18/5 341/21/5
f 298/22/5 341/21/5 343/23/5
f 299/24/5 343/23/5 346/25/5
f 300/26/5 346/25/5 348/27/5
f 276/28/5 348/27/5 323/29/5
f 301/30/138 278/8/7 291/11/6
f 302/31/8 291/11/6 292/13/8
f 303/32/9 292/13/8 293/15/9
f 304/33/10 293/15/9 294/17/10
f 305/34/11 294/17/10 295/19/11
f 306/35/13 295/19/11 296/36/13
f 307/37/14 296/36/13 297/20/14
f 308/38/15 297/20/14 298/22/15
f 309/39/16 298/22/15 299/24/16
f 310/40/17 299/24/16 300/26/18
f 275/41/19 300/26/18 276/28/19
f 349/42/20 277/43/20 301/30/20
f 351/44/20 301/30/20 302/31/20
f 353/45/20 302/31/20 303/32/20
f 355/46/20 303/32/20 304/33/20
f 357/47/20 304/33/20 305/34/20
f 359/48/20 305/34/20 306/35/20
f 307/37/20 359/48/20 306/35/20
f 308/38/20 361/49/20 307/37/20
f 309/39/20 363/50/20 308/38/20
f 310/40/20 366/51/20 309/39/20
f 275/41/20 368/52/20 310/40/20
f 407/53/21 405/54/21 408/55/21
f 332/56/22 350/57/23 352/58/22
f 334/59/24 352/58/22 354/60/24
f 336/61/25 354/60/24 356/62/25
f 338/63/26 356/62/25 358/64/26
f 340/65/27 358/64/26 360/66/27
f 342/67/28 360/66/27 362/68/28
f 344/69/29 362/68/28 364/70/29
f 345/71/3 364/70/29 365/5/3
f 370/72/30 323/29/31 348/27/32
f 375/73/33 322/74/34 374/75/35
f 378/76/36 348/27/32 346/25/139
f 379/77/38 368/52/39 375/73/33
f 383/78/40 330/79/41 382/80/42
f 382/80/42 332/81/43 386/82/44
f 386/82/44 334/83/45 388/84/46
f 388/84/46 336/85/47 390/86/48
f 390/86/48 338/87/49 392/88/50
f 319/90/131 338/87/49 340/89/140
f 317/91/132 340/89/140 342/92/54
f 315/93/55 342/92/54 344/94/56
f 377/95/57 344/94/56 345/96/58
f 313/97/59 350/98/60 326/99/61
f 312/100/141 352/101/63 350/98/60
f 290/102/64 354/103/65 352/101/63
f 288/104/66 356/105/67 354/103/65
f 286/106/68 358/107/69 356/105/67
f 284/109/142 360/111/73 358/107/69
f 280/110/72 360/111/73 282/108/143
f 274/112/74 362/113/75 280/110/72
f 380/114/76 364/115/77 274/112/74
f 369/116/78 371/117/79 370/72/30
f 347/118/80 372/119/81 369/116/78
f 374/75/35 376/120/82 375/73/33
f 373/121/83 367/122/84 376/120/82
f 377/95/57 370/72/30 378/76/36
f 345/96/58 369/116/78 377/95/57
f 375/73/33 380/114/76 379/77/38
f 376/120/82 365/123/85 380/114/76
f 382/80/42 384/124/86 383/78/40
f 381/125/87 328/9/88 384/124/86
f 386/82/44 381/125/87 382/80/42
f 385/126/89 329/7/90 381/125/87
f 388/84/46 385/126/89 386/82/44
f 387/127/91 331/10/144 385/126/89
f 390/86/48 387/127/91 388/84/46
f 389/128/93 333/12/94 387/127/91
f 392/88/50 389/128/93 390/86/48
f 391/129/95 335/14/96 389/128/93
f 320/130/97 392/88/50 319/90/131
f 339/18/98 391/129/95 320/130/97
f 318/131/99 319/90/131 317/91/132
f 341/21/100 320/130/97 318/131/99
f 316/132/101 317/91/132 315/93/55
f 343/23/102 318/131/99 316/132/101
f 378/76/36 315/93/55 377/95/57
f 346/25/139 316/132/101 378/76/36
f 314/133/103 312/100/141 313/97/59
f 325/134/104 311/135/105 314/133/103
f 311/135/105 290/102/64 312/100/141
f 349/42/106 289/136/107 311/135/105
f 289/136/107 288/104/66 290/102/64
f 351/44/108 287/137/109 289/136/107
f 287/137/109 286/106/68 288/104/66
f 353/45/110 285/138/136 287/137/109
f 285/138/136 284/109/142 286/106/68
f 355/46/112 283/139/113 285/138/136
f 283/139/113 282/108/143 284/109/142
f 283/139/113 359/48/114 281/140/115
f 282/108/143 279/141/116 280/110/72
f 281/140/115 361/49/117 279/141/116
f 280/110/72 273/142/118 274/112/74
f 279/141/116 363/50/119 273/142/118
f 274/112/74 379/77/38 380/114/76
f 273/142/118 366/51/137 379/77/38
f 395/144/1 367/6/127 396/143/1
f 324/145/1 395/146/1 394/147/121
f 321/148/121 394/149/121 393/150/121
f 367/122/127 393/153/121 396/151/1
f 398/156/122 326/181/122 397/155/122
f 399/157/21 327/158/21 398/159/122
f 350/57/23 399/160/21 400/161/122
f 326/99/21 400/162/122 397/163/21
f 395/164/123 404/2/123 403/165/123
f 402/166/20 395/146/20 403/167/20
f 393/168/124 402/166/124 401/169/124
f 396/151/5 401/170/5 404/171/5
f 398/172/125 405/173/125 406/174/125
f 399/157/20 406/175/20 407/176/20
f 400/177/126 407/53/126 408/55/126
f 405/173/5 400/162/5 408/178/5
f 409/182/145 411/183/145 412/184/145
f 415/185/5 410/186/5 414/187/5
f 412/188/146 415/189/146 416/190/146
f 412/191/20 413/192/20 409/193/20
f 416/194/147 414/195/147 413/192/147
f 413/196/148 410/197/148 409/198/148
f 531/199/149 529/200/150 528/201/151
f 530/202/152 542/203/153 529/204/150
f 533/205/154 534/206/155 542/203/153
f 536/207/156 537/208/157 534/206/155
f 540/209/158 538/210/159 537/208/157
f 529/204/150 541/211/160 509/212/161
f 426/213/20 503/214/20 505/215/20
f 529/204/150 542/203/153 541/211/160
f 544/216/145 532/217/145 426/213/145
f 531/199/149 526/218/162 527/219/163
f 543/220/5 519/221/5 544/216/5
f 527/219/163 524/222/164 525/223/165
f 505/215/147 535/224/147 543/220/147
f 525/223/165 522/225/166 523/226/167
f 503/227/146 519/228/146 535/229/146
f 523/226/167 520/230/168 521/231/169
f 544/216/148 505/215/148 543/220/148
f 517/232/170 515/233/171 518/234/172
f 521/231/169 538/210/159 539/235/173
f 520/230/168 522/225/166 514/236/174
f 419/237/175 433/238/176 425/239/177
f 520/230/168 514/236/174 513/240/178
f 421/241/179 444/242/180 445/243/181
f 537/208/157 518/234/172 534/206/155
f 417/244/182 427/245/183 428/246/184
f 512/247/185 524/222/164 526/218/162
f 425/239/177 429/248/186 424/249/187
f 538/210/159 520/230/168 513/240/178
f 418/250/145 445/243/181 430/251/188
f 538/210/159 513/240/178 510/252/189
f 422/253/190 428/246/184 431/254/191
f 528/201/151 529/200/150 509/255/161
f 424/249/187 434/256/192 435/257/193
f 528/201/151 509/255/161 508/258/194
f 418/250/145 432/259/195 419/237/175
f 542/203/153 534/206/155 518/234/172
f 420/260/196 431/254/191 444/242/180
f 542/203/153 518/234/172 541/211/160
f 425/261/197 435/262/197 419/263/197
f 522/225/166 524/222/164 511/264/198
f 418/265/197 435/262/197 423/266/197
f 522/225/166 511/264/198 514/236/174
f 421/267/197 423/266/197 417/268/197
f 537/208/157 538/210/159 510/252/189
f 420/269/197 417/268/197 422/270/197
f 537/208/157 510/252/189 517/232/170
f 454/271/199 427/245/183 440/272/200
f 454/271/199 428/246/184 427/245/183
f 433/238/176 436/273/201 429/248/186
f 526/218/162 528/201/151 508/258/194
f 437/274/202 445/243/181 446/275/203
f 437/274/202 430/251/188 445/243/181
f 438/276/204 428/246/184 454/271/199
f 438/276/204 431/254/191 428/246/184
f 439/277/205 429/248/186 436/273/201
f 439/277/205 434/256/192 429/248/186
f 441/278/206 430/251/188 437/274/202
f 441/278/206 432/259/195 430/251/188
f 444/242/180 438/276/204 443/279/207
f 526/218/162 508/258/194 512/247/185
f 440/280/200 434/256/192 439/277/205
f 440/280/200 427/281/183 434/256/192
f 442/282/208 432/259/195 441/278/206
f 442/282/208 433/238/176 432/259/195
f 435/257/193 427/281/183 423/283/147
f 507/284/209 498/285/210 506/286/211
f 464/287/212 442/282/208 463/288/213
f 464/287/212 436/273/201 442/282/208
f 447/289/214 446/275/203 453/290/215
f 447/289/214 437/274/202 446/275/203
f 448/291/216 454/271/199 455/292/217
f 448/291/216 438/276/204 454/271/199
f 449/293/218 436/273/201 464/287/212
f 449/293/218 439/277/205 436/273/201
f 451/294/219 437/274/202 447/289/214
f 451/294/219 441/278/206 437/274/202
f 452/295/220 438/276/204 448/291/216
f 452/295/220 443/279/207 438/276/204
f 450/296/221 439/277/205 449/293/218
f 450/296/221 440/280/200 439/277/205
f 463/288/213 441/278/206 451/294/219
f 463/288/213 442/282/208 441/278/206
f 453/290/215 443/279/207 452/295/220
f 453/290/215 446/275/203 443/279/207
f 446/275/203 444/242/180 443/279/207
f 446/275/203 445/243/181 444/242/180
f 461/297/222 453/290/215 460/298/223
f 461/297/222 447/289/214 453/290/215
f 458/299/224 455/292/217 456/300/225
f 458/299/224 448/291/216 455/292/217
f 466/301/226 464/287/212 465/302/227
f 466/301/226 449/293/218 464/287/212
f 457/303/228 447/289/214 461/297/222
f 457/303/228 451/294/219 447/289/214
f 448/291/216 459/304/229 452/295/220
f 507/284/209 506/286/211 504/305/230
f 467/306/231 449/293/218 466/301/226
f 467/306/231 450/296/221 449/293/218
f 462/307/232 451/294/219 457/303/228
f 462/307/232 463/288/213 451/294/219
f 460/298/223 452/295/220 459/304/229
f 460/298/223 453/290/215 452/295/220
f 456/300/225 450/308/221 467/309/231
f 456/300/225 455/292/217 450/308/221
f 455/292/217 440/272/200 450/308/221
f 455/292/217 454/271/199 440/272/200
f 527/219/163 456/300/225 531/199/149
f 527/219/163 458/299/224 456/300/225
f 540/209/158 457/303/228 539/235/173
f 540/209/158 462/307/232 457/303/228
f 523/226/167 459/304/229 525/223/165
f 523/226/167 460/298/223 459/304/229
f 533/205/154 465/302/227 536/207/156
f 533/205/154 466/301/226 465/302/227
f 531/199/149 467/309/231 530/310/152
f 531/199/149 456/300/225 467/309/231
f 539/235/173 461/297/222 521/231/169
f 539/235/173 457/303/228 461/297/222
f 458/299/224 525/223/165 459/304/229
f 508/258/194 509/255/161 498/285/210
f 465/302/227 540/209/158 536/207/156
f 508/258/194 498/285/210 507/284/209
f 521/231/169 460/298/223 523/226/167
f 521/231/169 461/297/222 460/298/223
f 464/287/212 462/307/232 465/302/227
f 514/236/174 511/264/198 502/311/233
f 530/202/152 466/301/226 533/205/154
f 530/202/152 467/306/231 466/301/226
f 470/312/234 481/313/235 482/314/236
f 514/236/174 502/311/233 501/315/237
f 493/316/238 475/317/182 492/318/239
f 517/232/170 510/252/189 500/319/240
f 485/320/241 472/321/179 477/322/242
f 517/232/170 500/319/240 516/323/243
f 468/324/244 478/325/245 481/313/235
f 509/212/161 541/211/160 499/326/246
f 492/318/239 476/327/147 479/328/247
f 509/212/161 499/326/246 498/329/210
f 477/322/242 473/330/196 480/331/248
f 497/332/249 511/264/198 512/247/185
f 469/333/250 484/334/251 478/325/245
f 510/252/189 513/240/178 496/335/252
f 476/327/147 482/314/236 479/328/247
f 510/252/189 496/335/252 500/319/240
f 480/331/248 474/336/253 493/316/238
f 541/211/160 518/234/172 515/233/171
f 471/337/254 468/338/254 470/339/254
f 541/211/160 515/233/171 499/326/246
f 471/337/254 476/340/254 483/341/254
f 512/247/185 508/258/194 507/284/209
f 472/342/254 476/340/254 475/343/254
f 512/247/185 507/284/209 497/332/249
f 473/344/254 475/343/254 474/345/254
f 513/240/178 514/236/174 501/315/237
f 504/305/230 485/320/241 477/322/242
f 504/305/230 506/286/211 485/320/241
f 481/313/235 486/346/255 490/347/256
f 513/240/178 501/315/237 496/335/252
f 487/348/257 492/318/239 479/328/247
f 487/348/257 495/349/258 492/318/239
f 488/350/259 477/322/242 480/331/248
f 488/350/259 504/305/230 477/322/242
f 489/351/260 478/325/245 484/334/251
f 489/351/260 486/346/255 478/325/245
f 491/352/261 479/328/247 482/314/236
f 491/352/261 487/348/257 479/328/247
f 488/350/259 493/316/238 494/353/262
f 495/349/258 494/353/262 493/316/238
f 506/354/211 484/334/251 485/355/241
f 506/354/211 489/351/260 484/334/251
f 490/347/256 482/314/236 481/313/235
f 490/347/256 491/352/261 482/314/236
f 471/356/263 485/355/241 484/334/251
f 495/349/258 493/316/238 492/318/239
f 515/233/171 490/347/256 486/346/255
f 515/233/171 516/323/243 490/347/256
f 496/335/252 495/349/258 487/348/257
f 496/335/252 501/315/237 495/349/258
f 497/332/249 504/305/230 488/350/259
f 497/332/249 507/284/209 504/305/230
f 499/326/246 486/346/255 489/351/260
f 499/326/246 515/233/171 486/346/255
f 500/319/240 487/348/257 491/352/261
f 500/319/240 496/335/252 487/348/257
f 502/311/233 488/350/259 494/353/262
f 502/311/233 497/332/249 488/350/259
f 498/329/210 489/351/260 506/354/211
f 498/329/210 499/326/246 489/351/260
f 516/323/243 491/352/261 490/347/256
f 516/323/243 500/319/240 491/352/261
f 501/315/237 494/353/262 495/349/258
f 501/315/237 502/311/233 494/353/262
f 659/199/149 657/200/150 656/201/151
f 658/202/152 670/203/153 657/204/150
f 661/205/154 662/206/155 670/203/153
f 664/207/156 665/208/264 662/206/155
f 668/209/158 666/210/159 665/208/264
f 657/204/150 669/211/160 637/212/161
f 554/213/20 631/214/20 633/215/20
f 657/204/150 670/203/153 669/211/160
f 672/216/145 660/217/145 554/213/145
f 659/199/149 654/218/162 655/219/163
f 671/220/5 647/221/5 672/216/5
f 655/219/163 652/222/164 653/223/165
f 633/215/147 663/224/147 671/220/147
f 653/223/165 650/225/166 651/226/265
f 631/227/146 647/228/146 663/229/146
f 651/226/265 648/230/168 649/231/169
f 672/216/148 633/215/148 671/220/148
f 645/232/170 643/233/171 646/234/172
f 649/231/169 666/210/159 667/235/173
f 648/230/168 650/225/166 642/236/266
f 547/237/267 561/238/268 553/239/250
f 648/230/168 642/236/266 641/240/269
f 549/241/270 572/242/180 573/243/181
f 665/208/264 646/234/172 662/206/155
f 545/244/182 555/245/183 556/246/184
f 640/247/271 652/222/164 654/218/162
f 553/239/250 557/248/186 552/249/272
f 666/210/159 648/230/168 641/240/269
f 546/250/145 573/243/181 558/251/188
f 666/210/159 641/240/269 638/252/189
f 550/253/190 556/246/184 559/254/191
f 656/201/151 657/200/150 637/255/161
f 552/249/272 562/256/273 563/257/193
f 656/201/151 637/255/161 636/258/194
f 546/250/145 560/259/195 547/237/267
f 670/203/153 662/206/155 646/234/172
f 548/260/196 559/254/191 572/242/180
f 670/203/153 646/234/172 669/211/160
f 553/261/197 563/262/197 547/263/197
f 650/225/166 652/222/164 639/264/198
f 546/265/197 563/262/197 551/266/197
f 650/225/166 639/264/198 642/236/266
f 546/265/197 545/268/197 549/267/197
f 665/208/264 666/210/159 638/252/189
f 548/269/197 545/268/197 550/270/197
f 665/208/264 638/252/189 645/232/170
f 582/271/199 555/245/183 568/272/200
f 582/271/199 556/246/184 555/245/183
f 561/238/268 564/273/201 557/248/186
f 654/218/162 656/201/151 636/258/194
f 565/274/202 573/243/181 574/275/203
f 565/274/202 558/251/188 573/243/181
f 566/276/204 556/246/184 582/271/199
f 566/276/204 559/254/191 556/246/184
f 567/277/205 557/248/186 564/273/201
f 567/277/205 562/256/273 557/248/186
f 569/278/206 558/251/188 565/274/202
f 569/278/206 560/259/195 558/251/188
f 572/242/180 566/276/204 571/279/207
f 654/218/162 636/258/194 640/247/271
f 568/280/200 562/256/273 567/277/205
f 568/280/200 555/281/183 562/256/273
f 570/282/274 560/259/195 569/278/206
f 570/282/274 561/238/268 560/259/195
f 563/257/193 555/281/183 551/283/147
f 635/284/209 626/285/210 634/286/211
f 592/287/212 570/282/274 591/288/213
f 592/287/212 564/273/201 570/282/274
f 575/289/275 574/275/203 581/290/215
f 575/289/275 565/274/202 574/275/203
f 576/291/216 582/271/199 583/292/217
f 576/291/216 566/276/204 582/271/199
f 577/293/218 564/273/201 592/287/212
f 577/293/218 567/277/205 564/273/201
f 579/294/219 565/274/202 575/289/275
f 579/294/219 569/278/206 565/274/202
f 580/295/220 566/276/204 576/291/216
f 580/295/220 571/279/207 566/276/204
f 578/296/221 567/277/205 577/293/218
f 578/296/221 568/280/200 567/277/205
f 591/288/213 569/278/206 579/294/219
f 591/288/213 570/282/274 569/278/206
f 581/290/215 571/279/207 580/295/220
f 581/290/215 574/275/203 571/279/207
f 574/275/203 572/242/180 571/279/207
f 574/275/203 573/243/181 572/242/180
f 589/297/222 581/290/215 588/298/276
f 589/297/222 575/289/275 581/290/215
f 586/299/224 583/292/217 584/300/225
f 586/299/224 576/291/216 583/292/217
f 594/301/226 592/287/212 593/302/227
f 594/301/226 577/293/218 592/287/212
f 585/303/228 575/289/275 589/297/222
f 585/303/228 579/294/219 575/289/275
f 576/291/216 587/304/229 580/295/220
f 635/284/209 634/286/211 632/305/230
f 595/306/231 577/293/218 594/301/226
f 595/306/231 578/296/221 577/293/218
f 590/307/232 579/294/219 585/303/228
f 590/307/232 591/288/213 579/294/219
f 588/298/276 580/295/220 587/304/229
f 588/298/276 581/290/215 580/295/220
f 584/300/225 578/308/221 595/309/231
f 584/300/225 583/292/217 578/308/221
f 583/292/217 568/272/200 578/308/221
f 583/292/217 582/271/199 568/272/200
f 655/219/163 584/300/225 659/199/149
f 655/219/163 586/299/224 584/300/225
f 668/209/158 585/303/228 667/235/173
f 668/209/158 590/307/232 585/303/228
f 651/226/265 587/304/229 653/223/165
f 651/226/265 588/298/276 587/304/229
f 661/205/154 593/302/227 664/207/156
f 661/205/154 594/301/226 593/302/227
f 659/199/149 595/309/231 658/310/152
f 659/199/149 584/300/225 595/309/231
f 667/235/173 589/297/222 649/231/169
f 667/235/173 585/303/228 589/297/222
f 586/299/224 653/223/165 587/304/229
f 636/258/194 637/255/161 626/285/210
f 593/302/227 668/209/158 664/207/156
f 636/258/194 626/285/210 635/284/209
f 649/231/169 588/298/276 651/226/265
f 649/231/169 589/297/222 588/298/276
f 592/287/212 590/307/232 593/302/227
f 642/236/266 639/264/198 630/311/233
f 658/202/152 594/301/226 661/205/154
f 658/202/152 595/306/231 594/301/226
f 598/312/234 609/313/235 610/314/236
f 642/236/266 630/311/233 629/315/277
f 621/316/238 603/317/182 620/318/239
f 645/232/170 638/252/189 628/319/240
f 613/320/241 600/321/179 605/322/242
f 645/232/170 628/319/240 644/323/243
f 596/324/244 606/325/245 609/313/235
f 637/212/161 669/211/160 627/326/246
f 620/318/239 604/327/147 607/328/247
f 637/212/161 627/326/246 626/329/210
f 605/322/242 601/330/196 608/331/248
f 625/332/249 639/264/198 640/247/271
f 597/333/250 612/334/251 606/325/245
f 638/252/189 641/240/269 624/335/252
f 604/327/147 610/314/236 607/328/247
f 638/252/189 624/335/252 628/319/240
f 608/331/248 602/336/253 621/316/238
f 669/211/160 646/234/172 643/233/171
f 598/339/254 597/357/254 596/338/254
f 669/211/160 643/233/171 627/326/246
f 599/337/254 604/340/254 611/341/254
f 640/247/271 636/258/194 635/284/209
f 600/342/254 604/340/254 603/343/254
f 640/247/271 635/284/209 625/332/249
f 601/344/254 603/343/254 602/345/254
f 641/240/269 642/236/266 629/315/277
f 632/305/230 613/320/241 605/322/242
f 632/305/230 634/286/211 613/320/241
f 609/313/235 614/346/255 618/347/256
f 641/240/269 629/315/277 624/335/252
f 615/348/257 620/318/239 607/328/247
f 615/348/257 623/349/258 620/318/239
f 616/350/259 605/322/242 608/331/248
f 616/350/259 632/305/230 605/322/242
f 617/351/260 606/325/245 612/334/251
f 617/351/260 614/346/255 606/325/245
f 619/352/261 607/328/247 610/314/236
f 619/352/261 615/348/257 607/328/247
f 616/350/259 621/316/238 622/353/262
f 623/349/258 622/353/262 621/316/238
f 634/354/211 612/334/251 613/355/241
f 634/354/211 617/351/260 612/334/251
f 618/347/256 610/314/236 609/313/235
f 618/347/256 619/352/261 610/314/236
f 599/356/263 613/355/241 612/334/251
f 623/349/258 621/316/238 620/318/239
f 643/233/171 618/347/256 614/346/255
f 643/233/171 644/323/243 618/347/256
f 624/335/252 623/349/258 615/348/257
f 624/335/252 629/315/277 623/349/258
f 625/332/249 632/305/230 616/350/259
f 625/332/249 635/284/209 632/305/230
f 627/326/246 614/346/255 617/351/260
f 627/326/246 643/233/171 614/346/255
f 628/319/240 615/348/257 619/352/261
f 628/319/240 624/335/252 615/348/257
f 630/311/233 616/350/259 622/353/262
f 630/311/233 625/332/249 616/350/259
f 626/329/210 617/351/260 634/354/211
f 626/329/210 627/326/246 617/351/260
f 644/323/243 619/352/261 618/347/256
f 644/323/243 628/319/240 619/352/261
f 629/315/277 622/353/262 623/349/258
f 629/315/277 630/311/233 622/353/262
f 787/199/278 785/200/150 784/201/151
f 786/202/152 798/203/153 785/204/150
f 789/205/154 790/206/155 798/203/153
f 792/207/156 793/208/157 790/206/155
f 796/209/158 794/210/159 793/208/157
f 785/204/150 797/211/160 765/212/161
f 682/213/20 759/214/20 761/215/20
f 785/204/150 798/203/153 797/211/160
f 800/216/145 788/217/145 682/213/145
f 787/199/278 782/218/162 783/219/163
f 799/220/5 775/221/5 800/216/5
f 783/219/163 780/222/164 781/223/165
f 761/215/147 791/224/147 799/220/147
f 781/223/165 778/225/279 779/226/265
f 759/227/146 775/228/146 791/229/146
f 779/226/265 776/230/168 777/231/169
f 800/216/148 761/215/148 799/220/148
f 773/232/170 771/233/171 774/234/172
f 777/231/169 794/210/159 795/235/173
f 776/230/168 778/225/279 770/236/266
f 675/237/175 689/238/176 681/239/177
f 776/230/168 770/236/266 769/240/269
f 677/241/179 700/242/180 701/243/181
f 793/208/157 774/234/172 790/206/155
f 673/244/182 683/245/183 684/246/184
f 768/247/185 780/222/164 782/218/162
f 681/239/177 685/248/186 680/249/272
f 794/210/159 776/230/168 769/240/269
f 674/250/145 701/243/181 686/251/188
f 794/210/159 769/240/269 766/252/189
f 678/253/190 684/246/184 687/254/191
f 784/201/151 785/200/150 765/255/161
f 680/249/272 690/256/192 691/257/193
f 784/201/151 765/255/161 764/258/194
f 674/250/145 688/259/195 675/237/175
f 798/203/153 790/206/155 774/234/172
f 676/260/196 687/254/191 700/242/180
f 798/203/153 774/234/172 797/211/160
f 681/261/197 691/262/197 675/263/197
f 778/225/279 780/222/164 767/264/198
f 679/266/197 675/263/197 691/262/197
f 778/225/279 767/264/198 770/236/266
f 674/265/197 673/268/197 677/267/197
f 793/208/157 794/210/159 766/252/189
f 676/269/197 673/268/197 678/270/197
f 793/208/157 766/252/189 773/232/170
f 710/271/199 683/245/183 696/272/200
f 710/271/199 684/246/184 683/245/183
f 689/238/176 692/273/201 685/248/186
f 782/218/162 784/201/151 764/258/194
f 693/274/280 701/243/181 702/275/203
f 693/274/280 686/251/188 701/243/181
f 694/276/204 684/246/184 710/271/199
f 694/276/204 687/254/191 684/246/184
f 695/277/205 685/248/186 692/273/201
f 695/277/205 690/256/192 685/248/186
f 697/278/206 686/251/188 693/274/280
f 697/278/206 688/259/195 686/251/188
f 700/242/180 694/276/204 699/279/207
f 782/218/162 764/258/194 768/247/185
f 696/280/200 690/256/192 695/277/205
f 696/280/200 683/281/183 690/256/192
f 698/282/274 688/259/195 697/278/206
f 698/282/274 689/238/176 688/259/195
f 691/257/193 683/281/183 679/283/147
f 763/284/209 754/285/281 762/286/282
f 720/287/212 698/282/274 719/288/283
f 720/287/212 692/273/201 698/282/274
f 703/289/275 702/275/203 709/290/284
f 703/289/275 693/274/280 702/275/203
f 704/291/216 710/271/199 711/292/217
f 704/291/216 694/276/204 710/271/199
f 705/293/218 692/273/201 720/287/212
f 705/293/218 695/277/205 692/273/201
f 707/294/219 693/274/280 703/289/275
f 707/294/219 697/278/206 693/274/280
f 708/295/220 694/276/204 704/291/216
f 708/295/220 699/279/207 694/276/204
f 706/296/221 695/277/205 705/293/218
f 706/296/221 696/280/200 695/277/205
f 719/288/283 697/278/206 707/294/219
f 719/288/283 698/282/274 697/278/206
f 709/290/284 699/279/207 708/295/220
f 709/290/284 702/275/203 699/279/207
f 702/275/203 700/242/180 699/279/207
f 702/275/203 701/243/181 700/242/180
f 717/297/222 709/290/284 716/298/223
f 717/297/222 703/289/275 709/290/284
f 714/299/224 711/292/217 712/300/225
f 714/299/224 704/291/216 711/292/217
f 722/301/226 720/287/212 721/302/227
f 722/301/226 705/293/218 720/287/212
f 713/303/228 703/289/275 717/297/222
f 713/303/228 707/294/219 703/289/275
f 704/291/216 715/304/229 708/295/220
f 763/284/209 762/286/282 760/305/230
f 723/306/231 705/293/218 722/301/226
f 723/306/231 706/296/221 705/293/218
f 718/307/232 707/294/219 713/303/228
f 718/307/232 719/288/283 707/294/219
f 716/298/223 708/295/220 715/304/229
f 716/298/223 709/290/284 708/295/220
f 712/300/225 706/308/221 723/309/231
f 712/300/225 711/292/217 706/308/221
f 711/292/217 696/272/200 706/308/221
f 711/292/217 710/271/199 696/272/200
f 783/219/163 712/300/225 787/199/278
f 783/219/163 714/299/224 712/300/225
f 796/209/158 713/303/228 795/235/173
f 796/209/158 718/307/232 713/303/228
f 779/226/265 715/304/229 781/223/165
f 779/226/265 716/298/223 715/304/229
f 789/205/154 721/302/227 792/207/156
f 789/205/154 722/301/226 721/302/227
f 787/199/278 723/309/231 786/310/152
f 787/199/278 712/300/225 723/309/231
f 795/235/173 717/297/222 777/231/169
f 795/235/173 713/303/228 717/297/222
f 714/299/224 781/223/165 715/304/229
f 764/258/194 765/255/161 754/285/281
f 721/302/227 796/209/158 792/207/156
f 764/258/194 754/285/281 763/284/209
f 777/231/169 716/298/223 779/226/265
f 777/231/169 717/297/222 716/298/223
f 720/287/212 718/307/232 721/302/227
f 770/236/266 767/264/198 758/311/233
f 786/202/152 722/301/226 789/205/154
f 786/202/152 723/306/231 722/301/226
f 726/312/234 737/313/235 738/314/285
f 770/236/266 758/311/233 757/315/277
f 749/316/238 731/317/182 748/318/239
f 773/232/170 766/252/189 756/319/240
f 741/320/241 728/321/179 733/322/242
f 773/232/170 756/319/240 772/323/243
f 724/324/244 734/325/245 737/313/235
f 765/212/161 797/211/160 755/326/246
f 748/318/239 732/327/147 735/328/247
f 765/212/161 755/326/246 754/329/281
f 733/322/242 729/330/196 736/331/248
f 753/332/249 767/264/198 768/247/185
f 725/333/250 740/334/251 734/325/245
f 766/252/189 769/240/269 752/335/252
f 732/327/147 738/314/285 735/328/247
f 766/252/189 752/335/252 756/319/240
f 736/331/248 730/336/253 749/316/238
f 797/211/160 774/234/172 771/233/171
f 726/339/254 725/357/254 724/338/286
f 797/211/160 771/233/171 755/326/246
f 727/337/254 732/340/254 739/341/254
f 768/247/185 764/258/194 763/284/209
f 728/342/254 732/340/254 731/343/254
f 768/247/185 763/284/209 753/332/249
f 728/342/254 730/345/254 729/344/254
f 769/240/269 770/236/266 757/315/277
f 760/305/230 741/320/241 733/322/242
f 760/305/230 762/286/282 741/320/241
f 737/313/235 742/346/287 746/347/256
f 769/240/269 757/315/277 752/335/252
f 743/348/257 748/318/239 735/328/247
f 743/348/257 751/349/258 748/318/239
f 744/350/259 733/322/242 736/331/248
f 744/350/259 760/305/230 733/322/242
f 745/351/260 734/325/245 740/334/251
f 745/351/260 742/346/287 734/325/245
f 747/352/261 735/328/247 738/314/285
f 747/352/261 743/348/257 735/328/247
f 744/350/259 749/316/238 750/353/262
f 751/349/258 750/353/262 749/316/238
f 762/354/282 740/334/251 741/355/241
f 762/354/282 745/351/260 740/334/251
f 746/347/256 738/314/285 737/313/235
f 746/347/256 747/352/261 738/314/285
f 727/356/263 741/355/241 740/334/251
f 751/349/258 749/316/238 748/318/239
f 771/233/171 746/347/256 742/346/287
f 771/233/171 772/323/243 746/347/256
f 752/335/252 751/349/258 743/348/257
f 752/335/252 757/315/277 751/349/258
f 753/332/249 760/305/230 744/350/259
f 753/332/249 763/284/209 760/305/230
f 755/326/246 742/346/287 745/351/260
f 755/326/246 771/233/171 742/346/287
f 756/319/240 743/348/257 747/352/261
f 756/319/240 752/335/252 743/348/257
f 758/311/233 744/350/259 750/353/262
f 758/311/233 753/332/249 744/350/259
f 754/329/281 745/351/260 762/354/282
f 754/329/281 755/326/246 745/351/260
f 772/323/243 747/352/261 746/347/256
f 772/323/243 756/319/240 747/352/261
f 757/315/277 750/353/262 751/349/258
f 757/315/277 758/311/233 750/353/262
f 915/199/278 913/200/150 912/201/151
f 914/202/152 926/203/153 913/204/150
f 917/205/154 918/206/155 926/203/153
f 920/207/156 921/208/157 918/206/155
f 924/209/158 922/210/159 921/208/157
f 913/204/150 925/211/160 893/212/161
f 810/213/20 887/214/20 889/215/20
f 913/204/150 926/203/153 925/211/160
f 928/216/145 916/217/145 810/213/145
f 915/199/278 910/218/162 911/219/163
f 927/220/5 903/221/5 928/216/5
f 911/219/163 908/222/164 909/223/165
f 889/215/147 919/224/147 927/220/147
f 909/223/165 906/225/166 907/226/265
f 887/227/146 903/228/146 919/229/146
f 907/226/265 904/230/168 905/231/169
f 928/216/148 889/215/148 927/220/148
f 901/232/170 899/233/171 902/234/288
f 905/231/169 922/210/159 923/235/173
f 904/230/168 906/225/166 898/236/174
f 803/237/175 817/238/176 809/239/177
f 904/230/168 898/236/174 897/240/269
f 805/241/179 828/242/180 829/243/181
f 921/208/157 902/234/288 918/206/155
f 801/244/182 811/245/183 812/246/289
f 896/247/185 908/222/164 910/218/162
f 809/239/177 813/248/186 808/249/272
f 922/210/159 904/230/168 897/240/269
f 802/250/145 829/243/181 814/251/188
f 922/210/159 897/240/269 894/252/189
f 806/253/190 812/246/289 815/254/191
f 912/201/151 913/200/150 893/255/161
f 808/249/272 818/256/273 819/257/193
f 912/201/151 893/255/161 892/258/194
f 802/250/145 816/259/195 803/237/175
f 926/203/153 918/206/155 902/234/288
f 804/260/196 815/254/191 828/242/180
f 926/203/153 902/234/288 925/211/160
f 809/261/197 819/262/197 803/263/197
f 906/225/166 908/222/164 895/264/198
f 807/266/197 803/263/197 819/262/197
f 906/225/166 895/264/198 898/236/174
f 802/265/197 801/268/197 805/267/197
f 921/208/157 922/210/159 894/252/189
f 804/269/197 801/268/197 806/270/197
f 921/208/157 894/252/189 901/232/170
f 838/271/199 811/245/183 824/272/290
f 838/271/199 812/246/289 811/245/183
f 817/238/176 820/273/201 813/248/186
f 910/218/162 912/201/151 892/258/194
f 821/274/202 829/243/181 830/275/203
f 821/274/202 814/251/188 829/243/181
f 822/276/204 812/246/289 838/271/199
f 822/276/204 815/254/191 812/246/289
f 823/277/205 813/248/186 820/273/201
f 823/277/205 818/256/273 813/248/186
f 825/278/206 814/251/188 821/274/202
f 825/278/206 816/259/195 814/251/188
f 828/242/180 822/276/204 827/279/207
f 910/218/162 892/258/194 896/247/185
f 824/280/290 818/256/273 823/277/205
f 824/280/290 811/281/183 818/256/273
f 826/282/274 816/259/195 825/278/206
f 826/282/274 817/238/176 816/259/195
f 819/257/193 811/281/183 807/283/147
f 891/284/209 882/285/281 890/286/282
f 848/287/212 826/282/274 847/288/283
f 848/287/212 820/273/201 826/282/274
f 831/289/214 830/275/203 837/290/215
f 831/289/214 821/274/202 830/275/203
f 832/291/291 838/271/199 839/292/217
f 832/291/291 822/276/204 838/271/199
f 833/293/218 820/273/201 848/287/212
f 833/293/218 823/277/205 820/273/201
f 835/294/219 821/274/202 831/289/214
f 835/294/219 825/278/206 821/274/202
f 836/295/220 822/276/204 832/291/291
f 836/295/220 827/279/207 822/276/204
f 834/296/221 823/277/205 833/293/218
f 834/296/221 824/280/290 823/277/205
f 847/288/283 825/278/206 835/294/219
f 847/288/283 826/282/274 825/278/206
f 837/290/215 827/279/207 836/295/220
f 837/290/215 830/275/203 827/279/207
f 830/275/203 828/242/180 827/279/207
f 830/275/203 829/243/181 828/242/180
f 845/297/292 837/290/215 844/298/223
f 845/297/292 831/289/214 837/290/215
f 842/299/224 839/292/217 840/300/225
f 842/299/224 832/291/291 839/292/217
f 850/301/293 848/287/212 849/302/227
f 850/301/293 833/293/218 848/287/212
f 841/303/228 831/289/214 845/297/292
f 841/303/228 835/294/219 831/289/214
f 832/291/291 843/304/229 836/295/220
f 891/284/209 890/286/282 888/305/230
f 851/306/294 833/293/218 850/301/293
f 851/306/294 834/296/221 833/293/218
f 846/307/232 835/294/219 841/303/228
f 846/307/232 847/288/283 835/294/219
f 844/298/223 836/295/220 843/304/229
f 844/298/223 837/290/215 836/295/220
f 840/300/225 834/308/221 851/309/294
f 840/300/225 839/292/217 834/308/221
f 839/292/217 824/272/290 834/308/221
f 839/292/217 838/271/199 824/272/290
f 911/219/163 840/300/225 915/199/278
f 911/219/163 842/299/224 840/300/225
f 924/209/158 841/303/228 923/235/173
f 924/209/158 846/307/232 841/303/228
f 907/226/265 843/304/229 909/223/165
f 907/226/265 844/298/223 843/304/229
f 917/205/154 849/302/227 920/207/156
f 917/205/154 850/301/293 849/302/227
f 915/199/278 851/309/294 914/310/152
f 915/199/278 840/300/225 851/309/294
f 923/235/173 845/297/292 905/231/169
f 923/235/173 841/303/228 845/297/292
f 842/299/224 909/223/165 843/304/229
f 892/258/194 893/255/161 882/285/281
f 849/302/227 924/209/158 920/207/156
f 892/258/194 882/285/281 891/284/209
f 905/231/169 844/298/223 907/226/265
f 905/231/169 845/297/292 844/298/223
f 848/287/212 846/307/232 849/302/227
f 898/236/174 895/264/198 886/311/233
f 914/202/152 850/301/293 917/205/154
f 914/202/152 851/306/294 850/301/293
f 854/312/295 865/313/235 866/314/285
f 898/236/174 886/311/233 885/315/277
f 877/316/238 859/317/182 876/318/239
f 901/232/170 894/252/189 884/319/240
f 869/320/241 856/321/179 861/322/242
f 901/232/170 884/319/240 900/323/243
f 852/324/244 862/325/245 865/313/235
f 893/212/161 925/211/160 883/326/246
f 876/318/239 860/327/147 863/328/247
f 893/212/161 883/326/246 882/329/281
f 861/322/242 857/330/296 864/331/297
f 881/332/249 895/264/198 896/247/185
f 853/333/250 868/334/251 862/325/245
f 894/252/189 897/240/269 880/335/252
f 860/327/147 866/314/285 863/328/247
f 894/252/189 880/335/252 884/319/240
f 864/331/297 858/336/253 877/316/238
f 925/211/160 902/234/288 899/233/171
f 854/339/254 853/357/254 852/338/254
f 925/211/160 899/233/171 883/326/246
f 855/337/254 860/340/254 867/341/254
f 896/247/185 892/258/194 891/284/209
f 856/342/254 860/340/254 859/343/254
f 896/247/185 891/284/209 881/332/249
f 856/342/254 858/345/254 857/344/254
f 897/240/269 898/236/174 885/315/277
f 888/305/230 869/320/241 861/322/242
f 888/305/230 890/286/282 869/320/241
f 865/313/235 870/346/255 874/347/256
f 897/240/269 885/315/277 880/335/252
f 871/348/257 876/318/239 863/328/247
f 871/348/257 879/349/258 876/318/239
f 872/350/259 861/322/242 864/331/297
f 872/350/259 888/305/230 861/322/242
f 873/351/260 862/325/245 868/334/251
f 873/351/260 870/346/255 862/325/245
f 875/352/261 863/328/247 866/314/285
f 875/352/261 871/348/257 863/328/247
f 872/350/259 877/316/238 878/353/262
f 879/349/258 878/353/262 877/316/238
f 890/354/282 868/334/251 869/355/241
f 890/354/282 873/351/260 868/334/251
f 874/347/256 866/314/285 865/313/235
f 874/347/256 875/352/261 866/314/285
f 855/356/263 869/355/241 868/334/251
f 879/349/258 877/316/238 876/318/239
f 899/233/171 874/347/256 870/346/255
f 899/233/171 900/323/243 874/347/256
f 880/335/252 879/349/258 871/348/257
f 880/335/252 885/315/277 879/349/258
f 881/332/249 888/305/230 872/350/259
f 881/332/249 891/284/209 888/305/230
f 883/326/246 870/346/255 873/351/260
f 883/326/246 899/233/171 870/346/255
f 884/319/240 871/348/257 875/352/261
f 884/319/240 880/335/252 871/348/257
f 886/311/233 872/350/259 878/353/262
f 886/311/233 881/332/249 872/350/259
f 882/329/281 873/351/260 890/354/282
f 882/329/281 883/326/246 873/351/260
f 900/323/243 875/352/261 874/347/256
f 900/323/243 884/319/240 875/352/261
f 885/315/277 878/353/262 879/349/258
f 885/315/277 886/311/233 878/353/262
f 1043/199/278 1041/200/150 1040/201/151
f 1042/202/152 1054/203/153 1041/204/150
f 1045/205/154 1046/206/155 1054/203/153
f 1048/207/156 1049/208/157 1046/206/155
f 1052/209/158 1050/210/159 1049/208/157
f 1041/204/150 1053/211/160 1021/212/161
f 938/213/20 1015/214/20 1017/215/20
f 1041/204/150 1054/203/153 1053/211/160
f 1056/216/145 1044/217/145 938/213/145
f 1043/199/278 1038/218/162 1039/219/163
f 1055/220/5 1031/221/5 1056/216/5
f 1039/219/163 1036/222/164 1037/223/165
f 1017/215/147 1047/224/147 1055/220/147
f 1037/223/165 1034/225/166 1035/226/265
f 1015/227/146 1031/228/146 1047/229/146
f 1035/226/265 1032/230/168 1033/231/169
f 1056/216/148 1017/215/148 1055/220/148
f 1029/232/170 1027/233/171 1030/234/288
f 1033/231/169 1050/210/159 1051/235/173
f 1032/230/168 1034/225/166 1026/236/174
f 931/237/267 945/238/176 937/239/177
f 1032/230/168 1026/236/174 1025/240/178
f 933/241/179 956/242/180 957/243/181
f 1049/208/157 1030/234/288 1046/206/155
f 929/244/182 939/245/183 940/246/184
f 1024/247/185 1036/222/164 1038/218/162
f 937/239/177 941/248/186 936/249/272
f 1050/210/159 1032/230/168 1025/240/178
f 930/250/145 957/243/181 942/251/188
f 1050/210/159 1025/240/178 1022/252/189
f 934/253/190 940/246/184 943/254/191
f 1040/201/151 1041/200/150 1021/255/161
f 936/249/272 946/256/192 947/257/193
f 1040/201/151 1021/255/161 1020/258/194
f 930/250/145 944/259/195 931/237/267
f 1054/203/153 1046/206/155 1030/234/288
f 932/260/196 943/254/191 956/242/180
f 1054/203/153 1030/234/288 1053/211/160
f 937/261/197 947/262/197 931/263/197
f 1034/225/166 1036/222/164 1023/264/198
f 930/265/197 947/262/197 935/266/197
f 1034/225/166 1023/264/198 1026/236/174
f 930/265/197 929/268/197 933/267/197
f 1049/208/157 1050/210/159 1022/252/189
f 932/269/197 929/268/197 934/270/197
f 1049/208/157 1022/252/189 1029/232/170
f 966/271/199 939/245/183 952/272/200
f 966/271/199 940/246/184 939/245/183
f 945/238/176 948/273/201 941/248/186
f 1038/218/162 1040/201/151 1020/258/194
f 949/274/280 957/243/181 958/275/203
f 949/274/280 942/251/188 957/243/181
f 950/276/204 940/246/184 966/271/199
f 950/276/204 943/254/191 940/246/184
f 951/277/205 941/248/186 948/273/201
f 951/277/205 946/256/192 941/248/186
f 953/278/206 942/251/188 949/274/280
f 953/278/206 944/259/195 942/251/188
f 956/242/180 950/276/204 955/279/207
f 1038/218/162 1020/258/194 1024/247/185
f 952/280/200 946/256/192 951/277/205
f 952/280/200 939/281/183 946/256/192
f 954/282/274 944/259/195 953/278/206
f 954/282/274 945/238/176 944/259/195
f 947/257/193 939/281/183 935/283/147
f 1019/284/209 1010/285/210 1018/286/298
f 976/287/212 954/282/274 975/288/213
f 976/287/212 948/273/201 954/282/274
f 959/289/275 958/275/203 965/290/215
f 959/289/275 949/274/280 958/275/203
f 960/291/216 966/271/199 967/292/217
f 960/291/216 950/276/204 966/271/199
f 961/293/218 948/273/201 976/287/212
f 961/293/218 951/277/205 948/273/201
f 963/294/219 949/274/280 959/289/275
f 963/294/219 953/278/206 949/274/280
f 964/295/220 950/276/204 960/291/216
f 964/295/220 955/279/207 950/276/204
f 962/296/299 951/277/205 961/293/218
f 962/296/299 952/280/200 951/277/205
f 975/288/213 953/278/206 963/294/219
f 975/288/213 954/282/274 953/278/206
f 965/290/215 955/279/207 964/295/220
f 965/290/215 958/275/203 955/279/207
f 958/275/203 956/242/180 955/279/207
f 958/275/203 957/243/181 956/242/180
f 973/297/222 965/290/215 972/298/223
f 973/297/222 959/289/275 965/290/215
f 970/299/224 967/292/217 968/300/225
f 970/299/224 960/291/216 967/292/217
f 978/301/293 976/287/212 977/302/227
f 978/301/293 961/293/218 976/287/212
f 969/303/228 959/289/275 973/297/222
f 969/303/228 963/294/219 959/289/275
f 960/291/216 971/304/229 964/295/220
f 1019/284/209 1018/286/298 1016/305/230
f 979/306/294 961/293/218 978/301/293
f 979/306/294 962/296/299 961/293/218
f 974/307/232 963/294/219 969/303/228
f 974/307/232 975/288/213 963/294/219
f 972/298/223 964/295/220 971/304/229
f 972/298/223 965/290/215 964/295/220
f 968/300/225 962/308/299 979/309/294
f 968/300/225 967/292/217 962/308/299
f 967/292/217 952/272/200 962/308/299
f 967/292/217 966/271/199 952/272/200
f 1039/219/163 968/300/225 1043/199/278
f 1039/219/163 970/299/224 968/300/225
f 1052/209/158 969/303/228 1051/235/173
f 1052/209/158 974/307/232 969/303/228
f 1035/226/265 971/304/229 1037/223/165
f 1035/226/265 972/298/223 971/304/229
f 1045/205/154 977/302/227 1048/207/156
f 1045/205/154 978/301/293 977/302/227
f 1043/199/278 979/309/294 1042/310/152
f 1043/199/278 968/300/225 979/309/294
f 1051/235/173 973/297/222 1033/231/169
f 1051/235/173 969/303/228 973/297/222
f 970/299/224 1037/223/165 971/304/229
f 1020/258/194 1021/255/161 1010/285/210
f 977/302/227 1052/209/158 1048/207/156
f 1020/258/194 1010/285/210 1019/284/209
f 1033/231/169 972/298/223 1035/226/265
f 1033/231/169 973/297/222 972/298/223
f 976/287/212 974/307/232 977/302/227
f 1026/236/174 1023/264/198 1014/311/233
f 1042/202/152 978/301/293 1045/205/154
f 1042/202/152 979/306/294 978/301/293
f 982/312/234 993/313/235 994/314/285
f 1026/236/174 1014/311/233 1013/315/277
f 1005/316/238 987/317/182 1004/318/239
f 1029/232/170 1022/252/189 1012/319/240
f 997/320/241 984/321/179 989/322/242
f 1029/232/170 1012/319/240 1028/323/243
f 980/324/244 990/325/245 993/313/235
f 1021/212/161 1053/211/160 1011/326/246
f 1004/318/239 988/327/147 991/328/247
f 1021/212/161 1011/326/246 1010/329/210
f 989/322/242 985/330/296 992/331/297
f 1009/332/249 1023/264/198 1024/247/185
f 981/333/250 996/334/251 990/325/245
f 1022/252/189 1025/240/178 1008/335/252
f 988/327/147 994/314/285 991/328/247
f 1022/252/189 1008/335/252 1012/319/240
f 992/331/297 986/336/253 1005/316/238
f 1053/211/160 1030/234/288 1027/233/171
f 982/339/254 981/357/254 980/338/254
f 1053/211/160 1027/233/171 1011/326/246
f 983/337/254 988/340/254 995/341/254
f 1024/247/185 1020/258/194 1019/284/209
f 984/342/254 988/340/254 987/343/254
f 1024/247/185 1019/284/209 1009/332/249
f 984/342/254 986/345/254 985/344/254
f 1025/240/178 1026/236/174 1013/315/277
f 1016/305/230 997/320/241 989/322/242
f 1016/305/230 1018/286/298 997/320/241
f 993/313/235 998/346/255 1002/347/256
f 1025/240/178 1013/315/277 1008/335/252
f 999/348/257 1004/318/239 991/328/247
f 999/348/257 1007/349/258 1004/318/239
f 1000/350/259 989/322/242 992/331/297
f 1000/350/259 1016/305/230 989/322/242
f 1001/351/260 990/325/245 996/334/251
f 1001/351/260 998/346/255 990/325/245
f 1003/352/261 991/328/247 994/314/285
f 1003/352/261 999/348/257 991/328/247
f 1000/350/259 1005/316/238 1006/353/262
f 1007/349/258 1006/353/262 1005/316/238
f 1018/354/298 996/334/251 997/355/241
f 1018/354/298 1001/351/260 996/334/251
f 1002/347/256 994/314/285 993/313/235
f 1002/347/256 1003/352/261 994/314/285
f 983/356/263 997/355/241 996/334/251
f 1007/349/258 1005/316/238 1004/318/239
f 1027/233/171 1002/347/256 998/346/255
f 1027/233/171 1028/323/243 1002/347/256
f 1008/335/252 1007/349/258 999/348/257
f 1008/335/252 1013/315/277 1007/349/258
f 1009/332/249 1016/305/230 1000/350/259
f 1009/332/249 1019/284/209 1016/305/230
f 1011/326/246 998/346/255 1001/351/260
f 1011/326/246 1027/233/171 998/346/255
f 1012/319/240 999/348/257 1003/352/261
f 1012/319/240 1008/335/252 999/348/257
f 1014/311/233 1000/350/259 1006/353/262
f 1014/311/233 1009/332/249 1000/350/259
f 1010/329/210 1001/351/260 1018/354/298
f 1010/329/210 1011/326/246 1001/351/260
f 1028/323/243 1003/352/261 1002/347/256
f 1028/323/243 1012/319/240 1003/352/261
f 1013/315/277 1006/353/262 1007/349/258
f 1013/315/277 1014/311/233 1006/353/262
f 1057/358/145 1058/359/145 1059/360/145
f 1057/358/145 1059/360/145 1060/361/145
f 1060/362/146 1059/363/146 1077/364/146
f 1060/362/146 1077/364/146 1084/365/146
f 1084/366/300 1077/367/301 1067/368/301
f 1084/366/300 1067/368/301 1069/369/302
f 1069/370/148 1067/371/148 1058/372/148
f 1069/370/148 1058/372/148 1057/373/148
f 1087/374/20 1088/375/20 1075/376/20
f 1087/374/20 1075/376/20 1076/377/20
f 1077/364/5 1059/363/5 1058/372/5
f 1077/364/5 1058/372/5 1067/371/5
f 1075/378/148 1069/370/148 1057/373/148
f 1075/378/148 1057/373/148 1076/379/148
f 1088/375/303 1084/366/300 1069/369/302
f 1088/375/303 1069/369/302 1075/376/303
f 1087/380/146 1060/362/146 1084/365/146
f 1087/380/146 1084/365/146 1088/381/146
f 1076/382/145 1057/358/145 1060/361/145
f 1076/382/145 1060/361/145 1087/383/145
f 1080/384/145 1073/385/145 1085/386/145
f 1080/384/145 1085/386/145 1086/387/145
f 1086/388/146 1085/389/146 1074/390/146
f 1086/388/146 1074/390/146 1083/391/146
f 1083/392/300 1074/393/301 1082/394/301
f 1083/392/300 1082/394/301 1081/395/302
f 1081/396/148 1082/397/148 1073/398/148
f 1081/396/148 1073/398/148 1080/399/148
f 1071/400/20 1072/401/20 1079/402/20
f 1071/400/20 1079/402/20 1078/403/20
f 1074/390/5 1085/389/5 1073/398/5
f 1074/390/5 1073/398/5 1082/397/5
f 1079/404/148 1081/396/148 1080/399/148
f 1079/404/148 1080/399/148 1078/405/148
f 1072/401/303 1083/392/300 1081/395/302
f 1072/401/303 1081/395/302 1079/402/303
f 1071/406/146 1086/388/146 1083/391/146
f 1071/406/146 1083/391/146 1072/407/146
f 1078/408/145 1080/384/145 1086/387/145
f 1078/408/145 1086/387/145 1071/409/145
f 1070/410/145 1064/411/145 1061/412/145
f 1070/410/145 1061/412/145 1068/413/145
f 1064/411/146 1063/414/146 1062/415/146
f 1064/411/146 1062/415/146 1061/416/146
f 1063/414/147 1066/417/147 1065/418/147
f 1063/414/147 1065/418/147 1062/419/147
f 1066/417/148 1070/410/148 1068/420/148
f 1066/417/148 1068/420/148 1065/421/148
f 1064/411/5 1070/410/5 1066/417/5
f 1064/411/5 1066/417/5 1063/414/5
f 1062/419/20 1065/418/20 1068/422/20
f 1062/419/20 1068/422/20 1061/423/20
f 1089/424/145 1091/425/145 1092/426/145
f 1113/427/146 1116/428/146 1115/429/146
f 1092/430/146 1109/431/146 1120/432/146
f 1112/433/145 1114/434/145 1113/435/145
f 1120/436/147 1099/437/147 1124/438/147
f 1115/439/147 1119/440/147 1117/441/147
f 1124/442/148 1090/443/148 1089/444/148
f 1107/445/5 1103/446/5 1110/447/5
f 1105/448/147 1127/449/147 1128/450/147
f 1117/451/148 1118/452/148 1112/453/148
f 1109/431/5 1090/443/5 1099/437/5
f 1106/454/20 1111/455/20 1102/456/20
f 1122/457/20 1089/424/20 1092/426/20
f 1113/427/20 1117/458/20 1112/459/20
f 1105/460/20 1092/430/20 1120/432/20
f 1111/461/148 1103/446/148 1102/462/148
f 1126/463/20 1120/436/20 1124/438/20
f 1116/428/5 1118/452/5 1119/464/5
f 1125/465/20 1124/442/20 1089/444/20
f 1108/466/147 1110/467/147 1111/468/147
f 1121/469/20 1127/470/20 1123/471/20
f 1106/454/146 1107/445/146 1108/472/146
f 1125/473/145 1121/474/145 1123/475/145
f 1102/476/145 1104/477/145 1106/478/145
f 1126/479/148 1123/475/148 1127/449/148
f 1097/480/5 1100/481/5 1101/482/5
f 1122/483/146 1128/450/146 1121/484/146
f 1093/485/20 1095/486/20 1096/487/20
f 1095/488/148 1100/481/148 1096/489/148
f 1094/490/147 1101/491/147 1095/492/147
f 1093/485/146 1097/480/146 1094/493/146
f 1096/494/145 1098/495/145 1093/496/145
f 1129/497/145 1130/498/145 1131/499/145
f 1129/497/145 1131/499/145 1132/500/145
f 1132/501/146 1131/502/146 1135/503/146
f 1132/501/146 1135/503/146 1136/504/146
f 1136/505/300 1135/506/301 1139/507/301
f 1136/505/300 1139/507/301 1140/508/302
f 1140/509/148 1139/510/148 1130/511/148
f 1140/509/148 1130/511/148 1129/512/148
f 1145/513/20 1146/514/20 1158/515/20
f 1145/513/20 1158/515/20 1148/516/20
f 1135/503/5 1131/502/5 1130/511/5
f 1135/503/5 1130/511/5 1139/510/5
f 1158/517/148 1140/509/148 1129/512/148
f 1158/517/148 1129/512/148 1148/518/148
f 1146/514/303 1136/505/300 1140/508/302
f 1146/514/303 1140/508/302 1158/515/303
f 1145/519/146 1132/501/146 1136/504/146
f 1145/519/146 1136/504/146 1146/520/146
f 1148/521/145 1129/497/145 1132/500/145
f 1148/521/145 1132/500/145 1145/522/145
f 1155/523/145 1156/524/145 1149/525/145
f 1155/523/145 1149/525/145 1160/526/145
f 1160/526/146 1149/525/146 1150/527/146
f 1160/526/146 1150/527/146 1147/528/146
f 1147/529/300 1150/530/301 1159/531/301
f 1147/529/300 1159/531/301 1157/532/302
f 1157/533/148 1159/534/148 1156/524/148
f 1157/533/148 1156/524/148 1155/523/148
f 1154/535/20 1153/536/20 1152/537/20
f 1154/535/20 1152/537/20 1151/538/20
f 1150/539/5 1149/540/5 1156/541/5
f 1150/539/5 1156/541/5 1159/542/5
f 1152/543/148 1157/533/148 1155/523/148
f 1152/543/148 1155/523/148 1151/544/148
f 1153/536/303 1147/529/300 1157/532/302
f 1153/536/303 1157/532/302 1152/537/303
f 1154/545/146 1160/526/146 1147/528/146
f 1154/545/146 1147/528/146 1153/546/146
f 1151/544/145 1155/523/145 1160/526/145
f 1151/544/145 1160/526/145 1154/545/145
f 1144/547/145 1138/548/145 1133/549/145
f 1144/547/145 1133/549/145 1143/550/145
f 1138/548/146 1137/551/146 1134/552/146
f 1138/548/146 1134/552/146 1133/553/146
f 1137/551/147 1142/554/147 1141/555/147
f 1137/551/147 1141/555/147 1134/556/147
f 1142/554/148 1144/547/148 1143/557/148
f 1142/554/148 1143/557/148 1141/558/148
f 1138/548/5 1144/547/5 1142/554/5
f 1138/548/5 1142/554/5 1137/551/5
f 1134/556/20 1141/555/20 1143/559/20
f 1134/556/20 1143/559/20 1133/560/20
f 130/1/1 131/165/1 132/2/1
f 75/4/2 73/71/3 93/5/3
f 57/7/5 19/11/5 6/8/5
f 59/10/5 20/13/5 19/11/5
f 61/12/5 21/15/5 20/13/5
f 63/14/5 22/17/5 21/15/5
f 65/16/5 23/19/5 22/17/5
f 67/18/5 24/36/5 23/19/5
f 25/20/5 24/36/5 67/18/5
f 26/22/5 25/20/5 69/21/5
f 27/24/5 26/22/5 71/23/5
f 28/26/5 27/24/5 74/25/5
f 4/28/5 28/26/5 76/27/5
f 29/30/6 5/43/7 6/8/7
f 30/31/8 29/30/6 19/11/6
f 31/32/9 30/31/8 20/13/8
f 32/33/10 31/32/9 21/15/9
f 33/34/11 32/33/10 22/17/10
f 34/35/13 33/34/11 23/19/12
f 35/37/14 34/35/13 24/36/13
f 36/38/15 35/37/14 25/20/14
f 37/39/16 36/38/15 26/22/15
f 38/40/17 37/39/16 27/24/16
f 3/41/19 38/40/17 28/26/18
f 77/42/20 53/134/20 5/43/20
f 79/44/20 77/42/20 29/30/20
f 81/45/20 79/44/20 30/31/20
f 83/46/20 81/45/20 31/32/20
f 85/47/20 83/46/20 32/33/20
f 87/48/20 85/47/20 33/34/20
f 35/37/20 89/49/20 87/48/20
f 36/38/20 91/50/20 89/49/20
f 37/39/20 94/51/20 91/50/20
f 38/40/20 96/52/20 94/51/20
f 3/41/20 50/74/20 96/52/20
f 135/53/21 134/561/21 133/54/21
f 60/56/22 58/180/128 78/57/23
f 62/59/24 60/56/22 80/58/22
f 64/61/25 62/59/24 82/60/24
f 66/63/26 64/61/25 84/62/25
f 68/65/27 66/63/26 86/64/26
f 70/67/28 68/65/27 88/66/27
f 72/69/29 70/67/28 90/68/28
f 73/71/3 72/69/29 92/70/29
f 98/72/30 99/117/79 51/29/31
f 103/73/33 96/52/39 50/74/34
f 106/76/36 98/72/30 76/27/32
f 107/77/38 94/51/120 96/52/39
f 111/78/40 55/158/304 58/79/41
f 110/80/42 58/79/41 60/81/43
f 114/82/44 60/81/43 62/83/45
f 116/84/46 62/83/45 64/85/47
f 118/86/48 64/85/47 66/87/49
f 120/88/50 66/87/49 68/89/51
f 45/91/53 47/90/52 68/89/51
f 43/93/55 45/91/53 70/92/54
f 105/95/57 43/93/55 72/94/56
f 41/97/59 40/100/62 78/98/60
f 40/100/62 18/102/64 80/101/63
f 18/102/64 16/104/66 82/103/65
f 16/104/66 14/106/68 84/105/67
f 14/106/68 12/109/71 86/107/69
f 10/108/70 88/111/73 86/107/69
f 8/110/72 90/113/75 88/111/73
f 2/112/74 92/115/77 90/113/75
f 108/114/76 93/123/85 92/115/77
f 97/116/78 100/119/81 99/117/79
f 75/118/80 52/145/305 100/119/81
f 102/75/35 101/121/83 104/120/82
f 101/121/83 49/152/306 95/122/84
f 105/95/57 97/116/78 98/72/30
f 73/96/58 75/118/80 97/116/78
f 103/73/33 104/120/82 108/114/76
f 104/120/82 95/122/84 93/123/85
f 110/80/42 109/125/87 112/124/86
f 109/125/87 57/7/90 56/9/88
f 114/82/44 113/126/89 109/125/87
f 113/126/89 59/10/92 57/7/90
f 116/84/46 115/127/91 113/126/89
f 115/127/91 61/12/94 59/10/92
f 118/86/48 117/128/93 115/127/91
f 117/128/93 63/14/96 61/12/94
f 120/88/50 119/129/95 117/128/93
f 119/129/95 65/16/307 63/14/96
f 48/130/97 119/129/95 120/88/50
f 67/18/98 65/16/307 119/129/95
f 46/131/99 48/130/97 47/90/52
f 69/21/100 67/18/98 48/130/97
f 44/132/101 46/131/99 45/91/53
f 71/23/102 69/21/100 46/131/99
f 106/76/36 44/132/101 43/93/55
f 74/25/37 71/23/102 44/132/101
f 42/133/103 39/135/105 40/100/62
f 53/134/104 77/42/106 39/135/105
f 39/135/105 17/136/107 18/102/64
f 77/42/106 79/44/108 17/136/107
f 17/136/107 15/137/109 16/104/66
f 79/44/108 81/45/110 15/137/109
f 15/137/109 13/138/111 14/106/68
f 81/45/110 83/46/112 13/138/111
f 13/138/111 11/139/113 12/109/71
f 83/46/112 85/47/308 11/139/113
f 11/139/113 9/140/115 10/108/70
f 11/139/113 85/47/308 87/48/114
f 10/108/70 9/140/115 7/141/116
f 9/140/115 87/48/114 89/49/117
f 8/110/72 7/141/116 1/142/118
f 7/141/116 89/49/117 91/50/119
f 2/112/74 1/142/118 107/77/38
f 1/142/118 91/50/119 94/51/120
f 75/4/2 95/6/4 124/143/1
f 52/145/1 75/118/2 123/146/1
f 49/148/1 52/179/121 122/149/121
f 124/151/1 95/122/4 49/152/1
f 55/154/21 54/181/122 125/155/122
f 127/157/21 58/79/128 55/158/21
f 78/57/23 58/180/128 127/160/21
f 54/99/21 78/98/23 128/162/122
f 123/164/123 124/562/123 132/2/123
f 130/166/20 122/147/20 123/146/20
f 121/168/124 122/147/124 130/166/124
f 124/151/5 121/153/5 129/170/5
f 126/172/125 125/163/125 133/173/125
f 127/157/20 126/159/20 134/175/20
f 128/177/126 127/563/126 135/53/126
f 133/173/5 125/163/5 128/162/5
f 266/1/1 267/165/1 268/2/1
f 211/4/2 209/71/3 229/5/3
f 193/7/5 155/11/5 142/8/5
f 195/10/5 156/13/5 155/11/5
f 197/12/5 157/15/5 156/13/5
f 199/14/5 158/17/5 157/15/5
f 201/16/5 159/19/5 158/17/5
f 203/18/5 160/36/5 159/19/5
f 161/20/5 160/36/5 203/18/5
f 162/22/5 161/20/5 205/21/5
f 163/24/5 162/22/5 207/23/5
f 164/26/5 163/24/5 210/25/5
f 140/28/5 164/26/5 212/27/5
f 165/30/6 141/43/7 142/8/7
f 166/31/8 165/30/6 155/11/6
f 167/32/9 166/31/8 156/13/8
f 168/33/10 167/32/9 157/15/9
f 169/34/11 168/33/10 158/17/10
f 170/35/13 169/34/11 159/19/12
f 171/37/14 170/35/13 160/36/13
f 172/38/15 171/37/14 161/20/14
f 173/39/16 172/38/15 162/22/15
f 174/40/17 173/39/16 163/24/16
f 139/41/19 174/40/17 164/26/18
f 213/42/20 189/134/20 141/43/20
f 215/44/20 213/42/20 165/30/20
f 217/45/20 215/44/20 166/31/20
f 219/46/20 217/45/20 167/32/20
f 221/47/20 219/46/20 168/33/20
f 223/48/20 221/47/20 169/34/20
f 171/37/20 225/49/20 223/48/20
f 172/38/20 227/50/20 225/49/20
f 173/39/20 230/51/20 227/50/20
f 174/40/20 232/52/20 230/51/20
f 139/41/20 186/74/20 232/52/20
f 271/53/21 270/561/21 269/54/21
f 196/56/22 194/180/23 214/57/128
f 198/59/24 196/56/22 216/58/22
f 200/61/25 198/59/24 218/60/24
f 202/63/26 200/61/25 220/62/25
f 204/65/27 202/63/26 222/64/26
f 206/67/28 204/65/27 224/66/27
f 208/69/29 206/67/28 226/68/28
f 209/71/3 208/69/29 228/70/29
f 234/72/30 235/117/79 187/29/31
f 239/73/33 232/52/39 186/74/34
f 242/76/36 234/72/30 212/27/32
f 243/77/38 230/51/137 232/52/39
f 247/78/40 191/158/304 194/79/130
f 246/80/42 194/79/130 196/81/43
f 250/82/44 196/81/43 198/83/45
f 252/84/46 198/83/45 200/85/47
f 254/86/48 200/85/47 202/87/49
f 183/90/131 256/88/50 202/87/49
f 181/91/132 183/90/131 204/89/51
f 179/93/55 181/91/132 206/92/54
f 241/95/57 179/93/55 208/94/56
f 177/97/59 176/100/62 214/98/60
f 176/100/62 154/102/64 216/101/63
f 154/102/64 152/104/66 218/103/65
f 152/104/66 150/106/133 220/105/67
f 150/106/133 148/109/71 222/107/134
f 146/108/70 224/111/73 222/107/134
f 144/110/72 226/113/75 224/111/73
f 138/112/74 228/115/77 226/113/75
f 244/114/76 229/123/85 228/115/77
f 233/116/78 236/119/81 235/117/79
f 211/118/80 188/145/305 236/119/81
f 238/75/129 237/121/83 240/120/82
f 237/121/83 185/152/306 231/122/84
f 241/95/57 233/116/78 234/72/30
f 209/96/58 211/118/80 233/116/78
f 239/73/33 240/120/82 244/114/76
f 240/120/82 231/122/84 229/123/85
f 246/80/42 245/125/87 248/124/86
f 245/125/87 193/7/90 192/9/88
f 250/82/44 249/126/89 245/125/87
f 249/126/89 195/10/92 193/7/90
f 252/84/46 251/127/91 249/126/89
f 251/127/91 197/12/94 195/10/92
f 254/86/48 253/128/93 251/127/91
f 253/128/93 199/14/96 197/12/94
f 256/88/50 255/129/95 253/128/93
f 255/129/95 201/16/307 199/14/96
f 184/130/97 255/129/95 256/88/50
f 203/18/98 201/16/307 255/129/95
f 182/131/99 184/130/97 183/90/131
f 205/21/100 203/18/98 184/130/97
f 180/132/101 182/131/99 181/91/132
f 207/23/102 205/21/100 182/131/99
f 242/76/36 180/132/101 179/93/55
f 210/25/37 207/23/102 180/132/101
f 178/133/103 175/135/105 176/100/62
f 189/134/104 213/42/106 175/135/105
f 175/135/105 153/136/107 154/102/64
f 213/42/106 215/44/135 153/136/107
f 153/136/107 151/137/109 152/104/66
f 215/44/135 217/45/110 151/137/109
f 151/137/109 149/138/136 150/106/133
f 217/45/110 219/46/112 149/138/136
f 149/138/136 147/139/113 148/109/71
f 219/46/112 221/47/308 147/139/113
f 147/139/113 145/140/115 146/108/70
f 147/139/113 221/47/308 223/48/114
f 146/108/70 145/140/115 143/141/116
f 145/140/115 223/48/114 225/49/117
f 144/110/72 143/141/116 137/142/118
f 143/141/116 225/49/117 227/50/119
f 138/112/74 137/142/118 243/77/38
f 137/142/118 227/50/119 230/51/137
f 211/4/2 231/6/127 260/143/1
f 188/145/1 211/118/2 259/146/121
f 257/150/121 185/148/121 188/179/1
f 260/151/1 231/122/127 185/152/121
f 191/154/21 190/181/122 261/155/122
f 263/157/122 194/79/23 191/158/21
f 264/161/122 214/57/128 194/180/23
f 190/99/21 214/98/128 264/162/122
f 259/164/123 260/562/123 268/2/123
f 266/166/20 258/147/20 259/146/20
f 257/168/124 258/147/124 266/166/124
f 260/151/5 257/153/5 265/170/5
f 262/172/125 261/163/125 269/173/125
f 263/157/20 262/159/20 270/175/20
f 264/177/126 263/563/126 271/53/126
f 269/173/5 261/163/5 264/162/5
f 402/1/1 403/165/1 404/2/1
f 347/4/4 345/71/3 365/5/3
f 329/7/5 291/11/5 278/8/5
f 331/10/5 292/13/5 291/11/5
f 333/12/5 293/15/5 292/13/5
f 335/14/5 294/17/5 293/15/5
f 337/16/5 295/19/5 294/17/5
f 339/18/5 296/36/5 295/19/5
f 297/20/5 296/36/5 339/18/5
f 298/22/5 297/20/5 341/21/5
f 299/24/5 298/22/5 343/23/5
f 300/26/5 299/24/5 346/25/5
f 276/28/5 300/26/5 348/27/5
f 301/30/138 277/43/7 278/8/7
f 302/31/8 301/30/138 291/11/6
f 303/32/9 302/31/8 292/13/8
f 304/33/10 303/32/9 293/15/9
f 305/34/11 304/33/10 294/17/10
f 306/35/13 305/34/11 295/19/11
f 307/37/14 306/35/13 296/36/13
f 308/38/15 307/37/14 297/20/14
f 309/39/16 308/38/15 298/22/15
f 310/40/17 309/39/16 299/24/16
f 275/41/19 310/40/17 300/26/18
f 349/42/20 325/134/20 277/43/20
f 351/44/20 349/42/20 301/30/20
f 353/45/20 351/44/20 302/31/20
f 355/46/20 353/45/20 303/32/20
f 357/47/20 355/46/20 304/33/20
f 359/48/20 357/47/20 305/34/20
f 307/37/20 361/49/20 359/48/20
f 308/38/20 363/50/20 361/49/20
f 309/39/20 366/51/20 363/50/20
f 310/40/20 368/52/20 366/51/20
f 275/41/20 322/74/20 368/52/20
f 407/53/21 406/561/21 405/54/21
f 332/56/22 330/180/128 350/57/23
f 334/59/24 332/56/22 352/58/22
f 336/61/25 334/59/24 354/60/24
f 338/63/26 336/61/25 356/62/25
f 340/65/27 338/63/26 358/64/26
f 342/67/28 340/65/27 360/66/27
f 344/69/29 342/67/28 362/68/28
f 345/71/3 344/69/29 364/70/29
f 370/72/30 371/117/79 323/29/31
f 375/73/33 368/52/39 322/74/34
f 378/76/36 370/72/30 348/27/32
f 379/77/38 366/51/137 368/52/39
f 383/78/40 327/158/304 330/79/41
f 382/80/42 330/79/41 332/81/43
f 386/82/44 332/81/43 334/83/45
f 388/84/46 334/83/45 336/85/47
f 390/86/48 336/85/47 338/87/49
f 319/90/131 392/88/50 338/87/49
f 317/91/132 319/90/131 340/89/140
f 315/93/55 317/91/132 342/92/54
f 377/95/57 315/93/55 344/94/56
f 313/97/59 312/100/141 350/98/60
f 312/100/141 290/102/64 352/101/63
f 290/102/64 288/104/66 354/103/65
f 288/104/66 286/106/68 356/105/67
f 286/106/68 284/109/142 358/107/69
f 284/109/142 282/108/143 360/111/73
f 280/110/72 362/113/75 360/111/73
f 274/112/74 364/115/77 362/113/75
f 380/114/76 365/123/85 364/115/77
f 369/116/78 372/119/81 371/117/79
f 347/118/80 324/145/305 372/119/81
f 374/75/35 373/121/83 376/120/82
f 373/121/83 321/152/306 367/122/84
f 377/95/57 369/116/78 370/72/30
f 345/96/58 347/118/80 369/116/78
f 375/73/33 376/120/82 380/114/76
f 376/120/82 367/122/84 365/123/85
f 382/80/42 381/125/87 384/124/86
f 381/125/87 329/7/90 328/9/88
f 386/82/44 385/126/89 381/125/87
f 385/126/89 331/10/144 329/7/90
f 388/84/46 387/127/91 385/126/89
f 387/127/91 333/12/94 331/10/144
f 390/86/48 389/128/93 387/127/91
f 389/128/93 335/14/96 333/12/94
f 392/88/50 391/129/95 389/128/93
f 391/129/95 337/16/307 335/14/96
f 320/130/97 391/129/95 392/88/50
f 339/18/98 337/16/307 391/129/95
f 318/131/99 320/130/97 319/90/131
f 341/21/100 339/18/98 320/130/97
f 316/132/101 318/131/99 317/91/132
f 343/23/102 341/21/100 318/131/99
f 378/76/36 316/132/101 315/93/55
f 346/25/139 343/23/102 316/132/101
f 314/133/103 311/135/105 312/100/141
f 325/134/104 349/42/106 311/135/105
f 311/135/105 289/136/107 290/102/64
f 349/42/106 351/44/108 289/136/107
f 289/136/107 287/137/109 288/104/66
f 351/44/108 353/45/110 287/137/109
f 287/137/109 285/138/136 286/106/68
f 353/45/110 355/46/112 285/138/136
f 285/138/136 283/139/113 284/109/142
f 355/46/112 357/47/308 283/139/113
f 283/139/113 281/140/115 282/108/143
f 283/139/113 357/47/308 359/48/114
f 282/108/143 281/140/115 279/141/116
f 281/140/115 359/48/114 361/49/117
f 280/110/72 279/141/116 273/142/118
f 279/141/116 361/49/117 363/50/119
f 274/112/74 273/142/118 379/77/38
f 273/142/118 363/50/119 366/51/137
f 395/144/1 347/4/4 367/6/127
f 324/145/1 347/118/4 395/146/1
f 321/148/121 324/179/121 394/149/121
f 367/122/127 321/152/121 393/153/121
f 398/156/122 327/154/21 326/181/122
f 399/157/21 330/79/128 327/158/21
f 350/57/23 330/180/128 399/160/21
f 326/99/21 350/98/23 400/162/122
f 395/164/123 396/562/123 404/2/123
f 402/166/20 394/147/20 395/146/20
f 393/168/124 394/147/124 402/166/124
f 396/151/5 393/153/5 401/170/5
f 398/172/125 397/163/125 405/173/125
f 399/157/20 398/159/20 406/175/20
f 400/177/126 399/563/126 407/53/126
f 405/173/5 397/163/5 400/162/5
f 409/182/145 410/186/145 411/183/145
f 415/185/5 411/183/5 410/186/5
f 412/188/146 411/564/146 415/189/146
f 412/191/20 416/194/20 413/192/20
f 416/194/147 415/565/147 414/195/147
f 413/196/148 414/566/148 410/197/148
f 531/199/149 530/310/152 529/200/150
f 530/202/152 533/205/154 542/203/153
f 533/205/154 536/207/156 534/206/155
f 536/207/156 540/209/158 537/208/157
f 540/209/158 539/235/173 538/210/159
f 426/213/20 532/567/20 503/214/20
f 544/216/145 519/568/145 532/217/145
f 531/199/149 528/201/151 526/218/162
f 543/220/5 535/569/5 519/221/5
f 527/219/163 526/218/162 524/222/164
f 505/215/147 503/570/147 535/224/147
f 525/223/165 524/222/164 522/225/166
f 503/227/146 532/571/146 519/228/146
f 523/226/167 522/225/166 520/230/168
f 544/216/148 426/213/148 505/215/148
f 517/232/170 516/323/243 515/233/171
f 521/231/169 520/230/168 538/210/159
f 419/237/175 432/259/195 433/238/176
f 421/241/179 420/260/196 444/242/180
f 537/208/157 517/232/170 518/234/172
f 417/244/182 423/572/147 427/245/183
f 512/247/185 511/264/198 524/222/164
f 425/239/177 433/238/176 429/248/186
f 418/250/145 421/241/179 445/243/181
f 422/253/190 417/244/182 428/246/184
f 424/249/187 429/248/186 434/256/192
f 418/250/145 430/251/188 432/259/195
f 420/260/196 422/253/190 431/254/191
f 425/261/197 424/573/197 435/262/197
f 418/265/197 419/263/197 435/262/197
f 421/267/197 418/265/197 423/266/197
f 420/269/197 421/267/197 417/268/197
f 433/238/176 442/282/208 436/273/201
f 444/242/180 431/254/191 438/276/204
f 435/257/193 434/256/192 427/281/183
f 448/291/216 458/299/224 459/304/229
f 458/299/224 527/219/163 525/223/165
f 465/302/227 462/307/232 540/209/158
f 464/287/212 463/288/213 462/307/232
f 470/312/234 468/324/244 481/313/235
f 493/316/238 474/336/253 475/317/182
f 485/320/241 483/574/145 472/321/179
f 468/324/244 469/333/250 478/325/245
f 492/318/239 475/317/182 476/327/147
f 477/322/242 472/321/179 473/330/196
f 497/332/249 502/311/233 511/264/198
f 469/333/250 471/356/263 484/334/251
f 476/327/147 470/312/234 482/314/236
f 480/331/248 473/330/196 474/336/253
f 471/337/254 469/357/254 468/338/254
f 471/337/254 470/339/254 476/340/254
f 472/342/254 483/341/254 476/340/254
f 473/344/254 472/342/254 475/343/254
f 481/313/235 478/325/245 486/346/255
f 488/350/259 480/331/248 493/316/238
f 471/356/263 483/575/145 485/355/241
f 659/199/149 658/310/152 657/200/150
f 658/202/152 661/205/154 670/203/153
f 661/205/154 664/207/156 662/206/155
f 664/207/156 668/209/158 665/208/264
f 668/209/158 667/235/173 666/210/159
f 554/213/20 660/567/20 631/214/20
f 672/216/145 647/568/145 660/217/145
f 659/199/149 656/201/151 654/218/162
f 671/220/5 663/569/5 647/221/5
f 655/219/163 654/218/162 652/222/164
f 633/215/147 631/570/147 663/224/147
f 653/223/165 652/222/164 650/225/166
f 631/227/146 660/571/146 647/228/146
f 651/226/265 650/225/166 648/230/168
f 672/216/148 554/213/148 633/215/148
f 645/232/170 644/323/243 643/233/171
f 649/231/169 648/230/168 666/210/159
f 547/237/267 560/259/195 561/238/268
f 549/241/270 548/260/196 572/242/180
f 665/208/264 645/232/170 646/234/172
f 545/244/182 551/572/147 555/245/183
f 640/247/271 639/264/198 652/222/164
f 553/239/250 561/238/268 557/248/186
f 546/250/145 549/241/270 573/243/181
f 550/253/190 545/244/182 556/246/184
f 552/249/272 557/248/186 562/256/273
f 546/250/145 558/251/188 560/259/195
f 548/260/196 550/253/190 559/254/191
f 553/261/197 552/573/197 563/262/197
f 546/265/197 547/263/197 563/262/197
f 546/265/197 551/266/197 545/268/197
f 548/269/197 549/267/197 545/268/197
f 561/238/268 570/282/274 564/273/201
f 572/242/180 559/254/191 566/276/204
f 563/257/193 562/256/273 555/281/183
f 576/291/216 586/299/224 587/304/229
f 586/299/224 655/219/163 653/223/165
f 593/302/227 590/307/232 668/209/158
f 592/287/212 591/288/213 590/307/232
f 598/312/234 596/324/244 609/313/235
f 621/316/238 602/336/253 603/317/182
f 613/320/241 611/574/145 600/321/179
f 596/324/244 597/333/250 606/325/245
f 620/318/239 603/317/182 604/327/147
f 605/322/242 600/321/179 601/330/196
f 625/332/249 630/311/233 639/264/198
f 597/333/250 599/356/263 612/334/251
f 604/327/147 598/312/234 610/314/236
f 608/331/248 601/330/196 602/336/253
f 598/339/254 599/337/254 597/357/254
f 599/337/254 598/339/254 604/340/254
f 600/342/254 611/341/254 604/340/254
f 601/344/254 600/342/254 603/343/254
f 609/313/235 606/325/245 614/346/255
f 616/350/259 608/331/248 621/316/238
f 599/356/263 611/575/145 613/355/241
f 787/199/278 786/310/152 785/200/150
f 786/202/152 789/205/154 798/203/153
f 789/205/154 792/207/156 790/206/155
f 792/207/156 796/209/158 793/208/157
f 796/209/158 795/235/173 794/210/159
f 682/213/20 788/567/20 759/214/20
f 800/216/145 775/568/145 788/217/145
f 787/199/278 784/201/151 782/218/162
f 799/220/5 791/569/5 775/221/5
f 783/219/163 782/218/162 780/222/164
f 761/215/147 759/570/147 791/224/147
f 781/223/165 780/222/164 778/225/279
f 759/227/146 788/571/146 775/228/146
f 779/226/265 778/225/279 776/230/168
f 800/216/148 682/213/148 761/215/148
f 773/232/170 772/323/243 771/233/171
f 777/231/169 776/230/168 794/210/159
f 675/237/175 688/259/195 689/238/176
f 677/241/179 676/260/196 700/242/180
f 793/208/157 773/232/170 774/234/172
f 673/244/182 679/572/147 683/245/183
f 768/247/185 767/264/198 780/222/164
f 681/239/177 689/238/176 685/248/186
f 674/250/145 677/241/179 701/243/181
f 678/253/190 673/244/182 684/246/184
f 680/249/272 685/248/186 690/256/192
f 674/250/145 686/251/188 688/259/195
f 676/260/196 678/253/190 687/254/191
f 681/261/197 680/573/197 691/262/197
f 679/266/197 674/265/197 675/263/197
f 674/265/197 679/266/197 673/268/197
f 676/269/197 677/267/197 673/268/197
f 689/238/176 698/282/274 692/273/201
f 700/242/180 687/254/191 694/276/204
f 691/257/193 690/256/192 683/281/183
f 704/291/216 714/299/224 715/304/229
f 714/299/224 783/219/163 781/223/165
f 721/302/227 718/307/232 796/209/158
f 720/287/212 719/288/283 718/307/232
f 726/312/234 724/324/244 737/313/235
f 749/316/238 730/336/253 731/317/182
f 741/320/241 739/574/145 728/321/179
f 724/324/244 725/333/250 734/325/245
f 748/318/239 731/317/182 732/327/147
f 733/322/242 728/321/179 729/330/196
f 753/332/249 758/311/233 767/264/198
f 725/333/250 727/356/263 740/334/251
f 732/327/147 726/312/234 738/314/285
f 736/331/248 729/330/196 730/336/253
f 726/339/254 727/337/254 725/357/254
f 727/337/254 726/339/254 732/340/254
f 728/342/254 739/341/254 732/340/254
f 728/342/254 731/343/254 730/345/254
f 737/313/235 734/325/245 742/346/287
f 744/350/259 736/331/248 749/316/238
f 727/356/263 739/575/145 741/355/241
f 915/199/278 914/310/152 913/200/150
f 914/202/152 917/205/154 926/203/153
f 917/205/154 920/207/156 918/206/155
f 920/207/156 924/209/158 921/208/157
f 924/209/158 923/235/173 922/210/159
f 810/213/20 916/567/20 887/214/20
f 928/216/145 903/568/145 916/217/145
f 915/199/278 912/201/151 910/218/162
f 927/220/5 919/569/5 903/221/5
f 911/219/163 910/218/162 908/222/164
f 889/215/147 887/570/147 919/224/147
f 909/223/165 908/222/164 906/225/166
f 887/227/146 916/571/146 903/228/146
f 907/226/265 906/225/166 904/230/168
f 928/216/148 810/213/148 889/215/148
f 901/232/170 900/323/243 899/233/171
f 905/231/169 904/230/168 922/210/159
f 803/237/175 816/259/195 817/238/176
f 805/241/179 804/260/196 828/242/180
f 921/208/157 901/232/170 902/234/288
f 801/244/182 807/572/147 811/245/183
f 896/247/185 895/264/198 908/222/164
f 809/239/177 817/238/176 813/248/186
f 802/250/145 805/241/179 829/243/181
f 806/253/190 801/244/182 812/246/289
f 808/249/272 813/248/186 818/256/273
f 802/250/145 814/251/188 816/259/195
f 804/260/196 806/253/190 815/254/191
f 809/261/197 808/573/197 819/262/197
f 807/266/197 802/265/197 803/263/197
f 802/265/197 807/266/197 801/268/197
f 804/269/197 805/267/197 801/268/197
f 817/238/176 826/282/274 820/273/201
f 828/242/180 815/254/191 822/276/204
f 819/257/193 818/256/273 811/281/183
f 832/291/291 842/299/224 843/304/229
f 842/299/224 911/219/163 909/223/165
f 849/302/227 846/307/232 924/209/158
f 848/287/212 847/288/283 846/307/232
f 854/312/295 852/324/244 865/313/235
f 877/316/238 858/336/253 859/317/182
f 869/320/241 867/574/145 856/321/179
f 852/324/244 853/333/250 862/325/245
f 876/318/239 859/317/182 860/327/147
f 861/322/242 856/321/179 857/330/296
f 881/332/249 886/311/233 895/264/198
f 853/333/250 855/356/263 868/334/251
f 860/327/147 854/312/295 866/314/285
f 864/331/297 857/330/296 858/336/253
f 854/339/254 855/337/254 853/357/254
f 855/337/254 854/339/254 860/340/254
f 856/342/254 867/341/254 860/340/254
f 856/342/254 859/343/254 858/345/254
f 865/313/235 862/325/245 870/346/255
f 872/350/259 864/331/297 877/316/238
f 855/356/263 867/575/145 869/355/241
f 1043/199/278 1042/310/152 1041/200/150
f 1042/202/152 1045/205/154 1054/203/153
f 1045/205/154 1048/207/156 1046/206/155
f 1048/207/156 1052/209/158 1049/208/157
f 1052/209/158 1051/235/173 1050/210/159
f 938/213/20 1044/567/20 1015/214/20
f 1056/216/145 1031/568/145 1044/217/145
f 1043/199/278 1040/201/151 1038/218/162
f 1055/220/5 1047/569/5 1031/221/5
f 1039/219/163 1038/218/162 1036/222/164
f 1017/215/147 1015/570/147 1047/224/147
f 1037/223/165 1036/222/164 1034/225/166
f 1015/227/146 1044/571/146 1031/228/146
f 1035/226/265 1034/225/166 1032/230/168
f 1056/216/148 938/213/148 1017/215/148
f 1029/232/170 1028/323/243 1027/233/171
f 1033/231/169 1032/230/168 1050/210/159
f 931/237/267 944/259/195 945/238/176
f 933/241/179 932/260/196 956/242/180
f 1049/208/157 1029/232/170 1030/234/288
f 929/244/182 935/572/147 939/245/183
f 1024/247/185 1023/264/198 1036/222/164
f 937/239/177 945/238/176 941/248/186
f 930/250/145 933/241/179 957/243/181
f 934/253/190 929/244/182 940/246/184
f 936/249/272 941/248/186 946/256/192
f 930/250/145 942/251/188 944/259/195
f 932/260/196 934/253/190 943/254/191
f 937/261/197 936/573/197 947/262/197
f 930/265/197 931/263/197 947/262/197
f 930/265/197 935/266/197 929/268/197
f 932/269/197 933/267/197 929/268/197
f 945/238/176 954/282/274 948/273/201
f 956/242/180 943/254/191 950/276/204
f 947/257/193 946/256/192 939/281/183
f 960/291/216 970/299/224 971/304/229
f 970/299/224 1039/219/163 1037/223/165
f 977/302/227 974/307/232 1052/209/158
f 976/287/212 975/288/213 974/307/232
f 982/312/234 980/324/244 993/313/235
f 1005/316/238 986/336/253 987/317/182
f 997/320/241 995/574/145 984/321/179
f 980/324/244 981/333/250 990/325/245
f 1004/318/239 987/317/182 988/327/147
f 989/322/242 984/321/179 985/330/296
f 1009/332/249 1014/311/233 1023/264/198
f 981/333/250 983/356/263 996/334/251
f 988/327/147 982/312/234 994/314/285
f 992/331/297 985/330/296 986/336/253
f 982/339/254 983/337/254 981/357/254
f 983/337/254 982/339/254 988/340/254
f 984/342/254 995/341/254 988/340/254
f 984/342/254 987/343/254 986/345/254
f 993/313/235 990/325/245 998/346/255
f 1000/350/259 992/331/297 1005/316/238
f 983/356/263 995/575/145 997/355/241
f 1089/424/145 1090/443/145 1091/425/145
f 1113/427/146 1114/434/146 1116/428/146
f 1092/430/146 1091/425/146 1109/431/146
f 1112/433/145 1118/452/145 1114/434/145
f 1120/436/147 1109/431/147 1099/437/147
f 1115/439/147 1116/576/147 1119/440/147
f 1124/442/148 1099/437/148 1090/443/148
f 1107/445/5 1104/477/5 1103/446/5
f 1105/448/147 1126/479/147 1127/449/147
f 1117/451/148 1119/464/148 1118/452/148
f 1109/431/5 1091/425/5 1090/443/5
f 1106/454/20 1108/472/20 1111/455/20
f 1122/457/20 1125/577/20 1089/424/20
f 1113/427/20 1115/429/20 1117/458/20
f 1105/460/20 1122/578/20 1092/430/20
f 1111/461/148 1110/447/148 1103/446/148
f 1126/463/20 1105/579/20 1120/436/20
f 1116/428/5 1114/434/5 1118/452/5
f 1125/465/20 1126/580/20 1124/442/20
f 1108/466/147 1107/581/147 1110/467/147
f 1121/469/20 1128/582/20 1127/470/20
f 1106/454/146 1104/477/146 1107/445/146
f 1125/473/145 1122/583/145 1121/474/145
f 1102/476/145 1103/446/145 1104/477/145
f 1126/479/148 1125/473/148 1123/475/148
f 1097/480/5 1098/495/5 1100/481/5
f 1122/483/146 1105/448/146 1128/450/146
f 1093/485/20 1094/493/20 1095/486/20
f 1095/488/148 1101/482/148 1100/481/148
f 1094/490/147 1097/584/147 1101/491/147
f 1093/485/146 1098/495/146 1097/480/146
f 1096/494/145 1100/481/145 1098/495/145
o 02
v -0.504119 1.172563 -1.338749
v -0.269880 1.078130 0.848048
v 1.218883 1.183712 2.328328
v -0.512481 1.180925 -1.338749
v -1.726148 1.183712 -1.338749
v -1.726148 1.183712 2.328322
v -1.726148 1.183712 0.955700
v -1.726148 1.183712 0.392597
v -0.501332 1.183712 2.328324
v 0.061771 1.183712 2.328326
v 1.218883 1.180925 0.966849
v -0.336919 1.078130 0.791287
v -1.726148 1.078130 0.955700
v -1.726148 1.078130 2.328322
v -1.726148 1.078130 -1.338749
v 0.061771 1.078130 0.955700
v 0.061771 1.078130 2.328326
v -0.501332 1.078130 2.328324
v -1.726148 1.078130 0.392598
v 1.218883 1.078130 2.328328
v -0.501332 1.078130 -1.338749
v 1.218883 1.172563 0.958488
v 1.218883 1.078130 0.955700
v -0.501332 1.078130 0.392597
v -0.117009 1.078130 0.923490
v -0.195467 1.078130 0.892451
v -0.037806 1.078130 0.941253
v -0.486885 1.078130 0.492175
v 0.061771 1.180925 0.966908
v 0.061771 1.172563 0.958502
v -0.039830 1.180925 0.952225
v -0.038312 1.172563 0.943996
v -0.120300 1.180925 0.934178
v -0.117832 1.172563 0.926162
v -0.200406 1.180925 0.902487
v -0.196702 1.172563 0.894960
v -0.271817 1.180925 0.860436
v -0.469122 1.078130 0.571377
v -0.438083 1.078130 0.649835
v -0.393679 1.078130 0.724248
v -0.523267 1.183712 0.392597
v -0.501332 1.161892 0.392597
v 1.218883 1.161892 0.955700
v 1.218883 1.183712 0.977520
v 0.061771 1.183712 0.977635
v 0.061771 1.161892 0.955700
v -0.523152 1.183712 -1.338749
v -0.501332 1.161892 -1.338749
v -0.508359 1.183712 0.496134
v -0.486885 1.161892 0.492175
v -0.041766 1.183712 0.962727
v -0.037806 1.161892 0.941253
v -0.123449 1.183712 0.944408
v -0.117009 1.161892 0.923490
v -0.205134 1.183712 0.912092
v -0.195467 1.161892 0.892451
v -0.273671 1.183712 0.872292
v -0.269880 1.161892 0.848048
v -0.352401 1.183712 0.806770
v -0.336919 1.161892 0.791287
v -0.411495 1.183712 0.736974
v -0.393679 1.161892 0.724248
v -0.459936 1.183712 0.655024
v -0.438083 1.161892 0.649835
v -0.490040 1.183712 0.577817
v -0.469122 1.161892 0.571377
v -0.512540 1.180925 0.392597
v -0.504134 1.172563 0.392597
v -0.489628 1.172563 0.492680
v -0.497857 1.180925 0.494198
v -0.471794 1.172563 0.572200
v -0.479810 1.180925 0.574668
v -0.440874 1.172563 0.650498
v -0.449249 1.180925 0.652486
v -0.395955 1.172563 0.725874
v -0.402783 1.180925 0.730751
v -0.338897 1.172563 0.793265
v -0.344830 1.180925 0.799198
v -0.270364 1.172563 0.851145
v 1.218883 1.078130 2.393566
v 0.061771 1.183712 2.393565
v 1.281518 0.000032 2.393566
v 1.218883 1.183712 2.328328
v 1.281518 1.183712 2.328328
v 1.281518 1.183712 0.955700
v 1.218883 1.183712 0.955700
v -1.726148 1.183712 -1.338749
v -0.501332 0.000031 -1.338749
v -0.501332 1.183712 -1.401575
v -1.790612 0.000032 2.393560
v -1.726148 1.183712 2.328322
v -1.726148 1.183712 0.955700
v -1.790612 0.000031 -1.338749
v -1.790612 0.000031 -1.401575
v -1.726148 1.183712 0.392597
v -1.790612 1.183712 0.392597
v -0.501332 1.183712 2.328324
v -1.726148 0.000031 -1.401575
v 1.281518 0.000032 0.955700
v 0.061771 1.183712 2.328326
v -1.790612 1.078130 -1.401575
v -1.790612 1.078130 -1.338749
v 1.218883 1.183712 2.393566
v -1.726148 1.183712 2.393560
v -1.726148 0.000032 0.955700
v -1.726148 0.000032 2.328322
v -0.501332 0.000031 -1.401575
v -1.790612 1.183712 -1.338749
v -1.790612 1.183712 -1.401575
v -0.501332 0.000032 2.328324
v -1.790612 1.183712 2.328321
v -1.790612 1.183712 0.955700
v 1.218883 0.000032 2.393566
v -1.726148 1.078130 0.955700
v -1.726148 0.796579 0.955700
v -1.726148 0.000032 2.393560
v -1.726148 1.078130 2.393560
v -1.726148 0.000031 -1.338749
v 1.218883 0.000032 0.955700
v -1.726148 0.796579 2.393560
v 1.218883 0.000032 2.328328
v 1.281518 0.796579 2.393566
v 1.218883 0.796579 0.955700
v 1.281518 0.796579 0.955700
v -1.726148 1.078130 2.328322
v 1.281518 1.078130 0.955700
v -1.726148 0.796579 -1.338749
v -1.726148 0.796579 2.328322
v -1.790612 1.078130 0.955700
v -1.790612 1.078130 0.392598
v -1.726148 1.078130 -1.338749
v -1.790612 0.796579 -1.401575
v -1.726148 1.183712 -1.401575
v -0.501332 1.183712 2.393563
v 1.218883 1.078130 0.955700
v 0.061771 1.078130 2.328326
v -0.501332 1.078130 2.328324
v -1.790612 1.078130 2.393559
v -1.790612 1.078130 2.328321
v -1.790612 0.796579 2.328321
v -1.790612 0.796579 2.393559
v -0.501332 0.796579 -1.401575
v 0.061771 0.796579 2.328326
v -0.501332 1.078130 -1.401575
v -1.726148 1.078130 -1.401575
v -1.726148 0.796579 -1.401575
v 1.218883 0.796579 2.393566
v -1.790612 0.796579 -1.338749
v -1.726148 1.078130 0.392598
v 1.218883 0.796579 2.328328
v -0.501332 0.000032 2.393563
v -1.790612 0.000032 0.955700
v 0.061771 1.078130 2.393565
v -0.501332 1.078130 2.393563
v -1.790612 0.796579 0.955700
v 0.061771 0.796579 2.393565
v 1.281518 0.000032 2.328328
v 1.218883 1.078130 2.328328
v 1.281518 0.796579 2.328328
v -0.501332 0.796579 2.393563
v -0.501332 0.796579 2.328324
v -0.501332 0.796579 -1.338749
v -1.726148 0.796579 0.392598
v -0.501332 1.078130 -1.338749
v -1.790612 0.796579 0.392598
v -1.790612 0.000032 2.328321
v 1.281518 1.078130 2.328328
v -1.790612 1.183712 2.393559
v 1.281518 1.078130 2.393566
v 1.281518 1.183712 2.393566
v -0.501332 1.183712 -1.338749
v 2.095600 2.650287 2.437938
v 2.136956 2.584048 1.210121
v 2.136956 0.066973 1.210121
v 2.136956 0.066973 2.369922
v 2.136956 2.584048 2.369922
v 2.095600 0.066973 1.210121
v 2.095600 2.584048 1.210121
v 2.095600 2.584048 2.369922
v 2.136956 2.650287 1.142105
v 2.136956 0.000734 1.142105
v 2.095600 0.000734 1.142105
v 2.095600 2.650287 1.142105
v 2.095600 0.066973 2.369922
v 2.136956 0.000735 2.437938
v 2.095600 0.000735 2.437938
v 2.136956 2.650287 2.437938
v 2.126046 2.584048 1.210121
v 2.126046 0.066973 1.210121
v 2.126046 0.066973 2.369922
v 2.126046 2.584048 2.369922
v 2.106510 0.066973 1.210121
v 2.106510 2.584048 1.210121
v 2.106510 2.584048 2.369922
v 2.106510 0.066973 2.369922
v 0.798673 2.650287 2.396290
v 2.026490 2.584048 2.437646
v 2.026490 0.066973 2.437646
v 0.866690 0.066973 2.437646
v 0.866690 2.584048 2.437646
v 2.026490 0.066973 2.396290
v 2.026490 2.584048 2.396290
v 0.866690 2.584048 2.396290
v 2.094507 2.650287 2.437646
v 2.094507 0.000735 2.437646
v 2.094507 0.000735 2.396290
v 2.094507 2.650287 2.396290
v 0.866690 0.066973 2.396290
v 0.798673 0.000735 2.437646
v 0.798673 0.000735 2.396290
v 0.798673 2.650287 2.437646
v 2.026490 2.584048 2.426736
v 2.026490 0.066973 2.426736
v 0.866690 0.066973 2.426736
v 0.866690 2.584048 2.426736
v 2.026490 0.066973 2.407200
v 2.026490 2.584048 2.407200
v 0.866690 2.584048 2.407200
v 0.866690 0.066973 2.407200
v -0.499847 2.650287 2.396290
v 0.727970 2.584048 2.437646
v 0.727970 0.066973 2.437646
v -0.431831 0.066973 2.437646
v -0.431831 2.584048 2.437646
v 0.727970 0.066973 2.396290
v 0.727970 2.584048 2.396290
v -0.431831 2.584048 2.396290
v 0.795986 2.650287 2.437646
v 0.795986 0.000735 2.437646
v 0.795986 0.000735 2.396290
v 0.795986 2.650287 2.396290
v -0.431831 0.066973 2.396290
v -0.499847 0.000735 2.437646
v -0.499847 0.000735 2.396290
v -0.499847 2.650287 2.437646
v 0.727970 2.584048 2.426736
v 0.727970 0.066973 2.426736
v -0.431831 0.066973 2.426736
v -0.431831 2.584048 2.426736
v 0.727970 0.066973 2.407200
v 0.727970 2.584048 2.407200
v -0.431831 2.584048 2.407200
v -0.431831 0.066973 2.407200
v -1.795935 2.650287 2.396290
v -0.568118 2.584048 2.437646
v -0.568118 0.066973 2.437646
v -1.727919 0.066973 2.437646
v -1.727919 2.584048 2.437646
v -0.568118 0.066973 2.396290
v -0.568118 2.584048 2.396290
v -1.727919 2.584048 2.396290
v -0.500102 2.650287 2.437646
v -0.500102 0.000735 2.437646
v -0.500102 0.000735 2.396290
v -0.500102 2.650287 2.396290
v -1.727919 0.066973 2.396290
v -1.795935 0.000735 2.437646
v -1.795935 0.000735 2.396290
v -1.795935 2.650287 2.437646
v -0.568118 2.584048 2.426736
v -0.568118 0.066973 2.426736
v -1.727919 0.066973 2.426736
v -1.727919 2.584048 2.426736
v -0.568118 0.066973 2.407200
v -0.568118 2.584048 2.407200
v -1.727919 2.584048 2.407200
v -1.727919 0.066973 2.407200
v -1.798476 2.650287 1.145753
v -1.839832 2.584048 2.373570
v -1.839832 0.066973 2.373570
v -1.839832 0.066973 1.213770
v -1.839832 2.584048 1.213769
v -1.798476 0.066973 2.373570
v -1.798476 2.584048 2.373570
v -1.798476 2.584048 1.213769
v -1.839832 2.650287 2.441586
v -1.839832 0.000735 2.441587
v -1.798476 0.000735 2.441587
v -1.798476 2.650287 2.441586
v -1.798476 0.066973 1.213770
v -1.839832 0.000734 1.145754
v -1.798476 0.000734 1.145754
v -1.839832 2.650287 1.145753
v -1.828922 2.584048 2.373570
v -1.828922 0.066973 2.373570
v -1.828922 0.066973 1.213770
v -1.828922 2.584048 1.213769
v -1.809386 0.066973 2.373570
v -1.809386 2.584048 2.373570
v -1.809386 2.584048 1.213769
v -1.809386 0.066973 1.213770
v -1.798476 2.650287 -0.151477
v -1.839832 2.584048 1.076340
v -1.839832 0.066973 1.076340
v -1.839832 0.066973 -0.083461
v -1.839832 2.584048 -0.083461
v -1.798476 0.066973 1.076340
v -1.798476 2.584048 1.076340
v -1.798476 2.584048 -0.083461
v -1.839832 2.650287 1.144356
v -1.839832 0.000734 1.144356
v -1.798476 0.000734 1.144356
v -1.798476 2.650287 1.144356
v -1.798476 0.066973 -0.083461
v -1.839832 0.000734 -0.151477
v -1.798476 0.000734 -0.151477
v -1.839832 2.650287 -0.151477
v -1.828922 2.584048 1.076340
v -1.828922 0.066973 1.076340
v -1.828922 0.066973 -0.083461
v -1.828922 2.584048 -0.083461
v -1.809386 0.066973 1.076340
v -1.809386 2.584048 1.076340
v -1.809386 2.584048 -0.083461
v -1.809386 0.066973 -0.083461
v -1.798476 2.650287 -1.448792
v -1.839832 2.584048 -0.220975
v -1.839832 0.066973 -0.220974
v -1.839832 0.066973 -1.380776
v -1.839832 2.584048 -1.380776
v -1.798476 0.066973 -0.220974
v -1.798476 2.584048 -0.220975
v -1.798476 2.584048 -1.380776
v -1.839832 2.650287 -0.152959
v -1.839832 0.000734 -0.152958
v -1.798476 0.000734 -0.152958
v -1.798476 2.650287 -0.152959
v -1.798476 0.066973 -1.380776
v -1.839832 0.000734 -1.448792
v -1.798476 0.000734 -1.448792
v -1.839832 2.650287 -1.448792
v -1.828922 2.584048 -0.220975
v -1.828922 0.066973 -0.220974
v -1.828922 0.066973 -1.380776
v -1.828922 2.584048 -1.380776
v -1.809386 0.066973 -0.220974
v -1.809386 2.584048 -0.220975
v -1.809386 2.584048 -1.380776
v -1.809386 0.066973 -1.380776
v -1.797311 2.650287 -1.449077
v -0.569494 2.584048 -1.407720
v -0.569494 0.066973 -1.407720
v -1.729295 0.066973 -1.407720
v -1.729295 2.584048 -1.407720
v -0.569494 0.066973 -1.449077
v -0.569494 2.584048 -1.449077
v -1.729295 2.584048 -1.449077
v -0.501478 2.650287 -1.407720
v -0.501478 0.000734 -1.407720
v -0.501478 0.000734 -1.449077
v -0.501478 2.650287 -1.449077
v -1.729295 0.066973 -1.449077
v -1.797311 0.000734 -1.407720
v -1.797311 0.000734 -1.449077
v -1.797311 2.650287 -1.407720
v -0.569494 2.584048 -1.418630
v -0.569494 0.066973 -1.418630
v -1.729295 0.066973 -1.418630
v -1.729295 2.584048 -1.418630
v -0.569494 0.066973 -1.438166
v -0.569494 2.584048 -1.438166
v -1.729295 2.584048 -1.438166
v -1.729295 0.066973 -1.438166
vn -0.0000 1.0000 -0.0000
vn -0.0000 -1.0000 -0.0000
vn 0.1813 -0.0000 -0.9834
vn 0.2942 -0.0000 -0.9557
vn 0.2943 -0.0000 -0.9557
vn 0.4416 -0.0000 -0.8972
vn 0.5813 -0.0000 -0.8137
vn -0.0000 -0.0000 -1.0000
vn 0.0720 -0.0000 -0.9974
vn 0.7071 -0.0000 -0.7071
vn 0.8137 -0.0000 -0.5813
vn 0.8972 -0.0000 -0.4416
vn 1.0000 -0.0000 -0.0000
vn 0.9974 -0.0000 -0.0720
vn 0.9834 -0.0000 -0.1813
vn 0.9557 -0.0000 -0.2942
vn 0.8512 0.4999 -0.1600
vn 0.9649 0.2534 -0.0696
vn 0.8647 0.4984 -0.0623
vn 0.9246 0.2536 -0.2844
vn 0.9515 0.2529 -0.1754
vn 0.7726 0.5023 -0.3883
vn 0.8275 0.5039 -0.2476
vn 0.6994 0.5034 -0.5074
vn 0.8679 0.2537 -0.4270
vn 0.6840 0.2535 -0.6840
vn 0.7871 0.2535 -0.5623
vn 0.6154 0.5034 -0.6065
vn 0.5619 0.2540 -0.7873
vn 0.5095 0.5009 -0.6996
vn 0.4265 0.2539 -0.8681
vn 0.2484 0.5031 -0.8278
vn 0.3858 0.5044 -0.7725
vn 0.1540 0.4999 -0.8523
vn 0.2846 0.2534 -0.9245
vn 0.0696 0.2534 -0.9649
vn 0.1754 0.2529 -0.9515
vn 0.0246 0.8729 -0.4873
vn -0.0000 0.9675 -0.2527
vn -0.0000 0.8676 -0.4973
vn 0.4947 0.8683 -0.0357
vn 0.2527 0.9675 -0.0000
vn 0.2514 0.9677 -0.0180
vn 0.4887 0.8678 -0.0900
vn 0.2484 0.9676 -0.0457
vn 0.4626 0.8733 -0.1528
vn 0.4450 0.8685 -0.2183
vn 0.2260 0.9678 -0.1107
vn 0.4037 0.8684 -0.2880
vn 0.2053 0.9677 -0.1463
vn 0.3351 0.8737 -0.3528
vn 0.1779 0.9677 -0.1788
vn 0.2741 0.8709 -0.4078
vn 0.1446 0.9682 -0.2041
vn 0.2036 0.8735 -0.4423
vn 0.1459 0.8684 -0.4740
vn 0.0742 0.9677 -0.2408
vn 0.0900 0.8678 -0.4887
vn 0.0457 0.9676 -0.2484
vn 0.0569 0.5035 -0.8621
vn -0.0000 0.2527 -0.9675
vn -0.0000 0.4973 -0.8676
vn 0.4973 0.8676 -0.0000
vn 0.8676 0.4973 -0.0000
vn -1.0000 -0.0000 -0.0000
vn -0.0000 -0.0000 1.0000
vn 0.0180 0.9677 -0.2514
vn 0.2410 0.9677 -0.0736
vn 0.1100 0.9677 -0.2267
vn 0.9675 0.2527 -0.0000
vt 0.001091 0.273445
vt 0.246357 0.348423
vt 0.242722 0.364630
vt 0.838606 0.153002
vt 0.747207 0.134749
vt 0.744057 0.129469
vt 0.724425 0.115331
vt 0.711739 0.015647
vt 0.838606 0.113046
vt 0.001091 0.001092
vt 0.273667 0.302995
vt 0.261941 0.316844
vt 0.355846 0.001091
vt 0.319095 0.275685
vt 0.302887 0.282097
vt 0.958026 0.117986
vt 0.926862 0.094762
vt 0.958026 0.094762
vt 0.958026 0.070480
vt 0.926862 0.046672
vt 0.958026 0.046672
vt 0.926862 0.449544
vt 0.958026 0.146871
vt 0.958026 0.449544
vt 0.926862 0.070480
vt 0.926862 0.020573
vt 0.958026 0.020573
vt 0.907730 0.609508
vt 0.872294 0.577768
vt 0.907730 0.577768
vt 0.872294 0.545785
vt 0.907730 0.545785
vt 0.751695 0.015648
vt 0.838606 0.015648
vt 0.629633 0.113046
vt 0.629633 0.015647
vt 0.838606 0.275855
vt 0.751695 0.153002
vt 0.907730 0.013721
vt 0.872294 0.452345
vt 0.872294 0.013721
vt 0.355846 0.269092
vt 0.585437 0.001091
vt 0.585437 0.269115
vt 0.926862 0.146871
vt 0.926862 0.117986
vt 0.239764 0.385174
vt 0.001091 0.728703
vt 0.001091 0.385174
vt 0.907730 0.487727
vt 0.872294 0.487727
vt 0.872294 0.516229
vt 0.907730 0.516229
vt 0.912910 0.487727
vt 0.907730 0.452345
vt 0.912910 0.452345
vt 0.912910 0.545785
vt 0.912910 0.516229
vt 0.912910 0.577768
vt 0.962528 0.020573
vt 0.962528 0.046672
vt 0.962528 0.094762
vt 0.962528 0.070480
vt 0.962528 0.117986
vt 0.967316 0.146871
vt 0.971675 0.449544
vt 0.967316 0.449544
vt 0.918446 0.452345
vt 0.923989 0.013721
vt 0.923989 0.452345
vt 0.918446 0.487727
vt 0.923989 0.487727
vt 0.918446 0.516229
vt 0.918446 0.545785
vt 0.923989 0.545785
vt 0.918446 0.577768
vt 0.923989 0.577768
vt 0.912910 0.609508
vt 0.918446 0.609508
vt 0.967316 0.020573
vt 0.971675 0.020573
vt 0.967316 0.046672
vt 0.971675 0.046672
vt 0.967316 0.070480
vt 0.967316 0.094762
vt 0.971675 0.094762
vt 0.967316 0.117986
vt 0.971675 0.117986
vt 0.962528 0.146871
vt 0.962528 0.449544
vt 0.918446 0.013721
vt 0.912910 0.013721
vt 0.301054 0.992799
vt 0.292237 0.987489
vt 0.292237 0.992799
vt 0.301054 0.987489
vt 0.292237 0.901013
vt 0.301054 0.901013
vt 0.292237 0.855181
vt 0.301054 0.855181
vt 0.292237 0.714263
vt 0.142637 0.927913
vt 0.194424 0.995238
vt 0.194424 0.927913
vt 0.628545 0.349442
vt 0.642452 0.133682
vt 0.628545 0.133682
vt 0.024045 0.853411
vt 0.068209 0.856796
vt 0.068209 0.853411
vt 0.696720 0.335646
vt 0.685978 0.120781
vt 0.685978 0.335646
vt 0.028524 0.731956
vt 0.093707 0.829645
vt 0.093707 0.731956
vt 0.998506 0.845479
vt 0.989939 0.983094
vt 0.998506 0.983094
vt 0.052281 0.925751
vt 0.027005 0.887869
vt 0.027005 0.925751
vt 0.989940 0.772543
vt 0.989940 0.845479
vt 0.268725 0.992799
vt 0.202207 0.987489
vt 0.202207 0.992799
vt 0.861547 0.262563
vt 0.850226 0.162297
vt 0.850225 0.262563
vt 0.357245 0.780835
vt 0.339530 0.972239
vt 0.357245 0.972239
vt 0.064565 0.927744
vt 0.061215 0.925751
vt 0.061215 0.927744
vt 0.809323 0.355927
vt 0.843469 0.278426
vt 0.809323 0.278426
vt 0.262209 0.734261
vt 0.110008 0.748708
vt 0.262209 0.748708
vt 0.002580 0.929405
vt 0.008434 0.995594
vt 0.008434 0.929405
vt 0.028524 0.829645
vt 0.093707 0.834787
vt 0.989939 0.991544
vt 0.998506 0.991544
vt 0.052281 0.927744
vt 0.027005 0.927744
vt 0.861548 0.023318
vt 0.850226 0.012165
vt 0.850226 0.023318
vt 0.951573 0.797098
vt 0.847099 0.640525
vt 0.847099 0.797098
vt 0.861547 0.480652
vt 0.262209 0.787235
vt 0.110008 0.896231
vt 0.262209 0.896231
vt 0.845660 0.798500
vt 0.956074 0.942041
vt 0.956074 0.798500
vt 0.268725 0.987489
vt 0.202207 0.901013
vt 0.948458 0.639122
vt 0.847099 0.631330
vt 0.847099 0.639122
vt 0.696720 0.346953
vt 0.685978 0.346953
vt 0.327685 0.773790
vt 0.310904 0.969448
vt 0.327685 0.969448
vt 0.861547 0.162297
vt 0.671886 0.119092
vt 0.659613 0.130609
vt 0.671886 0.130609
vt 0.142637 0.923778
vt 0.194424 0.923778
vt 0.644661 0.337924
vt 0.657404 0.119096
vt 0.644661 0.119096
vt 0.998506 0.548292
vt 0.989940 0.548292
vt 0.596000 0.121922
vt 0.609815 0.135083
vt 0.609815 0.121922
vt 0.110008 0.734261
vt 0.100662 0.748708
vt 0.644661 0.349442
vt 0.657404 0.337924
vt 0.734395 0.183445
vt 0.700296 0.224552
vt 0.734395 0.224552
vt 0.806633 0.722424
vt 0.845660 0.722424
vt 0.612024 0.133675
vt 0.626336 0.349442
vt 0.626336 0.133675
vt 0.024045 0.999078
vt 0.024045 0.995594
vt 0.659613 0.349442
vt 0.671886 0.349442
vt 0.124331 0.927913
vt 0.142637 0.995238
vt 0.596000 0.135083
vt 0.609815 0.349442
vt 0.988501 0.797098
vt 0.951573 0.640525
vt 0.008434 0.853411
vt 0.024045 0.856796
vt 0.268725 0.855181
vt 0.268725 0.901013
vt 0.110008 0.787235
vt 0.418573 0.273764
vt 0.469868 0.299677
vt 0.469868 0.273764
vt 0.357245 0.713180
vt 0.339530 0.780835
vt 0.002580 0.898975
vt 0.008434 0.898975
vt 0.301054 0.714263
vt 0.292237 0.709149
vt 0.268725 0.714263
vt 0.988501 0.640525
vt 0.951573 0.568540
vt 0.024045 0.929405
vt 0.806633 0.488514
vt 0.845660 0.488514
vt 0.809323 0.410715
vt 0.843469 0.355927
vt 0.100662 0.787235
vt 0.064565 0.925751
vt 0.061215 0.887869
vt 0.268725 0.709149
vt 0.988501 0.568540
vt 0.951573 0.468762
vt 0.052281 0.887869
vt 0.024045 0.898975
vt 0.327685 0.704630
vt 0.310904 0.773790
vt 0.100662 0.896231
vt 0.806633 0.798500
vt 0.845660 0.942041
vt 0.005484 0.731956
vt 0.008434 0.856796
vt 0.360515 0.272101
vt 0.408958 0.297781
vt 0.408958 0.272101
vt 0.734395 0.350940
vt 0.002580 0.995594
vt 0.008434 0.999078
vt 0.843470 0.410715
vt 0.809323 0.486657
vt 0.843470 0.486657
vt 0.002580 0.853411
vt 0.068209 0.999078
vt 0.068209 0.995594
vt 0.700295 0.183445
vt 0.734395 0.125297
vt 0.700295 0.125297
vt 0.068209 0.929405
vt 0.002580 0.856796
vt 0.340470 0.301170
vt 0.350914 0.707235
vt 0.340470 0.707235
vt 0.350914 0.301170
vt 0.367642 0.685921
vt 0.288813 0.307406
vt 0.299541 0.702733
vt 0.288813 0.702733
vt 0.374384 0.302135
vt 0.396603 0.991526
vt 0.374384 0.991526
vt 0.506422 0.997901
vt 0.803221 0.353769
vt 0.803221 0.997901
vt 0.271631 0.681983
vt 0.271631 0.328156
vt 0.406282 0.302135
vt 0.406282 0.991526
vt 0.466938 0.991938
vt 0.489157 0.302547
vt 0.489157 0.991938
vt 0.457259 0.302547
vt 0.435041 0.991938
vt 0.435041 0.302547
vt 0.299541 0.307406
vt 0.316723 0.681983
vt 0.323742 0.685921
vt 0.323742 0.322484
vt 0.428501 0.302135
vt 0.428501 0.991526
vt 0.506422 0.353769
vt 0.457259 0.991938
vt 0.268801 0.681983
vt 0.268801 0.328156
vt 0.491710 0.302547
vt 0.491710 0.991938
vt 0.370398 0.322484
vt 0.370398 0.685921
vt 0.371831 0.991526
vt 0.371831 0.302135
vt 0.320987 0.685921
vt 0.320987 0.322484
vt 0.432487 0.991938
vt 0.432487 0.302547
vt 0.319554 0.328156
vt 0.319554 0.681983
vt 0.431054 0.302135
vt 0.431054 0.991526
vt 0.396603 0.302135
vt 0.466938 0.302547
vt 0.252330 0.333104
vt 0.740029 0.124712
vt 0.750670 0.145936
vt 0.749410 0.140316
vt 0.735272 0.120684
vt 0.729992 0.117534
vt 0.718805 0.114071
vt 0.711739 0.113046
vt 0.244116 0.001092
vt 0.289288 0.289994
vt 0.335302 0.272050
vt 0.872294 0.609508
vt 0.751695 0.275855
vt 0.239787 0.728703
vt 0.971675 0.146871
vt 0.923989 0.516229
vt 0.923989 0.609508
vt 0.971675 0.070480
vt 0.642452 0.349442
vt 0.696720 0.120781
vt 0.998506 0.772543
vt 0.028524 0.834787
vt 0.861548 0.012165
vt 0.850225 0.480652
vt 0.948458 0.631330
vt 0.659613 0.119092
vt 0.100662 0.734261
vt 0.657404 0.349442
vt 0.612024 0.349442
vt 0.124331 0.995238
vt 0.596000 0.349442
vt 0.418573 0.299677
vt 0.339530 0.713180
vt 0.301054 0.709149
vt 0.064565 0.887869
vt 0.988501 0.468762
vt 0.310904 0.704630
vt 0.806633 0.942041
vt 0.005484 0.829645
vt 0.360515 0.297781
vt 0.700296 0.350940
vt 0.002580 0.999078
vt 0.367642 0.322484
vt 0.316723 0.328156
s 1
usemtl 02
f 1167/585/309 1225/586/309 1209/587/309
f 1179/588/310 1199/589/310 1200/590/310
f 1185/591/310 1177/592/310 1173/593/310
f 1166/594/309 1219/595/309 1221/596/309
f 1170/597/309 1213/598/309 1215/599/309
f 1212/600/311 1185/601/312 1214/602/313
f 1216/603/314 1162/604/315 1218/605/315
f 1183/606/316 1206/607/317 1203/608/316
f 1214/602/313 1186/609/314 1216/603/314
f 1218/605/315 1172/610/318 1220/611/318
f 1220/612/318 1200/613/319 1222/614/319
f 1222/614/319 1199/615/320 1224/616/320
f 1178/617/310 1174/618/310 1173/593/310
f 1177/592/310 1183/619/310 1180/620/310
f 1175/621/310 1184/622/310 1179/588/310
f 1208/623/321 1184/624/322 1181/625/321
f 1205/626/309 1163/627/309 1204/628/309
f 1212/600/311 1176/629/317 1187/630/311
f 1201/631/309 1165/632/309 1168/633/309
f 1184/624/322 1210/634/323 1188/635/323
f 1198/636/324 1210/634/323 1226/637/324
f 1224/616/320 1198/636/324 1226/637/324
f 1229/638/325 1202/639/326 1228/640/327
f 1229/638/325 1226/637/328 1210/634/329
f 1233/641/330 1226/637/328 1231/642/331
f 1235/643/332 1224/616/333 1233/641/330
f 1235/643/332 1220/612/334 1222/614/335
f 1237/644/336 1218/605/337 1220/611/334
f 1239/645/338 1216/603/339 1218/605/337
f 1194/646/340 1216/603/339 1196/647/341
f 1192/648/342 1214/602/343 1194/646/340
f 1192/648/342 1206/607/344 1212/600/345
f 1189/649/346 1204/650/347 1171/651/348
f 1227/652/349 1207/653/350 1201/654/351
f 1228/640/327 1230/655/352 1229/638/325
f 1227/652/349 1209/656/353 1230/655/352
f 1230/655/352 1231/642/331 1229/638/325
f 1209/656/353 1232/657/354 1230/655/352
f 1231/642/331 1234/658/355 1233/641/330
f 1232/657/354 1223/659/356 1234/658/355
f 1233/641/330 1236/660/357 1235/643/332
f 1234/658/355 1221/661/358 1236/660/357
f 1236/660/357 1237/662/336 1235/643/332
f 1221/661/358 1238/663/359 1236/660/357
f 1238/664/359 1239/645/338 1237/644/336
f 1219/665/360 1197/666/361 1238/664/359
f 1197/666/361 1196/647/341 1239/645/338
f 1217/667/362 1195/668/363 1197/666/361
f 1196/647/341 1193/669/364 1194/646/340
f 1195/668/363 1213/670/365 1193/669/364
f 1194/646/340 1191/671/366 1192/648/342
f 1193/669/364 1211/672/367 1191/671/366
f 1191/671/366 1190/673/368 1192/648/342
f 1211/672/367 1189/649/346 1191/671/366
f 1171/651/348 1190/673/368 1189/649/346
f 1203/608/369 1190/673/368 1182/674/370
f 1228/640/327 1164/675/371 1227/652/349
f 1202/639/326 1161/676/372 1228/640/327
f 1328/677/373 1299/678/373 1298/679/373
f 1271/680/373 1289/681/373 1299/678/373
f 1272/682/373 1290/683/373 1289/681/373
f 1256/684/373 1262/685/373 1290/683/373
f 1310/686/373 1279/687/373 1281/688/373
f 1243/689/309 1245/690/309 1246/691/309
f 1282/692/374 1273/693/374 1242/694/374
f 1247/695/309 1249/696/309 1293/697/309
f 1322/698/374 1278/699/374 1248/700/374
f 1252/701/309 1271/702/309 1251/703/309
f 1306/704/316 1267/705/316 1258/706/316
f 1252/701/309 1256/707/309 1272/708/309
f 1301/709/373 1326/710/373 1250/711/373
f 1294/712/309 1260/713/309 1257/714/309
f 1283/715/316 1259/716/316 1279/717/316
f 1269/718/316 1305/719/316 1261/720/316
f 1321/721/321 1311/722/321 1270/723/321
f 1245/724/321 1327/725/321 1286/726/321
f 1294/727/374 1277/728/374 1314/729/374
f 1287/730/374 1253/731/374 1278/699/374
f 1251/703/309 1328/732/309 1264/733/309
f 1292/734/316 1258/706/316 1254/735/316
f 1263/736/309 1244/737/309 1243/738/309
f 1288/739/316 1270/740/316 1266/741/316
f 1257/714/309 1264/742/309 1294/712/309
f 1284/743/321 1317/744/321 1259/745/321
f 1275/746/321 1266/747/321 1265/748/321
f 1300/749/373 1312/750/373 1326/710/373
f 1308/751/373 1254/752/373 1253/753/373
f 1268/754/309 1293/697/309 1269/755/309
f 1302/756/321 1248/757/321 1267/758/321
f 1241/759/309 1243/738/309 1260/713/309
f 1253/760/310 1258/761/310 1278/762/310
f 1307/763/373 1281/688/373 1273/764/373
f 1276/765/310 1270/766/310 1311/767/310
f 1256/707/309 1247/768/309 1268/769/309
f 1273/770/310 1317/771/310 1242/772/310
f 1244/773/321 1329/774/321 1327/725/321
f 1250/775/310 1266/776/310 1276/765/310
f 1275/777/310 1325/778/310 1323/779/310
f 1309/780/321 1275/746/321 1323/781/321
f 1326/782/310 1265/783/310 1266/784/310
f 1277/728/374 1301/785/374 1280/786/374
f 1278/762/310 1267/787/310 1248/788/310
f 1318/789/373 1283/790/373 1310/686/373
f 1281/791/310 1259/792/310 1317/771/310
f 1285/793/316 1321/794/316 1288/739/316
f 1329/795/374 1307/796/374 1282/692/374
f 1289/681/373 1325/797/373 1315/798/373
f 1286/726/321 1319/799/321 1284/743/321
f 1246/800/316 1286/801/316 1295/802/316
f 1295/803/316 1284/804/316 1283/715/316
f 1241/805/374 1314/729/374 1313/806/374
f 1268/807/373 1261/808/373 1262/685/373
f 1299/678/373 1315/798/373 1300/749/373
f 1298/679/373 1300/749/373 1301/709/373
f 1290/683/373 1308/809/373 1325/797/373
f 1297/810/316 1303/811/316 1321/794/316
f 1314/729/374 1280/786/374 1320/812/374
f 1261/720/316 1306/704/316 1292/734/316
f 1291/813/321 1323/781/321 1287/814/321
f 1303/815/310 1320/816/310 1321/721/310
f 1327/725/321 1282/817/321 1319/799/321
f 1293/818/316 1304/819/316 1305/719/316
f 1262/685/373 1292/820/373 1308/809/373
f 1296/821/316 1310/822/316 1303/811/316
f 1305/719/316 1302/823/316 1306/704/316
f 1313/806/374 1320/812/374 1316/824/374
f 1304/825/321 1322/826/321 1302/756/321
f 1319/799/321 1242/827/321 1317/744/321
f 1274/828/321 1288/829/321 1275/746/321
f 1324/830/374 1287/730/374 1322/698/374
f 1240/831/374 1316/824/374 1307/796/374
f 1249/832/321 1324/833/321 1304/834/321
f 1325/778/310 1287/835/310 1323/779/310
f 1264/836/374 1298/837/374 1277/728/374
f 1316/838/310 1310/839/310 1307/840/310
f 1330/841/374 1240/831/374 1329/795/374
f 1280/786/374 1250/842/374 1276/843/374
f 1315/844/316 1265/845/316 1312/846/316
f 1320/812/374 1276/843/374 1311/847/374
f 1263/848/374 1313/806/374 1240/831/374
f 1332/849/309 1340/850/309 1343/851/309
f 1347/852/321 1333/853/321 1340/850/321
f 1345/854/310 1342/855/310 1341/856/310
f 1334/857/321 1340/858/321 1333/859/321
f 1351/860/321 1349/861/321 1348/862/321
f 1345/854/321 1334/863/321 1335/864/321
f 1340/858/316 1342/865/316 1343/866/316
f 1347/867/321 1335/868/321 1336/869/321
f 1346/870/373 1339/871/373 1344/872/373
f 1346/873/373 1337/874/373 1342/855/373
f 1332/849/373 1338/875/373 1339/876/373
f 1343/866/373 1337/877/373 1338/878/373
f 1355/879/373 1353/862/373 1352/861/373
f 1346/870/374 1347/867/374 1332/880/374
f 1335/864/309 1349/881/309 1350/882/309
f 1336/869/316 1350/883/316 1351/884/316
f 1333/853/310 1351/885/310 1348/886/310
f 1334/857/374 1348/887/374 1349/888/374
f 1339/876/310 1353/889/310 1354/890/310
f 1344/872/316 1354/891/316 1355/892/316
f 1337/874/309 1355/893/309 1352/894/309
f 1338/878/374 1352/895/374 1353/896/374
f 1356/849/309 1364/850/309 1367/851/309
f 1371/852/374 1357/853/374 1364/850/374
f 1369/854/310 1366/855/310 1365/856/310
f 1365/897/374 1357/859/374 1358/857/374
f 1375/860/374 1373/861/374 1372/862/374
f 1369/854/374 1358/863/374 1359/864/374
f 1364/858/321 1366/865/321 1367/866/321
f 1371/867/374 1359/868/374 1360/869/374
f 1370/870/316 1363/871/316 1368/872/316
f 1370/873/316 1361/874/316 1366/855/316
f 1356/849/316 1362/875/316 1363/876/316
f 1367/866/316 1361/877/316 1362/878/316
f 1379/879/316 1377/862/316 1376/861/316
f 1370/870/373 1371/867/373 1356/880/373
f 1359/864/309 1373/881/309 1374/882/309
f 1360/869/321 1374/883/321 1375/884/321
f 1357/853/310 1375/885/310 1372/886/310
f 1358/857/373 1372/887/373 1373/888/373
f 1363/876/310 1377/889/310 1378/890/310
f 1368/872/321 1378/891/321 1379/892/321
f 1361/874/309 1379/893/309 1376/894/309
f 1362/878/373 1376/895/373 1377/896/373
f 1380/849/309 1388/850/309 1391/851/309
f 1395/852/374 1381/853/374 1388/850/374
f 1393/854/310 1390/855/310 1389/856/310
f 1382/857/374 1388/858/374 1381/859/374
f 1399/860/374 1397/861/374 1396/862/374
f 1393/854/374 1382/863/374 1383/864/374
f 1388/858/321 1390/865/321 1391/866/321
f 1395/867/374 1383/868/374 1384/869/374
f 1394/870/316 1387/871/316 1392/872/316
f 1394/873/316 1385/874/316 1390/855/316
f 1380/849/316 1386/875/316 1387/876/316
f 1391/866/316 1385/877/316 1386/878/316
f 1403/879/316 1401/862/316 1400/861/316
f 1394/870/373 1395/867/373 1380/880/373
f 1383/864/309 1397/881/309 1398/882/309
f 1384/869/321 1398/883/321 1399/884/321
f 1381/853/310 1399/885/310 1396/886/310
f 1382/857/373 1396/887/373 1397/888/373
f 1387/876/310 1401/889/310 1402/890/310
f 1392/872/321 1402/891/321 1403/892/321
f 1385/874/309 1403/893/309 1400/894/309
f 1386/878/373 1400/895/373 1401/896/373
f 1404/849/309 1412/850/309 1415/851/309
f 1419/852/374 1405/853/374 1412/850/374
f 1417/854/310 1414/855/310 1413/856/310
f 1413/897/374 1405/859/374 1406/857/374
f 1423/860/374 1421/861/374 1420/862/374
f 1417/854/374 1406/863/374 1407/864/374
f 1412/858/321 1414/865/321 1415/866/321
f 1419/867/374 1407/868/374 1408/869/374
f 1418/870/316 1411/871/316 1416/872/316
f 1418/873/316 1409/874/316 1414/855/316
f 1404/849/316 1410/875/316 1411/876/316
f 1415/866/316 1409/877/316 1410/878/316
f 1427/879/316 1425/862/316 1424/861/316
f 1418/870/373 1419/867/373 1404/880/373
f 1407/864/309 1421/881/309 1422/882/309
f 1408/869/321 1422/883/321 1423/884/321
f 1405/853/310 1423/885/310 1420/886/310
f 1406/857/373 1420/887/373 1421/888/373
f 1411/876/310 1425/889/310 1426/890/310
f 1416/872/321 1426/891/321 1427/892/321
f 1409/874/309 1427/893/309 1424/894/309
f 1410/878/373 1424/895/373 1425/896/373
f 1428/849/309 1436/850/309 1439/851/309
f 1443/852/373 1429/853/373 1436/850/373
f 1441/854/310 1438/855/310 1437/856/310
f 1430/857/373 1436/858/373 1429/859/373
f 1447/860/373 1445/861/373 1444/862/373
f 1441/854/373 1430/863/373 1431/864/373
f 1436/858/374 1438/865/374 1439/866/374
f 1432/869/373 1441/898/373 1431/868/373
f 1440/872/321 1428/880/321 1435/871/321
f 1442/873/321 1433/874/321 1438/855/321
f 1435/876/321 1439/851/321 1434/875/321
f 1439/866/321 1433/877/321 1434/878/321
f 1451/879/321 1449/862/321 1448/861/321
f 1442/870/316 1443/867/316 1428/880/316
f 1431/864/309 1445/881/309 1446/882/309
f 1432/869/374 1446/883/374 1447/884/374
f 1429/853/310 1447/885/310 1444/886/310
f 1430/857/316 1444/887/316 1445/888/316
f 1435/876/310 1449/889/310 1450/890/310
f 1440/872/374 1450/891/374 1451/892/374
f 1433/874/309 1451/893/309 1448/894/309
f 1434/878/316 1448/895/316 1449/896/316
f 1452/849/309 1460/850/309 1463/851/309
f 1467/852/373 1453/853/373 1460/850/373
f 1465/854/310 1462/855/310 1461/856/310
f 1461/897/373 1453/859/373 1454/857/373
f 1471/860/373 1469/861/373 1468/862/373
f 1465/854/373 1454/863/373 1455/864/373
f 1460/858/374 1462/865/374 1463/866/374
f 1467/867/373 1455/868/373 1456/869/373
f 1466/870/321 1459/871/321 1464/872/321
f 1466/873/321 1457/874/321 1462/855/321
f 1452/849/321 1458/875/321 1459/876/321
f 1463/866/321 1457/877/321 1458/878/321
f 1475/879/321 1473/862/321 1472/861/321
f 1466/870/316 1467/867/316 1452/880/316
f 1455/864/309 1469/881/309 1470/882/309
f 1456/869/374 1470/883/374 1471/884/374
f 1453/853/310 1471/885/310 1468/886/310
f 1454/857/316 1468/887/316 1469/888/316
f 1459/876/310 1473/889/310 1474/890/310
f 1464/872/374 1474/891/374 1475/892/374
f 1457/874/309 1475/893/309 1472/894/309
f 1458/878/316 1472/895/316 1473/896/316
f 1476/849/309 1484/850/309 1487/851/309
f 1491/852/373 1477/853/373 1484/850/373
f 1489/854/310 1486/855/310 1485/856/310
f 1485/897/373 1477/859/373 1478/857/373
f 1495/860/373 1493/861/373 1492/862/373
f 1489/854/373 1478/863/373 1479/864/373
f 1484/858/374 1486/865/374 1487/866/374
f 1491/867/373 1479/868/373 1480/869/373
f 1490/870/321 1483/871/321 1488/872/321
f 1490/873/321 1481/874/321 1486/855/321
f 1476/849/321 1482/875/321 1483/876/321
f 1487/866/321 1481/877/321 1482/878/321
f 1499/879/321 1497/862/321 1496/861/321
f 1490/870/316 1491/867/316 1476/880/316
f 1479/864/309 1493/881/309 1494/882/309
f 1480/869/374 1494/883/374 1495/884/374
f 1477/853/310 1495/885/310 1492/886/310
f 1478/857/316 1492/887/316 1493/888/316
f 1483/876/310 1497/889/310 1498/890/310
f 1488/872/374 1498/891/374 1499/892/374
f 1481/874/309 1499/893/309 1496/894/309
f 1482/878/316 1496/895/316 1497/896/316
f 1500/849/309 1508/850/309 1511/851/309
f 1515/852/374 1501/853/374 1508/850/374
f 1513/854/310 1510/855/310 1509/856/310
f 1509/897/374 1501/859/374 1502/857/374
f 1519/860/374 1517/861/374 1516/862/374
f 1513/854/374 1502/863/374 1503/864/374
f 1508/858/321 1510/865/321 1511/866/321
f 1515/867/374 1503/868/374 1504/869/374
f 1514/870/316 1507/871/316 1512/872/316
f 1514/873/316 1505/874/316 1510/855/316
f 1500/849/316 1506/875/316 1507/876/316
f 1511/866/316 1505/877/316 1506/878/316
f 1523/879/316 1521/862/316 1520/861/316
f 1514/870/373 1515/867/373 1500/880/373
f 1503/864/309 1517/881/309 1518/882/309
f 1504/869/321 1518/883/321 1519/884/321
f 1501/853/310 1519/885/310 1516/886/310
f 1502/857/373 1516/887/373 1517/888/373
f 1507/876/310 1521/889/310 1522/890/310
f 1512/872/321 1522/891/321 1523/892/321
f 1505/874/309 1523/893/309 1520/894/309
f 1506/878/373 1520/895/373 1521/896/373
f 1201/631/309 1168/633/309 1167/585/309
f 1167/585/309 1223/899/309 1225/586/309
f 1209/587/309 1201/631/309 1167/585/309
f 1172/900/310 1173/593/310 1179/588/310
f 1179/588/310 1184/622/310 1188/901/310
f 1179/588/310 1188/901/310 1198/902/310
f 1200/590/310 1172/900/310 1179/588/310
f 1179/588/310 1198/902/310 1199/589/310
f 1173/593/310 1172/900/310 1162/903/310
f 1173/593/310 1162/903/310 1186/904/310
f 1177/592/310 1178/617/310 1173/593/310
f 1187/905/310 1176/906/310 1177/592/310
f 1173/593/310 1186/904/310 1185/591/310
f 1185/591/310 1187/905/310 1177/592/310
f 1223/899/309 1167/585/309 1166/594/309
f 1166/594/309 1169/907/309 1217/908/309
f 1166/594/309 1217/908/309 1219/595/309
f 1221/596/309 1223/899/309 1166/594/309
f 1217/908/309 1169/907/309 1170/597/309
f 1170/597/309 1205/626/309 1211/909/309
f 1170/597/309 1211/909/309 1213/598/309
f 1215/599/309 1217/908/309 1170/597/309
f 1212/600/311 1187/630/311 1185/601/312
f 1216/603/314 1186/609/314 1162/604/315
f 1183/606/316 1176/629/317 1206/607/317
f 1214/602/313 1185/601/312 1186/609/314
f 1218/605/315 1162/604/315 1172/610/318
f 1220/612/318 1172/910/318 1200/613/319
f 1222/614/319 1200/613/319 1199/615/320
f 1177/592/310 1176/906/310 1183/619/310
f 1175/621/310 1181/911/310 1184/622/310
f 1208/623/321 1202/639/322 1184/624/322
f 1205/626/309 1170/597/309 1163/627/309
f 1212/600/311 1206/607/317 1176/629/317
f 1201/631/309 1207/912/309 1165/632/309
f 1184/624/322 1202/639/322 1210/634/323
f 1198/636/324 1188/635/323 1210/634/323
f 1224/616/320 1199/615/320 1198/636/324
f 1229/638/325 1210/634/329 1202/639/326
f 1229/638/325 1231/642/331 1226/637/328
f 1233/641/330 1224/616/333 1226/637/328
f 1235/643/332 1222/614/335 1224/616/333
f 1235/643/332 1237/662/336 1220/612/334
f 1237/644/336 1239/645/338 1218/605/337
f 1239/645/338 1196/647/341 1216/603/339
f 1194/646/340 1214/602/343 1216/603/339
f 1192/648/342 1212/600/345 1214/602/343
f 1192/648/342 1190/673/368 1206/607/344
f 1189/649/346 1205/913/375 1204/650/347
f 1227/652/349 1164/675/371 1207/653/350
f 1228/640/327 1227/652/349 1230/655/352
f 1227/652/349 1201/654/351 1209/656/353
f 1230/655/352 1232/657/354 1231/642/331
f 1209/656/353 1225/914/376 1232/657/354
f 1231/642/331 1232/657/354 1234/658/355
f 1232/657/354 1225/914/376 1223/659/356
f 1233/641/330 1234/658/355 1236/660/357
f 1234/658/355 1223/659/356 1221/661/358
f 1236/660/357 1238/663/359 1237/662/336
f 1221/661/358 1219/915/360 1238/663/359
f 1238/664/359 1197/666/361 1239/645/338
f 1219/665/360 1217/667/362 1197/666/361
f 1197/666/361 1195/668/363 1196/647/341
f 1217/667/362 1215/916/377 1195/668/363
f 1196/647/341 1195/668/363 1193/669/364
f 1195/668/363 1215/916/377 1213/670/365
f 1194/646/340 1193/669/364 1191/671/366
f 1193/669/364 1213/670/365 1211/672/367
f 1191/671/366 1189/649/346 1190/673/368
f 1211/672/367 1205/913/375 1189/649/346
f 1171/651/348 1182/674/370 1190/673/368
f 1203/608/369 1206/607/344 1190/673/368
f 1228/640/327 1161/676/372 1164/675/371
f 1202/639/326 1208/623/378 1161/676/372
f 1328/677/373 1271/680/373 1299/678/373
f 1271/680/373 1272/682/373 1289/681/373
f 1272/682/373 1256/684/373 1290/683/373
f 1256/684/373 1268/807/373 1262/685/373
f 1310/686/373 1283/790/373 1279/687/373
f 1243/689/309 1244/917/309 1245/690/309
f 1282/692/374 1307/796/374 1273/693/374
f 1247/695/309 1331/918/309 1249/696/309
f 1322/698/374 1287/730/374 1278/699/374
f 1252/701/309 1272/708/309 1271/702/309
f 1306/704/316 1302/823/316 1267/705/316
f 1252/701/309 1255/919/309 1256/707/309
f 1301/709/373 1300/749/373 1326/710/373
f 1294/712/309 1241/759/309 1260/713/309
f 1283/715/316 1284/804/316 1259/716/316
f 1269/718/316 1293/818/316 1305/719/316
f 1321/721/321 1320/816/321 1311/722/321
f 1245/724/321 1244/773/321 1327/725/321
f 1294/727/374 1264/836/374 1277/728/374
f 1287/730/374 1308/920/374 1253/731/374
f 1251/703/309 1271/702/309 1328/732/309
f 1292/734/316 1306/704/316 1258/706/316
f 1263/736/309 1330/921/309 1244/737/309
f 1288/739/316 1321/794/316 1270/740/316
f 1257/714/309 1251/922/309 1264/742/309
f 1284/743/321 1319/799/321 1317/744/321
f 1275/746/321 1288/829/321 1266/747/321
f 1300/749/373 1315/798/373 1312/750/373
f 1308/751/373 1292/923/373 1254/752/373
f 1268/754/309 1247/695/309 1293/697/309
f 1302/756/321 1322/826/321 1248/757/321
f 1241/759/309 1263/736/309 1243/738/309
f 1253/760/310 1254/924/310 1258/761/310
f 1307/763/373 1310/686/373 1281/688/373
f 1276/765/310 1266/776/310 1270/766/310
f 1256/707/309 1255/919/309 1247/768/309
f 1273/770/310 1281/791/310 1317/771/310
f 1244/773/321 1330/925/321 1329/774/321
f 1250/775/310 1326/926/310 1266/776/310
f 1275/777/310 1315/844/310 1325/778/310
f 1309/780/321 1274/828/321 1275/746/321
f 1326/782/310 1312/927/310 1265/783/310
f 1277/728/374 1298/837/374 1301/785/374
f 1278/762/310 1258/761/310 1267/787/310
f 1318/789/373 1295/928/373 1283/790/373
f 1281/791/310 1279/929/310 1259/792/310
f 1285/793/316 1297/810/316 1321/794/316
f 1329/795/374 1240/831/374 1307/796/374
f 1289/681/373 1290/683/373 1325/797/373
f 1286/726/321 1327/725/321 1319/799/321
f 1246/800/316 1245/930/316 1286/801/316
f 1295/803/316 1286/931/316 1284/804/316
f 1241/805/374 1294/727/374 1314/729/374
f 1268/807/373 1269/932/373 1261/808/373
f 1299/678/373 1289/681/373 1315/798/373
f 1298/679/373 1299/678/373 1300/749/373
f 1290/683/373 1262/685/373 1308/809/373
f 1297/810/316 1296/821/316 1303/811/316
f 1314/729/374 1277/728/374 1280/786/374
f 1261/720/316 1305/719/316 1306/704/316
f 1291/813/321 1309/780/321 1323/781/321
f 1303/815/310 1316/838/310 1320/816/310
f 1327/725/321 1329/774/321 1282/817/321
f 1293/818/316 1249/933/316 1304/819/316
f 1262/685/373 1261/808/373 1292/820/373
f 1296/821/316 1318/934/316 1310/822/316
f 1305/719/316 1304/819/316 1302/823/316
f 1313/806/374 1314/729/374 1320/812/374
f 1304/825/321 1324/935/321 1322/826/321
f 1319/799/321 1282/817/321 1242/827/321
f 1274/828/321 1285/936/321 1288/829/321
f 1324/830/374 1291/937/374 1287/730/374
f 1240/831/374 1313/806/374 1316/824/374
f 1249/832/321 1331/938/321 1324/833/321
f 1325/778/310 1308/939/310 1287/835/310
f 1264/836/374 1328/940/374 1298/837/374
f 1316/838/310 1303/815/310 1310/839/310
f 1330/841/374 1263/848/374 1240/831/374
f 1280/786/374 1301/785/374 1250/842/374
f 1315/844/316 1275/777/316 1265/845/316
f 1320/812/374 1280/786/374 1276/843/374
f 1263/848/374 1241/805/374 1313/806/374
f 1332/849/309 1347/852/309 1340/850/309
f 1347/852/321 1336/941/321 1333/853/321
f 1345/854/310 1346/873/310 1342/855/310
f 1334/857/321 1341/897/321 1340/858/321
f 1351/860/321 1350/879/321 1349/861/321
f 1345/854/321 1341/856/321 1334/863/321
f 1340/858/316 1341/897/316 1342/865/316
f 1347/867/321 1345/898/321 1335/868/321
f 1346/870/373 1332/880/373 1339/871/373
f 1346/873/373 1344/942/373 1337/874/373
f 1332/849/373 1343/851/373 1338/875/373
f 1343/866/373 1342/865/373 1337/877/373
f 1355/879/373 1354/860/373 1353/862/373
f 1346/870/374 1345/898/374 1347/867/374
f 1335/864/309 1334/863/309 1349/881/309
f 1336/869/316 1335/868/316 1350/883/316
f 1333/853/310 1336/941/310 1351/885/310
f 1334/857/374 1333/859/374 1348/887/374
f 1339/876/310 1338/875/310 1353/889/310
f 1344/872/316 1339/871/316 1354/891/316
f 1337/874/309 1344/942/309 1355/893/309
f 1338/878/374 1337/877/374 1352/895/374
f 1356/849/309 1371/852/309 1364/850/309
f 1371/852/374 1360/941/374 1357/853/374
f 1369/854/310 1370/873/310 1366/855/310
f 1365/897/374 1364/858/374 1357/859/374
f 1375/860/374 1374/879/374 1373/861/374
f 1369/854/374 1365/856/374 1358/863/374
f 1364/858/321 1365/897/321 1366/865/321
f 1371/867/374 1369/898/374 1359/868/374
f 1370/870/316 1356/880/316 1363/871/316
f 1370/873/316 1368/942/316 1361/874/316
f 1356/849/316 1367/851/316 1362/875/316
f 1367/866/316 1366/865/316 1361/877/316
f 1379/879/316 1378/860/316 1377/862/316
f 1370/870/373 1369/898/373 1371/867/373
f 1359/864/309 1358/863/309 1373/881/309
f 1360/869/321 1359/868/321 1374/883/321
f 1357/853/310 1360/941/310 1375/885/310
f 1358/857/373 1357/859/373 1372/887/373
f 1363/876/310 1362/875/310 1377/889/310
f 1368/872/321 1363/871/321 1378/891/321
f 1361/874/309 1368/942/309 1379/893/309
f 1362/878/373 1361/877/373 1376/895/373
f 1380/849/309 1395/852/309 1388/850/309
f 1395/852/374 1384/941/374 1381/853/374
f 1393/854/310 1394/873/310 1390/855/310
f 1382/857/374 1389/897/374 1388/858/374
f 1399/860/374 1398/879/374 1397/861/374
f 1393/854/374 1389/856/374 1382/863/374
f 1388/858/321 1389/897/321 1390/865/321
f 1395/867/374 1393/898/374 1383/868/374
f 1394/870/316 1380/880/316 1387/871/316
f 1394/873/316 1392/942/316 1385/874/316
f 1380/849/316 1391/851/316 1386/875/316
f 1391/866/316 1390/865/316 1385/877/316
f 1403/879/316 1402/860/316 1401/862/316
f 1394/870/373 1393/898/373 1395/867/373
f 1383/864/309 1382/863/309 1397/881/309
f 1384/869/321 1383/868/321 1398/883/321
f 1381/853/310 1384/941/310 1399/885/310
f 1382/857/373 1381/859/373 1396/887/373
f 1387/876/310 1386/875/310 1401/889/310
f 1392/872/321 1387/871/321 1402/891/321
f 1385/874/309 1392/942/309 1403/893/309
f 1386/878/373 1385/877/373 1400/895/373
f 1404/849/309 1419/852/309 1412/850/309
f 1419/852/374 1408/941/374 1405/853/374
f 1417/854/310 1418/873/310 1414/855/310
f 1413/897/374 1412/858/374 1405/859/374
f 1423/860/374 1422/879/374 1421/861/374
f 1417/854/374 1413/856/374 1406/863/374
f 1412/858/321 1413/897/321 1414/865/321
f 1419/867/374 1417/898/374 1407/868/374
f 1418/870/316 1404/880/316 1411/871/316
f 1418/873/316 1416/942/316 1409/874/316
f 1404/849/316 1415/851/316 1410/875/316
f 1415/866/316 1414/865/316 1409/877/316
f 1427/879/316 1426/860/316 1425/862/316
f 1418/870/373 1417/898/373 1419/867/373
f 1407/864/309 1406/863/309 1421/881/309
f 1408/869/321 1407/868/321 1422/883/321
f 1405/853/310 1408/941/310 1423/885/310
f 1406/857/373 1405/859/373 1420/887/373
f 1411/876/310 1410/875/310 1425/889/310
f 1416/872/321 1411/871/321 1426/891/321
f 1409/874/309 1416/942/309 1427/893/309
f 1410/878/373 1409/877/373 1424/895/373
f 1428/849/309 1443/852/309 1436/850/309
f 1443/852/373 1432/941/373 1429/853/373
f 1441/854/310 1442/873/310 1438/855/310
f 1430/857/373 1437/897/373 1436/858/373
f 1447/860/373 1446/879/373 1445/861/373
f 1441/854/373 1437/856/373 1430/863/373
f 1436/858/374 1437/897/374 1438/865/374
f 1432/869/373 1443/867/373 1441/898/373
f 1440/872/321 1442/870/321 1428/880/321
f 1442/873/321 1440/942/321 1433/874/321
f 1435/876/321 1428/849/321 1439/851/321
f 1439/866/321 1438/865/321 1433/877/321
f 1451/879/321 1450/860/321 1449/862/321
f 1442/870/316 1441/898/316 1443/867/316
f 1431/864/309 1430/863/309 1445/881/309
f 1432/869/374 1431/868/374 1446/883/374
f 1429/853/310 1432/941/310 1447/885/310
f 1430/857/316 1429/859/316 1444/887/316
f 1435/876/310 1434/875/310 1449/889/310
f 1440/872/374 1435/871/374 1450/891/374
f 1433/874/309 1440/942/309 1451/893/309
f 1434/878/316 1433/877/316 1448/895/316
f 1452/849/309 1467/852/309 1460/850/309
f 1467/852/373 1456/941/373 1453/853/373
f 1465/854/310 1466/873/310 1462/855/310
f 1461/897/373 1460/858/373 1453/859/373
f 1471/860/373 1470/879/373 1469/861/373
f 1465/854/373 1461/856/373 1454/863/373
f 1460/858/374 1461/897/374 1462/865/374
f 1467/867/373 1465/898/373 1455/868/373
f 1466/870/321 1452/880/321 1459/871/321
f 1466/873/321 1464/942/321 1457/874/321
f 1452/849/321 1463/851/321 1458/875/321
f 1463/866/321 1462/865/321 1457/877/321
f 1475/879/321 1474/860/321 1473/862/321
f 1466/870/316 1465/898/316 1467/867/316
f 1455/864/309 1454/863/309 1469/881/309
f 1456/869/374 1455/868/374 1470/883/374
f 1453/853/310 1456/941/310 1471/885/310
f 1454/857/316 1453/859/316 1468/887/316
f 1459/876/310 1458/875/310 1473/889/310
f 1464/872/374 1459/871/374 1474/891/374
f 1457/874/309 1464/942/309 1475/893/309
f 1458/878/316 1457/877/316 1472/895/316
f 1476/849/309 1491/852/309 1484/850/309
f 1491/852/373 1480/941/373 1477/853/373
f 1489/854/310 1490/873/310 1486/855/310
f 1485/897/373 1484/858/373 1477/859/373
f 1495/860/373 1494/879/373 1493/861/373
f 1489/854/373 1485/856/373 1478/863/373
f 1484/858/374 1485/897/374 1486/865/374
f 1491/867/373 1489/898/373 1479/868/373
f 1490/870/321 1476/880/321 1483/871/321
f 1490/873/321 1488/942/321 1481/874/321
f 1476/849/321 1487/851/321 1482/875/321
f 1487/866/321 1486/865/321 1481/877/321
f 1499/879/321 1498/860/321 1497/862/321
f 1490/870/316 1489/898/316 1491/867/316
f 1479/864/309 1478/863/309 1493/881/309
f 1480/869/374 1479/868/374 1494/883/374
f 1477/853/310 1480/941/310 1495/885/310
f 1478/857/316 1477/859/316 1492/887/316
f 1483/876/310 1482/875/310 1497/889/310
f 1488/872/374 1483/871/374 1498/891/374
f 1481/874/309 1488/942/309 1499/893/309
f 1482/878/316 1481/877/316 1496/895/316
f 1500/849/309 1515/852/309 1508/850/309
f 1515/852/374 1504/941/374 1501/853/374
f 1513/854/310 1514/873/310 1510/855/310
f 1509/897/374 1508/858/374 1501/859/374
f 1519/860/374 1518/879/374 1517/861/374
f 1513/854/374 1509/856/374 1502/863/374
f 1508/858/321 1509/897/321 1510/865/321
f 1515/867/374 1513/898/374 1503/868/374
f 1514/870/316 1500/880/316 1507/871/316
f 1514/873/316 1512/942/316 1505/874/316
f 1500/849/316 1511/851/316 1506/875/316
f 1511/866/316 1510/865/316 1505/877/316
f 1523/879/316 1522/860/316 1521/862/316
f 1514/870/373 1513/898/373 1515/867/373
f 1503/864/309 1502/863/309 1517/881/309
f 1504/869/321 1503/868/321 1518/883/321
f 1501/853/310 1504/941/310 1519/885/310
f 1502/857/373 1501/859/373 1516/887/373
f 1507/876/310 1506/875/310 1521/889/310
f 1512/872/321 1507/871/321 1522/891/321
f 1505/874/309 1512/942/309 1523/893/309
f 1506/878/373 1505/877/373 1520/895/373
