mtllib wooden_table_02_2k.mtl
o wooden_table_02
usemtl wooden_table_02
v 56.72084093093872 73.68716475015715 -34.71058286251703
v 56.72084093093872 79.35108996560622 -34.710583623515575
v 56.72084093093872 79.35109929295153 34.71055634000589
v 56.72084093093872 73.68716475015715 -34.71058286251703
v 56.72084093093872 79.35109929295153 34.71055634000589
v 56.72084093093872 73.68717407750246 34.71055710100443
v -56.1301589012146 73.68716467079659 -35.30124401039801
v -56.1301589012146 79.35108988624566 -35.301244771396554
v 56.130170822143555 79.35108988624486 -35.301250731860826
v -56.1301589012146 73.68716467079659 -35.30124401039801
v 56.130170822143555 79.35108988624486 -35.301250731860826
v 56.130170822143555 73.6871646707958 -35.30124997086228
v -52.97251343727112 79.94176047844203 -31.552932386551202
v -52.97251343727112 79.94176895727207 31.552916865246544
v 52.97253131866455 79.94175703634274 31.55291090478387
v -52.97251343727112 79.94176047844203 -31.552932386551202
v 52.97253131866455 79.94175703634274 31.55291090478387
v 52.97253131866455 79.9417485575127 -31.552938347013875
v 56.130170822143555 73.68717415686382 35.301224209349684
v 56.130170822143555 79.35109937231289 35.30122344835114
v -56.1301589012146 79.35109937231368 35.30122940881541
v 56.130170822143555 73.68717415686382 35.301224209349684
v -56.1301589012146 79.35109937231368 35.30122940881541
v -56.1301589012146 73.68717415686461 35.301230169813955
v -56.72082304954529 73.68717407750326 34.710563061468704
v -56.72082304954529 79.35109929295233 34.71056230047016
v -56.72082304954529 79.35108996560702 -34.7105776630513
v -56.72082304954529 73.68717407750326 34.710563061468704
v -56.72082304954529 79.35108996560702 -34.7105776630513
v -56.72082304954529 73.68716475015795 -34.71057690205276
v 56.130170822143555 73.16009618225927 34.71055717182202
v 56.72084093093872 73.68717407750246 34.71055710100443
v 56.130170822143555 73.68717415686382 35.301224209349684
v 56.72084093093872 79.35109929295153 34.71055634000589
v 56.130170822143555 79.94176938152891 34.71055626064413
v 56.130170822143555 79.35109937231289 35.30122344835114
v -56.1301589012146 73.16011406365288 34.71056313228389
v -56.1301589012146 73.68717415686461 35.301230169813955
v -56.72082304954529 73.68717407750326 34.710563061468704
v -56.1301589012146 79.94177534199399 34.7105622211076
v -56.72082304954529 79.35109929295233 34.71056230047016
v -56.1301589012146 79.35109937231368 35.30122940881541
v 56.130170822143555 73.16008685491396 -34.710582791699444
v 56.130170822143555 73.6871646707958 -35.30124997086228
v 56.72084093093872 73.68716475015715 -34.71058286251703
v 56.130170822143555 79.9417600541836 -34.71058370287733
v 56.72084093093872 79.35108996560622 -34.710583623515575
v 56.130170822143555 79.35108988624486 -35.301250731860826
v -56.1301589012146 73.16010473630757 -34.710576831237574
v -56.72082304954529 73.68716475015795 -34.71057690205276
v -56.1301589012146 73.68716467079659 -35.30124401039801
v -56.1301589012146 79.94176601464868 -34.71057774241386
v -56.1301589012146 79.35108988624566 -35.301244771396554
v -56.72082304954529 79.35108996560702 -34.7105776630513
v -56.1301589012146 73.16011406365288 34.71056313228389
v 56.130170822143555 73.16009618225927 34.71055717182202
v 56.130170822143555 73.68717415686382 35.301224209349684
v -56.1301589012146 73.16011406365288 34.71056313228389
v 56.130170822143555 73.68717415686382 35.301224209349684
v -56.1301589012146 73.68717415686461 35.301230169813955
v 56.72084093093872 73.68717407750246 34.71055710100443
v 56.72084093093872 79.35109929295153 34.71055634000589
v 56.130170822143555 79.35109937231289 35.30122344835114
v 56.72084093093872 73.68717407750246 34.71055710100443
v 56.130170822143555 79.35109937231289 35.30122344835114
v 56.130170822143555 73.68717415686382 35.301224209349684
v 56.130170822143555 79.94176938152891 34.71055626064413
v -56.1301589012146 79.94177534199399 34.7105622211076
v -56.1301589012146 79.35109937231368 35.30122940881541
v 56.130170822143555 79.94176938152891 34.71055626064413
v -56.1301589012146 79.35109937231368 35.30122940881541
v 56.130170822143555 79.35109937231289 35.30122344835114
v -56.72082304954529 79.35109929295233 34.71056230047016
v -56.72082304954529 73.68717407750326 34.710563061468704
v -56.1301589012146 73.68717415686461 35.301230169813955
v -56.72082304954529 79.35109929295233 34.71056230047016
v -56.1301589012146 73.68717415686461 35.301230169813955
v -56.1301589012146 79.35109937231368 35.30122940881541
v -56.1301589012146 73.16010473630757 -34.710576831237574
v -56.1301589012146 73.16011406365288 34.71056313228389
v -56.72082304954529 73.68717407750326 34.710563061468704
v -56.1301589012146 73.16010473630757 -34.710576831237574
v -56.72082304954529 73.68717407750326 34.710563061468704
v -56.72082304954529 73.68716475015795 -34.71057690205276
v -56.1301589012146 79.94177534199399 34.7105622211076
v -56.1301589012146 79.94176601464868 -34.71057774241386
v -56.72082304954529 79.35108996560702 -34.7105776630513
v -56.1301589012146 79.94177534199399 34.7105622211076
v -56.72082304954529 79.35108996560702 -34.7105776630513
v -56.72082304954529 79.35109929295233 34.71056230047016
v -56.1301589012146 79.35108988624566 -35.301244771396554
v -56.1301589012146 73.68716467079659 -35.30124401039801
v -56.72082304954529 73.68716475015795 -34.71057690205276
v -56.1301589012146 79.35108988624566 -35.301244771396554
v -56.72082304954529 73.68716475015795 -34.71057690205276
v -56.72082304954529 79.35108996560702 -34.7105776630513
v 56.130170822143555 73.16008685491396 -34.710582791699444
v -56.1301589012146 73.16010473630757 -34.710576831237574
v -56.1301589012146 73.68716467079659 -35.30124401039801
v 56.130170822143555 73.16008685491396 -34.710582791699444
v -56.1301589012146 73.68716467079659 -35.30124401039801
v 56.130170822143555 73.6871646707958 -35.30124997086228
v -56.1301589012146 79.94176601464868 -34.71057774241386
v 56.130170822143555 79.9417600541836 -34.71058370287733
v 56.130170822143555 79.35108988624486 -35.301250731860826
v -56.1301589012146 79.94176601464868 -34.71057774241386
v 56.130170822143555 79.35108988624486 -35.301250731860826
v -56.1301589012146 79.35108988624566 -35.301244771396554
v 56.72084093093872 79.35108996560622 -34.710583623515575
v 56.72084093093872 73.68716475015715 -34.71058286251703
v 56.130170822143555 73.6871646707958 -35.30124997086228
v 56.72084093093872 79.35108996560622 -34.710583623515575
v 56.130170822143555 73.6871646707958 -35.30124997086228
v 56.130170822143555 79.35108988624486 -35.301250731860826
v 56.130170822143555 73.16009618225927 34.71055717182202
v 56.130170822143555 73.16008685491396 -34.710582791699444
v 56.72084093093872 73.68716475015715 -34.71058286251703
v 56.130170822143555 73.16009618225927 34.71055717182202
v 56.72084093093872 73.68716475015715 -34.71058286251703
v 56.72084093093872 73.68717407750246 34.71055710100443
v 56.130170822143555 79.9417600541836 -34.71058370287733
v 56.130170822143555 79.94176938152891 34.71055626064413
v 56.72084093093872 79.35109929295153 34.71055634000589
v 56.130170822143555 79.9417600541836 -34.71058370287733
v 56.72084093093872 79.35109929295153 34.71055634000589
v 56.72084093093872 79.35108996560622 -34.710583623515575
v 52.911025285720825 73.37384741948225 -31.477993567015037
v 52.911025285720825 73.37385587817353 31.477967889696476
v 52.911025285720825 77.33470955767798 31.477967357520686
v 52.911025285720825 73.37384741948225 -31.477993567015037
v 52.911025285720825 77.33470955767798 31.477967357520686
v 52.911025285720825 77.3347010989867 -31.477994099190827
v 53.124332427978516 73.16008726046233 -31.692185802195585
v -53.12431454658508 73.16009918139169 -31.692179841732916
v -56.1301589012146 73.16010473630757 -34.710576831237574
v 53.124332427978516 73.16008726046233 -31.692185802195585
v -56.1301589012146 73.16010473630757 -34.710576831237574
v 56.130170822143555 73.16008685491396 -34.710582791699444
v -52.91101336479187 73.3738593404116 -31.477987606552368
v 52.911025285720825 73.37384741948225 -31.477993567015037
v 52.911025285720825 77.3347010989867 -31.477994099190827
v -52.91101336479187 73.3738593404116 -31.477987606552368
v 52.911025285720825 77.3347010989867 -31.477994099190827
v -52.91101336479187 77.33471301991607 -31.477988138728158
v -53.12431454658508 73.16010769763982 31.69216316254869
v 53.124332427978516 73.16009577671048 31.69215720208602
v 56.130170822143555 73.16009618225927 34.71055717182202
v -53.12431454658508 73.16010769763982 31.69216316254869
v 56.130170822143555 73.16009618225927 34.71055717182202
v -56.1301589012146 73.16011406365288 34.71056313228389
v -52.91101336479187 77.33472147860735 31.477973317983356
v -52.91101336479187 77.33471301991607 -31.477988138728158
v 52.911025285720825 77.3347010989867 -31.477994099190827
v -52.91101336479187 77.33472147860735 31.477973317983356
v 52.911025285720825 77.3347010989867 -31.477994099190827
v 52.911025285720825 77.33470955767798 31.477967357520686
v 53.124332427978516 73.16009577671048 31.69215720208602
v 53.124332427978516 73.16008726046233 -31.692185802195585
v 56.130170822143555 73.16008685491396 -34.710582791699444
v 53.124332427978516 73.16009577671048 31.69215720208602
v 56.130170822143555 73.16008685491396 -34.710582791699444
v 56.130170822143555 73.16009618225927 34.71055717182202
v -52.91101336479187 73.37386779910288 31.477973850159145
v -52.91101336479187 73.3738593404116 -31.477987606552368
v -52.91101336479187 77.33471301991607 -31.477988138728158
v -52.91101336479187 73.37386779910288 31.477973850159145
v -52.91101336479187 77.33471301991607 -31.477988138728158
v -52.91101336479187 77.33472147860735 31.477973317983356
v -53.12431454658508 73.16009918139169 -31.692179841732916
v -53.12431454658508 73.16010769763982 31.69216316254869
v -56.1301589012146 73.16011406365288 34.71056313228389
v -53.12431454658508 73.16009918139169 -31.692179841732916
v -56.1301589012146 73.16011406365288 34.71056313228389
v -56.1301589012146 73.16010473630757 -34.710576831237574
v -52.91101336479187 73.37386779910288 31.477973850159145
v 52.911025285720825 73.37385587817353 31.477967889696476
v 53.124332427978516 73.16009577671048 31.69215720208602
v -52.91101336479187 73.37386779910288 31.477973850159145
v 53.124332427978516 73.16009577671048 31.69215720208602
v -53.12431454658508 73.16010769763982 31.69216316254869
v -52.91101336479187 73.3738593404116 -31.477987606552368
v -52.91101336479187 73.37386779910288 31.477973850159145
v -53.12431454658508 73.16010769763982 31.69216316254869
v -52.91101336479187 73.3738593404116 -31.477987606552368
v -53.12431454658508 73.16010769763982 31.69216316254869
v -53.12431454658508 73.16009918139169 -31.692179841732916
v 52.911025285720825 73.37384741948225 -31.477993567015037
v -52.91101336479187 73.3738593404116 -31.477987606552368
v -53.12431454658508 73.16009918139169 -31.692179841732916
v 52.911025285720825 73.37384741948225 -31.477993567015037
v -53.12431454658508 73.16009918139169 -31.692179841732916
v 53.124332427978516 73.16008726046233 -31.692185802195585
v 52.911025285720825 73.37385587817353 31.477967889696476
v 52.911025285720825 73.37384741948225 -31.477993567015037
v 53.124332427978516 73.16008726046233 -31.692185802195585
v 52.911025285720825 73.37385587817353 31.477967889696476
v 53.124332427978516 73.16008726046233 -31.692185802195585
v 53.124332427978516 73.16009577671048 31.69215720208602
v 52.911025285720825 73.37385587817353 31.477967889696476
v -52.91101336479187 73.37386779910288 31.477973850159145
v -52.91101336479187 77.33472147860735 31.477973317983356
v 52.911025285720825 73.37385587817353 31.477967889696476
v -52.91101336479187 77.33472147860735 31.477973317983356
v 52.911025285720825 77.33470955767798 31.477967357520686
v 52.97253131866455 79.94175703634274 31.55291090478387
v -52.97251343727112 79.94176895727207 31.552916865246544
v -56.1301589012146 79.94177534199399 34.7105622211076
v 52.97253131866455 79.94175703634274 31.55291090478387
v -56.1301589012146 79.94177534199399 34.7105622211076
v 56.130170822143555 79.94176938152891 34.71055626064413
v -52.97251343727112 79.94176895727207 31.552916865246544
v -52.97251343727112 79.94176047844203 -31.552932386551202
v -56.1301589012146 79.94176601464868 -34.71057774241386
v -52.97251343727112 79.94176895727207 31.552916865246544
v -56.1301589012146 79.94176601464868 -34.71057774241386
v -56.1301589012146 79.94177534199399 34.7105622211076
v -52.97251343727112 79.94176047844203 -31.552932386551202
v 52.97253131866455 79.9417485575127 -31.552938347013875
v 56.130170822143555 79.9417600541836 -34.71058370287733
v -52.97251343727112 79.94176047844203 -31.552932386551202
v 56.130170822143555 79.9417600541836 -34.71058370287733
v -56.1301589012146 79.94176601464868 -34.71057774241386
v 52.97253131866455 79.9417485575127 -31.552938347013875
v 52.97253131866455 79.94175703634274 31.55291090478387
v 56.130170822143555 79.94176938152891 34.71055626064413
v 52.97253131866455 79.9417485575127 -31.552938347013875
v 56.130170822143555 79.94176938152891 34.71055626064413
v 56.130170822143555 79.9417600541836 -34.71058370287733
v -45.86712419986725 0.4074505500961575 -29.377355220808827
v -41.707274317741394 77.37442822182584 -26.80054956820419
v -41.707274317741394 77.3744290472983 -20.65676078513856
v -45.86712419986725 0.4074505500961575 -29.377355220808827
v -41.707274317741394 77.3744290472983 -20.65676078513856
v -45.86712419986725 0.4074511652935517 -24.79859213099699
v -50.867730379104614 0.7053953364568655 -29.798044829265468
v -48.27216565608978 77.37442816529327 -27.221307681968447
v -42.12838113307953 77.37442816529327 -27.221307681968447
v -50.867730379104614 0.7053953364568655 -29.798044829265468
v -42.12838113307953 77.37442816529327 -27.221307681968447
v -46.28693759441376 0.4322765257542982 -29.798116318140817
v -51.28774046897888 0.4322775701872732 -24.797300203701354
v -48.69292378425598 77.3744290472983 -20.65676078513856
v -48.69292378425598 77.37442822182584 -26.80054956820419
v -51.28774046897888 0.4322775701872732 -24.797300203701354
v -48.69292378425598 77.37442822182584 -26.80054956820419
v -51.28767490386963 0.7053953928797313 -29.378103299106684
v -46.28823101520538 0.4074594640770847 -24.377488310305978
v -42.12838113307953 77.37442910387733 -20.235656964446434
v -48.27216565608978 77.37442910387733 -20.235656964446434
v -46.28823101520538 0.4074594640770847 -24.377488310305978
v -48.27216565608978 77.37442910387733 -20.235656964446434
v -50.86698532104492 0.4074598366061018 -24.377488310306028
v -46.30960822105408 -0.012510526492314088 -24.819875402376095
v -45.86712419986725 0.4074511652935517 -24.79859213099699
v -46.28823101520538 0.4074594640770847 -24.377488310305978
v -50.88089108467102 0.012520542277662935 -24.81912885758898
v -50.86698532104492 0.4074598366061018 -24.377488310306028
v -51.28774046897888 0.4322775701872732 -24.797300203701354
v -46.308860182762146 0.012519529261153975 -29.39116854370023
v -46.28693759441376 0.4322765257542982 -29.798116318140817
v -45.86712419986725 0.4074505500961575 -29.377355220808827
v -50.88164210319519 0.2601327608936181 -29.39191363500345
v -51.28767490386963 0.7053953928797313 -29.378103299106684
v -50.867730379104614 0.7053953364568655 -29.798044829265468
v -50.88089108467102 0.012520542277662935 -24.81912885758898
v -46.30960822105408 -0.012510526492314088 -24.819875402376095
v -46.28823101520538 0.4074594640770847 -24.377488310305978
v -50.88089108467102 0.012520542277662935 -24.81912885758898
v -46.28823101520538 0.4074594640770847 -24.377488310305978
v -50.86698532104492 0.4074598366061018 -24.377488310306028
v -45.86712419986725 0.4074511652935517 -24.79859213099699
v -41.707274317741394 77.3744290472983 -20.65676078513856
v -42.12838113307953 77.37442910387733 -20.235656964446434
v -45.86712419986725 0.4074511652935517 -24.79859213099699
v -42.12838113307953 77.37442910387733 -20.235656964446434
v -46.28823101520538 0.4074594640770847 -24.377488310305978
v -48.69292378425598 77.3744290472983 -20.65676078513856
v -51.28774046897888 0.4322775701872732 -24.797300203701354
v -50.86698532104492 0.4074598366061018 -24.377488310306028
v -48.69292378425598 77.3744290472983 -20.65676078513856
v -50.86698532104492 0.4074598366061018 -24.377488310306028
v -48.27216565608978 77.37442910387733 -20.235656964446434
v -50.88164210319519 0.2601327608936181 -29.39191363500345
v -50.88089108467102 0.012520542277662935 -24.81912885758898
v -51.28774046897888 0.4322775701872732 -24.797300203701354
v -50.88164210319519 0.2601327608936181 -29.39191363500345
v -51.28774046897888 0.4322775701872732 -24.797300203701354
v -51.28767490386963 0.7053953928797313 -29.378103299106684
v -48.27216565608978 77.37442816529327 -27.221307681968447
v -50.867730379104614 0.7053953364568655 -29.798044829265468
v -51.28767490386963 0.7053953928797313 -29.378103299106684
v -48.27216565608978 77.37442816529327 -27.221307681968447
v -51.28767490386963 0.7053953928797313 -29.378103299106684
v -48.69292378425598 77.37442822182584 -26.80054956820419
v -46.308860182762146 0.012519529261153975 -29.39116854370023
v -50.88164210319519 0.2601327608936181 -29.39191363500345
v -50.867730379104614 0.7053953364568655 -29.798044829265468
v -46.308860182762146 0.012519529261153975 -29.39116854370023
v -50.867730379104614 0.7053953364568655 -29.798044829265468
v -46.28693759441376 0.4322765257542982 -29.798116318140817
v -41.707274317741394 77.37442822182584 -26.80054956820419
v -45.86712419986725 0.4074505500961575 -29.377355220808827
v -46.28693759441376 0.4322765257542982 -29.798116318140817
v -41.707274317741394 77.37442822182584 -26.80054956820419
v -46.28693759441376 0.4322765257542982 -29.798116318140817
v -42.12838113307953 77.37442816529327 -27.221307681968447
v -46.30960822105408 -0.012510526492314088 -24.819875402376095
v -46.308860182762146 0.012519529261153975 -29.39116854370023
v -45.86712419986725 0.4074505500961575 -29.377355220808827
v -46.30960822105408 -0.012510526492314088 -24.819875402376095
v -45.86712419986725 0.4074505500961575 -29.377355220808827
v -45.86712419986725 0.4074511652935517 -24.79859213099699
v -50.88089108467102 0.012520542277662935 -24.81912885758898
v -50.88164210319519 0.2601327608936181 -29.39191363500345
v -46.308860182762146 0.012519529261153975 -29.39116854370023
v -50.88089108467102 0.012520542277662935 -24.81912885758898
v -46.308860182762146 0.012519529261153975 -29.39116854370023
v -46.30960822105408 -0.012510526492314088 -24.819875402376095
v -45.86712419986725 0.4074584443129256 29.377361071782854
v -45.86712419986725 0.40745782911513095 24.798595001738885
v -41.707274317741394 77.37443459813362 20.65674297348961
v -45.86712419986725 0.4074584443129256 29.377361071782854
v -41.707274317741394 77.37443459813362 20.65674297348961
v -41.707274317741394 77.37443542360649 26.800534736787377
v -50.867730379104614 0.7054033437203763 29.79805060017644
v -46.28693759441376 0.43228453303702913 29.798122162443654
v -42.12838113307953 77.37443548013907 27.221292850551635
v -50.867730379104614 0.7054033437203763 29.79805060017644
v -42.12838113307953 77.37443548013907 27.221292850551635
v -48.27216565608978 77.37443548013907 27.221292850551635
v -51.28774046897888 0.4322842336620883 24.79730604800409
v -51.28767490386963 0.7054032872975106 29.37810907001765
v -48.69292378425598 77.37443542360649 26.800534736787377
v -51.28774046897888 0.4322842336620883 24.79730604800409
v -48.69292378425598 77.37443542360649 26.800534736787377
v -48.69292378425598 77.37443459813362 20.65674297348961
v -46.28823101520538 0.40746601474060445 24.377491181045652
v -50.86698532104492 0.40746638726962153 24.377491181045603
v -48.27216565608978 77.37443454155459 20.235639152797486
v -46.28823101520538 0.40746601474060445 24.377491181045652
v -48.27216565608978 77.37443454155459 20.235639152797486
v -42.12838113307953 77.37443454155459 20.235639152797486
v -46.30960822105408 -0.01250385695152742 24.819878385969133
v -46.28823101520538 0.40746601474060445 24.377491181045652
v -45.86712419986725 0.40745782911513095 24.798595001738885
v -50.88089108467102 0.012527211617838884 24.81913183445573
v -51.28774046897888 0.4322842336620883 24.79730604800409
v -50.86698532104492 0.40746638726962153 24.377491181045603
v -46.308860182762146 0.012527427189821045 29.391174500799224
v -45.86712419986725 0.4074584443129256 29.377361071782854
v -46.28693759441376 0.43228453303702913 29.798122162443654
v -50.88164210319519 0.26014065902249545 29.39191952556438
v -50.867730379104614 0.7054033437203763 29.79805060017644
v -51.28767490386963 0.7054032872975106 29.37810907001765
v -50.88089108467102 0.012527211617838884 24.81913183445573
v -50.86698532104492 0.40746638726962153 24.377491181045603
v -46.28823101520538 0.40746601474060445 24.377491181045652
v -50.88089108467102 0.012527211617838884 24.81913183445573
v -46.28823101520538 0.40746601474060445 24.377491181045652
v -46.30960822105408 -0.01250385695152742 24.819878385969133
v -45.86712419986725 0.40745782911513095 24.798595001738885
v -46.28823101520538 0.40746601474060445 24.377491181045652
v -42.12838113307953 77.37443454155459 20.235639152797486
v -45.86712419986725 0.40745782911513095 24.798595001738885
v -42.12838113307953 77.37443454155459 20.235639152797486
v -41.707274317741394 77.37443459813362 20.65674297348961
v -48.69292378425598 77.37443459813362 20.65674297348961
v -48.27216565608978 77.37443454155459 20.235639152797486
v -50.86698532104492 0.40746638726962153 24.377491181045603
v -48.69292378425598 77.37443459813362 20.65674297348961
v -50.86698532104492 0.40746638726962153 24.377491181045603
v -51.28774046897888 0.4322842336620883 24.79730604800409
v -50.88164210319519 0.26014065902249545 29.39191952556438
v -51.28767490386963 0.7054032872975106 29.37810907001765
v -51.28774046897888 0.4322842336620883 24.79730604800409
v -50.88164210319519 0.26014065902249545 29.39191952556438
v -51.28774046897888 0.4322842336620883 24.79730604800409
v -50.88089108467102 0.012527211617838884 24.81913183445573
v -48.27216565608978 77.37443548013907 27.221292850551635
v -48.69292378425598 77.37443542360649 26.800534736787377
v -51.28767490386963 0.7054032872975106 29.37810907001765
v -48.27216565608978 77.37443548013907 27.221292850551635
v -51.28767490386963 0.7054032872975106 29.37810907001765
v -50.867730379104614 0.7054033437203763 29.79805060017644
v -46.308860182762146 0.012527427189821045 29.391174500799224
v -46.28693759441376 0.43228453303702913 29.798122162443654
v -50.867730379104614 0.7054033437203763 29.79805060017644
v -46.308860182762146 0.012527427189821045 29.391174500799224
v -50.867730379104614 0.7054033437203763 29.79805060017644
v -50.88164210319519 0.26014065902249545 29.39191952556438
v -41.707274317741394 77.37443542360649 26.800534736787377
v -42.12838113307953 77.37443548013907 27.221292850551635
v -46.28693759441376 0.43228453303702913 29.798122162443654
v -41.707274317741394 77.37443542360649 26.800534736787377
v -46.28693759441376 0.43228453303702913 29.798122162443654
v -45.86712419986725 0.4074584443129256 29.377361071782854
v -46.30960822105408 -0.01250385695152742 24.819878385969133
v -45.86712419986725 0.40745782911513095 24.798595001738885
v -45.86712419986725 0.4074584443129256 29.377361071782854
v -46.30960822105408 -0.01250385695152742 24.819878385969133
v -45.86712419986725 0.4074584443129256 29.377361071782854
v -46.308860182762146 0.012527427189821045 29.391174500799224
v -50.88089108467102 0.012527211617838884 24.81913183445573
v -46.30960822105408 -0.01250385695152742 24.819878385969133
v -46.308860182762146 0.012527427189821045 29.391174500799224
v -50.88089108467102 0.012527211617838884 24.81913183445573
v -46.308860182762146 0.012527427189821045 29.391174500799224
v -50.88164210319519 0.26014065902249545 29.39191952556438
v 45.86712419986725 0.4074425407214891 -29.377361181272022
v 45.86712419986725 0.40744315591928376 -24.798595111228053
v 41.70728623867035 77.37441712636937 -20.656763765369092
v 45.86712419986725 0.4074425407214891 -29.377361181272022
v 41.70728623867035 77.37441712636937 -20.656763765369092
v 41.70728623867035 77.3744163008965 -26.80055552866686
v 50.867730379104614 0.7053863957596543 -29.798050789728542
v 46.28693759441376 0.4322684232473755 -29.798122278604005
v 42.12839901447296 77.37441624436391 -27.221313642431117
v 50.867730379104614 0.7053863957596543 -29.798050789728542
v 42.12839901447296 77.37441624436391 -27.221313642431117
v 48.27217757701874 77.37441624436391 -27.221313642431117
v 51.28774046897888 0.4322687226223163 -24.79730616416444
v 51.28767490386963 0.7053865453147744 -29.378109259569765
v 48.692941665649414 77.3744163008965 -26.80055552866686
v 51.28774046897888 0.4322687226223163 -24.79730616416444
v 48.692941665649414 77.3744163008965 -26.80055552866686
v 48.692941665649414 77.37441712636937 -20.656763765369092
v 46.28823101520538 0.4074514081366896 -24.37749129053703
v 50.86698532104492 0.40745098904154536 -24.377491290536973
v 48.27217757701874 77.37441718294839 -20.235659944676968
v 46.28823101520538 0.4074514081366896 -24.37749129053703
v 48.27217757701874 77.37441718294839 -20.235659944676968
v 42.12839901447296 77.37441718294839 -20.235659944676968
v 46.30960822105408 -0.012518624633261907 -24.819878382607143
v 46.28823101520538 0.4074514081366896 -24.37749129053703
v 45.86712419986725 0.40744315591928376 -24.798595111228053
v 50.88089108467102 0.012511645236596423 -24.819131837819924
v 51.28774046897888 0.4322687226223163 -24.79730616416444
v 50.86698532104492 0.40745098904154536 -24.377491290536973
v 46.308860182762146 0.012511431119805735 -29.391174504163416
v 45.86712419986725 0.4074425407214891 -29.377361181272022
v 46.28693759441376 0.4322684232473755 -29.798122278604005
v 50.88164210319519 0.26012386676253413 -29.39191959546653
v 50.867730379104614 0.7053863957596543 -29.798050789728542
v 51.28767490386963 0.7053865453147744 -29.378109259569765
v 50.88089108467102 0.012511645236596423 -24.819131837819924
v 50.86698532104492 0.40745098904154536 -24.377491290536973
v 46.28823101520538 0.4074514081366896 -24.37749129053703
v 50.88089108467102 0.012511645236596423 -24.819131837819924
v 46.28823101520538 0.4074514081366896 -24.37749129053703
v 46.30960822105408 -0.012518624633261907 -24.819878382607143
v 45.86712419986725 0.40744315591928376 -24.798595111228053
v 46.28823101520538 0.4074514081366896 -24.37749129053703
v 42.12839901447296 77.37441718294839 -20.235659944676968
v 45.86712419986725 0.40744315591928376 -24.798595111228053
v 42.12839901447296 77.37441718294839 -20.235659944676968
v 41.70728623867035 77.37441712636937 -20.656763765369092
v 48.692941665649414 77.37441712636937 -20.656763765369092
v 48.27217757701874 77.37441718294839 -20.235659944676968
v 50.86698532104492 0.40745098904154536 -24.377491290536973
v 48.692941665649414 77.37441712636937 -20.656763765369092
v 50.86698532104492 0.40745098904154536 -24.377491290536973
v 51.28774046897888 0.4322687226223163 -24.79730616416444
v 50.88164210319519 0.26012386676253413 -29.39191959546653
v 51.28767490386963 0.7053865453147744 -29.378109259569765
v 51.28774046897888 0.4322687226223163 -24.79730616416444
v 50.88164210319519 0.26012386676253413 -29.39191959546653
v 51.28774046897888 0.4322687226223163 -24.79730616416444
v 50.88089108467102 0.012511645236596423 -24.819131837819924
v 48.27217757701874 77.37441624436391 -27.221313642431117
v 48.692941665649414 77.3744163008965 -26.80055552866686
v 51.28767490386963 0.7053865453147744 -29.378109259569765
v 48.27217757701874 77.37441624436391 -27.221313642431117
v 51.28767490386963 0.7053865453147744 -29.378109259569765
v 50.867730379104614 0.7053863957596543 -29.798050789728542
v 46.308860182762146 0.012511431119805735 -29.391174504163416
v 46.28693759441376 0.4322684232473755 -29.798122278604005
v 50.867730379104614 0.7053863957596543 -29.798050789728542
v 46.308860182762146 0.012511431119805735 -29.391174504163416
v 50.867730379104614 0.7053863957596543 -29.798050789728542
v 50.88164210319519 0.26012386676253413 -29.39191959546653
v 41.70728623867035 77.3744163008965 -26.80055552866686
v 42.12839901447296 77.37441624436391 -27.221313642431117
v 46.28693759441376 0.4322684232473755 -29.798122278604005
v 41.70728623867035 77.3744163008965 -26.80055552866686
v 46.28693759441376 0.4322684232473755 -29.798122278604005
v 45.86712419986725 0.4074425407214891 -29.377361181272022
v 46.30960822105408 -0.012518624633261907 -24.819878382607143
v 45.86712419986725 0.40744315591928376 -24.798595111228053
v 45.86712419986725 0.4074425407214891 -29.377361181272022
v 46.30960822105408 -0.012518624633261907 -24.819878382607143
v 45.86712419986725 0.4074425407214891 -29.377361181272022
v 46.308860182762146 0.012511431119805735 -29.391174504163416
v 50.88089108467102 0.012511645236596423 -24.819131837819924
v 46.30960822105408 -0.012518624633261907 -24.819878382607143
v 46.308860182762146 0.012511431119805735 -29.391174504163416
v 50.88089108467102 0.012511645236596423 -24.819131837819924
v 46.308860182762146 0.012511431119805735 -29.391174504163416
v 50.88164210319519 0.26012386676253413 -29.39191959546653
v 45.86712419986725 0.4074504349382572 29.37735511131966
v 41.70728623867035 77.37442350267715 26.800528776324708
v 41.70728623867035 77.37442267720468 20.656739993259077
v 45.86712419986725 0.4074504349382572 29.37735511131966
v 41.70728623867035 77.37442267720468 20.656739993259077
v 45.86712419986725 0.40744981974086303 24.798592021507822
v 50.867730379104614 0.7053944030231651 29.798044639713364
v 48.27217757701874 77.37442355920972 27.221286890088965
v 42.12839901447296 77.37442355920972 27.221286890088965
v 50.867730379104614 0.7053944030231651 29.798044639713364
v 42.12839901447296 77.37442355920972 27.221286890088965
v 46.28693759441376 0.43227643053010645 29.798116201980466
v 51.28774046897888 0.4322753860971314 24.797300087541004
v 48.692941665649414 77.37442267720468 20.656739993259077
v 48.692941665649414 77.37442350267715 26.800528776324708
v 51.28774046897888 0.4322753860971314 24.797300087541004
v 48.692941665649414 77.37442350267715 26.800528776324708
v 51.28767490386963 0.7053944397325537 29.37810310955457
v 46.28823101520538 0.40745795880020935 24.3774882008146
v 42.12839901447296 77.37442262062565 20.235636172566952
v 48.27217757701874 77.37442262062565 20.235636172566952
v 46.28823101520538 0.40745795880020935 24.3774882008146
v 48.27217757701874 77.37442262062565 20.235636172566952
v 50.86698532104492 0.4074575397050651 24.377488200814657
v 46.30960822105408 -0.01251195509247524 24.819875405738085
v 45.86712419986725 0.40744981974086303 24.798592021507822
v 46.28823101520538 0.40745795880020935 24.3774882008146
v 50.88089108467102 0.012518314576772372 24.819128854224786
v 50.86698532104492 0.4074575397050651 24.377488200814657
v 51.28774046897888 0.4322753860971314 24.797300087541004
v 46.308860182762146 0.012519329048472805 29.391168540336036
v 46.28693759441376 0.43227643053010645 29.798116201980466
v 45.86712419986725 0.4074504349382572 29.37735511131966
v 50.88164210319519 0.2601317648914115 29.3919135651013
v 51.28767490386963 0.7053944397325537 29.37810310955457
v 50.867730379104614 0.7053944030231651 29.798044639713364
v 50.88089108467102 0.012518314576772372 24.819128854224786
v 46.30960822105408 -0.01251195509247524 24.819875405738085
v 46.28823101520538 0.40745795880020935 24.3774882008146
v 50.88089108467102 0.012518314576772372 24.819128854224786
v 46.28823101520538 0.40745795880020935 24.3774882008146
v 50.86698532104492 0.4074575397050651 24.377488200814657
v 45.86712419986725 0.40744981974086303 24.798592021507822
v 41.70728623867035 77.37442267720468 20.656739993259077
v 42.12839901447296 77.37442262062565 20.235636172566952
v 45.86712419986725 0.40744981974086303 24.798592021507822
v 42.12839901447296 77.37442262062565 20.235636172566952
v 46.28823101520538 0.40745795880020935 24.3774882008146
v 48.692941665649414 77.37442267720468 20.656739993259077
v 51.28774046897888 0.4322753860971314 24.797300087541004
v 50.86698532104492 0.4074575397050651 24.377488200814657
v 48.692941665649414 77.37442267720468 20.656739993259077
v 50.86698532104492 0.4074575397050651 24.377488200814657
v 48.27217757701874 77.37442262062565 20.235636172566952
v 50.88164210319519 0.2601317648914115 29.3919135651013
v 50.88089108467102 0.012518314576772372 24.819128854224786
v 51.28774046897888 0.4322753860971314 24.797300087541004
v 50.88164210319519 0.2601317648914115 29.3919135651013
v 51.28774046897888 0.4322753860971314 24.797300087541004
v 51.28767490386963 0.7053944397325537 29.37810310955457
v 48.27217757701874 77.37442355920972 27.221286890088965
v 50.867730379104614 0.7053944030231651 29.798044639713364
v 51.28767490386963 0.7053944397325537 29.37810310955457
v 48.27217757701874 77.37442355920972 27.221286890088965
v 51.28767490386963 0.7053944397325537 29.37810310955457
v 48.692941665649414 77.37442350267715 26.800528776324708
v 46.308860182762146 0.012519329048472805 29.391168540336036
v 50.88164210319519 0.2601317648914115 29.3919135651013
v 50.867730379104614 0.7053944030231651 29.798044639713364
v 46.308860182762146 0.012519329048472805 29.391168540336036
v 50.867730379104614 0.7053944030231651 29.798044639713364
v 46.28693759441376 0.43227643053010645 29.798116201980466
v 41.70728623867035 77.37442350267715 26.800528776324708
v 45.86712419986725 0.4074504349382572 29.37735511131966
v 46.28693759441376 0.43227643053010645 29.798116201980466
v 41.70728623867035 77.37442350267715 26.800528776324708
v 46.28693759441376 0.43227643053010645 29.798116201980466
v 42.12839901447296 77.37442355920972 27.221286890088965
v 46.30960822105408 -0.01251195509247524 24.819875405738085
v 46.308860182762146 0.012519329048472805 29.391168540336036
v 45.86712419986725 0.4074504349382572 29.37735511131966
v 46.30960822105408 -0.01251195509247524 24.819875405738085
v 45.86712419986725 0.4074504349382572 29.37735511131966
v 45.86712419986725 0.40744981974086303 24.798592021507822
v 50.88089108467102 0.012518314576772372 24.819128854224786
v 50.88164210319519 0.2601317648914115 29.3919135651013
v 46.308860182762146 0.012519329048472805 29.391168540336036
v 50.88089108467102 0.012518314576772372 24.819128854224786
v 46.308860182762146 0.012519329048472805 29.391168540336036
v 46.30960822105408 -0.01251195509247524 24.819875405738085
vt 0.01216720137745142 0.10560458898544312
vt 0.012161181308329105 0.13739240169525146
vt 0.4016539752483368 0.1374826431274414
vt 0.01216720137745142 0.10560458898544312
vt 0.4016539752483368 0.1374826431274414
vt 0.40167245268821716 0.105785071849823
vt 0.770729124546051 0.36245572566986084
vt 0.7389295697212219 0.36245572566986084
vt 0.7389083504676819 0.9926126757636666
vt 0.770729124546051 0.36245572566986084
vt 0.7389083504676819 0.9926126757636666
vt 0.770624577999115 0.9926213780418038
vt 0.011087224818766117 0.6412281095981598
vt 0.011087254621088505 0.9953295746818185
vt 0.6055692434310913 0.9953295150771737
vt 0.011087224818766117 0.6412281095981598
vt 0.6055692434310913 0.9953295150771737
vt 0.6055691242218018 0.641228049993515
vt 0.6657536625862122 0.3624556064605713
vt 0.6339539289474487 0.3624556064605713
vt 0.63393235206604 0.9926126757636666
vt 0.6657536625862122 0.3624556064605713
vt 0.63393235206604 0.9926126757636666
vt 0.6656484603881836 0.9926214972510934
vt 0.012152747251093388 0.21833503246307373
vt 0.012158558703958988 0.2501230835914612
vt 0.4016667306423187 0.2499406337738037
vt 0.012152747251093388 0.21833503246307373
vt 0.4016667306423187 0.2499406337738037
vt 0.40165260434150696 0.2182428240776062
vt 0.4025113582611084 0.10155254602432251
vt 0.40167245268821716 0.105785071849823
vt 0.40621286630630493 0.1050463318824768
vt 0.4016539752483368 0.1374826431274414
vt 0.40245914459228516 0.14198118448257446
vt 0.4061926603317261 0.13824254274368286
vt 0.6698796153068542 0.9934587636962533
vt 0.6656484603881836 0.9926214972510934
vt 0.6663884520530701 0.9971602719742805
vt 0.6294316649436951 0.9934194842353463
vt 0.6331738233566284 0.9971539538819343
vt 0.63393235206604 0.9926126757636666
vt 0.7748554348945618 0.9934588829055429
vt 0.770624577999115 0.9926213780418038
vt 0.7713645100593567 0.9971602719742805
vt 0.734407901763916 0.9934194842353463
vt 0.7381499409675598 0.9971539538819343
vt 0.7389083504676819 0.9926126757636666
vt 0.4024861752986908 0.21401220560073853
vt 0.40165260434150696 0.2182428240776062
vt 0.40618544816970825 0.21749907732009888
vt 0.4024774432182312 0.25444144010543823
vt 0.40621286630630493 0.25069552659988403
vt 0.4016667306423187 0.2499406337738037
vt 0.6698796153068542 0.9934587636962533
vt 0.6702032685279846 0.3624579906463623
vt 0.6657536625862122 0.3624556064605713
vt 0.6698796153068542 0.9934587636962533
vt 0.6657536625862122 0.3624556064605713
vt 0.6656484603881836 0.9926214972510934
vt 0.40167245268821716 0.105785071849823
vt 0.4016539752483368 0.1374826431274414
vt 0.4061926603317261 0.13824254274368286
vt 0.40167245268821716 0.105785071849823
vt 0.4061926603317261 0.13824254274368286
vt 0.40621286630630493 0.1050463318824768
vt 0.6292611956596375 0.3624569773674011
vt 0.6294316649436951 0.9934194842353463
vt 0.63393235206604 0.9926126757636666
vt 0.6292611956596375 0.3624569773674011
vt 0.63393235206604 0.9926126757636666
vt 0.6339539289474487 0.3624556064605713
vt 0.6331738233566284 0.9971539538819343
vt 0.6663884520530701 0.9971602719742805
vt 0.6656484603881836 0.9926214972510934
vt 0.6331738233566284 0.9971539538819343
vt 0.6656484603881836 0.9926214972510934
vt 0.63393235206604 0.9926126757636666
vt 0.4024861752986908 0.21401220560073853
vt 0.012154177762567997 0.21388381719589233
vt 0.012152747251093388 0.21833503246307373
vt 0.4024861752986908 0.21401220560073853
vt 0.012152747251093388 0.21833503246307373
vt 0.40165260434150696 0.2182428240776062
vt 0.012152747251093388 0.25481700897216797
vt 0.4024774432182312 0.25444144010543823
vt 0.4016667306423187 0.2499406337738037
vt 0.012152747251093388 0.25481700897216797
vt 0.4016667306423187 0.2499406337738037
vt 0.012158558703958988 0.2501230835914612
vt 0.40621286630630493 0.25069552659988403
vt 0.40618544816970825 0.21749907732009888
vt 0.40165260434150696 0.2182428240776062
vt 0.40621286630630493 0.25069552659988403
vt 0.40165260434150696 0.2182428240776062
vt 0.4016667306423187 0.2499406337738037
vt 0.7748554348945618 0.9934588829055429
vt 0.7751787304878235 0.36245810985565186
vt 0.770729124546051 0.36245572566986084
vt 0.7748554348945618 0.9934588829055429
vt 0.770729124546051 0.36245572566986084
vt 0.770624577999115 0.9926213780418038
vt 0.7342367768287659 0.3624570965766907
vt 0.734407901763916 0.9934194842353463
vt 0.7389083504676819 0.9926126757636666
vt 0.7342367768287659 0.3624570965766907
vt 0.7389083504676819 0.9926126757636666
vt 0.7389295697212219 0.36245572566986084
vt 0.7381499409675598 0.9971539538819343
vt 0.7713645100593567 0.9971602719742805
vt 0.770624577999115 0.9926213780418038
vt 0.7381499409675598 0.9971539538819343
vt 0.770624577999115 0.9926213780418038
vt 0.7389083504676819 0.9926126757636666
vt 0.4025113582611084 0.10155254602432251
vt 0.012161181308329105 0.1011534333229065
vt 0.01216720137745142 0.10560458898544312
vt 0.4025113582611084 0.10155254602432251
vt 0.01216720137745142 0.10560458898544312
vt 0.40167245268821716 0.105785071849823
vt 0.012162701226770878 0.14208590984344482
vt 0.40245914459228516 0.14198118448257446
vt 0.4016539752483368 0.1374826431274414
vt 0.012162701226770878 0.14208590984344482
vt 0.4016539752483368 0.1374826431274414
vt 0.012161181308329105 0.13739240169525146
vt 0.03035701997578144 0.08257228136062622
vt 0.3843488395214081 0.08292800188064575
vt 0.384371280670166 0.060656607151031494
vt 0.03035701997578144 0.08257228136062622
vt 0.384371280670166 0.060656607151031494
vt 0.03037928231060505 0.06030094623565674
vt 0.7918301224708557 0.9765720535069704
vt 0.7921363711357117 0.3793622851371765
vt 0.7751787304878235 0.36245810985565186
vt 0.7918301224708557 0.9765720535069704
vt 0.7751787304878235 0.36245810985565186
vt 0.7748554348945618 0.9934588829055429
vt 0.7938364148139954 0.3805620074272156
vt 0.7935400605201721 0.9753680992871523
vt 0.8158031105995178 0.9753791261464357
vt 0.7938364148139954 0.3805620074272156
vt 0.8158031105995178 0.9753791261464357
vt 0.8161008954048157 0.3805730938911438
vt 0.6868540644645691 0.97657217271626
vt 0.6871607303619385 0.37936216592788696
vt 0.6702032685279846 0.3624579906463623
vt 0.6868540644645691 0.97657217271626
vt 0.6702032685279846 0.3624579906463623
vt 0.6698796153068542 0.9934587636962533
vt 0.012406931258738041 0.2804722785949707
vt 0.012406961061060429 0.6337327361106873
vt 0.6061987280845642 0.6337326467037201
vt 0.012406931258738041 0.2804722785949707
vt 0.6061987280845642 0.6337326467037201
vt 0.6061987280845642 0.28047215938568115
vt 0.3855555057525635 0.0846329927444458
vt 0.0291509497910738 0.08426898717880249
vt 0.012161181308329105 0.1011534333229065
vt 0.3855555057525635 0.0846329927444458
vt 0.012161181308329105 0.1011534333229065
vt 0.4025113582611084 0.10155254602432251
vt 0.030336039140820503 0.19529098272323608
vt 0.3843116760253906 0.1954008936882019
vt 0.38431841135025024 0.1731308102607727
vt 0.030336039140820503 0.19529098272323608
vt 0.38431841135025024 0.1731308102607727
vt 0.03034304268658161 0.17302089929580688
vt 0.3855195939540863 0.19710499048233032
vt 0.029131250455975533 0.1969885230064392
vt 0.012154177762567997 0.21388381719589233
vt 0.3855195939540863 0.19710499048233032
vt 0.012154177762567997 0.21388381719589233
vt 0.4024861752986908 0.21401220560073853
vt 0.688564121723175 0.9753680992871523
vt 0.688861072063446 0.380561888217926
vt 0.6871607303619385 0.37936216592788696
vt 0.688564121723175 0.9753680992871523
vt 0.6871607303619385 0.37936216592788696
vt 0.6868540644645691 0.97657217271626
vt 0.3843116760253906 0.1954008936882019
vt 0.030336039140820503 0.19529098272323608
vt 0.029131250455975533 0.1969885230064392
vt 0.3843116760253906 0.1954008936882019
vt 0.029131250455975533 0.1969885230064392
vt 0.3855195939540863 0.19710499048233032
vt 0.7935400605201721 0.9753680992871523
vt 0.7938364148139954 0.3805620074272156
vt 0.7921363711357117 0.3793622851371765
vt 0.7935400605201721 0.9753680992871523
vt 0.7921363711357117 0.3793622851371765
vt 0.7918301224708557 0.9765720535069704
vt 0.3843488395214081 0.08292800188064575
vt 0.03035701997578144 0.08257228136062622
vt 0.0291509497910738 0.08426898717880249
vt 0.3843488395214081 0.08292800188064575
vt 0.0291509497910738 0.08426898717880249
vt 0.3855555057525635 0.0846329927444458
vt 0.688861072063446 0.380561888217926
vt 0.688564121723175 0.9753680992871523
vt 0.7108272910118103 0.9753792453557253
vt 0.688861072063446 0.380561888217926
vt 0.7108272910118103 0.9753792453557253
vt 0.7111255526542664 0.38057297468185425
vt 0.6115187406539917 0.3802090883255005
vt 0.6116792559623718 0.9756764937192202
vt 0.6294316649436951 0.9934194842353463
vt 0.6115187406539917 0.3802090883255005
vt 0.6294316649436951 0.9934194842353463
vt 0.6292611956596375 0.3624569773674011
vt 0.029924707487225533 0.27255475521087646
vt 0.3847405016422272 0.2722127437591553
vt 0.4024774432182312 0.25444144010543823
vt 0.029924707487225533 0.27255475521087646
vt 0.4024774432182312 0.25444144010543823
vt 0.012152747251093388 0.25481700897216797
vt 0.7164942026138306 0.38020920753479004
vt 0.716655433177948 0.9756764937192202
vt 0.734407901763916 0.9934194842353463
vt 0.7164942026138306 0.38020920753479004
vt 0.734407901763916 0.9934194842353463
vt 0.7342367768287659 0.3624570965766907
vt 0.029920803382992744 0.15983480215072632
vt 0.3847111165523529 0.15973883867263794
vt 0.40245914459228516 0.14198118448257446
vt 0.029920803382992744 0.15983480215072632
vt 0.40245914459228516 0.14198118448257446
vt 0.012162701226770878 0.14208590984344482
vt 0.4130959212779999 0.17090129852294922
vt 0.8446959853172302 0.17090117931365967
vt 0.8446959853172302 0.1408037543296814
vt 0.4130959212779999 0.17090129852294922
vt 0.8446959853172302 0.1408037543296814
vt 0.4130959212779999 0.1408037543296814
vt 0.41309598088264465 0.2045099139213562
vt 0.8446959853172302 0.2045099139213562
vt 0.8446959853172302 0.1744125485420227
vt 0.41309598088264465 0.2045099139213562
vt 0.8446959853172302 0.1744125485420227
vt 0.4130959212779999 0.1744125485420227
vt 0.41309598088264465 0.23811489343643188
vt 0.8446959853172302 0.23811489343643188
vt 0.8446959853172302 0.20801740884780884
vt 0.41309598088264465 0.23811489343643188
vt 0.8446959853172302 0.20801740884780884
vt 0.41309598088264465 0.20801740884780884
vt 0.41309598088264465 0.27172356843948364
vt 0.8446959853172302 0.27172356843948364
vt 0.8446959853172302 0.24162626266479492
vt 0.41309598088264465 0.27172356843948364
vt 0.8446959853172302 0.24162626266479492
vt 0.41309598088264465 0.24162626266479492
vt 0.10798311233520508 0.01631319522857666
vt 0.11135810613632202 0.015632271766662598
vt 0.10861256718635559 0.012891530990600586
vt 0.08240637183189392 0.01645517349243164
vt 0.08189401030540466 0.013214945793151855
vt 0.07921698689460754 0.015909910202026367
vt 0.1080673336982727 0.042009830474853516
vt 0.1086350679397583 0.04528331756591797
vt 0.11135810613632202 0.04251408576965332
vt 0.08244755864143372 0.042066216468811035
vt 0.07916149497032166 0.042675137519836426
vt 0.08184197545051575 0.045354604721069336
vt 0.08240637183189392 0.01645517349243164
vt 0.10798311233520508 0.01631319522857666
vt 0.10861256718635559 0.012891530990600586
vt 0.08240637183189392 0.01645517349243164
vt 0.10861256718635559 0.012891530990600586
vt 0.08189401030540466 0.013214945793151855
vt 0.41309598088264465 0.275237500667572
vt 0.8446959853172302 0.27523738145828247
vt 0.8446959853172302 0.27172356843948364
vt 0.41309598088264465 0.275237500667572
vt 0.8446959853172302 0.27172356843948364
vt 0.41309598088264465 0.27172356843948364
vt 0.8446959853172302 0.23811489343643188
vt 0.41309598088264465 0.23811489343643188
vt 0.41309598088264465 0.24162626266479492
vt 0.8446959853172302 0.23811489343643188
vt 0.41309598088264465 0.24162626266479492
vt 0.8446959853172302 0.24162626266479492
vt 0.08244755864143372 0.042066216468811035
vt 0.08240637183189392 0.01645517349243164
vt 0.07921698689460754 0.015909910202026367
vt 0.08244755864143372 0.042066216468811035
vt 0.07921698689460754 0.015909910202026367
vt 0.07916149497032166 0.042675137519836426
vt 0.8446959853172302 0.2045099139213562
vt 0.41309598088264465 0.2045099139213562
vt 0.41309598088264465 0.20801740884780884
vt 0.8446959853172302 0.2045099139213562
vt 0.41309598088264465 0.20801740884780884
vt 0.8446959853172302 0.20801740884780884
vt 0.1080673336982727 0.042009830474853516
vt 0.08244755864143372 0.042066216468811035
vt 0.08184197545051575 0.045354604721069336
vt 0.1080673336982727 0.042009830474853516
vt 0.08184197545051575 0.045354604721069336
vt 0.1086350679397583 0.04528331756591797
vt 0.8446959853172302 0.17090117931365967
vt 0.4130959212779999 0.17090129852294922
vt 0.4130959212779999 0.1744125485420227
vt 0.8446959853172302 0.17090117931365967
vt 0.4130959212779999 0.1744125485420227
vt 0.8446959853172302 0.1744125485420227
vt 0.10798311233520508 0.01631319522857666
vt 0.1080673336982727 0.042009830474853516
vt 0.11135810613632202 0.04251408576965332
vt 0.10798311233520508 0.01631319522857666
vt 0.11135810613632202 0.04251408576965332
vt 0.11135810613632202 0.015632271766662598
vt 0.08240637183189392 0.01645517349243164
vt 0.08244755864143372 0.042066216468811035
vt 0.1080673336982727 0.042009830474853516
vt 0.08240637183189392 0.01645517349243164
vt 0.1080673336982727 0.042009830474853516
vt 0.10798311233520508 0.01631319522857666
vt 0.888654887676239 0.5625169277191162
vt 0.8585572242736816 0.5625169277191162
vt 0.8585572242736816 0.9941214481368661
vt 0.888654887676239 0.5625169277191162
vt 0.8585572242736816 0.9941214481368661
vt 0.888654887676239 0.9941214481368661
vt 0.9222634434700012 0.5625169277191162
vt 0.8921660780906677 0.5625169277191162
vt 0.8921660780906677 0.9941214481368661
vt 0.9222634434700012 0.5625169277191162
vt 0.8921660780906677 0.9941214481368661
vt 0.9222634434700012 0.9941214481368661
vt 0.9558686017990112 0.5625169277191162
vt 0.9257709980010986 0.5625169277191162
vt 0.9257709980010986 0.9941214481368661
vt 0.9558686017990112 0.5625169277191162
vt 0.9257709980010986 0.9941214481368661
vt 0.9558687210083008 0.9941214481368661
vt 0.9894774556159973 0.5625169277191162
vt 0.9593797326087952 0.5625169277191162
vt 0.9593798518180847 0.9941213885322213
vt 0.9894774556159973 0.5625169277191162
vt 0.9593798518180847 0.9941213885322213
vt 0.9894774556159973 0.9941214481368661
vt 0.22168640792369843 0.0397418737411499
vt 0.22231583297252655 0.04316353797912598
vt 0.22506140172481537 0.040422797203063965
vt 0.19610978662967682 0.03959989547729492
vt 0.19292040169239044 0.040145158767700195
vt 0.19559736549854279 0.042840003967285156
vt 0.22177062928676605 0.014045119285583496
vt 0.22506140172481537 0.013541102409362793
vt 0.22233836352825165 0.010771870613098145
vt 0.1961509734392166 0.013988852500915527
vt 0.19554533064365387 0.010700464248657227
vt 0.19286485016345978 0.013379693031311035
vt 0.19610978662967682 0.03959989547729492
vt 0.19559736549854279 0.042840003967285156
vt 0.22231583297252655 0.04316353797912598
vt 0.19610978662967682 0.03959989547729492
vt 0.22231583297252655 0.04316353797912598
vt 0.22168640792369843 0.0397418737411499
vt 0.9929912090301514 0.5625169277191162
vt 0.9894774556159973 0.5625169277191162
vt 0.9894774556159973 0.9941214481368661
vt 0.9929912090301514 0.5625169277191162
vt 0.9894774556159973 0.9941214481368661
vt 0.9929912090301514 0.9941214481368661
vt 0.9558687210083008 0.9941214481368661
vt 0.9593798518180847 0.9941213885322213
vt 0.9593797326087952 0.5625169277191162
vt 0.9558687210083008 0.9941214481368661
vt 0.9593797326087952 0.5625169277191162
vt 0.9558686017990112 0.5625169277191162
vt 0.1961509734392166 0.013988852500915527
vt 0.19286485016345978 0.013379693031311035
vt 0.19292040169239044 0.040145158767700195
vt 0.1961509734392166 0.013988852500915527
vt 0.19292040169239044 0.040145158767700195
vt 0.19610978662967682 0.03959989547729492
vt 0.9222634434700012 0.9941214481368661
vt 0.9257709980010986 0.9941214481368661
vt 0.9257709980010986 0.5625169277191162
vt 0.9222634434700012 0.9941214481368661
vt 0.9257709980010986 0.5625169277191162
vt 0.9222634434700012 0.5625169277191162
vt 0.22177062928676605 0.014045119285583496
vt 0.22233836352825165 0.010771870613098145
vt 0.19554533064365387 0.010700464248657227
vt 0.22177062928676605 0.014045119285583496
vt 0.19554533064365387 0.010700464248657227
vt 0.1961509734392166 0.013988852500915527
vt 0.888654887676239 0.9941214481368661
vt 0.8921660780906677 0.9941214481368661
vt 0.8921660780906677 0.5625169277191162
vt 0.888654887676239 0.9941214481368661
vt 0.8921660780906677 0.5625169277191162
vt 0.888654887676239 0.5625169277191162
vt 0.22168640792369843 0.0397418737411499
vt 0.22506140172481537 0.040422797203063965
vt 0.22506140172481537 0.013541102409362793
vt 0.22168640792369843 0.0397418737411499
vt 0.22506140172481537 0.013541102409362793
vt 0.22177062928676605 0.014045119285583496
vt 0.19610978662967682 0.03959989547729492
vt 0.22168640792369843 0.0397418737411499
vt 0.22177062928676605 0.014045119285583496
vt 0.19610978662967682 0.03959989547729492
vt 0.22177062928676605 0.014045119285583496
vt 0.1961509734392166 0.013988852500915527
vt 0.961248517036438 0.5586272776126862
vt 0.9913461208343506 0.5586272776126862
vt 0.9913461208343506 0.12702208757400513
vt 0.961248517036438 0.5586272776126862
vt 0.9913461208343506 0.12702208757400513
vt 0.961248517036438 0.12702208757400513
vt 0.9276400208473206 0.5586272776126862
vt 0.9577372670173645 0.5586272776126862
vt 0.9577372670173645 0.12702208757400513
vt 0.9276400208473206 0.5586272776126862
vt 0.9577372670173645 0.12702208757400513
vt 0.9276400208473206 0.12702208757400513
vt 0.8940349221229553 0.5586272776126862
vt 0.9241324663162231 0.5586272776126862
vt 0.9241324663162231 0.12702208757400513
vt 0.8940349221229553 0.5586272776126862
vt 0.9241324663162231 0.12702208757400513
vt 0.8940349221229553 0.12702208757400513
vt 0.860426127910614 0.5586272776126862
vt 0.8905237317085266 0.5586272776126862
vt 0.8905236124992371 0.12702208757400513
vt 0.860426127910614 0.5586272776126862
vt 0.8905236124992371 0.12702208757400513
vt 0.860426127910614 0.12702208757400513
vt 0.0542045533657074 0.03951448202133179
vt 0.05483400821685791 0.04293620586395264
vt 0.05757942795753479 0.040195465087890625
vt 0.02862781286239624 0.03937250375747681
vt 0.02543848752975464 0.03991764783859253
vt 0.028115451335906982 0.042612671852111816
vt 0.054288655519485474 0.013817846775054932
vt 0.05757942795753479 0.013313591480255127
vt 0.05485638976097107 0.010544419288635254
vt 0.02866894006729126 0.013761520385742188
vt 0.02806335687637329 0.010473072528839111
vt 0.0253828763961792 0.013152539730072021
vt 0.02862781286239624 0.03937250375747681
vt 0.028115451335906982 0.042612671852111816
vt 0.05483400821685791 0.04293620586395264
vt 0.02862781286239624 0.03937250375747681
vt 0.05483400821685791 0.04293620586395264
vt 0.0542045533657074 0.03951448202133179
vt 0.8569121956825256 0.5586272776126862
vt 0.860426127910614 0.5586272776126862
vt 0.860426127910614 0.12702208757400513
vt 0.8569121956825256 0.5586272776126862
vt 0.860426127910614 0.12702208757400513
vt 0.8569121956825256 0.12702208757400513
vt 0.8940349221229553 0.12702208757400513
vt 0.8905236124992371 0.12702208757400513
vt 0.8905237317085266 0.5586272776126862
vt 0.8940349221229553 0.12702208757400513
vt 0.8905237317085266 0.5586272776126862
vt 0.8940349221229553 0.5586272776126862
vt 0.02866894006729126 0.013761520385742188
vt 0.0253828763961792 0.013152539730072021
vt 0.02543848752975464 0.03991764783859253
vt 0.02866894006729126 0.013761520385742188
vt 0.02543848752975464 0.03991764783859253
vt 0.02862781286239624 0.03937250375747681
vt 0.9276400208473206 0.12702208757400513
vt 0.9241324663162231 0.12702208757400513
vt 0.9241324663162231 0.5586272776126862
vt 0.9276400208473206 0.12702208757400513
vt 0.9241324663162231 0.5586272776126862
vt 0.9276400208473206 0.5586272776126862
vt 0.054288655519485474 0.013817846775054932
vt 0.05485638976097107 0.010544419288635254
vt 0.02806335687637329 0.010473072528839111
vt 0.054288655519485474 0.013817846775054932
vt 0.02806335687637329 0.010473072528839111
vt 0.02866894006729126 0.013761520385742188
vt 0.961248517036438 0.12702208757400513
vt 0.9577372670173645 0.12702208757400513
vt 0.9577372670173645 0.5586272776126862
vt 0.961248517036438 0.12702208757400513
vt 0.9577372670173645 0.5586272776126862
vt 0.961248517036438 0.5586272776126862
vt 0.0542045533657074 0.03951448202133179
vt 0.05757942795753479 0.040195465087890625
vt 0.05757942795753479 0.013313591480255127
vt 0.0542045533657074 0.03951448202133179
vt 0.05757942795753479 0.013313591480255127
vt 0.054288655519485474 0.013817846775054932
vt 0.02862781286239624 0.03937250375747681
vt 0.0542045533657074 0.03951448202133179
vt 0.054288655519485474 0.013817846775054932
vt 0.02862781286239624 0.03937250375747681
vt 0.054288655519485474 0.013817846775054932
vt 0.02866894006729126 0.013761520385742188
vt 0.8457185626029968 0.1066693663597107
vt 0.4141174554824829 0.1066693663597107
vt 0.4141174554824829 0.13676691055297852
vt 0.8457185626029968 0.1066693663597107
vt 0.4141174554824829 0.13676691055297852
vt 0.8457185626029968 0.13676691055297852
vt 0.8457185626029968 0.07306081056594849
vt 0.4141174554824829 0.07306081056594849
vt 0.4141174554824829 0.10315817594528198
vt 0.8457185626029968 0.07306081056594849
vt 0.4141174554824829 0.10315817594528198
vt 0.8457185626029968 0.10315817594528198
vt 0.8457185626029968 0.03945571184158325
vt 0.4141174554824829 0.03945571184158325
vt 0.4141174554824829 0.06955331563949585
vt 0.8457185626029968 0.03945571184158325
vt 0.4141174554824829 0.06955331563949585
vt 0.8457185626029968 0.06955331563949585
vt 0.8457185626029968 0.005846917629241943
vt 0.4141174554824829 0.005846917629241943
vt 0.4141174554824829 0.03594452142715454
vt 0.8457185626029968 0.005846917629241943
vt 0.4141174554824829 0.03594452142715454
vt 0.8457185626029968 0.03594452142715454
vt 0.16398490965366364 0.014211058616638184
vt 0.16732265055179596 0.013560056686401367
vt 0.16463054716587067 0.010870575904846191
vt 0.1383688598871231 0.014202713966369629
vt 0.13783536851406097 0.010908007621765137
vt 0.13514728844165802 0.013651728630065918
vt 0.1640448123216629 0.03983163833618164
vt 0.1646498292684555 0.043070316314697266
vt 0.16732265055179596 0.040311336517333984
vt 0.13838545978069305 0.03986644744873047
vt 0.13509197533130646 0.04047799110412598
vt 0.13778050243854523 0.04316353797912598
vt 0.1383688598871231 0.014202713966369629
vt 0.16398490965366364 0.014211058616638184
vt 0.16463054716587067 0.010870575904846191
vt 0.1383688598871231 0.014202713966369629
vt 0.16463054716587067 0.010870575904846191
vt 0.13783536851406097 0.010908007621765137
vt 0.8457185626029968 0.0023332834243774414
vt 0.4141174554824829 0.0023332834243774414
vt 0.4141174554824829 0.005846917629241943
vt 0.8457185626029968 0.0023332834243774414
vt 0.4141174554824829 0.005846917629241943
vt 0.8457185626029968 0.005846917629241943
vt 0.4141174554824829 0.03945571184158325
vt 0.8457185626029968 0.03945571184158325
vt 0.8457185626029968 0.03594452142715454
vt 0.4141174554824829 0.03945571184158325
vt 0.8457185626029968 0.03594452142715454
vt 0.4141174554824829 0.03594452142715454
vt 0.13838545978069305 0.03986644744873047
vt 0.1383688598871231 0.014202713966369629
vt 0.13514728844165802 0.013651728630065918
vt 0.13838545978069305 0.03986644744873047
vt 0.13514728844165802 0.013651728630065918
vt 0.13509197533130646 0.04047799110412598
vt 0.4141174554824829 0.07306081056594849
vt 0.8457185626029968 0.07306081056594849
vt 0.8457185626029968 0.06955331563949585
vt 0.4141174554824829 0.07306081056594849
vt 0.8457185626029968 0.06955331563949585
vt 0.4141174554824829 0.06955331563949585
vt 0.1640448123216629 0.03983163833618164
vt 0.13838545978069305 0.03986644744873047
vt 0.13778050243854523 0.04316353797912598
vt 0.1640448123216629 0.03983163833618164
vt 0.13778050243854523 0.04316353797912598
vt 0.1646498292684555 0.043070316314697266
vt 0.4141174554824829 0.1066693663597107
vt 0.8457185626029968 0.1066693663597107
vt 0.8457185626029968 0.10315817594528198
vt 0.4141174554824829 0.1066693663597107
vt 0.8457185626029968 0.10315817594528198
vt 0.4141174554824829 0.10315817594528198
vt 0.16398490965366364 0.014211058616638184
vt 0.1640448123216629 0.03983163833618164
vt 0.16732265055179596 0.040311336517333984
vt 0.16398490965366364 0.014211058616638184
vt 0.16732265055179596 0.040311336517333984
vt 0.16732265055179596 0.013560056686401367
vt 0.1383688598871231 0.014202713966369629
vt 0.13838545978069305 0.03986644744873047
vt 0.1640448123216629 0.03983163833618164
vt 0.1383688598871231 0.014202713966369629
vt 0.1640448123216629 0.03983163833618164
vt 0.16398490965366364 0.014211058616638184
vn 0.9999999990999828 0.000004082913083978507 -0.00004222989641737904
vn 0.9999999995201924 0.000028312208912858847 0.000012571161536417926
vn 0.9999999994342145 -0.000015136869590025339 0.00003004074583081328
vn 0.9999999990999828 0.000004082913083978507 -0.00004222989641737904
vn 0.9999999994342145 -0.000015136869590025339 0.00003004074583081328
vn 0.999999999630206 -0.000011295077243494654 0.00002473881667318973
vn -0.00004169344755701147 0.0000010577340334397104 -0.9999999991302688
vn 0.000012836677807042119 0.00002615128947361 -0.9999999995756648
vn 0.000025957821899322976 -0.000015628858020386017 -0.9999999995409651
vn -0.00004169344755701147 0.0000010577340334397104 -0.9999999991302688
vn 0.000025957821899322976 -0.000015628858020386017 -0.9999999995409651
vn 0.00002148170204622422 -0.00001265133426006977 -0.9999999996892401
vn -9.916135128876643e-7 0.9999999999990783 9.274314105568558e-7
vn -9.746379085469944e-7 0.9999999999988096 -0.0000011961491328525664
vn -0.0000031111488923619864 0.999999999994445 -0.000001196148678099995
vn -9.916135128876643e-7 0.9999999999990783 9.274314105568558e-7
vn -0.0000031111488923619864 0.999999999994445 -0.000001196148678099995
vn -0.000003128124610389267 0.9999999999946774 9.274310694922612e-7
vn 0.00003939866517896927 0.000004902729984570962 0.9999999992118541
vn -0.000015071852818243227 0.000024959695218561135 0.9999999995749265
vn -0.000028997658674952577 -0.000015482058061607238 0.9999999994597208
vn 0.00003939866517896927 0.000004902729984570962 0.9999999992118541
vn -0.000028997658674952577 -0.000015482058061607238 0.9999999994597208
vn -0.000023091027397634095 -0.000015780081287675922 0.9999999996088966
vn -0.999999999336449 -8.940648085002779e-7 0.00003641843930027404
vn -0.9999999995526637 0.000026524065963475613 -0.00001382557405295128
vn -0.99999999949551 -0.000015193773546602598 -0.000027894972654196467
vn -0.999999999336449 -8.940648085002779e-7 0.00003641843930027404
vn -0.99999999949551 -0.000015193773546602598 -0.000027894972654196467
vn -0.9999999996762959 -0.000017464163997533033 -0.000018504353747497496
vn 0.000008508563657931665 -0.9999999997605588 0.000020161521319895397
vn 0.999999999630206 -0.000011295077243494654 0.00002473881667318973
vn 0.00003939866517896927 0.000004902729984570962 0.9999999992118541
vn 0.9999999994342145 -0.000015136869590025339 0.00003004074583081328
vn 0.000013038515596826111 0.9999999998838104 -0.000007897863842233206
vn -0.000015071852818243227 0.000024959695218561135 0.9999999995749265
vn -0.00002045929361455395 -0.9999999997892591 0.0000017027060764419833
vn -0.000023091027397634095 -0.000015780081287675922 0.9999999996088966
vn -0.999999999336449 -8.940648085002779e-7 0.00003641843930027404
vn 0.000006504356637871989 0.9999999999081501 0.000011890878221175684
vn -0.9999999995526637 0.000026524065963475613 -0.00001382557405295128
vn -0.000028997658674952577 -0.000015482058061607238 0.9999999994597208
vn 0.000019460917667821035 -0.9999999997844151 -0.000007241716837732923
vn 0.00002148170204622422 -0.00001265133426006977 -0.9999999996892401
vn 0.9999999990999828 0.000004082913083978507 -0.00004222989641737904
vn -0.000010572374413011372 0.9999999998428538 -0.000014230858257813203
vn 0.9999999995201924 0.000028312208912858847 0.000012571161536417926
vn 0.000025957821899322976 -0.000015628858020386017 -0.9999999995409651
vn -0.0000045448544625612005 -0.9999999998382171 -0.00001740430968014337
vn -0.9999999996762959 -0.000017464163997533033 -0.000018504353747497496
vn -0.00004169344755701147 0.0000010577340334397104 -0.9999999991302688
vn -0.000013992190789712724 0.9999999998672946 0.000008344402766529177
vn 0.000012836677807042119 0.00002615128947361 -0.9999999995756648
vn -0.99999999949551 -0.000015193773546602598 -0.000027894972654196467
vn -0.00002045929361455395 -0.9999999997892591 0.0000017027060764419833
vn 0.000008508563657931665 -0.9999999997605588 0.000020161521319895397
vn 0.00003939866517896927 0.000004902729984570962 0.9999999992118541
vn -0.00002045929361455395 -0.9999999997892591 0.0000017027060764419833
vn 0.00003939866517896927 0.000004902729984570962 0.9999999992118541
vn -0.000023091027397634095 -0.000015780081287675922 0.9999999996088966
vn 0.999999999630206 -0.000011295077243494654 0.00002473881667318973
vn 0.9999999994342145 -0.000015136869590025339 0.00003004074583081328
vn -0.000015071852818243227 0.000024959695218561135 0.9999999995749265
vn 0.999999999630206 -0.000011295077243494654 0.00002473881667318973
vn -0.000015071852818243227 0.000024959695218561135 0.9999999995749265
vn 0.00003939866517896927 0.000004902729984570962 0.9999999992118541
vn 0.000013038515596826111 0.9999999998838104 -0.000007897863842233206
vn 0.000006504356637871989 0.9999999999081501 0.000011890878221175684
vn -0.000028997658674952577 -0.000015482058061607238 0.9999999994597208
vn 0.000013038515596826111 0.9999999998838104 -0.000007897863842233206
vn -0.000028997658674952577 -0.000015482058061607238 0.9999999994597208
vn -0.000015071852818243227 0.000024959695218561135 0.9999999995749265
vn -0.9999999995526637 0.000026524065963475613 -0.00001382557405295128
vn -0.999999999336449 -8.940648085002779e-7 0.00003641843930027404
vn -0.000023091027397634095 -0.000015780081287675922 0.9999999996088966
vn -0.9999999995526637 0.000026524065963475613 -0.00001382557405295128
vn -0.000023091027397634095 -0.000015780081287675922 0.9999999996088966
vn -0.000028997658674952577 -0.000015482058061607238 0.9999999994597208
vn -0.0000045448544625612005 -0.9999999998382171 -0.00001740430968014337
vn -0.00002045929361455395 -0.9999999997892591 0.0000017027060764419833
vn -0.999999999336449 -8.940648085002779e-7 0.00003641843930027404
vn -0.0000045448544625612005 -0.9999999998382171 -0.00001740430968014337
vn -0.999999999336449 -8.940648085002779e-7 0.00003641843930027404
vn -0.9999999996762959 -0.000017464163997533033 -0.000018504353747497496
vn 0.000006504356637871989 0.9999999999081501 0.000011890878221175684
vn -0.000013992190789712724 0.9999999998672946 0.000008344402766529177
vn -0.99999999949551 -0.000015193773546602598 -0.000027894972654196467
vn 0.000006504356637871989 0.9999999999081501 0.000011890878221175684
vn -0.99999999949551 -0.000015193773546602598 -0.000027894972654196467
vn -0.9999999995526637 0.000026524065963475613 -0.00001382557405295128
vn 0.000012836677807042119 0.00002615128947361 -0.9999999995756648
vn -0.00004169344755701147 0.0000010577340334397104 -0.9999999991302688
vn -0.9999999996762959 -0.000017464163997533033 -0.000018504353747497496
vn 0.000012836677807042119 0.00002615128947361 -0.9999999995756648
vn -0.9999999996762959 -0.000017464163997533033 -0.000018504353747497496
vn -0.99999999949551 -0.000015193773546602598 -0.000027894972654196467
vn 0.000019460917667821035 -0.9999999997844151 -0.000007241716837732923
vn -0.0000045448544625612005 -0.9999999998382171 -0.00001740430968014337
vn -0.00004169344755701147 0.0000010577340334397104 -0.9999999991302688
vn 0.000019460917667821035 -0.9999999997844151 -0.000007241716837732923
vn -0.00004169344755701147 0.0000010577340334397104 -0.9999999991302688
vn 0.00002148170204622422 -0.00001265133426006977 -0.9999999996892401
vn -0.000013992190789712724 0.9999999998672946 0.000008344402766529177
vn -0.000010572374413011372 0.9999999998428538 -0.000014230858257813203
vn 0.000025957821899322976 -0.000015628858020386017 -0.9999999995409651
vn -0.000013992190789712724 0.9999999998672946 0.000008344402766529177
vn 0.000025957821899322976 -0.000015628858020386017 -0.9999999995409651
vn 0.000012836677807042119 0.00002615128947361 -0.9999999995756648
vn 0.9999999995201924 0.000028312208912858847 0.000012571161536417926
vn 0.9999999990999828 0.000004082913083978507 -0.00004222989641737904
vn 0.00002148170204622422 -0.00001265133426006977 -0.9999999996892401
vn 0.9999999995201924 0.000028312208912858847 0.000012571161536417926
vn 0.00002148170204622422 -0.00001265133426006977 -0.9999999996892401
vn 0.000025957821899322976 -0.000015628858020386017 -0.9999999995409651
vn 0.000008508563657931665 -0.9999999997605588 0.000020161521319895397
vn 0.000019460917667821035 -0.9999999997844151 -0.000007241716837732923
vn 0.9999999990999828 0.000004082913083978507 -0.00004222989641737904
vn 0.000008508563657931665 -0.9999999997605588 0.000020161521319895397
vn 0.9999999990999828 0.000004082913083978507 -0.00004222989641737904
vn 0.999999999630206 -0.000011295077243494654 0.00002473881667318973
vn -0.000010572374413011372 0.9999999998428538 -0.000014230858257813203
vn 0.000013038515596826111 0.9999999998838104 -0.000007897863842233206
vn 0.9999999994342145 -0.000015136869590025339 0.00003004074583081328
vn -0.000010572374413011372 0.9999999998428538 -0.000014230858257813203
vn 0.9999999994342145 -0.000015136869590025339 0.00003004074583081328
vn 0.9999999995201924 0.000028312208912858847 0.000012571161536417926
vn -0.9999999992746763 0.00003808736928752363 -5.117375561594551e-12
vn -0.9999999992471781 0.00003880262504772468 -5.2134765109647024e-12
vn -1 0 0
vn -0.9999999992746763 0.00003808736928752363 -5.117375561594551e-12
vn -1 0 0
vn -1 0 0
vn -0.000005416106247117689 -0.9999999999672196 0.00000601889144483289
vn 0.000006170710792071881 -0.9999999999636391 0.000005885931050121726
vn -0.0000045448544625612005 -0.9999999998382171 -0.00001740430968014337
vn -0.000005416106247117689 -0.9999999999672196 0.00000601889144483289
vn -0.0000045448544625612005 -0.9999999998382171 -0.00001740430968014337
vn 0.000019460917667821035 -0.9999999997844151 -0.000007241716837732923
vn 4.470348204937509e-8 -0.000009402384302486849 0.9999999999557967
vn -1.1798921434990835e-8 -0.000010803093454489918 0.9999999999416465
vn 5.632536377694389e-8 1.3435886114798713e-7 0.9999999999999895
vn 4.470348204937509e-8 -0.000009402384302486849 0.9999999999557967
vn 5.632536377694389e-8 1.3435886114798713e-7 0.9999999999999895
vn 5.632536377694389e-8 1.3435886114798713e-7 0.9999999999999895
vn 0.00000630137197960029 -0.9999999999522995 -0.000007462832281338038
vn -0.000005570444309416337 -0.9999999999559279 -0.000007557376984094158
vn 0.000008508563657931665 -0.9999999997605588 0.000020161521319895397
vn 0.00000630137197960029 -0.9999999999522995 -0.000007462832281338038
vn 0.000008508563657931665 -0.9999999997605588 0.000020161521319895397
vn -0.00002045929361455395 -0.9999999997892591 0.0000017027060764419833
vn -8.94678647186131e-8 -0.999999999999987 1.3435886114798678e-7
vn -8.94678647186131e-8 -0.999999999999987 1.3435886114798678e-7
vn -8.94678647186131e-8 -0.999999999999987 1.3435886114798678e-7
vn -8.94678647186131e-8 -0.999999999999987 1.3435886114798678e-7
vn -8.94678647186131e-8 -0.999999999999987 1.3435886114798678e-7
vn -8.94678647186131e-8 -0.999999999999987 1.3435886114798678e-7
vn -0.000005570444309416337 -0.9999999999559279 -0.000007557376984094158
vn -0.000005416106247117689 -0.9999999999672196 0.00000601889144483289
vn 0.000019460917667821035 -0.9999999997844151 -0.000007241716837732923
vn -0.000005570444309416337 -0.9999999999559279 -0.000007557376984094158
vn 0.000019460917667821035 -0.9999999997844151 -0.000007241716837732923
vn 0.000008508563657931665 -0.9999999997605588 0.000020161521319895397
vn 0.9999999992431243 0.00003890693317340937 -4.4708712569075354e-8
vn 0.9999999992724042 0.0000381469739342093 -5.125383974042365e-12
vn 1 0 0
vn 0.9999999992431243 0.00003890693317340937 -4.4708712569075354e-8
vn 1 0 0
vn 1 0 0
vn 0.000006170710792071881 -0.9999999999636391 0.000005885931050121726
vn 0.00000630137197960029 -0.9999999999522995 -0.000007462832281338038
vn -0.00002045929361455395 -0.9999999997892591 0.0000017027060764419833
vn 0.000006170710792071881 -0.9999999999636391 0.000005885931050121726
vn -0.00002045929361455395 -0.9999999997892591 0.0000017027060764419833
vn -0.0000045448544625612005 -0.9999999998382171 -0.00001740430968014337
vn -1.1547126237366554e-7 -0.000002816567876030391 -0.9999999999960268
vn -5.9604642734735266e-8 -0.00000412787051581355 -0.9999999999914785
vn -0.000005570444309416337 -0.9999999999559279 -0.000007557376984094158
vn -1.1547126237366554e-7 -0.000002816567876030391 -0.9999999999960268
vn -0.000005570444309416337 -0.9999999999559279 -0.000007557376984094158
vn 0.00000630137197960029 -0.9999999999522995 -0.000007462832281338038
vn 0.9999999992724042 0.0000381469739342093 -5.125383974042365e-12
vn 0.9999999992431243 0.00003890693317340937 -4.4708712569075354e-8
vn 0.00000630137197960029 -0.9999999999522995 -0.000007462832281338038
vn 0.9999999992724042 0.0000381469739342093 -5.125383974042365e-12
vn 0.00000630137197960029 -0.9999999999522995 -0.000007462832281338038
vn 0.000006170710792071881 -0.9999999999636391 0.000005885931050121726
vn -1.1798921434990835e-8 -0.000010803093454489918 0.9999999999416465
vn 4.470348204937509e-8 -0.000009402384302486849 0.9999999999557967
vn 0.000006170710792071881 -0.9999999999636391 0.000005885931050121726
vn -1.1798921434990835e-8 -0.000010803093454489918 0.9999999999416465
vn 0.000006170710792071881 -0.9999999999636391 0.000005885931050121726
vn -0.000005416106247117689 -0.9999999999672196 0.00000601889144483289
vn -0.9999999992471781 0.00003880262504772468 -5.2134765109647024e-12
vn -0.9999999992746763 0.00003808736928752363 -5.117375561594551e-12
vn -0.000005416106247117689 -0.9999999999672196 0.00000601889144483289
vn -0.9999999992471781 0.00003880262504772468 -5.2134765109647024e-12
vn -0.000005416106247117689 -0.9999999999672196 0.00000601889144483289
vn -0.000005570444309416337 -0.9999999999559279 -0.000007557376984094158
vn -5.9604642734735266e-8 -0.00000412787051581355 -0.9999999999914785
vn -1.1547126237366554e-7 -0.000002816567876030391 -0.9999999999960268
vn -5.632536377694389e-8 -1.3435886114798713e-7 -0.9999999999999895
vn -5.9604642734735266e-8 -0.00000412787051581355 -0.9999999999914785
vn -5.632536377694389e-8 -1.3435886114798713e-7 -0.9999999999999895
vn -5.632536377694389e-8 -1.3435886114798713e-7 -0.9999999999999895
vn -0.0000031111488923619864 0.999999999994445 -0.000001196148678099995
vn -9.746379085469944e-7 0.9999999999988096 -0.0000011961491328525664
vn 0.000006504356637871989 0.9999999999081501 0.000011890878221175684
vn -0.0000031111488923619864 0.999999999994445 -0.000001196148678099995
vn 0.000006504356637871989 0.9999999999081501 0.000011890878221175684
vn 0.000013038515596826111 0.9999999998838104 -0.000007897863842233206
vn -9.746379085469944e-7 0.9999999999988096 -0.0000011961491328525664
vn -9.916135128876643e-7 0.9999999999990783 9.274314105568558e-7
vn -0.000013992190789712724 0.9999999998672946 0.000008344402766529177
vn -9.746379085469944e-7 0.9999999999988096 -0.0000011961491328525664
vn -0.000013992190789712724 0.9999999998672946 0.000008344402766529177
vn 0.000006504356637871989 0.9999999999081501 0.000011890878221175684
vn -9.916135128876643e-7 0.9999999999990783 9.274314105568558e-7
vn -0.000003128124610389267 0.9999999999946774 9.274310694922612e-7
vn -0.000010572374413011372 0.9999999998428538 -0.000014230858257813203
vn -9.916135128876643e-7 0.9999999999990783 9.274314105568558e-7
vn -0.000010572374413011372 0.9999999998428538 -0.000014230858257813203
vn -0.000013992190789712724 0.9999999998672946 0.000008344402766529177
vn -0.000003128124610389267 0.9999999999946774 9.274310694922612e-7
vn -0.0000031111488923619864 0.999999999994445 -0.000001196148678099995
vn 0.000013038515596826111 0.9999999998838104 -0.000007897863842233206
vn -0.000003128124610389267 0.9999999999946774 9.274310694922612e-7
vn 0.000013038515596826111 0.9999999998838104 -0.000007897863842233206
vn -0.000010572374413011372 0.9999999998428538 -0.000014230858257813203
vn 0.9985425079858173 -0.05397090238603881 -0.0000379609093268707
vn 0.9985429334369276 -0.05396303873373173 0.00002310405171460385
vn 0.9985334004028834 -0.054139156265944156 0.000006218249816281574
vn 0.9985425079858173 -0.05397090238603881 -0.0000379609093268707
vn 0.9985334004028834 -0.054139156265944156 0.000006218249816281574
vn 0.998541468124979 -0.05399014951785604 0.00001377864677290389
vn 0.0008552968384054005 0.03345673209813856 -0.999439800860778
vn 0.0008602440483344451 0.03350759217414842 -0.9994380927535573
vn 0.0008239907602340304 0.03350092815038202 -0.9994383466989297
vn 0.0008552968384054005 0.03345673209813856 -0.999439800860778
vn 0.0008239907602340304 0.03350092815038202 -0.9994383466989297
vn 0.0008339993538411442 0.033473298455606086 -0.9994392641554461
vn -0.9994316681816423 0.03369880589327522 0.0008550538154349225
vn -0.9994308182310777 0.033724286355708115 0.0008438481835599351
vn -0.9994247513295688 0.033903380124357084 0.0008527871792432765
vn -0.9994316681816423 0.03369880589327522 0.0008550538154349225
vn -0.9994247513295688 0.033903380124357084 0.0008527871792432765
vn -0.9994320208132166 0.03368842706532149 0.0008518539045151712
vn 0.000011235476194954191 -0.053687889694877276 0.9985577651662797
vn -0.000016927758428785397 -0.05373921199979878 0.9985550043974
vn -0.000011427618936122897 -0.053743021049341234 0.9985547994766736
vn 0.000011235476194954191 -0.053687889694877276 0.9985577651662797
vn -0.000011427618936122897 -0.053743021049341234 0.9985547994766736
vn 0.000012394197538230973 -0.053726087320891874 0.9985557107080063
vn 0.0527033169505534 -0.9972174976611656 0.05272212762031643
vn 0.998541468124979 -0.05399014951785604 0.00001377864677290389
vn 0.000011235476194954191 -0.053687889694877276 0.9985577651662797
vn -0.10781145470190708 -0.9929787449648105 0.04868164215767793
vn 0.000012394197538230973 -0.053726087320891874 0.9985557107080063
vn -0.9994316681816423 0.03369880589327522 0.0008550538154349225
vn 0.04864312957669837 -0.9929811591611529 -0.10780660228370845
vn 0.0008339993538411442 0.033473298455606086 -0.9994392641554461
vn 0.9985425079858173 -0.05397090238603881 -0.0000379609093268707
vn -0.11214593359764241 -0.9873382552081703 -0.11218939067487253
vn -0.9994320208132166 0.03368842706532149 0.0008518539045151712
vn 0.0008552968384054005 0.03345673209813856 -0.999439800860778
vn -0.10781145470190708 -0.9929787449648105 0.04868164215767793
vn 0.0527033169505534 -0.9972174976611656 0.05272212762031643
vn 0.000011235476194954191 -0.053687889694877276 0.9985577651662797
vn -0.10781145470190708 -0.9929787449648105 0.04868164215767793
vn 0.000011235476194954191 -0.053687889694877276 0.9985577651662797
vn 0.000012394197538230973 -0.053726087320891874 0.9985557107080063
vn 0.998541468124979 -0.05399014951785604 0.00001377864677290389
vn 0.9985334004028834 -0.054139156265944156 0.000006218249816281574
vn -0.000016927758428785397 -0.05373921199979878 0.9985550043974
vn 0.998541468124979 -0.05399014951785604 0.00001377864677290389
vn -0.000016927758428785397 -0.05373921199979878 0.9985550043974
vn 0.000011235476194954191 -0.053687889694877276 0.9985577651662797
vn -0.9994308182310777 0.033724286355708115 0.0008438481835599351
vn -0.9994316681816423 0.03369880589327522 0.0008550538154349225
vn 0.000012394197538230973 -0.053726087320891874 0.9985557107080063
vn -0.9994308182310777 0.033724286355708115 0.0008438481835599351
vn 0.000012394197538230973 -0.053726087320891874 0.9985557107080063
vn -0.000011427618936122897 -0.053743021049341234 0.9985547994766736
vn -0.11214593359764241 -0.9873382552081703 -0.11218939067487253
vn -0.10781145470190708 -0.9929787449648105 0.04868164215767793
vn -0.9994316681816423 0.03369880589327522 0.0008550538154349225
vn -0.11214593359764241 -0.9873382552081703 -0.11218939067487253
vn -0.9994316681816423 0.03369880589327522 0.0008550538154349225
vn -0.9994320208132166 0.03368842706532149 0.0008518539045151712
vn 0.0008602440483344451 0.03350759217414842 -0.9994380927535573
vn 0.0008552968384054005 0.03345673209813856 -0.999439800860778
vn -0.9994320208132166 0.03368842706532149 0.0008518539045151712
vn 0.0008602440483344451 0.03350759217414842 -0.9994380927535573
vn -0.9994320208132166 0.03368842706532149 0.0008518539045151712
vn -0.9994247513295688 0.033903380124357084 0.0008527871792432765
vn 0.04864312957669837 -0.9929811591611529 -0.10780660228370845
vn -0.11214593359764241 -0.9873382552081703 -0.11218939067487253
vn 0.0008552968384054005 0.03345673209813856 -0.999439800860778
vn 0.04864312957669837 -0.9929811591611529 -0.10780660228370845
vn 0.0008552968384054005 0.03345673209813856 -0.999439800860778
vn 0.0008339993538411442 0.033473298455606086 -0.9994392641554461
vn 0.9985429334369276 -0.05396303873373173 0.00002310405171460385
vn 0.9985425079858173 -0.05397090238603881 -0.0000379609093268707
vn 0.0008339993538411442 0.033473298455606086 -0.9994392641554461
vn 0.9985429334369276 -0.05396303873373173 0.00002310405171460385
vn 0.0008339993538411442 0.033473298455606086 -0.9994392641554461
vn 0.0008239907602340304 0.03350092815038202 -0.9994383466989297
vn 0.0527033169505534 -0.9972174976611656 0.05272212762031643
vn 0.04864312957669837 -0.9929811591611529 -0.10780660228370845
vn 0.9985425079858173 -0.05397090238603881 -0.0000379609093268707
vn 0.0527033169505534 -0.9972174976611656 0.05272212762031643
vn 0.9985425079858173 -0.05397090238603881 -0.0000379609093268707
vn 0.998541468124979 -0.05399014951785604 0.00001377864677290389
vn -0.10781145470190708 -0.9929787449648105 0.04868164215767793
vn -0.11214593359764241 -0.9873382552081703 -0.11218939067487253
vn 0.04864312957669837 -0.9929811591611529 -0.10780660228370845
vn -0.10781145470190708 -0.9929787449648105 0.04868164215767793
vn 0.04864312957669837 -0.9929811591611529 -0.10780660228370845
vn 0.0527033169505534 -0.9972174976611656 0.05272212762031643
vn 0.9985406637227079 -0.054005026229412535 0.00000584588814361729
vn 0.9985420048708251 -0.05398021791517238 -0.000024132627277757896
vn 0.9985415939836894 -0.053987821574646724 -0.000014357467056040153
vn 0.9985406637227079 -0.054005026229412535 0.00000584588814361729
vn 0.9985415939836894 -0.053987821574646724 -0.000014357467056040153
vn 0.9985429822040461 -0.05396213663386483 -0.00002238209481274479
vn 0.0008454173669503219 0.03346799392908702 0.9994394322077944
vn 0.000834643876716866 0.03347392795291942 0.9994392425340333
vn 0.00082343813471965 0.033506616933040856 0.9994381564515838
vn 0.0008454173669503219 0.03346799392908702 0.9994394322077944
vn 0.00082343813471965 0.033506616933040856 0.9994381564515838
vn 0.000863934249010805 0.03361747406112924 0.9994343995757614
vn -0.9994313905525702 0.03370681944985848 -0.0008636554465787652
vn -0.9994313245803841 0.03370953497591483 -0.0008334861765492
vn -0.9994309639268275 0.033719898630159784 -0.0008466290001657347
vn -0.9994313905525702 0.03370681944985848 -0.0008636554465787652
vn -0.9994309639268275 0.033719898630159784 -0.0008466290001657347
vn -0.999430752579133 0.03372622680113376 -0.0008440526441479946
vn -0.000025697626564900463 -0.0537237119198646 -0.9985558382570218
vn -0.000011682509716341967 -0.053700978659539114 -0.998557061341277
vn -0.000011235475991230633 -0.053742788433036225 -0.998554811998423
vn -0.000025697626564900463 -0.0537237119198646 -0.9985558382570218
vn -0.000011235475991230633 -0.053742788433036225 -0.998554811998423
vn -0.00002109343915371631 -0.053815377025872004 -0.9985509024334362
vn 0.052729423350189465 -0.9972175036053983 -0.05269590511770342
vn -0.000025697626564900463 -0.0537237119198646 -0.9985558382570218
vn 0.9985420048708251 -0.05398021791517238 -0.000024132627277757896
vn -0.10785079188799396 -0.9929764161682795 -0.048641994436211866
vn -0.9994313905525702 0.03370681944985848 -0.0008636554465787652
vn -0.000011682509716341967 -0.053700978659539114 -0.998557061341277
vn 0.048629570036531504 -0.9929804254740728 0.10781947664217006
vn 0.9985406637227079 -0.054005026229412535 0.00000584588814361729
vn 0.000834643876716866 0.03347392795291942 0.9994392425340333
vn -0.11218228345498668 -0.9873381520482712 0.112153951284517
vn 0.0008454173669503219 0.03346799392908702 0.9994394322077944
vn -0.9994313245803841 0.03370953497591483 -0.0008334861765492
vn -0.10785079188799396 -0.9929764161682795 -0.048641994436211866
vn -0.000011682509716341967 -0.053700978659539114 -0.998557061341277
vn -0.000025697626564900463 -0.0537237119198646 -0.9985558382570218
vn -0.10785079188799396 -0.9929764161682795 -0.048641994436211866
vn -0.000025697626564900463 -0.0537237119198646 -0.9985558382570218
vn 0.052729423350189465 -0.9972175036053983 -0.05269590511770342
vn 0.9985420048708251 -0.05398021791517238 -0.000024132627277757896
vn -0.000025697626564900463 -0.0537237119198646 -0.9985558382570218
vn -0.00002109343915371631 -0.053815377025872004 -0.9985509024334362
vn 0.9985420048708251 -0.05398021791517238 -0.000024132627277757896
vn -0.00002109343915371631 -0.053815377025872004 -0.9985509024334362
vn 0.9985415939836894 -0.053987821574646724 -0.000014357467056040153
vn -0.999430752579133 0.03372622680113376 -0.0008440526441479946
vn -0.000011235475991230633 -0.053742788433036225 -0.998554811998423
vn -0.000011682509716341967 -0.053700978659539114 -0.998557061341277
vn -0.999430752579133 0.03372622680113376 -0.0008440526441479946
vn -0.000011682509716341967 -0.053700978659539114 -0.998557061341277
vn -0.9994313905525702 0.03370681944985848 -0.0008636554465787652
vn -0.11218228345498668 -0.9873381520482712 0.112153951284517
vn -0.9994313245803841 0.03370953497591483 -0.0008334861765492
vn -0.9994313905525702 0.03370681944985848 -0.0008636554465787652
vn -0.11218228345498668 -0.9873381520482712 0.112153951284517
vn -0.9994313905525702 0.03370681944985848 -0.0008636554465787652
vn -0.10785079188799396 -0.9929764161682795 -0.048641994436211866
vn 0.000863934249010805 0.03361747406112924 0.9994343995757614
vn -0.9994309639268275 0.033719898630159784 -0.0008466290001657347
vn -0.9994313245803841 0.03370953497591483 -0.0008334861765492
vn 0.000863934249010805 0.03361747406112924 0.9994343995757614
vn -0.9994313245803841 0.03370953497591483 -0.0008334861765492
vn 0.0008454173669503219 0.03346799392908702 0.9994394322077944
vn 0.048629570036531504 -0.9929804254740728 0.10781947664217006
vn 0.000834643876716866 0.03347392795291942 0.9994392425340333
vn 0.0008454173669503219 0.03346799392908702 0.9994394322077944
vn 0.048629570036531504 -0.9929804254740728 0.10781947664217006
vn 0.0008454173669503219 0.03346799392908702 0.9994394322077944
vn -0.11218228345498668 -0.9873381520482712 0.112153951284517
vn 0.9985429822040461 -0.05396213663386483 -0.00002238209481274479
vn 0.00082343813471965 0.033506616933040856 0.9994381564515838
vn 0.000834643876716866 0.03347392795291942 0.9994392425340333
vn 0.9985429822040461 -0.05396213663386483 -0.00002238209481274479
vn 0.000834643876716866 0.03347392795291942 0.9994392425340333
vn 0.9985406637227079 -0.054005026229412535 0.00000584588814361729
vn 0.052729423350189465 -0.9972175036053983 -0.05269590511770342
vn 0.9985420048708251 -0.05398021791517238 -0.000024132627277757896
vn 0.9985406637227079 -0.054005026229412535 0.00000584588814361729
vn 0.052729423350189465 -0.9972175036053983 -0.05269590511770342
vn 0.9985406637227079 -0.054005026229412535 0.00000584588814361729
vn 0.048629570036531504 -0.9929804254740728 0.10781947664217006
vn -0.10785079188799396 -0.9929764161682795 -0.048641994436211866
vn 0.052729423350189465 -0.9972175036053983 -0.05269590511770342
vn 0.048629570036531504 -0.9929804254740728 0.10781947664217006
vn -0.10785079188799396 -0.9929764161682795 -0.048641994436211866
vn 0.048629570036531504 -0.9929804254740728 0.10781947664217006
vn -0.11218228345498668 -0.9873381520482712 0.112153951284517
vn -0.9985406201137494 -0.054005832260740086 -0.000008041993981479485
vn -0.9985420303487194 -0.05397974617397446 0.00002510080763924844
vn -0.9985416000131417 -0.05398771013810964 0.000014044149052643845
vn -0.9985406201137494 -0.054005832260740086 -0.000008041993981479485
vn -0.9985416000131417 -0.05398771013810964 0.000014044149052643845
vn -0.9985428394163801 -0.053964780310384416 0.000018339171894904704
vn -0.0008467324346737191 0.03346832442468994 -0.999439420027241
vn -0.0008320212021245561 0.03347415808859571 -0.9994392370129256
vn -0.0008193254158325039 0.033506396853886566 -0.9994381672098245
vn -0.0008467324346737191 0.03346832442468994 -0.999439420027241
vn -0.0008193254158325039 0.033506396853886566 -0.9994381672098245
vn -0.0008596000459303369 0.03343439049784582 -0.9994405448148472
vn 0.9994314114957639 0.03370615900185649 0.0008651941555724291
vn 0.9994313392528602 0.03370912963794225 0.0008322849793140183
vn 0.9994309726697772 0.0337196868108316 0.0008447424000571414
vn 0.9994314114957639 0.03370615900185649 0.0008651941555724291
vn 0.9994309726697772 0.0337196868108316 0.0008447424000571414
vn 0.9994308572908813 0.03372307695458512 0.000845916975294887
vn 0.00002643208141611339 -0.05372254518788396 0.9985559010089924
vn 0.000010162591431714303 -0.05370058032129191 0.9985570827798871
vn 0.000009417546166799734 -0.053742631540586915 0.9985548204612517
vn 0.00002643208141611339 -0.05372254518788396 0.9985559010089924
vn 0.000009417546166799734 -0.053742631540586915 0.9985548204612517
vn 0.000026874928956386465 -0.05392819245971994 0.9985448158874821
vn -0.0527293396859884 -0.9972174571467296 0.05269686801025365
vn 0.00002643208141611339 -0.05372254518788396 0.9985559010089924
vn -0.9985420303487194 -0.05397974617397446 0.00002510080763924844
vn 0.10785073182360891 -0.9929763988644136 0.048642480851342776
vn 0.9994314114957639 0.03370615900185649 0.0008651941555724291
vn 0.000010162591431714303 -0.05370058032129191 0.9985570827798871
vn -0.048629837349669434 -0.9929804359113593 -0.10781925995216109
vn -0.9985406201137494 -0.054005832260740086 -0.000008041993981479485
vn -0.0008320212021245561 0.03347415808859571 -0.9994392370129256
vn 0.11218222563160819 -0.9873381978632323 -0.11215360579367725
vn -0.0008467324346737191 0.03346832442468994 -0.999439420027241
vn 0.9994313392528602 0.03370912963794225 0.0008322849793140183
vn 0.10785073182360891 -0.9929763988644136 0.048642480851342776
vn 0.000010162591431714303 -0.05370058032129191 0.9985570827798871
vn 0.00002643208141611339 -0.05372254518788396 0.9985559010089924
vn 0.10785073182360891 -0.9929763988644136 0.048642480851342776
vn 0.00002643208141611339 -0.05372254518788396 0.9985559010089924
vn -0.0527293396859884 -0.9972174571467296 0.05269686801025365
vn -0.9985420303487194 -0.05397974617397446 0.00002510080763924844
vn 0.00002643208141611339 -0.05372254518788396 0.9985559010089924
vn 0.000026874928956386465 -0.05392819245971994 0.9985448158874821
vn -0.9985420303487194 -0.05397974617397446 0.00002510080763924844
vn 0.000026874928956386465 -0.05392819245971994 0.9985448158874821
vn -0.9985416000131417 -0.05398771013810964 0.000014044149052643845
vn 0.9994308572908813 0.03372307695458512 0.000845916975294887
vn 0.000009417546166799734 -0.053742631540586915 0.9985548204612517
vn 0.000010162591431714303 -0.05370058032129191 0.9985570827798871
vn 0.9994308572908813 0.03372307695458512 0.000845916975294887
vn 0.000010162591431714303 -0.05370058032129191 0.9985570827798871
vn 0.9994314114957639 0.03370615900185649 0.0008651941555724291
vn 0.11218222563160819 -0.9873381978632323 -0.11215360579367725
vn 0.9994313392528602 0.03370912963794225 0.0008322849793140183
vn 0.9994314114957639 0.03370615900185649 0.0008651941555724291
vn 0.11218222563160819 -0.9873381978632323 -0.11215360579367725
vn 0.9994314114957639 0.03370615900185649 0.0008651941555724291
vn 0.10785073182360891 -0.9929763988644136 0.048642480851342776
vn -0.0008596000459303369 0.03343439049784582 -0.9994405448148472
vn 0.9994309726697772 0.0337196868108316 0.0008447424000571414
vn 0.9994313392528602 0.03370912963794225 0.0008322849793140183
vn -0.0008596000459303369 0.03343439049784582 -0.9994405448148472
vn 0.9994313392528602 0.03370912963794225 0.0008322849793140183
vn -0.0008467324346737191 0.03346832442468994 -0.999439420027241
vn -0.048629837349669434 -0.9929804359113593 -0.10781925995216109
vn -0.0008320212021245561 0.03347415808859571 -0.9994392370129256
vn -0.0008467324346737191 0.03346832442468994 -0.999439420027241
vn -0.048629837349669434 -0.9929804359113593 -0.10781925995216109
vn -0.0008467324346737191 0.03346832442468994 -0.999439420027241
vn 0.11218222563160819 -0.9873381978632323 -0.11215360579367725
vn -0.9985428394163801 -0.053964780310384416 0.000018339171894904704
vn -0.0008193254158325039 0.033506396853886566 -0.9994381672098245
vn -0.0008320212021245561 0.03347415808859571 -0.9994392370129256
vn -0.9985428394163801 -0.053964780310384416 0.000018339171894904704
vn -0.0008320212021245561 0.03347415808859571 -0.9994392370129256
vn -0.9985406201137494 -0.054005832260740086 -0.000008041993981479485
vn -0.0527293396859884 -0.9972174571467296 0.05269686801025365
vn -0.9985420303487194 -0.05397974617397446 0.00002510080763924844
vn -0.9985406201137494 -0.054005832260740086 -0.000008041993981479485
vn -0.0527293396859884 -0.9972174571467296 0.05269686801025365
vn -0.9985406201137494 -0.054005832260740086 -0.000008041993981479485
vn -0.048629837349669434 -0.9929804359113593 -0.10781925995216109
vn 0.10785073182360891 -0.9929763988644136 0.048642480851342776
vn -0.0527293396859884 -0.9972174571467296 0.05269686801025365
vn -0.048629837349669434 -0.9929804359113593 -0.10781925995216109
vn 0.10785073182360891 -0.9929763988644136 0.048642480851342776
vn -0.048629837349669434 -0.9929804359113593 -0.10781925995216109
vn 0.11218222563160819 -0.9873381978632323 -0.11215360579367725
vn -0.9985424890062136 -0.05397125152692674 0.000040717228985365734
vn -0.9985429451359448 -0.05396282380895015 -0.00001912584087400804
vn -0.9985354229667758 -0.05410183932242746 -0.000007905218014161045
vn -0.9985424890062136 -0.05397125152692674 0.000040717228985365734
vn -0.9985354229667758 -0.05410183932242746 -0.000007905218014161045
vn -0.9985414918112702 -0.05398971121808879 -0.000014625687053104863
vn -0.0008566378794326134 0.033457149471734296 0.9994397857403764
vn -0.0008620917977398834 0.03350762253666942 0.9994380901434928
vn -0.0008203258409227495 0.03351338625527359 0.9994379320434159
vn -0.0008566378794326134 0.033457149471734296 0.9994397857403764
vn -0.0008203258409227495 0.03351338625527359 0.9994379320434159
vn -0.0008317698049772299 0.033474370845891006 0.9994392300962892
vn 0.9994316775715728 0.033698489330226344 -0.0008565531696973549
vn 0.9994308263895384 0.033723999556644374 -0.0008456454503195586
vn 0.9994309738709131 0.03371964937144449 -0.0008448157816135414
vn 0.9994316775715728 0.033698489330226344 -0.0008565531696973549
vn 0.9994309738709131 0.03371964937144449 -0.0008448157816135414
vn 0.9994320354979509 0.03368801382427848 -0.0008509670955063649
vn -0.000010460614639451021 -0.05368754935799962 -0.9985577834729985
vn 0.000016659539350864003 -0.053739487758529096 -0.9985549895613715
vn 0.000009634589862614858 -0.05374276243221982 -0.998554813414531
vn -0.000010460614639451021 -0.05368754935799962 -0.9985577834729985
vn 0.000009634589862614858 -0.05374276243221982 -0.998554813414531
vn -0.000013558374498910488 -0.0537261439210742 -0.9985557076475718
vn -0.0527033336723935 -0.9972174757907994 -0.052722524571977514
vn -0.9985414918112702 -0.05398971121808879 -0.000014625687053104863
vn -0.000010460614639451021 -0.05368754935799962 -0.9985577834729985
vn 0.10781138746804243 -0.9929787564010708 -0.04868155778524964
vn -0.000013558374498910488 -0.0537261439210742 -0.9985557076475718
vn 0.9994316775715728 0.033698489330226344 -0.0008565531696973549
vn -0.04864335291687327 -0.9929811265735468 0.10780680166730817
vn -0.0008317698049772299 0.033474370845891006 0.9994392300962892
vn -0.9985424890062136 -0.05397125152692674 0.000040717228985365734
vn 0.11214597961370501 -0.9873382366168971 0.11218950829163458
vn 0.9994320354979509 0.03368801382427848 -0.0008509670955063649
vn -0.0008566378794326134 0.033457149471734296 0.9994397857403764
vn 0.10781138746804243 -0.9929787564010708 -0.04868155778524964
vn -0.0527033336723935 -0.9972174757907994 -0.052722524571977514
vn -0.000010460614639451021 -0.05368754935799962 -0.9985577834729985
vn 0.10781138746804243 -0.9929787564010708 -0.04868155778524964
vn -0.000010460614639451021 -0.05368754935799962 -0.9985577834729985
vn -0.000013558374498910488 -0.0537261439210742 -0.9985557076475718
vn -0.9985414918112702 -0.05398971121808879 -0.000014625687053104863
vn -0.9985354229667758 -0.05410183932242746 -0.000007905218014161045
vn 0.000016659539350864003 -0.053739487758529096 -0.9985549895613715
vn -0.9985414918112702 -0.05398971121808879 -0.000014625687053104863
vn 0.000016659539350864003 -0.053739487758529096 -0.9985549895613715
vn -0.000010460614639451021 -0.05368754935799962 -0.9985577834729985
vn 0.9994308263895384 0.033723999556644374 -0.0008456454503195586
vn 0.9994316775715728 0.033698489330226344 -0.0008565531696973549
vn -0.000013558374498910488 -0.0537261439210742 -0.9985557076475718
vn 0.9994308263895384 0.033723999556644374 -0.0008456454503195586
vn -0.000013558374498910488 -0.0537261439210742 -0.9985557076475718
vn 0.000009634589862614858 -0.05374276243221982 -0.998554813414531
vn 0.11214597961370501 -0.9873382366168971 0.11218950829163458
vn 0.10781138746804243 -0.9929787564010708 -0.04868155778524964
vn 0.9994316775715728 0.033698489330226344 -0.0008565531696973549
vn 0.11214597961370501 -0.9873382366168971 0.11218950829163458
vn 0.9994316775715728 0.033698489330226344 -0.0008565531696973549
vn 0.9994320354979509 0.03368801382427848 -0.0008509670955063649
vn -0.0008620917977398834 0.03350762253666942 0.9994380901434928
vn -0.0008566378794326134 0.033457149471734296 0.9994397857403764
vn 0.9994320354979509 0.03368801382427848 -0.0008509670955063649
vn -0.0008620917977398834 0.03350762253666942 0.9994380901434928
vn 0.9994320354979509 0.03368801382427848 -0.0008509670955063649
vn 0.9994309738709131 0.03371964937144449 -0.0008448157816135414
vn -0.04864335291687327 -0.9929811265735468 0.10780680166730817
vn 0.11214597961370501 -0.9873382366168971 0.11218950829163458
vn -0.0008566378794326134 0.033457149471734296 0.9994397857403764
vn -0.04864335291687327 -0.9929811265735468 0.10780680166730817
vn -0.0008566378794326134 0.033457149471734296 0.9994397857403764
vn -0.0008317698049772299 0.033474370845891006 0.9994392300962892
vn -0.9985429451359448 -0.05396282380895015 -0.00001912584087400804
vn -0.9985424890062136 -0.05397125152692674 0.000040717228985365734
vn -0.0008317698049772299 0.033474370845891006 0.9994392300962892
vn -0.9985429451359448 -0.05396282380895015 -0.00001912584087400804
vn -0.0008317698049772299 0.033474370845891006 0.9994392300962892
vn -0.0008203258409227495 0.03351338625527359 0.9994379320434159
vn -0.0527033336723935 -0.9972174757907994 -0.052722524571977514
vn -0.04864335291687327 -0.9929811265735468 0.10780680166730817
vn -0.9985424890062136 -0.05397125152692674 0.000040717228985365734
vn -0.0527033336723935 -0.9972174757907994 -0.052722524571977514
vn -0.9985424890062136 -0.05397125152692674 0.000040717228985365734
vn -0.9985414918112702 -0.05398971121808879 -0.000014625687053104863
vn 0.10781138746804243 -0.9929787564010708 -0.04868155778524964
vn 0.11214597961370501 -0.9873382366168971 0.11218950829163458
vn -0.04864335291687327 -0.9929811265735468 0.10780680166730817
vn 0.10781138746804243 -0.9929787564010708 -0.04868155778524964
vn -0.04864335291687327 -0.9929811265735468 0.10780680166730817
vn -0.0527033336723935 -0.9972174757907994 -0.052722524571977514
f 1/1/1 2/2/2 3/3/3
f 4/4/4 5/5/5 6/6/6
f 7/7/7 8/8/8 9/9/9
f 10/10/10 11/11/11 12/12/12
f 13/13/13 14/14/14 15/15/15
f 16/16/16 17/17/17 18/18/18
f 19/19/19 20/20/20 21/21/21
f 22/22/22 23/23/23 24/24/24
f 25/25/25 26/26/26 27/27/27
f 28/28/28 29/29/29 30/30/30
f 31/31/31 32/32/32 33/33/33
f 34/34/34 35/35/35 36/36/36
f 37/37/37 38/38/38 39/39/39
f 40/40/40 41/41/41 42/42/42
f 43/43/43 44/44/44 45/45/45
f 46/46/46 47/47/47 48/48/48
f 49/49/49 50/50/50 51/51/51
f 52/52/52 53/53/53 54/54/54
f 55/55/55 56/56/56 57/57/57
f 58/58/58 59/59/59 60/60/60
f 61/61/61 62/62/62 63/63/63
f 64/64/64 65/65/65 66/66/66
f 67/67/67 68/68/68 69/69/69
f 70/70/70 71/71/71 72/72/72
f 73/73/73 74/74/74 75/75/75
f 76/76/76 77/77/77 78/78/78
f 79/79/79 80/80/80 81/81/81
f 82/82/82 83/83/83 84/84/84
f 85/85/85 86/86/86 87/87/87
f 88/88/88 89/89/89 90/90/90
f 91/91/91 92/92/92 93/93/93
f 94/94/94 95/95/95 96/96/96
f 97/97/97 98/98/98 99/99/99
f 100/100/100 101/101/101 102/102/102
f 103/103/103 104/104/104 105/105/105
f 106/106/106 107/107/107 108/108/108
f 109/109/109 110/110/110 111/111/111
f 112/112/112 113/113/113 114/114/114
f 115/115/115 116/116/116 117/117/117
f 118/118/118 119/119/119 120/120/120
f 121/121/121 122/122/122 123/123/123
f 124/124/124 125/125/125 126/126/126
f 127/127/127 128/128/128 129/129/129
f 130/130/130 131/131/131 132/132/132
f 133/133/133 134/134/134 135/135/135
f 136/136/136 137/137/137 138/138/138
f 139/139/139 140/140/140 141/141/141
f 142/142/142 143/143/143 144/144/144
f 145/145/145 146/146/146 147/147/147
f 148/148/148 149/149/149 150/150/150
f 151/151/151 152/152/152 153/153/153
f 154/154/154 155/155/155 156/156/156
f 157/157/157 158/158/158 159/159/159
f 160/160/160 161/161/161 162/162/162
f 163/163/163 164/164/164 165/165/165
f 166/166/166 167/167/167 168/168/168
f 169/169/169 170/170/170 171/171/171
f 172/172/172 173/173/173 174/174/174
f 175/175/175 176/176/176 177/177/177
f 178/178/178 179/179/179 180/180/180
f 181/181/181 182/182/182 183/183/183
f 184/184/184 185/185/185 186/186/186
f 187/187/187 188/188/188 189/189/189
f 190/190/190 191/191/191 192/192/192
f 193/193/193 194/194/194 195/195/195
f 196/196/196 197/197/197 198/198/198
f 199/199/199 200/200/200 201/201/201
f 202/202/202 203/203/203 204/204/204
f 205/205/205 206/206/206 207/207/207
f 208/208/208 209/209/209 210/210/210
f 211/211/211 212/212/212 213/213/213
f 214/214/214 215/215/215 216/216/216
f 217/217/217 218/218/218 219/219/219
f 220/220/220 221/221/221 222/222/222
f 223/223/223 224/224/224 225/225/225
f 226/226/226 227/227/227 228/228/228
f 229/229/229 230/230/230 231/231/231
f 232/232/232 233/233/233 234/234/234
f 235/235/235 236/236/236 237/237/237
f 238/238/238 239/239/239 240/240/240
f 241/241/241 242/242/242 243/243/243
f 244/244/244 245/245/245 246/246/246
f 247/247/247 248/248/248 249/249/249
f 250/250/250 251/251/251 252/252/252
f 253/253/253 254/254/254 255/255/255
f 256/256/256 257/257/257 258/258/258
f 259/259/259 260/260/260 261/261/261
f 262/262/262 263/263/263 264/264/264
f 265/265/265 266/266/266 267/267/267
f 268/268/268 269/269/269 270/270/270
f 271/271/271 272/272/272 273/273/273
f 274/274/274 275/275/275 276/276/276
f 277/277/277 278/278/278 279/279/279
f 280/280/280 281/281/281 282/282/282
f 283/283/283 284/284/284 285/285/285
f 286/286/286 287/287/287 288/288/288
f 289/289/289 290/290/290 291/291/291
f 292/292/292 293/293/293 294/294/294
f 295/295/295 296/296/296 297/297/297
f 298/298/298 299/299/299 300/300/300
f 301/301/301 302/302/302 303/303/303
f 304/304/304 305/305/305 306/306/306
f 307/307/307 308/308/308 309/309/309
f 310/310/310 311/311/311 312/312/312
f 313/313/313 314/314/314 315/315/315
f 316/316/316 317/317/317 318/318/318
f 319/319/319 320/320/320 321/321/321
f 322/322/322 323/323/323 324/324/324
f 325/325/325 326/326/326 327/327/327
f 328/328/328 329/329/329 330/330/330
f 331/331/331 332/332/332 333/333/333
f 334/334/334 335/335/335 336/336/336
f 337/337/337 338/338/338 339/339/339
f 340/340/340 341/341/341 342/342/342
f 343/343/343 344/344/344 345/345/345
f 346/346/346 347/347/347 348/348/348
f 349/349/349 350/350/350 351/351/351
f 352/352/352 353/353/353 354/354/354
f 355/355/355 356/356/356 357/357/357
f 358/358/358 359/359/359 360/360/360
f 361/361/361 362/362/362 363/363/363
f 364/364/364 365/365/365 366/366/366
f 367/367/367 368/368/368 369/369/369
f 370/370/370 371/371/371 372/372/372
f 373/373/373 374/374/374 375/375/375
f 376/376/376 377/377/377 378/378/378
f 379/379/379 380/380/380 381/381/381
f 382/382/382 383/383/383 384/384/384
f 385/385/385 386/386/386 387/387/387
f 388/388/388 389/389/389 390/390/390
f 391/391/391 392/392/392 393/393/393
f 394/394/394 395/395/395 396/396/396
f 397/397/397 398/398/398 399/399/399
f 400/400/400 401/401/401 402/402/402
f 403/403/403 404/404/404 405/405/405
f 406/406/406 407/407/407 408/408/408
f 409/409/409 410/410/410 411/411/411
f 412/412/412 413/413/413 414/414/414
f 415/415/415 416/416/416 417/417/417
f 418/418/418 419/419/419 420/420/420
f 421/421/421 422/422/422 423/423/423
f 424/424/424 425/425/425 426/426/426
f 427/427/427 428/428/428 429/429/429
f 430/430/430 431/431/431 432/432/432
f 433/433/433 434/434/434 435/435/435
f 436/436/436 437/437/437 438/438/438
f 439/439/439 440/440/440 441/441/441
f 442/442/442 443/443/443 444/444/444
f 445/445/445 446/446/446 447/447/447
f 448/448/448 449/449/449 450/450/450
f 451/451/451 452/452/452 453/453/453
f 454/454/454 455/455/455 456/456/456
f 457/457/457 458/458/458 459/459/459
f 460/460/460 461/461/461 462/462/462
f 463/463/463 464/464/464 465/465/465
f 466/466/466 467/467/467 468/468/468
f 469/469/469 470/470/470 471/471/471
f 472/472/472 473/473/473 474/474/474
f 475/475/475 476/476/476 477/477/477
f 478/478/478 479/479/479 480/480/480
f 481/481/481 482/482/482 483/483/483
f 484/484/484 485/485/485 486/486/486
f 487/487/487 488/488/488 489/489/489
f 490/490/490 491/491/491 492/492/492
f 493/493/493 494/494/494 495/495/495
f 496/496/496 497/497/497 498/498/498
f 499/499/499 500/500/500 501/501/501
f 502/502/502 503/503/503 504/504/504
f 505/505/505 506/506/506 507/507/507
f 508/508/508 509/509/509 510/510/510
f 511/511/511 512/512/512 513/513/513
f 514/514/514 515/515/515 516/516/516
f 517/517/517 518/518/518 519/519/519
f 520/520/520 521/521/521 522/522/522
f 523/523/523 524/524/524 525/525/525
f 526/526/526 527/527/527 528/528/528
f 529/529/529 530/530/530 531/531/531
f 532/532/532 533/533/533 534/534/534
f 535/535/535 536/536/536 537/537/537
f 538/538/538 539/539/539 540/540/540
f 541/541/541 542/542/542 543/543/543
f 544/544/544 545/545/545 546/546/546
f 547/547/547 548/548/548 549/549/549
f 550/550/550 551/551/551 552/552/552
f 553/553/553 554/554/554 555/555/555
f 556/556/556 557/557/557 558/558/558
f 559/559/559 560/560/560 561/561/561
f 562/562/562 563/563/563 564/564/564
f 565/565/565 566/566/566 567/567/567
f 568/568/568 569/569/569 570/570/570
f 571/571/571 572/572/572 573/573/573
f 574/574/574 575/575/575 576/576/576
f 577/577/577 578/578/578 579/579/579
f 580/580/580 581/581/581 582/582/582
f 583/583/583 584/584/584 585/585/585
f 586/586/586 587/587/587 588/588/588
