# Blender 5.1.2
# www.blender.org
mtllib lavabo.mtl
o table_full_27
v -0.324017 5.784810 2.373085
v 0.805291 5.784810 2.373086
v 0.805291 5.784810 -2.427146
v -0.324017 5.784810 -2.427146
v -0.324017 5.724423 2.373085
v 0.805291 5.724423 2.373085
v 0.805291 5.724423 -2.427146
v -0.324017 5.724423 -2.427146
v 0.171824 3.714597 -2.429205
v 0.303913 3.714597 -2.429205
v 0.303913 6.339817 -2.429205
v 0.171824 6.339818 -2.429205
v 0.171824 3.714597 -2.489592
v 0.303913 3.714597 -2.489592
v 0.303913 6.339817 -2.489592
v 0.171824 6.339817 -2.489592
v 0.303008 3.714214 -2.428822
v 0.303008 6.340200 -2.428822
v 0.303008 3.714214 -2.489975
v 0.303008 6.340200 -2.489975
v 0.303229 3.713009 -2.445446
v 0.304600 3.713000 -2.396031
v 0.171137 3.713000 -2.396031
v 0.303913 3.713687 -2.426225
v 0.171824 3.713687 -2.426225
v 0.171824 4.111617 -2.426225
v 0.303913 4.111617 -2.426225
v 0.303913 3.713687 -2.365839
v 0.171824 3.713687 -2.365839
v 0.171824 4.111617 -2.365839
v 0.303913 4.111617 -2.365839
v 0.171441 3.713304 -2.425321
v 0.171441 4.112000 -2.425321
v 0.304296 4.112000 -2.425321
v 1.814672 0.593069 -2.018140
v 1.814682 0.593059 -2.224016
v 1.915082 0.478769 -2.018162
v 1.914555 0.372687 -2.018194
v 1.915082 0.478769 -2.224014
v 1.911070 0.371912 -2.224767
v 1.914555 0.372687 -2.223981
v -1.450171 0.593069 -2.224038
v -1.450181 0.593059 -2.018160
v -1.550581 0.478769 -2.224015
v -1.550054 0.372687 -2.223983
v -1.550581 0.478769 -2.018163
v -1.550054 0.372687 -2.018196
v -1.631130 3.302698 -2.873639
v -1.425763 3.302698 -2.873639
v -1.631130 0.621068 -2.873638
v -1.425763 0.621068 -2.873638
v -1.631130 0.621068 -2.668272
v -1.425763 0.621068 -2.668272
v -1.631130 3.302698 -2.668272
v -1.425763 3.302698 -2.668272
v -1.631130 1.028062 -2.873638
v -1.425763 1.028062 -2.873638
v -1.425763 1.028062 -2.668271
v -1.631130 1.028062 -2.668271
v -0.274762 5.861427 -1.860242
v -0.261419 5.855901 -1.860242
v -0.248076 5.861428 -1.860242
v -0.242549 5.874771 -1.860242
v -0.248076 5.888113 -1.860242
v -0.261419 5.893640 -1.860242
v -0.274762 5.888113 -1.860242
v -0.280289 5.874771 -1.860242
v -0.274762 5.861427 1.771092
v -0.261419 5.855901 1.771090
v -0.248076 5.861427 1.771090
v -0.242549 5.874771 1.771090
v -0.248076 5.888113 1.771090
v -0.261419 5.893640 1.771090
v -0.274762 5.888113 1.771090
v -0.280289 5.874771 1.771090
v -0.261419 5.855754 -0.045752
v -0.274866 5.861324 -0.045752
v -0.247973 5.861324 -0.045752
v -0.242403 5.874771 -0.045752
v -0.247973 5.888217 -0.045752
v -0.261419 5.893787 -0.045752
v -0.274866 5.888217 -0.045752
v -0.280435 5.874771 -0.045752
v -0.274452 5.861738 -2.466010
v -0.261419 5.856339 -2.466010
v -0.248386 5.861738 -2.466010
v -0.242988 5.874771 -2.466010
v -0.248386 5.887804 -2.466010
v -0.261419 5.893202 -2.466010
v -0.274452 5.887804 -2.466010
v -0.279851 5.874771 -2.466010
v -0.274452 5.861738 2.376860
v -0.279851 5.874771 2.376860
v -0.261419 5.856339 2.376860
v -0.248386 5.861738 2.376860
v -0.242988 5.874771 2.376860
v -0.248386 5.887804 2.376860
v -0.261419 5.893202 2.376860
v -0.274452 5.887804 2.376860
v 1.985035 3.313120 -4.290578
v 1.985035 3.313120 -4.482184
v 1.985035 3.504727 -4.290578
v 1.985035 3.504727 -4.482184
v -1.605907 3.504727 -4.290578
v -1.605907 3.504727 -4.482184
v -1.605907 3.313120 -4.290578
v -1.605907 3.313120 -4.482184
v -1.555169 2.721922 -1.673031
v -1.555169 2.721922 -2.449342
v -1.602029 2.719679 -2.449206
v -1.602029 2.714114 -1.673168
v -1.547683 2.798606 -1.673305
v -1.547683 2.713506 -1.673305
v -1.547683 2.713506 -2.449069
v -1.547683 2.798606 -2.449069
v -1.555477 2.791070 -1.673031
v -1.555477 2.791070 -2.449342
v -1.600601 2.791070 -2.449342
v -1.600601 2.791070 -1.673031
v -1.608172 2.798606 -2.449069
v -1.608172 2.798606 -1.673305
v -1.601491 2.757334 -1.673305
v -1.601491 2.757334 -2.449069
v -1.608172 2.757334 -2.449069
v -1.608172 2.757334 -1.673305
v -1.601893 2.713506 -2.449069
v -1.601893 2.720287 -1.673305
v -1.608446 2.757061 -2.040079
v -1.540647 0.999583 -2.877932
v -1.588659 0.999583 -2.877932
v -1.540647 2.801971 -2.877932
v -1.588659 2.801971 -2.877932
v -1.540647 2.801971 -4.426153
v -1.588659 2.801971 -4.426153
v -1.540647 0.999583 -4.426153
v -1.588659 0.999583 -4.426153
v -0.696210 0.989696 -3.835362
v -0.893186 0.795684 -3.835274
v -0.912713 0.795685 3.821916
v -0.912712 0.992126 3.821916
v -0.893185 0.992123 -3.835272
v -0.696754 0.795680 -3.834818
v -0.716285 0.795687 3.822374
v -0.696756 0.992125 -3.834816
v -0.716283 0.992124 3.822371
v 1.996748 2.809845 -4.482133
v 1.996748 2.809845 -4.434122
v 1.996748 3.303646 -4.482134
v 1.996748 3.303646 -4.434122
v -1.611517 3.303646 -4.482134
v -1.611517 3.303646 -4.434122
v -1.611517 2.809845 -4.482133
v -1.611517 2.809845 -4.434122
v -1.467441 0.215104 -4.359137
v -1.481494 0.215247 -4.380279
v -1.502568 0.215417 -4.394435
v -1.527457 0.215578 -4.399448
v -1.552367 0.215720 -4.394555
v -1.573514 0.215805 -4.380502
v -1.587667 0.215830 -4.359427
v -1.592679 0.215792 -4.334538
v -1.587792 0.215693 -4.309627
v -1.573735 0.215552 -4.288483
v -1.552660 0.215380 -4.274328
v -1.527773 0.215219 -4.269315
v -1.502864 0.215080 -4.274208
v -1.481718 0.214991 -4.288261
v -1.467566 0.214964 -4.309337
v -1.462546 0.215004 -4.334225
v -1.467394 0.222529 -4.359115
v -1.481448 0.222669 -4.380258
v -1.502522 0.222841 -4.394413
v -1.527413 0.223004 -4.399426
v -1.552320 0.223141 -4.394534
v -1.573468 0.223233 -4.380480
v -1.587620 0.223257 -4.359405
v -1.592633 0.223218 -4.334517
v -1.587745 0.223117 -4.309606
v -1.573688 0.222974 -4.288462
v -1.552613 0.222804 -4.274307
v -1.527729 0.222643 -4.269294
v -1.502819 0.222505 -4.274187
v -1.481668 0.222424 -4.288240
v -1.467519 0.222394 -4.309315
v -1.462499 0.222432 -4.334203
v -1.500512 0.235222 -4.345490
v -1.506834 0.235286 -4.354996
v -1.516306 0.235362 -4.361361
v -1.527499 0.235435 -4.363615
v -1.538697 0.235497 -4.361415
v -1.548204 0.236699 -4.355096
v -1.554565 0.236711 -4.345621
v -1.556825 0.236694 -4.334430
v -1.554622 0.235487 -4.323229
v -1.548307 0.235418 -4.313723
v -1.538828 0.235347 -4.307358
v -1.527639 0.235272 -4.305104
v -1.516437 0.235214 -4.307304
v -1.506931 0.235168 -4.313623
v -1.500566 0.235159 -4.323099
v -1.498312 0.235177 -4.334289
v -1.517246 0.264558 -4.338605
v -1.519659 0.264586 -4.342231
v -1.523272 0.264617 -4.344659
v -1.527542 0.264648 -4.345520
v -1.531812 0.264673 -4.344680
v -1.535441 0.264689 -4.342269
v -1.537869 0.264696 -4.338655
v -1.538728 0.264690 -4.334386
v -1.537888 0.264669 -4.330114
v -1.535479 0.264642 -4.326488
v -1.531861 0.264610 -4.324059
v -1.527597 0.264580 -4.323200
v -1.523323 0.264552 -4.324039
v -1.519695 0.264537 -4.326449
v -1.517268 0.264530 -4.330064
v -1.516408 0.264536 -4.334332
v -1.517246 0.410820 -4.338605
v -1.519658 0.410848 -4.342231
v -1.523272 0.410880 -4.344659
v -1.527542 0.410911 -4.345520
v -1.531811 0.410935 -4.344680
v -1.535440 0.410953 -4.342269
v -1.537869 0.410958 -4.338655
v -1.538727 0.410952 -4.334386
v -1.537888 0.410931 -4.330114
v -1.535479 0.410905 -4.326488
v -1.531861 0.410873 -4.324059
v -1.527597 0.410842 -4.323200
v -1.523323 0.410814 -4.324039
v -1.519695 0.410799 -4.326449
v -1.517268 0.410793 -4.330064
v -1.516408 0.410799 -4.334332
v -1.517246 0.279432 -4.338605
v -1.519659 0.279459 -4.342232
v -1.523272 0.279491 -4.344659
v -1.527542 0.279522 -4.345520
v -1.531811 0.279547 -4.344680
v -1.535441 0.279563 -4.342269
v -1.537869 0.279570 -4.338655
v -1.538728 0.279564 -4.334386
v -1.537888 0.279543 -4.330114
v -1.535479 0.279516 -4.326488
v -1.531861 0.279484 -4.324059
v -1.527597 0.279454 -4.323200
v -1.523323 0.279426 -4.324039
v -1.519695 0.279411 -4.326449
v -1.517268 0.279404 -4.330064
v -1.516408 0.279410 -4.334332
v -1.517246 0.290762 -4.338605
v -1.519659 0.290789 -4.342232
v -1.523272 0.290821 -4.344659
v -1.527542 0.290852 -4.345520
v -1.531811 0.290876 -4.344680
v -1.535441 0.290893 -4.342269
v -1.537869 0.290900 -4.338655
v -1.538728 0.290893 -4.334386
v -1.537888 0.290873 -4.330114
v -1.535479 0.290846 -4.326488
v -1.531861 0.290814 -4.324059
v -1.527597 0.290783 -4.323200
v -1.523323 0.290756 -4.324039
v -1.519695 0.290740 -4.326449
v -1.517268 0.290734 -4.330064
v -1.516408 0.290740 -4.334332
v -1.517246 0.300023 -4.338605
v -1.519659 0.300051 -4.342232
v -1.523272 0.300083 -4.344659
v -1.527542 0.300113 -4.345520
v -1.531811 0.300138 -4.344680
v -1.535441 0.300155 -4.342269
v -1.537869 0.300161 -4.338655
v -1.538728 0.300155 -4.334386
v -1.537888 0.300135 -4.330114
v -1.535479 0.300107 -4.326488
v -1.531861 0.300076 -4.324059
v -1.527597 0.300045 -4.323200
v -1.523323 0.300018 -4.324039
v -1.519695 0.300002 -4.326449
v -1.517268 0.299996 -4.330064
v -1.516408 0.300002 -4.334332
v -1.517246 0.310571 -4.338605
v -1.519659 0.310599 -4.342232
v -1.523272 0.310631 -4.344659
v -1.527542 0.310661 -4.345520
v -1.531811 0.310686 -4.344680
v -1.535441 0.310703 -4.342269
v -1.537869 0.310709 -4.338655
v -1.538728 0.310703 -4.334386
v -1.537888 0.310683 -4.330114
v -1.535479 0.310655 -4.326488
v -1.531861 0.310624 -4.324060
v -1.527597 0.310593 -4.323200
v -1.523323 0.310566 -4.324039
v -1.519695 0.310550 -4.326449
v -1.517268 0.310544 -4.330064
v -1.516408 0.310550 -4.334332
v -1.517246 0.321437 -4.338605
v -1.519659 0.321464 -4.342232
v -1.523272 0.321496 -4.344659
v -1.527542 0.321527 -4.345519
v -1.531811 0.321552 -4.344680
v -1.535441 0.321568 -4.342269
v -1.537869 0.321575 -4.338655
v -1.538728 0.321568 -4.334386
v -1.537888 0.321548 -4.330114
v -1.535479 0.321521 -4.326488
v -1.531861 0.321489 -4.324060
v -1.527597 0.321458 -4.323200
v -1.523323 0.321431 -4.324039
v -1.519695 0.321415 -4.326449
v -1.517268 0.321409 -4.330064
v -1.516408 0.321415 -4.334332
v -1.517246 0.330506 -4.338605
v -1.519659 0.330533 -4.342232
v -1.523272 0.330565 -4.344659
v -1.527542 0.330596 -4.345519
v -1.531811 0.330621 -4.344680
v -1.535440 0.330638 -4.342269
v -1.537869 0.330644 -4.338655
v -1.538728 0.330637 -4.334386
v -1.537888 0.330617 -4.330114
v -1.535479 0.330590 -4.326488
v -1.531861 0.330558 -4.324060
v -1.527597 0.330528 -4.323200
v -1.523323 0.330500 -4.324039
v -1.519695 0.330484 -4.326449
v -1.517268 0.330479 -4.330064
v -1.516408 0.330484 -4.334332
v -1.517246 0.340801 -4.338605
v -1.519659 0.340828 -4.342232
v -1.523272 0.340860 -4.344659
v -1.527542 0.340891 -4.345519
v -1.531811 0.340916 -4.344680
v -1.535440 0.340933 -4.342269
v -1.537869 0.340939 -4.338655
v -1.538728 0.340932 -4.334386
v -1.537888 0.340912 -4.330114
v -1.535479 0.340885 -4.326488
v -1.531861 0.340853 -4.324060
v -1.527597 0.340822 -4.323200
v -1.523323 0.340795 -4.324039
v -1.519695 0.340779 -4.326449
v -1.517268 0.340773 -4.330064
v -1.516408 0.340779 -4.334333
v -1.517246 0.351565 -4.338605
v -1.519658 0.351592 -4.342232
v -1.523272 0.351624 -4.344659
v -1.527542 0.351655 -4.345519
v -1.531811 0.351679 -4.344680
v -1.535440 0.351697 -4.342269
v -1.537869 0.351703 -4.338655
v -1.538727 0.351696 -4.334386
v -1.537888 0.351676 -4.330114
v -1.535479 0.351649 -4.326488
v -1.531861 0.351617 -4.324059
v -1.527597 0.351586 -4.323200
v -1.523323 0.351559 -4.324039
v -1.519695 0.351543 -4.326449
v -1.517268 0.351537 -4.330064
v -1.516408 0.351543 -4.334333
v -1.517246 0.361680 -4.338605
v -1.519658 0.361707 -4.342232
v -1.523272 0.361739 -4.344659
v -1.527542 0.361770 -4.345519
v -1.531811 0.361795 -4.344680
v -1.535440 0.361812 -4.342269
v -1.537869 0.361818 -4.338655
v -1.538727 0.361811 -4.334386
v -1.537888 0.361791 -4.330114
v -1.535479 0.361764 -4.326488
v -1.531861 0.361733 -4.324059
v -1.527597 0.361702 -4.323200
v -1.523323 0.361674 -4.324039
v -1.519695 0.361658 -4.326449
v -1.517268 0.361653 -4.330064
v -1.516408 0.361659 -4.334333
v -1.517246 0.372858 -4.338605
v -1.519658 0.372886 -4.342231
v -1.523272 0.372918 -4.344659
v -1.527542 0.372949 -4.345519
v -1.531811 0.372973 -4.344680
v -1.535440 0.372991 -4.342269
v -1.537869 0.372996 -4.338655
v -1.538727 0.372990 -4.334386
v -1.537888 0.372970 -4.330114
v -1.535479 0.372943 -4.326488
v -1.531861 0.372911 -4.324059
v -1.527597 0.372880 -4.323200
v -1.523323 0.372853 -4.324039
v -1.519695 0.372837 -4.326449
v -1.517268 0.372831 -4.330064
v -1.516408 0.372837 -4.334332
v -0.206618 5.935296 -2.425519
v -0.325430 5.917352 -2.424723
v -0.325430 5.724091 -2.424874
v -0.206618 5.724091 -2.424783
v -0.084389 5.952810 -2.424319
v -0.084389 5.724091 -2.424882
v 0.056271 5.974263 -2.424222
v 0.056271 5.724091 -2.424451
v 0.167861 5.989400 -2.424175
v 0.167861 5.724091 -2.424386
v 0.304338 5.989857 -2.424603
v 0.304338 5.724091 -2.424737
v 0.430280 5.972070 -2.424515
v 0.430280 5.724091 -2.425683
v 0.559950 5.953791 -2.424441
v 0.559950 5.724091 -2.424580
v 0.692464 5.933290 -2.424581
v 0.692464 5.724091 -2.426412
v 0.804591 5.916812 -2.424691
v 0.804591 5.724091 -2.425243
v 0.804591 5.724091 -2.493152
v 0.804591 5.917361 -2.492876
v -0.325430 5.917758 -2.493370
v -0.325430 5.724091 -2.492877
v 0.692464 5.933870 -2.494093
v 0.559950 5.952348 -2.494042
v 0.430280 5.971781 -2.493860
v 0.304338 5.988666 -2.494215
v 0.167861 5.989431 -2.494014
v 0.056271 5.972431 -2.494379
v -0.084389 5.952168 -2.493813
v -0.206618 5.934828 -2.493366
v 0.692464 5.724091 -2.493627
v 0.559950 5.724091 -2.493587
v 0.430280 5.724091 -2.493241
v 0.304338 5.724091 -2.492954
v 0.167861 5.724091 -2.493781
v 0.056271 5.724091 -2.493642
v -0.084389 5.724091 -2.492948
v -0.206618 5.724091 -2.492624
v 0.288093 1.001897 -2.028495
v 0.288093 0.595116 -2.028495
v 0.288093 0.595116 -2.222252
v 0.288093 1.001897 -2.222252
v 0.094335 1.001897 -2.028495
v 0.094335 0.595116 -2.028495
v 0.094335 0.595116 -2.222252
v 0.094335 1.001897 -2.222252
v 1.297946 1.030501 0.908203
v -0.940956 1.030501 0.908203
v 1.297946 1.030501 -0.875774
v -0.940956 1.030501 -0.875774
v -1.545190 1.034711 0.921996
v -1.545190 1.034711 4.440620
v 1.902178 1.034711 0.921996
v 1.902178 1.034711 4.440620
v -1.545190 1.034711 -0.889570
v -1.545190 1.034710 -4.408193
v 1.902178 1.034711 -0.889570
v 1.902178 1.034710 -4.408193
v 1.906388 1.030501 -1.784605
v -1.549399 1.030501 3.562328
v 1.906388 1.030501 3.562328
v -1.549399 1.030501 -3.529902
v 1.906388 1.030501 -3.529902
v 1.303458 2.809203 0.902689
v -0.946469 2.809203 0.902689
v 1.303458 2.809203 -0.870263
v -0.946469 2.809203 -0.870263
v -1.547535 2.807847 0.919651
v 1.904523 2.807847 0.919651
v -1.547535 2.807847 -0.887225
v 1.904523 2.807847 -0.887225
v 0.178495 1.030502 4.444829
v -1.549399 1.030501 1.817031
v 1.906388 1.030501 1.817031
v -1.549399 1.030501 -1.784605
v 1.211853 1.030501 -0.869662
v -1.602142 0.996506 -2.450458
v -1.547975 0.996506 -2.450458
v -1.602142 2.712468 -2.450458
v -1.547975 2.712468 -2.450458
v -1.602142 2.712468 -1.674388
v -1.547975 2.712468 -1.674388
v -1.602142 0.996506 -1.674388
v -1.547975 0.996506 -1.674388
v -1.610717 2.712468 -4.488660
v -1.610717 2.712468 -4.434493
v -1.610717 0.996505 -4.488660
v -1.610717 0.996505 -4.434493
v -0.416449 0.996505 -4.488660
v -0.416449 0.996505 -4.434493
v -0.416449 2.712468 -4.488660
v -0.416449 2.712468 -4.434493
v -0.416258 0.996315 -4.434941
v -1.611760 2.721922 -4.439474
v -0.417022 2.721922 -4.439474
v -0.417158 2.719679 -4.486334
v -1.611623 2.714114 -4.486334
v -1.611486 2.798606 -4.431988
v -1.611486 2.713506 -4.431988
v -0.417295 2.713506 -4.431988
v -0.417295 2.798606 -4.431988
v -1.611760 2.791070 -4.439782
v -0.417022 2.791070 -4.439782
v -0.417022 2.791070 -4.484905
v -1.611760 2.791070 -4.484905
v -0.417295 2.798606 -4.492477
v -1.611486 2.798606 -4.492477
v -1.611486 2.757334 -4.485796
v -0.417295 2.757334 -4.485796
v -0.417295 2.757334 -4.492477
v -1.611486 2.757334 -4.492477
v -0.417295 2.713506 -4.486197
v -1.611486 2.720287 -4.486197
v 0.237869 5.583408 2.373773
v 0.268062 5.716184 2.373085
v 0.268062 5.584096 2.373085
v 0.268062 5.584096 -2.427146
v 0.268062 5.716184 -2.427146
v 0.207675 5.716184 2.373085
v 0.207675 5.584096 2.373086
v 0.207675 5.584096 -2.427146
v 0.207675 5.716184 -2.427146
v 0.267157 5.583713 2.373469
v 0.267157 5.583713 -2.427529
v -0.542742 3.713960 -4.261433
v -0.542742 3.713960 -2.913067
v 1.022449 3.713960 -2.913067
v 1.022449 3.713960 -4.261433
v -0.430700 3.116127 -3.011326
v 0.909618 3.116127 -3.010535
v -0.521485 3.207187 -2.933157
v 1.001192 3.207187 -2.933157
v 0.910408 3.116127 -4.163174
v 1.001192 3.207187 -4.241345
v -0.429910 3.116127 -4.163965
v -0.521485 3.207187 -4.241343
v -0.576997 3.625757 -4.289304
v -0.572839 3.717364 -4.285146
v 1.056704 3.625757 -4.289304
v 1.052547 3.717364 -4.285146
v -0.576997 3.625757 -2.885196
v -0.572839 3.717364 -2.889354
v 1.056704 3.625757 -2.885196
v 1.052547 3.717364 -2.889354
v -0.536678 3.704575 -4.255198
v 0.997818 3.129917 -2.936531
v 0.997818 3.129917 -4.237970
v -0.518111 3.129917 -4.237970
v -0.536678 3.704575 -2.919302
v 1.016386 3.704575 -2.919302
v 1.016386 3.704575 -4.255198
v -0.518111 3.129917 -2.936531
v -0.575508 3.711752 -4.287816
v 1.055215 3.711752 -4.287816
v -0.575508 3.711752 -2.886686
v 1.055215 3.711752 -2.886686
v -1.542649 2.810769 -2.878110
v -1.590661 2.810769 -2.878110
v -1.542649 3.303092 -2.878110
v -1.590661 3.303092 -2.878110
v -1.542649 3.303092 -4.426331
v -1.590661 3.303092 -4.426331
v -1.542649 2.810769 -4.426331
v -1.590661 2.810769 -4.426331
v -0.792469 0.567151 -2.129809
v -0.795388 0.567190 -2.134197
v -0.799761 0.567235 -2.137136
v -0.804928 0.567278 -2.138176
v -0.810095 0.567313 -2.137161
v -0.814486 0.567337 -2.134244
v -0.817425 0.567346 -2.129870
v -0.818464 0.567337 -2.124704
v -0.817447 0.567309 -2.119533
v -0.814533 0.567269 -2.115145
v -0.810154 0.567225 -2.112207
v -0.804995 0.567182 -2.111167
v -0.799822 0.567143 -2.112182
v -0.795433 0.567121 -2.115099
v -0.792495 0.567112 -2.119473
v -0.791455 0.567120 -2.124639
v -0.792469 0.817525 -2.129809
v -0.795388 0.817564 -2.134197
v -0.799761 0.817609 -2.137136
v -0.804928 0.817654 -2.138176
v -0.810094 0.817688 -2.137161
v -0.814486 0.817713 -2.134244
v -0.817425 0.817720 -2.129870
v -0.818464 0.817711 -2.124704
v -0.817448 0.817683 -2.119533
v -0.814533 0.817645 -2.115145
v -0.810155 0.817600 -2.112207
v -0.804994 0.817556 -2.111167
v -0.799823 0.817517 -2.112182
v -0.795432 0.817495 -2.115099
v -0.792495 0.817487 -2.119473
v -0.791455 0.817496 -2.124639
v -0.792469 0.690173 -2.129809
v -0.795388 0.690211 -2.134197
v -0.799761 0.690257 -2.137136
v -0.804928 0.690300 -2.138176
v -0.810094 0.690335 -2.137161
v -0.814486 0.690359 -2.134244
v -0.817425 0.690368 -2.129870
v -0.818464 0.690359 -2.124704
v -0.817447 0.690330 -2.119533
v -0.814533 0.690292 -2.115145
v -0.810155 0.690247 -2.112207
v -0.804994 0.690203 -2.111167
v -0.799822 0.690164 -2.112182
v -0.795433 0.690142 -2.115099
v -0.792495 0.690134 -2.119473
v -0.791455 0.690142 -2.124639
v -0.792469 0.675658 -2.129809
v -0.795388 0.675697 -2.134197
v -0.799761 0.675742 -2.137136
v -0.804928 0.675786 -2.138176
v -0.810094 0.675821 -2.137161
v -0.814486 0.675844 -2.134244
v -0.817425 0.675853 -2.129870
v -0.818464 0.675844 -2.124704
v -0.817447 0.675816 -2.119533
v -0.814533 0.675777 -2.115145
v -0.810155 0.675732 -2.112207
v -0.804994 0.675689 -2.111167
v -0.799822 0.675650 -2.112182
v -0.795433 0.675628 -2.115099
v -0.792495 0.675619 -2.119473
v -0.791455 0.675628 -2.124639
v -0.792469 0.664698 -2.129809
v -0.795388 0.664737 -2.134197
v -0.799761 0.664782 -2.137136
v -0.804928 0.664825 -2.138176
v -0.810094 0.664860 -2.137161
v -0.814486 0.664884 -2.134244
v -0.817425 0.664893 -2.129870
v -0.818464 0.664884 -2.124704
v -0.817447 0.664855 -2.119533
v -0.814533 0.664817 -2.115145
v -0.810155 0.664772 -2.112207
v -0.804994 0.664729 -2.111167
v -0.799822 0.664690 -2.112182
v -0.795433 0.664667 -2.115099
v -0.792495 0.664659 -2.119473
v -0.791455 0.664668 -2.124639
v -0.792469 0.652928 -2.129809
v -0.795388 0.652967 -2.134197
v -0.799761 0.653012 -2.137136
v -0.804928 0.653055 -2.138176
v -0.810094 0.653090 -2.137161
v -0.814486 0.653114 -2.134244
v -0.817425 0.653123 -2.129870
v -0.818464 0.653114 -2.124704
v -0.817447 0.653085 -2.119533
v -0.814533 0.653047 -2.115145
v -0.810155 0.653002 -2.112207
v -0.804994 0.652958 -2.111167
v -0.799822 0.652919 -2.112182
v -0.795433 0.652897 -2.115099
v -0.792495 0.652889 -2.119473
v -0.791455 0.652897 -2.124639
v -0.792469 0.639282 -2.129809
v -0.795388 0.639321 -2.134197
v -0.799761 0.639366 -2.137136
v -0.804928 0.639409 -2.138176
v -0.810094 0.639444 -2.137161
v -0.814486 0.639468 -2.134244
v -0.817425 0.639477 -2.129870
v -0.818464 0.639468 -2.124704
v -0.817447 0.639439 -2.119533
v -0.814533 0.639401 -2.115145
v -0.810155 0.639356 -2.112207
v -0.804994 0.639313 -2.111167
v -0.799822 0.639274 -2.112182
v -0.795433 0.639251 -2.115099
v -0.792495 0.639243 -2.119473
v -0.791455 0.639251 -2.124639
v -0.792469 0.628197 -2.129809
v -0.795388 0.628236 -2.134197
v -0.799761 0.628281 -2.137136
v -0.804928 0.628324 -2.138176
v -0.810094 0.628359 -2.137161
v -0.814486 0.628383 -2.134244
v -0.817425 0.628392 -2.129870
v -0.818464 0.628383 -2.124704
v -0.817447 0.628355 -2.119533
v -0.814533 0.628316 -2.115145
v -0.810155 0.628271 -2.112207
v -0.804994 0.628228 -2.111167
v -0.799822 0.628189 -2.112182
v -0.795433 0.628167 -2.115099
v -0.792495 0.628158 -2.119473
v -0.791455 0.628167 -2.124639
v -0.792469 0.615560 -2.129809
v -0.795388 0.615599 -2.134197
v -0.799761 0.615644 -2.137136
v -0.804928 0.615687 -2.138176
v -0.810094 0.615723 -2.137161
v -0.814486 0.615746 -2.134244
v -0.817425 0.615756 -2.129870
v -0.818464 0.615746 -2.124704
v -0.817447 0.615718 -2.119533
v -0.814533 0.615679 -2.115145
v -0.810155 0.615634 -2.112207
v -0.804994 0.615591 -2.111167
v -0.799822 0.615552 -2.112182
v -0.795433 0.615530 -2.115099
v -0.792495 0.615521 -2.119473
v -0.791455 0.615530 -2.124639
v -0.792469 0.603973 -2.129809
v -0.795388 0.604012 -2.134197
v -0.799761 0.604057 -2.137136
v -0.804928 0.604100 -2.138176
v -0.810094 0.604135 -2.137161
v -0.814486 0.604159 -2.134244
v -0.817425 0.604168 -2.129870
v -0.818464 0.604159 -2.124704
v -0.817447 0.604130 -2.119533
v -0.814533 0.604091 -2.115145
v -0.810155 0.604047 -2.112207
v -0.804994 0.604003 -2.111167
v -0.799822 0.603965 -2.112182
v -0.795433 0.603942 -2.115099
v -0.792495 0.603934 -2.119473
v -0.791455 0.603942 -2.124639
v -0.792469 0.592369 -2.129809
v -0.795388 0.592408 -2.134197
v -0.799761 0.592453 -2.137136
v -0.804928 0.592496 -2.138176
v -0.810094 0.592531 -2.137161
v -0.814486 0.592555 -2.134244
v -0.817425 0.592564 -2.129870
v -0.818464 0.592555 -2.124704
v -0.817447 0.592526 -2.119533
v -0.814533 0.592487 -2.115145
v -0.810155 0.592443 -2.112207
v -0.804994 0.592399 -2.111167
v -0.799822 0.592361 -2.112182
v -0.795433 0.592338 -2.115099
v -0.792495 0.592330 -2.119473
v -0.791455 0.592338 -2.124639
v -0.792469 0.580773 -2.129809
v -0.795388 0.580812 -2.134197
v -0.799761 0.580857 -2.137136
v -0.804928 0.580900 -2.138176
v -0.810094 0.580935 -2.137161
v -0.814486 0.580959 -2.134244
v -0.817425 0.580968 -2.129870
v -0.818464 0.580959 -2.124704
v -0.817447 0.580931 -2.119533
v -0.814533 0.580891 -2.115145
v -0.810154 0.580847 -2.112207
v -0.804995 0.580804 -2.111167
v -0.799822 0.580765 -2.112182
v -0.795433 0.580743 -2.115099
v -0.792495 0.580734 -2.119473
v -0.791455 0.580742 -2.124639
v -1.604293 0.796482 -3.841110
v -1.604286 0.988919 -3.841120
v -1.604293 0.796482 -4.044416
v -1.604286 0.988919 -4.044406
v 1.982250 0.796482 -4.044418
v 1.982243 0.988919 -4.044408
v 1.982249 0.796482 -3.841112
v 1.982243 0.988919 -3.841122
v -1.617366 3.304244 0.014257
v -1.563199 3.304244 0.014257
v -1.617366 2.808327 0.014257
v -1.563199 2.808327 0.014257
v -1.617366 2.808327 -0.896145
v -1.563199 2.808327 -0.896145
v -1.617366 3.304244 -0.896145
v -1.563199 3.304244 -0.896145
v -1.814613 3.706903 -4.832193
v 2.290505 3.706903 -4.832193
v 1.060621 3.685266 -2.894123
v 1.042935 3.685266 -2.876436
v 1.060621 3.702952 -2.858750
v 1.078308 3.702952 -2.876436
v 1.042935 3.685266 -4.292199
v 1.060621 3.685266 -4.274512
v 1.078308 3.702952 -4.292199
v 1.060621 3.702952 -4.309885
v 1.042935 3.536935 -2.876436
v 1.060621 3.536935 -2.894123
v -0.584729 3.536935 -2.894123
v -0.567043 3.536935 -2.876436
v -0.567043 3.685266 -2.876436
v -0.584729 3.685266 -2.894123
v -0.602416 3.702952 -2.876436
v -0.584729 3.702952 -2.858750
v -0.584729 3.685266 -4.274512
v -0.567043 3.685266 -4.292199
v -0.584729 3.702952 -4.309885
v -0.602416 3.702952 -4.292199
v -0.567043 3.536935 -4.292199
v -0.584729 3.536935 -4.274512
v 1.060621 3.536935 -4.274512
v 1.042935 3.536935 -4.292199
v 2.290505 3.706904 4.851642
v -1.814613 3.706904 4.851642
v -0.584729 3.702952 2.874985
v -0.602416 3.702952 2.892671
v -0.602416 3.702952 4.308433
v -0.584729 3.702952 4.326119
v 1.078308 3.702952 2.892671
v 1.060621 3.702952 2.874985
v 1.060621 3.702952 4.326119
v 1.078308 3.702952 4.308432
v 2.291218 3.516982 4.852354
v -1.815326 3.516982 4.852355
v -1.815894 3.708185 2.387904
v 2.291785 3.708185 2.387904
v 1.174876 3.710263 2.775720
v 1.174876 3.710263 4.373640
v -0.698984 3.710263 2.775720
v -0.698984 3.710263 4.373639
v -0.574742 3.695252 2.884971
v -0.596391 3.707752 2.863322
v -0.614077 3.707752 2.881009
v -0.594716 3.702952 2.882684
v -0.592429 3.695252 2.902658
v -0.592429 3.695252 4.298446
v -0.614077 3.707752 4.320096
v -0.596391 3.707752 4.337780
v -0.594716 3.702952 4.318420
v -0.574742 3.695252 4.316133
v -0.592429 3.526948 2.902658
v -0.574742 3.526948 2.884971
v 1.050635 3.526948 2.884971
v 1.068321 3.526948 2.902658
v 1.068321 3.695252 2.902658
v 1.089970 3.707752 2.881009
v 1.072283 3.707752 2.863322
v 1.070608 3.702952 2.882684
v 1.050635 3.695252 2.884971
v 1.050635 3.695252 4.316133
v 1.072283 3.707752 4.337780
v 1.089970 3.707752 4.320096
v 1.070608 3.702952 4.318420
v 1.068321 3.695252 4.298446
v 1.068321 3.526948 4.298446
v 1.050635 3.526948 4.316133
v -0.574742 3.526948 4.316133
v -0.592429 3.526948 4.298446
v -1.815326 3.516981 -4.832906
v 2.291218 3.516981 -4.832906
v 2.291785 3.708184 -2.374301
v -0.698984 3.710263 -2.759487
v -0.698984 3.710263 -4.357406
v 1.174876 3.710263 -2.759487
v 1.174876 3.710263 -4.357406
v 1.052922 3.685266 -2.884136
v 1.050635 3.695252 -2.868737
v 1.072283 3.707751 -2.847089
v 1.089970 3.707751 -2.864775
v 1.070608 3.702952 -2.866449
v 1.068321 3.695252 -2.886423
v 1.052922 3.685266 -4.284499
v 1.068321 3.695252 -4.282212
v 1.089970 3.707751 -4.303861
v 1.072283 3.707751 -4.321548
v 1.070608 3.702952 -4.302187
v 1.050635 3.695252 -4.299900
v 1.052922 3.536935 -2.884136
v -0.577030 3.536935 -2.884136
v -0.577030 3.685266 -2.884136
v -0.592429 3.695252 -2.886423
v -0.614077 3.707751 -2.864775
v -0.596391 3.707751 -2.847089
v -0.594716 3.702952 -2.866449
v -0.574742 3.695252 -2.868737
v -0.577030 3.685266 -4.284499
v -0.574742 3.695252 -4.299898
v -0.596391 3.707751 -4.321548
v -0.614077 3.707751 -4.303861
v -0.594716 3.702952 -4.302187
v -0.592429 3.695252 -4.282212
v -0.577030 3.536935 -4.284499
v 1.052922 3.536935 -4.284499
v 2.293463 3.516569 -2.374301
v -0.951805 3.711100 -2.374303
v 1.427697 3.711100 -2.374303
v 1.082270 3.707751 -2.854789
v 1.060621 3.695252 -2.876436
v 1.082270 3.707751 -4.313848
v 1.060621 3.695252 -4.292199
v -0.606378 3.707751 -2.854789
v -0.584729 3.695252 -2.876436
v -0.606378 3.707751 -4.313848
v -0.584729 3.695252 -4.292199
v -1.817570 3.516569 2.387903
v 2.293463 3.516569 2.387903
v 1.427697 3.711100 2.387904
v -0.951805 3.711100 2.387904
v -0.606378 3.707751 2.871022
v -0.584729 3.695252 2.892671
v -0.606378 3.707751 4.330081
v -0.584729 3.695252 4.308432
v -0.584729 3.526948 2.892671
v 1.060621 3.526948 2.892671
v 1.082270 3.707751 2.871022
v 1.060621 3.695252 2.892671
v 1.082270 3.707751 4.330081
v 1.060621 3.695252 4.308433
v 1.060621 3.526948 4.308432
v -0.584729 3.526948 4.308433
v -1.815894 3.708184 -2.374305
v -1.817570 3.516569 -2.374305
v 1.946333 3.516604 -1.971965
v 1.944468 3.516947 -4.423910
v -1.468576 3.516947 -4.423910
v -1.468576 3.516947 4.440144
v -1.470441 3.516604 1.986012
v -1.470441 3.516604 -1.971968
v 1.946333 3.516604 1.986012
v 1.944468 3.516947 4.440143
v -1.617436 2.808405 -2.451217
v -1.563269 2.808405 -2.451217
v -1.617436 3.304322 -2.451217
v -1.563269 3.304322 -2.451217
v -1.617436 3.304322 -1.675147
v -1.563269 3.304322 -1.675147
v -1.617436 2.808405 -1.675147
v -1.563269 2.808405 -1.675147
v -1.421492 3.505711 4.312669
v -1.613099 3.505711 4.312669
v -1.421492 3.314103 4.312669
v -1.613099 3.314103 4.312669
v -1.421492 3.314103 -4.281105
v -1.613099 3.314103 -4.281105
v -1.421492 3.505710 -4.281105
v -1.613099 3.505710 -4.281105
v 0.273424 4.006052 -2.344667
v 0.202621 4.006054 -2.344667
v 0.273421 3.808789 -2.344667
v 0.202618 3.808792 -2.344667
v 0.273668 3.808605 -2.362978
v 0.202374 3.808605 -2.362978
v 0.273668 4.006238 -2.362978
v 0.202374 4.006238 -2.362978
v 0.265088 3.998285 -2.341096
v 0.210946 3.998285 -2.341096
v 0.265088 3.815541 -2.341096
v 0.210946 3.815541 -2.341096
v 0.265088 3.815541 -2.346753
v 0.210946 3.815541 -2.346753
v 0.265088 3.998285 -2.346753
v 0.210946 3.998285 -2.346753
v 0.794153 2.721922 -4.439474
v 1.988891 2.721922 -4.439474
v 1.988755 2.719679 -4.486334
v 0.794290 2.714114 -4.486334
v 0.794427 2.798606 -4.431988
v 0.794427 2.713506 -4.431988
v 1.988618 2.713506 -4.431988
v 1.988618 2.798606 -4.431988
v 0.794153 2.791070 -4.439782
v 1.988891 2.791070 -4.439782
v 1.988891 2.791070 -4.484905
v 0.794153 2.791070 -4.484905
v 1.988618 2.798606 -4.492477
v 0.794427 2.798606 -4.492477
v 0.794427 2.757334 -4.485796
v 1.988618 2.757334 -4.485796
v 1.988618 2.757334 -4.492477
v 0.794427 2.757334 -4.492477
v 1.988618 2.713506 -4.486197
v 0.794427 2.720287 -4.486197
v 0.794630 2.712468 -4.488660
v 0.794630 2.712468 -4.434493
v 0.794630 0.996505 -4.488660
v 0.794630 0.996505 -4.434493
v 1.988899 0.996505 -4.488660
v 1.988899 0.996505 -4.434493
v 1.988899 2.712468 -4.488660
v 1.988899 2.712468 -4.434493
v 1.989090 0.996315 -4.434941
v -0.408181 2.712468 -4.488660
v -0.408181 2.712468 -4.434493
v -0.408181 0.996505 -4.488660
v -0.408181 0.996505 -4.434493
v 0.786088 0.996505 -4.488660
v 0.786088 0.996505 -4.434493
v 0.786088 2.712468 -4.488660
v 0.786088 2.712468 -4.434493
v 0.786279 0.996315 -4.434941
v -0.408749 2.721922 -4.439474
v 0.785989 2.721922 -4.439474
v 0.785852 2.719679 -4.486334
v -0.408612 2.714114 -4.486334
v -0.408475 2.798606 -4.431988
v -0.408475 2.713506 -4.431988
v 0.785715 2.713506 -4.431988
v 0.785715 2.798606 -4.431988
v -0.408749 2.791070 -4.439782
v 0.785989 2.791070 -4.439782
v 0.785989 2.791070 -4.484905
v -0.408749 2.791070 -4.484905
v 0.785715 2.798606 -4.492477
v -0.408475 2.798606 -4.492477
v -0.408475 2.757334 -4.485796
v 0.785715 2.757334 -4.485796
v 0.785715 2.757334 -4.492477
v -0.408475 2.757334 -4.492477
v 0.785715 2.713506 -4.486197
v -0.408475 2.720287 -4.486197
v -1.631130 3.302698 -2.662538
v -1.425763 3.302698 -2.662538
v -1.631130 0.621068 -2.662538
v -1.425763 0.621068 -2.662538
v -1.631130 0.621068 -2.457171
v -1.425763 0.621068 -2.457171
v -1.631130 3.302698 -2.457171
v -1.425763 3.302698 -2.457171
v -1.631130 1.028062 -2.662538
v -1.425763 1.028062 -2.662538
v -1.425763 1.028062 -2.457170
v -1.631130 1.028062 -2.457170
v -1.617436 2.808405 -1.671422
v -1.563269 2.808405 -1.671422
v -1.617436 3.304322 -1.671422
v -1.563269 3.304322 -1.671422
v -1.617436 3.304322 -0.895352
v -1.563269 3.304322 -0.895352
v -1.617436 2.808406 -0.895352
v -1.563269 2.808406 -0.895352
v -1.555169 2.721923 -0.894812
v -1.555169 2.721922 -1.671124
v -1.602029 2.719679 -1.670988
v -1.602029 2.714114 -0.894949
v -1.547683 2.798607 -0.895086
v -1.547683 2.713506 -0.895086
v -1.547683 2.713506 -1.670851
v -1.547683 2.798606 -1.670851
v -1.555477 2.791070 -0.894812
v -1.555477 2.791070 -1.671124
v -1.600601 2.791070 -1.671124
v -1.600601 2.791070 -0.894812
v -1.608172 2.798606 -1.670851
v -1.608172 2.798607 -0.895086
v -1.601491 2.757335 -0.895086
v -1.601491 2.757334 -1.670851
v -1.608172 2.757334 -1.670851
v -1.608172 2.757335 -0.895086
v -1.601893 2.713506 -1.670851
v -1.601893 2.720287 -0.895086
v -1.608446 2.757061 -1.261861
v -1.617366 3.304244 0.924667
v -1.563199 3.304244 0.924667
v -1.617366 2.808327 0.924667
v -1.563199 2.808327 0.924667
v -1.617366 2.808327 0.014265
v -1.563199 2.808327 0.014265
v -1.617366 3.304244 0.014265
v -1.563199 3.304244 0.014265
v -1.617436 2.808406 1.704826
v -1.563269 2.808406 1.704826
v -1.617436 3.304322 1.704826
v -1.563269 3.304322 1.704826
v -1.617436 3.304322 2.480896
v -1.563269 3.304322 2.480896
v -1.617436 2.808406 2.480896
v -1.563269 2.808406 2.480896
v -1.617436 2.808406 0.925032
v -1.563269 2.808406 0.925032
v -1.617436 3.304322 0.925032
v -1.563269 3.304322 0.925032
v -1.617436 3.304322 1.701101
v -1.563269 3.304322 1.701101
v -1.617436 2.808406 1.701101
v -1.563269 2.808406 1.701101
v -1.555169 2.721923 2.482454
v -1.555169 2.721923 1.706142
v -1.602029 2.719680 1.706279
v -1.602029 2.714114 2.482317
v -1.547683 2.798607 2.482180
v -1.547683 2.713507 2.482180
v -1.547683 2.713507 1.706416
v -1.547683 2.798607 1.706416
v -1.555477 2.791071 2.482454
v -1.555477 2.791071 1.706142
v -1.600601 2.791071 1.706142
v -1.600601 2.791071 2.482454
v -1.608172 2.798607 1.706416
v -1.608172 2.798607 2.482180
v -1.601491 2.757335 2.482180
v -1.601491 2.757335 1.706416
v -1.608172 2.757335 1.706416
v -1.608172 2.757335 2.482180
v -1.601893 2.713507 1.706416
v -1.601893 2.720287 2.482180
v -1.608446 2.757061 2.115406
v -1.555169 2.721923 1.704235
v -1.555169 2.721923 0.927924
v -1.602029 2.719679 0.928060
v -1.602029 2.714114 1.704098
v -1.547683 2.798607 1.703961
v -1.547683 2.713507 1.703961
v -1.547683 2.713506 0.928197
v -1.547683 2.798607 0.928197
v -1.555477 2.791071 1.704235
v -1.555477 2.791070 0.927924
v -1.600601 2.791070 0.927924
v -1.600601 2.791071 1.704235
v -1.608172 2.798607 0.928197
v -1.608172 2.798607 1.703961
v -1.601491 2.757335 1.703961
v -1.601491 2.757335 0.928197
v -1.608172 2.757335 0.928197
v -1.608172 2.757335 1.703961
v -1.601893 2.713506 0.928197
v -1.601893 2.720287 1.703961
v -1.608446 2.757061 1.337187
v -1.602142 0.996506 -1.670467
v -1.547975 0.996506 -1.670467
v -1.602142 2.712468 -1.670467
v -1.547975 2.712468 -1.670467
v -1.602142 2.712468 -0.894398
v -1.547975 2.712468 -0.894398
v -1.602142 0.996506 -0.894398
v -1.547975 0.996506 -0.894398
v -1.602142 0.996506 0.926932
v -1.547975 0.996506 0.926932
v -1.602142 2.712468 0.926932
v -1.547975 2.712468 0.926932
v -1.602142 2.712468 1.703001
v -1.547975 2.712468 1.703001
v -1.602142 0.996506 1.703001
v -1.547975 0.996506 1.703001
v -1.602142 0.996506 1.706922
v -1.547975 0.996506 1.706922
v -1.602142 2.712468 1.706922
v -1.547975 2.712468 1.706922
v -1.602142 2.712468 2.482992
v -1.547975 2.712468 2.482992
v -1.602142 0.996506 2.482992
v -1.547975 0.996506 2.482992
v -1.542643 2.810769 4.461784
v -1.590655 2.810769 4.461784
v -1.542643 3.303093 4.461784
v -1.590655 3.303093 4.461784
v -1.542643 3.303093 2.913563
v -1.590655 3.303093 2.913563
v -1.542643 2.810769 2.913563
v -1.590655 2.810769 2.913563
v -1.601372 3.313121 4.322292
v -1.601372 3.313121 4.513898
v -1.601372 3.504728 4.322292
v -1.601372 3.504728 4.513898
v 1.989571 3.504728 4.322292
v 1.989571 3.504728 4.513898
v 1.989571 3.313121 4.322292
v 1.989571 3.313121 4.513898
v 1.989176 3.302698 -2.663251
v 1.783810 3.302698 -2.663251
v 1.989176 0.621068 -2.663251
v 1.783810 0.621068 -2.663251
v 1.989177 0.621068 -2.868618
v 1.783810 0.621068 -2.868618
v 1.989176 3.302698 -2.868618
v 1.783810 3.302698 -2.868618
v 1.989176 1.028062 -2.663251
v 1.783810 1.028062 -2.663251
v 1.783810 1.028062 -2.868619
v 1.989177 1.028062 -2.868619
v 1.989176 3.302698 -2.452151
v 1.783810 3.302698 -2.452151
v 1.989176 0.621068 -2.452151
v 1.783810 0.621068 -2.452151
v 1.989177 0.621068 -2.657517
v 1.783810 0.621068 -2.657517
v 1.989176 3.302698 -2.657517
v 1.783810 3.302698 -2.657517
v 1.989176 1.028062 -2.452151
v 1.783810 1.028062 -2.452151
v 1.783810 1.028062 -2.657519
v 1.989177 1.028062 -2.657519
v 1.782694 0.617626 -2.449724
v 1.988031 0.617626 -2.449723
v 1.782435 0.618321 -4.331840
v 1.988312 0.618331 -4.331829
v 1.782438 0.504031 -4.432239
v 1.782470 0.397949 -4.431712
v 1.988289 0.504031 -4.432239
v 1.781240 0.504789 -2.449724
v 1.988257 0.397949 -4.431712
v 1.782694 0.398185 -2.449724
v 1.786202 0.396732 -2.449724
v 1.989484 0.504789 -2.449724
v 1.988031 0.398185 -2.449724
v 1.944077 0.215104 -4.360022
v 1.930023 0.215247 -4.381164
v 1.908950 0.215417 -4.395320
v 1.884061 0.215578 -4.400333
v 1.859151 0.215720 -4.395440
v 1.838004 0.215805 -4.381387
v 1.823851 0.215830 -4.360312
v 1.818838 0.215792 -4.335423
v 1.823726 0.215693 -4.310512
v 1.837783 0.215552 -4.289368
v 1.858858 0.215380 -4.275213
v 1.883745 0.215219 -4.270200
v 1.908654 0.215080 -4.275093
v 1.929800 0.214991 -4.289146
v 1.943952 0.214964 -4.310222
v 1.948972 0.215004 -4.335110
v 1.944124 0.222529 -4.360000
v 1.930070 0.222669 -4.381143
v 1.908996 0.222841 -4.395298
v 1.884105 0.223004 -4.400311
v 1.859197 0.223141 -4.395419
v 1.838050 0.223233 -4.381365
v 1.823898 0.223257 -4.360290
v 1.818884 0.223218 -4.335402
v 1.823773 0.223117 -4.310491
v 1.837830 0.222974 -4.289347
v 1.858905 0.222804 -4.275192
v 1.883789 0.222643 -4.270179
v 1.908699 0.222505 -4.275072
v 1.929849 0.222424 -4.289125
v 1.943999 0.222394 -4.310200
v 1.949018 0.222432 -4.335088
v 1.911006 0.235222 -4.346375
v 1.904684 0.235286 -4.355881
v 1.895212 0.235362 -4.362246
v 1.884019 0.235435 -4.364500
v 1.872821 0.235497 -4.362300
v 1.863314 0.236699 -4.355981
v 1.856953 0.236711 -4.346506
v 1.854692 0.236694 -4.335315
v 1.856895 0.235487 -4.324114
v 1.863211 0.235418 -4.314608
v 1.872690 0.235347 -4.308243
v 1.883879 0.235272 -4.305989
v 1.895081 0.235214 -4.308189
v 1.904587 0.235168 -4.314508
v 1.910952 0.235159 -4.323984
v 1.913206 0.235177 -4.335174
v 1.894272 0.264558 -4.339490
v 1.891859 0.264586 -4.343116
v 1.888245 0.264617 -4.345545
v 1.883976 0.264648 -4.346405
v 1.879706 0.264673 -4.345565
v 1.876077 0.264689 -4.343155
v 1.873649 0.264696 -4.339540
v 1.872790 0.264690 -4.335271
v 1.873630 0.264669 -4.330999
v 1.876039 0.264642 -4.327373
v 1.879657 0.264610 -4.324945
v 1.883921 0.264580 -4.324085
v 1.888195 0.264552 -4.324924
v 1.891822 0.264537 -4.327334
v 1.894250 0.264530 -4.330949
v 1.895110 0.264536 -4.335217
v 1.894271 0.410820 -4.339490
v 1.891859 0.410848 -4.343116
v 1.888246 0.410880 -4.345545
v 1.883976 0.410911 -4.346405
v 1.879707 0.410935 -4.345565
v 1.876077 0.410953 -4.343155
v 1.873649 0.410958 -4.339540
v 1.872791 0.410952 -4.335271
v 1.873630 0.410931 -4.330999
v 1.876039 0.410905 -4.327373
v 1.879656 0.410873 -4.324945
v 1.883921 0.410842 -4.324085
v 1.888195 0.410814 -4.324924
v 1.891823 0.410799 -4.327334
v 1.894250 0.410793 -4.330949
v 1.895110 0.410799 -4.335217
v 1.894272 0.279432 -4.339490
v 1.891859 0.279459 -4.343117
v 1.888245 0.279491 -4.345545
v 1.883976 0.279522 -4.346405
v 1.879706 0.279547 -4.345565
v 1.876077 0.279563 -4.343155
v 1.873649 0.279570 -4.339540
v 1.872790 0.279564 -4.335271
v 1.873630 0.279543 -4.330999
v 1.876039 0.279516 -4.327373
v 1.879657 0.279484 -4.324945
v 1.883921 0.279454 -4.324085
v 1.888195 0.279426 -4.324924
v 1.891822 0.279411 -4.327334
v 1.894250 0.279404 -4.330949
v 1.895110 0.279410 -4.335217
v 1.894271 0.290762 -4.339490
v 1.891859 0.290789 -4.343117
v 1.888246 0.290821 -4.345545
v 1.883976 0.290852 -4.346405
v 1.879706 0.290876 -4.345565
v 1.876077 0.290893 -4.343155
v 1.873648 0.290900 -4.339540
v 1.872790 0.290893 -4.335271
v 1.873630 0.290873 -4.330999
v 1.876039 0.290846 -4.327373
v 1.879657 0.290814 -4.324945
v 1.883921 0.290783 -4.324085
v 1.888195 0.290756 -4.324924
v 1.891822 0.290740 -4.327334
v 1.894250 0.290734 -4.330949
v 1.895110 0.290740 -4.335217
v 1.894271 0.300023 -4.339490
v 1.891859 0.300051 -4.343117
v 1.888246 0.300083 -4.345545
v 1.883976 0.300113 -4.346405
v 1.879706 0.300138 -4.345565
v 1.876077 0.300155 -4.343155
v 1.873648 0.300161 -4.339540
v 1.872790 0.300155 -4.335271
v 1.873630 0.300135 -4.330999
v 1.876039 0.300107 -4.327373
v 1.879657 0.300076 -4.324945
v 1.883921 0.300045 -4.324085
v 1.888195 0.300018 -4.324924
v 1.891822 0.300002 -4.327334
v 1.894250 0.299996 -4.330949
v 1.895110 0.300002 -4.335217
v 1.894271 0.310571 -4.339490
v 1.891859 0.310599 -4.343117
v 1.888246 0.310631 -4.345545
v 1.883976 0.310661 -4.346405
v 1.879706 0.310686 -4.345565
v 1.876077 0.310703 -4.343155
v 1.873648 0.310709 -4.339540
v 1.872790 0.310703 -4.335271
v 1.873630 0.310683 -4.330999
v 1.876039 0.310655 -4.327373
v 1.879657 0.310624 -4.324945
v 1.883921 0.310593 -4.324085
v 1.888195 0.310566 -4.324924
v 1.891822 0.310550 -4.327334
v 1.894250 0.310544 -4.330949
v 1.895110 0.310550 -4.335217
v 1.894271 0.321437 -4.339490
v 1.891859 0.321464 -4.343117
v 1.888246 0.321496 -4.345545
v 1.883976 0.321527 -4.346405
v 1.879706 0.321552 -4.345565
v 1.876077 0.321568 -4.343155
v 1.873648 0.321575 -4.339540
v 1.872790 0.321568 -4.335271
v 1.873630 0.321548 -4.330999
v 1.876039 0.321521 -4.327373
v 1.879657 0.321489 -4.324945
v 1.883921 0.321458 -4.324085
v 1.888195 0.321431 -4.324924
v 1.891822 0.321415 -4.327334
v 1.894250 0.321409 -4.330949
v 1.895110 0.321415 -4.335217
v 1.894271 0.330506 -4.339490
v 1.891859 0.330533 -4.343117
v 1.888246 0.330565 -4.345545
v 1.883976 0.330596 -4.346405
v 1.879706 0.330621 -4.345565
v 1.876077 0.330638 -4.343155
v 1.873648 0.330644 -4.339540
v 1.872790 0.330637 -4.335271
v 1.873630 0.330617 -4.330999
v 1.876039 0.330590 -4.327373
v 1.879657 0.330558 -4.324945
v 1.883921 0.330528 -4.324085
v 1.888195 0.330500 -4.324924
v 1.891823 0.330484 -4.327334
v 1.894250 0.330479 -4.330949
v 1.895110 0.330484 -4.335217
v 1.894271 0.340801 -4.339490
v 1.891859 0.340828 -4.343117
v 1.888246 0.340860 -4.345545
v 1.883976 0.340891 -4.346405
v 1.879706 0.340916 -4.345565
v 1.876077 0.340933 -4.343155
v 1.873649 0.340939 -4.339540
v 1.872790 0.340932 -4.335271
v 1.873630 0.340912 -4.330999
v 1.876039 0.340885 -4.327373
v 1.879657 0.340853 -4.324945
v 1.883921 0.340822 -4.324085
v 1.888195 0.340795 -4.324924
v 1.891823 0.340779 -4.327334
v 1.894250 0.340773 -4.330949
v 1.895110 0.340779 -4.335218
v 1.894271 0.351565 -4.339490
v 1.891859 0.351592 -4.343117
v 1.888246 0.351624 -4.345545
v 1.883976 0.351655 -4.346405
v 1.879706 0.351679 -4.345565
v 1.876077 0.351697 -4.343154
v 1.873649 0.351703 -4.339540
v 1.872790 0.351696 -4.335271
v 1.873630 0.351676 -4.330999
v 1.876039 0.351649 -4.327373
v 1.879657 0.351617 -4.324945
v 1.883921 0.351586 -4.324085
v 1.888195 0.351559 -4.324924
v 1.891823 0.351543 -4.327334
v 1.894250 0.351537 -4.330949
v 1.895110 0.351543 -4.335218
v 1.894271 0.361680 -4.339490
v 1.891859 0.361707 -4.343117
v 1.888246 0.361739 -4.345545
v 1.883976 0.361770 -4.346405
v 1.879706 0.361795 -4.345565
v 1.876077 0.361812 -4.343154
v 1.873648 0.361818 -4.339540
v 1.872791 0.361811 -4.335271
v 1.873630 0.361791 -4.330999
v 1.876039 0.361764 -4.327373
v 1.879657 0.361733 -4.324945
v 1.883921 0.361702 -4.324085
v 1.888195 0.361674 -4.324924
v 1.891823 0.361658 -4.327334
v 1.894250 0.361653 -4.330949
v 1.895110 0.361659 -4.335218
v 1.894272 0.372858 -4.339490
v 1.891859 0.372886 -4.343116
v 1.888246 0.372918 -4.345545
v 1.883976 0.372949 -4.346405
v 1.879706 0.372973 -4.345565
v 1.876077 0.372991 -4.343154
v 1.873649 0.372996 -4.339540
v 1.872791 0.372990 -4.335271
v 1.873630 0.372970 -4.330999
v 1.876039 0.372943 -4.327373
v 1.879657 0.372911 -4.324944
v 1.883921 0.372880 -4.324085
v 1.888195 0.372853 -4.324924
v 1.891823 0.372837 -4.327334
v 1.894250 0.372831 -4.330949
v 1.895110 0.372837 -4.335217
v 1.798660 3.505710 -4.281105
v 1.990267 3.505710 -4.281105
v 1.798660 3.314103 -4.281105
v 1.990267 3.314103 -4.281105
v 1.798660 3.314103 4.312669
v 1.990267 3.314103 4.312669
v 1.798660 3.505711 4.312669
v 1.990267 3.505711 4.312669
v 1.192269 0.567151 -2.129809
v 1.189349 0.567190 -2.134197
v 1.184976 0.567235 -2.137136
v 1.179809 0.567278 -2.138176
v 1.174642 0.567313 -2.137161
v 1.170251 0.567337 -2.134244
v 1.167312 0.567346 -2.129870
v 1.166273 0.567337 -2.124704
v 1.167290 0.567309 -2.119533
v 1.170205 0.567269 -2.115145
v 1.174583 0.567225 -2.112207
v 1.179743 0.567182 -2.111167
v 1.184915 0.567143 -2.112182
v 1.189304 0.567121 -2.115099
v 1.192243 0.567112 -2.119473
v 1.193282 0.567120 -2.124639
v 1.192268 0.817525 -2.129809
v 1.189349 0.817564 -2.134197
v 1.184976 0.817609 -2.137136
v 1.179809 0.817654 -2.138176
v 1.174643 0.817688 -2.137161
v 1.170251 0.817713 -2.134244
v 1.167312 0.817720 -2.129870
v 1.166274 0.817711 -2.124704
v 1.167289 0.817683 -2.119533
v 1.170205 0.817645 -2.115145
v 1.174582 0.817600 -2.112207
v 1.179743 0.817556 -2.111167
v 1.184914 0.817517 -2.112182
v 1.189305 0.817495 -2.115099
v 1.192243 0.817487 -2.119473
v 1.193282 0.817496 -2.124639
v 1.192268 0.690173 -2.129809
v 1.189349 0.690211 -2.134197
v 1.184976 0.690257 -2.137136
v 1.179809 0.690300 -2.138176
v 1.174643 0.690335 -2.137161
v 1.170251 0.690359 -2.134244
v 1.167312 0.690368 -2.129870
v 1.166273 0.690359 -2.124704
v 1.167290 0.690330 -2.119533
v 1.170205 0.690292 -2.115145
v 1.174583 0.690247 -2.112207
v 1.179743 0.690203 -2.111167
v 1.184915 0.690164 -2.112182
v 1.189304 0.690142 -2.115099
v 1.192243 0.690134 -2.119473
v 1.193282 0.690142 -2.124639
v 1.192268 0.675658 -2.129809
v 1.189349 0.675697 -2.134197
v 1.184976 0.675742 -2.137136
v 1.179809 0.675786 -2.138176
v 1.174643 0.675821 -2.137161
v 1.170251 0.675844 -2.134244
v 1.167312 0.675853 -2.129870
v 1.166273 0.675844 -2.124704
v 1.167290 0.675816 -2.119533
v 1.170205 0.675777 -2.115145
v 1.174583 0.675732 -2.112207
v 1.179743 0.675689 -2.111167
v 1.184915 0.675650 -2.112182
v 1.189304 0.675628 -2.115099
v 1.192243 0.675619 -2.119473
v 1.193282 0.675628 -2.124639
v 1.192268 0.664698 -2.129809
v 1.189349 0.664737 -2.134197
v 1.184976 0.664782 -2.137136
v 1.179809 0.664825 -2.138176
v 1.174643 0.664860 -2.137161
v 1.170251 0.664884 -2.134244
v 1.167312 0.664893 -2.129870
v 1.166273 0.664884 -2.124704
v 1.167290 0.664855 -2.119533
v 1.170205 0.664817 -2.115145
v 1.174583 0.664772 -2.112207
v 1.179743 0.664729 -2.111167
v 1.184915 0.664690 -2.112182
v 1.189304 0.664667 -2.115099
v 1.192243 0.664659 -2.119473
v 1.193282 0.664668 -2.124639
v 1.192268 0.652928 -2.129809
v 1.189349 0.652967 -2.134197
v 1.184976 0.653012 -2.137136
v 1.179809 0.653055 -2.138176
v 1.174643 0.653090 -2.137161
v 1.170251 0.653114 -2.134244
v 1.167312 0.653123 -2.129870
v 1.166273 0.653114 -2.124704
v 1.167290 0.653085 -2.119533
v 1.170205 0.653047 -2.115145
v 1.174583 0.653002 -2.112207
v 1.179743 0.652958 -2.111167
v 1.184915 0.652919 -2.112182
v 1.189304 0.652897 -2.115099
v 1.192243 0.652889 -2.119473
v 1.193282 0.652897 -2.124639
v 1.192268 0.639282 -2.129809
v 1.189349 0.639321 -2.134197
v 1.184976 0.639366 -2.137136
v 1.179809 0.639409 -2.138176
v 1.174643 0.639444 -2.137161
v 1.170251 0.639468 -2.134244
v 1.167312 0.639477 -2.129870
v 1.166273 0.639468 -2.124704
v 1.167290 0.639439 -2.119533
v 1.170205 0.639401 -2.115145
v 1.174583 0.639356 -2.112207
v 1.179743 0.639313 -2.111167
v 1.184915 0.639274 -2.112182
v 1.189304 0.639251 -2.115099
v 1.192243 0.639243 -2.119473
v 1.193282 0.639251 -2.124639
v 1.192268 0.628197 -2.129809
v 1.189349 0.628236 -2.134197
v 1.184976 0.628281 -2.137136
v 1.179809 0.628324 -2.138176
v 1.174643 0.628359 -2.137161
v 1.170251 0.628383 -2.134244
v 1.167312 0.628392 -2.129870
v 1.166273 0.628383 -2.124704
v 1.167290 0.628355 -2.119533
v 1.170205 0.628316 -2.115145
v 1.174583 0.628271 -2.112207
v 1.179743 0.628228 -2.111167
v 1.184915 0.628189 -2.112182
v 1.189304 0.628167 -2.115099
v 1.192243 0.628158 -2.119473
v 1.193282 0.628167 -2.124639
v 1.192268 0.615560 -2.129809
v 1.189349 0.615599 -2.134197
v 1.184976 0.615644 -2.137136
v 1.179809 0.615687 -2.138176
v 1.174643 0.615723 -2.137161
v 1.170251 0.615746 -2.134244
v 1.167312 0.615756 -2.129870
v 1.166273 0.615746 -2.124704
v 1.167290 0.615718 -2.119533
v 1.170205 0.615679 -2.115145
v 1.174583 0.615634 -2.112207
v 1.179743 0.615591 -2.111167
v 1.184915 0.615552 -2.112182
v 1.189304 0.615530 -2.115099
v 1.192243 0.615521 -2.119473
v 1.193282 0.615530 -2.124639
v 1.192268 0.603973 -2.129809
v 1.189349 0.604012 -2.134197
v 1.184976 0.604057 -2.137136
v 1.179809 0.604100 -2.138176
v 1.174643 0.604135 -2.137161
v 1.170251 0.604159 -2.134244
v 1.167312 0.604168 -2.129870
v 1.166273 0.604159 -2.124704
v 1.167290 0.604130 -2.119533
v 1.170205 0.604091 -2.115145
v 1.174583 0.604047 -2.112207
v 1.179743 0.604003 -2.111167
v 1.184915 0.603965 -2.112182
v 1.189304 0.603942 -2.115099
v 1.192243 0.603934 -2.119473
v 1.193282 0.603942 -2.124639
v 1.192268 0.592369 -2.129809
v 1.189349 0.592408 -2.134197
v 1.184976 0.592453 -2.137136
v 1.179809 0.592496 -2.138176
v 1.174643 0.592531 -2.137161
v 1.170251 0.592555 -2.134244
v 1.167312 0.592564 -2.129870
v 1.166273 0.592555 -2.124704
v 1.167290 0.592526 -2.119533
v 1.170205 0.592487 -2.115145
v 1.174583 0.592443 -2.112207
v 1.179743 0.592399 -2.111167
v 1.184915 0.592361 -2.112182
v 1.189304 0.592338 -2.115099
v 1.192243 0.592330 -2.119473
v 1.193282 0.592338 -2.124639
v 1.192269 0.580773 -2.129809
v 1.189349 0.580812 -2.134197
v 1.184976 0.580857 -2.137136
v 1.179809 0.580900 -2.138176
v 1.174643 0.580935 -2.137161
v 1.170251 0.580959 -2.134244
v 1.167312 0.580968 -2.129870
v 1.166273 0.580959 -2.124704
v 1.167290 0.580931 -2.119533
v 1.170205 0.580891 -2.115145
v 1.174583 0.580847 -2.112207
v 1.179743 0.580804 -2.111167
v 1.184915 0.580765 -2.112182
v 1.189304 0.580743 -2.115099
v 1.192243 0.580734 -2.119473
v 1.193282 0.580742 -2.124639
v 1.287922 0.989696 -3.835362
v 1.090946 0.795684 -3.835274
v 1.071419 0.795685 3.821916
v 1.071419 0.992126 3.821916
v 1.090946 0.992123 -3.835272
v 1.287378 0.795680 -3.834818
v 1.267846 0.795687 3.822374
v 1.287375 0.992125 -3.834816
v 1.267848 0.992124 3.822371
v 1.814672 0.593069 2.336795
v 1.814682 0.593060 2.130918
v 1.915082 0.478769 2.336772
v 1.914555 0.372688 2.336740
v 1.915082 0.478769 2.130920
v 1.911070 0.371913 2.130167
v 1.914555 0.372688 2.130953
v -1.450171 0.593069 2.130897
v -1.450181 0.593060 2.336775
v -1.550581 0.478769 2.130920
v -1.550054 0.372688 2.130952
v -1.550581 0.478769 2.336771
v -1.550054 0.372688 2.336739
v -0.792469 0.567152 2.220575
v -0.795388 0.567190 2.216187
v -0.799761 0.567236 2.213249
v -0.804928 0.567278 2.212209
v -0.810095 0.567314 2.213224
v -0.814486 0.567337 2.216141
v -0.817425 0.567347 2.220515
v -0.818464 0.567338 2.225680
v -0.817447 0.567309 2.230851
v -0.814533 0.567270 2.235239
v -0.810154 0.567225 2.238178
v -0.804995 0.567182 2.239218
v -0.799822 0.567143 2.238202
v -0.795433 0.567121 2.235285
v -0.792495 0.567112 2.230911
v -0.791455 0.567121 2.225746
v -0.792469 0.817526 2.220575
v -0.795388 0.817564 2.216187
v -0.799761 0.817610 2.213249
v -0.804928 0.817654 2.212208
v -0.810094 0.817689 2.213224
v -0.814486 0.817713 2.216141
v -0.817425 0.817721 2.220515
v -0.818464 0.817712 2.225680
v -0.817448 0.817683 2.230851
v -0.814533 0.817645 2.235239
v -0.810155 0.817600 2.238177
v -0.804994 0.817556 2.239218
v -0.799823 0.817517 2.238202
v -0.795432 0.817495 2.235285
v -0.792495 0.817488 2.230911
v -0.791455 0.817496 2.225746
v -0.792469 0.690173 2.220575
v -0.795388 0.690212 2.216187
v -0.799761 0.690257 2.213249
v -0.804928 0.690301 2.212209
v -0.810094 0.690336 2.213224
v -0.814486 0.690360 2.216141
v -0.817425 0.690368 2.220515
v -0.818464 0.690359 2.225680
v -0.817447 0.690331 2.230851
v -0.814533 0.690292 2.235239
v -0.810155 0.690247 2.238178
v -0.804994 0.690204 2.239218
v -0.799822 0.690165 2.238202
v -0.795433 0.690143 2.235285
v -0.792495 0.690135 2.230911
v -0.791455 0.690143 2.225746
v -0.792469 0.675659 2.220575
v -0.795388 0.675697 2.216187
v -0.799761 0.675743 2.213249
v -0.804928 0.675786 2.212209
v -0.810094 0.675821 2.213224
v -0.814486 0.675845 2.216141
v -0.817425 0.675854 2.220515
v -0.818464 0.675845 2.225680
v -0.817447 0.675816 2.230851
v -0.814533 0.675777 2.235239
v -0.810155 0.675733 2.238178
v -0.804994 0.675689 2.239218
v -0.799822 0.675650 2.238202
v -0.795433 0.675628 2.235285
v -0.792495 0.675620 2.230911
v -0.791455 0.675628 2.225746
v -0.792469 0.664698 2.220575
v -0.795388 0.664737 2.216187
v -0.799761 0.664782 2.213249
v -0.804928 0.664826 2.212209
v -0.810094 0.664861 2.213224
v -0.814486 0.664885 2.216141
v -0.817425 0.664894 2.220515
v -0.818464 0.664884 2.225680
v -0.817447 0.664856 2.230851
v -0.814533 0.664817 2.235239
v -0.810155 0.664773 2.238178
v -0.804994 0.664729 2.239218
v -0.799822 0.664690 2.238202
v -0.795433 0.664668 2.235285
v -0.792495 0.664660 2.230911
v -0.791455 0.664668 2.225746
v -0.792469 0.652928 2.220575
v -0.795388 0.652967 2.216187
v -0.799761 0.653012 2.213249
v -0.804928 0.653056 2.212209
v -0.810094 0.653091 2.213224
v -0.814486 0.653114 2.216141
v -0.817425 0.653124 2.220515
v -0.818464 0.653114 2.225680
v -0.817447 0.653086 2.230851
v -0.814533 0.653047 2.235239
v -0.810155 0.653002 2.238178
v -0.804994 0.652959 2.239218
v -0.799822 0.652920 2.238202
v -0.795433 0.652898 2.235285
v -0.792495 0.652890 2.230911
v -0.791455 0.652898 2.225746
v -0.792469 0.639282 2.220575
v -0.795388 0.639321 2.216187
v -0.799761 0.639366 2.213249
v -0.804928 0.639410 2.212209
v -0.810094 0.639445 2.213224
v -0.814486 0.639468 2.216141
v -0.817425 0.639478 2.220515
v -0.818464 0.639468 2.225680
v -0.817447 0.639440 2.230851
v -0.814533 0.639401 2.235239
v -0.810155 0.639356 2.238178
v -0.804994 0.639313 2.239218
v -0.799822 0.639274 2.238202
v -0.795433 0.639252 2.235285
v -0.792495 0.639244 2.230911
v -0.791455 0.639252 2.225746
v -0.792469 0.628197 2.220575
v -0.795388 0.628236 2.216187
v -0.799761 0.628282 2.213249
v -0.804928 0.628325 2.212209
v -0.810094 0.628360 2.213224
v -0.814486 0.628384 2.216141
v -0.817425 0.628393 2.220515
v -0.818464 0.628384 2.225680
v -0.817447 0.628355 2.230851
v -0.814533 0.628316 2.235239
v -0.810155 0.628272 2.238178
v -0.804994 0.628228 2.239218
v -0.799822 0.628189 2.238202
v -0.795433 0.628167 2.235285
v -0.792495 0.628159 2.230911
v -0.791455 0.628167 2.225746
v -0.792469 0.615561 2.220575
v -0.795388 0.615599 2.216187
v -0.799761 0.615645 2.213249
v -0.804928 0.615688 2.212209
v -0.810094 0.615723 2.213224
v -0.814486 0.615747 2.216141
v -0.817425 0.615756 2.220515
v -0.818464 0.615747 2.225680
v -0.817447 0.615718 2.230851
v -0.814533 0.615679 2.235239
v -0.810155 0.615635 2.238178
v -0.804994 0.615591 2.239218
v -0.799822 0.615552 2.238202
v -0.795433 0.615530 2.235285
v -0.792495 0.615522 2.230911
v -0.791455 0.615530 2.225746
v -0.792469 0.603973 2.220575
v -0.795388 0.604012 2.216187
v -0.799761 0.604057 2.213249
v -0.804928 0.604101 2.212209
v -0.810094 0.604136 2.213224
v -0.814486 0.604159 2.216141
v -0.817425 0.604169 2.220515
v -0.818464 0.604159 2.225680
v -0.817447 0.604131 2.230851
v -0.814533 0.604092 2.235239
v -0.810155 0.604047 2.238178
v -0.804994 0.604004 2.239218
v -0.799822 0.603965 2.238202
v -0.795433 0.603943 2.235285
v -0.792495 0.603934 2.230911
v -0.791455 0.603943 2.225746
v -0.792469 0.592369 2.220575
v -0.795388 0.592408 2.216187
v -0.799761 0.592453 2.213249
v -0.804928 0.592496 2.212209
v -0.810094 0.592531 2.213224
v -0.814486 0.592555 2.216141
v -0.817425 0.592565 2.220515
v -0.818464 0.592555 2.225680
v -0.817447 0.592527 2.230851
v -0.814533 0.592488 2.235239
v -0.810155 0.592443 2.238178
v -0.804994 0.592400 2.239218
v -0.799822 0.592361 2.238202
v -0.795433 0.592339 2.235285
v -0.792495 0.592330 2.230911
v -0.791455 0.592338 2.225746
v -0.792469 0.580773 2.220575
v -0.795388 0.580812 2.216187
v -0.799761 0.580858 2.213249
v -0.804928 0.580900 2.212209
v -0.810094 0.580936 2.213224
v -0.814486 0.580959 2.216141
v -0.817425 0.580969 2.220515
v -0.818464 0.580960 2.225680
v -0.817447 0.580931 2.230851
v -0.814533 0.580892 2.235239
v -0.810154 0.580847 2.238178
v -0.804995 0.580804 2.239218
v -0.799822 0.580765 2.238202
v -0.795433 0.580743 2.235285
v -0.792495 0.580734 2.230911
v -0.791455 0.580743 2.225746
v 0.288093 1.001898 2.331717
v 0.288093 0.595117 2.331717
v 0.288093 0.595117 2.137959
v 0.288093 1.001898 2.137959
v 0.094335 1.001898 2.331717
v 0.094335 0.595117 2.331717
v 0.094335 0.595117 2.137959
v 0.094335 1.001898 2.137959
v 1.191993 0.567152 2.225125
v 1.189073 0.567190 2.220737
v 1.184701 0.567236 2.217799
v 1.179534 0.567278 2.216758
v 1.174367 0.567314 2.217774
v 1.169976 0.567337 2.220690
v 1.167036 0.567347 2.225065
v 1.165998 0.567338 2.230230
v 1.167014 0.567309 2.235401
v 1.169929 0.567270 2.239789
v 1.174307 0.567225 2.242728
v 1.179467 0.567182 2.243768
v 1.184639 0.567143 2.242752
v 1.189029 0.567121 2.239835
v 1.191967 0.567112 2.235461
v 1.193007 0.567121 2.230296
v 1.191992 0.817526 2.225125
v 1.189074 0.817564 2.220737
v 1.184701 0.817610 2.217799
v 1.179534 0.817654 2.216758
v 1.174367 0.817689 2.217774
v 1.169976 0.817713 2.220690
v 1.167036 0.817721 2.225065
v 1.165998 0.817712 2.230230
v 1.167014 0.817683 2.235401
v 1.169929 0.817645 2.239789
v 1.174307 0.817600 2.242727
v 1.179467 0.817556 2.243768
v 1.184639 0.817517 2.242752
v 1.189029 0.817495 2.239835
v 1.191967 0.817488 2.235461
v 1.193007 0.817496 2.230296
v 1.191993 0.690173 2.225125
v 1.189074 0.690212 2.220737
v 1.184701 0.690257 2.217799
v 1.179534 0.690301 2.216758
v 1.174367 0.690336 2.217774
v 1.169976 0.690360 2.220690
v 1.167036 0.690368 2.225065
v 1.165998 0.690359 2.230230
v 1.167014 0.690331 2.235401
v 1.169929 0.690292 2.239789
v 1.174307 0.690247 2.242728
v 1.179467 0.690204 2.243768
v 1.184639 0.690165 2.242752
v 1.189029 0.690143 2.239835
v 1.191967 0.690135 2.235461
v 1.193007 0.690143 2.230296
v 1.191993 0.675659 2.225125
v 1.189074 0.675697 2.220737
v 1.184701 0.675743 2.217799
v 1.179534 0.675786 2.216758
v 1.174367 0.675821 2.217774
v 1.169976 0.675845 2.220690
v 1.167036 0.675854 2.225065
v 1.165998 0.675845 2.230230
v 1.167014 0.675816 2.235401
v 1.169929 0.675777 2.239789
v 1.174307 0.675733 2.242728
v 1.179467 0.675689 2.243768
v 1.184639 0.675650 2.242752
v 1.189029 0.675628 2.239835
v 1.191967 0.675620 2.235461
v 1.193007 0.675628 2.230296
v 1.191993 0.664698 2.225125
v 1.189074 0.664737 2.220737
v 1.184701 0.664782 2.217799
v 1.179534 0.664826 2.216758
v 1.174367 0.664861 2.217774
v 1.169976 0.664885 2.220690
v 1.167036 0.664894 2.225065
v 1.165998 0.664884 2.230230
v 1.167014 0.664856 2.235401
v 1.169929 0.664817 2.239789
v 1.174307 0.664773 2.242728
v 1.179467 0.664729 2.243768
v 1.184639 0.664690 2.242752
v 1.189029 0.664668 2.239835
v 1.191967 0.664660 2.235461
v 1.193007 0.664668 2.230296
v 1.191993 0.652928 2.225125
v 1.189073 0.652967 2.220737
v 1.184701 0.653012 2.217799
v 1.179534 0.653056 2.216758
v 1.174367 0.653091 2.217774
v 1.169976 0.653114 2.220690
v 1.167036 0.653124 2.225065
v 1.165998 0.653114 2.230230
v 1.167014 0.653086 2.235401
v 1.169929 0.653047 2.239789
v 1.174307 0.653002 2.242728
v 1.179467 0.652959 2.243767
v 1.184639 0.652920 2.242752
v 1.189029 0.652898 2.239835
v 1.191967 0.652890 2.235461
v 1.193007 0.652898 2.230296
v 1.191993 0.639282 2.225125
v 1.189073 0.639321 2.220737
v 1.184701 0.639366 2.217799
v 1.179534 0.639410 2.216758
v 1.174367 0.639445 2.217774
v 1.169976 0.639468 2.220690
v 1.167036 0.639478 2.225065
v 1.165998 0.639468 2.230230
v 1.167014 0.639440 2.235401
v 1.169929 0.639401 2.239789
v 1.174307 0.639356 2.242728
v 1.179467 0.639313 2.243767
v 1.184639 0.639274 2.242752
v 1.189029 0.639252 2.239835
v 1.191967 0.639244 2.235461
v 1.193007 0.639252 2.230296
v 1.191993 0.628197 2.225125
v 1.189073 0.628236 2.220737
v 1.184701 0.628282 2.217799
v 1.179534 0.628325 2.216758
v 1.174367 0.628360 2.217774
v 1.169976 0.628384 2.220690
v 1.167036 0.628393 2.225065
v 1.165998 0.628384 2.230230
v 1.167014 0.628355 2.235401
v 1.169929 0.628316 2.239789
v 1.174307 0.628272 2.242728
v 1.179467 0.628228 2.243767
v 1.184639 0.628189 2.242752
v 1.189029 0.628167 2.239835
v 1.191967 0.628159 2.235461
v 1.193007 0.628167 2.230296
v 1.191993 0.615561 2.225125
v 1.189073 0.615599 2.220737
v 1.184701 0.615645 2.217799
v 1.179534 0.615688 2.216758
v 1.174367 0.615723 2.217774
v 1.169976 0.615747 2.220690
v 1.167036 0.615756 2.225065
v 1.165998 0.615747 2.230230
v 1.167014 0.615718 2.235401
v 1.169929 0.615679 2.239789
v 1.174307 0.615635 2.242728
v 1.179467 0.615591 2.243767
v 1.184639 0.615552 2.242752
v 1.189029 0.615530 2.239835
v 1.191967 0.615522 2.235461
v 1.193007 0.615530 2.230296
v 1.191993 0.603973 2.225125
v 1.189073 0.604012 2.220737
v 1.184701 0.604057 2.217799
v 1.179534 0.604101 2.216758
v 1.174367 0.604136 2.217774
v 1.169976 0.604159 2.220690
v 1.167036 0.604169 2.225065
v 1.165998 0.604159 2.230230
v 1.167014 0.604131 2.235401
v 1.169929 0.604092 2.239789
v 1.174307 0.604047 2.242728
v 1.179467 0.604004 2.243767
v 1.184639 0.603965 2.242752
v 1.189029 0.603943 2.239835
v 1.191967 0.603934 2.235461
v 1.193007 0.603943 2.230296
v 1.191993 0.592369 2.225125
v 1.189073 0.592408 2.220737
v 1.184701 0.592453 2.217799
v 1.179534 0.592496 2.216758
v 1.174367 0.592531 2.217774
v 1.169976 0.592555 2.220690
v 1.167036 0.592565 2.225065
v 1.165998 0.592555 2.230230
v 1.167014 0.592527 2.235401
v 1.169929 0.592488 2.239789
v 1.174307 0.592443 2.242728
v 1.179467 0.592400 2.243767
v 1.184639 0.592361 2.242752
v 1.189029 0.592339 2.239835
v 1.191967 0.592330 2.235461
v 1.193007 0.592338 2.230296
v 1.191993 0.580773 2.225125
v 1.189073 0.580812 2.220737
v 1.184701 0.580858 2.217799
v 1.179534 0.580900 2.216758
v 1.174367 0.580936 2.217774
v 1.169976 0.580959 2.220690
v 1.167036 0.580969 2.225065
v 1.165998 0.580960 2.230230
v 1.167014 0.580931 2.235401
v 1.169929 0.580892 2.239789
v 1.174307 0.580847 2.242728
v 1.179467 0.580804 2.243767
v 1.184639 0.580765 2.242752
v 1.189029 0.580743 2.239835
v 1.191967 0.580734 2.235461
v 1.193007 0.580743 2.230296
v 1.949251 2.808405 -1.675147
v 1.895084 2.808405 -1.675147
v 1.949251 3.304322 -1.675147
v 1.895084 3.304322 -1.675147
v 1.949251 3.304322 -2.451217
v 1.895084 3.304322 -2.451217
v 1.949251 2.808405 -2.451217
v 1.895084 2.808405 -2.451217
v 1.949251 2.808406 2.480896
v 1.895084 2.808406 2.480896
v 1.949251 3.304322 2.480896
v 1.895084 3.304322 2.480896
v 1.949251 3.304322 1.704826
v 1.895084 3.304322 1.704826
v 1.949251 2.808406 1.704826
v 1.895084 2.808406 1.704826
v 1.949251 2.808406 -0.895352
v 1.895084 2.808406 -0.895352
v 1.949251 3.304322 -0.895352
v 1.895084 3.304322 -0.895352
v 1.949251 3.304322 -1.671422
v 1.895084 3.304322 -1.671422
v 1.949251 2.808405 -1.671422
v 1.895084 2.808405 -1.671422
v 1.949251 2.808406 1.701101
v 1.895084 2.808406 1.701101
v 1.949251 3.304322 1.701101
v 1.895084 3.304322 1.701101
v 1.949251 3.304322 0.925032
v 1.895084 3.304322 0.925032
v 1.949251 2.808406 0.925032
v 1.895084 2.808406 0.925032
v 1.949321 3.304244 -0.895577
v 1.895154 3.304244 -0.895577
v 1.949321 2.808327 -0.895577
v 1.895154 2.808327 -0.895577
v 1.949321 2.808327 0.014826
v 1.895154 2.808327 0.014826
v 1.949321 3.304244 0.014826
v 1.895154 3.304244 0.014826
v 1.949321 3.304244 0.014463
v 1.895154 3.304244 0.014463
v 1.949321 2.808327 0.014463
v 1.895154 2.808327 0.014463
v 1.949321 2.808327 0.924866
v 1.895154 2.808327 0.924866
v 1.949321 3.304244 0.924866
v 1.895154 3.304244 0.924866
v 1.964545 0.996506 -1.674388
v 1.910378 0.996506 -1.674388
v 1.964545 2.712468 -1.674388
v 1.910378 2.712468 -1.674388
v 1.964545 2.712468 -2.450458
v 1.910378 2.712468 -2.450458
v 1.964545 0.996506 -2.450458
v 1.910378 0.996506 -2.450458
v 1.964545 0.996506 2.482992
v 1.910378 0.996506 2.482992
v 1.964545 2.712468 2.482992
v 1.910378 2.712468 2.482992
v 1.964545 2.712468 1.706922
v 1.910378 2.712468 1.706922
v 1.964545 0.996506 1.706922
v 1.910378 0.996506 1.706922
v 1.964545 0.996506 -0.894397
v 1.910378 0.996506 -0.894397
v 1.964545 2.712468 -0.894398
v 1.910378 2.712468 -0.894398
v 1.964545 2.712468 -1.670467
v 1.910378 2.712468 -1.670467
v 1.964545 0.996506 -1.670467
v 1.910378 0.996506 -1.670467
v 1.964545 0.996506 1.703001
v 1.910378 0.996506 1.703001
v 1.964545 2.712468 1.703001
v 1.910378 2.712468 1.703001
v 1.964545 2.712468 0.926932
v 1.910378 2.712468 0.926932
v 1.964545 0.996506 0.926932
v 1.910378 0.996506 0.926932
v 1.911559 2.721922 -2.448914
v 1.911559 2.721922 -1.672602
v 1.958420 2.719679 -1.672739
v 1.958420 2.714114 -2.448777
v 1.904074 2.798606 -2.448640
v 1.904074 2.713506 -2.448640
v 1.904074 2.713506 -1.672876
v 1.904074 2.798606 -1.672876
v 1.911868 2.791070 -2.448914
v 1.911868 2.791070 -1.672602
v 1.956991 2.791070 -1.672602
v 1.956991 2.791070 -2.448914
v 1.964563 2.798606 -1.672876
v 1.964563 2.798606 -2.448640
v 1.957882 2.757334 -2.448640
v 1.957882 2.757334 -1.672876
v 1.964563 2.757334 -1.672876
v 1.964563 2.757334 -2.448640
v 1.958283 2.713506 -1.672876
v 1.958283 2.720287 -2.448640
v 1.964837 2.757061 -2.081865
v 1.911559 2.721922 -1.670695
v 1.911559 2.721923 -0.894384
v 1.958420 2.719679 -0.894520
v 1.958420 2.714114 -1.670558
v 1.904074 2.798606 -1.670421
v 1.904074 2.713506 -1.670421
v 1.904074 2.713506 -0.894657
v 1.904074 2.798607 -0.894657
v 1.911868 2.791070 -1.670695
v 1.911868 2.791070 -0.894384
v 1.956991 2.791070 -0.894384
v 1.956991 2.791070 -1.670695
v 1.964563 2.798607 -0.894657
v 1.964563 2.798606 -1.670421
v 1.957882 2.757334 -1.670421
v 1.957882 2.757335 -0.894657
v 1.964563 2.757335 -0.894657
v 1.964563 2.757334 -1.670421
v 1.958283 2.713506 -0.894657
v 1.958283 2.720287 -1.670421
v 1.964837 2.757061 -1.303647
v 1.911559 2.721923 0.928353
v 1.911559 2.721923 1.704664
v 1.958420 2.719680 1.704527
v 1.958420 2.714114 0.928490
v 1.904074 2.798607 0.928627
v 1.904074 2.713506 0.928627
v 1.904074 2.713507 1.704391
v 1.904074 2.798607 1.704391
v 1.911868 2.791070 0.928353
v 1.911868 2.791071 1.704664
v 1.956991 2.791071 1.704664
v 1.956991 2.791070 0.928353
v 1.964563 2.798607 1.704391
v 1.964563 2.798607 0.928627
v 1.957882 2.757335 0.928627
v 1.957882 2.757335 1.704391
v 1.964563 2.757335 1.704391
v 1.964563 2.757335 0.928627
v 1.958283 2.713507 1.704391
v 1.958283 2.720287 0.928627
v 1.964837 2.757061 1.295401
v 1.911559 2.721923 1.706571
v 1.911559 2.721923 2.482882
v 1.958420 2.719680 2.482746
v 1.958420 2.714114 1.706708
v 1.904074 2.798607 1.706845
v 1.904074 2.713507 1.706845
v 1.904074 2.713507 2.482609
v 1.904074 2.798607 2.482609
v 1.911868 2.791071 1.706571
v 1.911868 2.791071 2.482882
v 1.956991 2.791071 2.482882
v 1.956991 2.791071 1.706571
v 1.964563 2.798607 2.482609
v 1.964563 2.798607 1.706845
v 1.957882 2.757335 1.706845
v 1.957882 2.757335 2.482609
v 1.964563 2.757335 2.482609
v 1.964563 2.757335 1.706845
v 1.958283 2.713507 2.482609
v 1.958283 2.720287 1.706845
v 1.964837 2.757061 2.073619
v 0.724431 5.861427 -1.860242
v 0.737774 5.855901 -1.860242
v 0.751117 5.861428 -1.860242
v 0.756644 5.874771 -1.860242
v 0.751117 5.888113 -1.860242
v 0.737774 5.893640 -1.860242
v 0.724431 5.888113 -1.860242
v 0.718904 5.874771 -1.860242
v 0.724431 5.861427 1.771092
v 0.737775 5.855901 1.771090
v 0.751117 5.861427 1.771090
v 0.756644 5.874771 1.771090
v 0.751117 5.888113 1.771090
v 0.737774 5.893640 1.771090
v 0.724431 5.888113 1.771090
v 0.718904 5.874771 1.771090
v 0.737775 5.855754 -0.045752
v 0.724328 5.861324 -0.045752
v 0.751221 5.861324 -0.045752
v 0.756790 5.874771 -0.045752
v 0.751221 5.888217 -0.045752
v 0.737775 5.893787 -0.045752
v 0.724328 5.888217 -0.045752
v 0.718758 5.874771 -0.045752
v 0.724742 5.861738 -2.466010
v 0.737775 5.856339 -2.466010
v 0.750807 5.861738 -2.466010
v 0.756206 5.874771 -2.466010
v 0.750807 5.887804 -2.466010
v 0.737774 5.893202 -2.466010
v 0.724742 5.887804 -2.466010
v 0.719343 5.874771 -2.466010
v 0.724742 5.861738 2.376860
v 0.719343 5.874771 2.376860
v 0.737774 5.856339 2.376860
v 0.750807 5.861738 2.376860
v 0.756206 5.874771 2.376860
v 0.750807 5.887804 2.376860
v 0.737774 5.893202 2.376860
v 0.724742 5.887804 2.376860
v 0.303913 3.714597 2.378515
v 0.171824 3.714597 2.378515
v 0.171824 6.339817 2.378515
v 0.303913 6.339818 2.378515
v 0.303913 3.714597 2.438902
v 0.171824 3.714597 2.438902
v 0.171824 6.339817 2.438902
v 0.303913 6.339817 2.438902
v 0.172729 3.714214 2.378132
v 0.172729 6.340200 2.378132
v 0.172729 3.714214 2.439285
v 0.172729 6.340200 2.439285
v 0.172508 3.713010 2.394757
v 0.685780 5.935296 2.374190
v 0.804591 5.917352 2.373394
v 0.804591 5.724091 2.373545
v 0.685779 5.724091 2.373453
v 0.563550 5.952810 2.372989
v 0.563550 5.724091 2.373553
v 0.422891 5.974263 2.372893
v 0.422890 5.724091 2.373122
v 0.311300 5.989400 2.372846
v 0.311300 5.724091 2.373056
v 0.174823 5.989857 2.373273
v 0.174823 5.724091 2.373407
v 0.048881 5.972070 2.373186
v 0.048881 5.724091 2.374353
v -0.080788 5.953791 2.373111
v -0.080789 5.724091 2.373250
v -0.213303 5.933290 2.373252
v -0.213303 5.724091 2.375083
v -0.325430 5.916812 2.373362
v -0.325430 5.724091 2.373914
v -0.325430 5.724091 2.441823
v -0.325430 5.917361 2.441546
v 0.804591 5.917758 2.442041
v 0.804591 5.724091 2.441548
v -0.213303 5.933870 2.442764
v -0.080789 5.952348 2.442712
v 0.048881 5.971781 2.442531
v 0.174823 5.988666 2.442886
v 0.311300 5.989431 2.442685
v 0.422891 5.972431 2.443049
v 0.563550 5.952168 2.442483
v 0.685780 5.934828 2.442036
v -0.213303 5.724091 2.442297
v -0.080789 5.724091 2.442257
v 0.048881 5.724091 2.441911
v 0.174823 5.724091 2.441624
v 0.311300 5.724091 2.442451
v 0.422891 5.724091 2.442312
v 0.563550 5.724091 2.441618
v 0.685780 5.724091 2.441295
v 0.237869 4.800182 2.373773
v 0.268062 4.932959 2.373085
v 0.268062 4.800870 2.373085
v 0.268062 4.800870 -2.427146
v 0.268062 4.932959 -2.427146
v 0.207675 4.932959 2.373085
v 0.207675 4.800870 2.373086
v 0.207675 4.800870 -2.427146
v 0.207675 4.932959 -2.427146
v 0.267157 4.800487 2.373469
v 0.267157 4.800487 -2.427529
v -0.274762 5.078202 -1.860242
v -0.261419 5.072675 -1.860242
v -0.248076 5.078202 -1.860242
v -0.242549 5.091545 -1.860242
v -0.248076 5.104888 -1.860242
v -0.261419 5.110415 -1.860242
v -0.274762 5.104888 -1.860242
v -0.280289 5.091545 -1.860242
v -0.274762 5.078202 1.771092
v -0.261419 5.072675 1.771090
v -0.248076 5.078202 1.771090
v -0.242549 5.091545 1.771090
v -0.248076 5.104888 1.771090
v -0.261419 5.110415 1.771090
v -0.274762 5.104888 1.771090
v -0.280289 5.091545 1.771090
v -0.261419 5.072529 -0.045752
v -0.274866 5.078099 -0.045752
v -0.247973 5.078099 -0.045752
v -0.242403 5.091545 -0.045752
v -0.247973 5.104991 -0.045752
v -0.261419 5.110561 -0.045752
v -0.274866 5.104991 -0.045752
v -0.280435 5.091545 -0.045752
v -0.274452 5.078512 -2.466010
v -0.261419 5.073114 -2.466010
v -0.248386 5.078512 -2.466010
v -0.242988 5.091545 -2.466010
v -0.248386 5.104578 -2.466010
v -0.261419 5.109976 -2.466010
v -0.274452 5.104578 -2.466010
v -0.279851 5.091545 -2.466010
v -0.274452 5.078512 2.376860
v -0.279851 5.091545 2.376860
v -0.261419 5.073114 2.376860
v -0.248386 5.078512 2.376860
v -0.242988 5.091545 2.376860
v -0.248386 5.104578 2.376860
v -0.261419 5.109976 2.376860
v -0.274452 5.104578 2.376860
v -0.324017 5.001585 2.373085
v 0.805291 5.001585 2.373086
v 0.805291 5.001585 -2.427146
v -0.324017 5.001585 -2.427146
v -0.324017 4.941198 2.373085
v 0.805291 4.941198 2.373085
v 0.805291 4.941198 -2.427146
v -0.324017 4.941198 -2.427146
v 0.724431 5.078202 -1.860242
v 0.737774 5.072675 -1.860242
v 0.751117 5.078202 -1.860242
v 0.756644 5.091545 -1.860242
v 0.751117 5.104888 -1.860242
v 0.737774 5.110415 -1.860242
v 0.724431 5.104888 -1.860242
v 0.718904 5.091545 -1.860242
v 0.724431 5.078202 1.771092
v 0.737775 5.072675 1.771090
v 0.751117 5.078202 1.771090
v 0.756644 5.091545 1.771090
v 0.751117 5.104888 1.771090
v 0.737774 5.110415 1.771090
v 0.724431 5.104888 1.771090
v 0.718904 5.091545 1.771090
v 0.737775 5.072529 -0.045752
v 0.724328 5.078099 -0.045752
v 0.751221 5.078099 -0.045752
v 0.756790 5.091545 -0.045752
v 0.751221 5.104991 -0.045752
v 0.737775 5.110561 -0.045752
v 0.724328 5.104991 -0.045752
v 0.718758 5.091545 -0.045752
v 0.724742 5.078512 -2.466010
v 0.737775 5.073114 -2.466010
v 0.750807 5.078512 -2.466010
v 0.756206 5.091545 -2.466010
v 0.750807 5.104578 -2.466010
v 0.737774 5.109976 -2.466010
v 0.724742 5.104578 -2.466010
v 0.719343 5.091545 -2.466010
v 0.724742 5.078512 2.376860
v 0.719343 5.091545 2.376860
v 0.737774 5.073114 2.376860
v 0.750807 5.078512 2.376860
v 0.756206 5.091545 2.376860
v 0.750807 5.104578 2.376860
v 0.737774 5.109976 2.376860
v 0.724742 5.104578 2.376860
v -0.206618 5.152071 -2.425519
v -0.325430 5.134127 -2.424723
v -0.325430 4.940865 -2.424874
v -0.206618 4.940866 -2.424783
v -0.084389 5.169584 -2.424319
v -0.084389 4.940865 -2.424882
v 0.056271 5.191038 -2.424222
v 0.056271 4.940865 -2.424451
v 0.167861 5.206175 -2.424175
v 0.167861 4.940865 -2.424386
v 0.304338 5.206631 -2.424603
v 0.304338 4.940866 -2.424737
v 0.430280 5.188844 -2.424515
v 0.430280 4.940865 -2.425683
v 0.559950 5.170566 -2.424441
v 0.559950 4.940865 -2.424580
v 0.692464 5.150064 -2.424581
v 0.692464 4.940865 -2.426412
v 0.804591 5.133586 -2.424691
v 0.804591 4.940865 -2.425243
v 0.804591 4.940865 -2.493152
v 0.804591 5.134135 -2.492876
v -0.325430 5.134532 -2.493370
v -0.325430 4.940866 -2.492877
v 0.692464 5.150644 -2.494093
v 0.559950 5.169122 -2.494042
v 0.430280 5.188556 -2.493860
v 0.304338 5.205440 -2.494215
v 0.167861 5.206205 -2.494014
v 0.056271 5.189206 -2.494379
v -0.084389 5.168942 -2.493813
v -0.206618 5.151603 -2.493366
v 0.692464 4.940865 -2.493627
v 0.559950 4.940865 -2.493587
v 0.430280 4.940865 -2.493241
v 0.304338 4.940865 -2.492954
v 0.167861 4.940865 -2.493781
v 0.056271 4.940865 -2.493642
v -0.084389 4.940865 -2.492948
v -0.206618 4.940866 -2.492624
v 0.685780 5.152071 2.374190
v 0.804591 5.134127 2.373394
v 0.804591 4.940865 2.373545
v 0.685779 4.940866 2.373453
v 0.563550 5.169584 2.372989
v 0.563550 4.940865 2.373553
v 0.422891 5.191038 2.372893
v 0.422890 4.940865 2.373122
v 0.311300 5.206175 2.372846
v 0.311300 4.940865 2.373056
v 0.174823 5.206631 2.373273
v 0.174823 4.940866 2.373407
v 0.048881 5.188844 2.373186
v 0.048881 4.940865 2.374353
v -0.080788 5.170566 2.373111
v -0.080789 4.940865 2.373250
v -0.213303 5.150064 2.373252
v -0.213303 4.940865 2.375083
v -0.325430 5.133586 2.373362
v -0.325430 4.940865 2.373914
v -0.325430 4.940865 2.441823
v -0.325430 5.134135 2.441546
v 0.804591 5.134532 2.442041
v 0.804591 4.940866 2.441548
v -0.213303 5.150644 2.442764
v -0.080789 5.169122 2.442712
v 0.048881 5.188556 2.442531
v 0.174823 5.205440 2.442886
v 0.311300 5.206205 2.442685
v 0.422891 5.189206 2.443049
v 0.563550 5.168942 2.442483
v 0.685780 5.151603 2.442036
v -0.213303 4.940865 2.442297
v -0.080789 4.940865 2.442257
v 0.048881 4.940865 2.441911
v 0.174823 4.940865 2.441624
v 0.311300 4.940865 2.442451
v 0.422891 4.940865 2.442312
v 0.563550 4.940865 2.441618
v 0.685780 4.940866 2.441295
v 1.924802 0.999583 -4.427522
v 1.972814 0.999583 -4.427522
v 1.924802 2.801971 -4.427522
v 1.972814 2.801971 -4.427522
v 1.924802 2.801971 -2.879301
v 1.972814 2.801971 -2.879301
v 1.924802 0.999583 -2.879301
v 1.972814 0.999583 -2.879301
v 1.919026 2.810769 -4.426961
v 1.967038 2.810769 -4.426961
v 1.919026 3.303092 -4.426962
v 1.967038 3.303092 -4.426962
v 1.919026 3.303092 -2.878741
v 1.967038 3.303092 -2.878741
v 1.919026 2.810769 -2.878741
v 1.967038 2.810769 -2.878741
v 1.924802 0.999584 2.909392
v 1.972814 0.999584 2.909392
v 1.924802 2.801972 2.909392
v 1.972814 2.801972 2.909392
v 1.924802 2.801972 4.457613
v 1.972814 2.801972 4.457613
v 1.924802 0.999584 4.457613
v 1.972814 0.999584 4.457613
v 1.924354 2.810769 2.909570
v 1.972366 2.810769 2.909570
v 1.924354 3.303093 2.909570
v 1.972366 3.303093 2.909570
v 1.924354 3.303093 4.457790
v 1.972366 3.303093 4.457790
v 1.924354 2.810769 4.457791
v 1.972366 2.810769 4.457791
v -0.542742 3.713961 2.917651
v -0.542742 3.713961 4.266016
v 1.022449 3.713961 4.266016
v 1.022449 3.713961 2.917651
v -0.430700 3.116128 4.167758
v 0.909618 3.116128 4.168550
v -0.521485 3.207187 4.245927
v 1.001192 3.207187 4.245927
v 0.910408 3.116128 3.015910
v 1.001192 3.207187 2.937739
v -0.429910 3.116128 3.015118
v -0.521485 3.207187 2.937740
v -0.576997 3.625757 2.889780
v -0.572839 3.717365 2.893938
v 1.056704 3.625757 2.889780
v 1.052547 3.717365 2.893938
v -0.576997 3.625757 4.293887
v -0.572839 3.717365 4.289730
v 1.056704 3.625757 4.293887
v 1.052547 3.717365 4.289730
v -0.536678 3.704575 2.923886
v 0.997818 3.129918 4.242553
v 0.997818 3.129918 2.941113
v -0.518111 3.129918 2.941113
v -0.536678 3.704575 4.259782
v 1.016386 3.704575 4.259782
v 1.016386 3.704575 2.923886
v -0.518111 3.129918 4.242553
v -0.575508 3.711753 2.891268
v 1.055215 3.711753 2.891268
v -0.575508 3.711753 4.292397
v 1.055215 3.711753 4.292397
v -1.430695 0.620696 -3.967753
v -1.444748 0.620839 -3.988895
v -1.465822 0.621009 -4.003051
v -1.490711 0.621170 -4.008064
v -1.515620 0.621312 -4.003171
v -1.536767 0.621396 -3.989117
v -1.550920 0.621422 -3.968043
v -1.555933 0.621384 -3.943155
v -1.551045 0.621285 -3.918243
v -1.536988 0.621144 -3.897099
v -1.515913 0.620972 -3.882944
v -1.491026 0.620811 -3.877931
v -1.466117 0.620672 -3.882824
v -1.444972 0.620583 -3.896878
v -1.430820 0.620556 -3.917953
v -1.425799 0.620596 -3.942841
v -1.430647 0.628120 -3.967731
v -1.444701 0.628260 -3.988874
v -1.465776 0.628433 -4.003030
v -1.490666 0.628596 -4.008043
v -1.515574 0.628733 -4.003150
v -1.536721 0.628825 -3.989096
v -1.550873 0.628849 -3.968021
v -1.555887 0.628809 -3.943133
v -1.550998 0.628709 -3.918222
v -1.536941 0.628566 -3.897078
v -1.515866 0.628396 -3.882923
v -1.490982 0.628235 -3.877910
v -1.466072 0.628097 -3.882803
v -1.444922 0.628015 -3.896856
v -1.430773 0.627986 -3.917931
v -1.425753 0.628023 -3.942819
v -1.463766 0.640813 -3.954106
v -1.470087 0.640878 -3.963612
v -1.479559 0.640953 -3.969976
v -1.490752 0.641027 -3.972231
v -1.501950 0.641088 -3.970031
v -1.511457 0.642291 -3.963712
v -1.517819 0.642303 -3.954236
v -1.520079 0.642286 -3.943046
v -1.517876 0.641078 -3.931845
v -1.511561 0.641010 -3.922339
v -1.502082 0.640938 -3.915974
v -1.490892 0.640864 -3.913720
v -1.479691 0.640806 -3.915920
v -1.470185 0.640760 -3.922239
v -1.463819 0.640751 -3.931715
v -1.461566 0.640769 -3.942905
v -1.480500 0.670150 -3.947222
v -1.482912 0.670177 -3.950848
v -1.486526 0.670209 -3.953276
v -1.490795 0.670240 -3.954136
v -1.495065 0.670264 -3.953296
v -1.498694 0.670281 -3.950886
v -1.501123 0.670288 -3.947271
v -1.501981 0.670281 -3.943003
v -1.501141 0.670261 -3.938730
v -1.498733 0.670233 -3.935103
v -1.495115 0.670202 -3.932676
v -1.490851 0.670171 -3.931816
v -1.486576 0.670144 -3.932655
v -1.482949 0.670128 -3.935065
v -1.480521 0.670122 -3.938680
v -1.479662 0.670128 -3.942949
v -1.480500 0.816412 -3.947222
v -1.482912 0.816439 -3.950848
v -1.486526 0.816471 -3.953276
v -1.490796 0.816502 -3.954136
v -1.495065 0.816527 -3.953296
v -1.498694 0.816544 -3.950886
v -1.501123 0.816550 -3.947271
v -1.501981 0.816543 -3.943003
v -1.501142 0.816523 -3.938730
v -1.498733 0.816496 -3.935103
v -1.495115 0.816465 -3.932676
v -1.490850 0.816434 -3.931816
v -1.486577 0.816406 -3.932655
v -1.482949 0.816390 -3.935065
v -1.480521 0.816385 -3.938680
v -1.479662 0.816391 -3.942949
v -1.480500 0.685024 -3.947222
v -1.482912 0.685051 -3.950848
v -1.486526 0.685083 -3.953276
v -1.490795 0.685114 -3.954136
v -1.495065 0.685138 -3.953296
v -1.498694 0.685155 -3.950886
v -1.501123 0.685162 -3.947271
v -1.501981 0.685155 -3.943003
v -1.501141 0.685135 -3.938730
v -1.498733 0.685107 -3.935103
v -1.495115 0.685076 -3.932676
v -1.490851 0.685045 -3.931816
v -1.486577 0.685018 -3.932655
v -1.482949 0.685002 -3.935065
v -1.480521 0.684996 -3.938681
v -1.479662 0.685002 -3.942949
v -1.480500 0.696354 -3.947222
v -1.482912 0.696381 -3.950848
v -1.486526 0.696413 -3.953276
v -1.490795 0.696443 -3.954136
v -1.495065 0.696468 -3.953296
v -1.498694 0.696485 -3.950886
v -1.501123 0.696492 -3.947271
v -1.501981 0.696485 -3.943003
v -1.501141 0.696465 -3.938730
v -1.498733 0.696437 -3.935103
v -1.495115 0.696406 -3.932676
v -1.490851 0.696375 -3.931816
v -1.486577 0.696348 -3.932655
v -1.482949 0.696332 -3.935065
v -1.480521 0.696326 -3.938681
v -1.479662 0.696332 -3.942949
v -1.480500 0.705615 -3.947222
v -1.482912 0.705643 -3.950848
v -1.486526 0.705675 -3.953276
v -1.490796 0.705705 -3.954136
v -1.495065 0.705730 -3.953296
v -1.498694 0.705747 -3.950886
v -1.501123 0.705753 -3.947271
v -1.501981 0.705747 -3.943003
v -1.501141 0.705726 -3.938730
v -1.498733 0.705699 -3.935103
v -1.495115 0.705667 -3.932676
v -1.490851 0.705637 -3.931816
v -1.486577 0.705609 -3.932655
v -1.482949 0.705593 -3.935065
v -1.480521 0.705588 -3.938681
v -1.479662 0.705593 -3.942949
v -1.480500 0.716163 -3.947222
v -1.482912 0.716191 -3.950848
v -1.486526 0.716223 -3.953276
v -1.490796 0.716253 -3.954136
v -1.495065 0.716278 -3.953296
v -1.498694 0.716295 -3.950886
v -1.501123 0.716301 -3.947271
v -1.501981 0.716295 -3.943003
v -1.501141 0.716274 -3.938730
v -1.498733 0.716247 -3.935103
v -1.495115 0.716215 -3.932676
v -1.490851 0.716185 -3.931816
v -1.486577 0.716157 -3.932655
v -1.482949 0.716142 -3.935065
v -1.480521 0.716136 -3.938681
v -1.479662 0.716142 -3.942949
v -1.480500 0.727028 -3.947222
v -1.482912 0.727056 -3.950848
v -1.486526 0.727088 -3.953276
v -1.490796 0.727118 -3.954135
v -1.495065 0.727143 -3.953296
v -1.498694 0.727160 -3.950886
v -1.501123 0.727166 -3.947271
v -1.501981 0.727160 -3.943003
v -1.501141 0.727140 -3.938730
v -1.498733 0.727112 -3.935103
v -1.495115 0.727081 -3.932676
v -1.490851 0.727050 -3.931816
v -1.486577 0.727023 -3.932655
v -1.482949 0.727007 -3.935065
v -1.480521 0.727001 -3.938681
v -1.479662 0.727007 -3.942949
v -1.480500 0.736098 -3.947222
v -1.482912 0.736125 -3.950848
v -1.486526 0.736157 -3.953276
v -1.490796 0.736188 -3.954135
v -1.495065 0.736212 -3.953296
v -1.498694 0.736229 -3.950886
v -1.501123 0.736235 -3.947271
v -1.501981 0.736229 -3.943003
v -1.501141 0.736209 -3.938730
v -1.498733 0.736181 -3.935103
v -1.495115 0.736150 -3.932676
v -1.490851 0.736119 -3.931816
v -1.486577 0.736092 -3.932655
v -1.482949 0.736076 -3.935065
v -1.480521 0.736070 -3.938680
v -1.479662 0.736076 -3.942949
v -1.480500 0.746392 -3.947222
v -1.482912 0.746420 -3.950848
v -1.486526 0.746452 -3.953276
v -1.490796 0.746482 -3.954135
v -1.495065 0.746507 -3.953296
v -1.498694 0.746524 -3.950886
v -1.501123 0.746530 -3.947271
v -1.501981 0.746524 -3.943003
v -1.501141 0.746503 -3.938730
v -1.498733 0.746476 -3.935103
v -1.495115 0.746445 -3.932676
v -1.490851 0.746414 -3.931816
v -1.486577 0.746387 -3.932655
v -1.482949 0.746371 -3.935065
v -1.480521 0.746365 -3.938680
v -1.479662 0.746371 -3.942949
v -1.480500 0.757156 -3.947222
v -1.482912 0.757184 -3.950848
v -1.486526 0.757216 -3.953276
v -1.490796 0.757246 -3.954135
v -1.495065 0.757271 -3.953296
v -1.498694 0.757288 -3.950886
v -1.501123 0.757294 -3.947271
v -1.501981 0.757288 -3.943003
v -1.501141 0.757268 -3.938730
v -1.498733 0.757240 -3.935103
v -1.495115 0.757209 -3.932676
v -1.490851 0.757178 -3.931816
v -1.486577 0.757150 -3.932655
v -1.482949 0.757135 -3.935065
v -1.480521 0.757129 -3.938680
v -1.479662 0.757135 -3.942949
v -1.480500 0.767272 -3.947222
v -1.482912 0.767299 -3.950848
v -1.486526 0.767331 -3.953276
v -1.490796 0.767362 -3.954135
v -1.495065 0.767387 -3.953296
v -1.498694 0.767404 -3.950886
v -1.501123 0.767410 -3.947271
v -1.501981 0.767403 -3.943003
v -1.501141 0.767383 -3.938730
v -1.498733 0.767356 -3.935103
v -1.495115 0.767324 -3.932676
v -1.490851 0.767293 -3.931816
v -1.486577 0.767266 -3.932655
v -1.482949 0.767250 -3.935065
v -1.480521 0.767245 -3.938680
v -1.479662 0.767250 -3.942949
v -1.480500 0.778450 -3.947222
v -1.482912 0.778478 -3.950848
v -1.486526 0.778509 -3.953276
v -1.490796 0.778540 -3.954135
v -1.495065 0.778565 -3.953296
v -1.498694 0.778582 -3.950886
v -1.501123 0.778588 -3.947271
v -1.501981 0.778582 -3.943003
v -1.501141 0.778561 -3.938730
v -1.498732 0.778534 -3.935103
v -1.495115 0.778503 -3.932676
v -1.490851 0.778472 -3.931816
v -1.486577 0.778444 -3.932655
v -1.482949 0.778428 -3.935065
v -1.480521 0.778423 -3.938680
v -1.479662 0.778429 -3.942949
v 1.930214 0.620696 -3.967753
v 1.916160 0.620839 -3.988895
v 1.895087 0.621009 -4.003051
v 1.870198 0.621170 -4.008064
v 1.845288 0.621312 -4.003171
v 1.824141 0.621396 -3.989117
v 1.809988 0.621422 -3.968043
v 1.804975 0.621384 -3.943155
v 1.809863 0.621285 -3.918243
v 1.823920 0.621144 -3.897099
v 1.844995 0.620972 -3.882944
v 1.869882 0.620811 -3.877931
v 1.894791 0.620672 -3.882824
v 1.915937 0.620583 -3.896878
v 1.930089 0.620556 -3.917953
v 1.935109 0.620596 -3.942841
v 1.930261 0.628120 -3.967731
v 1.916207 0.628260 -3.988874
v 1.895132 0.628433 -4.003030
v 1.870242 0.628596 -4.008043
v 1.845334 0.628733 -4.003150
v 1.824187 0.628825 -3.989096
v 1.810035 0.628849 -3.968021
v 1.805022 0.628809 -3.943133
v 1.809910 0.628709 -3.918222
v 1.823967 0.628566 -3.897078
v 1.845042 0.628396 -3.882923
v 1.869926 0.628235 -3.877910
v 1.894836 0.628097 -3.882803
v 1.915986 0.628015 -3.896856
v 1.930136 0.627986 -3.917931
v 1.935155 0.628023 -3.942819
v 1.897143 0.640813 -3.954106
v 1.890821 0.640878 -3.963612
v 1.881349 0.640953 -3.969976
v 1.870156 0.641027 -3.972231
v 1.858958 0.641088 -3.970031
v 1.849451 0.642291 -3.963712
v 1.843090 0.642303 -3.954236
v 1.840829 0.642286 -3.943046
v 1.843032 0.641078 -3.931845
v 1.849348 0.641010 -3.922339
v 1.858827 0.640938 -3.915974
v 1.870016 0.640864 -3.913720
v 1.881218 0.640806 -3.915920
v 1.890724 0.640760 -3.922239
v 1.897089 0.640751 -3.931715
v 1.899343 0.640769 -3.942905
v 1.880409 0.670150 -3.947222
v 1.877996 0.670177 -3.950848
v 1.874383 0.670209 -3.953276
v 1.870113 0.670240 -3.954136
v 1.865843 0.670264 -3.953296
v 1.862214 0.670281 -3.950886
v 1.859785 0.670288 -3.947271
v 1.858927 0.670281 -3.943003
v 1.859767 0.670261 -3.938730
v 1.862176 0.670233 -3.935103
v 1.865794 0.670202 -3.932676
v 1.870058 0.670171 -3.931816
v 1.874332 0.670144 -3.932655
v 1.877959 0.670128 -3.935065
v 1.880387 0.670122 -3.938680
v 1.881247 0.670128 -3.942949
v 1.880408 0.816412 -3.947222
v 1.877996 0.816439 -3.950848
v 1.874383 0.816471 -3.953276
v 1.870113 0.816502 -3.954136
v 1.865843 0.816527 -3.953296
v 1.862214 0.816544 -3.950886
v 1.859785 0.816550 -3.947271
v 1.858927 0.816543 -3.943003
v 1.859767 0.816523 -3.938730
v 1.862176 0.816496 -3.935103
v 1.865793 0.816465 -3.932676
v 1.870058 0.816434 -3.931816
v 1.874331 0.816406 -3.932655
v 1.877959 0.816390 -3.935065
v 1.880387 0.816385 -3.938680
v 1.881247 0.816391 -3.942949
v 1.880409 0.685024 -3.947222
v 1.877996 0.685051 -3.950848
v 1.874383 0.685083 -3.953276
v 1.870113 0.685114 -3.954136
v 1.865843 0.685138 -3.953296
v 1.862214 0.685155 -3.950886
v 1.859785 0.685162 -3.947271
v 1.858927 0.685155 -3.943003
v 1.859767 0.685135 -3.938730
v 1.862176 0.685107 -3.935103
v 1.865794 0.685076 -3.932676
v 1.870058 0.685045 -3.931816
v 1.874332 0.685018 -3.932655
v 1.877959 0.685002 -3.935065
v 1.880387 0.684996 -3.938681
v 1.881246 0.685002 -3.942949
v 1.880409 0.696354 -3.947222
v 1.877996 0.696381 -3.950848
v 1.874383 0.696413 -3.953276
v 1.870113 0.696443 -3.954136
v 1.865843 0.696468 -3.953296
v 1.862214 0.696485 -3.950886
v 1.859785 0.696492 -3.947271
v 1.858927 0.696485 -3.943003
v 1.859767 0.696465 -3.938730
v 1.862176 0.696437 -3.935103
v 1.865794 0.696406 -3.932676
v 1.870058 0.696375 -3.931816
v 1.874332 0.696348 -3.932655
v 1.877959 0.696332 -3.935065
v 1.880387 0.696326 -3.938681
v 1.881246 0.696332 -3.942949
v 1.880409 0.705615 -3.947222
v 1.877996 0.705643 -3.950848
v 1.874383 0.705675 -3.953276
v 1.870113 0.705705 -3.954136
v 1.865843 0.705730 -3.953296
v 1.862214 0.705747 -3.950886
v 1.859785 0.705753 -3.947271
v 1.858927 0.705747 -3.943003
v 1.859767 0.705726 -3.938730
v 1.862176 0.705699 -3.935103
v 1.865794 0.705667 -3.932676
v 1.870058 0.705637 -3.931816
v 1.874332 0.705609 -3.932655
v 1.877959 0.705593 -3.935065
v 1.880387 0.705588 -3.938681
v 1.881246 0.705593 -3.942949
v 1.880409 0.716163 -3.947222
v 1.877996 0.716191 -3.950848
v 1.874383 0.716223 -3.953276
v 1.870113 0.716253 -3.954136
v 1.865843 0.716278 -3.953296
v 1.862214 0.716295 -3.950886
v 1.859785 0.716301 -3.947271
v 1.858927 0.716295 -3.943003
v 1.859767 0.716274 -3.938730
v 1.862176 0.716247 -3.935103
v 1.865794 0.716215 -3.932676
v 1.870058 0.716185 -3.931816
v 1.874332 0.716157 -3.932655
v 1.877959 0.716142 -3.935065
v 1.880387 0.716136 -3.938681
v 1.881246 0.716142 -3.942949
v 1.880409 0.727028 -3.947222
v 1.877996 0.727056 -3.950848
v 1.874383 0.727088 -3.953276
v 1.870113 0.727118 -3.954135
v 1.865843 0.727143 -3.953296
v 1.862214 0.727160 -3.950886
v 1.859785 0.727166 -3.947271
v 1.858927 0.727160 -3.943003
v 1.859767 0.727140 -3.938730
v 1.862176 0.727112 -3.935103
v 1.865794 0.727081 -3.932676
v 1.870058 0.727050 -3.931816
v 1.874332 0.727023 -3.932655
v 1.877959 0.727007 -3.935065
v 1.880387 0.727001 -3.938681
v 1.881246 0.727007 -3.942949
v 1.880409 0.736098 -3.947222
v 1.877996 0.736125 -3.950848
v 1.874383 0.736157 -3.953276
v 1.870113 0.736188 -3.954135
v 1.865843 0.736212 -3.953296
v 1.862214 0.736229 -3.950886
v 1.859785 0.736235 -3.947271
v 1.858927 0.736229 -3.943003
v 1.859767 0.736209 -3.938730
v 1.862176 0.736181 -3.935103
v 1.865794 0.736150 -3.932676
v 1.870058 0.736119 -3.931816
v 1.874332 0.736092 -3.932655
v 1.877959 0.736076 -3.935065
v 1.880387 0.736070 -3.938680
v 1.881247 0.736076 -3.942949
v 1.880409 0.746392 -3.947222
v 1.877996 0.746420 -3.950848
v 1.874383 0.746452 -3.953276
v 1.870113 0.746482 -3.954135
v 1.865843 0.746507 -3.953296
v 1.862214 0.746524 -3.950886
v 1.859785 0.746530 -3.947271
v 1.858927 0.746524 -3.943003
v 1.859767 0.746503 -3.938730
v 1.862176 0.746476 -3.935103
v 1.865794 0.746445 -3.932676
v 1.870058 0.746414 -3.931816
v 1.874332 0.746387 -3.932655
v 1.877959 0.746371 -3.935065
v 1.880387 0.746365 -3.938680
v 1.881247 0.746371 -3.942949
v 1.880409 0.757156 -3.947222
v 1.877996 0.757184 -3.950848
v 1.874383 0.757216 -3.953276
v 1.870113 0.757246 -3.954135
v 1.865843 0.757271 -3.953296
v 1.862214 0.757288 -3.950886
v 1.859785 0.757294 -3.947271
v 1.858927 0.757288 -3.943003
v 1.859767 0.757268 -3.938730
v 1.862176 0.757240 -3.935103
v 1.865794 0.757209 -3.932676
v 1.870058 0.757178 -3.931816
v 1.874332 0.757150 -3.932655
v 1.877959 0.757135 -3.935065
v 1.880387 0.757129 -3.938680
v 1.881247 0.757135 -3.942949
v 1.880409 0.767272 -3.947222
v 1.877996 0.767299 -3.950848
v 1.874383 0.767331 -3.953276
v 1.870113 0.767362 -3.954135
v 1.865843 0.767387 -3.953296
v 1.862214 0.767404 -3.950886
v 1.859785 0.767410 -3.947271
v 1.858927 0.767403 -3.943003
v 1.859767 0.767383 -3.938730
v 1.862176 0.767356 -3.935103
v 1.865794 0.767324 -3.932676
v 1.870058 0.767293 -3.931816
v 1.874332 0.767266 -3.932655
v 1.877959 0.767250 -3.935065
v 1.880387 0.767245 -3.938680
v 1.881247 0.767250 -3.942949
v 1.880409 0.778450 -3.947222
v 1.877996 0.778478 -3.950848
v 1.874383 0.778509 -3.953276
v 1.870113 0.778540 -3.954135
v 1.865843 0.778565 -3.953296
v 1.862214 0.778582 -3.950886
v 1.859785 0.778588 -3.947271
v 1.858927 0.778582 -3.943003
v 1.859767 0.778561 -3.938730
v 1.862176 0.778534 -3.935103
v 1.865794 0.778503 -3.932676
v 1.870058 0.778472 -3.931816
v 1.874332 0.778444 -3.932655
v 1.877960 0.778428 -3.935065
v 1.880387 0.778423 -3.938680
v 1.881247 0.778429 -3.942949
v -1.466713 0.217768 -2.577555
v -1.480766 0.217911 -2.598698
v -1.501840 0.218081 -2.612854
v -1.526729 0.218242 -2.617867
v -1.551639 0.218383 -2.612974
v -1.572785 0.218468 -2.598921
v -1.586938 0.218494 -2.577846
v -1.591951 0.218455 -2.552957
v -1.587063 0.218357 -2.528046
v -1.573007 0.218216 -2.506902
v -1.551931 0.218044 -2.492747
v -1.527045 0.217882 -2.487734
v -1.502136 0.217744 -2.492626
v -1.480990 0.217655 -2.506680
v -1.466838 0.217628 -2.527755
v -1.461817 0.217667 -2.552644
v -1.466665 0.225192 -2.577533
v -1.480719 0.225332 -2.598677
v -1.501794 0.225505 -2.612832
v -1.526685 0.225668 -2.617845
v -1.551592 0.225805 -2.612952
v -1.572739 0.225897 -2.598899
v -1.586891 0.225921 -2.577824
v -1.591905 0.225881 -2.552936
v -1.587016 0.225781 -2.528024
v -1.572960 0.225638 -2.506881
v -1.551885 0.225468 -2.492725
v -1.527000 0.225307 -2.487713
v -1.502091 0.225169 -2.492605
v -1.480940 0.225087 -2.506659
v -1.466791 0.225058 -2.527734
v -1.461771 0.225095 -2.552622
v -1.499784 0.237885 -2.563908
v -1.506105 0.237950 -2.573415
v -1.515577 0.238025 -2.579779
v -1.526770 0.238099 -2.582033
v -1.537969 0.238160 -2.579834
v -1.547475 0.239363 -2.573515
v -1.553837 0.239375 -2.564039
v -1.556097 0.239357 -2.552849
v -1.553894 0.238150 -2.541648
v -1.547579 0.238082 -2.532141
v -1.538100 0.238010 -2.525777
v -1.526910 0.237936 -2.523523
v -1.515709 0.237878 -2.525723
v -1.506203 0.237832 -2.532041
v -1.499837 0.237823 -2.541518
v -1.497584 0.237840 -2.552708
v -1.516518 0.267222 -2.557024
v -1.518930 0.267249 -2.560650
v -1.522544 0.267281 -2.563078
v -1.526813 0.267311 -2.563938
v -1.531083 0.267336 -2.563099
v -1.534712 0.267353 -2.560688
v -1.537141 0.267360 -2.557074
v -1.538000 0.267353 -2.552805
v -1.537159 0.267333 -2.548532
v -1.534751 0.267305 -2.544906
v -1.531133 0.267274 -2.542478
v -1.526869 0.267243 -2.541619
v -1.522595 0.267216 -2.542458
v -1.518967 0.267200 -2.544868
v -1.516539 0.267194 -2.548483
v -1.515680 0.267200 -2.552751
v -1.516518 0.413484 -2.557024
v -1.518930 0.413511 -2.560650
v -1.522544 0.413543 -2.563078
v -1.526814 0.413574 -2.563938
v -1.531083 0.413599 -2.563099
v -1.534712 0.413616 -2.560688
v -1.537141 0.413622 -2.557074
v -1.537999 0.413615 -2.552805
v -1.537160 0.413595 -2.548532
v -1.534751 0.413568 -2.544906
v -1.531133 0.413537 -2.542478
v -1.526869 0.413506 -2.541619
v -1.522595 0.413478 -2.542458
v -1.518967 0.413462 -2.544868
v -1.516539 0.413457 -2.548483
v -1.515680 0.413463 -2.552751
v -1.516518 0.282096 -2.557024
v -1.518930 0.282123 -2.560651
v -1.522544 0.282155 -2.563078
v -1.526814 0.282185 -2.563938
v -1.531083 0.282210 -2.563099
v -1.534712 0.282227 -2.560688
v -1.537141 0.282234 -2.557074
v -1.538000 0.282227 -2.552805
v -1.537159 0.282207 -2.548532
v -1.534751 0.282179 -2.544906
v -1.531133 0.282148 -2.542478
v -1.526869 0.282117 -2.541619
v -1.522595 0.282090 -2.542458
v -1.518967 0.282074 -2.544868
v -1.516539 0.282068 -2.548483
v -1.515680 0.282074 -2.552751
v -1.516518 0.293425 -2.557024
v -1.518930 0.293453 -2.560651
v -1.522544 0.293485 -2.563078
v -1.526814 0.293515 -2.563938
v -1.531083 0.293540 -2.563099
v -1.534712 0.293557 -2.560688
v -1.537141 0.293563 -2.557074
v -1.538000 0.293557 -2.552805
v -1.537159 0.293537 -2.548532
v -1.534751 0.293509 -2.544906
v -1.531133 0.293478 -2.542478
v -1.526869 0.293447 -2.541619
v -1.522595 0.293420 -2.542458
v -1.518967 0.293404 -2.544868
v -1.516539 0.293398 -2.548483
v -1.515680 0.293404 -2.552751
v -1.516518 0.302687 -2.557024
v -1.518930 0.302714 -2.560651
v -1.522544 0.302746 -2.563078
v -1.526814 0.302777 -2.563938
v -1.531083 0.302802 -2.563099
v -1.534712 0.302818 -2.560688
v -1.537141 0.302825 -2.557074
v -1.538000 0.302818 -2.552805
v -1.537159 0.302798 -2.548532
v -1.534751 0.302771 -2.544906
v -1.531133 0.302739 -2.542478
v -1.526869 0.302709 -2.541619
v -1.522595 0.302681 -2.542458
v -1.518967 0.302665 -2.544868
v -1.516539 0.302659 -2.548483
v -1.515680 0.302665 -2.552751
v -1.516518 0.313235 -2.557024
v -1.518930 0.313262 -2.560651
v -1.522544 0.313294 -2.563078
v -1.526814 0.313325 -2.563938
v -1.531083 0.313350 -2.563099
v -1.534712 0.313367 -2.560688
v -1.537141 0.313373 -2.557074
v -1.538000 0.313366 -2.552805
v -1.537159 0.313346 -2.548532
v -1.534751 0.313319 -2.544906
v -1.531133 0.313287 -2.542479
v -1.526869 0.313257 -2.541619
v -1.522595 0.313229 -2.542458
v -1.518967 0.313213 -2.544868
v -1.516539 0.313208 -2.548483
v -1.515680 0.313213 -2.552751
v -1.516518 0.324100 -2.557024
v -1.518930 0.324128 -2.560651
v -1.522544 0.324160 -2.563078
v -1.526814 0.324190 -2.563938
v -1.531083 0.324215 -2.563099
v -1.534712 0.324232 -2.560688
v -1.537141 0.324238 -2.557074
v -1.538000 0.324232 -2.552805
v -1.537159 0.324212 -2.548532
v -1.534751 0.324184 -2.544906
v -1.531133 0.324153 -2.542479
v -1.526869 0.324122 -2.541619
v -1.522595 0.324094 -2.542458
v -1.518967 0.324079 -2.544868
v -1.516539 0.324073 -2.548483
v -1.515680 0.324079 -2.552751
v -1.516518 0.333169 -2.557024
v -1.518930 0.333197 -2.560651
v -1.522544 0.333229 -2.563078
v -1.526814 0.333260 -2.563938
v -1.531083 0.333284 -2.563099
v -1.534712 0.333301 -2.560688
v -1.537141 0.333307 -2.557074
v -1.538000 0.333301 -2.552805
v -1.537159 0.333281 -2.548532
v -1.534751 0.333253 -2.544906
v -1.531133 0.333222 -2.542479
v -1.526869 0.333191 -2.541619
v -1.522595 0.333164 -2.542458
v -1.518967 0.333148 -2.544868
v -1.516539 0.333142 -2.548483
v -1.515680 0.333148 -2.552751
v -1.516518 0.343464 -2.557024
v -1.518930 0.343492 -2.560651
v -1.522544 0.343524 -2.563078
v -1.526814 0.343554 -2.563938
v -1.531083 0.343579 -2.563099
v -1.534712 0.343596 -2.560688
v -1.537141 0.343602 -2.557074
v -1.538000 0.343596 -2.552805
v -1.537159 0.343575 -2.548532
v -1.534751 0.343548 -2.544906
v -1.531133 0.343517 -2.542479
v -1.526869 0.343486 -2.541619
v -1.522595 0.343458 -2.542458
v -1.518967 0.343443 -2.544868
v -1.516539 0.343437 -2.548483
v -1.515680 0.343443 -2.552751
v -1.516518 0.354228 -2.557024
v -1.518930 0.354256 -2.560651
v -1.522544 0.354288 -2.563078
v -1.526814 0.354318 -2.563938
v -1.531083 0.354343 -2.563099
v -1.534712 0.354360 -2.560688
v -1.537141 0.354366 -2.557074
v -1.537999 0.354360 -2.552805
v -1.537159 0.354339 -2.548532
v -1.534751 0.354312 -2.544906
v -1.531133 0.354281 -2.542478
v -1.526869 0.354250 -2.541618
v -1.522595 0.354222 -2.542458
v -1.518967 0.354207 -2.544868
v -1.516539 0.354201 -2.548482
v -1.515680 0.354207 -2.552751
v -1.516518 0.364344 -2.557024
v -1.518930 0.364371 -2.560651
v -1.522544 0.364403 -2.563078
v -1.526814 0.364434 -2.563938
v -1.531083 0.364458 -2.563099
v -1.534712 0.364476 -2.560688
v -1.537141 0.364482 -2.557074
v -1.537999 0.364475 -2.552805
v -1.537159 0.364455 -2.548532
v -1.534751 0.364428 -2.544906
v -1.531133 0.364396 -2.542478
v -1.526869 0.364365 -2.541618
v -1.522595 0.364338 -2.542458
v -1.518967 0.364322 -2.544868
v -1.516539 0.364316 -2.548482
v -1.515680 0.364322 -2.552751
v -1.516518 0.375522 -2.557024
v -1.518930 0.375549 -2.560650
v -1.522544 0.375581 -2.563078
v -1.526814 0.375612 -2.563938
v -1.531083 0.375637 -2.563099
v -1.534712 0.375654 -2.560688
v -1.537141 0.375660 -2.557074
v -1.537999 0.375653 -2.552805
v -1.537159 0.375633 -2.548532
v -1.534751 0.375606 -2.544906
v -1.531133 0.375575 -2.542478
v -1.526869 0.375544 -2.541618
v -1.522595 0.375516 -2.542458
v -1.518967 0.375500 -2.544868
v -1.516539 0.375495 -2.548482
v -1.515680 0.375501 -2.552751
v 1.945887 0.217768 -2.577534
v 1.931834 0.217911 -2.598676
v 1.910760 0.218081 -2.612832
v 1.885871 0.218242 -2.617845
v 1.860962 0.218383 -2.612952
v 1.839815 0.218468 -2.598899
v 1.825662 0.218494 -2.577824
v 1.820649 0.218455 -2.552936
v 1.825537 0.218357 -2.528024
v 1.839594 0.218216 -2.506881
v 1.860669 0.218044 -2.492725
v 1.885556 0.217882 -2.487712
v 1.910465 0.217744 -2.492605
v 1.931610 0.217655 -2.506659
v 1.945763 0.217628 -2.527734
v 1.950783 0.217667 -2.552622
v 1.945935 0.225192 -2.577512
v 1.931881 0.225332 -2.598655
v 1.910806 0.225505 -2.612811
v 1.885916 0.225668 -2.617824
v 1.861008 0.225805 -2.612931
v 1.839861 0.225897 -2.598877
v 1.825709 0.225921 -2.577802
v 1.820695 0.225881 -2.552914
v 1.825584 0.225781 -2.528003
v 1.839641 0.225638 -2.506860
v 1.860716 0.225468 -2.492704
v 1.885600 0.225307 -2.487691
v 1.910510 0.225169 -2.492584
v 1.931660 0.225087 -2.506637
v 1.945809 0.225058 -2.527712
v 1.950829 0.225095 -2.552600
v 1.912816 0.237885 -2.563887
v 1.906495 0.237950 -2.573394
v 1.897023 0.238025 -2.579758
v 1.885830 0.238099 -2.582012
v 1.874632 0.238160 -2.579812
v 1.865125 0.239363 -2.573493
v 1.858763 0.239375 -2.564018
v 1.856503 0.239357 -2.552827
v 1.858706 0.238150 -2.541627
v 1.865021 0.238082 -2.532120
v 1.874501 0.238010 -2.525755
v 1.885690 0.237936 -2.523501
v 1.896891 0.237878 -2.525701
v 1.906397 0.237832 -2.532020
v 1.912763 0.237823 -2.541497
v 1.915016 0.237840 -2.552686
v 1.896082 0.267222 -2.557003
v 1.893670 0.267249 -2.560629
v 1.890056 0.267281 -2.563057
v 1.885787 0.267311 -2.563917
v 1.881517 0.267336 -2.563077
v 1.877888 0.267353 -2.560667
v 1.875459 0.267360 -2.557052
v 1.874601 0.267353 -2.552784
v 1.875441 0.267333 -2.548511
v 1.877849 0.267305 -2.544885
v 1.881467 0.267274 -2.542457
v 1.885731 0.267243 -2.541597
v 1.890006 0.267216 -2.542436
v 1.893633 0.267200 -2.544846
v 1.896061 0.267194 -2.548461
v 1.896920 0.267200 -2.552730
v 1.896082 0.413484 -2.557003
v 1.893670 0.413511 -2.560629
v 1.890057 0.413543 -2.563057
v 1.885786 0.413574 -2.563917
v 1.881517 0.413599 -2.563077
v 1.877888 0.413616 -2.560667
v 1.875459 0.413622 -2.557052
v 1.874601 0.413615 -2.552784
v 1.875440 0.413595 -2.548511
v 1.877849 0.413568 -2.544885
v 1.881467 0.413537 -2.542457
v 1.885732 0.413506 -2.541597
v 1.890005 0.413478 -2.542436
v 1.893633 0.413462 -2.544846
v 1.896061 0.413457 -2.548461
v 1.896920 0.413463 -2.552730
v 1.896082 0.282096 -2.557003
v 1.893670 0.282123 -2.560629
v 1.890056 0.282155 -2.563057
v 1.885787 0.282185 -2.563917
v 1.881517 0.282210 -2.563077
v 1.877888 0.282227 -2.560667
v 1.875459 0.282234 -2.557052
v 1.874601 0.282227 -2.552784
v 1.875441 0.282207 -2.548511
v 1.877849 0.282179 -2.544885
v 1.881467 0.282148 -2.542457
v 1.885731 0.282117 -2.541597
v 1.890005 0.282090 -2.542436
v 1.893633 0.282074 -2.544846
v 1.896061 0.282068 -2.548462
v 1.896920 0.282074 -2.552730
v 1.896082 0.293425 -2.557003
v 1.893670 0.293453 -2.560629
v 1.890056 0.293485 -2.563057
v 1.885787 0.293515 -2.563917
v 1.881517 0.293540 -2.563077
v 1.877888 0.293557 -2.560667
v 1.875459 0.293563 -2.557052
v 1.874601 0.293557 -2.552784
v 1.875441 0.293537 -2.548511
v 1.877849 0.293509 -2.544885
v 1.881467 0.293478 -2.542457
v 1.885731 0.293447 -2.541597
v 1.890005 0.293420 -2.542436
v 1.893633 0.293404 -2.544846
v 1.896061 0.293398 -2.548462
v 1.896920 0.293404 -2.552730
v 1.896082 0.302687 -2.557003
v 1.893670 0.302714 -2.560629
v 1.890056 0.302746 -2.563057
v 1.885787 0.302777 -2.563917
v 1.881517 0.302802 -2.563077
v 1.877888 0.302818 -2.560667
v 1.875459 0.302825 -2.557052
v 1.874601 0.302818 -2.552784
v 1.875441 0.302798 -2.548511
v 1.877849 0.302771 -2.544885
v 1.881467 0.302739 -2.542457
v 1.885731 0.302709 -2.541597
v 1.890005 0.302681 -2.542436
v 1.893633 0.302665 -2.544846
v 1.896061 0.302659 -2.548462
v 1.896920 0.302665 -2.552730
v 1.896082 0.313235 -2.557003
v 1.893670 0.313262 -2.560629
v 1.890056 0.313294 -2.563057
v 1.885786 0.313325 -2.563917
v 1.881517 0.313350 -2.563077
v 1.877888 0.313367 -2.560667
v 1.875459 0.313373 -2.557052
v 1.874601 0.313366 -2.552784
v 1.875441 0.313346 -2.548511
v 1.877849 0.313319 -2.544885
v 1.881467 0.313287 -2.542457
v 1.885731 0.313257 -2.541597
v 1.890005 0.313229 -2.542436
v 1.893633 0.313213 -2.544846
v 1.896061 0.313208 -2.548462
v 1.896920 0.313213 -2.552730
v 1.896082 0.324100 -2.557003
v 1.893670 0.324128 -2.560629
v 1.890056 0.324160 -2.563057
v 1.885786 0.324190 -2.563916
v 1.881517 0.324215 -2.563077
v 1.877888 0.324232 -2.560667
v 1.875459 0.324238 -2.557052
v 1.874601 0.324232 -2.552784
v 1.875441 0.324212 -2.548511
v 1.877849 0.324184 -2.544885
v 1.881467 0.324153 -2.542457
v 1.885731 0.324122 -2.541597
v 1.890005 0.324094 -2.542436
v 1.893633 0.324079 -2.544846
v 1.896061 0.324073 -2.548462
v 1.896920 0.324079 -2.552730
v 1.896082 0.333169 -2.557003
v 1.893670 0.333197 -2.560629
v 1.890056 0.333229 -2.563057
v 1.885786 0.333260 -2.563916
v 1.881517 0.333284 -2.563077
v 1.877888 0.333301 -2.560667
v 1.875459 0.333307 -2.557052
v 1.874601 0.333301 -2.552784
v 1.875441 0.333281 -2.548511
v 1.877849 0.333253 -2.544885
v 1.881467 0.333222 -2.542457
v 1.885731 0.333191 -2.541597
v 1.890005 0.333164 -2.542436
v 1.893633 0.333148 -2.544846
v 1.896061 0.333142 -2.548461
v 1.896920 0.333148 -2.552730
v 1.896082 0.343464 -2.557003
v 1.893670 0.343492 -2.560629
v 1.890056 0.343524 -2.563057
v 1.885786 0.343554 -2.563916
v 1.881517 0.343579 -2.563077
v 1.877888 0.343596 -2.560667
v 1.875459 0.343602 -2.557052
v 1.874601 0.343596 -2.552784
v 1.875441 0.343575 -2.548511
v 1.877849 0.343548 -2.544885
v 1.881467 0.343517 -2.542457
v 1.885731 0.343486 -2.541597
v 1.890005 0.343458 -2.542436
v 1.893633 0.343443 -2.544846
v 1.896061 0.343437 -2.548461
v 1.896920 0.343443 -2.552730
v 1.896082 0.354228 -2.557003
v 1.893670 0.354256 -2.560629
v 1.890056 0.354288 -2.563057
v 1.885786 0.354318 -2.563916
v 1.881517 0.354343 -2.563077
v 1.877888 0.354360 -2.560667
v 1.875459 0.354366 -2.557052
v 1.874601 0.354360 -2.552784
v 1.875441 0.354339 -2.548511
v 1.877849 0.354312 -2.544885
v 1.881467 0.354281 -2.542457
v 1.885731 0.354250 -2.541597
v 1.890005 0.354222 -2.542436
v 1.893633 0.354207 -2.544846
v 1.896061 0.354201 -2.548461
v 1.896920 0.354207 -2.552730
v 1.896082 0.364344 -2.557003
v 1.893670 0.364371 -2.560629
v 1.890056 0.364403 -2.563057
v 1.885786 0.364434 -2.563916
v 1.881517 0.364458 -2.563077
v 1.877888 0.364476 -2.560667
v 1.875459 0.364482 -2.557052
v 1.874601 0.364475 -2.552784
v 1.875441 0.364455 -2.548511
v 1.877849 0.364428 -2.544885
v 1.881467 0.364396 -2.542457
v 1.885731 0.364365 -2.541597
v 1.890005 0.364338 -2.542436
v 1.893633 0.364322 -2.544846
v 1.896061 0.364316 -2.548461
v 1.896920 0.364322 -2.552730
v 1.896082 0.375522 -2.557003
v 1.893670 0.375549 -2.560629
v 1.890056 0.375581 -2.563057
v 1.885786 0.375612 -2.563916
v 1.881517 0.375637 -2.563077
v 1.877888 0.375654 -2.560667
v 1.875459 0.375660 -2.557052
v 1.874601 0.375653 -2.552784
v 1.875441 0.375633 -2.548511
v 1.877850 0.375606 -2.544885
v 1.881467 0.375575 -2.542457
v 1.885731 0.375544 -2.541597
v 1.890005 0.375516 -2.542436
v 1.893633 0.375500 -2.544846
v 1.896061 0.375495 -2.548461
v 1.896920 0.375501 -2.552730
v 1.879785 0.217768 -2.169418
v 1.865732 0.217911 -2.190561
v 1.844658 0.218081 -2.204716
v 1.819769 0.218242 -2.209730
v 1.794859 0.218383 -2.204837
v 1.773712 0.218468 -2.190783
v 1.759560 0.218494 -2.169709
v 1.754547 0.218455 -2.144820
v 1.759435 0.218357 -2.119908
v 1.773492 0.218216 -2.098765
v 1.794566 0.218044 -2.084610
v 1.819453 0.217882 -2.079597
v 1.844362 0.217744 -2.084489
v 1.865508 0.217655 -2.098543
v 1.879660 0.217628 -2.119619
v 1.884680 0.217667 -2.144506
v 1.879833 0.225192 -2.169397
v 1.865778 0.225332 -2.190539
v 1.844704 0.225505 -2.204695
v 1.819813 0.225668 -2.209708
v 1.794906 0.225805 -2.204815
v 1.773758 0.225897 -2.190761
v 1.759606 0.225921 -2.169687
v 1.754593 0.225881 -2.144799
v 1.759481 0.225781 -2.119887
v 1.773538 0.225638 -2.098744
v 1.794613 0.225468 -2.084588
v 1.819498 0.225307 -2.079575
v 1.844407 0.225169 -2.084468
v 1.865558 0.225087 -2.098521
v 1.879707 0.225058 -2.119596
v 1.884727 0.225095 -2.144485
v 1.846714 0.237885 -2.155771
v 1.840392 0.237950 -2.165278
v 1.830921 0.238025 -2.171642
v 1.819727 0.238099 -2.173897
v 1.808529 0.238160 -2.171696
v 1.799023 0.239363 -2.165378
v 1.792661 0.239375 -2.155902
v 1.790401 0.239357 -2.144712
v 1.792604 0.238150 -2.133511
v 1.798919 0.238082 -2.124004
v 1.808398 0.238010 -2.117640
v 1.819587 0.237936 -2.115386
v 1.830789 0.237878 -2.117586
v 1.840295 0.237832 -2.123904
v 1.846660 0.237823 -2.133381
v 1.848914 0.237840 -2.144570
v 1.829980 0.267222 -2.148887
v 1.827568 0.267249 -2.152513
v 1.823954 0.267281 -2.154941
v 1.819684 0.267311 -2.155801
v 1.815414 0.267336 -2.154962
v 1.811786 0.267353 -2.152551
v 1.809357 0.267360 -2.148937
v 1.808498 0.267353 -2.144668
v 1.809338 0.267333 -2.140395
v 1.811747 0.267305 -2.136769
v 1.815365 0.267274 -2.134341
v 1.819629 0.267243 -2.133482
v 1.823903 0.267216 -2.134321
v 1.827531 0.267200 -2.136730
v 1.829958 0.267194 -2.140346
v 1.830818 0.267200 -2.144614
v 1.829980 0.413484 -2.148887
v 1.827568 0.413511 -2.152513
v 1.823954 0.413543 -2.154941
v 1.819684 0.413574 -2.155801
v 1.815415 0.413599 -2.154962
v 1.811786 0.413616 -2.152551
v 1.809357 0.413622 -2.148937
v 1.808499 0.413615 -2.144668
v 1.809338 0.413595 -2.140395
v 1.811747 0.413568 -2.136769
v 1.815365 0.413537 -2.134341
v 1.819630 0.413506 -2.133482
v 1.823903 0.413478 -2.134321
v 1.827531 0.413462 -2.136730
v 1.829958 0.413457 -2.140346
v 1.830818 0.413463 -2.144614
v 1.829980 0.282096 -2.148887
v 1.827568 0.282123 -2.152513
v 1.823954 0.282155 -2.154941
v 1.819684 0.282185 -2.155801
v 1.815415 0.282210 -2.154962
v 1.811786 0.282227 -2.152551
v 1.809357 0.282234 -2.148937
v 1.808498 0.282227 -2.144668
v 1.809338 0.282207 -2.140395
v 1.811747 0.282179 -2.136769
v 1.815365 0.282148 -2.134341
v 1.819629 0.282117 -2.133482
v 1.823903 0.282090 -2.134321
v 1.827531 0.282074 -2.136730
v 1.829958 0.282068 -2.140346
v 1.830818 0.282074 -2.144614
v 1.829980 0.293425 -2.148887
v 1.827568 0.293453 -2.152513
v 1.823954 0.293485 -2.154941
v 1.819684 0.293515 -2.155801
v 1.815415 0.293540 -2.154962
v 1.811786 0.293557 -2.152551
v 1.809357 0.293563 -2.148937
v 1.808498 0.293557 -2.144668
v 1.809338 0.293537 -2.140395
v 1.811747 0.293509 -2.136769
v 1.815365 0.293478 -2.134341
v 1.819629 0.293447 -2.133482
v 1.823903 0.293420 -2.134321
v 1.827531 0.293404 -2.136730
v 1.829958 0.293398 -2.140346
v 1.830818 0.293404 -2.144614
v 1.829980 0.302687 -2.148887
v 1.827568 0.302714 -2.152513
v 1.823954 0.302746 -2.154941
v 1.819684 0.302777 -2.155801
v 1.815415 0.302802 -2.154962
v 1.811786 0.302818 -2.152551
v 1.809357 0.302825 -2.148937
v 1.808498 0.302818 -2.144668
v 1.809338 0.302798 -2.140395
v 1.811747 0.302771 -2.136769
v 1.815365 0.302739 -2.134341
v 1.819629 0.302709 -2.133482
v 1.823903 0.302681 -2.134321
v 1.827531 0.302665 -2.136730
v 1.829958 0.302659 -2.140346
v 1.830818 0.302665 -2.144614
v 1.829980 0.313235 -2.148887
v 1.827568 0.313262 -2.152513
v 1.823954 0.313294 -2.154941
v 1.819684 0.313325 -2.155801
v 1.815415 0.313350 -2.154962
v 1.811786 0.313367 -2.152551
v 1.809357 0.313373 -2.148937
v 1.808498 0.313366 -2.144668
v 1.809338 0.313346 -2.140395
v 1.811747 0.313319 -2.136769
v 1.815365 0.313287 -2.134341
v 1.819629 0.313257 -2.133482
v 1.823903 0.313229 -2.134321
v 1.827531 0.313213 -2.136730
v 1.829958 0.313208 -2.140346
v 1.830818 0.313213 -2.144614
v 1.829980 0.324100 -2.148887
v 1.827568 0.324128 -2.152513
v 1.823954 0.324160 -2.154941
v 1.819684 0.324190 -2.155801
v 1.815415 0.324215 -2.154962
v 1.811786 0.324232 -2.152551
v 1.809357 0.324238 -2.148937
v 1.808498 0.324232 -2.144668
v 1.809338 0.324212 -2.140395
v 1.811747 0.324184 -2.136769
v 1.815365 0.324153 -2.134341
v 1.819629 0.324122 -2.133482
v 1.823903 0.324094 -2.134321
v 1.827531 0.324079 -2.136730
v 1.829958 0.324073 -2.140346
v 1.830818 0.324079 -2.144614
v 1.829980 0.333169 -2.148887
v 1.827568 0.333197 -2.152513
v 1.823954 0.333229 -2.154941
v 1.819684 0.333260 -2.155801
v 1.815415 0.333284 -2.154962
v 1.811786 0.333301 -2.152551
v 1.809357 0.333307 -2.148937
v 1.808498 0.333301 -2.144668
v 1.809338 0.333281 -2.140395
v 1.811747 0.333253 -2.136769
v 1.815365 0.333222 -2.134341
v 1.819629 0.333191 -2.133482
v 1.823903 0.333164 -2.134321
v 1.827531 0.333148 -2.136730
v 1.829958 0.333142 -2.140346
v 1.830818 0.333148 -2.144614
v 1.829980 0.343464 -2.148887
v 1.827568 0.343492 -2.152513
v 1.823954 0.343524 -2.154941
v 1.819684 0.343554 -2.155801
v 1.815415 0.343579 -2.154962
v 1.811786 0.343596 -2.152551
v 1.809357 0.343602 -2.148937
v 1.808498 0.343596 -2.144668
v 1.809338 0.343575 -2.140395
v 1.811747 0.343548 -2.136769
v 1.815365 0.343517 -2.134341
v 1.819629 0.343486 -2.133482
v 1.823903 0.343458 -2.134321
v 1.827531 0.343443 -2.136730
v 1.829958 0.343437 -2.140346
v 1.830818 0.343443 -2.144614
v 1.829980 0.354228 -2.148887
v 1.827568 0.354256 -2.152513
v 1.823954 0.354288 -2.154941
v 1.819684 0.354318 -2.155801
v 1.815415 0.354343 -2.154962
v 1.811786 0.354360 -2.152551
v 1.809357 0.354366 -2.148937
v 1.808499 0.354360 -2.144668
v 1.809338 0.354339 -2.140395
v 1.811747 0.354312 -2.136769
v 1.815365 0.354281 -2.134341
v 1.819629 0.354250 -2.133481
v 1.823903 0.354222 -2.134321
v 1.827531 0.354207 -2.136730
v 1.829958 0.354201 -2.140345
v 1.830818 0.354207 -2.144614
v 1.829980 0.364344 -2.148887
v 1.827568 0.364371 -2.152513
v 1.823954 0.364403 -2.154941
v 1.819684 0.364434 -2.155801
v 1.815415 0.364458 -2.154962
v 1.811786 0.364476 -2.152551
v 1.809357 0.364482 -2.148937
v 1.808499 0.364475 -2.144668
v 1.809338 0.364455 -2.140395
v 1.811747 0.364428 -2.136769
v 1.815365 0.364396 -2.134341
v 1.819629 0.364365 -2.133481
v 1.823903 0.364338 -2.134321
v 1.827531 0.364322 -2.136730
v 1.829958 0.364316 -2.140345
v 1.830818 0.364322 -2.144614
v 1.829980 0.375522 -2.148887
v 1.827568 0.375549 -2.152513
v 1.823954 0.375581 -2.154941
v 1.819684 0.375612 -2.155801
v 1.815415 0.375637 -2.154962
v 1.811786 0.375654 -2.152551
v 1.809357 0.375660 -2.148937
v 1.808499 0.375653 -2.144668
v 1.809338 0.375633 -2.140395
v 1.811747 0.375606 -2.136769
v 1.815365 0.375575 -2.134341
v 1.819629 0.375544 -2.133481
v 1.823903 0.375516 -2.134321
v 1.827531 0.375500 -2.136730
v 1.829958 0.375495 -2.140345
v 1.830818 0.375501 -2.144614
v -1.392299 0.217768 -2.144379
v -1.406352 0.217911 -2.165521
v -1.427426 0.218081 -2.179677
v -1.452315 0.218242 -2.184690
v -1.477224 0.218383 -2.179797
v -1.498371 0.218468 -2.165744
v -1.512524 0.218494 -2.144669
v -1.517537 0.218455 -2.119780
v -1.512649 0.218357 -2.094869
v -1.498592 0.218216 -2.073725
v -1.477517 0.218044 -2.059570
v -1.452631 0.217882 -2.054557
v -1.427722 0.217744 -2.059449
v -1.406576 0.217655 -2.073504
v -1.392424 0.217628 -2.094579
v -1.387403 0.217667 -2.119467
v -1.392251 0.225192 -2.144357
v -1.406305 0.225332 -2.165500
v -1.427380 0.225505 -2.179656
v -1.452271 0.225668 -2.184668
v -1.477178 0.225805 -2.179776
v -1.498325 0.225897 -2.165722
v -1.512477 0.225921 -2.144647
v -1.517491 0.225881 -2.119759
v -1.512602 0.225781 -2.094848
v -1.498545 0.225638 -2.073704
v -1.477471 0.225468 -2.059549
v -1.452586 0.225307 -2.054536
v -1.427677 0.225169 -2.059428
v -1.406526 0.225087 -2.073482
v -1.392377 0.225058 -2.094557
v -1.387357 0.225095 -2.119445
v -1.425370 0.237885 -2.130732
v -1.431691 0.237950 -2.140238
v -1.441163 0.238025 -2.146603
v -1.452356 0.238099 -2.148857
v -1.463554 0.238160 -2.146657
v -1.473061 0.239363 -2.140338
v -1.479423 0.239375 -2.130863
v -1.481683 0.239357 -2.119672
v -1.479480 0.238150 -2.108472
v -1.473165 0.238082 -2.098965
v -1.463686 0.238010 -2.092601
v -1.452496 0.237936 -2.090346
v -1.441295 0.237878 -2.092546
v -1.431789 0.237832 -2.098865
v -1.425424 0.237823 -2.108341
v -1.423170 0.237840 -2.119531
v -1.442104 0.267222 -2.123848
v -1.444516 0.267249 -2.127474
v -1.448130 0.267281 -2.129902
v -1.452399 0.267311 -2.130761
v -1.456669 0.267336 -2.129922
v -1.460298 0.267353 -2.127512
v -1.462727 0.267360 -2.123897
v -1.463585 0.267353 -2.119629
v -1.462745 0.267333 -2.115356
v -1.460337 0.267305 -2.111730
v -1.456719 0.267274 -2.109301
v -1.452455 0.267243 -2.108442
v -1.448181 0.267216 -2.109281
v -1.444553 0.267200 -2.111691
v -1.442125 0.267194 -2.115306
v -1.441266 0.267200 -2.119574
v -1.442104 0.413484 -2.123848
v -1.444516 0.413511 -2.127474
v -1.448130 0.413543 -2.129902
v -1.452400 0.413574 -2.130761
v -1.456669 0.413599 -2.129922
v -1.460298 0.413616 -2.127512
v -1.462727 0.413622 -2.123897
v -1.463585 0.413615 -2.119629
v -1.462746 0.413595 -2.115356
v -1.460337 0.413568 -2.111730
v -1.456719 0.413537 -2.109301
v -1.452454 0.413506 -2.108442
v -1.448181 0.413478 -2.109281
v -1.444553 0.413462 -2.111691
v -1.442125 0.413457 -2.115306
v -1.441266 0.413463 -2.119574
v -1.442104 0.282096 -2.123848
v -1.444516 0.282123 -2.127474
v -1.448130 0.282155 -2.129902
v -1.452399 0.282185 -2.130761
v -1.456669 0.282210 -2.129922
v -1.460298 0.282227 -2.127512
v -1.462727 0.282234 -2.123897
v -1.463585 0.282227 -2.119629
v -1.462745 0.282207 -2.115356
v -1.460337 0.282179 -2.111730
v -1.456719 0.282148 -2.109301
v -1.452455 0.282117 -2.108442
v -1.448181 0.282090 -2.109281
v -1.444553 0.282074 -2.111691
v -1.442125 0.282068 -2.115307
v -1.441266 0.282074 -2.119574
v -1.442104 0.293425 -2.123848
v -1.444516 0.293453 -2.127474
v -1.448130 0.293485 -2.129902
v -1.452399 0.293515 -2.130761
v -1.456669 0.293540 -2.129922
v -1.460298 0.293557 -2.127512
v -1.462727 0.293563 -2.123897
v -1.463585 0.293557 -2.119629
v -1.462745 0.293537 -2.115356
v -1.460337 0.293509 -2.111730
v -1.456719 0.293478 -2.109301
v -1.452455 0.293447 -2.108442
v -1.448181 0.293420 -2.109281
v -1.444553 0.293404 -2.111691
v -1.442125 0.293398 -2.115307
v -1.441266 0.293404 -2.119574
v -1.442104 0.302687 -2.123848
v -1.444516 0.302714 -2.127474
v -1.448130 0.302746 -2.129902
v -1.452400 0.302777 -2.130761
v -1.456669 0.302802 -2.129922
v -1.460298 0.302818 -2.127512
v -1.462727 0.302825 -2.123897
v -1.463585 0.302818 -2.119629
v -1.462745 0.302798 -2.115356
v -1.460337 0.302771 -2.111730
v -1.456719 0.302739 -2.109301
v -1.452455 0.302709 -2.108442
v -1.448181 0.302681 -2.109281
v -1.444553 0.302665 -2.111691
v -1.442125 0.302659 -2.115307
v -1.441266 0.302665 -2.119574
v -1.442104 0.313235 -2.123848
v -1.444516 0.313262 -2.127474
v -1.448130 0.313294 -2.129902
v -1.452400 0.313325 -2.130761
v -1.456669 0.313350 -2.129922
v -1.460298 0.313367 -2.127512
v -1.462727 0.313373 -2.123897
v -1.463585 0.313366 -2.119629
v -1.462745 0.313346 -2.115356
v -1.460337 0.313319 -2.111730
v -1.456719 0.313287 -2.109302
v -1.452455 0.313257 -2.108442
v -1.448181 0.313229 -2.109281
v -1.444553 0.313213 -2.111691
v -1.442125 0.313208 -2.115307
v -1.441266 0.313213 -2.119574
v -1.442104 0.324100 -2.123848
v -1.444516 0.324128 -2.127474
v -1.448130 0.324160 -2.129902
v -1.452400 0.324190 -2.130761
v -1.456669 0.324215 -2.129922
v -1.460298 0.324232 -2.127512
v -1.462727 0.324238 -2.123897
v -1.463585 0.324232 -2.119629
v -1.462745 0.324212 -2.115356
v -1.460337 0.324184 -2.111730
v -1.456719 0.324153 -2.109302
v -1.452455 0.324122 -2.108442
v -1.448181 0.324094 -2.109281
v -1.444553 0.324079 -2.111691
v -1.442125 0.324073 -2.115307
v -1.441266 0.324079 -2.119574
v -1.442104 0.333169 -2.123847
v -1.444516 0.333197 -2.127474
v -1.448130 0.333229 -2.129902
v -1.452400 0.333260 -2.130761
v -1.456669 0.333284 -2.129922
v -1.460298 0.333301 -2.127512
v -1.462727 0.333307 -2.123897
v -1.463585 0.333301 -2.119629
v -1.462745 0.333281 -2.115356
v -1.460337 0.333253 -2.111730
v -1.456719 0.333222 -2.109302
v -1.452455 0.333191 -2.108442
v -1.448181 0.333164 -2.109281
v -1.444553 0.333148 -2.111691
v -1.442125 0.333142 -2.115306
v -1.441266 0.333148 -2.119574
v -1.442104 0.343464 -2.123847
v -1.444516 0.343492 -2.127474
v -1.448130 0.343524 -2.129902
v -1.452400 0.343554 -2.130761
v -1.456669 0.343579 -2.129922
v -1.460298 0.343596 -2.127512
v -1.462727 0.343602 -2.123897
v -1.463585 0.343596 -2.119629
v -1.462745 0.343575 -2.115356
v -1.460337 0.343548 -2.111730
v -1.456719 0.343517 -2.109302
v -1.452455 0.343486 -2.108442
v -1.448181 0.343458 -2.109281
v -1.444553 0.343443 -2.111691
v -1.442125 0.343437 -2.115306
v -1.441266 0.343443 -2.119575
v -1.442104 0.354228 -2.123847
v -1.444516 0.354256 -2.127474
v -1.448130 0.354288 -2.129902
v -1.452400 0.354318 -2.130761
v -1.456669 0.354343 -2.129922
v -1.460298 0.354360 -2.127512
v -1.462727 0.354366 -2.123897
v -1.463585 0.354360 -2.119629
v -1.462745 0.354339 -2.115356
v -1.460337 0.354312 -2.111730
v -1.456719 0.354281 -2.109301
v -1.452455 0.354250 -2.108442
v -1.448181 0.354222 -2.109281
v -1.444553 0.354207 -2.111691
v -1.442125 0.354201 -2.115306
v -1.441266 0.354207 -2.119575
v -1.442104 0.364344 -2.123847
v -1.444516 0.364371 -2.127474
v -1.448130 0.364403 -2.129902
v -1.452400 0.364434 -2.130761
v -1.456669 0.364458 -2.129922
v -1.460298 0.364476 -2.127512
v -1.462727 0.364482 -2.123897
v -1.463585 0.364475 -2.119629
v -1.462745 0.364455 -2.115356
v -1.460337 0.364428 -2.111730
v -1.456719 0.364396 -2.109301
v -1.452455 0.364365 -2.108442
v -1.448181 0.364338 -2.109281
v -1.444553 0.364322 -2.111691
v -1.442125 0.364316 -2.115306
v -1.441266 0.364322 -2.119575
v -1.442104 0.375522 -2.123847
v -1.444516 0.375549 -2.127474
v -1.448130 0.375581 -2.129902
v -1.452400 0.375612 -2.130761
v -1.456669 0.375637 -2.129922
v -1.460298 0.375654 -2.127512
v -1.462727 0.375660 -2.123897
v -1.463585 0.375653 -2.119629
v -1.462745 0.375633 -2.115356
v -1.460337 0.375606 -2.111730
v -1.456719 0.375575 -2.109301
v -1.452455 0.375544 -2.108442
v -1.448181 0.375516 -2.109281
v -1.444553 0.375500 -2.111691
v -1.442125 0.375495 -2.115306
v -1.441266 0.375501 -2.119574
v 1.814672 0.593069 0.181785
v 1.814682 0.593059 -0.024091
v 1.915082 0.478769 0.181763
v 1.914555 0.372688 0.181731
v 1.915082 0.478769 -0.024089
v 1.911070 0.371913 -0.024842
v 1.914555 0.372688 -0.024056
v -1.450171 0.593069 -0.024113
v -1.450181 0.593059 0.181765
v -1.550581 0.478769 -0.024090
v -1.550054 0.372688 -0.024058
v -1.550581 0.478769 0.181762
v -1.550054 0.372688 0.181729
v -1.391800 0.217768 0.055571
v -1.405853 0.217911 0.034428
v -1.426927 0.218081 0.020272
v -1.451816 0.218242 0.015259
v -1.476726 0.218384 0.020152
v -1.497873 0.218468 0.034206
v -1.512025 0.218494 0.055280
v -1.517038 0.218456 0.080169
v -1.512150 0.218357 0.105080
v -1.498094 0.218216 0.126224
v -1.477019 0.218044 0.140379
v -1.452132 0.217882 0.145392
v -1.427223 0.217744 0.140500
v -1.406077 0.217655 0.126446
v -1.391925 0.217628 0.105370
v -1.386904 0.217668 0.080482
v -1.391753 0.225192 0.055592
v -1.405806 0.225333 0.034449
v -1.426881 0.225505 0.020294
v -1.451772 0.225668 0.015281
v -1.476679 0.225805 0.020174
v -1.497827 0.225897 0.034227
v -1.511979 0.225921 0.055302
v -1.516992 0.225881 0.080190
v -1.512103 0.225781 0.105102
v -1.498047 0.225638 0.126245
v -1.476972 0.225468 0.140401
v -1.452087 0.225307 0.145414
v -1.427178 0.225169 0.140521
v -1.406027 0.225087 0.126467
v -1.391878 0.225058 0.105392
v -1.386858 0.225095 0.080504
v -1.424871 0.237885 0.069218
v -1.431193 0.237950 0.059711
v -1.440664 0.238025 0.053347
v -1.451857 0.238099 0.051092
v -1.463056 0.238160 0.053292
v -1.472563 0.239363 0.059611
v -1.478924 0.239375 0.069087
v -1.481184 0.239358 0.080277
v -1.478981 0.238150 0.091478
v -1.472666 0.238082 0.100984
v -1.463187 0.238010 0.107349
v -1.451997 0.237936 0.109603
v -1.440796 0.237878 0.107403
v -1.431290 0.237832 0.101084
v -1.424925 0.237823 0.091608
v -1.422671 0.237841 0.080418
v -1.441605 0.267222 0.076102
v -1.444017 0.267249 0.072476
v -1.447631 0.267281 0.070048
v -1.451901 0.267312 0.069188
v -1.456170 0.267336 0.070027
v -1.459799 0.267353 0.072438
v -1.462228 0.267360 0.076052
v -1.463087 0.267353 0.080321
v -1.462246 0.267333 0.084594
v -1.459838 0.267305 0.088220
v -1.456220 0.267274 0.090648
v -1.451956 0.267243 0.091507
v -1.447682 0.267216 0.090668
v -1.444054 0.267200 0.088258
v -1.441626 0.267194 0.084643
v -1.440767 0.267200 0.080375
v -1.441605 0.413484 0.076102
v -1.444017 0.413511 0.072476
v -1.447631 0.413543 0.070048
v -1.451901 0.413575 0.069188
v -1.456170 0.413599 0.070027
v -1.459799 0.413616 0.072438
v -1.462228 0.413622 0.076052
v -1.463086 0.413615 0.080321
v -1.462247 0.413595 0.084594
v -1.459838 0.413568 0.088220
v -1.456220 0.413537 0.090648
v -1.451956 0.413506 0.091507
v -1.447682 0.413478 0.090668
v -1.444054 0.413462 0.088258
v -1.441626 0.413457 0.084643
v -1.440767 0.413463 0.080375
v -1.441605 0.282096 0.076102
v -1.444017 0.282123 0.072475
v -1.447631 0.282155 0.070048
v -1.451901 0.282186 0.069188
v -1.456170 0.282210 0.070027
v -1.459799 0.282227 0.072438
v -1.462228 0.282234 0.076052
v -1.463087 0.282227 0.080321
v -1.462247 0.282207 0.084594
v -1.459838 0.282179 0.088220
v -1.456220 0.282148 0.090648
v -1.451956 0.282117 0.091507
v -1.447682 0.282090 0.090668
v -1.444054 0.282074 0.088258
v -1.441627 0.282068 0.084643
v -1.440767 0.282074 0.080375
v -1.441605 0.293426 0.076102
v -1.444017 0.293453 0.072475
v -1.447631 0.293485 0.070048
v -1.451901 0.293515 0.069188
v -1.456170 0.293540 0.070027
v -1.459799 0.293557 0.072438
v -1.462228 0.293564 0.076052
v -1.463087 0.293557 0.080321
v -1.462247 0.293537 0.084594
v -1.459838 0.293509 0.088220
v -1.456220 0.293478 0.090648
v -1.451956 0.293447 0.091507
v -1.447682 0.293420 0.090668
v -1.444054 0.293404 0.088258
v -1.441627 0.293398 0.084643
v -1.440767 0.293404 0.080375
v -1.441605 0.302687 0.076102
v -1.444017 0.302715 0.072475
v -1.447631 0.302747 0.070048
v -1.451901 0.302777 0.069188
v -1.456170 0.302802 0.070027
v -1.459799 0.302819 0.072438
v -1.462228 0.302825 0.076052
v -1.463087 0.302819 0.080321
v -1.462247 0.302798 0.084594
v -1.459838 0.302771 0.088220
v -1.456220 0.302740 0.090648
v -1.451956 0.302709 0.091507
v -1.447682 0.302681 0.090668
v -1.444054 0.302666 0.088258
v -1.441627 0.302660 0.084643
v -1.440767 0.302666 0.080375
v -1.441605 0.313235 0.076102
v -1.444017 0.313263 0.072475
v -1.447631 0.313295 0.070048
v -1.451901 0.313325 0.069188
v -1.456170 0.313350 0.070027
v -1.459799 0.313367 0.072438
v -1.462228 0.313373 0.076052
v -1.463087 0.313367 0.080321
v -1.462247 0.313346 0.084594
v -1.459838 0.313319 0.088220
v -1.456220 0.313288 0.090647
v -1.451956 0.313257 0.091507
v -1.447682 0.313229 0.090668
v -1.444054 0.313214 0.088258
v -1.441627 0.313208 0.084643
v -1.440767 0.313214 0.080375
v -1.441605 0.324100 0.076102
v -1.444017 0.324128 0.072475
v -1.447631 0.324160 0.070048
v -1.451901 0.324191 0.069188
v -1.456170 0.324215 0.070027
v -1.459799 0.324232 0.072438
v -1.462228 0.324238 0.076052
v -1.463087 0.324232 0.080321
v -1.462247 0.324212 0.084594
v -1.459838 0.324184 0.088220
v -1.456220 0.324153 0.090647
v -1.451956 0.324122 0.091507
v -1.447682 0.324095 0.090668
v -1.444054 0.324079 0.088258
v -1.441627 0.324073 0.084643
v -1.440767 0.324079 0.080375
v -1.441605 0.333170 0.076102
v -1.444017 0.333197 0.072475
v -1.447631 0.333229 0.070048
v -1.451901 0.333260 0.069188
v -1.456170 0.333284 0.070027
v -1.459799 0.333301 0.072438
v -1.462228 0.333308 0.076052
v -1.463086 0.333301 0.080321
v -1.462247 0.333281 0.084594
v -1.459838 0.333254 0.088220
v -1.456220 0.333222 0.090647
v -1.451956 0.333191 0.091507
v -1.447682 0.333164 0.090668
v -1.444054 0.333148 0.088258
v -1.441627 0.333142 0.084643
v -1.440767 0.333148 0.080375
v -1.441605 0.343464 0.076102
v -1.444017 0.343492 0.072475
v -1.447631 0.343524 0.070048
v -1.451901 0.343555 0.069188
v -1.456170 0.343579 0.070027
v -1.459799 0.343596 0.072438
v -1.462228 0.343602 0.076052
v -1.463086 0.343596 0.080321
v -1.462247 0.343576 0.084594
v -1.459838 0.343548 0.088220
v -1.456220 0.343517 0.090647
v -1.451956 0.343486 0.091507
v -1.447682 0.343458 0.090668
v -1.444054 0.343443 0.088258
v -1.441627 0.343437 0.084643
v -1.440767 0.343443 0.080374
v -1.441605 0.354228 0.076102
v -1.444017 0.354256 0.072475
v -1.447631 0.354288 0.070048
v -1.451901 0.354319 0.069188
v -1.456170 0.354343 0.070027
v -1.459799 0.354360 0.072438
v -1.462228 0.354366 0.076052
v -1.463086 0.354360 0.080321
v -1.462247 0.354340 0.084594
v -1.459838 0.354312 0.088220
v -1.456220 0.354281 0.090648
v -1.451956 0.354250 0.091508
v -1.447682 0.354222 0.090668
v -1.444054 0.354207 0.088258
v -1.441627 0.354201 0.084643
v -1.440767 0.354207 0.080374
v -1.441605 0.364344 0.076102
v -1.444017 0.364371 0.072475
v -1.447631 0.364403 0.070048
v -1.451901 0.364434 0.069188
v -1.456170 0.364459 0.070027
v -1.459799 0.364476 0.072438
v -1.462228 0.364482 0.076052
v -1.463086 0.364475 0.080321
v -1.462247 0.364455 0.084594
v -1.459838 0.364428 0.088220
v -1.456220 0.364396 0.090648
v -1.451956 0.364365 0.091508
v -1.447682 0.364338 0.090668
v -1.444054 0.364322 0.088258
v -1.441627 0.364317 0.084643
v -1.440767 0.364323 0.080374
v -1.441605 0.375522 0.076102
v -1.444017 0.375550 0.072476
v -1.447631 0.375582 0.070048
v -1.451901 0.375613 0.069188
v -1.456170 0.375637 0.070027
v -1.459799 0.375654 0.072438
v -1.462228 0.375660 0.076052
v -1.463086 0.375654 0.080321
v -1.462247 0.375633 0.084594
v -1.459838 0.375606 0.088220
v -1.456220 0.375575 0.090648
v -1.451956 0.375544 0.091508
v -1.447682 0.375516 0.090668
v -1.444054 0.375501 0.088258
v -1.441627 0.375495 0.084643
v -1.440767 0.375501 0.080375
v 1.881608 0.217768 0.032471
v 1.867555 0.217911 0.011328
v 1.846481 0.218081 -0.002827
v 1.821592 0.218242 -0.007841
v 1.796682 0.218384 -0.002948
v 1.775535 0.218468 0.011106
v 1.761382 0.218494 0.032180
v 1.756369 0.218456 0.057069
v 1.761257 0.218357 0.081981
v 1.775314 0.218216 0.103124
v 1.796389 0.218044 0.117279
v 1.821276 0.217882 0.122292
v 1.846185 0.217744 0.117400
v 1.867331 0.217655 0.103346
v 1.881483 0.217628 0.082270
v 1.886503 0.217668 0.057383
v 1.881655 0.225192 0.032492
v 1.867601 0.225333 0.011350
v 1.846527 0.225505 -0.002806
v 1.821636 0.225668 -0.007819
v 1.796728 0.225805 -0.002926
v 1.775581 0.225897 0.011128
v 1.761429 0.225921 0.032202
v 1.756416 0.225881 0.057090
v 1.761304 0.225781 0.082002
v 1.775361 0.225638 0.103145
v 1.796436 0.225468 0.117301
v 1.821320 0.225307 0.122314
v 1.846230 0.225169 0.117421
v 1.867380 0.225087 0.103368
v 1.881530 0.225058 0.082293
v 1.886549 0.225095 0.057404
v 1.848537 0.237885 0.046118
v 1.842215 0.237950 0.036611
v 1.832743 0.238025 0.030247
v 1.821550 0.238099 0.027993
v 1.810352 0.238160 0.030193
v 1.800845 0.239363 0.036511
v 1.794484 0.239375 0.045987
v 1.792224 0.239358 0.057177
v 1.794427 0.238150 0.068378
v 1.800742 0.238082 0.077885
v 1.810221 0.238010 0.084249
v 1.821410 0.237936 0.086503
v 1.832612 0.237878 0.084303
v 1.842118 0.237832 0.077985
v 1.848483 0.237823 0.068508
v 1.850737 0.237841 0.057319
v 1.831803 0.267222 0.053002
v 1.829390 0.267249 0.049376
v 1.825777 0.267281 0.046948
v 1.821507 0.267312 0.046088
v 1.817237 0.267336 0.046927
v 1.813608 0.267353 0.049338
v 1.811179 0.267360 0.052952
v 1.810321 0.267353 0.057221
v 1.811161 0.267333 0.061494
v 1.813570 0.267305 0.065120
v 1.817188 0.267274 0.067548
v 1.821452 0.267243 0.068407
v 1.825726 0.267216 0.067568
v 1.829353 0.267200 0.065158
v 1.831781 0.267194 0.061543
v 1.832641 0.267200 0.057275
v 1.831802 0.413484 0.053002
v 1.829391 0.413511 0.049376
v 1.825777 0.413543 0.046948
v 1.821507 0.413575 0.046088
v 1.817238 0.413599 0.046927
v 1.813608 0.413616 0.049338
v 1.811179 0.413622 0.052952
v 1.810321 0.413615 0.057221
v 1.811161 0.413595 0.061494
v 1.813570 0.413568 0.065120
v 1.817188 0.413537 0.067548
v 1.821452 0.413506 0.068407
v 1.825726 0.413478 0.067568
v 1.829354 0.413462 0.065158
v 1.831781 0.413457 0.061543
v 1.832641 0.413463 0.057275
v 1.831803 0.282096 0.053002
v 1.829390 0.282123 0.049376
v 1.825777 0.282155 0.046948
v 1.821507 0.282186 0.046088
v 1.817237 0.282210 0.046927
v 1.813608 0.282227 0.049338
v 1.811179 0.282234 0.052952
v 1.810321 0.282227 0.057221
v 1.811161 0.282207 0.061494
v 1.813570 0.282179 0.065120
v 1.817188 0.282148 0.067548
v 1.821452 0.282117 0.068407
v 1.825726 0.282090 0.067568
v 1.829353 0.282074 0.065158
v 1.831781 0.282068 0.061543
v 1.832641 0.282074 0.057275
v 1.831803 0.293426 0.053002
v 1.829390 0.293453 0.049376
v 1.825777 0.293485 0.046948
v 1.821507 0.293515 0.046088
v 1.817237 0.293540 0.046927
v 1.813608 0.293557 0.049338
v 1.811179 0.293564 0.052952
v 1.810321 0.293557 0.057221
v 1.811161 0.293537 0.061494
v 1.813570 0.293509 0.065120
v 1.817188 0.293478 0.067548
v 1.821452 0.293447 0.068407
v 1.825726 0.293420 0.067568
v 1.829353 0.293404 0.065158
v 1.831781 0.293398 0.061543
v 1.832641 0.293404 0.057275
v 1.831803 0.302687 0.053002
v 1.829390 0.302715 0.049376
v 1.825777 0.302747 0.046948
v 1.821507 0.302777 0.046088
v 1.817237 0.302802 0.046927
v 1.813608 0.302819 0.049338
v 1.811179 0.302825 0.052952
v 1.810321 0.302819 0.057221
v 1.811161 0.302798 0.061494
v 1.813570 0.302771 0.065120
v 1.817188 0.302740 0.067548
v 1.821452 0.302709 0.068407
v 1.825726 0.302681 0.067568
v 1.829353 0.302666 0.065158
v 1.831781 0.302660 0.061543
v 1.832641 0.302666 0.057275
v 1.831803 0.313235 0.053002
v 1.829390 0.313263 0.049376
v 1.825777 0.313295 0.046948
v 1.821507 0.313325 0.046088
v 1.817237 0.313350 0.046927
v 1.813608 0.313367 0.049338
v 1.811179 0.313373 0.052952
v 1.810321 0.313367 0.057221
v 1.811161 0.313346 0.061494
v 1.813570 0.313319 0.065120
v 1.817188 0.313288 0.067548
v 1.821452 0.313257 0.068407
v 1.825726 0.313229 0.067568
v 1.829353 0.313214 0.065158
v 1.831781 0.313208 0.061543
v 1.832641 0.313214 0.057275
v 1.831803 0.324100 0.053002
v 1.829390 0.324128 0.049376
v 1.825777 0.324160 0.046948
v 1.821507 0.324191 0.046088
v 1.817237 0.324215 0.046927
v 1.813608 0.324232 0.049338
v 1.811179 0.324238 0.052952
v 1.810321 0.324232 0.057221
v 1.811161 0.324212 0.061494
v 1.813570 0.324184 0.065120
v 1.817188 0.324153 0.067548
v 1.821452 0.324122 0.068407
v 1.825726 0.324095 0.067568
v 1.829354 0.324079 0.065158
v 1.831781 0.324073 0.061543
v 1.832641 0.324079 0.057275
v 1.831803 0.333170 0.053002
v 1.829390 0.333197 0.049376
v 1.825777 0.333229 0.046948
v 1.821507 0.333260 0.046088
v 1.817237 0.333284 0.046927
v 1.813608 0.333301 0.049338
v 1.811179 0.333308 0.052953
v 1.810321 0.333301 0.057221
v 1.811161 0.333281 0.061494
v 1.813570 0.333254 0.065120
v 1.817188 0.333222 0.067548
v 1.821452 0.333191 0.068407
v 1.825726 0.333164 0.067568
v 1.829354 0.333148 0.065158
v 1.831781 0.333142 0.061543
v 1.832641 0.333148 0.057275
v 1.831803 0.343464 0.053002
v 1.829390 0.343492 0.049376
v 1.825777 0.343524 0.046948
v 1.821507 0.343555 0.046088
v 1.817237 0.343579 0.046927
v 1.813608 0.343596 0.049338
v 1.811179 0.343602 0.052952
v 1.810321 0.343596 0.057221
v 1.811161 0.343576 0.061494
v 1.813570 0.343548 0.065120
v 1.817188 0.343517 0.067548
v 1.821452 0.343486 0.068407
v 1.825726 0.343458 0.067568
v 1.829354 0.343443 0.065158
v 1.831781 0.343437 0.061543
v 1.832641 0.343443 0.057275
v 1.831803 0.354228 0.053002
v 1.829390 0.354256 0.049376
v 1.825777 0.354288 0.046948
v 1.821507 0.354319 0.046088
v 1.817238 0.354343 0.046927
v 1.813608 0.354360 0.049338
v 1.811179 0.354366 0.052953
v 1.810321 0.354360 0.057221
v 1.811161 0.354340 0.061494
v 1.813570 0.354312 0.065120
v 1.817188 0.354281 0.067548
v 1.821452 0.354250 0.068408
v 1.825726 0.354222 0.067568
v 1.829354 0.354207 0.065158
v 1.831781 0.354201 0.061544
v 1.832641 0.354207 0.057275
v 1.831803 0.364344 0.053002
v 1.829390 0.364371 0.049376
v 1.825777 0.364403 0.046948
v 1.821507 0.364434 0.046088
v 1.817238 0.364459 0.046927
v 1.813608 0.364476 0.049338
v 1.811179 0.364482 0.052952
v 1.810321 0.364475 0.057221
v 1.811161 0.364455 0.061494
v 1.813570 0.364428 0.065120
v 1.817188 0.364396 0.067548
v 1.821452 0.364365 0.068408
v 1.825726 0.364338 0.067568
v 1.829354 0.364322 0.065158
v 1.831781 0.364317 0.061544
v 1.832641 0.364323 0.057275
v 1.831803 0.375522 0.053002
v 1.829390 0.375550 0.049376
v 1.825777 0.375582 0.046948
v 1.821507 0.375613 0.046088
v 1.817238 0.375637 0.046927
v 1.813608 0.375654 0.049338
v 1.811180 0.375660 0.052952
v 1.810321 0.375654 0.057221
v 1.811161 0.375633 0.061494
v 1.813570 0.375606 0.065120
v 1.817188 0.375575 0.067548
v 1.821452 0.375544 0.068408
v 1.825726 0.375516 0.067568
v 1.829354 0.375501 0.065158
v 1.831781 0.375495 0.061544
v 1.832641 0.375501 0.057275
v -0.792469 0.567151 0.073531
v -0.795388 0.567190 0.069143
v -0.799761 0.567235 0.066205
v -0.804928 0.567278 0.065164
v -0.810095 0.567313 0.066180
v -0.814486 0.567337 0.069096
v -0.817425 0.567347 0.073470
v -0.818464 0.567337 0.078636
v -0.817447 0.567309 0.083807
v -0.814533 0.567270 0.088195
v -0.810154 0.567225 0.091133
v -0.804995 0.567182 0.092173
v -0.799822 0.567143 0.091158
v -0.795433 0.567121 0.088241
v -0.792495 0.567112 0.083867
v -0.791455 0.567120 0.078701
v -0.792469 0.817525 0.073531
v -0.795388 0.817564 0.069143
v -0.799761 0.817609 0.066205
v -0.804928 0.817654 0.065164
v -0.810094 0.817688 0.066180
v -0.814486 0.817713 0.069096
v -0.817425 0.817721 0.073470
v -0.818464 0.817711 0.078636
v -0.817448 0.817683 0.083807
v -0.814533 0.817645 0.088195
v -0.810155 0.817600 0.091133
v -0.804994 0.817556 0.092173
v -0.799823 0.817517 0.091158
v -0.795432 0.817495 0.088241
v -0.792495 0.817488 0.083867
v -0.791455 0.817496 0.078701
v -0.792469 0.690173 0.073531
v -0.795388 0.690212 0.069143
v -0.799761 0.690257 0.066205
v -0.804928 0.690301 0.065164
v -0.810094 0.690335 0.066180
v -0.814486 0.690359 0.069096
v -0.817425 0.690368 0.073470
v -0.818464 0.690359 0.078636
v -0.817447 0.690330 0.083807
v -0.814533 0.690292 0.088195
v -0.810155 0.690247 0.091133
v -0.804994 0.690204 0.092173
v -0.799822 0.690165 0.091158
v -0.795433 0.690142 0.088241
v -0.792495 0.690134 0.083867
v -0.791455 0.690143 0.078701
v -0.792469 0.675658 0.073531
v -0.795388 0.675697 0.069143
v -0.799761 0.675742 0.066205
v -0.804928 0.675786 0.065164
v -0.810094 0.675821 0.066180
v -0.814486 0.675845 0.069096
v -0.817425 0.675854 0.073470
v -0.818464 0.675844 0.078636
v -0.817447 0.675816 0.083807
v -0.814533 0.675777 0.088195
v -0.810155 0.675733 0.091133
v -0.804994 0.675689 0.092173
v -0.799822 0.675650 0.091158
v -0.795433 0.675628 0.088241
v -0.792495 0.675620 0.083867
v -0.791455 0.675628 0.078701
v -0.792469 0.664698 0.073531
v -0.795388 0.664737 0.069143
v -0.799761 0.664782 0.066205
v -0.804928 0.664826 0.065164
v -0.810094 0.664861 0.066180
v -0.814486 0.664884 0.069096
v -0.817425 0.664893 0.073470
v -0.818464 0.664884 0.078636
v -0.817447 0.664856 0.083807
v -0.814533 0.664817 0.088195
v -0.810155 0.664772 0.091133
v -0.804994 0.664729 0.092173
v -0.799822 0.664690 0.091158
v -0.795433 0.664668 0.088241
v -0.792495 0.664659 0.083867
v -0.791455 0.664668 0.078701
v -0.792469 0.652928 0.073531
v -0.795388 0.652967 0.069143
v -0.799761 0.653012 0.066205
v -0.804928 0.653055 0.065164
v -0.810094 0.653090 0.066180
v -0.814486 0.653114 0.069096
v -0.817425 0.653123 0.073470
v -0.818464 0.653114 0.078636
v -0.817447 0.653086 0.083807
v -0.814533 0.653047 0.088195
v -0.810155 0.653002 0.091133
v -0.804994 0.652959 0.092173
v -0.799822 0.652920 0.091158
v -0.795433 0.652898 0.088241
v -0.792495 0.652889 0.083867
v -0.791455 0.652898 0.078701
v -0.792469 0.639282 0.073531
v -0.795388 0.639321 0.069143
v -0.799761 0.639366 0.066205
v -0.804928 0.639409 0.065164
v -0.810094 0.639444 0.066180
v -0.814486 0.639468 0.069096
v -0.817425 0.639477 0.073470
v -0.818464 0.639468 0.078636
v -0.817447 0.639440 0.083807
v -0.814533 0.639401 0.088195
v -0.810155 0.639356 0.091133
v -0.804994 0.639313 0.092173
v -0.799822 0.639274 0.091158
v -0.795433 0.639252 0.088241
v -0.792495 0.639243 0.083867
v -0.791455 0.639252 0.078701
v -0.792469 0.628197 0.073531
v -0.795388 0.628236 0.069143
v -0.799761 0.628281 0.066205
v -0.804928 0.628325 0.065164
v -0.810094 0.628360 0.066180
v -0.814486 0.628383 0.069096
v -0.817425 0.628393 0.073470
v -0.818464 0.628383 0.078636
v -0.817447 0.628355 0.083807
v -0.814533 0.628316 0.088195
v -0.810155 0.628271 0.091133
v -0.804994 0.628228 0.092173
v -0.799822 0.628189 0.091158
v -0.795433 0.628167 0.088241
v -0.792495 0.628158 0.083867
v -0.791455 0.628167 0.078701
v -0.792469 0.615560 0.073531
v -0.795388 0.615599 0.069143
v -0.799761 0.615644 0.066205
v -0.804928 0.615688 0.065164
v -0.810094 0.615723 0.066180
v -0.814486 0.615746 0.069096
v -0.817425 0.615756 0.073470
v -0.818464 0.615746 0.078636
v -0.817447 0.615718 0.083807
v -0.814533 0.615679 0.088195
v -0.810155 0.615635 0.091133
v -0.804994 0.615591 0.092173
v -0.799822 0.615552 0.091158
v -0.795433 0.615530 0.088241
v -0.792495 0.615522 0.083867
v -0.791455 0.615530 0.078701
v -0.792469 0.603973 0.073531
v -0.795388 0.604012 0.069143
v -0.799761 0.604057 0.066205
v -0.804928 0.604100 0.065164
v -0.810094 0.604135 0.066180
v -0.814486 0.604159 0.069096
v -0.817425 0.604168 0.073470
v -0.818464 0.604159 0.078636
v -0.817447 0.604131 0.083807
v -0.814533 0.604092 0.088195
v -0.810155 0.604047 0.091133
v -0.804994 0.604004 0.092173
v -0.799822 0.603965 0.091158
v -0.795433 0.603943 0.088241
v -0.792495 0.603934 0.083867
v -0.791455 0.603942 0.078701
v -0.792469 0.592369 0.073531
v -0.795388 0.592408 0.069143
v -0.799761 0.592453 0.066205
v -0.804928 0.592496 0.065164
v -0.810094 0.592531 0.066180
v -0.814486 0.592555 0.069096
v -0.817425 0.592564 0.073470
v -0.818464 0.592555 0.078636
v -0.817447 0.592527 0.083807
v -0.814533 0.592487 0.088195
v -0.810155 0.592443 0.091133
v -0.804994 0.592400 0.092173
v -0.799822 0.592361 0.091158
v -0.795433 0.592339 0.088241
v -0.792495 0.592330 0.083867
v -0.791455 0.592338 0.078701
v -0.792469 0.580773 0.073531
v -0.795388 0.580812 0.069143
v -0.799761 0.580857 0.066205
v -0.804928 0.580900 0.065164
v -0.810094 0.580935 0.066180
v -0.814486 0.580959 0.069096
v -0.817425 0.580969 0.073470
v -0.818464 0.580959 0.078636
v -0.817447 0.580931 0.083807
v -0.814533 0.580891 0.088195
v -0.810154 0.580847 0.091133
v -0.804995 0.580804 0.092173
v -0.799822 0.580765 0.091158
v -0.795433 0.580743 0.088241
v -0.792495 0.580734 0.083867
v -0.791455 0.580742 0.078701
v 1.191121 0.567151 0.072216
v 1.188201 0.567190 0.067828
v 1.183829 0.567235 0.064890
v 1.178662 0.567278 0.063849
v 1.173495 0.567313 0.064865
v 1.169104 0.567337 0.067782
v 1.166164 0.567347 0.072155
v 1.165126 0.567337 0.077321
v 1.166142 0.567309 0.082492
v 1.169057 0.567270 0.086880
v 1.173435 0.567225 0.089818
v 1.178595 0.567182 0.090859
v 1.183767 0.567143 0.089843
v 1.188157 0.567121 0.086926
v 1.191095 0.567112 0.082552
v 1.192135 0.567120 0.077387
v 1.191120 0.817525 0.072216
v 1.188202 0.817564 0.067828
v 1.183829 0.817609 0.064890
v 1.178662 0.817654 0.063849
v 1.173495 0.817688 0.064865
v 1.169104 0.817713 0.067782
v 1.166164 0.817721 0.072155
v 1.165126 0.817711 0.077321
v 1.166142 0.817683 0.082492
v 1.169057 0.817645 0.086880
v 1.173435 0.817600 0.089818
v 1.178595 0.817556 0.090859
v 1.183767 0.817517 0.089843
v 1.188157 0.817495 0.086926
v 1.191095 0.817488 0.082552
v 1.192135 0.817496 0.077387
v 1.191121 0.690173 0.072216
v 1.188201 0.690212 0.067828
v 1.183829 0.690257 0.064890
v 1.178662 0.690301 0.063849
v 1.173495 0.690335 0.064865
v 1.169104 0.690359 0.067782
v 1.166164 0.690368 0.072155
v 1.165126 0.690359 0.077321
v 1.166142 0.690330 0.082492
v 1.169057 0.690292 0.086880
v 1.173435 0.690247 0.089818
v 1.178595 0.690204 0.090859
v 1.183767 0.690165 0.089843
v 1.188157 0.690142 0.086926
v 1.191095 0.690134 0.082552
v 1.192135 0.690143 0.077387
v 1.191121 0.675658 0.072216
v 1.188201 0.675697 0.067828
v 1.183829 0.675742 0.064890
v 1.178662 0.675786 0.063849
v 1.173495 0.675821 0.064865
v 1.169104 0.675845 0.067782
v 1.166164 0.675854 0.072155
v 1.165126 0.675844 0.077321
v 1.166142 0.675816 0.082492
v 1.169057 0.675777 0.086880
v 1.173435 0.675733 0.089818
v 1.178595 0.675689 0.090859
v 1.183767 0.675650 0.089843
v 1.188157 0.675628 0.086926
v 1.191095 0.675620 0.082552
v 1.192135 0.675628 0.077387
v 1.191121 0.664698 0.072216
v 1.188201 0.664737 0.067828
v 1.183829 0.664782 0.064890
v 1.178662 0.664826 0.063849
v 1.173495 0.664861 0.064865
v 1.169104 0.664884 0.067782
v 1.166164 0.664893 0.072155
v 1.165126 0.664884 0.077321
v 1.166142 0.664856 0.082492
v 1.169057 0.664817 0.086880
v 1.173435 0.664772 0.089818
v 1.178595 0.664729 0.090859
v 1.183767 0.664690 0.089843
v 1.188157 0.664668 0.086926
v 1.191095 0.664659 0.082552
v 1.192135 0.664668 0.077387
v 1.191121 0.652928 0.072216
v 1.188201 0.652967 0.067828
v 1.183829 0.653012 0.064890
v 1.178662 0.653055 0.063849
v 1.173495 0.653090 0.064865
v 1.169104 0.653114 0.067782
v 1.166164 0.653123 0.072155
v 1.165126 0.653114 0.077321
v 1.166142 0.653086 0.082492
v 1.169057 0.653047 0.086880
v 1.173435 0.653002 0.089818
v 1.178595 0.652959 0.090858
v 1.183767 0.652920 0.089843
v 1.188157 0.652898 0.086926
v 1.191095 0.652889 0.082552
v 1.192135 0.652898 0.077387
v 1.191121 0.639282 0.072216
v 1.188201 0.639321 0.067828
v 1.183829 0.639366 0.064890
v 1.178662 0.639409 0.063849
v 1.173495 0.639444 0.064865
v 1.169104 0.639468 0.067782
v 1.166164 0.639477 0.072155
v 1.165126 0.639468 0.077321
v 1.166142 0.639440 0.082492
v 1.169057 0.639401 0.086880
v 1.173435 0.639356 0.089818
v 1.178595 0.639313 0.090858
v 1.183767 0.639274 0.089843
v 1.188157 0.639252 0.086926
v 1.191095 0.639243 0.082552
v 1.192135 0.639252 0.077387
v 1.191121 0.628197 0.072216
v 1.188201 0.628236 0.067828
v 1.183829 0.628281 0.064890
v 1.178662 0.628325 0.063849
v 1.173495 0.628360 0.064865
v 1.169104 0.628383 0.067782
v 1.166164 0.628393 0.072155
v 1.165126 0.628383 0.077321
v 1.166142 0.628355 0.082492
v 1.169057 0.628316 0.086880
v 1.173435 0.628271 0.089818
v 1.178595 0.628228 0.090858
v 1.183767 0.628189 0.089843
v 1.188157 0.628167 0.086926
v 1.191095 0.628158 0.082552
v 1.192135 0.628167 0.077387
v 1.191121 0.615560 0.072216
v 1.188201 0.615599 0.067828
v 1.183829 0.615644 0.064890
v 1.178662 0.615688 0.063849
v 1.173495 0.615723 0.064865
v 1.169104 0.615746 0.067782
v 1.166164 0.615756 0.072155
v 1.165126 0.615746 0.077321
v 1.166142 0.615718 0.082492
v 1.169057 0.615679 0.086880
v 1.173435 0.615635 0.089818
v 1.178595 0.615591 0.090858
v 1.183767 0.615552 0.089843
v 1.188157 0.615530 0.086926
v 1.191095 0.615522 0.082552
v 1.192135 0.615530 0.077387
v 1.191121 0.603973 0.072216
v 1.188201 0.604012 0.067828
v 1.183829 0.604057 0.064890
v 1.178662 0.604100 0.063849
v 1.173495 0.604135 0.064865
v 1.169104 0.604159 0.067782
v 1.166164 0.604168 0.072155
v 1.165126 0.604159 0.077321
v 1.166142 0.604131 0.082492
v 1.169057 0.604092 0.086880
v 1.173435 0.604047 0.089818
v 1.178595 0.604004 0.090858
v 1.183767 0.603965 0.089843
v 1.188157 0.603943 0.086926
v 1.191095 0.603934 0.082552
v 1.192135 0.603942 0.077387
v 1.191121 0.592369 0.072216
v 1.188201 0.592408 0.067828
v 1.183829 0.592453 0.064890
v 1.178662 0.592496 0.063849
v 1.173495 0.592531 0.064865
v 1.169104 0.592555 0.067782
v 1.166164 0.592564 0.072155
v 1.165126 0.592555 0.077321
v 1.166142 0.592527 0.082492
v 1.169057 0.592487 0.086880
v 1.173435 0.592443 0.089818
v 1.178595 0.592400 0.090858
v 1.183767 0.592361 0.089843
v 1.188157 0.592339 0.086926
v 1.191095 0.592330 0.082552
v 1.192135 0.592338 0.077387
v 1.191121 0.580773 0.072216
v 1.188201 0.580812 0.067828
v 1.183829 0.580857 0.064890
v 1.178662 0.580900 0.063849
v 1.173495 0.580935 0.064865
v 1.169104 0.580959 0.067782
v 1.166164 0.580969 0.072155
v 1.165126 0.580959 0.077321
v 1.166142 0.580931 0.082492
v 1.169057 0.580891 0.086880
v 1.173435 0.580847 0.089818
v 1.178595 0.580804 0.090858
v 1.183767 0.580765 0.089843
v 1.188157 0.580743 0.086926
v 1.191095 0.580734 0.082552
v 1.192135 0.580742 0.077387
v 0.288093 1.001897 0.173601
v 0.288093 0.595116 0.173601
v 0.288093 0.595116 -0.020157
v 0.288093 1.001897 -0.020157
v 0.094335 1.001897 0.173601
v 0.094335 0.595116 0.173601
v 0.094335 0.595116 -0.020157
v 0.094335 1.001897 -0.020157
v 1.879518 0.217768 2.187993
v 1.865465 0.217911 2.166851
v 1.844391 0.218081 2.152695
v 1.819502 0.218242 2.147682
v 1.794593 0.218384 2.152575
v 1.773445 0.218469 2.166628
v 1.759293 0.218494 2.187703
v 1.754280 0.218456 2.212592
v 1.759168 0.218357 2.237503
v 1.773225 0.218216 2.258647
v 1.794299 0.218044 2.272802
v 1.819187 0.217883 2.277815
v 1.844096 0.217744 2.272922
v 1.865241 0.217655 2.258868
v 1.879394 0.217628 2.237793
v 1.884414 0.217668 2.212905
v 1.879566 0.225193 2.188015
v 1.865512 0.225333 2.166872
v 1.844437 0.225505 2.152716
v 1.819547 0.225668 2.147704
v 1.794639 0.225805 2.152596
v 1.773492 0.225897 2.166650
v 1.759340 0.225921 2.187725
v 1.754326 0.225882 2.212613
v 1.759215 0.225781 2.237525
v 1.773272 0.225638 2.258668
v 1.794347 0.225468 2.272823
v 1.819231 0.225307 2.277836
v 1.844141 0.225169 2.272943
v 1.865291 0.225088 2.258890
v 1.879440 0.225058 2.237815
v 1.884460 0.225095 2.212927
v 1.846447 0.237885 2.201640
v 1.840126 0.237950 2.192134
v 1.830654 0.238025 2.185769
v 1.819461 0.238099 2.183515
v 1.808263 0.238161 2.185715
v 1.798756 0.239363 2.192034
v 1.792395 0.239375 2.201509
v 1.790134 0.239358 2.212700
v 1.792337 0.238151 2.223901
v 1.798653 0.238082 2.233407
v 1.808131 0.238011 2.239772
v 1.819321 0.237936 2.242026
v 1.830522 0.237878 2.239826
v 1.840028 0.237832 2.233507
v 1.846394 0.237823 2.224031
v 1.848647 0.237841 2.212841
v 1.829713 0.267222 2.208524
v 1.827301 0.267249 2.204899
v 1.823687 0.267281 2.202471
v 1.819418 0.267312 2.201611
v 1.815148 0.267337 2.202450
v 1.811519 0.267353 2.204860
v 1.809090 0.267360 2.208475
v 1.808232 0.267354 2.212744
v 1.809072 0.267333 2.217016
v 1.811480 0.267306 2.220643
v 1.815098 0.267274 2.223070
v 1.819363 0.267244 2.223930
v 1.823637 0.267216 2.223091
v 1.827264 0.267201 2.220681
v 1.829692 0.267194 2.217066
v 1.830551 0.267200 2.212798
v 1.829713 0.413484 2.208524
v 1.827301 0.413512 2.204899
v 1.823688 0.413544 2.202471
v 1.819417 0.413575 2.201611
v 1.815148 0.413599 2.202450
v 1.811519 0.413617 2.204860
v 1.809090 0.413622 2.208475
v 1.808232 0.413616 2.212744
v 1.809071 0.413595 2.217016
v 1.811480 0.413569 2.220643
v 1.815098 0.413537 2.223070
v 1.819363 0.413506 2.223930
v 1.823636 0.413478 2.223091
v 1.827264 0.413463 2.220681
v 1.829692 0.413457 2.217066
v 1.830551 0.413463 2.212798
v 1.829713 0.282096 2.208524
v 1.827301 0.282123 2.204898
v 1.823687 0.282155 2.202471
v 1.819418 0.282186 2.201611
v 1.815148 0.282211 2.202450
v 1.811519 0.282227 2.204860
v 1.809090 0.282234 2.208475
v 1.808232 0.282227 2.212744
v 1.809072 0.282207 2.217016
v 1.811480 0.282180 2.220643
v 1.815098 0.282148 2.223070
v 1.819363 0.282118 2.223930
v 1.823636 0.282090 2.223091
v 1.827264 0.282074 2.220681
v 1.829692 0.282068 2.217066
v 1.830551 0.282074 2.212798
v 1.829713 0.293426 2.208524
v 1.827301 0.293453 2.204898
v 1.823687 0.293485 2.202471
v 1.819418 0.293516 2.201611
v 1.815148 0.293540 2.202450
v 1.811519 0.293557 2.204860
v 1.809090 0.293564 2.208475
v 1.808232 0.293557 2.212744
v 1.809072 0.293537 2.217016
v 1.811480 0.293509 2.220643
v 1.815098 0.293478 2.223070
v 1.819363 0.293447 2.223930
v 1.823636 0.293420 2.223091
v 1.827264 0.293404 2.220681
v 1.829692 0.293398 2.217066
v 1.830551 0.293404 2.212798
v 1.829713 0.302687 2.208524
v 1.827301 0.302715 2.204898
v 1.823687 0.302747 2.202471
v 1.819418 0.302777 2.201611
v 1.815148 0.302802 2.202450
v 1.811519 0.302819 2.204860
v 1.809090 0.302825 2.208475
v 1.808232 0.302819 2.212744
v 1.809072 0.302799 2.217016
v 1.811480 0.302771 2.220643
v 1.815098 0.302740 2.223070
v 1.819363 0.302709 2.223930
v 1.823636 0.302681 2.223091
v 1.827264 0.302666 2.220681
v 1.829692 0.302660 2.217066
v 1.830551 0.302666 2.212798
v 1.829713 0.313235 2.208524
v 1.827301 0.313263 2.204898
v 1.823687 0.313295 2.202471
v 1.819417 0.313325 2.201611
v 1.815148 0.313350 2.202450
v 1.811519 0.313367 2.204860
v 1.809090 0.313373 2.208475
v 1.808232 0.313367 2.212744
v 1.809072 0.313347 2.217016
v 1.811480 0.313319 2.220643
v 1.815098 0.313288 2.223070
v 1.819363 0.313257 2.223930
v 1.823636 0.313229 2.223091
v 1.827264 0.313214 2.220681
v 1.829692 0.313208 2.217066
v 1.830551 0.313214 2.212798
v 1.829713 0.324101 2.208524
v 1.827301 0.324128 2.204898
v 1.823687 0.324160 2.202471
v 1.819417 0.324191 2.201611
v 1.815148 0.324215 2.202450
v 1.811519 0.324232 2.204860
v 1.809090 0.324239 2.208475
v 1.808232 0.324232 2.212744
v 1.809072 0.324212 2.217016
v 1.811480 0.324185 2.220643
v 1.815098 0.324153 2.223070
v 1.819363 0.324122 2.223930
v 1.823636 0.324095 2.223091
v 1.827264 0.324079 2.220681
v 1.829692 0.324073 2.217066
v 1.830551 0.324079 2.212798
v 1.829713 0.333170 2.208524
v 1.827301 0.333197 2.204898
v 1.823687 0.333229 2.202471
v 1.819417 0.333260 2.201611
v 1.815148 0.333285 2.202450
v 1.811519 0.333302 2.204860
v 1.809090 0.333308 2.208475
v 1.808232 0.333301 2.212744
v 1.809072 0.333281 2.217016
v 1.811480 0.333254 2.220643
v 1.815098 0.333222 2.223070
v 1.819363 0.333192 2.223930
v 1.823636 0.333164 2.223091
v 1.827264 0.333148 2.220681
v 1.829692 0.333143 2.217066
v 1.830551 0.333148 2.212798
v 1.829713 0.343465 2.208524
v 1.827301 0.343492 2.204898
v 1.823687 0.343524 2.202471
v 1.819417 0.343555 2.201611
v 1.815148 0.343579 2.202450
v 1.811519 0.343596 2.204860
v 1.809090 0.343603 2.208475
v 1.808232 0.343596 2.212744
v 1.809072 0.343576 2.217016
v 1.811480 0.343549 2.220643
v 1.815098 0.343517 2.223070
v 1.819363 0.343486 2.223930
v 1.823636 0.343459 2.223091
v 1.827264 0.343443 2.220681
v 1.829692 0.343437 2.217066
v 1.830551 0.343443 2.212797
v 1.829713 0.354229 2.208524
v 1.827301 0.354256 2.204898
v 1.823687 0.354288 2.202471
v 1.819417 0.354319 2.201611
v 1.815148 0.354343 2.202450
v 1.811519 0.354360 2.204860
v 1.809090 0.354367 2.208475
v 1.808232 0.354360 2.212744
v 1.809072 0.354340 2.217016
v 1.811480 0.354313 2.220643
v 1.815098 0.354281 2.223070
v 1.819363 0.354250 2.223930
v 1.823636 0.354223 2.223091
v 1.827264 0.354207 2.220681
v 1.829692 0.354201 2.217066
v 1.830551 0.354207 2.212797
v 1.829713 0.364344 2.208524
v 1.827301 0.364371 2.204898
v 1.823687 0.364403 2.202471
v 1.819417 0.364434 2.201611
v 1.815148 0.364459 2.202450
v 1.811519 0.364476 2.204860
v 1.809090 0.364482 2.208475
v 1.808232 0.364475 2.212744
v 1.809072 0.364455 2.217016
v 1.811480 0.364428 2.220643
v 1.815098 0.364397 2.223070
v 1.819363 0.364366 2.223930
v 1.823636 0.364338 2.223091
v 1.827264 0.364322 2.220681
v 1.829692 0.364317 2.217066
v 1.830551 0.364323 2.212797
v 1.829713 0.375522 2.208524
v 1.827301 0.375550 2.204899
v 1.823687 0.375582 2.202471
v 1.819417 0.375613 2.201611
v 1.815148 0.375637 2.202450
v 1.811519 0.375655 2.204860
v 1.809090 0.375660 2.208475
v 1.808232 0.375654 2.212744
v 1.809072 0.375634 2.217016
v 1.811481 0.375607 2.220643
v 1.815098 0.375575 2.223070
v 1.819363 0.375544 2.223930
v 1.823636 0.375517 2.223091
v 1.827264 0.375501 2.220681
v 1.829692 0.375495 2.217066
v 1.830551 0.375501 2.212798
v -1.390598 0.217768 2.207237
v -1.404651 0.217911 2.186094
v -1.425725 0.218081 2.171938
v -1.450614 0.218242 2.166925
v -1.475523 0.218384 2.171818
v -1.496670 0.218469 2.185872
v -1.510823 0.218494 2.206946
v -1.515836 0.218456 2.231835
v -1.510948 0.218357 2.256747
v -1.496891 0.218216 2.277890
v -1.475816 0.218044 2.292045
v -1.450930 0.217883 2.297058
v -1.426021 0.217744 2.292166
v -1.404875 0.217655 2.278112
v -1.390723 0.217628 2.257036
v -1.385702 0.217668 2.232148
v -1.390550 0.225193 2.207258
v -1.404604 0.225333 2.186115
v -1.425679 0.225505 2.171960
v -1.450570 0.225668 2.166947
v -1.475477 0.225805 2.171839
v -1.496624 0.225897 2.185893
v -1.510776 0.225921 2.206968
v -1.515790 0.225882 2.231856
v -1.510901 0.225781 2.256768
v -1.496844 0.225638 2.277911
v -1.475770 0.225468 2.292067
v -1.450885 0.225307 2.297080
v -1.425975 0.225169 2.292187
v -1.404825 0.225088 2.278133
v -1.390676 0.225058 2.257058
v -1.385656 0.225095 2.232170
v -1.423669 0.237885 2.220884
v -1.429990 0.237950 2.211377
v -1.439462 0.238025 2.205013
v -1.450655 0.238099 2.202759
v -1.461853 0.238161 2.204958
v -1.471360 0.239363 2.211277
v -1.477722 0.239375 2.220753
v -1.479982 0.239358 2.231943
v -1.477779 0.238151 2.243144
v -1.471464 0.238082 2.252650
v -1.461985 0.238011 2.259015
v -1.450795 0.237936 2.261269
v -1.439594 0.237878 2.259069
v -1.430088 0.237832 2.252750
v -1.423722 0.237823 2.243274
v -1.421469 0.237841 2.232085
v -1.440403 0.267222 2.227768
v -1.442815 0.267249 2.224142
v -1.446429 0.267281 2.221714
v -1.450698 0.267312 2.220854
v -1.454968 0.267337 2.221693
v -1.458597 0.267353 2.224104
v -1.461026 0.267360 2.227718
v -1.461884 0.267354 2.231987
v -1.461044 0.267333 2.236259
v -1.458636 0.267306 2.239886
v -1.455018 0.267274 2.242314
v -1.450754 0.267244 2.243173
v -1.446479 0.267216 2.242334
v -1.442852 0.267201 2.239924
v -1.440424 0.267194 2.236309
v -1.439565 0.267200 2.232041
v -1.440403 0.413484 2.227768
v -1.442815 0.413512 2.224142
v -1.446429 0.413544 2.221714
v -1.450699 0.413575 2.220854
v -1.454968 0.413599 2.221693
v -1.458597 0.413617 2.224104
v -1.461026 0.413622 2.227718
v -1.461884 0.413616 2.231987
v -1.461045 0.413595 2.236259
v -1.458636 0.413569 2.239886
v -1.455018 0.413537 2.242314
v -1.450753 0.413506 2.243173
v -1.446480 0.413478 2.242334
v -1.442852 0.413463 2.239924
v -1.440424 0.413457 2.236309
v -1.439565 0.413463 2.232041
v -1.440403 0.282096 2.227768
v -1.442815 0.282123 2.224141
v -1.446429 0.282155 2.221714
v -1.450698 0.282186 2.220854
v -1.454968 0.282211 2.221693
v -1.458597 0.282227 2.224104
v -1.461026 0.282234 2.227718
v -1.461884 0.282227 2.231987
v -1.461044 0.282207 2.236259
v -1.458636 0.282180 2.239886
v -1.455018 0.282148 2.242314
v -1.450754 0.282118 2.243173
v -1.446480 0.282090 2.242334
v -1.442852 0.282074 2.239924
v -1.440424 0.282068 2.236309
v -1.439565 0.282074 2.232041
v -1.440403 0.293426 2.227768
v -1.442815 0.293453 2.224141
v -1.446429 0.293485 2.221714
v -1.450698 0.293516 2.220854
v -1.454968 0.293540 2.221693
v -1.458597 0.293557 2.224104
v -1.461026 0.293564 2.227718
v -1.461884 0.293557 2.231987
v -1.461044 0.293537 2.236259
v -1.458636 0.293509 2.239886
v -1.455018 0.293478 2.242314
v -1.450754 0.293447 2.243173
v -1.446480 0.293420 2.242334
v -1.442852 0.293404 2.239924
v -1.440424 0.293398 2.236309
v -1.439565 0.293404 2.232041
v -1.440403 0.302687 2.227768
v -1.442815 0.302715 2.224141
v -1.446429 0.302747 2.221714
v -1.450699 0.302777 2.220854
v -1.454968 0.302802 2.221693
v -1.458597 0.302819 2.224104
v -1.461026 0.302825 2.227718
v -1.461884 0.302819 2.231987
v -1.461044 0.302799 2.236259
v -1.458636 0.302771 2.239886
v -1.455018 0.302740 2.242314
v -1.450754 0.302709 2.243173
v -1.446480 0.302681 2.242334
v -1.442852 0.302666 2.239924
v -1.440424 0.302660 2.236309
v -1.439565 0.302666 2.232041
v -1.440403 0.313235 2.227768
v -1.442815 0.313263 2.224141
v -1.446429 0.313295 2.221714
v -1.450699 0.313325 2.220854
v -1.454968 0.313350 2.221693
v -1.458597 0.313367 2.224104
v -1.461026 0.313373 2.227718
v -1.461884 0.313367 2.231987
v -1.461044 0.313347 2.236259
v -1.458636 0.313319 2.239886
v -1.455018 0.313288 2.242313
v -1.450754 0.313257 2.243173
v -1.446480 0.313229 2.242334
v -1.442852 0.313214 2.239924
v -1.440424 0.313208 2.236309
v -1.439565 0.313214 2.232041
v -1.440403 0.324101 2.227768
v -1.442815 0.324128 2.224141
v -1.446429 0.324160 2.221714
v -1.450699 0.324191 2.220854
v -1.454968 0.324215 2.221693
v -1.458597 0.324232 2.224104
v -1.461026 0.324239 2.227718
v -1.461884 0.324232 2.231987
v -1.461044 0.324212 2.236259
v -1.458636 0.324185 2.239886
v -1.455018 0.324153 2.242313
v -1.450754 0.324122 2.243173
v -1.446480 0.324095 2.242334
v -1.442852 0.324079 2.239924
v -1.440424 0.324073 2.236309
v -1.439565 0.324079 2.232041
v -1.440403 0.333170 2.227768
v -1.442815 0.333197 2.224141
v -1.446429 0.333229 2.221714
v -1.450699 0.333260 2.220854
v -1.454968 0.333285 2.221693
v -1.458597 0.333302 2.224104
v -1.461026 0.333308 2.227718
v -1.461884 0.333301 2.231987
v -1.461044 0.333281 2.236259
v -1.458636 0.333254 2.239886
v -1.455018 0.333222 2.242313
v -1.450754 0.333192 2.243173
v -1.446480 0.333164 2.242334
v -1.442852 0.333148 2.239924
v -1.440424 0.333143 2.236309
v -1.439565 0.333148 2.232041
v -1.440403 0.343465 2.227768
v -1.442815 0.343492 2.224141
v -1.446429 0.343524 2.221714
v -1.450699 0.343555 2.220854
v -1.454968 0.343579 2.221693
v -1.458597 0.343596 2.224104
v -1.461026 0.343603 2.227718
v -1.461884 0.343596 2.231987
v -1.461044 0.343576 2.236259
v -1.458636 0.343549 2.239886
v -1.455018 0.343517 2.242313
v -1.450754 0.343486 2.243173
v -1.446480 0.343459 2.242334
v -1.442852 0.343443 2.239924
v -1.440424 0.343437 2.236309
v -1.439565 0.343443 2.232040
v -1.440403 0.354229 2.227768
v -1.442815 0.354256 2.224141
v -1.446429 0.354288 2.221714
v -1.450699 0.354319 2.220854
v -1.454968 0.354343 2.221693
v -1.458597 0.354360 2.224104
v -1.461026 0.354367 2.227718
v -1.461884 0.354360 2.231987
v -1.461044 0.354340 2.236259
v -1.458636 0.354313 2.239886
v -1.455018 0.354281 2.242314
v -1.450754 0.354250 2.243174
v -1.446480 0.354223 2.242334
v -1.442852 0.354207 2.239924
v -1.440424 0.354201 2.236310
v -1.439565 0.354207 2.232040
v -1.440403 0.364344 2.227768
v -1.442815 0.364371 2.224141
v -1.446429 0.364403 2.221714
v -1.450699 0.364434 2.220854
v -1.454968 0.364459 2.221693
v -1.458597 0.364476 2.224104
v -1.461026 0.364482 2.227718
v -1.461884 0.364475 2.231987
v -1.461044 0.364455 2.236259
v -1.458636 0.364428 2.239886
v -1.455018 0.364397 2.242314
v -1.450754 0.364366 2.243174
v -1.446480 0.364338 2.242334
v -1.442852 0.364322 2.239924
v -1.440424 0.364317 2.236310
v -1.439565 0.364323 2.232040
v -1.440403 0.375522 2.227768
v -1.442815 0.375550 2.224142
v -1.446429 0.375582 2.221714
v -1.450699 0.375613 2.220854
v -1.454968 0.375637 2.221693
v -1.458597 0.375655 2.224104
v -1.461026 0.375660 2.227718
v -1.461884 0.375654 2.231987
v -1.461044 0.375634 2.236259
v -1.458636 0.375607 2.239886
v -1.455018 0.375575 2.242314
v -1.450754 0.375544 2.243174
v -1.446480 0.375517 2.242334
v -1.442852 0.375501 2.239924
v -1.440424 0.375495 2.236310
v -1.439565 0.375501 2.232041
v -1.430695 0.620696 3.953240
v -1.444748 0.620840 3.932098
v -1.465822 0.621009 3.917942
v -1.490711 0.621171 3.912929
v -1.515620 0.621312 3.917822
v -1.536767 0.621397 3.931875
v -1.550920 0.621423 3.952950
v -1.555933 0.621384 3.977839
v -1.551045 0.621285 4.002750
v -1.536988 0.621145 4.023894
v -1.515913 0.620972 4.038049
v -1.491026 0.620811 4.043062
v -1.466117 0.620672 4.038169
v -1.444972 0.620584 4.024116
v -1.430820 0.620556 4.003040
v -1.425799 0.620596 3.978152
v -1.430647 0.628121 3.953262
v -1.444701 0.628261 3.932119
v -1.465776 0.628433 3.917964
v -1.490666 0.628597 3.912951
v -1.515574 0.628734 3.917843
v -1.536721 0.628825 3.931897
v -1.550873 0.628850 3.952972
v -1.555887 0.628810 3.977860
v -1.550998 0.628710 4.002771
v -1.536941 0.628567 4.023915
v -1.515866 0.628397 4.038070
v -1.490982 0.628235 4.043083
v -1.466072 0.628098 4.038190
v -1.444922 0.628016 4.024137
v -1.430773 0.627987 4.003062
v -1.425753 0.628024 3.978174
v -1.463766 0.640814 3.966887
v -1.470087 0.640879 3.957381
v -1.479559 0.640954 3.951016
v -1.490752 0.641028 3.948762
v -1.501950 0.641089 3.950962
v -1.511457 0.642292 3.957281
v -1.517819 0.642304 3.966757
v -1.520079 0.642286 3.977947
v -1.517876 0.641079 3.989148
v -1.511561 0.641011 3.998654
v -1.502082 0.640939 4.005019
v -1.490892 0.640864 4.007273
v -1.479691 0.640806 4.005073
v -1.470185 0.640760 3.998754
v -1.463819 0.640751 3.989278
v -1.461566 0.640769 3.978088
v -1.480500 0.670150 3.973771
v -1.482912 0.670178 3.970145
v -1.486526 0.670210 3.967717
v -1.490795 0.670240 3.966858
v -1.495065 0.670265 3.967697
v -1.498694 0.670282 3.970107
v -1.501123 0.670288 3.973722
v -1.501981 0.670282 3.977990
v -1.501141 0.670262 3.982263
v -1.498733 0.670234 3.985889
v -1.495115 0.670202 3.988317
v -1.490851 0.670172 3.989177
v -1.486576 0.670144 3.988338
v -1.482949 0.670129 3.985928
v -1.480521 0.670123 3.982313
v -1.479662 0.670129 3.978045
v -1.480500 0.816412 3.973771
v -1.482912 0.816440 3.970145
v -1.486526 0.816472 3.967717
v -1.490796 0.816503 3.966858
v -1.495065 0.816528 3.967697
v -1.498694 0.816545 3.970107
v -1.501123 0.816550 3.973722
v -1.501981 0.816544 3.977990
v -1.501142 0.816524 3.982263
v -1.498733 0.816497 3.985889
v -1.495115 0.816465 3.988317
v -1.490850 0.816434 3.989177
v -1.486577 0.816406 3.988338
v -1.482949 0.816391 3.985928
v -1.480521 0.816386 3.982313
v -1.479662 0.816391 3.978045
v -1.480500 0.685024 3.973771
v -1.482912 0.685052 3.970145
v -1.486526 0.685084 3.967717
v -1.490795 0.685114 3.966858
v -1.495065 0.685139 3.967697
v -1.498694 0.685156 3.970107
v -1.501123 0.685162 3.973722
v -1.501981 0.685156 3.977990
v -1.501141 0.685136 3.982263
v -1.498733 0.685108 3.985889
v -1.495115 0.685076 3.988317
v -1.490851 0.685046 3.989177
v -1.486577 0.685019 3.988338
v -1.482949 0.685003 3.985928
v -1.480521 0.684997 3.982312
v -1.479662 0.685003 3.978045
v -1.480500 0.696354 3.973771
v -1.482912 0.696382 3.970145
v -1.486526 0.696414 3.967717
v -1.490795 0.696444 3.966858
v -1.495065 0.696469 3.967697
v -1.498694 0.696486 3.970107
v -1.501123 0.696492 3.973722
v -1.501981 0.696486 3.977990
v -1.501141 0.696465 3.982263
v -1.498733 0.696438 3.985889
v -1.495115 0.696407 3.988317
v -1.490851 0.696376 3.989177
v -1.486577 0.696348 3.988338
v -1.482949 0.696333 3.985928
v -1.480521 0.696326 3.982312
v -1.479662 0.696333 3.978045
v -1.480500 0.705616 3.973771
v -1.482912 0.705643 3.970145
v -1.486526 0.705675 3.967717
v -1.490796 0.705706 3.966858
v -1.495065 0.705730 3.967697
v -1.498694 0.705747 3.970107
v -1.501123 0.705754 3.973722
v -1.501981 0.705747 3.977990
v -1.501141 0.705727 3.982263
v -1.498733 0.705700 3.985889
v -1.495115 0.705668 3.988317
v -1.490851 0.705637 3.989177
v -1.486577 0.705610 3.988338
v -1.482949 0.705594 3.985928
v -1.480521 0.705588 3.982312
v -1.479662 0.705594 3.978045
v -1.480500 0.716164 3.973771
v -1.482912 0.716191 3.970145
v -1.486526 0.716223 3.967717
v -1.490796 0.716254 3.966858
v -1.495065 0.716279 3.967697
v -1.498694 0.716295 3.970107
v -1.501123 0.716302 3.973722
v -1.501981 0.716295 3.977990
v -1.501141 0.716275 3.982263
v -1.498733 0.716247 3.985889
v -1.495115 0.716216 3.988317
v -1.490851 0.716185 3.989177
v -1.486577 0.716158 3.988338
v -1.482949 0.716142 3.985928
v -1.480521 0.716136 3.982312
v -1.479662 0.716142 3.978045
v -1.480500 0.727029 3.973771
v -1.482912 0.727056 3.970145
v -1.486526 0.727088 3.967717
v -1.490796 0.727119 3.966858
v -1.495065 0.727144 3.967697
v -1.498694 0.727161 3.970107
v -1.501123 0.727167 3.973722
v -1.501981 0.727161 3.977990
v -1.501141 0.727140 3.982263
v -1.498733 0.727113 3.985889
v -1.495115 0.727082 3.988317
v -1.490851 0.727051 3.989177
v -1.486577 0.727023 3.988338
v -1.482949 0.727008 3.985928
v -1.480521 0.727002 3.982312
v -1.479662 0.727008 3.978045
v -1.480500 0.736098 3.973772
v -1.482912 0.736125 3.970145
v -1.486526 0.736157 3.967717
v -1.490796 0.736188 3.966858
v -1.495065 0.736213 3.967697
v -1.498694 0.736230 3.970107
v -1.501123 0.736236 3.973722
v -1.501981 0.736230 3.977990
v -1.501141 0.736210 3.982263
v -1.498733 0.736182 3.985889
v -1.495115 0.736151 3.988317
v -1.490851 0.736120 3.989177
v -1.486577 0.736092 3.988338
v -1.482949 0.736077 3.985928
v -1.480521 0.736071 3.982313
v -1.479662 0.736077 3.978045
v -1.480500 0.746393 3.973772
v -1.482912 0.746420 3.970145
v -1.486526 0.746452 3.967717
v -1.490796 0.746483 3.966858
v -1.495065 0.746508 3.967697
v -1.498694 0.746525 3.970107
v -1.501123 0.746531 3.973722
v -1.501981 0.746524 3.977990
v -1.501141 0.746504 3.982263
v -1.498733 0.746477 3.985889
v -1.495115 0.746445 3.988317
v -1.490851 0.746414 3.989177
v -1.486577 0.746387 3.988338
v -1.482949 0.746371 3.985928
v -1.480521 0.746366 3.982313
v -1.479662 0.746372 3.978044
v -1.480500 0.757157 3.973772
v -1.482912 0.757184 3.970145
v -1.486526 0.757216 3.967717
v -1.490796 0.757247 3.966858
v -1.495065 0.757272 3.967697
v -1.498694 0.757289 3.970107
v -1.501123 0.757295 3.973722
v -1.501981 0.757288 3.977990
v -1.501141 0.757268 3.982263
v -1.498733 0.757241 3.985889
v -1.495115 0.757210 3.988317
v -1.490851 0.757179 3.989177
v -1.486577 0.757151 3.988338
v -1.482949 0.757135 3.985928
v -1.480521 0.757130 3.982313
v -1.479662 0.757136 3.978044
v -1.480500 0.767272 3.973772
v -1.482912 0.767300 3.970145
v -1.486526 0.767332 3.967717
v -1.490796 0.767363 3.966858
v -1.495065 0.767387 3.967697
v -1.498694 0.767404 3.970107
v -1.501123 0.767410 3.973722
v -1.501981 0.767404 3.977990
v -1.501141 0.767384 3.982263
v -1.498733 0.767356 3.985889
v -1.495115 0.767325 3.988317
v -1.490851 0.767294 3.989177
v -1.486577 0.767266 3.988338
v -1.482949 0.767251 3.985928
v -1.480521 0.767245 3.982313
v -1.479662 0.767251 3.978044
v -1.480500 0.778451 3.973772
v -1.482912 0.778478 3.970145
v -1.486526 0.778510 3.967717
v -1.490796 0.778541 3.966858
v -1.495065 0.778566 3.967697
v -1.498694 0.778583 3.970107
v -1.501123 0.778589 3.973722
v -1.501981 0.778582 3.977990
v -1.501141 0.778562 3.982263
v -1.498732 0.778535 3.985889
v -1.495115 0.778503 3.988317
v -1.490851 0.778472 3.989177
v -1.486577 0.778445 3.988338
v -1.482949 0.778429 3.985928
v -1.480521 0.778424 3.982313
v -1.479662 0.778430 3.978045
v 1.930214 0.620696 3.953240
v 1.916160 0.620840 3.932098
v 1.895087 0.621009 3.917942
v 1.870198 0.621171 3.912929
v 1.845288 0.621312 3.917822
v 1.824141 0.621397 3.931875
v 1.809988 0.621423 3.952950
v 1.804975 0.621384 3.977839
v 1.809863 0.621285 4.002750
v 1.823920 0.621145 4.023894
v 1.844995 0.620972 4.038049
v 1.869882 0.620811 4.043062
v 1.894791 0.620672 4.038169
v 1.915937 0.620584 4.024116
v 1.930089 0.620556 4.003040
v 1.935109 0.620596 3.978152
v 1.930261 0.628121 3.953262
v 1.916207 0.628261 3.932119
v 1.895132 0.628433 3.917964
v 1.870242 0.628597 3.912951
v 1.845334 0.628734 3.917843
v 1.824187 0.628825 3.931897
v 1.810035 0.628850 3.952972
v 1.805022 0.628810 3.977860
v 1.809910 0.628710 4.002771
v 1.823967 0.628567 4.023915
v 1.845042 0.628397 4.038070
v 1.869926 0.628235 4.043083
v 1.894836 0.628098 4.038190
v 1.915986 0.628016 4.024137
v 1.930136 0.627987 4.003062
v 1.935155 0.628024 3.978174
v 1.897143 0.640814 3.966887
v 1.890821 0.640879 3.957381
v 1.881349 0.640954 3.951016
v 1.870156 0.641028 3.948762
v 1.858958 0.641089 3.950962
v 1.849451 0.642292 3.957281
v 1.843090 0.642304 3.966757
v 1.840829 0.642286 3.977947
v 1.843032 0.641079 3.989148
v 1.849348 0.641011 3.998654
v 1.858827 0.640939 4.005019
v 1.870016 0.640864 4.007273
v 1.881218 0.640806 4.005073
v 1.890724 0.640760 3.998754
v 1.897089 0.640751 3.989278
v 1.899343 0.640769 3.978088
v 1.880409 0.670150 3.973771
v 1.877996 0.670178 3.970145
v 1.874383 0.670210 3.967717
v 1.870113 0.670240 3.966858
v 1.865843 0.670265 3.967697
v 1.862214 0.670282 3.970107
v 1.859785 0.670288 3.973722
v 1.858927 0.670282 3.977990
v 1.859767 0.670262 3.982263
v 1.862176 0.670234 3.985889
v 1.865794 0.670202 3.988317
v 1.870058 0.670172 3.989177
v 1.874332 0.670144 3.988338
v 1.877959 0.670129 3.985928
v 1.880387 0.670123 3.982313
v 1.881247 0.670129 3.978045
v 1.880408 0.816412 3.973771
v 1.877996 0.816440 3.970145
v 1.874383 0.816472 3.967717
v 1.870113 0.816503 3.966858
v 1.865843 0.816528 3.967697
v 1.862214 0.816545 3.970107
v 1.859785 0.816550 3.973722
v 1.858927 0.816544 3.977990
v 1.859767 0.816524 3.982263
v 1.862176 0.816497 3.985889
v 1.865793 0.816465 3.988317
v 1.870058 0.816434 3.989177
v 1.874331 0.816406 3.988338
v 1.877959 0.816391 3.985928
v 1.880387 0.816386 3.982313
v 1.881247 0.816391 3.978045
v 1.880409 0.685024 3.973771
v 1.877996 0.685052 3.970145
v 1.874383 0.685084 3.967717
v 1.870113 0.685114 3.966858
v 1.865843 0.685139 3.967697
v 1.862214 0.685156 3.970107
v 1.859785 0.685162 3.973722
v 1.858927 0.685156 3.977990
v 1.859767 0.685136 3.982263
v 1.862176 0.685108 3.985889
v 1.865794 0.685076 3.988317
v 1.870058 0.685046 3.989177
v 1.874332 0.685019 3.988338
v 1.877959 0.685003 3.985928
v 1.880387 0.684997 3.982312
v 1.881246 0.685003 3.978045
v 1.880409 0.696354 3.973771
v 1.877996 0.696382 3.970145
v 1.874383 0.696414 3.967717
v 1.870113 0.696444 3.966858
v 1.865843 0.696469 3.967697
v 1.862214 0.696486 3.970107
v 1.859785 0.696492 3.973722
v 1.858927 0.696486 3.977990
v 1.859767 0.696465 3.982263
v 1.862176 0.696438 3.985889
v 1.865794 0.696407 3.988317
v 1.870058 0.696376 3.989177
v 1.874332 0.696348 3.988338
v 1.877959 0.696333 3.985928
v 1.880387 0.696326 3.982312
v 1.881246 0.696333 3.978045
v 1.880409 0.705616 3.973771
v 1.877996 0.705643 3.970145
v 1.874383 0.705675 3.967717
v 1.870113 0.705706 3.966858
v 1.865843 0.705730 3.967697
v 1.862214 0.705747 3.970107
v 1.859785 0.705754 3.973722
v 1.858927 0.705747 3.977990
v 1.859767 0.705727 3.982263
v 1.862176 0.705700 3.985889
v 1.865794 0.705668 3.988317
v 1.870058 0.705637 3.989177
v 1.874332 0.705610 3.988338
v 1.877959 0.705594 3.985928
v 1.880387 0.705588 3.982312
v 1.881246 0.705594 3.978045
v 1.880409 0.716164 3.973771
v 1.877996 0.716191 3.970145
v 1.874383 0.716223 3.967717
v 1.870113 0.716254 3.966858
v 1.865843 0.716279 3.967697
v 1.862214 0.716295 3.970107
v 1.859785 0.716302 3.973722
v 1.858927 0.716295 3.977990
v 1.859767 0.716275 3.982263
v 1.862176 0.716247 3.985889
v 1.865794 0.716216 3.988317
v 1.870058 0.716185 3.989177
v 1.874332 0.716158 3.988338
v 1.877959 0.716142 3.985928
v 1.880387 0.716136 3.982312
v 1.881246 0.716142 3.978045
v 1.880409 0.727029 3.973771
v 1.877996 0.727056 3.970145
v 1.874383 0.727088 3.967717
v 1.870113 0.727119 3.966858
v 1.865843 0.727144 3.967697
v 1.862214 0.727161 3.970107
v 1.859785 0.727167 3.973722
v 1.858927 0.727161 3.977990
v 1.859767 0.727140 3.982263
v 1.862176 0.727113 3.985889
v 1.865794 0.727082 3.988317
v 1.870058 0.727051 3.989177
v 1.874332 0.727023 3.988338
v 1.877959 0.727008 3.985928
v 1.880387 0.727002 3.982312
v 1.881246 0.727008 3.978045
v 1.880409 0.736098 3.973772
v 1.877996 0.736125 3.970145
v 1.874383 0.736157 3.967717
v 1.870113 0.736188 3.966858
v 1.865843 0.736213 3.967697
v 1.862214 0.736230 3.970107
v 1.859785 0.736236 3.973722
v 1.858927 0.736230 3.977990
v 1.859767 0.736210 3.982263
v 1.862176 0.736182 3.985889
v 1.865794 0.736151 3.988317
v 1.870058 0.736120 3.989177
v 1.874332 0.736092 3.988338
v 1.877959 0.736077 3.985928
v 1.880387 0.736071 3.982313
v 1.881247 0.736077 3.978045
v 1.880409 0.746393 3.973772
v 1.877996 0.746420 3.970145
v 1.874383 0.746452 3.967717
v 1.870113 0.746483 3.966858
v 1.865843 0.746508 3.967697
v 1.862214 0.746525 3.970107
v 1.859785 0.746531 3.973722
v 1.858927 0.746524 3.977990
v 1.859767 0.746504 3.982263
v 1.862176 0.746477 3.985889
v 1.865794 0.746445 3.988317
v 1.870058 0.746414 3.989177
v 1.874332 0.746387 3.988338
v 1.877959 0.746371 3.985928
v 1.880387 0.746366 3.982313
v 1.881247 0.746372 3.978044
v 1.880409 0.757157 3.973772
v 1.877996 0.757184 3.970145
v 1.874383 0.757216 3.967717
v 1.870113 0.757247 3.966858
v 1.865843 0.757272 3.967697
v 1.862214 0.757289 3.970107
v 1.859785 0.757295 3.973722
v 1.858927 0.757288 3.977990
v 1.859767 0.757268 3.982263
v 1.862176 0.757241 3.985889
v 1.865794 0.757210 3.988317
v 1.870058 0.757179 3.989177
v 1.874332 0.757151 3.988338
v 1.877959 0.757135 3.985928
v 1.880387 0.757130 3.982313
v 1.881247 0.757136 3.978044
v 1.880409 0.767272 3.973772
v 1.877996 0.767300 3.970145
v 1.874383 0.767332 3.967717
v 1.870113 0.767363 3.966858
v 1.865843 0.767387 3.967697
v 1.862214 0.767404 3.970107
v 1.859785 0.767410 3.973722
v 1.858927 0.767404 3.977990
v 1.859767 0.767384 3.982263
v 1.862176 0.767356 3.985889
v 1.865794 0.767325 3.988317
v 1.870058 0.767294 3.989177
v 1.874332 0.767266 3.988338
v 1.877959 0.767251 3.985928
v 1.880387 0.767245 3.982313
v 1.881247 0.767251 3.978044
v 1.880409 0.778451 3.973772
v 1.877996 0.778478 3.970145
v 1.874383 0.778510 3.967717
v 1.870113 0.778541 3.966858
v 1.865843 0.778566 3.967697
v 1.862214 0.778583 3.970107
v 1.859785 0.778589 3.973722
v 1.858927 0.778582 3.977990
v 1.859767 0.778562 3.982263
v 1.862176 0.778535 3.985889
v 1.865794 0.778503 3.988317
v 1.870058 0.778472 3.989177
v 1.874332 0.778445 3.988338
v 1.877960 0.778429 3.985928
v 1.880387 0.778424 3.982313
v 1.881247 0.778430 3.978045
v -1.467060 0.217768 2.556549
v -1.481113 0.217911 2.535407
v -1.502187 0.218081 2.521251
v -1.527076 0.218242 2.516238
v -1.551985 0.218384 2.521131
v -1.573132 0.218469 2.535184
v -1.587285 0.218494 2.556259
v -1.592298 0.218456 2.581148
v -1.587410 0.218357 2.606059
v -1.573353 0.218216 2.627203
v -1.552278 0.218044 2.641358
v -1.527392 0.217883 2.646371
v -1.502482 0.217744 2.641479
v -1.481337 0.217655 2.627424
v -1.467185 0.217628 2.606349
v -1.462164 0.217668 2.581461
v -1.467012 0.225193 2.556571
v -1.481066 0.225333 2.535428
v -1.502141 0.225505 2.521272
v -1.527031 0.225668 2.516260
v -1.551939 0.225805 2.521152
v -1.573086 0.225897 2.535206
v -1.587238 0.225921 2.556281
v -1.592252 0.225882 2.581169
v -1.587363 0.225781 2.606081
v -1.573306 0.225638 2.627224
v -1.552231 0.225468 2.641379
v -1.527347 0.225307 2.646392
v -1.502437 0.225169 2.641500
v -1.481287 0.225088 2.627446
v -1.467138 0.225058 2.606371
v -1.462118 0.225095 2.581483
v -1.500131 0.237885 2.570196
v -1.506452 0.237950 2.560690
v -1.515924 0.238025 2.554325
v -1.527117 0.238099 2.552071
v -1.538315 0.238161 2.554271
v -1.547822 0.239363 2.560590
v -1.554184 0.239375 2.570065
v -1.556444 0.239358 2.581256
v -1.554241 0.238151 2.592457
v -1.547926 0.238082 2.601963
v -1.538447 0.238011 2.608328
v -1.527257 0.237936 2.610582
v -1.516056 0.237878 2.608382
v -1.506550 0.237832 2.602063
v -1.500184 0.237823 2.592587
v -1.497931 0.237841 2.581397
v -1.516865 0.267222 2.577080
v -1.519277 0.267249 2.573455
v -1.522891 0.267281 2.571027
v -1.527160 0.267312 2.570167
v -1.531430 0.267337 2.571006
v -1.535059 0.267353 2.573416
v -1.537488 0.267360 2.577031
v -1.538346 0.267354 2.581300
v -1.537506 0.267333 2.585572
v -1.535098 0.267306 2.589199
v -1.531480 0.267274 2.591627
v -1.527216 0.267244 2.592486
v -1.522941 0.267216 2.591647
v -1.519314 0.267201 2.589237
v -1.516886 0.267194 2.585622
v -1.516027 0.267200 2.581354
v -1.516865 0.413484 2.577080
v -1.519277 0.413512 2.573455
v -1.522891 0.413544 2.571027
v -1.527161 0.413575 2.570167
v -1.531430 0.413599 2.571006
v -1.535059 0.413617 2.573416
v -1.537488 0.413622 2.577031
v -1.538346 0.413616 2.581300
v -1.537507 0.413595 2.585572
v -1.535098 0.413569 2.589199
v -1.531480 0.413537 2.591627
v -1.527215 0.413506 2.592486
v -1.522942 0.413478 2.591647
v -1.519314 0.413463 2.589237
v -1.516886 0.413457 2.585622
v -1.516027 0.413463 2.581354
v -1.516865 0.282096 2.577080
v -1.519277 0.282123 2.573454
v -1.522891 0.282155 2.571027
v -1.527160 0.282186 2.570167
v -1.531430 0.282211 2.571006
v -1.535059 0.282227 2.573416
v -1.537488 0.282234 2.577031
v -1.538346 0.282227 2.581300
v -1.537506 0.282207 2.585572
v -1.535098 0.282180 2.589199
v -1.531480 0.282148 2.591627
v -1.527216 0.282118 2.592486
v -1.522942 0.282090 2.591647
v -1.519314 0.282074 2.589237
v -1.516886 0.282068 2.585622
v -1.516027 0.282074 2.581354
v -1.516865 0.293426 2.577080
v -1.519277 0.293453 2.573454
v -1.522891 0.293485 2.571027
v -1.527160 0.293516 2.570167
v -1.531430 0.293540 2.571006
v -1.535059 0.293557 2.573416
v -1.537488 0.293564 2.577031
v -1.538346 0.293557 2.581300
v -1.537506 0.293537 2.585572
v -1.535098 0.293509 2.589199
v -1.531480 0.293478 2.591627
v -1.527216 0.293447 2.592486
v -1.522942 0.293420 2.591647
v -1.519314 0.293404 2.589237
v -1.516886 0.293398 2.585622
v -1.516027 0.293404 2.581354
v -1.516865 0.302687 2.577080
v -1.519277 0.302715 2.573454
v -1.522891 0.302747 2.571027
v -1.527161 0.302777 2.570167
v -1.531430 0.302802 2.571006
v -1.535059 0.302819 2.573416
v -1.537488 0.302825 2.577031
v -1.538346 0.302819 2.581300
v -1.537506 0.302799 2.585572
v -1.535098 0.302771 2.589199
v -1.531480 0.302740 2.591627
v -1.527216 0.302709 2.592486
v -1.522942 0.302681 2.591647
v -1.519314 0.302666 2.589237
v -1.516886 0.302660 2.585622
v -1.516027 0.302666 2.581354
v -1.516865 0.313235 2.577080
v -1.519277 0.313263 2.573454
v -1.522891 0.313295 2.571027
v -1.527161 0.313325 2.570167
v -1.531430 0.313350 2.571006
v -1.535059 0.313367 2.573416
v -1.537488 0.313373 2.577031
v -1.538346 0.313367 2.581300
v -1.537506 0.313347 2.585572
v -1.535098 0.313319 2.589199
v -1.531480 0.313288 2.591626
v -1.527216 0.313257 2.592486
v -1.522942 0.313229 2.591647
v -1.519314 0.313214 2.589237
v -1.516886 0.313208 2.585622
v -1.516027 0.313214 2.581354
v -1.516865 0.324101 2.577080
v -1.519277 0.324128 2.573454
v -1.522891 0.324160 2.571027
v -1.527161 0.324191 2.570167
v -1.531430 0.324215 2.571006
v -1.535059 0.324232 2.573416
v -1.537488 0.324239 2.577031
v -1.538346 0.324232 2.581300
v -1.537506 0.324212 2.585572
v -1.535098 0.324185 2.589199
v -1.531480 0.324153 2.591626
v -1.527216 0.324122 2.592486
v -1.522942 0.324095 2.591647
v -1.519314 0.324079 2.589237
v -1.516886 0.324073 2.585622
v -1.516027 0.324079 2.581354
v -1.516865 0.333170 2.577081
v -1.519277 0.333197 2.573454
v -1.522891 0.333229 2.571027
v -1.527161 0.333260 2.570167
v -1.531430 0.333285 2.571006
v -1.535059 0.333302 2.573416
v -1.537488 0.333308 2.577031
v -1.538346 0.333301 2.581300
v -1.537506 0.333281 2.585572
v -1.535098 0.333254 2.589199
v -1.531480 0.333222 2.591626
v -1.527216 0.333192 2.592486
v -1.522942 0.333164 2.591647
v -1.519314 0.333148 2.589237
v -1.516886 0.333143 2.585622
v -1.516027 0.333148 2.581354
v -1.516865 0.343465 2.577081
v -1.519277 0.343492 2.573454
v -1.522891 0.343524 2.571027
v -1.527161 0.343555 2.570167
v -1.531430 0.343579 2.571006
v -1.535059 0.343596 2.573416
v -1.537488 0.343603 2.577031
v -1.538346 0.343596 2.581300
v -1.537506 0.343576 2.585572
v -1.535098 0.343549 2.589199
v -1.531480 0.343517 2.591626
v -1.527216 0.343486 2.592486
v -1.522942 0.343459 2.591647
v -1.519314 0.343443 2.589237
v -1.516886 0.343437 2.585622
v -1.516027 0.343443 2.581353
v -1.516865 0.354229 2.577081
v -1.519277 0.354256 2.573454
v -1.522891 0.354288 2.571027
v -1.527161 0.354319 2.570167
v -1.531430 0.354343 2.571006
v -1.535059 0.354360 2.573416
v -1.537488 0.354367 2.577031
v -1.538346 0.354360 2.581300
v -1.537506 0.354340 2.585572
v -1.535098 0.354313 2.589199
v -1.531480 0.354281 2.591627
v -1.527216 0.354250 2.592486
v -1.522942 0.354223 2.591647
v -1.519314 0.354207 2.589237
v -1.516886 0.354201 2.585622
v -1.516027 0.354207 2.581353
v -1.516865 0.364344 2.577081
v -1.519277 0.364371 2.573454
v -1.522891 0.364403 2.571027
v -1.527161 0.364434 2.570167
v -1.531430 0.364459 2.571006
v -1.535059 0.364476 2.573416
v -1.537488 0.364482 2.577031
v -1.538346 0.364475 2.581300
v -1.537506 0.364455 2.585572
v -1.535098 0.364428 2.589199
v -1.531480 0.364397 2.591627
v -1.527216 0.364366 2.592486
v -1.522942 0.364338 2.591647
v -1.519314 0.364322 2.589237
v -1.516886 0.364317 2.585622
v -1.516027 0.364323 2.581353
v -1.516865 0.375522 2.577081
v -1.519277 0.375550 2.573455
v -1.522891 0.375582 2.571027
v -1.527161 0.375613 2.570167
v -1.531430 0.375637 2.571006
v -1.535059 0.375655 2.573416
v -1.537488 0.375660 2.577031
v -1.538346 0.375654 2.581300
v -1.537506 0.375634 2.585572
v -1.535097 0.375607 2.589199
v -1.531480 0.375575 2.591627
v -1.527216 0.375544 2.592486
v -1.522942 0.375517 2.591647
v -1.519314 0.375501 2.589237
v -1.516886 0.375495 2.585622
v -1.516027 0.375501 2.581354
v 1.953058 0.217768 2.555999
v 1.939005 0.217911 2.534857
v 1.917931 0.218081 2.520701
v 1.893042 0.218242 2.515687
v 1.868132 0.218384 2.520581
v 1.846985 0.218469 2.534634
v 1.832832 0.218494 2.555709
v 1.827820 0.218456 2.580597
v 1.832708 0.218357 2.605509
v 1.846764 0.218216 2.626652
v 1.867839 0.218044 2.640808
v 1.892726 0.217883 2.645821
v 1.917635 0.217744 2.640928
v 1.938781 0.217655 2.626874
v 1.952933 0.217628 2.605798
v 1.957953 0.217668 2.580911
v 1.953105 0.225193 2.556020
v 1.939052 0.225333 2.534878
v 1.917977 0.225505 2.520722
v 1.893086 0.225668 2.515709
v 1.868179 0.225805 2.520602
v 1.847031 0.225897 2.534656
v 1.832879 0.225921 2.555731
v 1.827866 0.225882 2.580619
v 1.832754 0.225781 2.605530
v 1.846812 0.225638 2.626673
v 1.867886 0.225468 2.640829
v 1.892770 0.225307 2.645842
v 1.917680 0.225169 2.640949
v 1.938831 0.225088 2.626896
v 1.952980 0.225058 2.605821
v 1.958000 0.225095 2.580933
v 1.919987 0.237885 2.569646
v 1.913665 0.237950 2.560139
v 1.904194 0.238025 2.553775
v 1.893000 0.238099 2.551521
v 1.881802 0.238161 2.553721
v 1.872295 0.239363 2.560039
v 1.865934 0.239375 2.569515
v 1.863674 0.239358 2.580706
v 1.865877 0.238151 2.591906
v 1.872192 0.238082 2.601413
v 1.881671 0.238011 2.607777
v 1.892860 0.237936 2.610031
v 1.904062 0.237878 2.607831
v 1.913568 0.237832 2.601513
v 1.919933 0.237823 2.592036
v 1.922187 0.237841 2.580847
v 1.903253 0.267222 2.576530
v 1.900840 0.267249 2.572904
v 1.897227 0.267281 2.570476
v 1.892957 0.267312 2.569616
v 1.888687 0.267337 2.570455
v 1.885059 0.267353 2.572866
v 1.882630 0.267360 2.576481
v 1.881771 0.267354 2.580749
v 1.882612 0.267333 2.585022
v 1.885020 0.267306 2.588648
v 1.888638 0.267274 2.591076
v 1.892902 0.267244 2.591936
v 1.897176 0.267216 2.591096
v 1.900804 0.267201 2.588687
v 1.903232 0.267194 2.585071
v 1.904091 0.267200 2.580803
v 1.903253 0.413484 2.576530
v 1.900841 0.413512 2.572904
v 1.897227 0.413544 2.570476
v 1.892957 0.413575 2.569616
v 1.888688 0.413599 2.570455
v 1.885059 0.413617 2.572866
v 1.882630 0.413622 2.576481
v 1.881772 0.413616 2.580749
v 1.882611 0.413595 2.585022
v 1.885020 0.413569 2.588648
v 1.888638 0.413537 2.591076
v 1.892902 0.413506 2.591936
v 1.897176 0.413478 2.591096
v 1.900804 0.413463 2.588687
v 1.903232 0.413457 2.585071
v 1.904091 0.413463 2.580803
v 1.903253 0.282096 2.576530
v 1.900840 0.282123 2.572904
v 1.897227 0.282155 2.570476
v 1.892957 0.282186 2.569616
v 1.888687 0.282211 2.570455
v 1.885059 0.282227 2.572866
v 1.882630 0.282234 2.576481
v 1.881771 0.282227 2.580749
v 1.882612 0.282207 2.585022
v 1.885020 0.282180 2.588648
v 1.888638 0.282148 2.591076
v 1.892902 0.282118 2.591936
v 1.897176 0.282090 2.591096
v 1.900804 0.282074 2.588687
v 1.903232 0.282068 2.585071
v 1.904091 0.282074 2.580803
v 1.903253 0.293426 2.576530
v 1.900840 0.293453 2.572904
v 1.897227 0.293485 2.570476
v 1.892957 0.293516 2.569616
v 1.888687 0.293540 2.570455
v 1.885059 0.293557 2.572866
v 1.882630 0.293564 2.576481
v 1.881771 0.293557 2.580749
v 1.882612 0.293537 2.585022
v 1.885020 0.293509 2.588648
v 1.888638 0.293478 2.591076
v 1.892902 0.293447 2.591936
v 1.897176 0.293420 2.591096
v 1.900804 0.293404 2.588687
v 1.903232 0.293398 2.585071
v 1.904091 0.293404 2.580803
v 1.903253 0.302687 2.576530
v 1.900840 0.302715 2.572904
v 1.897227 0.302747 2.570476
v 1.892957 0.302777 2.569616
v 1.888687 0.302802 2.570455
v 1.885059 0.302819 2.572866
v 1.882630 0.302825 2.576481
v 1.881771 0.302819 2.580749
v 1.882612 0.302799 2.585022
v 1.885020 0.302771 2.588648
v 1.888638 0.302740 2.591076
v 1.892902 0.302709 2.591936
v 1.897176 0.302681 2.591096
v 1.900804 0.302666 2.588687
v 1.903232 0.302660 2.585071
v 1.904091 0.302666 2.580803
v 1.903253 0.313235 2.576530
v 1.900840 0.313263 2.572904
v 1.897227 0.313295 2.570476
v 1.892957 0.313325 2.569616
v 1.888687 0.313350 2.570455
v 1.885059 0.313367 2.572866
v 1.882630 0.313373 2.576481
v 1.881771 0.313367 2.580749
v 1.882612 0.313347 2.585022
v 1.885020 0.313319 2.588648
v 1.888638 0.313288 2.591076
v 1.892902 0.313257 2.591936
v 1.897176 0.313229 2.591096
v 1.900804 0.313214 2.588687
v 1.903232 0.313208 2.585071
v 1.904091 0.313214 2.580803
v 1.903253 0.324101 2.576530
v 1.900840 0.324128 2.572904
v 1.897227 0.324160 2.570476
v 1.892957 0.324191 2.569617
v 1.888687 0.324215 2.570455
v 1.885059 0.324232 2.572866
v 1.882630 0.324239 2.576481
v 1.881771 0.324232 2.580749
v 1.882612 0.324212 2.585022
v 1.885020 0.324185 2.588648
v 1.888638 0.324153 2.591076
v 1.892902 0.324122 2.591936
v 1.897176 0.324095 2.591096
v 1.900804 0.324079 2.588687
v 1.903232 0.324073 2.585071
v 1.904091 0.324079 2.580803
v 1.903253 0.333170 2.576530
v 1.900840 0.333197 2.572904
v 1.897227 0.333229 2.570476
v 1.892957 0.333260 2.569617
v 1.888688 0.333285 2.570455
v 1.885059 0.333302 2.572866
v 1.882630 0.333308 2.576481
v 1.881771 0.333301 2.580749
v 1.882612 0.333281 2.585022
v 1.885020 0.333254 2.588648
v 1.888638 0.333222 2.591076
v 1.892902 0.333192 2.591936
v 1.897176 0.333164 2.591096
v 1.900804 0.333148 2.588687
v 1.903232 0.333143 2.585071
v 1.904091 0.333148 2.580803
v 1.903253 0.343465 2.576530
v 1.900840 0.343492 2.572904
v 1.897227 0.343524 2.570476
v 1.892957 0.343555 2.569617
v 1.888688 0.343579 2.570455
v 1.885059 0.343596 2.572866
v 1.882630 0.343603 2.576481
v 1.881771 0.343596 2.580749
v 1.882612 0.343576 2.585022
v 1.885020 0.343549 2.588648
v 1.888638 0.343517 2.591076
v 1.892902 0.343486 2.591936
v 1.897176 0.343459 2.591096
v 1.900804 0.343443 2.588687
v 1.903232 0.343437 2.585071
v 1.904091 0.343443 2.580803
v 1.903253 0.354229 2.576530
v 1.900841 0.354256 2.572904
v 1.897227 0.354288 2.570476
v 1.892957 0.354319 2.569617
v 1.888688 0.354343 2.570455
v 1.885059 0.354360 2.572866
v 1.882630 0.354367 2.576481
v 1.881772 0.354360 2.580749
v 1.882612 0.354340 2.585022
v 1.885020 0.354313 2.588648
v 1.888638 0.354281 2.591076
v 1.892902 0.354250 2.591936
v 1.897176 0.354223 2.591096
v 1.900804 0.354207 2.588687
v 1.903232 0.354201 2.585072
v 1.904091 0.354207 2.580803
v 1.903253 0.364344 2.576530
v 1.900841 0.364371 2.572904
v 1.897227 0.364403 2.570476
v 1.892957 0.364434 2.569617
v 1.888688 0.364459 2.570455
v 1.885059 0.364476 2.572866
v 1.882630 0.364482 2.576481
v 1.881772 0.364475 2.580749
v 1.882612 0.364455 2.585022
v 1.885020 0.364428 2.588648
v 1.888638 0.364397 2.591076
v 1.892902 0.364366 2.591936
v 1.897176 0.364338 2.591096
v 1.900804 0.364322 2.588687
v 1.903232 0.364317 2.585072
v 1.904091 0.364323 2.580803
v 1.903253 0.375522 2.576530
v 1.900841 0.375550 2.572904
v 1.897227 0.375582 2.570476
v 1.892957 0.375613 2.569617
v 1.888688 0.375637 2.570455
v 1.885059 0.375655 2.572866
v 1.882630 0.375660 2.576481
v 1.881772 0.375654 2.580749
v 1.882612 0.375634 2.585022
v 1.885020 0.375607 2.588648
v 1.888638 0.375575 2.591076
v 1.892902 0.375544 2.591936
v 1.897176 0.375517 2.591096
v 1.900804 0.375501 2.588687
v 1.903232 0.375495 2.585072
v 1.904091 0.375501 2.580803
v -1.540647 0.999584 4.464212
v -1.588659 0.999584 4.464212
v -1.540647 2.801972 4.464212
v -1.588659 2.801972 4.464212
v -1.540647 2.801972 2.915991
v -1.588659 2.801972 2.915991
v -1.540647 0.999584 2.915991
v -1.588659 0.999584 2.915991
v -1.466154 0.215105 4.337747
v -1.480207 0.215248 4.316604
v -1.501280 0.215418 4.302449
v -1.526170 0.215579 4.297435
v -1.551079 0.215721 4.302329
v -1.572226 0.215805 4.316382
v -1.586379 0.215831 4.337457
v -1.591392 0.215793 4.362345
v -1.586504 0.215694 4.387257
v -1.572447 0.215553 4.408401
v -1.551372 0.215381 4.422555
v -1.526485 0.215220 4.427568
v -1.501576 0.215081 4.422676
v -1.480430 0.214992 4.408622
v -1.466278 0.214965 4.387547
v -1.461258 0.215005 4.362659
v -1.466106 0.222529 4.337769
v -1.480160 0.222670 4.316626
v -1.501235 0.222842 4.302470
v -1.526125 0.223005 4.297457
v -1.551033 0.223142 4.302350
v -1.572180 0.223234 4.316404
v -1.586332 0.223258 4.337478
v -1.591346 0.223218 4.362367
v -1.586457 0.223118 4.387278
v -1.572400 0.222975 4.408422
v -1.551325 0.222805 4.422577
v -1.526441 0.222644 4.427590
v -1.501531 0.222506 4.422697
v -1.480381 0.222424 4.408644
v -1.466231 0.222395 4.387569
v -1.461212 0.222432 4.362680
v -1.499224 0.235222 4.351394
v -1.505546 0.235287 4.341887
v -1.515018 0.235362 4.335523
v -1.526211 0.235436 4.333269
v -1.537409 0.235497 4.335469
v -1.546916 0.236700 4.341787
v -1.553278 0.236712 4.351263
v -1.555538 0.236695 4.362453
v -1.553335 0.235487 4.373654
v -1.547020 0.235419 4.383161
v -1.537540 0.235347 4.389525
v -1.526351 0.235273 4.391779
v -1.515150 0.235215 4.389579
v -1.505643 0.235169 4.383261
v -1.499278 0.235160 4.373785
v -1.497024 0.235178 4.362595
v -1.515958 0.264559 4.358278
v -1.518371 0.264586 4.354652
v -1.521985 0.264618 4.352224
v -1.526254 0.264649 4.351364
v -1.530524 0.264673 4.352203
v -1.534153 0.264690 4.354614
v -1.536582 0.264697 4.358228
v -1.537440 0.264690 4.362497
v -1.536600 0.264670 4.366770
v -1.534191 0.264642 4.370396
v -1.530573 0.264611 4.372824
v -1.526309 0.264580 4.373683
v -1.522035 0.264553 4.372844
v -1.518408 0.264537 4.370435
v -1.515980 0.264531 4.366819
v -1.515121 0.264537 4.362551
v -1.515959 0.410821 4.358278
v -1.518371 0.410848 4.354652
v -1.521984 0.410880 4.352224
v -1.526254 0.410912 4.351364
v -1.530524 0.410936 4.352203
v -1.534153 0.410953 4.354614
v -1.536582 0.410959 4.358228
v -1.537440 0.410952 4.362497
v -1.536600 0.410932 4.366770
v -1.534191 0.410905 4.370396
v -1.530574 0.410874 4.372824
v -1.526309 0.410843 4.373683
v -1.522036 0.410815 4.372844
v -1.518408 0.410799 4.370435
v -1.515980 0.410794 4.366819
v -1.515121 0.410800 4.362551
v -1.515958 0.279433 4.358278
v -1.518371 0.279460 4.354652
v -1.521985 0.279492 4.352224
v -1.526254 0.279523 4.351364
v -1.530524 0.279547 4.352203
v -1.534153 0.279564 4.354614
v -1.536582 0.279571 4.358228
v -1.537440 0.279564 4.362497
v -1.536600 0.279544 4.366770
v -1.534191 0.279516 4.370396
v -1.530574 0.279485 4.372824
v -1.526309 0.279454 4.373683
v -1.522035 0.279427 4.372844
v -1.518408 0.279411 4.370435
v -1.515980 0.279405 4.366819
v -1.515121 0.279411 4.362551
v -1.515959 0.290763 4.358278
v -1.518371 0.290790 4.354652
v -1.521985 0.290822 4.352224
v -1.526254 0.290853 4.351364
v -1.530524 0.290877 4.352203
v -1.534153 0.290894 4.354614
v -1.536582 0.290901 4.358228
v -1.537440 0.290894 4.362497
v -1.536600 0.290874 4.366770
v -1.534191 0.290846 4.370396
v -1.530574 0.290815 4.372824
v -1.526309 0.290784 4.373683
v -1.522035 0.290757 4.372844
v -1.518408 0.290741 4.370435
v -1.515980 0.290735 4.366819
v -1.515121 0.290741 4.362551
v -1.515959 0.300024 4.358278
v -1.518371 0.300052 4.354652
v -1.521985 0.300084 4.352224
v -1.526254 0.300114 4.351364
v -1.530524 0.300139 4.352203
v -1.534153 0.300156 4.354614
v -1.536582 0.300162 4.358228
v -1.537440 0.300156 4.362497
v -1.536600 0.300135 4.366770
v -1.534191 0.300108 4.370396
v -1.530574 0.300077 4.372824
v -1.526309 0.300046 4.373683
v -1.522035 0.300018 4.372844
v -1.518408 0.300003 4.370435
v -1.515980 0.299997 4.366819
v -1.515121 0.300003 4.362551
v -1.515959 0.310572 4.358278
v -1.518371 0.310600 4.354652
v -1.521985 0.310632 4.352224
v -1.526254 0.310662 4.351364
v -1.530524 0.310687 4.352203
v -1.534153 0.310704 4.354614
v -1.536582 0.310710 4.358228
v -1.537440 0.310704 4.362497
v -1.536600 0.310683 4.366770
v -1.534191 0.310656 4.370396
v -1.530574 0.310625 4.372824
v -1.526309 0.310594 4.373683
v -1.522035 0.310566 4.372844
v -1.518408 0.310551 4.370435
v -1.515980 0.310545 4.366819
v -1.515121 0.310551 4.362551
v -1.515959 0.321438 4.358278
v -1.518371 0.321465 4.354652
v -1.521985 0.321497 4.352224
v -1.526254 0.321528 4.351365
v -1.530524 0.321552 4.352203
v -1.534153 0.321569 4.354614
v -1.536582 0.321576 4.358228
v -1.537440 0.321569 4.362497
v -1.536600 0.321549 4.366770
v -1.534191 0.321521 4.370396
v -1.530574 0.321490 4.372824
v -1.526309 0.321459 4.373683
v -1.522035 0.321432 4.372844
v -1.518408 0.321416 4.370435
v -1.515980 0.321410 4.366819
v -1.515121 0.321416 4.362551
v -1.515959 0.330507 4.358278
v -1.518371 0.330534 4.354652
v -1.521985 0.330566 4.352224
v -1.526254 0.330597 4.351365
v -1.530524 0.330622 4.352203
v -1.534153 0.330638 4.354614
v -1.536582 0.330645 4.358229
v -1.537440 0.330638 4.362497
v -1.536600 0.330618 4.366770
v -1.534191 0.330591 4.370396
v -1.530574 0.330559 4.372824
v -1.526309 0.330528 4.373683
v -1.522035 0.330501 4.372844
v -1.518408 0.330485 4.370435
v -1.515980 0.330479 4.366819
v -1.515121 0.330485 4.362551
v -1.515959 0.340801 4.358278
v -1.518371 0.340829 4.354652
v -1.521985 0.340861 4.352224
v -1.526254 0.340892 4.351365
v -1.530524 0.340916 4.352203
v -1.534153 0.340933 4.354614
v -1.536582 0.340939 4.358228
v -1.537440 0.340933 4.362497
v -1.536600 0.340913 4.366770
v -1.534191 0.340885 4.370396
v -1.530574 0.340854 4.372824
v -1.526309 0.340823 4.373683
v -1.522036 0.340796 4.372844
v -1.518408 0.340780 4.370435
v -1.515980 0.340774 4.366819
v -1.515121 0.340780 4.362551
v -1.515959 0.351565 4.358278
v -1.518371 0.351593 4.354652
v -1.521984 0.351625 4.352224
v -1.526254 0.351656 4.351365
v -1.530524 0.351680 4.352203
v -1.534153 0.351697 4.354614
v -1.536582 0.351703 4.358229
v -1.537440 0.351697 4.362497
v -1.536600 0.351677 4.366770
v -1.534191 0.351649 4.370396
v -1.530574 0.351618 4.372824
v -1.526309 0.351587 4.373684
v -1.522035 0.351559 4.372844
v -1.518408 0.351544 4.370435
v -1.515980 0.351538 4.366820
v -1.515121 0.351544 4.362551
v -1.515959 0.361681 4.358278
v -1.518371 0.361708 4.354652
v -1.521984 0.361740 4.352224
v -1.526254 0.361771 4.351365
v -1.530524 0.361796 4.352203
v -1.534153 0.361813 4.354614
v -1.536582 0.361819 4.358228
v -1.537440 0.361812 4.362497
v -1.536600 0.361792 4.366770
v -1.534191 0.361765 4.370396
v -1.530574 0.361733 4.372824
v -1.526309 0.361703 4.373684
v -1.522035 0.361675 4.372844
v -1.518408 0.361659 4.370435
v -1.515980 0.361654 4.366820
v -1.515121 0.361660 4.362551
v -1.515959 0.372859 4.358278
v -1.518371 0.372887 4.354652
v -1.521984 0.372919 4.352224
v -1.526254 0.372950 4.351365
v -1.530524 0.372974 4.352203
v -1.534153 0.372991 4.354614
v -1.536582 0.372997 4.358228
v -1.537440 0.372991 4.362497
v -1.536600 0.372971 4.366770
v -1.534191 0.372943 4.370396
v -1.530574 0.372912 4.372824
v -1.526309 0.372881 4.373684
v -1.522035 0.372853 4.372844
v -1.518408 0.372838 4.370435
v -1.515980 0.372832 4.366820
v -1.515120 0.372838 4.362551
v 1.954360 0.215105 4.337721
v 1.940306 0.215248 4.316578
v 1.919232 0.215418 4.302423
v 1.894343 0.215579 4.297410
v 1.869434 0.215721 4.302303
v 1.848287 0.215805 4.316356
v 1.834134 0.215831 4.337430
v 1.829121 0.215793 4.362319
v 1.834009 0.215694 4.387231
v 1.848066 0.215553 4.408374
v 1.869141 0.215381 4.422530
v 1.894028 0.215220 4.427543
v 1.918937 0.215081 4.422650
v 1.940082 0.214992 4.408596
v 1.954234 0.214965 4.387521
v 1.959255 0.215005 4.362633
v 1.954407 0.222529 4.337743
v 1.940353 0.222670 4.316600
v 1.919278 0.222842 4.302444
v 1.894388 0.223005 4.297431
v 1.869480 0.223142 4.302324
v 1.848333 0.223234 4.316378
v 1.834181 0.223258 4.337452
v 1.829167 0.223218 4.362340
v 1.834056 0.223118 4.387252
v 1.848113 0.222975 4.408395
v 1.869188 0.222805 4.422551
v 1.894072 0.222644 4.427564
v 1.918982 0.222506 4.422671
v 1.940132 0.222424 4.408618
v 1.954281 0.222395 4.387543
v 1.959301 0.222432 4.362655
v 1.921289 0.235222 4.351368
v 1.914967 0.235287 4.341861
v 1.905495 0.235362 4.335497
v 1.894302 0.235436 4.333243
v 1.883104 0.235497 4.335443
v 1.873597 0.236700 4.341762
v 1.867235 0.236712 4.351237
v 1.864975 0.236695 4.362428
v 1.867178 0.235487 4.373628
v 1.873493 0.235419 4.383135
v 1.882973 0.235347 4.389499
v 1.894162 0.235273 4.391754
v 1.905363 0.235215 4.389554
v 1.914870 0.235169 4.383235
v 1.921235 0.235160 4.373758
v 1.923488 0.235178 4.362569
v 1.904555 0.264559 4.358252
v 1.902142 0.264586 4.354626
v 1.898528 0.264618 4.352198
v 1.894259 0.264649 4.351338
v 1.889989 0.264673 4.352178
v 1.886360 0.264690 4.354588
v 1.883931 0.264697 4.358202
v 1.883073 0.264690 4.362471
v 1.883913 0.264670 4.366744
v 1.886322 0.264642 4.370370
v 1.889940 0.264611 4.372798
v 1.894203 0.264580 4.373658
v 1.898478 0.264553 4.372818
v 1.902105 0.264537 4.370409
v 1.904533 0.264531 4.366793
v 1.905393 0.264537 4.362525
v 1.904554 0.410821 4.358252
v 1.902142 0.410848 4.354626
v 1.898529 0.410880 4.352198
v 1.894259 0.410912 4.351338
v 1.889989 0.410936 4.352178
v 1.886360 0.410953 4.354588
v 1.883931 0.410959 4.358202
v 1.883073 0.410952 4.362471
v 1.883913 0.410932 4.366744
v 1.886322 0.410905 4.370370
v 1.889939 0.410874 4.372798
v 1.894204 0.410843 4.373658
v 1.898477 0.410815 4.372818
v 1.902105 0.410799 4.370409
v 1.904533 0.410794 4.366793
v 1.905393 0.410800 4.362525
v 1.904554 0.279433 4.358252
v 1.902142 0.279460 4.354626
v 1.898528 0.279492 4.352198
v 1.894259 0.279523 4.351338
v 1.889989 0.279547 4.352178
v 1.886360 0.279564 4.354588
v 1.883931 0.279571 4.358202
v 1.883073 0.279564 4.362471
v 1.883913 0.279544 4.366744
v 1.886322 0.279516 4.370370
v 1.889939 0.279485 4.372798
v 1.894203 0.279454 4.373658
v 1.898478 0.279427 4.372818
v 1.902105 0.279411 4.370409
v 1.904533 0.279405 4.366793
v 1.905393 0.279411 4.362525
v 1.904554 0.290763 4.358252
v 1.902142 0.290790 4.354626
v 1.898528 0.290822 4.352198
v 1.894259 0.290853 4.351338
v 1.889989 0.290877 4.352178
v 1.886360 0.290894 4.354588
v 1.883931 0.290901 4.358202
v 1.883073 0.290894 4.362471
v 1.883913 0.290874 4.366744
v 1.886322 0.290846 4.370370
v 1.889939 0.290815 4.372798
v 1.894203 0.290784 4.373658
v 1.898478 0.290757 4.372818
v 1.902105 0.290741 4.370409
v 1.904533 0.290735 4.366793
v 1.905393 0.290741 4.362525
v 1.904554 0.300024 4.358252
v 1.902142 0.300052 4.354626
v 1.898528 0.300084 4.352198
v 1.894259 0.300114 4.351338
v 1.889989 0.300139 4.352178
v 1.886360 0.300156 4.354588
v 1.883931 0.300162 4.358202
v 1.883073 0.300156 4.362471
v 1.883913 0.300135 4.366744
v 1.886322 0.300108 4.370370
v 1.889939 0.300077 4.372798
v 1.894203 0.300046 4.373658
v 1.898478 0.300018 4.372818
v 1.902105 0.300003 4.370409
v 1.904533 0.299997 4.366793
v 1.905393 0.300003 4.362525
v 1.904554 0.310572 4.358252
v 1.902142 0.310600 4.354626
v 1.898528 0.310632 4.352198
v 1.894259 0.310662 4.351338
v 1.889989 0.310687 4.352178
v 1.886360 0.310704 4.354588
v 1.883931 0.310710 4.358202
v 1.883073 0.310704 4.362471
v 1.883913 0.310683 4.366744
v 1.886322 0.310656 4.370370
v 1.889939 0.310625 4.372798
v 1.894203 0.310594 4.373658
v 1.898478 0.310566 4.372818
v 1.902105 0.310551 4.370409
v 1.904533 0.310545 4.366793
v 1.905393 0.310551 4.362525
v 1.904554 0.321438 4.358252
v 1.902142 0.321465 4.354626
v 1.898528 0.321497 4.352198
v 1.894259 0.321528 4.351338
v 1.889989 0.321552 4.352178
v 1.886360 0.321569 4.354588
v 1.883931 0.321576 4.358202
v 1.883073 0.321569 4.362471
v 1.883913 0.321549 4.366744
v 1.886322 0.321521 4.370370
v 1.889939 0.321490 4.372798
v 1.894203 0.321459 4.373658
v 1.898478 0.321432 4.372818
v 1.902105 0.321416 4.370409
v 1.904533 0.321410 4.366793
v 1.905393 0.321416 4.362525
v 1.904554 0.330507 4.358253
v 1.902142 0.330534 4.354626
v 1.898529 0.330566 4.352198
v 1.894259 0.330597 4.351338
v 1.889989 0.330622 4.352178
v 1.886360 0.330638 4.354588
v 1.883931 0.330645 4.358202
v 1.883073 0.330638 4.362471
v 1.883913 0.330618 4.366744
v 1.886322 0.330591 4.370370
v 1.889939 0.330559 4.372798
v 1.894204 0.330528 4.373658
v 1.898478 0.330501 4.372818
v 1.902105 0.330485 4.370409
v 1.904533 0.330479 4.366793
v 1.905393 0.330485 4.362525
v 1.904554 0.340801 4.358253
v 1.902142 0.340829 4.354626
v 1.898529 0.340861 4.352198
v 1.894259 0.340892 4.351338
v 1.889989 0.340916 4.352178
v 1.886360 0.340933 4.354588
v 1.883931 0.340939 4.358202
v 1.883073 0.340933 4.362471
v 1.883913 0.340913 4.366744
v 1.886322 0.340885 4.370370
v 1.889939 0.340854 4.372798
v 1.894204 0.340823 4.373658
v 1.898477 0.340796 4.372818
v 1.902105 0.340780 4.370409
v 1.904533 0.340774 4.366793
v 1.905393 0.340780 4.362525
v 1.904554 0.351565 4.358253
v 1.902142 0.351593 4.354626
v 1.898529 0.351625 4.352198
v 1.894259 0.351656 4.351338
v 1.889989 0.351680 4.352178
v 1.886360 0.351697 4.354588
v 1.883931 0.351703 4.358202
v 1.883073 0.351697 4.362471
v 1.883913 0.351677 4.366744
v 1.886322 0.351649 4.370370
v 1.889939 0.351618 4.372798
v 1.894204 0.351587 4.373658
v 1.898478 0.351559 4.372818
v 1.902105 0.351544 4.370409
v 1.904533 0.351538 4.366794
v 1.905393 0.351544 4.362525
v 1.904554 0.361681 4.358253
v 1.902142 0.361708 4.354626
v 1.898529 0.361740 4.352198
v 1.894259 0.361771 4.351338
v 1.889989 0.361796 4.352178
v 1.886360 0.361813 4.354588
v 1.883931 0.361819 4.358202
v 1.883073 0.361812 4.362471
v 1.883913 0.361792 4.366744
v 1.886322 0.361765 4.370370
v 1.889939 0.361733 4.372798
v 1.894204 0.361703 4.373658
v 1.898478 0.361675 4.372818
v 1.902106 0.361659 4.370409
v 1.904533 0.361654 4.366794
v 1.905393 0.361660 4.362525
v 1.904554 0.372859 4.358253
v 1.902142 0.372887 4.354626
v 1.898529 0.372919 4.352198
v 1.894259 0.372950 4.351338
v 1.889989 0.372974 4.352178
v 1.886360 0.372991 4.354588
v 1.883931 0.372997 4.358202
v 1.883073 0.372991 4.362471
v 1.883913 0.372971 4.366744
v 1.886322 0.372943 4.370370
v 1.889939 0.372912 4.372798
v 1.894204 0.372881 4.373658
v 1.898478 0.372853 4.372818
v 1.902106 0.372838 4.370409
v 1.904533 0.372832 4.366794
v 1.905393 0.372838 4.362525
v -1.629613 0.617626 -2.449724
v -1.424276 0.617626 -2.449723
v -1.629872 0.618321 -4.331840
v -1.423995 0.618331 -4.331829
v -1.629869 0.504031 -4.432239
v -1.629837 0.397949 -4.431712
v -1.424017 0.504031 -4.432239
v -1.631066 0.504789 -2.449724
v -1.424049 0.397949 -4.431712
v -1.629613 0.398185 -2.449724
v -1.626105 0.396732 -2.449724
v -1.422822 0.504789 -2.449724
v -1.424276 0.398185 -2.449724
v -1.424276 0.617626 2.478030
v -1.629613 0.617627 2.478029
v -1.424017 0.618322 4.360145
v -1.629894 0.618331 4.360134
v -1.424019 0.504032 4.460544
v -1.424052 0.397950 4.460018
v -1.629871 0.504032 4.460545
v -1.422822 0.504789 2.478030
v -1.629839 0.397950 4.460017
v -1.424275 0.398185 2.478030
v -1.427783 0.396732 2.478030
v -1.631066 0.504789 2.478030
v -1.629613 0.398185 2.478030
v 1.995624 0.617626 2.478030
v 1.790286 0.617627 2.478029
v 1.995883 0.618322 4.360145
v 1.790006 0.618331 4.360134
v 1.995880 0.504032 4.460544
v 1.995847 0.397950 4.460018
v 1.790028 0.504032 4.460545
v 1.997077 0.504789 2.478030
v 1.790060 0.397950 4.460017
v 1.995624 0.398185 2.478030
v 1.992116 0.396732 2.478030
v 1.788833 0.504789 2.478030
v 1.790286 0.398185 2.478030
v -1.604293 0.796482 4.080905
v -1.604286 0.988920 4.080894
v -1.604293 0.796482 3.877599
v -1.604286 0.988920 3.877609
v 1.982250 0.796482 3.877597
v 1.982243 0.988920 3.877607
v 1.982249 0.796482 4.080903
v 1.982243 0.988920 4.080893
v -1.631130 3.303725 2.487711
v -1.425763 3.303725 2.487711
v -1.631130 0.622095 2.487711
v -1.425763 0.622095 2.487711
v -1.631130 0.622095 2.693078
v -1.425763 0.622095 2.693078
v -1.631130 3.303725 2.693078
v -1.425763 3.303725 2.693078
v -1.631130 1.029089 2.487711
v -1.425763 1.029089 2.487711
v -1.425763 1.029089 2.693079
v -1.631130 1.029089 2.693079
v -1.631130 3.303725 2.698811
v -1.425763 3.303725 2.698811
v -1.631130 0.622095 2.698812
v -1.425763 0.622095 2.698812
v -1.631130 0.622095 2.904178
v -1.425763 0.622095 2.904178
v -1.631130 3.303725 2.904178
v -1.425763 3.303725 2.904178
v -1.631130 1.029089 2.698812
v -1.425763 1.029089 2.698812
v -1.425763 1.029089 2.904180
v -1.631130 1.029089 2.904180
v 1.989176 3.301617 2.691584
v 1.783810 3.301617 2.691584
v 1.989176 0.619988 2.691585
v 1.783810 0.619988 2.691585
v 1.989177 0.619988 2.486218
v 1.783810 0.619988 2.486218
v 1.989176 3.301617 2.486218
v 1.783810 3.301617 2.486218
v 1.989176 1.026981 2.691585
v 1.783810 1.026981 2.691585
v 1.783810 1.026981 2.486217
v 1.989177 1.026981 2.486217
v 1.989176 3.301617 2.902685
v 1.783810 3.301617 2.902685
v 1.989176 0.619988 2.902685
v 1.783810 0.619988 2.902685
v 1.989177 0.619988 2.697319
v 1.783810 0.619988 2.697319
v 1.989176 3.301617 2.697318
v 1.783810 3.301617 2.697318
v 1.989176 1.026981 2.902685
v 1.783810 1.026981 2.902685
v 1.783810 1.026981 2.697317
v 1.989177 1.026981 2.697317
v -0.401271 2.711431 4.520563
v -0.401271 2.711431 4.466396
v -0.401271 0.995469 4.520563
v -0.401271 0.995469 4.466396
v -1.595539 0.995469 4.520563
v -1.595539 0.995469 4.466396
v -1.595539 2.711431 4.520563
v -1.595539 2.711431 4.466396
v -1.595730 0.995279 4.466845
v 0.801266 2.711431 4.520563
v 0.801266 2.711431 4.466396
v 0.801266 0.995469 4.520563
v 0.801266 0.995469 4.466396
v -0.393003 0.995469 4.520563
v -0.393003 0.995469 4.466396
v -0.393003 2.711431 4.520563
v -0.393003 2.711431 4.466396
v -0.393193 0.995279 4.466845
v 2.004077 2.711431 4.520563
v 2.004077 2.711431 4.466396
v 2.004077 0.995469 4.520563
v 2.004077 0.995469 4.466396
v 0.809808 0.995469 4.520563
v 0.809808 0.995469 4.466396
v 0.809808 2.711431 4.520563
v 0.809808 2.711431 4.466396
v 0.809618 0.995279 4.466845
v -0.402034 2.720886 4.470064
v -1.596772 2.720886 4.470064
v -1.596635 2.718643 4.516924
v -0.402171 2.713078 4.516924
v -0.402308 2.797570 4.462579
v -0.402308 2.712470 4.462579
v -1.596499 2.712470 4.462579
v -1.596499 2.797570 4.462579
v -0.402034 2.790034 4.470373
v -1.596772 2.790034 4.470373
v -1.596772 2.790034 4.515496
v -0.402034 2.790034 4.515496
v -1.596499 2.797570 4.523067
v -0.402308 2.797570 4.523067
v -0.402308 2.756298 4.516387
v -1.596499 2.756298 4.516387
v -1.596499 2.756298 4.523067
v -0.402308 2.756298 4.523067
v -1.596499 2.712470 4.516788
v -0.402308 2.719250 4.516788
v -1.596530 2.808809 4.512407
v -1.596530 2.808809 4.464395
v -1.596530 3.302610 4.512406
v -1.596530 3.302610 4.464395
v 2.011735 3.302610 4.512406
v 2.011735 3.302610 4.464395
v 2.011735 2.808809 4.512407
v 2.011735 2.808809 4.464395
v 0.800977 2.720886 4.470064
v -0.393762 2.720886 4.470064
v -0.393625 2.718643 4.516924
v 0.800840 2.713078 4.516924
v 0.800703 2.797570 4.462579
v 0.800703 2.712470 4.462579
v -0.393488 2.712470 4.462579
v -0.393488 2.797570 4.462579
v 0.800977 2.790034 4.470373
v -0.393762 2.790034 4.470373
v -0.393762 2.790034 4.515496
v 0.800977 2.790034 4.515496
v -0.393488 2.797570 4.523067
v 0.800703 2.797570 4.523067
v 0.800703 2.756298 4.516387
v -0.393488 2.756298 4.516387
v -0.393488 2.756298 4.523067
v 0.800703 2.756298 4.523067
v -0.393488 2.712470 4.516788
v 0.800703 2.719250 4.516788
v 2.003879 2.720886 4.470064
v 0.809141 2.720886 4.470064
v 0.809277 2.718643 4.516924
v 2.003742 2.713078 4.516924
v 2.003605 2.797570 4.462579
v 2.003605 2.712470 4.462579
v 0.809414 2.712470 4.462579
v 0.809414 2.797570 4.462579
v 2.003879 2.790034 4.470373
v 0.809141 2.790034 4.470373
v 0.809141 2.790034 4.515496
v 2.003879 2.790034 4.515496
v 0.809414 2.797570 4.523067
v 2.003605 2.797570 4.523067
v 2.003605 2.756298 4.516387
v 0.809414 2.756298 4.516387
v 0.809414 2.756298 4.523067
v 2.003605 2.756298 4.523067
v 0.809414 2.712470 4.516788
v 2.003605 2.719250 4.516788
vn -0.0000 -1.0000 -0.0000
vn 1.0000 -0.0000 -0.0000
vn -1.0000 -0.0000 -0.0000
vn -0.0000 1.0000 -0.0000
vn -0.3395 -0.7035 0.6244
vn 0.5800 0.5760 0.5760
vn 0.0431 0.7065 0.7064
vn -0.3411 -0.7064 -0.6202
vn 0.5789 0.5765 -0.5766
vn 0.3205 -0.7358 -0.5965
vn 0.3312 -0.9435 0.0090
vn 0.3365 -0.7168 0.6108
vn 0.0301 0.7068 -0.7068
vn -0.0029 -0.0000 1.0000
vn -0.0029 -0.0000 -1.0000
vn -0.0053 -1.0000 -0.0006
vn -0.0230 -0.9992 0.0325
vn -0.0271 -0.9983 0.0522
vn -0.0029 1.0000 -0.0000
vn -0.0000 -0.0000 1.0000
vn 1.0000 0.0016 -0.0011
vn 1.0000 0.0016 0.0011
vn 1.0000 0.0001 -0.0000
vn -0.9999 0.0134 0.0006
vn -0.9856 -0.0001 -0.1690
vn -0.9816 0.1910 -0.0005
vn 0.0021 1.0000 0.0017
vn 0.0029 1.0000 -0.0018
vn 0.0005 0.9856 -0.1689
vn 0.7513 0.6600 -0.0000
vn -0.7513 0.6600 -0.0000
vn 1.0000 -0.0050 -0.0000
vn -1.0000 -0.0050 -0.0000
vn -0.0000 -0.0002 1.0000
vn -0.0000 -0.0003 1.0000
vn -0.0000 -0.0021 -1.0000
vn -0.0000 -0.0002 -1.0000
vn -0.0000 -0.0000 -1.0000
vn -0.0000 -0.0003 -1.0000
vn -0.7071 -0.7071 -0.0004
vn -0.7071 -0.7071 -0.0000
vn -0.0000 -1.0000 0.0004
vn -0.7071 -0.7071 0.0004
vn -0.0000 -1.0000 -0.0004
vn 0.7071 -0.7071 -0.0000
vn 0.7071 -0.7071 -0.0004
vn 0.7071 -0.7071 0.0004
vn 1.0000 -0.0000 -0.0004
vn 0.7071 0.7071 -0.0000
vn 1.0000 -0.0000 0.0004
vn 0.7071 0.7071 -0.0004
vn 0.7071 0.7071 0.0004
vn -0.0000 1.0000 -0.0004
vn -0.7071 0.7071 -0.0000
vn -0.7071 0.7071 0.0004
vn -0.0000 1.0000 0.0004
vn -0.7071 0.7071 -0.0004
vn -1.0000 -0.0000 -0.0004
vn -1.0000 -0.0000 0.0004
vn -0.0000 -1.0000 -0.0018
vn 0.7071 -0.7071 -0.0019
vn 1.0000 -0.0000 -0.0019
vn 0.7071 0.7071 -0.0019
vn -0.0000 1.0000 -0.0018
vn -0.7071 0.7071 -0.0018
vn -1.0000 -0.0000 -0.0018
vn -0.7071 -0.7071 -0.0018
vn -1.0000 -0.0000 0.0019
vn -0.0000 -1.0000 0.0019
vn 0.7071 -0.7071 0.0018
vn 1.0000 -0.0000 0.0018
vn 0.7071 0.7071 0.0018
vn -0.0000 1.0000 0.0018
vn -0.7071 0.7071 0.0018
vn -0.0144 0.0218 0.9997
vn -0.0051 -0.0070 1.0000
vn -0.0000 -0.0081 1.0000
vn 0.0214 0.0143 -0.9997
vn 0.0229 -0.0122 -0.9997
vn 0.0208 0.0149 -0.9997
vn -0.0005 -1.0000 -0.0000
vn -0.0107 -0.9999 0.0007
vn -0.0112 -0.9999 0.0008
vn -1.0000 -0.0045 -0.0000
vn -0.0473 0.9989 -0.0007
vn -0.0355 0.9994 -0.0000
vn -0.0350 0.9994 -0.0000
vn -0.9998 -0.0219 0.0002
vn -0.9998 0.0219 -0.0002
vn -0.9998 -0.0221 0.0002
vn 0.9997 -0.0264 -0.0000
vn -0.0016 -0.0234 -0.9997
vn -0.0018 -0.0222 -0.9998
vn -0.0161 0.0219 -0.9996
vn -0.0144 0.0217 -0.9997
vn -0.0051 -0.0070 -1.0000
vn -0.0056 0.0163 0.9999
vn 0.0239 -0.0122 0.9996
vn -0.0066 0.0223 0.9997
vn 0.0208 0.0149 0.9997
vn -0.0161 0.0220 0.9996
vn 0.0214 0.0143 0.9997
vn 0.0005 -0.0000 -1.0000
vn 0.0023 -0.0000 -1.0000
vn -0.1188 -0.0000 -0.9929
vn -0.0023 -0.0000 1.0000
vn 1.0000 -0.0000 0.0026
vn 0.9948 0.1018 0.0052
vn 0.9767 0.2145 0.0080
vn -1.0000 -0.0000 -0.0026
vn 0.9248 -0.0048 -0.3805
vn 0.7088 -0.0024 -0.7054
vn 0.3849 0.0003 -0.9229
vn 0.3849 0.0003 -0.9230
vn 0.0024 0.0029 -1.0000
vn -0.3804 0.0050 -0.9248
vn -0.7054 0.0064 -0.7088
vn -0.3804 0.0051 -0.9248
vn -0.7054 0.0065 -0.7088
vn -0.9229 0.0069 -0.3849
vn -1.0000 0.0062 -0.0025
vn -0.9229 0.0070 -0.3849
vn -0.9248 0.0047 0.3804
vn -0.7088 0.0025 0.7054
vn -0.9248 0.0048 0.3805
vn -0.3849 -0.0002 0.9229
vn -0.7088 0.0025 0.7055
vn -0.0024 -0.0029 1.0000
vn -0.3849 -0.0002 0.9230
vn 0.3804 -0.0050 0.9248
vn 0.7053 -0.0067 0.7088
vn 0.3804 -0.0049 0.9248
vn 0.9229 -0.0070 0.3849
vn 0.7054 -0.0067 0.7088
vn 1.0000 -0.0062 0.0025
vn 0.2397 0.9432 -0.2301
vn 0.4508 0.8741 -0.1809
vn 0.3107 0.9425 -0.1229
vn 0.1330 0.9439 -0.3021
vn 0.5339 0.7780 -0.3312
vn 0.0066 0.9447 -0.3279
vn 0.3667 0.7788 -0.5088
vn -0.1200 0.9453 -0.3033
vn 0.1439 0.7797 -0.6094
vn -0.2338 0.9400 -0.2486
vn -0.0753 0.7749 -0.6275
vn -0.3247 0.9361 -0.1351
vn -0.3022 0.7727 -0.5581
vn -0.4941 0.8685 0.0394
vn -0.5161 0.7786 -0.3569
vn -0.3414 0.9399 0.0092
vn -0.4374 0.8733 0.2145
vn -0.3001 0.9452 0.1285
vn -0.3372 0.8766 0.3434
vn -0.2285 0.9446 0.2358
vn -0.1805 0.8756 0.4480
vn -0.1214 0.9438 0.3075
vn 0.0041 0.8747 0.4846
vn 0.0049 0.9430 0.3326
vn 0.1887 0.8740 0.4479
vn 0.1311 0.9424 0.3076
vn 0.3448 0.8735 0.3436
vn 0.2380 0.9421 0.2362
vn 0.4475 0.8745 0.1869
vn 0.3353 0.9421 0.0034
vn 0.3099 0.9419 0.1294
vn 0.6136 0.7771 0.1399
vn 0.8342 0.4334 -0.3410
vn 0.7876 0.2703 -0.5538
vn 0.5161 0.2707 -0.8126
vn 0.1657 0.2708 -0.9483
vn -0.2077 0.2682 -0.9407
vn -0.5513 0.2734 -0.7882
vn -0.8948 0.4464 0.0062
vn -0.8099 0.2799 -0.5155
vn -0.8267 0.4380 0.3531
vn -0.6365 0.4344 0.6373
vn -0.3442 0.4341 0.8325
vn 0.0003 0.4337 0.9011
vn 0.3445 0.4334 0.8328
vn 0.6365 0.4332 0.6382
vn 0.8317 0.4335 0.3469
vn 0.9488 0.2698 0.1644
vn 0.7091 -0.0000 -0.7051
vn 0.9245 -0.0000 -0.3811
vn 0.9250 -0.0000 -0.3801
vn 0.3854 -0.0001 -0.9228
vn 0.7081 -0.0000 -0.7061
vn 0.0028 -0.0001 -1.0000
vn 0.3841 -0.0000 -0.9233
vn -0.3804 -0.0000 -0.9248
vn 0.0015 -0.0000 -1.0000
vn -0.7052 -0.0000 -0.7090
vn -0.3812 -0.0000 -0.9245
vn -0.9230 -0.0000 -0.3848
vn -0.7054 -0.0000 -0.7088
vn -1.0000 -0.0000 -0.0025
vn -0.9251 -0.0000 0.3798
vn -0.9248 -0.0000 0.3804
vn -0.7094 -0.0000 0.7048
vn -0.7084 -0.0001 0.7058
vn -0.3860 -0.0000 0.9225
vn -0.3849 -0.0000 0.9230
vn -0.0033 -0.0000 1.0000
vn -0.0020 -0.0001 1.0000
vn 0.3797 -0.0000 0.9251
vn 0.3804 -0.0000 0.9248
vn 0.7051 -0.0000 0.7091
vn 0.7053 -0.0000 0.7089
vn 0.9230 -0.0000 0.3848
vn 1.0000 -0.0000 0.0025
vn 1.0000 -0.0000 0.0021
vn 0.9248 -0.0000 -0.3805
vn 0.7087 -0.0000 -0.7055
vn 0.3850 0.0004 -0.9229
vn -0.3804 0.0004 -0.9248
vn -1.0000 -0.0000 -0.0021
vn -0.7088 -0.0000 0.7054
vn -0.3849 -0.0005 0.9229
vn -0.0025 -0.0000 1.0000
vn 0.3803 -0.0000 0.9248
vn 0.3850 -0.0000 -0.9229
vn -0.3803 0.0004 -0.9249
vn -0.3848 -0.0000 0.9230
vn -0.0026 -0.0000 1.0000
vn 0.3803 -0.0000 0.9249
vn 0.0024 -0.0000 -1.0000
vn -0.3803 -0.0000 -0.9249
vn 0.3849 -0.0000 -0.9230
vn -0.7088 -0.0000 0.7055
vn 0.7054 -0.0000 0.7088
vn 0.7088 -0.0000 -0.7055
vn -1.0000 -0.0000 -0.0022
vn -0.7087 -0.0000 0.7055
vn -0.0022 -0.0000 1.0000
vn 0.7088 -0.0000 -0.7054
vn -0.9230 -0.0000 -0.3849
vn 0.9230 -0.0000 0.3849
vn -0.0024 -0.0000 1.0000
vn 0.0040 0.0021 1.0000
vn 0.0012 0.0021 1.0000
vn 0.0031 0.0018 1.0000
vn -0.0028 -0.0005 1.0000
vn -0.0014 -0.0014 1.0000
vn -0.0064 -0.0009 1.0000
vn 0.0010 -0.0008 1.0000
vn -0.0005 -0.0009 1.0000
vn 0.0039 -0.0021 1.0000
vn 0.0014 -0.0007 1.0000
vn -0.0037 -0.0031 1.0000
vn 0.0007 -0.0033 1.0000
vn 0.0045 -0.0031 1.0000
vn 0.0003 -0.0032 1.0000
vn -0.0034 -0.0065 1.0000
vn 0.0034 -0.0068 1.0000
vn -0.0034 -0.0069 1.0000
vn -0.0104 -0.0029 0.9999
vn 0.1455 0.9893 0.0081
vn 0.1455 0.9893 0.0082
vn 0.1454 0.9893 0.0080
vn 0.1483 0.9888 -0.0161
vn 0.1426 0.9898 -0.0005
vn 0.1381 0.9904 0.0083
vn 0.1492 0.9886 -0.0180
vn 0.1399 0.9901 -0.0087
vn 0.1397 0.9902 -0.0041
vn 0.1351 0.9907 -0.0129
vn -0.0007 1.0000 -0.0048
vn 0.0029 0.9999 -0.0118
vn 0.0056 0.9998 -0.0171
vn -0.1401 0.9901 -0.0089
vn -0.1478 0.9888 -0.0212
vn -0.1344 0.9909 0.0004
vn -0.1494 0.9885 -0.0234
vn -0.1434 0.9896 -0.0116
vn -0.1427 0.9897 -0.0051
vn -0.1420 0.9898 -0.0088
vn -0.1413 0.9899 -0.0068
vn -0.1470 0.9891 0.0017
vn -0.1493 0.9888 0.0058
vn 0.0030 -0.0010 -1.0000
vn 0.0086 -0.0011 -1.0000
vn 0.0042 0.0014 -1.0000
vn -0.0016 -0.0021 -1.0000
vn 0.0085 -0.0013 -1.0000
vn -0.0023 -0.0023 -1.0000
vn -0.0014 -0.0022 -1.0000
vn 0.0026 -0.0040 -1.0000
vn -0.0014 -0.0027 -1.0000
vn 0.0019 -0.0030 -1.0000
vn 0.0015 -0.0033 -1.0000
vn -0.0031 -0.0028 -1.0000
vn -0.0029 -0.0032 -1.0000
vn -0.0036 -0.0035 -1.0000
vn 0.0007 -0.0033 -1.0000
vn -0.0039 -0.0037 -1.0000
vn -0.0005 -0.0032 -1.0000
vn 0.0011 -0.0032 -1.0000
vn 0.0021 -0.0025 -1.0000
vn 1.0000 -0.0031 -0.0000
vn -0.0240 -0.0028 -0.9997
vn -0.0271 -0.0017 -0.9996
vn -0.0228 -0.0032 -0.9997
vn 0.0271 -0.0017 0.9996
vn 0.0240 -0.0028 0.9997
vn 0.0282 -0.0014 0.9996
vn 0.0271 -0.0017 -0.9996
vn 0.0240 -0.0028 -0.9997
vn 0.0228 -0.0032 -0.9997
vn -0.0271 -0.0017 0.9996
vn -0.0240 -0.0028 0.9997
vn -0.0228 -0.0032 0.9997
vn 0.0007 -1.0000 0.0017
vn -0.0017 -1.0000 -0.0033
vn -0.0004 -1.0000 0.0033
vn -0.0000 -1.0000 -0.0024
vn -0.0000 -1.0000 -0.0048
vn -0.0008 -1.0000 -0.0002
vn 0.0002 -1.0000 -0.0003
vn -0.0010 -1.0000 -0.0010
vn -0.0012 -1.0000 0.0009
vn 0.0039 -0.9999 -0.0122
vn -0.0014 -1.0000 0.0010
vn -0.0000 -1.0000 0.0024
vn -0.0000 -0.9806 0.1960
vn -1.0000 -0.0031 -0.0000
vn -0.0022 -1.0000 -0.0000
vn -0.1919 -0.9814 -0.0000
vn 1.0000 0.0001 -0.0035
vn 1.0000 -0.0000 -0.0001
vn -0.9997 0.0149 0.0208
vn -0.9996 0.0219 -0.0161
vn -0.9997 0.0217 -0.0144
vn 0.9997 -0.0122 0.0229
vn 0.9997 -0.0233 -0.0016
vn 0.9998 -0.0222 -0.0019
vn -0.0000 -1.0000 -0.0003
vn -0.0005 -0.9999 -0.0109
vn -0.0005 -0.9999 -0.0112
vn -0.0000 -0.0045 -1.0000
vn 0.0005 0.9989 -0.0475
vn -0.0000 0.9994 -0.0353
vn -0.0000 0.9994 -0.0350
vn -0.0001 -0.0220 -0.9998
vn 0.0001 0.0220 -0.9998
vn -0.0001 -0.0221 -0.9998
vn -0.0000 -0.0264 0.9997
vn -1.0000 -0.0070 -0.0051
vn -1.0000 -0.0081 -0.0000
vn -0.9996 -0.0122 0.0239
vn -0.9997 0.0143 0.0214
vn -0.9999 0.0163 -0.0056
vn -0.9997 0.0223 -0.0066
vn 0.9997 0.0143 0.0214
vn 0.9997 0.0148 0.0208
vn 0.9996 0.0219 -0.0161
vn 0.9997 0.0218 -0.0144
vn 1.0000 -0.0070 -0.0051
vn -0.0001 -0.9999 -0.0142
vn 0.1691 -0.9856 -0.0000
vn -0.0000 -0.9815 -0.1915
vn 0.8054 0.2793 0.5228
vn -0.7069 0.0251 0.7069
vn -0.6945 0.1892 0.6942
vn 0.4028 0.8191 -0.4084
vn 0.6965 0.1727 -0.6965
vn -0.4224 0.4345 -0.7955
vn -0.4374 0.7867 0.4356
vn -0.0244 0.9994 -0.0259
vn 0.4375 0.7866 -0.4357
vn 0.6879 0.0495 0.7241
vn 0.4371 0.7861 0.4369
vn -0.0257 0.9994 0.0246
vn 0.7069 0.0251 -0.7069
vn 0.0244 0.9994 0.0259
vn -0.6943 0.1909 -0.6939
vn -0.4000 0.8219 -0.4056
vn -0.6861 0.0521 -0.7256
vn -0.3999 0.8220 0.4055
vn 0.0257 0.9994 -0.0246
vn -0.5050 0.6999 -0.5050
vn -0.7062 0.0510 0.7062
vn -0.5064 0.6979 0.5064
vn -0.7071 0.0077 -0.7071
vn -0.5074 0.3200 -0.8001
vn 0.7062 0.0511 -0.7062
vn 0.7063 0.0469 0.7064
vn 0.5087 0.6946 0.5087
vn -0.7071 0.0080 0.7071
vn 0.5064 0.6979 -0.5064
vn 0.7071 0.0080 -0.7071
vn -0.0000 0.9899 -0.1421
vn -0.0000 0.9899 -0.1420
vn -0.0000 0.9899 0.1420
vn -0.0000 0.9899 0.1421
vn 0.1124 0.9937 -0.0000
vn -0.1124 0.9937 -0.0000
vn 0.7092 -0.0000 -0.7050
vn 0.9245 -0.0000 -0.3813
vn 0.9250 -0.0000 -0.3799
vn 0.3857 -0.0000 -0.9226
vn 0.7080 -0.0000 -0.7062
vn 0.0030 -0.0000 -1.0000
vn 0.3840 -0.0000 -0.9233
vn -0.3800 -0.0000 -0.9250
vn 0.0014 -0.0000 -1.0000
vn -0.3810 -0.0000 -0.9246
vn -0.7055 -0.0000 -0.7087
vn -0.9251 -0.0000 0.3796
vn -0.9246 -0.0000 0.3809
vn -0.7095 -0.0000 0.7047
vn -0.7082 -0.0000 0.7060
vn -0.3858 -0.0000 0.9226
vn -0.3843 -0.0000 0.9232
vn -0.0035 -0.0000 1.0000
vn -0.0017 -0.0000 1.0000
vn 0.3809 -0.0000 0.9246
vn 1.0000 -0.0000 0.0020
vn 0.3849 -0.0000 -0.9229
vn 0.7054 -0.0000 0.7089
vn -0.3807 0.0002 -0.9247
vn -0.3803 -0.0000 -0.9248
vn -0.3807 0.0001 -0.9247
vn 0.7094 -0.0000 -0.7048
vn 0.9251 -0.0000 -0.3797
vn 0.3859 -0.0000 -0.9225
vn 0.0033 -0.0000 -1.0000
vn -0.3797 -0.0000 -0.9251
vn -0.7049 -0.0000 -0.7093
vn -1.0000 -0.0000 -0.0017
vn -0.9245 -0.0000 0.3811
vn -0.7081 -0.0000 0.7061
vn -0.3838 -0.0000 0.9234
vn -0.0016 -0.0000 1.0000
vn 0.3810 -0.0000 0.9246
vn 0.7056 -0.0000 0.7086
vn 1.0000 -0.0000 0.0030
vn -0.0000 0.0001 1.0000
vn -0.0000 0.0001 -1.0000
vn -0.3890 -0.6311 0.6711
vn 0.3830 0.6130 0.6910
vn 0.3885 -0.6429 0.6601
vn 0.0024 0.5883 -0.8087
vn 0.3899 -0.6142 -0.6861
vn 0.3899 0.6255 -0.6758
vn -0.0489 0.9982 -0.0356
vn -0.3303 0.9243 0.1915
vn -0.3303 0.9243 -0.1915
vn -0.1085 0.8785 0.4653
vn 0.0507 0.9966 0.0651
vn 0.1915 0.9243 0.3303
vn -0.8112 0.5846 0.0110
vn -0.6861 -0.6143 -0.3897
vn -0.6758 0.6255 -0.3899
vn 0.0489 0.9982 -0.0356
vn 0.3307 0.9242 0.1909
vn 0.0625 0.9974 0.0369
vn 0.8064 0.5913 -0.0002
vn 0.6710 -0.6311 0.3891
vn 0.6859 0.6172 0.3853
vn -0.5379 -0.6490 -0.5380
vn -0.1811 0.8631 -0.4713
vn 0.2926 0.8115 -0.5059
vn -0.0351 0.9982 -0.0490
vn 0.1909 0.9242 -0.3307
vn 0.0345 0.9983 -0.0474
vn -0.2619 0.9289 -0.2619
vn -0.0298 0.9290 -0.3690
vn -0.0026 1.0000 -0.0026
vn -0.0343 0.9884 -0.1480
vn -0.5081 0.8111 0.2897
vn -0.5059 0.8115 -0.2926
vn -0.7108 0.5585 -0.4275
vn -0.4027 0.8185 -0.4098
vn -0.7987 0.4355 0.4152
vn -0.5442 -0.6383 0.5444
vn -0.0625 0.9974 0.0369
vn -0.2620 0.9288 0.2620
vn -0.0038 1.0000 0.0039
vn -0.1357 0.9897 0.0466
vn -0.0502 0.9967 0.0635
vn -0.1694 0.7042 0.6895
vn 0.2926 0.8115 0.5059
vn -0.1849 0.0887 0.9787
vn -0.4098 0.8185 0.4027
vn 0.5379 -0.6490 -0.5379
vn 0.5424 0.6416 -0.5423
vn 0.4713 0.8631 -0.1813
vn 0.5059 0.8115 0.2926
vn 0.2619 0.9289 -0.2619
vn 0.3690 0.9290 -0.0298
vn 0.0026 1.0000 -0.0026
vn 0.1485 0.9883 -0.0347
vn 0.4098 0.8185 -0.4027
vn 0.4152 0.4354 0.7987
vn 0.5443 -0.6383 0.5443
vn 0.2619 0.9289 0.2619
vn 0.0038 1.0000 0.0038
vn 0.0540 0.9877 0.1468
vn 0.4026 0.8185 0.4098
vn -0.6602 -0.6429 0.3883
vn 0.4978 0.8006 0.3336
vn 0.4959 -0.8185 -0.2902
vn 0.5059 -0.8115 0.2925
vn -0.1086 0.8788 0.4646
vn 0.0348 0.9982 0.0484
vn 0.1923 0.9243 0.3296
vn 0.0916 0.9958 0.0041
vn 0.0477 0.9982 0.0352
vn 0.2961 -0.8005 -0.5211
vn -0.2907 0.7974 -0.5288
vn -0.2858 -0.8306 -0.4778
vn 0.1086 0.8788 -0.4646
vn -0.0503 0.9967 -0.0638
vn -0.1923 0.9243 -0.3296
vn -0.2961 -0.8005 0.5211
vn 0.2907 0.7974 0.5288
vn 0.2860 -0.8306 0.4778
vn -0.4647 0.8788 -0.1087
vn -0.0483 0.9982 0.0353
vn -0.3296 0.9243 0.1923
vn -0.5211 -0.8005 -0.2961
vn -0.5284 0.7977 0.2907
vn -0.4778 -0.8306 0.2860
vn 0.3964 -0.8281 0.3965
vn 0.3923 0.8320 0.3924
vn -0.0003 1.0000 0.0014
vn 0.0344 0.9884 0.1480
vn 0.7519 0.6427 0.1466
vn 0.6349 0.3755 -0.6751
vn 0.3963 -0.8281 -0.3965
vn 0.3923 0.8320 -0.3923
vn 0.2620 0.9288 -0.2620
vn -0.0011 1.0000 0.0021
vn 0.1357 0.9897 -0.0466
vn 0.0977 0.9728 -0.2099
vn -0.3924 0.8320 0.3922
vn -0.3964 -0.8281 0.3964
vn -0.6375 0.4045 0.6557
vn -0.2619 0.9289 0.2619
vn 0.0003 1.0000 0.0014
vn -0.1485 0.9883 0.0347
vn -0.1082 0.9781 0.1778
vn -0.6752 0.3755 -0.6349
vn -0.3963 -0.8281 -0.3966
vn -0.3923 0.8320 -0.3923
vn 0.0011 1.0000 0.0021
vn -0.0540 0.9877 -0.1468
vn -0.1680 0.9807 -0.1005
vn -0.0012 1.0000 -0.0014
vn -0.0027 1.0000 -0.0003
vn -0.0009 1.0000 0.0006
vn -0.0005 1.0000 0.0024
vn 0.0026 1.0000 -0.0001
vn 0.0009 1.0000 0.0006
vn -0.0026 1.0000 0.0002
vn 0.0027 1.0000 0.0003
vn -0.0007 1.0000 0.0059
vn 0.0007 1.0000 0.0059
vn 0.0012 1.0000 -0.0014
vn 0.0008 1.0000 -0.0032
vn -0.0022 1.0000 -0.0017
vn -0.0008 1.0000 -0.0032
vn -0.0002 -1.0000 -0.0001
vn -0.0001 -1.0000 -0.0001
vn -0.0000 -1.0000 -0.0001
vn 0.0001 -1.0000 -0.0001
vn 0.0002 -1.0000 0.0001
vn 0.0001 -1.0000 0.0001
vn -0.0000 -1.0000 0.0001
vn 0.0002 -1.0000 -0.0001
vn 0.0001 -1.0000 -0.0000
vn -0.0001 -1.0000 0.0001
vn -0.0002 -1.0000 0.0001
vn -0.0001 -1.0000 -0.0000
vn 1.0000 0.0088 -0.0003
vn 1.0000 0.0086 0.0003
vn 1.0000 0.0086 -0.0003
vn -1.0000 0.0087 -0.0003
vn -1.0000 0.0086 0.0003
vn -1.0000 0.0088 0.0003
vn -1.0000 0.0086 -0.0003
vn -1.0000 0.0040 -0.0009
vn -1.0000 0.0038 -0.0009
vn 1.0000 0.0040 -0.0009
vn 1.0000 0.0038 -0.0009
vn 1.0000 0.0040 0.0009
vn 1.0000 0.0038 0.0009
vn -1.0000 0.0040 0.0009
vn -1.0000 0.0038 0.0009
vn -0.0000 0.0038 -1.0000
vn -0.0000 0.0038 1.0000
vn -0.0000 0.9996 -0.0287
vn 0.0296 0.9996 -0.0000
vn -0.0000 0.9976 0.0699
vn -0.0296 0.9996 -0.0000
vn 0.0022 1.0000 -0.0017
vn -0.0000 1.0000 0.0002
vn -0.0000 0.9999 0.0102
vn -0.0000 0.9999 0.0100
vn -0.0000 -0.9999 0.0102
vn -0.0000 -0.9999 0.0100
vn -0.9999 -0.0000 0.0135
vn -0.9999 -0.0000 0.0133
vn 0.9999 -0.0000 0.0135
vn 0.9999 -0.0000 0.0133
vn -0.9996 0.0220 -0.0161
vn -0.9997 0.0218 -0.0144
vn -0.9996 -0.0122 0.0238
vn -0.9999 0.0164 -0.0056
vn 0.9997 0.0149 0.0208
vn 0.9997 0.0217 -0.0144
vn -0.1918 -0.9814 -0.0000
vn -0.1920 -0.9814 -0.0000
vn -0.9997 0.0148 0.0209
vn 0.9997 -0.0234 -0.0016
vn 0.9997 0.0144 0.0214
vn -0.0057 0.0163 0.9999
vn 0.0238 -0.0122 0.9996
vn -0.0019 -0.0222 -0.9998
vn -0.0161 0.0219 0.9996
vn -0.0016 -0.0233 -0.9997
vn -0.0144 0.0218 -0.9997
vn 1.0000 0.0007 -0.0006
vn 1.0000 -0.0004 0.0001
vn 1.0000 -0.0001 -0.0006
vn -1.0000 0.0008 -0.0006
vn -1.0000 -0.0004 0.0001
vn -0.9999 0.0129 0.0001
vn -0.0000 -0.0050 -1.0000
vn 1.0000 -0.0008 -0.0006
vn 0.9999 -0.0136 0.0001
vn -1.0000 -0.0008 -0.0006
vn -1.0000 -0.0000 -0.0006
vn -0.2038 -0.9788 -0.0214
vn -0.3591 -0.9326 -0.0371
vn -0.0000 0.6600 -0.7513
vn 0.7088 -0.0025 -0.7054
vn -1.0000 0.0063 -0.0025
vn -0.9248 0.0047 0.3805
vn -0.7087 0.0025 0.7055
vn 0.9229 -0.0069 0.3849
vn 1.0000 -0.0063 0.0025
vn 0.3667 0.7788 -0.5089
vn 0.6136 0.7772 0.1399
vn 0.7876 0.2703 -0.5537
vn 0.1656 0.2708 -0.9483
vn -0.5513 0.2733 -0.7882
vn -0.8949 0.4463 0.0062
vn -0.8268 0.4380 0.3530
vn -0.6366 0.4344 0.6373
vn -0.3443 0.4340 0.8325
vn 0.3445 0.4335 0.8327
vn 0.9488 0.2698 0.1643
vn 0.7091 -0.0001 -0.7051
vn 0.3853 -0.0000 -0.9228
vn 0.7082 -0.0000 -0.7060
vn 0.0025 -0.0000 -1.0000
vn -0.3802 -0.0000 -0.9249
vn -0.7050 -0.0000 -0.7092
vn -0.3808 -0.0000 -0.9247
vn -0.9251 -0.0000 0.3797
vn -0.7085 -0.0001 0.7057
vn -0.3856 -0.0000 0.9227
vn -0.0018 -0.0001 1.0000
vn 0.3796 -0.0000 0.9251
vn 1.0000 -0.0000 0.0029
vn 1.0000 -0.0000 0.0022
vn -0.3849 -0.0003 0.9229
vn 0.0022 -0.0000 -1.0000
vn 0.0022 -0.0004 -1.0000
vn -0.3852 -0.0000 0.9228
vn 0.0023 -0.0004 -1.0000
vn -0.7051 -0.0000 -0.7091
vn -0.9249 -0.0000 0.3803
vn 0.7093 -0.0000 -0.7049
vn 0.9250 -0.0000 -0.3800
vn 0.3858 -0.0000 -0.9226
vn 0.0031 -0.0000 -1.0000
vn -0.3799 -0.0000 -0.9250
vn -0.3842 -0.0000 0.9233
vn 0.7057 -0.0000 0.7085
vn -0.3851 0.0001 0.9229
vn -0.3852 0.0002 0.9228
vn -0.0022 -0.0001 1.0000
vn -0.7081 -0.0000 0.7062
vn 0.9948 0.1019 0.0052
vn 0.9767 0.2146 0.0080
vn 0.3856 -0.0000 -0.9227
vn 0.7081 -0.0000 -0.7062
vn 0.0032 -0.0000 -1.0000
vn 0.0013 -0.0000 -1.0000
vn -0.0036 -0.0000 1.0000
vn 0.3807 -0.0000 0.9247
vn 0.0026 -0.0001 -1.0000
vn 0.3847 0.0002 -0.9231
vn -0.7085 -0.0002 0.7058
vn -0.3839 -0.0000 0.9234
vn -0.0012 -0.0000 1.0000
vn 0.3811 -0.0000 0.9245
vn 0.7094 -0.0000 -0.7049
vn 0.3839 -0.0000 -0.9234
vn -0.7048 -0.0000 -0.7094
vn -0.9247 -0.0000 0.3807
vn -0.3845 -0.0000 0.9231
vn 0.3808 -0.0000 0.9246
vn 1.0000 -0.0000 0.0028
vn -0.3806 0.0002 -0.9247
vn -0.3853 0.0002 0.9228
vn 0.3860 -0.0000 -0.9225
vn -0.0015 -0.0000 1.0000
vn 0.0145 0.0218 -0.9997
vn 0.0051 -0.0070 -1.0000
vn -0.0000 -0.0081 -1.0000
vn -0.0214 0.0144 0.9997
vn -0.0229 -0.0122 0.9997
vn -0.0208 0.0149 0.9997
vn 0.0005 -1.0000 -0.0000
vn 0.0107 -0.9999 -0.0007
vn 0.0112 -0.9999 -0.0008
vn 1.0000 -0.0045 -0.0000
vn 0.0473 0.9989 0.0007
vn 0.0355 0.9994 -0.0000
vn 0.0350 0.9994 -0.0000
vn 0.9998 -0.0219 -0.0002
vn 0.9998 0.0219 0.0002
vn 0.9998 -0.0221 -0.0002
vn -0.9997 -0.0264 -0.0000
vn 0.0017 -0.0234 0.9997
vn 0.0019 -0.0222 0.9998
vn 0.0161 0.0219 0.9996
vn 0.0144 0.0217 0.9997
vn 0.0051 -0.0070 1.0000
vn 0.0056 0.0163 -0.9999
vn -0.0239 -0.0122 -0.9996
vn 0.0066 0.0223 -0.9997
vn -0.0208 0.0149 -0.9997
vn 0.0161 0.0220 -0.9996
vn -0.0214 0.0143 -0.9997
vn -0.0214 0.0143 0.9997
vn 0.0016 -0.0234 0.9997
vn 0.0018 -0.0222 0.9998
vn 0.0144 0.0218 -0.9997
vn 0.9998 -0.0218 -0.0002
vn 0.9998 -0.0220 -0.0002
vn 0.0056 0.0164 -0.9999
vn 0.0161 0.0219 -0.9996
vn 0.7071 -0.7071 -0.0018
vn 1.0000 -0.0000 -0.0018
vn 0.7071 0.7071 -0.0018
vn -1.0000 -0.0000 -0.0019
vn -0.0000 -1.0000 0.0018
vn 0.7071 -0.7071 0.0017
vn -0.0000 1.0000 0.0019
vn 0.3396 -0.7035 -0.6244
vn -0.5800 0.5760 -0.5760
vn -0.0432 0.7065 -0.7064
vn 0.3410 -0.7064 0.6202
vn -0.5789 0.5765 0.5766
vn -0.3205 -0.7358 0.5965
vn -0.3312 -0.9435 -0.0090
vn -0.3364 -0.7167 -0.6108
vn -0.0300 0.7067 0.7068
vn 0.0029 -0.0000 -1.0000
vn 0.0029 -0.0000 1.0000
vn 0.0053 -1.0000 0.0006
vn 0.0230 -0.9992 -0.0325
vn 0.0271 -0.9983 -0.0522
vn 0.0029 1.0000 -0.0000
vn -0.0040 0.0021 -1.0000
vn -0.0012 0.0021 -1.0000
vn -0.0031 0.0018 -1.0000
vn 0.0028 -0.0005 -1.0000
vn 0.0014 -0.0014 -1.0000
vn 0.0065 -0.0008 -1.0000
vn -0.0010 -0.0008 -1.0000
vn 0.0005 -0.0009 -1.0000
vn -0.0039 -0.0021 -1.0000
vn -0.0014 -0.0007 -1.0000
vn 0.0037 -0.0031 -1.0000
vn -0.0007 -0.0033 -1.0000
vn -0.0045 -0.0031 -1.0000
vn -0.0003 -0.0032 -1.0000
vn 0.0034 -0.0065 -1.0000
vn -0.0034 -0.0068 -1.0000
vn 0.0034 -0.0069 -1.0000
vn 0.0104 -0.0029 -0.9999
vn -0.1455 0.9893 -0.0081
vn -0.1455 0.9893 -0.0082
vn -0.1454 0.9893 -0.0080
vn -0.1483 0.9888 0.0161
vn -0.1426 0.9898 0.0005
vn -0.1381 0.9904 -0.0083
vn -0.1492 0.9886 0.0180
vn -0.1399 0.9901 0.0087
vn -0.1397 0.9902 0.0041
vn -0.1351 0.9907 0.0129
vn 0.0007 1.0000 0.0048
vn -0.0029 0.9999 0.0118
vn -0.0056 0.9998 0.0171
vn 0.1401 0.9901 0.0089
vn 0.1478 0.9888 0.0212
vn 0.1344 0.9909 -0.0004
vn 0.1494 0.9885 0.0234
vn 0.1434 0.9896 0.0116
vn 0.1427 0.9897 0.0051
vn 0.1420 0.9898 0.0088
vn 0.1413 0.9899 0.0068
vn 0.1470 0.9891 -0.0017
vn 0.1493 0.9888 -0.0058
vn -0.0030 -0.0010 1.0000
vn -0.0086 -0.0011 1.0000
vn -0.0042 0.0014 1.0000
vn 0.0016 -0.0021 1.0000
vn -0.0085 -0.0013 1.0000
vn 0.0023 -0.0023 1.0000
vn 0.0014 -0.0022 1.0000
vn -0.0026 -0.0040 1.0000
vn 0.0014 -0.0027 1.0000
vn -0.0019 -0.0030 1.0000
vn -0.0015 -0.0033 1.0000
vn 0.0031 -0.0028 1.0000
vn 0.0029 -0.0032 1.0000
vn 0.0036 -0.0035 1.0000
vn -0.0007 -0.0033 1.0000
vn 0.0039 -0.0037 1.0000
vn 0.0005 -0.0032 1.0000
vn -0.0011 -0.0032 1.0000
vn -0.0021 -0.0025 1.0000
vn -0.0000 -0.9814 -0.1919
vn -0.7071 -0.7071 -0.0017
vn -0.0065 -0.0008 1.0000
vn -0.0013 -0.0027 -1.0000
vn 0.0013 -0.0027 1.0000
vn -0.6348 0.2064 0.7446
vn 0.7068 0.0260 0.7069
vn -0.7069 0.0240 0.7069
vn 0.4704 0.3468 0.8114
vn 0.4029 0.8191 -0.4084
vn 0.6978 0.1603 -0.6981
vn 0.7068 0.0259 -0.7069
vn -0.6943 0.1908 -0.6939
vn -0.3998 0.8220 0.4055
vn -0.7062 0.0511 0.7062
vn 0.7064 0.0469 0.7063
vn 0.3849 0.0002 -0.9230
vn -0.0024 -0.0028 1.0000
vn 0.2398 0.9432 -0.2301
vn 0.0065 0.9447 -0.3279
vn 0.1438 0.7797 -0.6094
vn -0.0753 0.7749 -0.6276
vn -0.3023 0.7727 -0.5581
vn -0.4941 0.8685 0.0393
vn -0.5162 0.7786 -0.3569
vn -0.4375 0.8733 0.2145
vn -0.1213 0.9438 0.3075
vn 0.3448 0.8735 0.3435
vn 0.7876 0.2702 -0.5537
vn 0.1657 0.2709 -0.9483
vn -0.2077 0.2683 -0.9407
vn -0.5514 0.2734 -0.7882
vn -0.8099 0.2800 -0.5155
vn -0.8267 0.4381 0.3531
vn -0.6365 0.4345 0.6373
vn 0.3445 0.4334 0.8327
vn 0.8317 0.4336 0.3469
vn 0.9245 -0.0000 -0.3812
vn 0.7082 -0.0000 -0.7061
vn 0.0027 -0.0000 -1.0000
vn -0.7055 -0.0000 -0.7088
vn -0.9246 -0.0001 0.3808
vn -0.3856 -0.0000 0.9226
vn -0.0034 -0.0000 1.0000
vn 0.3806 -0.0000 0.9247
vn -0.3804 0.0005 -0.9248
vn 0.0023 -0.0003 -1.0000
vn -0.0021 -0.0000 1.0000
vn -0.3803 0.0004 -0.9248
vn 0.3802 -0.0000 0.9249
vn -0.3847 -0.0000 0.9230
vn -0.3803 0.0005 -0.9248
vn -0.9248 -0.0000 0.3803
vn 0.3448 0.8736 0.3436
vn 0.1656 0.2709 -0.9483
vn -0.6365 0.4345 0.6372
vn 0.9249 -0.0000 -0.3802
vn -0.0019 -0.0001 1.0000
vn 0.3849 0.0005 -0.9229
vn -0.3849 -0.0006 0.9229
vn -0.3851 -0.0000 0.9229
vn 0.9247 -0.0048 -0.3805
vn -0.9248 0.0048 0.3804
vn -0.3003 0.9452 0.1282
vn -0.6366 0.4344 0.6372
vn -0.3443 0.4341 0.8325
vn 0.7090 -0.0000 -0.7052
vn -0.3813 -0.0000 -0.9244
vn -0.3857 -0.0000 0.9226
vn 0.3849 0.0004 -0.9229
vn -0.3850 -0.0005 0.9229
vn 0.3667 0.7789 -0.5088
vn -0.1203 0.9453 -0.3032
vn 0.3444 0.4334 0.8328
vn 0.0029 -0.0001 -1.0000
vn -0.3813 -0.0000 -0.9245
vn -0.3849 -0.0005 0.9230
vn -0.0020 -0.0000 1.0000
vn 0.4475 0.8746 0.1869
vn 0.5162 0.2707 -0.8126
vn 0.3842 -0.0000 -0.9232
vn -0.3859 -0.0000 0.9225
vn -0.3803 0.0005 -0.9249
vn 0.7053 -0.0068 0.7088
vn 0.7054 -0.0068 0.7088
vn -0.2078 0.2682 -0.9407
vn -0.5514 0.2733 -0.7882
vn 0.6364 0.4332 0.6382
vn 0.3798 -0.0000 0.9251
vn 0.7052 -0.0000 0.7090
vn 0.3849 0.0004 -0.9230
vn -0.3849 -0.0003 0.9230
vn -0.7053 -0.0000 -0.7090
vn 0.9229 -0.0069 0.3850
vn 0.4508 0.8741 -0.1808
vn -0.6365 0.4344 0.6372
vn -0.3809 -0.0000 -0.9246
vn 0.3850 0.0005 -0.9229
vn 0.7091 -0.0002 -0.7051
vn -0.3851 0.0002 0.9229
vn 0.3847 0.0001 -0.9231
vn -0.7086 -0.0001 0.7057
vn -0.0021 -0.0002 1.0000
vn -0.3806 0.0001 -0.9247
vn 0.9251 -0.0000 -0.3798
vn -0.3801 -0.0000 -0.9249
vn -0.9246 -0.0000 0.3810
vn 0.1439 0.7797 -0.6093
vn 0.5162 0.2706 -0.8126
vn 0.1657 0.2709 -0.9482
vn -0.7093 -0.0000 0.7049
vn -0.3414 0.9399 0.0089
vn -0.9230 0.0069 -0.3849
vn -0.9230 0.0069 -0.3848
vn 0.3667 0.7789 -0.5089
vn -0.6366 0.4345 0.6372
vn 0.0026 -0.0000 -1.0000
vn 0.3848 -0.0000 -0.9230
vn 0.3852 -0.0000 -0.9228
vn -0.3853 -0.0000 0.9228
vn -0.9246 -0.0001 0.3809
vn 0.7052 -0.0000 0.7091
vn 0.9229 -0.0070 0.3850
vn 0.9248 -0.0047 -0.3805
vn -0.0025 -0.0029 1.0000
vn 0.6135 0.7772 0.1399
vn 0.3444 0.4335 0.8328
vn 0.0017 -0.0000 -1.0000
vn -0.2076 0.2683 -0.9407
vn -0.8099 0.2799 -0.5154
vn -0.8268 0.4380 0.3531
vn 0.0003 0.4337 0.9010
vn 0.6365 0.4332 0.6381
vn -0.7053 -0.0000 -0.7089
vn -0.7084 -0.0000 0.7058
vn 0.9248 -0.0000 -0.3806
vn -0.7085 -0.0000 0.7057
vn -1.0000 0.0007 0.0006
vn -1.0000 -0.0004 -0.0001
vn -1.0000 -0.0001 0.0006
vn 1.0000 0.0008 0.0006
vn 1.0000 -0.0004 -0.0001
vn 0.9999 0.0129 -0.0001
vn -0.0000 -0.0050 1.0000
vn -1.0000 -0.0008 0.0006
vn -0.9999 -0.0136 -0.0001
vn 1.0000 -0.0008 0.0006
vn 1.0000 -0.0000 0.0006
vn 0.2038 -0.9788 0.0214
vn 0.3590 -0.9326 0.0371
vn -0.0000 0.6600 0.7513
vn 0.3591 -0.9326 0.0371
vn 0.0022 -1.0000 -0.0000
vn 0.1917 -0.9815 -0.0000
vn -1.0000 0.0001 0.0035
vn -1.0000 -0.0000 0.0001
vn 0.1919 -0.9814 -0.0000
vn 0.1918 -0.9814 -0.0000
vn 0.9997 0.0148 -0.0209
vn 0.9996 0.0220 0.0161
vn 0.9997 0.0218 0.0144
vn -0.9997 -0.0122 -0.0229
vn -0.9997 -0.0233 0.0016
vn -0.9998 -0.0222 0.0019
vn -0.0000 -1.0000 0.0003
vn 0.0005 -0.9999 0.0109
vn 0.0005 -0.9999 0.0112
vn -0.0000 -0.0045 1.0000
vn -0.0005 0.9989 0.0475
vn -0.0000 0.9994 0.0353
vn -0.0000 0.9994 0.0350
vn 0.0001 -0.0219 0.9998
vn -0.0001 0.0219 0.9998
vn 0.0001 -0.0221 0.9998
vn -0.0000 -0.0264 -0.9997
vn 1.0000 -0.0070 0.0051
vn 1.0000 -0.0081 -0.0000
vn 0.9996 -0.0122 -0.0239
vn 0.9997 0.0143 -0.0214
vn 0.9999 0.0163 0.0056
vn 0.9997 0.0223 0.0066
vn -0.9997 0.0143 -0.0214
vn -0.9997 0.0149 -0.0208
vn -0.9996 0.0219 0.0161
vn -0.9997 0.0218 0.0144
vn -1.0000 -0.0070 0.0051
vn 0.9997 0.0149 -0.0208
vn 0.9999 0.0164 0.0056
vn -0.9997 0.0144 -0.0214
vn -0.9997 0.0217 0.0144
vn -0.0029 -1.0000 -0.0000
vn -0.0030 -0.9996 -0.0270
vn 0.9997 -0.0000 -0.0228
vn 0.9997 -0.0000 0.0228
vn -0.7070 0.7072 -0.0000
vn -1.0000 -0.0000 0.0064
vn -0.9209 -0.0000 -0.3899
vn -0.0000 1.0000 0.0064
vn -0.0000 0.9208 -0.3900
vn -0.0000 -0.7120 0.7022
vn -0.0000 -0.0020 -1.0000
vn -0.7071 -0.7071 0.0019
vn 0.0210 -0.0142 -0.9997
vn -0.7069 0.7074 -0.0000
vn -0.0478 0.9989 -0.0008
vn -0.9998 0.0221 -0.0002
vn 0.0225 -0.0152 0.9996
vn -0.7072 -0.0000 -0.7070
vn 1.0000 -0.0028 0.0026
vn -0.0008 -0.0008 1.0000
vn 0.0013 -0.0005 1.0000
vn 0.1456 0.9893 0.0083
vn 0.1329 0.9910 -0.0170
vn -0.0033 1.0000 0.0004
vn 0.0008 -0.0009 -1.0000
vn -0.0282 -0.0014 -0.9996
vn 0.0228 -0.0032 0.9997
vn 0.0282 -0.0014 -0.9996
vn -0.0282 -0.0014 0.9996
vn 0.0025 -1.0000 0.0048
vn -0.0071 -1.0000 -0.0047
vn -0.0000 -1.0000 -0.0023
vn -0.0071 -1.0000 0.0047
vn -0.0000 -1.0000 0.0023
vn 0.0011 -1.0000 0.0004
vn -0.7068 -0.7074 -0.0000
vn 0.9997 -0.0142 0.0211
vn 0.0005 0.9989 -0.0478
vn 0.0001 0.0221 -0.9998
vn -0.9996 -0.0152 0.0225
vn -0.0000 -0.7086 -0.7056
vn -0.0000 -0.7060 -0.7082
vn -0.0064 -1.0000 -0.0000
vn 0.3902 -0.9207 -0.0000
vn 0.3950 0.8267 0.4007
vn 0.7071 0.0085 0.7071
vn -0.3895 -0.6247 -0.6768
vn 0.6769 -0.6247 -0.3894
vn 1.0000 0.0088 0.0003
vn 0.9997 -0.0142 0.0210
vn -0.7065 -0.7078 -0.0000
vn -0.7069 -0.7073 -0.0000
vn 0.0211 -0.0142 -0.9997
vn 0.9999 0.0129 0.0002
vn -0.9999 -0.0136 0.0001
vn 0.0072 -1.0000 0.0001
vn -0.7070 -0.0000 -0.7072
vn -0.0210 -0.0142 0.9997
vn 0.7070 0.7072 -0.0000
vn 0.0478 0.9989 0.0008
vn 0.9998 0.0221 0.0002
vn -0.0225 -0.0152 -0.9996
vn -0.0211 -0.0142 0.9997
vn 0.7067 0.7075 -0.0000
vn -0.7071 -0.7071 0.0018
vn 0.0029 -1.0000 -0.0000
vn 0.0030 -0.9996 0.0270
vn 0.0008 -0.0008 -1.0000
vn -0.0013 -0.0005 -1.0000
vn -0.1456 0.9893 -0.0083
vn -0.1329 0.9910 0.0170
vn 0.0033 1.0000 -0.0004
vn -0.0008 -0.0009 1.0000
vn -0.0000 -0.7075 -0.7067
vn -0.0000 -0.7062 -0.7080
vn -0.9999 0.0129 -0.0002
vn 0.9999 -0.0136 -0.0001
vn -0.0072 -1.0000 -0.0001
vn 0.7061 -0.7082 -0.0000
vn 0.7068 -0.7074 -0.0000
vn 0.7064 -0.7078 -0.0000
vn -0.9997 -0.0142 -0.0210
vn -0.0005 0.9989 0.0478
vn -0.0001 0.0221 0.9998
vn 0.9996 -0.0152 -0.0225
vn -0.9997 -0.0142 -0.0211
vn 0.9996 -0.0151 -0.0225
vt 0.666925 0.726822
vt 0.589598 0.398138
vt 0.666925 0.398138
vt 0.915737 0.656743
vt 0.911603 0.985430
vt 0.911603 0.656743
vt 0.996826 0.331873
vt 0.992691 0.003190
vt 0.996826 0.003190
vt 0.748013 0.331874
vt 0.670687 0.003190
vt 0.748013 0.003190
vt 0.616209 0.730642
vt 0.616276 0.910423
vt 0.616209 0.910449
vt 0.633080 0.910444
vt 0.633176 0.730661
vt 0.633148 0.910417
vt 0.636171 0.910536
vt 0.637283 0.910418
vt 0.533872 0.195051
vt 0.529663 0.194960
vt 0.533798 0.194982
vt 0.607226 0.730668
vt 0.629136 0.910424
vt 0.620153 0.730642
vt 0.629136 0.730668
vt 0.645442 0.730642
vt 0.641307 0.910397
vt 0.641307 0.730642
vt 0.637311 0.730662
vt 0.576671 0.204637
vt 0.579693 0.195647
vt 0.580834 0.195647
vt 0.529711 0.195029
vt 0.533824 0.204033
vt 0.529663 0.204010
vt 0.604876 0.187723
vt 0.613920 0.160475
vt 0.613920 0.187723
vt 0.176540 0.602002
vt 0.172402 0.602016
vt 0.174470 0.574731
vt 0.491497 0.334230
vt 0.487423 0.361517
vt 0.487356 0.334253
vt 0.572584 0.204718
vt 0.568444 0.204706
vt 0.568511 0.195647
vt 0.159470 0.894332
vt 0.145373 0.670780
vt 0.159470 0.670780
vt 0.174594 0.536957
vt 0.164176 0.551052
vt 0.164176 0.536955
vt 0.641147 0.375566
vt 0.630730 0.389660
vt 0.630730 0.375563
vt 0.537889 0.185778
vt 0.545153 0.199871
vt 0.537889 0.199873
vt 0.658935 0.376209
vt 0.666199 0.390302
vt 0.658935 0.390302
vt 0.040952 0.670780
vt 0.052558 0.907995
vt 0.038430 0.907995
vt 0.278945 0.677793
vt 0.271119 0.908075
vt 0.271119 0.670772
vt 0.815478 0.907439
vt 0.823304 0.676783
vt 0.823304 0.900328
vt 0.834252 0.908130
vt 0.826988 0.670862
vt 0.834252 0.670862
vt 0.808185 0.670179
vt 0.810828 0.907440
vt 0.108942 0.124121
vt 0.123004 0.110059
vt 0.123004 0.124121
vt 0.583682 0.160475
vt 0.569620 0.174537
vt 0.569620 0.160475
vt 0.212319 0.698648
vt 0.198257 0.670780
vt 0.212319 0.670780
vt 0.194691 0.698648
vt 0.180629 0.670780
vt 0.194691 0.670780
vt 0.163001 0.854398
vt 0.177063 0.826530
vt 0.177063 0.854398
vt 0.144157 0.128729
vt 0.130095 0.100861
vt 0.144157 0.100861
vt 0.198257 0.854398
vt 0.198257 0.698648
vt 0.180629 0.854398
vt 0.180629 0.698648
vt 0.163001 0.826530
vt 0.177063 0.670780
vt 0.988853 0.293229
vt 0.987917 0.168955
vt 0.988914 0.168955
vt 0.987925 0.044683
vt 0.988914 0.044682
vt 0.987863 0.293228
vt 0.986920 0.168955
vt 0.986874 0.293227
vt 0.985923 0.168955
vt 0.986936 0.044683
vt 0.985885 0.293226
vt 0.984927 0.168954
vt 0.985946 0.044683
vt 0.984896 0.293226
vt 0.983930 0.168954
vt 0.984957 0.044683
vt 0.983907 0.293226
vt 0.982933 0.168954
vt 0.982979 0.044682
vt 0.983968 0.044683
vt 0.982918 0.293226
vt 0.981936 0.168954
vt 0.981928 0.293226
vt 0.980939 0.168953
vt 0.981990 0.044681
vt 0.987784 0.334716
vt 0.986818 0.334715
vt 0.985852 0.334714
vt 0.984886 0.334713
vt 0.983919 0.334713
vt 0.982953 0.334714
vt 0.981987 0.334715
vt 0.981021 0.334717
vt 0.981001 0.044680
vt 0.982069 0.003192
vt 0.987866 0.003194
vt 0.986900 0.003195
vt 0.985934 0.003196
vt 0.984968 0.003196
vt 0.984001 0.003195
vt 0.983035 0.003194
vt 0.648358 0.372390
vt 0.661478 0.359270
vt 0.661478 0.372390
vt 0.643850 0.358624
vt 0.630730 0.371744
vt 0.630730 0.358624
vt 0.105609 0.916661
vt 0.092489 0.670780
vt 0.105609 0.670780
vt 0.123237 0.916661
vt 0.110117 0.670780
vt 0.123237 0.670780
vt 0.140865 0.916661
vt 0.127745 0.670780
vt 0.140865 0.670780
vt 0.858719 0.003723
vt 0.859190 0.006133
vt 0.858719 0.006133
vt 0.589598 0.202689
vt 0.590048 0.196535
vt 0.590048 0.202083
vt 0.112658 0.590078
vt 0.108942 0.536955
vt 0.112658 0.536955
vt 0.550817 0.181945
vt 0.553907 0.128803
vt 0.553907 0.181945
vt 0.100715 0.590074
vt 0.104857 0.536955
vt 0.104857 0.590074
vt 0.157125 0.590074
vt 0.157125 0.536955
vt 0.159960 0.536955
vt 0.541415 0.181959
vt 0.546150 0.128803
vt 0.546150 0.181959
vt 0.150074 0.536955
vt 0.153281 0.590097
vt 0.150074 0.590097
vt 0.560218 0.181921
vt 0.566045 0.128803
vt 0.566045 0.181921
vt 0.489706 0.791921
vt 0.490129 0.738788
vt 0.490129 0.791921
vt 0.556218 0.128803
vt 0.556218 0.181945
vt 0.701242 0.586581
vt 0.701709 0.639705
vt 0.701242 0.639705
vt 0.108942 0.128218
vt 0.109497 0.131277
vt 0.108942 0.131178
vt 0.660110 0.122448
vt 0.660691 0.119189
vt 0.660691 0.121933
vt 0.191206 0.132020
vt 0.191654 0.129491
vt 0.191654 0.132589
vt 0.091314 0.132488
vt 0.091843 0.129406
vt 0.091843 0.132488
vt 0.120694 0.128430
vt 0.121237 0.131875
vt 0.120694 0.131366
vt 0.584897 0.196540
vt 0.585386 0.202177
vt 0.584897 0.201621
vt 0.353383 0.736591
vt 0.459394 0.613176
vt 0.459394 0.736591
vt 0.331054 0.862014
vt 0.334342 0.738599
vt 0.334342 0.862014
vt 0.341393 0.862014
vt 0.338106 0.738599
vt 0.341393 0.738599
vt 0.963073 0.637330
vt 0.959786 0.531320
vt 0.963073 0.531320
vt 0.467139 0.844798
vt 0.463852 0.738788
vt 0.467139 0.738788
vt 0.569620 0.191827
vt 0.583072 0.178357
vt 0.583072 0.191807
vt 0.564267 0.185765
vt 0.550817 0.199215
vt 0.550817 0.185765
vt 0.962659 0.003190
vt 0.949209 0.527500
vt 0.949209 0.003190
vt 0.909778 0.003190
vt 0.896493 0.527519
vt 0.896325 0.527500
vt 0.945031 0.527501
vt 0.931581 0.003190
vt 0.945031 0.003190
vt 0.927404 0.527499
vt 0.913953 0.003190
vt 0.927404 0.003190
vt 0.704499 0.582761
vt 0.670687 0.335694
vt 0.704499 0.335694
vt 0.992691 0.833642
vt 0.995979 0.586580
vt 0.995979 0.833642
vt 0.992691 0.582761
vt 0.995979 0.335693
vt 0.995979 0.582761
vt 0.184154 0.608543
vt 0.187442 0.574731
vt 0.187442 0.608543
vt 0.670687 0.620393
vt 0.673974 0.586581
vt 0.673974 0.620393
vt 0.195240 0.558323
vt 0.194731 0.560061
vt 0.194731 0.558323
vt 0.195240 0.560061
vt 0.194731 0.561800
vt 0.195240 0.561800
vt 0.194731 0.563539
vt 0.195240 0.565278
vt 0.195240 0.563539
vt 0.195240 0.537457
vt 0.194731 0.539196
vt 0.194731 0.537457
vt 0.195240 0.539196
vt 0.194731 0.540934
vt 0.195240 0.542673
vt 0.195240 0.540934
vt 0.195240 0.544412
vt 0.194731 0.542673
vt 0.195240 0.546151
vt 0.194731 0.544412
vt 0.195240 0.547890
vt 0.194731 0.546151
vt 0.195240 0.549628
vt 0.194731 0.547890
vt 0.194731 0.551367
vt 0.194731 0.549628
vt 0.195240 0.553106
vt 0.195240 0.551367
vt 0.195240 0.554845
vt 0.194731 0.553106
vt 0.194731 0.556584
vt 0.194731 0.554845
vt 0.195240 0.556584
vt 0.531457 0.237441
vt 0.529663 0.235647
vt 0.531457 0.235647
vt 0.531457 0.239234
vt 0.529663 0.237441
vt 0.531457 0.241028
vt 0.529663 0.239234
vt 0.531457 0.242822
vt 0.529663 0.241028
vt 0.531457 0.215916
vt 0.529663 0.214123
vt 0.531457 0.214123
vt 0.531457 0.217710
vt 0.529663 0.215916
vt 0.529663 0.219504
vt 0.529663 0.217710
vt 0.531457 0.219504
vt 0.529663 0.221298
vt 0.531457 0.221297
vt 0.529663 0.223091
vt 0.531457 0.223091
vt 0.529663 0.224885
vt 0.531457 0.224885
vt 0.529663 0.226679
vt 0.531457 0.226679
vt 0.529663 0.228472
vt 0.531456 0.228472
vt 0.529663 0.230266
vt 0.531456 0.230266
vt 0.529663 0.232060
vt 0.531456 0.233853
vt 0.531456 0.232060
vt 0.529663 0.233853
vt 0.667135 0.103715
vt 0.665986 0.102566
vt 0.667135 0.102566
vt 0.667135 0.104864
vt 0.665986 0.103715
vt 0.667135 0.106013
vt 0.665986 0.104864
vt 0.667135 0.107162
vt 0.665986 0.106013
vt 0.667135 0.089928
vt 0.665986 0.088779
vt 0.667135 0.088779
vt 0.667135 0.091077
vt 0.665986 0.089928
vt 0.665986 0.092226
vt 0.665986 0.091077
vt 0.667135 0.092226
vt 0.665986 0.093375
vt 0.667135 0.093375
vt 0.665986 0.094524
vt 0.667135 0.094524
vt 0.665986 0.095672
vt 0.667135 0.095672
vt 0.665986 0.096821
vt 0.667135 0.096821
vt 0.665986 0.097970
vt 0.667135 0.097970
vt 0.665986 0.099119
vt 0.667135 0.099119
vt 0.665986 0.100268
vt 0.667135 0.101417
vt 0.667135 0.100268
vt 0.665986 0.101417
vt 0.848492 0.010600
vt 0.848104 0.013043
vt 0.848104 0.010598
vt 0.848881 0.010603
vt 0.848492 0.013045
vt 0.849269 0.010605
vt 0.848881 0.013048
vt 0.849658 0.010607
vt 0.849269 0.013050
vt 0.843830 0.010609
vt 0.843441 0.013052
vt 0.843441 0.010607
vt 0.844218 0.010609
vt 0.843830 0.013054
vt 0.844607 0.013054
vt 0.844218 0.013054
vt 0.844607 0.010609
vt 0.844995 0.013052
vt 0.844995 0.010607
vt 0.845384 0.013050
vt 0.845384 0.010605
vt 0.845773 0.013047
vt 0.845773 0.010602
vt 0.846161 0.013045
vt 0.846161 0.010600
vt 0.846549 0.013043
vt 0.846549 0.010598
vt 0.846938 0.013042
vt 0.846938 0.010597
vt 0.847327 0.013041
vt 0.847715 0.010597
vt 0.847327 0.010596
vt 0.847715 0.013042
vt 0.848492 0.003195
vt 0.848104 0.004447
vt 0.848104 0.003193
vt 0.848881 0.003197
vt 0.848492 0.004449
vt 0.849269 0.003200
vt 0.848881 0.004452
vt 0.849658 0.003202
vt 0.849269 0.004454
vt 0.843830 0.003203
vt 0.843441 0.004456
vt 0.843441 0.003202
vt 0.844218 0.003204
vt 0.843830 0.004458
vt 0.844607 0.004458
vt 0.844607 0.003203
vt 0.844995 0.004456
vt 0.844995 0.003202
vt 0.845384 0.004454
vt 0.845384 0.003199
vt 0.845773 0.004451
vt 0.845773 0.003197
vt 0.846161 0.004449
vt 0.846161 0.003194
vt 0.846549 0.004447
vt 0.846549 0.003192
vt 0.846938 0.004445
vt 0.846938 0.003191
vt 0.847327 0.004445
vt 0.847327 0.003190
vt 0.847715 0.003191
vt 0.847715 0.004445
vt 0.848104 0.005193
vt 0.848492 0.005195
vt 0.848881 0.005198
vt 0.849658 0.004456
vt 0.849269 0.005200
vt 0.843441 0.005202
vt 0.844218 0.004458
vt 0.843830 0.005204
vt 0.844607 0.005204
vt 0.844218 0.005204
vt 0.844995 0.005202
vt 0.845384 0.005200
vt 0.845773 0.005197
vt 0.846161 0.005195
vt 0.846549 0.005193
vt 0.846938 0.005191
vt 0.847327 0.005191
vt 0.847715 0.005191
vt 0.848104 0.005803
vt 0.848492 0.005805
vt 0.848881 0.005807
vt 0.849658 0.005202
vt 0.849269 0.005810
vt 0.843441 0.005812
vt 0.843830 0.005813
vt 0.844607 0.005813
vt 0.844218 0.005814
vt 0.844995 0.005812
vt 0.845384 0.005809
vt 0.845773 0.005807
vt 0.846161 0.005804
vt 0.846549 0.005802
vt 0.846938 0.005801
vt 0.847327 0.005801
vt 0.847715 0.005801
vt 0.848104 0.006497
vt 0.848492 0.006499
vt 0.848881 0.006502
vt 0.849658 0.005812
vt 0.849269 0.006504
vt 0.843441 0.006506
vt 0.843830 0.006508
vt 0.844607 0.006508
vt 0.844218 0.006508
vt 0.844995 0.006506
vt 0.845384 0.006504
vt 0.845773 0.006501
vt 0.846161 0.006499
vt 0.846549 0.006497
vt 0.846938 0.006496
vt 0.847327 0.006495
vt 0.847715 0.006495
vt 0.848104 0.007213
vt 0.848492 0.007215
vt 0.848881 0.007217
vt 0.849658 0.006506
vt 0.849269 0.007220
vt 0.843441 0.007222
vt 0.843830 0.007223
vt 0.844607 0.007223
vt 0.844218 0.007224
vt 0.844995 0.007222
vt 0.845384 0.007219
vt 0.845773 0.007217
vt 0.846161 0.007214
vt 0.846549 0.007212
vt 0.846938 0.007211
vt 0.847327 0.007210
vt 0.847715 0.007211
vt 0.848104 0.007810
vt 0.848492 0.007812
vt 0.848881 0.007814
vt 0.849658 0.007222
vt 0.849269 0.007817
vt 0.843441 0.007819
vt 0.843830 0.007820
vt 0.844607 0.007820
vt 0.844218 0.007821
vt 0.844995 0.007819
vt 0.845384 0.007816
vt 0.845773 0.007814
vt 0.846161 0.007811
vt 0.846549 0.007809
vt 0.846938 0.007808
vt 0.847327 0.007808
vt 0.847715 0.007808
vt 0.848104 0.008488
vt 0.848492 0.008490
vt 0.848881 0.008492
vt 0.849658 0.007819
vt 0.849269 0.008495
vt 0.843441 0.008497
vt 0.843830 0.008498
vt 0.844607 0.008498
vt 0.844218 0.008499
vt 0.844995 0.008496
vt 0.845384 0.008494
vt 0.845773 0.008492
vt 0.846161 0.008489
vt 0.846549 0.008487
vt 0.846938 0.008486
vt 0.847327 0.008485
vt 0.847715 0.008486
vt 0.848104 0.009196
vt 0.848492 0.009198
vt 0.848881 0.009201
vt 0.849658 0.008497
vt 0.849269 0.009203
vt 0.843441 0.009205
vt 0.843830 0.009207
vt 0.844607 0.009207
vt 0.844218 0.009207
vt 0.844995 0.009205
vt 0.845384 0.009203
vt 0.845773 0.009200
vt 0.846161 0.009198
vt 0.846549 0.009196
vt 0.846938 0.009195
vt 0.847327 0.009194
vt 0.847715 0.009195
vt 0.848104 0.009862
vt 0.848492 0.009864
vt 0.848881 0.009867
vt 0.849658 0.009205
vt 0.849269 0.009869
vt 0.843441 0.009871
vt 0.843830 0.009873
vt 0.844607 0.009873
vt 0.844218 0.009873
vt 0.844995 0.009871
vt 0.845384 0.009869
vt 0.845773 0.009866
vt 0.846161 0.009864
vt 0.846549 0.009862
vt 0.846938 0.009861
vt 0.847327 0.009860
vt 0.847715 0.009861
vt 0.849658 0.009871
vt 0.182060 0.130282
vt 0.167702 0.121487
vt 0.182060 0.121487
vt 0.167702 0.112320
vt 0.167702 0.101591
vt 0.182060 0.112320
vt 0.167702 0.092881
vt 0.182060 0.101591
vt 0.167702 0.082035
vt 0.182060 0.092881
vt 0.182060 0.072174
vt 0.167702 0.072174
vt 0.182060 0.062207
vt 0.167702 0.062207
vt 0.182060 0.052233
vt 0.167702 0.052233
vt 0.182060 0.043902
vt 0.167702 0.043902
vt 0.779980 0.015212
vt 0.785102 0.003190
vt 0.785102 0.015212
vt 0.756753 0.015642
vt 0.751776 0.003191
vt 0.756753 0.003190
vt 0.985632 0.338538
vt 0.980940 0.346158
vt 0.980939 0.338538
vt 0.985632 0.355280
vt 0.985632 0.346158
vt 0.980940 0.355280
vt 0.985632 0.364396
vt 0.980940 0.364396
vt 0.980940 0.373416
vt 0.985633 0.383336
vt 0.985632 0.373416
vt 0.980940 0.391302
vt 0.980940 0.383336
vt 0.985633 0.391302
vt 0.980940 0.401116
vt 0.980941 0.409500
vt 0.985633 0.401116
vt 0.985633 0.409500
vt 0.985633 0.417544
vt 0.980941 0.417544
vt 0.311076 0.325171
vt 0.325677 0.333344
vt 0.311076 0.333344
vt 0.311076 0.315387
vt 0.325677 0.325171
vt 0.311076 0.305609
vt 0.325677 0.315387
vt 0.311076 0.295935
vt 0.325678 0.305609
vt 0.311076 0.285295
vt 0.325677 0.295934
vt 0.325678 0.276750
vt 0.311076 0.276750
vt 0.325677 0.266224
vt 0.325677 0.257231
vt 0.311076 0.266224
vt 0.311076 0.257231
vt 0.325677 0.248603
vt 0.311076 0.248603
vt 0.534293 0.526989
vt 0.529663 0.519454
vt 0.534293 0.519454
vt 0.529663 0.536010
vt 0.529663 0.526989
vt 0.534293 0.545025
vt 0.534293 0.536010
vt 0.529663 0.553945
vt 0.529663 0.545025
vt 0.534293 0.563755
vt 0.534293 0.553945
vt 0.529663 0.571633
vt 0.529663 0.563755
vt 0.534293 0.571633
vt 0.529663 0.581338
vt 0.534293 0.581338
vt 0.529663 0.589629
vt 0.534293 0.597584
vt 0.534293 0.589629
vt 0.600515 0.128803
vt 0.587248 0.156656
vt 0.587248 0.128803
vt 0.582887 0.156656
vt 0.569620 0.128803
vt 0.582887 0.128803
vt 0.618143 0.156656
vt 0.604876 0.128803
vt 0.618143 0.128803
vt 0.160990 0.128714
vt 0.147723 0.100861
vt 0.160990 0.100861
vt 0.463852 0.734969
vt 0.585628 0.613176
vt 0.585628 0.734969
vt 0.307550 0.734779
vt 0.348829 0.613177
vt 0.348829 0.734779
vt 0.921004 0.778345
vt 0.962282 0.656743
vt 0.962282 0.778345
vt 0.756476 0.670162
vt 0.797754 0.791765
vt 0.756476 0.791765
vt 0.913953 0.531321
vt 0.955231 0.652923
vt 0.913953 0.652923
vt 0.288747 0.063486
vt 0.406940 0.003191
vt 0.525132 0.003190
vt 0.525132 0.549205
vt 0.288748 0.609357
vt 0.288748 0.549206
vt 0.483606 0.244783
vt 0.288748 0.244784
vt 0.525132 0.183013
vt 0.525132 0.429677
vt 0.330274 0.367699
vt 0.483607 0.367698
vt 0.525132 0.063485
vt 0.330273 0.244784
vt 0.336170 0.367699
vt 0.651439 0.124983
vt 0.529663 0.003190
vt 0.651439 0.003190
vt 0.529663 0.515634
vt 0.582802 0.398138
vt 0.582802 0.515634
vt 0.318310 0.856095
vt 0.314602 0.738599
vt 0.318310 0.738599
vt 0.322828 0.856095
vt 0.326537 0.738599
vt 0.326537 0.856095
vt 0.129104 0.536955
vt 0.125395 0.590094
vt 0.125395 0.536955
vt 0.120877 0.590095
vt 0.117168 0.536955
vt 0.120877 0.536955
vt 0.752461 0.647724
vt 0.670687 0.765220
vt 0.670687 0.647723
vt 0.310084 0.856094
vt 0.306375 0.738599
vt 0.310084 0.738599
vt 0.562569 0.601228
vt 0.566278 0.519454
vt 0.566277 0.601228
vt 0.558052 0.601234
vt 0.554342 0.601228
vt 0.554342 0.519454
vt 0.663788 0.730654
vt 0.660110 0.848152
vt 0.660110 0.730642
vt 0.125395 0.128487
vt 0.125960 0.131721
vt 0.125395 0.131310
vt 0.115993 0.128375
vt 0.116500 0.131605
vt 0.115993 0.131605
vt 0.549837 0.601233
vt 0.546116 0.519464
vt 0.549837 0.519454
vt 0.622504 0.194380
vt 0.626184 0.128803
vt 0.626184 0.194380
vt 0.537889 0.601223
vt 0.542031 0.519454
vt 0.542031 0.601223
vt 0.093664 0.618724
vt 0.096490 0.536955
vt 0.096490 0.618724
vt 0.487356 0.330410
vt 0.492091 0.248603
vt 0.492091 0.330410
vt 0.570795 0.519454
vt 0.573996 0.601241
vt 0.570795 0.601260
vt 0.192332 0.043902
vt 0.186505 0.125671
vt 0.186505 0.043902
vt 0.839163 0.670871
vt 0.838740 0.752650
vt 0.838740 0.670862
vt 0.629241 0.128818
vt 0.629241 0.194365
vt 0.665986 0.084960
vt 0.666443 0.003190
vt 0.666443 0.084960
vt 0.599000 0.196451
vt 0.599450 0.199001
vt 0.599000 0.199001
vt 0.617803 0.177318
vt 0.618269 0.183309
vt 0.617803 0.182643
vt 0.096015 0.132415
vt 0.096550 0.129336
vt 0.096550 0.132415
vt 0.854018 0.009195
vt 0.854539 0.003715
vt 0.854539 0.008623
vt 0.655409 0.122796
vt 0.655945 0.119291
vt 0.655945 0.122303
vt 0.594782 0.196448
vt 0.594299 0.198810
vt 0.594299 0.195945
vt 0.979764 0.752118
vt 0.988809 0.423434
vt 0.988809 0.752118
vt 0.966837 0.752118
vt 0.975881 0.423434
vt 0.975881 0.752118
vt 0.745068 0.335694
vt 0.741199 0.642847
vt 0.741199 0.335711
vt 0.665519 0.354805
vt 0.631439 0.249637
vt 0.665519 0.249637
vt 0.626726 0.393553
vt 0.535315 0.394319
vt 0.536322 0.393553
vt 0.536322 0.249637
vt 0.626726 0.244971
vt 0.626726 0.249637
vt 0.542069 0.256334
vt 0.536322 0.354805
vt 0.631439 0.354805
vt 0.626726 0.354805
vt 0.620979 0.256334
vt 0.626726 0.359471
vt 0.536322 0.359471
vt 0.620979 0.348108
vt 0.496757 0.355853
vt 0.497529 0.249637
vt 0.497529 0.354805
vt 0.531609 0.354805
vt 0.535310 0.210123
vt 0.626726 0.210889
vt 0.536322 0.210889
vt 0.536322 0.244971
vt 0.666291 0.248589
vt 0.531609 0.249637
vt 0.542069 0.348108
vt 0.295062 0.344429
vt 0.294636 0.248603
vt 0.295062 0.248858
vt 0.288747 0.344642
vt 0.294636 0.344642
vt 0.661724 0.003447
vt 0.661298 0.114951
vt 0.661298 0.003190
vt 0.655409 0.003190
vt 0.306814 0.360130
vt 0.306388 0.248603
vt 0.306814 0.248837
vt 0.300499 0.360364
vt 0.306388 0.360364
vt 0.655848 0.730912
vt 0.655422 0.826681
vt 0.655422 0.730642
vt 0.649533 0.730642
vt 0.479595 0.848010
vt 0.477954 0.738777
vt 0.479595 0.740838
vt 0.483830 0.850070
vt 0.485471 0.740838
vt 0.485471 0.848010
vt 0.804383 0.672026
vt 0.802309 0.765976
vt 0.802309 0.670402
vt 0.284945 0.764723
vt 0.282871 0.670773
vt 0.284945 0.672396
vt 0.633080 0.234813
vt 0.666791 0.128803
vt 0.666791 0.234813
vt 0.681026 0.620291
vt 0.677738 0.586581
vt 0.681026 0.586581
vt 0.684789 0.620292
vt 0.688077 0.586581
vt 0.688077 0.620292
vt 0.345157 0.844609
vt 0.348444 0.738599
vt 0.348444 0.844609
vt 0.470903 0.844799
vt 0.474190 0.738788
vt 0.474190 0.844799
vt 0.579240 0.591507
vt 0.579719 0.585610
vt 0.579719 0.591507
vt 0.578768 0.591507
vt 0.579240 0.585610
vt 0.578302 0.591507
vt 0.578768 0.585610
vt 0.577846 0.591507
vt 0.578302 0.585610
vt 0.584989 0.591507
vt 0.585441 0.585610
vt 0.585441 0.591507
vt 0.584527 0.591507
vt 0.584989 0.585610
vt 0.584053 0.585610
vt 0.584527 0.585610
vt 0.584053 0.591507
vt 0.583574 0.585610
vt 0.583574 0.591507
vt 0.583091 0.585610
vt 0.583091 0.591507
vt 0.582813 0.585610
vt 0.582813 0.591507
vt 0.582228 0.585610
vt 0.582228 0.591507
vt 0.581644 0.585610
vt 0.581644 0.591507
vt 0.581093 0.585610
vt 0.581093 0.591507
vt 0.580506 0.585610
vt 0.580202 0.591507
vt 0.580506 0.591507
vt 0.580202 0.585610
vt 0.579240 0.592179
vt 0.579719 0.592179
vt 0.578768 0.592179
vt 0.578302 0.592179
vt 0.577846 0.592179
vt 0.584989 0.592179
vt 0.585441 0.592179
vt 0.584527 0.592179
vt 0.584053 0.592179
vt 0.583574 0.592179
vt 0.583091 0.592179
vt 0.582813 0.592179
vt 0.582228 0.592179
vt 0.581644 0.592179
vt 0.581093 0.592179
vt 0.580202 0.592179
vt 0.580506 0.592179
vt 0.579240 0.592687
vt 0.579719 0.592687
vt 0.578768 0.592687
vt 0.578302 0.592687
vt 0.577846 0.592687
vt 0.584989 0.592687
vt 0.585441 0.592687
vt 0.584527 0.592687
vt 0.584053 0.592687
vt 0.583574 0.592687
vt 0.583091 0.592687
vt 0.582813 0.592687
vt 0.582228 0.592687
vt 0.581644 0.592687
vt 0.581093 0.592687
vt 0.580202 0.592687
vt 0.580506 0.592687
vt 0.579240 0.593232
vt 0.579719 0.593232
vt 0.578768 0.593232
vt 0.578302 0.593232
vt 0.577846 0.593232
vt 0.584989 0.593232
vt 0.585441 0.593232
vt 0.584527 0.593232
vt 0.584053 0.593232
vt 0.583574 0.593232
vt 0.583091 0.593232
vt 0.582813 0.593232
vt 0.582228 0.593232
vt 0.581643 0.593232
vt 0.581093 0.593232
vt 0.580202 0.593232
vt 0.580506 0.593232
vt 0.579240 0.593864
vt 0.579719 0.593864
vt 0.578768 0.593864
vt 0.578302 0.593864
vt 0.577846 0.593864
vt 0.584989 0.593864
vt 0.585441 0.593864
vt 0.584527 0.593864
vt 0.584053 0.593864
vt 0.583574 0.593864
vt 0.583091 0.593864
vt 0.582813 0.593864
vt 0.582228 0.593864
vt 0.581643 0.593864
vt 0.581093 0.593864
vt 0.580202 0.593864
vt 0.580506 0.593864
vt 0.579240 0.594377
vt 0.579719 0.594377
vt 0.578768 0.594377
vt 0.578302 0.594377
vt 0.577846 0.594377
vt 0.584989 0.594377
vt 0.585441 0.594377
vt 0.584527 0.594377
vt 0.584053 0.594377
vt 0.583574 0.594377
vt 0.583091 0.594377
vt 0.582813 0.594377
vt 0.582228 0.594377
vt 0.581643 0.594377
vt 0.581093 0.594377
vt 0.580202 0.594377
vt 0.580506 0.594377
vt 0.579240 0.594962
vt 0.579719 0.594962
vt 0.578768 0.594962
vt 0.578302 0.594962
vt 0.577846 0.594962
vt 0.584989 0.594962
vt 0.585441 0.594962
vt 0.584527 0.594962
vt 0.584053 0.594962
vt 0.583574 0.594962
vt 0.583091 0.594962
vt 0.582813 0.594962
vt 0.582228 0.594962
vt 0.581643 0.594962
vt 0.581093 0.594962
vt 0.580202 0.594962
vt 0.580506 0.594962
vt 0.579240 0.595499
vt 0.579719 0.595499
vt 0.578768 0.595499
vt 0.578302 0.595499
vt 0.577846 0.595499
vt 0.584989 0.595499
vt 0.585441 0.595499
vt 0.584527 0.595499
vt 0.584053 0.595499
vt 0.583574 0.595499
vt 0.583091 0.595499
vt 0.582813 0.595499
vt 0.582228 0.595499
vt 0.581643 0.595499
vt 0.581093 0.595499
vt 0.580202 0.595499
vt 0.580506 0.595499
vt 0.579240 0.596036
vt 0.579719 0.596036
vt 0.578768 0.596036
vt 0.578302 0.596036
vt 0.577846 0.596036
vt 0.584989 0.596036
vt 0.585441 0.596036
vt 0.584527 0.596036
vt 0.584053 0.596036
vt 0.583574 0.596036
vt 0.583091 0.596036
vt 0.582813 0.596036
vt 0.582228 0.596036
vt 0.581643 0.596036
vt 0.581093 0.596036
vt 0.580202 0.596036
vt 0.580506 0.596036
vt 0.579240 0.596573
vt 0.579719 0.596573
vt 0.578768 0.596573
vt 0.578302 0.596573
vt 0.577846 0.596573
vt 0.584989 0.596573
vt 0.585441 0.596573
vt 0.584527 0.596573
vt 0.584053 0.596573
vt 0.583574 0.596573
vt 0.583091 0.596573
vt 0.582813 0.596573
vt 0.582228 0.596573
vt 0.581643 0.596573
vt 0.581093 0.596573
vt 0.580202 0.596573
vt 0.580506 0.596573
vt 0.579240 0.597204
vt 0.579719 0.597204
vt 0.578768 0.597204
vt 0.578302 0.597204
vt 0.577846 0.597204
vt 0.584989 0.597204
vt 0.585441 0.597204
vt 0.584527 0.597204
vt 0.584053 0.597204
vt 0.583574 0.597204
vt 0.583091 0.597204
vt 0.582813 0.597204
vt 0.582228 0.597204
vt 0.581644 0.597204
vt 0.581093 0.597204
vt 0.580506 0.597204
vt 0.580202 0.597204
vt 0.074861 0.916359
vt 0.088038 0.670780
vt 0.088038 0.916359
vt 0.587248 0.192135
vt 0.600424 0.178215
vt 0.600424 0.192135
vt 0.003174 0.916359
vt 0.017095 0.670780
vt 0.017095 0.916359
vt 0.070410 0.916359
vt 0.057233 0.670780
vt 0.070410 0.670780
vt 0.587248 0.174396
vt 0.600424 0.160475
vt 0.600424 0.174396
vt 0.034721 0.916358
vt 0.020802 0.670780
vt 0.034721 0.670780
vt 0.126446 0.106240
vt 0.092489 0.043902
vt 0.126446 0.043902
vt 0.167885 0.588828
vt 0.164176 0.554872
vt 0.167885 0.554872
vt 0.181987 0.536955
vt 0.178278 0.570912
vt 0.178278 0.536955
vt 0.533372 0.128803
vt 0.529663 0.191141
vt 0.529663 0.128803
vt 0.581555 0.581791
vt 0.577846 0.519454
vt 0.581555 0.519454
vt 0.976994 0.418751
vt 0.966837 0.308512
vt 0.976994 0.308512
vt 0.966837 0.100300
vt 0.976994 0.210539
vt 0.966837 0.210539
vt 0.202497 0.532045
vt 0.201654 0.629847
vt 0.201654 0.532911
vt 0.200208 0.631185
vt 0.087083 0.632025
vt 0.087941 0.631185
vt 0.966837 0.004054
vt 0.976994 0.098573
vt 0.966837 0.098573
vt 0.085579 0.532046
vt 0.086417 0.629668
vt 0.085579 0.630542
vt 0.966837 0.212266
vt 0.976994 0.306785
vt 0.966837 0.306785
vt 0.976994 0.099436
vt 0.199410 0.532298
vt 0.089169 0.533136
vt 0.088538 0.532298
vt 0.201045 0.530614
vt 0.087755 0.531458
vt 0.086883 0.530614
vt 0.200984 0.532110
vt 0.200182 0.531458
vt 0.208251 0.524642
vt 0.201843 0.531249
vt 0.200815 0.629066
vt 0.200815 0.533685
vt 0.199455 0.533648
vt 0.199980 0.534308
vt 0.200182 0.532914
vt 0.966837 0.419615
vt 0.976994 0.419615
vt 0.202497 0.630720
vt 0.201009 0.630638
vt 0.208282 0.634526
vt 0.201862 0.631508
vt 0.201070 0.632025
vt 0.199436 0.630349
vt 0.088710 0.630349
vt 0.199479 0.629096
vt 0.198816 0.629516
vt 0.200208 0.629831
vt 0.966837 0.099436
vt 0.976994 0.211403
vt 0.966837 0.211403
vt 0.087249 0.533688
vt 0.088080 0.628260
vt 0.087249 0.628888
vt 0.086981 0.532116
vt 0.086417 0.532913
vt 0.079840 0.524579
vt 0.086124 0.531253
vt 0.088513 0.533651
vt 0.087783 0.532920
vt 0.966837 0.307648
vt 0.976994 0.307648
vt 0.089327 0.629516
vt 0.087139 0.630450
vt 0.079880 0.634389
vt 0.086290 0.631316
vt 0.088665 0.628914
vt 0.087938 0.629646
vt 0.976994 0.004054
vt 0.966837 0.003190
vt 0.976994 0.003190
vt 0.896325 0.628638
vt 0.907849 0.533065
vt 0.907849 0.628638
vt 0.200157 0.138710
vt 0.086769 0.139564
vt 0.087607 0.138710
vt 0.085415 0.039780
vt 0.086268 0.137470
vt 0.085415 0.138311
vt 0.907849 0.951979
vt 0.896325 0.840686
vt 0.907849 0.840686
vt 0.087564 0.039233
vt 0.200829 0.038381
vt 0.199993 0.039233
vt 0.907849 0.741659
vt 0.896325 0.630365
vt 0.907849 0.630365
vt 0.201390 0.040453
vt 0.202242 0.138156
vt 0.201390 0.137317
vt 0.907849 0.838959
vt 0.896325 0.743386
vt 0.907849 0.743386
vt 0.907849 0.629502
vt 0.896325 0.629502
vt 0.086873 0.138204
vt 0.079645 0.145615
vt 0.086030 0.139051
vt 0.087120 0.041358
vt 0.087120 0.136738
vt 0.087662 0.137412
vt 0.896325 0.531338
vt 0.907849 0.532202
vt 0.896325 0.532202
vt 0.086830 0.039894
vt 0.086268 0.040623
vt 0.079612 0.036034
vt 0.085986 0.039046
vt 0.086727 0.038381
vt 0.199265 0.040083
vt 0.088294 0.040083
vt 0.087619 0.040686
vt 0.896325 0.742522
vt 0.907849 0.742522
vt 0.896325 0.741659
vt 0.200888 0.138053
vt 0.208112 0.145450
vt 0.201737 0.138899
vt 0.200998 0.139564
vt 0.088337 0.137858
vt 0.200097 0.137262
vt 0.199423 0.137858
vt 0.896325 0.838959
vt 0.907849 0.839822
vt 0.896325 0.839822
vt 0.200729 0.039724
vt 0.207937 0.035850
vt 0.201570 0.038871
vt 0.202242 0.039607
vt 0.200539 0.136586
vt 0.199940 0.040519
vt 0.200539 0.041190
vt 0.896325 0.533065
vt 0.003174 0.498210
vt 0.062435 0.498210
vt 0.225496 0.172004
vt 0.284628 0.498250
vt 0.225496 0.498250
vt 0.003174 0.172239
vt 0.284628 0.172004
vt 0.003174 0.003190
vt 0.284628 0.003190
vt 0.003174 0.666960
vt 0.803745 0.171587
vt 0.779980 0.031191
vt 0.803745 0.003175
vt 0.871446 0.284366
vt 0.843441 0.026924
vt 0.871446 0.003181
vt 0.775672 0.171927
vt 0.751776 0.031404
vt 0.775518 0.003179
vt 0.775672 0.498007
vt 0.751776 0.638349
vt 0.751903 0.470458
vt 0.779980 0.638370
vt 0.803745 0.497793
vt 0.803745 0.666606
vt 0.779980 0.199146
vt 0.736518 0.616870
vt 0.708293 0.359427
vt 0.736518 0.335684
vt 0.751903 0.199445
vt 0.808185 0.498018
vt 0.821306 0.171938
vt 0.821306 0.498018
vt 0.838890 0.498536
vt 0.825813 0.172098
vt 0.838890 0.172098
vt 0.825813 0.498536
vt 0.838890 0.667043
vt 0.825813 0.667043
vt 0.808272 0.666316
vt 0.821276 0.666364
vt 0.808272 0.003239
vt 0.821277 0.003190
vt 0.838890 0.003190
vt 0.825813 0.003190
vt 0.891702 0.595447
vt 0.878697 0.876583
vt 0.878697 0.595447
vt 0.301752 0.894312
vt 0.288747 0.613177
vt 0.301752 0.613177
vt 0.284628 0.666960
vt 0.062435 0.172239
vt 0.164052 0.097042
vt 0.130095 0.043902
vt 0.164052 0.043902
vt 0.190214 0.570911
vt 0.186505 0.536955
vt 0.190214 0.536955
vt 0.191206 0.608688
vt 0.194915 0.574731
vt 0.194915 0.608688
vt 0.141847 0.590095
vt 0.145556 0.536955
vt 0.145556 0.590095
vt 0.137330 0.590094
vt 0.133621 0.536955
vt 0.137330 0.536955
vt 0.874189 0.876615
vt 0.861069 0.288176
vt 0.874189 0.288176
vt 0.891817 0.591628
vt 0.878697 0.003190
vt 0.891817 0.003190
vt 0.856561 0.867833
vt 0.843441 0.279395
vt 0.856561 0.279395
vt 0.324196 0.350283
vt 0.311076 0.337163
vt 0.324196 0.337163
vt 0.617996 0.204662
vt 0.604876 0.191542
vt 0.617996 0.191542
vt 0.761177 0.008055
vt 0.762431 0.003190
vt 0.762431 0.008055
vt 0.789382 0.008055
vt 0.790636 0.003190
vt 0.790636 0.008055
vt 0.529663 0.389483
vt 0.530917 0.375963
vt 0.530917 0.389483
vt 0.529663 0.372144
vt 0.530917 0.358624
vt 0.530917 0.372144
vt 0.696688 0.600088
vt 0.691840 0.586581
vt 0.696688 0.586581
vt 0.712000 0.348207
vt 0.708293 0.335694
vt 0.712000 0.335694
vt 0.665986 0.123632
vt 0.666369 0.110981
vt 0.666369 0.123632
vt 0.617803 0.172978
vt 0.618191 0.160475
vt 0.618191 0.172978
vt 0.100715 0.132714
vt 0.101103 0.129007
vt 0.101103 0.132714
vt 0.186505 0.133198
vt 0.186892 0.129491
vt 0.186892 0.133198
vt 0.194691 0.854398
vt 0.603676 0.859515
vt 0.589598 0.730642
vt 0.603676 0.730642
vt 0.230943 0.677639
vt 0.223167 0.806514
vt 0.223167 0.670780
vt 0.234688 0.677638
vt 0.242464 0.806514
vt 0.234688 0.806514
vt 0.296011 0.362555
vt 0.288747 0.348462
vt 0.296011 0.348464
vt 0.215885 0.670780
vt 0.215885 0.806514
vt 0.105424 0.110059
vt 0.091314 0.117812
vt 0.091314 0.110059
vt 0.105424 0.125045
vt 0.091314 0.125187
vt 0.249746 0.670780
vt 0.242464 0.670780
vt 0.253491 0.806493
vt 0.267317 0.670780
vt 0.267577 0.670780
vt 0.655250 0.376210
vt 0.644832 0.390304
vt 0.644833 0.376209
vt 0.988750 0.334719
vt 0.804383 0.764352
vt 0.282871 0.766347
vt 0.589598 0.726822
vt 0.915737 0.985430
vt 0.992691 0.331873
vt 0.670687 0.331874
vt 0.616276 0.730668
vt 0.633109 0.730635
vt 0.637311 0.910484
vt 0.633121 0.910484
vt 0.607226 0.910423
vt 0.620153 0.910450
vt 0.645442 0.910398
vt 0.580834 0.204637
vt 0.576671 0.195647
vt 0.604876 0.160475
vt 0.176540 0.574731
vt 0.176475 0.602016
vt 0.172402 0.574731
vt 0.487423 0.334230
vt 0.489429 0.334230
vt 0.491497 0.361517
vt 0.487356 0.361503
vt 0.572584 0.195647
vt 0.568444 0.195662
vt 0.145373 0.894333
vt 0.174593 0.551053
vt 0.641147 0.389661
vt 0.545153 0.185780
vt 0.666199 0.376209
vt 0.038430 0.670870
vt 0.052558 0.670780
vt 0.278945 0.901347
vt 0.815478 0.670179
vt 0.826988 0.908129
vt 0.108942 0.110059
vt 0.583682 0.174537
vt 0.130095 0.128729
vt 0.212319 0.854398
vt 0.163001 0.670780
vt 0.980939 0.293227
vt 0.981103 0.003190
vt 0.988832 0.003192
vt 0.648358 0.359270
vt 0.643850 0.371744
vt 0.092489 0.916661
vt 0.110117 0.916661
vt 0.127745 0.916661
vt 0.859190 0.003187
vt 0.589598 0.195942
vt 0.108942 0.590078
vt 0.550817 0.128803
vt 0.100715 0.536955
vt 0.159960 0.590074
vt 0.157125 0.562069
vt 0.541415 0.128803
vt 0.153280 0.536955
vt 0.560218 0.128803
vt 0.489706 0.738788
vt 0.701709 0.586581
vt 0.109497 0.127934
vt 0.660110 0.118764
vt 0.191206 0.129491
vt 0.091314 0.129000
vt 0.121237 0.127939
vt 0.585386 0.195952
vt 0.353383 0.613176
vt 0.331054 0.738599
vt 0.338106 0.862014
vt 0.959786 0.637330
vt 0.463852 0.844798
vt 0.582903 0.191827
vt 0.569620 0.178357
vt 0.564267 0.199215
vt 0.962659 0.527500
vt 0.896325 0.003190
vt 0.909778 0.527519
vt 0.931581 0.527501
vt 0.913953 0.527499
vt 0.670687 0.582761
vt 0.992691 0.586580
vt 0.992691 0.335693
vt 0.184154 0.574731
vt 0.670687 0.586581
vt 0.194731 0.565278
vt 0.529663 0.242822
vt 0.665986 0.107162
vt 0.849658 0.013052
vt 0.167702 0.130282
vt 0.182060 0.082035
vt 0.779980 0.003190
vt 0.751776 0.015642
vt 0.325677 0.285295
vt 0.529663 0.597584
vt 0.600515 0.156656
vt 0.569620 0.156656
vt 0.604876 0.156656
vt 0.147723 0.128714
vt 0.463852 0.613176
vt 0.307550 0.613177
vt 0.921004 0.656743
vt 0.797754 0.670162
vt 0.955231 0.531321
vt 0.288747 0.003191
vt 0.525132 0.609357
vt 0.525132 0.244783
vt 0.288748 0.183014
vt 0.525132 0.367698
vt 0.288748 0.429678
vt 0.288748 0.367699
vt 0.529663 0.124983
vt 0.529663 0.398138
vt 0.314602 0.856095
vt 0.322828 0.738599
vt 0.129104 0.590094
vt 0.117168 0.590095
vt 0.752461 0.765220
vt 0.306375 0.856094
vt 0.562569 0.519454
vt 0.558052 0.519454
vt 0.554375 0.601234
vt 0.663819 0.848150
vt 0.125960 0.127936
vt 0.116500 0.127939
vt 0.546125 0.601233
vt 0.622504 0.128803
vt 0.537889 0.519454
vt 0.093664 0.536955
vt 0.487356 0.248603
vt 0.574007 0.519463
vt 0.192332 0.125671
vt 0.839163 0.752659
vt 0.665986 0.003190
vt 0.599450 0.195954
vt 0.618269 0.176778
vt 0.096015 0.129001
vt 0.854049 0.003174
vt 0.655423 0.118756
vt 0.594782 0.198810
vt 0.979764 0.423434
vt 0.966837 0.423434
vt 0.741887 0.335700
vt 0.743761 0.335696
vt 0.745630 0.642839
vt 0.741761 0.642825
vt 0.627738 0.394319
vt 0.496757 0.248590
vt 0.627733 0.210123
vt 0.666291 0.355851
vt 0.288747 0.248603
vt 0.661724 0.114740
vt 0.655409 0.114951
vt 0.300499 0.248603
vt 0.655848 0.826484
vt 0.649533 0.826681
vt 0.477954 0.850070
vt 0.483830 0.738777
vt 0.633080 0.128803
vt 0.677738 0.620291
vt 0.684789 0.586581
vt 0.345157 0.738599
vt 0.470903 0.738788
vt 0.577846 0.585610
vt 0.074861 0.670780
vt 0.587248 0.178215
vt 0.003174 0.670780
vt 0.057233 0.916359
vt 0.587248 0.160475
vt 0.020802 0.916358
vt 0.092489 0.106240
vt 0.164176 0.588828
vt 0.181987 0.570912
vt 0.533372 0.191141
vt 0.577846 0.581791
vt 0.966837 0.418751
vt 0.976994 0.100300
vt 0.976994 0.212266
vt 0.198791 0.533136
vt 0.199980 0.628437
vt 0.088080 0.534311
vt 0.896325 0.951979
vt 0.907849 0.531338
vt 0.843441 0.260623
vt 0.775518 0.666354
vt 0.779980 0.470264
vt 0.708293 0.593127
vt 0.808185 0.171937
vt 0.891702 0.876583
vt 0.288747 0.894312
vt 0.130095 0.097042
vt 0.186505 0.570911
vt 0.191206 0.574731
vt 0.141847 0.536955
vt 0.133621 0.590094
vt 0.861069 0.876615
vt 0.878697 0.591628
vt 0.843441 0.867833
vt 0.311076 0.350283
vt 0.604876 0.204662
vt 0.761177 0.003190
vt 0.789382 0.003190
vt 0.529663 0.375963
vt 0.529663 0.358624
vt 0.691840 0.600088
vt 0.708293 0.348207
vt 0.665986 0.110981
vt 0.617803 0.160475
vt 0.100715 0.129007
vt 0.186505 0.129491
vt 0.589598 0.859515
vt 0.230943 0.806514
vt 0.288747 0.362557
vt 0.105424 0.117812
vt 0.105279 0.125187
vt 0.249746 0.806514
vt 0.267577 0.806493
vt 0.253491 0.670780
vt 0.655250 0.390307
s 1
usemtl lambert8SG
f 8/1/1 6/2/1 5/3/1
f 3/4/2 6/5/2 7/6/2
f 4/7/3 5/8/3 1/9/3
f 3/10/4 1/11/4 2/12/4
f 17/13/5 11/14/6 18/15/7
f 19/16/8 15/17/9 14/18/10
f 21/19/11 14/18/10 10/20/12
f 20/21/13 11/22/6 15/23/9
f 18/15/14 9/24/14 17/13/14
f 16/25/15 19/26/15 13/27/15
f 9/28/3 16/29/3 13/30/3
f 14/18/2 11/31/2 10/20/2
f 13/32/16 21/33/17 17/34/18
f 18/35/19 16/36/19 12/37/19
f 28/38/20 30/39/20 29/40/20
f 27/41/21 31/42/22 22/43/23
f 29/44/24 33/45/25 25/46/26
f 31/47/27 27/48/28 33/49/29
f 42/50/4 35/51/4 36/52/4
f 37/53/30 36/54/30 35/55/30
f 44/56/31 43/57/31 42/58/31
f 37/59/32 41/60/32 39/61/32
f 44/62/33 47/63/33 46/64/33
f 41/65/1 47/66/1 45/67/1
f 35/68/34 46/69/34 37/70/35
f 39/71/36 42/72/37 36/73/38
f 46/74/34 38/75/35 37/76/35
f 45/77/39 39/71/36 41/78/39
f 54/79/4 49/80/4 48/81/4
f 50/82/1 53/83/1 52/84/1
f 56/85/38 51/86/38 50/87/38
f 58/88/20 52/89/20 53/90/20
f 52/91/3 56/92/3 50/93/3
f 57/94/2 53/95/2 51/96/2
f 56/85/38 49/97/38 57/98/38
f 58/88/20 54/99/20 59/100/20
f 59/101/3 48/102/3 56/92/3
f 60/103/40 76/104/1 77/105/41
f 77/105/41 69/106/42 68/107/43
f 61/108/44 78/109/45 76/104/1
f 78/109/45 69/106/42 76/104/1
f 62/110/46 79/111/2 78/109/45
f 79/111/2 70/112/47 78/109/45
f 63/113/48 80/114/49 79/111/2
f 80/114/49 71/115/50 79/111/2
f 64/116/51 81/117/4 80/114/49
f 81/117/4 72/118/52 80/114/49
f 65/119/53 82/120/54 81/117/4
f 81/117/4 74/121/55 73/122/56
f 66/123/57 83/124/3 82/120/54
f 83/124/3 74/121/55 82/120/54
f 67/125/58 77/126/41 83/124/3
f 77/126/41 75/127/59 83/124/3
f 60/103/40 85/128/60 61/108/44
f 61/108/44 86/129/61 62/110/46
f 62/110/46 87/130/62 63/113/48
f 63/113/48 88/131/63 64/116/51
f 65/119/53 88/131/63 89/132/64
f 65/119/53 90/133/65 66/123/57
f 66/123/57 91/134/66 67/125/58
f 84/135/67 67/125/58 91/134/66
f 68/136/43 93/137/68 75/127/59
f 94/138/69 68/107/43 69/106/42
f 94/138/69 70/112/47 95/139/70
f 95/139/70 71/115/50 96/140/71
f 96/140/71 72/118/52 97/141/72
f 97/141/72 73/122/56 98/142/73
f 98/142/73 74/121/55 99/143/74
f 93/137/68 74/121/55 75/127/59
f 101/144/2 102/145/2 100/146/2
f 105/147/3 106/148/3 104/149/3
f 107/150/38 103/151/38 101/152/38
f 106/153/1 101/154/1 100/155/1
f 105/156/4 102/157/4 103/158/4
f 119/159/75 125/160/76 122/161/77
f 115/162/78 109/163/79 117/164/80
f 126/165/81 113/166/82 111/167/83
f 117/168/1 119/169/1 118/170/1
f 120/171/4 112/172/4 115/173/4
f 124/174/3 125/175/3 121/176/3
f 109/177/84 116/178/84 117/179/84
f 109/180/85 127/181/86 108/182/87
f 115/183/2 113/184/2 114/185/2
f 126/186/88 127/187/89 110/188/90
f 118/170/91 122/189/91 123/190/91
f 124/191/1 122/192/1 125/193/1
f 109/194/79 126/195/92 110/196/93
f 120/197/94 117/198/80 118/199/95
f 118/200/95 124/201/96 120/202/94
f 111/203/97 108/204/98 127/205/99
f 116/206/100 121/207/101 119/208/75
f 108/209/98 112/210/102 116/211/100
f 134/212/3 130/213/3 132/214/3
f 129/215/20 132/216/20 130/217/20
f 135/218/38 134/219/38 133/220/38
f 136/221/1 129/222/1 130/223/1
f 133/224/4 132/225/4 131/226/4
f 142/227/103 141/228/104 144/229/105
f 143/230/106 140/231/106 139/232/106
f 145/233/4 141/234/4 140/235/4
f 143/236/107 137/237/108 144/238/109
f 138/239/1 143/240/1 139/241/1
f 141/242/110 139/243/110 140/244/110
f 152/245/38 148/246/38 146/247/38
f 147/248/1 152/249/1 146/250/1
f 148/251/4 151/252/4 149/253/4
f 146/254/2 149/255/2 147/256/2
f 150/257/3 153/258/3 151/259/3
f 154/260/111 171/261/112 170/262/111
f 155/263/112 172/264/113 171/261/112
f 156/265/114 173/266/115 172/264/113
f 158/267/116 173/266/115 157/268/115
f 158/269/116 175/270/117 174/271/118
f 159/272/119 176/273/120 175/270/117
f 161/274/121 176/273/120 160/275/122
f 162/276/123 177/277/121 161/274/121
f 163/278/124 178/279/125 162/276/123
f 164/280/126 179/281/127 163/278/124
f 165/282/128 180/283/129 164/280/126
f 165/282/128 182/284/130 181/285/128
f 167/286/131 182/284/130 166/287/132
f 168/288/133 183/289/134 167/286/131
f 168/288/133 185/290/135 184/291/133
f 169/292/135 170/262/111 185/290/135
f 171/293/136 186/294/137 170/295/138
f 172/296/139 187/297/140 171/293/136
f 173/298/141 188/299/142 172/296/139
f 174/300/143 189/301/144 173/298/141
f 175/302/145 190/303/146 174/304/143
f 176/305/147 191/306/148 175/302/145
f 176/305/147 193/307/149 192/308/150
f 177/309/151 194/310/152 193/307/149
f 178/311/153 195/312/154 194/310/152
f 179/313/155 196/314/156 195/312/154
f 180/315/157 197/316/158 196/314/156
f 181/317/159 198/318/160 197/316/158
f 182/319/161 199/320/162 198/318/160
f 183/321/163 200/322/164 199/320/162
f 185/323/165 200/322/164 184/324/166
f 170/295/138 201/325/167 185/323/165
f 187/326/140 202/327/168 186/328/137
f 188/329/142 203/330/169 187/326/140
f 189/331/144 204/332/170 188/329/142
f 190/333/146 205/334/171 189/331/144
f 191/335/148 206/336/172 190/337/146
f 192/338/150 207/339/173 191/335/148
f 192/338/150 209/340/174 208/341/175
f 193/342/149 210/343/176 209/340/174
f 194/344/152 211/345/177 210/343/176
f 195/346/154 212/347/178 211/345/177
f 196/348/156 213/349/179 212/347/178
f 197/350/158 214/351/180 213/349/179
f 198/352/160 215/353/181 214/351/180
f 199/354/162 216/355/182 215/353/181
f 201/356/167 216/355/182 200/357/164
f 186/328/137 217/358/183 201/356/167
f 379/359/184 218/360/185 378/361/186
f 380/362/187 219/363/188 379/359/184
f 381/364/189 220/365/190 380/362/187
f 382/366/191 221/367/192 381/364/189
f 383/368/193 222/369/194 382/370/191
f 384/371/195 223/372/196 383/368/193
f 384/371/195 225/373/197 224/374/195
f 385/375/66 226/376/198 225/373/197
f 386/377/199 227/378/200 226/376/198
f 387/379/201 228/380/202 227/378/200
f 388/381/203 229/382/204 228/380/202
f 389/383/205 230/384/206 229/382/204
f 390/385/207 231/386/208 230/384/206
f 391/387/209 232/388/210 231/386/208
f 393/389/211 232/388/210 392/390/210
f 378/361/186 233/391/212 393/389/211
f 203/392/169 234/393/213 202/394/168
f 204/395/170 235/396/214 203/392/169
f 205/397/171 236/398/215 204/395/170
f 206/399/172 237/400/104 205/397/171
f 207/401/173 238/402/216 206/403/172
f 208/404/175 239/405/193 207/401/173
f 241/406/217 208/404/175 209/407/174
f 242/408/199 209/407/174 210/409/176
f 243/410/218 210/409/176 211/411/177
f 244/412/219 211/411/177 212/413/178
f 245/414/220 212/413/178 213/415/179
f 246/416/221 213/415/179 214/417/180
f 247/418/209 214/417/180 215/419/181
f 248/420/210 215/419/181 216/421/182
f 217/422/183 248/420/210 216/421/182
f 202/394/168 249/423/107 217/422/183
f 235/396/214 250/424/213 234/393/213
f 236/398/215 251/425/214 235/396/214
f 237/400/104 252/426/222 236/398/215
f 238/427/216 253/428/104 237/400/104
f 239/405/193 254/429/223 238/402/216
f 240/430/195 255/431/193 239/405/193
f 240/430/195 257/432/217 256/433/195
f 241/406/217 258/434/199 257/432/217
f 242/408/199 259/435/218 258/434/199
f 243/410/218 260/436/224 259/435/218
f 244/412/219 261/437/225 260/436/224
f 245/414/220 262/438/226 261/437/225
f 246/416/221 263/439/209 262/438/226
f 247/418/209 264/440/210 263/439/209
f 249/423/107 264/440/210 248/420/210
f 234/393/213 265/441/107 249/423/107
f 251/425/214 266/442/213 250/424/213
f 252/426/222 267/443/214 251/425/214
f 253/428/104 268/444/222 252/426/222
f 254/445/223 269/446/227 253/428/104
f 255/431/193 270/447/228 254/429/223
f 256/433/195 271/448/193 255/431/193
f 256/433/195 273/449/217 272/450/195
f 257/432/217 274/451/199 273/449/217
f 258/434/199 275/452/218 274/451/199
f 259/435/218 276/453/224 275/452/218
f 260/436/224 277/454/220 276/453/224
f 261/437/225 278/455/207 277/454/220
f 262/438/226 279/456/209 278/455/207
f 263/439/209 280/457/210 279/456/209
f 265/441/107 280/457/210 264/440/210
f 250/424/213 281/458/211 265/441/107
f 267/443/214 282/459/213 266/442/213
f 268/444/222 283/460/214 267/443/214
f 269/446/227 284/461/222 268/444/222
f 270/462/228 285/463/104 269/446/227
f 271/448/193 286/464/216 270/447/228
f 272/450/195 287/465/193 271/448/193
f 272/450/195 289/466/217 288/467/195
f 273/449/217 290/468/199 289/466/217
f 274/451/199 291/469/218 290/468/199
f 275/452/218 292/470/224 291/469/218
f 276/453/224 293/471/220 292/470/224
f 277/454/220 294/472/226 293/471/220
f 278/455/207 295/473/209 294/472/226
f 279/456/209 296/474/210 295/473/209
f 281/458/211 296/474/210 280/457/210
f 266/442/213 297/475/211 281/458/211
f 283/460/214 298/476/213 282/459/213
f 284/461/222 299/477/214 283/460/214
f 285/463/104 300/478/229 284/461/222
f 286/479/216 301/480/104 285/463/104
f 287/465/193 302/481/223 286/464/216
f 288/467/195 303/482/193 287/465/193
f 288/467/195 305/483/217 304/484/195
f 289/466/217 306/485/199 305/483/217
f 290/468/199 307/486/230 306/485/199
f 291/469/218 308/487/224 307/486/230
f 292/470/224 309/488/220 308/487/224
f 293/471/220 310/489/226 309/488/220
f 294/472/226 311/490/231 310/489/226
f 295/473/209 312/491/210 311/490/231
f 297/475/211 312/491/210 296/474/210
f 282/459/213 313/492/211 297/475/211
f 299/477/214 314/493/213 298/476/213
f 300/478/229 315/494/232 299/477/214
f 301/480/104 316/495/229 300/478/229
f 302/496/223 317/497/104 301/480/104
f 303/482/193 318/498/191 302/481/223
f 304/484/195 319/499/193 303/482/193
f 304/484/195 321/500/233 320/501/195
f 305/483/217 322/502/199 321/500/233
f 306/485/199 323/503/234 322/502/199
f 307/486/230 324/504/224 323/503/234
f 308/487/224 325/505/235 324/504/224
f 309/488/220 326/506/226 325/505/235
f 310/489/226 327/507/209 326/506/226
f 311/490/231 328/508/210 327/507/209
f 313/492/211 328/508/210 312/491/210
f 298/476/213 329/509/211 313/492/211
f 315/494/232 330/510/213 314/493/213
f 316/495/229 331/511/236 315/494/232
f 317/497/104 332/512/229 316/495/229
f 318/513/191 333/514/227 317/497/104
f 319/499/193 334/515/228 318/498/191
f 320/501/195 335/516/193 319/499/193
f 320/501/195 337/517/233 336/518/237
f 321/500/233 338/519/199 337/517/233
f 322/502/199 339/520/218 338/519/199
f 323/503/234 340/521/203 339/520/218
f 324/504/224 341/522/225 340/521/203
f 325/505/235 342/523/226 341/522/225
f 326/506/226 343/524/209 342/523/226
f 327/507/209 344/525/238 343/524/209
f 329/509/211 344/525/238 328/508/210
f 314/493/213 345/526/211 329/509/211
f 331/511/236 346/527/213 330/510/213
f 332/512/229 347/528/236 331/511/236
f 333/514/227 348/529/229 332/512/229
f 334/530/228 349/531/104 333/514/227
f 335/516/193 350/532/191 334/515/228
f 336/518/237 351/533/193 335/516/193
f 336/518/237 353/534/233 352/535/195
f 337/517/233 354/536/199 353/534/233
f 338/519/199 355/537/218 354/536/199
f 339/520/218 356/538/224 355/537/218
f 340/521/203 357/539/239 356/538/224
f 341/522/225 358/540/207 357/539/239
f 342/523/226 359/541/209 358/540/207
f 343/524/209 360/542/210 359/541/209
f 345/526/211 360/542/210 344/525/238
f 330/510/213 361/543/211 345/526/211
f 347/528/236 362/544/213 346/527/213
f 348/529/229 363/545/214 347/528/236
f 349/531/104 364/546/229 348/529/229
f 350/547/191 365/548/104 349/531/104
f 351/533/193 366/549/191 350/532/191
f 352/535/195 367/550/193 351/533/193
f 352/535/195 369/551/217 368/552/195
f 353/534/233 370/553/199 369/551/217
f 354/536/199 371/554/218 370/553/199
f 355/537/218 372/555/224 371/554/218
f 356/538/224 373/556/225 372/555/224
f 357/539/239 374/557/226 373/556/225
f 358/540/207 375/558/209 374/557/226
f 359/541/209 376/559/238 375/558/209
f 361/543/211 376/559/238 360/542/210
f 346/527/213 377/560/211 361/543/211
f 363/545/214 378/361/186 362/544/213
f 364/546/229 379/359/184 363/545/214
f 365/548/104 380/362/187 364/546/229
f 366/561/191 381/364/189 365/548/104
f 367/550/193 382/370/191 366/549/191
f 368/552/195 383/368/193 367/550/193
f 368/552/195 385/375/66 384/371/195
f 369/551/217 386/377/199 385/375/66
f 370/553/199 387/379/201 386/377/199
f 371/554/218 388/381/203 387/379/201
f 372/555/224 389/383/205 388/381/203
f 373/556/225 390/385/207 389/383/205
f 374/557/226 391/387/209 390/385/207
f 375/558/209 392/390/210 391/387/209
f 377/560/211 392/390/210 376/559/238
f 362/544/213 393/389/211 377/560/211
f 395/562/240 397/563/241 394/564/242
f 399/565/243 394/564/242 397/563/241
f 401/566/244 398/567/245 399/565/243
f 403/568/246 400/569/247 401/566/244
f 405/570/248 402/571/249 403/568/246
f 406/572/250 405/570/248 407/573/251
f 408/574/252 407/573/251 409/575/253
f 410/576/254 409/575/253 411/577/255
f 412/578/256 411/577/255 413/579/257
f 412/580/2 414/581/2 415/582/2
f 395/583/3 417/584/3 396/585/3
f 415/586/258 410/587/259 412/588/260
f 419/589/261 410/587/262 418/590/263
f 408/591/264 420/592/265 406/593/266
f 420/592/265 404/594/267 406/593/266
f 422/595/268 404/594/269 421/596/270
f 422/595/271 400/597/272 402/598/273
f 423/599/274 398/600/275 400/597/272
f 394/601/276 424/602/277 425/603/278
f 394/601/276 416/604/279 395/605/280
f 426/606/281 415/607/282 414/608/283
f 427/609/284 418/610/285 426/606/281
f 428/611/286 419/612/287 427/609/284
f 429/613/288 420/614/289 428/611/286
f 430/615/290 421/616/291 429/613/288
f 423/617/292 430/615/290 431/618/293
f 431/618/293 424/619/294 423/617/292
f 425/620/295 432/621/296 433/622/297
f 416/623/298 433/622/297 417/624/299
f 411/625/1 414/626/1 413/627/1
f 411/625/1 427/628/1 426/629/1
f 407/630/1 427/628/1 409/631/1
f 407/630/1 429/632/1 428/633/1
f 403/634/1 429/632/1 405/635/1
f 403/634/1 431/636/1 430/637/1
f 401/638/1 432/639/1 431/636/1
f 399/640/1 433/641/1 432/639/1
f 396/642/1 433/641/1 397/643/1
f 436/644/2 434/645/2 435/646/2
f 438/647/3 440/648/3 439/649/3
f 439/650/20 434/651/20 438/652/20
f 441/653/38 436/654/38 440/655/38
f 459/656/300 444/657/300 461/658/300
f 446/659/301 460/660/302 443/661/303
f 461/662/304 452/663/305 466/664/306
f 459/665/307 448/666/308 442/667/309
f 462/668/310 450/669/311 445/670/312
f 456/671/313 467/672/314 447/673/315
f 457/674/316 453/675/317 458/676/316
f 443/677/318 448/678/319 468/679/320
f 470/680/321 444/681/322 445/682/323
f 468/679/320 456/671/313 455/683/324
f 458/676/316 470/680/321 457/674/316
f 442/684/325 445/682/323 471/685/1
f 460/686/326 445/687/326 443/688/326
f 478/689/3 474/690/3 472/691/3
f 474/692/38 473/693/38 472/694/38
f 479/695/20 476/696/20 478/697/20
f 473/698/1 478/699/1 472/700/1
f 476/701/4 475/702/4 474/703/4
f 486/704/38 482/705/38 480/706/38
f 482/707/3 481/708/3 480/709/3
f 481/710/4 486/711/4 480/712/4
f 484/713/327 485/714/328 483/715/1
f 484/716/329 487/717/330 488/718/329
f 497/719/331 502/720/332 500/721/333
f 490/722/334 507/723/335 491/724/336
f 507/725/337 494/726/338 492/727/339
f 498/728/1 500/729/1 499/730/1
f 501/731/4 493/732/4 496/733/4
f 505/734/38 502/735/38 501/736/38
f 490/737/340 497/738/340 498/739/340
f 490/740/341 508/741/342 489/742/343
f 496/743/20 494/744/20 495/745/20
f 507/746/344 508/747/345 491/748/346
f 499/730/347 503/749/347 504/750/347
f 504/751/1 506/752/1 505/753/1
f 500/754/333 506/755/348 503/756/349
f 489/757/350 493/758/351 497/759/331
f 492/760/352 489/761/350 508/762/353
f 496/763/354 490/764/334 498/765/355
f 501/766/356 498/767/355 499/768/357
f 499/769/357 505/770/358 501/771/356
f 511/772/2 513/773/2 510/774/2
f 514/775/3 516/776/3 515/777/3
f 515/778/359 519/779/360 511/780/361
f 540/781/362 529/782/363 546/783/364
f 540/784/362 521/785/365 544/786/366
f 541/787/367 529/788/363 542/789/368
f 525/790/369 547/791/370 541/787/367
f 542/789/368 531/792/371 543/793/372
f 528/794/373 541/787/367 542/789/368
f 547/791/370 531/795/371 526/796/374
f 530/797/375 542/789/368 543/793/372
f 544/786/366 531/795/371 540/784/362
f 521/798/365 545/799/376 544/800/366
f 545/799/376 526/801/374 544/800/366
f 522/802/377 546/803/364 545/804/376
f 546/803/364 527/805/378 545/804/376
f 523/806/379 540/781/362 546/783/364
f 541/787/367 526/801/374 527/807/378
f 524/808/380 543/793/372 547/791/370
f 533/809/381 550/810/382 537/811/383
f 532/812/384 550/810/382 548/813/385
f 533/814/381 549/815/386 548/816/385
f 549/815/386 532/817/384 548/816/385
f 537/818/383 551/819/387 539/820/388
f 536/821/389 551/819/387 550/822/382
f 535/823/390 551/824/387 549/825/386
f 551/824/387 534/826/391 549/825/386
f 530/797/4 525/790/4 528/794/4
f 521/827/392 539/828/393 522/829/393
f 535/830/394 520/831/395 523/832/394
f 521/833/396 533/834/396 537/835/396
f 522/836/397 535/837/397 523/838/397
f 555/839/3 559/840/3 553/841/3
f 553/842/20 554/843/20 555/844/20
f 556/845/38 559/846/38 557/847/38
f 553/848/1 558/849/1 552/850/1
f 554/851/4 557/852/4 555/853/4
f 593/854/398 576/855/399 592/856/400
f 594/857/401 577/858/402 593/854/398
f 595/859/403 578/860/404 594/857/401
f 596/861/405 579/862/406 595/859/403
f 597/863/193 580/864/407 596/865/405
f 598/866/195 581/867/408 597/863/193
f 598/866/195 583/868/110 582/869/237
f 599/870/233 584/871/409 583/868/110
f 600/872/410 585/873/411 584/871/409
f 601/874/412 586/875/413 585/873/411
f 602/876/414 587/877/415 586/875/413
f 603/878/416 588/879/206 587/877/415
f 604/880/417 589/881/208 588/879/206
f 605/882/231 590/883/210 589/881/208
f 607/884/211 590/883/210 606/885/238
f 592/856/400 591/886/418 607/884/211
f 609/887/214 592/856/400 608/888/213
f 610/889/419 593/854/398 609/887/214
f 611/890/104 594/857/401 610/889/419
f 612/891/191 595/859/403 611/890/104
f 613/892/193 596/865/405 612/893/191
f 614/894/195 597/863/193 613/892/193
f 614/894/195 599/870/233 598/866/195
f 615/895/233 600/872/410 599/870/233
f 616/896/199 601/874/412 600/872/410
f 617/897/218 602/876/414 601/874/412
f 618/898/224 603/878/416 602/876/414
f 619/899/220 604/880/417 603/878/416
f 620/900/207 605/882/231 604/880/417
f 621/901/420 606/885/238 605/882/231
f 623/902/211 606/885/238 622/903/238
f 608/888/213 607/884/211 623/902/211
f 625/904/214 608/888/213 624/905/213
f 626/906/419 609/887/214 625/904/214
f 627/907/104 610/889/419 626/906/419
f 628/908/421 611/890/104 627/907/104
f 629/909/193 612/893/191 628/910/421
f 630/911/195 613/892/193 629/909/193
f 630/911/195 615/895/233 614/894/195
f 631/912/217 616/896/199 615/895/233
f 632/913/199 617/897/218 616/896/199
f 633/914/218 618/898/224 617/897/218
f 634/915/224 619/899/220 618/898/224
f 635/916/220 620/900/207 619/899/220
f 636/917/226 621/901/420 620/900/207
f 637/918/209 622/903/238 621/901/420
f 639/919/211 622/903/238 638/920/238
f 624/905/213 623/902/211 639/919/211
f 641/921/214 624/905/213 640/922/213
f 642/923/222 625/904/214 641/921/214
f 643/924/104 626/906/419 642/923/222
f 644/925/422 627/907/104 643/924/104
f 645/926/193 628/910/421 644/927/422
f 646/928/195 629/909/193 645/926/193
f 646/928/195 631/912/217 630/911/195
f 647/929/233 632/913/199 631/912/217
f 648/930/199 633/914/218 632/913/199
f 649/931/218 634/915/224 633/914/218
f 650/932/224 635/916/220 634/915/224
f 651/933/220 636/917/226 635/916/220
f 652/934/221 637/918/209 636/917/226
f 653/935/420 638/920/238 637/918/209
f 655/936/211 638/920/238 654/937/238
f 640/922/213 639/919/211 655/936/211
f 657/938/214 640/922/213 656/939/213
f 658/940/222 641/921/214 657/938/214
f 659/941/104 642/923/222 658/940/222
f 660/942/191 643/924/104 659/941/104
f 661/943/193 644/927/422 660/944/191
f 662/945/195 645/926/193 661/943/193
f 662/945/195 647/929/233 646/928/195
f 663/946/233 648/930/199 647/929/233
f 664/947/199 649/931/218 648/930/199
f 665/948/218 650/932/224 649/931/218
f 666/949/224 651/933/220 650/932/224
f 667/950/220 652/934/221 651/933/220
f 668/951/226 653/935/420 652/934/221
f 669/952/209 654/937/238 653/935/420
f 671/953/211 654/937/238 670/954/238
f 656/939/213 655/936/211 671/953/211
f 673/955/214 656/939/213 672/956/213
f 674/957/222 657/938/214 673/955/214
f 675/958/104 658/940/222 674/957/222
f 676/959/422 659/941/104 675/958/104
f 677/960/193 660/944/191 676/961/422
f 678/962/195 661/943/193 677/960/193
f 678/962/195 663/946/233 662/945/195
f 679/963/217 664/947/199 663/946/233
f 680/964/199 665/948/218 664/947/199
f 681/965/218 666/949/224 665/948/218
f 682/966/224 667/950/220 666/949/224
f 683/967/220 668/951/226 667/950/220
f 684/968/207 669/952/209 668/951/226
f 685/969/231 670/954/238 669/952/209
f 687/970/211 670/954/238 686/971/238
f 672/956/213 671/953/211 687/970/211
f 689/972/214 672/956/213 688/973/213
f 690/974/419 673/955/214 689/972/214
f 691/975/104 674/957/222 690/974/419
f 692/976/191 675/958/104 691/975/104
f 693/977/193 676/961/422 692/978/191
f 694/979/195 677/960/193 693/977/193
f 694/979/195 679/963/217 678/962/195
f 695/980/233 680/964/199 679/963/217
f 696/981/199 681/965/218 680/964/199
f 697/982/218 682/966/224 681/965/218
f 698/983/224 683/967/220 682/966/224
f 699/984/220 684/968/207 683/967/220
f 700/985/221 685/969/231 684/968/207
f 701/986/209 686/971/238 685/969/231
f 703/987/211 686/971/238 702/988/238
f 688/973/213 687/970/211 703/987/211
f 705/989/214 688/973/213 704/990/213
f 706/991/222 689/972/214 705/989/214
f 707/992/104 690/974/419 706/991/222
f 708/993/191 691/975/104 707/992/104
f 709/994/193 692/978/191 708/995/191
f 710/996/195 693/977/193 709/994/193
f 710/996/195 695/980/233 694/979/195
f 711/997/233 696/981/199 695/980/233
f 712/998/199 697/982/218 696/981/199
f 713/999/218 698/983/224 697/982/218
f 714/1000/224 699/984/220 698/983/224
f 715/1001/220 700/985/221 699/984/220
f 716/1002/207 701/986/209 700/985/221
f 717/1003/209 702/988/238 701/986/209
f 719/1004/211 702/988/238 718/1005/238
f 704/990/213 703/987/211 719/1004/211
f 721/1006/214 704/990/213 720/1007/213
f 722/1008/222 705/989/214 721/1006/214
f 723/1009/104 706/991/222 722/1008/222
f 724/1010/423 707/992/104 723/1009/104
f 725/1011/193 708/995/191 724/1012/423
f 726/1013/195 709/994/193 725/1011/193
f 726/1013/195 711/997/233 710/996/195
f 727/1014/233 712/998/199 711/997/233
f 728/1015/199 713/999/218 712/998/199
f 729/1016/218 714/1000/224 713/999/218
f 730/1017/224 715/1001/220 714/1000/224
f 731/1018/220 716/1002/207 715/1001/220
f 732/1019/221 717/1003/209 716/1002/207
f 733/1020/209 718/1005/238 717/1003/209
f 735/1021/211 718/1005/238 734/1022/238
f 720/1007/213 719/1004/211 735/1021/211
f 737/1023/214 720/1007/213 736/1024/213
f 738/1025/222 721/1006/214 737/1023/214
f 739/1026/227 722/1008/222 738/1025/222
f 740/1027/422 723/1009/104 739/1026/227
f 741/1028/193 724/1012/423 740/1029/422
f 742/1030/195 725/1011/193 741/1028/193
f 742/1030/195 727/1014/233 726/1013/195
f 743/1031/217 728/1015/199 727/1014/233
f 744/1032/199 729/1016/218 728/1015/199
f 745/1033/218 730/1017/224 729/1016/218
f 746/1034/224 731/1018/220 730/1017/224
f 747/1035/220 732/1019/221 731/1018/220
f 748/1036/207 733/1020/209 732/1019/221
f 749/1037/209 734/1022/238 733/1020/209
f 751/1038/211 734/1022/238 750/1039/238
f 736/1024/213 735/1021/211 751/1038/211
f 561/1040/424 736/1024/213 560/1041/425
f 562/1042/426 737/1023/214 561/1040/424
f 563/1043/427 738/1025/222 562/1042/426
f 564/1044/428 739/1026/227 563/1043/427
f 565/1045/429 740/1029/422 564/1046/428
f 566/1047/195 741/1028/193 565/1045/429
f 743/1031/217 566/1047/195 567/1048/430
f 744/1032/199 567/1048/430 568/1049/431
f 745/1033/218 568/1049/431 569/1050/432
f 746/1034/224 569/1050/432 570/1051/433
f 747/1035/220 570/1051/433 571/1052/434
f 748/1036/207 571/1052/434 572/1053/435
f 749/1037/209 572/1053/435 573/1054/436
f 750/1039/238 573/1054/436 574/1055/238
f 575/1056/437 750/1039/238 574/1055/238
f 560/1041/425 751/1038/211 575/1056/437
f 759/1057/438 752/1058/438 758/1059/438
f 754/1060/3 753/1061/3 755/1062/3
f 758/1063/1 754/1064/1 756/1065/1
f 757/1066/439 754/1067/439 755/1068/439
f 758/1069/2 757/1070/2 759/1071/2
f 759/1072/4 755/1073/4 753/1074/4
f 766/1075/3 762/1076/3 760/1077/3
f 762/1078/20 761/1079/20 760/1080/20
f 767/1081/38 764/1082/38 766/1083/38
f 761/1084/4 766/1085/4 760/1086/4
f 764/1087/1 763/1088/1 762/1089/1
f 793/1090/440 787/1091/441 790/1092/442
f 771/1093/443 781/1094/444 782/1095/445
f 850/1096/446 776/1097/447 773/1098/448
f 777/1099/449 869/1100/450 788/1101/451
f 775/1102/452 779/1103/453 770/1104/454
f 863/1105/455 789/1106/456 870/1107/457
f 783/1108/458 791/1109/459 786/1110/460
f 859/1111/461 770/1104/454 779/1103/453
f 848/1112/462 782/1113/445 866/1114/463
f 849/1115/464 785/1116/465 864/1117/466
f 849/1115/464 851/1118/467 772/1119/468
f 849/1115/464 845/1120/469 878/1121/470
f 878/1121/470 845/1120/469 850/1096/446
f 851/1118/467 850/1096/446 773/1098/448
f 773/1098/448 854/1122/471 852/1123/472
f 847/1124/473 852/1123/472 770/1125/454
f 847/1124/473 848/1112/462 879/1126/474
f 879/1126/474 772/1119/468 851/1118/467
f 879/1126/474 773/1098/448 852/1123/472
f 853/1127/475 793/1090/440 874/1128/476
f 854/1122/471 770/1125/454 852/1123/472
f 855/1129/477 857/1130/478 776/1097/447
f 855/1129/477 846/1131/479 880/1132/480
f 880/1132/480 846/1131/479 856/1133/481
f 857/1130/478 856/1133/481 777/1099/449
f 858/1134/482 788/1101/451 868/1135/483
f 853/1136/475 858/1134/482 774/1137/484
f 853/1136/475 854/1122/471 881/1138/485
f 881/1138/485 776/1097/447 857/1130/478
f 881/1138/485 777/1099/449 858/1134/482
f 859/1111/461 771/1093/443 847/1139/473
f 860/1140/486 783/1108/458 861/1141/487
f 860/1140/486 782/1095/445 781/1094/444
f 862/1142/488 786/1143/460 872/1144/489
f 863/1105/455 865/1145/490 784/1146/491
f 863/1105/455 843/1147/492 882/1148/493
f 882/1148/493 843/1147/492 864/1117/466
f 865/1145/490 864/1117/466 785/1116/465
f 785/1116/465 848/1112/462 866/1114/463
f 861/1149/487 866/1114/463 782/1113/445
f 861/1149/487 862/1142/488 883/1150/494
f 883/1150/494 784/1146/491 865/1145/490
f 883/1150/494 785/1116/465 866/1114/463
f 867/1151/495 791/1109/459 873/1152/496
f 787/1153/441 858/1134/482 868/1135/483
f 869/1100/450 871/1154/497 788/1101/451
f 869/1100/450 844/1155/498 884/1156/499
f 884/1156/499 844/1155/498 870/1107/457
f 871/1154/497 870/1107/457 789/1106/456
f 789/1106/456 862/1142/488 872/1144/489
f 867/1157/495 872/1144/489 786/1143/460
f 867/1157/495 868/1135/483 885/1158/500
f 885/1158/500 788/1101/451 871/1154/497
f 885/1158/500 789/1106/456 872/1144/489
f 790/1092/442 867/1151/495 873/1152/496
f 792/1159/501 853/1160/475 874/1161/476
f 816/1162/502 839/1163/503 822/1164/504
f 801/1165/505 813/1166/506 796/1167/507
f 818/1168/508 797/1169/456 814/1170/509
f 838/1171/510 831/1172/511 837/1173/512
f 799/1174/513 832/1175/514 802/1176/515
f 824/1177/516 812/1178/517 823/1179/518
f 803/1180/519 827/1181/520 800/1182/521
f 836/1183/522 826/1184/523 825/1185/524
f 816/1162/502 894/1186/525 891/1187/526
f 813/1166/506 815/1188/497 796/1167/507
f 813/1166/506 810/1189/527 890/1190/528
f 890/1190/528 810/1189/527 814/1170/509
f 815/1188/497 814/1170/509 797/1169/456
f 797/1169/456 817/1191/529 816/1192/502
f 891/1193/526 796/1167/507 815/1188/497
f 891/1193/526 797/1169/456 816/1192/502
f 821/1194/530 901/1195/531 893/1196/532
f 818/1168/508 820/1197/533 798/1198/491
f 818/1168/508 811/1199/534 892/1200/535
f 892/1200/535 811/1199/534 819/1201/536
f 820/1197/533 819/1201/536 799/1174/513
f 799/1174/513 831/1202/511 821/1203/530
f 893/1204/532 798/1198/491 820/1197/533
f 893/1204/532 799/1174/513 821/1203/530
f 891/1187/526 823/1179/518 812/1178/517
f 825/1185/524 897/1205/537 895/1206/538
f 895/1206/538 830/1207/539 824/1177/516
f 827/1181/520 829/1208/540 800/1182/521
f 827/1181/520 808/1209/541 896/1210/542
f 896/1210/542 808/1209/541 828/1211/543
f 829/1208/540 828/1211/543 801/1165/505
f 813/1166/506 808/1209/541 810/1189/527
f 812/1212/517 801/1165/505 796/1167/507
f 897/1213/537 800/1182/521 829/1208/540
f 897/1213/537 801/1165/505 830/1214/539
f 835/1215/544 900/1216/545 899/1217/546
f 832/1175/514 834/1218/467 802/1176/515
f 832/1175/514 809/1219/547 898/1220/548
f 898/1220/548 809/1219/547 833/1221/549
f 834/1218/467 833/1221/549 803/1180/519
f 826/1222/523 803/1180/519 800/1182/521
f 899/1223/546 802/1176/515 834/1218/467
f 899/1223/546 803/1180/519 835/1224/544
f 899/1217/546 837/1173/512 831/1172/511
f 893/1196/532 839/1163/503 817/1225/529
f 843/1147/550 902/1226/551 876/1227/552
f 888/1228/553 842/1229/554 877/1230/555
f 806/1231/556 876/1227/552 902/1226/551
f 806/1231/556 811/1199/534 810/1189/527
f 807/1232/557 888/1228/553 808/1209/541
f 809/1219/547 795/1233/558 794/1234/559
f 842/1229/554 845/1120/560 877/1230/555
f 846/1131/561 768/1235/562 844/1155/563
f 875/1236/564 905/1237/565 841/1238/566
f 841/1239/566 906/1240/567 840/1241/566
f 886/1242/568 907/1243/569 805/1244/570
f 903/1245/571 906/1246/567 909/1247/572
f 911/1248/573 887/1249/574 804/1250/570
f 887/1249/574 904/1251/575 875/1236/564
f 805/1252/570 911/1253/573 804/1254/570
f 886/1242/568 909/1247/572 908/1255/572
f 842/1256/576 887/1257/577 875/1258/578
f 902/1259/579 886/1260/580 806/1261/581
f 903/1262/582 768/1263/583 840/1264/584
f 769/1265/585 875/1258/578 841/1266/586
f 887/1257/577 794/1267/587 804/1268/588
f 795/1269/589 886/1260/580 805/1270/590
f 768/1271/591 841/1272/591 840/1273/591
f 804/1274/592 795/1275/592 805/1276/592
f 877/1230/555 843/1147/550 876/1227/552
f 845/1120/560 864/1117/593 843/1147/550
f 844/1155/563 863/1105/594 870/1107/594
f 869/1100/595 846/1131/561 844/1155/563
f 846/1131/561 850/1096/596 845/1120/560
f 846/1131/561 842/1229/554 769/1277/597
f 844/1155/563 902/1226/551 843/1147/550
f 889/1278/598 877/1230/555 876/1227/552
f 889/1278/598 808/1209/541 888/1228/553
f 811/1199/534 814/1170/509 810/1189/527
f 809/1219/547 819/1201/536 811/1199/534
f 809/1219/547 827/1181/520 833/1221/549
f 806/1231/556 810/1189/527 889/1278/598
f 807/1232/557 809/1219/547 794/1234/559
f 918/1279/3 914/1280/3 912/1281/3
f 914/1282/38 913/1283/38 912/1284/38
f 919/1285/20 916/1286/20 918/1287/20
f 913/1288/1 918/1289/1 912/1290/1
f 916/1291/4 915/1292/4 914/1293/4
f 927/1294/3 923/1295/3 921/1296/3
f 926/1297/4 921/1298/4 920/1299/4
f 925/1300/1 922/1301/1 923/1302/1
f 921/1303/20 922/1304/20 920/1305/20
f 927/1306/38 924/1307/38 925/1308/38
f 934/1309/599 929/1310/600 928/1311/599
f 933/1312/601 930/1313/602 931/1314/601
f 935/1315/603 931/1316/604 929/1317/603
f 932/1318/605 928/1319/606 930/1320/605
f 928/1321/20 931/1322/20 930/1323/20
f 936/1324/20 939/1325/20 938/1326/20
f 940/1327/2 936/1328/2 938/1329/2
f 943/1330/3 939/1331/3 937/1332/3
f 942/1333/4 937/1334/4 936/1335/4
f 941/1336/1 938/1337/1 939/1338/1
f 952/719/331 957/720/607 955/721/608
f 945/722/334 962/723/335 946/724/336
f 962/725/337 949/726/338 947/727/339
f 953/728/1 955/729/1 954/730/1
f 956/731/4 948/732/4 951/733/4
f 960/734/38 957/735/38 956/736/38
f 945/737/340 952/738/340 953/739/340
f 945/740/341 963/741/342 944/742/343
f 951/743/20 949/744/20 950/745/20
f 962/746/344 963/747/345 946/748/346
f 954/730/347 958/749/347 959/750/347
f 959/751/1 961/752/1 960/753/1
f 955/754/608 961/755/348 958/756/349
f 944/757/609 948/758/351 952/759/331
f 947/760/610 944/761/609 963/762/353
f 951/763/354 945/764/334 953/765/611
f 956/766/356 953/767/611 954/768/612
f 954/769/612 960/770/358 956/771/356
f 970/704/38 966/705/38 964/706/38
f 966/707/3 965/708/3 964/709/3
f 965/710/4 970/711/4 964/712/4
f 968/713/327 969/714/613 967/715/1
f 968/716/329 971/717/330 972/718/329
f 979/704/38 975/705/38 973/706/38
f 975/707/3 974/708/3 973/709/3
f 974/710/4 979/711/4 973/712/4
f 977/713/327 978/714/614 976/715/1
f 977/716/329 980/717/330 981/718/329
f 990/719/615 995/720/607 993/721/608
f 983/722/334 1000/723/616 984/724/336
f 1000/725/337 987/726/338 985/727/339
f 991/728/1 993/729/1 992/730/1
f 994/731/4 986/732/4 989/733/4
f 998/734/38 995/735/38 994/736/38
f 983/737/340 990/738/340 991/739/340
f 983/740/341 1001/741/342 982/742/343
f 989/743/20 987/744/20 988/745/20
f 1000/746/344 1001/747/345 984/748/346
f 992/730/347 996/749/347 997/750/347
f 997/751/1 999/752/1 998/753/1
f 993/754/608 999/755/348 996/756/349
f 982/757/350 986/758/351 990/759/615
f 985/760/610 982/761/350 1001/762/353
f 989/763/617 983/764/334 991/765/611
f 994/766/356 991/767/611 992/768/357
f 992/769/357 998/770/358 994/771/356
f 1008/79/4 1003/80/4 1002/81/4
f 1004/82/1 1007/83/1 1006/84/1
f 1010/85/38 1005/86/38 1004/87/38
f 1012/88/20 1006/89/20 1007/90/20
f 1006/91/3 1010/92/3 1004/93/3
f 1011/94/2 1007/95/2 1005/96/2
f 1010/85/38 1003/97/38 1011/98/38
f 1012/88/20 1008/99/20 1013/100/20
f 1013/101/3 1002/102/3 1010/92/3
f 1020/1279/3 1016/1280/3 1014/1281/3
f 1016/1282/38 1015/1283/38 1014/1284/38
f 1021/1285/20 1018/1286/20 1020/1287/20
f 1015/1288/1 1020/1289/1 1014/1290/1
f 1018/1291/4 1017/1292/4 1016/1293/4
f 1033/159/75 1039/160/76 1036/161/77
f 1029/162/78 1023/163/79 1031/164/80
f 1040/165/81 1027/166/82 1025/167/83
f 1031/168/1 1033/169/1 1032/170/1
f 1034/171/4 1026/172/4 1029/173/4
f 1038/174/3 1039/175/3 1035/176/3
f 1023/177/84 1030/178/84 1031/179/84
f 1023/180/85 1041/181/86 1022/182/87
f 1029/183/2 1027/184/2 1028/185/2
f 1040/186/88 1041/187/89 1024/188/90
f 1032/170/91 1036/189/91 1037/190/91
f 1038/191/1 1036/192/1 1039/193/1
f 1023/194/79 1040/195/92 1024/196/93
f 1034/197/94 1031/198/80 1032/199/95
f 1032/200/95 1038/201/96 1034/202/94
f 1025/203/618 1022/204/619 1041/205/99
f 1030/206/100 1035/207/101 1033/208/75
f 1022/209/619 1026/210/102 1030/211/100
f 1049/1075/3 1045/1076/3 1043/1077/3
f 1045/1078/20 1044/1079/20 1043/1080/20
f 1050/1081/38 1047/1082/38 1049/1083/38
f 1044/1084/4 1049/1085/4 1043/1086/4
f 1047/1087/1 1046/1088/1 1045/1089/1
f 1057/1279/3 1053/1280/3 1051/1281/3
f 1053/1282/38 1052/1283/38 1051/1284/38
f 1058/1285/20 1055/1286/20 1057/1287/20
f 1052/1288/1 1057/1289/1 1051/1290/1
f 1055/1291/4 1054/1292/4 1053/1293/4
f 1065/1279/3 1061/1280/3 1059/1281/3
f 1061/1282/38 1060/1283/38 1059/1284/38
f 1066/1285/20 1063/1286/20 1065/1287/20
f 1060/1288/1 1065/1289/1 1059/1290/1
f 1063/1291/4 1062/1292/4 1061/1293/4
f 1078/159/75 1084/160/76 1081/161/77
f 1074/162/78 1068/163/79 1076/164/80
f 1085/165/81 1072/166/82 1070/167/83
f 1076/168/1 1078/169/1 1077/170/1
f 1079/171/4 1071/172/4 1074/173/4
f 1083/174/3 1084/175/3 1080/176/3
f 1068/177/84 1075/178/84 1076/179/84
f 1068/180/85 1086/181/86 1067/182/87
f 1074/183/2 1072/184/2 1073/185/2
f 1085/186/88 1086/187/89 1069/188/90
f 1077/170/91 1081/189/91 1082/190/91
f 1083/191/1 1081/192/1 1084/193/1
f 1068/194/79 1085/195/92 1069/196/620
f 1079/197/94 1076/198/80 1077/199/95
f 1077/200/95 1083/201/96 1079/202/94
f 1070/203/97 1067/204/619 1086/205/99
f 1075/206/100 1080/207/621 1078/208/75
f 1067/209/619 1071/210/102 1075/211/100
f 1099/159/75 1105/160/76 1102/161/77
f 1095/162/78 1089/163/79 1097/164/80
f 1106/165/81 1093/166/82 1091/167/83
f 1097/168/1 1099/169/1 1098/170/1
f 1100/171/4 1092/172/4 1095/173/4
f 1104/174/3 1105/175/3 1101/176/3
f 1089/177/84 1096/178/84 1097/179/84
f 1089/180/85 1107/181/86 1088/182/87
f 1095/183/2 1093/184/2 1094/185/2
f 1106/186/88 1107/187/89 1090/188/90
f 1098/170/91 1102/189/91 1103/190/91
f 1104/191/1 1102/192/1 1105/193/1
f 1089/194/79 1106/195/622 1090/196/93
f 1100/197/94 1097/198/80 1098/199/623
f 1098/200/623 1104/201/96 1100/202/94
f 1091/203/618 1088/204/98 1107/205/99
f 1096/206/100 1101/207/101 1099/208/75
f 1088/209/98 1092/210/102 1096/211/100
f 1115/689/3 1111/690/3 1109/691/3
f 1111/692/38 1110/693/38 1109/694/38
f 1116/695/20 1113/696/20 1115/697/20
f 1110/698/1 1115/699/1 1109/700/1
f 1113/701/4 1112/702/4 1111/703/4
f 1123/689/3 1119/690/3 1117/691/3
f 1119/692/38 1118/693/38 1117/694/38
f 1124/695/20 1121/696/20 1123/697/20
f 1118/698/1 1123/699/1 1117/700/1
f 1121/701/4 1120/702/4 1119/703/4
f 1131/689/3 1127/690/3 1125/691/3
f 1127/692/38 1126/693/38 1125/694/38
f 1132/695/20 1129/696/20 1131/697/20
f 1126/698/1 1131/699/1 1125/700/1
f 1129/701/4 1128/702/4 1127/703/4
f 1136/839/3 1140/840/3 1134/841/3
f 1134/842/20 1135/843/20 1136/844/20
f 1137/845/38 1140/846/38 1138/847/38
f 1134/848/1 1139/849/1 1133/850/1
f 1135/851/4 1138/852/4 1136/853/4
f 1142/144/3 1143/145/3 1141/146/3
f 1146/147/2 1147/148/2 1145/149/2
f 1148/150/20 1144/151/20 1142/152/20
f 1147/153/1 1142/154/1 1141/155/1
f 1146/156/4 1143/157/4 1144/158/4
f 1155/79/4 1150/80/4 1149/81/4
f 1151/82/1 1154/83/1 1153/84/1
f 1157/85/20 1152/86/20 1151/87/20
f 1159/88/38 1153/89/38 1154/90/38
f 1153/91/2 1157/92/2 1151/93/2
f 1158/94/3 1154/95/3 1152/96/3
f 1157/85/20 1150/97/20 1158/98/20
f 1160/100/38 1156/1339/38 1155/99/38
f 1160/101/2 1149/102/2 1157/92/2
f 1167/79/4 1162/80/4 1161/81/4
f 1163/82/1 1166/83/1 1165/84/1
f 1169/85/20 1164/86/20 1163/87/20
f 1171/88/38 1165/89/38 1166/90/38
f 1165/91/2 1169/92/2 1163/93/2
f 1170/94/3 1166/95/3 1164/96/3
f 1169/85/20 1162/97/20 1170/98/20
f 1172/100/38 1168/1339/38 1167/99/38
f 1172/101/2 1161/102/2 1169/92/2
f 1173/1340/56 1176/1341/56 1175/1342/56
f 1176/1343/624 1184/1344/625 1179/1345/626
f 1175/1346/627 1180/1347/628 1173/1348/629
f 1178/1349/630 1179/1350/630 1181/1351/630
f 1181/1352/631 1184/1344/625 1185/1353/632
f 1173/1354/20 1184/1355/20 1174/1356/20
f 1182/1357/20 1185/1358/20 1184/1355/20
f 1178/1359/633 1180/1347/628 1177/1360/634
f 1181/1361/570 1183/1362/635 1182/1363/636
f 1175/1364/637 1179/1365/637 1177/1366/637
f 1186/260/111 1203/261/638 1202/262/111
f 1187/263/638 1204/264/113 1203/261/638
f 1188/265/114 1205/266/115 1204/264/113
f 1190/267/116 1205/266/115 1189/268/115
f 1190/269/116 1207/270/117 1206/271/116
f 1191/272/119 1208/273/120 1207/270/117
f 1193/274/639 1208/273/120 1192/275/120
f 1194/276/123 1209/277/639 1193/274/639
f 1195/278/124 1210/279/640 1194/276/123
f 1196/280/126 1211/281/641 1195/278/124
f 1197/282/128 1212/283/129 1196/280/126
f 1197/282/128 1214/284/130 1213/285/128
f 1199/286/131 1214/284/130 1198/287/132
f 1200/288/133 1215/289/134 1199/286/131
f 1200/288/133 1217/290/135 1216/291/642
f 1201/292/643 1202/262/111 1217/290/135
f 1203/293/136 1218/294/137 1202/295/138
f 1204/296/139 1219/297/140 1203/293/136
f 1205/298/141 1220/299/644 1204/296/139
f 1206/300/143 1221/301/144 1205/298/141
f 1207/302/145 1222/303/146 1206/304/143
f 1208/305/147 1223/306/148 1207/302/145
f 1208/305/147 1225/307/149 1224/308/150
f 1209/309/151 1226/310/152 1225/307/149
f 1210/311/153 1227/312/154 1226/310/152
f 1211/313/155 1228/314/156 1227/312/154
f 1212/315/157 1229/316/158 1228/314/156
f 1213/317/159 1230/318/160 1229/316/158
f 1214/319/161 1231/320/162 1230/318/160
f 1215/321/163 1232/322/164 1231/320/162
f 1217/323/165 1232/322/164 1216/324/166
f 1202/295/138 1233/325/645 1217/323/165
f 1219/326/140 1234/327/168 1218/328/137
f 1220/329/644 1235/330/646 1219/326/140
f 1221/331/144 1236/332/170 1220/329/644
f 1222/333/146 1237/334/647 1221/331/144
f 1223/335/148 1238/336/172 1222/337/146
f 1224/338/150 1239/339/648 1223/335/148
f 1224/338/150 1241/340/649 1240/341/175
f 1225/342/149 1242/343/650 1241/340/649
f 1226/344/152 1243/345/651 1242/343/650
f 1227/346/154 1244/347/652 1243/345/651
f 1228/348/156 1245/349/179 1244/347/652
f 1229/350/158 1246/351/653 1245/349/179
f 1230/352/160 1247/353/181 1246/351/653
f 1231/354/162 1248/355/182 1247/353/181
f 1233/356/645 1248/355/182 1232/357/164
f 1218/328/137 1249/358/654 1233/356/645
f 1411/359/655 1250/360/185 1410/361/186
f 1412/362/656 1251/363/657 1411/359/655
f 1413/364/658 1252/365/190 1412/362/656
f 1414/366/659 1253/367/192 1413/364/658
f 1415/368/660 1254/369/661 1414/370/659
f 1416/371/195 1255/372/196 1415/368/660
f 1416/371/195 1257/373/110 1256/374/195
f 1417/375/233 1258/376/662 1257/373/110
f 1418/377/199 1259/378/200 1258/376/662
f 1419/379/663 1260/380/664 1259/378/200
f 1420/381/224 1261/382/204 1260/380/664
f 1421/383/665 1262/384/666 1261/382/204
f 1422/385/221 1263/386/208 1262/384/666
f 1423/387/209 1264/388/210 1263/386/208
f 1425/389/667 1264/388/210 1424/390/210
f 1410/361/186 1265/391/668 1425/389/667
f 1235/392/646 1266/393/213 1234/394/168
f 1236/395/170 1267/396/214 1235/392/646
f 1237/397/647 1268/398/222 1236/395/170
f 1238/399/172 1269/400/104 1237/397/647
f 1239/401/648 1270/402/228 1238/403/172
f 1240/404/175 1271/405/193 1239/401/648
f 1273/406/217 1240/404/175 1241/407/649
f 1274/408/199 1241/407/649 1242/409/650
f 1275/410/218 1242/409/650 1243/411/651
f 1276/412/669 1243/411/651 1244/413/652
f 1277/414/220 1244/413/652 1245/415/179
f 1278/416/226 1245/415/179 1246/417/653
f 1279/418/231 1246/417/653 1247/419/181
f 1280/420/210 1247/419/181 1248/421/182
f 1249/422/654 1280/420/210 1248/421/182
f 1234/394/168 1281/423/107 1249/422/654
f 1267/396/214 1282/424/213 1266/393/213
f 1268/398/222 1283/425/214 1267/396/214
f 1269/400/104 1284/426/229 1268/398/222
f 1270/427/228 1285/428/670 1269/400/104
f 1271/405/193 1286/429/191 1270/402/228
f 1272/430/195 1287/431/193 1271/405/193
f 1272/430/195 1289/432/217 1288/433/195
f 1273/406/217 1290/434/199 1289/432/217
f 1274/408/199 1291/435/218 1290/434/199
f 1275/410/218 1292/436/224 1291/435/218
f 1276/412/669 1293/437/220 1292/436/224
f 1277/414/220 1294/438/221 1293/437/220
f 1278/416/226 1295/439/231 1294/438/221
f 1279/418/231 1296/440/238 1295/439/231
f 1281/423/107 1296/440/238 1280/420/210
f 1266/393/213 1297/441/211 1281/423/107
f 1283/425/214 1298/442/213 1282/424/213
f 1284/426/229 1299/443/214 1283/425/214
f 1285/428/670 1300/444/222 1284/426/229
f 1286/445/191 1301/446/104 1285/428/670
f 1287/431/193 1302/447/228 1286/429/191
f 1288/433/195 1303/448/193 1287/431/193
f 1288/433/195 1305/449/217 1304/450/195
f 1289/432/217 1306/451/199 1305/449/217
f 1290/434/199 1307/452/218 1306/451/199
f 1291/435/218 1308/453/224 1307/452/218
f 1292/436/224 1309/454/220 1308/453/224
f 1293/437/220 1310/455/226 1309/454/220
f 1294/438/221 1311/456/231 1310/455/226
f 1295/439/231 1312/457/238 1311/456/231
f 1297/441/211 1312/457/238 1296/440/238
f 1282/424/213 1313/458/211 1297/441/211
f 1299/443/214 1314/459/213 1298/442/213
f 1300/444/222 1315/460/214 1299/443/214
f 1301/446/104 1316/461/229 1300/444/222
f 1302/462/228 1317/463/671 1301/446/104
f 1303/448/193 1318/464/228 1302/447/228
f 1304/450/195 1319/465/193 1303/448/193
f 1304/450/195 1321/466/217 1320/467/195
f 1305/449/217 1322/468/199 1321/466/217
f 1306/451/199 1323/469/218 1322/468/199
f 1307/452/218 1324/470/224 1323/469/218
f 1308/453/224 1325/471/239 1324/470/224
f 1309/454/220 1326/472/207 1325/471/239
f 1310/455/226 1327/473/231 1326/472/207
f 1311/456/231 1328/474/210 1327/473/231
f 1313/458/211 1328/474/210 1312/457/238
f 1298/442/213 1329/475/211 1313/458/211
f 1315/460/214 1330/476/213 1314/459/213
f 1316/461/229 1331/477/214 1315/460/214
f 1317/463/671 1332/478/222 1316/461/229
f 1318/479/228 1333/480/104 1317/463/671
f 1319/465/193 1334/481/216 1318/464/228
f 1320/467/195 1335/482/193 1319/465/193
f 1320/467/195 1337/483/233 1336/484/195
f 1321/466/217 1338/485/199 1337/483/233
f 1322/468/199 1339/486/218 1338/485/199
f 1323/469/218 1340/487/672 1339/486/218
f 1324/470/224 1341/488/220 1340/487/672
f 1325/471/239 1342/489/226 1341/488/220
f 1326/472/207 1343/490/420 1342/489/226
f 1327/473/231 1344/491/238 1343/490/420
f 1329/475/211 1344/491/238 1328/474/210
f 1314/459/213 1345/492/211 1329/475/211
f 1331/477/214 1346/493/213 1330/476/213
f 1332/478/222 1347/494/214 1331/477/214
f 1333/480/104 1348/495/222 1332/478/222
f 1334/496/216 1349/497/673 1333/480/104
f 1335/482/193 1350/498/228 1334/481/216
f 1336/484/195 1351/499/193 1335/482/193
f 1336/484/195 1353/500/233 1352/501/195
f 1337/483/233 1354/502/199 1353/500/233
f 1338/485/199 1355/503/218 1354/502/199
f 1339/486/218 1356/504/224 1355/503/218
f 1340/487/672 1357/505/220 1356/504/224
f 1341/488/220 1358/506/226 1357/505/220
f 1342/489/226 1359/507/231 1358/506/226
f 1343/490/420 1360/508/210 1359/507/231
f 1345/492/211 1360/508/210 1344/491/238
f 1330/476/213 1361/509/211 1345/492/211
f 1347/494/214 1362/510/213 1346/493/213
f 1348/495/222 1363/511/236 1347/494/214
f 1349/497/673 1364/512/222 1348/495/222
f 1350/513/228 1365/514/104 1349/497/673
f 1351/499/193 1366/515/228 1350/498/228
f 1352/501/195 1367/516/193 1351/499/193
f 1352/501/195 1369/517/233 1368/518/195
f 1353/500/233 1370/519/199 1369/517/233
f 1354/502/199 1371/520/218 1370/519/199
f 1355/503/218 1372/521/224 1371/520/218
f 1356/504/224 1373/522/239 1372/521/224
f 1357/505/220 1374/523/221 1373/522/239
f 1358/506/226 1375/524/231 1374/523/221
f 1359/507/231 1376/525/210 1375/524/231
f 1361/509/211 1376/525/210 1360/508/210
f 1346/493/213 1377/526/211 1361/509/211
f 1363/511/236 1378/527/213 1362/510/213
f 1364/512/222 1379/528/232 1363/511/236
f 1365/514/104 1380/529/229 1364/512/222
f 1366/530/228 1381/531/670 1365/514/104
f 1367/516/193 1382/532/191 1366/515/228
f 1368/518/195 1383/533/193 1367/516/193
f 1368/518/195 1385/534/233 1384/535/195
f 1369/517/233 1386/536/199 1385/534/233
f 1370/519/199 1387/537/230 1386/536/199
f 1371/520/218 1388/538/672 1387/537/230
f 1372/521/224 1389/539/220 1388/538/672
f 1373/522/239 1390/540/207 1389/539/220
f 1374/523/221 1391/541/420 1390/540/207
f 1375/524/231 1392/542/210 1391/541/420
f 1377/526/211 1392/542/210 1376/525/210
f 1362/510/213 1393/543/211 1377/526/211
f 1379/528/232 1394/544/213 1378/527/213
f 1380/529/229 1395/545/214 1379/528/232
f 1381/531/670 1396/546/419 1380/529/229
f 1382/547/191 1397/548/670 1381/531/670
f 1383/533/193 1398/549/191 1382/532/191
f 1384/535/195 1399/550/674 1383/533/193
f 1384/535/195 1401/551/233 1400/552/195
f 1385/534/233 1402/553/675 1401/551/233
f 1386/536/199 1403/554/218 1402/553/675
f 1387/537/230 1404/555/224 1403/554/218
f 1388/538/672 1405/556/220 1404/555/224
f 1389/539/220 1406/557/221 1405/556/220
f 1390/540/207 1407/558/209 1406/557/221
f 1391/541/420 1408/559/210 1407/558/209
f 1393/543/211 1408/559/210 1392/542/210
f 1378/527/213 1409/560/211 1393/543/211
f 1395/545/214 1410/361/186 1394/544/213
f 1396/546/419 1411/359/655 1395/545/214
f 1397/548/670 1412/362/656 1396/546/419
f 1398/561/191 1413/364/658 1397/548/670
f 1399/550/674 1414/370/659 1398/549/191
f 1400/552/195 1415/368/660 1399/550/674
f 1400/552/195 1417/375/233 1416/371/195
f 1401/551/233 1418/377/199 1417/375/233
f 1402/553/675 1419/379/663 1418/377/199
f 1403/554/218 1420/381/224 1419/379/663
f 1404/555/224 1421/383/665 1420/381/224
f 1405/556/220 1422/385/221 1421/383/665
f 1406/557/221 1423/387/209 1422/385/221
f 1407/558/209 1424/390/210 1423/387/209
f 1409/560/211 1424/390/210 1408/559/210
f 1394/544/213 1425/389/667 1409/560/211
f 1433/1294/2 1429/1295/2 1427/1296/2
f 1432/1297/4 1427/1298/4 1426/1299/4
f 1431/1300/1 1428/1301/1 1429/1302/1
f 1427/1303/38 1428/1304/38 1426/1305/38
f 1433/1306/20 1430/1307/20 1431/1308/20
f 1467/854/676 1450/855/399 1466/856/677
f 1468/857/678 1451/858/402 1467/854/676
f 1469/859/679 1452/860/404 1468/857/678
f 1470/861/680 1453/862/406 1469/859/679
f 1471/863/193 1454/864/407 1470/865/680
f 1472/866/195 1455/867/408 1471/863/193
f 1472/866/195 1457/868/110 1456/869/237
f 1473/870/217 1458/871/409 1457/868/110
f 1474/872/410 1459/873/411 1458/871/409
f 1475/874/412 1460/875/413 1459/873/411
f 1476/876/681 1461/877/415 1460/875/413
f 1477/878/434 1462/879/206 1461/877/415
f 1478/880/435 1463/881/208 1462/879/206
f 1479/882/682 1464/883/210 1463/881/208
f 1481/884/667 1464/883/210 1480/885/238
f 1466/856/677 1465/886/418 1481/884/667
f 1483/887/214 1466/856/677 1482/888/213
f 1484/889/419 1467/854/676 1483/887/214
f 1485/890/104 1468/857/678 1484/889/419
f 1486/891/191 1469/859/679 1485/890/104
f 1487/892/193 1470/865/680 1486/893/191
f 1488/894/195 1471/863/193 1487/892/193
f 1488/894/195 1473/870/217 1472/866/195
f 1489/895/217 1474/872/410 1473/870/217
f 1490/896/199 1475/874/412 1474/872/410
f 1491/897/218 1476/876/681 1475/874/412
f 1492/898/224 1477/878/434 1476/876/681
f 1493/899/220 1478/880/435 1477/878/434
f 1494/900/207 1479/882/682 1478/880/435
f 1495/901/209 1480/885/238 1479/882/682
f 1497/902/211 1480/885/238 1496/903/238
f 1482/888/213 1481/884/667 1497/902/211
f 1499/904/214 1482/888/213 1498/905/213
f 1500/906/222 1483/887/214 1499/904/214
f 1501/907/104 1484/889/419 1500/906/222
f 1502/908/191 1485/890/104 1501/907/104
f 1503/909/193 1486/893/191 1502/910/191
f 1504/911/195 1487/892/193 1503/909/193
f 1504/911/195 1489/895/217 1488/894/195
f 1505/912/217 1490/896/199 1489/895/217
f 1506/913/199 1491/897/218 1490/896/199
f 1507/914/218 1492/898/224 1491/897/218
f 1508/915/224 1493/899/220 1492/898/224
f 1509/916/220 1494/900/207 1493/899/220
f 1510/917/226 1495/901/209 1494/900/207
f 1511/918/209 1496/903/238 1495/901/209
f 1513/919/211 1496/903/238 1512/920/238
f 1498/905/213 1497/902/211 1513/919/211
f 1515/921/214 1498/905/213 1514/922/213
f 1516/923/222 1499/904/214 1515/921/214
f 1517/924/104 1500/906/222 1516/923/222
f 1518/925/191 1501/907/104 1517/924/104
f 1519/926/193 1502/910/191 1518/927/191
f 1520/928/195 1503/909/193 1519/926/193
f 1520/928/195 1505/912/217 1504/911/195
f 1521/929/217 1506/913/199 1505/912/217
f 1522/930/199 1507/914/218 1506/913/199
f 1523/931/218 1508/915/224 1507/914/218
f 1524/932/683 1509/916/220 1508/915/224
f 1525/933/220 1510/917/226 1509/916/220
f 1526/934/221 1511/918/209 1510/917/226
f 1527/935/209 1512/920/238 1511/918/209
f 1529/936/211 1512/920/238 1528/937/238
f 1514/922/213 1513/919/211 1529/936/211
f 1531/938/214 1514/922/213 1530/939/213
f 1532/940/222 1515/921/214 1531/938/214
f 1533/941/104 1516/923/222 1532/940/222
f 1534/942/191 1517/924/104 1533/941/104
f 1535/943/193 1518/927/191 1534/944/191
f 1536/945/195 1519/926/193 1535/943/193
f 1536/945/195 1521/929/217 1520/928/195
f 1537/946/217 1522/930/199 1521/929/217
f 1538/947/199 1523/931/218 1522/930/199
f 1539/948/218 1524/932/683 1523/931/218
f 1540/949/224 1525/933/220 1524/932/683
f 1541/950/220 1526/934/221 1525/933/220
f 1542/951/226 1527/935/209 1526/934/221
f 1543/952/209 1528/937/238 1527/935/209
f 1545/953/211 1528/937/238 1544/954/238
f 1530/939/213 1529/936/211 1545/953/211
f 1547/955/214 1530/939/213 1546/956/213
f 1548/957/222 1531/938/214 1547/955/214
f 1549/958/104 1532/940/222 1548/957/222
f 1550/959/191 1533/941/104 1549/958/104
f 1551/960/193 1534/944/191 1550/961/191
f 1552/962/195 1535/943/193 1551/960/193
f 1552/962/195 1537/946/217 1536/945/195
f 1553/963/217 1538/947/199 1537/946/217
f 1554/964/199 1539/948/218 1538/947/199
f 1555/965/218 1540/949/224 1539/948/218
f 1556/966/684 1541/950/220 1540/949/224
f 1557/967/220 1542/951/226 1541/950/220
f 1558/968/221 1543/952/209 1542/951/226
f 1559/969/420 1544/954/238 1543/952/209
f 1561/970/211 1544/954/238 1560/971/238
f 1546/956/213 1545/953/211 1561/970/211
f 1563/972/214 1546/956/213 1562/973/213
f 1564/974/419 1547/955/214 1563/972/214
f 1565/975/104 1548/957/222 1564/974/419
f 1566/976/191 1549/958/104 1565/975/104
f 1567/977/193 1550/961/191 1566/978/191
f 1568/979/195 1551/960/193 1567/977/193
f 1568/979/195 1553/963/217 1552/962/195
f 1569/980/233 1554/964/199 1553/963/217
f 1570/981/199 1555/965/218 1554/964/199
f 1571/982/218 1556/966/684 1555/965/218
f 1572/983/224 1557/967/220 1556/966/684
f 1573/984/220 1558/968/221 1557/967/220
f 1574/985/226 1559/969/420 1558/968/221
f 1575/986/209 1560/971/238 1559/969/420
f 1577/987/211 1560/971/238 1576/988/238
f 1562/973/213 1561/970/211 1577/987/211
f 1579/989/214 1562/973/213 1578/990/213
f 1580/991/222 1563/972/214 1579/989/214
f 1581/992/104 1564/974/419 1580/991/222
f 1582/993/191 1565/975/104 1581/992/104
f 1583/994/193 1566/978/191 1582/995/191
f 1584/996/237 1567/977/193 1583/994/193
f 1584/996/237 1569/980/233 1568/979/195
f 1585/997/217 1570/981/199 1569/980/233
f 1586/998/199 1571/982/218 1570/981/199
f 1587/999/218 1572/983/224 1571/982/218
f 1588/1000/224 1573/984/220 1572/983/224
f 1589/1001/220 1574/985/226 1573/984/220
f 1590/1002/207 1575/986/209 1574/985/226
f 1591/1003/209 1576/988/238 1575/986/209
f 1593/1004/211 1576/988/238 1592/1005/238
f 1578/990/213 1577/987/211 1593/1004/211
f 1595/1006/214 1578/990/213 1594/1007/213
f 1596/1008/222 1579/989/214 1595/1006/214
f 1597/1009/104 1580/991/222 1596/1008/222
f 1598/1010/191 1581/992/104 1597/1009/104
f 1599/1011/193 1582/995/191 1598/1012/191
f 1600/1013/195 1583/994/193 1599/1011/193
f 1600/1013/195 1585/997/217 1584/996/237
f 1601/1014/217 1586/998/199 1585/997/217
f 1602/1015/199 1587/999/218 1586/998/199
f 1603/1016/230 1588/1000/224 1587/999/218
f 1604/1017/224 1589/1001/220 1588/1000/224
f 1605/1018/685 1590/1002/207 1589/1001/220
f 1606/1019/221 1591/1003/209 1590/1002/207
f 1607/1020/209 1592/1005/238 1591/1003/209
f 1609/1021/211 1592/1005/238 1608/1022/238
f 1594/1007/213 1593/1004/211 1609/1021/211
f 1611/1023/214 1594/1007/213 1610/1024/213
f 1612/1025/222 1595/1006/214 1611/1023/214
f 1613/1026/227 1596/1008/222 1612/1025/222
f 1614/1027/191 1597/1009/104 1613/1026/227
f 1615/1028/193 1598/1012/191 1614/1029/191
f 1616/1030/237 1599/1011/193 1615/1028/193
f 1616/1030/237 1601/1014/217 1600/1013/195
f 1617/1031/217 1602/1015/199 1601/1014/217
f 1618/1032/199 1603/1016/230 1602/1015/199
f 1619/1033/218 1604/1017/224 1603/1016/230
f 1620/1034/224 1605/1018/685 1604/1017/224
f 1621/1035/220 1606/1019/221 1605/1018/685
f 1622/1036/207 1607/1020/209 1606/1019/221
f 1623/1037/209 1608/1022/238 1607/1020/209
f 1625/1038/211 1608/1022/238 1624/1039/238
f 1610/1024/213 1609/1021/211 1625/1038/211
f 1435/1040/424 1610/1024/213 1434/1041/425
f 1436/1042/426 1611/1023/214 1435/1040/424
f 1437/1043/427 1612/1025/222 1436/1042/426
f 1438/1044/428 1613/1026/227 1437/1043/427
f 1439/1045/429 1614/1029/191 1438/1046/428
f 1440/1047/237 1615/1028/193 1439/1045/429
f 1617/1031/217 1440/1047/237 1441/1048/430
f 1618/1032/199 1441/1048/430 1442/1049/431
f 1619/1033/218 1442/1049/431 1443/1050/686
f 1620/1034/224 1443/1050/686 1444/1051/433
f 1621/1035/220 1444/1051/433 1445/1052/434
f 1622/1036/207 1445/1052/434 1446/1053/435
f 1623/1037/209 1446/1053/435 1447/1054/436
f 1624/1039/238 1447/1054/436 1448/1055/238
f 1449/1056/437 1624/1039/238 1448/1055/238
f 1434/1041/425 1625/1038/211 1449/1056/437
f 1631/227/103 1630/228/104 1633/229/105
f 1632/230/106 1629/231/106 1628/232/106
f 1634/233/4 1630/234/4 1629/235/4
f 1632/236/107 1626/237/687 1633/238/688
f 1627/239/1 1632/240/1 1628/241/1
f 1630/242/110 1628/243/110 1629/244/110
f 1642/50/4 1635/51/4 1636/52/4
f 1637/53/30 1636/54/30 1635/55/30
f 1644/56/31 1643/57/31 1642/58/31
f 1637/59/32 1641/60/32 1639/61/32
f 1644/62/33 1647/63/33 1646/64/33
f 1641/65/1 1647/66/1 1645/67/1
f 1635/68/34 1646/69/34 1637/70/35
f 1639/71/36 1642/72/37 1636/73/38
f 1646/74/34 1638/75/35 1637/76/35
f 1645/77/39 1639/71/36 1641/78/39
f 1681/854/676 1664/855/399 1680/856/677
f 1682/857/689 1665/858/690 1681/854/676
f 1683/859/691 1666/860/404 1682/857/689
f 1684/861/228 1667/862/692 1683/859/691
f 1685/863/193 1668/864/407 1684/865/228
f 1686/866/195 1669/867/196 1685/863/193
f 1686/866/195 1671/868/110 1670/869/237
f 1687/870/233 1672/871/409 1671/868/110
f 1688/872/410 1673/873/411 1672/871/409
f 1689/874/412 1674/875/413 1673/873/411
f 1690/876/681 1675/877/693 1674/875/413
f 1691/878/434 1676/879/206 1675/877/693
f 1692/880/694 1677/881/208 1676/879/206
f 1693/882/231 1678/883/238 1677/881/208
f 1695/884/211 1678/883/238 1694/885/238
f 1680/856/677 1679/886/418 1695/884/211
f 1697/887/214 1680/856/677 1696/888/213
f 1698/889/419 1681/854/676 1697/887/214
f 1699/890/104 1682/857/689 1698/889/419
f 1700/891/422 1683/859/691 1699/890/104
f 1701/892/193 1684/865/228 1700/893/422
f 1702/894/195 1685/863/193 1701/892/193
f 1702/894/195 1687/870/233 1686/866/195
f 1703/895/233 1688/872/410 1687/870/233
f 1704/896/199 1689/874/412 1688/872/410
f 1705/897/218 1690/876/681 1689/874/412
f 1706/898/224 1691/878/434 1690/876/681
f 1707/899/685 1692/880/694 1691/878/434
f 1708/900/207 1693/882/231 1692/880/694
f 1709/901/420 1694/885/238 1693/882/231
f 1711/902/211 1694/885/238 1710/903/238
f 1696/888/213 1695/884/211 1711/902/211
f 1713/904/214 1696/888/213 1712/905/213
f 1714/906/419 1697/887/214 1713/904/214
f 1715/907/104 1698/889/419 1714/906/419
f 1716/908/421 1699/890/104 1715/907/104
f 1717/909/193 1700/893/422 1716/910/421
f 1718/911/195 1701/892/193 1717/909/193
f 1718/911/195 1703/895/233 1702/894/195
f 1719/912/233 1704/896/199 1703/895/233
f 1720/913/199 1705/897/218 1704/896/199
f 1721/914/218 1706/898/224 1705/897/218
f 1722/915/224 1707/899/685 1706/898/224
f 1723/916/225 1708/900/207 1707/899/685
f 1724/917/207 1709/901/420 1708/900/207
f 1725/918/231 1710/903/238 1709/901/420
f 1727/919/211 1710/903/238 1726/920/238
f 1712/905/213 1711/902/211 1727/919/211
f 1729/921/214 1712/905/213 1728/922/213
f 1730/923/419 1713/904/214 1729/921/214
f 1731/924/104 1714/906/419 1730/923/419
f 1732/925/422 1715/907/104 1731/924/104
f 1733/926/193 1716/910/421 1732/927/422
f 1734/928/195 1717/909/193 1733/926/193
f 1734/928/195 1719/912/233 1718/911/195
f 1735/929/233 1720/913/199 1719/912/233
f 1736/930/199 1721/914/218 1720/913/199
f 1737/931/218 1722/915/224 1721/914/218
f 1738/932/224 1723/916/225 1722/915/224
f 1739/933/220 1724/917/207 1723/916/225
f 1740/934/207 1725/918/231 1724/917/207
f 1741/935/231 1726/920/238 1725/918/231
f 1743/936/211 1726/920/238 1742/937/238
f 1728/922/213 1727/919/211 1743/936/211
f 1745/938/214 1728/922/213 1744/939/213
f 1746/940/222 1729/921/214 1745/938/214
f 1747/941/695 1730/923/419 1746/940/222
f 1748/942/191 1731/924/104 1747/941/695
f 1749/943/193 1732/927/422 1748/944/191
f 1750/945/195 1733/926/193 1749/943/193
f 1750/945/195 1735/929/233 1734/928/195
f 1751/946/233 1736/930/199 1735/929/233
f 1752/947/199 1737/931/218 1736/930/199
f 1753/948/218 1738/932/224 1737/931/218
f 1754/949/224 1739/933/220 1738/932/224
f 1755/950/220 1740/934/207 1739/933/220
f 1756/951/207 1741/935/231 1740/934/207
f 1757/952/231 1742/937/238 1741/935/231
f 1759/953/211 1742/937/238 1758/954/238
f 1744/939/213 1743/936/211 1759/953/211
f 1761/955/214 1744/939/213 1760/956/213
f 1762/957/696 1745/938/214 1761/955/214
f 1763/958/104 1746/940/222 1762/957/696
f 1764/959/191 1747/941/695 1763/958/104
f 1765/960/193 1748/944/191 1764/961/191
f 1766/962/195 1749/943/193 1765/960/193
f 1766/962/195 1751/946/233 1750/945/195
f 1767/963/233 1752/947/199 1751/946/233
f 1768/964/199 1753/948/218 1752/947/199
f 1769/965/218 1754/949/224 1753/948/218
f 1770/966/224 1755/950/220 1754/949/224
f 1771/967/220 1756/951/207 1755/950/220
f 1772/968/221 1757/952/231 1756/951/207
f 1773/969/231 1758/954/238 1757/952/231
f 1775/970/211 1758/954/238 1774/971/238
f 1760/956/213 1759/953/211 1775/970/211
f 1777/972/214 1760/956/213 1776/973/213
f 1778/974/229 1761/955/214 1777/972/214
f 1779/975/104 1762/957/696 1778/974/229
f 1780/976/422 1763/958/104 1779/975/104
f 1781/977/193 1764/961/191 1780/978/422
f 1782/979/195 1765/960/193 1781/977/193
f 1782/979/195 1767/963/233 1766/962/195
f 1783/980/233 1768/964/199 1767/963/233
f 1784/981/199 1769/965/218 1768/964/199
f 1785/982/697 1770/966/224 1769/965/218
f 1786/983/224 1771/967/220 1770/966/224
f 1787/984/220 1772/968/221 1771/967/220
f 1788/985/207 1773/969/231 1772/968/221
f 1789/986/420 1774/971/238 1773/969/231
f 1791/987/211 1774/971/238 1790/988/238
f 1776/973/213 1775/970/211 1791/987/211
f 1793/989/214 1776/973/213 1792/990/213
f 1794/991/222 1777/972/214 1793/989/214
f 1795/992/104 1778/974/229 1794/991/222
f 1796/993/422 1779/975/104 1795/992/104
f 1797/994/193 1780/978/422 1796/995/422
f 1798/996/195 1781/977/193 1797/994/193
f 1798/996/195 1783/980/233 1782/979/195
f 1799/997/233 1784/981/199 1783/980/233
f 1800/998/199 1785/982/697 1784/981/199
f 1801/999/218 1786/983/224 1785/982/697
f 1802/1000/684 1787/984/220 1786/983/224
f 1803/1001/685 1788/985/207 1787/984/220
f 1804/1002/207 1789/986/420 1788/985/207
f 1805/1003/231 1790/988/238 1789/986/420
f 1807/1004/211 1790/988/238 1806/1005/238
f 1792/990/213 1791/987/211 1807/1004/211
f 1809/1006/214 1792/990/213 1808/1007/213
f 1810/1008/419 1793/989/214 1809/1006/214
f 1811/1009/695 1794/991/222 1810/1008/419
f 1812/1010/191 1795/992/104 1811/1009/695
f 1813/1011/193 1796/995/422 1812/1012/191
f 1814/1013/195 1797/994/193 1813/1011/193
f 1814/1013/195 1799/997/233 1798/996/195
f 1815/1014/233 1800/998/199 1799/997/233
f 1816/1015/199 1801/999/218 1800/998/199
f 1817/1016/218 1802/1000/684 1801/999/218
f 1818/1017/224 1803/1001/685 1802/1000/684
f 1819/1018/225 1804/1002/207 1803/1001/685
f 1820/1019/207 1805/1003/231 1804/1002/207
f 1821/1020/209 1806/1005/238 1805/1003/231
f 1823/1021/211 1806/1005/238 1822/1022/238
f 1808/1007/213 1807/1004/211 1823/1021/211
f 1825/1023/214 1808/1007/213 1824/1024/213
f 1826/1025/222 1809/1006/214 1825/1023/214
f 1827/1026/104 1810/1008/419 1826/1025/222
f 1828/1027/228 1811/1009/695 1827/1026/104
f 1829/1028/193 1812/1012/191 1828/1029/228
f 1830/1030/195 1813/1011/193 1829/1028/193
f 1830/1030/195 1815/1014/233 1814/1013/195
f 1831/1031/217 1816/1015/199 1815/1014/233
f 1832/1032/199 1817/1016/218 1816/1015/199
f 1833/1033/218 1818/1017/224 1817/1016/218
f 1834/1034/224 1819/1018/225 1818/1017/224
f 1835/1035/220 1820/1019/207 1819/1018/225
f 1836/1036/207 1821/1020/209 1820/1019/207
f 1837/1037/231 1822/1022/238 1821/1020/209
f 1839/1038/211 1822/1022/238 1838/1039/238
f 1824/1024/213 1823/1021/211 1839/1038/211
f 1649/1040/424 1824/1024/213 1648/1041/425
f 1650/1042/426 1825/1023/214 1649/1040/424
f 1651/1043/691 1826/1025/222 1650/1042/426
f 1652/1044/428 1827/1026/104 1651/1043/691
f 1653/1045/429 1828/1029/228 1652/1046/428
f 1654/1047/195 1829/1028/193 1653/1045/429
f 1831/1031/217 1654/1047/195 1655/1048/430
f 1832/1032/199 1655/1048/430 1656/1049/431
f 1833/1033/218 1656/1049/431 1657/1050/432
f 1834/1034/224 1657/1050/432 1658/1051/698
f 1835/1035/220 1658/1051/698 1659/1052/699
f 1836/1036/207 1659/1052/699 1660/1053/700
f 1837/1037/231 1660/1053/700 1661/1054/436
f 1838/1039/238 1661/1054/436 1662/1055/238
f 1663/1056/437 1838/1039/238 1662/1055/238
f 1648/1041/425 1839/1038/211 1663/1056/437
f 1842/644/2 1840/645/2 1841/646/2
f 1844/647/3 1846/648/3 1845/649/3
f 1845/650/20 1840/651/20 1844/652/20
f 1847/653/38 1842/654/38 1846/655/38
f 1881/854/701 1864/855/399 1880/856/400
f 1882/857/678 1865/858/690 1881/854/701
f 1883/859/691 1866/860/702 1882/857/678
f 1884/861/680 1867/862/692 1883/859/691
f 1885/863/703 1868/864/407 1884/865/680
f 1886/866/195 1869/867/408 1885/863/703
f 1886/866/195 1871/868/110 1870/869/195
f 1887/870/66 1872/871/409 1871/868/110
f 1888/872/704 1873/873/411 1872/871/409
f 1889/874/412 1874/875/413 1873/873/411
f 1890/876/705 1875/877/415 1874/875/413
f 1891/878/434 1876/879/206 1875/877/415
f 1892/880/706 1877/881/208 1876/879/206
f 1893/882/231 1878/883/210 1877/881/208
f 1895/884/707 1878/883/210 1894/885/238
f 1880/856/400 1879/886/418 1895/884/707
f 1897/887/214 1880/856/400 1896/888/213
f 1898/889/419 1881/854/701 1897/887/214
f 1899/890/104 1882/857/678 1898/889/419
f 1900/891/191 1883/859/691 1899/890/104
f 1901/892/193 1884/865/680 1900/893/191
f 1902/894/195 1885/863/703 1901/892/193
f 1902/894/195 1887/870/66 1886/866/195
f 1903/895/233 1888/872/704 1887/870/66
f 1904/896/199 1889/874/412 1888/872/704
f 1905/897/218 1890/876/705 1889/874/412
f 1906/898/224 1891/878/434 1890/876/705
f 1907/899/220 1892/880/706 1891/878/434
f 1908/900/207 1893/882/231 1892/880/706
f 1909/901/209 1894/885/238 1893/882/231
f 1911/902/211 1894/885/238 1910/903/238
f 1896/888/213 1895/884/707 1911/902/211
f 1913/904/214 1896/888/213 1912/905/213
f 1914/906/222 1897/887/214 1913/904/214
f 1915/907/104 1898/889/419 1914/906/222
f 1916/908/708 1899/890/104 1915/907/104
f 1917/909/193 1900/893/191 1916/910/708
f 1918/911/195 1901/892/193 1917/909/193
f 1918/911/195 1903/895/233 1902/894/195
f 1919/912/233 1904/896/199 1903/895/233
f 1920/913/199 1905/897/218 1904/896/199
f 1921/914/218 1906/898/224 1905/897/218
f 1922/915/224 1907/899/220 1906/898/224
f 1923/916/220 1908/900/207 1907/899/220
f 1924/917/207 1909/901/209 1908/900/207
f 1925/918/231 1910/903/238 1909/901/209
f 1927/919/211 1910/903/238 1926/920/238
f 1912/905/213 1911/902/211 1927/919/211
f 1929/921/214 1912/905/213 1928/922/213
f 1930/923/222 1913/904/214 1929/921/214
f 1931/924/104 1914/906/222 1930/923/222
f 1932/925/422 1915/907/104 1931/924/104
f 1933/926/193 1916/910/708 1932/927/422
f 1934/928/195 1917/909/193 1933/926/193
f 1934/928/195 1919/912/233 1918/911/195
f 1935/929/233 1920/913/199 1919/912/233
f 1936/930/199 1921/914/218 1920/913/199
f 1937/931/218 1922/915/224 1921/914/218
f 1938/932/709 1923/916/220 1922/915/224
f 1939/933/220 1924/917/207 1923/916/220
f 1940/934/221 1925/918/231 1924/917/207
f 1941/935/231 1926/920/238 1925/918/231
f 1943/936/211 1926/920/238 1942/937/238
f 1928/922/213 1927/919/211 1943/936/211
f 1945/938/214 1928/922/213 1944/939/213
f 1946/940/222 1929/921/214 1945/938/214
f 1947/941/695 1930/923/222 1946/940/222
f 1948/942/191 1931/924/104 1947/941/695
f 1949/943/193 1932/927/422 1948/944/191
f 1950/945/195 1933/926/193 1949/943/193
f 1950/945/195 1935/929/233 1934/928/195
f 1951/946/233 1936/930/199 1935/929/233
f 1952/947/199 1937/931/218 1936/930/199
f 1953/948/218 1938/932/709 1937/931/218
f 1954/949/224 1939/933/220 1938/932/709
f 1955/950/220 1940/934/221 1939/933/220
f 1956/951/221 1941/935/231 1940/934/221
f 1957/952/420 1942/937/238 1941/935/231
f 1959/953/211 1942/937/238 1958/954/238
f 1944/939/213 1943/936/211 1959/953/211
f 1961/955/214 1944/939/213 1960/956/213
f 1962/957/222 1945/938/214 1961/955/214
f 1963/958/104 1946/940/222 1962/957/222
f 1964/959/422 1947/941/695 1963/958/104
f 1965/960/193 1948/944/191 1964/961/422
f 1966/962/195 1949/943/193 1965/960/193
f 1966/962/195 1951/946/233 1950/945/195
f 1967/963/233 1952/947/199 1951/946/233
f 1968/964/199 1953/948/218 1952/947/199
f 1969/965/218 1954/949/224 1953/948/218
f 1970/966/224 1955/950/220 1954/949/224
f 1971/967/220 1956/951/221 1955/950/220
f 1972/968/221 1957/952/420 1956/951/221
f 1973/969/420 1958/954/238 1957/952/420
f 1975/970/211 1958/954/238 1974/971/238
f 1960/956/213 1959/953/211 1975/970/211
f 1977/972/214 1960/956/213 1976/973/213
f 1978/974/222 1961/955/214 1977/972/214
f 1979/975/104 1962/957/222 1978/974/222
f 1980/976/422 1963/958/104 1979/975/104
f 1981/977/193 1964/961/422 1980/978/422
f 1982/979/237 1965/960/193 1981/977/193
f 1982/979/237 1967/963/233 1966/962/195
f 1983/980/233 1968/964/199 1967/963/233
f 1984/981/199 1969/965/218 1968/964/199
f 1985/982/218 1970/966/224 1969/965/218
f 1986/983/224 1971/967/220 1970/966/224
f 1987/984/220 1972/968/221 1971/967/220
f 1988/985/207 1973/969/420 1972/968/221
f 1989/986/231 1974/971/238 1973/969/420
f 1991/987/211 1974/971/238 1990/988/238
f 1976/973/213 1975/970/211 1991/987/211
f 1993/989/214 1976/973/213 1992/990/213
f 1994/991/419 1977/972/214 1993/989/214
f 1995/992/104 1978/974/222 1994/991/419
f 1996/993/422 1979/975/104 1995/992/104
f 1997/994/193 1980/978/422 1996/995/422
f 1998/996/195 1981/977/193 1997/994/193
f 1998/996/195 1983/980/233 1982/979/237
f 1999/997/233 1984/981/199 1983/980/233
f 2000/998/199 1985/982/218 1984/981/199
f 2001/999/218 1986/983/224 1985/982/218
f 2002/1000/683 1987/984/220 1986/983/224
f 2003/1001/220 1988/985/207 1987/984/220
f 2004/1002/221 1989/986/231 1988/985/207
f 2005/1003/231 1990/988/238 1989/986/231
f 2007/1004/211 1990/988/238 2006/1005/238
f 1992/990/213 1991/987/211 2007/1004/211
f 2009/1006/214 1992/990/213 2008/1007/213
f 2010/1008/419 1993/989/214 2009/1006/214
f 2011/1009/104 1994/991/419 2010/1008/419
f 2012/1010/228 1995/992/104 2011/1009/104
f 2013/1011/193 1996/995/422 2012/1012/228
f 2014/1013/195 1997/994/193 2013/1011/193
f 2014/1013/195 1999/997/233 1998/996/195
f 2015/1014/217 2000/998/199 1999/997/233
f 2016/1015/199 2001/999/218 2000/998/199
f 2017/1016/218 2002/1000/683 2001/999/218
f 2018/1017/224 2003/1001/220 2002/1000/683
f 2019/1018/220 2004/1002/221 2003/1001/220
f 2020/1019/207 2005/1003/231 2004/1002/221
f 2021/1020/231 2006/1005/238 2005/1003/231
f 2023/1021/211 2006/1005/238 2022/1022/238
f 2008/1007/213 2007/1004/211 2023/1021/211
f 2025/1023/214 2008/1007/213 2024/1024/213
f 2026/1025/222 2009/1006/214 2025/1023/214
f 2027/1026/104 2010/1008/419 2026/1025/222
f 2028/1027/422 2011/1009/104 2027/1026/104
f 2029/1028/193 2012/1012/228 2028/1029/422
f 2030/1030/195 2013/1011/193 2029/1028/193
f 2030/1030/195 2015/1014/217 2014/1013/195
f 2031/1031/217 2016/1015/199 2015/1014/217
f 2032/1032/199 2017/1016/218 2016/1015/199
f 2033/1033/218 2018/1017/224 2017/1016/218
f 2034/1034/683 2019/1018/220 2018/1017/224
f 2035/1035/225 2020/1019/207 2019/1018/220
f 2036/1036/226 2021/1020/231 2020/1019/207
f 2037/1037/420 2022/1022/238 2021/1020/231
f 2039/1038/211 2022/1022/238 2038/1039/238
f 2024/1024/213 2023/1021/211 2039/1038/211
f 1849/1040/424 2024/1024/213 1848/1041/425
f 1850/1042/710 2025/1023/214 1849/1040/424
f 1851/1043/691 2026/1025/222 1850/1042/710
f 1852/1044/428 2027/1026/104 1851/1043/691
f 1853/1045/429 2028/1029/422 1852/1046/428
f 1854/1047/237 2029/1028/193 1853/1045/429
f 2031/1031/217 1854/1047/237 1855/1048/430
f 2032/1032/199 1855/1048/430 1856/1049/431
f 2033/1033/218 1856/1049/431 1857/1050/432
f 2034/1034/683 1857/1050/432 1858/1051/433
f 2035/1035/225 1858/1051/433 1859/1052/711
f 2036/1036/226 1859/1052/711 1860/1053/700
f 2037/1037/420 1860/1053/700 1861/1054/436
f 2038/1039/238 1861/1054/436 1862/1055/238
f 1863/1056/437 2038/1039/238 1862/1055/238
f 1848/1041/425 2039/1038/211 1863/1056/437
f 2046/1279/2 2042/1280/2 2040/1281/2
f 2042/1282/20 2041/1283/20 2040/1284/20
f 2047/1285/38 2044/1286/38 2046/1287/38
f 2041/1288/1 2046/1289/1 2040/1290/1
f 2044/1291/4 2043/1292/4 2042/1293/4
f 2054/1279/2 2050/1280/2 2048/1281/2
f 2050/1282/20 2049/1283/20 2048/1284/20
f 2055/1285/38 2052/1286/38 2054/1287/38
f 2049/1288/1 2054/1289/1 2048/1290/1
f 2052/1291/4 2051/1292/4 2050/1293/4
f 2062/1279/2 2058/1280/2 2056/1281/2
f 2058/1282/20 2057/1283/20 2056/1284/20
f 2063/1285/38 2060/1286/38 2062/1287/38
f 2057/1288/1 2062/1289/1 2056/1290/1
f 2060/1291/4 2059/1292/4 2058/1293/4
f 2070/1279/2 2066/1280/2 2064/1281/2
f 2066/1282/20 2065/1283/20 2064/1284/20
f 2071/1285/38 2068/1286/38 2070/1287/38
f 2065/1288/1 2070/1289/1 2064/1290/1
f 2068/1291/4 2067/1292/4 2066/1293/4
f 2078/1075/2 2074/1076/2 2072/1077/2
f 2074/1078/38 2073/1079/38 2072/1080/38
f 2079/1081/20 2076/1082/20 2078/1083/20
f 2073/1084/4 2078/1085/4 2072/1086/4
f 2076/1087/1 2075/1088/1 2074/1089/1
f 2086/1075/2 2082/1076/2 2080/1077/2
f 2082/1078/38 2081/1079/38 2080/1080/38
f 2087/1081/20 2084/1082/20 2086/1083/20
f 2081/1084/4 2086/1085/4 2080/1086/4
f 2084/1087/1 2083/1088/1 2082/1089/1
f 2094/689/2 2090/690/2 2088/691/2
f 2090/692/20 2089/693/20 2088/694/20
f 2095/695/38 2092/696/38 2094/697/38
f 2089/698/1 2094/699/1 2088/700/1
f 2092/701/4 2091/702/4 2090/703/4
f 2102/689/2 2098/690/2 2096/691/2
f 2098/692/20 2097/693/20 2096/694/20
f 2103/695/38 2100/696/38 2102/697/38
f 2097/698/1 2102/699/1 2096/700/1
f 2100/701/4 2099/702/4 2098/703/4
f 2110/689/2 2106/690/2 2104/691/2
f 2106/692/20 2105/693/20 2104/694/20
f 2111/695/38 2108/696/38 2110/697/38
f 2105/698/1 2110/699/1 2104/700/1
f 2108/701/4 2107/702/4 2106/703/4
f 2118/689/2 2114/690/2 2112/691/2
f 2114/692/20 2113/693/20 2112/694/20
f 2119/695/38 2116/696/38 2118/697/38
f 2113/698/1 2118/699/1 2112/700/1
f 2116/701/4 2115/702/4 2114/703/4
f 2131/159/712 2137/160/713 2134/161/714
f 2127/162/715 2121/163/716 2129/164/717
f 2138/165/718 2125/166/719 2123/167/720
f 2129/168/1 2131/169/1 2130/170/1
f 2132/171/4 2124/172/4 2127/173/4
f 2136/174/2 2137/175/2 2133/176/2
f 2121/177/721 2128/178/721 2129/179/721
f 2121/180/722 2139/181/723 2120/182/724
f 2127/183/3 2125/184/3 2126/185/3
f 2138/186/725 2139/187/726 2122/188/727
f 2130/170/728 2134/189/728 2135/190/728
f 2136/191/1 2134/192/1 2137/193/1
f 2121/194/716 2138/195/729 2122/196/730
f 2132/197/731 2129/198/717 2130/199/732
f 2130/200/732 2136/201/733 2132/202/731
f 2123/203/734 2120/204/735 2139/205/736
f 2128/206/737 2133/207/738 2131/208/712
f 2120/209/735 2124/210/739 2128/211/737
f 2152/159/712 2158/160/713 2155/161/714
f 2148/162/740 2142/163/716 2150/164/717
f 2159/165/718 2146/166/719 2144/167/720
f 2150/168/1 2152/169/1 2151/170/1
f 2153/171/4 2145/172/4 2148/173/4
f 2157/174/2 2158/175/2 2154/176/2
f 2142/177/721 2149/178/721 2150/179/721
f 2142/180/722 2160/181/723 2141/182/724
f 2148/183/3 2146/184/3 2147/185/3
f 2159/186/725 2160/187/726 2143/188/727
f 2151/170/728 2155/189/728 2156/190/728
f 2157/191/1 2155/192/1 2158/193/1
f 2142/194/716 2159/195/741 2143/196/742
f 2153/197/731 2150/198/717 2151/199/732
f 2151/200/732 2157/201/733 2153/202/731
f 2144/203/734 2141/204/735 2160/205/736
f 2149/206/737 2154/207/738 2152/208/712
f 2141/209/735 2145/210/739 2149/211/737
f 2173/159/743 2179/160/713 2176/161/714
f 2169/162/740 2163/163/716 2171/164/717
f 2180/165/718 2167/166/719 2165/167/720
f 2171/168/1 2173/169/1 2172/170/1
f 2174/171/4 2166/172/4 2169/173/4
f 2178/174/2 2179/175/2 2175/176/2
f 2163/177/721 2170/178/721 2171/179/721
f 2163/180/722 2181/181/723 2162/182/724
f 2169/183/3 2167/184/3 2168/185/3
f 2180/186/744 2181/187/726 2164/188/745
f 2172/170/728 2176/189/728 2177/190/728
f 2178/191/1 2176/192/1 2179/193/1
f 2163/194/716 2180/195/741 2164/196/730
f 2174/197/731 2171/198/717 2172/199/732
f 2172/200/732 2178/201/733 2174/202/731
f 2165/203/746 2162/204/735 2181/205/736
f 2170/206/737 2175/207/747 2173/208/743
f 2162/209/735 2166/210/739 2170/211/737
f 2194/159/743 2200/160/713 2197/161/714
f 2190/162/715 2184/163/716 2192/164/717
f 2201/165/718 2188/166/719 2186/167/720
f 2192/168/1 2194/169/1 2193/170/1
f 2195/171/4 2187/172/4 2190/173/4
f 2199/174/2 2200/175/2 2196/176/2
f 2184/177/721 2191/178/721 2192/179/721
f 2184/180/722 2202/181/723 2183/182/724
f 2190/183/3 2188/184/3 2189/185/3
f 2201/186/725 2202/187/726 2185/188/727
f 2193/170/728 2197/189/728 2198/190/728
f 2199/191/1 2197/192/1 2200/193/1
f 2184/194/716 2201/195/741 2185/196/730
f 2195/197/731 2192/198/717 2193/199/732
f 2193/200/732 2199/201/733 2195/202/731
f 2186/203/734 2183/204/735 2202/205/736
f 2191/206/737 2196/207/738 2194/208/743
f 2183/209/735 2187/210/739 2191/211/737
f 2204/103/40 2220/104/1 2221/105/41
f 2221/105/41 2213/106/42 2212/107/43
f 2205/108/44 2222/109/45 2220/104/1
f 2220/104/1 2214/112/47 2213/106/42
f 2206/110/46 2223/111/2 2222/109/45
f 2223/111/2 2214/112/47 2222/109/45
f 2207/113/48 2224/114/49 2223/111/2
f 2224/114/49 2215/115/50 2223/111/2
f 2208/116/51 2225/117/4 2224/114/49
f 2225/117/4 2216/118/52 2224/114/49
f 2209/119/53 2226/120/54 2225/117/4
f 2226/120/54 2217/122/56 2225/117/4
f 2210/123/57 2227/124/3 2226/120/54
f 2227/124/3 2218/121/55 2226/120/54
f 2211/125/58 2221/126/41 2227/124/3
f 2221/126/41 2219/127/59 2227/124/3
f 2204/103/40 2229/128/60 2205/108/44
f 2205/108/44 2230/129/748 2206/110/46
f 2206/110/46 2231/130/749 2207/113/48
f 2207/113/48 2232/131/750 2208/116/51
f 2208/116/51 2233/132/64 2209/119/53
f 2209/119/53 2234/133/65 2210/123/57
f 2210/123/57 2235/134/751 2211/125/58
f 2228/135/67 2211/125/58 2235/134/751
f 2212/136/43 2237/137/68 2219/127/59
f 2238/138/752 2212/107/43 2213/106/42
f 2238/138/752 2214/112/47 2239/139/753
f 2239/139/753 2215/115/50 2240/140/71
f 2240/140/71 2216/118/52 2241/141/72
f 2241/141/72 2217/122/56 2242/142/754
f 2242/142/754 2218/121/55 2243/143/74
f 2237/137/68 2218/121/55 2219/127/59
f 2252/13/755 2246/14/756 2253/15/757
f 2254/16/758 2250/17/759 2249/18/760
f 2256/19/761 2249/18/760 2245/20/762
f 2255/21/763 2246/22/756 2250/23/759
f 2253/15/764 2244/24/764 2252/13/764
f 2251/25/765 2254/26/765 2248/27/765
f 2244/28/2 2251/29/2 2248/30/2
f 2249/18/3 2246/31/3 2245/20/3
f 2248/32/766 2256/33/767 2252/34/768
f 2253/35/769 2251/36/769 2247/37/769
f 2258/562/770 2260/563/771 2257/564/772
f 2262/565/773 2257/564/772 2260/563/771
f 2264/566/774 2261/567/775 2262/565/773
f 2266/568/776 2263/569/777 2264/566/774
f 2268/570/778 2265/571/779 2266/568/776
f 2269/572/780 2268/570/778 2270/573/781
f 2271/574/782 2270/573/781 2272/575/783
f 2273/576/784 2272/575/783 2274/577/785
f 2275/578/786 2274/577/785 2276/579/787
f 2275/580/3 2277/581/3 2278/582/3
f 2258/583/2 2280/584/2 2259/585/2
f 2278/586/788 2273/587/789 2275/588/790
f 2282/589/791 2273/587/792 2281/590/793
f 2271/591/794 2283/592/795 2269/593/796
f 2283/592/795 2267/594/797 2269/593/796
f 2285/595/798 2267/594/799 2284/596/800
f 2285/595/801 2263/597/802 2265/598/803
f 2286/599/804 2261/600/805 2263/597/802
f 2257/601/806 2287/602/807 2288/603/808
f 2257/601/806 2279/604/809 2258/605/810
f 2289/606/811 2278/607/812 2277/608/813
f 2290/609/814 2281/610/815 2289/606/811
f 2291/611/816 2282/612/817 2290/609/814
f 2292/613/818 2283/614/819 2291/611/816
f 2293/615/820 2284/616/821 2292/613/818
f 2286/617/822 2293/615/820 2294/618/823
f 2294/618/823 2287/619/824 2286/617/822
f 2288/620/825 2295/621/826 2296/622/827
f 2279/623/828 2296/622/827 2280/624/829
f 2274/625/1 2277/626/1 2276/627/1
f 2274/625/1 2290/628/1 2289/629/1
f 2270/630/1 2290/628/1 2272/631/1
f 2270/630/1 2292/632/1 2291/633/1
f 2266/634/1 2292/632/1 2268/635/1
f 2266/634/1 2294/636/1 2293/637/1
f 2264/638/1 2295/639/1 2294/636/1
f 2262/640/1 2296/641/1 2295/639/1
f 2259/642/1 2296/641/1 2260/643/1
f 2299/772/2 2301/773/2 2298/774/2
f 2302/775/3 2304/776/3 2303/777/3
f 2303/778/359 2307/779/360 2299/780/830
f 2308/103/40 2324/104/1 2325/105/41
f 2325/105/41 2317/106/42 2316/107/43
f 2309/108/44 2326/109/45 2324/104/1
f 2326/109/45 2317/106/42 2324/104/1
f 2310/110/46 2327/111/2 2326/109/45
f 2327/111/2 2318/112/47 2326/109/45
f 2311/113/48 2328/114/49 2327/111/2
f 2328/114/49 2319/115/50 2327/111/2
f 2312/116/51 2329/117/4 2328/114/49
f 2329/117/4 2320/118/52 2328/114/49
f 2313/119/53 2330/120/54 2329/117/4
f 2329/117/4 2322/121/55 2321/122/56
f 2314/123/57 2331/124/3 2330/120/54
f 2331/124/3 2322/121/55 2330/120/54
f 2315/125/58 2325/126/41 2331/124/3
f 2325/126/41 2323/127/59 2331/124/3
f 2308/103/40 2333/128/60 2309/108/44
f 2309/108/44 2334/129/61 2310/110/46
f 2310/110/46 2335/130/62 2311/113/48
f 2311/113/48 2336/131/63 2312/116/51
f 2312/116/51 2337/132/64 2313/119/53
f 2313/119/53 2338/133/65 2314/123/57
f 2314/123/57 2339/134/66 2315/125/58
f 2332/135/67 2315/125/58 2339/134/66
f 2316/136/43 2341/137/68 2323/127/59
f 2342/138/69 2316/107/43 2317/106/42
f 2342/138/69 2318/112/47 2343/139/70
f 2343/139/70 2319/115/50 2344/140/71
f 2344/140/71 2320/118/52 2345/141/72
f 2345/141/72 2321/122/56 2346/142/73
f 2346/142/73 2322/121/55 2347/143/74
f 2341/137/68 2322/121/55 2323/127/59
f 2355/1/1 2353/2/1 2352/3/1
f 2350/4/2 2353/5/2 2354/6/2
f 2351/7/3 2352/8/3 2348/9/3
f 2350/10/4 2348/11/4 2349/12/4
f 2356/103/40 2372/104/1 2373/105/41
f 2373/105/41 2365/106/42 2364/107/43
f 2357/108/44 2374/109/45 2372/104/1
f 2374/109/45 2365/106/42 2372/104/1
f 2358/110/46 2375/111/2 2374/109/45
f 2375/111/2 2366/112/47 2374/109/45
f 2359/113/48 2376/114/49 2375/111/2
f 2376/114/49 2367/115/50 2375/111/2
f 2360/116/51 2377/117/4 2376/114/49
f 2377/117/4 2368/118/52 2376/114/49
f 2361/119/53 2378/120/54 2377/117/4
f 2378/120/54 2369/122/56 2377/117/4
f 2362/123/57 2379/124/3 2378/120/54
f 2379/124/3 2370/121/55 2378/120/54
f 2363/125/58 2373/126/41 2379/124/3
f 2373/126/41 2371/127/59 2379/124/3
f 2357/108/44 2380/1367/831 2381/128/60
f 2357/108/44 2382/129/748 2358/110/46
f 2358/110/46 2383/130/749 2359/113/48
f 2359/113/48 2384/131/750 2360/116/51
f 2360/116/51 2385/132/64 2361/119/53
f 2361/119/53 2386/133/65 2362/123/57
f 2362/123/57 2387/134/751 2363/125/58
f 2380/135/831 2363/125/58 2387/134/751
f 2364/136/43 2389/137/68 2371/127/59
f 2390/138/752 2364/107/43 2365/106/42
f 2390/138/752 2366/112/47 2391/139/70
f 2391/139/70 2367/115/50 2392/140/71
f 2392/140/71 2368/118/52 2393/141/72
f 2393/141/72 2369/122/56 2394/142/754
f 2394/142/754 2370/121/55 2395/143/74
f 2395/143/74 2371/127/59 2389/137/68
f 2397/562/240 2399/563/241 2396/564/242
f 2401/565/243 2396/564/242 2399/563/241
f 2403/566/244 2400/567/832 2401/565/243
f 2405/568/246 2402/569/247 2403/566/244
f 2407/570/248 2404/571/249 2405/568/246
f 2408/572/250 2407/570/248 2409/573/251
f 2410/574/252 2409/573/251 2411/575/253
f 2412/576/254 2411/575/253 2413/577/255
f 2414/578/256 2413/577/255 2415/579/257
f 2414/580/2 2416/581/2 2417/582/2
f 2397/583/3 2419/584/3 2398/585/3
f 2417/586/258 2412/587/259 2414/588/260
f 2421/589/261 2412/587/262 2420/590/263
f 2410/591/264 2422/592/265 2408/593/266
f 2422/592/265 2406/594/267 2408/593/266
f 2424/595/268 2406/594/269 2423/596/270
f 2424/595/271 2402/597/272 2404/598/273
f 2425/599/274 2400/600/275 2402/597/272
f 2396/601/276 2426/602/277 2427/603/278
f 2396/601/276 2418/604/279 2397/605/280
f 2428/606/281 2417/607/282 2416/608/283
f 2429/609/284 2420/610/285 2428/606/281
f 2430/611/286 2421/612/287 2429/609/284
f 2431/613/288 2422/614/833 2430/611/286
f 2432/615/290 2423/616/291 2431/613/288
f 2425/617/292 2432/615/290 2433/618/293
f 2433/618/293 2426/619/294 2425/617/292
f 2427/620/295 2434/621/296 2435/622/297
f 2418/623/298 2435/622/297 2419/624/299
f 2413/625/1 2416/626/1 2415/627/1
f 2413/625/1 2429/628/1 2428/629/1
f 2409/630/1 2429/628/1 2411/631/1
f 2409/630/1 2431/632/1 2430/633/1
f 2405/634/1 2431/632/1 2407/635/1
f 2405/634/1 2433/636/1 2432/637/1
f 2403/638/1 2434/639/1 2433/636/1
f 2401/640/1 2435/641/1 2434/639/1
f 2398/642/1 2435/641/1 2399/643/1
f 2437/562/770 2439/563/771 2436/564/772
f 2441/565/773 2436/564/772 2439/563/771
f 2443/566/774 2440/567/775 2441/565/773
f 2445/568/776 2442/569/777 2443/566/774
f 2447/570/778 2444/571/779 2445/568/776
f 2448/572/780 2447/570/778 2449/573/781
f 2450/574/782 2449/573/781 2451/575/783
f 2452/576/784 2451/575/783 2453/577/785
f 2454/578/786 2453/577/785 2455/579/787
f 2454/580/3 2456/581/3 2457/582/3
f 2437/583/2 2459/584/2 2438/585/2
f 2457/586/788 2452/587/789 2454/588/790
f 2461/589/791 2452/587/792 2460/590/793
f 2450/591/794 2462/592/795 2448/593/796
f 2462/592/795 2446/594/797 2448/593/796
f 2464/595/798 2446/594/799 2463/596/800
f 2464/595/801 2442/597/802 2444/598/803
f 2465/599/804 2440/600/805 2442/597/802
f 2436/601/806 2466/602/807 2467/603/808
f 2436/601/806 2458/604/809 2437/605/810
f 2468/606/811 2457/607/812 2456/608/813
f 2469/609/814 2460/610/815 2468/606/811
f 2470/611/816 2461/612/817 2469/609/814
f 2471/613/818 2462/614/834 2470/611/816
f 2472/615/820 2463/616/821 2471/613/818
f 2465/617/822 2472/615/820 2473/618/823
f 2473/618/823 2466/619/824 2465/617/822
f 2467/620/825 2474/621/826 2475/622/827
f 2458/623/828 2475/622/827 2459/624/829
f 2453/625/1 2456/626/1 2455/627/1
f 2453/625/1 2469/628/1 2468/629/1
f 2449/630/1 2469/628/1 2451/631/1
f 2449/630/1 2471/632/1 2470/633/1
f 2445/634/1 2471/632/1 2447/635/1
f 2445/634/1 2473/636/1 2472/637/1
f 2443/638/1 2474/639/1 2473/636/1
f 2441/640/1 2475/641/1 2474/639/1
f 2438/642/1 2475/641/1 2439/643/1
f 2481/212/2 2477/213/2 2479/214/2
f 2476/215/38 2479/216/38 2477/217/38
f 2482/218/20 2481/219/20 2480/220/20
f 2483/221/1 2476/222/1 2477/223/1
f 2480/224/4 2479/225/4 2478/226/4
f 2487/839/2 2491/840/2 2485/841/2
f 2485/842/38 2486/843/38 2487/844/38
f 2488/845/20 2491/846/20 2489/847/20
f 2485/848/1 2490/849/1 2484/850/1
f 2486/851/4 2489/852/4 2487/853/4
f 2497/212/2 2493/213/2 2495/214/2
f 2492/215/38 2495/216/38 2493/217/38
f 2498/218/20 2497/219/20 2496/220/20
f 2499/221/1 2492/222/1 2493/223/1
f 2496/224/4 2495/225/4 2494/226/4
f 2503/839/2 2507/840/2 2501/841/2
f 2501/842/38 2502/843/38 2503/844/38
f 2504/845/20 2507/846/20 2505/847/20
f 2501/848/1 2506/849/1 2500/850/1
f 2502/851/4 2505/852/4 2503/853/4
f 2534/783/835 2519/792/836 2517/782/837
f 2528/784/838 2509/785/839 2532/786/840
f 2529/787/367 2517/788/837 2530/789/368
f 2513/790/369 2535/791/370 2529/787/367
f 2530/789/368 2519/792/836 2531/793/372
f 2516/794/373 2529/787/367 2530/789/368
f 2535/791/370 2519/795/836 2514/796/841
f 2518/797/375 2530/789/368 2531/793/372
f 2528/784/838 2514/796/841 2519/795/836
f 2509/798/839 2533/799/842 2532/800/840
f 2533/799/842 2514/801/841 2532/800/840
f 2510/802/377 2534/803/835 2533/804/842
f 2534/803/835 2515/805/378 2533/804/842
f 2511/806/843 2528/781/838 2534/783/835
f 2529/787/367 2514/801/841 2515/807/378
f 2512/808/380 2531/793/372 2535/791/370
f 2521/809/381 2538/810/844 2525/811/383
f 2520/812/384 2538/810/844 2536/813/385
f 2521/814/381 2537/815/386 2536/816/385
f 2537/815/386 2520/817/384 2536/816/385
f 2525/818/383 2539/819/845 2527/820/388
f 2524/821/389 2539/819/845 2538/822/844
f 2523/823/390 2539/824/845 2537/825/386
f 2539/824/845 2522/826/391 2537/825/386
f 2518/797/4 2513/790/4 2516/794/4
f 2509/827/392 2527/828/393 2510/829/393
f 2523/830/394 2508/831/395 2511/832/394
f 2508/1368/396 2525/835/396 2509/833/396
f 2527/1369/397 2511/838/397 2510/836/397
f 2540/260/111 2557/261/638 2556/262/111
f 2541/263/638 2558/264/846 2557/261/638
f 2542/265/846 2559/266/115 2558/264/846
f 2544/267/118 2559/266/115 2543/268/115
f 2544/269/118 2561/270/117 2560/271/118
f 2545/272/117 2562/273/120 2561/270/117
f 2547/274/121 2562/273/120 2546/275/122
f 2548/276/123 2563/277/121 2547/274/121
f 2549/278/124 2564/279/640 2548/276/123
f 2550/280/126 2565/281/127 2549/278/124
f 2551/282/847 2566/283/129 2550/280/126
f 2551/282/847 2568/284/130 2567/285/847
f 2553/286/131 2568/284/130 2552/287/132
f 2554/288/133 2569/289/134 2553/286/131
f 2554/288/133 2571/290/135 2570/291/133
f 2555/292/135 2556/262/111 2571/290/135
f 2557/293/848 2572/294/137 2556/295/138
f 2558/296/139 2573/297/140 2557/293/848
f 2559/298/849 2574/299/644 2558/296/139
f 2560/300/143 2575/301/850 2559/298/849
f 2561/302/145 2576/303/851 2560/304/143
f 2562/305/147 2577/306/852 2561/302/145
f 2562/305/147 2579/307/853 2578/308/854
f 2563/309/151 2580/310/855 2579/307/853
f 2564/311/153 2581/312/154 2580/310/855
f 2565/313/155 2582/314/156 2581/312/154
f 2566/315/856 2583/316/158 2582/314/156
f 2567/317/159 2584/318/160 2583/316/158
f 2568/319/161 2585/320/857 2584/318/160
f 2569/321/163 2586/322/164 2585/320/857
f 2571/323/165 2586/322/164 2570/324/166
f 2556/295/138 2587/325/645 2571/323/165
f 2573/326/140 2588/327/168 2572/328/137
f 2574/329/644 2589/330/858 2573/326/140
f 2575/331/850 2590/332/170 2574/329/644
f 2576/333/851 2591/334/859 2575/331/850
f 2577/335/852 2592/336/860 2576/337/851
f 2578/338/854 2593/339/861 2577/335/852
f 2578/338/854 2595/340/174 2594/341/862
f 2579/342/853 2596/343/863 2595/340/174
f 2580/344/855 2597/345/864 2596/343/863
f 2581/346/154 2598/347/178 2597/345/864
f 2582/348/156 2599/349/179 2598/347/178
f 2583/350/158 2600/351/865 2599/349/179
f 2584/352/160 2601/353/181 2600/351/865
f 2585/354/857 2602/355/866 2601/353/181
f 2587/356/645 2602/355/866 2586/357/164
f 2572/328/137 2603/358/183 2587/356/645
f 2765/359/655 2604/360/867 2764/361/213
f 2766/362/656 2605/363/868 2765/359/655
f 2767/364/869 2606/365/190 2766/362/656
f 2768/366/659 2607/367/406 2767/364/869
f 2769/368/193 2608/369/407 2768/370/659
f 2770/371/195 2609/372/870 2769/368/193
f 2770/371/195 2611/373/110 2610/374/237
f 2771/375/66 2612/376/662 2611/373/110
f 2772/377/871 2613/378/200 2612/376/662
f 2773/379/201 2614/380/872 2613/378/200
f 2774/381/224 2615/382/873 2614/380/872
f 2775/383/205 2616/384/206 2615/382/873
f 2776/385/874 2617/386/208 2616/384/206
f 2777/387/209 2618/388/210 2617/386/208
f 2779/389/211 2618/388/210 2778/390/210
f 2764/361/213 2619/391/212 2779/389/211
f 2589/392/858 2620/393/213 2588/394/168
f 2590/395/170 2621/396/214 2589/392/858
f 2591/397/859 2622/398/419 2590/395/170
f 2592/399/860 2623/400/104 2591/397/859
f 2593/401/861 2624/402/875 2592/403/860
f 2594/404/862 2625/405/193 2593/401/861
f 2627/406/233 2594/404/862 2595/407/174
f 2628/408/199 2595/407/174 2596/409/863
f 2629/410/218 2596/409/863 2597/411/864
f 2630/412/219 2597/411/864 2598/413/178
f 2631/414/220 2598/413/178 2599/415/179
f 2632/416/226 2599/415/179 2600/417/865
f 2633/418/231 2600/417/865 2601/419/181
f 2634/420/238 2601/419/181 2602/421/866
f 2603/422/183 2634/420/238 2602/421/866
f 2588/394/168 2635/423/107 2603/422/183
f 2621/396/214 2636/424/213 2620/393/213
f 2622/398/419 2637/425/214 2621/396/214
f 2623/400/104 2638/426/215 2622/398/419
f 2624/427/875 2639/428/227 2623/400/104
f 2625/405/193 2640/429/422 2624/402/875
f 2626/430/237 2641/431/193 2625/405/193
f 2626/430/237 2643/432/233 2642/433/237
f 2627/406/233 2644/434/199 2643/432/233
f 2628/408/199 2645/435/234 2644/434/199
f 2629/410/218 2646/436/224 2645/435/234
f 2630/412/219 2647/437/220 2646/436/224
f 2631/414/220 2648/438/226 2647/437/220
f 2632/416/226 2649/439/231 2648/438/226
f 2633/418/231 2650/440/210 2649/439/231
f 2635/423/107 2650/440/210 2634/420/238
f 2620/393/213 2651/441/211 2635/423/107
f 2637/425/214 2652/442/213 2636/424/213
f 2638/426/215 2653/443/214 2637/425/214
f 2639/428/227 2654/444/222 2638/426/215
f 2640/445/422 2655/446/227 2639/428/227
f 2641/431/193 2656/447/422 2640/429/422
f 2642/433/237 2657/448/193 2641/431/193
f 2642/433/237 2659/449/233 2658/450/237
f 2643/432/233 2660/451/199 2659/449/233
f 2644/434/199 2661/452/234 2660/451/199
f 2645/435/234 2662/453/224 2661/452/234
f 2646/436/224 2663/454/220 2662/453/224
f 2647/437/220 2664/455/221 2663/454/220
f 2648/438/226 2665/456/231 2664/455/221
f 2649/439/231 2666/457/210 2665/456/231
f 2651/441/211 2666/457/210 2650/440/210
f 2636/424/213 2667/458/211 2651/441/211
f 2653/443/214 2668/459/213 2652/442/213
f 2654/444/222 2669/460/214 2653/443/214
f 2655/446/227 2670/461/222 2654/444/222
f 2656/462/422 2671/463/876 2655/446/227
f 2657/448/193 2672/464/191 2656/447/422
f 2658/450/237 2673/465/193 2657/448/193
f 2658/450/237 2675/466/233 2674/467/237
f 2659/449/233 2676/468/199 2675/466/233
f 2660/451/199 2677/469/234 2676/468/199
f 2661/452/234 2678/470/224 2677/469/234
f 2662/453/224 2679/471/877 2678/470/224
f 2663/454/220 2680/472/226 2679/471/877
f 2664/455/221 2681/473/231 2680/472/226
f 2665/456/231 2682/474/210 2681/473/231
f 2667/458/211 2682/474/210 2666/457/210
f 2652/442/213 2683/475/211 2667/458/211
f 2669/460/214 2684/476/213 2668/459/213
f 2670/461/222 2685/477/214 2669/460/214
f 2671/463/876 2686/478/222 2670/461/222
f 2672/479/191 2687/480/104 2671/463/876
f 2673/465/193 2688/481/878 2672/464/191
f 2674/467/237 2689/482/193 2673/465/193
f 2674/467/237 2691/483/233 2690/484/237
f 2675/466/233 2692/485/199 2691/483/233
f 2676/468/199 2693/486/234 2692/485/199
f 2677/469/234 2694/487/224 2693/486/234
f 2678/470/224 2695/488/220 2694/487/224
f 2679/471/877 2696/489/226 2695/488/220
f 2680/472/226 2697/490/209 2696/489/226
f 2681/473/231 2698/491/210 2697/490/209
f 2683/475/211 2698/491/210 2682/474/210
f 2668/459/213 2699/492/211 2683/475/211
f 2685/477/214 2700/493/213 2684/476/213
f 2686/478/222 2701/494/214 2685/477/214
f 2687/480/104 2702/495/229 2686/478/222
f 2688/496/878 2703/497/104 2687/480/104
f 2689/482/193 2704/498/228 2688/481/878
f 2690/484/237 2705/499/193 2689/482/193
f 2690/484/237 2707/500/233 2706/501/195
f 2691/483/233 2708/502/199 2707/500/233
f 2692/485/199 2709/503/234 2708/502/199
f 2693/486/234 2710/504/224 2709/503/234
f 2694/487/224 2711/505/877 2710/504/224
f 2695/488/220 2712/506/879 2711/505/877
f 2696/489/226 2713/507/209 2712/506/879
f 2697/490/209 2714/508/210 2713/507/209
f 2699/492/211 2714/508/210 2698/491/210
f 2684/476/213 2715/509/211 2699/492/211
f 2701/494/214 2716/510/213 2700/493/213
f 2702/495/229 2717/511/214 2701/494/214
f 2703/497/104 2718/512/419 2702/495/229
f 2704/513/228 2719/514/104 2703/497/104
f 2705/499/193 2720/515/228 2704/498/228
f 2706/501/195 2721/516/193 2705/499/193
f 2706/501/195 2723/517/233 2722/518/195
f 2707/500/233 2724/519/199 2723/517/233
f 2708/502/199 2725/520/234 2724/519/199
f 2709/503/234 2726/521/880 2725/520/234
f 2710/504/224 2727/522/220 2726/521/880
f 2711/505/877 2728/523/226 2727/522/220
f 2712/506/879 2729/524/231 2728/523/226
f 2713/507/209 2730/525/210 2729/524/231
f 2715/509/211 2730/525/210 2714/508/210
f 2700/493/213 2731/526/211 2715/509/211
f 2717/511/214 2732/527/213 2716/510/213
f 2718/512/419 2733/528/214 2717/511/214
f 2719/514/104 2734/529/222 2718/512/419
f 2720/530/228 2735/531/104 2719/514/104
f 2721/516/193 2736/532/881 2720/515/228
f 2722/518/195 2737/533/193 2721/516/193
f 2722/518/195 2739/534/233 2738/535/195
f 2723/517/233 2740/536/882 2739/534/233
f 2724/519/199 2741/537/218 2740/536/882
f 2725/520/234 2742/538/224 2741/537/218
f 2726/521/880 2743/539/220 2742/538/224
f 2727/522/220 2744/540/221 2743/539/220
f 2728/523/226 2745/541/231 2744/540/221
f 2729/524/231 2746/542/210 2745/541/231
f 2731/526/211 2746/542/210 2730/525/210
f 2716/510/213 2747/543/211 2731/526/211
f 2733/528/214 2748/544/213 2732/527/213
f 2734/529/222 2749/545/214 2733/528/214
f 2735/531/104 2750/546/419 2734/529/222
f 2736/547/881 2751/548/104 2735/531/104
f 2737/533/193 2752/549/422 2736/532/881
f 2738/535/195 2753/550/193 2737/533/193
f 2738/535/195 2755/551/217 2754/552/195
f 2739/534/233 2756/553/199 2755/551/217
f 2740/536/882 2757/554/234 2756/553/199
f 2741/537/218 2758/555/224 2757/554/234
f 2742/538/224 2759/556/220 2758/555/224
f 2743/539/220 2760/557/226 2759/556/220
f 2744/540/221 2761/558/209 2760/557/226
f 2745/541/231 2762/559/210 2761/558/209
f 2747/543/211 2762/559/210 2746/542/210
f 2732/527/213 2763/560/211 2747/543/211
f 2749/545/214 2764/361/213 2748/544/213
f 2750/546/419 2765/359/655 2749/545/214
f 2751/548/104 2766/362/656 2750/546/419
f 2752/561/422 2767/364/869 2751/548/104
f 2753/550/193 2768/370/659 2752/549/422
f 2754/552/195 2769/368/193 2753/550/193
f 2754/552/195 2771/375/66 2770/371/195
f 2755/551/217 2772/377/871 2771/375/66
f 2756/553/199 2773/379/201 2772/377/871
f 2757/554/234 2774/381/224 2773/379/201
f 2758/555/224 2775/383/205 2774/381/224
f 2759/556/220 2776/385/874 2775/383/205
f 2760/557/226 2777/387/209 2776/385/874
f 2761/558/209 2778/390/210 2777/387/209
f 2763/560/211 2778/390/210 2762/559/210
f 2748/544/213 2779/389/211 2763/560/211
f 2780/260/111 2797/261/638 2796/262/111
f 2781/263/638 2798/264/846 2797/261/638
f 2782/265/114 2799/266/115 2798/264/846
f 2784/267/118 2799/266/115 2783/268/115
f 2784/269/118 2801/270/117 2800/271/118
f 2785/272/117 2802/273/122 2801/270/117
f 2787/274/639 2802/273/122 2786/275/122
f 2788/276/123 2803/277/639 2787/274/639
f 2789/278/124 2804/279/640 2788/276/123
f 2790/280/126 2805/281/127 2789/278/124
f 2791/282/847 2806/283/129 2790/280/126
f 2791/282/847 2808/284/130 2807/285/847
f 2793/286/131 2808/284/130 2792/287/132
f 2794/288/133 2809/289/134 2793/286/131
f 2794/288/133 2811/290/135 2810/291/133
f 2795/292/135 2796/262/111 2811/290/135
f 2797/293/848 2812/294/137 2796/295/138
f 2798/296/139 2813/297/140 2797/293/848
f 2799/298/849 2814/299/644 2798/296/139
f 2800/300/143 2815/301/850 2799/298/849
f 2801/302/145 2816/303/851 2800/304/143
f 2802/305/147 2817/306/852 2801/302/145
f 2802/305/147 2819/307/853 2818/308/854
f 2803/309/151 2820/310/855 2819/307/853
f 2804/311/153 2821/312/154 2820/310/855
f 2805/313/155 2822/314/156 2821/312/154
f 2806/315/856 2823/316/158 2822/314/156
f 2807/317/159 2824/318/160 2823/316/158
f 2808/319/161 2825/320/883 2824/318/160
f 2809/321/163 2826/322/164 2825/320/883
f 2811/323/165 2826/322/164 2810/324/166
f 2796/295/138 2827/325/167 2811/323/165
f 2813/326/140 2828/327/168 2812/328/137
f 2814/329/644 2829/330/858 2813/326/140
f 2815/331/850 2830/332/170 2814/329/644
f 2816/333/851 2831/334/884 2815/331/850
f 2817/335/852 2832/336/860 2816/337/851
f 2818/338/854 2833/339/861 2817/335/852
f 2818/338/854 2835/340/174 2834/341/175
f 2819/342/853 2836/343/863 2835/340/174
f 2820/344/855 2837/345/885 2836/343/863
f 2821/346/154 2838/347/178 2837/345/885
f 2822/348/156 2839/349/179 2838/347/178
f 2823/350/158 2840/351/865 2839/349/179
f 2824/352/160 2841/353/181 2840/351/865
f 2825/354/883 2842/355/182 2841/353/181
f 2827/356/167 2842/355/182 2826/357/164
f 2812/328/137 2843/358/183 2827/356/167
f 3005/359/655 2844/360/867 3004/361/886
f 3006/362/656 2845/363/868 3005/359/655
f 3007/364/869 2846/365/190 3006/362/656
f 3008/366/659 2847/367/406 3007/364/869
f 3009/368/193 2848/369/407 3008/370/659
f 3010/371/237 2849/372/196 3009/368/193
f 3010/371/237 2851/373/110 2850/374/237
f 3011/375/66 2852/376/662 2851/373/110
f 3012/377/704 2853/378/200 2852/376/662
f 3013/379/201 2854/380/872 2853/378/200
f 3014/381/224 2855/382/873 2854/380/872
f 3015/383/887 2856/384/206 2855/382/873
f 3016/385/226 2857/386/208 2856/384/206
f 3017/387/209 2858/388/210 2857/386/208
f 3019/389/211 2858/388/210 3018/390/210
f 3004/361/886 2859/391/212 3019/389/211
f 2829/392/858 2860/393/213 2828/394/168
f 2830/395/170 2861/396/214 2829/392/858
f 2831/397/884 2862/398/888 2830/395/170
f 2832/399/860 2863/400/104 2831/397/884
f 2833/401/861 2864/402/216 2832/403/860
f 2834/404/175 2865/405/193 2833/401/861
f 2867/406/233 2834/404/175 2835/407/174
f 2868/408/199 2835/407/174 2836/409/863
f 2869/410/218 2836/409/863 2837/411/885
f 2870/412/889 2837/411/885 2838/413/178
f 2871/414/220 2838/413/178 2839/415/179
f 2872/416/226 2839/415/179 2840/417/865
f 2873/418/231 2840/417/865 2841/419/181
f 2874/420/210 2841/419/181 2842/421/182
f 2843/422/183 2874/420/210 2842/421/182
f 2828/394/168 2875/423/107 2843/422/183
f 2861/396/214 2876/424/213 2860/393/213
f 2862/398/888 2877/425/214 2861/396/214
f 2863/400/104 2878/426/215 2862/398/888
f 2864/427/216 2879/428/227 2863/400/104
f 2865/405/193 2880/429/881 2864/402/216
f 2866/430/237 2881/431/193 2865/405/193
f 2866/430/237 2883/432/233 2882/433/237
f 2867/406/233 2884/434/199 2883/432/233
f 2868/408/199 2885/435/234 2884/434/199
f 2869/410/218 2886/436/224 2885/435/234
f 2870/412/889 2887/437/220 2886/436/224
f 2871/414/220 2888/438/226 2887/437/220
f 2872/416/226 2889/439/231 2888/438/226
f 2873/418/231 2890/440/210 2889/439/231
f 2875/423/107 2890/440/210 2874/420/210
f 2860/393/213 2891/441/107 2875/423/107
f 2877/425/214 2892/442/213 2876/424/213
f 2878/426/215 2893/443/214 2877/425/214
f 2879/428/227 2894/444/222 2878/426/215
f 2880/445/881 2895/446/227 2879/428/227
f 2881/431/193 2896/447/191 2880/429/881
f 2882/433/237 2897/448/193 2881/431/193
f 2882/433/237 2899/449/233 2898/450/237
f 2883/432/233 2900/451/199 2899/449/233
f 2884/434/199 2901/452/234 2900/451/199
f 2885/435/234 2902/453/224 2901/452/234
f 2886/436/224 2903/454/239 2902/453/224
f 2887/437/220 2904/455/207 2903/454/239
f 2888/438/226 2905/456/231 2904/455/207
f 2889/439/231 2906/457/210 2905/456/231
f 2891/441/107 2906/457/210 2890/440/210
f 2876/424/213 2907/458/107 2891/441/107
f 2893/443/214 2908/459/213 2892/442/213
f 2894/444/222 2909/460/214 2893/443/214
f 2895/446/227 2910/461/222 2894/444/222
f 2896/462/191 2911/463/876 2895/446/227
f 2897/448/193 2912/464/191 2896/447/191
f 2898/450/237 2913/465/193 2897/448/193
f 2898/450/237 2915/466/233 2914/467/237
f 2899/449/233 2916/468/199 2915/466/233
f 2900/451/199 2917/469/234 2916/468/199
f 2901/452/234 2918/470/890 2917/469/234
f 2902/453/224 2919/471/225 2918/470/890
f 2903/454/239 2920/472/226 2919/471/225
f 2904/455/207 2921/473/420 2920/472/226
f 2905/456/231 2922/474/210 2921/473/420
f 2907/458/107 2922/474/210 2906/457/210
f 2892/442/213 2923/475/107 2907/458/107
f 2909/460/214 2924/476/213 2908/459/213
f 2910/461/222 2925/477/214 2909/460/214
f 2911/463/876 2926/478/222 2910/461/222
f 2912/479/191 2927/480/104 2911/463/876
f 2913/465/193 2928/481/881 2912/464/191
f 2914/467/237 2929/482/193 2913/465/193
f 2914/467/237 2931/483/233 2930/484/237
f 2915/466/233 2932/485/199 2931/483/233
f 2916/468/199 2933/486/234 2932/485/199
f 2917/469/234 2934/487/224 2933/486/234
f 2918/470/890 2935/488/220 2934/487/224
f 2919/471/225 2936/489/226 2935/488/220
f 2920/472/226 2937/490/209 2936/489/226
f 2921/473/420 2938/491/210 2937/490/209
f 2923/475/107 2938/491/210 2922/474/210
f 2908/459/213 2939/492/107 2923/475/107
f 2925/477/214 2940/493/213 2924/476/213
f 2926/478/222 2941/494/214 2925/477/214
f 2927/480/104 2942/495/419 2926/478/222
f 2928/496/881 2943/497/104 2927/480/104
f 2929/482/193 2944/498/228 2928/481/881
f 2930/484/237 2945/499/193 2929/482/193
f 2930/484/237 2947/500/233 2946/501/237
f 2931/483/233 2948/502/199 2947/500/233
f 2932/485/199 2949/503/234 2948/502/199
f 2933/486/234 2950/504/224 2949/503/234
f 2934/487/224 2951/505/877 2950/504/224
f 2935/488/220 2952/506/879 2951/505/877
f 2936/489/226 2953/507/209 2952/506/879
f 2937/490/209 2954/508/210 2953/507/209
f 2939/492/107 2954/508/210 2938/491/210
f 2924/476/213 2955/509/211 2939/492/107
f 2941/494/214 2956/510/213 2940/493/213
f 2942/495/419 2957/511/214 2941/494/214
f 2943/497/104 2958/512/222 2942/495/419
f 2944/513/228 2959/514/104 2943/497/104
f 2945/499/193 2960/515/228 2944/498/228
f 2946/501/237 2961/516/193 2945/499/193
f 2946/501/237 2963/517/233 2962/518/237
f 2947/500/233 2964/519/199 2963/517/233
f 2948/502/199 2965/520/234 2964/519/199
f 2949/503/234 2966/521/880 2965/520/234
f 2950/504/224 2967/522/220 2966/521/880
f 2951/505/877 2968/523/226 2967/522/220
f 2952/506/879 2969/524/231 2968/523/226
f 2953/507/209 2970/525/210 2969/524/231
f 2955/509/211 2970/525/210 2954/508/210
f 2940/493/213 2971/526/211 2955/509/211
f 2957/511/214 2972/527/213 2956/510/213
f 2958/512/222 2973/528/214 2957/511/214
f 2959/514/104 2974/529/222 2958/512/222
f 2960/530/228 2975/531/104 2959/514/104
f 2961/516/193 2976/532/878 2960/515/228
f 2962/518/237 2977/533/193 2961/516/193
f 2962/518/237 2979/534/233 2978/535/195
f 2963/517/233 2980/536/882 2979/534/233
f 2964/519/199 2981/537/218 2980/536/882
f 2965/520/234 2982/538/890 2981/537/218
f 2966/521/880 2983/539/220 2982/538/890
f 2967/522/220 2984/540/221 2983/539/220
f 2968/523/226 2985/541/231 2984/540/221
f 2969/524/231 2986/542/210 2985/541/231
f 2971/526/211 2986/542/210 2970/525/210
f 2956/510/213 2987/543/211 2971/526/211
f 2973/528/214 2988/544/213 2972/527/213
f 2974/529/222 2989/545/214 2973/528/214
f 2975/531/104 2990/546/419 2974/529/222
f 2976/547/878 2991/548/104 2975/531/104
f 2977/533/193 2992/549/422 2976/532/878
f 2978/535/195 2993/550/193 2977/533/193
f 2978/535/195 2995/551/217 2994/552/237
f 2979/534/233 2996/553/199 2995/551/217
f 2980/536/882 2997/554/234 2996/553/199
f 2981/537/218 2998/555/224 2997/554/234
f 2982/538/890 2999/556/220 2998/555/224
f 2983/539/220 3000/557/226 2999/556/220
f 2984/540/221 3001/558/209 3000/557/226
f 2985/541/231 3002/559/210 3001/558/209
f 2987/543/211 3002/559/210 2986/542/210
f 2972/527/213 3003/560/211 2987/543/211
f 2989/545/214 3004/361/886 2988/544/213
f 2990/546/419 3005/359/655 2989/545/214
f 2991/548/104 3006/362/656 2990/546/419
f 2992/561/422 3007/364/869 2991/548/104
f 2993/550/193 3008/370/659 2992/549/422
f 2994/552/237 3009/368/193 2993/550/193
f 2994/552/237 3011/375/66 3010/371/237
f 2995/551/217 3012/377/704 3011/375/66
f 2996/553/199 3013/379/201 3012/377/704
f 2997/554/234 3014/381/224 3013/379/201
f 2998/555/224 3015/383/887 3014/381/224
f 2999/556/220 3016/385/226 3015/383/887
f 3000/557/226 3017/387/209 3016/385/226
f 3001/558/209 3018/390/210 3017/387/209
f 3003/560/211 3018/390/210 3002/559/210
f 2988/544/213 3019/389/211 3003/560/211
f 3020/260/891 3037/261/112 3036/262/111
f 3021/263/112 3038/264/113 3037/261/112
f 3022/265/114 3039/266/115 3038/264/113
f 3024/267/118 3039/266/115 3023/268/115
f 3024/269/118 3041/270/119 3040/271/118
f 3025/272/119 3042/273/120 3041/270/119
f 3027/274/121 3042/273/120 3026/275/120
f 3028/276/892 3043/277/121 3027/274/121
f 3029/278/124 3044/279/125 3028/276/892
f 3030/280/126 3045/281/641 3029/278/124
f 3031/282/847 3046/283/129 3030/280/126
f 3031/282/847 3048/284/130 3047/285/128
f 3033/286/131 3048/284/130 3032/287/132
f 3034/288/133 3049/289/134 3033/286/131
f 3034/288/133 3051/290/135 3050/291/642
f 3035/292/135 3036/262/111 3051/290/135
f 3037/293/136 3052/294/137 3036/295/138
f 3038/296/139 3053/297/140 3037/293/136
f 3039/298/849 3054/299/644 3038/296/139
f 3040/300/143 3055/301/144 3039/298/849
f 3041/302/145 3056/303/146 3040/304/143
f 3042/305/147 3057/306/852 3041/302/145
f 3042/305/147 3059/307/853 3058/308/150
f 3043/309/151 3060/310/855 3059/307/853
f 3044/311/893 3061/312/154 3060/310/855
f 3045/313/155 3062/314/156 3061/312/154
f 3046/315/157 3063/316/158 3062/314/156
f 3047/317/159 3064/318/160 3063/316/158
f 3048/319/161 3065/320/162 3064/318/160
f 3049/321/163 3066/322/164 3065/320/162
f 3051/323/165 3066/322/164 3050/324/166
f 3036/295/138 3067/325/645 3051/323/165
f 3053/326/140 3068/327/168 3052/328/137
f 3054/329/644 3069/330/646 3053/326/140
f 3055/331/144 3070/332/170 3054/329/644
f 3056/333/146 3071/334/171 3055/331/144
f 3057/335/852 3072/336/860 3056/337/146
f 3058/338/150 3073/339/173 3057/335/852
f 3058/338/150 3075/340/174 3074/341/175
f 3059/342/853 3076/343/176 3075/340/174
f 3060/344/855 3077/345/894 3076/343/176
f 3061/346/154 3078/347/895 3077/345/894
f 3062/348/156 3079/349/179 3078/347/895
f 3063/350/158 3080/351/653 3079/349/179
f 3064/352/160 3081/353/181 3080/351/653
f 3065/354/162 3082/355/182 3081/353/181
f 3067/356/645 3082/355/182 3066/357/164
f 3052/328/137 3083/358/183 3067/356/645
f 3245/359/896 3084/360/867 3244/361/886
f 3246/362/656 3085/363/188 3245/359/896
f 3247/364/189 3086/365/190 3246/362/656
f 3248/366/228 3087/367/192 3247/364/189
f 3249/368/193 3088/369/897 3248/370/228
f 3250/371/195 3089/372/196 3249/368/193
f 3250/371/195 3091/373/110 3090/374/195
f 3251/375/66 3092/376/662 3091/373/110
f 3252/377/704 3093/378/200 3092/376/662
f 3253/379/201 3094/380/898 3093/378/200
f 3254/381/224 3095/382/873 3094/380/898
f 3255/383/205 3096/384/666 3095/382/873
f 3256/385/226 3097/386/208 3096/384/666
f 3257/387/209 3098/388/210 3097/386/208
f 3259/389/211 3098/388/210 3258/390/210
f 3244/361/886 3099/391/212 3259/389/211
f 3069/392/646 3100/393/213 3068/394/168
f 3070/395/170 3101/396/214 3069/392/646
f 3071/397/171 3102/398/899 3070/395/170
f 3072/399/860 3103/400/104 3071/397/171
f 3073/401/173 3104/402/191 3072/403/860
f 3074/404/175 3105/405/193 3073/401/173
f 3107/406/217 3074/404/175 3075/407/174
f 3108/408/199 3075/407/174 3076/409/176
f 3109/410/218 3076/409/176 3077/411/894
f 3110/412/900 3077/411/894 3078/413/895
f 3111/414/220 3078/413/895 3079/415/179
f 3112/416/226 3079/415/179 3080/417/653
f 3113/418/420 3080/417/653 3081/419/181
f 3114/420/210 3081/419/181 3082/421/182
f 3083/422/183 3114/420/210 3082/421/182
f 3068/394/168 3115/423/211 3083/422/183
f 3101/396/214 3116/424/213 3100/393/213
f 3102/398/899 3117/425/214 3101/396/214
f 3103/400/104 3118/426/222 3102/398/899
f 3104/427/191 3119/428/227 3103/400/104
f 3105/405/193 3120/429/228 3104/402/191
f 3106/430/237 3121/431/193 3105/405/193
f 3106/430/237 3123/432/217 3122/433/237
f 3107/406/217 3124/434/199 3123/432/217
f 3108/408/199 3125/435/218 3124/434/199
f 3109/410/218 3126/436/224 3125/435/218
f 3110/412/900 3127/437/220 3126/436/224
f 3111/414/220 3128/438/221 3127/437/220
f 3112/416/226 3129/439/420 3128/438/221
f 3113/418/420 3130/440/210 3129/439/420
f 3115/423/211 3130/440/210 3114/420/210
f 3100/393/213 3131/441/211 3115/423/211
f 3117/425/214 3132/442/213 3116/424/213
f 3118/426/222 3133/443/214 3117/425/214
f 3119/428/227 3134/444/229 3118/426/222
f 3120/445/228 3135/446/104 3119/428/227
f 3121/431/193 3136/447/191 3120/429/228
f 3122/433/237 3137/448/193 3121/431/193
f 3122/433/237 3139/449/217 3138/450/237
f 3123/432/217 3140/451/199 3139/449/217
f 3124/434/199 3141/452/218 3140/451/199
f 3125/435/218 3142/453/224 3141/452/218
f 3126/436/224 3143/454/220 3142/453/224
f 3127/437/220 3144/455/226 3143/454/220
f 3128/438/221 3145/456/209 3144/455/226
f 3129/439/420 3146/457/210 3145/456/209
f 3131/441/211 3146/457/210 3130/440/210
f 3116/424/213 3147/458/211 3131/441/211
f 3133/443/214 3148/459/213 3132/442/213
f 3134/444/229 3149/460/214 3133/443/214
f 3135/446/104 3150/461/419 3134/444/229
f 3136/462/191 3151/463/104 3135/446/104
f 3137/448/193 3152/464/191 3136/447/191
f 3138/450/237 3153/465/193 3137/448/193
f 3138/450/237 3155/466/217 3154/467/195
f 3139/449/217 3156/468/199 3155/466/217
f 3140/451/199 3157/469/234 3156/468/199
f 3141/452/218 3158/470/224 3157/469/234
f 3142/453/224 3159/471/220 3158/470/224
f 3143/454/220 3160/472/226 3159/471/220
f 3144/455/226 3161/473/209 3160/472/226
f 3145/456/209 3162/474/210 3161/473/209
f 3147/458/211 3162/474/210 3146/457/210
f 3132/442/213 3163/475/211 3147/458/211
f 3149/460/214 3164/476/213 3148/459/213
f 3150/461/419 3165/477/214 3149/460/214
f 3151/463/104 3166/478/229 3150/461/419
f 3152/479/191 3167/480/104 3151/463/104
f 3153/465/193 3168/481/223 3152/464/191
f 3154/467/195 3169/482/193 3153/465/193
f 3154/467/195 3171/483/217 3170/484/195
f 3155/466/217 3172/485/199 3171/483/217
f 3156/468/199 3173/486/230 3172/485/199
f 3157/469/234 3174/487/224 3173/486/230
f 3158/470/224 3175/488/220 3174/487/224
f 3159/471/220 3176/489/226 3175/488/220
f 3160/472/226 3177/490/420 3176/489/226
f 3161/473/209 3178/491/210 3177/490/420
f 3163/475/211 3178/491/210 3162/474/210
f 3148/459/213 3179/492/211 3163/475/211
f 3165/477/214 3180/493/213 3164/476/213
f 3166/478/229 3181/494/214 3165/477/214
f 3167/480/104 3182/495/229 3166/478/229
f 3168/496/223 3183/497/104 3167/480/104
f 3169/482/193 3184/498/228 3168/481/223
f 3170/484/195 3185/499/193 3169/482/193
f 3170/484/195 3187/500/233 3186/501/195
f 3171/483/217 3188/502/199 3187/500/233
f 3172/485/199 3189/503/218 3188/502/199
f 3173/486/230 3190/504/224 3189/503/218
f 3174/487/224 3191/505/220 3190/504/224
f 3175/488/220 3192/506/226 3191/505/220
f 3176/489/226 3193/507/209 3192/506/226
f 3177/490/420 3194/508/210 3193/507/209
f 3179/492/211 3194/508/210 3178/491/210
f 3164/476/213 3195/509/211 3179/492/211
f 3181/494/214 3196/510/213 3180/493/213
f 3182/495/229 3197/511/214 3181/494/214
f 3183/497/104 3198/512/419 3182/495/229
f 3184/513/228 3199/514/104 3183/497/104
f 3185/499/193 3200/515/191 3184/498/228
f 3186/501/195 3201/516/193 3185/499/193
f 3186/501/195 3203/517/217 3202/518/237
f 3187/500/233 3204/519/199 3203/517/217
f 3188/502/199 3205/520/218 3204/519/199
f 3189/503/218 3206/521/224 3205/520/218
f 3190/504/224 3207/522/220 3206/521/224
f 3191/505/220 3208/523/226 3207/522/220
f 3192/506/226 3209/524/209 3208/523/226
f 3193/507/209 3210/525/210 3209/524/209
f 3195/509/211 3210/525/210 3194/508/210
f 3180/493/213 3211/526/211 3195/509/211
f 3197/511/214 3212/527/213 3196/510/213
f 3198/512/419 3213/528/214 3197/511/214
f 3199/514/104 3214/529/229 3198/512/419
f 3200/530/191 3215/531/104 3199/514/104
f 3201/516/193 3216/532/228 3200/515/191
f 3202/518/237 3217/533/193 3201/516/193
f 3202/518/237 3219/534/233 3218/535/195
f 3203/517/217 3220/536/199 3219/534/233
f 3204/519/199 3221/537/218 3220/536/199
f 3205/520/218 3222/538/224 3221/537/218
f 3206/521/224 3223/539/220 3222/538/224
f 3207/522/220 3224/540/221 3223/539/220
f 3208/523/226 3225/541/209 3224/540/221
f 3209/524/209 3226/542/210 3225/541/209
f 3211/526/211 3226/542/210 3210/525/210
f 3196/510/213 3227/543/211 3211/526/211
f 3213/528/214 3228/544/213 3212/527/213
f 3214/529/229 3229/545/214 3213/528/214
f 3215/531/104 3230/546/229 3214/529/229
f 3216/547/228 3231/548/104 3215/531/104
f 3217/533/193 3232/549/881 3216/532/228
f 3218/535/195 3233/550/193 3217/533/193
f 3218/535/195 3235/551/217 3234/552/195
f 3219/534/233 3236/553/199 3235/551/217
f 3220/536/199 3237/554/218 3236/553/199
f 3221/537/218 3238/555/203 3237/554/218
f 3222/538/224 3239/556/220 3238/555/203
f 3223/539/220 3240/557/226 3239/556/220
f 3224/540/221 3241/558/209 3240/557/226
f 3225/541/209 3242/559/238 3241/558/209
f 3227/543/211 3242/559/238 3226/542/210
f 3212/527/213 3243/560/211 3227/543/211
f 3229/545/214 3244/361/886 3228/544/213
f 3230/546/229 3245/359/896 3229/545/214
f 3231/548/104 3246/362/656 3230/546/229
f 3232/561/881 3247/364/189 3231/548/104
f 3233/550/193 3248/370/228 3232/549/881
f 3234/552/195 3249/368/193 3233/550/193
f 3234/552/195 3251/375/66 3250/371/195
f 3235/551/217 3252/377/704 3251/375/66
f 3236/553/199 3253/379/201 3252/377/704
f 3237/554/218 3254/381/224 3253/379/201
f 3238/555/203 3255/383/205 3254/381/224
f 3239/556/220 3256/385/226 3255/383/205
f 3240/557/226 3257/387/209 3256/385/226
f 3241/558/209 3258/390/210 3257/387/209
f 3243/560/211 3258/390/210 3242/559/238
f 3228/544/213 3259/389/211 3243/560/211
f 3260/260/111 3277/261/112 3276/262/111
f 3261/263/112 3278/264/113 3277/261/112
f 3262/265/114 3279/266/115 3278/264/113
f 3264/267/116 3279/266/115 3263/268/115
f 3264/269/116 3281/270/119 3280/271/116
f 3265/272/119 3282/273/120 3281/270/119
f 3267/274/121 3282/273/120 3266/275/122
f 3268/276/892 3283/277/121 3267/274/121
f 3269/278/124 3284/279/125 3268/276/892
f 3270/280/126 3285/281/641 3269/278/124
f 3271/282/128 3286/283/129 3270/280/126
f 3271/282/128 3288/284/130 3287/285/128
f 3273/286/131 3288/284/130 3272/287/132
f 3274/288/133 3289/289/134 3273/286/131
f 3274/288/133 3291/290/135 3290/291/133
f 3275/292/135 3276/262/111 3291/290/135
f 3277/293/136 3292/294/137 3276/295/138
f 3278/296/139 3293/297/140 3277/293/136
f 3279/298/141 3294/299/901 3278/296/139
f 3280/300/902 3295/301/850 3279/298/141
f 3281/302/145 3296/303/146 3280/304/902
f 3282/305/147 3297/306/148 3281/302/145
f 3282/305/147 3299/307/149 3298/308/150
f 3283/309/151 3300/310/855 3299/307/149
f 3284/311/153 3301/312/154 3300/310/855
f 3285/313/155 3302/314/156 3301/312/154
f 3286/315/157 3303/316/158 3302/314/156
f 3287/317/159 3304/318/160 3303/316/158
f 3288/319/161 3305/320/162 3304/318/160
f 3289/321/163 3306/322/164 3305/320/162
f 3291/323/165 3306/322/164 3290/324/166
f 3276/295/138 3307/325/645 3291/323/165
f 3293/326/140 3308/327/168 3292/328/137
f 3294/329/901 3309/330/646 3293/326/140
f 3295/331/850 3310/332/170 3294/329/901
f 3296/333/146 3311/334/884 3295/331/850
f 3297/335/148 3312/336/860 3296/337/146
f 3298/338/150 3313/339/173 3297/335/148
f 3298/338/150 3315/340/174 3314/341/175
f 3299/342/149 3316/343/176 3315/340/174
f 3300/344/855 3317/345/894 3316/343/176
f 3301/346/154 3318/347/895 3317/345/894
f 3302/348/156 3319/349/179 3318/347/895
f 3303/350/158 3320/351/903 3319/349/179
f 3304/352/160 3321/353/181 3320/351/903
f 3305/354/162 3322/355/182 3321/353/181
f 3307/356/645 3322/355/182 3306/357/164
f 3292/328/137 3323/358/654 3307/356/645
f 3485/359/655 3324/360/867 3484/361/677
f 3486/362/656 3325/363/188 3485/359/655
f 3487/364/904 3326/365/190 3486/362/656
f 3488/366/228 3327/367/406 3487/364/904
f 3489/368/193 3328/369/905 3488/370/228
f 3490/371/237 3329/372/196 3489/368/193
f 3490/371/237 3331/373/110 3330/374/237
f 3491/375/66 3332/376/198 3331/373/110
f 3492/377/704 3333/378/200 3332/376/198
f 3493/379/201 3334/380/872 3333/378/200
f 3494/381/203 3335/382/204 3334/380/872
f 3495/383/205 3336/384/206 3335/382/204
f 3496/385/226 3337/386/208 3336/384/206
f 3497/387/209 3338/388/210 3337/386/208
f 3499/389/211 3338/388/210 3498/390/210
f 3484/361/677 3339/391/212 3499/389/211
f 3309/392/646 3340/393/213 3308/394/168
f 3310/395/170 3341/396/214 3309/392/646
f 3311/397/884 3342/398/899 3310/395/170
f 3312/399/860 3343/400/104 3311/397/884
f 3313/401/173 3344/402/191 3312/403/860
f 3314/404/175 3345/405/193 3313/401/173
f 3347/406/233 3314/404/175 3315/407/174
f 3348/408/199 3315/407/174 3316/409/176
f 3349/410/218 3316/409/176 3317/411/894
f 3350/412/906 3317/411/894 3318/413/895
f 3351/414/220 3318/413/895 3319/415/179
f 3352/416/226 3319/415/179 3320/417/903
f 3353/418/231 3320/417/903 3321/419/181
f 3354/420/210 3321/419/181 3322/421/182
f 3323/422/654 3354/420/210 3322/421/182
f 3308/394/168 3355/423/107 3323/422/654
f 3341/396/214 3356/424/213 3340/393/213
f 3342/398/899 3357/425/214 3341/396/214
f 3343/400/104 3358/426/419 3342/398/899
f 3344/427/191 3359/428/104 3343/400/104
f 3345/405/193 3360/429/191 3344/402/191
f 3346/430/237 3361/431/193 3345/405/193
f 3346/430/237 3363/432/233 3362/433/237
f 3347/406/233 3364/434/199 3363/432/233
f 3348/408/199 3365/435/218 3364/434/199
f 3349/410/218 3366/436/224 3365/435/218
f 3350/412/906 3367/437/220 3366/436/224
f 3351/414/220 3368/438/226 3367/437/220
f 3352/416/226 3369/439/420 3368/438/226
f 3353/418/231 3370/440/210 3369/439/420
f 3355/423/107 3370/440/210 3354/420/210
f 3340/393/213 3371/441/211 3355/423/107
f 3357/425/214 3372/442/213 3356/424/213
f 3358/426/419 3373/443/214 3357/425/214
f 3359/428/104 3374/444/419 3358/426/419
f 3360/445/191 3375/446/104 3359/428/104
f 3361/431/193 3376/447/191 3360/429/191
f 3362/433/237 3377/448/193 3361/431/193
f 3362/433/237 3379/449/233 3378/450/195
f 3363/432/233 3380/451/199 3379/449/233
f 3364/434/199 3381/452/218 3380/451/199
f 3365/435/218 3382/453/224 3381/452/218
f 3366/436/224 3383/454/220 3382/453/224
f 3367/437/220 3384/455/226 3383/454/220
f 3368/438/226 3385/456/231 3384/455/226
f 3369/439/420 3386/457/210 3385/456/231
f 3371/441/211 3386/457/210 3370/440/210
f 3356/424/213 3387/458/211 3371/441/211
f 3373/443/214 3388/459/213 3372/442/213
f 3374/444/419 3389/460/214 3373/443/214
f 3375/446/104 3390/461/222 3374/444/419
f 3376/462/191 3391/463/104 3375/446/104
f 3377/448/193 3392/464/191 3376/447/191
f 3378/450/195 3393/465/193 3377/448/193
f 3378/450/195 3395/466/233 3394/467/237
f 3379/449/233 3396/468/199 3395/466/233
f 3380/451/199 3397/469/218 3396/468/199
f 3381/452/218 3398/470/224 3397/469/218
f 3382/453/224 3399/471/220 3398/470/224
f 3383/454/220 3400/472/226 3399/471/220
f 3384/455/226 3401/473/231 3400/472/226
f 3385/456/231 3402/474/210 3401/473/231
f 3387/458/211 3402/474/210 3386/457/210
f 3372/442/213 3403/475/107 3387/458/211
f 3389/460/214 3404/476/213 3388/459/213
f 3390/461/222 3405/477/214 3389/460/214
f 3391/463/104 3406/478/229 3390/461/222
f 3392/479/191 3407/480/104 3391/463/104
f 3393/465/193 3408/481/228 3392/464/191
f 3394/467/237 3409/482/193 3393/465/193
f 3394/467/237 3411/483/217 3410/484/195
f 3395/466/233 3412/485/199 3411/483/217
f 3396/468/199 3413/486/230 3412/485/199
f 3397/469/218 3414/487/224 3413/486/230
f 3398/470/224 3415/488/225 3414/487/224
f 3399/471/220 3416/489/226 3415/488/225
f 3400/472/226 3417/490/231 3416/489/226
f 3401/473/231 3418/491/210 3417/490/231
f 3403/475/107 3418/491/210 3402/474/210
f 3388/459/213 3419/492/107 3403/475/107
f 3405/477/214 3420/493/213 3404/476/213
f 3406/478/229 3421/494/236 3405/477/214
f 3407/480/104 3422/495/229 3406/478/229
f 3408/496/228 3423/497/104 3407/480/104
f 3409/482/193 3424/498/422 3408/481/228
f 3410/484/195 3425/499/193 3409/482/193
f 3410/484/195 3427/500/233 3426/501/195
f 3411/483/217 3428/502/199 3427/500/233
f 3412/485/199 3429/503/218 3428/502/199
f 3413/486/230 3430/504/224 3429/503/218
f 3414/487/224 3431/505/907 3430/504/224
f 3415/488/225 3432/506/226 3431/505/907
f 3416/489/226 3433/507/209 3432/506/226
f 3417/490/231 3434/508/210 3433/507/209
f 3419/492/107 3434/508/210 3418/491/210
f 3404/476/213 3435/509/211 3419/492/107
f 3421/494/236 3436/510/213 3420/493/213
f 3422/495/229 3437/511/214 3421/494/236
f 3423/497/104 3438/512/229 3422/495/229
f 3424/513/422 3439/514/104 3423/497/104
f 3425/499/193 3440/515/422 3424/498/422
f 3426/501/195 3441/516/193 3425/499/193
f 3426/501/195 3443/517/233 3442/518/237
f 3427/500/233 3444/519/199 3443/517/233
f 3428/502/199 3445/520/218 3444/519/199
f 3429/503/218 3446/521/224 3445/520/218
f 3430/504/224 3447/522/220 3446/521/224
f 3431/505/907 3448/523/226 3447/522/220
f 3432/506/226 3449/524/209 3448/523/226
f 3433/507/209 3450/525/210 3449/524/209
f 3435/509/211 3450/525/210 3434/508/210
f 3420/493/213 3451/526/211 3435/509/211
f 3437/511/214 3452/527/213 3436/510/213
f 3438/512/229 3453/528/214 3437/511/214
f 3439/514/104 3454/529/229 3438/512/229
f 3440/530/422 3455/531/104 3439/514/104
f 3441/516/193 3456/532/191 3440/515/422
f 3442/518/237 3457/533/193 3441/516/193
f 3442/518/237 3459/534/233 3458/535/195
f 3443/517/233 3460/536/199 3459/534/233
f 3444/519/199 3461/537/218 3460/536/199
f 3445/520/218 3462/538/224 3461/537/218
f 3446/521/224 3463/539/220 3462/538/224
f 3447/522/220 3464/540/226 3463/539/220
f 3448/523/226 3465/541/209 3464/540/226
f 3449/524/209 3466/542/210 3465/541/209
f 3451/526/211 3466/542/210 3450/525/210
f 3436/510/213 3467/543/211 3451/526/211
f 3453/528/214 3468/544/213 3452/527/213
f 3454/529/229 3469/545/214 3453/528/214
f 3455/531/104 3470/546/229 3454/529/229
f 3456/547/191 3471/548/104 3455/531/104
f 3457/533/193 3472/549/228 3456/532/191
f 3458/535/195 3473/550/193 3457/533/193
f 3458/535/195 3475/551/233 3474/552/237
f 3459/534/233 3476/553/199 3475/551/233
f 3460/536/199 3477/554/218 3476/553/199
f 3461/537/218 3478/555/224 3477/554/218
f 3462/538/224 3479/556/220 3478/555/224
f 3463/539/220 3480/557/221 3479/556/220
f 3464/540/226 3481/558/420 3480/557/221
f 3465/541/209 3482/559/210 3481/558/420
f 3467/543/211 3482/559/210 3466/542/210
f 3452/527/213 3483/560/211 3467/543/211
f 3469/545/214 3484/361/677 3468/544/213
f 3470/546/229 3485/359/655 3469/545/214
f 3471/548/104 3486/362/656 3470/546/229
f 3472/561/228 3487/364/904 3471/548/104
f 3473/550/193 3488/370/228 3472/549/228
f 3474/552/237 3489/368/193 3473/550/193
f 3474/552/237 3491/375/66 3490/371/237
f 3475/551/233 3492/377/704 3491/375/66
f 3476/553/199 3493/379/201 3492/377/704
f 3477/554/218 3494/381/203 3493/379/201
f 3478/555/224 3495/383/205 3494/381/203
f 3479/556/220 3496/385/226 3495/383/205
f 3480/557/221 3497/387/209 3496/385/226
f 3481/558/420 3498/390/210 3497/387/209
f 3483/560/211 3498/390/210 3482/559/210
f 3468/544/213 3499/389/211 3483/560/211
f 3500/260/891 3517/261/112 3516/262/111
f 3501/263/112 3518/264/113 3517/261/112
f 3502/265/114 3519/266/115 3518/264/113
f 3504/267/116 3519/266/115 3503/268/115
f 3504/269/116 3521/270/117 3520/271/116
f 3505/272/119 3522/273/120 3521/270/117
f 3507/274/639 3522/273/120 3506/275/122
f 3508/276/123 3523/277/639 3507/274/639
f 3509/278/124 3524/279/640 3508/276/123
f 3510/280/126 3525/281/641 3509/278/124
f 3511/282/128 3526/283/129 3510/280/126
f 3511/282/128 3528/284/130 3527/285/128
f 3513/286/131 3528/284/130 3512/287/132
f 3514/288/642 3529/289/134 3513/286/131
f 3514/288/642 3531/290/643 3530/291/642
f 3515/292/643 3516/262/111 3531/290/643
f 3517/293/848 3532/294/137 3516/295/138
f 3518/296/139 3533/297/140 3517/293/848
f 3519/298/141 3534/299/644 3518/296/139
f 3520/300/143 3535/301/144 3519/298/141
f 3521/302/145 3536/303/146 3520/304/143
f 3522/305/147 3537/306/852 3521/302/145
f 3522/305/147 3539/307/853 3538/308/150
f 3523/309/151 3540/310/152 3539/307/853
f 3524/311/153 3541/312/154 3540/310/152
f 3525/313/155 3542/314/156 3541/312/154
f 3526/315/157 3543/316/158 3542/314/156
f 3527/317/159 3544/318/160 3543/316/158
f 3528/319/161 3545/320/162 3544/318/160
f 3529/321/163 3546/322/908 3545/320/162
f 3531/323/165 3546/322/908 3530/324/166
f 3516/295/138 3547/325/645 3531/323/165
f 3533/326/140 3548/327/168 3532/328/137
f 3534/329/644 3549/330/646 3533/326/140
f 3535/331/144 3550/332/909 3534/329/644
f 3536/333/146 3551/334/171 3535/331/144
f 3537/335/852 3552/336/860 3536/337/146
f 3538/338/150 3553/339/173 3537/335/852
f 3538/338/150 3555/340/174 3554/341/175
f 3539/342/853 3556/343/176 3555/340/174
f 3540/344/152 3557/345/177 3556/343/176
f 3541/346/154 3558/347/895 3557/345/177
f 3542/348/156 3559/349/179 3558/347/895
f 3543/350/158 3560/351/180 3559/349/179
f 3544/352/160 3561/353/181 3560/351/180
f 3545/354/162 3562/355/182 3561/353/181
f 3547/356/645 3562/355/182 3546/357/908
f 3532/328/137 3563/358/183 3547/356/645
f 3725/359/655 3564/360/867 3724/361/186
f 3726/362/656 3565/363/657 3725/359/655
f 3727/364/904 3566/365/910 3726/362/656
f 3728/366/228 3567/367/192 3727/364/904
f 3729/368/193 3568/369/905 3728/370/228
f 3730/371/237 3569/372/196 3729/368/193
f 3730/371/237 3571/373/110 3570/374/237
f 3731/375/233 3572/376/662 3571/373/110
f 3732/377/199 3573/378/200 3572/376/662
f 3733/379/201 3574/380/911 3573/378/200
f 3734/381/224 3575/382/204 3574/380/911
f 3735/383/887 3576/384/206 3575/382/204
f 3736/385/226 3577/386/208 3576/384/206
f 3737/387/420 3578/388/210 3577/386/208
f 3739/389/211 3578/388/210 3738/390/210
f 3724/361/186 3579/391/212 3739/389/211
f 3549/392/646 3580/393/213 3548/394/168
f 3550/395/909 3581/396/214 3549/392/646
f 3551/397/171 3582/398/215 3550/395/909
f 3552/399/860 3583/400/104 3551/397/171
f 3553/401/173 3584/402/216 3552/403/860
f 3554/404/175 3585/405/193 3553/401/173
f 3587/406/233 3554/404/175 3555/407/174
f 3588/408/199 3555/407/174 3556/409/176
f 3589/410/218 3556/409/176 3557/411/177
f 3590/412/906 3557/411/177 3558/413/895
f 3591/414/220 3558/413/895 3559/415/179
f 3592/416/226 3559/415/179 3560/417/180
f 3593/418/209 3560/417/180 3561/419/181
f 3594/420/210 3561/419/181 3562/421/182
f 3563/422/183 3594/420/210 3562/421/182
f 3548/394/168 3595/423/107 3563/422/183
f 3581/396/214 3596/424/213 3580/393/213
f 3582/398/215 3597/425/214 3581/396/214
f 3583/400/104 3598/426/899 3582/398/215
f 3584/427/216 3599/428/104 3583/400/104
f 3585/405/193 3600/429/191 3584/402/216
f 3586/430/237 3601/431/193 3585/405/193
f 3586/430/237 3603/432/233 3602/433/237
f 3587/406/233 3604/434/199 3603/432/233
f 3588/408/199 3605/435/218 3604/434/199
f 3589/410/218 3606/436/224 3605/435/218
f 3590/412/906 3607/437/220 3606/436/224
f 3591/414/220 3608/438/226 3607/437/220
f 3592/416/226 3609/439/209 3608/438/226
f 3593/418/209 3610/440/210 3609/439/209
f 3595/423/107 3610/440/210 3594/420/210
f 3580/393/213 3611/441/107 3595/423/107
f 3597/425/214 3612/442/213 3596/424/213
f 3598/426/899 3613/443/214 3597/425/214
f 3599/428/104 3614/444/419 3598/426/899
f 3600/445/191 3615/446/104 3599/428/104
f 3601/431/193 3616/447/191 3600/429/191
f 3602/433/237 3617/448/193 3601/431/193
f 3602/433/237 3619/449/233 3618/450/195
f 3603/432/233 3620/451/199 3619/449/233
f 3604/434/199 3621/452/218 3620/451/199
f 3605/435/218 3622/453/224 3621/452/218
f 3606/436/224 3623/454/220 3622/453/224
f 3607/437/220 3624/455/226 3623/454/220
f 3608/438/226 3625/456/209 3624/455/226
f 3609/439/209 3626/457/210 3625/456/209
f 3611/441/107 3626/457/210 3610/440/210
f 3596/424/213 3627/458/107 3611/441/107
f 3613/443/214 3628/459/213 3612/442/213
f 3614/444/419 3629/460/214 3613/443/214
f 3615/446/104 3630/461/419 3614/444/419
f 3616/462/191 3631/463/104 3615/446/104
f 3617/448/193 3632/464/216 3616/447/191
f 3618/450/195 3633/465/193 3617/448/193
f 3618/450/195 3635/466/233 3634/467/237
f 3619/449/233 3636/468/199 3635/466/233
f 3620/451/199 3637/469/234 3636/468/199
f 3621/452/218 3638/470/224 3637/469/234
f 3622/453/224 3639/471/220 3638/470/224
f 3623/454/220 3640/472/226 3639/471/220
f 3624/455/226 3641/473/420 3640/472/226
f 3625/456/209 3642/474/210 3641/473/420
f 3627/458/107 3642/474/210 3626/457/210
f 3612/442/213 3643/475/107 3627/458/107
f 3629/460/214 3644/476/213 3628/459/213
f 3630/461/419 3645/477/214 3629/460/214
f 3631/463/104 3646/478/229 3630/461/419
f 3632/479/216 3647/480/104 3631/463/104
f 3633/465/193 3648/481/912 3632/464/216
f 3634/467/237 3649/482/193 3633/465/193
f 3634/467/237 3651/483/233 3650/484/237
f 3635/466/233 3652/485/199 3651/483/233
f 3636/468/199 3653/486/234 3652/485/199
f 3637/469/234 3654/487/224 3653/486/234
f 3638/470/224 3655/488/220 3654/487/224
f 3639/471/220 3656/489/226 3655/488/220
f 3640/472/226 3657/490/231 3656/489/226
f 3641/473/420 3658/491/210 3657/490/231
f 3643/475/107 3658/491/210 3642/474/210
f 3628/459/213 3659/492/107 3643/475/107
f 3645/477/214 3660/493/213 3644/476/213
f 3646/478/229 3661/494/214 3645/477/214
f 3647/480/104 3662/495/229 3646/478/229
f 3648/496/912 3663/497/104 3647/480/104
f 3649/482/193 3664/498/228 3648/481/912
f 3650/484/237 3665/499/193 3649/482/193
f 3650/484/237 3667/500/233 3666/501/195
f 3651/483/233 3668/502/199 3667/500/233
f 3652/485/199 3669/503/234 3668/502/199
f 3653/486/234 3670/504/224 3669/503/234
f 3654/487/224 3671/505/220 3670/504/224
f 3655/488/220 3672/506/226 3671/505/220
f 3656/489/226 3673/507/209 3672/506/226
f 3657/490/231 3674/508/238 3673/507/209
f 3659/492/107 3674/508/238 3658/491/210
f 3644/476/213 3675/509/211 3659/492/107
f 3661/494/214 3676/510/213 3660/493/213
f 3662/495/229 3677/511/214 3661/494/214
f 3663/497/104 3678/512/229 3662/495/229
f 3664/513/228 3679/514/104 3663/497/104
f 3665/499/193 3680/515/422 3664/498/228
f 3666/501/195 3681/516/193 3665/499/193
f 3666/501/195 3683/517/233 3682/518/195
f 3667/500/233 3684/519/199 3683/517/233
f 3668/502/199 3685/520/234 3684/519/199
f 3669/503/234 3686/521/224 3685/520/234
f 3670/504/224 3687/522/235 3686/521/224
f 3671/505/220 3688/523/226 3687/522/235
f 3672/506/226 3689/524/209 3688/523/226
f 3673/507/209 3690/525/210 3689/524/209
f 3675/509/211 3690/525/210 3674/508/238
f 3660/493/213 3691/526/211 3675/509/211
f 3677/511/214 3692/527/213 3676/510/213
f 3678/512/229 3693/528/232 3677/511/214
f 3679/514/104 3694/529/419 3678/512/229
f 3680/530/422 3695/531/104 3679/514/104
f 3681/516/193 3696/532/228 3680/515/422
f 3682/518/195 3697/533/193 3681/516/193
f 3682/518/195 3699/534/233 3698/535/195
f 3683/517/233 3700/536/199 3699/534/233
f 3684/519/199 3701/537/218 3700/536/199
f 3685/520/234 3702/538/224 3701/537/218
f 3686/521/224 3703/539/220 3702/538/224
f 3687/522/235 3704/540/226 3703/539/220
f 3688/523/226 3705/541/209 3704/540/226
f 3689/524/209 3706/542/210 3705/541/209
f 3691/526/211 3706/542/210 3690/525/210
f 3676/510/213 3707/543/211 3691/526/211
f 3693/528/232 3708/544/213 3692/527/213
f 3694/529/419 3709/545/214 3693/528/232
f 3695/531/104 3710/546/229 3694/529/419
f 3696/547/228 3711/548/104 3695/531/104
f 3697/533/193 3712/549/228 3696/532/228
f 3698/535/195 3713/550/193 3697/533/193
f 3698/535/195 3715/551/233 3714/552/237
f 3699/534/233 3716/553/199 3715/551/233
f 3700/536/199 3717/554/218 3716/553/199
f 3701/537/218 3718/555/224 3717/554/218
f 3702/538/224 3719/556/220 3718/555/224
f 3703/539/220 3720/557/226 3719/556/220
f 3704/540/226 3721/558/209 3720/557/226
f 3705/541/209 3722/559/210 3721/558/209
f 3707/543/211 3722/559/210 3706/542/210
f 3692/527/213 3723/560/211 3707/543/211
f 3709/545/214 3724/361/186 3708/544/213
f 3710/546/229 3725/359/655 3709/545/214
f 3711/548/104 3726/362/656 3710/546/229
f 3712/561/228 3727/364/904 3711/548/104
f 3713/550/193 3728/370/228 3712/549/228
f 3714/552/237 3729/368/193 3713/550/193
f 3714/552/237 3731/375/233 3730/371/237
f 3715/551/233 3732/377/199 3731/375/233
f 3716/553/199 3733/379/201 3732/377/199
f 3717/554/218 3734/381/224 3733/379/201
f 3718/555/224 3735/383/887 3734/381/224
f 3719/556/220 3736/385/226 3735/383/887
f 3720/557/226 3737/387/420 3736/385/226
f 3721/558/209 3738/390/210 3737/387/420
f 3723/560/211 3738/390/210 3722/559/210
f 3708/544/213 3739/389/211 3723/560/211
f 3740/260/891 3757/261/638 3756/262/111
f 3741/263/112 3758/264/114 3757/261/638
f 3742/265/114 3759/266/115 3758/264/114
f 3744/267/116 3759/266/115 3743/268/115
f 3744/269/116 3761/270/117 3760/271/116
f 3745/272/119 3762/273/122 3761/270/117
f 3747/274/639 3762/273/122 3746/275/122
f 3748/276/123 3763/277/639 3747/274/639
f 3749/278/124 3764/279/640 3748/276/123
f 3750/280/126 3765/281/641 3749/278/124
f 3751/282/128 3766/283/129 3750/280/126
f 3751/282/128 3768/284/130 3767/285/128
f 3753/286/913 3768/284/130 3752/287/132
f 3754/288/133 3769/289/914 3753/286/913
f 3754/288/133 3771/290/135 3770/291/133
f 3755/292/135 3756/262/111 3771/290/135
f 3757/293/136 3772/294/137 3756/295/138
f 3758/296/139 3773/297/140 3757/293/136
f 3759/298/849 3774/299/644 3758/296/139
f 3760/300/143 3775/301/144 3759/298/849
f 3761/302/145 3776/303/851 3760/304/143
f 3762/305/147 3777/306/852 3761/302/145
f 3762/305/147 3779/307/149 3778/308/150
f 3763/309/151 3780/310/855 3779/307/149
f 3764/311/153 3781/312/154 3780/310/855
f 3765/313/155 3782/314/156 3781/312/154
f 3766/315/157 3783/316/158 3782/314/156
f 3767/317/159 3784/318/160 3783/316/158
f 3768/319/161 3785/320/162 3784/318/160
f 3769/321/163 3786/322/164 3785/320/162
f 3771/323/165 3786/322/164 3770/324/166
f 3756/295/138 3787/325/645 3771/323/165
f 3773/326/140 3788/327/168 3772/328/137
f 3774/329/644 3789/330/646 3773/326/140
f 3775/331/144 3790/332/170 3774/329/644
f 3776/333/851 3791/334/171 3775/331/144
f 3777/335/852 3792/336/915 3776/337/851
f 3778/338/150 3793/339/916 3777/335/852
f 3778/338/150 3795/340/174 3794/341/862
f 3779/342/149 3796/343/176 3795/340/174
f 3780/344/855 3797/345/894 3796/343/176
f 3781/346/154 3798/347/895 3797/345/894
f 3782/348/156 3799/349/179 3798/347/895
f 3783/350/158 3800/351/180 3799/349/179
f 3784/352/160 3801/353/917 3800/351/180
f 3785/354/162 3802/355/182 3801/353/917
f 3787/356/645 3802/355/182 3786/357/164
f 3772/328/137 3803/358/183 3787/356/645
f 3965/359/655 3804/360/867 3964/361/677
f 3966/362/187 3805/363/657 3965/359/655
f 3967/364/189 3806/365/190 3966/362/187
f 3968/366/422 3807/367/406 3967/364/189
f 3969/368/193 3808/369/407 3968/370/422
f 3970/371/237 3809/372/408 3969/368/193
f 3970/371/237 3811/373/110 3810/374/237
f 3971/375/233 3812/376/662 3811/373/110
f 3972/377/199 3813/378/200 3812/376/662
f 3973/379/201 3814/380/202 3813/378/200
f 3974/381/203 3815/382/204 3814/380/202
f 3975/383/205 3816/384/918 3815/382/204
f 3976/385/226 3817/386/919 3816/384/918
f 3977/387/209 3818/388/238 3817/386/919
f 3979/389/211 3818/388/238 3978/390/210
f 3964/361/677 3819/391/212 3979/389/211
f 3789/392/646 3820/393/213 3788/394/168
f 3790/395/170 3821/396/214 3789/392/646
f 3791/397/171 3822/398/920 3790/395/170
f 3792/399/915 3823/400/104 3791/397/171
f 3793/401/916 3824/402/191 3792/403/915
f 3794/404/862 3825/405/193 3793/401/916
f 3827/406/233 3794/404/862 3795/407/174
f 3828/408/199 3795/407/174 3796/409/176
f 3829/410/218 3796/409/176 3797/411/894
f 3830/412/921 3797/411/894 3798/413/895
f 3831/414/220 3798/413/895 3799/415/179
f 3832/416/226 3799/415/179 3800/417/180
f 3833/418/420 3800/417/180 3801/419/917
f 3834/420/238 3801/419/917 3802/421/182
f 3803/422/183 3834/420/238 3802/421/182
f 3788/394/168 3835/423/107 3803/422/183
f 3821/396/214 3836/424/213 3820/393/213
f 3822/398/920 3837/425/214 3821/396/214
f 3823/400/104 3838/426/899 3822/398/920
f 3824/427/191 3839/428/104 3823/400/104
f 3825/405/193 3840/429/878 3824/402/191
f 3826/430/237 3841/431/193 3825/405/193
f 3826/430/237 3843/432/233 3842/433/237
f 3827/406/233 3844/434/199 3843/432/233
f 3828/408/199 3845/435/218 3844/434/199
f 3829/410/218 3846/436/224 3845/435/218
f 3830/412/921 3847/437/220 3846/436/224
f 3831/414/220 3848/438/226 3847/437/220
f 3832/416/226 3849/439/231 3848/438/226
f 3833/418/420 3850/440/210 3849/439/231
f 3835/423/107 3850/440/210 3834/420/238
f 3820/393/213 3851/441/107 3835/423/107
f 3837/425/214 3852/442/213 3836/424/213
f 3838/426/899 3853/443/214 3837/425/214
f 3839/428/104 3854/444/229 3838/426/899
f 3840/445/878 3855/446/104 3839/428/104
f 3841/431/193 3856/447/191 3840/429/878
f 3842/433/237 3857/448/922 3841/431/193
f 3842/433/237 3859/449/233 3858/450/237
f 3843/432/233 3860/451/199 3859/449/233
f 3844/434/199 3861/452/218 3860/451/199
f 3845/435/218 3862/453/224 3861/452/218
f 3846/436/224 3863/454/220 3862/453/224
f 3847/437/220 3864/455/226 3863/454/220
f 3848/438/226 3865/456/420 3864/455/226
f 3849/439/231 3866/457/210 3865/456/420
f 3851/441/107 3866/457/210 3850/440/210
f 3836/424/213 3867/458/107 3851/441/107
f 3853/443/214 3868/459/213 3852/442/213
f 3854/444/229 3869/460/214 3853/443/214
f 3855/446/104 3870/461/229 3854/444/229
f 3856/462/191 3871/463/104 3855/446/104
f 3857/448/922 3872/464/228 3856/447/191
f 3858/450/237 3873/465/193 3857/448/922
f 3858/450/237 3875/466/233 3874/467/237
f 3859/449/233 3876/468/199 3875/466/233
f 3860/451/199 3877/469/218 3876/468/199
f 3861/452/218 3878/470/224 3877/469/218
f 3862/453/224 3879/471/235 3878/470/224
f 3863/454/220 3880/472/226 3879/471/235
f 3864/455/226 3881/473/420 3880/472/226
f 3865/456/420 3882/474/210 3881/473/420
f 3867/458/107 3882/474/210 3866/457/210
f 3852/442/213 3883/475/107 3867/458/107
f 3869/460/214 3884/476/213 3868/459/213
f 3870/461/229 3885/477/214 3869/460/214
f 3871/463/104 3886/478/229 3870/461/229
f 3872/479/228 3887/480/104 3871/463/104
f 3873/465/193 3888/481/875 3872/464/228
f 3874/467/237 3889/482/193 3873/465/193
f 3874/467/237 3891/483/233 3890/484/237
f 3875/466/233 3892/485/199 3891/483/233
f 3876/468/199 3893/486/218 3892/485/199
f 3877/469/218 3894/487/224 3893/486/218
f 3878/470/224 3895/488/220 3894/487/224
f 3879/471/235 3896/489/226 3895/488/220
f 3880/472/226 3897/490/231 3896/489/226
f 3881/473/420 3898/491/210 3897/490/231
f 3883/475/107 3898/491/210 3882/474/210
f 3868/459/213 3899/492/107 3883/475/107
f 3885/477/214 3900/493/213 3884/476/213
f 3886/478/229 3901/494/214 3885/477/214
f 3887/480/104 3902/495/229 3886/478/229
f 3888/496/875 3903/497/104 3887/480/104
f 3889/482/193 3904/498/228 3888/481/875
f 3890/484/237 3905/499/193 3889/482/193
f 3890/484/237 3907/500/233 3906/501/195
f 3891/483/233 3908/502/199 3907/500/233
f 3892/485/199 3909/503/218 3908/502/199
f 3893/486/218 3910/504/224 3909/503/218
f 3894/487/224 3911/505/235 3910/504/224
f 3895/488/220 3912/506/221 3911/505/235
f 3896/489/226 3913/507/420 3912/506/221
f 3897/490/231 3914/508/238 3913/507/420
f 3899/492/107 3914/508/238 3898/491/210
f 3884/476/213 3915/509/211 3899/492/107
f 3901/494/214 3916/510/213 3900/493/213
f 3902/495/229 3917/511/214 3901/494/214
f 3903/497/104 3918/512/229 3902/495/229
f 3904/513/228 3919/514/104 3903/497/104
f 3905/499/193 3920/515/228 3904/498/228
f 3906/501/195 3921/516/193 3905/499/193
f 3906/501/195 3923/517/233 3922/518/237
f 3907/500/233 3924/519/199 3923/517/233
f 3908/502/199 3925/520/218 3924/519/199
f 3909/503/218 3926/521/224 3925/520/218
f 3910/504/224 3927/522/225 3926/521/224
f 3911/505/235 3928/523/226 3927/522/225
f 3912/506/221 3929/524/209 3928/523/226
f 3913/507/420 3930/525/210 3929/524/209
f 3915/509/211 3930/525/210 3914/508/238
f 3900/493/213 3931/526/211 3915/509/211
f 3917/511/214 3932/527/213 3916/510/213
f 3918/512/229 3933/528/214 3917/511/214
f 3919/514/104 3934/529/229 3918/512/229
f 3920/530/228 3935/531/104 3919/514/104
f 3921/516/193 3936/532/422 3920/515/228
f 3922/518/237 3937/533/193 3921/516/193
f 3922/518/237 3939/534/233 3938/535/195
f 3923/517/233 3940/536/199 3939/534/233
f 3924/519/199 3941/537/218 3940/536/199
f 3925/520/218 3942/538/224 3941/537/218
f 3926/521/224 3943/539/220 3942/538/224
f 3927/522/225 3944/540/221 3943/539/220
f 3928/523/226 3945/541/209 3944/540/221
f 3929/524/209 3946/542/238 3945/541/209
f 3931/526/211 3946/542/238 3930/525/210
f 3916/510/213 3947/543/211 3931/526/211
f 3933/528/214 3948/544/213 3932/527/213
f 3934/529/229 3949/545/214 3933/528/214
f 3935/531/104 3950/546/229 3934/529/229
f 3936/547/422 3951/548/104 3935/531/104
f 3937/533/193 3952/549/228 3936/532/422
f 3938/535/195 3953/550/193 3937/533/193
f 3938/535/195 3955/551/233 3954/552/237
f 3939/534/233 3956/553/199 3955/551/233
f 3940/536/199 3957/554/218 3956/553/199
f 3941/537/218 3958/555/224 3957/554/218
f 3942/538/224 3959/556/220 3958/555/224
f 3943/539/220 3960/557/221 3959/556/220
f 3944/540/221 3961/558/209 3960/557/221
f 3945/541/209 3962/559/238 3961/558/209
f 3947/543/211 3962/559/238 3946/542/238
f 3932/527/213 3963/560/211 3947/543/211
f 3949/545/214 3964/361/677 3948/544/213
f 3950/546/229 3965/359/655 3949/545/214
f 3951/548/104 3966/362/187 3950/546/229
f 3952/561/228 3967/364/189 3951/548/104
f 3953/550/193 3968/370/422 3952/549/228
f 3954/552/237 3969/368/193 3953/550/193
f 3954/552/237 3971/375/233 3970/371/237
f 3955/551/233 3972/377/199 3971/375/233
f 3956/553/199 3973/379/201 3972/377/199
f 3957/554/218 3974/381/203 3973/379/201
f 3958/555/224 3975/383/205 3974/381/203
f 3959/556/220 3976/385/226 3975/383/205
f 3960/557/221 3977/387/209 3976/385/226
f 3961/558/209 3978/390/210 3977/387/209
f 3963/560/211 3978/390/210 3962/559/238
f 3948/544/213 3979/389/211 3963/560/211
f 3987/50/4 3980/51/4 3981/52/4
f 3982/53/30 3981/54/30 3980/55/30
f 3989/56/31 3988/57/31 3987/58/31
f 3982/59/32 3986/60/32 3984/61/32
f 3989/62/33 3992/63/33 3991/64/33
f 3986/65/1 3992/66/1 3990/67/1
f 3980/68/34 3991/69/34 3982/70/35
f 3984/71/36 3987/72/37 3981/73/38
f 3991/74/34 3983/75/35 3982/76/35
f 3990/77/39 3984/71/36 3986/78/39
f 3993/260/111 4010/261/112 4009/262/111
f 3994/263/112 4011/264/114 4010/261/112
f 3995/265/114 4012/266/115 4011/264/114
f 3997/267/116 4012/266/115 3996/268/115
f 3997/269/116 4014/270/117 4013/271/118
f 3998/272/117 4015/273/120 4014/270/117
f 4000/274/121 4015/273/120 3999/275/120
f 4001/276/123 4016/277/121 4000/274/121
f 4002/278/124 4017/279/125 4001/276/123
f 4003/280/126 4018/281/641 4002/278/124
f 4004/282/128 4019/283/129 4003/280/126
f 4004/282/128 4021/284/130 4020/285/128
f 4006/286/131 4021/284/130 4005/287/132
f 4007/288/642 4022/289/134 4006/286/131
f 4007/288/642 4024/290/643 4023/291/923
f 4008/292/643 4009/262/111 4024/290/643
f 4010/293/848 4025/294/924 4009/295/138
f 4011/296/139 4026/297/140 4010/293/848
f 4012/298/849 4027/299/644 4011/296/139
f 4013/300/143 4028/301/850 4012/298/849
f 4014/302/145 4029/303/851 4013/304/143
f 4015/305/147 4030/306/148 4014/302/145
f 4015/305/147 4032/307/149 4031/308/150
f 4016/309/151 4033/310/855 4032/307/149
f 4017/311/893 4034/312/154 4033/310/855
f 4018/313/155 4035/314/156 4034/312/154
f 4019/315/157 4036/316/158 4035/314/156
f 4020/317/159 4037/318/160 4036/316/158
f 4021/319/161 4038/320/162 4037/318/160
f 4022/321/163 4039/322/164 4038/320/162
f 4024/323/165 4039/322/164 4023/324/166
f 4009/295/138 4040/325/645 4024/323/165
f 4026/326/140 4041/327/168 4025/328/924
f 4027/329/644 4042/330/646 4026/326/140
f 4028/331/850 4043/332/909 4027/329/644
f 4029/333/851 4044/334/171 4028/331/850
f 4030/335/148 4045/336/860 4029/337/851
f 4031/338/150 4046/339/173 4030/335/148
f 4031/338/150 4048/340/174 4047/341/175
f 4032/342/149 4049/343/176 4048/340/174
f 4033/344/855 4050/345/885 4049/343/176
f 4034/346/154 4051/347/895 4050/345/885
f 4035/348/156 4052/349/179 4051/347/895
f 4036/350/158 4053/351/653 4052/349/179
f 4037/352/160 4054/353/917 4053/351/653
f 4038/354/162 4055/355/182 4054/353/917
f 4040/356/645 4055/355/182 4039/357/164
f 4025/328/924 4056/358/654 4040/356/645
f 4218/359/655 4057/360/867 4217/361/213
f 4219/362/419 4058/363/868 4218/359/655
f 4220/364/869 4059/365/190 4219/362/419
f 4221/366/422 4060/367/192 4220/364/869
f 4222/368/193 4061/369/905 4221/370/422
f 4223/371/237 4062/372/196 4222/368/193
f 4223/371/237 4064/373/110 4063/374/237
f 4224/375/233 4065/376/662 4064/373/110
f 4225/377/199 4066/378/200 4065/376/662
f 4226/379/201 4067/380/664 4066/378/200
f 4227/381/224 4068/382/204 4067/380/664
f 4228/383/205 4069/384/206 4068/382/204
f 4229/385/221 4070/386/208 4069/384/206
f 4230/387/209 4071/388/210 4070/386/208
f 4232/389/211 4071/388/210 4231/390/238
f 4217/361/213 4072/391/212 4232/389/211
f 4042/392/646 4073/393/213 4041/394/168
f 4043/395/909 4074/396/214 4042/392/646
f 4044/397/171 4075/398/419 4043/395/909
f 4045/399/860 4076/400/104 4044/397/171
f 4046/401/173 4077/402/191 4045/403/860
f 4047/404/175 4078/405/193 4046/401/173
f 4080/406/233 4047/404/175 4048/407/174
f 4081/408/199 4048/407/174 4049/409/176
f 4082/410/218 4049/409/176 4050/411/885
f 4083/412/906 4050/411/885 4051/413/895
f 4084/414/220 4051/413/895 4052/415/179
f 4085/416/226 4052/415/179 4053/417/653
f 4086/418/420 4053/417/653 4054/419/917
f 4087/420/238 4054/419/917 4055/421/182
f 4056/422/654 4087/420/238 4055/421/182
f 4041/394/168 4088/423/107 4056/422/654
f 4074/396/214 4089/424/213 4073/393/213
f 4075/398/419 4090/425/214 4074/396/214
f 4076/400/104 4091/426/419 4075/398/419
f 4077/427/191 4092/428/104 4076/400/104
f 4078/405/193 4093/429/191 4077/402/191
f 4079/430/237 4094/431/193 4078/405/193
f 4079/430/237 4096/432/233 4095/433/237
f 4080/406/233 4097/434/199 4096/432/233
f 4081/408/199 4098/435/218 4097/434/199
f 4082/410/218 4099/436/224 4098/435/218
f 4083/412/906 4100/437/220 4099/436/224
f 4084/414/220 4101/438/226 4100/437/220
f 4085/416/226 4102/439/420 4101/438/226
f 4086/418/420 4103/440/210 4102/439/420
f 4088/423/107 4103/440/210 4087/420/238
f 4073/393/213 4104/441/107 4088/423/107
f 4090/425/214 4105/442/213 4089/424/213
f 4091/426/419 4106/443/214 4090/425/214
f 4092/428/104 4107/444/419 4091/426/419
f 4093/445/191 4108/446/104 4092/428/104
f 4094/431/193 4109/447/191 4093/429/191
f 4095/433/237 4110/448/193 4094/431/193
f 4095/433/237 4112/449/233 4111/450/237
f 4096/432/233 4113/451/199 4112/449/233
f 4097/434/199 4114/452/218 4113/451/199
f 4098/435/218 4115/453/890 4114/452/218
f 4099/436/224 4116/454/220 4115/453/890
f 4100/437/220 4117/455/226 4116/454/220
f 4101/438/226 4118/456/420 4117/455/226
f 4102/439/420 4119/457/210 4118/456/420
f 4104/441/107 4119/457/210 4103/440/210
f 4089/424/213 4120/458/107 4104/441/107
f 4106/443/214 4121/459/213 4105/442/213
f 4107/444/419 4122/460/214 4106/443/214
f 4108/446/104 4123/461/419 4107/444/419
f 4109/462/191 4124/463/104 4108/446/104
f 4110/448/193 4125/464/191 4109/447/191
f 4111/450/237 4126/465/193 4110/448/193
f 4111/450/237 4128/466/233 4127/467/237
f 4112/449/233 4129/468/199 4128/466/233
f 4113/451/199 4130/469/230 4129/468/199
f 4114/452/218 4131/470/224 4130/469/230
f 4115/453/890 4132/471/220 4131/470/224
f 4116/454/220 4133/472/226 4132/471/220
f 4117/455/226 4134/473/420 4133/472/226
f 4118/456/420 4135/474/210 4134/473/420
f 4120/458/107 4135/474/210 4119/457/210
f 4105/442/213 4136/475/107 4120/458/107
f 4122/460/214 4137/476/213 4121/459/213
f 4123/461/419 4138/477/214 4122/460/214
f 4124/463/104 4139/478/229 4123/461/419
f 4125/479/191 4140/480/104 4124/463/104
f 4126/465/193 4141/481/223 4125/464/191
f 4127/467/237 4142/482/193 4126/465/193
f 4127/467/237 4144/483/233 4143/484/237
f 4128/466/233 4145/485/199 4144/483/233
f 4129/468/199 4146/486/230 4145/485/199
f 4130/469/230 4147/487/224 4146/486/230
f 4131/470/224 4148/488/220 4147/487/224
f 4132/471/220 4149/489/226 4148/488/220
f 4133/472/226 4150/490/420 4149/489/226
f 4134/473/420 4151/491/210 4150/490/420
f 4136/475/107 4151/491/210 4135/474/210
f 4121/459/213 4152/492/107 4136/475/107
f 4138/477/214 4153/493/213 4137/476/213
f 4139/478/229 4154/494/214 4138/477/214
f 4140/480/104 4155/495/229 4139/478/229
f 4141/496/223 4156/497/104 4140/480/104
f 4142/482/193 4157/498/228 4141/481/223
f 4143/484/237 4158/499/193 4142/482/193
f 4143/484/237 4160/500/233 4159/501/195
f 4144/483/233 4161/502/199 4160/500/233
f 4145/485/199 4162/503/230 4161/502/199
f 4146/486/230 4163/504/224 4162/503/230
f 4147/487/224 4164/505/907 4163/504/224
f 4148/488/220 4165/506/226 4164/505/907
f 4149/489/226 4166/507/420 4165/506/226
f 4150/490/420 4167/508/210 4166/507/420
f 4152/492/107 4167/508/210 4151/491/210
f 4137/476/213 4168/509/211 4152/492/107
f 4154/494/214 4169/510/213 4153/493/213
f 4155/495/229 4170/511/214 4154/494/214
f 4156/497/104 4171/512/229 4155/495/229
f 4157/513/228 4172/514/104 4156/497/104
f 4158/499/193 4173/515/228 4157/498/228
f 4159/501/195 4174/516/193 4158/499/193
f 4159/501/195 4176/517/233 4175/518/195
f 4160/500/233 4177/519/199 4176/517/233
f 4161/502/199 4178/520/230 4177/519/199
f 4162/503/230 4179/521/224 4178/520/230
f 4163/504/224 4180/522/235 4179/521/224
f 4164/505/907 4181/523/226 4180/522/235
f 4165/506/226 4182/524/209 4181/523/226
f 4166/507/420 4183/525/210 4182/524/209
f 4168/509/211 4183/525/210 4167/508/210
f 4153/493/213 4184/526/211 4168/509/211
f 4170/511/214 4185/527/213 4169/510/213
f 4171/512/229 4186/528/214 4170/511/214
f 4172/514/104 4187/529/229 4171/512/229
f 4173/530/228 4188/531/104 4172/514/104
f 4174/516/193 4189/532/228 4173/515/228
f 4175/518/195 4190/533/193 4174/516/193
f 4175/518/195 4192/534/233 4191/535/195
f 4176/517/233 4193/536/199 4192/534/233
f 4177/519/199 4194/537/218 4193/536/199
f 4178/520/230 4195/538/224 4194/537/218
f 4179/521/224 4196/539/220 4195/538/224
f 4180/522/235 4197/540/226 4196/539/220
f 4181/523/226 4198/541/209 4197/540/226
f 4182/524/209 4199/542/210 4198/541/209
f 4184/526/211 4199/542/210 4183/525/210
f 4169/510/213 4200/543/211 4184/526/211
f 4186/528/214 4201/544/213 4185/527/213
f 4187/529/229 4202/545/214 4186/528/214
f 4188/531/104 4203/546/229 4187/529/229
f 4189/547/228 4204/548/104 4188/531/104
f 4190/533/193 4205/549/878 4189/532/228
f 4191/535/195 4206/550/193 4190/533/193
f 4191/535/195 4208/551/233 4207/552/237
f 4192/534/233 4209/553/199 4208/551/233
f 4193/536/199 4210/554/218 4209/553/199
f 4194/537/218 4211/555/224 4210/554/218
f 4195/538/224 4212/556/220 4211/555/224
f 4196/539/220 4213/557/226 4212/556/220
f 4197/540/226 4214/558/209 4213/557/226
f 4198/541/209 4215/559/210 4214/558/209
f 4200/543/211 4215/559/210 4199/542/210
f 4185/527/213 4216/560/211 4200/543/211
f 4202/545/214 4217/361/213 4201/544/213
f 4203/546/229 4218/359/655 4202/545/214
f 4204/548/104 4219/362/419 4203/546/229
f 4205/561/878 4220/364/869 4204/548/104
f 4206/550/193 4221/370/422 4205/549/878
f 4207/552/237 4222/368/193 4206/550/193
f 4207/552/237 4224/375/233 4223/371/237
f 4208/551/233 4225/377/199 4224/375/233
f 4209/553/199 4226/379/201 4225/377/199
f 4210/554/218 4227/381/224 4226/379/201
f 4211/555/224 4228/383/205 4227/381/224
f 4212/556/220 4229/385/221 4228/383/205
f 4213/557/226 4230/387/209 4229/385/221
f 4214/558/209 4231/390/238 4230/387/209
f 4216/560/211 4231/390/238 4215/559/210
f 4201/544/213 4232/389/211 4216/560/211
f 4233/260/111 4250/261/112 4249/262/111
f 4234/263/112 4251/264/114 4250/261/112
f 4235/265/114 4252/266/115 4251/264/114
f 4237/267/118 4252/266/115 4236/268/115
f 4237/269/118 4254/270/117 4253/271/118
f 4238/272/119 4255/273/120 4254/270/117
f 4240/274/121 4255/273/120 4239/275/122
f 4241/276/892 4256/277/121 4240/274/121
f 4242/278/124 4257/279/125 4241/276/892
f 4243/280/126 4258/281/641 4242/278/124
f 4244/282/128 4259/283/129 4243/280/126
f 4244/282/128 4261/284/130 4260/285/128
f 4246/286/131 4261/284/130 4245/287/132
f 4247/288/133 4262/289/134 4246/286/131
f 4247/288/133 4264/290/135 4263/291/133
f 4248/292/135 4249/262/111 4264/290/135
f 4250/293/848 4265/294/137 4249/295/138
f 4251/296/139 4266/297/140 4250/293/848
f 4252/298/141 4267/299/142 4251/296/139
f 4253/300/143 4268/301/850 4252/298/141
f 4254/302/145 4269/303/851 4253/304/143
f 4255/305/147 4270/306/148 4254/302/145
f 4255/305/147 4272/307/149 4271/308/150
f 4256/309/151 4273/310/855 4272/307/149
f 4257/311/153 4274/312/154 4273/310/855
f 4258/313/155 4275/314/156 4274/312/154
f 4259/315/157 4276/316/158 4275/314/156
f 4260/317/159 4277/318/160 4276/316/158
f 4261/319/161 4278/320/162 4277/318/160
f 4262/321/163 4279/322/164 4278/320/162
f 4264/323/165 4279/322/164 4263/324/166
f 4249/295/138 4280/325/645 4264/323/165
f 4266/326/140 4281/327/168 4265/328/137
f 4267/329/142 4282/330/646 4266/326/140
f 4268/331/850 4283/332/909 4267/329/142
f 4269/333/851 4284/334/859 4268/331/850
f 4270/335/148 4285/336/860 4269/337/851
f 4271/338/150 4286/339/173 4270/335/148
f 4271/338/150 4288/340/174 4287/341/175
f 4272/342/149 4289/343/176 4288/340/174
f 4273/344/855 4290/345/925 4289/343/176
f 4274/346/154 4291/347/895 4290/345/925
f 4275/348/156 4292/349/179 4291/347/895
f 4276/350/158 4293/351/865 4292/349/179
f 4277/352/160 4294/353/917 4293/351/865
f 4278/354/162 4295/355/182 4294/353/917
f 4280/356/645 4295/355/182 4279/357/164
f 4265/328/137 4296/358/654 4280/356/645
f 4458/359/232 4297/360/867 4457/361/886
f 4459/362/419 4298/363/868 4458/359/232
f 4460/364/189 4299/365/190 4459/362/419
f 4461/366/228 4300/367/192 4460/364/189
f 4462/368/193 4301/369/926 4461/370/228
f 4463/371/195 4302/372/196 4462/368/193
f 4463/371/195 4304/373/110 4303/374/195
f 4464/375/66 4305/376/662 4304/373/110
f 4465/377/871 4306/378/200 4305/376/662
f 4466/379/201 4307/380/664 4306/378/200
f 4467/381/224 4308/382/204 4307/380/664
f 4468/383/205 4309/384/206 4308/382/204
f 4469/385/226 4310/386/208 4309/384/206
f 4470/387/209 4311/388/238 4310/386/208
f 4472/389/211 4311/388/238 4471/390/238
f 4457/361/886 4312/391/212 4472/389/211
f 4282/392/646 4313/393/213 4281/394/168
f 4283/395/909 4314/396/214 4282/392/646
f 4284/397/859 4315/398/927 4283/395/909
f 4285/399/860 4316/400/104 4284/397/859
f 4286/401/173 4317/402/191 4285/403/860
f 4287/404/175 4318/405/193 4286/401/173
f 4320/406/217 4287/404/175 4288/407/174
f 4321/408/199 4288/407/174 4289/409/176
f 4322/410/218 4289/409/176 4290/411/925
f 4323/412/219 4290/411/925 4291/413/895
f 4324/414/220 4291/413/895 4292/415/179
f 4325/416/226 4292/415/179 4293/417/865
f 4326/418/209 4293/417/865 4294/419/917
f 4327/420/210 4294/419/917 4295/421/182
f 4296/422/654 4327/420/210 4295/421/182
f 4281/394/168 4328/423/211 4296/422/654
f 4314/396/214 4329/424/213 4313/393/213
f 4315/398/927 4330/425/214 4314/396/214
f 4316/400/104 4331/426/222 4315/398/927
f 4317/427/191 4332/428/104 4316/400/104
f 4318/405/193 4333/429/216 4317/402/191
f 4319/430/237 4334/431/193 4318/405/193
f 4319/430/237 4336/432/217 4335/433/237
f 4320/406/217 4337/434/199 4336/432/217
f 4321/408/199 4338/435/218 4337/434/199
f 4322/410/218 4339/436/224 4338/435/218
f 4323/412/219 4340/437/220 4339/436/224
f 4324/414/220 4341/438/226 4340/437/220
f 4325/416/226 4342/439/209 4341/438/226
f 4326/418/209 4343/440/210 4342/439/209
f 4328/423/211 4343/440/210 4327/420/210
f 4313/393/213 4344/441/211 4328/423/211
f 4330/425/214 4345/442/213 4329/424/213
f 4331/426/222 4346/443/214 4330/425/214
f 4332/428/104 4347/444/222 4331/426/222
f 4333/445/216 4348/446/104 4332/428/104
f 4334/431/193 4349/447/191 4333/429/216
f 4335/433/237 4350/448/193 4334/431/193
f 4335/433/237 4352/449/217 4351/450/237
f 4336/432/217 4353/451/199 4352/449/217
f 4337/434/199 4354/452/218 4353/451/199
f 4338/435/218 4355/453/224 4354/452/218
f 4339/436/224 4356/454/220 4355/453/224
f 4340/437/220 4357/455/226 4356/454/220
f 4341/438/226 4358/456/209 4357/455/226
f 4342/439/209 4359/457/210 4358/456/209
f 4344/441/211 4359/457/210 4343/440/210
f 4329/424/213 4360/458/211 4344/441/211
f 4346/443/214 4361/459/213 4345/442/213
f 4347/444/222 4362/460/214 4346/443/214
f 4348/446/104 4363/461/222 4347/444/222
f 4349/462/191 4364/463/104 4348/446/104
f 4350/448/193 4365/464/191 4349/447/191
f 4351/450/237 4366/465/193 4350/448/193
f 4351/450/237 4368/466/217 4367/467/195
f 4352/449/217 4369/468/199 4368/466/217
f 4353/451/199 4370/469/230 4369/468/199
f 4354/452/218 4371/470/224 4370/469/230
f 4355/453/224 4372/471/907 4371/470/224
f 4356/454/220 4373/472/226 4372/471/907
f 4357/455/226 4374/473/209 4373/472/226
f 4358/456/209 4375/474/210 4374/473/209
f 4360/458/211 4375/474/210 4359/457/210
f 4345/442/213 4376/475/211 4360/458/211
f 4362/460/214 4377/476/213 4361/459/213
f 4363/461/222 4378/477/214 4362/460/214
f 4364/463/104 4379/478/419 4363/461/222
f 4365/479/191 4380/480/104 4364/463/104
f 4366/465/193 4381/481/228 4365/464/191
f 4367/467/195 4382/482/193 4366/465/193
f 4367/467/195 4384/483/217 4383/484/195
f 4368/466/217 4385/485/199 4384/483/217
f 4369/468/199 4386/486/230 4385/485/199
f 4370/469/230 4387/487/224 4386/486/230
f 4371/470/224 4388/488/220 4387/487/224
f 4372/471/907 4389/489/226 4388/488/220
f 4373/472/226 4390/490/209 4389/489/226
f 4374/473/209 4391/491/210 4390/490/209
f 4376/475/211 4391/491/210 4375/474/210
f 4361/459/213 4392/492/211 4376/475/211
f 4378/477/214 4393/493/213 4377/476/213
f 4379/478/419 4394/494/214 4378/477/214
f 4380/480/104 4395/495/419 4379/478/419
f 4381/496/228 4396/497/104 4380/480/104
f 4382/482/193 4397/498/228 4381/481/228
f 4383/484/195 4398/499/193 4382/482/193
f 4383/484/195 4400/500/217 4399/501/195
f 4384/483/217 4401/502/199 4400/500/217
f 4385/485/199 4402/503/230 4401/502/199
f 4386/486/230 4403/504/224 4402/503/230
f 4387/487/224 4404/505/907 4403/504/224
f 4388/488/220 4405/506/226 4404/505/907
f 4389/489/226 4406/507/209 4405/506/226
f 4390/490/209 4407/508/238 4406/507/209
f 4392/492/211 4407/508/238 4391/491/210
f 4377/476/213 4408/509/211 4392/492/211
f 4394/494/214 4409/510/213 4393/493/213
f 4395/495/419 4410/511/214 4394/494/214
f 4396/497/104 4411/512/229 4395/495/419
f 4397/513/228 4412/514/104 4396/497/104
f 4398/499/193 4413/515/422 4397/498/228
f 4399/501/195 4414/516/193 4398/499/193
f 4399/501/195 4416/517/217 4415/518/237
f 4400/500/217 4417/519/199 4416/517/217
f 4401/502/199 4418/520/230 4417/519/199
f 4402/503/230 4419/521/224 4418/520/230
f 4403/504/224 4420/522/220 4419/521/224
f 4404/505/907 4421/523/226 4420/522/220
f 4405/506/226 4422/524/209 4421/523/226
f 4406/507/209 4423/525/238 4422/524/209
f 4408/509/211 4423/525/238 4407/508/238
f 4393/493/213 4424/526/211 4408/509/211
f 4410/511/214 4425/527/213 4409/510/213
f 4411/512/229 4426/528/232 4410/511/214
f 4412/514/104 4427/529/229 4411/512/229
f 4413/530/422 4428/531/104 4412/514/104
f 4414/516/193 4429/532/228 4413/515/422
f 4415/518/237 4430/533/193 4414/516/193
f 4415/518/237 4432/534/217 4431/535/195
f 4416/517/217 4433/536/199 4432/534/217
f 4417/519/199 4434/537/218 4433/536/199
f 4418/520/230 4435/538/224 4434/537/218
f 4419/521/224 4436/539/220 4435/538/224
f 4420/522/220 4437/540/226 4436/539/220
f 4421/523/226 4438/541/209 4437/540/226
f 4422/524/209 4439/542/238 4438/541/209
f 4424/526/211 4439/542/238 4423/525/238
f 4409/510/213 4440/543/211 4424/526/211
f 4426/528/232 4441/544/213 4425/527/213
f 4427/529/229 4442/545/214 4426/528/232
f 4428/531/104 4443/546/229 4427/529/229
f 4429/547/228 4444/548/104 4428/531/104
f 4430/533/193 4445/549/228 4429/532/228
f 4431/535/195 4446/550/193 4430/533/193
f 4431/535/195 4448/551/217 4447/552/195
f 4432/534/217 4449/553/199 4448/551/217
f 4433/536/199 4450/554/218 4449/553/199
f 4434/537/218 4451/555/224 4450/554/218
f 4435/538/224 4452/556/220 4451/555/224
f 4436/539/220 4453/557/221 4452/556/220
f 4437/540/226 4454/558/209 4453/557/221
f 4438/541/209 4455/559/238 4454/558/209
f 4440/543/211 4455/559/238 4439/542/238
f 4425/527/213 4456/560/211 4440/543/211
f 4442/545/214 4457/361/886 4441/544/213
f 4443/546/229 4458/359/232 4442/545/214
f 4444/548/104 4459/362/419 4443/546/229
f 4445/561/228 4460/364/189 4444/548/104
f 4446/550/193 4461/370/228 4445/549/228
f 4447/552/195 4462/368/193 4446/550/193
f 4447/552/195 4464/375/66 4463/371/195
f 4448/551/217 4465/377/871 4464/375/66
f 4449/553/199 4466/379/201 4465/377/871
f 4450/554/218 4467/381/224 4466/379/201
f 4451/555/224 4468/383/205 4467/381/224
f 4452/556/220 4469/385/226 4468/383/205
f 4453/557/221 4470/387/209 4469/385/226
f 4454/558/209 4471/390/238 4470/387/209
f 4456/560/211 4471/390/238 4455/559/238
f 4441/544/213 4472/389/211 4456/560/211
f 4506/854/676 4489/855/399 4505/856/677
f 4507/857/689 4490/858/402 4506/854/676
f 4508/859/679 4491/860/404 4507/857/689
f 4509/861/405 4492/862/692 4508/859/679
f 4510/863/193 4493/864/407 4509/865/405
f 4511/866/195 4494/867/870 4510/863/193
f 4511/866/195 4496/868/110 4495/869/237
f 4512/870/233 4497/871/409 4496/868/110
f 4513/872/410 4498/873/411 4497/871/409
f 4514/874/412 4499/875/413 4498/873/411
f 4515/876/681 4500/877/415 4499/875/413
f 4516/878/434 4501/879/206 4500/877/415
f 4517/880/706 4502/881/208 4501/879/206
f 4518/882/682 4503/883/210 4502/881/208
f 4520/884/211 4503/883/210 4519/885/238
f 4505/856/677 4504/886/418 4520/884/211
f 4522/887/928 4505/856/677 4521/888/213
f 4523/889/222 4506/854/676 4522/887/928
f 4524/890/104 4507/857/689 4523/889/222
f 4525/891/191 4508/859/679 4524/890/104
f 4526/892/193 4509/865/405 4525/893/191
f 4527/894/195 4510/863/193 4526/892/193
f 4527/894/195 4512/870/233 4511/866/195
f 4528/895/233 4513/872/410 4512/870/233
f 4529/896/199 4514/874/412 4513/872/410
f 4530/897/218 4515/876/681 4514/874/412
f 4531/898/224 4516/878/434 4515/876/681
f 4532/899/685 4517/880/706 4516/878/434
f 4533/900/207 4518/882/682 4517/880/706
f 4534/901/420 4519/885/238 4518/882/682
f 4536/902/211 4519/885/238 4535/903/238
f 4521/888/213 4520/884/211 4536/902/211
f 4538/904/214 4521/888/213 4537/905/213
f 4539/906/222 4522/887/928 4538/904/214
f 4540/907/104 4523/889/222 4539/906/222
f 4541/908/191 4524/890/104 4540/907/104
f 4542/909/193 4525/893/191 4541/910/191
f 4543/911/195 4526/892/193 4542/909/193
f 4543/911/195 4528/895/233 4527/894/195
f 4544/912/233 4529/896/199 4528/895/233
f 4545/913/199 4530/897/218 4529/896/199
f 4546/914/218 4531/898/224 4530/897/218
f 4547/915/929 4532/899/685 4531/898/224
f 4548/916/220 4533/900/207 4532/899/685
f 4549/917/207 4534/901/420 4533/900/207
f 4550/918/420 4535/903/238 4534/901/420
f 4552/919/211 4535/903/238 4551/920/238
f 4537/905/213 4536/902/211 4552/919/211
f 4554/921/214 4537/905/213 4553/922/213
f 4555/923/930 4538/904/214 4554/921/214
f 4556/924/104 4539/906/222 4555/923/930
f 4557/925/191 4540/907/104 4556/924/104
f 4558/926/193 4541/910/191 4557/927/191
f 4559/928/195 4542/909/193 4558/926/193
f 4559/928/195 4544/912/233 4543/911/195
f 4560/929/233 4545/913/199 4544/912/233
f 4561/930/199 4546/914/218 4545/913/199
f 4562/931/218 4547/915/929 4546/914/218
f 4563/932/224 4548/916/220 4547/915/929
f 4564/933/220 4549/917/207 4548/916/220
f 4565/934/221 4550/918/420 4549/917/207
f 4566/935/420 4551/920/238 4550/918/420
f 4568/936/211 4551/920/238 4567/937/238
f 4553/922/213 4552/919/211 4568/936/211
f 4570/938/214 4553/922/213 4569/939/213
f 4571/940/222 4554/921/214 4570/938/214
f 4572/941/104 4555/923/930 4571/940/222
f 4573/942/191 4556/924/104 4572/941/104
f 4574/943/193 4557/927/191 4573/944/191
f 4575/945/195 4558/926/193 4574/943/193
f 4575/945/195 4560/929/233 4559/928/195
f 4576/946/233 4561/930/199 4560/929/233
f 4577/947/199 4562/931/218 4561/930/199
f 4578/948/931 4563/932/224 4562/931/218
f 4579/949/224 4564/933/220 4563/932/224
f 4580/950/932 4565/934/221 4564/933/220
f 4581/951/221 4566/935/420 4565/934/221
f 4582/952/420 4567/937/238 4566/935/420
f 4584/953/211 4567/937/238 4583/954/238
f 4569/939/213 4568/936/211 4584/953/211
f 4586/955/214 4569/939/213 4585/956/213
f 4587/957/222 4570/938/214 4586/955/214
f 4588/958/104 4571/940/222 4587/957/222
f 4589/959/191 4572/941/104 4588/958/104
f 4590/960/193 4573/944/191 4589/961/191
f 4591/962/195 4574/943/193 4590/960/193
f 4591/962/195 4576/946/233 4575/945/195
f 4592/963/233 4577/947/199 4576/946/233
f 4593/964/199 4578/948/931 4577/947/199
f 4594/965/218 4579/949/224 4578/948/931
f 4595/966/224 4580/950/932 4579/949/224
f 4596/967/220 4581/951/221 4580/950/932
f 4597/968/207 4582/952/420 4581/951/221
f 4598/969/420 4583/954/238 4582/952/420
f 4600/970/211 4583/954/238 4599/971/238
f 4585/956/213 4584/953/211 4600/970/211
f 4602/972/214 4585/956/213 4601/973/213
f 4603/974/222 4586/955/214 4602/972/214
f 4604/975/104 4587/957/222 4603/974/222
f 4605/976/191 4588/958/104 4604/975/104
f 4606/977/193 4589/961/191 4605/978/191
f 4607/979/195 4590/960/193 4606/977/193
f 4607/979/195 4592/963/233 4591/962/195
f 4608/980/233 4593/964/199 4592/963/233
f 4609/981/199 4594/965/218 4593/964/199
f 4610/982/218 4595/966/224 4594/965/218
f 4611/983/683 4596/967/220 4595/966/224
f 4612/984/685 4597/968/207 4596/967/220
f 4613/985/207 4598/969/420 4597/968/207
f 4614/986/420 4599/971/238 4598/969/420
f 4616/987/211 4599/971/238 4615/988/238
f 4601/973/213 4600/970/211 4616/987/211
f 4618/989/214 4601/973/213 4617/990/213
f 4619/991/222 4602/972/214 4618/989/214
f 4620/992/104 4603/974/222 4619/991/222
f 4621/993/423 4604/975/104 4620/992/104
f 4622/994/193 4605/978/191 4621/995/423
f 4623/996/195 4606/977/193 4622/994/193
f 4623/996/195 4608/980/233 4607/979/195
f 4624/997/233 4609/981/199 4608/980/233
f 4625/998/199 4610/982/218 4609/981/199
f 4626/999/218 4611/983/683 4610/982/218
f 4627/1000/224 4612/984/685 4611/983/683
f 4628/1001/685 4613/985/207 4612/984/685
f 4629/1002/207 4614/986/420 4613/985/207
f 4630/1003/420 4615/988/238 4614/986/420
f 4632/1004/211 4615/988/238 4631/1005/238
f 4617/990/213 4616/987/211 4632/1004/211
f 4634/1006/214 4617/990/213 4633/1007/213
f 4635/1008/222 4618/989/214 4634/1006/214
f 4636/1009/104 4619/991/222 4635/1008/222
f 4637/1010/423 4620/992/104 4636/1009/104
f 4638/1011/193 4621/995/423 4637/1012/423
f 4639/1013/195 4622/994/193 4638/1011/193
f 4639/1013/195 4624/997/233 4623/996/195
f 4640/1014/233 4625/998/199 4624/997/233
f 4641/1015/199 4626/999/218 4625/998/199
f 4642/1016/218 4627/1000/224 4626/999/218
f 4643/1017/224 4628/1001/685 4627/1000/224
f 4644/1018/685 4629/1002/207 4628/1001/685
f 4645/1019/221 4630/1003/420 4629/1002/207
f 4646/1020/420 4631/1005/238 4630/1003/420
f 4648/1021/211 4631/1005/238 4647/1022/238
f 4633/1007/213 4632/1004/211 4648/1021/211
f 4650/1023/214 4633/1007/213 4649/1024/213
f 4651/1025/222 4634/1006/214 4650/1023/214
f 4652/1026/104 4635/1008/222 4651/1025/222
f 4653/1027/933 4636/1009/104 4652/1026/104
f 4654/1028/193 4637/1012/423 4653/1029/933
f 4655/1030/195 4638/1011/193 4654/1028/193
f 4655/1030/195 4640/1014/233 4639/1013/195
f 4656/1031/217 4641/1015/199 4640/1014/233
f 4657/1032/199 4642/1016/218 4641/1015/199
f 4658/1033/218 4643/1017/224 4642/1016/218
f 4659/1034/224 4644/1018/685 4643/1017/224
f 4660/1035/220 4645/1019/221 4644/1018/685
f 4661/1036/221 4646/1020/420 4645/1019/221
f 4662/1037/420 4647/1022/238 4646/1020/420
f 4664/1038/211 4647/1022/238 4663/1039/238
f 4649/1024/213 4648/1021/211 4664/1038/211
f 4474/1040/424 4649/1024/213 4473/1041/934
f 4475/1042/426 4650/1023/214 4474/1040/424
f 4476/1043/691 4651/1025/222 4475/1042/426
f 4477/1044/935 4652/1026/104 4476/1043/691
f 4478/1045/429 4653/1029/933 4477/1046/935
f 4479/1047/195 4654/1028/193 4478/1045/429
f 4656/1031/217 4479/1047/195 4480/1048/430
f 4657/1032/199 4480/1048/430 4481/1049/431
f 4658/1033/218 4481/1049/431 4482/1050/432
f 4659/1034/224 4482/1050/432 4483/1051/433
f 4660/1035/220 4483/1051/433 4484/1052/434
f 4661/1036/221 4484/1052/434 4485/1053/435
f 4662/1037/420 4485/1053/435 4486/1054/436
f 4663/1039/238 4486/1054/436 4487/1055/238
f 4488/1056/437 4663/1039/238 4487/1055/238
f 4473/1041/934 4664/1038/211 4488/1056/437
f 4698/854/424 4681/855/399 4697/856/400
f 4699/857/678 4682/858/690 4698/854/424
f 4700/859/403 4683/860/404 4699/857/678
f 4701/861/680 4684/862/692 4700/859/403
f 4702/863/193 4685/864/407 4701/865/680
f 4703/866/195 4686/867/870 4702/863/193
f 4703/866/195 4688/868/110 4687/869/237
f 4704/870/217 4689/871/409 4688/868/110
f 4705/872/936 4690/873/411 4689/871/409
f 4706/874/412 4691/875/413 4690/873/411
f 4707/876/414 4692/877/415 4691/875/413
f 4708/878/434 4693/879/206 4692/877/415
f 4709/880/417 4694/881/208 4693/879/206
f 4710/882/682 4695/883/210 4694/881/208
f 4712/884/211 4695/883/210 4711/885/238
f 4697/856/400 4696/886/418 4712/884/211
f 4714/887/214 4697/856/400 4713/888/213
f 4715/889/222 4698/854/424 4714/887/214
f 4716/890/104 4699/857/678 4715/889/222
f 4717/891/191 4700/859/403 4716/890/104
f 4718/892/193 4701/865/680 4717/893/191
f 4719/894/195 4702/863/193 4718/892/193
f 4719/894/195 4704/870/217 4703/866/195
f 4720/895/233 4705/872/936 4704/870/217
f 4721/896/199 4706/874/412 4705/872/936
f 4722/897/218 4707/876/414 4706/874/412
f 4723/898/224 4708/878/434 4707/876/414
f 4724/899/685 4709/880/417 4708/878/434
f 4725/900/207 4710/882/682 4709/880/417
f 4726/901/209 4711/885/238 4710/882/682
f 4728/902/211 4711/885/238 4727/903/238
f 4713/888/213 4712/884/211 4728/902/211
f 4730/904/214 4713/888/213 4729/905/213
f 4731/906/222 4714/887/214 4730/904/214
f 4732/907/104 4715/889/222 4731/906/222
f 4733/908/191 4716/890/104 4732/907/104
f 4734/909/193 4717/893/191 4733/910/191
f 4735/911/195 4718/892/193 4734/909/193
f 4735/911/195 4720/895/233 4719/894/195
f 4736/912/217 4721/896/199 4720/895/233
f 4737/913/199 4722/897/218 4721/896/199
f 4738/914/218 4723/898/224 4722/897/218
f 4739/915/224 4724/899/685 4723/898/224
f 4740/916/220 4725/900/207 4724/899/685
f 4741/917/207 4726/901/209 4725/900/207
f 4742/918/420 4727/903/238 4726/901/209
f 4744/919/211 4727/903/238 4743/920/238
f 4729/905/213 4728/902/211 4744/919/211
f 4746/921/214 4729/905/213 4745/922/213
f 4747/923/222 4730/904/214 4746/921/214
f 4748/924/104 4731/906/222 4747/923/222
f 4749/925/191 4732/907/104 4748/924/104
f 4750/926/193 4733/910/191 4749/927/191
f 4751/928/195 4734/909/193 4750/926/193
f 4751/928/195 4736/912/217 4735/911/195
f 4752/929/217 4737/913/199 4736/912/217
f 4753/930/199 4738/914/218 4737/913/199
f 4754/931/218 4739/915/224 4738/914/218
f 4755/932/684 4740/916/220 4739/915/224
f 4756/933/220 4741/917/207 4740/916/220
f 4757/934/221 4742/918/420 4741/917/207
f 4758/935/420 4743/920/238 4742/918/420
f 4760/936/211 4743/920/238 4759/937/238
f 4745/922/213 4744/919/211 4760/936/211
f 4762/938/214 4745/922/213 4761/939/213
f 4763/940/222 4746/921/214 4762/938/214
f 4764/941/104 4747/923/222 4763/940/222
f 4765/942/191 4748/924/104 4764/941/104
f 4766/943/193 4749/927/191 4765/944/191
f 4767/945/195 4750/926/193 4766/943/193
f 4767/945/195 4752/929/217 4751/928/195
f 4768/946/217 4753/930/199 4752/929/217
f 4769/947/199 4754/931/218 4753/930/199
f 4770/948/663 4755/932/684 4754/931/218
f 4771/949/224 4756/933/220 4755/932/684
f 4772/950/220 4757/934/221 4756/933/220
f 4773/951/221 4758/935/420 4757/934/221
f 4774/952/420 4759/937/238 4758/935/420
f 4776/953/211 4759/937/238 4775/954/238
f 4761/939/213 4760/936/211 4776/953/211
f 4778/955/214 4761/939/213 4777/956/213
f 4779/957/222 4762/938/214 4778/955/214
f 4780/958/104 4763/940/222 4779/957/222
f 4781/959/191 4764/941/104 4780/958/104
f 4782/960/193 4765/944/191 4781/961/191
f 4783/962/195 4766/943/193 4782/960/193
f 4783/962/195 4768/946/217 4767/945/195
f 4784/963/233 4769/947/199 4768/946/217
f 4785/964/199 4770/948/663 4769/947/199
f 4786/965/218 4771/949/224 4770/948/663
f 4787/966/929 4772/950/220 4771/949/224
f 4788/967/220 4773/951/221 4772/950/220
f 4789/968/221 4774/952/420 4773/951/221
f 4790/969/420 4775/954/238 4774/952/420
f 4792/970/211 4775/954/238 4791/971/238
f 4777/956/213 4776/953/211 4792/970/211
f 4794/972/214 4777/956/213 4793/973/213
f 4795/974/222 4778/955/214 4794/972/214
f 4796/975/695 4779/957/222 4795/974/222
f 4797/976/191 4780/958/104 4796/975/695
f 4798/977/193 4781/961/191 4797/978/191
f 4799/979/195 4782/960/193 4798/977/193
f 4799/979/195 4784/963/233 4783/962/195
f 4800/980/233 4785/964/199 4784/963/233
f 4801/981/199 4786/965/218 4785/964/199
f 4802/982/218 4787/966/929 4786/965/218
f 4803/983/224 4788/967/220 4787/966/929
f 4804/984/220 4789/968/221 4788/967/220
f 4805/985/221 4790/969/420 4789/968/221
f 4806/986/420 4791/971/238 4790/969/420
f 4808/987/211 4791/971/238 4807/988/238
f 4793/973/213 4792/970/211 4808/987/211
f 4810/989/214 4793/973/213 4809/990/213
f 4811/991/222 4794/972/214 4810/989/214
f 4812/992/104 4795/974/222 4811/991/222
f 4813/993/191 4796/975/695 4812/992/104
f 4814/994/193 4797/978/191 4813/995/191
f 4815/996/195 4798/977/193 4814/994/193
f 4815/996/195 4800/980/233 4799/979/195
f 4816/997/233 4801/981/199 4800/980/233
f 4817/998/199 4802/982/218 4801/981/199
f 4818/999/218 4803/983/224 4802/982/218
f 4819/1000/224 4804/984/220 4803/983/224
f 4820/1001/685 4805/985/221 4804/984/220
f 4821/1002/221 4806/986/420 4805/985/221
f 4822/1003/420 4807/988/238 4806/986/420
f 4824/1004/211 4807/988/238 4823/1005/238
f 4809/990/213 4808/987/211 4824/1004/211
f 4826/1006/214 4809/990/213 4825/1007/213
f 4827/1008/222 4810/989/214 4826/1006/214
f 4828/1009/104 4811/991/222 4827/1008/222
f 4829/1010/191 4812/992/104 4828/1009/104
f 4830/1011/193 4813/995/191 4829/1012/191
f 4831/1013/195 4814/994/193 4830/1011/193
f 4831/1013/195 4816/997/233 4815/996/195
f 4832/1014/217 4817/998/199 4816/997/233
f 4833/1015/199 4818/999/218 4817/998/199
f 4834/1016/218 4819/1000/224 4818/999/218
f 4835/1017/683 4820/1001/685 4819/1000/224
f 4836/1018/685 4821/1002/221 4820/1001/685
f 4837/1019/221 4822/1003/420 4821/1002/221
f 4838/1020/420 4823/1005/238 4822/1003/420
f 4840/1021/211 4823/1005/238 4839/1022/238
f 4825/1007/213 4824/1004/211 4840/1021/211
f 4842/1023/214 4825/1007/213 4841/1024/213
f 4843/1025/222 4826/1006/214 4842/1023/214
f 4844/1026/104 4827/1008/222 4843/1025/222
f 4845/1027/191 4828/1009/104 4844/1026/104
f 4846/1028/193 4829/1012/191 4845/1029/191
f 4847/1030/195 4830/1011/193 4846/1028/193
f 4847/1030/195 4832/1014/217 4831/1013/195
f 4848/1031/217 4833/1015/199 4832/1014/217
f 4849/1032/199 4834/1016/218 4833/1015/199
f 4850/1033/218 4835/1017/683 4834/1016/218
f 4851/1034/224 4836/1018/685 4835/1017/683
f 4852/1035/220 4837/1019/221 4836/1018/685
f 4853/1036/221 4838/1020/420 4837/1019/221
f 4854/1037/420 4839/1022/238 4838/1020/420
f 4856/1038/211 4839/1022/238 4855/1039/238
f 4841/1024/213 4840/1021/211 4856/1038/211
f 4666/1040/424 4841/1024/213 4665/1041/425
f 4667/1042/426 4842/1023/214 4666/1040/424
f 4668/1043/691 4843/1025/222 4667/1042/426
f 4669/1044/428 4844/1026/104 4668/1043/691
f 4670/1045/429 4845/1029/191 4669/1046/428
f 4671/1047/237 4846/1028/193 4670/1045/429
f 4848/1031/217 4671/1047/237 4672/1048/430
f 4849/1032/199 4672/1048/430 4673/1049/431
f 4850/1033/218 4673/1049/431 4674/1050/432
f 4851/1034/224 4674/1050/432 4675/1051/433
f 4852/1035/220 4675/1051/433 4676/1052/434
f 4853/1036/221 4676/1052/434 4677/1053/435
f 4854/1037/420 4677/1053/435 4678/1054/436
f 4855/1039/238 4678/1054/436 4679/1055/238
f 4680/1056/437 4855/1039/238 4679/1055/238
f 4665/1041/425 4856/1038/211 4680/1056/437
f 4859/644/2 4857/645/2 4858/646/2
f 4861/647/3 4863/648/3 4862/649/3
f 4862/650/20 4857/651/20 4861/652/20
f 4864/653/38 4859/654/38 4863/655/38
f 4865/260/111 4882/261/112 4881/262/111
f 4866/263/112 4883/264/114 4882/261/112
f 4867/265/114 4884/266/115 4883/264/114
f 4869/267/118 4884/266/115 4868/268/115
f 4869/269/118 4886/270/119 4885/271/118
f 4870/272/119 4887/273/120 4886/270/119
f 4872/274/639 4887/273/120 4871/275/120
f 4873/276/123 4888/277/639 4872/274/639
f 4874/278/124 4889/279/125 4873/276/123
f 4875/280/126 4890/281/641 4874/278/124
f 4876/282/128 4891/283/129 4875/280/126
f 4876/282/128 4893/284/130 4892/285/128
f 4878/286/131 4893/284/130 4877/287/132
f 4879/288/133 4894/289/134 4878/286/131
f 4879/288/133 4896/290/135 4895/291/133
f 4880/292/135 4881/262/111 4896/290/135
f 4882/293/848 4897/294/137 4881/295/138
f 4883/296/139 4898/297/140 4882/293/848
f 4884/298/849 4899/299/644 4883/296/139
f 4885/300/143 4900/301/937 4884/298/849
f 4886/302/145 4901/303/146 4885/304/143
f 4887/305/147 4902/306/852 4886/302/145
f 4887/305/147 4904/307/149 4903/308/150
f 4888/309/151 4905/310/152 4904/307/149
f 4889/311/153 4906/312/154 4905/310/152
f 4890/313/155 4907/314/156 4906/312/154
f 4891/315/157 4908/316/158 4907/314/156
f 4892/317/159 4909/318/160 4908/316/158
f 4893/319/161 4910/320/162 4909/318/160
f 4894/321/163 4911/322/164 4910/320/162
f 4896/323/165 4911/322/164 4895/324/166
f 4881/295/138 4912/325/645 4896/323/165
f 4898/326/140 4913/327/168 4897/328/137
f 4899/329/644 4914/330/646 4898/326/140
f 4900/331/937 4915/332/938 4899/329/644
f 4901/333/146 4916/334/939 4900/331/937
f 4902/335/852 4917/336/860 4901/337/146
f 4903/338/150 4918/339/173 4902/335/852
f 4903/338/150 4920/340/174 4919/341/175
f 4904/342/149 4921/343/176 4920/340/174
f 4905/344/152 4922/345/925 4921/343/176
f 4906/346/154 4923/347/895 4922/345/925
f 4907/348/156 4924/349/179 4923/347/895
f 4908/350/158 4925/351/180 4924/349/179
f 4909/352/160 4926/353/917 4925/351/180
f 4910/354/162 4927/355/866 4926/353/917
f 4912/356/645 4927/355/866 4911/357/164
f 4897/328/137 4928/358/654 4912/356/645
f 5090/359/896 4929/360/867 5089/361/213
f 5091/362/187 4930/363/188 5090/359/896
f 5092/364/869 4931/365/190 5091/362/187
f 5093/366/228 4932/367/406 5092/364/869
f 5094/368/429 4933/369/926 5093/370/228
f 5095/371/237 4934/372/196 5094/368/429
f 5095/371/237 4936/373/110 4935/374/237
f 5096/375/66 4937/376/198 4936/373/110
f 5097/377/199 4938/378/940 4937/376/198
f 5098/379/201 4939/380/664 4938/378/940
f 5099/381/203 4940/382/204 4939/380/664
f 5100/383/205 4941/384/918 4940/382/204
f 5101/385/226 4942/386/208 4941/384/918
f 5102/387/209 4943/388/210 4942/386/208
f 5104/389/667 4943/388/210 5103/390/238
f 5089/361/213 4944/391/212 5104/389/667
f 4914/392/646 4945/393/213 4913/394/168
f 4915/395/938 4946/396/214 4914/392/646
f 4916/397/939 4947/398/419 4915/395/938
f 4917/399/860 4948/400/104 4916/397/939
f 4918/401/173 4949/402/422 4917/403/860
f 4919/404/175 4950/405/193 4918/401/173
f 4952/406/233 4919/404/175 4920/407/174
f 4953/408/199 4920/407/174 4921/409/176
f 4954/410/218 4921/409/176 4922/411/925
f 4955/412/219 4922/411/925 4923/413/895
f 4956/414/220 4923/413/895 4924/415/179
f 4957/416/226 4924/415/179 4925/417/180
f 4958/418/209 4925/417/180 4926/419/917
f 4959/420/210 4926/419/917 4927/421/866
f 4928/422/654 4959/420/210 4927/421/866
f 4913/394/168 4960/423/107 4928/422/654
f 4946/396/214 4961/424/213 4945/393/213
f 4947/398/419 4962/425/214 4946/396/214
f 4948/400/104 4963/426/222 4947/398/419
f 4949/427/422 4964/428/104 4948/400/104
f 4950/405/193 4965/429/191 4949/402/422
f 4951/430/237 4966/431/193 4950/405/193
f 4951/430/237 4968/432/233 4967/433/237
f 4952/406/233 4969/434/199 4968/432/233
f 4953/408/199 4970/435/218 4969/434/199
f 4954/410/218 4971/436/890 4970/435/218
f 4955/412/219 4972/437/220 4971/436/890
f 4956/414/220 4973/438/226 4972/437/220
f 4957/416/226 4974/439/231 4973/438/226
f 4958/418/209 4975/440/210 4974/439/231
f 4960/423/107 4975/440/210 4959/420/210
f 4945/393/213 4976/441/107 4960/423/107
f 4962/425/214 4977/442/213 4961/424/213
f 4963/426/222 4978/443/214 4962/425/214
f 4964/428/104 4979/444/419 4963/426/222
f 4965/445/191 4980/446/104 4964/428/104
f 4966/431/193 4981/447/191 4965/429/191
f 4967/433/237 4982/448/193 4966/431/193
f 4967/433/237 4984/449/233 4983/450/237
f 4968/432/233 4985/451/199 4984/449/233
f 4969/434/199 4986/452/218 4985/451/199
f 4970/435/218 4987/453/224 4986/452/218
f 4971/436/890 4988/454/220 4987/453/224
f 4972/437/220 4989/455/226 4988/454/220
f 4973/438/226 4990/456/209 4989/455/226
f 4974/439/231 4991/457/210 4990/456/209
f 4976/441/107 4991/457/210 4975/440/210
f 4961/424/213 4992/458/107 4976/441/107
f 4978/443/214 4993/459/213 4977/442/213
f 4979/444/419 4994/460/214 4978/443/214
f 4980/446/104 4995/461/419 4979/444/419
f 4981/462/191 4996/463/104 4980/446/104
f 4982/448/193 4997/464/228 4981/447/191
f 4983/450/237 4998/465/193 4982/448/193
f 4983/450/237 5000/466/233 4999/467/237
f 4984/449/233 5001/468/199 5000/466/233
f 4985/451/199 5002/469/218 5001/468/199
f 4986/452/218 5003/470/224 5002/469/218
f 4987/453/224 5004/471/220 5003/470/224
f 4988/454/220 5005/472/226 5004/471/220
f 4989/455/226 5006/473/209 5005/472/226
f 4990/456/209 5007/474/210 5006/473/209
f 4992/458/107 5007/474/210 4991/457/210
f 4977/442/213 5008/475/107 4992/458/107
f 4994/460/214 5009/476/213 4993/459/213
f 4995/461/419 5010/477/214 4994/460/214
f 4996/463/104 5011/478/229 4995/461/419
f 4997/479/228 5012/480/104 4996/463/104
f 4998/465/193 5013/481/228 4997/464/228
f 4999/467/237 5014/482/193 4998/465/193
f 4999/467/237 5016/483/233 5015/484/237
f 5000/466/233 5017/485/199 5016/483/233
f 5001/468/199 5018/486/234 5017/485/199
f 5002/469/218 5019/487/224 5018/486/234
f 5003/470/224 5020/488/220 5019/487/224
f 5004/471/220 5021/489/226 5020/488/220
f 5005/472/226 5022/490/209 5021/489/226
f 5006/473/209 5023/491/210 5022/490/209
f 5008/475/107 5023/491/210 5007/474/210
f 4993/459/213 5024/492/107 5008/475/107
f 5010/477/214 5025/493/213 5009/476/213
f 5011/478/229 5026/494/214 5010/477/214
f 5012/480/104 5027/495/229 5011/478/229
f 5013/496/228 5028/497/104 5012/480/104
f 5014/482/193 5029/498/228 5013/481/228
f 5015/484/237 5030/499/193 5014/482/193
f 5015/484/237 5032/500/233 5031/501/237
f 5016/483/233 5033/502/199 5032/500/233
f 5017/485/199 5034/503/230 5033/502/199
f 5018/486/234 5035/504/224 5034/503/230
f 5019/487/224 5036/505/220 5035/504/224
f 5020/488/220 5037/506/226 5036/505/220
f 5021/489/226 5038/507/209 5037/506/226
f 5022/490/209 5039/508/210 5038/507/209
f 5024/492/107 5039/508/210 5023/491/210
f 5009/476/213 5040/509/107 5024/492/107
f 5026/494/214 5041/510/213 5025/493/213
f 5027/495/229 5042/511/214 5026/494/214
f 5028/497/104 5043/512/229 5027/495/229
f 5029/513/228 5044/514/104 5028/497/104
f 5030/499/193 5045/515/422 5029/498/228
f 5031/501/237 5046/516/193 5030/499/193
f 5031/501/237 5048/517/233 5047/518/237
f 5032/500/233 5049/519/199 5048/517/233
f 5033/502/199 5050/520/218 5049/519/199
f 5034/503/230 5051/521/224 5050/520/218
f 5035/504/224 5052/522/220 5051/521/224
f 5036/505/220 5053/523/226 5052/522/220
f 5037/506/226 5054/524/209 5053/523/226
f 5038/507/209 5055/525/210 5054/524/209
f 5040/509/107 5055/525/210 5039/508/210
f 5025/493/213 5056/526/211 5040/509/107
f 5042/511/214 5057/527/213 5041/510/213
f 5043/512/229 5058/528/214 5042/511/214
f 5044/514/104 5059/529/229 5043/512/229
f 5045/530/422 5060/531/104 5044/514/104
f 5046/516/193 5061/532/228 5045/515/422
f 5047/518/237 5062/533/193 5046/516/193
f 5047/518/237 5064/534/233 5063/535/195
f 5048/517/233 5065/536/199 5064/534/233
f 5049/519/199 5066/537/218 5065/536/199
f 5050/520/218 5067/538/224 5066/537/218
f 5051/521/224 5068/539/220 5067/538/224
f 5052/522/220 5069/540/226 5068/539/220
f 5053/523/226 5070/541/209 5069/540/226
f 5054/524/209 5071/542/210 5070/541/209
f 5056/526/211 5071/542/210 5055/525/210
f 5041/510/213 5072/543/211 5056/526/211
f 5058/528/214 5073/544/213 5057/527/213
f 5059/529/229 5074/545/214 5058/528/214
f 5060/531/104 5075/546/419 5059/529/229
f 5061/547/228 5076/548/104 5060/531/104
f 5062/533/193 5077/549/223 5061/532/228
f 5063/535/195 5078/550/193 5062/533/193
f 5063/535/195 5080/551/233 5079/552/237
f 5064/534/233 5081/553/199 5080/551/233
f 5065/536/199 5082/554/218 5081/553/199
f 5066/537/218 5083/555/224 5082/554/218
f 5067/538/224 5084/556/239 5083/555/224
f 5068/539/220 5085/557/221 5084/556/239
f 5069/540/226 5086/558/209 5085/557/221
f 5070/541/209 5087/559/210 5086/558/209
f 5072/543/211 5087/559/210 5071/542/210
f 5057/527/213 5088/560/211 5072/543/211
f 5074/545/214 5089/361/213 5073/544/213
f 5075/546/419 5090/359/896 5074/545/214
f 5076/548/104 5091/362/187 5075/546/419
f 5077/561/223 5092/364/869 5076/548/104
f 5078/550/193 5093/370/228 5077/549/223
f 5079/552/237 5094/368/429 5078/550/193
f 5079/552/237 5096/375/66 5095/371/237
f 5080/551/233 5097/377/199 5096/375/66
f 5081/553/199 5098/379/201 5097/377/199
f 5082/554/218 5099/381/203 5098/379/201
f 5083/555/224 5100/383/205 5099/381/203
f 5084/556/239 5101/385/226 5100/383/205
f 5085/557/221 5102/387/209 5101/385/226
f 5086/558/209 5103/390/238 5102/387/209
f 5088/560/211 5103/390/238 5087/559/210
f 5073/544/213 5104/389/667 5088/560/211
f 5105/260/111 5122/261/638 5121/262/111
f 5106/263/112 5123/264/113 5122/261/638
f 5107/265/114 5124/266/115 5123/264/113
f 5109/267/116 5124/266/115 5108/268/115
f 5109/269/116 5126/270/117 5125/271/116
f 5110/272/119 5127/273/122 5126/270/117
f 5112/274/639 5127/273/122 5111/275/122
f 5113/276/123 5128/277/639 5112/274/639
f 5114/278/124 5129/279/640 5113/276/123
f 5115/280/126 5130/281/641 5114/278/124
f 5116/282/128 5131/283/129 5115/280/126
f 5116/282/128 5133/284/130 5132/285/128
f 5118/286/131 5133/284/130 5117/287/132
f 5119/288/133 5134/289/134 5118/286/131
f 5119/288/133 5136/290/135 5135/291/642
f 5120/292/135 5121/262/111 5136/290/135
f 5122/293/848 5137/294/137 5121/295/138
f 5123/296/139 5138/297/140 5122/293/848
f 5124/298/849 5139/299/644 5123/296/139
f 5125/300/902 5140/301/850 5124/298/849
f 5126/302/145 5141/303/851 5125/304/902
f 5127/305/147 5142/306/148 5126/302/145
f 5127/305/147 5144/307/149 5143/308/150
f 5128/309/941 5145/310/152 5144/307/149
f 5129/311/153 5146/312/154 5145/310/152
f 5130/313/155 5147/314/156 5146/312/154
f 5131/315/157 5148/316/158 5147/314/156
f 5132/317/159 5149/318/160 5148/316/158
f 5133/319/161 5150/320/162 5149/318/160
f 5134/321/163 5151/322/164 5150/320/162
f 5136/323/165 5151/322/164 5135/324/166
f 5121/295/138 5152/325/645 5136/323/165
f 5138/326/140 5153/327/168 5137/328/137
f 5139/329/644 5154/330/646 5138/326/140
f 5140/331/850 5155/332/909 5139/329/644
f 5141/333/851 5156/334/859 5140/331/850
f 5142/335/148 5157/336/172 5141/337/851
f 5143/338/150 5158/339/173 5142/335/148
f 5143/338/150 5160/340/174 5159/341/175
f 5144/342/149 5161/343/176 5160/340/174
f 5145/344/152 5162/345/894 5161/343/176
f 5146/346/154 5163/347/895 5162/345/894
f 5147/348/156 5164/349/179 5163/347/895
f 5148/350/158 5165/351/865 5164/349/179
f 5149/352/160 5166/353/181 5165/351/865
f 5150/354/162 5167/355/182 5166/353/181
f 5152/356/645 5167/355/182 5151/357/164
f 5137/328/137 5168/358/183 5152/356/645
f 5330/359/655 5169/360/867 5329/361/886
f 5331/362/222 5170/363/868 5330/359/655
f 5332/364/189 5171/365/190 5331/362/222
f 5333/366/228 5172/367/406 5332/364/189
f 5334/368/429 5173/369/407 5333/370/228
f 5335/371/237 5174/372/870 5334/368/429
f 5335/371/237 5176/373/110 5175/374/237
f 5336/375/66 5177/376/662 5176/373/110
f 5337/377/704 5178/378/200 5177/376/662
f 5338/379/201 5179/380/664 5178/378/200
f 5339/381/224 5180/382/204 5179/380/664
f 5340/383/205 5181/384/206 5180/382/204
f 5341/385/226 5182/386/208 5181/384/206
f 5342/387/209 5183/388/210 5182/386/208
f 5344/389/211 5183/388/210 5343/390/238
f 5329/361/886 5184/391/212 5344/389/211
f 5154/392/646 5185/393/213 5153/394/168
f 5155/395/909 5186/396/214 5154/392/646
f 5156/397/859 5187/398/888 5155/395/909
f 5157/399/172 5188/400/227 5156/397/859
f 5158/401/173 5189/402/216 5157/403/172
f 5159/404/175 5190/405/193 5158/401/173
f 5192/406/233 5159/404/175 5160/407/174
f 5193/408/199 5160/407/174 5161/409/176
f 5194/410/218 5161/409/176 5162/411/894
f 5195/412/219 5162/411/894 5163/413/895
f 5196/414/220 5163/413/895 5164/415/179
f 5197/416/226 5164/415/179 5165/417/865
f 5198/418/209 5165/417/865 5166/419/181
f 5199/420/238 5166/419/181 5167/421/182
f 5168/422/183 5199/420/238 5167/421/182
f 5153/394/168 5200/423/107 5168/422/183
f 5186/396/214 5201/424/213 5185/393/213
f 5187/398/888 5202/425/214 5186/396/214
f 5188/400/227 5203/426/419 5187/398/888
f 5189/427/216 5204/428/104 5188/400/227
f 5190/405/193 5205/429/191 5189/402/216
f 5191/430/237 5206/431/193 5190/405/193
f 5191/430/237 5208/432/233 5207/433/237
f 5192/406/233 5209/434/199 5208/432/233
f 5193/408/199 5210/435/218 5209/434/199
f 5194/410/218 5211/436/224 5210/435/218
f 5195/412/219 5212/437/220 5211/436/224
f 5196/414/220 5213/438/221 5212/437/220
f 5197/416/226 5214/439/209 5213/438/221
f 5198/418/209 5215/440/238 5214/439/209
f 5200/423/107 5215/440/238 5199/420/238
f 5185/393/213 5216/441/107 5200/423/107
f 5202/425/214 5217/442/213 5201/424/213
f 5203/426/419 5218/443/214 5202/425/214
f 5204/428/104 5219/444/419 5203/426/419
f 5205/445/191 5220/446/104 5204/428/104
f 5206/431/193 5221/447/191 5205/429/191
f 5207/433/237 5222/448/193 5206/431/193
f 5207/433/237 5224/449/233 5223/450/237
f 5208/432/233 5225/451/199 5224/449/233
f 5209/434/199 5226/452/218 5225/451/199
f 5210/435/218 5227/453/203 5226/452/218
f 5211/436/224 5228/454/220 5227/453/203
f 5212/437/220 5229/455/226 5228/454/220
f 5213/438/221 5230/456/209 5229/455/226
f 5214/439/209 5231/457/238 5230/456/209
f 5216/441/107 5231/457/238 5215/440/238
f 5201/424/213 5232/458/107 5216/441/107
f 5218/443/214 5233/459/213 5217/442/213
f 5219/444/419 5234/460/214 5218/443/214
f 5220/446/104 5235/461/419 5219/444/419
f 5221/462/191 5236/463/876 5220/446/104
f 5222/448/193 5237/464/191 5221/447/191
f 5223/450/237 5238/465/193 5222/448/193
f 5223/450/237 5240/466/233 5239/467/237
f 5224/449/233 5241/468/199 5240/466/233
f 5225/451/199 5242/469/234 5241/468/199
f 5226/452/218 5243/470/224 5242/469/234
f 5227/453/203 5244/471/220 5243/470/224
f 5228/454/220 5245/472/226 5244/471/220
f 5229/455/226 5246/473/209 5245/472/226
f 5230/456/209 5247/474/238 5246/473/209
f 5232/458/107 5247/474/238 5231/457/238
f 5217/442/213 5248/475/107 5232/458/107
f 5234/460/214 5249/476/213 5233/459/213
f 5235/461/419 5250/477/214 5234/460/214
f 5236/463/876 5251/478/229 5235/461/419
f 5237/479/191 5252/480/104 5236/463/876
f 5238/465/193 5253/481/191 5237/464/191
f 5239/467/237 5254/482/193 5238/465/193
f 5239/467/237 5256/483/233 5255/484/237
f 5240/466/233 5257/485/199 5256/483/233
f 5241/468/199 5258/486/218 5257/485/199
f 5242/469/234 5259/487/224 5258/486/218
f 5243/470/224 5260/488/220 5259/487/224
f 5244/471/220 5261/489/226 5260/488/220
f 5245/472/226 5262/490/209 5261/489/226
f 5246/473/209 5263/491/210 5262/490/209
f 5248/475/107 5263/491/210 5247/474/238
f 5233/459/213 5264/492/107 5248/475/107
f 5250/477/214 5265/493/213 5249/476/213
f 5251/478/229 5266/494/214 5250/477/214
f 5252/480/104 5267/495/229 5251/478/229
f 5253/496/191 5268/497/104 5252/480/104
f 5254/482/193 5269/498/228 5253/481/191
f 5255/484/237 5270/499/193 5254/482/193
f 5255/484/237 5272/500/233 5271/501/195
f 5256/483/233 5273/502/199 5272/500/233
f 5257/485/199 5274/503/218 5273/502/199
f 5258/486/218 5275/504/224 5274/503/218
f 5259/487/224 5276/505/907 5275/504/224
f 5260/488/220 5277/506/226 5276/505/907
f 5261/489/226 5278/507/420 5277/506/226
f 5262/490/209 5279/508/210 5278/507/420
f 5264/492/107 5279/508/210 5263/491/210
f 5249/476/213 5280/509/211 5264/492/107
f 5266/494/214 5281/510/213 5265/493/213
f 5267/495/229 5282/511/214 5266/494/214
f 5268/497/104 5283/512/229 5267/495/229
f 5269/513/228 5284/514/104 5268/497/104
f 5270/499/193 5285/515/422 5269/498/228
f 5271/501/195 5286/516/193 5270/499/193
f 5271/501/195 5288/517/233 5287/518/195
f 5272/500/233 5289/519/199 5288/517/233
f 5273/502/199 5290/520/218 5289/519/199
f 5274/503/218 5291/521/224 5290/520/218
f 5275/504/224 5292/522/220 5291/521/224
f 5276/505/907 5293/523/226 5292/522/220
f 5277/506/226 5294/524/209 5293/523/226
f 5278/507/420 5295/525/210 5294/524/209
f 5280/509/211 5295/525/210 5279/508/210
f 5265/493/213 5296/526/211 5280/509/211
f 5282/511/214 5297/527/213 5281/510/213
f 5283/512/229 5298/528/214 5282/511/214
f 5284/514/104 5299/529/419 5283/512/229
f 5285/530/422 5300/531/104 5284/514/104
f 5286/516/193 5301/532/912 5285/515/422
f 5287/518/195 5302/533/193 5286/516/193
f 5287/518/195 5304/534/233 5303/535/195
f 5288/517/233 5305/536/199 5304/534/233
f 5289/519/199 5306/537/218 5305/536/199
f 5290/520/218 5307/538/203 5306/537/218
f 5291/521/224 5308/539/220 5307/538/203
f 5292/522/220 5309/540/226 5308/539/220
f 5293/523/226 5310/541/209 5309/540/226
f 5294/524/209 5311/542/210 5310/541/209
f 5296/526/211 5311/542/210 5295/525/210
f 5281/510/213 5312/543/211 5296/526/211
f 5298/528/214 5313/544/213 5297/527/213
f 5299/529/419 5314/545/214 5298/528/214
f 5300/531/104 5315/546/229 5299/529/419
f 5301/547/912 5316/548/104 5300/531/104
f 5302/533/193 5317/549/223 5301/532/912
f 5303/535/195 5318/550/193 5302/533/193
f 5303/535/195 5320/551/233 5319/552/237
f 5304/534/233 5321/553/199 5320/551/233
f 5305/536/199 5322/554/218 5321/553/199
f 5306/537/218 5323/555/224 5322/554/218
f 5307/538/203 5324/556/220 5323/555/224
f 5308/539/220 5325/557/226 5324/556/220
f 5309/540/226 5326/558/209 5325/557/226
f 5310/541/209 5327/559/210 5326/558/209
f 5312/543/211 5327/559/210 5311/542/210
f 5297/527/213 5328/560/211 5312/543/211
f 5314/545/214 5329/361/886 5313/544/213
f 5315/546/229 5330/359/655 5314/545/214
f 5316/548/104 5331/362/222 5315/546/229
f 5317/561/223 5332/364/189 5316/548/104
f 5318/550/193 5333/370/228 5317/549/223
f 5319/552/237 5334/368/429 5318/550/193
f 5319/552/237 5336/375/66 5335/371/237
f 5320/551/233 5337/377/704 5336/375/66
f 5321/553/199 5338/379/201 5337/377/704
f 5322/554/218 5339/381/224 5338/379/201
f 5323/555/224 5340/383/205 5339/381/224
f 5324/556/220 5341/385/226 5340/383/205
f 5325/557/226 5342/387/209 5341/385/226
f 5326/558/209 5343/390/238 5342/387/209
f 5328/560/211 5343/390/238 5327/559/210
f 5313/544/213 5344/389/211 5328/560/211
f 5345/260/111 5362/261/638 5361/262/111
f 5346/263/638 5363/264/114 5362/261/638
f 5347/265/114 5364/266/115 5363/264/114
f 5349/267/116 5364/266/115 5348/268/115
f 5349/269/116 5366/270/117 5365/271/116
f 5350/272/117 5367/273/942 5366/270/117
f 5352/274/121 5367/273/942 5351/275/943
f 5353/276/123 5368/277/121 5352/274/121
f 5354/278/124 5369/279/640 5353/276/123
f 5355/280/126 5370/281/127 5354/278/124
f 5356/282/128 5371/283/129 5355/280/126
f 5356/282/128 5373/284/130 5372/285/128
f 5358/286/131 5373/284/130 5357/287/132
f 5359/288/133 5374/289/134 5358/286/131
f 5359/288/133 5376/290/135 5375/291/133
f 5360/292/135 5361/262/111 5376/290/135
f 5362/293/848 5377/294/137 5361/295/138
f 5363/296/139 5378/297/140 5362/293/848
f 5364/298/141 5379/299/944 5363/296/139
f 5365/300/143 5380/301/144 5364/298/141
f 5366/302/145 5381/303/146 5365/304/143
f 5367/305/147 5382/306/148 5366/302/145
f 5367/305/147 5384/307/149 5383/308/150
f 5368/309/151 5385/310/855 5384/307/149
f 5369/311/153 5386/312/154 5385/310/855
f 5370/313/155 5387/314/156 5386/312/154
f 5371/315/856 5388/316/158 5387/314/156
f 5372/317/159 5389/318/160 5388/316/158
f 5373/319/161 5390/320/162 5389/318/160
f 5374/321/163 5391/322/164 5390/320/162
f 5376/323/165 5391/322/164 5375/324/166
f 5361/295/138 5392/325/645 5376/323/165
f 5378/326/140 5393/327/168 5377/328/137
f 5379/329/944 5394/330/858 5378/326/140
f 5380/331/144 5395/332/909 5379/329/944
f 5381/333/146 5396/334/859 5380/331/144
f 5382/335/148 5397/336/860 5381/337/146
f 5383/338/150 5398/339/173 5382/335/148
f 5383/338/150 5400/340/174 5399/341/175
f 5384/342/149 5401/343/176 5400/340/174
f 5385/344/855 5402/345/945 5401/343/176
f 5386/346/154 5403/347/895 5402/345/945
f 5387/348/156 5404/349/179 5403/347/895
f 5388/350/158 5405/351/903 5404/349/179
f 5389/352/160 5406/353/917 5405/351/903
f 5390/354/162 5407/355/866 5406/353/917
f 5392/356/645 5407/355/866 5391/357/164
f 5377/328/137 5408/358/183 5392/356/645
f 5570/359/655 5409/360/867 5569/361/677
f 5571/362/187 5410/363/657 5570/359/655
f 5572/364/946 5411/365/190 5571/362/187
f 5573/366/228 5412/367/406 5572/364/946
f 5574/368/193 5413/369/407 5573/370/228
f 5575/371/237 5414/372/196 5574/368/193
f 5575/371/237 5416/373/110 5415/374/237
f 5576/375/66 5417/376/662 5416/373/110
f 5577/377/704 5418/378/200 5417/376/662
f 5578/379/201 5419/380/664 5418/378/200
f 5579/381/705 5420/382/204 5419/380/664
f 5580/383/205 5421/384/206 5420/382/204
f 5581/385/226 5422/386/208 5421/384/206
f 5582/387/420 5423/388/210 5422/386/208
f 5584/389/211 5423/388/210 5583/390/238
f 5569/361/677 5424/391/212 5584/389/211
f 5394/392/858 5425/393/213 5393/394/168
f 5395/395/909 5426/396/214 5394/392/858
f 5396/397/859 5427/398/419 5395/395/909
f 5397/399/860 5428/400/104 5396/397/859
f 5398/401/173 5429/402/191 5397/403/860
f 5399/404/175 5430/405/193 5398/401/173
f 5432/406/233 5399/404/175 5400/407/174
f 5433/408/199 5400/407/174 5401/409/176
f 5434/410/218 5401/409/176 5402/411/945
f 5435/412/921 5402/411/945 5403/413/895
f 5436/414/239 5403/413/895 5404/415/179
f 5437/416/226 5404/415/179 5405/417/903
f 5438/418/420 5405/417/903 5406/419/917
f 5439/420/210 5406/419/917 5407/421/866
f 5408/422/183 5439/420/210 5407/421/866
f 5393/394/168 5440/423/107 5408/422/183
f 5426/396/214 5441/424/213 5425/393/213
f 5427/398/419 5442/425/214 5426/396/214
f 5428/400/104 5443/426/222 5427/398/419
f 5429/427/191 5444/428/104 5428/400/104
f 5430/405/193 5445/429/191 5429/402/191
f 5431/430/237 5446/431/193 5430/405/193
f 5431/430/237 5448/432/233 5447/433/195
f 5432/406/233 5449/434/199 5448/432/233
f 5433/408/199 5450/435/218 5449/434/199
f 5434/410/218 5451/436/224 5450/435/218
f 5435/412/921 5452/437/220 5451/436/224
f 5436/414/239 5453/438/226 5452/437/220
f 5437/416/226 5454/439/420 5453/438/226
f 5438/418/420 5455/440/210 5454/439/420
f 5440/423/107 5455/440/210 5439/420/210
f 5425/393/213 5456/441/211 5440/423/107
f 5442/425/214 5457/442/213 5441/424/213
f 5443/426/222 5458/443/214 5442/425/214
f 5444/428/104 5459/444/229 5443/426/222
f 5445/445/191 5460/446/104 5444/428/104
f 5446/431/193 5461/447/191 5445/429/191
f 5447/433/195 5462/448/193 5446/431/193
f 5447/433/195 5464/449/233 5463/450/237
f 5448/432/233 5465/451/199 5464/449/233
f 5449/434/199 5466/452/218 5465/451/199
f 5450/435/218 5467/453/203 5466/452/218
f 5451/436/224 5468/454/220 5467/453/203
f 5452/437/220 5469/455/226 5468/454/220
f 5453/438/226 5470/456/420 5469/455/226
f 5454/439/420 5471/457/210 5470/456/420
f 5456/441/211 5471/457/210 5455/440/210
f 5441/424/213 5472/458/107 5456/441/211
f 5458/443/214 5473/459/213 5457/442/213
f 5459/444/229 5474/460/214 5458/443/214
f 5460/446/104 5475/461/222 5459/444/229
f 5461/462/191 5476/463/104 5460/446/104
f 5462/448/193 5477/464/191 5461/447/191
f 5463/450/237 5478/465/193 5462/448/193
f 5463/450/237 5480/466/233 5479/467/237
f 5464/449/233 5481/468/199 5480/466/233
f 5465/451/199 5482/469/218 5481/468/199
f 5466/452/218 5483/470/224 5482/469/218
f 5467/453/203 5484/471/235 5483/470/224
f 5468/454/220 5485/472/226 5484/471/235
f 5469/455/226 5486/473/231 5485/472/226
f 5470/456/420 5487/474/210 5486/473/231
f 5472/458/107 5487/474/210 5471/457/210
f 5457/442/213 5488/475/211 5472/458/107
f 5474/460/214 5489/476/213 5473/459/213
f 5475/461/222 5490/477/214 5474/460/214
f 5476/463/104 5491/478/229 5475/461/222
f 5477/479/191 5492/480/104 5476/463/104
f 5478/465/193 5493/481/228 5477/464/191
f 5479/467/237 5494/482/193 5478/465/193
f 5479/467/237 5496/483/233 5495/484/237
f 5480/466/233 5497/485/199 5496/483/233
f 5481/468/199 5498/486/218 5497/485/199
f 5482/469/218 5499/487/224 5498/486/218
f 5483/470/224 5500/488/220 5499/487/224
f 5484/471/235 5501/489/226 5500/488/220
f 5485/472/226 5502/490/209 5501/489/226
f 5486/473/231 5503/491/238 5502/490/209
f 5488/475/211 5503/491/238 5487/474/210
f 5473/459/213 5504/492/211 5488/475/211
f 5490/477/214 5505/493/213 5489/476/213
f 5491/478/229 5506/494/214 5490/477/214
f 5492/480/104 5507/495/947 5491/478/229
f 5493/496/228 5508/497/670 5492/480/104
f 5494/482/193 5509/498/228 5493/481/228
f 5495/484/237 5510/499/193 5494/482/193
f 5495/484/237 5512/500/233 5511/501/195
f 5496/483/233 5513/502/199 5512/500/233
f 5497/485/199 5514/503/218 5513/502/199
f 5498/486/218 5515/504/203 5514/503/218
f 5499/487/224 5516/505/225 5515/504/203
f 5500/488/220 5517/506/226 5516/505/225
f 5501/489/226 5518/507/209 5517/506/226
f 5502/490/209 5519/508/210 5518/507/209
f 5504/492/211 5519/508/210 5503/491/238
f 5489/476/213 5520/509/211 5504/492/211
f 5506/494/214 5521/510/213 5505/493/213
f 5507/495/947 5522/511/214 5506/494/214
f 5508/497/670 5523/512/229 5507/495/947
f 5509/513/228 5524/514/104 5508/497/670
f 5510/499/193 5525/515/228 5509/498/228
f 5511/501/195 5526/516/193 5510/499/193
f 5511/501/195 5528/517/233 5527/518/195
f 5512/500/233 5529/519/199 5528/517/233
f 5513/502/199 5530/520/230 5529/519/199
f 5514/503/218 5531/521/880 5530/520/230
f 5515/504/203 5532/522/239 5531/521/880
f 5516/505/225 5533/523/226 5532/522/239
f 5517/506/226 5534/524/209 5533/523/226
f 5518/507/209 5535/525/210 5534/524/209
f 5520/509/211 5535/525/210 5519/508/210
f 5505/493/213 5536/526/211 5520/509/211
f 5522/511/214 5537/527/213 5521/510/213
f 5523/512/229 5538/528/214 5522/511/214
f 5524/514/104 5539/529/229 5523/512/229
f 5525/530/228 5540/531/104 5524/514/104
f 5526/516/193 5541/532/191 5525/515/228
f 5527/518/195 5542/533/193 5526/516/193
f 5527/518/195 5544/534/233 5543/535/195
f 5528/517/233 5545/536/199 5544/534/233
f 5529/519/199 5546/537/218 5545/536/199
f 5530/520/230 5547/538/203 5546/537/218
f 5531/521/880 5548/539/225 5547/538/203
f 5532/522/239 5549/540/226 5548/539/225
f 5533/523/226 5550/541/209 5549/540/226
f 5534/524/209 5551/542/210 5550/541/209
f 5536/526/211 5551/542/210 5535/525/210
f 5521/510/213 5552/543/211 5536/526/211
f 5538/528/214 5553/544/213 5537/527/213
f 5539/529/229 5554/545/214 5538/528/214
f 5540/531/104 5555/546/229 5539/529/229
f 5541/547/191 5556/548/104 5540/531/104
f 5542/533/193 5557/549/912 5541/532/191
f 5543/535/195 5558/550/193 5542/533/193
f 5543/535/195 5560/551/233 5559/552/237
f 5544/534/233 5561/553/199 5560/551/233
f 5545/536/199 5562/554/218 5561/553/199
f 5546/537/218 5563/555/203 5562/554/218
f 5547/538/203 5564/556/220 5563/555/203
f 5548/539/225 5565/557/226 5564/556/220
f 5549/540/226 5566/558/209 5565/557/226
f 5550/541/209 5567/559/210 5566/558/209
f 5552/543/211 5567/559/210 5551/542/210
f 5537/527/213 5568/560/211 5552/543/211
f 5554/545/214 5569/361/677 5553/544/213
f 5555/546/229 5570/359/655 5554/545/214
f 5556/548/104 5571/362/187 5555/546/229
f 5557/561/912 5572/364/946 5556/548/104
f 5558/550/193 5573/370/228 5557/549/912
f 5559/552/237 5574/368/193 5558/550/193
f 5559/552/237 5576/375/66 5575/371/237
f 5560/551/233 5577/377/704 5576/375/66
f 5561/553/199 5578/379/201 5577/377/704
f 5562/554/218 5579/381/705 5578/379/201
f 5563/555/203 5580/383/205 5579/381/705
f 5564/556/220 5581/385/226 5580/383/205
f 5565/557/226 5582/387/420 5581/385/226
f 5566/558/209 5583/390/238 5582/387/420
f 5568/560/211 5583/390/238 5567/559/210
f 5553/544/213 5584/389/211 5568/560/211
f 5585/260/111 5602/261/112 5601/262/111
f 5586/263/112 5603/264/114 5602/261/112
f 5587/265/114 5604/266/115 5603/264/114
f 5589/267/116 5604/266/115 5588/268/115
f 5589/269/116 5606/270/117 5605/271/116
f 5590/272/119 5607/273/120 5606/270/117
f 5592/274/639 5607/273/120 5591/275/942
f 5593/276/123 5608/277/639 5592/274/639
f 5594/278/124 5609/279/640 5593/276/123
f 5595/280/126 5610/281/127 5594/278/124
f 5596/282/128 5611/283/129 5595/280/126
f 5596/282/128 5613/284/130 5612/285/128
f 5598/286/131 5613/284/130 5597/287/132
f 5599/288/133 5614/289/134 5598/286/131
f 5599/288/133 5616/290/135 5615/291/133
f 5600/292/135 5601/262/111 5616/290/135
f 5602/293/848 5617/294/924 5601/295/138
f 5603/296/139 5618/297/140 5602/293/848
f 5604/298/141 5619/299/901 5603/296/139
f 5605/300/143 5620/301/850 5604/298/141
f 5606/302/145 5621/303/146 5605/304/143
f 5607/305/147 5622/306/148 5606/302/145
f 5607/305/147 5624/307/149 5623/308/150
f 5608/309/151 5625/310/855 5624/307/149
f 5609/311/153 5626/312/154 5625/310/855
f 5610/313/155 5627/314/156 5626/312/154
f 5611/315/856 5628/316/158 5627/314/156
f 5612/317/159 5629/318/160 5628/316/158
f 5613/319/161 5630/320/162 5629/318/160
f 5614/321/163 5631/322/164 5630/320/162
f 5616/323/165 5631/322/164 5615/324/166
f 5601/295/138 5632/325/167 5616/323/165
f 5618/326/140 5633/327/168 5617/328/924
f 5619/329/901 5634/330/858 5618/326/140
f 5620/331/850 5635/332/909 5619/329/901
f 5621/333/146 5636/334/884 5620/331/850
f 5622/335/148 5637/336/860 5621/337/146
f 5623/338/150 5638/339/173 5622/335/148
f 5623/338/150 5640/340/174 5639/341/175
f 5624/342/149 5641/343/863 5640/340/174
f 5625/344/855 5642/345/885 5641/343/863
f 5626/346/154 5643/347/895 5642/345/885
f 5627/348/156 5644/349/179 5643/347/895
f 5628/350/158 5645/351/903 5644/349/179
f 5629/352/160 5646/353/181 5645/351/903
f 5630/354/162 5647/355/182 5646/353/181
f 5632/356/167 5647/355/182 5631/357/164
f 5617/328/924 5648/358/183 5632/356/167
f 5810/359/655 5649/360/867 5809/361/886
f 5811/362/948 5650/363/657 5810/359/655
f 5812/364/946 5651/365/190 5811/362/948
f 5813/366/228 5652/367/406 5812/364/946
f 5814/368/193 5653/369/407 5813/370/228
f 5815/371/237 5654/372/196 5814/368/193
f 5815/371/237 5656/373/110 5655/374/237
f 5816/375/233 5657/376/662 5656/373/110
f 5817/377/199 5658/378/200 5657/376/662
f 5818/379/201 5659/380/664 5658/378/200
f 5819/381/705 5660/382/204 5659/380/664
f 5820/383/205 5661/384/206 5660/382/204
f 5821/385/226 5662/386/208 5661/384/206
f 5822/387/420 5663/388/210 5662/386/208
f 5824/389/211 5663/388/210 5823/390/210
f 5809/361/886 5664/391/212 5824/389/211
f 5634/392/858 5665/393/213 5633/394/168
f 5635/395/909 5666/396/214 5634/392/858
f 5636/397/884 5667/398/419 5635/395/909
f 5637/399/860 5668/400/104 5636/397/884
f 5638/401/173 5669/402/191 5637/403/860
f 5639/404/175 5670/405/193 5638/401/173
f 5672/406/233 5639/404/175 5640/407/174
f 5673/408/199 5640/407/174 5641/409/863
f 5674/410/218 5641/409/863 5642/411/885
f 5675/412/921 5642/411/885 5643/413/895
f 5676/414/239 5643/413/895 5644/415/179
f 5677/416/226 5644/415/179 5645/417/903
f 5678/418/420 5645/417/903 5646/419/181
f 5679/420/210 5646/419/181 5647/421/182
f 5648/422/183 5679/420/210 5647/421/182
f 5633/394/168 5680/423/107 5648/422/183
f 5666/396/214 5681/424/213 5665/393/213
f 5667/398/419 5682/425/214 5666/396/214
f 5668/400/104 5683/426/222 5667/398/419
f 5669/427/191 5684/428/104 5668/400/104
f 5670/405/193 5685/429/216 5669/402/191
f 5671/430/237 5686/431/193 5670/405/193
f 5671/430/237 5688/432/233 5687/433/237
f 5672/406/233 5689/434/199 5688/432/233
f 5673/408/199 5690/435/230 5689/434/199
f 5674/410/218 5691/436/949 5690/435/230
f 5675/412/921 5692/437/220 5691/436/949
f 5676/414/239 5693/438/226 5692/437/220
f 5677/416/226 5694/439/420 5693/438/226
f 5678/418/420 5695/440/210 5694/439/420
f 5680/423/107 5695/440/210 5679/420/210
f 5665/393/213 5696/441/107 5680/423/107
f 5682/425/214 5697/442/213 5681/424/213
f 5683/426/222 5698/443/214 5682/425/214
f 5684/428/104 5699/444/229 5683/426/222
f 5685/445/216 5700/446/104 5684/428/104
f 5686/431/193 5701/447/191 5685/429/216
f 5687/433/237 5702/448/193 5686/431/193
f 5687/433/237 5704/449/233 5703/450/237
f 5688/432/233 5705/451/199 5704/449/233
f 5689/434/199 5706/452/218 5705/451/199
f 5690/435/230 5707/453/203 5706/452/218
f 5691/436/949 5708/454/220 5707/453/203
f 5692/437/220 5709/455/226 5708/454/220
f 5693/438/226 5710/456/420 5709/455/226
f 5694/439/420 5711/457/210 5710/456/420
f 5696/441/107 5711/457/210 5695/440/210
f 5681/424/213 5712/458/107 5696/441/107
f 5698/443/214 5713/459/213 5697/442/213
f 5699/444/229 5714/460/214 5698/443/214
f 5700/446/104 5715/461/222 5699/444/229
f 5701/462/191 5716/463/104 5700/446/104
f 5702/448/193 5717/464/191 5701/447/191
f 5703/450/237 5718/465/193 5702/448/193
f 5703/450/237 5720/466/233 5719/467/237
f 5704/449/233 5721/468/199 5720/466/233
f 5705/451/199 5722/469/218 5721/468/199
f 5706/452/218 5723/470/224 5722/469/218
f 5707/453/203 5724/471/220 5723/470/224
f 5708/454/220 5725/472/226 5724/471/220
f 5709/455/226 5726/473/231 5725/472/226
f 5710/456/420 5727/474/210 5726/473/231
f 5712/458/107 5727/474/210 5711/457/210
f 5697/442/213 5728/475/107 5712/458/107
f 5714/460/214 5729/476/213 5713/459/213
f 5715/461/222 5730/477/214 5714/460/214
f 5716/463/104 5731/478/419 5715/461/222
f 5717/479/191 5732/480/104 5716/463/104
f 5718/465/193 5733/481/228 5717/464/191
f 5719/467/237 5734/482/193 5718/465/193
f 5719/467/237 5736/483/233 5735/484/237
f 5720/466/233 5737/485/199 5736/483/233
f 5721/468/199 5738/486/218 5737/485/199
f 5722/469/218 5739/487/224 5738/486/218
f 5723/470/224 5740/488/220 5739/487/224
f 5724/471/220 5741/489/226 5740/488/220
f 5725/472/226 5742/490/209 5741/489/226
f 5726/473/231 5743/491/210 5742/490/209
f 5728/475/107 5743/491/210 5727/474/210
f 5713/459/213 5744/492/107 5728/475/107
f 5730/477/214 5745/493/213 5729/476/213
f 5731/478/419 5746/494/214 5730/477/214
f 5732/480/104 5747/495/947 5731/478/419
f 5733/496/228 5748/497/670 5732/480/104
f 5734/482/193 5749/498/228 5733/481/228
f 5735/484/237 5750/499/193 5734/482/193
f 5735/484/237 5752/500/233 5751/501/237
f 5736/483/233 5753/502/199 5752/500/233
f 5737/485/199 5754/503/218 5753/502/199
f 5738/486/218 5755/504/224 5754/503/218
f 5739/487/224 5756/505/225 5755/504/224
f 5740/488/220 5757/506/226 5756/505/225
f 5741/489/226 5758/507/209 5757/506/226
f 5742/490/209 5759/508/210 5758/507/209
f 5744/492/107 5759/508/210 5743/491/210
f 5729/476/213 5760/509/211 5744/492/107
f 5746/494/214 5761/510/213 5745/493/213
f 5747/495/947 5762/511/214 5746/494/214
f 5748/497/670 5763/512/229 5747/495/947
f 5749/513/228 5764/514/104 5748/497/670
f 5750/499/193 5765/515/228 5749/498/228
f 5751/501/237 5766/516/193 5750/499/193
f 5751/501/237 5768/517/233 5767/518/237
f 5752/500/233 5769/519/199 5768/517/233
f 5753/502/199 5770/520/230 5769/519/199
f 5754/503/218 5771/521/880 5770/520/230
f 5755/504/224 5772/522/239 5771/521/880
f 5756/505/225 5773/523/226 5772/522/239
f 5757/506/226 5774/524/209 5773/523/226
f 5758/507/209 5775/525/210 5774/524/209
f 5760/509/211 5775/525/210 5759/508/210
f 5745/493/213 5776/526/211 5760/509/211
f 5762/511/214 5777/527/213 5761/510/213
f 5763/512/229 5778/528/214 5762/511/214
f 5764/514/104 5779/529/229 5763/512/229
f 5765/530/228 5780/531/104 5764/514/104
f 5766/516/193 5781/532/191 5765/515/228
f 5767/518/237 5782/533/193 5766/516/193
f 5767/518/237 5784/534/233 5783/535/195
f 5768/517/233 5785/536/199 5784/534/233
f 5769/519/199 5786/537/218 5785/536/199
f 5770/520/230 5787/538/203 5786/537/218
f 5771/521/880 5788/539/225 5787/538/203
f 5772/522/239 5789/540/226 5788/539/225
f 5773/523/226 5790/541/209 5789/540/226
f 5774/524/209 5791/542/238 5790/541/209
f 5776/526/211 5791/542/238 5775/525/210
f 5761/510/213 5792/543/211 5776/526/211
f 5778/528/214 5793/544/213 5777/527/213
f 5779/529/229 5794/545/214 5778/528/214
f 5780/531/104 5795/546/229 5779/529/229
f 5781/547/191 5796/548/104 5780/531/104
f 5782/533/193 5797/549/228 5781/532/191
f 5783/535/195 5798/550/193 5782/533/193
f 5783/535/195 5800/551/233 5799/552/237
f 5784/534/233 5801/553/199 5800/551/233
f 5785/536/199 5802/554/218 5801/553/199
f 5786/537/218 5803/555/203 5802/554/218
f 5787/538/203 5804/556/220 5803/555/203
f 5788/539/225 5805/557/226 5804/556/220
f 5789/540/226 5806/558/209 5805/557/226
f 5790/541/209 5807/559/238 5806/558/209
f 5792/543/211 5807/559/238 5791/542/238
f 5777/527/213 5808/560/211 5792/543/211
f 5794/545/214 5809/361/886 5793/544/213
f 5795/546/229 5810/359/655 5794/545/214
f 5796/548/104 5811/362/948 5795/546/229
f 5797/561/228 5812/364/946 5796/548/104
f 5798/550/193 5813/370/228 5797/549/228
f 5799/552/237 5814/368/193 5798/550/193
f 5799/552/237 5816/375/233 5815/371/237
f 5800/551/233 5817/377/199 5816/375/233
f 5801/553/199 5818/379/201 5817/377/199
f 5802/554/218 5819/381/705 5818/379/201
f 5803/555/203 5820/383/205 5819/381/705
f 5804/556/220 5821/385/226 5820/383/205
f 5805/557/226 5822/387/420 5821/385/226
f 5806/558/209 5823/390/210 5822/387/420
f 5808/560/211 5823/390/210 5807/559/238
f 5793/544/213 5824/389/211 5808/560/211
f 5825/260/111 5842/261/638 5841/262/111
f 5826/263/112 5843/264/113 5842/261/638
f 5827/265/114 5844/266/115 5843/264/113
f 5829/267/116 5844/266/115 5828/268/115
f 5829/269/116 5846/270/117 5845/271/116
f 5830/272/119 5847/273/120 5846/270/117
f 5832/274/121 5847/273/120 5831/275/120
f 5833/276/123 5848/277/121 5832/274/121
f 5834/278/124 5849/279/640 5833/276/123
f 5835/280/126 5850/281/641 5834/278/124
f 5836/282/128 5851/283/129 5835/280/126
f 5836/282/128 5853/284/130 5852/285/128
f 5838/286/131 5853/284/130 5837/287/132
f 5839/288/133 5854/289/134 5838/286/131
f 5839/288/133 5856/290/135 5855/291/133
f 5840/292/135 5841/262/111 5856/290/135
f 5842/293/136 5857/294/924 5841/295/138
f 5843/296/139 5858/297/140 5842/293/136
f 5844/298/849 5859/299/644 5843/296/139
f 5845/300/143 5860/301/144 5844/298/849
f 5846/302/145 5861/303/146 5845/304/143
f 5847/305/147 5862/306/148 5846/302/145
f 5847/305/147 5864/307/853 5863/308/150
f 5848/309/151 5865/310/152 5864/307/853
f 5849/311/153 5866/312/154 5865/310/152
f 5850/313/155 5867/314/156 5866/312/154
f 5851/315/157 5868/316/158 5867/314/156
f 5852/317/159 5869/318/160 5868/316/158
f 5853/319/161 5870/320/162 5869/318/160
f 5854/321/163 5871/322/164 5870/320/162
f 5856/323/165 5871/322/164 5855/324/166
f 5841/295/138 5872/325/645 5856/323/165
f 5858/326/140 5873/327/168 5857/328/924
f 5859/329/644 5874/330/646 5858/326/140
f 5860/331/144 5875/332/909 5859/329/644
f 5861/333/146 5876/334/171 5860/331/144
f 5862/335/148 5877/336/172 5861/337/146
f 5863/338/150 5878/339/173 5862/335/148
f 5863/338/150 5880/340/174 5879/341/175
f 5864/342/853 5881/343/176 5880/340/174
f 5865/344/152 5882/345/885 5881/343/176
f 5866/346/154 5883/347/895 5882/345/885
f 5867/348/156 5884/349/179 5883/347/895
f 5868/350/158 5885/351/865 5884/349/179
f 5869/352/160 5886/353/181 5885/351/865
f 5870/354/162 5887/355/182 5886/353/181
f 5872/356/645 5887/355/182 5871/357/164
f 5857/328/924 5888/358/183 5872/356/645
f 6050/359/655 5889/360/867 6049/361/213
f 6051/362/229 5890/363/657 6050/359/655
f 6052/364/904 5891/365/190 6051/362/229
f 6053/366/228 5892/367/192 6052/364/904
f 6054/368/193 5893/369/926 6053/370/228
f 6055/371/237 5894/372/870 6054/368/193
f 6055/371/237 5896/373/110 5895/374/237
f 6056/375/233 5897/376/198 5896/373/110
f 6057/377/950 5898/378/200 5897/376/198
f 6058/379/201 5899/380/898 5898/378/200
f 6059/381/224 5900/382/873 5899/380/898
f 6060/383/205 5901/384/206 5900/382/873
f 6061/385/226 5902/386/951 5901/384/206
f 6062/387/209 5903/388/210 5902/386/951
f 6064/389/211 5903/388/210 6063/390/238
f 6049/361/213 5904/391/212 6064/389/211
f 5874/392/646 5905/393/213 5873/394/168
f 5875/395/909 5906/396/214 5874/392/646
f 5876/397/171 5907/398/419 5875/395/909
f 5877/399/172 5908/400/104 5876/397/171
f 5878/401/173 5909/402/216 5877/403/172
f 5879/404/175 5910/405/193 5878/401/173
f 5912/406/233 5879/404/175 5880/407/174
f 5913/408/199 5880/407/174 5881/409/176
f 5914/410/218 5881/409/176 5882/411/885
f 5915/412/921 5882/411/885 5883/413/895
f 5916/414/220 5883/413/895 5884/415/179
f 5917/416/226 5884/415/179 5885/417/865
f 5918/418/420 5885/417/865 5886/419/181
f 5919/420/210 5886/419/181 5887/421/182
f 5888/422/183 5919/420/210 5887/421/182
f 5873/394/168 5920/423/107 5888/422/183
f 5906/396/214 5921/424/213 5905/393/213
f 5907/398/419 5922/425/214 5906/396/214
f 5908/400/104 5923/426/215 5907/398/419
f 5909/427/216 5924/428/104 5908/400/104
f 5910/405/193 5925/429/191 5909/402/216
f 5911/430/237 5926/431/193 5910/405/193
f 5911/430/237 5928/432/233 5927/433/237
f 5912/406/233 5929/434/199 5928/432/233
f 5913/408/199 5930/435/218 5929/434/199
f 5914/410/218 5931/436/224 5930/435/218
f 5915/412/921 5932/437/220 5931/436/224
f 5916/414/220 5933/438/226 5932/437/220
f 5917/416/226 5934/439/231 5933/438/226
f 5918/418/420 5935/440/210 5934/439/231
f 5920/423/107 5935/440/210 5919/420/210
f 5905/393/213 5936/441/107 5920/423/107
f 5922/425/214 5937/442/213 5921/424/213
f 5923/426/215 5938/443/214 5922/425/214
f 5924/428/104 5939/444/419 5923/426/215
f 5925/445/191 5940/446/104 5924/428/104
f 5926/431/193 5941/447/191 5925/429/191
f 5927/433/237 5942/448/193 5926/431/193
f 5927/433/237 5944/449/233 5943/450/237
f 5928/432/233 5945/451/199 5944/449/233
f 5929/434/199 5946/452/218 5945/451/199
f 5930/435/218 5947/453/224 5946/452/218
f 5931/436/224 5948/454/220 5947/453/224
f 5932/437/220 5949/455/226 5948/454/220
f 5933/438/226 5950/456/420 5949/455/226
f 5934/439/231 5951/457/210 5950/456/420
f 5936/441/107 5951/457/210 5935/440/210
f 5921/424/213 5952/458/107 5936/441/107
f 5938/443/214 5953/459/213 5937/442/213
f 5939/444/419 5954/460/214 5938/443/214
f 5940/446/104 5955/461/229 5939/444/419
f 5941/462/191 5956/463/104 5940/446/104
f 5942/448/193 5957/464/216 5941/447/191
f 5943/450/237 5958/465/193 5942/448/193
f 5943/450/237 5960/466/233 5959/467/237
f 5944/449/233 5961/468/199 5960/466/233
f 5945/451/199 5962/469/230 5961/468/199
f 5946/452/218 5963/470/890 5962/469/230
f 5947/453/224 5964/471/235 5963/470/890
f 5948/454/220 5965/472/226 5964/471/235
f 5949/455/226 5966/473/209 5965/472/226
f 5950/456/420 5967/474/210 5966/473/209
f 5952/458/107 5967/474/210 5951/457/210
f 5937/442/213 5968/475/107 5952/458/107
f 5954/460/214 5969/476/213 5953/459/213
f 5955/461/229 5970/477/214 5954/460/214
f 5956/463/104 5971/478/229 5955/461/229
f 5957/479/216 5972/480/104 5956/463/104
f 5958/465/193 5973/481/422 5957/464/216
f 5959/467/237 5974/482/193 5958/465/193
f 5959/467/237 5976/483/233 5975/484/195
f 5960/466/233 5977/485/199 5976/483/233
f 5961/468/199 5978/486/218 5977/485/199
f 5962/469/230 5979/487/224 5978/486/218
f 5963/470/890 5980/488/220 5979/487/224
f 5964/471/235 5981/489/226 5980/488/220
f 5965/472/226 5982/490/209 5981/489/226
f 5966/473/209 5983/491/210 5982/490/209
f 5968/475/107 5983/491/210 5967/474/210
f 5953/459/213 5984/492/107 5968/475/107
f 5970/477/214 5985/493/213 5969/476/213
f 5971/478/229 5986/494/214 5970/477/214
f 5972/480/104 5987/495/419 5971/478/229
f 5973/496/422 5988/497/104 5972/480/104
f 5974/482/193 5989/498/228 5973/481/422
f 5975/484/195 5990/499/193 5974/482/193
f 5975/484/195 5992/500/233 5991/501/195
f 5976/483/233 5993/502/199 5992/500/233
f 5977/485/199 5994/503/218 5993/502/199
f 5978/486/218 5995/504/224 5994/503/218
f 5979/487/224 5996/505/235 5995/504/224
f 5980/488/220 5997/506/226 5996/505/235
f 5981/489/226 5998/507/420 5997/506/226
f 5982/490/209 5999/508/210 5998/507/420
f 5984/492/107 5999/508/210 5983/491/210
f 5969/476/213 6000/509/211 5984/492/107
f 5986/494/214 6001/510/213 5985/493/213
f 5987/495/419 6002/511/214 5986/494/214
f 5988/497/104 6003/512/229 5987/495/419
f 5989/513/228 6004/514/104 5988/497/104
f 5990/499/193 6005/515/228 5989/498/228
f 5991/501/195 6006/516/193 5990/499/193
f 5991/501/195 6008/517/233 6007/518/195
f 5992/500/233 6009/519/199 6008/517/233
f 5993/502/199 6010/520/230 6009/519/199
f 5994/503/218 6011/521/224 6010/520/230
f 5995/504/224 6012/522/220 6011/521/224
f 5996/505/235 6013/523/226 6012/522/220
f 5997/506/226 6014/524/209 6013/523/226
f 5998/507/420 6015/525/210 6014/524/209
f 6000/509/211 6015/525/210 5999/508/210
f 5985/493/213 6016/526/211 6000/509/211
f 6002/511/214 6017/527/213 6001/510/213
f 6003/512/229 6018/528/214 6002/511/214
f 6004/514/104 6019/529/229 6003/512/229
f 6005/530/228 6020/531/104 6004/514/104
f 6006/516/193 6021/532/422 6005/515/228
f 6007/518/195 6022/533/193 6006/516/193
f 6007/518/195 6024/534/233 6023/535/195
f 6008/517/233 6025/536/199 6024/534/233
f 6009/519/199 6026/537/218 6025/536/199
f 6010/520/230 6027/538/224 6026/537/218
f 6011/521/224 6028/539/220 6027/538/224
f 6012/522/220 6029/540/226 6028/539/220
f 6013/523/226 6030/541/209 6029/540/226
f 6014/524/209 6031/542/210 6030/541/209
f 6016/526/211 6031/542/210 6015/525/210
f 6001/510/213 6032/543/211 6016/526/211
f 6018/528/214 6033/544/213 6017/527/213
f 6019/529/229 6034/545/232 6018/528/214
f 6020/531/104 6035/546/229 6019/529/229
f 6021/547/422 6036/548/104 6020/531/104
f 6022/533/193 6037/549/422 6021/532/422
f 6023/535/195 6038/550/193 6022/533/193
f 6023/535/195 6040/551/233 6039/552/237
f 6024/534/233 6041/553/199 6040/551/233
f 6025/536/199 6042/554/218 6041/553/199
f 6026/537/218 6043/555/224 6042/554/218
f 6027/538/224 6044/556/220 6043/555/224
f 6028/539/220 6045/557/226 6044/556/220
f 6029/540/226 6046/558/209 6045/557/226
f 6030/541/209 6047/559/210 6046/558/209
f 6032/543/211 6047/559/210 6031/542/210
f 6017/527/213 6048/560/211 6032/543/211
f 6034/545/232 6049/361/213 6033/544/213
f 6035/546/229 6050/359/655 6034/545/232
f 6036/548/104 6051/362/229 6035/546/229
f 6037/561/422 6052/364/904 6036/548/104
f 6038/550/193 6053/370/228 6037/549/422
f 6039/552/237 6054/368/193 6038/550/193
f 6039/552/237 6056/375/233 6055/371/237
f 6040/551/233 6057/377/950 6056/375/233
f 6041/553/199 6058/379/201 6057/377/950
f 6042/554/218 6059/381/224 6058/379/201
f 6043/555/224 6060/383/205 6059/381/224
f 6044/556/220 6061/385/226 6060/383/205
f 6045/557/226 6062/387/209 6061/385/226
f 6046/558/209 6063/390/238 6062/387/209
f 6048/560/211 6063/390/238 6047/559/210
f 6033/544/213 6064/389/211 6048/560/211
f 6065/260/891 6082/261/638 6081/262/111
f 6066/263/638 6083/264/113 6082/261/638
f 6067/265/114 6084/266/115 6083/264/113
f 6069/267/116 6084/266/115 6068/268/115
f 6069/269/116 6086/270/117 6085/271/116
f 6070/272/117 6087/273/120 6086/270/117
f 6072/274/639 6087/273/120 6071/275/120
f 6073/276/123 6088/277/639 6072/274/639
f 6074/278/124 6089/279/640 6073/276/123
f 6075/280/126 6090/281/641 6074/278/124
f 6076/282/847 6091/283/129 6075/280/126
f 6076/282/847 6093/284/130 6092/285/847
f 6078/286/131 6093/284/130 6077/287/132
f 6079/288/133 6094/289/914 6078/286/131
f 6079/288/133 6096/290/643 6095/291/952
f 6080/292/643 6081/262/111 6096/290/643
f 6082/293/848 6097/294/924 6081/295/138
f 6083/296/139 6098/297/140 6082/293/848
f 6084/298/849 6099/299/142 6083/296/139
f 6085/300/143 6100/301/850 6084/298/849
f 6086/302/145 6101/303/851 6085/304/143
f 6087/305/147 6102/306/148 6086/302/145
f 6087/305/147 6104/307/149 6103/308/150
f 6088/309/151 6105/310/855 6104/307/149
f 6089/311/153 6106/312/154 6105/310/855
f 6090/313/155 6107/314/156 6106/312/154
f 6091/315/157 6108/316/158 6107/314/156
f 6092/317/159 6109/318/160 6108/316/158
f 6093/319/161 6110/320/162 6109/318/160
f 6094/321/163 6111/322/164 6110/320/162
f 6096/323/165 6111/322/164 6095/324/166
f 6081/295/138 6112/325/645 6096/323/165
f 6098/326/140 6113/327/168 6097/328/924
f 6099/329/142 6114/330/646 6098/326/140
f 6100/331/850 6115/332/909 6099/329/142
f 6101/333/851 6116/334/859 6100/331/850
f 6102/335/148 6117/336/172 6101/337/851
f 6103/338/150 6118/339/173 6102/335/148
f 6103/338/150 6120/340/174 6119/341/862
f 6104/342/149 6121/343/863 6120/340/174
f 6105/344/855 6122/345/885 6121/343/863
f 6106/346/154 6123/347/652 6122/345/885
f 6107/348/156 6124/349/179 6123/347/652
f 6108/350/158 6125/351/865 6124/349/179
f 6109/352/160 6126/353/917 6125/351/865
f 6110/354/162 6127/355/182 6126/353/917
f 6112/356/645 6127/355/182 6111/357/164
f 6097/328/924 6128/358/183 6112/356/645
f 6290/359/655 6129/360/867 6289/361/886
f 6291/362/948 6130/363/868 6290/359/655
f 6292/364/189 6131/365/190 6291/362/948
f 6293/366/422 6132/367/192 6292/364/189
f 6294/368/193 6133/369/407 6293/370/422
f 6295/371/237 6134/372/196 6294/368/193
f 6295/371/237 6136/373/197 6135/374/237
f 6296/375/66 6137/376/662 6136/373/197
f 6297/377/704 6138/378/200 6137/376/662
f 6298/379/201 6139/380/911 6138/378/200
f 6299/381/224 6140/382/204 6139/380/911
f 6300/383/205 6141/384/206 6140/382/204
f 6301/385/226 6142/386/208 6141/384/206
f 6302/387/209 6143/388/210 6142/386/208
f 6304/389/211 6143/388/210 6303/390/238
f 6289/361/886 6144/391/212 6304/389/211
f 6114/392/646 6145/393/213 6113/394/168
f 6115/395/909 6146/396/214 6114/392/646
f 6116/397/859 6147/398/215 6115/395/909
f 6117/399/172 6148/400/104 6116/397/859
f 6118/401/173 6149/402/191 6117/403/172
f 6119/404/862 6150/405/193 6118/401/173
f 6152/406/217 6119/404/862 6120/407/174
f 6153/408/199 6120/407/174 6121/409/863
f 6154/410/218 6121/409/863 6122/411/885
f 6155/412/906 6122/411/885 6123/413/652
f 6156/414/220 6123/413/652 6124/415/179
f 6157/416/226 6124/415/179 6125/417/865
f 6158/418/209 6125/417/865 6126/419/917
f 6159/420/210 6126/419/917 6127/421/182
f 6128/422/183 6159/420/210 6127/421/182
f 6113/394/168 6160/423/211 6128/422/183
f 6146/396/214 6161/424/213 6145/393/213
f 6147/398/215 6162/425/214 6146/396/214
f 6148/400/104 6163/426/222 6147/398/215
f 6149/427/191 6164/428/104 6148/400/104
f 6150/405/193 6165/429/216 6149/402/191
f 6151/430/237 6166/431/193 6150/405/193
f 6151/430/237 6168/432/217 6167/433/237
f 6152/406/217 6169/434/199 6168/432/217
f 6153/408/199 6170/435/218 6169/434/199
f 6154/410/218 6171/436/224 6170/435/218
f 6155/412/906 6172/437/220 6171/436/224
f 6156/414/220 6173/438/226 6172/437/220
f 6157/416/226 6174/439/209 6173/438/226
f 6158/418/209 6175/440/210 6174/439/209
f 6160/423/211 6175/440/210 6159/420/210
f 6145/393/213 6176/441/211 6160/423/211
f 6162/425/214 6177/442/213 6161/424/213
f 6163/426/222 6178/443/214 6162/425/214
f 6164/428/104 6179/444/222 6163/426/222
f 6165/445/216 6180/446/104 6164/428/104
f 6166/431/193 6181/447/191 6165/429/216
f 6167/433/237 6182/448/193 6166/431/193
f 6167/433/237 6184/449/233 6183/450/237
f 6168/432/217 6185/451/199 6184/449/233
f 6169/434/199 6186/452/218 6185/451/199
f 6170/435/218 6187/453/224 6186/452/218
f 6171/436/224 6188/454/220 6187/453/224
f 6172/437/220 6189/455/226 6188/454/220
f 6173/438/226 6190/456/209 6189/455/226
f 6174/439/209 6191/457/210 6190/456/209
f 6176/441/211 6191/457/210 6175/440/210
f 6161/424/213 6192/458/211 6176/441/211
f 6178/443/214 6193/459/213 6177/442/213
f 6179/444/222 6194/460/214 6178/443/214
f 6180/446/104 6195/461/222 6179/444/222
f 6181/462/191 6196/463/104 6180/446/104
f 6182/448/193 6197/464/191 6181/447/191
f 6183/450/237 6198/465/193 6182/448/193
f 6183/450/237 6200/466/217 6199/467/237
f 6184/449/233 6201/468/199 6200/466/217
f 6185/451/199 6202/469/218 6201/468/199
f 6186/452/218 6203/470/224 6202/469/218
f 6187/453/224 6204/471/235 6203/470/224
f 6188/454/220 6205/472/221 6204/471/235
f 6189/455/226 6206/473/420 6205/472/221
f 6190/456/209 6207/474/210 6206/473/420
f 6192/458/211 6207/474/210 6191/457/210
f 6177/442/213 6208/475/211 6192/458/211
f 6194/460/214 6209/476/213 6193/459/213
f 6195/461/222 6210/477/214 6194/460/214
f 6196/463/104 6211/478/419 6195/461/222
f 6197/479/191 6212/480/104 6196/463/104
f 6198/465/193 6213/481/191 6197/464/191
f 6199/467/237 6214/482/193 6198/465/193
f 6199/467/237 6216/483/217 6215/484/195
f 6200/466/217 6217/485/199 6216/483/217
f 6201/468/199 6218/486/218 6217/485/199
f 6202/469/218 6219/487/224 6218/486/218
f 6203/470/224 6220/488/220 6219/487/224
f 6204/471/235 6221/489/226 6220/488/220
f 6205/472/221 6222/490/209 6221/489/226
f 6206/473/420 6223/491/210 6222/490/209
f 6208/475/211 6223/491/210 6207/474/210
f 6193/459/213 6224/492/107 6208/475/211
f 6210/477/214 6225/493/213 6209/476/213
f 6211/478/419 6226/494/214 6210/477/214
f 6212/480/104 6227/495/229 6211/478/419
f 6213/496/191 6228/497/104 6212/480/104
f 6214/482/193 6229/498/228 6213/481/191
f 6215/484/195 6230/499/193 6214/482/193
f 6215/484/195 6232/500/217 6231/501/195
f 6216/483/217 6233/502/199 6232/500/217
f 6217/485/199 6234/503/218 6233/502/199
f 6218/486/218 6235/504/224 6234/503/218
f 6219/487/224 6236/505/907 6235/504/224
f 6220/488/220 6237/506/226 6236/505/907
f 6221/489/226 6238/507/209 6237/506/226
f 6222/490/209 6239/508/238 6238/507/209
f 6224/492/107 6239/508/238 6223/491/210
f 6209/476/213 6240/509/211 6224/492/107
f 6226/494/214 6241/510/213 6225/493/213
f 6227/495/229 6242/511/214 6226/494/214
f 6228/497/104 6243/512/419 6227/495/229
f 6229/513/228 6244/514/104 6228/497/104
f 6230/499/193 6245/515/191 6229/498/228
f 6231/501/195 6246/516/193 6230/499/193
f 6231/501/195 6248/517/217 6247/518/237
f 6232/500/217 6249/519/199 6248/517/217
f 6233/502/199 6250/520/218 6249/519/199
f 6234/503/218 6251/521/224 6250/520/218
f 6235/504/224 6252/522/220 6251/521/224
f 6236/505/907 6253/523/226 6252/522/220
f 6237/506/226 6254/524/209 6253/523/226
f 6238/507/209 6255/525/210 6254/524/209
f 6240/509/211 6255/525/210 6239/508/238
f 6225/493/213 6256/526/211 6240/509/211
f 6242/511/214 6257/527/213 6241/510/213
f 6243/512/419 6258/528/232 6242/511/214
f 6244/514/104 6259/529/419 6243/512/419
f 6245/530/191 6260/531/104 6244/514/104
f 6246/516/193 6261/532/422 6245/515/191
f 6247/518/237 6262/533/193 6246/516/193
f 6247/518/237 6264/534/233 6263/535/195
f 6248/517/217 6265/536/199 6264/534/233
f 6249/519/199 6266/537/218 6265/536/199
f 6250/520/218 6267/538/224 6266/537/218
f 6251/521/224 6268/539/239 6267/538/224
f 6252/522/220 6269/540/207 6268/539/239
f 6253/523/226 6270/541/209 6269/540/207
f 6254/524/209 6271/542/238 6270/541/209
f 6256/526/211 6271/542/238 6255/525/210
f 6241/510/213 6272/543/211 6256/526/211
f 6258/528/232 6273/544/213 6257/527/213
f 6259/529/419 6274/545/236 6258/528/232
f 6260/531/104 6275/546/419 6259/529/419
f 6261/547/422 6276/548/104 6260/531/104
f 6262/533/193 6277/549/191 6261/532/422
f 6263/535/195 6278/550/193 6262/533/193
f 6263/535/195 6280/551/217 6279/552/237
f 6264/534/233 6281/553/199 6280/551/217
f 6265/536/199 6282/554/218 6281/553/199
f 6266/537/218 6283/555/224 6282/554/218
f 6267/538/224 6284/556/877 6283/555/224
f 6268/539/239 6285/557/226 6284/556/877
f 6269/540/207 6286/558/209 6285/557/226
f 6270/541/209 6287/559/238 6286/558/209
f 6272/543/211 6287/559/238 6271/542/238
f 6257/527/213 6288/560/211 6272/543/211
f 6274/545/236 6289/361/886 6273/544/213
f 6275/546/419 6290/359/655 6274/545/236
f 6276/548/104 6291/362/948 6275/546/419
f 6277/561/191 6292/364/189 6276/548/104
f 6278/550/193 6293/370/422 6277/549/191
f 6279/552/237 6294/368/193 6278/550/193
f 6279/552/237 6296/375/66 6295/371/237
f 6280/551/217 6297/377/704 6296/375/66
f 6281/553/199 6298/379/201 6297/377/704
f 6282/554/218 6299/381/224 6298/379/201
f 6283/555/224 6300/383/205 6299/381/224
f 6284/556/877 6301/385/226 6300/383/205
f 6285/557/226 6302/387/209 6301/385/226
f 6286/558/209 6303/390/238 6302/387/209
f 6288/560/211 6303/390/238 6287/559/238
f 6273/544/213 6304/389/211 6288/560/211
f 6310/212/3 6306/213/3 6308/214/3
f 6305/215/20 6308/216/20 6306/217/20
f 6311/218/38 6310/219/38 6309/220/38
f 6312/221/1 6305/222/1 6306/223/1
f 6309/224/4 6308/225/4 6307/226/4
f 6313/260/111 6330/261/112 6329/262/953
f 6314/263/112 6331/264/113 6330/261/112
f 6315/265/114 6332/266/115 6331/264/113
f 6317/267/116 6332/266/115 6316/268/115
f 6317/269/116 6334/270/119 6333/271/118
f 6318/272/119 6335/273/120 6334/270/119
f 6320/274/121 6335/273/120 6319/275/120
f 6321/276/123 6336/277/121 6320/274/121
f 6322/278/124 6337/279/125 6321/276/123
f 6323/280/126 6338/281/641 6322/278/124
f 6324/282/128 6339/283/129 6323/280/126
f 6324/282/128 6341/284/130 6340/285/954
f 6326/286/131 6341/284/130 6325/287/132
f 6327/288/133 6342/289/134 6326/286/131
f 6327/288/133 6344/290/135 6343/291/642
f 6328/292/135 6329/262/953 6344/290/135
f 6330/293/848 6345/294/137 6329/295/138
f 6331/296/139 6346/297/140 6330/293/848
f 6332/298/141 6347/299/142 6331/296/139
f 6333/300/143 6348/301/144 6332/298/141
f 6334/302/145 6349/303/851 6333/304/143
f 6335/305/147 6350/306/148 6334/302/145
f 6335/305/147 6352/307/149 6351/308/150
f 6336/309/151 6353/310/152 6352/307/149
f 6337/311/153 6354/312/154 6353/310/152
f 6338/313/155 6355/314/156 6354/312/154
f 6339/315/157 6356/316/158 6355/314/156
f 6340/317/159 6357/318/160 6356/316/158
f 6341/319/161 6358/320/162 6357/318/160
f 6342/321/163 6359/322/164 6358/320/162
f 6344/323/165 6359/322/164 6343/324/166
f 6329/295/138 6360/325/955 6344/323/165
f 6346/326/140 6361/327/168 6345/328/137
f 6347/329/142 6362/330/169 6346/326/140
f 6348/331/144 6363/332/170 6347/329/142
f 6349/333/851 6364/334/647 6348/331/144
f 6350/335/148 6365/336/172 6349/337/851
f 6351/338/150 6366/339/173 6350/335/148
f 6351/338/150 6368/340/174 6367/341/175
f 6352/342/149 6369/343/176 6368/340/174
f 6353/344/152 6370/345/864 6369/343/176
f 6354/346/154 6371/347/178 6370/345/864
f 6355/348/156 6372/349/179 6371/347/178
f 6356/350/158 6373/351/956 6372/349/179
f 6357/352/160 6374/353/181 6373/351/956
f 6358/354/162 6375/355/182 6374/353/181
f 6360/356/955 6375/355/182 6359/357/164
f 6345/328/137 6376/358/183 6360/356/955
f 6538/359/655 6377/360/867 6537/361/186
f 6539/362/229 6378/363/188 6538/359/655
f 6540/364/658 6379/365/910 6539/362/229
f 6541/366/191 6380/367/957 6540/364/658
f 6542/368/193 6381/369/407 6541/370/191
f 6543/371/237 6382/372/196 6542/368/193
f 6543/371/237 6384/373/110 6383/374/237
f 6544/375/233 6385/376/198 6384/373/110
f 6545/377/199 6386/378/940 6385/376/198
f 6546/379/201 6387/380/202 6386/378/940
f 6547/381/203 6388/382/204 6387/380/202
f 6548/383/205 6389/384/206 6388/382/204
f 6549/385/207 6390/386/208 6389/384/206
f 6550/387/209 6391/388/238 6390/386/208
f 6552/389/211 6391/388/238 6551/390/210
f 6537/361/186 6392/391/212 6552/389/211
f 6362/392/169 6393/393/213 6361/394/168
f 6363/395/170 6394/396/214 6362/392/169
f 6364/397/647 6395/398/229 6363/395/170
f 6365/399/172 6396/400/104 6364/397/647
f 6366/401/173 6397/402/216 6365/403/172
f 6367/404/175 6398/405/193 6366/401/173
f 6400/406/233 6367/404/175 6368/407/174
f 6401/408/199 6368/407/174 6369/409/176
f 6402/410/218 6369/409/176 6370/411/864
f 6403/412/921 6370/411/864 6371/413/178
f 6404/414/220 6371/413/178 6372/415/179
f 6405/416/226 6372/415/179 6373/417/956
f 6406/418/209 6373/417/956 6374/419/181
f 6407/420/238 6374/419/181 6375/421/182
f 6376/422/183 6407/420/238 6375/421/182
f 6361/394/168 6408/423/107 6376/422/183
f 6394/396/214 6409/424/213 6393/393/213
f 6395/398/229 6410/425/214 6394/396/214
f 6396/400/104 6411/426/229 6395/398/229
f 6397/427/216 6412/428/227 6396/400/104
f 6398/405/193 6413/429/223 6397/402/216
f 6399/430/237 6414/431/193 6398/405/193
f 6399/430/237 6416/432/233 6415/433/237
f 6400/406/233 6417/434/199 6416/432/233
f 6401/408/199 6418/435/218 6417/434/199
f 6402/410/218 6419/436/224 6418/435/218
f 6403/412/921 6420/437/225 6419/436/224
f 6404/414/220 6421/438/879 6420/437/225
f 6405/416/226 6422/439/209 6421/438/879
f 6406/418/209 6423/440/210 6422/439/209
f 6408/423/107 6423/440/210 6407/420/238
f 6393/393/213 6424/441/107 6408/423/107
f 6410/425/214 6425/442/213 6409/424/213
f 6411/426/229 6426/443/214 6410/425/214
f 6412/428/227 6427/444/419 6411/426/229
f 6413/445/223 6428/446/104 6412/428/227
f 6414/431/193 6429/447/191 6413/429/223
f 6415/433/237 6430/448/193 6414/431/193
f 6415/433/237 6432/449/233 6431/450/195
f 6416/432/233 6433/451/199 6432/449/233
f 6417/434/199 6434/452/218 6433/451/199
f 6418/435/218 6435/453/224 6434/452/218
f 6419/436/224 6436/454/220 6435/453/224
f 6420/437/225 6437/455/226 6436/454/220
f 6421/438/879 6438/456/231 6437/455/226
f 6422/439/209 6439/457/210 6438/456/231
f 6424/441/107 6439/457/210 6423/440/210
f 6409/424/213 6440/458/107 6424/441/107
f 6426/443/214 6441/459/213 6425/442/213
f 6427/444/419 6442/460/214 6426/443/214
f 6428/446/104 6443/461/229 6427/444/419
f 6429/462/191 6444/463/104 6428/446/104
f 6430/448/193 6445/464/191 6429/447/191
f 6431/450/195 6446/465/193 6430/448/193
f 6431/450/195 6448/466/233 6447/467/195
f 6432/449/233 6449/468/199 6448/466/233
f 6433/451/199 6450/469/230 6449/468/199
f 6434/452/218 6451/470/224 6450/469/230
f 6435/453/224 6452/471/235 6451/470/224
f 6436/454/220 6453/472/226 6452/471/235
f 6437/455/226 6454/473/231 6453/472/226
f 6438/456/231 6455/474/210 6454/473/231
f 6440/458/107 6455/474/210 6439/457/210
f 6425/442/213 6456/475/211 6440/458/107
f 6442/460/214 6457/476/213 6441/459/213
f 6443/461/229 6458/477/214 6442/460/214
f 6444/463/104 6459/478/229 6443/461/229
f 6445/479/191 6460/480/104 6444/463/104
f 6446/465/193 6461/481/191 6445/464/191
f 6447/467/195 6462/482/193 6446/465/193
f 6447/467/195 6464/483/233 6463/484/237
f 6448/466/233 6465/485/199 6464/483/233
f 6449/468/199 6466/486/230 6465/485/199
f 6450/469/230 6467/487/224 6466/486/230
f 6451/470/224 6468/488/225 6467/487/224
f 6452/471/235 6469/489/226 6468/488/225
f 6453/472/226 6470/490/209 6469/489/226
f 6454/473/231 6471/491/210 6470/490/209
f 6456/475/211 6471/491/210 6455/474/210
f 6441/459/213 6472/492/107 6456/475/211
f 6458/477/214 6473/493/213 6457/476/213
f 6459/478/229 6474/494/214 6458/477/214
f 6460/480/104 6475/495/229 6459/478/229
f 6461/496/191 6476/497/227 6460/480/104
f 6462/482/193 6477/498/191 6461/481/191
f 6463/484/237 6478/499/193 6462/482/193
f 6463/484/237 6480/500/233 6479/501/195
f 6464/483/233 6481/502/199 6480/500/233
f 6465/485/199 6482/503/234 6481/502/199
f 6466/486/230 6483/504/224 6482/503/234
f 6467/487/224 6484/505/235 6483/504/224
f 6468/488/225 6485/506/226 6484/505/235
f 6469/489/226 6486/507/209 6485/506/226
f 6470/490/209 6487/508/210 6486/507/209
f 6472/492/107 6487/508/210 6471/491/210
f 6457/476/213 6488/509/107 6472/492/107
f 6474/494/214 6489/510/213 6473/493/213
f 6475/495/229 6490/511/214 6474/494/214
f 6476/497/227 6491/512/229 6475/495/229
f 6477/513/191 6492/514/104 6476/497/227
f 6478/499/193 6493/515/191 6477/498/191
f 6479/501/195 6494/516/193 6478/499/193
f 6479/501/195 6496/517/217 6495/518/195
f 6480/500/233 6497/519/199 6496/517/217
f 6481/502/199 6498/520/234 6497/519/199
f 6482/503/234 6499/521/224 6498/520/234
f 6483/504/224 6500/522/225 6499/521/224
f 6484/505/235 6501/523/879 6500/522/225
f 6485/506/226 6502/524/209 6501/523/879
f 6486/507/209 6503/525/210 6502/524/209
f 6488/509/107 6503/525/210 6487/508/210
f 6473/493/213 6504/526/211 6488/509/107
f 6490/511/214 6505/527/213 6489/510/213
f 6491/512/229 6506/528/214 6490/511/214
f 6492/514/104 6507/529/229 6491/512/229
f 6493/530/191 6508/531/104 6492/514/104
f 6494/516/193 6509/532/228 6493/515/191
f 6495/518/195 6510/533/193 6494/516/193
f 6495/518/195 6512/534/233 6511/535/195
f 6496/517/217 6513/536/199 6512/534/233
f 6497/519/199 6514/537/218 6513/536/199
f 6498/520/234 6515/538/224 6514/537/218
f 6499/521/224 6516/539/220 6515/538/224
f 6500/522/225 6517/540/207 6516/539/220
f 6501/523/879 6518/541/209 6517/540/207
f 6502/524/209 6519/542/210 6518/541/209
f 6504/526/211 6519/542/210 6503/525/210
f 6489/510/213 6520/543/211 6504/526/211
f 6506/528/214 6521/544/213 6505/527/213
f 6507/529/229 6522/545/214 6506/528/214
f 6508/531/104 6523/546/947 6507/529/229
f 6509/547/228 6524/548/227 6508/531/104
f 6510/533/193 6525/549/228 6509/532/228
f 6511/535/195 6526/550/193 6510/533/193
f 6511/535/195 6528/551/233 6527/552/237
f 6512/534/233 6529/553/199 6528/551/233
f 6513/536/199 6530/554/218 6529/553/199
f 6514/537/218 6531/555/203 6530/554/218
f 6515/538/224 6532/556/220 6531/555/203
f 6516/539/220 6533/557/226 6532/556/220
f 6517/540/207 6534/558/209 6533/557/226
f 6518/541/209 6535/559/210 6534/558/209
f 6520/543/211 6535/559/210 6519/542/210
f 6505/527/213 6536/560/211 6520/543/211
f 6522/545/214 6537/361/186 6521/544/213
f 6523/546/947 6538/359/655 6522/545/214
f 6524/548/227 6539/362/229 6523/546/947
f 6525/561/228 6540/364/658 6524/548/227
f 6526/550/193 6541/370/191 6525/549/228
f 6527/552/237 6542/368/193 6526/550/193
f 6527/552/237 6544/375/233 6543/371/237
f 6528/551/233 6545/377/199 6544/375/233
f 6529/553/199 6546/379/201 6545/377/199
f 6530/554/218 6547/381/203 6546/379/201
f 6531/555/203 6548/383/205 6547/381/203
f 6532/556/220 6549/385/207 6548/383/205
f 6533/557/226 6550/387/209 6549/385/207
f 6534/558/209 6551/390/210 6550/387/209
f 6536/560/211 6551/390/210 6535/559/210
f 6521/544/213 6552/389/211 6536/560/211
f 6553/260/111 6570/261/638 6569/262/953
f 6554/263/112 6571/264/113 6570/261/638
f 6555/265/114 6572/266/115 6571/264/113
f 6557/267/116 6572/266/115 6556/268/115
f 6557/269/116 6574/270/117 6573/271/116
f 6558/272/119 6575/273/122 6574/270/117
f 6560/274/121 6575/273/122 6559/275/122
f 6561/276/892 6576/277/121 6560/274/121
f 6562/278/124 6577/279/125 6561/276/892
f 6563/280/126 6578/281/641 6562/278/124
f 6564/282/128 6579/283/129 6563/280/126
f 6564/282/128 6581/284/130 6580/285/128
f 6566/286/131 6581/284/130 6565/287/132
f 6567/288/133 6582/289/134 6566/286/131
f 6567/288/133 6584/290/135 6583/291/952
f 6568/292/135 6569/262/953 6584/290/135
f 6570/293/848 6585/294/924 6569/295/138
f 6571/296/139 6586/297/140 6570/293/848
f 6572/298/141 6587/299/142 6571/296/139
f 6573/300/143 6588/301/937 6572/298/141
f 6574/302/145 6589/303/146 6573/304/143
f 6575/305/147 6590/306/852 6574/302/145
f 6575/305/147 6592/307/149 6591/308/854
f 6576/309/151 6593/310/152 6592/307/149
f 6577/311/153 6594/312/154 6593/310/152
f 6578/313/155 6595/314/156 6594/312/154
f 6579/315/157 6596/316/158 6595/314/156
f 6580/317/159 6597/318/160 6596/316/158
f 6581/319/161 6598/320/162 6597/318/160
f 6582/321/163 6599/322/164 6598/320/162
f 6584/323/165 6599/322/164 6583/324/166
f 6569/295/138 6600/325/645 6584/323/165
f 6586/326/140 6601/327/168 6585/328/924
f 6587/329/142 6602/330/646 6586/326/140
f 6588/331/937 6603/332/170 6587/329/142
f 6589/333/146 6604/334/859 6588/331/937
f 6590/335/852 6605/336/958 6589/337/146
f 6591/338/854 6606/339/173 6590/335/852
f 6591/338/854 6608/340/174 6607/341/959
f 6592/342/149 6609/343/960 6608/340/174
f 6593/344/152 6610/345/925 6609/343/960
f 6594/346/154 6611/347/178 6610/345/925
f 6595/348/156 6612/349/961 6611/347/178
f 6596/350/158 6613/351/865 6612/349/961
f 6597/352/160 6614/353/962 6613/351/865
f 6598/354/162 6615/355/182 6614/353/962
f 6600/356/645 6615/355/182 6599/357/164
f 6585/328/924 6616/358/654 6600/356/645
f 6778/359/655 6617/360/185 6777/361/886
f 6779/362/656 6618/363/657 6778/359/655
f 6780/364/189 6619/365/190 6779/362/656
f 6781/366/191 6620/367/406 6780/364/189
f 6782/368/660 6621/369/661 6781/370/191
f 6783/371/195 6622/372/963 6782/368/660
f 6783/371/195 6624/373/110 6623/374/195
f 6784/375/233 6625/376/662 6624/373/110
f 6785/377/199 6626/378/200 6625/376/662
f 6786/379/964 6627/380/202 6626/378/200
f 6787/381/203 6628/382/204 6627/380/202
f 6788/383/887 6629/384/206 6628/382/204
f 6789/385/221 6630/386/208 6629/384/206
f 6790/387/231 6631/388/210 6630/386/208
f 6792/389/107 6631/388/210 6791/390/210
f 6777/361/886 6632/391/212 6792/389/107
f 6602/392/646 6633/393/213 6601/394/168
f 6603/395/170 6634/396/214 6602/392/646
f 6604/397/859 6635/398/419 6603/395/170
f 6605/399/958 6636/400/670 6604/397/859
f 6606/401/173 6637/402/191 6605/403/958
f 6607/404/959 6638/405/193 6606/401/173
f 6640/406/217 6607/404/959 6608/407/174
f 6641/408/199 6608/407/174 6609/409/960
f 6642/410/218 6609/409/960 6610/411/925
f 6643/412/224 6610/411/925 6611/413/178
f 6644/414/220 6611/413/178 6612/415/961
f 6645/416/226 6612/415/961 6613/417/865
f 6646/418/231 6613/417/865 6614/419/962
f 6647/420/238 6614/419/962 6615/421/182
f 6616/422/654 6647/420/238 6615/421/182
f 6601/394/168 6648/423/107 6616/422/654
f 6634/396/214 6649/424/213 6633/393/213
f 6635/398/419 6650/425/236 6634/396/214
f 6636/400/670 6651/426/419 6635/398/419
f 6637/427/191 6652/428/670 6636/400/670
f 6638/405/193 6653/429/422 6637/402/191
f 6639/430/195 6654/431/193 6638/405/193
f 6639/430/195 6656/432/217 6655/433/195
f 6640/406/217 6657/434/199 6656/432/217
f 6641/408/199 6658/435/218 6657/434/199
f 6642/410/218 6659/436/949 6658/435/218
f 6643/412/224 6660/437/220 6659/436/949
f 6644/414/220 6661/438/221 6660/437/220
f 6645/416/226 6662/439/231 6661/438/221
f 6646/418/231 6663/440/238 6662/439/231
f 6648/423/107 6663/440/238 6647/420/238
f 6633/393/213 6664/441/107 6648/423/107
f 6650/425/236 6665/442/965 6649/424/213
f 6651/426/419 6666/443/232 6650/425/236
f 6652/428/670 6667/444/222 6651/426/419
f 6653/445/422 6668/446/104 6652/428/670
f 6654/431/193 6669/447/191 6653/429/422
f 6655/433/195 6670/448/193 6654/431/193
f 6655/433/195 6672/449/217 6671/450/195
f 6656/432/217 6673/451/199 6672/449/217
f 6657/434/199 6674/452/218 6673/451/199
f 6658/435/218 6675/453/224 6674/452/218
f 6659/436/949 6676/454/220 6675/453/224
f 6660/437/220 6677/455/226 6676/454/220
f 6661/438/221 6678/456/420 6677/455/226
f 6662/439/231 6679/457/238 6678/456/420
f 6664/441/107 6679/457/238 6663/440/238
f 6649/424/213 6680/458/211 6664/441/107
f 6666/443/232 6681/459/213 6665/442/965
f 6667/444/222 6682/460/214 6666/443/232
f 6668/446/104 6683/461/222 6667/444/222
f 6669/462/191 6684/463/104 6668/446/104
f 6670/448/193 6685/464/228 6669/447/191
f 6671/450/195 6686/465/193 6670/448/193
f 6671/450/195 6688/466/217 6687/467/195
f 6672/449/217 6689/468/199 6688/466/217
f 6673/451/199 6690/469/218 6689/468/199
f 6674/452/218 6691/470/672 6690/469/218
f 6675/453/224 6692/471/220 6691/470/672
f 6676/454/220 6693/472/226 6692/471/220
f 6677/455/226 6694/473/420 6693/472/226
f 6678/456/420 6695/474/238 6694/473/420
f 6680/458/211 6695/474/238 6679/457/238
f 6665/442/965 6696/475/211 6680/458/211
f 6682/460/214 6697/476/965 6681/459/213
f 6683/461/222 6698/477/214 6682/460/214
f 6684/463/104 6699/478/222 6683/461/222
f 6685/479/228 6700/480/670 6684/463/104
f 6686/465/193 6701/481/228 6685/464/228
f 6687/467/195 6702/482/193 6686/465/193
f 6687/467/195 6704/483/217 6703/484/195
f 6688/466/217 6705/485/199 6704/483/217
f 6689/468/199 6706/486/218 6705/485/199
f 6690/469/218 6707/487/949 6706/486/218
f 6691/470/672 6708/488/220 6707/487/949
f 6692/471/220 6709/489/226 6708/488/220
f 6693/472/226 6710/490/231 6709/489/226
f 6694/473/420 6711/491/238 6710/490/231
f 6696/475/211 6711/491/238 6695/474/238
f 6681/459/213 6712/492/211 6696/475/211
f 6698/477/214 6713/493/213 6697/476/965
f 6699/478/222 6714/494/236 6698/477/214
f 6700/480/670 6715/495/222 6699/478/222
f 6701/496/228 6716/497/104 6700/480/670
f 6702/482/193 6717/498/191 6701/481/228
f 6703/484/195 6718/499/193 6702/482/193
f 6703/484/195 6720/500/217 6719/501/195
f 6704/483/217 6721/502/199 6720/500/217
f 6705/485/199 6722/503/966 6721/502/199
f 6706/486/218 6723/504/224 6722/503/966
f 6707/487/949 6724/505/220 6723/504/224
f 6708/488/220 6725/506/226 6724/505/220
f 6709/489/226 6726/507/231 6725/506/226
f 6710/490/231 6727/508/238 6726/507/231
f 6712/492/211 6727/508/238 6711/491/238
f 6697/476/965 6728/509/107 6712/492/211
f 6714/494/236 6729/510/213 6713/493/213
f 6715/495/222 6730/511/236 6714/494/236
f 6716/497/104 6731/512/222 6715/495/222
f 6717/513/191 6732/514/104 6716/497/104
f 6718/499/193 6733/515/191 6717/498/191
f 6719/501/195 6734/516/193 6718/499/193
f 6719/501/195 6736/517/233 6735/518/195
f 6720/500/217 6737/519/199 6736/517/233
f 6721/502/199 6738/520/218 6737/519/199
f 6722/503/966 6739/521/224 6738/520/218
f 6723/504/224 6740/522/220 6739/521/224
f 6724/505/220 6741/523/226 6740/522/220
f 6725/506/226 6742/524/231 6741/523/226
f 6726/507/231 6743/525/210 6742/524/231
f 6728/509/107 6743/525/210 6727/508/238
f 6713/493/213 6744/526/211 6728/509/107
f 6730/511/236 6745/527/213 6729/510/213
f 6731/512/222 6746/528/236 6730/511/236
f 6732/514/104 6747/529/222 6731/512/222
f 6733/530/191 6748/531/104 6732/514/104
f 6734/516/193 6749/532/191 6733/515/191
f 6735/518/195 6750/533/193 6734/516/193
f 6735/518/195 6752/534/233 6751/535/195
f 6736/517/233 6753/536/199 6752/534/233
f 6737/519/199 6754/537/234 6753/536/199
f 6738/520/218 6755/538/224 6754/537/234
f 6739/521/224 6756/539/877 6755/538/224
f 6740/522/220 6757/540/207 6756/539/877
f 6741/523/226 6758/541/209 6757/540/207
f 6742/524/231 6759/542/238 6758/541/209
f 6744/526/211 6759/542/238 6743/525/210
f 6729/510/213 6760/543/211 6744/526/211
f 6746/528/236 6761/544/213 6745/527/213
f 6747/529/222 6762/545/236 6746/528/236
f 6748/531/104 6763/546/222 6747/529/222
f 6749/547/191 6764/548/104 6748/531/104
f 6750/533/193 6765/549/191 6749/532/191
f 6751/535/195 6766/550/193 6750/533/193
f 6751/535/195 6768/551/217 6767/552/195
f 6752/534/233 6769/553/199 6768/551/217
f 6753/536/199 6770/554/218 6769/553/199
f 6754/537/234 6771/555/224 6770/554/218
f 6755/538/224 6772/556/220 6771/555/224
f 6756/539/877 6773/557/226 6772/556/220
f 6757/540/207 6774/558/209 6773/557/226
f 6758/541/209 6775/559/238 6774/558/209
f 6760/543/211 6775/559/238 6759/542/238
f 6745/527/213 6776/560/211 6760/543/211
f 6762/545/236 6777/361/886 6761/544/213
f 6763/546/222 6778/359/655 6762/545/236
f 6764/548/104 6779/362/656 6763/546/222
f 6765/561/191 6780/364/189 6764/548/104
f 6766/550/193 6781/370/191 6765/549/191
f 6767/552/195 6782/368/660 6766/550/193
f 6767/552/195 6784/375/233 6783/371/195
f 6768/551/217 6785/377/199 6784/375/233
f 6769/553/199 6786/379/964 6785/377/199
f 6770/554/218 6787/381/203 6786/379/964
f 6771/555/224 6788/383/887 6787/381/203
f 6772/556/220 6789/385/221 6788/383/887
f 6773/557/226 6790/387/231 6789/385/221
f 6774/558/209 6791/390/210 6790/387/231
f 6776/560/211 6791/390/210 6775/559/238
f 6761/544/213 6792/389/107 6776/560/211
f 6793/1340/56 6796/1341/56 6795/1342/56
f 6796/1343/624 6804/1344/625 6799/1345/626
f 6795/1346/627 6800/1347/628 6793/1348/629
f 6798/1349/630 6799/1350/630 6801/1351/630
f 6801/1352/631 6804/1344/625 6805/1353/632
f 6793/1354/20 6804/1355/20 6794/1356/20
f 6802/1357/20 6805/1358/20 6804/1355/20
f 6798/1359/633 6800/1347/628 6797/1360/634
f 6801/1361/570 6803/1362/635 6802/1363/636
f 6795/1364/637 6799/1365/637 6797/1366/637
f 6806/1340/53 6809/1341/53 6808/1342/53
f 6809/1343/967 6817/1344/968 6812/1345/969
f 6808/1346/970 6813/1347/971 6806/1348/972
f 6811/1349/973 6812/1350/973 6814/1351/973
f 6814/1352/974 6817/1344/968 6818/1353/975
f 6806/1354/38 6817/1355/38 6807/1356/38
f 6815/1357/38 6818/1358/38 6817/1355/38
f 6811/1359/976 6813/1347/971 6810/1360/977
f 6814/1361/566 6816/1362/978 6815/1363/979
f 6808/1364/980 6812/1365/980 6810/1366/980
f 6819/1340/53 6822/1341/53 6821/1342/53
f 6822/1343/967 6830/1344/968 6825/1345/969
f 6821/1346/970 6826/1347/971 6819/1348/972
f 6824/1349/973 6825/1350/973 6827/1351/973
f 6827/1352/974 6830/1344/968 6831/1353/975
f 6819/1354/38 6830/1355/38 6820/1356/38
f 6828/1357/38 6831/1358/38 6830/1355/38
f 6824/1359/976 6826/1347/971 6823/1360/977
f 6827/1361/566 6829/1362/978 6828/1363/981
f 6821/1364/980 6825/1365/980 6823/1366/980
f 6839/1057/20 6832/1058/438 6838/1059/20
f 6834/1060/3 6833/1061/3 6835/1062/3
f 6838/1063/1 6834/1064/1 6836/1065/1
f 6837/1066/439 6834/1067/38 6835/1068/38
f 6838/1069/2 6837/1070/2 6839/1071/2
f 6839/1072/4 6835/1073/4 6833/1074/4
f 6846/79/4 6841/80/4 6840/81/4
f 6842/82/1 6845/83/1 6844/84/1
f 6848/85/38 6843/86/38 6842/87/38
f 6850/88/20 6844/89/20 6845/90/20
f 6844/91/3 6848/92/3 6842/93/3
f 6849/94/2 6845/95/2 6843/96/2
f 6848/85/38 6841/97/38 6849/98/38
f 6850/88/20 6846/99/20 6851/100/20
f 6851/101/3 6840/102/3 6848/92/3
f 6858/79/4 6853/80/4 6852/81/4
f 6854/82/1 6857/83/1 6856/84/1
f 6860/85/38 6855/86/38 6854/87/38
f 6862/88/20 6856/89/20 6857/90/20
f 6856/91/3 6860/92/3 6854/93/3
f 6861/94/2 6857/95/2 6855/96/2
f 6860/85/38 6853/97/38 6861/98/38
f 6862/88/20 6858/99/20 6863/100/20
f 6863/101/3 6852/102/3 6860/92/3
f 6870/79/4 6865/80/4 6864/81/4
f 6866/82/1 6869/83/1 6868/84/1
f 6872/85/20 6867/86/20 6866/87/20
f 6874/88/38 6868/89/38 6869/90/38
f 6868/91/2 6872/92/2 6866/93/2
f 6873/94/3 6869/95/3 6867/96/3
f 6872/85/20 6865/97/20 6873/98/20
f 6875/100/38 6871/1339/38 6870/99/38
f 6875/101/2 6864/102/2 6872/92/2
f 6882/79/4 6877/80/4 6876/81/4
f 6878/82/1 6881/83/1 6880/84/1
f 6884/85/20 6879/86/20 6878/87/20
f 6886/88/38 6880/89/38 6881/90/38
f 6880/91/2 6884/92/2 6878/93/2
f 6885/94/3 6881/95/3 6879/96/3
f 6884/85/20 6877/97/20 6885/98/20
f 6887/100/38 6883/1339/38 6882/99/38
f 6887/101/2 6876/102/2 6884/92/2
f 6894/704/20 6890/705/20 6888/706/20
f 6890/707/2 6889/708/2 6888/709/2
f 6889/710/4 6894/711/4 6888/712/4
f 6892/713/982 6893/714/983 6891/715/1
f 6892/716/984 6895/717/985 6896/718/984
f 6903/704/20 6899/705/20 6897/706/20
f 6899/707/2 6898/708/2 6897/709/2
f 6898/710/4 6903/711/4 6897/712/4
f 6901/713/982 6902/714/986 6900/715/1
f 6901/716/984 6904/717/985 6905/718/984
f 6912/704/20 6908/705/20 6906/706/20
f 6908/707/2 6907/708/2 6906/709/2
f 6907/710/4 6912/711/4 6906/712/4
f 6910/713/982 6911/714/987 6909/715/1
f 6910/716/984 6913/717/985 6914/718/984
f 6923/719/988 6928/720/989 6926/721/990
f 6916/722/991 6933/723/992 6917/724/993
f 6933/725/994 6920/726/995 6918/727/996
f 6924/728/1 6926/729/1 6925/730/1
f 6927/731/4 6919/732/4 6922/733/4
f 6931/734/20 6928/735/20 6927/736/20
f 6916/737/997 6923/738/997 6924/739/997
f 6916/740/998 6934/741/999 6915/742/1000
f 6922/743/38 6920/744/38 6921/745/38
f 6933/746/1001 6934/747/1002 6917/748/1003
f 6925/730/1004 6929/749/1004 6930/750/1004
f 6930/751/1 6932/752/1 6931/753/1
f 6926/754/990 6932/755/1005 6929/756/1006
f 6915/757/1007 6919/758/1008 6923/759/988
f 6918/760/1009 6915/761/1007 6934/762/1010
f 6922/763/1011 6916/764/991 6924/765/1012
f 6927/766/1013 6924/767/1012 6925/768/1014
f 6925/769/1014 6931/770/1015 6927/771/1013
f 6941/245/20 6937/246/20 6935/247/20
f 6936/248/1 6941/249/1 6935/250/1
f 6937/251/4 6940/252/4 6938/253/4
f 6935/254/3 6938/255/3 6936/256/3
f 6939/257/2 6942/258/2 6940/259/2
f 6951/719/1016 6956/720/989 6954/721/990
f 6944/722/991 6961/723/992 6945/724/993
f 6961/725/994 6948/726/995 6946/727/996
f 6952/728/1 6954/729/1 6953/730/1
f 6955/731/4 6947/732/4 6950/733/4
f 6959/734/20 6956/735/20 6955/736/20
f 6944/737/997 6951/738/997 6952/739/997
f 6944/740/998 6962/741/999 6943/742/1000
f 6950/743/38 6948/744/38 6949/745/38
f 6961/746/1001 6962/747/1002 6945/748/1003
f 6953/730/1004 6957/749/1004 6958/750/1004
f 6958/751/1 6960/752/1 6959/753/1
f 6954/754/990 6960/755/1005 6957/756/1006
f 6943/757/1007 6947/758/1008 6951/759/1016
f 6946/760/1017 6943/761/1007 6962/762/1010
f 6950/763/1011 6944/764/991 6952/765/1012
f 6955/766/1013 6952/767/1012 6953/768/1014
f 6953/769/1014 6959/770/1015 6955/771/1013
f 6971/719/1016 6976/720/989 6974/721/990
f 6964/722/991 6981/723/992 6965/724/993
f 6981/725/994 6968/726/995 6966/727/996
f 6972/728/1 6974/729/1 6973/730/1
f 6975/731/4 6967/732/4 6970/733/4
f 6979/734/20 6976/735/20 6975/736/20
f 6964/737/997 6971/738/997 6972/739/997
f 6964/740/998 6982/741/999 6963/742/1000
f 6970/743/38 6968/744/38 6969/745/38
f 6981/746/1001 6982/747/1002 6965/748/1003
f 6973/730/1004 6977/749/1004 6978/750/1004
f 6978/751/1 6980/752/1 6979/753/1
f 6974/754/990 6980/755/1005 6977/756/1006
f 6963/757/1007 6967/758/1008 6971/759/1016
f 6966/760/1009 6963/761/1007 6982/762/1010
f 6970/763/1018 6964/764/991 6972/765/1012
f 6975/766/1013 6972/767/1012 6973/768/1019
f 6973/769/1019 6979/770/1015 6975/771/1013
f 8/1/1 7/1370/1 6/2/1
f 3/4/2 2/1371/2 6/5/2
f 4/7/3 8/1372/3 5/8/3
f 3/10/4 4/1373/4 1/11/4
f 17/13/5 10/1374/12 11/14/6
f 19/16/8 20/1375/13 15/17/9
f 10/20/12 17/1376/5 21/19/11
f 21/19/11 19/1377/8 14/18/10
f 20/21/13 18/35/7 11/22/6
f 18/15/14 12/1378/14 9/24/14
f 16/25/15 20/1379/15 19/26/15
f 9/28/3 12/1380/3 16/29/3
f 14/18/2 15/17/2 11/31/2
f 17/34/18 9/1381/1020 13/32/16
f 13/32/16 19/1382/1021 21/33/17
f 18/35/19 20/21/19 16/36/19
f 28/38/20 31/1383/20 30/39/20
f 22/43/23 24/1384/1022 27/41/21
f 27/41/45 34/1385/45 31/42/45
f 31/42/22 28/1386/1023 22/43/23
f 32/1387/54 23/1388/1024 29/44/24
f 29/44/24 30/1389/1025 33/45/25
f 33/45/25 26/1390/1026 25/46/26
f 25/46/26 32/1387/54 29/44/24
f 33/49/29 30/1391/1027 31/47/27
f 27/48/28 26/1392/1028 33/49/29
f 42/50/4 43/1393/4 35/51/4
f 37/53/30 39/1394/30 36/54/30
f 44/56/31 46/1395/31 43/57/31
f 37/59/32 38/1396/32 41/60/32
f 44/62/33 45/1397/33 47/63/33
f 45/67/1029 40/1398/1029 41/65/1029
f 41/65/1 38/1399/1 47/66/1
f 35/68/34 43/1400/20 46/69/34
f 39/71/36 44/1401/1030 42/72/37
f 46/74/34 47/1402/35 38/75/35
f 45/77/39 44/1401/1030 39/71/36
f 54/79/4 55/1403/4 49/80/4
f 50/82/1 51/1404/1 53/83/1
f 56/85/38 57/98/38 51/86/38
f 58/88/20 59/100/20 52/89/20
f 52/91/3 59/101/3 56/92/3
f 57/94/2 58/1405/2 53/95/2
f 56/85/38 48/1406/38 49/97/38
f 58/88/20 55/1339/20 54/99/20
f 59/101/3 54/1407/3 48/102/3
f 60/103/40 61/108/44 76/104/1
f 77/105/41 76/104/1 69/106/42
f 61/108/44 62/110/46 78/109/45
f 78/109/45 70/112/47 69/106/42
f 62/110/46 63/113/48 79/111/2
f 79/111/2 71/115/50 70/112/47
f 63/113/48 64/116/51 80/114/49
f 80/114/49 72/118/52 71/115/50
f 64/116/51 65/119/53 81/117/4
f 81/117/4 73/122/56 72/118/52
f 65/119/53 66/123/57 82/120/54
f 81/117/4 82/120/54 74/121/55
f 66/123/57 67/125/58 83/124/3
f 83/124/3 75/127/59 74/121/55
f 67/125/58 60/1408/40 77/126/41
f 77/126/41 68/136/43 75/127/59
f 60/103/40 84/1367/67 85/128/60
f 61/108/44 85/128/60 86/129/61
f 62/110/46 86/129/61 87/130/62
f 63/113/48 87/130/62 88/131/63
f 65/119/53 64/116/51 88/131/63
f 65/119/53 89/132/64 90/133/65
f 66/123/57 90/133/65 91/134/66
f 84/135/67 60/1408/40 67/125/58
f 68/136/43 92/1409/1031 93/137/68
f 94/138/69 92/1410/1031 68/107/43
f 94/138/69 69/106/42 70/112/47
f 95/139/70 70/112/47 71/115/50
f 96/140/71 71/115/50 72/118/52
f 97/141/72 72/118/52 73/122/56
f 98/142/73 73/122/56 74/121/55
f 93/137/68 99/143/74 74/121/55
f 101/144/2 103/1411/2 102/145/2
f 105/147/3 107/1412/3 106/148/3
f 107/150/38 105/1413/38 103/151/38
f 106/153/1 107/1414/1 101/154/1
f 105/156/4 104/1415/4 102/157/4
f 119/159/75 121/1416/101 125/160/76
f 115/162/78 114/1417/1032 109/163/79
f 126/165/81 114/1418/1 113/166/82
f 117/168/1 116/1419/1 119/169/1
f 120/171/4 121/1420/4 112/172/4
f 121/176/3 120/1421/3 124/174/3
f 124/174/1033 128/1422/1033 125/175/1033
f 109/177/84 108/1423/84 116/178/84
f 109/180/85 110/1424/1034 127/181/86
f 115/183/2 112/1425/2 113/184/2
f 126/186/88 111/1426/1035 127/187/89
f 118/170/91 119/169/91 122/189/91
f 124/191/1 123/1427/1 122/192/1
f 109/194/79 114/1428/1032 126/195/92
f 120/197/94 115/1429/78 117/198/80
f 118/200/95 123/1430/714 124/201/96
f 111/203/97 113/1431/1036 108/204/98
f 116/206/100 112/1432/102 121/207/101
f 108/209/98 113/1433/1036 112/210/102
f 134/212/3 136/1434/3 130/213/3
f 129/215/20 131/1435/20 132/216/20
f 135/218/38 136/1436/38 134/219/38
f 136/221/1 135/1437/1 129/222/1
f 133/224/4 134/1438/4 132/225/4
f 144/229/105 137/1439/1037 142/227/103
f 142/227/103 138/1440/104 141/228/104
f 143/230/106 145/1441/106 140/231/106
f 145/233/4 144/1442/4 141/234/4
f 144/238/109 145/1443/107 143/236/107
f 143/236/107 142/1444/1038 137/237/108
f 138/239/1 142/1445/1 143/240/1
f 141/242/110 138/1446/110 139/243/110
f 152/245/38 150/1447/38 148/246/38
f 147/248/1 153/1448/1 152/249/1
f 148/251/4 150/1449/4 151/252/4
f 146/254/2 148/1450/2 149/255/2
f 150/257/3 152/1451/3 153/258/3
f 154/260/111 155/263/112 171/261/112
f 155/263/112 156/265/114 172/264/113
f 156/265/114 157/268/115 173/266/115
f 158/267/116 174/1452/118 173/266/115
f 158/269/116 159/272/119 175/270/117
f 159/272/119 160/275/122 176/273/120
f 161/274/121 177/277/121 176/273/120
f 162/276/123 178/279/125 177/277/121
f 163/278/124 179/281/127 178/279/125
f 164/280/126 180/283/129 179/281/127
f 165/282/128 181/285/128 180/283/129
f 165/282/128 166/287/132 182/284/130
f 167/286/131 183/289/134 182/284/130
f 168/288/133 184/291/133 183/289/134
f 168/288/133 169/292/135 185/290/135
f 169/292/135 154/260/111 170/262/111
f 171/293/136 187/297/140 186/294/137
f 172/296/139 188/299/142 187/297/140
f 173/298/141 189/301/144 188/299/142
f 174/300/143 190/1453/146 189/301/144
f 175/302/145 191/306/148 190/303/146
f 176/305/147 192/308/150 191/306/148
f 176/305/147 177/309/151 193/307/149
f 177/309/151 178/311/153 194/310/152
f 178/311/153 179/313/155 195/312/154
f 179/313/155 180/315/157 196/314/156
f 180/315/157 181/317/159 197/316/158
f 181/317/159 182/319/161 198/318/160
f 182/319/161 183/321/163 199/320/162
f 183/321/163 184/324/166 200/322/164
f 185/323/165 201/325/167 200/322/164
f 170/295/138 186/294/137 201/325/167
f 187/326/140 203/330/169 202/327/168
f 188/329/142 204/332/170 203/330/169
f 189/331/144 205/334/171 204/332/170
f 190/333/146 206/1454/172 205/334/171
f 191/335/148 207/339/173 206/336/172
f 192/338/150 208/341/175 207/339/173
f 192/338/150 193/342/149 209/340/174
f 193/342/149 194/344/152 210/343/176
f 194/344/152 195/346/154 211/345/177
f 195/346/154 196/348/156 212/347/178
f 196/348/156 197/350/158 213/349/179
f 197/350/158 198/352/160 214/351/180
f 198/352/160 199/354/162 215/353/181
f 199/354/162 200/357/164 216/355/182
f 201/356/167 217/358/183 216/355/182
f 186/328/137 202/327/168 217/358/183
f 379/359/184 219/363/188 218/360/185
f 380/362/187 220/365/190 219/363/188
f 381/364/189 221/367/192 220/365/190
f 382/366/191 222/1455/194 221/367/192
f 383/368/193 223/372/196 222/369/194
f 384/371/195 224/374/195 223/372/196
f 384/371/195 385/375/66 225/373/197
f 385/375/66 386/377/199 226/376/198
f 386/377/199 387/379/201 227/378/200
f 387/379/201 388/381/203 228/380/202
f 388/381/203 389/383/205 229/382/204
f 389/383/205 390/385/207 230/384/206
f 390/385/207 391/387/209 231/386/208
f 391/387/209 392/390/210 232/388/210
f 393/389/211 233/391/212 232/388/210
f 378/361/186 218/360/185 233/391/212
f 203/392/169 235/396/214 234/393/213
f 204/395/170 236/398/215 235/396/214
f 205/397/171 237/400/104 236/398/215
f 206/399/172 238/427/216 237/400/104
f 207/401/173 239/405/193 238/402/216
f 208/404/175 240/430/195 239/405/193
f 241/406/217 240/430/195 208/404/175
f 242/408/199 241/406/217 209/407/174
f 243/410/218 242/408/199 210/409/176
f 244/412/219 243/410/218 211/411/177
f 245/414/220 244/412/219 212/413/178
f 246/416/221 245/414/220 213/415/179
f 247/418/209 246/416/221 214/417/180
f 248/420/210 247/418/209 215/419/181
f 217/422/183 249/423/107 248/420/210
f 202/394/168 234/393/213 249/423/107
f 235/396/214 251/425/214 250/424/213
f 236/398/215 252/426/222 251/425/214
f 237/400/104 253/428/104 252/426/222
f 238/427/216 254/445/223 253/428/104
f 239/405/193 255/431/193 254/429/223
f 240/430/195 256/433/195 255/431/193
f 240/430/195 241/406/217 257/432/217
f 241/406/217 242/408/199 258/434/199
f 242/408/199 243/410/218 259/435/218
f 243/410/218 244/412/219 260/436/224
f 244/412/219 245/414/220 261/437/225
f 245/414/220 246/416/221 262/438/226
f 246/416/221 247/418/209 263/439/209
f 247/418/209 248/420/210 264/440/210
f 249/423/107 265/441/107 264/440/210
f 234/393/213 250/424/213 265/441/107
f 251/425/214 267/443/214 266/442/213
f 252/426/222 268/444/222 267/443/214
f 253/428/104 269/446/227 268/444/222
f 254/445/223 270/462/228 269/446/227
f 255/431/193 271/448/193 270/447/228
f 256/433/195 272/450/195 271/448/193
f 256/433/195 257/432/217 273/449/217
f 257/432/217 258/434/199 274/451/199
f 258/434/199 259/435/218 275/452/218
f 259/435/218 260/436/224 276/453/224
f 260/436/224 261/437/225 277/454/220
f 261/437/225 262/438/226 278/455/207
f 262/438/226 263/439/209 279/456/209
f 263/439/209 264/440/210 280/457/210
f 265/441/107 281/458/211 280/457/210
f 250/424/213 266/442/213 281/458/211
f 267/443/214 283/460/214 282/459/213
f 268/444/222 284/461/222 283/460/214
f 269/446/227 285/463/104 284/461/222
f 270/462/228 286/479/216 285/463/104
f 271/448/193 287/465/193 286/464/216
f 272/450/195 288/467/195 287/465/193
f 272/450/195 273/449/217 289/466/217
f 273/449/217 274/451/199 290/468/199
f 274/451/199 275/452/218 291/469/218
f 275/452/218 276/453/224 292/470/224
f 276/453/224 277/454/220 293/471/220
f 277/454/220 278/455/207 294/472/226
f 278/455/207 279/456/209 295/473/209
f 279/456/209 280/457/210 296/474/210
f 281/458/211 297/475/211 296/474/210
f 266/442/213 282/459/213 297/475/211
f 283/460/214 299/477/214 298/476/213
f 284/461/222 300/478/229 299/477/214
f 285/463/104 301/480/104 300/478/229
f 286/479/216 302/496/223 301/480/104
f 287/465/193 303/482/193 302/481/223
f 288/467/195 304/484/195 303/482/193
f 288/467/195 289/466/217 305/483/217
f 289/466/217 290/468/199 306/485/199
f 290/468/199 291/469/218 307/486/230
f 291/469/218 292/470/224 308/487/224
f 292/470/224 293/471/220 309/488/220
f 293/471/220 294/472/226 310/489/226
f 294/472/226 295/473/209 311/490/231
f 295/473/209 296/474/210 312/491/210
f 297/475/211 313/492/211 312/491/210
f 282/459/213 298/476/213 313/492/211
f 299/477/214 315/494/232 314/493/213
f 300/478/229 316/495/229 315/494/232
f 301/480/104 317/497/104 316/495/229
f 302/496/223 318/513/191 317/497/104
f 303/482/193 319/499/193 318/498/191
f 304/484/195 320/501/195 319/499/193
f 304/484/195 305/483/217 321/500/233
f 305/483/217 306/485/199 322/502/199
f 306/485/199 307/486/230 323/503/234
f 307/486/230 308/487/224 324/504/224
f 308/487/224 309/488/220 325/505/235
f 309/488/220 310/489/226 326/506/226
f 310/489/226 311/490/231 327/507/209
f 311/490/231 312/491/210 328/508/210
f 313/492/211 329/509/211 328/508/210
f 298/476/213 314/493/213 329/509/211
f 315/494/232 331/511/236 330/510/213
f 316/495/229 332/512/229 331/511/236
f 317/497/104 333/514/227 332/512/229
f 318/513/191 334/530/228 333/514/227
f 319/499/193 335/516/193 334/515/228
f 320/501/195 336/518/237 335/516/193
f 320/501/195 321/500/233 337/517/233
f 321/500/233 322/502/199 338/519/199
f 322/502/199 323/503/234 339/520/218
f 323/503/234 324/504/224 340/521/203
f 324/504/224 325/505/235 341/522/225
f 325/505/235 326/506/226 342/523/226
f 326/506/226 327/507/209 343/524/209
f 327/507/209 328/508/210 344/525/238
f 329/509/211 345/526/211 344/525/238
f 314/493/213 330/510/213 345/526/211
f 331/511/236 347/528/236 346/527/213
f 332/512/229 348/529/229 347/528/236
f 333/514/227 349/531/104 348/529/229
f 334/530/228 350/547/191 349/531/104
f 335/516/193 351/533/193 350/532/191
f 336/518/237 352/535/195 351/533/193
f 336/518/237 337/517/233 353/534/233
f 337/517/233 338/519/199 354/536/199
f 338/519/199 339/520/218 355/537/218
f 339/520/218 340/521/203 356/538/224
f 340/521/203 341/522/225 357/539/239
f 341/522/225 342/523/226 358/540/207
f 342/523/226 343/524/209 359/541/209
f 343/524/209 344/525/238 360/542/210
f 345/526/211 361/543/211 360/542/210
f 330/510/213 346/527/213 361/543/211
f 347/528/236 363/545/214 362/544/213
f 348/529/229 364/546/229 363/545/214
f 349/531/104 365/548/104 364/546/229
f 350/547/191 366/561/191 365/548/104
f 351/533/193 367/550/193 366/549/191
f 352/535/195 368/552/195 367/550/193
f 352/535/195 353/534/233 369/551/217
f 353/534/233 354/536/199 370/553/199
f 354/536/199 355/537/218 371/554/218
f 355/537/218 356/538/224 372/555/224
f 356/538/224 357/539/239 373/556/225
f 357/539/239 358/540/207 374/557/226
f 358/540/207 359/541/209 375/558/209
f 359/541/209 360/542/210 376/559/238
f 361/543/211 377/560/211 376/559/238
f 346/527/213 362/544/213 377/560/211
f 363/545/214 379/359/184 378/361/186
f 364/546/229 380/362/187 379/359/184
f 365/548/104 381/364/189 380/362/187
f 366/561/191 382/366/191 381/364/189
f 367/550/193 383/368/193 382/370/191
f 368/552/195 384/371/195 383/368/193
f 368/552/195 369/551/217 385/375/66
f 369/551/217 370/553/199 386/377/199
f 370/553/199 371/554/218 387/379/201
f 371/554/218 372/555/224 388/381/203
f 372/555/224 373/556/225 389/383/205
f 373/556/225 374/557/226 390/385/207
f 374/557/226 375/558/209 391/387/209
f 375/558/209 376/559/238 392/390/210
f 377/560/211 393/389/211 392/390/210
f 362/544/213 378/361/186 393/389/211
f 395/562/240 396/1456/1039 397/563/241
f 399/565/243 398/567/245 394/564/242
f 401/566/244 400/569/247 398/567/245
f 403/568/246 402/571/249 400/569/247
f 405/570/248 404/1457/1040 402/571/249
f 406/572/250 404/1457/1040 405/570/248
f 408/574/252 406/572/250 407/573/251
f 410/576/254 408/574/252 409/575/253
f 412/578/256 410/576/254 411/577/255
f 412/580/2 413/1458/2 414/581/2
f 395/583/3 416/1459/3 417/584/3
f 415/586/258 418/590/1041 410/587/259
f 419/589/261 408/591/264 410/587/262
f 408/591/264 419/589/261 420/592/265
f 420/592/265 421/596/1042 404/594/267
f 422/595/268 402/598/1043 404/594/269
f 422/595/271 423/599/274 400/597/272
f 423/599/274 424/602/277 398/600/275
f 394/601/276 398/600/275 424/602/277
f 394/601/276 425/603/278 416/604/279
f 426/606/281 418/610/285 415/607/282
f 427/609/284 419/612/287 418/610/285
f 428/611/286 420/614/289 419/612/287
f 429/613/288 421/616/291 420/614/289
f 430/615/290 422/1460/1044 421/616/291
f 423/617/292 422/1460/1044 430/615/290
f 431/618/293 432/621/296 424/619/294
f 425/620/295 424/619/294 432/621/296
f 416/623/298 425/620/295 433/622/297
f 411/625/1 426/629/1 414/626/1
f 411/625/1 409/631/1 427/628/1
f 407/630/1 428/633/1 427/628/1
f 407/630/1 405/635/1 429/632/1
f 403/634/1 430/637/1 429/632/1
f 403/634/1 401/638/1 431/636/1
f 401/638/1 399/640/1 432/639/1
f 399/640/1 397/643/1 433/641/1
f 396/642/1 417/1461/1 433/641/1
f 436/644/2 437/1462/2 434/645/2
f 438/647/3 441/1463/3 440/648/3
f 439/650/20 435/1464/20 434/651/20
f 441/653/38 437/1465/38 436/654/38
f 459/656/300 442/1466/300 444/657/300
f 446/659/301 463/1467/1045 460/660/302
f 461/662/304 444/1468/1046 452/663/305
f 459/665/307 464/1469/1047 448/666/308
f 462/668/310 465/1470/1048 450/669/311
f 447/673/315 455/683/324 456/671/313
f 456/671/313 449/1471/1049 467/672/314
f 457/674/316 451/1472/317 453/675/317
f 468/679/320 446/1473/1050 443/677/318
f 443/677/318 442/684/325 448/678/319
f 448/678/319 469/1474/1051 468/679/320
f 445/682/323 450/1475/1052 470/680/321
f 470/680/321 454/1476/1053 452/1477/1054
f 444/681/322 471/685/1 445/682/323
f 470/680/321 452/1477/1054 444/681/322
f 468/679/320 469/1474/1051 456/671/313
f 458/676/316 454/1476/1053 470/680/321
f 471/685/1 444/681/322 442/684/325
f 442/684/325 443/677/318 445/682/323
f 460/686/326 462/1478/326 445/687/326
f 478/689/3 476/1479/3 474/690/3
f 474/692/38 475/1480/38 473/693/38
f 479/695/20 477/1481/20 476/696/20
f 473/698/1 479/1482/1 478/699/1
f 476/701/4 477/1483/4 475/702/4
f 486/704/38 484/1484/38 482/705/38
f 482/707/3 483/1485/3 481/708/3
f 481/710/4 487/1486/4 486/711/4
f 483/715/1 482/1487/1 484/713/327
f 484/713/327 488/1488/1055 485/714/328
f 484/716/329 486/1489/2 487/717/330
f 497/719/331 493/1490/351 502/720/332
f 490/722/334 495/1491/1056 507/723/335
f 507/725/337 495/1492/1 494/726/338
f 498/728/1 497/1493/1 500/729/1
f 501/731/4 502/1494/4 493/732/4
f 505/734/38 506/1495/38 502/735/38
f 490/737/340 489/1496/340 497/738/340
f 490/740/341 491/1497/1057 508/741/342
f 496/743/20 493/1498/20 494/744/20
f 507/746/344 492/1499/1058 508/747/345
f 499/730/347 500/729/347 503/749/347
f 504/751/1 503/1500/1 506/752/1
f 500/754/333 502/1501/332 506/755/348
f 489/757/350 494/1502/1059 493/758/351
f 492/760/352 494/1503/1059 489/761/350
f 496/763/354 495/1504/1056 490/764/334
f 501/766/356 496/1505/354 498/767/355
f 499/769/357 504/1506/1006 505/770/358
f 511/772/2 512/1507/2 513/773/2
f 514/775/3 517/1508/3 516/776/3
f 518/1509/1060 509/1510/1061 515/778/359
f 515/778/359 516/1511/1062 519/779/360
f 519/779/360 512/1512/1063 511/780/361
f 511/780/361 518/1509/1060 515/778/359
f 540/781/362 531/792/371 529/782/363
f 540/784/362 520/1513/1064 521/785/365
f 541/787/367 527/805/378 529/788/363
f 525/790/369 524/808/380 547/791/370
f 542/789/368 529/782/363 531/792/371
f 528/794/373 525/790/369 541/787/367
f 547/791/370 543/793/372 531/795/371
f 530/797/375 528/794/373 542/789/368
f 544/786/366 526/796/374 531/795/371
f 521/798/365 522/1514/377 545/799/376
f 545/799/376 527/807/378 526/801/374
f 522/802/377 523/1515/379 546/803/364
f 546/803/364 529/788/363 527/805/378
f 523/806/379 520/1516/1064 540/781/362
f 541/787/367 547/791/370 526/801/374
f 524/808/380 530/797/375 543/793/372
f 533/809/381 548/813/385 550/810/382
f 532/812/384 536/1517/389 550/810/382
f 533/814/381 535/1518/390 549/815/386
f 549/815/386 534/1519/391 532/817/384
f 537/818/383 550/822/382 551/819/387
f 536/821/389 538/1520/1065 551/819/387
f 535/823/390 539/1521/388 551/824/387
f 551/824/387 538/1522/1065 534/826/391
f 530/797/4 524/808/4 525/790/4
f 521/827/392 537/1523/392 539/828/393
f 535/830/394 533/1524/395 520/831/395
f 521/833/396 520/1368/396 533/834/396
f 522/836/397 539/1369/397 535/837/397
f 555/839/3 557/1525/3 559/840/3
f 553/842/20 552/1526/20 554/843/20
f 556/845/38 558/1527/38 559/846/38
f 553/848/1 559/1528/1 558/849/1
f 554/851/4 556/1529/4 557/852/4
f 593/854/398 577/858/402 576/855/399
f 594/857/401 578/860/404 577/858/402
f 595/859/403 579/862/406 578/860/404
f 596/861/405 580/1530/407 579/862/406
f 597/863/193 581/867/408 580/864/407
f 598/866/195 582/869/237 581/867/408
f 598/866/195 599/870/233 583/868/110
f 599/870/233 600/872/410 584/871/409
f 600/872/410 601/874/412 585/873/411
f 601/874/412 602/876/414 586/875/413
f 602/876/414 603/878/416 587/877/415
f 603/878/416 604/880/417 588/879/206
f 604/880/417 605/882/231 589/881/208
f 605/882/231 606/885/238 590/883/210
f 607/884/211 591/886/418 590/883/210
f 592/856/400 576/855/399 591/886/418
f 609/887/214 593/854/398 592/856/400
f 610/889/419 594/857/401 593/854/398
f 611/890/104 595/859/403 594/857/401
f 612/891/191 596/861/405 595/859/403
f 613/892/193 597/863/193 596/865/405
f 614/894/195 598/866/195 597/863/193
f 614/894/195 615/895/233 599/870/233
f 615/895/233 616/896/199 600/872/410
f 616/896/199 617/897/218 601/874/412
f 617/897/218 618/898/224 602/876/414
f 618/898/224 619/899/220 603/878/416
f 619/899/220 620/900/207 604/880/417
f 620/900/207 621/901/420 605/882/231
f 621/901/420 622/903/238 606/885/238
f 623/902/211 607/884/211 606/885/238
f 608/888/213 592/856/400 607/884/211
f 625/904/214 609/887/214 608/888/213
f 626/906/419 610/889/419 609/887/214
f 627/907/104 611/890/104 610/889/419
f 628/908/421 612/891/191 611/890/104
f 629/909/193 613/892/193 612/893/191
f 630/911/195 614/894/195 613/892/193
f 630/911/195 631/912/217 615/895/233
f 631/912/217 632/913/199 616/896/199
f 632/913/199 633/914/218 617/897/218
f 633/914/218 634/915/224 618/898/224
f 634/915/224 635/916/220 619/899/220
f 635/916/220 636/917/226 620/900/207
f 636/917/226 637/918/209 621/901/420
f 637/918/209 638/920/238 622/903/238
f 639/919/211 623/902/211 622/903/238
f 624/905/213 608/888/213 623/902/211
f 641/921/214 625/904/214 624/905/213
f 642/923/222 626/906/419 625/904/214
f 643/924/104 627/907/104 626/906/419
f 644/925/422 628/908/421 627/907/104
f 645/926/193 629/909/193 628/910/421
f 646/928/195 630/911/195 629/909/193
f 646/928/195 647/929/233 631/912/217
f 647/929/233 648/930/199 632/913/199
f 648/930/199 649/931/218 633/914/218
f 649/931/218 650/932/224 634/915/224
f 650/932/224 651/933/220 635/916/220
f 651/933/220 652/934/221 636/917/226
f 652/934/221 653/935/420 637/918/209
f 653/935/420 654/937/238 638/920/238
f 655/936/211 639/919/211 638/920/238
f 640/922/213 624/905/213 639/919/211
f 657/938/214 641/921/214 640/922/213
f 658/940/222 642/923/222 641/921/214
f 659/941/104 643/924/104 642/923/222
f 660/942/191 644/925/422 643/924/104
f 661/943/193 645/926/193 644/927/422
f 662/945/195 646/928/195 645/926/193
f 662/945/195 663/946/233 647/929/233
f 663/946/233 664/947/199 648/930/199
f 664/947/199 665/948/218 649/931/218
f 665/948/218 666/949/224 650/932/224
f 666/949/224 667/950/220 651/933/220
f 667/950/220 668/951/226 652/934/221
f 668/951/226 669/952/209 653/935/420
f 669/952/209 670/954/238 654/937/238
f 671/953/211 655/936/211 654/937/238
f 656/939/213 640/922/213 655/936/211
f 673/955/214 657/938/214 656/939/213
f 674/957/222 658/940/222 657/938/214
f 675/958/104 659/941/104 658/940/222
f 676/959/422 660/942/191 659/941/104
f 677/960/193 661/943/193 660/944/191
f 678/962/195 662/945/195 661/943/193
f 678/962/195 679/963/217 663/946/233
f 679/963/217 680/964/199 664/947/199
f 680/964/199 681/965/218 665/948/218
f 681/965/218 682/966/224 666/949/224
f 682/966/224 683/967/220 667/950/220
f 683/967/220 684/968/207 668/951/226
f 684/968/207 685/969/231 669/952/209
f 685/969/231 686/971/238 670/954/238
f 687/970/211 671/953/211 670/954/238
f 672/956/213 656/939/213 671/953/211
f 689/972/214 673/955/214 672/956/213
f 690/974/419 674/957/222 673/955/214
f 691/975/104 675/958/104 674/957/222
f 692/976/191 676/959/422 675/958/104
f 693/977/193 677/960/193 676/961/422
f 694/979/195 678/962/195 677/960/193
f 694/979/195 695/980/233 679/963/217
f 695/980/233 696/981/199 680/964/199
f 696/981/199 697/982/218 681/965/218
f 697/982/218 698/983/224 682/966/224
f 698/983/224 699/984/220 683/967/220
f 699/984/220 700/985/221 684/968/207
f 700/985/221 701/986/209 685/969/231
f 701/986/209 702/988/238 686/971/238
f 703/987/211 687/970/211 686/971/238
f 688/973/213 672/956/213 687/970/211
f 705/989/214 689/972/214 688/973/213
f 706/991/222 690/974/419 689/972/214
f 707/992/104 691/975/104 690/974/419
f 708/993/191 692/976/191 691/975/104
f 709/994/193 693/977/193 692/978/191
f 710/996/195 694/979/195 693/977/193
f 710/996/195 711/997/233 695/980/233
f 711/997/233 712/998/199 696/981/199
f 712/998/199 713/999/218 697/982/218
f 713/999/218 714/1000/224 698/983/224
f 714/1000/224 715/1001/220 699/984/220
f 715/1001/220 716/1002/207 700/985/221
f 716/1002/207 717/1003/209 701/986/209
f 717/1003/209 718/1005/238 702/988/238
f 719/1004/211 703/987/211 702/988/238
f 704/990/213 688/973/213 703/987/211
f 721/1006/214 705/989/214 704/990/213
f 722/1008/222 706/991/222 705/989/214
f 723/1009/104 707/992/104 706/991/222
f 724/1010/423 708/993/191 707/992/104
f 725/1011/193 709/994/193 708/995/191
f 726/1013/195 710/996/195 709/994/193
f 726/1013/195 727/1014/233 711/997/233
f 727/1014/233 728/1015/199 712/998/199
f 728/1015/199 729/1016/218 713/999/218
f 729/1016/218 730/1017/224 714/1000/224
f 730/1017/224 731/1018/220 715/1001/220
f 731/1018/220 732/1019/221 716/1002/207
f 732/1019/221 733/1020/209 717/1003/209
f 733/1020/209 734/1022/238 718/1005/238
f 735/1021/211 719/1004/211 718/1005/238
f 720/1007/213 704/990/213 719/1004/211
f 737/1023/214 721/1006/214 720/1007/213
f 738/1025/222 722/1008/222 721/1006/214
f 739/1026/227 723/1009/104 722/1008/222
f 740/1027/422 724/1010/423 723/1009/104
f 741/1028/193 725/1011/193 724/1012/423
f 742/1030/195 726/1013/195 725/1011/193
f 742/1030/195 743/1031/217 727/1014/233
f 743/1031/217 744/1032/199 728/1015/199
f 744/1032/199 745/1033/218 729/1016/218
f 745/1033/218 746/1034/224 730/1017/224
f 746/1034/224 747/1035/220 731/1018/220
f 747/1035/220 748/1036/207 732/1019/221
f 748/1036/207 749/1037/209 733/1020/209
f 749/1037/209 750/1039/238 734/1022/238
f 751/1038/211 735/1021/211 734/1022/238
f 736/1024/213 720/1007/213 735/1021/211
f 561/1040/424 737/1023/214 736/1024/213
f 562/1042/426 738/1025/222 737/1023/214
f 563/1043/427 739/1026/227 738/1025/222
f 564/1044/428 740/1027/422 739/1026/227
f 565/1045/429 741/1028/193 740/1029/422
f 566/1047/195 742/1030/195 741/1028/193
f 743/1031/217 742/1030/195 566/1047/195
f 744/1032/199 743/1031/217 567/1048/430
f 745/1033/218 744/1032/199 568/1049/431
f 746/1034/224 745/1033/218 569/1050/432
f 747/1035/220 746/1034/224 570/1051/433
f 748/1036/207 747/1035/220 571/1052/434
f 749/1037/209 748/1036/207 572/1053/435
f 750/1039/238 749/1037/209 573/1054/436
f 575/1056/437 751/1038/211 750/1039/238
f 560/1041/425 736/1024/213 751/1038/211
f 759/1057/438 753/1531/438 752/1058/438
f 754/1060/3 752/1532/3 753/1061/3
f 758/1063/1 752/1533/1 754/1064/1
f 757/1066/439 756/1534/439 754/1067/439
f 758/1069/2 756/1535/2 757/1070/2
f 759/1072/4 757/1536/4 755/1073/4
f 766/1075/3 764/1537/3 762/1076/3
f 762/1078/20 763/1538/20 761/1079/20
f 767/1081/38 765/1539/38 764/1082/38
f 761/1084/4 767/1540/4 766/1085/4
f 764/1087/1 765/1541/1 763/1088/1
f 793/1090/440 774/1542/484 787/1091/441
f 771/1093/443 778/1543/1066 781/1094/444
f 850/1096/446 855/1129/477 776/1097/447
f 777/1099/449 856/1133/481 869/1100/450
f 775/1102/452 792/1159/501 779/1103/453
f 863/1105/455 784/1146/491 789/1106/456
f 783/1108/458 780/1544/1067 791/1109/459
f 859/1111/461 847/1139/473 770/1104/454
f 848/1112/462 771/1545/443 782/1113/445
f 849/1115/464 772/1119/468 785/1116/465
f 849/1115/464 878/1121/470 851/1118/467
f 851/1118/467 878/1121/470 850/1096/446
f 773/1098/448 776/1097/447 854/1122/471
f 847/1124/473 879/1126/474 852/1123/472
f 847/1124/473 771/1545/443 848/1112/462
f 879/1126/474 848/1112/462 772/1119/468
f 879/1126/474 851/1118/467 773/1098/448
f 853/1127/475 774/1542/484 793/1090/440
f 854/1122/471 775/1546/452 770/1125/454
f 855/1129/477 880/1132/480 857/1130/478
f 857/1130/478 880/1132/480 856/1133/481
f 858/1134/482 777/1099/449 788/1101/451
f 853/1136/475 881/1138/485 858/1134/482
f 853/1136/475 775/1546/452 854/1122/471
f 881/1138/485 854/1122/471 776/1097/447
f 881/1138/485 857/1130/478 777/1099/449
f 859/1111/461 778/1543/1066 771/1093/443
f 860/1140/486 780/1544/1067 783/1108/458
f 860/1140/486 861/1141/487 782/1095/445
f 862/1142/488 783/1547/458 786/1143/460
f 863/1105/455 882/1148/493 865/1145/490
f 865/1145/490 882/1148/493 864/1117/466
f 785/1116/465 772/1119/468 848/1112/462
f 861/1149/487 883/1150/494 866/1114/463
f 861/1149/487 783/1547/458 862/1142/488
f 883/1150/494 862/1142/488 784/1146/491
f 883/1150/494 865/1145/490 785/1116/465
f 867/1151/495 786/1110/460 791/1109/459
f 787/1153/441 774/1137/484 858/1134/482
f 869/1100/450 884/1156/499 871/1154/497
f 871/1154/497 884/1156/499 870/1107/457
f 789/1106/456 784/1146/491 862/1142/488
f 867/1157/495 885/1158/500 872/1144/489
f 867/1157/495 787/1153/441 868/1135/483
f 885/1158/500 868/1135/483 788/1101/451
f 885/1158/500 871/1154/497 789/1106/456
f 790/1092/442 787/1091/441 867/1151/495
f 792/1159/501 775/1102/452 853/1160/475
f 816/1162/502 817/1225/529 839/1163/503
f 801/1165/505 828/1211/543 813/1166/506
f 818/1168/508 798/1198/491 797/1169/456
f 838/1171/510 821/1548/530 831/1172/511
f 799/1174/513 819/1201/536 832/1175/514
f 824/1177/516 830/1207/539 812/1178/517
f 803/1180/519 833/1221/549 827/1181/520
f 836/1183/522 835/1215/544 826/1184/523
f 816/1162/502 822/1164/504 894/1186/525
f 813/1166/506 890/1190/528 815/1188/497
f 815/1188/497 890/1190/528 814/1170/509
f 797/1169/456 798/1198/491 817/1191/529
f 891/1193/526 812/1212/517 796/1167/507
f 891/1193/526 815/1188/497 797/1169/456
f 821/1194/530 838/1549/510 901/1195/531
f 818/1168/508 892/1200/535 820/1197/533
f 820/1197/533 892/1200/535 819/1201/536
f 799/1174/513 802/1176/515 831/1202/511
f 893/1204/532 817/1191/529 798/1198/491
f 893/1204/532 820/1197/533 799/1174/513
f 891/1187/526 894/1186/525 823/1179/518
f 825/1185/524 826/1184/523 897/1205/537
f 895/1206/538 897/1205/537 830/1207/539
f 827/1181/520 896/1210/542 829/1208/540
f 829/1208/540 896/1210/542 828/1211/543
f 813/1166/506 828/1211/543 808/1209/541
f 812/1212/517 830/1214/539 801/1165/505
f 897/1213/537 826/1222/523 800/1182/521
f 897/1213/537 829/1208/540 801/1165/505
f 835/1215/544 836/1183/522 900/1216/545
f 832/1175/514 898/1220/548 834/1218/467
f 834/1218/467 898/1220/548 833/1221/549
f 826/1222/523 835/1224/544 803/1180/519
f 899/1223/546 831/1202/511 802/1176/515
f 899/1223/546 834/1218/467 803/1180/519
f 899/1217/546 900/1216/545 837/1173/512
f 893/1196/532 901/1195/531 839/1163/503
f 888/1228/553 807/1232/557 842/1229/554
f 806/1231/556 889/1278/598 876/1227/552
f 806/1231/556 795/1233/558 811/1199/534
f 809/1219/547 811/1199/534 795/1233/558
f 846/1131/561 769/1277/597 768/1235/562
f 875/1236/564 904/1251/575 905/1237/565
f 841/1239/566 905/1550/565 906/1240/567
f 886/1242/568 908/1255/572 907/1243/569
f 903/1245/571 840/1551/566 906/1246/567
f 911/1248/573 910/1552/575 887/1249/574
f 887/1249/574 910/1552/575 904/1251/575
f 805/1252/570 907/1553/569 911/1253/573
f 886/1242/568 903/1245/571 909/1247/572
f 842/1256/576 807/1554/1068 887/1257/577
f 902/1259/579 903/1262/582 886/1260/580
f 903/1262/582 902/1259/579 768/1263/583
f 769/1265/585 842/1256/576 875/1258/578
f 887/1257/577 807/1554/1068 794/1267/587
f 795/1269/589 806/1261/581 886/1260/580
f 768/1271/591 769/1555/591 841/1272/591
f 804/1274/592 794/1556/592 795/1275/592
f 877/1230/555 845/1120/560 843/1147/550
f 845/1120/560 849/1115/593 864/1117/593
f 844/1155/563 843/1147/550 863/1105/594
f 869/1100/595 856/1133/595 846/1131/561
f 846/1131/561 855/1129/596 850/1096/596
f 846/1131/561 845/1120/560 842/1229/554
f 844/1155/563 768/1235/562 902/1226/551
f 889/1278/598 888/1228/553 877/1230/555
f 889/1278/598 810/1189/527 808/1209/541
f 811/1199/534 818/1168/508 814/1170/509
f 809/1219/547 832/1175/514 819/1201/536
f 809/1219/547 808/1209/541 827/1181/520
f 807/1232/557 808/1209/541 809/1219/547
f 918/1279/3 916/1557/3 914/1280/3
f 914/1282/38 915/1558/38 913/1283/38
f 919/1285/20 917/1559/20 916/1286/20
f 913/1288/1 919/1560/1 918/1289/1
f 916/1291/4 917/1561/4 915/1292/4
f 927/1294/3 925/1562/3 923/1295/3
f 926/1297/4 927/1563/4 921/1298/4
f 925/1300/1 924/1564/1 922/1301/1
f 921/1303/20 923/1565/20 922/1304/20
f 927/1306/38 926/1566/38 924/1307/38
f 934/1309/599 935/1567/600 929/1310/600
f 933/1312/601 932/1568/602 930/1313/602
f 935/1315/603 933/1569/604 931/1316/604
f 932/1318/605 934/1570/606 928/1319/606
f 928/1321/20 929/1571/20 931/1322/20
f 936/1324/20 937/1572/20 939/1325/20
f 940/1327/2 942/1573/2 936/1328/2
f 943/1330/3 941/1574/3 939/1331/3
f 942/1333/4 943/1575/4 937/1334/4
f 941/1336/1 940/1576/1 938/1337/1
f 952/719/331 948/1490/351 957/720/607
f 945/722/334 950/1491/1069 962/723/335
f 962/725/337 950/1492/1 949/726/338
f 953/728/1 952/1493/1 955/729/1
f 956/731/4 957/1494/4 948/732/4
f 960/734/38 961/1495/38 957/735/38
f 945/737/340 944/1496/340 952/738/340
f 945/740/341 946/1497/1057 963/741/342
f 951/743/20 948/1498/20 949/744/20
f 962/746/344 947/1499/1058 963/747/345
f 954/730/347 955/729/347 958/749/347
f 959/751/1 958/1500/1 961/752/1
f 955/754/608 957/1501/607 961/755/348
f 944/757/609 949/1502/1059 948/758/351
f 947/760/610 949/1503/1059 944/761/609
f 951/763/354 950/1504/1069 945/764/334
f 956/766/356 951/1505/354 953/767/611
f 954/769/612 959/1506/1006 960/770/358
f 970/704/38 968/1484/38 966/705/38
f 966/707/3 967/1485/3 965/708/3
f 965/710/4 971/1486/4 970/711/4
f 967/715/1 966/1487/1 968/713/327
f 968/713/327 972/1488/1070 969/714/613
f 968/716/329 970/1489/2 971/717/330
f 979/704/38 977/1484/38 975/705/38
f 975/707/3 976/1485/3 974/708/3
f 974/710/4 980/1486/4 979/711/4
f 976/715/1 975/1487/1 977/713/327
f 977/713/327 981/1488/1071 978/714/614
f 977/716/329 979/1489/2 980/717/330
f 990/719/615 986/1490/351 995/720/607
f 983/722/334 988/1491/1069 1000/723/616
f 1000/725/337 988/1492/1 987/726/338
f 991/728/1 990/1493/1 993/729/1
f 994/731/4 995/1494/4 986/732/4
f 998/734/38 999/1495/38 995/735/38
f 983/737/340 982/1496/340 990/738/340
f 983/740/341 984/1497/1057 1001/741/342
f 989/743/20 986/1498/20 987/744/20
f 1000/746/344 985/1499/1058 1001/747/345
f 992/730/347 993/729/347 996/749/347
f 997/751/1 996/1500/1 999/752/1
f 993/754/608 995/1501/607 999/755/348
f 982/757/350 987/1502/1059 986/758/351
f 985/760/610 987/1503/1059 982/761/350
f 989/763/617 988/1504/1069 983/764/334
f 994/766/356 989/1505/617 991/767/611
f 992/769/357 997/1506/1006 998/770/358
f 1008/79/4 1009/1403/4 1003/80/4
f 1004/82/1 1005/1404/1 1007/83/1
f 1010/85/38 1011/98/38 1005/86/38
f 1012/88/20 1013/100/20 1006/89/20
f 1006/91/3 1013/101/3 1010/92/3
f 1011/94/2 1012/1405/2 1007/95/2
f 1010/85/38 1002/1406/38 1003/97/38
f 1012/88/20 1009/1339/20 1008/99/20
f 1013/101/3 1008/1407/3 1002/102/3
f 1020/1279/3 1018/1557/3 1016/1280/3
f 1016/1282/38 1017/1558/38 1015/1283/38
f 1021/1285/20 1019/1559/20 1018/1286/20
f 1015/1288/1 1021/1560/1 1020/1289/1
f 1018/1291/4 1019/1561/4 1017/1292/4
f 1033/159/75 1035/1416/101 1039/160/76
f 1029/162/78 1028/1417/1072 1023/163/79
f 1040/165/81 1028/1418/1 1027/166/82
f 1031/168/1 1030/1419/1 1033/169/1
f 1034/171/4 1035/1420/4 1026/172/4
f 1035/176/3 1034/1421/3 1038/174/3
f 1038/174/1033 1042/1422/1033 1039/175/1033
f 1023/177/84 1022/1423/84 1030/178/84
f 1023/180/85 1024/1424/1034 1041/181/86
f 1029/183/2 1026/1425/2 1027/184/2
f 1040/186/88 1025/1426/1035 1041/187/89
f 1032/170/91 1033/169/91 1036/189/91
f 1038/191/1 1037/1427/1 1036/192/1
f 1023/194/79 1028/1428/1072 1040/195/92
f 1034/197/94 1029/1429/78 1031/198/80
f 1032/200/95 1037/1430/714 1038/201/96
f 1025/203/618 1027/1431/1036 1022/204/619
f 1030/206/100 1026/1432/102 1035/207/101
f 1022/209/619 1027/1433/1036 1026/210/102
f 1049/1075/3 1047/1537/3 1045/1076/3
f 1045/1078/20 1046/1538/20 1044/1079/20
f 1050/1081/38 1048/1539/38 1047/1082/38
f 1044/1084/4 1050/1540/4 1049/1085/4
f 1047/1087/1 1048/1541/1 1046/1088/1
f 1057/1279/3 1055/1557/3 1053/1280/3
f 1053/1282/38 1054/1558/38 1052/1283/38
f 1058/1285/20 1056/1559/20 1055/1286/20
f 1052/1288/1 1058/1560/1 1057/1289/1
f 1055/1291/4 1056/1561/4 1054/1292/4
f 1065/1279/3 1063/1557/3 1061/1280/3
f 1061/1282/38 1062/1558/38 1060/1283/38
f 1066/1285/20 1064/1559/20 1063/1286/20
f 1060/1288/1 1066/1560/1 1065/1289/1
f 1063/1291/4 1064/1561/4 1062/1292/4
f 1078/159/75 1080/1416/621 1084/160/76
f 1074/162/78 1073/1417/1032 1068/163/79
f 1085/165/81 1073/1418/1 1072/166/82
f 1076/168/1 1075/1419/1 1078/169/1
f 1079/171/4 1080/1420/4 1071/172/4
f 1080/176/3 1079/1421/3 1083/174/3
f 1083/174/1033 1087/1422/1033 1084/175/1033
f 1068/177/84 1067/1423/84 1075/178/84
f 1068/180/85 1069/1424/1034 1086/181/86
f 1074/183/2 1071/1425/2 1072/184/2
f 1085/186/88 1070/1426/1035 1086/187/89
f 1077/170/91 1078/169/91 1081/189/91
f 1083/191/1 1082/1427/1 1081/192/1
f 1068/194/79 1073/1428/1032 1085/195/92
f 1079/197/94 1074/1429/78 1076/198/80
f 1077/200/95 1082/1430/714 1083/201/96
f 1070/203/97 1072/1431/1036 1067/204/619
f 1075/206/100 1071/1432/102 1080/207/621
f 1067/209/619 1072/1433/1036 1071/210/102
f 1099/159/75 1101/1416/101 1105/160/76
f 1095/162/78 1094/1417/1032 1089/163/79
f 1106/165/81 1094/1418/1 1093/166/82
f 1097/168/1 1096/1419/1 1099/169/1
f 1100/171/4 1101/1420/4 1092/172/4
f 1101/176/3 1100/1421/3 1104/174/3
f 1104/174/1033 1108/1422/1033 1105/175/1033
f 1089/177/84 1088/1423/84 1096/178/84
f 1089/180/85 1090/1424/1034 1107/181/86
f 1095/183/2 1092/1425/2 1093/184/2
f 1106/186/88 1091/1426/1035 1107/187/89
f 1098/170/91 1099/169/91 1102/189/91
f 1104/191/1 1103/1427/1 1102/192/1
f 1089/194/79 1094/1428/1032 1106/195/622
f 1100/197/94 1095/1429/78 1097/198/80
f 1098/200/623 1103/1430/714 1104/201/96
f 1091/203/618 1093/1431/1036 1088/204/98
f 1096/206/100 1092/1432/102 1101/207/101
f 1088/209/98 1093/1433/1036 1092/210/102
f 1115/689/3 1113/1479/3 1111/690/3
f 1111/692/38 1112/1480/38 1110/693/38
f 1116/695/20 1114/1481/20 1113/696/20
f 1110/698/1 1116/1482/1 1115/699/1
f 1113/701/4 1114/1483/4 1112/702/4
f 1123/689/3 1121/1479/3 1119/690/3
f 1119/692/38 1120/1480/38 1118/693/38
f 1124/695/20 1122/1481/20 1121/696/20
f 1118/698/1 1124/1482/1 1123/699/1
f 1121/701/4 1122/1483/4 1120/702/4
f 1131/689/3 1129/1479/3 1127/690/3
f 1127/692/38 1128/1480/38 1126/693/38
f 1132/695/20 1130/1481/20 1129/696/20
f 1126/698/1 1132/1482/1 1131/699/1
f 1129/701/4 1130/1483/4 1128/702/4
f 1136/839/3 1138/1525/3 1140/840/3
f 1134/842/20 1133/1526/20 1135/843/20
f 1137/845/38 1139/1527/38 1140/846/38
f 1134/848/1 1140/1528/1 1139/849/1
f 1135/851/4 1137/1529/4 1138/852/4
f 1142/144/3 1144/1411/3 1143/145/3
f 1146/147/2 1148/1412/2 1147/148/2
f 1148/150/20 1146/1413/20 1144/151/20
f 1147/153/1 1148/1414/1 1142/154/1
f 1146/156/4 1145/1415/4 1143/157/4
f 1155/79/4 1156/1403/4 1150/80/4
f 1151/82/1 1152/1404/1 1154/83/1
f 1157/85/20 1158/98/20 1152/86/20
f 1159/88/38 1160/100/38 1153/89/38
f 1153/91/2 1160/101/2 1157/92/2
f 1158/94/3 1159/1405/3 1154/95/3
f 1157/85/20 1149/1406/20 1150/97/20
f 1160/100/38 1159/88/38 1156/1339/38
f 1160/101/2 1155/1407/2 1149/102/2
f 1167/79/4 1168/1403/4 1162/80/4
f 1163/82/1 1164/1404/1 1166/83/1
f 1169/85/20 1170/98/20 1164/86/20
f 1171/88/38 1172/100/38 1165/89/38
f 1165/91/2 1172/101/2 1169/92/2
f 1170/94/3 1171/1405/3 1166/95/3
f 1169/85/20 1161/1406/20 1162/97/20
f 1172/100/38 1171/88/38 1168/1339/38
f 1172/101/2 1167/1407/2 1161/102/2
f 1173/1340/56 1174/1577/56 1176/1341/56
f 1176/1343/624 1174/1578/1073 1184/1344/625
f 1175/1346/627 1177/1360/634 1180/1347/628
f 1178/1349/630 1177/1579/630 1179/1350/630
f 1181/1352/631 1179/1345/626 1184/1344/625
f 1173/1354/20 1180/1580/20 1184/1355/20
f 1184/1355/20 1180/1580/20 1182/1357/20
f 1182/1357/20 1183/1581/20 1185/1358/20
f 1178/1359/633 1182/1582/1074 1180/1347/628
f 1182/1363/636 1178/1583/570 1181/1361/570
f 1181/1361/570 1185/1584/1075 1183/1362/635
f 1175/1364/637 1176/1585/637 1179/1365/637
f 1186/260/111 1187/263/638 1203/261/638
f 1187/263/638 1188/265/114 1204/264/113
f 1188/265/114 1189/268/115 1205/266/115
f 1190/267/116 1206/1452/116 1205/266/115
f 1190/269/116 1191/272/119 1207/270/117
f 1191/272/119 1192/275/120 1208/273/120
f 1193/274/639 1209/277/639 1208/273/120
f 1194/276/123 1210/279/640 1209/277/639
f 1195/278/124 1211/281/641 1210/279/640
f 1196/280/126 1212/283/129 1211/281/641
f 1197/282/128 1213/285/128 1212/283/129
f 1197/282/128 1198/287/132 1214/284/130
f 1199/286/131 1215/289/134 1214/284/130
f 1200/288/133 1216/291/642 1215/289/134
f 1200/288/133 1201/292/643 1217/290/135
f 1201/292/643 1186/260/111 1202/262/111
f 1203/293/136 1219/297/140 1218/294/137
f 1204/296/139 1220/299/644 1219/297/140
f 1205/298/141 1221/301/144 1220/299/644
f 1206/300/143 1222/1453/146 1221/301/144
f 1207/302/145 1223/306/148 1222/303/146
f 1208/305/147 1224/308/150 1223/306/148
f 1208/305/147 1209/309/151 1225/307/149
f 1209/309/151 1210/311/153 1226/310/152
f 1210/311/153 1211/313/155 1227/312/154
f 1211/313/155 1212/315/157 1228/314/156
f 1212/315/157 1213/317/159 1229/316/158
f 1213/317/159 1214/319/161 1230/318/160
f 1214/319/161 1215/321/163 1231/320/162
f 1215/321/163 1216/324/166 1232/322/164
f 1217/323/165 1233/325/645 1232/322/164
f 1202/295/138 1218/294/137 1233/325/645
f 1219/326/140 1235/330/646 1234/327/168
f 1220/329/644 1236/332/170 1235/330/646
f 1221/331/144 1237/334/647 1236/332/170
f 1222/333/146 1238/1454/172 1237/334/647
f 1223/335/148 1239/339/648 1238/336/172
f 1224/338/150 1240/341/175 1239/339/648
f 1224/338/150 1225/342/149 1241/340/649
f 1225/342/149 1226/344/152 1242/343/650
f 1226/344/152 1227/346/154 1243/345/651
f 1227/346/154 1228/348/156 1244/347/652
f 1228/348/156 1229/350/158 1245/349/179
f 1229/350/158 1230/352/160 1246/351/653
f 1230/352/160 1231/354/162 1247/353/181
f 1231/354/162 1232/357/164 1248/355/182
f 1233/356/645 1249/358/654 1248/355/182
f 1218/328/137 1234/327/168 1249/358/654
f 1411/359/655 1251/363/657 1250/360/185
f 1412/362/656 1252/365/190 1251/363/657
f 1413/364/658 1253/367/192 1252/365/190
f 1414/366/659 1254/1455/661 1253/367/192
f 1415/368/660 1255/372/196 1254/369/661
f 1416/371/195 1256/374/195 1255/372/196
f 1416/371/195 1417/375/233 1257/373/110
f 1417/375/233 1418/377/199 1258/376/662
f 1418/377/199 1419/379/663 1259/378/200
f 1419/379/663 1420/381/224 1260/380/664
f 1420/381/224 1421/383/665 1261/382/204
f 1421/383/665 1422/385/221 1262/384/666
f 1422/385/221 1423/387/209 1263/386/208
f 1423/387/209 1424/390/210 1264/388/210
f 1425/389/667 1265/391/668 1264/388/210
f 1410/361/186 1250/360/185 1265/391/668
f 1235/392/646 1267/396/214 1266/393/213
f 1236/395/170 1268/398/222 1267/396/214
f 1237/397/647 1269/400/104 1268/398/222
f 1238/399/172 1270/427/228 1269/400/104
f 1239/401/648 1271/405/193 1270/402/228
f 1240/404/175 1272/430/195 1271/405/193
f 1273/406/217 1272/430/195 1240/404/175
f 1274/408/199 1273/406/217 1241/407/649
f 1275/410/218 1274/408/199 1242/409/650
f 1276/412/669 1275/410/218 1243/411/651
f 1277/414/220 1276/412/669 1244/413/652
f 1278/416/226 1277/414/220 1245/415/179
f 1279/418/231 1278/416/226 1246/417/653
f 1280/420/210 1279/418/231 1247/419/181
f 1249/422/654 1281/423/107 1280/420/210
f 1234/394/168 1266/393/213 1281/423/107
f 1267/396/214 1283/425/214 1282/424/213
f 1268/398/222 1284/426/229 1283/425/214
f 1269/400/104 1285/428/670 1284/426/229
f 1270/427/228 1286/445/191 1285/428/670
f 1271/405/193 1287/431/193 1286/429/191
f 1272/430/195 1288/433/195 1287/431/193
f 1272/430/195 1273/406/217 1289/432/217
f 1273/406/217 1274/408/199 1290/434/199
f 1274/408/199 1275/410/218 1291/435/218
f 1275/410/218 1276/412/669 1292/436/224
f 1276/412/669 1277/414/220 1293/437/220
f 1277/414/220 1278/416/226 1294/438/221
f 1278/416/226 1279/418/231 1295/439/231
f 1279/418/231 1280/420/210 1296/440/238
f 1281/423/107 1297/441/211 1296/440/238
f 1266/393/213 1282/424/213 1297/441/211
f 1283/425/214 1299/443/214 1298/442/213
f 1284/426/229 1300/444/222 1299/443/214
f 1285/428/670 1301/446/104 1300/444/222
f 1286/445/191 1302/462/228 1301/446/104
f 1287/431/193 1303/448/193 1302/447/228
f 1288/433/195 1304/450/195 1303/448/193
f 1288/433/195 1289/432/217 1305/449/217
f 1289/432/217 1290/434/199 1306/451/199
f 1290/434/199 1291/435/218 1307/452/218
f 1291/435/218 1292/436/224 1308/453/224
f 1292/436/224 1293/437/220 1309/454/220
f 1293/437/220 1294/438/221 1310/455/226
f 1294/438/221 1295/439/231 1311/456/231
f 1295/439/231 1296/440/238 1312/457/238
f 1297/441/211 1313/458/211 1312/457/238
f 1282/424/213 1298/442/213 1313/458/211
f 1299/443/214 1315/460/214 1314/459/213
f 1300/444/222 1316/461/229 1315/460/214
f 1301/446/104 1317/463/671 1316/461/229
f 1302/462/228 1318/479/228 1317/463/671
f 1303/448/193 1319/465/193 1318/464/228
f 1304/450/195 1320/467/195 1319/465/193
f 1304/450/195 1305/449/217 1321/466/217
f 1305/449/217 1306/451/199 1322/468/199
f 1306/451/199 1307/452/218 1323/469/218
f 1307/452/218 1308/453/224 1324/470/224
f 1308/453/224 1309/454/220 1325/471/239
f 1309/454/220 1310/455/226 1326/472/207
f 1310/455/226 1311/456/231 1327/473/231
f 1311/456/231 1312/457/238 1328/474/210
f 1313/458/211 1329/475/211 1328/474/210
f 1298/442/213 1314/459/213 1329/475/211
f 1315/460/214 1331/477/214 1330/476/213
f 1316/461/229 1332/478/222 1331/477/214
f 1317/463/671 1333/480/104 1332/478/222
f 1318/479/228 1334/496/216 1333/480/104
f 1319/465/193 1335/482/193 1334/481/216
f 1320/467/195 1336/484/195 1335/482/193
f 1320/467/195 1321/466/217 1337/483/233
f 1321/466/217 1322/468/199 1338/485/199
f 1322/468/199 1323/469/218 1339/486/218
f 1323/469/218 1324/470/224 1340/487/672
f 1324/470/224 1325/471/239 1341/488/220
f 1325/471/239 1326/472/207 1342/489/226
f 1326/472/207 1327/473/231 1343/490/420
f 1327/473/231 1328/474/210 1344/491/238
f 1329/475/211 1345/492/211 1344/491/238
f 1314/459/213 1330/476/213 1345/492/211
f 1331/477/214 1347/494/214 1346/493/213
f 1332/478/222 1348/495/222 1347/494/214
f 1333/480/104 1349/497/673 1348/495/222
f 1334/496/216 1350/513/228 1349/497/673
f 1335/482/193 1351/499/193 1350/498/228
f 1336/484/195 1352/501/195 1351/499/193
f 1336/484/195 1337/483/233 1353/500/233
f 1337/483/233 1338/485/199 1354/502/199
f 1338/485/199 1339/486/218 1355/503/218
f 1339/486/218 1340/487/672 1356/504/224
f 1340/487/672 1341/488/220 1357/505/220
f 1341/488/220 1342/489/226 1358/506/226
f 1342/489/226 1343/490/420 1359/507/231
f 1343/490/420 1344/491/238 1360/508/210
f 1345/492/211 1361/509/211 1360/508/210
f 1330/476/213 1346/493/213 1361/509/211
f 1347/494/214 1363/511/236 1362/510/213
f 1348/495/222 1364/512/222 1363/511/236
f 1349/497/673 1365/514/104 1364/512/222
f 1350/513/228 1366/530/228 1365/514/104
f 1351/499/193 1367/516/193 1366/515/228
f 1352/501/195 1368/518/195 1367/516/193
f 1352/501/195 1353/500/233 1369/517/233
f 1353/500/233 1354/502/199 1370/519/199
f 1354/502/199 1355/503/218 1371/520/218
f 1355/503/218 1356/504/224 1372/521/224
f 1356/504/224 1357/505/220 1373/522/239
f 1357/505/220 1358/506/226 1374/523/221
f 1358/506/226 1359/507/231 1375/524/231
f 1359/507/231 1360/508/210 1376/525/210
f 1361/509/211 1377/526/211 1376/525/210
f 1346/493/213 1362/510/213 1377/526/211
f 1363/511/236 1379/528/232 1378/527/213
f 1364/512/222 1380/529/229 1379/528/232
f 1365/514/104 1381/531/670 1380/529/229
f 1366/530/228 1382/547/191 1381/531/670
f 1367/516/193 1383/533/193 1382/532/191
f 1368/518/195 1384/535/195 1383/533/193
f 1368/518/195 1369/517/233 1385/534/233
f 1369/517/233 1370/519/199 1386/536/199
f 1370/519/199 1371/520/218 1387/537/230
f 1371/520/218 1372/521/224 1388/538/672
f 1372/521/224 1373/522/239 1389/539/220
f 1373/522/239 1374/523/221 1390/540/207
f 1374/523/221 1375/524/231 1391/541/420
f 1375/524/231 1376/525/210 1392/542/210
f 1377/526/211 1393/543/211 1392/542/210
f 1362/510/213 1378/527/213 1393/543/211
f 1379/528/232 1395/545/214 1394/544/213
f 1380/529/229 1396/546/419 1395/545/214
f 1381/531/670 1397/548/670 1396/546/419
f 1382/547/191 1398/561/191 1397/548/670
f 1383/533/193 1399/550/674 1398/549/191
f 1384/535/195 1400/552/195 1399/550/674
f 1384/535/195 1385/534/233 1401/551/233
f 1385/534/233 1386/536/199 1402/553/675
f 1386/536/199 1387/537/230 1403/554/218
f 1387/537/230 1388/538/672 1404/555/224
f 1388/538/672 1389/539/220 1405/556/220
f 1389/539/220 1390/540/207 1406/557/221
f 1390/540/207 1391/541/420 1407/558/209
f 1391/541/420 1392/542/210 1408/559/210
f 1393/543/211 1409/560/211 1408/559/210
f 1378/527/213 1394/544/213 1409/560/211
f 1395/545/214 1411/359/655 1410/361/186
f 1396/546/419 1412/362/656 1411/359/655
f 1397/548/670 1413/364/658 1412/362/656
f 1398/561/191 1414/366/659 1413/364/658
f 1399/550/674 1415/368/660 1414/370/659
f 1400/552/195 1416/371/195 1415/368/660
f 1400/552/195 1401/551/233 1417/375/233
f 1401/551/233 1402/553/675 1418/377/199
f 1402/553/675 1403/554/218 1419/379/663
f 1403/554/218 1404/555/224 1420/381/224
f 1404/555/224 1405/556/220 1421/383/665
f 1405/556/220 1406/557/221 1422/385/221
f 1406/557/221 1407/558/209 1423/387/209
f 1407/558/209 1408/559/210 1424/390/210
f 1409/560/211 1425/389/667 1424/390/210
f 1394/544/213 1410/361/186 1425/389/667
f 1433/1294/2 1431/1562/2 1429/1295/2
f 1432/1297/4 1433/1563/4 1427/1298/4
f 1431/1300/1 1430/1564/1 1428/1301/1
f 1427/1303/38 1429/1565/38 1428/1304/38
f 1433/1306/20 1432/1566/20 1430/1307/20
f 1467/854/676 1451/858/402 1450/855/399
f 1468/857/678 1452/860/404 1451/858/402
f 1469/859/679 1453/862/406 1452/860/404
f 1470/861/680 1454/1530/407 1453/862/406
f 1471/863/193 1455/867/408 1454/864/407
f 1472/866/195 1456/869/237 1455/867/408
f 1472/866/195 1473/870/217 1457/868/110
f 1473/870/217 1474/872/410 1458/871/409
f 1474/872/410 1475/874/412 1459/873/411
f 1475/874/412 1476/876/681 1460/875/413
f 1476/876/681 1477/878/434 1461/877/415
f 1477/878/434 1478/880/435 1462/879/206
f 1478/880/435 1479/882/682 1463/881/208
f 1479/882/682 1480/885/238 1464/883/210
f 1481/884/667 1465/886/418 1464/883/210
f 1466/856/677 1450/855/399 1465/886/418
f 1483/887/214 1467/854/676 1466/856/677
f 1484/889/419 1468/857/678 1467/854/676
f 1485/890/104 1469/859/679 1468/857/678
f 1486/891/191 1470/861/680 1469/859/679
f 1487/892/193 1471/863/193 1470/865/680
f 1488/894/195 1472/866/195 1471/863/193
f 1488/894/195 1489/895/217 1473/870/217
f 1489/895/217 1490/896/199 1474/872/410
f 1490/896/199 1491/897/218 1475/874/412
f 1491/897/218 1492/898/224 1476/876/681
f 1492/898/224 1493/899/220 1477/878/434
f 1493/899/220 1494/900/207 1478/880/435
f 1494/900/207 1495/901/209 1479/882/682
f 1495/901/209 1496/903/238 1480/885/238
f 1497/902/211 1481/884/667 1480/885/238
f 1482/888/213 1466/856/677 1481/884/667
f 1499/904/214 1483/887/214 1482/888/213
f 1500/906/222 1484/889/419 1483/887/214
f 1501/907/104 1485/890/104 1484/889/419
f 1502/908/191 1486/891/191 1485/890/104
f 1503/909/193 1487/892/193 1486/893/191
f 1504/911/195 1488/894/195 1487/892/193
f 1504/911/195 1505/912/217 1489/895/217
f 1505/912/217 1506/913/199 1490/896/199
f 1506/913/199 1507/914/218 1491/897/218
f 1507/914/218 1508/915/224 1492/898/224
f 1508/915/224 1509/916/220 1493/899/220
f 1509/916/220 1510/917/226 1494/900/207
f 1510/917/226 1511/918/209 1495/901/209
f 1511/918/209 1512/920/238 1496/903/238
f 1513/919/211 1497/902/211 1496/903/238
f 1498/905/213 1482/888/213 1497/902/211
f 1515/921/214 1499/904/214 1498/905/213
f 1516/923/222 1500/906/222 1499/904/214
f 1517/924/104 1501/907/104 1500/906/222
f 1518/925/191 1502/908/191 1501/907/104
f 1519/926/193 1503/909/193 1502/910/191
f 1520/928/195 1504/911/195 1503/909/193
f 1520/928/195 1521/929/217 1505/912/217
f 1521/929/217 1522/930/199 1506/913/199
f 1522/930/199 1523/931/218 1507/914/218
f 1523/931/218 1524/932/683 1508/915/224
f 1524/932/683 1525/933/220 1509/916/220
f 1525/933/220 1526/934/221 1510/917/226
f 1526/934/221 1527/935/209 1511/918/209
f 1527/935/209 1528/937/238 1512/920/238
f 1529/936/211 1513/919/211 1512/920/238
f 1514/922/213 1498/905/213 1513/919/211
f 1531/938/214 1515/921/214 1514/922/213
f 1532/940/222 1516/923/222 1515/921/214
f 1533/941/104 1517/924/104 1516/923/222
f 1534/942/191 1518/925/191 1517/924/104
f 1535/943/193 1519/926/193 1518/927/191
f 1536/945/195 1520/928/195 1519/926/193
f 1536/945/195 1537/946/217 1521/929/217
f 1537/946/217 1538/947/199 1522/930/199
f 1538/947/199 1539/948/218 1523/931/218
f 1539/948/218 1540/949/224 1524/932/683
f 1540/949/224 1541/950/220 1525/933/220
f 1541/950/220 1542/951/226 1526/934/221
f 1542/951/226 1543/952/209 1527/935/209
f 1543/952/209 1544/954/238 1528/937/238
f 1545/953/211 1529/936/211 1528/937/238
f 1530/939/213 1514/922/213 1529/936/211
f 1547/955/214 1531/938/214 1530/939/213
f 1548/957/222 1532/940/222 1531/938/214
f 1549/958/104 1533/941/104 1532/940/222
f 1550/959/191 1534/942/191 1533/941/104
f 1551/960/193 1535/943/193 1534/944/191
f 1552/962/195 1536/945/195 1535/943/193
f 1552/962/195 1553/963/217 1537/946/217
f 1553/963/217 1554/964/199 1538/947/199
f 1554/964/199 1555/965/218 1539/948/218
f 1555/965/218 1556/966/684 1540/949/224
f 1556/966/684 1557/967/220 1541/950/220
f 1557/967/220 1558/968/221 1542/951/226
f 1558/968/221 1559/969/420 1543/952/209
f 1559/969/420 1560/971/238 1544/954/238
f 1561/970/211 1545/953/211 1544/954/238
f 1546/956/213 1530/939/213 1545/953/211
f 1563/972/214 1547/955/214 1546/956/213
f 1564/974/419 1548/957/222 1547/955/214
f 1565/975/104 1549/958/104 1548/957/222
f 1566/976/191 1550/959/191 1549/958/104
f 1567/977/193 1551/960/193 1550/961/191
f 1568/979/195 1552/962/195 1551/960/193
f 1568/979/195 1569/980/233 1553/963/217
f 1569/980/233 1570/981/199 1554/964/199
f 1570/981/199 1571/982/218 1555/965/218
f 1571/982/218 1572/983/224 1556/966/684
f 1572/983/224 1573/984/220 1557/967/220
f 1573/984/220 1574/985/226 1558/968/221
f 1574/985/226 1575/986/209 1559/969/420
f 1575/986/209 1576/988/238 1560/971/238
f 1577/987/211 1561/970/211 1560/971/238
f 1562/973/213 1546/956/213 1561/970/211
f 1579/989/214 1563/972/214 1562/973/213
f 1580/991/222 1564/974/419 1563/972/214
f 1581/992/104 1565/975/104 1564/974/419
f 1582/993/191 1566/976/191 1565/975/104
f 1583/994/193 1567/977/193 1566/978/191
f 1584/996/237 1568/979/195 1567/977/193
f 1584/996/237 1585/997/217 1569/980/233
f 1585/997/217 1586/998/199 1570/981/199
f 1586/998/199 1587/999/218 1571/982/218
f 1587/999/218 1588/1000/224 1572/983/224
f 1588/1000/224 1589/1001/220 1573/984/220
f 1589/1001/220 1590/1002/207 1574/985/226
f 1590/1002/207 1591/1003/209 1575/986/209
f 1591/1003/209 1592/1005/238 1576/988/238
f 1593/1004/211 1577/987/211 1576/988/238
f 1578/990/213 1562/973/213 1577/987/211
f 1595/1006/214 1579/989/214 1578/990/213
f 1596/1008/222 1580/991/222 1579/989/214
f 1597/1009/104 1581/992/104 1580/991/222
f 1598/1010/191 1582/993/191 1581/992/104
f 1599/1011/193 1583/994/193 1582/995/191
f 1600/1013/195 1584/996/237 1583/994/193
f 1600/1013/195 1601/1014/217 1585/997/217
f 1601/1014/217 1602/1015/199 1586/998/199
f 1602/1015/199 1603/1016/230 1587/999/218
f 1603/1016/230 1604/1017/224 1588/1000/224
f 1604/1017/224 1605/1018/685 1589/1001/220
f 1605/1018/685 1606/1019/221 1590/1002/207
f 1606/1019/221 1607/1020/209 1591/1003/209
f 1607/1020/209 1608/1022/238 1592/1005/238
f 1609/1021/211 1593/1004/211 1592/1005/238
f 1594/1007/213 1578/990/213 1593/1004/211
f 1611/1023/214 1595/1006/214 1594/1007/213
f 1612/1025/222 1596/1008/222 1595/1006/214
f 1613/1026/227 1597/1009/104 1596/1008/222
f 1614/1027/191 1598/1010/191 1597/1009/104
f 1615/1028/193 1599/1011/193 1598/1012/191
f 1616/1030/237 1600/1013/195 1599/1011/193
f 1616/1030/237 1617/1031/217 1601/1014/217
f 1617/1031/217 1618/1032/199 1602/1015/199
f 1618/1032/199 1619/1033/218 1603/1016/230
f 1619/1033/218 1620/1034/224 1604/1017/224
f 1620/1034/224 1621/1035/220 1605/1018/685
f 1621/1035/220 1622/1036/207 1606/1019/221
f 1622/1036/207 1623/1037/209 1607/1020/209
f 1623/1037/209 1624/1039/238 1608/1022/238
f 1625/1038/211 1609/1021/211 1608/1022/238
f 1610/1024/213 1594/1007/213 1609/1021/211
f 1435/1040/424 1611/1023/214 1610/1024/213
f 1436/1042/426 1612/1025/222 1611/1023/214
f 1437/1043/427 1613/1026/227 1612/1025/222
f 1438/1044/428 1614/1027/191 1613/1026/227
f 1439/1045/429 1615/1028/193 1614/1029/191
f 1440/1047/237 1616/1030/237 1615/1028/193
f 1617/1031/217 1616/1030/237 1440/1047/237
f 1618/1032/199 1617/1031/217 1441/1048/430
f 1619/1033/218 1618/1032/199 1442/1049/431
f 1620/1034/224 1619/1033/218 1443/1050/686
f 1621/1035/220 1620/1034/224 1444/1051/433
f 1622/1036/207 1621/1035/220 1445/1052/434
f 1623/1037/209 1622/1036/207 1446/1053/435
f 1624/1039/238 1623/1037/209 1447/1054/436
f 1449/1056/437 1625/1038/211 1624/1039/238
f 1434/1041/425 1610/1024/213 1625/1038/211
f 1633/229/105 1626/1439/1076 1631/227/103
f 1631/227/103 1627/1440/104 1630/228/104
f 1632/230/106 1634/1441/106 1629/231/106
f 1634/233/4 1633/1442/4 1630/234/4
f 1633/238/688 1634/1443/107 1632/236/107
f 1632/236/107 1631/1444/1038 1626/237/687
f 1627/239/1 1631/1445/1 1632/240/1
f 1630/242/110 1627/1446/110 1628/243/110
f 1642/50/4 1643/1393/4 1635/51/4
f 1637/53/30 1639/1394/30 1636/54/30
f 1644/56/31 1646/1395/31 1643/57/31
f 1637/59/32 1638/1396/32 1641/60/32
f 1644/62/33 1645/1397/33 1647/63/33
f 1645/67/1029 1640/1398/1029 1641/65/1029
f 1641/65/1 1638/1399/1 1647/66/1
f 1635/68/34 1643/1400/20 1646/69/34
f 1639/71/36 1644/1401/1030 1642/72/37
f 1646/74/34 1647/1402/35 1638/75/35
f 1645/77/39 1644/1401/1030 1639/71/36
f 1681/854/676 1665/858/690 1664/855/399
f 1682/857/689 1666/860/404 1665/858/690
f 1683/859/691 1667/862/692 1666/860/404
f 1684/861/228 1668/1530/407 1667/862/692
f 1685/863/193 1669/867/196 1668/864/407
f 1686/866/195 1670/869/237 1669/867/196
f 1686/866/195 1687/870/233 1671/868/110
f 1687/870/233 1688/872/410 1672/871/409
f 1688/872/410 1689/874/412 1673/873/411
f 1689/874/412 1690/876/681 1674/875/413
f 1690/876/681 1691/878/434 1675/877/693
f 1691/878/434 1692/880/694 1676/879/206
f 1692/880/694 1693/882/231 1677/881/208
f 1693/882/231 1694/885/238 1678/883/238
f 1695/884/211 1679/886/418 1678/883/238
f 1680/856/677 1664/855/399 1679/886/418
f 1697/887/214 1681/854/676 1680/856/677
f 1698/889/419 1682/857/689 1681/854/676
f 1699/890/104 1683/859/691 1682/857/689
f 1700/891/422 1684/861/228 1683/859/691
f 1701/892/193 1685/863/193 1684/865/228
f 1702/894/195 1686/866/195 1685/863/193
f 1702/894/195 1703/895/233 1687/870/233
f 1703/895/233 1704/896/199 1688/872/410
f 1704/896/199 1705/897/218 1689/874/412
f 1705/897/218 1706/898/224 1690/876/681
f 1706/898/224 1707/899/685 1691/878/434
f 1707/899/685 1708/900/207 1692/880/694
f 1708/900/207 1709/901/420 1693/882/231
f 1709/901/420 1710/903/238 1694/885/238
f 1711/902/211 1695/884/211 1694/885/238
f 1696/888/213 1680/856/677 1695/884/211
f 1713/904/214 1697/887/214 1696/888/213
f 1714/906/419 1698/889/419 1697/887/214
f 1715/907/104 1699/890/104 1698/889/419
f 1716/908/421 1700/891/422 1699/890/104
f 1717/909/193 1701/892/193 1700/893/422
f 1718/911/195 1702/894/195 1701/892/193
f 1718/911/195 1719/912/233 1703/895/233
f 1719/912/233 1720/913/199 1704/896/199
f 1720/913/199 1721/914/218 1705/897/218
f 1721/914/218 1722/915/224 1706/898/224
f 1722/915/224 1723/916/225 1707/899/685
f 1723/916/225 1724/917/207 1708/900/207
f 1724/917/207 1725/918/231 1709/901/420
f 1725/918/231 1726/920/238 1710/903/238
f 1727/919/211 1711/902/211 1710/903/238
f 1712/905/213 1696/888/213 1711/902/211
f 1729/921/214 1713/904/214 1712/905/213
f 1730/923/419 1714/906/419 1713/904/214
f 1731/924/104 1715/907/104 1714/906/419
f 1732/925/422 1716/908/421 1715/907/104
f 1733/926/193 1717/909/193 1716/910/421
f 1734/928/195 1718/911/195 1717/909/193
f 1734/928/195 1735/929/233 1719/912/233
f 1735/929/233 1736/930/199 1720/913/199
f 1736/930/199 1737/931/218 1721/914/218
f 1737/931/218 1738/932/224 1722/915/224
f 1738/932/224 1739/933/220 1723/916/225
f 1739/933/220 1740/934/207 1724/917/207
f 1740/934/207 1741/935/231 1725/918/231
f 1741/935/231 1742/937/238 1726/920/238
f 1743/936/211 1727/919/211 1726/920/238
f 1728/922/213 1712/905/213 1727/919/211
f 1745/938/214 1729/921/214 1728/922/213
f 1746/940/222 1730/923/419 1729/921/214
f 1747/941/695 1731/924/104 1730/923/419
f 1748/942/191 1732/925/422 1731/924/104
f 1749/943/193 1733/926/193 1732/927/422
f 1750/945/195 1734/928/195 1733/926/193
f 1750/945/195 1751/946/233 1735/929/233
f 1751/946/233 1752/947/199 1736/930/199
f 1752/947/199 1753/948/218 1737/931/218
f 1753/948/218 1754/949/224 1738/932/224
f 1754/949/224 1755/950/220 1739/933/220
f 1755/950/220 1756/951/207 1740/934/207
f 1756/951/207 1757/952/231 1741/935/231
f 1757/952/231 1758/954/238 1742/937/238
f 1759/953/211 1743/936/211 1742/937/238
f 1744/939/213 1728/922/213 1743/936/211
f 1761/955/214 1745/938/214 1744/939/213
f 1762/957/696 1746/940/222 1745/938/214
f 1763/958/104 1747/941/695 1746/940/222
f 1764/959/191 1748/942/191 1747/941/695
f 1765/960/193 1749/943/193 1748/944/191
f 1766/962/195 1750/945/195 1749/943/193
f 1766/962/195 1767/963/233 1751/946/233
f 1767/963/233 1768/964/199 1752/947/199
f 1768/964/199 1769/965/218 1753/948/218
f 1769/965/218 1770/966/224 1754/949/224
f 1770/966/224 1771/967/220 1755/950/220
f 1771/967/220 1772/968/221 1756/951/207
f 1772/968/221 1773/969/231 1757/952/231
f 1773/969/231 1774/971/238 1758/954/238
f 1775/970/211 1759/953/211 1758/954/238
f 1760/956/213 1744/939/213 1759/953/211
f 1777/972/214 1761/955/214 1760/956/213
f 1778/974/229 1762/957/696 1761/955/214
f 1779/975/104 1763/958/104 1762/957/696
f 1780/976/422 1764/959/191 1763/958/104
f 1781/977/193 1765/960/193 1764/961/191
f 1782/979/195 1766/962/195 1765/960/193
f 1782/979/195 1783/980/233 1767/963/233
f 1783/980/233 1784/981/199 1768/964/199
f 1784/981/199 1785/982/697 1769/965/218
f 1785/982/697 1786/983/224 1770/966/224
f 1786/983/224 1787/984/220 1771/967/220
f 1787/984/220 1788/985/207 1772/968/221
f 1788/985/207 1789/986/420 1773/969/231
f 1789/986/420 1790/988/238 1774/971/238
f 1791/987/211 1775/970/211 1774/971/238
f 1776/973/213 1760/956/213 1775/970/211
f 1793/989/214 1777/972/214 1776/973/213
f 1794/991/222 1778/974/229 1777/972/214
f 1795/992/104 1779/975/104 1778/974/229
f 1796/993/422 1780/976/422 1779/975/104
f 1797/994/193 1781/977/193 1780/978/422
f 1798/996/195 1782/979/195 1781/977/193
f 1798/996/195 1799/997/233 1783/980/233
f 1799/997/233 1800/998/199 1784/981/199
f 1800/998/199 1801/999/218 1785/982/697
f 1801/999/218 1802/1000/684 1786/983/224
f 1802/1000/684 1803/1001/685 1787/984/220
f 1803/1001/685 1804/1002/207 1788/985/207
f 1804/1002/207 1805/1003/231 1789/986/420
f 1805/1003/231 1806/1005/238 1790/988/238
f 1807/1004/211 1791/987/211 1790/988/238
f 1792/990/213 1776/973/213 1791/987/211
f 1809/1006/214 1793/989/214 1792/990/213
f 1810/1008/419 1794/991/222 1793/989/214
f 1811/1009/695 1795/992/104 1794/991/222
f 1812/1010/191 1796/993/422 1795/992/104
f 1813/1011/193 1797/994/193 1796/995/422
f 1814/1013/195 1798/996/195 1797/994/193
f 1814/1013/195 1815/1014/233 1799/997/233
f 1815/1014/233 1816/1015/199 1800/998/199
f 1816/1015/199 1817/1016/218 1801/999/218
f 1817/1016/218 1818/1017/224 1802/1000/684
f 1818/1017/224 1819/1018/225 1803/1001/685
f 1819/1018/225 1820/1019/207 1804/1002/207
f 1820/1019/207 1821/1020/209 1805/1003/231
f 1821/1020/209 1822/1022/238 1806/1005/238
f 1823/1021/211 1807/1004/211 1806/1005/238
f 1808/1007/213 1792/990/213 1807/1004/211
f 1825/1023/214 1809/1006/214 1808/1007/213
f 1826/1025/222 1810/1008/419 1809/1006/214
f 1827/1026/104 1811/1009/695 1810/1008/419
f 1828/1027/228 1812/1010/191 1811/1009/695
f 1829/1028/193 1813/1011/193 1812/1012/191
f 1830/1030/195 1814/1013/195 1813/1011/193
f 1830/1030/195 1831/1031/217 1815/1014/233
f 1831/1031/217 1832/1032/199 1816/1015/199
f 1832/1032/199 1833/1033/218 1817/1016/218
f 1833/1033/218 1834/1034/224 1818/1017/224
f 1834/1034/224 1835/1035/220 1819/1018/225
f 1835/1035/220 1836/1036/207 1820/1019/207
f 1836/1036/207 1837/1037/231 1821/1020/209
f 1837/1037/231 1838/1039/238 1822/1022/238
f 1839/1038/211 1823/1021/211 1822/1022/238
f 1824/1024/213 1808/1007/213 1823/1021/211
f 1649/1040/424 1825/1023/214 1824/1024/213
f 1650/1042/426 1826/1025/222 1825/1023/214
f 1651/1043/691 1827/1026/104 1826/1025/222
f 1652/1044/428 1828/1027/228 1827/1026/104
f 1653/1045/429 1829/1028/193 1828/1029/228
f 1654/1047/195 1830/1030/195 1829/1028/193
f 1831/1031/217 1830/1030/195 1654/1047/195
f 1832/1032/199 1831/1031/217 1655/1048/430
f 1833/1033/218 1832/1032/199 1656/1049/431
f 1834/1034/224 1833/1033/218 1657/1050/432
f 1835/1035/220 1834/1034/224 1658/1051/698
f 1836/1036/207 1835/1035/220 1659/1052/699
f 1837/1037/231 1836/1036/207 1660/1053/700
f 1838/1039/238 1837/1037/231 1661/1054/436
f 1663/1056/437 1839/1038/211 1838/1039/238
f 1648/1041/425 1824/1024/213 1839/1038/211
f 1842/644/2 1843/1462/2 1840/645/2
f 1844/647/3 1847/1463/3 1846/648/3
f 1845/650/20 1841/1464/20 1840/651/20
f 1847/653/38 1843/1465/38 1842/654/38
f 1881/854/701 1865/858/690 1864/855/399
f 1882/857/678 1866/860/702 1865/858/690
f 1883/859/691 1867/862/692 1866/860/702
f 1884/861/680 1868/1530/407 1867/862/692
f 1885/863/703 1869/867/408 1868/864/407
f 1886/866/195 1870/869/195 1869/867/408
f 1886/866/195 1887/870/66 1871/868/110
f 1887/870/66 1888/872/704 1872/871/409
f 1888/872/704 1889/874/412 1873/873/411
f 1889/874/412 1890/876/705 1874/875/413
f 1890/876/705 1891/878/434 1875/877/415
f 1891/878/434 1892/880/706 1876/879/206
f 1892/880/706 1893/882/231 1877/881/208
f 1893/882/231 1894/885/238 1878/883/210
f 1895/884/707 1879/886/418 1878/883/210
f 1880/856/400 1864/855/399 1879/886/418
f 1897/887/214 1881/854/701 1880/856/400
f 1898/889/419 1882/857/678 1881/854/701
f 1899/890/104 1883/859/691 1882/857/678
f 1900/891/191 1884/861/680 1883/859/691
f 1901/892/193 1885/863/703 1884/865/680
f 1902/894/195 1886/866/195 1885/863/703
f 1902/894/195 1903/895/233 1887/870/66
f 1903/895/233 1904/896/199 1888/872/704
f 1904/896/199 1905/897/218 1889/874/412
f 1905/897/218 1906/898/224 1890/876/705
f 1906/898/224 1907/899/220 1891/878/434
f 1907/899/220 1908/900/207 1892/880/706
f 1908/900/207 1909/901/209 1893/882/231
f 1909/901/209 1910/903/238 1894/885/238
f 1911/902/211 1895/884/707 1894/885/238
f 1896/888/213 1880/856/400 1895/884/707
f 1913/904/214 1897/887/214 1896/888/213
f 1914/906/222 1898/889/419 1897/887/214
f 1915/907/104 1899/890/104 1898/889/419
f 1916/908/708 1900/891/191 1899/890/104
f 1917/909/193 1901/892/193 1900/893/191
f 1918/911/195 1902/894/195 1901/892/193
f 1918/911/195 1919/912/233 1903/895/233
f 1919/912/233 1920/913/199 1904/896/199
f 1920/913/199 1921/914/218 1905/897/218
f 1921/914/218 1922/915/224 1906/898/224
f 1922/915/224 1923/916/220 1907/899/220
f 1923/916/220 1924/917/207 1908/900/207
f 1924/917/207 1925/918/231 1909/901/209
f 1925/918/231 1926/920/238 1910/903/238
f 1927/919/211 1911/902/211 1910/903/238
f 1912/905/213 1896/888/213 1911/902/211
f 1929/921/214 1913/904/214 1912/905/213
f 1930/923/222 1914/906/222 1913/904/214
f 1931/924/104 1915/907/104 1914/906/222
f 1932/925/422 1916/908/708 1915/907/104
f 1933/926/193 1917/909/193 1916/910/708
f 1934/928/195 1918/911/195 1917/909/193
f 1934/928/195 1935/929/233 1919/912/233
f 1935/929/233 1936/930/199 1920/913/199
f 1936/930/199 1937/931/218 1921/914/218
f 1937/931/218 1938/932/709 1922/915/224
f 1938/932/709 1939/933/220 1923/916/220
f 1939/933/220 1940/934/221 1924/917/207
f 1940/934/221 1941/935/231 1925/918/231
f 1941/935/231 1942/937/238 1926/920/238
f 1943/936/211 1927/919/211 1926/920/238
f 1928/922/213 1912/905/213 1927/919/211
f 1945/938/214 1929/921/214 1928/922/213
f 1946/940/222 1930/923/222 1929/921/214
f 1947/941/695 1931/924/104 1930/923/222
f 1948/942/191 1932/925/422 1931/924/104
f 1949/943/193 1933/926/193 1932/927/422
f 1950/945/195 1934/928/195 1933/926/193
f 1950/945/195 1951/946/233 1935/929/233
f 1951/946/233 1952/947/199 1936/930/199
f 1952/947/199 1953/948/218 1937/931/218
f 1953/948/218 1954/949/224 1938/932/709
f 1954/949/224 1955/950/220 1939/933/220
f 1955/950/220 1956/951/221 1940/934/221
f 1956/951/221 1957/952/420 1941/935/231
f 1957/952/420 1958/954/238 1942/937/238
f 1959/953/211 1943/936/211 1942/937/238
f 1944/939/213 1928/922/213 1943/936/211
f 1961/955/214 1945/938/214 1944/939/213
f 1962/957/222 1946/940/222 1945/938/214
f 1963/958/104 1947/941/695 1946/940/222
f 1964/959/422 1948/942/191 1947/941/695
f 1965/960/193 1949/943/193 1948/944/191
f 1966/962/195 1950/945/195 1949/943/193
f 1966/962/195 1967/963/233 1951/946/233
f 1967/963/233 1968/964/199 1952/947/199
f 1968/964/199 1969/965/218 1953/948/218
f 1969/965/218 1970/966/224 1954/949/224
f 1970/966/224 1971/967/220 1955/950/220
f 1971/967/220 1972/968/221 1956/951/221
f 1972/968/221 1973/969/420 1957/952/420
f 1973/969/420 1974/971/238 1958/954/238
f 1975/970/211 1959/953/211 1958/954/238
f 1960/956/213 1944/939/213 1959/953/211
f 1977/972/214 1961/955/214 1960/956/213
f 1978/974/222 1962/957/222 1961/955/214
f 1979/975/104 1963/958/104 1962/957/222
f 1980/976/422 1964/959/422 1963/958/104
f 1981/977/193 1965/960/193 1964/961/422
f 1982/979/237 1966/962/195 1965/960/193
f 1982/979/237 1983/980/233 1967/963/233
f 1983/980/233 1984/981/199 1968/964/199
f 1984/981/199 1985/982/218 1969/965/218
f 1985/982/218 1986/983/224 1970/966/224
f 1986/983/224 1987/984/220 1971/967/220
f 1987/984/220 1988/985/207 1972/968/221
f 1988/985/207 1989/986/231 1973/969/420
f 1989/986/231 1990/988/238 1974/971/238
f 1991/987/211 1975/970/211 1974/971/238
f 1976/973/213 1960/956/213 1975/970/211
f 1993/989/214 1977/972/214 1976/973/213
f 1994/991/419 1978/974/222 1977/972/214
f 1995/992/104 1979/975/104 1978/974/222
f 1996/993/422 1980/976/422 1979/975/104
f 1997/994/193 1981/977/193 1980/978/422
f 1998/996/195 1982/979/237 1981/977/193
f 1998/996/195 1999/997/233 1983/980/233
f 1999/997/233 2000/998/199 1984/981/199
f 2000/998/199 2001/999/218 1985/982/218
f 2001/999/218 2002/1000/683 1986/983/224
f 2002/1000/683 2003/1001/220 1987/984/220
f 2003/1001/220 2004/1002/221 1988/985/207
f 2004/1002/221 2005/1003/231 1989/986/231
f 2005/1003/231 2006/1005/238 1990/988/238
f 2007/1004/211 1991/987/211 1990/988/238
f 1992/990/213 1976/973/213 1991/987/211
f 2009/1006/214 1993/989/214 1992/990/213
f 2010/1008/419 1994/991/419 1993/989/214
f 2011/1009/104 1995/992/104 1994/991/419
f 2012/1010/228 1996/993/422 1995/992/104
f 2013/1011/193 1997/994/193 1996/995/422
f 2014/1013/195 1998/996/195 1997/994/193
f 2014/1013/195 2015/1014/217 1999/997/233
f 2015/1014/217 2016/1015/199 2000/998/199
f 2016/1015/199 2017/1016/218 2001/999/218
f 2017/1016/218 2018/1017/224 2002/1000/683
f 2018/1017/224 2019/1018/220 2003/1001/220
f 2019/1018/220 2020/1019/207 2004/1002/221
f 2020/1019/207 2021/1020/231 2005/1003/231
f 2021/1020/231 2022/1022/238 2006/1005/238
f 2023/1021/211 2007/1004/211 2006/1005/238
f 2008/1007/213 1992/990/213 2007/1004/211
f 2025/1023/214 2009/1006/214 2008/1007/213
f 2026/1025/222 2010/1008/419 2009/1006/214
f 2027/1026/104 2011/1009/104 2010/1008/419
f 2028/1027/422 2012/1010/228 2011/1009/104
f 2029/1028/193 2013/1011/193 2012/1012/228
f 2030/1030/195 2014/1013/195 2013/1011/193
f 2030/1030/195 2031/1031/217 2015/1014/217
f 2031/1031/217 2032/1032/199 2016/1015/199
f 2032/1032/199 2033/1033/218 2017/1016/218
f 2033/1033/218 2034/1034/683 2018/1017/224
f 2034/1034/683 2035/1035/225 2019/1018/220
f 2035/1035/225 2036/1036/226 2020/1019/207
f 2036/1036/226 2037/1037/420 2021/1020/231
f 2037/1037/420 2038/1039/238 2022/1022/238
f 2039/1038/211 2023/1021/211 2022/1022/238
f 2024/1024/213 2008/1007/213 2023/1021/211
f 1849/1040/424 2025/1023/214 2024/1024/213
f 1850/1042/710 2026/1025/222 2025/1023/214
f 1851/1043/691 2027/1026/104 2026/1025/222
f 1852/1044/428 2028/1027/422 2027/1026/104
f 1853/1045/429 2029/1028/193 2028/1029/422
f 1854/1047/237 2030/1030/195 2029/1028/193
f 2031/1031/217 2030/1030/195 1854/1047/237
f 2032/1032/199 2031/1031/217 1855/1048/430
f 2033/1033/218 2032/1032/199 1856/1049/431
f 2034/1034/683 2033/1033/218 1857/1050/432
f 2035/1035/225 2034/1034/683 1858/1051/433
f 2036/1036/226 2035/1035/225 1859/1052/711
f 2037/1037/420 2036/1036/226 1860/1053/700
f 2038/1039/238 2037/1037/420 1861/1054/436
f 1863/1056/437 2039/1038/211 2038/1039/238
f 1848/1041/425 2024/1024/213 2039/1038/211
f 2046/1279/2 2044/1557/2 2042/1280/2
f 2042/1282/20 2043/1558/20 2041/1283/20
f 2047/1285/38 2045/1559/38 2044/1286/38
f 2041/1288/1 2047/1560/1 2046/1289/1
f 2044/1291/4 2045/1561/4 2043/1292/4
f 2054/1279/2 2052/1557/2 2050/1280/2
f 2050/1282/20 2051/1558/20 2049/1283/20
f 2055/1285/38 2053/1559/38 2052/1286/38
f 2049/1288/1 2055/1560/1 2054/1289/1
f 2052/1291/4 2053/1561/4 2051/1292/4
f 2062/1279/2 2060/1557/2 2058/1280/2
f 2058/1282/20 2059/1558/20 2057/1283/20
f 2063/1285/38 2061/1559/38 2060/1286/38
f 2057/1288/1 2063/1560/1 2062/1289/1
f 2060/1291/4 2061/1561/4 2059/1292/4
f 2070/1279/2 2068/1557/2 2066/1280/2
f 2066/1282/20 2067/1558/20 2065/1283/20
f 2071/1285/38 2069/1559/38 2068/1286/38
f 2065/1288/1 2071/1560/1 2070/1289/1
f 2068/1291/4 2069/1561/4 2067/1292/4
f 2078/1075/2 2076/1537/2 2074/1076/2
f 2074/1078/38 2075/1538/38 2073/1079/38
f 2079/1081/20 2077/1539/20 2076/1082/20
f 2073/1084/4 2079/1540/4 2078/1085/4
f 2076/1087/1 2077/1541/1 2075/1088/1
f 2086/1075/2 2084/1537/2 2082/1076/2
f 2082/1078/38 2083/1538/38 2081/1079/38
f 2087/1081/20 2085/1539/20 2084/1082/20
f 2081/1084/4 2087/1540/4 2086/1085/4
f 2084/1087/1 2085/1541/1 2083/1088/1
f 2094/689/2 2092/1479/2 2090/690/2
f 2090/692/20 2091/1480/20 2089/693/20
f 2095/695/38 2093/1481/38 2092/696/38
f 2089/698/1 2095/1482/1 2094/699/1
f 2092/701/4 2093/1483/4 2091/702/4
f 2102/689/2 2100/1479/2 2098/690/2
f 2098/692/20 2099/1480/20 2097/693/20
f 2103/695/38 2101/1481/38 2100/696/38
f 2097/698/1 2103/1482/1 2102/699/1
f 2100/701/4 2101/1483/4 2099/702/4
f 2110/689/2 2108/1479/2 2106/690/2
f 2106/692/20 2107/1480/20 2105/693/20
f 2111/695/38 2109/1481/38 2108/696/38
f 2105/698/1 2111/1482/1 2110/699/1
f 2108/701/4 2109/1483/4 2107/702/4
f 2118/689/2 2116/1479/2 2114/690/2
f 2114/692/20 2115/1480/20 2113/693/20
f 2119/695/38 2117/1481/38 2116/696/38
f 2113/698/1 2119/1482/1 2118/699/1
f 2116/701/4 2117/1483/4 2115/702/4
f 2131/159/712 2133/1416/738 2137/160/713
f 2127/162/715 2126/1417/1077 2121/163/716
f 2138/165/718 2126/1418/1 2125/166/719
f 2129/168/1 2128/1419/1 2131/169/1
f 2132/171/4 2133/1420/4 2124/172/4
f 2133/176/2 2132/1421/2 2136/174/2
f 2136/174/1078 2140/1422/1078 2137/175/1078
f 2121/177/721 2120/1423/721 2128/178/721
f 2121/180/722 2122/1424/1079 2139/181/723
f 2127/183/3 2124/1425/3 2125/184/3
f 2138/186/725 2123/1426/1080 2139/187/726
f 2130/170/728 2131/169/728 2134/189/728
f 2136/191/1 2135/1427/1 2134/192/1
f 2121/194/716 2126/1428/1077 2138/195/729
f 2132/197/731 2127/1429/715 2129/198/717
f 2130/200/732 2135/1430/77 2136/201/733
f 2123/203/734 2125/1431/1081 2120/204/735
f 2128/206/737 2124/1432/739 2133/207/738
f 2120/209/735 2125/1433/1081 2124/210/739
f 2152/159/712 2154/1416/738 2158/160/713
f 2148/162/740 2147/1417/1077 2142/163/716
f 2159/165/718 2147/1418/1 2146/166/719
f 2150/168/1 2149/1419/1 2152/169/1
f 2153/171/4 2154/1420/4 2145/172/4
f 2154/176/2 2153/1421/2 2157/174/2
f 2157/174/1078 2161/1422/1078 2158/175/1078
f 2142/177/721 2141/1423/721 2149/178/721
f 2142/180/722 2143/1424/1079 2160/181/723
f 2148/183/3 2145/1425/3 2146/184/3
f 2159/186/725 2144/1426/1080 2160/187/726
f 2151/170/728 2152/169/728 2155/189/728
f 2157/191/1 2156/1427/1 2155/192/1
f 2142/194/716 2147/1428/1077 2159/195/741
f 2153/197/731 2148/1429/740 2150/198/717
f 2151/200/732 2156/1430/77 2157/201/733
f 2144/203/734 2146/1431/1081 2141/204/735
f 2149/206/737 2145/1432/739 2154/207/738
f 2141/209/735 2146/1433/1081 2145/210/739
f 2173/159/743 2175/1416/747 2179/160/713
f 2169/162/740 2168/1417/1082 2163/163/716
f 2180/165/718 2168/1418/1 2167/166/719
f 2171/168/1 2170/1419/1 2173/169/1
f 2174/171/4 2175/1420/4 2166/172/4
f 2175/176/2 2174/1421/2 2178/174/2
f 2178/174/1083 2182/1422/1083 2179/175/1083
f 2163/177/721 2162/1423/721 2170/178/721
f 2163/180/722 2164/1424/1079 2181/181/723
f 2169/183/3 2166/1425/3 2167/184/3
f 2180/186/744 2165/1426/1080 2181/187/726
f 2172/170/728 2173/169/728 2176/189/728
f 2178/191/1 2177/1427/1 2176/192/1
f 2163/194/716 2168/1428/1082 2180/195/741
f 2174/197/731 2169/1429/740 2171/198/717
f 2172/200/732 2177/1430/77 2178/201/733
f 2165/203/746 2167/1431/1081 2162/204/735
f 2170/206/737 2166/1432/739 2175/207/747
f 2162/209/735 2167/1433/1081 2166/210/739
f 2194/159/743 2196/1416/738 2200/160/713
f 2190/162/715 2189/1417/1082 2184/163/716
f 2201/165/718 2189/1418/1 2188/166/719
f 2192/168/1 2191/1419/1 2194/169/1
f 2195/171/4 2196/1420/4 2187/172/4
f 2196/176/2 2195/1421/2 2199/174/2
f 2199/174/1078 2203/1422/1078 2200/175/1078
f 2184/177/721 2183/1423/721 2191/178/721
f 2184/180/722 2185/1424/1079 2202/181/723
f 2190/183/3 2187/1425/3 2188/184/3
f 2201/186/725 2186/1426/1080 2202/187/726
f 2193/170/728 2194/169/728 2197/189/728
f 2199/191/1 2198/1427/1 2197/192/1
f 2184/194/716 2189/1428/1082 2201/195/741
f 2195/197/731 2190/1429/715 2192/198/717
f 2193/200/732 2198/1430/77 2199/201/733
f 2186/203/734 2188/1431/1081 2183/204/735
f 2191/206/737 2187/1432/739 2196/207/738
f 2183/209/735 2188/1433/1081 2187/210/739
f 2204/103/40 2205/108/44 2220/104/1
f 2221/105/41 2220/104/1 2213/106/42
f 2205/108/44 2206/110/46 2222/109/45
f 2220/104/1 2222/109/45 2214/112/47
f 2206/110/46 2207/113/48 2223/111/2
f 2223/111/2 2215/115/50 2214/112/47
f 2207/113/48 2208/116/51 2224/114/49
f 2224/114/49 2216/118/52 2215/115/50
f 2208/116/51 2209/119/53 2225/117/4
f 2225/117/4 2217/122/56 2216/118/52
f 2209/119/53 2210/123/57 2226/120/54
f 2226/120/54 2218/121/55 2217/122/56
f 2210/123/57 2211/125/58 2227/124/3
f 2227/124/3 2219/127/59 2218/121/55
f 2211/125/58 2204/1408/40 2221/126/41
f 2221/126/41 2212/136/43 2219/127/59
f 2204/103/40 2228/1367/67 2229/128/60
f 2205/108/44 2229/128/60 2230/129/748
f 2206/110/46 2230/129/748 2231/130/749
f 2207/113/48 2231/130/749 2232/131/750
f 2208/116/51 2232/131/750 2233/132/64
f 2209/119/53 2233/132/64 2234/133/65
f 2210/123/57 2234/133/65 2235/134/751
f 2228/135/67 2204/1408/40 2211/125/58
f 2212/136/43 2236/1409/1084 2237/137/68
f 2238/138/752 2236/1410/1084 2212/107/43
f 2238/138/752 2213/106/42 2214/112/47
f 2239/139/753 2214/112/47 2215/115/50
f 2240/140/71 2215/115/50 2216/118/52
f 2241/141/72 2216/118/52 2217/122/56
f 2242/142/754 2217/122/56 2218/121/55
f 2237/137/68 2243/143/74 2218/121/55
f 2252/13/755 2245/1374/762 2246/14/756
f 2254/16/758 2255/1375/763 2250/17/759
f 2245/20/762 2252/1376/755 2256/19/761
f 2256/19/761 2254/1377/758 2249/18/760
f 2255/21/763 2253/35/757 2246/22/756
f 2253/15/764 2247/1378/764 2244/24/764
f 2251/25/765 2255/1379/765 2254/26/765
f 2244/28/2 2247/1380/2 2251/29/2
f 2249/18/3 2250/17/3 2246/31/3
f 2252/34/768 2244/1381/1085 2248/32/766
f 2248/32/766 2254/1382/1086 2256/33/767
f 2253/35/769 2255/21/769 2251/36/769
f 2258/562/770 2259/1456/1087 2260/563/771
f 2262/565/773 2261/567/775 2257/564/772
f 2264/566/774 2263/569/777 2261/567/775
f 2266/568/776 2265/571/779 2263/569/777
f 2268/570/778 2267/1457/1088 2265/571/779
f 2269/572/780 2267/1457/1088 2268/570/778
f 2271/574/782 2269/572/780 2270/573/781
f 2273/576/784 2271/574/782 2272/575/783
f 2275/578/786 2273/576/784 2274/577/785
f 2275/580/3 2276/1458/3 2277/581/3
f 2258/583/2 2279/1459/2 2280/584/2
f 2278/586/788 2281/590/1089 2273/587/789
f 2282/589/791 2271/591/794 2273/587/792
f 2271/591/794 2282/589/791 2283/592/795
f 2283/592/795 2284/596/1090 2267/594/797
f 2285/595/798 2265/598/1091 2267/594/799
f 2285/595/801 2286/599/804 2263/597/802
f 2286/599/804 2287/602/807 2261/600/805
f 2257/601/806 2261/600/805 2287/602/807
f 2257/601/806 2288/603/808 2279/604/809
f 2289/606/811 2281/610/815 2278/607/812
f 2290/609/814 2282/612/817 2281/610/815
f 2291/611/816 2283/614/819 2282/612/817
f 2292/613/818 2284/616/821 2283/614/819
f 2293/615/820 2285/1460/1092 2284/616/821
f 2286/617/822 2285/1460/1092 2293/615/820
f 2294/618/823 2295/621/826 2287/619/824
f 2288/620/825 2287/619/824 2295/621/826
f 2279/623/828 2288/620/825 2296/622/827
f 2274/625/1 2289/629/1 2277/626/1
f 2274/625/1 2272/631/1 2290/628/1
f 2270/630/1 2291/633/1 2290/628/1
f 2270/630/1 2268/635/1 2292/632/1
f 2266/634/1 2293/637/1 2292/632/1
f 2266/634/1 2264/638/1 2294/636/1
f 2264/638/1 2262/640/1 2295/639/1
f 2262/640/1 2260/643/1 2296/641/1
f 2259/642/1 2280/1461/1 2296/641/1
f 2299/772/2 2300/1507/2 2301/773/2
f 2302/775/3 2305/1508/3 2304/776/3
f 2306/1509/1093 2297/1510/1094 2303/778/359
f 2303/778/359 2304/1511/1062 2307/779/360
f 2307/779/360 2300/1512/1063 2299/780/830
f 2299/780/830 2306/1509/1093 2303/778/359
f 2308/103/40 2309/108/44 2324/104/1
f 2325/105/41 2324/104/1 2317/106/42
f 2309/108/44 2310/110/46 2326/109/45
f 2326/109/45 2318/112/47 2317/106/42
f 2310/110/46 2311/113/48 2327/111/2
f 2327/111/2 2319/115/50 2318/112/47
f 2311/113/48 2312/116/51 2328/114/49
f 2328/114/49 2320/118/52 2319/115/50
f 2312/116/51 2313/119/53 2329/117/4
f 2329/117/4 2321/122/56 2320/118/52
f 2313/119/53 2314/123/57 2330/120/54
f 2329/117/4 2330/120/54 2322/121/55
f 2314/123/57 2315/125/58 2331/124/3
f 2331/124/3 2323/127/59 2322/121/55
f 2315/125/58 2308/1408/40 2325/126/41
f 2325/126/41 2316/136/43 2323/127/59
f 2308/103/40 2332/1367/67 2333/128/60
f 2309/108/44 2333/128/60 2334/129/61
f 2310/110/46 2334/129/61 2335/130/62
f 2311/113/48 2335/130/62 2336/131/63
f 2312/116/51 2336/131/63 2337/132/64
f 2313/119/53 2337/132/64 2338/133/65
f 2314/123/57 2338/133/65 2339/134/66
f 2332/135/67 2308/1408/40 2315/125/58
f 2316/136/43 2340/1409/1031 2341/137/68
f 2342/138/69 2340/1410/1031 2316/107/43
f 2342/138/69 2317/106/42 2318/112/47
f 2343/139/70 2318/112/47 2319/115/50
f 2344/140/71 2319/115/50 2320/118/52
f 2345/141/72 2320/118/52 2321/122/56
f 2346/142/73 2321/122/56 2322/121/55
f 2341/137/68 2347/143/74 2322/121/55
f 2355/1/1 2354/1370/1 2353/2/1
f 2350/4/2 2349/1371/2 2353/5/2
f 2351/7/3 2355/1372/3 2352/8/3
f 2350/10/4 2351/1373/4 2348/11/4
f 2356/103/40 2357/108/44 2372/104/1
f 2373/105/41 2372/104/1 2365/106/42
f 2357/108/44 2358/110/46 2374/109/45
f 2374/109/45 2366/112/47 2365/106/42
f 2358/110/46 2359/113/48 2375/111/2
f 2375/111/2 2367/115/50 2366/112/47
f 2359/113/48 2360/116/51 2376/114/49
f 2376/114/49 2368/118/52 2367/115/50
f 2360/116/51 2361/119/53 2377/117/4
f 2377/117/4 2369/122/56 2368/118/52
f 2361/119/53 2362/123/57 2378/120/54
f 2378/120/54 2370/121/55 2369/122/56
f 2362/123/57 2363/125/58 2379/124/3
f 2379/124/3 2371/127/59 2370/121/55
f 2363/125/58 2356/1408/40 2373/126/41
f 2373/126/41 2364/136/43 2371/127/59
f 2357/108/44 2356/103/40 2380/1367/831
f 2357/108/44 2381/128/60 2382/129/748
f 2358/110/46 2382/129/748 2383/130/749
f 2359/113/48 2383/130/749 2384/131/750
f 2360/116/51 2384/131/750 2385/132/64
f 2361/119/53 2385/132/64 2386/133/65
f 2362/123/57 2386/133/65 2387/134/751
f 2380/135/831 2356/1408/40 2363/125/58
f 2364/136/43 2388/1409/1084 2389/137/68
f 2390/138/752 2388/1410/1084 2364/107/43
f 2390/138/752 2365/106/42 2366/112/47
f 2391/139/70 2366/112/47 2367/115/50
f 2392/140/71 2367/115/50 2368/118/52
f 2393/141/72 2368/118/52 2369/122/56
f 2394/142/754 2369/122/56 2370/121/55
f 2395/143/74 2370/121/55 2371/127/59
f 2397/562/240 2398/1456/1039 2399/563/241
f 2401/565/243 2400/567/832 2396/564/242
f 2403/566/244 2402/569/247 2400/567/832
f 2405/568/246 2404/571/249 2402/569/247
f 2407/570/248 2406/1457/1040 2404/571/249
f 2408/572/250 2406/1457/1040 2407/570/248
f 2410/574/252 2408/572/250 2409/573/251
f 2412/576/254 2410/574/252 2411/575/253
f 2414/578/256 2412/576/254 2413/577/255
f 2414/580/2 2415/1458/2 2416/581/2
f 2397/583/3 2418/1459/3 2419/584/3
f 2417/586/258 2420/590/1041 2412/587/259
f 2421/589/261 2410/591/264 2412/587/262
f 2410/591/264 2421/589/261 2422/592/265
f 2422/592/265 2423/596/1042 2406/594/267
f 2424/595/268 2404/598/1043 2406/594/269
f 2424/595/271 2425/599/274 2402/597/272
f 2425/599/274 2426/602/277 2400/600/275
f 2396/601/276 2400/600/275 2426/602/277
f 2396/601/276 2427/603/278 2418/604/279
f 2428/606/281 2420/610/285 2417/607/282
f 2429/609/284 2421/612/287 2420/610/285
f 2430/611/286 2422/614/833 2421/612/287
f 2431/613/288 2423/616/291 2422/614/833
f 2432/615/290 2424/1460/1044 2423/616/291
f 2425/617/292 2424/1460/1044 2432/615/290
f 2433/618/293 2434/621/296 2426/619/294
f 2427/620/295 2426/619/294 2434/621/296
f 2418/623/298 2427/620/295 2435/622/297
f 2413/625/1 2428/629/1 2416/626/1
f 2413/625/1 2411/631/1 2429/628/1
f 2409/630/1 2430/633/1 2429/628/1
f 2409/630/1 2407/635/1 2431/632/1
f 2405/634/1 2432/637/1 2431/632/1
f 2405/634/1 2403/638/1 2433/636/1
f 2403/638/1 2401/640/1 2434/639/1
f 2401/640/1 2399/643/1 2435/641/1
f 2398/642/1 2419/1461/1 2435/641/1
f 2437/562/770 2438/1456/1087 2439/563/771
f 2441/565/773 2440/567/775 2436/564/772
f 2443/566/774 2442/569/777 2440/567/775
f 2445/568/776 2444/571/779 2442/569/777
f 2447/570/778 2446/1457/1088 2444/571/779
f 2448/572/780 2446/1457/1088 2447/570/778
f 2450/574/782 2448/572/780 2449/573/781
f 2452/576/784 2450/574/782 2451/575/783
f 2454/578/786 2452/576/784 2453/577/785
f 2454/580/3 2455/1458/3 2456/581/3
f 2437/583/2 2458/1459/2 2459/584/2
f 2457/586/788 2460/590/1089 2452/587/789
f 2461/589/791 2450/591/794 2452/587/792
f 2450/591/794 2461/589/791 2462/592/795
f 2462/592/795 2463/596/1090 2446/594/797
f 2464/595/798 2444/598/1091 2446/594/799
f 2464/595/801 2465/599/804 2442/597/802
f 2465/599/804 2466/602/807 2440/600/805
f 2436/601/806 2440/600/805 2466/602/807
f 2436/601/806 2467/603/808 2458/604/809
f 2468/606/811 2460/610/815 2457/607/812
f 2469/609/814 2461/612/817 2460/610/815
f 2470/611/816 2462/614/834 2461/612/817
f 2471/613/818 2463/616/821 2462/614/834
f 2472/615/820 2464/1460/1092 2463/616/821
f 2465/617/822 2464/1460/1092 2472/615/820
f 2473/618/823 2474/621/826 2466/619/824
f 2467/620/825 2466/619/824 2474/621/826
f 2458/623/828 2467/620/825 2475/622/827
f 2453/625/1 2468/629/1 2456/626/1
f 2453/625/1 2451/631/1 2469/628/1
f 2449/630/1 2470/633/1 2469/628/1
f 2449/630/1 2447/635/1 2471/632/1
f 2445/634/1 2472/637/1 2471/632/1
f 2445/634/1 2443/638/1 2473/636/1
f 2443/638/1 2441/640/1 2474/639/1
f 2441/640/1 2439/643/1 2475/641/1
f 2438/642/1 2459/1461/1 2475/641/1
f 2481/212/2 2483/1434/2 2477/213/2
f 2476/215/38 2478/1435/38 2479/216/38
f 2482/218/20 2483/1436/20 2481/219/20
f 2483/221/1 2482/1437/1 2476/222/1
f 2480/224/4 2481/1438/4 2479/225/4
f 2487/839/2 2489/1525/2 2491/840/2
f 2485/842/38 2484/1526/38 2486/843/38
f 2488/845/20 2490/1527/20 2491/846/20
f 2485/848/1 2491/1528/1 2490/849/1
f 2486/851/4 2488/1529/4 2489/852/4
f 2497/212/2 2499/1434/2 2493/213/2
f 2492/215/38 2494/1435/38 2495/216/38
f 2498/218/20 2499/1436/20 2497/219/20
f 2499/221/1 2498/1437/1 2492/222/1
f 2496/224/4 2497/1438/4 2495/225/4
f 2503/839/2 2505/1525/2 2507/840/2
f 2501/842/38 2500/1526/38 2502/843/38
f 2504/845/20 2506/1527/20 2507/846/20
f 2501/848/1 2507/1528/1 2506/849/1
f 2502/851/4 2504/1529/4 2505/852/4
f 2534/783/835 2528/781/838 2519/792/836
f 2528/784/838 2508/1513/1064 2509/785/839
f 2529/787/367 2515/805/378 2517/788/837
f 2513/790/369 2512/808/380 2535/791/370
f 2530/789/368 2517/782/837 2519/792/836
f 2516/794/373 2513/790/369 2529/787/367
f 2535/791/370 2531/793/372 2519/795/836
f 2518/797/375 2516/794/373 2530/789/368
f 2528/784/838 2532/786/840 2514/796/841
f 2509/798/839 2510/1514/377 2533/799/842
f 2533/799/842 2515/807/378 2514/801/841
f 2510/802/377 2511/1515/843 2534/803/835
f 2534/803/835 2517/788/837 2515/805/378
f 2511/806/843 2508/1516/1064 2528/781/838
f 2529/787/367 2535/791/370 2514/801/841
f 2512/808/380 2518/797/375 2531/793/372
f 2521/809/381 2536/813/385 2538/810/844
f 2520/812/384 2524/1517/389 2538/810/844
f 2521/814/381 2523/1518/390 2537/815/386
f 2537/815/386 2522/1519/391 2520/817/384
f 2525/818/383 2538/822/844 2539/819/845
f 2524/821/389 2526/1520/1065 2539/819/845
f 2523/823/390 2527/1521/388 2539/824/845
f 2539/824/845 2526/1522/1065 2522/826/391
f 2518/797/4 2512/808/4 2513/790/4
f 2509/827/392 2525/1523/392 2527/828/393
f 2523/830/394 2521/1524/395 2508/831/395
f 2508/1368/396 2521/834/396 2525/835/396
f 2527/1369/397 2523/837/397 2511/838/397
f 2540/260/111 2541/263/638 2557/261/638
f 2541/263/638 2542/265/846 2558/264/846
f 2542/265/846 2543/268/115 2559/266/115
f 2544/267/118 2560/1452/118 2559/266/115
f 2544/269/118 2545/272/117 2561/270/117
f 2545/272/117 2546/275/122 2562/273/120
f 2547/274/121 2563/277/121 2562/273/120
f 2548/276/123 2564/279/640 2563/277/121
f 2549/278/124 2565/281/127 2564/279/640
f 2550/280/126 2566/283/129 2565/281/127
f 2551/282/847 2567/285/847 2566/283/129
f 2551/282/847 2552/287/132 2568/284/130
f 2553/286/131 2569/289/134 2568/284/130
f 2554/288/133 2570/291/133 2569/289/134
f 2554/288/133 2555/292/135 2571/290/135
f 2555/292/135 2540/260/111 2556/262/111
f 2557/293/848 2573/297/140 2572/294/137
f 2558/296/139 2574/299/644 2573/297/140
f 2559/298/849 2575/301/850 2574/299/644
f 2560/300/143 2576/1453/851 2575/301/850
f 2561/302/145 2577/306/852 2576/303/851
f 2562/305/147 2578/308/854 2577/306/852
f 2562/305/147 2563/309/151 2579/307/853
f 2563/309/151 2564/311/153 2580/310/855
f 2564/311/153 2565/313/155 2581/312/154
f 2565/313/155 2566/315/856 2582/314/156
f 2566/315/856 2567/317/159 2583/316/158
f 2567/317/159 2568/319/161 2584/318/160
f 2568/319/161 2569/321/163 2585/320/857
f 2569/321/163 2570/324/166 2586/322/164
f 2571/323/165 2587/325/645 2586/322/164
f 2556/295/138 2572/294/137 2587/325/645
f 2573/326/140 2589/330/858 2588/327/168
f 2574/329/644 2590/332/170 2589/330/858
f 2575/331/850 2591/334/859 2590/332/170
f 2576/333/851 2592/1454/860 2591/334/859
f 2577/335/852 2593/339/861 2592/336/860
f 2578/338/854 2594/341/862 2593/339/861
f 2578/338/854 2579/342/853 2595/340/174
f 2579/342/853 2580/344/855 2596/343/863
f 2580/344/855 2581/346/154 2597/345/864
f 2581/346/154 2582/348/156 2598/347/178
f 2582/348/156 2583/350/158 2599/349/179
f 2583/350/158 2584/352/160 2600/351/865
f 2584/352/160 2585/354/857 2601/353/181
f 2585/354/857 2586/357/164 2602/355/866
f 2587/356/645 2603/358/183 2602/355/866
f 2572/328/137 2588/327/168 2603/358/183
f 2765/359/655 2605/363/868 2604/360/867
f 2766/362/656 2606/365/190 2605/363/868
f 2767/364/869 2607/367/406 2606/365/190
f 2768/366/659 2608/1455/407 2607/367/406
f 2769/368/193 2609/372/870 2608/369/407
f 2770/371/195 2610/374/237 2609/372/870
f 2770/371/195 2771/375/66 2611/373/110
f 2771/375/66 2772/377/871 2612/376/662
f 2772/377/871 2773/379/201 2613/378/200
f 2773/379/201 2774/381/224 2614/380/872
f 2774/381/224 2775/383/205 2615/382/873
f 2775/383/205 2776/385/874 2616/384/206
f 2776/385/874 2777/387/209 2617/386/208
f 2777/387/209 2778/390/210 2618/388/210
f 2779/389/211 2619/391/212 2618/388/210
f 2764/361/213 2604/360/867 2619/391/212
f 2589/392/858 2621/396/214 2620/393/213
f 2590/395/170 2622/398/419 2621/396/214
f 2591/397/859 2623/400/104 2622/398/419
f 2592/399/860 2624/427/875 2623/400/104
f 2593/401/861 2625/405/193 2624/402/875
f 2594/404/862 2626/430/237 2625/405/193
f 2627/406/233 2626/430/237 2594/404/862
f 2628/408/199 2627/406/233 2595/407/174
f 2629/410/218 2628/408/199 2596/409/863
f 2630/412/219 2629/410/218 2597/411/864
f 2631/414/220 2630/412/219 2598/413/178
f 2632/416/226 2631/414/220 2599/415/179
f 2633/418/231 2632/416/226 2600/417/865
f 2634/420/238 2633/418/231 2601/419/181
f 2603/422/183 2635/423/107 2634/420/238
f 2588/394/168 2620/393/213 2635/423/107
f 2621/396/214 2637/425/214 2636/424/213
f 2622/398/419 2638/426/215 2637/425/214
f 2623/400/104 2639/428/227 2638/426/215
f 2624/427/875 2640/445/422 2639/428/227
f 2625/405/193 2641/431/193 2640/429/422
f 2626/430/237 2642/433/237 2641/431/193
f 2626/430/237 2627/406/233 2643/432/233
f 2627/406/233 2628/408/199 2644/434/199
f 2628/408/199 2629/410/218 2645/435/234
f 2629/410/218 2630/412/219 2646/436/224
f 2630/412/219 2631/414/220 2647/437/220
f 2631/414/220 2632/416/226 2648/438/226
f 2632/416/226 2633/418/231 2649/439/231
f 2633/418/231 2634/420/238 2650/440/210
f 2635/423/107 2651/441/211 2650/440/210
f 2620/393/213 2636/424/213 2651/441/211
f 2637/425/214 2653/443/214 2652/442/213
f 2638/426/215 2654/444/222 2653/443/214
f 2639/428/227 2655/446/227 2654/444/222
f 2640/445/422 2656/462/422 2655/446/227
f 2641/431/193 2657/448/193 2656/447/422
f 2642/433/237 2658/450/237 2657/448/193
f 2642/433/237 2643/432/233 2659/449/233
f 2643/432/233 2644/434/199 2660/451/199
f 2644/434/199 2645/435/234 2661/452/234
f 2645/435/234 2646/436/224 2662/453/224
f 2646/436/224 2647/437/220 2663/454/220
f 2647/437/220 2648/438/226 2664/455/221
f 2648/438/226 2649/439/231 2665/456/231
f 2649/439/231 2650/440/210 2666/457/210
f 2651/441/211 2667/458/211 2666/457/210
f 2636/424/213 2652/442/213 2667/458/211
f 2653/443/214 2669/460/214 2668/459/213
f 2654/444/222 2670/461/222 2669/460/214
f 2655/446/227 2671/463/876 2670/461/222
f 2656/462/422 2672/479/191 2671/463/876
f 2657/448/193 2673/465/193 2672/464/191
f 2658/450/237 2674/467/237 2673/465/193
f 2658/450/237 2659/449/233 2675/466/233
f 2659/449/233 2660/451/199 2676/468/199
f 2660/451/199 2661/452/234 2677/469/234
f 2661/452/234 2662/453/224 2678/470/224
f 2662/453/224 2663/454/220 2679/471/877
f 2663/454/220 2664/455/221 2680/472/226
f 2664/455/221 2665/456/231 2681/473/231
f 2665/456/231 2666/457/210 2682/474/210
f 2667/458/211 2683/475/211 2682/474/210
f 2652/442/213 2668/459/213 2683/475/211
f 2669/460/214 2685/477/214 2684/476/213
f 2670/461/222 2686/478/222 2685/477/214
f 2671/463/876 2687/480/104 2686/478/222
f 2672/479/191 2688/496/878 2687/480/104
f 2673/465/193 2689/482/193 2688/481/878
f 2674/467/237 2690/484/237 2689/482/193
f 2674/467/237 2675/466/233 2691/483/233
f 2675/466/233 2676/468/199 2692/485/199
f 2676/468/199 2677/469/234 2693/486/234
f 2677/469/234 2678/470/224 2694/487/224
f 2678/470/224 2679/471/877 2695/488/220
f 2679/471/877 2680/472/226 2696/489/226
f 2680/472/226 2681/473/231 2697/490/209
f 2681/473/231 2682/474/210 2698/491/210
f 2683/475/211 2699/492/211 2698/491/210
f 2668/459/213 2684/476/213 2699/492/211
f 2685/477/214 2701/494/214 2700/493/213
f 2686/478/222 2702/495/229 2701/494/214
f 2687/480/104 2703/497/104 2702/495/229
f 2688/496/878 2704/513/228 2703/497/104
f 2689/482/193 2705/499/193 2704/498/228
f 2690/484/237 2706/501/195 2705/499/193
f 2690/484/237 2691/483/233 2707/500/233
f 2691/483/233 2692/485/199 2708/502/199
f 2692/485/199 2693/486/234 2709/503/234
f 2693/486/234 2694/487/224 2710/504/224
f 2694/487/224 2695/488/220 2711/505/877
f 2695/488/220 2696/489/226 2712/506/879
f 2696/489/226 2697/490/209 2713/507/209
f 2697/490/209 2698/491/210 2714/508/210
f 2699/492/211 2715/509/211 2714/508/210
f 2684/476/213 2700/493/213 2715/509/211
f 2701/494/214 2717/511/214 2716/510/213
f 2702/495/229 2718/512/419 2717/511/214
f 2703/497/104 2719/514/104 2718/512/419
f 2704/513/228 2720/530/228 2719/514/104
f 2705/499/193 2721/516/193 2720/515/228
f 2706/501/195 2722/518/195 2721/516/193
f 2706/501/195 2707/500/233 2723/517/233
f 2707/500/233 2708/502/199 2724/519/199
f 2708/502/199 2709/503/234 2725/520/234
f 2709/503/234 2710/504/224 2726/521/880
f 2710/504/224 2711/505/877 2727/522/220
f 2711/505/877 2712/506/879 2728/523/226
f 2712/506/879 2713/507/209 2729/524/231
f 2713/507/209 2714/508/210 2730/525/210
f 2715/509/211 2731/526/211 2730/525/210
f 2700/493/213 2716/510/213 2731/526/211
f 2717/511/214 2733/528/214 2732/527/213
f 2718/512/419 2734/529/222 2733/528/214
f 2719/514/104 2735/531/104 2734/529/222
f 2720/530/228 2736/547/881 2735/531/104
f 2721/516/193 2737/533/193 2736/532/881
f 2722/518/195 2738/535/195 2737/533/193
f 2722/518/195 2723/517/233 2739/534/233
f 2723/517/233 2724/519/199 2740/536/882
f 2724/519/199 2725/520/234 2741/537/218
f 2725/520/234 2726/521/880 2742/538/224
f 2726/521/880 2727/522/220 2743/539/220
f 2727/522/220 2728/523/226 2744/540/221
f 2728/523/226 2729/524/231 2745/541/231
f 2729/524/231 2730/525/210 2746/542/210
f 2731/526/211 2747/543/211 2746/542/210
f 2716/510/213 2732/527/213 2747/543/211
f 2733/528/214 2749/545/214 2748/544/213
f 2734/529/222 2750/546/419 2749/545/214
f 2735/531/104 2751/548/104 2750/546/419
f 2736/547/881 2752/561/422 2751/548/104
f 2737/533/193 2753/550/193 2752/549/422
f 2738/535/195 2754/552/195 2753/550/193
f 2738/535/195 2739/534/233 2755/551/217
f 2739/534/233 2740/536/882 2756/553/199
f 2740/536/882 2741/537/218 2757/554/234
f 2741/537/218 2742/538/224 2758/555/224
f 2742/538/224 2743/539/220 2759/556/220
f 2743/539/220 2744/540/221 2760/557/226
f 2744/540/221 2745/541/231 2761/558/209
f 2745/541/231 2746/542/210 2762/559/210
f 2747/543/211 2763/560/211 2762/559/210
f 2732/527/213 2748/544/213 2763/560/211
f 2749/545/214 2765/359/655 2764/361/213
f 2750/546/419 2766/362/656 2765/359/655
f 2751/548/104 2767/364/869 2766/362/656
f 2752/561/422 2768/366/659 2767/364/869
f 2753/550/193 2769/368/193 2768/370/659
f 2754/552/195 2770/371/195 2769/368/193
f 2754/552/195 2755/551/217 2771/375/66
f 2755/551/217 2756/553/199 2772/377/871
f 2756/553/199 2757/554/234 2773/379/201
f 2757/554/234 2758/555/224 2774/381/224
f 2758/555/224 2759/556/220 2775/383/205
f 2759/556/220 2760/557/226 2776/385/874
f 2760/557/226 2761/558/209 2777/387/209
f 2761/558/209 2762/559/210 2778/390/210
f 2763/560/211 2779/389/211 2778/390/210
f 2748/544/213 2764/361/213 2779/389/211
f 2780/260/111 2781/263/638 2797/261/638
f 2781/263/638 2782/265/114 2798/264/846
f 2782/265/114 2783/268/115 2799/266/115
f 2784/267/118 2800/1452/118 2799/266/115
f 2784/269/118 2785/272/117 2801/270/117
f 2785/272/117 2786/275/122 2802/273/122
f 2787/274/639 2803/277/639 2802/273/122
f 2788/276/123 2804/279/640 2803/277/639
f 2789/278/124 2805/281/127 2804/279/640
f 2790/280/126 2806/283/129 2805/281/127
f 2791/282/847 2807/285/847 2806/283/129
f 2791/282/847 2792/287/132 2808/284/130
f 2793/286/131 2809/289/134 2808/284/130
f 2794/288/133 2810/291/133 2809/289/134
f 2794/288/133 2795/292/135 2811/290/135
f 2795/292/135 2780/260/111 2796/262/111
f 2797/293/848 2813/297/140 2812/294/137
f 2798/296/139 2814/299/644 2813/297/140
f 2799/298/849 2815/301/850 2814/299/644
f 2800/300/143 2816/1453/851 2815/301/850
f 2801/302/145 2817/306/852 2816/303/851
f 2802/305/147 2818/308/854 2817/306/852
f 2802/305/147 2803/309/151 2819/307/853
f 2803/309/151 2804/311/153 2820/310/855
f 2804/311/153 2805/313/155 2821/312/154
f 2805/313/155 2806/315/856 2822/314/156
f 2806/315/856 2807/317/159 2823/316/158
f 2807/317/159 2808/319/161 2824/318/160
f 2808/319/161 2809/321/163 2825/320/883
f 2809/321/163 2810/324/166 2826/322/164
f 2811/323/165 2827/325/167 2826/322/164
f 2796/295/138 2812/294/137 2827/325/167
f 2813/326/140 2829/330/858 2828/327/168
f 2814/329/644 2830/332/170 2829/330/858
f 2815/331/850 2831/334/884 2830/332/170
f 2816/333/851 2832/1454/860 2831/334/884
f 2817/335/852 2833/339/861 2832/336/860
f 2818/338/854 2834/341/175 2833/339/861
f 2818/338/854 2819/342/853 2835/340/174
f 2819/342/853 2820/344/855 2836/343/863
f 2820/344/855 2821/346/154 2837/345/885
f 2821/346/154 2822/348/156 2838/347/178
f 2822/348/156 2823/350/158 2839/349/179
f 2823/350/158 2824/352/160 2840/351/865
f 2824/352/160 2825/354/883 2841/353/181
f 2825/354/883 2826/357/164 2842/355/182
f 2827/356/167 2843/358/183 2842/355/182
f 2812/328/137 2828/327/168 2843/358/183
f 3005/359/655 2845/363/868 2844/360/867
f 3006/362/656 2846/365/190 2845/363/868
f 3007/364/869 2847/367/406 2846/365/190
f 3008/366/659 2848/1455/407 2847/367/406
f 3009/368/193 2849/372/196 2848/369/407
f 3010/371/237 2850/374/237 2849/372/196
f 3010/371/237 3011/375/66 2851/373/110
f 3011/375/66 3012/377/704 2852/376/662
f 3012/377/704 3013/379/201 2853/378/200
f 3013/379/201 3014/381/224 2854/380/872
f 3014/381/224 3015/383/887 2855/382/873
f 3015/383/887 3016/385/226 2856/384/206
f 3016/385/226 3017/387/209 2857/386/208
f 3017/387/209 3018/390/210 2858/388/210
f 3019/389/211 2859/391/212 2858/388/210
f 3004/361/886 2844/360/867 2859/391/212
f 2829/392/858 2861/396/214 2860/393/213
f 2830/395/170 2862/398/888 2861/396/214
f 2831/397/884 2863/400/104 2862/398/888
f 2832/399/860 2864/427/216 2863/400/104
f 2833/401/861 2865/405/193 2864/402/216
f 2834/404/175 2866/430/237 2865/405/193
f 2867/406/233 2866/430/237 2834/404/175
f 2868/408/199 2867/406/233 2835/407/174
f 2869/410/218 2868/408/199 2836/409/863
f 2870/412/889 2869/410/218 2837/411/885
f 2871/414/220 2870/412/889 2838/413/178
f 2872/416/226 2871/414/220 2839/415/179
f 2873/418/231 2872/416/226 2840/417/865
f 2874/420/210 2873/418/231 2841/419/181
f 2843/422/183 2875/423/107 2874/420/210
f 2828/394/168 2860/393/213 2875/423/107
f 2861/396/214 2877/425/214 2876/424/213
f 2862/398/888 2878/426/215 2877/425/214
f 2863/400/104 2879/428/227 2878/426/215
f 2864/427/216 2880/445/881 2879/428/227
f 2865/405/193 2881/431/193 2880/429/881
f 2866/430/237 2882/433/237 2881/431/193
f 2866/430/237 2867/406/233 2883/432/233
f 2867/406/233 2868/408/199 2884/434/199
f 2868/408/199 2869/410/218 2885/435/234
f 2869/410/218 2870/412/889 2886/436/224
f 2870/412/889 2871/414/220 2887/437/220
f 2871/414/220 2872/416/226 2888/438/226
f 2872/416/226 2873/418/231 2889/439/231
f 2873/418/231 2874/420/210 2890/440/210
f 2875/423/107 2891/441/107 2890/440/210
f 2860/393/213 2876/424/213 2891/441/107
f 2877/425/214 2893/443/214 2892/442/213
f 2878/426/215 2894/444/222 2893/443/214
f 2879/428/227 2895/446/227 2894/444/222
f 2880/445/881 2896/462/191 2895/446/227
f 2881/431/193 2897/448/193 2896/447/191
f 2882/433/237 2898/450/237 2897/448/193
f 2882/433/237 2883/432/233 2899/449/233
f 2883/432/233 2884/434/199 2900/451/199
f 2884/434/199 2885/435/234 2901/452/234
f 2885/435/234 2886/436/224 2902/453/224
f 2886/436/224 2887/437/220 2903/454/239
f 2887/437/220 2888/438/226 2904/455/207
f 2888/438/226 2889/439/231 2905/456/231
f 2889/439/231 2890/440/210 2906/457/210
f 2891/441/107 2907/458/107 2906/457/210
f 2876/424/213 2892/442/213 2907/458/107
f 2893/443/214 2909/460/214 2908/459/213
f 2894/444/222 2910/461/222 2909/460/214
f 2895/446/227 2911/463/876 2910/461/222
f 2896/462/191 2912/479/191 2911/463/876
f 2897/448/193 2913/465/193 2912/464/191
f 2898/450/237 2914/467/237 2913/465/193
f 2898/450/237 2899/449/233 2915/466/233
f 2899/449/233 2900/451/199 2916/468/199
f 2900/451/199 2901/452/234 2917/469/234
f 2901/452/234 2902/453/224 2918/470/890
f 2902/453/224 2903/454/239 2919/471/225
f 2903/454/239 2904/455/207 2920/472/226
f 2904/455/207 2905/456/231 2921/473/420
f 2905/456/231 2906/457/210 2922/474/210
f 2907/458/107 2923/475/107 2922/474/210
f 2892/442/213 2908/459/213 2923/475/107
f 2909/460/214 2925/477/214 2924/476/213
f 2910/461/222 2926/478/222 2925/477/214
f 2911/463/876 2927/480/104 2926/478/222
f 2912/479/191 2928/496/881 2927/480/104
f 2913/465/193 2929/482/193 2928/481/881
f 2914/467/237 2930/484/237 2929/482/193
f 2914/467/237 2915/466/233 2931/483/233
f 2915/466/233 2916/468/199 2932/485/199
f 2916/468/199 2917/469/234 2933/486/234
f 2917/469/234 2918/470/890 2934/487/224
f 2918/470/890 2919/471/225 2935/488/220
f 2919/471/225 2920/472/226 2936/489/226
f 2920/472/226 2921/473/420 2937/490/209
f 2921/473/420 2922/474/210 2938/491/210
f 2923/475/107 2939/492/107 2938/491/210
f 2908/459/213 2924/476/213 2939/492/107
f 2925/477/214 2941/494/214 2940/493/213
f 2926/478/222 2942/495/419 2941/494/214
f 2927/480/104 2943/497/104 2942/495/419
f 2928/496/881 2944/513/228 2943/497/104
f 2929/482/193 2945/499/193 2944/498/228
f 2930/484/237 2946/501/237 2945/499/193
f 2930/484/237 2931/483/233 2947/500/233
f 2931/483/233 2932/485/199 2948/502/199
f 2932/485/199 2933/486/234 2949/503/234
f 2933/486/234 2934/487/224 2950/504/224
f 2934/487/224 2935/488/220 2951/505/877
f 2935/488/220 2936/489/226 2952/506/879
f 2936/489/226 2937/490/209 2953/507/209
f 2937/490/209 2938/491/210 2954/508/210
f 2939/492/107 2955/509/211 2954/508/210
f 2924/476/213 2940/493/213 2955/509/211
f 2941/494/214 2957/511/214 2956/510/213
f 2942/495/419 2958/512/222 2957/511/214
f 2943/497/104 2959/514/104 2958/512/222
f 2944/513/228 2960/530/228 2959/514/104
f 2945/499/193 2961/516/193 2960/515/228
f 2946/501/237 2962/518/237 2961/516/193
f 2946/501/237 2947/500/233 2963/517/233
f 2947/500/233 2948/502/199 2964/519/199
f 2948/502/199 2949/503/234 2965/520/234
f 2949/503/234 2950/504/224 2966/521/880
f 2950/504/224 2951/505/877 2967/522/220
f 2951/505/877 2952/506/879 2968/523/226
f 2952/506/879 2953/507/209 2969/524/231
f 2953/507/209 2954/508/210 2970/525/210
f 2955/509/211 2971/526/211 2970/525/210
f 2940/493/213 2956/510/213 2971/526/211
f 2957/511/214 2973/528/214 2972/527/213
f 2958/512/222 2974/529/222 2973/528/214
f 2959/514/104 2975/531/104 2974/529/222
f 2960/530/228 2976/547/878 2975/531/104
f 2961/516/193 2977/533/193 2976/532/878
f 2962/518/237 2978/535/195 2977/533/193
f 2962/518/237 2963/517/233 2979/534/233
f 2963/517/233 2964/519/199 2980/536/882
f 2964/519/199 2965/520/234 2981/537/218
f 2965/520/234 2966/521/880 2982/538/890
f 2966/521/880 2967/522/220 2983/539/220
f 2967/522/220 2968/523/226 2984/540/221
f 2968/523/226 2969/524/231 2985/541/231
f 2969/524/231 2970/525/210 2986/542/210
f 2971/526/211 2987/543/211 2986/542/210
f 2956/510/213 2972/527/213 2987/543/211
f 2973/528/214 2989/545/214 2988/544/213
f 2974/529/222 2990/546/419 2989/545/214
f 2975/531/104 2991/548/104 2990/546/419
f 2976/547/878 2992/561/422 2991/548/104
f 2977/533/193 2993/550/193 2992/549/422
f 2978/535/195 2994/552/237 2993/550/193
f 2978/535/195 2979/534/233 2995/551/217
f 2979/534/233 2980/536/882 2996/553/199
f 2980/536/882 2981/537/218 2997/554/234
f 2981/537/218 2982/538/890 2998/555/224
f 2982/538/890 2983/539/220 2999/556/220
f 2983/539/220 2984/540/221 3000/557/226
f 2984/540/221 2985/541/231 3001/558/209
f 2985/541/231 2986/542/210 3002/559/210
f 2987/543/211 3003/560/211 3002/559/210
f 2972/527/213 2988/544/213 3003/560/211
f 2989/545/214 3005/359/655 3004/361/886
f 2990/546/419 3006/362/656 3005/359/655
f 2991/548/104 3007/364/869 3006/362/656
f 2992/561/422 3008/366/659 3007/364/869
f 2993/550/193 3009/368/193 3008/370/659
f 2994/552/237 3010/371/237 3009/368/193
f 2994/552/237 2995/551/217 3011/375/66
f 2995/551/217 2996/553/199 3012/377/704
f 2996/553/199 2997/554/234 3013/379/201
f 2997/554/234 2998/555/224 3014/381/224
f 2998/555/224 2999/556/220 3015/383/887
f 2999/556/220 3000/557/226 3016/385/226
f 3000/557/226 3001/558/209 3017/387/209
f 3001/558/209 3002/559/210 3018/390/210
f 3003/560/211 3019/389/211 3018/390/210
f 2988/544/213 3004/361/886 3019/389/211
f 3020/260/891 3021/263/112 3037/261/112
f 3021/263/112 3022/265/114 3038/264/113
f 3022/265/114 3023/268/115 3039/266/115
f 3024/267/118 3040/1452/118 3039/266/115
f 3024/269/118 3025/272/119 3041/270/119
f 3025/272/119 3026/275/120 3042/273/120
f 3027/274/121 3043/277/121 3042/273/120
f 3028/276/892 3044/279/125 3043/277/121
f 3029/278/124 3045/281/641 3044/279/125
f 3030/280/126 3046/283/129 3045/281/641
f 3031/282/847 3047/285/128 3046/283/129
f 3031/282/847 3032/287/132 3048/284/130
f 3033/286/131 3049/289/134 3048/284/130
f 3034/288/133 3050/291/642 3049/289/134
f 3034/288/133 3035/292/135 3051/290/135
f 3035/292/135 3020/260/891 3036/262/111
f 3037/293/136 3053/297/140 3052/294/137
f 3038/296/139 3054/299/644 3053/297/140
f 3039/298/849 3055/301/144 3054/299/644
f 3040/300/143 3056/1453/146 3055/301/144
f 3041/302/145 3057/306/852 3056/303/146
f 3042/305/147 3058/308/150 3057/306/852
f 3042/305/147 3043/309/151 3059/307/853
f 3043/309/151 3044/311/893 3060/310/855
f 3044/311/893 3045/313/155 3061/312/154
f 3045/313/155 3046/315/157 3062/314/156
f 3046/315/157 3047/317/159 3063/316/158
f 3047/317/159 3048/319/161 3064/318/160
f 3048/319/161 3049/321/163 3065/320/162
f 3049/321/163 3050/324/166 3066/322/164
f 3051/323/165 3067/325/645 3066/322/164
f 3036/295/138 3052/294/137 3067/325/645
f 3053/326/140 3069/330/646 3068/327/168
f 3054/329/644 3070/332/170 3069/330/646
f 3055/331/144 3071/334/171 3070/332/170
f 3056/333/146 3072/1454/860 3071/334/171
f 3057/335/852 3073/339/173 3072/336/860
f 3058/338/150 3074/341/175 3073/339/173
f 3058/338/150 3059/342/853 3075/340/174
f 3059/342/853 3060/344/855 3076/343/176
f 3060/344/855 3061/346/154 3077/345/894
f 3061/346/154 3062/348/156 3078/347/895
f 3062/348/156 3063/350/158 3079/349/179
f 3063/350/158 3064/352/160 3080/351/653
f 3064/352/160 3065/354/162 3081/353/181
f 3065/354/162 3066/357/164 3082/355/182
f 3067/356/645 3083/358/183 3082/355/182
f 3052/328/137 3068/327/168 3083/358/183
f 3245/359/896 3085/363/188 3084/360/867
f 3246/362/656 3086/365/190 3085/363/188
f 3247/364/189 3087/367/192 3086/365/190
f 3248/366/228 3088/1455/897 3087/367/192
f 3249/368/193 3089/372/196 3088/369/897
f 3250/371/195 3090/374/195 3089/372/196
f 3250/371/195 3251/375/66 3091/373/110
f 3251/375/66 3252/377/704 3092/376/662
f 3252/377/704 3253/379/201 3093/378/200
f 3253/379/201 3254/381/224 3094/380/898
f 3254/381/224 3255/383/205 3095/382/873
f 3255/383/205 3256/385/226 3096/384/666
f 3256/385/226 3257/387/209 3097/386/208
f 3257/387/209 3258/390/210 3098/388/210
f 3259/389/211 3099/391/212 3098/388/210
f 3244/361/886 3084/360/867 3099/391/212
f 3069/392/646 3101/396/214 3100/393/213
f 3070/395/170 3102/398/899 3101/396/214
f 3071/397/171 3103/400/104 3102/398/899
f 3072/399/860 3104/427/191 3103/400/104
f 3073/401/173 3105/405/193 3104/402/191
f 3074/404/175 3106/430/237 3105/405/193
f 3107/406/217 3106/430/237 3074/404/175
f 3108/408/199 3107/406/217 3075/407/174
f 3109/410/218 3108/408/199 3076/409/176
f 3110/412/900 3109/410/218 3077/411/894
f 3111/414/220 3110/412/900 3078/413/895
f 3112/416/226 3111/414/220 3079/415/179
f 3113/418/420 3112/416/226 3080/417/653
f 3114/420/210 3113/418/420 3081/419/181
f 3083/422/183 3115/423/211 3114/420/210
f 3068/394/168 3100/393/213 3115/423/211
f 3101/396/214 3117/425/214 3116/424/213
f 3102/398/899 3118/426/222 3117/425/214
f 3103/400/104 3119/428/227 3118/426/222
f 3104/427/191 3120/445/228 3119/428/227
f 3105/405/193 3121/431/193 3120/429/228
f 3106/430/237 3122/433/237 3121/431/193
f 3106/430/237 3107/406/217 3123/432/217
f 3107/406/217 3108/408/199 3124/434/199
f 3108/408/199 3109/410/218 3125/435/218
f 3109/410/218 3110/412/900 3126/436/224
f 3110/412/900 3111/414/220 3127/437/220
f 3111/414/220 3112/416/226 3128/438/221
f 3112/416/226 3113/418/420 3129/439/420
f 3113/418/420 3114/420/210 3130/440/210
f 3115/423/211 3131/441/211 3130/440/210
f 3100/393/213 3116/424/213 3131/441/211
f 3117/425/214 3133/443/214 3132/442/213
f 3118/426/222 3134/444/229 3133/443/214
f 3119/428/227 3135/446/104 3134/444/229
f 3120/445/228 3136/462/191 3135/446/104
f 3121/431/193 3137/448/193 3136/447/191
f 3122/433/237 3138/450/237 3137/448/193
f 3122/433/237 3123/432/217 3139/449/217
f 3123/432/217 3124/434/199 3140/451/199
f 3124/434/199 3125/435/218 3141/452/218
f 3125/435/218 3126/436/224 3142/453/224
f 3126/436/224 3127/437/220 3143/454/220
f 3127/437/220 3128/438/221 3144/455/226
f 3128/438/221 3129/439/420 3145/456/209
f 3129/439/420 3130/440/210 3146/457/210
f 3131/441/211 3147/458/211 3146/457/210
f 3116/424/213 3132/442/213 3147/458/211
f 3133/443/214 3149/460/214 3148/459/213
f 3134/444/229 3150/461/419 3149/460/214
f 3135/446/104 3151/463/104 3150/461/419
f 3136/462/191 3152/479/191 3151/463/104
f 3137/448/193 3153/465/193 3152/464/191
f 3138/450/237 3154/467/195 3153/465/193
f 3138/450/237 3139/449/217 3155/466/217
f 3139/449/217 3140/451/199 3156/468/199
f 3140/451/199 3141/452/218 3157/469/234
f 3141/452/218 3142/453/224 3158/470/224
f 3142/453/224 3143/454/220 3159/471/220
f 3143/454/220 3144/455/226 3160/472/226
f 3144/455/226 3145/456/209 3161/473/209
f 3145/456/209 3146/457/210 3162/474/210
f 3147/458/211 3163/475/211 3162/474/210
f 3132/442/213 3148/459/213 3163/475/211
f 3149/460/214 3165/477/214 3164/476/213
f 3150/461/419 3166/478/229 3165/477/214
f 3151/463/104 3167/480/104 3166/478/229
f 3152/479/191 3168/496/223 3167/480/104
f 3153/465/193 3169/482/193 3168/481/223
f 3154/467/195 3170/484/195 3169/482/193
f 3154/467/195 3155/466/217 3171/483/217
f 3155/466/217 3156/468/199 3172/485/199
f 3156/468/199 3157/469/234 3173/486/230
f 3157/469/234 3158/470/224 3174/487/224
f 3158/470/224 3159/471/220 3175/488/220
f 3159/471/220 3160/472/226 3176/489/226
f 3160/472/226 3161/473/209 3177/490/420
f 3161/473/209 3162/474/210 3178/491/210
f 3163/475/211 3179/492/211 3178/491/210
f 3148/459/213 3164/476/213 3179/492/211
f 3165/477/214 3181/494/214 3180/493/213
f 3166/478/229 3182/495/229 3181/494/214
f 3167/480/104 3183/497/104 3182/495/229
f 3168/496/223 3184/513/228 3183/497/104
f 3169/482/193 3185/499/193 3184/498/228
f 3170/484/195 3186/501/195 3185/499/193
f 3170/484/195 3171/483/217 3187/500/233
f 3171/483/217 3172/485/199 3188/502/199
f 3172/485/199 3173/486/230 3189/503/218
f 3173/486/230 3174/487/224 3190/504/224
f 3174/487/224 3175/488/220 3191/505/220
f 3175/488/220 3176/489/226 3192/506/226
f 3176/489/226 3177/490/420 3193/507/209
f 3177/490/420 3178/491/210 3194/508/210
f 3179/492/211 3195/509/211 3194/508/210
f 3164/476/213 3180/493/213 3195/509/211
f 3181/494/214 3197/511/214 3196/510/213
f 3182/495/229 3198/512/419 3197/511/214
f 3183/497/104 3199/514/104 3198/512/419
f 3184/513/228 3200/530/191 3199/514/104
f 3185/499/193 3201/516/193 3200/515/191
f 3186/501/195 3202/518/237 3201/516/193
f 3186/501/195 3187/500/233 3203/517/217
f 3187/500/233 3188/502/199 3204/519/199
f 3188/502/199 3189/503/218 3205/520/218
f 3189/503/218 3190/504/224 3206/521/224
f 3190/504/224 3191/505/220 3207/522/220
f 3191/505/220 3192/506/226 3208/523/226
f 3192/506/226 3193/507/209 3209/524/209
f 3193/507/209 3194/508/210 3210/525/210
f 3195/509/211 3211/526/211 3210/525/210
f 3180/493/213 3196/510/213 3211/526/211
f 3197/511/214 3213/528/214 3212/527/213
f 3198/512/419 3214/529/229 3213/528/214
f 3199/514/104 3215/531/104 3214/529/229
f 3200/530/191 3216/547/228 3215/531/104
f 3201/516/193 3217/533/193 3216/532/228
f 3202/518/237 3218/535/195 3217/533/193
f 3202/518/237 3203/517/217 3219/534/233
f 3203/517/217 3204/519/199 3220/536/199
f 3204/519/199 3205/520/218 3221/537/218
f 3205/520/218 3206/521/224 3222/538/224
f 3206/521/224 3207/522/220 3223/539/220
f 3207/522/220 3208/523/226 3224/540/221
f 3208/523/226 3209/524/209 3225/541/209
f 3209/524/209 3210/525/210 3226/542/210
f 3211/526/211 3227/543/211 3226/542/210
f 3196/510/213 3212/527/213 3227/543/211
f 3213/528/214 3229/545/214 3228/544/213
f 3214/529/229 3230/546/229 3229/545/214
f 3215/531/104 3231/548/104 3230/546/229
f 3216/547/228 3232/561/881 3231/548/104
f 3217/533/193 3233/550/193 3232/549/881
f 3218/535/195 3234/552/195 3233/550/193
f 3218/535/195 3219/534/233 3235/551/217
f 3219/534/233 3220/536/199 3236/553/199
f 3220/536/199 3221/537/218 3237/554/218
f 3221/537/218 3222/538/224 3238/555/203
f 3222/538/224 3223/539/220 3239/556/220
f 3223/539/220 3224/540/221 3240/557/226
f 3224/540/221 3225/541/209 3241/558/209
f 3225/541/209 3226/542/210 3242/559/238
f 3227/543/211 3243/560/211 3242/559/238
f 3212/527/213 3228/544/213 3243/560/211
f 3229/545/214 3245/359/896 3244/361/886
f 3230/546/229 3246/362/656 3245/359/896
f 3231/548/104 3247/364/189 3246/362/656
f 3232/561/881 3248/366/228 3247/364/189
f 3233/550/193 3249/368/193 3248/370/228
f 3234/552/195 3250/371/195 3249/368/193
f 3234/552/195 3235/551/217 3251/375/66
f 3235/551/217 3236/553/199 3252/377/704
f 3236/553/199 3237/554/218 3253/379/201
f 3237/554/218 3238/555/203 3254/381/224
f 3238/555/203 3239/556/220 3255/383/205
f 3239/556/220 3240/557/226 3256/385/226
f 3240/557/226 3241/558/209 3257/387/209
f 3241/558/209 3242/559/238 3258/390/210
f 3243/560/211 3259/389/211 3258/390/210
f 3228/544/213 3244/361/886 3259/389/211
f 3260/260/111 3261/263/112 3277/261/112
f 3261/263/112 3262/265/114 3278/264/113
f 3262/265/114 3263/268/115 3279/266/115
f 3264/267/116 3280/1452/116 3279/266/115
f 3264/269/116 3265/272/119 3281/270/119
f 3265/272/119 3266/275/122 3282/273/120
f 3267/274/121 3283/277/121 3282/273/120
f 3268/276/892 3284/279/125 3283/277/121
f 3269/278/124 3285/281/641 3284/279/125
f 3270/280/126 3286/283/129 3285/281/641
f 3271/282/128 3287/285/128 3286/283/129
f 3271/282/128 3272/287/132 3288/284/130
f 3273/286/131 3289/289/134 3288/284/130
f 3274/288/133 3290/291/133 3289/289/134
f 3274/288/133 3275/292/135 3291/290/135
f 3275/292/135 3260/260/111 3276/262/111
f 3277/293/136 3293/297/140 3292/294/137
f 3278/296/139 3294/299/901 3293/297/140
f 3279/298/141 3295/301/850 3294/299/901
f 3280/300/902 3296/1453/146 3295/301/850
f 3281/302/145 3297/306/148 3296/303/146
f 3282/305/147 3298/308/150 3297/306/148
f 3282/305/147 3283/309/151 3299/307/149
f 3283/309/151 3284/311/153 3300/310/855
f 3284/311/153 3285/313/155 3301/312/154
f 3285/313/155 3286/315/157 3302/314/156
f 3286/315/157 3287/317/159 3303/316/158
f 3287/317/159 3288/319/161 3304/318/160
f 3288/319/161 3289/321/163 3305/320/162
f 3289/321/163 3290/324/166 3306/322/164
f 3291/323/165 3307/325/645 3306/322/164
f 3276/295/138 3292/294/137 3307/325/645
f 3293/326/140 3309/330/646 3308/327/168
f 3294/329/901 3310/332/170 3309/330/646
f 3295/331/850 3311/334/884 3310/332/170
f 3296/333/146 3312/1454/860 3311/334/884
f 3297/335/148 3313/339/173 3312/336/860
f 3298/338/150 3314/341/175 3313/339/173
f 3298/338/150 3299/342/149 3315/340/174
f 3299/342/149 3300/344/855 3316/343/176
f 3300/344/855 3301/346/154 3317/345/894
f 3301/346/154 3302/348/156 3318/347/895
f 3302/348/156 3303/350/158 3319/349/179
f 3303/350/158 3304/352/160 3320/351/903
f 3304/352/160 3305/354/162 3321/353/181
f 3305/354/162 3306/357/164 3322/355/182
f 3307/356/645 3323/358/654 3322/355/182
f 3292/328/137 3308/327/168 3323/358/654
f 3485/359/655 3325/363/188 3324/360/867
f 3486/362/656 3326/365/190 3325/363/188
f 3487/364/904 3327/367/406 3326/365/190
f 3488/366/228 3328/1455/905 3327/367/406
f 3489/368/193 3329/372/196 3328/369/905
f 3490/371/237 3330/374/237 3329/372/196
f 3490/371/237 3491/375/66 3331/373/110
f 3491/375/66 3492/377/704 3332/376/198
f 3492/377/704 3493/379/201 3333/378/200
f 3493/379/201 3494/381/203 3334/380/872
f 3494/381/203 3495/383/205 3335/382/204
f 3495/383/205 3496/385/226 3336/384/206
f 3496/385/226 3497/387/209 3337/386/208
f 3497/387/209 3498/390/210 3338/388/210
f 3499/389/211 3339/391/212 3338/388/210
f 3484/361/677 3324/360/867 3339/391/212
f 3309/392/646 3341/396/214 3340/393/213
f 3310/395/170 3342/398/899 3341/396/214
f 3311/397/884 3343/400/104 3342/398/899
f 3312/399/860 3344/427/191 3343/400/104
f 3313/401/173 3345/405/193 3344/402/191
f 3314/404/175 3346/430/237 3345/405/193
f 3347/406/233 3346/430/237 3314/404/175
f 3348/408/199 3347/406/233 3315/407/174
f 3349/410/218 3348/408/199 3316/409/176
f 3350/412/906 3349/410/218 3317/411/894
f 3351/414/220 3350/412/906 3318/413/895
f 3352/416/226 3351/414/220 3319/415/179
f 3353/418/231 3352/416/226 3320/417/903
f 3354/420/210 3353/418/231 3321/419/181
f 3323/422/654 3355/423/107 3354/420/210
f 3308/394/168 3340/393/213 3355/423/107
f 3341/396/214 3357/425/214 3356/424/213
f 3342/398/899 3358/426/419 3357/425/214
f 3343/400/104 3359/428/104 3358/426/419
f 3344/427/191 3360/445/191 3359/428/104
f 3345/405/193 3361/431/193 3360/429/191
f 3346/430/237 3362/433/237 3361/431/193
f 3346/430/237 3347/406/233 3363/432/233
f 3347/406/233 3348/408/199 3364/434/199
f 3348/408/199 3349/410/218 3365/435/218
f 3349/410/218 3350/412/906 3366/436/224
f 3350/412/906 3351/414/220 3367/437/220
f 3351/414/220 3352/416/226 3368/438/226
f 3352/416/226 3353/418/231 3369/439/420
f 3353/418/231 3354/420/210 3370/440/210
f 3355/423/107 3371/441/211 3370/440/210
f 3340/393/213 3356/424/213 3371/441/211
f 3357/425/214 3373/443/214 3372/442/213
f 3358/426/419 3374/444/419 3373/443/214
f 3359/428/104 3375/446/104 3374/444/419
f 3360/445/191 3376/462/191 3375/446/104
f 3361/431/193 3377/448/193 3376/447/191
f 3362/433/237 3378/450/195 3377/448/193
f 3362/433/237 3363/432/233 3379/449/233
f 3363/432/233 3364/434/199 3380/451/199
f 3364/434/199 3365/435/218 3381/452/218
f 3365/435/218 3366/436/224 3382/453/224
f 3366/436/224 3367/437/220 3383/454/220
f 3367/437/220 3368/438/226 3384/455/226
f 3368/438/226 3369/439/420 3385/456/231
f 3369/439/420 3370/440/210 3386/457/210
f 3371/441/211 3387/458/211 3386/457/210
f 3356/424/213 3372/442/213 3387/458/211
f 3373/443/214 3389/460/214 3388/459/213
f 3374/444/419 3390/461/222 3389/460/214
f 3375/446/104 3391/463/104 3390/461/222
f 3376/462/191 3392/479/191 3391/463/104
f 3377/448/193 3393/465/193 3392/464/191
f 3378/450/195 3394/467/237 3393/465/193
f 3378/450/195 3379/449/233 3395/466/233
f 3379/449/233 3380/451/199 3396/468/199
f 3380/451/199 3381/452/218 3397/469/218
f 3381/452/218 3382/453/224 3398/470/224
f 3382/453/224 3383/454/220 3399/471/220
f 3383/454/220 3384/455/226 3400/472/226
f 3384/455/226 3385/456/231 3401/473/231
f 3385/456/231 3386/457/210 3402/474/210
f 3387/458/211 3403/475/107 3402/474/210
f 3372/442/213 3388/459/213 3403/475/107
f 3389/460/214 3405/477/214 3404/476/213
f 3390/461/222 3406/478/229 3405/477/214
f 3391/463/104 3407/480/104 3406/478/229
f 3392/479/191 3408/496/228 3407/480/104
f 3393/465/193 3409/482/193 3408/481/228
f 3394/467/237 3410/484/195 3409/482/193
f 3394/467/237 3395/466/233 3411/483/217
f 3395/466/233 3396/468/199 3412/485/199
f 3396/468/199 3397/469/218 3413/486/230
f 3397/469/218 3398/470/224 3414/487/224
f 3398/470/224 3399/471/220 3415/488/225
f 3399/471/220 3400/472/226 3416/489/226
f 3400/472/226 3401/473/231 3417/490/231
f 3401/473/231 3402/474/210 3418/491/210
f 3403/475/107 3419/492/107 3418/491/210
f 3388/459/213 3404/476/213 3419/492/107
f 3405/477/214 3421/494/236 3420/493/213
f 3406/478/229 3422/495/229 3421/494/236
f 3407/480/104 3423/497/104 3422/495/229
f 3408/496/228 3424/513/422 3423/497/104
f 3409/482/193 3425/499/193 3424/498/422
f 3410/484/195 3426/501/195 3425/499/193
f 3410/484/195 3411/483/217 3427/500/233
f 3411/483/217 3412/485/199 3428/502/199
f 3412/485/199 3413/486/230 3429/503/218
f 3413/486/230 3414/487/224 3430/504/224
f 3414/487/224 3415/488/225 3431/505/907
f 3415/488/225 3416/489/226 3432/506/226
f 3416/489/226 3417/490/231 3433/507/209
f 3417/490/231 3418/491/210 3434/508/210
f 3419/492/107 3435/509/211 3434/508/210
f 3404/476/213 3420/493/213 3435/509/211
f 3421/494/236 3437/511/214 3436/510/213
f 3422/495/229 3438/512/229 3437/511/214
f 3423/497/104 3439/514/104 3438/512/229
f 3424/513/422 3440/530/422 3439/514/104
f 3425/499/193 3441/516/193 3440/515/422
f 3426/501/195 3442/518/237 3441/516/193
f 3426/501/195 3427/500/233 3443/517/233
f 3427/500/233 3428/502/199 3444/519/199
f 3428/502/199 3429/503/218 3445/520/218
f 3429/503/218 3430/504/224 3446/521/224
f 3430/504/224 3431/505/907 3447/522/220
f 3431/505/907 3432/506/226 3448/523/226
f 3432/506/226 3433/507/209 3449/524/209
f 3433/507/209 3434/508/210 3450/525/210
f 3435/509/211 3451/526/211 3450/525/210
f 3420/493/213 3436/510/213 3451/526/211
f 3437/511/214 3453/528/214 3452/527/213
f 3438/512/229 3454/529/229 3453/528/214
f 3439/514/104 3455/531/104 3454/529/229
f 3440/530/422 3456/547/191 3455/531/104
f 3441/516/193 3457/533/193 3456/532/191
f 3442/518/237 3458/535/195 3457/533/193
f 3442/518/237 3443/517/233 3459/534/233
f 3443/517/233 3444/519/199 3460/536/199
f 3444/519/199 3445/520/218 3461/537/218
f 3445/520/218 3446/521/224 3462/538/224
f 3446/521/224 3447/522/220 3463/539/220
f 3447/522/220 3448/523/226 3464/540/226
f 3448/523/226 3449/524/209 3465/541/209
f 3449/524/209 3450/525/210 3466/542/210
f 3451/526/211 3467/543/211 3466/542/210
f 3436/510/213 3452/527/213 3467/543/211
f 3453/528/214 3469/545/214 3468/544/213
f 3454/529/229 3470/546/229 3469/545/214
f 3455/531/104 3471/548/104 3470/546/229
f 3456/547/191 3472/561/228 3471/548/104
f 3457/533/193 3473/550/193 3472/549/228
f 3458/535/195 3474/552/237 3473/550/193
f 3458/535/195 3459/534/233 3475/551/233
f 3459/534/233 3460/536/199 3476/553/199
f 3460/536/199 3461/537/218 3477/554/218
f 3461/537/218 3462/538/224 3478/555/224
f 3462/538/224 3463/539/220 3479/556/220
f 3463/539/220 3464/540/226 3480/557/221
f 3464/540/226 3465/541/209 3481/558/420
f 3465/541/209 3466/542/210 3482/559/210
f 3467/543/211 3483/560/211 3482/559/210
f 3452/527/213 3468/544/213 3483/560/211
f 3469/545/214 3485/359/655 3484/361/677
f 3470/546/229 3486/362/656 3485/359/655
f 3471/548/104 3487/364/904 3486/362/656
f 3472/561/228 3488/366/228 3487/364/904
f 3473/550/193 3489/368/193 3488/370/228
f 3474/552/237 3490/371/237 3489/368/193
f 3474/552/237 3475/551/233 3491/375/66
f 3475/551/233 3476/553/199 3492/377/704
f 3476/553/199 3477/554/218 3493/379/201
f 3477/554/218 3478/555/224 3494/381/203
f 3478/555/224 3479/556/220 3495/383/205
f 3479/556/220 3480/557/221 3496/385/226
f 3480/557/221 3481/558/420 3497/387/209
f 3481/558/420 3482/559/210 3498/390/210
f 3483/560/211 3499/389/211 3498/390/210
f 3468/544/213 3484/361/677 3499/389/211
f 3500/260/891 3501/263/112 3517/261/112
f 3501/263/112 3502/265/114 3518/264/113
f 3502/265/114 3503/268/115 3519/266/115
f 3504/267/116 3520/1452/116 3519/266/115
f 3504/269/116 3505/272/119 3521/270/117
f 3505/272/119 3506/275/122 3522/273/120
f 3507/274/639 3523/277/639 3522/273/120
f 3508/276/123 3524/279/640 3523/277/639
f 3509/278/124 3525/281/641 3524/279/640
f 3510/280/126 3526/283/129 3525/281/641
f 3511/282/128 3527/285/128 3526/283/129
f 3511/282/128 3512/287/132 3528/284/130
f 3513/286/131 3529/289/134 3528/284/130
f 3514/288/642 3530/291/642 3529/289/134
f 3514/288/642 3515/292/643 3531/290/643
f 3515/292/643 3500/260/891 3516/262/111
f 3517/293/848 3533/297/140 3532/294/137
f 3518/296/139 3534/299/644 3533/297/140
f 3519/298/141 3535/301/144 3534/299/644
f 3520/300/143 3536/1453/146 3535/301/144
f 3521/302/145 3537/306/852 3536/303/146
f 3522/305/147 3538/308/150 3537/306/852
f 3522/305/147 3523/309/151 3539/307/853
f 3523/309/151 3524/311/153 3540/310/152
f 3524/311/153 3525/313/155 3541/312/154
f 3525/313/155 3526/315/157 3542/314/156
f 3526/315/157 3527/317/159 3543/316/158
f 3527/317/159 3528/319/161 3544/318/160
f 3528/319/161 3529/321/163 3545/320/162
f 3529/321/163 3530/324/166 3546/322/908
f 3531/323/165 3547/325/645 3546/322/908
f 3516/295/138 3532/294/137 3547/325/645
f 3533/326/140 3549/330/646 3548/327/168
f 3534/329/644 3550/332/909 3549/330/646
f 3535/331/144 3551/334/171 3550/332/909
f 3536/333/146 3552/1454/860 3551/334/171
f 3537/335/852 3553/339/173 3552/336/860
f 3538/338/150 3554/341/175 3553/339/173
f 3538/338/150 3539/342/853 3555/340/174
f 3539/342/853 3540/344/152 3556/343/176
f 3540/344/152 3541/346/154 3557/345/177
f 3541/346/154 3542/348/156 3558/347/895
f 3542/348/156 3543/350/158 3559/349/179
f 3543/350/158 3544/352/160 3560/351/180
f 3544/352/160 3545/354/162 3561/353/181
f 3545/354/162 3546/357/908 3562/355/182
f 3547/356/645 3563/358/183 3562/355/182
f 3532/328/137 3548/327/168 3563/358/183
f 3725/359/655 3565/363/657 3564/360/867
f 3726/362/656 3566/365/910 3565/363/657
f 3727/364/904 3567/367/192 3566/365/910
f 3728/366/228 3568/1455/905 3567/367/192
f 3729/368/193 3569/372/196 3568/369/905
f 3730/371/237 3570/374/237 3569/372/196
f 3730/371/237 3731/375/233 3571/373/110
f 3731/375/233 3732/377/199 3572/376/662
f 3732/377/199 3733/379/201 3573/378/200
f 3733/379/201 3734/381/224 3574/380/911
f 3734/381/224 3735/383/887 3575/382/204
f 3735/383/887 3736/385/226 3576/384/206
f 3736/385/226 3737/387/420 3577/386/208
f 3737/387/420 3738/390/210 3578/388/210
f 3739/389/211 3579/391/212 3578/388/210
f 3724/361/186 3564/360/867 3579/391/212
f 3549/392/646 3581/396/214 3580/393/213
f 3550/395/909 3582/398/215 3581/396/214
f 3551/397/171 3583/400/104 3582/398/215
f 3552/399/860 3584/427/216 3583/400/104
f 3553/401/173 3585/405/193 3584/402/216
f 3554/404/175 3586/430/237 3585/405/193
f 3587/406/233 3586/430/237 3554/404/175
f 3588/408/199 3587/406/233 3555/407/174
f 3589/410/218 3588/408/199 3556/409/176
f 3590/412/906 3589/410/218 3557/411/177
f 3591/414/220 3590/412/906 3558/413/895
f 3592/416/226 3591/414/220 3559/415/179
f 3593/418/209 3592/416/226 3560/417/180
f 3594/420/210 3593/418/209 3561/419/181
f 3563/422/183 3595/423/107 3594/420/210
f 3548/394/168 3580/393/213 3595/423/107
f 3581/396/214 3597/425/214 3596/424/213
f 3582/398/215 3598/426/899 3597/425/214
f 3583/400/104 3599/428/104 3598/426/899
f 3584/427/216 3600/445/191 3599/428/104
f 3585/405/193 3601/431/193 3600/429/191
f 3586/430/237 3602/433/237 3601/431/193
f 3586/430/237 3587/406/233 3603/432/233
f 3587/406/233 3588/408/199 3604/434/199
f 3588/408/199 3589/410/218 3605/435/218
f 3589/410/218 3590/412/906 3606/436/224
f 3590/412/906 3591/414/220 3607/437/220
f 3591/414/220 3592/416/226 3608/438/226
f 3592/416/226 3593/418/209 3609/439/209
f 3593/418/209 3594/420/210 3610/440/210
f 3595/423/107 3611/441/107 3610/440/210
f 3580/393/213 3596/424/213 3611/441/107
f 3597/425/214 3613/443/214 3612/442/213
f 3598/426/899 3614/444/419 3613/443/214
f 3599/428/104 3615/446/104 3614/444/419
f 3600/445/191 3616/462/191 3615/446/104
f 3601/431/193 3617/448/193 3616/447/191
f 3602/433/237 3618/450/195 3617/448/193
f 3602/433/237 3603/432/233 3619/449/233
f 3603/432/233 3604/434/199 3620/451/199
f 3604/434/199 3605/435/218 3621/452/218
f 3605/435/218 3606/436/224 3622/453/224
f 3606/436/224 3607/437/220 3623/454/220
f 3607/437/220 3608/438/226 3624/455/226
f 3608/438/226 3609/439/209 3625/456/209
f 3609/439/209 3610/440/210 3626/457/210
f 3611/441/107 3627/458/107 3626/457/210
f 3596/424/213 3612/442/213 3627/458/107
f 3613/443/214 3629/460/214 3628/459/213
f 3614/444/419 3630/461/419 3629/460/214
f 3615/446/104 3631/463/104 3630/461/419
f 3616/462/191 3632/479/216 3631/463/104
f 3617/448/193 3633/465/193 3632/464/216
f 3618/450/195 3634/467/237 3633/465/193
f 3618/450/195 3619/449/233 3635/466/233
f 3619/449/233 3620/451/199 3636/468/199
f 3620/451/199 3621/452/218 3637/469/234
f 3621/452/218 3622/453/224 3638/470/224
f 3622/453/224 3623/454/220 3639/471/220
f 3623/454/220 3624/455/226 3640/472/226
f 3624/455/226 3625/456/209 3641/473/420
f 3625/456/209 3626/457/210 3642/474/210
f 3627/458/107 3643/475/107 3642/474/210
f 3612/442/213 3628/459/213 3643/475/107
f 3629/460/214 3645/477/214 3644/476/213
f 3630/461/419 3646/478/229 3645/477/214
f 3631/463/104 3647/480/104 3646/478/229
f 3632/479/216 3648/496/912 3647/480/104
f 3633/465/193 3649/482/193 3648/481/912
f 3634/467/237 3650/484/237 3649/482/193
f 3634/467/237 3635/466/233 3651/483/233
f 3635/466/233 3636/468/199 3652/485/199
f 3636/468/199 3637/469/234 3653/486/234
f 3637/469/234 3638/470/224 3654/487/224
f 3638/470/224 3639/471/220 3655/488/220
f 3639/471/220 3640/472/226 3656/489/226
f 3640/472/226 3641/473/420 3657/490/231
f 3641/473/420 3642/474/210 3658/491/210
f 3643/475/107 3659/492/107 3658/491/210
f 3628/459/213 3644/476/213 3659/492/107
f 3645/477/214 3661/494/214 3660/493/213
f 3646/478/229 3662/495/229 3661/494/214
f 3647/480/104 3663/497/104 3662/495/229
f 3648/496/912 3664/513/228 3663/497/104
f 3649/482/193 3665/499/193 3664/498/228
f 3650/484/237 3666/501/195 3665/499/193
f 3650/484/237 3651/483/233 3667/500/233
f 3651/483/233 3652/485/199 3668/502/199
f 3652/485/199 3653/486/234 3669/503/234
f 3653/486/234 3654/487/224 3670/504/224
f 3654/487/224 3655/488/220 3671/505/220
f 3655/488/220 3656/489/226 3672/506/226
f 3656/489/226 3657/490/231 3673/507/209
f 3657/490/231 3658/491/210 3674/508/238
f 3659/492/107 3675/509/211 3674/508/238
f 3644/476/213 3660/493/213 3675/509/211
f 3661/494/214 3677/511/214 3676/510/213
f 3662/495/229 3678/512/229 3677/511/214
f 3663/497/104 3679/514/104 3678/512/229
f 3664/513/228 3680/530/422 3679/514/104
f 3665/499/193 3681/516/193 3680/515/422
f 3666/501/195 3682/518/195 3681/516/193
f 3666/501/195 3667/500/233 3683/517/233
f 3667/500/233 3668/502/199 3684/519/199
f 3668/502/199 3669/503/234 3685/520/234
f 3669/503/234 3670/504/224 3686/521/224
f 3670/504/224 3671/505/220 3687/522/235
f 3671/505/220 3672/506/226 3688/523/226
f 3672/506/226 3673/507/209 3689/524/209
f 3673/507/209 3674/508/238 3690/525/210
f 3675/509/211 3691/526/211 3690/525/210
f 3660/493/213 3676/510/213 3691/526/211
f 3677/511/214 3693/528/232 3692/527/213
f 3678/512/229 3694/529/419 3693/528/232
f 3679/514/104 3695/531/104 3694/529/419
f 3680/530/422 3696/547/228 3695/531/104
f 3681/516/193 3697/533/193 3696/532/228
f 3682/518/195 3698/535/195 3697/533/193
f 3682/518/195 3683/517/233 3699/534/233
f 3683/517/233 3684/519/199 3700/536/199
f 3684/519/199 3685/520/234 3701/537/218
f 3685/520/234 3686/521/224 3702/538/224
f 3686/521/224 3687/522/235 3703/539/220
f 3687/522/235 3688/523/226 3704/540/226
f 3688/523/226 3689/524/209 3705/541/209
f 3689/524/209 3690/525/210 3706/542/210
f 3691/526/211 3707/543/211 3706/542/210
f 3676/510/213 3692/527/213 3707/543/211
f 3693/528/232 3709/545/214 3708/544/213
f 3694/529/419 3710/546/229 3709/545/214
f 3695/531/104 3711/548/104 3710/546/229
f 3696/547/228 3712/561/228 3711/548/104
f 3697/533/193 3713/550/193 3712/549/228
f 3698/535/195 3714/552/237 3713/550/193
f 3698/535/195 3699/534/233 3715/551/233
f 3699/534/233 3700/536/199 3716/553/199
f 3700/536/199 3701/537/218 3717/554/218
f 3701/537/218 3702/538/224 3718/555/224
f 3702/538/224 3703/539/220 3719/556/220
f 3703/539/220 3704/540/226 3720/557/226
f 3704/540/226 3705/541/209 3721/558/209
f 3705/541/209 3706/542/210 3722/559/210
f 3707/543/211 3723/560/211 3722/559/210
f 3692/527/213 3708/544/213 3723/560/211
f 3709/545/214 3725/359/655 3724/361/186
f 3710/546/229 3726/362/656 3725/359/655
f 3711/548/104 3727/364/904 3726/362/656
f 3712/561/228 3728/366/228 3727/364/904
f 3713/550/193 3729/368/193 3728/370/228
f 3714/552/237 3730/371/237 3729/368/193
f 3714/552/237 3715/551/233 3731/375/233
f 3715/551/233 3716/553/199 3732/377/199
f 3716/553/199 3717/554/218 3733/379/201
f 3717/554/218 3718/555/224 3734/381/224
f 3718/555/224 3719/556/220 3735/383/887
f 3719/556/220 3720/557/226 3736/385/226
f 3720/557/226 3721/558/209 3737/387/420
f 3721/558/209 3722/559/210 3738/390/210
f 3723/560/211 3739/389/211 3738/390/210
f 3708/544/213 3724/361/186 3739/389/211
f 3740/260/891 3741/263/112 3757/261/638
f 3741/263/112 3742/265/114 3758/264/114
f 3742/265/114 3743/268/115 3759/266/115
f 3744/267/116 3760/1452/116 3759/266/115
f 3744/269/116 3745/272/119 3761/270/117
f 3745/272/119 3746/275/122 3762/273/122
f 3747/274/639 3763/277/639 3762/273/122
f 3748/276/123 3764/279/640 3763/277/639
f 3749/278/124 3765/281/641 3764/279/640
f 3750/280/126 3766/283/129 3765/281/641
f 3751/282/128 3767/285/128 3766/283/129
f 3751/282/128 3752/287/132 3768/284/130
f 3753/286/913 3769/289/914 3768/284/130
f 3754/288/133 3770/291/133 3769/289/914
f 3754/288/133 3755/292/135 3771/290/135
f 3755/292/135 3740/260/891 3756/262/111
f 3757/293/136 3773/297/140 3772/294/137
f 3758/296/139 3774/299/644 3773/297/140
f 3759/298/849 3775/301/144 3774/299/644
f 3760/300/143 3776/1453/851 3775/301/144
f 3761/302/145 3777/306/852 3776/303/851
f 3762/305/147 3778/308/150 3777/306/852
f 3762/305/147 3763/309/151 3779/307/149
f 3763/309/151 3764/311/153 3780/310/855
f 3764/311/153 3765/313/155 3781/312/154
f 3765/313/155 3766/315/157 3782/314/156
f 3766/315/157 3767/317/159 3783/316/158
f 3767/317/159 3768/319/161 3784/318/160
f 3768/319/161 3769/321/163 3785/320/162
f 3769/321/163 3770/324/166 3786/322/164
f 3771/323/165 3787/325/645 3786/322/164
f 3756/295/138 3772/294/137 3787/325/645
f 3773/326/140 3789/330/646 3788/327/168
f 3774/329/644 3790/332/170 3789/330/646
f 3775/331/144 3791/334/171 3790/332/170
f 3776/333/851 3792/1454/915 3791/334/171
f 3777/335/852 3793/339/916 3792/336/915
f 3778/338/150 3794/341/862 3793/339/916
f 3778/338/150 3779/342/149 3795/340/174
f 3779/342/149 3780/344/855 3796/343/176
f 3780/344/855 3781/346/154 3797/345/894
f 3781/346/154 3782/348/156 3798/347/895
f 3782/348/156 3783/350/158 3799/349/179
f 3783/350/158 3784/352/160 3800/351/180
f 3784/352/160 3785/354/162 3801/353/917
f 3785/354/162 3786/357/164 3802/355/182
f 3787/356/645 3803/358/183 3802/355/182
f 3772/328/137 3788/327/168 3803/358/183
f 3965/359/655 3805/363/657 3804/360/867
f 3966/362/187 3806/365/190 3805/363/657
f 3967/364/189 3807/367/406 3806/365/190
f 3968/366/422 3808/1455/407 3807/367/406
f 3969/368/193 3809/372/408 3808/369/407
f 3970/371/237 3810/374/237 3809/372/408
f 3970/371/237 3971/375/233 3811/373/110
f 3971/375/233 3972/377/199 3812/376/662
f 3972/377/199 3973/379/201 3813/378/200
f 3973/379/201 3974/381/203 3814/380/202
f 3974/381/203 3975/383/205 3815/382/204
f 3975/383/205 3976/385/226 3816/384/918
f 3976/385/226 3977/387/209 3817/386/919
f 3977/387/209 3978/390/210 3818/388/238
f 3979/389/211 3819/391/212 3818/388/238
f 3964/361/677 3804/360/867 3819/391/212
f 3789/392/646 3821/396/214 3820/393/213
f 3790/395/170 3822/398/920 3821/396/214
f 3791/397/171 3823/400/104 3822/398/920
f 3792/399/915 3824/427/191 3823/400/104
f 3793/401/916 3825/405/193 3824/402/191
f 3794/404/862 3826/430/237 3825/405/193
f 3827/406/233 3826/430/237 3794/404/862
f 3828/408/199 3827/406/233 3795/407/174
f 3829/410/218 3828/408/199 3796/409/176
f 3830/412/921 3829/410/218 3797/411/894
f 3831/414/220 3830/412/921 3798/413/895
f 3832/416/226 3831/414/220 3799/415/179
f 3833/418/420 3832/416/226 3800/417/180
f 3834/420/238 3833/418/420 3801/419/917
f 3803/422/183 3835/423/107 3834/420/238
f 3788/394/168 3820/393/213 3835/423/107
f 3821/396/214 3837/425/214 3836/424/213
f 3822/398/920 3838/426/899 3837/425/214
f 3823/400/104 3839/428/104 3838/426/899
f 3824/427/191 3840/445/878 3839/428/104
f 3825/405/193 3841/431/193 3840/429/878
f 3826/430/237 3842/433/237 3841/431/193
f 3826/430/237 3827/406/233 3843/432/233
f 3827/406/233 3828/408/199 3844/434/199
f 3828/408/199 3829/410/218 3845/435/218
f 3829/410/218 3830/412/921 3846/436/224
f 3830/412/921 3831/414/220 3847/437/220
f 3831/414/220 3832/416/226 3848/438/226
f 3832/416/226 3833/418/420 3849/439/231
f 3833/418/420 3834/420/238 3850/440/210
f 3835/423/107 3851/441/107 3850/440/210
f 3820/393/213 3836/424/213 3851/441/107
f 3837/425/214 3853/443/214 3852/442/213
f 3838/426/899 3854/444/229 3853/443/214
f 3839/428/104 3855/446/104 3854/444/229
f 3840/445/878 3856/462/191 3855/446/104
f 3841/431/193 3857/448/922 3856/447/191
f 3842/433/237 3858/450/237 3857/448/922
f 3842/433/237 3843/432/233 3859/449/233
f 3843/432/233 3844/434/199 3860/451/199
f 3844/434/199 3845/435/218 3861/452/218
f 3845/435/218 3846/436/224 3862/453/224
f 3846/436/224 3847/437/220 3863/454/220
f 3847/437/220 3848/438/226 3864/455/226
f 3848/438/226 3849/439/231 3865/456/420
f 3849/439/231 3850/440/210 3866/457/210
f 3851/441/107 3867/458/107 3866/457/210
f 3836/424/213 3852/442/213 3867/458/107
f 3853/443/214 3869/460/214 3868/459/213
f 3854/444/229 3870/461/229 3869/460/214
f 3855/446/104 3871/463/104 3870/461/229
f 3856/462/191 3872/479/228 3871/463/104
f 3857/448/922 3873/465/193 3872/464/228
f 3858/450/237 3874/467/237 3873/465/193
f 3858/450/237 3859/449/233 3875/466/233
f 3859/449/233 3860/451/199 3876/468/199
f 3860/451/199 3861/452/218 3877/469/218
f 3861/452/218 3862/453/224 3878/470/224
f 3862/453/224 3863/454/220 3879/471/235
f 3863/454/220 3864/455/226 3880/472/226
f 3864/455/226 3865/456/420 3881/473/420
f 3865/456/420 3866/457/210 3882/474/210
f 3867/458/107 3883/475/107 3882/474/210
f 3852/442/213 3868/459/213 3883/475/107
f 3869/460/214 3885/477/214 3884/476/213
f 3870/461/229 3886/478/229 3885/477/214
f 3871/463/104 3887/480/104 3886/478/229
f 3872/479/228 3888/496/875 3887/480/104
f 3873/465/193 3889/482/193 3888/481/875
f 3874/467/237 3890/484/237 3889/482/193
f 3874/467/237 3875/466/233 3891/483/233
f 3875/466/233 3876/468/199 3892/485/199
f 3876/468/199 3877/469/218 3893/486/218
f 3877/469/218 3878/470/224 3894/487/224
f 3878/470/224 3879/471/235 3895/488/220
f 3879/471/235 3880/472/226 3896/489/226
f 3880/472/226 3881/473/420 3897/490/231
f 3881/473/420 3882/474/210 3898/491/210
f 3883/475/107 3899/492/107 3898/491/210
f 3868/459/213 3884/476/213 3899/492/107
f 3885/477/214 3901/494/214 3900/493/213
f 3886/478/229 3902/495/229 3901/494/214
f 3887/480/104 3903/497/104 3902/495/229
f 3888/496/875 3904/513/228 3903/497/104
f 3889/482/193 3905/499/193 3904/498/228
f 3890/484/237 3906/501/195 3905/499/193
f 3890/484/237 3891/483/233 3907/500/233
f 3891/483/233 3892/485/199 3908/502/199
f 3892/485/199 3893/486/218 3909/503/218
f 3893/486/218 3894/487/224 3910/504/224
f 3894/487/224 3895/488/220 3911/505/235
f 3895/488/220 3896/489/226 3912/506/221
f 3896/489/226 3897/490/231 3913/507/420
f 3897/490/231 3898/491/210 3914/508/238
f 3899/492/107 3915/509/211 3914/508/238
f 3884/476/213 3900/493/213 3915/509/211
f 3901/494/214 3917/511/214 3916/510/213
f 3902/495/229 3918/512/229 3917/511/214
f 3903/497/104 3919/514/104 3918/512/229
f 3904/513/228 3920/530/228 3919/514/104
f 3905/499/193 3921/516/193 3920/515/228
f 3906/501/195 3922/518/237 3921/516/193
f 3906/501/195 3907/500/233 3923/517/233
f 3907/500/233 3908/502/199 3924/519/199
f 3908/502/199 3909/503/218 3925/520/218
f 3909/503/218 3910/504/224 3926/521/224
f 3910/504/224 3911/505/235 3927/522/225
f 3911/505/235 3912/506/221 3928/523/226
f 3912/506/221 3913/507/420 3929/524/209
f 3913/507/420 3914/508/238 3930/525/210
f 3915/509/211 3931/526/211 3930/525/210
f 3900/493/213 3916/510/213 3931/526/211
f 3917/511/214 3933/528/214 3932/527/213
f 3918/512/229 3934/529/229 3933/528/214
f 3919/514/104 3935/531/104 3934/529/229
f 3920/530/228 3936/547/422 3935/531/104
f 3921/516/193 3937/533/193 3936/532/422
f 3922/518/237 3938/535/195 3937/533/193
f 3922/518/237 3923/517/233 3939/534/233
f 3923/517/233 3924/519/199 3940/536/199
f 3924/519/199 3925/520/218 3941/537/218
f 3925/520/218 3926/521/224 3942/538/224
f 3926/521/224 3927/522/225 3943/539/220
f 3927/522/225 3928/523/226 3944/540/221
f 3928/523/226 3929/524/209 3945/541/209
f 3929/524/209 3930/525/210 3946/542/238
f 3931/526/211 3947/543/211 3946/542/238
f 3916/510/213 3932/527/213 3947/543/211
f 3933/528/214 3949/545/214 3948/544/213
f 3934/529/229 3950/546/229 3949/545/214
f 3935/531/104 3951/548/104 3950/546/229
f 3936/547/422 3952/561/228 3951/548/104
f 3937/533/193 3953/550/193 3952/549/228
f 3938/535/195 3954/552/237 3953/550/193
f 3938/535/195 3939/534/233 3955/551/233
f 3939/534/233 3940/536/199 3956/553/199
f 3940/536/199 3941/537/218 3957/554/218
f 3941/537/218 3942/538/224 3958/555/224
f 3942/538/224 3943/539/220 3959/556/220
f 3943/539/220 3944/540/221 3960/557/221
f 3944/540/221 3945/541/209 3961/558/209
f 3945/541/209 3946/542/238 3962/559/238
f 3947/543/211 3963/560/211 3962/559/238
f 3932/527/213 3948/544/213 3963/560/211
f 3949/545/214 3965/359/655 3964/361/677
f 3950/546/229 3966/362/187 3965/359/655
f 3951/548/104 3967/364/189 3966/362/187
f 3952/561/228 3968/366/422 3967/364/189
f 3953/550/193 3969/368/193 3968/370/422
f 3954/552/237 3970/371/237 3969/368/193
f 3954/552/237 3955/551/233 3971/375/233
f 3955/551/233 3956/553/199 3972/377/199
f 3956/553/199 3957/554/218 3973/379/201
f 3957/554/218 3958/555/224 3974/381/203
f 3958/555/224 3959/556/220 3975/383/205
f 3959/556/220 3960/557/221 3976/385/226
f 3960/557/221 3961/558/209 3977/387/209
f 3961/558/209 3962/559/238 3978/390/210
f 3963/560/211 3979/389/211 3978/390/210
f 3948/544/213 3964/361/677 3979/389/211
f 3987/50/4 3988/1393/4 3980/51/4
f 3982/53/30 3984/1394/30 3981/54/30
f 3989/56/31 3991/1395/31 3988/57/31
f 3982/59/32 3983/1396/32 3986/60/32
f 3989/62/33 3990/1397/33 3992/63/33
f 3990/67/1029 3985/1398/1029 3986/65/1029
f 3986/65/1 3983/1399/1 3992/66/1
f 3980/68/34 3988/1400/20 3991/69/34
f 3984/71/36 3989/1401/1030 3987/72/37
f 3991/74/34 3992/1402/35 3983/75/35
f 3990/77/39 3989/1401/1030 3984/71/36
f 3993/260/111 3994/263/112 4010/261/112
f 3994/263/112 3995/265/114 4011/264/114
f 3995/265/114 3996/268/115 4012/266/115
f 3997/267/116 4013/1452/118 4012/266/115
f 3997/269/116 3998/272/117 4014/270/117
f 3998/272/117 3999/275/120 4015/273/120
f 4000/274/121 4016/277/121 4015/273/120
f 4001/276/123 4017/279/125 4016/277/121
f 4002/278/124 4018/281/641 4017/279/125
f 4003/280/126 4019/283/129 4018/281/641
f 4004/282/128 4020/285/128 4019/283/129
f 4004/282/128 4005/287/132 4021/284/130
f 4006/286/131 4022/289/134 4021/284/130
f 4007/288/642 4023/291/923 4022/289/134
f 4007/288/642 4008/292/643 4024/290/643
f 4008/292/643 3993/260/111 4009/262/111
f 4010/293/848 4026/297/140 4025/294/924
f 4011/296/139 4027/299/644 4026/297/140
f 4012/298/849 4028/301/850 4027/299/644
f 4013/300/143 4029/1453/851 4028/301/850
f 4014/302/145 4030/306/148 4029/303/851
f 4015/305/147 4031/308/150 4030/306/148
f 4015/305/147 4016/309/151 4032/307/149
f 4016/309/151 4017/311/893 4033/310/855
f 4017/311/893 4018/313/155 4034/312/154
f 4018/313/155 4019/315/157 4035/314/156
f 4019/315/157 4020/317/159 4036/316/158
f 4020/317/159 4021/319/161 4037/318/160
f 4021/319/161 4022/321/163 4038/320/162
f 4022/321/163 4023/324/166 4039/322/164
f 4024/323/165 4040/325/645 4039/322/164
f 4009/295/138 4025/294/924 4040/325/645
f 4026/326/140 4042/330/646 4041/327/168
f 4027/329/644 4043/332/909 4042/330/646
f 4028/331/850 4044/334/171 4043/332/909
f 4029/333/851 4045/1454/860 4044/334/171
f 4030/335/148 4046/339/173 4045/336/860
f 4031/338/150 4047/341/175 4046/339/173
f 4031/338/150 4032/342/149 4048/340/174
f 4032/342/149 4033/344/855 4049/343/176
f 4033/344/855 4034/346/154 4050/345/885
f 4034/346/154 4035/348/156 4051/347/895
f 4035/348/156 4036/350/158 4052/349/179
f 4036/350/158 4037/352/160 4053/351/653
f 4037/352/160 4038/354/162 4054/353/917
f 4038/354/162 4039/357/164 4055/355/182
f 4040/356/645 4056/358/654 4055/355/182
f 4025/328/924 4041/327/168 4056/358/654
f 4218/359/655 4058/363/868 4057/360/867
f 4219/362/419 4059/365/190 4058/363/868
f 4220/364/869 4060/367/192 4059/365/190
f 4221/366/422 4061/1455/905 4060/367/192
f 4222/368/193 4062/372/196 4061/369/905
f 4223/371/237 4063/374/237 4062/372/196
f 4223/371/237 4224/375/233 4064/373/110
f 4224/375/233 4225/377/199 4065/376/662
f 4225/377/199 4226/379/201 4066/378/200
f 4226/379/201 4227/381/224 4067/380/664
f 4227/381/224 4228/383/205 4068/382/204
f 4228/383/205 4229/385/221 4069/384/206
f 4229/385/221 4230/387/209 4070/386/208
f 4230/387/209 4231/390/238 4071/388/210
f 4232/389/211 4072/391/212 4071/388/210
f 4217/361/213 4057/360/867 4072/391/212
f 4042/392/646 4074/396/214 4073/393/213
f 4043/395/909 4075/398/419 4074/396/214
f 4044/397/171 4076/400/104 4075/398/419
f 4045/399/860 4077/427/191 4076/400/104
f 4046/401/173 4078/405/193 4077/402/191
f 4047/404/175 4079/430/237 4078/405/193
f 4080/406/233 4079/430/237 4047/404/175
f 4081/408/199 4080/406/233 4048/407/174
f 4082/410/218 4081/408/199 4049/409/176
f 4083/412/906 4082/410/218 4050/411/885
f 4084/414/220 4083/412/906 4051/413/895
f 4085/416/226 4084/414/220 4052/415/179
f 4086/418/420 4085/416/226 4053/417/653
f 4087/420/238 4086/418/420 4054/419/917
f 4056/422/654 4088/423/107 4087/420/238
f 4041/394/168 4073/393/213 4088/423/107
f 4074/396/214 4090/425/214 4089/424/213
f 4075/398/419 4091/426/419 4090/425/214
f 4076/400/104 4092/428/104 4091/426/419
f 4077/427/191 4093/445/191 4092/428/104
f 4078/405/193 4094/431/193 4093/429/191
f 4079/430/237 4095/433/237 4094/431/193
f 4079/430/237 4080/406/233 4096/432/233
f 4080/406/233 4081/408/199 4097/434/199
f 4081/408/199 4082/410/218 4098/435/218
f 4082/410/218 4083/412/906 4099/436/224
f 4083/412/906 4084/414/220 4100/437/220
f 4084/414/220 4085/416/226 4101/438/226
f 4085/416/226 4086/418/420 4102/439/420
f 4086/418/420 4087/420/238 4103/440/210
f 4088/423/107 4104/441/107 4103/440/210
f 4073/393/213 4089/424/213 4104/441/107
f 4090/425/214 4106/443/214 4105/442/213
f 4091/426/419 4107/444/419 4106/443/214
f 4092/428/104 4108/446/104 4107/444/419
f 4093/445/191 4109/462/191 4108/446/104
f 4094/431/193 4110/448/193 4109/447/191
f 4095/433/237 4111/450/237 4110/448/193
f 4095/433/237 4096/432/233 4112/449/233
f 4096/432/233 4097/434/199 4113/451/199
f 4097/434/199 4098/435/218 4114/452/218
f 4098/435/218 4099/436/224 4115/453/890
f 4099/436/224 4100/437/220 4116/454/220
f 4100/437/220 4101/438/226 4117/455/226
f 4101/438/226 4102/439/420 4118/456/420
f 4102/439/420 4103/440/210 4119/457/210
f 4104/441/107 4120/458/107 4119/457/210
f 4089/424/213 4105/442/213 4120/458/107
f 4106/443/214 4122/460/214 4121/459/213
f 4107/444/419 4123/461/419 4122/460/214
f 4108/446/104 4124/463/104 4123/461/419
f 4109/462/191 4125/479/191 4124/463/104
f 4110/448/193 4126/465/193 4125/464/191
f 4111/450/237 4127/467/237 4126/465/193
f 4111/450/237 4112/449/233 4128/466/233
f 4112/449/233 4113/451/199 4129/468/199
f 4113/451/199 4114/452/218 4130/469/230
f 4114/452/218 4115/453/890 4131/470/224
f 4115/453/890 4116/454/220 4132/471/220
f 4116/454/220 4117/455/226 4133/472/226
f 4117/455/226 4118/456/420 4134/473/420
f 4118/456/420 4119/457/210 4135/474/210
f 4120/458/107 4136/475/107 4135/474/210
f 4105/442/213 4121/459/213 4136/475/107
f 4122/460/214 4138/477/214 4137/476/213
f 4123/461/419 4139/478/229 4138/477/214
f 4124/463/104 4140/480/104 4139/478/229
f 4125/479/191 4141/496/223 4140/480/104
f 4126/465/193 4142/482/193 4141/481/223
f 4127/467/237 4143/484/237 4142/482/193
f 4127/467/237 4128/466/233 4144/483/233
f 4128/466/233 4129/468/199 4145/485/199
f 4129/468/199 4130/469/230 4146/486/230
f 4130/469/230 4131/470/224 4147/487/224
f 4131/470/224 4132/471/220 4148/488/220
f 4132/471/220 4133/472/226 4149/489/226
f 4133/472/226 4134/473/420 4150/490/420
f 4134/473/420 4135/474/210 4151/491/210
f 4136/475/107 4152/492/107 4151/491/210
f 4121/459/213 4137/476/213 4152/492/107
f 4138/477/214 4154/494/214 4153/493/213
f 4139/478/229 4155/495/229 4154/494/214
f 4140/480/104 4156/497/104 4155/495/229
f 4141/496/223 4157/513/228 4156/497/104
f 4142/482/193 4158/499/193 4157/498/228
f 4143/484/237 4159/501/195 4158/499/193
f 4143/484/237 4144/483/233 4160/500/233
f 4144/483/233 4145/485/199 4161/502/199
f 4145/485/199 4146/486/230 4162/503/230
f 4146/486/230 4147/487/224 4163/504/224
f 4147/487/224 4148/488/220 4164/505/907
f 4148/488/220 4149/489/226 4165/506/226
f 4149/489/226 4150/490/420 4166/507/420
f 4150/490/420 4151/491/210 4167/508/210
f 4152/492/107 4168/509/211 4167/508/210
f 4137/476/213 4153/493/213 4168/509/211
f 4154/494/214 4170/511/214 4169/510/213
f 4155/495/229 4171/512/229 4170/511/214
f 4156/497/104 4172/514/104 4171/512/229
f 4157/513/228 4173/530/228 4172/514/104
f 4158/499/193 4174/516/193 4173/515/228
f 4159/501/195 4175/518/195 4174/516/193
f 4159/501/195 4160/500/233 4176/517/233
f 4160/500/233 4161/502/199 4177/519/199
f 4161/502/199 4162/503/230 4178/520/230
f 4162/503/230 4163/504/224 4179/521/224
f 4163/504/224 4164/505/907 4180/522/235
f 4164/505/907 4165/506/226 4181/523/226
f 4165/506/226 4166/507/420 4182/524/209
f 4166/507/420 4167/508/210 4183/525/210
f 4168/509/211 4184/526/211 4183/525/210
f 4153/493/213 4169/510/213 4184/526/211
f 4170/511/214 4186/528/214 4185/527/213
f 4171/512/229 4187/529/229 4186/528/214
f 4172/514/104 4188/531/104 4187/529/229
f 4173/530/228 4189/547/228 4188/531/104
f 4174/516/193 4190/533/193 4189/532/228
f 4175/518/195 4191/535/195 4190/533/193
f 4175/518/195 4176/517/233 4192/534/233
f 4176/517/233 4177/519/199 4193/536/199
f 4177/519/199 4178/520/230 4194/537/218
f 4178/520/230 4179/521/224 4195/538/224
f 4179/521/224 4180/522/235 4196/539/220
f 4180/522/235 4181/523/226 4197/540/226
f 4181/523/226 4182/524/209 4198/541/209
f 4182/524/209 4183/525/210 4199/542/210
f 4184/526/211 4200/543/211 4199/542/210
f 4169/510/213 4185/527/213 4200/543/211
f 4186/528/214 4202/545/214 4201/544/213
f 4187/529/229 4203/546/229 4202/545/214
f 4188/531/104 4204/548/104 4203/546/229
f 4189/547/228 4205/561/878 4204/548/104
f 4190/533/193 4206/550/193 4205/549/878
f 4191/535/195 4207/552/237 4206/550/193
f 4191/535/195 4192/534/233 4208/551/233
f 4192/534/233 4193/536/199 4209/553/199
f 4193/536/199 4194/537/218 4210/554/218
f 4194/537/218 4195/538/224 4211/555/224
f 4195/538/224 4196/539/220 4212/556/220
f 4196/539/220 4197/540/226 4213/557/226
f 4197/540/226 4198/541/209 4214/558/209
f 4198/541/209 4199/542/210 4215/559/210
f 4200/543/211 4216/560/211 4215/559/210
f 4185/527/213 4201/544/213 4216/560/211
f 4202/545/214 4218/359/655 4217/361/213
f 4203/546/229 4219/362/419 4218/359/655
f 4204/548/104 4220/364/869 4219/362/419
f 4205/561/878 4221/366/422 4220/364/869
f 4206/550/193 4222/368/193 4221/370/422
f 4207/552/237 4223/371/237 4222/368/193
f 4207/552/237 4208/551/233 4224/375/233
f 4208/551/233 4209/553/199 4225/377/199
f 4209/553/199 4210/554/218 4226/379/201
f 4210/554/218 4211/555/224 4227/381/224
f 4211/555/224 4212/556/220 4228/383/205
f 4212/556/220 4213/557/226 4229/385/221
f 4213/557/226 4214/558/209 4230/387/209
f 4214/558/209 4215/559/210 4231/390/238
f 4216/560/211 4232/389/211 4231/390/238
f 4201/544/213 4217/361/213 4232/389/211
f 4233/260/111 4234/263/112 4250/261/112
f 4234/263/112 4235/265/114 4251/264/114
f 4235/265/114 4236/268/115 4252/266/115
f 4237/267/118 4253/1452/118 4252/266/115
f 4237/269/118 4238/272/119 4254/270/117
f 4238/272/119 4239/275/122 4255/273/120
f 4240/274/121 4256/277/121 4255/273/120
f 4241/276/892 4257/279/125 4256/277/121
f 4242/278/124 4258/281/641 4257/279/125
f 4243/280/126 4259/283/129 4258/281/641
f 4244/282/128 4260/285/128 4259/283/129
f 4244/282/128 4245/287/132 4261/284/130
f 4246/286/131 4262/289/134 4261/284/130
f 4247/288/133 4263/291/133 4262/289/134
f 4247/288/133 4248/292/135 4264/290/135
f 4248/292/135 4233/260/111 4249/262/111
f 4250/293/848 4266/297/140 4265/294/137
f 4251/296/139 4267/299/142 4266/297/140
f 4252/298/141 4268/301/850 4267/299/142
f 4253/300/143 4269/1453/851 4268/301/850
f 4254/302/145 4270/306/148 4269/303/851
f 4255/305/147 4271/308/150 4270/306/148
f 4255/305/147 4256/309/151 4272/307/149
f 4256/309/151 4257/311/153 4273/310/855
f 4257/311/153 4258/313/155 4274/312/154
f 4258/313/155 4259/315/157 4275/314/156
f 4259/315/157 4260/317/159 4276/316/158
f 4260/317/159 4261/319/161 4277/318/160
f 4261/319/161 4262/321/163 4278/320/162
f 4262/321/163 4263/324/166 4279/322/164
f 4264/323/165 4280/325/645 4279/322/164
f 4249/295/138 4265/294/137 4280/325/645
f 4266/326/140 4282/330/646 4281/327/168
f 4267/329/142 4283/332/909 4282/330/646
f 4268/331/850 4284/334/859 4283/332/909
f 4269/333/851 4285/1454/860 4284/334/859
f 4270/335/148 4286/339/173 4285/336/860
f 4271/338/150 4287/341/175 4286/339/173
f 4271/338/150 4272/342/149 4288/340/174
f 4272/342/149 4273/344/855 4289/343/176
f 4273/344/855 4274/346/154 4290/345/925
f 4274/346/154 4275/348/156 4291/347/895
f 4275/348/156 4276/350/158 4292/349/179
f 4276/350/158 4277/352/160 4293/351/865
f 4277/352/160 4278/354/162 4294/353/917
f 4278/354/162 4279/357/164 4295/355/182
f 4280/356/645 4296/358/654 4295/355/182
f 4265/328/137 4281/327/168 4296/358/654
f 4458/359/232 4298/363/868 4297/360/867
f 4459/362/419 4299/365/190 4298/363/868
f 4460/364/189 4300/367/192 4299/365/190
f 4461/366/228 4301/1455/926 4300/367/192
f 4462/368/193 4302/372/196 4301/369/926
f 4463/371/195 4303/374/195 4302/372/196
f 4463/371/195 4464/375/66 4304/373/110
f 4464/375/66 4465/377/871 4305/376/662
f 4465/377/871 4466/379/201 4306/378/200
f 4466/379/201 4467/381/224 4307/380/664
f 4467/381/224 4468/383/205 4308/382/204
f 4468/383/205 4469/385/226 4309/384/206
f 4469/385/226 4470/387/209 4310/386/208
f 4470/387/209 4471/390/238 4311/388/238
f 4472/389/211 4312/391/212 4311/388/238
f 4457/361/886 4297/360/867 4312/391/212
f 4282/392/646 4314/396/214 4313/393/213
f 4283/395/909 4315/398/927 4314/396/214
f 4284/397/859 4316/400/104 4315/398/927
f 4285/399/860 4317/427/191 4316/400/104
f 4286/401/173 4318/405/193 4317/402/191
f 4287/404/175 4319/430/237 4318/405/193
f 4320/406/217 4319/430/237 4287/404/175
f 4321/408/199 4320/406/217 4288/407/174
f 4322/410/218 4321/408/199 4289/409/176
f 4323/412/219 4322/410/218 4290/411/925
f 4324/414/220 4323/412/219 4291/413/895
f 4325/416/226 4324/414/220 4292/415/179
f 4326/418/209 4325/416/226 4293/417/865
f 4327/420/210 4326/418/209 4294/419/917
f 4296/422/654 4328/423/211 4327/420/210
f 4281/394/168 4313/393/213 4328/423/211
f 4314/396/214 4330/425/214 4329/424/213
f 4315/398/927 4331/426/222 4330/425/214
f 4316/400/104 4332/428/104 4331/426/222
f 4317/427/191 4333/445/216 4332/428/104
f 4318/405/193 4334/431/193 4333/429/216
f 4319/430/237 4335/433/237 4334/431/193
f 4319/430/237 4320/406/217 4336/432/217
f 4320/406/217 4321/408/199 4337/434/199
f 4321/408/199 4322/410/218 4338/435/218
f 4322/410/218 4323/412/219 4339/436/224
f 4323/412/219 4324/414/220 4340/437/220
f 4324/414/220 4325/416/226 4341/438/226
f 4325/416/226 4326/418/209 4342/439/209
f 4326/418/209 4327/420/210 4343/440/210
f 4328/423/211 4344/441/211 4343/440/210
f 4313/393/213 4329/424/213 4344/441/211
f 4330/425/214 4346/443/214 4345/442/213
f 4331/426/222 4347/444/222 4346/443/214
f 4332/428/104 4348/446/104 4347/444/222
f 4333/445/216 4349/462/191 4348/446/104
f 4334/431/193 4350/448/193 4349/447/191
f 4335/433/237 4351/450/237 4350/448/193
f 4335/433/237 4336/432/217 4352/449/217
f 4336/432/217 4337/434/199 4353/451/199
f 4337/434/199 4338/435/218 4354/452/218
f 4338/435/218 4339/436/224 4355/453/224
f 4339/436/224 4340/437/220 4356/454/220
f 4340/437/220 4341/438/226 4357/455/226
f 4341/438/226 4342/439/209 4358/456/209
f 4342/439/209 4343/440/210 4359/457/210
f 4344/441/211 4360/458/211 4359/457/210
f 4329/424/213 4345/442/213 4360/458/211
f 4346/443/214 4362/460/214 4361/459/213
f 4347/444/222 4363/461/222 4362/460/214
f 4348/446/104 4364/463/104 4363/461/222
f 4349/462/191 4365/479/191 4364/463/104
f 4350/448/193 4366/465/193 4365/464/191
f 4351/450/237 4367/467/195 4366/465/193
f 4351/450/237 4352/449/217 4368/466/217
f 4352/449/217 4353/451/199 4369/468/199
f 4353/451/199 4354/452/218 4370/469/230
f 4354/452/218 4355/453/224 4371/470/224
f 4355/453/224 4356/454/220 4372/471/907
f 4356/454/220 4357/455/226 4373/472/226
f 4357/455/226 4358/456/209 4374/473/209
f 4358/456/209 4359/457/210 4375/474/210
f 4360/458/211 4376/475/211 4375/474/210
f 4345/442/213 4361/459/213 4376/475/211
f 4362/460/214 4378/477/214 4377/476/213
f 4363/461/222 4379/478/419 4378/477/214
f 4364/463/104 4380/480/104 4379/478/419
f 4365/479/191 4381/496/228 4380/480/104
f 4366/465/193 4382/482/193 4381/481/228
f 4367/467/195 4383/484/195 4382/482/193
f 4367/467/195 4368/466/217 4384/483/217
f 4368/466/217 4369/468/199 4385/485/199
f 4369/468/199 4370/469/230 4386/486/230
f 4370/469/230 4371/470/224 4387/487/224
f 4371/470/224 4372/471/907 4388/488/220
f 4372/471/907 4373/472/226 4389/489/226
f 4373/472/226 4374/473/209 4390/490/209
f 4374/473/209 4375/474/210 4391/491/210
f 4376/475/211 4392/492/211 4391/491/210
f 4361/459/213 4377/476/213 4392/492/211
f 4378/477/214 4394/494/214 4393/493/213
f 4379/478/419 4395/495/419 4394/494/214
f 4380/480/104 4396/497/104 4395/495/419
f 4381/496/228 4397/513/228 4396/497/104
f 4382/482/193 4398/499/193 4397/498/228
f 4383/484/195 4399/501/195 4398/499/193
f 4383/484/195 4384/483/217 4400/500/217
f 4384/483/217 4385/485/199 4401/502/199
f 4385/485/199 4386/486/230 4402/503/230
f 4386/486/230 4387/487/224 4403/504/224
f 4387/487/224 4388/488/220 4404/505/907
f 4388/488/220 4389/489/226 4405/506/226
f 4389/489/226 4390/490/209 4406/507/209
f 4390/490/209 4391/491/210 4407/508/238
f 4392/492/211 4408/509/211 4407/508/238
f 4377/476/213 4393/493/213 4408/509/211
f 4394/494/214 4410/511/214 4409/510/213
f 4395/495/419 4411/512/229 4410/511/214
f 4396/497/104 4412/514/104 4411/512/229
f 4397/513/228 4413/530/422 4412/514/104
f 4398/499/193 4414/516/193 4413/515/422
f 4399/501/195 4415/518/237 4414/516/193
f 4399/501/195 4400/500/217 4416/517/217
f 4400/500/217 4401/502/199 4417/519/199
f 4401/502/199 4402/503/230 4418/520/230
f 4402/503/230 4403/504/224 4419/521/224
f 4403/504/224 4404/505/907 4420/522/220
f 4404/505/907 4405/506/226 4421/523/226
f 4405/506/226 4406/507/209 4422/524/209
f 4406/507/209 4407/508/238 4423/525/238
f 4408/509/211 4424/526/211 4423/525/238
f 4393/493/213 4409/510/213 4424/526/211
f 4410/511/214 4426/528/232 4425/527/213
f 4411/512/229 4427/529/229 4426/528/232
f 4412/514/104 4428/531/104 4427/529/229
f 4413/530/422 4429/547/228 4428/531/104
f 4414/516/193 4430/533/193 4429/532/228
f 4415/518/237 4431/535/195 4430/533/193
f 4415/518/237 4416/517/217 4432/534/217
f 4416/517/217 4417/519/199 4433/536/199
f 4417/519/199 4418/520/230 4434/537/218
f 4418/520/230 4419/521/224 4435/538/224
f 4419/521/224 4420/522/220 4436/539/220
f 4420/522/220 4421/523/226 4437/540/226
f 4421/523/226 4422/524/209 4438/541/209
f 4422/524/209 4423/525/238 4439/542/238
f 4424/526/211 4440/543/211 4439/542/238
f 4409/510/213 4425/527/213 4440/543/211
f 4426/528/232 4442/545/214 4441/544/213
f 4427/529/229 4443/546/229 4442/545/214
f 4428/531/104 4444/548/104 4443/546/229
f 4429/547/228 4445/561/228 4444/548/104
f 4430/533/193 4446/550/193 4445/549/228
f 4431/535/195 4447/552/195 4446/550/193
f 4431/535/195 4432/534/217 4448/551/217
f 4432/534/217 4433/536/199 4449/553/199
f 4433/536/199 4434/537/218 4450/554/218
f 4434/537/218 4435/538/224 4451/555/224
f 4435/538/224 4436/539/220 4452/556/220
f 4436/539/220 4437/540/226 4453/557/221
f 4437/540/226 4438/541/209 4454/558/209
f 4438/541/209 4439/542/238 4455/559/238
f 4440/543/211 4456/560/211 4455/559/238
f 4425/527/213 4441/544/213 4456/560/211
f 4442/545/214 4458/359/232 4457/361/886
f 4443/546/229 4459/362/419 4458/359/232
f 4444/548/104 4460/364/189 4459/362/419
f 4445/561/228 4461/366/228 4460/364/189
f 4446/550/193 4462/368/193 4461/370/228
f 4447/552/195 4463/371/195 4462/368/193
f 4447/552/195 4448/551/217 4464/375/66
f 4448/551/217 4449/553/199 4465/377/871
f 4449/553/199 4450/554/218 4466/379/201
f 4450/554/218 4451/555/224 4467/381/224
f 4451/555/224 4452/556/220 4468/383/205
f 4452/556/220 4453/557/221 4469/385/226
f 4453/557/221 4454/558/209 4470/387/209
f 4454/558/209 4455/559/238 4471/390/238
f 4456/560/211 4472/389/211 4471/390/238
f 4441/544/213 4457/361/886 4472/389/211
f 4506/854/676 4490/858/402 4489/855/399
f 4507/857/689 4491/860/404 4490/858/402
f 4508/859/679 4492/862/692 4491/860/404
f 4509/861/405 4493/1530/407 4492/862/692
f 4510/863/193 4494/867/870 4493/864/407
f 4511/866/195 4495/869/237 4494/867/870
f 4511/866/195 4512/870/233 4496/868/110
f 4512/870/233 4513/872/410 4497/871/409
f 4513/872/410 4514/874/412 4498/873/411
f 4514/874/412 4515/876/681 4499/875/413
f 4515/876/681 4516/878/434 4500/877/415
f 4516/878/434 4517/880/706 4501/879/206
f 4517/880/706 4518/882/682 4502/881/208
f 4518/882/682 4519/885/238 4503/883/210
f 4520/884/211 4504/886/418 4503/883/210
f 4505/856/677 4489/855/399 4504/886/418
f 4522/887/928 4506/854/676 4505/856/677
f 4523/889/222 4507/857/689 4506/854/676
f 4524/890/104 4508/859/679 4507/857/689
f 4525/891/191 4509/861/405 4508/859/679
f 4526/892/193 4510/863/193 4509/865/405
f 4527/894/195 4511/866/195 4510/863/193
f 4527/894/195 4528/895/233 4512/870/233
f 4528/895/233 4529/896/199 4513/872/410
f 4529/896/199 4530/897/218 4514/874/412
f 4530/897/218 4531/898/224 4515/876/681
f 4531/898/224 4532/899/685 4516/878/434
f 4532/899/685 4533/900/207 4517/880/706
f 4533/900/207 4534/901/420 4518/882/682
f 4534/901/420 4535/903/238 4519/885/238
f 4536/902/211 4520/884/211 4519/885/238
f 4521/888/213 4505/856/677 4520/884/211
f 4538/904/214 4522/887/928 4521/888/213
f 4539/906/222 4523/889/222 4522/887/928
f 4540/907/104 4524/890/104 4523/889/222
f 4541/908/191 4525/891/191 4524/890/104
f 4542/909/193 4526/892/193 4525/893/191
f 4543/911/195 4527/894/195 4526/892/193
f 4543/911/195 4544/912/233 4528/895/233
f 4544/912/233 4545/913/199 4529/896/199
f 4545/913/199 4546/914/218 4530/897/218
f 4546/914/218 4547/915/929 4531/898/224
f 4547/915/929 4548/916/220 4532/899/685
f 4548/916/220 4549/917/207 4533/900/207
f 4549/917/207 4550/918/420 4534/901/420
f 4550/918/420 4551/920/238 4535/903/238
f 4552/919/211 4536/902/211 4535/903/238
f 4537/905/213 4521/888/213 4536/902/211
f 4554/921/214 4538/904/214 4537/905/213
f 4555/923/930 4539/906/222 4538/904/214
f 4556/924/104 4540/907/104 4539/906/222
f 4557/925/191 4541/908/191 4540/907/104
f 4558/926/193 4542/909/193 4541/910/191
f 4559/928/195 4543/911/195 4542/909/193
f 4559/928/195 4560/929/233 4544/912/233
f 4560/929/233 4561/930/199 4545/913/199
f 4561/930/199 4562/931/218 4546/914/218
f 4562/931/218 4563/932/224 4547/915/929
f 4563/932/224 4564/933/220 4548/916/220
f 4564/933/220 4565/934/221 4549/917/207
f 4565/934/221 4566/935/420 4550/918/420
f 4566/935/420 4567/937/238 4551/920/238
f 4568/936/211 4552/919/211 4551/920/238
f 4553/922/213 4537/905/213 4552/919/211
f 4570/938/214 4554/921/214 4553/922/213
f 4571/940/222 4555/923/930 4554/921/214
f 4572/941/104 4556/924/104 4555/923/930
f 4573/942/191 4557/925/191 4556/924/104
f 4574/943/193 4558/926/193 4557/927/191
f 4575/945/195 4559/928/195 4558/926/193
f 4575/945/195 4576/946/233 4560/929/233
f 4576/946/233 4577/947/199 4561/930/199
f 4577/947/199 4578/948/931 4562/931/218
f 4578/948/931 4579/949/224 4563/932/224
f 4579/949/224 4580/950/932 4564/933/220
f 4580/950/932 4581/951/221 4565/934/221
f 4581/951/221 4582/952/420 4566/935/420
f 4582/952/420 4583/954/238 4567/937/238
f 4584/953/211 4568/936/211 4567/937/238
f 4569/939/213 4553/922/213 4568/936/211
f 4586/955/214 4570/938/214 4569/939/213
f 4587/957/222 4571/940/222 4570/938/214
f 4588/958/104 4572/941/104 4571/940/222
f 4589/959/191 4573/942/191 4572/941/104
f 4590/960/193 4574/943/193 4573/944/191
f 4591/962/195 4575/945/195 4574/943/193
f 4591/962/195 4592/963/233 4576/946/233
f 4592/963/233 4593/964/199 4577/947/199
f 4593/964/199 4594/965/218 4578/948/931
f 4594/965/218 4595/966/224 4579/949/224
f 4595/966/224 4596/967/220 4580/950/932
f 4596/967/220 4597/968/207 4581/951/221
f 4597/968/207 4598/969/420 4582/952/420
f 4598/969/420 4599/971/238 4583/954/238
f 4600/970/211 4584/953/211 4583/954/238
f 4585/956/213 4569/939/213 4584/953/211
f 4602/972/214 4586/955/214 4585/956/213
f 4603/974/222 4587/957/222 4586/955/214
f 4604/975/104 4588/958/104 4587/957/222
f 4605/976/191 4589/959/191 4588/958/104
f 4606/977/193 4590/960/193 4589/961/191
f 4607/979/195 4591/962/195 4590/960/193
f 4607/979/195 4608/980/233 4592/963/233
f 4608/980/233 4609/981/199 4593/964/199
f 4609/981/199 4610/982/218 4594/965/218
f 4610/982/218 4611/983/683 4595/966/224
f 4611/983/683 4612/984/685 4596/967/220
f 4612/984/685 4613/985/207 4597/968/207
f 4613/985/207 4614/986/420 4598/969/420
f 4614/986/420 4615/988/238 4599/971/238
f 4616/987/211 4600/970/211 4599/971/238
f 4601/973/213 4585/956/213 4600/970/211
f 4618/989/214 4602/972/214 4601/973/213
f 4619/991/222 4603/974/222 4602/972/214
f 4620/992/104 4604/975/104 4603/974/222
f 4621/993/423 4605/976/191 4604/975/104
f 4622/994/193 4606/977/193 4605/978/191
f 4623/996/195 4607/979/195 4606/977/193
f 4623/996/195 4624/997/233 4608/980/233
f 4624/997/233 4625/998/199 4609/981/199
f 4625/998/199 4626/999/218 4610/982/218
f 4626/999/218 4627/1000/224 4611/983/683
f 4627/1000/224 4628/1001/685 4612/984/685
f 4628/1001/685 4629/1002/207 4613/985/207
f 4629/1002/207 4630/1003/420 4614/986/420
f 4630/1003/420 4631/1005/238 4615/988/238
f 4632/1004/211 4616/987/211 4615/988/238
f 4617/990/213 4601/973/213 4616/987/211
f 4634/1006/214 4618/989/214 4617/990/213
f 4635/1008/222 4619/991/222 4618/989/214
f 4636/1009/104 4620/992/104 4619/991/222
f 4637/1010/423 4621/993/423 4620/992/104
f 4638/1011/193 4622/994/193 4621/995/423
f 4639/1013/195 4623/996/195 4622/994/193
f 4639/1013/195 4640/1014/233 4624/997/233
f 4640/1014/233 4641/1015/199 4625/998/199
f 4641/1015/199 4642/1016/218 4626/999/218
f 4642/1016/218 4643/1017/224 4627/1000/224
f 4643/1017/224 4644/1018/685 4628/1001/685
f 4644/1018/685 4645/1019/221 4629/1002/207
f 4645/1019/221 4646/1020/420 4630/1003/420
f 4646/1020/420 4647/1022/238 4631/1005/238
f 4648/1021/211 4632/1004/211 4631/1005/238
f 4633/1007/213 4617/990/213 4632/1004/211
f 4650/1023/214 4634/1006/214 4633/1007/213
f 4651/1025/222 4635/1008/222 4634/1006/214
f 4652/1026/104 4636/1009/104 4635/1008/222
f 4653/1027/933 4637/1010/423 4636/1009/104
f 4654/1028/193 4638/1011/193 4637/1012/423
f 4655/1030/195 4639/1013/195 4638/1011/193
f 4655/1030/195 4656/1031/217 4640/1014/233
f 4656/1031/217 4657/1032/199 4641/1015/199
f 4657/1032/199 4658/1033/218 4642/1016/218
f 4658/1033/218 4659/1034/224 4643/1017/224
f 4659/1034/224 4660/1035/220 4644/1018/685
f 4660/1035/220 4661/1036/221 4645/1019/221
f 4661/1036/221 4662/1037/420 4646/1020/420
f 4662/1037/420 4663/1039/238 4647/1022/238
f 4664/1038/211 4648/1021/211 4647/1022/238
f 4649/1024/213 4633/1007/213 4648/1021/211
f 4474/1040/424 4650/1023/214 4649/1024/213
f 4475/1042/426 4651/1025/222 4650/1023/214
f 4476/1043/691 4652/1026/104 4651/1025/222
f 4477/1044/935 4653/1027/933 4652/1026/104
f 4478/1045/429 4654/1028/193 4653/1029/933
f 4479/1047/195 4655/1030/195 4654/1028/193
f 4656/1031/217 4655/1030/195 4479/1047/195
f 4657/1032/199 4656/1031/217 4480/1048/430
f 4658/1033/218 4657/1032/199 4481/1049/431
f 4659/1034/224 4658/1033/218 4482/1050/432
f 4660/1035/220 4659/1034/224 4483/1051/433
f 4661/1036/221 4660/1035/220 4484/1052/434
f 4662/1037/420 4661/1036/221 4485/1053/435
f 4663/1039/238 4662/1037/420 4486/1054/436
f 4488/1056/437 4664/1038/211 4663/1039/238
f 4473/1041/934 4649/1024/213 4664/1038/211
f 4698/854/424 4682/858/690 4681/855/399
f 4699/857/678 4683/860/404 4682/858/690
f 4700/859/403 4684/862/692 4683/860/404
f 4701/861/680 4685/1530/407 4684/862/692
f 4702/863/193 4686/867/870 4685/864/407
f 4703/866/195 4687/869/237 4686/867/870
f 4703/866/195 4704/870/217 4688/868/110
f 4704/870/217 4705/872/936 4689/871/409
f 4705/872/936 4706/874/412 4690/873/411
f 4706/874/412 4707/876/414 4691/875/413
f 4707/876/414 4708/878/434 4692/877/415
f 4708/878/434 4709/880/417 4693/879/206
f 4709/880/417 4710/882/682 4694/881/208
f 4710/882/682 4711/885/238 4695/883/210
f 4712/884/211 4696/886/418 4695/883/210
f 4697/856/400 4681/855/399 4696/886/418
f 4714/887/214 4698/854/424 4697/856/400
f 4715/889/222 4699/857/678 4698/854/424
f 4716/890/104 4700/859/403 4699/857/678
f 4717/891/191 4701/861/680 4700/859/403
f 4718/892/193 4702/863/193 4701/865/680
f 4719/894/195 4703/866/195 4702/863/193
f 4719/894/195 4720/895/233 4704/870/217
f 4720/895/233 4721/896/199 4705/872/936
f 4721/896/199 4722/897/218 4706/874/412
f 4722/897/218 4723/898/224 4707/876/414
f 4723/898/224 4724/899/685 4708/878/434
f 4724/899/685 4725/900/207 4709/880/417
f 4725/900/207 4726/901/209 4710/882/682
f 4726/901/209 4727/903/238 4711/885/238
f 4728/902/211 4712/884/211 4711/885/238
f 4713/888/213 4697/856/400 4712/884/211
f 4730/904/214 4714/887/214 4713/888/213
f 4731/906/222 4715/889/222 4714/887/214
f 4732/907/104 4716/890/104 4715/889/222
f 4733/908/191 4717/891/191 4716/890/104
f 4734/909/193 4718/892/193 4717/893/191
f 4735/911/195 4719/894/195 4718/892/193
f 4735/911/195 4736/912/217 4720/895/233
f 4736/912/217 4737/913/199 4721/896/199
f 4737/913/199 4738/914/218 4722/897/218
f 4738/914/218 4739/915/224 4723/898/224
f 4739/915/224 4740/916/220 4724/899/685
f 4740/916/220 4741/917/207 4725/900/207
f 4741/917/207 4742/918/420 4726/901/209
f 4742/918/420 4743/920/238 4727/903/238
f 4744/919/211 4728/902/211 4727/903/238
f 4729/905/213 4713/888/213 4728/902/211
f 4746/921/214 4730/904/214 4729/905/213
f 4747/923/222 4731/906/222 4730/904/214
f 4748/924/104 4732/907/104 4731/906/222
f 4749/925/191 4733/908/191 4732/907/104
f 4750/926/193 4734/909/193 4733/910/191
f 4751/928/195 4735/911/195 4734/909/193
f 4751/928/195 4752/929/217 4736/912/217
f 4752/929/217 4753/930/199 4737/913/199
f 4753/930/199 4754/931/218 4738/914/218
f 4754/931/218 4755/932/684 4739/915/224
f 4755/932/684 4756/933/220 4740/916/220
f 4756/933/220 4757/934/221 4741/917/207
f 4757/934/221 4758/935/420 4742/918/420
f 4758/935/420 4759/937/238 4743/920/238
f 4760/936/211 4744/919/211 4743/920/238
f 4745/922/213 4729/905/213 4744/919/211
f 4762/938/214 4746/921/214 4745/922/213
f 4763/940/222 4747/923/222 4746/921/214
f 4764/941/104 4748/924/104 4747/923/222
f 4765/942/191 4749/925/191 4748/924/104
f 4766/943/193 4750/926/193 4749/927/191
f 4767/945/195 4751/928/195 4750/926/193
f 4767/945/195 4768/946/217 4752/929/217
f 4768/946/217 4769/947/199 4753/930/199
f 4769/947/199 4770/948/663 4754/931/218
f 4770/948/663 4771/949/224 4755/932/684
f 4771/949/224 4772/950/220 4756/933/220
f 4772/950/220 4773/951/221 4757/934/221
f 4773/951/221 4774/952/420 4758/935/420
f 4774/952/420 4775/954/238 4759/937/238
f 4776/953/211 4760/936/211 4759/937/238
f 4761/939/213 4745/922/213 4760/936/211
f 4778/955/214 4762/938/214 4761/939/213
f 4779/957/222 4763/940/222 4762/938/214
f 4780/958/104 4764/941/104 4763/940/222
f 4781/959/191 4765/942/191 4764/941/104
f 4782/960/193 4766/943/193 4765/944/191
f 4783/962/195 4767/945/195 4766/943/193
f 4783/962/195 4784/963/233 4768/946/217
f 4784/963/233 4785/964/199 4769/947/199
f 4785/964/199 4786/965/218 4770/948/663
f 4786/965/218 4787/966/929 4771/949/224
f 4787/966/929 4788/967/220 4772/950/220
f 4788/967/220 4789/968/221 4773/951/221
f 4789/968/221 4790/969/420 4774/952/420
f 4790/969/420 4791/971/238 4775/954/238
f 4792/970/211 4776/953/211 4775/954/238
f 4777/956/213 4761/939/213 4776/953/211
f 4794/972/214 4778/955/214 4777/956/213
f 4795/974/222 4779/957/222 4778/955/214
f 4796/975/695 4780/958/104 4779/957/222
f 4797/976/191 4781/959/191 4780/958/104
f 4798/977/193 4782/960/193 4781/961/191
f 4799/979/195 4783/962/195 4782/960/193
f 4799/979/195 4800/980/233 4784/963/233
f 4800/980/233 4801/981/199 4785/964/199
f 4801/981/199 4802/982/218 4786/965/218
f 4802/982/218 4803/983/224 4787/966/929
f 4803/983/224 4804/984/220 4788/967/220
f 4804/984/220 4805/985/221 4789/968/221
f 4805/985/221 4806/986/420 4790/969/420
f 4806/986/420 4807/988/238 4791/971/238
f 4808/987/211 4792/970/211 4791/971/238
f 4793/973/213 4777/956/213 4792/970/211
f 4810/989/214 4794/972/214 4793/973/213
f 4811/991/222 4795/974/222 4794/972/214
f 4812/992/104 4796/975/695 4795/974/222
f 4813/993/191 4797/976/191 4796/975/695
f 4814/994/193 4798/977/193 4797/978/191
f 4815/996/195 4799/979/195 4798/977/193
f 4815/996/195 4816/997/233 4800/980/233
f 4816/997/233 4817/998/199 4801/981/199
f 4817/998/199 4818/999/218 4802/982/218
f 4818/999/218 4819/1000/224 4803/983/224
f 4819/1000/224 4820/1001/685 4804/984/220
f 4820/1001/685 4821/1002/221 4805/985/221
f 4821/1002/221 4822/1003/420 4806/986/420
f 4822/1003/420 4823/1005/238 4807/988/238
f 4824/1004/211 4808/987/211 4807/988/238
f 4809/990/213 4793/973/213 4808/987/211
f 4826/1006/214 4810/989/214 4809/990/213
f 4827/1008/222 4811/991/222 4810/989/214
f 4828/1009/104 4812/992/104 4811/991/222
f 4829/1010/191 4813/993/191 4812/992/104
f 4830/1011/193 4814/994/193 4813/995/191
f 4831/1013/195 4815/996/195 4814/994/193
f 4831/1013/195 4832/1014/217 4816/997/233
f 4832/1014/217 4833/1015/199 4817/998/199
f 4833/1015/199 4834/1016/218 4818/999/218
f 4834/1016/218 4835/1017/683 4819/1000/224
f 4835/1017/683 4836/1018/685 4820/1001/685
f 4836/1018/685 4837/1019/221 4821/1002/221
f 4837/1019/221 4838/1020/420 4822/1003/420
f 4838/1020/420 4839/1022/238 4823/1005/238
f 4840/1021/211 4824/1004/211 4823/1005/238
f 4825/1007/213 4809/990/213 4824/1004/211
f 4842/1023/214 4826/1006/214 4825/1007/213
f 4843/1025/222 4827/1008/222 4826/1006/214
f 4844/1026/104 4828/1009/104 4827/1008/222
f 4845/1027/191 4829/1010/191 4828/1009/104
f 4846/1028/193 4830/1011/193 4829/1012/191
f 4847/1030/195 4831/1013/195 4830/1011/193
f 4847/1030/195 4848/1031/217 4832/1014/217
f 4848/1031/217 4849/1032/199 4833/1015/199
f 4849/1032/199 4850/1033/218 4834/1016/218
f 4850/1033/218 4851/1034/224 4835/1017/683
f 4851/1034/224 4852/1035/220 4836/1018/685
f 4852/1035/220 4853/1036/221 4837/1019/221
f 4853/1036/221 4854/1037/420 4838/1020/420
f 4854/1037/420 4855/1039/238 4839/1022/238
f 4856/1038/211 4840/1021/211 4839/1022/238
f 4841/1024/213 4825/1007/213 4840/1021/211
f 4666/1040/424 4842/1023/214 4841/1024/213
f 4667/1042/426 4843/1025/222 4842/1023/214
f 4668/1043/691 4844/1026/104 4843/1025/222
f 4669/1044/428 4845/1027/191 4844/1026/104
f 4670/1045/429 4846/1028/193 4845/1029/191
f 4671/1047/237 4847/1030/195 4846/1028/193
f 4848/1031/217 4847/1030/195 4671/1047/237
f 4849/1032/199 4848/1031/217 4672/1048/430
f 4850/1033/218 4849/1032/199 4673/1049/431
f 4851/1034/224 4850/1033/218 4674/1050/432
f 4852/1035/220 4851/1034/224 4675/1051/433
f 4853/1036/221 4852/1035/220 4676/1052/434
f 4854/1037/420 4853/1036/221 4677/1053/435
f 4855/1039/238 4854/1037/420 4678/1054/436
f 4680/1056/437 4856/1038/211 4855/1039/238
f 4665/1041/425 4841/1024/213 4856/1038/211
f 4859/644/2 4860/1462/2 4857/645/2
f 4861/647/3 4864/1463/3 4863/648/3
f 4862/650/20 4858/1464/20 4857/651/20
f 4864/653/38 4860/1465/38 4859/654/38
f 4865/260/111 4866/263/112 4882/261/112
f 4866/263/112 4867/265/114 4883/264/114
f 4867/265/114 4868/268/115 4884/266/115
f 4869/267/118 4885/1452/118 4884/266/115
f 4869/269/118 4870/272/119 4886/270/119
f 4870/272/119 4871/275/120 4887/273/120
f 4872/274/639 4888/277/639 4887/273/120
f 4873/276/123 4889/279/125 4888/277/639
f 4874/278/124 4890/281/641 4889/279/125
f 4875/280/126 4891/283/129 4890/281/641
f 4876/282/128 4892/285/128 4891/283/129
f 4876/282/128 4877/287/132 4893/284/130
f 4878/286/131 4894/289/134 4893/284/130
f 4879/288/133 4895/291/133 4894/289/134
f 4879/288/133 4880/292/135 4896/290/135
f 4880/292/135 4865/260/111 4881/262/111
f 4882/293/848 4898/297/140 4897/294/137
f 4883/296/139 4899/299/644 4898/297/140
f 4884/298/849 4900/301/937 4899/299/644
f 4885/300/143 4901/1453/146 4900/301/937
f 4886/302/145 4902/306/852 4901/303/146
f 4887/305/147 4903/308/150 4902/306/852
f 4887/305/147 4888/309/151 4904/307/149
f 4888/309/151 4889/311/153 4905/310/152
f 4889/311/153 4890/313/155 4906/312/154
f 4890/313/155 4891/315/157 4907/314/156
f 4891/315/157 4892/317/159 4908/316/158
f 4892/317/159 4893/319/161 4909/318/160
f 4893/319/161 4894/321/163 4910/320/162
f 4894/321/163 4895/324/166 4911/322/164
f 4896/323/165 4912/325/645 4911/322/164
f 4881/295/138 4897/294/137 4912/325/645
f 4898/326/140 4914/330/646 4913/327/168
f 4899/329/644 4915/332/938 4914/330/646
f 4900/331/937 4916/334/939 4915/332/938
f 4901/333/146 4917/1454/860 4916/334/939
f 4902/335/852 4918/339/173 4917/336/860
f 4903/338/150 4919/341/175 4918/339/173
f 4903/338/150 4904/342/149 4920/340/174
f 4904/342/149 4905/344/152 4921/343/176
f 4905/344/152 4906/346/154 4922/345/925
f 4906/346/154 4907/348/156 4923/347/895
f 4907/348/156 4908/350/158 4924/349/179
f 4908/350/158 4909/352/160 4925/351/180
f 4909/352/160 4910/354/162 4926/353/917
f 4910/354/162 4911/357/164 4927/355/866
f 4912/356/645 4928/358/654 4927/355/866
f 4897/328/137 4913/327/168 4928/358/654
f 5090/359/896 4930/363/188 4929/360/867
f 5091/362/187 4931/365/190 4930/363/188
f 5092/364/869 4932/367/406 4931/365/190
f 5093/366/228 4933/1455/926 4932/367/406
f 5094/368/429 4934/372/196 4933/369/926
f 5095/371/237 4935/374/237 4934/372/196
f 5095/371/237 5096/375/66 4936/373/110
f 5096/375/66 5097/377/199 4937/376/198
f 5097/377/199 5098/379/201 4938/378/940
f 5098/379/201 5099/381/203 4939/380/664
f 5099/381/203 5100/383/205 4940/382/204
f 5100/383/205 5101/385/226 4941/384/918
f 5101/385/226 5102/387/209 4942/386/208
f 5102/387/209 5103/390/238 4943/388/210
f 5104/389/667 4944/391/212 4943/388/210
f 5089/361/213 4929/360/867 4944/391/212
f 4914/392/646 4946/396/214 4945/393/213
f 4915/395/938 4947/398/419 4946/396/214
f 4916/397/939 4948/400/104 4947/398/419
f 4917/399/860 4949/427/422 4948/400/104
f 4918/401/173 4950/405/193 4949/402/422
f 4919/404/175 4951/430/237 4950/405/193
f 4952/406/233 4951/430/237 4919/404/175
f 4953/408/199 4952/406/233 4920/407/174
f 4954/410/218 4953/408/199 4921/409/176
f 4955/412/219 4954/410/218 4922/411/925
f 4956/414/220 4955/412/219 4923/413/895
f 4957/416/226 4956/414/220 4924/415/179
f 4958/418/209 4957/416/226 4925/417/180
f 4959/420/210 4958/418/209 4926/419/917
f 4928/422/654 4960/423/107 4959/420/210
f 4913/394/168 4945/393/213 4960/423/107
f 4946/396/214 4962/425/214 4961/424/213
f 4947/398/419 4963/426/222 4962/425/214
f 4948/400/104 4964/428/104 4963/426/222
f 4949/427/422 4965/445/191 4964/428/104
f 4950/405/193 4966/431/193 4965/429/191
f 4951/430/237 4967/433/237 4966/431/193
f 4951/430/237 4952/406/233 4968/432/233
f 4952/406/233 4953/408/199 4969/434/199
f 4953/408/199 4954/410/218 4970/435/218
f 4954/410/218 4955/412/219 4971/436/890
f 4955/412/219 4956/414/220 4972/437/220
f 4956/414/220 4957/416/226 4973/438/226
f 4957/416/226 4958/418/209 4974/439/231
f 4958/418/209 4959/420/210 4975/440/210
f 4960/423/107 4976/441/107 4975/440/210
f 4945/393/213 4961/424/213 4976/441/107
f 4962/425/214 4978/443/214 4977/442/213
f 4963/426/222 4979/444/419 4978/443/214
f 4964/428/104 4980/446/104 4979/444/419
f 4965/445/191 4981/462/191 4980/446/104
f 4966/431/193 4982/448/193 4981/447/191
f 4967/433/237 4983/450/237 4982/448/193
f 4967/433/237 4968/432/233 4984/449/233
f 4968/432/233 4969/434/199 4985/451/199
f 4969/434/199 4970/435/218 4986/452/218
f 4970/435/218 4971/436/890 4987/453/224
f 4971/436/890 4972/437/220 4988/454/220
f 4972/437/220 4973/438/226 4989/455/226
f 4973/438/226 4974/439/231 4990/456/209
f 4974/439/231 4975/440/210 4991/457/210
f 4976/441/107 4992/458/107 4991/457/210
f 4961/424/213 4977/442/213 4992/458/107
f 4978/443/214 4994/460/214 4993/459/213
f 4979/444/419 4995/461/419 4994/460/214
f 4980/446/104 4996/463/104 4995/461/419
f 4981/462/191 4997/479/228 4996/463/104
f 4982/448/193 4998/465/193 4997/464/228
f 4983/450/237 4999/467/237 4998/465/193
f 4983/450/237 4984/449/233 5000/466/233
f 4984/449/233 4985/451/199 5001/468/199
f 4985/451/199 4986/452/218 5002/469/218
f 4986/452/218 4987/453/224 5003/470/224
f 4987/453/224 4988/454/220 5004/471/220
f 4988/454/220 4989/455/226 5005/472/226
f 4989/455/226 4990/456/209 5006/473/209
f 4990/456/209 4991/457/210 5007/474/210
f 4992/458/107 5008/475/107 5007/474/210
f 4977/442/213 4993/459/213 5008/475/107
f 4994/460/214 5010/477/214 5009/476/213
f 4995/461/419 5011/478/229 5010/477/214
f 4996/463/104 5012/480/104 5011/478/229
f 4997/479/228 5013/496/228 5012/480/104
f 4998/465/193 5014/482/193 5013/481/228
f 4999/467/237 5015/484/237 5014/482/193
f 4999/467/237 5000/466/233 5016/483/233
f 5000/466/233 5001/468/199 5017/485/199
f 5001/468/199 5002/469/218 5018/486/234
f 5002/469/218 5003/470/224 5019/487/224
f 5003/470/224 5004/471/220 5020/488/220
f 5004/471/220 5005/472/226 5021/489/226
f 5005/472/226 5006/473/209 5022/490/209
f 5006/473/209 5007/474/210 5023/491/210
f 5008/475/107 5024/492/107 5023/491/210
f 4993/459/213 5009/476/213 5024/492/107
f 5010/477/214 5026/494/214 5025/493/213
f 5011/478/229 5027/495/229 5026/494/214
f 5012/480/104 5028/497/104 5027/495/229
f 5013/496/228 5029/513/228 5028/497/104
f 5014/482/193 5030/499/193 5029/498/228
f 5015/484/237 5031/501/237 5030/499/193
f 5015/484/237 5016/483/233 5032/500/233
f 5016/483/233 5017/485/199 5033/502/199
f 5017/485/199 5018/486/234 5034/503/230
f 5018/486/234 5019/487/224 5035/504/224
f 5019/487/224 5020/488/220 5036/505/220
f 5020/488/220 5021/489/226 5037/506/226
f 5021/489/226 5022/490/209 5038/507/209
f 5022/490/209 5023/491/210 5039/508/210
f 5024/492/107 5040/509/107 5039/508/210
f 5009/476/213 5025/493/213 5040/509/107
f 5026/494/214 5042/511/214 5041/510/213
f 5027/495/229 5043/512/229 5042/511/214
f 5028/497/104 5044/514/104 5043/512/229
f 5029/513/228 5045/530/422 5044/514/104
f 5030/499/193 5046/516/193 5045/515/422
f 5031/501/237 5047/518/237 5046/516/193
f 5031/501/237 5032/500/233 5048/517/233
f 5032/500/233 5033/502/199 5049/519/199
f 5033/502/199 5034/503/230 5050/520/218
f 5034/503/230 5035/504/224 5051/521/224
f 5035/504/224 5036/505/220 5052/522/220
f 5036/505/220 5037/506/226 5053/523/226
f 5037/506/226 5038/507/209 5054/524/209
f 5038/507/209 5039/508/210 5055/525/210
f 5040/509/107 5056/526/211 5055/525/210
f 5025/493/213 5041/510/213 5056/526/211
f 5042/511/214 5058/528/214 5057/527/213
f 5043/512/229 5059/529/229 5058/528/214
f 5044/514/104 5060/531/104 5059/529/229
f 5045/530/422 5061/547/228 5060/531/104
f 5046/516/193 5062/533/193 5061/532/228
f 5047/518/237 5063/535/195 5062/533/193
f 5047/518/237 5048/517/233 5064/534/233
f 5048/517/233 5049/519/199 5065/536/199
f 5049/519/199 5050/520/218 5066/537/218
f 5050/520/218 5051/521/224 5067/538/224
f 5051/521/224 5052/522/220 5068/539/220
f 5052/522/220 5053/523/226 5069/540/226
f 5053/523/226 5054/524/209 5070/541/209
f 5054/524/209 5055/525/210 5071/542/210
f 5056/526/211 5072/543/211 5071/542/210
f 5041/510/213 5057/527/213 5072/543/211
f 5058/528/214 5074/545/214 5073/544/213
f 5059/529/229 5075/546/419 5074/545/214
f 5060/531/104 5076/548/104 5075/546/419
f 5061/547/228 5077/561/223 5076/548/104
f 5062/533/193 5078/550/193 5077/549/223
f 5063/535/195 5079/552/237 5078/550/193
f 5063/535/195 5064/534/233 5080/551/233
f 5064/534/233 5065/536/199 5081/553/199
f 5065/536/199 5066/537/218 5082/554/218
f 5066/537/218 5067/538/224 5083/555/224
f 5067/538/224 5068/539/220 5084/556/239
f 5068/539/220 5069/540/226 5085/557/221
f 5069/540/226 5070/541/209 5086/558/209
f 5070/541/209 5071/542/210 5087/559/210
f 5072/543/211 5088/560/211 5087/559/210
f 5057/527/213 5073/544/213 5088/560/211
f 5074/545/214 5090/359/896 5089/361/213
f 5075/546/419 5091/362/187 5090/359/896
f 5076/548/104 5092/364/869 5091/362/187
f 5077/561/223 5093/366/228 5092/364/869
f 5078/550/193 5094/368/429 5093/370/228
f 5079/552/237 5095/371/237 5094/368/429
f 5079/552/237 5080/551/233 5096/375/66
f 5080/551/233 5081/553/199 5097/377/199
f 5081/553/199 5082/554/218 5098/379/201
f 5082/554/218 5083/555/224 5099/381/203
f 5083/555/224 5084/556/239 5100/383/205
f 5084/556/239 5085/557/221 5101/385/226
f 5085/557/221 5086/558/209 5102/387/209
f 5086/558/209 5087/559/210 5103/390/238
f 5088/560/211 5104/389/667 5103/390/238
f 5073/544/213 5089/361/213 5104/389/667
f 5105/260/111 5106/263/112 5122/261/638
f 5106/263/112 5107/265/114 5123/264/113
f 5107/265/114 5108/268/115 5124/266/115
f 5109/267/116 5125/1452/116 5124/266/115
f 5109/269/116 5110/272/119 5126/270/117
f 5110/272/119 5111/275/122 5127/273/122
f 5112/274/639 5128/277/639 5127/273/122
f 5113/276/123 5129/279/640 5128/277/639
f 5114/278/124 5130/281/641 5129/279/640
f 5115/280/126 5131/283/129 5130/281/641
f 5116/282/128 5132/285/128 5131/283/129
f 5116/282/128 5117/287/132 5133/284/130
f 5118/286/131 5134/289/134 5133/284/130
f 5119/288/133 5135/291/642 5134/289/134
f 5119/288/133 5120/292/135 5136/290/135
f 5120/292/135 5105/260/111 5121/262/111
f 5122/293/848 5138/297/140 5137/294/137
f 5123/296/139 5139/299/644 5138/297/140
f 5124/298/849 5140/301/850 5139/299/644
f 5125/300/902 5141/1453/851 5140/301/850
f 5126/302/145 5142/306/148 5141/303/851
f 5127/305/147 5143/308/150 5142/306/148
f 5127/305/147 5128/309/941 5144/307/149
f 5128/309/941 5129/311/153 5145/310/152
f 5129/311/153 5130/313/155 5146/312/154
f 5130/313/155 5131/315/157 5147/314/156
f 5131/315/157 5132/317/159 5148/316/158
f 5132/317/159 5133/319/161 5149/318/160
f 5133/319/161 5134/321/163 5150/320/162
f 5134/321/163 5135/324/166 5151/322/164
f 5136/323/165 5152/325/645 5151/322/164
f 5121/295/138 5137/294/137 5152/325/645
f 5138/326/140 5154/330/646 5153/327/168
f 5139/329/644 5155/332/909 5154/330/646
f 5140/331/850 5156/334/859 5155/332/909
f 5141/333/851 5157/1454/172 5156/334/859
f 5142/335/148 5158/339/173 5157/336/172
f 5143/338/150 5159/341/175 5158/339/173
f 5143/338/150 5144/342/149 5160/340/174
f 5144/342/149 5145/344/152 5161/343/176
f 5145/344/152 5146/346/154 5162/345/894
f 5146/346/154 5147/348/156 5163/347/895
f 5147/348/156 5148/350/158 5164/349/179
f 5148/350/158 5149/352/160 5165/351/865
f 5149/352/160 5150/354/162 5166/353/181
f 5150/354/162 5151/357/164 5167/355/182
f 5152/356/645 5168/358/183 5167/355/182
f 5137/328/137 5153/327/168 5168/358/183
f 5330/359/655 5170/363/868 5169/360/867
f 5331/362/222 5171/365/190 5170/363/868
f 5332/364/189 5172/367/406 5171/365/190
f 5333/366/228 5173/1455/407 5172/367/406
f 5334/368/429 5174/372/870 5173/369/407
f 5335/371/237 5175/374/237 5174/372/870
f 5335/371/237 5336/375/66 5176/373/110
f 5336/375/66 5337/377/704 5177/376/662
f 5337/377/704 5338/379/201 5178/378/200
f 5338/379/201 5339/381/224 5179/380/664
f 5339/381/224 5340/383/205 5180/382/204
f 5340/383/205 5341/385/226 5181/384/206
f 5341/385/226 5342/387/209 5182/386/208
f 5342/387/209 5343/390/238 5183/388/210
f 5344/389/211 5184/391/212 5183/388/210
f 5329/361/886 5169/360/867 5184/391/212
f 5154/392/646 5186/396/214 5185/393/213
f 5155/395/909 5187/398/888 5186/396/214
f 5156/397/859 5188/400/227 5187/398/888
f 5157/399/172 5189/427/216 5188/400/227
f 5158/401/173 5190/405/193 5189/402/216
f 5159/404/175 5191/430/237 5190/405/193
f 5192/406/233 5191/430/237 5159/404/175
f 5193/408/199 5192/406/233 5160/407/174
f 5194/410/218 5193/408/199 5161/409/176
f 5195/412/219 5194/410/218 5162/411/894
f 5196/414/220 5195/412/219 5163/413/895
f 5197/416/226 5196/414/220 5164/415/179
f 5198/418/209 5197/416/226 5165/417/865
f 5199/420/238 5198/418/209 5166/419/181
f 5168/422/183 5200/423/107 5199/420/238
f 5153/394/168 5185/393/213 5200/423/107
f 5186/396/214 5202/425/214 5201/424/213
f 5187/398/888 5203/426/419 5202/425/214
f 5188/400/227 5204/428/104 5203/426/419
f 5189/427/216 5205/445/191 5204/428/104
f 5190/405/193 5206/431/193 5205/429/191
f 5191/430/237 5207/433/237 5206/431/193
f 5191/430/237 5192/406/233 5208/432/233
f 5192/406/233 5193/408/199 5209/434/199
f 5193/408/199 5194/410/218 5210/435/218
f 5194/410/218 5195/412/219 5211/436/224
f 5195/412/219 5196/414/220 5212/437/220
f 5196/414/220 5197/416/226 5213/438/221
f 5197/416/226 5198/418/209 5214/439/209
f 5198/418/209 5199/420/238 5215/440/238
f 5200/423/107 5216/441/107 5215/440/238
f 5185/393/213 5201/424/213 5216/441/107
f 5202/425/214 5218/443/214 5217/442/213
f 5203/426/419 5219/444/419 5218/443/214
f 5204/428/104 5220/446/104 5219/444/419
f 5205/445/191 5221/462/191 5220/446/104
f 5206/431/193 5222/448/193 5221/447/191
f 5207/433/237 5223/450/237 5222/448/193
f 5207/433/237 5208/432/233 5224/449/233
f 5208/432/233 5209/434/199 5225/451/199
f 5209/434/199 5210/435/218 5226/452/218
f 5210/435/218 5211/436/224 5227/453/203
f 5211/436/224 5212/437/220 5228/454/220
f 5212/437/220 5213/438/221 5229/455/226
f 5213/438/221 5214/439/209 5230/456/209
f 5214/439/209 5215/440/238 5231/457/238
f 5216/441/107 5232/458/107 5231/457/238
f 5201/424/213 5217/442/213 5232/458/107
f 5218/443/214 5234/460/214 5233/459/213
f 5219/444/419 5235/461/419 5234/460/214
f 5220/446/104 5236/463/876 5235/461/419
f 5221/462/191 5237/479/191 5236/463/876
f 5222/448/193 5238/465/193 5237/464/191
f 5223/450/237 5239/467/237 5238/465/193
f 5223/450/237 5224/449/233 5240/466/233
f 5224/449/233 5225/451/199 5241/468/199
f 5225/451/199 5226/452/218 5242/469/234
f 5226/452/218 5227/453/203 5243/470/224
f 5227/453/203 5228/454/220 5244/471/220
f 5228/454/220 5229/455/226 5245/472/226
f 5229/455/226 5230/456/209 5246/473/209
f 5230/456/209 5231/457/238 5247/474/238
f 5232/458/107 5248/475/107 5247/474/238
f 5217/442/213 5233/459/213 5248/475/107
f 5234/460/214 5250/477/214 5249/476/213
f 5235/461/419 5251/478/229 5250/477/214
f 5236/463/876 5252/480/104 5251/478/229
f 5237/479/191 5253/496/191 5252/480/104
f 5238/465/193 5254/482/193 5253/481/191
f 5239/467/237 5255/484/237 5254/482/193
f 5239/467/237 5240/466/233 5256/483/233
f 5240/466/233 5241/468/199 5257/485/199
f 5241/468/199 5242/469/234 5258/486/218
f 5242/469/234 5243/470/224 5259/487/224
f 5243/470/224 5244/471/220 5260/488/220
f 5244/471/220 5245/472/226 5261/489/226
f 5245/472/226 5246/473/209 5262/490/209
f 5246/473/209 5247/474/238 5263/491/210
f 5248/475/107 5264/492/107 5263/491/210
f 5233/459/213 5249/476/213 5264/492/107
f 5250/477/214 5266/494/214 5265/493/213
f 5251/478/229 5267/495/229 5266/494/214
f 5252/480/104 5268/497/104 5267/495/229
f 5253/496/191 5269/513/228 5268/497/104
f 5254/482/193 5270/499/193 5269/498/228
f 5255/484/237 5271/501/195 5270/499/193
f 5255/484/237 5256/483/233 5272/500/233
f 5256/483/233 5257/485/199 5273/502/199
f 5257/485/199 5258/486/218 5274/503/218
f 5258/486/218 5259/487/224 5275/504/224
f 5259/487/224 5260/488/220 5276/505/907
f 5260/488/220 5261/489/226 5277/506/226
f 5261/489/226 5262/490/209 5278/507/420
f 5262/490/209 5263/491/210 5279/508/210
f 5264/492/107 5280/509/211 5279/508/210
f 5249/476/213 5265/493/213 5280/509/211
f 5266/494/214 5282/511/214 5281/510/213
f 5267/495/229 5283/512/229 5282/511/214
f 5268/497/104 5284/514/104 5283/512/229
f 5269/513/228 5285/530/422 5284/514/104
f 5270/499/193 5286/516/193 5285/515/422
f 5271/501/195 5287/518/195 5286/516/193
f 5271/501/195 5272/500/233 5288/517/233
f 5272/500/233 5273/502/199 5289/519/199
f 5273/502/199 5274/503/218 5290/520/218
f 5274/503/218 5275/504/224 5291/521/224
f 5275/504/224 5276/505/907 5292/522/220
f 5276/505/907 5277/506/226 5293/523/226
f 5277/506/226 5278/507/420 5294/524/209
f 5278/507/420 5279/508/210 5295/525/210
f 5280/509/211 5296/526/211 5295/525/210
f 5265/493/213 5281/510/213 5296/526/211
f 5282/511/214 5298/528/214 5297/527/213
f 5283/512/229 5299/529/419 5298/528/214
f 5284/514/104 5300/531/104 5299/529/419
f 5285/530/422 5301/547/912 5300/531/104
f 5286/516/193 5302/533/193 5301/532/912
f 5287/518/195 5303/535/195 5302/533/193
f 5287/518/195 5288/517/233 5304/534/233
f 5288/517/233 5289/519/199 5305/536/199
f 5289/519/199 5290/520/218 5306/537/218
f 5290/520/218 5291/521/224 5307/538/203
f 5291/521/224 5292/522/220 5308/539/220
f 5292/522/220 5293/523/226 5309/540/226
f 5293/523/226 5294/524/209 5310/541/209
f 5294/524/209 5295/525/210 5311/542/210
f 5296/526/211 5312/543/211 5311/542/210
f 5281/510/213 5297/527/213 5312/543/211
f 5298/528/214 5314/545/214 5313/544/213
f 5299/529/419 5315/546/229 5314/545/214
f 5300/531/104 5316/548/104 5315/546/229
f 5301/547/912 5317/561/223 5316/548/104
f 5302/533/193 5318/550/193 5317/549/223
f 5303/535/195 5319/552/237 5318/550/193
f 5303/535/195 5304/534/233 5320/551/233
f 5304/534/233 5305/536/199 5321/553/199
f 5305/536/199 5306/537/218 5322/554/218
f 5306/537/218 5307/538/203 5323/555/224
f 5307/538/203 5308/539/220 5324/556/220
f 5308/539/220 5309/540/226 5325/557/226
f 5309/540/226 5310/541/209 5326/558/209
f 5310/541/209 5311/542/210 5327/559/210
f 5312/543/211 5328/560/211 5327/559/210
f 5297/527/213 5313/544/213 5328/560/211
f 5314/545/214 5330/359/655 5329/361/886
f 5315/546/229 5331/362/222 5330/359/655
f 5316/548/104 5332/364/189 5331/362/222
f 5317/561/223 5333/366/228 5332/364/189
f 5318/550/193 5334/368/429 5333/370/228
f 5319/552/237 5335/371/237 5334/368/429
f 5319/552/237 5320/551/233 5336/375/66
f 5320/551/233 5321/553/199 5337/377/704
f 5321/553/199 5322/554/218 5338/379/201
f 5322/554/218 5323/555/224 5339/381/224
f 5323/555/224 5324/556/220 5340/383/205
f 5324/556/220 5325/557/226 5341/385/226
f 5325/557/226 5326/558/209 5342/387/209
f 5326/558/209 5327/559/210 5343/390/238
f 5328/560/211 5344/389/211 5343/390/238
f 5313/544/213 5329/361/886 5344/389/211
f 5345/260/111 5346/263/638 5362/261/638
f 5346/263/638 5347/265/114 5363/264/114
f 5347/265/114 5348/268/115 5364/266/115
f 5349/267/116 5365/1452/116 5364/266/115
f 5349/269/116 5350/272/117 5366/270/117
f 5350/272/117 5351/275/943 5367/273/942
f 5352/274/121 5368/277/121 5367/273/942
f 5353/276/123 5369/279/640 5368/277/121
f 5354/278/124 5370/281/127 5369/279/640
f 5355/280/126 5371/283/129 5370/281/127
f 5356/282/128 5372/285/128 5371/283/129
f 5356/282/128 5357/287/132 5373/284/130
f 5358/286/131 5374/289/134 5373/284/130
f 5359/288/133 5375/291/133 5374/289/134
f 5359/288/133 5360/292/135 5376/290/135
f 5360/292/135 5345/260/111 5361/262/111
f 5362/293/848 5378/297/140 5377/294/137
f 5363/296/139 5379/299/944 5378/297/140
f 5364/298/141 5380/301/144 5379/299/944
f 5365/300/143 5381/1453/146 5380/301/144
f 5366/302/145 5382/306/148 5381/303/146
f 5367/305/147 5383/308/150 5382/306/148
f 5367/305/147 5368/309/151 5384/307/149
f 5368/309/151 5369/311/153 5385/310/855
f 5369/311/153 5370/313/155 5386/312/154
f 5370/313/155 5371/315/856 5387/314/156
f 5371/315/856 5372/317/159 5388/316/158
f 5372/317/159 5373/319/161 5389/318/160
f 5373/319/161 5374/321/163 5390/320/162
f 5374/321/163 5375/324/166 5391/322/164
f 5376/323/165 5392/325/645 5391/322/164
f 5361/295/138 5377/294/137 5392/325/645
f 5378/326/140 5394/330/858 5393/327/168
f 5379/329/944 5395/332/909 5394/330/858
f 5380/331/144 5396/334/859 5395/332/909
f 5381/333/146 5397/1454/860 5396/334/859
f 5382/335/148 5398/339/173 5397/336/860
f 5383/338/150 5399/341/175 5398/339/173
f 5383/338/150 5384/342/149 5400/340/174
f 5384/342/149 5385/344/855 5401/343/176
f 5385/344/855 5386/346/154 5402/345/945
f 5386/346/154 5387/348/156 5403/347/895
f 5387/348/156 5388/350/158 5404/349/179
f 5388/350/158 5389/352/160 5405/351/903
f 5389/352/160 5390/354/162 5406/353/917
f 5390/354/162 5391/357/164 5407/355/866
f 5392/356/645 5408/358/183 5407/355/866
f 5377/328/137 5393/327/168 5408/358/183
f 5570/359/655 5410/363/657 5409/360/867
f 5571/362/187 5411/365/190 5410/363/657
f 5572/364/946 5412/367/406 5411/365/190
f 5573/366/228 5413/1455/407 5412/367/406
f 5574/368/193 5414/372/196 5413/369/407
f 5575/371/237 5415/374/237 5414/372/196
f 5575/371/237 5576/375/66 5416/373/110
f 5576/375/66 5577/377/704 5417/376/662
f 5577/377/704 5578/379/201 5418/378/200
f 5578/379/201 5579/381/705 5419/380/664
f 5579/381/705 5580/383/205 5420/382/204
f 5580/383/205 5581/385/226 5421/384/206
f 5581/385/226 5582/387/420 5422/386/208
f 5582/387/420 5583/390/238 5423/388/210
f 5584/389/211 5424/391/212 5423/388/210
f 5569/361/677 5409/360/867 5424/391/212
f 5394/392/858 5426/396/214 5425/393/213
f 5395/395/909 5427/398/419 5426/396/214
f 5396/397/859 5428/400/104 5427/398/419
f 5397/399/860 5429/427/191 5428/400/104
f 5398/401/173 5430/405/193 5429/402/191
f 5399/404/175 5431/430/237 5430/405/193
f 5432/406/233 5431/430/237 5399/404/175
f 5433/408/199 5432/406/233 5400/407/174
f 5434/410/218 5433/408/199 5401/409/176
f 5435/412/921 5434/410/218 5402/411/945
f 5436/414/239 5435/412/921 5403/413/895
f 5437/416/226 5436/414/239 5404/415/179
f 5438/418/420 5437/416/226 5405/417/903
f 5439/420/210 5438/418/420 5406/419/917
f 5408/422/183 5440/423/107 5439/420/210
f 5393/394/168 5425/393/213 5440/423/107
f 5426/396/214 5442/425/214 5441/424/213
f 5427/398/419 5443/426/222 5442/425/214
f 5428/400/104 5444/428/104 5443/426/222
f 5429/427/191 5445/445/191 5444/428/104
f 5430/405/193 5446/431/193 5445/429/191
f 5431/430/237 5447/433/195 5446/431/193
f 5431/430/237 5432/406/233 5448/432/233
f 5432/406/233 5433/408/199 5449/434/199
f 5433/408/199 5434/410/218 5450/435/218
f 5434/410/218 5435/412/921 5451/436/224
f 5435/412/921 5436/414/239 5452/437/220
f 5436/414/239 5437/416/226 5453/438/226
f 5437/416/226 5438/418/420 5454/439/420
f 5438/418/420 5439/420/210 5455/440/210
f 5440/423/107 5456/441/211 5455/440/210
f 5425/393/213 5441/424/213 5456/441/211
f 5442/425/214 5458/443/214 5457/442/213
f 5443/426/222 5459/444/229 5458/443/214
f 5444/428/104 5460/446/104 5459/444/229
f 5445/445/191 5461/462/191 5460/446/104
f 5446/431/193 5462/448/193 5461/447/191
f 5447/433/195 5463/450/237 5462/448/193
f 5447/433/195 5448/432/233 5464/449/233
f 5448/432/233 5449/434/199 5465/451/199
f 5449/434/199 5450/435/218 5466/452/218
f 5450/435/218 5451/436/224 5467/453/203
f 5451/436/224 5452/437/220 5468/454/220
f 5452/437/220 5453/438/226 5469/455/226
f 5453/438/226 5454/439/420 5470/456/420
f 5454/439/420 5455/440/210 5471/457/210
f 5456/441/211 5472/458/107 5471/457/210
f 5441/424/213 5457/442/213 5472/458/107
f 5458/443/214 5474/460/214 5473/459/213
f 5459/444/229 5475/461/222 5474/460/214
f 5460/446/104 5476/463/104 5475/461/222
f 5461/462/191 5477/479/191 5476/463/104
f 5462/448/193 5478/465/193 5477/464/191
f 5463/450/237 5479/467/237 5478/465/193
f 5463/450/237 5464/449/233 5480/466/233
f 5464/449/233 5465/451/199 5481/468/199
f 5465/451/199 5466/452/218 5482/469/218
f 5466/452/218 5467/453/203 5483/470/224
f 5467/453/203 5468/454/220 5484/471/235
f 5468/454/220 5469/455/226 5485/472/226
f 5469/455/226 5470/456/420 5486/473/231
f 5470/456/420 5471/457/210 5487/474/210
f 5472/458/107 5488/475/211 5487/474/210
f 5457/442/213 5473/459/213 5488/475/211
f 5474/460/214 5490/477/214 5489/476/213
f 5475/461/222 5491/478/229 5490/477/214
f 5476/463/104 5492/480/104 5491/478/229
f 5477/479/191 5493/496/228 5492/480/104
f 5478/465/193 5494/482/193 5493/481/228
f 5479/467/237 5495/484/237 5494/482/193
f 5479/467/237 5480/466/233 5496/483/233
f 5480/466/233 5481/468/199 5497/485/199
f 5481/468/199 5482/469/218 5498/486/218
f 5482/469/218 5483/470/224 5499/487/224
f 5483/470/224 5484/471/235 5500/488/220
f 5484/471/235 5485/472/226 5501/489/226
f 5485/472/226 5486/473/231 5502/490/209
f 5486/473/231 5487/474/210 5503/491/238
f 5488/475/211 5504/492/211 5503/491/238
f 5473/459/213 5489/476/213 5504/492/211
f 5490/477/214 5506/494/214 5505/493/213
f 5491/478/229 5507/495/947 5506/494/214
f 5492/480/104 5508/497/670 5507/495/947
f 5493/496/228 5509/513/228 5508/497/670
f 5494/482/193 5510/499/193 5509/498/228
f 5495/484/237 5511/501/195 5510/499/193
f 5495/484/237 5496/483/233 5512/500/233
f 5496/483/233 5497/485/199 5513/502/199
f 5497/485/199 5498/486/218 5514/503/218
f 5498/486/218 5499/487/224 5515/504/203
f 5499/487/224 5500/488/220 5516/505/225
f 5500/488/220 5501/489/226 5517/506/226
f 5501/489/226 5502/490/209 5518/507/209
f 5502/490/209 5503/491/238 5519/508/210
f 5504/492/211 5520/509/211 5519/508/210
f 5489/476/213 5505/493/213 5520/509/211
f 5506/494/214 5522/511/214 5521/510/213
f 5507/495/947 5523/512/229 5522/511/214
f 5508/497/670 5524/514/104 5523/512/229
f 5509/513/228 5525/530/228 5524/514/104
f 5510/499/193 5526/516/193 5525/515/228
f 5511/501/195 5527/518/195 5526/516/193
f 5511/501/195 5512/500/233 5528/517/233
f 5512/500/233 5513/502/199 5529/519/199
f 5513/502/199 5514/503/218 5530/520/230
f 5514/503/218 5515/504/203 5531/521/880
f 5515/504/203 5516/505/225 5532/522/239
f 5516/505/225 5517/506/226 5533/523/226
f 5517/506/226 5518/507/209 5534/524/209
f 5518/507/209 5519/508/210 5535/525/210
f 5520/509/211 5536/526/211 5535/525/210
f 5505/493/213 5521/510/213 5536/526/211
f 5522/511/214 5538/528/214 5537/527/213
f 5523/512/229 5539/529/229 5538/528/214
f 5524/514/104 5540/531/104 5539/529/229
f 5525/530/228 5541/547/191 5540/531/104
f 5526/516/193 5542/533/193 5541/532/191
f 5527/518/195 5543/535/195 5542/533/193
f 5527/518/195 5528/517/233 5544/534/233
f 5528/517/233 5529/519/199 5545/536/199
f 5529/519/199 5530/520/230 5546/537/218
f 5530/520/230 5531/521/880 5547/538/203
f 5531/521/880 5532/522/239 5548/539/225
f 5532/522/239 5533/523/226 5549/540/226
f 5533/523/226 5534/524/209 5550/541/209
f 5534/524/209 5535/525/210 5551/542/210
f 5536/526/211 5552/543/211 5551/542/210
f 5521/510/213 5537/527/213 5552/543/211
f 5538/528/214 5554/545/214 5553/544/213
f 5539/529/229 5555/546/229 5554/545/214
f 5540/531/104 5556/548/104 5555/546/229
f 5541/547/191 5557/561/912 5556/548/104
f 5542/533/193 5558/550/193 5557/549/912
f 5543/535/195 5559/552/237 5558/550/193
f 5543/535/195 5544/534/233 5560/551/233
f 5544/534/233 5545/536/199 5561/553/199
f 5545/536/199 5546/537/218 5562/554/218
f 5546/537/218 5547/538/203 5563/555/203
f 5547/538/203 5548/539/225 5564/556/220
f 5548/539/225 5549/540/226 5565/557/226
f 5549/540/226 5550/541/209 5566/558/209
f 5550/541/209 5551/542/210 5567/559/210
f 5552/543/211 5568/560/211 5567/559/210
f 5537/527/213 5553/544/213 5568/560/211
f 5554/545/214 5570/359/655 5569/361/677
f 5555/546/229 5571/362/187 5570/359/655
f 5556/548/104 5572/364/946 5571/362/187
f 5557/561/912 5573/366/228 5572/364/946
f 5558/550/193 5574/368/193 5573/370/228
f 5559/552/237 5575/371/237 5574/368/193
f 5559/552/237 5560/551/233 5576/375/66
f 5560/551/233 5561/553/199 5577/377/704
f 5561/553/199 5562/554/218 5578/379/201
f 5562/554/218 5563/555/203 5579/381/705
f 5563/555/203 5564/556/220 5580/383/205
f 5564/556/220 5565/557/226 5581/385/226
f 5565/557/226 5566/558/209 5582/387/420
f 5566/558/209 5567/559/210 5583/390/238
f 5568/560/211 5584/389/211 5583/390/238
f 5553/544/213 5569/361/677 5584/389/211
f 5585/260/111 5586/263/112 5602/261/112
f 5586/263/112 5587/265/114 5603/264/114
f 5587/265/114 5588/268/115 5604/266/115
f 5589/267/116 5605/1452/116 5604/266/115
f 5589/269/116 5590/272/119 5606/270/117
f 5590/272/119 5591/275/942 5607/273/120
f 5592/274/639 5608/277/639 5607/273/120
f 5593/276/123 5609/279/640 5608/277/639
f 5594/278/124 5610/281/127 5609/279/640
f 5595/280/126 5611/283/129 5610/281/127
f 5596/282/128 5612/285/128 5611/283/129
f 5596/282/128 5597/287/132 5613/284/130
f 5598/286/131 5614/289/134 5613/284/130
f 5599/288/133 5615/291/133 5614/289/134
f 5599/288/133 5600/292/135 5616/290/135
f 5600/292/135 5585/260/111 5601/262/111
f 5602/293/848 5618/297/140 5617/294/924
f 5603/296/139 5619/299/901 5618/297/140
f 5604/298/141 5620/301/850 5619/299/901
f 5605/300/143 5621/1453/146 5620/301/850
f 5606/302/145 5622/306/148 5621/303/146
f 5607/305/147 5623/308/150 5622/306/148
f 5607/305/147 5608/309/151 5624/307/149
f 5608/309/151 5609/311/153 5625/310/855
f 5609/311/153 5610/313/155 5626/312/154
f 5610/313/155 5611/315/856 5627/314/156
f 5611/315/856 5612/317/159 5628/316/158
f 5612/317/159 5613/319/161 5629/318/160
f 5613/319/161 5614/321/163 5630/320/162
f 5614/321/163 5615/324/166 5631/322/164
f 5616/323/165 5632/325/167 5631/322/164
f 5601/295/138 5617/294/924 5632/325/167
f 5618/326/140 5634/330/858 5633/327/168
f 5619/329/901 5635/332/909 5634/330/858
f 5620/331/850 5636/334/884 5635/332/909
f 5621/333/146 5637/1454/860 5636/334/884
f 5622/335/148 5638/339/173 5637/336/860
f 5623/338/150 5639/341/175 5638/339/173
f 5623/338/150 5624/342/149 5640/340/174
f 5624/342/149 5625/344/855 5641/343/863
f 5625/344/855 5626/346/154 5642/345/885
f 5626/346/154 5627/348/156 5643/347/895
f 5627/348/156 5628/350/158 5644/349/179
f 5628/350/158 5629/352/160 5645/351/903
f 5629/352/160 5630/354/162 5646/353/181
f 5630/354/162 5631/357/164 5647/355/182
f 5632/356/167 5648/358/183 5647/355/182
f 5617/328/924 5633/327/168 5648/358/183
f 5810/359/655 5650/363/657 5649/360/867
f 5811/362/948 5651/365/190 5650/363/657
f 5812/364/946 5652/367/406 5651/365/190
f 5813/366/228 5653/1455/407 5652/367/406
f 5814/368/193 5654/372/196 5653/369/407
f 5815/371/237 5655/374/237 5654/372/196
f 5815/371/237 5816/375/233 5656/373/110
f 5816/375/233 5817/377/199 5657/376/662
f 5817/377/199 5818/379/201 5658/378/200
f 5818/379/201 5819/381/705 5659/380/664
f 5819/381/705 5820/383/205 5660/382/204
f 5820/383/205 5821/385/226 5661/384/206
f 5821/385/226 5822/387/420 5662/386/208
f 5822/387/420 5823/390/210 5663/388/210
f 5824/389/211 5664/391/212 5663/388/210
f 5809/361/886 5649/360/867 5664/391/212
f 5634/392/858 5666/396/214 5665/393/213
f 5635/395/909 5667/398/419 5666/396/214
f 5636/397/884 5668/400/104 5667/398/419
f 5637/399/860 5669/427/191 5668/400/104
f 5638/401/173 5670/405/193 5669/402/191
f 5639/404/175 5671/430/237 5670/405/193
f 5672/406/233 5671/430/237 5639/404/175
f 5673/408/199 5672/406/233 5640/407/174
f 5674/410/218 5673/408/199 5641/409/863
f 5675/412/921 5674/410/218 5642/411/885
f 5676/414/239 5675/412/921 5643/413/895
f 5677/416/226 5676/414/239 5644/415/179
f 5678/418/420 5677/416/226 5645/417/903
f 5679/420/210 5678/418/420 5646/419/181
f 5648/422/183 5680/423/107 5679/420/210
f 5633/394/168 5665/393/213 5680/423/107
f 5666/396/214 5682/425/214 5681/424/213
f 5667/398/419 5683/426/222 5682/425/214
f 5668/400/104 5684/428/104 5683/426/222
f 5669/427/191 5685/445/216 5684/428/104
f 5670/405/193 5686/431/193 5685/429/216
f 5671/430/237 5687/433/237 5686/431/193
f 5671/430/237 5672/406/233 5688/432/233
f 5672/406/233 5673/408/199 5689/434/199
f 5673/408/199 5674/410/218 5690/435/230
f 5674/410/218 5675/412/921 5691/436/949
f 5675/412/921 5676/414/239 5692/437/220
f 5676/414/239 5677/416/226 5693/438/226
f 5677/416/226 5678/418/420 5694/439/420
f 5678/418/420 5679/420/210 5695/440/210
f 5680/423/107 5696/441/107 5695/440/210
f 5665/393/213 5681/424/213 5696/441/107
f 5682/425/214 5698/443/214 5697/442/213
f 5683/426/222 5699/444/229 5698/443/214
f 5684/428/104 5700/446/104 5699/444/229
f 5685/445/216 5701/462/191 5700/446/104
f 5686/431/193 5702/448/193 5701/447/191
f 5687/433/237 5703/450/237 5702/448/193
f 5687/433/237 5688/432/233 5704/449/233
f 5688/432/233 5689/434/199 5705/451/199
f 5689/434/199 5690/435/230 5706/452/218
f 5690/435/230 5691/436/949 5707/453/203
f 5691/436/949 5692/437/220 5708/454/220
f 5692/437/220 5693/438/226 5709/455/226
f 5693/438/226 5694/439/420 5710/456/420
f 5694/439/420 5695/440/210 5711/457/210
f 5696/441/107 5712/458/107 5711/457/210
f 5681/424/213 5697/442/213 5712/458/107
f 5698/443/214 5714/460/214 5713/459/213
f 5699/444/229 5715/461/222 5714/460/214
f 5700/446/104 5716/463/104 5715/461/222
f 5701/462/191 5717/479/191 5716/463/104
f 5702/448/193 5718/465/193 5717/464/191
f 5703/450/237 5719/467/237 5718/465/193
f 5703/450/237 5704/449/233 5720/466/233
f 5704/449/233 5705/451/199 5721/468/199
f 5705/451/199 5706/452/218 5722/469/218
f 5706/452/218 5707/453/203 5723/470/224
f 5707/453/203 5708/454/220 5724/471/220
f 5708/454/220 5709/455/226 5725/472/226
f 5709/455/226 5710/456/420 5726/473/231
f 5710/456/420 5711/457/210 5727/474/210
f 5712/458/107 5728/475/107 5727/474/210
f 5697/442/213 5713/459/213 5728/475/107
f 5714/460/214 5730/477/214 5729/476/213
f 5715/461/222 5731/478/419 5730/477/214
f 5716/463/104 5732/480/104 5731/478/419
f 5717/479/191 5733/496/228 5732/480/104
f 5718/465/193 5734/482/193 5733/481/228
f 5719/467/237 5735/484/237 5734/482/193
f 5719/467/237 5720/466/233 5736/483/233
f 5720/466/233 5721/468/199 5737/485/199
f 5721/468/199 5722/469/218 5738/486/218
f 5722/469/218 5723/470/224 5739/487/224
f 5723/470/224 5724/471/220 5740/488/220
f 5724/471/220 5725/472/226 5741/489/226
f 5725/472/226 5726/473/231 5742/490/209
f 5726/473/231 5727/474/210 5743/491/210
f 5728/475/107 5744/492/107 5743/491/210
f 5713/459/213 5729/476/213 5744/492/107
f 5730/477/214 5746/494/214 5745/493/213
f 5731/478/419 5747/495/947 5746/494/214
f 5732/480/104 5748/497/670 5747/495/947
f 5733/496/228 5749/513/228 5748/497/670
f 5734/482/193 5750/499/193 5749/498/228
f 5735/484/237 5751/501/237 5750/499/193
f 5735/484/237 5736/483/233 5752/500/233
f 5736/483/233 5737/485/199 5753/502/199
f 5737/485/199 5738/486/218 5754/503/218
f 5738/486/218 5739/487/224 5755/504/224
f 5739/487/224 5740/488/220 5756/505/225
f 5740/488/220 5741/489/226 5757/506/226
f 5741/489/226 5742/490/209 5758/507/209
f 5742/490/209 5743/491/210 5759/508/210
f 5744/492/107 5760/509/211 5759/508/210
f 5729/476/213 5745/493/213 5760/509/211
f 5746/494/214 5762/511/214 5761/510/213
f 5747/495/947 5763/512/229 5762/511/214
f 5748/497/670 5764/514/104 5763/512/229
f 5749/513/228 5765/530/228 5764/514/104
f 5750/499/193 5766/516/193 5765/515/228
f 5751/501/237 5767/518/237 5766/516/193
f 5751/501/237 5752/500/233 5768/517/233
f 5752/500/233 5753/502/199 5769/519/199
f 5753/502/199 5754/503/218 5770/520/230
f 5754/503/218 5755/504/224 5771/521/880
f 5755/504/224 5756/505/225 5772/522/239
f 5756/505/225 5757/506/226 5773/523/226
f 5757/506/226 5758/507/209 5774/524/209
f 5758/507/209 5759/508/210 5775/525/210
f 5760/509/211 5776/526/211 5775/525/210
f 5745/493/213 5761/510/213 5776/526/211
f 5762/511/214 5778/528/214 5777/527/213
f 5763/512/229 5779/529/229 5778/528/214
f 5764/514/104 5780/531/104 5779/529/229
f 5765/530/228 5781/547/191 5780/531/104
f 5766/516/193 5782/533/193 5781/532/191
f 5767/518/237 5783/535/195 5782/533/193
f 5767/518/237 5768/517/233 5784/534/233
f 5768/517/233 5769/519/199 5785/536/199
f 5769/519/199 5770/520/230 5786/537/218
f 5770/520/230 5771/521/880 5787/538/203
f 5771/521/880 5772/522/239 5788/539/225
f 5772/522/239 5773/523/226 5789/540/226
f 5773/523/226 5774/524/209 5790/541/209
f 5774/524/209 5775/525/210 5791/542/238
f 5776/526/211 5792/543/211 5791/542/238
f 5761/510/213 5777/527/213 5792/543/211
f 5778/528/214 5794/545/214 5793/544/213
f 5779/529/229 5795/546/229 5794/545/214
f 5780/531/104 5796/548/104 5795/546/229
f 5781/547/191 5797/561/228 5796/548/104
f 5782/533/193 5798/550/193 5797/549/228
f 5783/535/195 5799/552/237 5798/550/193
f 5783/535/195 5784/534/233 5800/551/233
f 5784/534/233 5785/536/199 5801/553/199
f 5785/536/199 5786/537/218 5802/554/218
f 5786/537/218 5787/538/203 5803/555/203
f 5787/538/203 5788/539/225 5804/556/220
f 5788/539/225 5789/540/226 5805/557/226
f 5789/540/226 5790/541/209 5806/558/209
f 5790/541/209 5791/542/238 5807/559/238
f 5792/543/211 5808/560/211 5807/559/238
f 5777/527/213 5793/544/213 5808/560/211
f 5794/545/214 5810/359/655 5809/361/886
f 5795/546/229 5811/362/948 5810/359/655
f 5796/548/104 5812/364/946 5811/362/948
f 5797/561/228 5813/366/228 5812/364/946
f 5798/550/193 5814/368/193 5813/370/228
f 5799/552/237 5815/371/237 5814/368/193
f 5799/552/237 5800/551/233 5816/375/233
f 5800/551/233 5801/553/199 5817/377/199
f 5801/553/199 5802/554/218 5818/379/201
f 5802/554/218 5803/555/203 5819/381/705
f 5803/555/203 5804/556/220 5820/383/205
f 5804/556/220 5805/557/226 5821/385/226
f 5805/557/226 5806/558/209 5822/387/420
f 5806/558/209 5807/559/238 5823/390/210
f 5808/560/211 5824/389/211 5823/390/210
f 5793/544/213 5809/361/886 5824/389/211
f 5825/260/111 5826/263/112 5842/261/638
f 5826/263/112 5827/265/114 5843/264/113
f 5827/265/114 5828/268/115 5844/266/115
f 5829/267/116 5845/1452/116 5844/266/115
f 5829/269/116 5830/272/119 5846/270/117
f 5830/272/119 5831/275/120 5847/273/120
f 5832/274/121 5848/277/121 5847/273/120
f 5833/276/123 5849/279/640 5848/277/121
f 5834/278/124 5850/281/641 5849/279/640
f 5835/280/126 5851/283/129 5850/281/641
f 5836/282/128 5852/285/128 5851/283/129
f 5836/282/128 5837/287/132 5853/284/130
f 5838/286/131 5854/289/134 5853/284/130
f 5839/288/133 5855/291/133 5854/289/134
f 5839/288/133 5840/292/135 5856/290/135
f 5840/292/135 5825/260/111 5841/262/111
f 5842/293/136 5858/297/140 5857/294/924
f 5843/296/139 5859/299/644 5858/297/140
f 5844/298/849 5860/301/144 5859/299/644
f 5845/300/143 5861/1453/146 5860/301/144
f 5846/302/145 5862/306/148 5861/303/146
f 5847/305/147 5863/308/150 5862/306/148
f 5847/305/147 5848/309/151 5864/307/853
f 5848/309/151 5849/311/153 5865/310/152
f 5849/311/153 5850/313/155 5866/312/154
f 5850/313/155 5851/315/157 5867/314/156
f 5851/315/157 5852/317/159 5868/316/158
f 5852/317/159 5853/319/161 5869/318/160
f 5853/319/161 5854/321/163 5870/320/162
f 5854/321/163 5855/324/166 5871/322/164
f 5856/323/165 5872/325/645 5871/322/164
f 5841/295/138 5857/294/924 5872/325/645
f 5858/326/140 5874/330/646 5873/327/168
f 5859/329/644 5875/332/909 5874/330/646
f 5860/331/144 5876/334/171 5875/332/909
f 5861/333/146 5877/1454/172 5876/334/171
f 5862/335/148 5878/339/173 5877/336/172
f 5863/338/150 5879/341/175 5878/339/173
f 5863/338/150 5864/342/853 5880/340/174
f 5864/342/853 5865/344/152 5881/343/176
f 5865/344/152 5866/346/154 5882/345/885
f 5866/346/154 5867/348/156 5883/347/895
f 5867/348/156 5868/350/158 5884/349/179
f 5868/350/158 5869/352/160 5885/351/865
f 5869/352/160 5870/354/162 5886/353/181
f 5870/354/162 5871/357/164 5887/355/182
f 5872/356/645 5888/358/183 5887/355/182
f 5857/328/924 5873/327/168 5888/358/183
f 6050/359/655 5890/363/657 5889/360/867
f 6051/362/229 5891/365/190 5890/363/657
f 6052/364/904 5892/367/192 5891/365/190
f 6053/366/228 5893/1455/926 5892/367/192
f 6054/368/193 5894/372/870 5893/369/926
f 6055/371/237 5895/374/237 5894/372/870
f 6055/371/237 6056/375/233 5896/373/110
f 6056/375/233 6057/377/950 5897/376/198
f 6057/377/950 6058/379/201 5898/378/200
f 6058/379/201 6059/381/224 5899/380/898
f 6059/381/224 6060/383/205 5900/382/873
f 6060/383/205 6061/385/226 5901/384/206
f 6061/385/226 6062/387/209 5902/386/951
f 6062/387/209 6063/390/238 5903/388/210
f 6064/389/211 5904/391/212 5903/388/210
f 6049/361/213 5889/360/867 5904/391/212
f 5874/392/646 5906/396/214 5905/393/213
f 5875/395/909 5907/398/419 5906/396/214
f 5876/397/171 5908/400/104 5907/398/419
f 5877/399/172 5909/427/216 5908/400/104
f 5878/401/173 5910/405/193 5909/402/216
f 5879/404/175 5911/430/237 5910/405/193
f 5912/406/233 5911/430/237 5879/404/175
f 5913/408/199 5912/406/233 5880/407/174
f 5914/410/218 5913/408/199 5881/409/176
f 5915/412/921 5914/410/218 5882/411/885
f 5916/414/220 5915/412/921 5883/413/895
f 5917/416/226 5916/414/220 5884/415/179
f 5918/418/420 5917/416/226 5885/417/865
f 5919/420/210 5918/418/420 5886/419/181
f 5888/422/183 5920/423/107 5919/420/210
f 5873/394/168 5905/393/213 5920/423/107
f 5906/396/214 5922/425/214 5921/424/213
f 5907/398/419 5923/426/215 5922/425/214
f 5908/400/104 5924/428/104 5923/426/215
f 5909/427/216 5925/445/191 5924/428/104
f 5910/405/193 5926/431/193 5925/429/191
f 5911/430/237 5927/433/237 5926/431/193
f 5911/430/237 5912/406/233 5928/432/233
f 5912/406/233 5913/408/199 5929/434/199
f 5913/408/199 5914/410/218 5930/435/218
f 5914/410/218 5915/412/921 5931/436/224
f 5915/412/921 5916/414/220 5932/437/220
f 5916/414/220 5917/416/226 5933/438/226
f 5917/416/226 5918/418/420 5934/439/231
f 5918/418/420 5919/420/210 5935/440/210
f 5920/423/107 5936/441/107 5935/440/210
f 5905/393/213 5921/424/213 5936/441/107
f 5922/425/214 5938/443/214 5937/442/213
f 5923/426/215 5939/444/419 5938/443/214
f 5924/428/104 5940/446/104 5939/444/419
f 5925/445/191 5941/462/191 5940/446/104
f 5926/431/193 5942/448/193 5941/447/191
f 5927/433/237 5943/450/237 5942/448/193
f 5927/433/237 5928/432/233 5944/449/233
f 5928/432/233 5929/434/199 5945/451/199
f 5929/434/199 5930/435/218 5946/452/218
f 5930/435/218 5931/436/224 5947/453/224
f 5931/436/224 5932/437/220 5948/454/220
f 5932/437/220 5933/438/226 5949/455/226
f 5933/438/226 5934/439/231 5950/456/420
f 5934/439/231 5935/440/210 5951/457/210
f 5936/441/107 5952/458/107 5951/457/210
f 5921/424/213 5937/442/213 5952/458/107
f 5938/443/214 5954/460/214 5953/459/213
f 5939/444/419 5955/461/229 5954/460/214
f 5940/446/104 5956/463/104 5955/461/229
f 5941/462/191 5957/479/216 5956/463/104
f 5942/448/193 5958/465/193 5957/464/216
f 5943/450/237 5959/467/237 5958/465/193
f 5943/450/237 5944/449/233 5960/466/233
f 5944/449/233 5945/451/199 5961/468/199
f 5945/451/199 5946/452/218 5962/469/230
f 5946/452/218 5947/453/224 5963/470/890
f 5947/453/224 5948/454/220 5964/471/235
f 5948/454/220 5949/455/226 5965/472/226
f 5949/455/226 5950/456/420 5966/473/209
f 5950/456/420 5951/457/210 5967/474/210
f 5952/458/107 5968/475/107 5967/474/210
f 5937/442/213 5953/459/213 5968/475/107
f 5954/460/214 5970/477/214 5969/476/213
f 5955/461/229 5971/478/229 5970/477/214
f 5956/463/104 5972/480/104 5971/478/229
f 5957/479/216 5973/496/422 5972/480/104
f 5958/465/193 5974/482/193 5973/481/422
f 5959/467/237 5975/484/195 5974/482/193
f 5959/467/237 5960/466/233 5976/483/233
f 5960/466/233 5961/468/199 5977/485/199
f 5961/468/199 5962/469/230 5978/486/218
f 5962/469/230 5963/470/890 5979/487/224
f 5963/470/890 5964/471/235 5980/488/220
f 5964/471/235 5965/472/226 5981/489/226
f 5965/472/226 5966/473/209 5982/490/209
f 5966/473/209 5967/474/210 5983/491/210
f 5968/475/107 5984/492/107 5983/491/210
f 5953/459/213 5969/476/213 5984/492/107
f 5970/477/214 5986/494/214 5985/493/213
f 5971/478/229 5987/495/419 5986/494/214
f 5972/480/104 5988/497/104 5987/495/419
f 5973/496/422 5989/513/228 5988/497/104
f 5974/482/193 5990/499/193 5989/498/228
f 5975/484/195 5991/501/195 5990/499/193
f 5975/484/195 5976/483/233 5992/500/233
f 5976/483/233 5977/485/199 5993/502/199
f 5977/485/199 5978/486/218 5994/503/218
f 5978/486/218 5979/487/224 5995/504/224
f 5979/487/224 5980/488/220 5996/505/235
f 5980/488/220 5981/489/226 5997/506/226
f 5981/489/226 5982/490/209 5998/507/420
f 5982/490/209 5983/491/210 5999/508/210
f 5984/492/107 6000/509/211 5999/508/210
f 5969/476/213 5985/493/213 6000/509/211
f 5986/494/214 6002/511/214 6001/510/213
f 5987/495/419 6003/512/229 6002/511/214
f 5988/497/104 6004/514/104 6003/512/229
f 5989/513/228 6005/530/228 6004/514/104
f 5990/499/193 6006/516/193 6005/515/228
f 5991/501/195 6007/518/195 6006/516/193
f 5991/501/195 5992/500/233 6008/517/233
f 5992/500/233 5993/502/199 6009/519/199
f 5993/502/199 5994/503/218 6010/520/230
f 5994/503/218 5995/504/224 6011/521/224
f 5995/504/224 5996/505/235 6012/522/220
f 5996/505/235 5997/506/226 6013/523/226
f 5997/506/226 5998/507/420 6014/524/209
f 5998/507/420 5999/508/210 6015/525/210
f 6000/509/211 6016/526/211 6015/525/210
f 5985/493/213 6001/510/213 6016/526/211
f 6002/511/214 6018/528/214 6017/527/213
f 6003/512/229 6019/529/229 6018/528/214
f 6004/514/104 6020/531/104 6019/529/229
f 6005/530/228 6021/547/422 6020/531/104
f 6006/516/193 6022/533/193 6021/532/422
f 6007/518/195 6023/535/195 6022/533/193
f 6007/518/195 6008/517/233 6024/534/233
f 6008/517/233 6009/519/199 6025/536/199
f 6009/519/199 6010/520/230 6026/537/218
f 6010/520/230 6011/521/224 6027/538/224
f 6011/521/224 6012/522/220 6028/539/220
f 6012/522/220 6013/523/226 6029/540/226
f 6013/523/226 6014/524/209 6030/541/209
f 6014/524/209 6015/525/210 6031/542/210
f 6016/526/211 6032/543/211 6031/542/210
f 6001/510/213 6017/527/213 6032/543/211
f 6018/528/214 6034/545/232 6033/544/213
f 6019/529/229 6035/546/229 6034/545/232
f 6020/531/104 6036/548/104 6035/546/229
f 6021/547/422 6037/561/422 6036/548/104
f 6022/533/193 6038/550/193 6037/549/422
f 6023/535/195 6039/552/237 6038/550/193
f 6023/535/195 6024/534/233 6040/551/233
f 6024/534/233 6025/536/199 6041/553/199
f 6025/536/199 6026/537/218 6042/554/218
f 6026/537/218 6027/538/224 6043/555/224
f 6027/538/224 6028/539/220 6044/556/220
f 6028/539/220 6029/540/226 6045/557/226
f 6029/540/226 6030/541/209 6046/558/209
f 6030/541/209 6031/542/210 6047/559/210
f 6032/543/211 6048/560/211 6047/559/210
f 6017/527/213 6033/544/213 6048/560/211
f 6034/545/232 6050/359/655 6049/361/213
f 6035/546/229 6051/362/229 6050/359/655
f 6036/548/104 6052/364/904 6051/362/229
f 6037/561/422 6053/366/228 6052/364/904
f 6038/550/193 6054/368/193 6053/370/228
f 6039/552/237 6055/371/237 6054/368/193
f 6039/552/237 6040/551/233 6056/375/233
f 6040/551/233 6041/553/199 6057/377/950
f 6041/553/199 6042/554/218 6058/379/201
f 6042/554/218 6043/555/224 6059/381/224
f 6043/555/224 6044/556/220 6060/383/205
f 6044/556/220 6045/557/226 6061/385/226
f 6045/557/226 6046/558/209 6062/387/209
f 6046/558/209 6047/559/210 6063/390/238
f 6048/560/211 6064/389/211 6063/390/238
f 6033/544/213 6049/361/213 6064/389/211
f 6065/260/891 6066/263/638 6082/261/638
f 6066/263/638 6067/265/114 6083/264/113
f 6067/265/114 6068/268/115 6084/266/115
f 6069/267/116 6085/1452/116 6084/266/115
f 6069/269/116 6070/272/117 6086/270/117
f 6070/272/117 6071/275/120 6087/273/120
f 6072/274/639 6088/277/639 6087/273/120
f 6073/276/123 6089/279/640 6088/277/639
f 6074/278/124 6090/281/641 6089/279/640
f 6075/280/126 6091/283/129 6090/281/641
f 6076/282/847 6092/285/847 6091/283/129
f 6076/282/847 6077/287/132 6093/284/130
f 6078/286/131 6094/289/914 6093/284/130
f 6079/288/133 6095/291/952 6094/289/914
f 6079/288/133 6080/292/643 6096/290/643
f 6080/292/643 6065/260/891 6081/262/111
f 6082/293/848 6098/297/140 6097/294/924
f 6083/296/139 6099/299/142 6098/297/140
f 6084/298/849 6100/301/850 6099/299/142
f 6085/300/143 6101/1453/851 6100/301/850
f 6086/302/145 6102/306/148 6101/303/851
f 6087/305/147 6103/308/150 6102/306/148
f 6087/305/147 6088/309/151 6104/307/149
f 6088/309/151 6089/311/153 6105/310/855
f 6089/311/153 6090/313/155 6106/312/154
f 6090/313/155 6091/315/157 6107/314/156
f 6091/315/157 6092/317/159 6108/316/158
f 6092/317/159 6093/319/161 6109/318/160
f 6093/319/161 6094/321/163 6110/320/162
f 6094/321/163 6095/324/166 6111/322/164
f 6096/323/165 6112/325/645 6111/322/164
f 6081/295/138 6097/294/924 6112/325/645
f 6098/326/140 6114/330/646 6113/327/168
f 6099/329/142 6115/332/909 6114/330/646
f 6100/331/850 6116/334/859 6115/332/909
f 6101/333/851 6117/1454/172 6116/334/859
f 6102/335/148 6118/339/173 6117/336/172
f 6103/338/150 6119/341/862 6118/339/173
f 6103/338/150 6104/342/149 6120/340/174
f 6104/342/149 6105/344/855 6121/343/863
f 6105/344/855 6106/346/154 6122/345/885
f 6106/346/154 6107/348/156 6123/347/652
f 6107/348/156 6108/350/158 6124/349/179
f 6108/350/158 6109/352/160 6125/351/865
f 6109/352/160 6110/354/162 6126/353/917
f 6110/354/162 6111/357/164 6127/355/182
f 6112/356/645 6128/358/183 6127/355/182
f 6097/328/924 6113/327/168 6128/358/183
f 6290/359/655 6130/363/868 6129/360/867
f 6291/362/948 6131/365/190 6130/363/868
f 6292/364/189 6132/367/192 6131/365/190
f 6293/366/422 6133/1455/407 6132/367/192
f 6294/368/193 6134/372/196 6133/369/407
f 6295/371/237 6135/374/237 6134/372/196
f 6295/371/237 6296/375/66 6136/373/197
f 6296/375/66 6297/377/704 6137/376/662
f 6297/377/704 6298/379/201 6138/378/200
f 6298/379/201 6299/381/224 6139/380/911
f 6299/381/224 6300/383/205 6140/382/204
f 6300/383/205 6301/385/226 6141/384/206
f 6301/385/226 6302/387/209 6142/386/208
f 6302/387/209 6303/390/238 6143/388/210
f 6304/389/211 6144/391/212 6143/388/210
f 6289/361/886 6129/360/867 6144/391/212
f 6114/392/646 6146/396/214 6145/393/213
f 6115/395/909 6147/398/215 6146/396/214
f 6116/397/859 6148/400/104 6147/398/215
f 6117/399/172 6149/427/191 6148/400/104
f 6118/401/173 6150/405/193 6149/402/191
f 6119/404/862 6151/430/237 6150/405/193
f 6152/406/217 6151/430/237 6119/404/862
f 6153/408/199 6152/406/217 6120/407/174
f 6154/410/218 6153/408/199 6121/409/863
f 6155/412/906 6154/410/218 6122/411/885
f 6156/414/220 6155/412/906 6123/413/652
f 6157/416/226 6156/414/220 6124/415/179
f 6158/418/209 6157/416/226 6125/417/865
f 6159/420/210 6158/418/209 6126/419/917
f 6128/422/183 6160/423/211 6159/420/210
f 6113/394/168 6145/393/213 6160/423/211
f 6146/396/214 6162/425/214 6161/424/213
f 6147/398/215 6163/426/222 6162/425/214
f 6148/400/104 6164/428/104 6163/426/222
f 6149/427/191 6165/445/216 6164/428/104
f 6150/405/193 6166/431/193 6165/429/216
f 6151/430/237 6167/433/237 6166/431/193
f 6151/430/237 6152/406/217 6168/432/217
f 6152/406/217 6153/408/199 6169/434/199
f 6153/408/199 6154/410/218 6170/435/218
f 6154/410/218 6155/412/906 6171/436/224
f 6155/412/906 6156/414/220 6172/437/220
f 6156/414/220 6157/416/226 6173/438/226
f 6157/416/226 6158/418/209 6174/439/209
f 6158/418/209 6159/420/210 6175/440/210
f 6160/423/211 6176/441/211 6175/440/210
f 6145/393/213 6161/424/213 6176/441/211
f 6162/425/214 6178/443/214 6177/442/213
f 6163/426/222 6179/444/222 6178/443/214
f 6164/428/104 6180/446/104 6179/444/222
f 6165/445/216 6181/462/191 6180/446/104
f 6166/431/193 6182/448/193 6181/447/191
f 6167/433/237 6183/450/237 6182/448/193
f 6167/433/237 6168/432/217 6184/449/233
f 6168/432/217 6169/434/199 6185/451/199
f 6169/434/199 6170/435/218 6186/452/218
f 6170/435/218 6171/436/224 6187/453/224
f 6171/436/224 6172/437/220 6188/454/220
f 6172/437/220 6173/438/226 6189/455/226
f 6173/438/226 6174/439/209 6190/456/209
f 6174/439/209 6175/440/210 6191/457/210
f 6176/441/211 6192/458/211 6191/457/210
f 6161/424/213 6177/442/213 6192/458/211
f 6178/443/214 6194/460/214 6193/459/213
f 6179/444/222 6195/461/222 6194/460/214
f 6180/446/104 6196/463/104 6195/461/222
f 6181/462/191 6197/479/191 6196/463/104
f 6182/448/193 6198/465/193 6197/464/191
f 6183/450/237 6199/467/237 6198/465/193
f 6183/450/237 6184/449/233 6200/466/217
f 6184/449/233 6185/451/199 6201/468/199
f 6185/451/199 6186/452/218 6202/469/218
f 6186/452/218 6187/453/224 6203/470/224
f 6187/453/224 6188/454/220 6204/471/235
f 6188/454/220 6189/455/226 6205/472/221
f 6189/455/226 6190/456/209 6206/473/420
f 6190/456/209 6191/457/210 6207/474/210
f 6192/458/211 6208/475/211 6207/474/210
f 6177/442/213 6193/459/213 6208/475/211
f 6194/460/214 6210/477/214 6209/476/213
f 6195/461/222 6211/478/419 6210/477/214
f 6196/463/104 6212/480/104 6211/478/419
f 6197/479/191 6213/496/191 6212/480/104
f 6198/465/193 6214/482/193 6213/481/191
f 6199/467/237 6215/484/195 6214/482/193
f 6199/467/237 6200/466/217 6216/483/217
f 6200/466/217 6201/468/199 6217/485/199
f 6201/468/199 6202/469/218 6218/486/218
f 6202/469/218 6203/470/224 6219/487/224
f 6203/470/224 6204/471/235 6220/488/220
f 6204/471/235 6205/472/221 6221/489/226
f 6205/472/221 6206/473/420 6222/490/209
f 6206/473/420 6207/474/210 6223/491/210
f 6208/475/211 6224/492/107 6223/491/210
f 6193/459/213 6209/476/213 6224/492/107
f 6210/477/214 6226/494/214 6225/493/213
f 6211/478/419 6227/495/229 6226/494/214
f 6212/480/104 6228/497/104 6227/495/229
f 6213/496/191 6229/513/228 6228/497/104
f 6214/482/193 6230/499/193 6229/498/228
f 6215/484/195 6231/501/195 6230/499/193
f 6215/484/195 6216/483/217 6232/500/217
f 6216/483/217 6217/485/199 6233/502/199
f 6217/485/199 6218/486/218 6234/503/218
f 6218/486/218 6219/487/224 6235/504/224
f 6219/487/224 6220/488/220 6236/505/907
f 6220/488/220 6221/489/226 6237/506/226
f 6221/489/226 6222/490/209 6238/507/209
f 6222/490/209 6223/491/210 6239/508/238
f 6224/492/107 6240/509/211 6239/508/238
f 6209/476/213 6225/493/213 6240/509/211
f 6226/494/214 6242/511/214 6241/510/213
f 6227/495/229 6243/512/419 6242/511/214
f 6228/497/104 6244/514/104 6243/512/419
f 6229/513/228 6245/530/191 6244/514/104
f 6230/499/193 6246/516/193 6245/515/191
f 6231/501/195 6247/518/237 6246/516/193
f 6231/501/195 6232/500/217 6248/517/217
f 6232/500/217 6233/502/199 6249/519/199
f 6233/502/199 6234/503/218 6250/520/218
f 6234/503/218 6235/504/224 6251/521/224
f 6235/504/224 6236/505/907 6252/522/220
f 6236/505/907 6237/506/226 6253/523/226
f 6237/506/226 6238/507/209 6254/524/209
f 6238/507/209 6239/508/238 6255/525/210
f 6240/509/211 6256/526/211 6255/525/210
f 6225/493/213 6241/510/213 6256/526/211
f 6242/511/214 6258/528/232 6257/527/213
f 6243/512/419 6259/529/419 6258/528/232
f 6244/514/104 6260/531/104 6259/529/419
f 6245/530/191 6261/547/422 6260/531/104
f 6246/516/193 6262/533/193 6261/532/422
f 6247/518/237 6263/535/195 6262/533/193
f 6247/518/237 6248/517/217 6264/534/233
f 6248/517/217 6249/519/199 6265/536/199
f 6249/519/199 6250/520/218 6266/537/218
f 6250/520/218 6251/521/224 6267/538/224
f 6251/521/224 6252/522/220 6268/539/239
f 6252/522/220 6253/523/226 6269/540/207
f 6253/523/226 6254/524/209 6270/541/209
f 6254/524/209 6255/525/210 6271/542/238
f 6256/526/211 6272/543/211 6271/542/238
f 6241/510/213 6257/527/213 6272/543/211
f 6258/528/232 6274/545/236 6273/544/213
f 6259/529/419 6275/546/419 6274/545/236
f 6260/531/104 6276/548/104 6275/546/419
f 6261/547/422 6277/561/191 6276/548/104
f 6262/533/193 6278/550/193 6277/549/191
f 6263/535/195 6279/552/237 6278/550/193
f 6263/535/195 6264/534/233 6280/551/217
f 6264/534/233 6265/536/199 6281/553/199
f 6265/536/199 6266/537/218 6282/554/218
f 6266/537/218 6267/538/224 6283/555/224
f 6267/538/224 6268/539/239 6284/556/877
f 6268/539/239 6269/540/207 6285/557/226
f 6269/540/207 6270/541/209 6286/558/209
f 6270/541/209 6271/542/238 6287/559/238
f 6272/543/211 6288/560/211 6287/559/238
f 6257/527/213 6273/544/213 6288/560/211
f 6274/545/236 6290/359/655 6289/361/886
f 6275/546/419 6291/362/948 6290/359/655
f 6276/548/104 6292/364/189 6291/362/948
f 6277/561/191 6293/366/422 6292/364/189
f 6278/550/193 6294/368/193 6293/370/422
f 6279/552/237 6295/371/237 6294/368/193
f 6279/552/237 6280/551/217 6296/375/66
f 6280/551/217 6281/553/199 6297/377/704
f 6281/553/199 6282/554/218 6298/379/201
f 6282/554/218 6283/555/224 6299/381/224
f 6283/555/224 6284/556/877 6300/383/205
f 6284/556/877 6285/557/226 6301/385/226
f 6285/557/226 6286/558/209 6302/387/209
f 6286/558/209 6287/559/238 6303/390/238
f 6288/560/211 6304/389/211 6303/390/238
f 6273/544/213 6289/361/886 6304/389/211
f 6310/212/3 6312/1434/3 6306/213/3
f 6305/215/20 6307/1435/20 6308/216/20
f 6311/218/38 6312/1436/38 6310/219/38
f 6312/221/1 6311/1437/1 6305/222/1
f 6309/224/4 6310/1438/4 6308/225/4
f 6313/260/111 6314/263/112 6330/261/112
f 6314/263/112 6315/265/114 6331/264/113
f 6315/265/114 6316/268/115 6332/266/115
f 6317/267/116 6333/1452/118 6332/266/115
f 6317/269/116 6318/272/119 6334/270/119
f 6318/272/119 6319/275/120 6335/273/120
f 6320/274/121 6336/277/121 6335/273/120
f 6321/276/123 6337/279/125 6336/277/121
f 6322/278/124 6338/281/641 6337/279/125
f 6323/280/126 6339/283/129 6338/281/641
f 6324/282/128 6340/285/954 6339/283/129
f 6324/282/128 6325/287/132 6341/284/130
f 6326/286/131 6342/289/134 6341/284/130
f 6327/288/133 6343/291/642 6342/289/134
f 6327/288/133 6328/292/135 6344/290/135
f 6328/292/135 6313/260/111 6329/262/953
f 6330/293/848 6346/297/140 6345/294/137
f 6331/296/139 6347/299/142 6346/297/140
f 6332/298/141 6348/301/144 6347/299/142
f 6333/300/143 6349/1453/851 6348/301/144
f 6334/302/145 6350/306/148 6349/303/851
f 6335/305/147 6351/308/150 6350/306/148
f 6335/305/147 6336/309/151 6352/307/149
f 6336/309/151 6337/311/153 6353/310/152
f 6337/311/153 6338/313/155 6354/312/154
f 6338/313/155 6339/315/157 6355/314/156
f 6339/315/157 6340/317/159 6356/316/158
f 6340/317/159 6341/319/161 6357/318/160
f 6341/319/161 6342/321/163 6358/320/162
f 6342/321/163 6343/324/166 6359/322/164
f 6344/323/165 6360/325/955 6359/322/164
f 6329/295/138 6345/294/137 6360/325/955
f 6346/326/140 6362/330/169 6361/327/168
f 6347/329/142 6363/332/170 6362/330/169
f 6348/331/144 6364/334/647 6363/332/170
f 6349/333/851 6365/1454/172 6364/334/647
f 6350/335/148 6366/339/173 6365/336/172
f 6351/338/150 6367/341/175 6366/339/173
f 6351/338/150 6352/342/149 6368/340/174
f 6352/342/149 6353/344/152 6369/343/176
f 6353/344/152 6354/346/154 6370/345/864
f 6354/346/154 6355/348/156 6371/347/178
f 6355/348/156 6356/350/158 6372/349/179
f 6356/350/158 6357/352/160 6373/351/956
f 6357/352/160 6358/354/162 6374/353/181
f 6358/354/162 6359/357/164 6375/355/182
f 6360/356/955 6376/358/183 6375/355/182
f 6345/328/137 6361/327/168 6376/358/183
f 6538/359/655 6378/363/188 6377/360/867
f 6539/362/229 6379/365/910 6378/363/188
f 6540/364/658 6380/367/957 6379/365/910
f 6541/366/191 6381/1455/407 6380/367/957
f 6542/368/193 6382/372/196 6381/369/407
f 6543/371/237 6383/374/237 6382/372/196
f 6543/371/237 6544/375/233 6384/373/110
f 6544/375/233 6545/377/199 6385/376/198
f 6545/377/199 6546/379/201 6386/378/940
f 6546/379/201 6547/381/203 6387/380/202
f 6547/381/203 6548/383/205 6388/382/204
f 6548/383/205 6549/385/207 6389/384/206
f 6549/385/207 6550/387/209 6390/386/208
f 6550/387/209 6551/390/210 6391/388/238
f 6552/389/211 6392/391/212 6391/388/238
f 6537/361/186 6377/360/867 6392/391/212
f 6362/392/169 6394/396/214 6393/393/213
f 6363/395/170 6395/398/229 6394/396/214
f 6364/397/647 6396/400/104 6395/398/229
f 6365/399/172 6397/427/216 6396/400/104
f 6366/401/173 6398/405/193 6397/402/216
f 6367/404/175 6399/430/237 6398/405/193
f 6400/406/233 6399/430/237 6367/404/175
f 6401/408/199 6400/406/233 6368/407/174
f 6402/410/218 6401/408/199 6369/409/176
f 6403/412/921 6402/410/218 6370/411/864
f 6404/414/220 6403/412/921 6371/413/178
f 6405/416/226 6404/414/220 6372/415/179
f 6406/418/209 6405/416/226 6373/417/956
f 6407/420/238 6406/418/209 6374/419/181
f 6376/422/183 6408/423/107 6407/420/238
f 6361/394/168 6393/393/213 6408/423/107
f 6394/396/214 6410/425/214 6409/424/213
f 6395/398/229 6411/426/229 6410/425/214
f 6396/400/104 6412/428/227 6411/426/229
f 6397/427/216 6413/445/223 6412/428/227
f 6398/405/193 6414/431/193 6413/429/223
f 6399/430/237 6415/433/237 6414/431/193
f 6399/430/237 6400/406/233 6416/432/233
f 6400/406/233 6401/408/199 6417/434/199
f 6401/408/199 6402/410/218 6418/435/218
f 6402/410/218 6403/412/921 6419/436/224
f 6403/412/921 6404/414/220 6420/437/225
f 6404/414/220 6405/416/226 6421/438/879
f 6405/416/226 6406/418/209 6422/439/209
f 6406/418/209 6407/420/238 6423/440/210
f 6408/423/107 6424/441/107 6423/440/210
f 6393/393/213 6409/424/213 6424/441/107
f 6410/425/214 6426/443/214 6425/442/213
f 6411/426/229 6427/444/419 6426/443/214
f 6412/428/227 6428/446/104 6427/444/419
f 6413/445/223 6429/462/191 6428/446/104
f 6414/431/193 6430/448/193 6429/447/191
f 6415/433/237 6431/450/195 6430/448/193
f 6415/433/237 6416/432/233 6432/449/233
f 6416/432/233 6417/434/199 6433/451/199
f 6417/434/199 6418/435/218 6434/452/218
f 6418/435/218 6419/436/224 6435/453/224
f 6419/436/224 6420/437/225 6436/454/220
f 6420/437/225 6421/438/879 6437/455/226
f 6421/438/879 6422/439/209 6438/456/231
f 6422/439/209 6423/440/210 6439/457/210
f 6424/441/107 6440/458/107 6439/457/210
f 6409/424/213 6425/442/213 6440/458/107
f 6426/443/214 6442/460/214 6441/459/213
f 6427/444/419 6443/461/229 6442/460/214
f 6428/446/104 6444/463/104 6443/461/229
f 6429/462/191 6445/479/191 6444/463/104
f 6430/448/193 6446/465/193 6445/464/191
f 6431/450/195 6447/467/195 6446/465/193
f 6431/450/195 6432/449/233 6448/466/233
f 6432/449/233 6433/451/199 6449/468/199
f 6433/451/199 6434/452/218 6450/469/230
f 6434/452/218 6435/453/224 6451/470/224
f 6435/453/224 6436/454/220 6452/471/235
f 6436/454/220 6437/455/226 6453/472/226
f 6437/455/226 6438/456/231 6454/473/231
f 6438/456/231 6439/457/210 6455/474/210
f 6440/458/107 6456/475/211 6455/474/210
f 6425/442/213 6441/459/213 6456/475/211
f 6442/460/214 6458/477/214 6457/476/213
f 6443/461/229 6459/478/229 6458/477/214
f 6444/463/104 6460/480/104 6459/478/229
f 6445/479/191 6461/496/191 6460/480/104
f 6446/465/193 6462/482/193 6461/481/191
f 6447/467/195 6463/484/237 6462/482/193
f 6447/467/195 6448/466/233 6464/483/233
f 6448/466/233 6449/468/199 6465/485/199
f 6449/468/199 6450/469/230 6466/486/230
f 6450/469/230 6451/470/224 6467/487/224
f 6451/470/224 6452/471/235 6468/488/225
f 6452/471/235 6453/472/226 6469/489/226
f 6453/472/226 6454/473/231 6470/490/209
f 6454/473/231 6455/474/210 6471/491/210
f 6456/475/211 6472/492/107 6471/491/210
f 6441/459/213 6457/476/213 6472/492/107
f 6458/477/214 6474/494/214 6473/493/213
f 6459/478/229 6475/495/229 6474/494/214
f 6460/480/104 6476/497/227 6475/495/229
f 6461/496/191 6477/513/191 6476/497/227
f 6462/482/193 6478/499/193 6477/498/191
f 6463/484/237 6479/501/195 6478/499/193
f 6463/484/237 6464/483/233 6480/500/233
f 6464/483/233 6465/485/199 6481/502/199
f 6465/485/199 6466/486/230 6482/503/234
f 6466/486/230 6467/487/224 6483/504/224
f 6467/487/224 6468/488/225 6484/505/235
f 6468/488/225 6469/489/226 6485/506/226
f 6469/489/226 6470/490/209 6486/507/209
f 6470/490/209 6471/491/210 6487/508/210
f 6472/492/107 6488/509/107 6487/508/210
f 6457/476/213 6473/493/213 6488/509/107
f 6474/494/214 6490/511/214 6489/510/213
f 6475/495/229 6491/512/229 6490/511/214
f 6476/497/227 6492/514/104 6491/512/229
f 6477/513/191 6493/530/191 6492/514/104
f 6478/499/193 6494/516/193 6493/515/191
f 6479/501/195 6495/518/195 6494/516/193
f 6479/501/195 6480/500/233 6496/517/217
f 6480/500/233 6481/502/199 6497/519/199
f 6481/502/199 6482/503/234 6498/520/234
f 6482/503/234 6483/504/224 6499/521/224
f 6483/504/224 6484/505/235 6500/522/225
f 6484/505/235 6485/506/226 6501/523/879
f 6485/506/226 6486/507/209 6502/524/209
f 6486/507/209 6487/508/210 6503/525/210
f 6488/509/107 6504/526/211 6503/525/210
f 6473/493/213 6489/510/213 6504/526/211
f 6490/511/214 6506/528/214 6505/527/213
f 6491/512/229 6507/529/229 6506/528/214
f 6492/514/104 6508/531/104 6507/529/229
f 6493/530/191 6509/547/228 6508/531/104
f 6494/516/193 6510/533/193 6509/532/228
f 6495/518/195 6511/535/195 6510/533/193
f 6495/518/195 6496/517/217 6512/534/233
f 6496/517/217 6497/519/199 6513/536/199
f 6497/519/199 6498/520/234 6514/537/218
f 6498/520/234 6499/521/224 6515/538/224
f 6499/521/224 6500/522/225 6516/539/220
f 6500/522/225 6501/523/879 6517/540/207
f 6501/523/879 6502/524/209 6518/541/209
f 6502/524/209 6503/525/210 6519/542/210
f 6504/526/211 6520/543/211 6519/542/210
f 6489/510/213 6505/527/213 6520/543/211
f 6506/528/214 6522/545/214 6521/544/213
f 6507/529/229 6523/546/947 6522/545/214
f 6508/531/104 6524/548/227 6523/546/947
f 6509/547/228 6525/561/228 6524/548/227
f 6510/533/193 6526/550/193 6525/549/228
f 6511/535/195 6527/552/237 6526/550/193
f 6511/535/195 6512/534/233 6528/551/233
f 6512/534/233 6513/536/199 6529/553/199
f 6513/536/199 6514/537/218 6530/554/218
f 6514/537/218 6515/538/224 6531/555/203
f 6515/538/224 6516/539/220 6532/556/220
f 6516/539/220 6517/540/207 6533/557/226
f 6517/540/207 6518/541/209 6534/558/209
f 6518/541/209 6519/542/210 6535/559/210
f 6520/543/211 6536/560/211 6535/559/210
f 6505/527/213 6521/544/213 6536/560/211
f 6522/545/214 6538/359/655 6537/361/186
f 6523/546/947 6539/362/229 6538/359/655
f 6524/548/227 6540/364/658 6539/362/229
f 6525/561/228 6541/366/191 6540/364/658
f 6526/550/193 6542/368/193 6541/370/191
f 6527/552/237 6543/371/237 6542/368/193
f 6527/552/237 6528/551/233 6544/375/233
f 6528/551/233 6529/553/199 6545/377/199
f 6529/553/199 6530/554/218 6546/379/201
f 6530/554/218 6531/555/203 6547/381/203
f 6531/555/203 6532/556/220 6548/383/205
f 6532/556/220 6533/557/226 6549/385/207
f 6533/557/226 6534/558/209 6550/387/209
f 6534/558/209 6535/559/210 6551/390/210
f 6536/560/211 6552/389/211 6551/390/210
f 6521/544/213 6537/361/186 6552/389/211
f 6553/260/111 6554/263/112 6570/261/638
f 6554/263/112 6555/265/114 6571/264/113
f 6555/265/114 6556/268/115 6572/266/115
f 6557/267/116 6573/1452/116 6572/266/115
f 6557/269/116 6558/272/119 6574/270/117
f 6558/272/119 6559/275/122 6575/273/122
f 6560/274/121 6576/277/121 6575/273/122
f 6561/276/892 6577/279/125 6576/277/121
f 6562/278/124 6578/281/641 6577/279/125
f 6563/280/126 6579/283/129 6578/281/641
f 6564/282/128 6580/285/128 6579/283/129
f 6564/282/128 6565/287/132 6581/284/130
f 6566/286/131 6582/289/134 6581/284/130
f 6567/288/133 6583/291/952 6582/289/134
f 6567/288/133 6568/292/135 6584/290/135
f 6568/292/135 6553/260/111 6569/262/953
f 6570/293/848 6586/297/140 6585/294/924
f 6571/296/139 6587/299/142 6586/297/140
f 6572/298/141 6588/301/937 6587/299/142
f 6573/300/143 6589/1453/146 6588/301/937
f 6574/302/145 6590/306/852 6589/303/146
f 6575/305/147 6591/308/854 6590/306/852
f 6575/305/147 6576/309/151 6592/307/149
f 6576/309/151 6577/311/153 6593/310/152
f 6577/311/153 6578/313/155 6594/312/154
f 6578/313/155 6579/315/157 6595/314/156
f 6579/315/157 6580/317/159 6596/316/158
f 6580/317/159 6581/319/161 6597/318/160
f 6581/319/161 6582/321/163 6598/320/162
f 6582/321/163 6583/324/166 6599/322/164
f 6584/323/165 6600/325/645 6599/322/164
f 6569/295/138 6585/294/924 6600/325/645
f 6586/326/140 6602/330/646 6601/327/168
f 6587/329/142 6603/332/170 6602/330/646
f 6588/331/937 6604/334/859 6603/332/170
f 6589/333/146 6605/1454/958 6604/334/859
f 6590/335/852 6606/339/173 6605/336/958
f 6591/338/854 6607/341/959 6606/339/173
f 6591/338/854 6592/342/149 6608/340/174
f 6592/342/149 6593/344/152 6609/343/960
f 6593/344/152 6594/346/154 6610/345/925
f 6594/346/154 6595/348/156 6611/347/178
f 6595/348/156 6596/350/158 6612/349/961
f 6596/350/158 6597/352/160 6613/351/865
f 6597/352/160 6598/354/162 6614/353/962
f 6598/354/162 6599/357/164 6615/355/182
f 6600/356/645 6616/358/654 6615/355/182
f 6585/328/924 6601/327/168 6616/358/654
f 6778/359/655 6618/363/657 6617/360/185
f 6779/362/656 6619/365/190 6618/363/657
f 6780/364/189 6620/367/406 6619/365/190
f 6781/366/191 6621/1455/661 6620/367/406
f 6782/368/660 6622/372/963 6621/369/661
f 6783/371/195 6623/374/195 6622/372/963
f 6783/371/195 6784/375/233 6624/373/110
f 6784/375/233 6785/377/199 6625/376/662
f 6785/377/199 6786/379/964 6626/378/200
f 6786/379/964 6787/381/203 6627/380/202
f 6787/381/203 6788/383/887 6628/382/204
f 6788/383/887 6789/385/221 6629/384/206
f 6789/385/221 6790/387/231 6630/386/208
f 6790/387/231 6791/390/210 6631/388/210
f 6792/389/107 6632/391/212 6631/388/210
f 6777/361/886 6617/360/185 6632/391/212
f 6602/392/646 6634/396/214 6633/393/213
f 6603/395/170 6635/398/419 6634/396/214
f 6604/397/859 6636/400/670 6635/398/419
f 6605/399/958 6637/427/191 6636/400/670
f 6606/401/173 6638/405/193 6637/402/191
f 6607/404/959 6639/430/195 6638/405/193
f 6640/406/217 6639/430/195 6607/404/959
f 6641/408/199 6640/406/217 6608/407/174
f 6642/410/218 6641/408/199 6609/409/960
f 6643/412/224 6642/410/218 6610/411/925
f 6644/414/220 6643/412/224 6611/413/178
f 6645/416/226 6644/414/220 6612/415/961
f 6646/418/231 6645/416/226 6613/417/865
f 6647/420/238 6646/418/231 6614/419/962
f 6616/422/654 6648/423/107 6647/420/238
f 6601/394/168 6633/393/213 6648/423/107
f 6634/396/214 6650/425/236 6649/424/213
f 6635/398/419 6651/426/419 6650/425/236
f 6636/400/670 6652/428/670 6651/426/419
f 6637/427/191 6653/445/422 6652/428/670
f 6638/405/193 6654/431/193 6653/429/422
f 6639/430/195 6655/433/195 6654/431/193
f 6639/430/195 6640/406/217 6656/432/217
f 6640/406/217 6641/408/199 6657/434/199
f 6641/408/199 6642/410/218 6658/435/218
f 6642/410/218 6643/412/224 6659/436/949
f 6643/412/224 6644/414/220 6660/437/220
f 6644/414/220 6645/416/226 6661/438/221
f 6645/416/226 6646/418/231 6662/439/231
f 6646/418/231 6647/420/238 6663/440/238
f 6648/423/107 6664/441/107 6663/440/238
f 6633/393/213 6649/424/213 6664/441/107
f 6650/425/236 6666/443/232 6665/442/965
f 6651/426/419 6667/444/222 6666/443/232
f 6652/428/670 6668/446/104 6667/444/222
f 6653/445/422 6669/462/191 6668/446/104
f 6654/431/193 6670/448/193 6669/447/191
f 6655/433/195 6671/450/195 6670/448/193
f 6655/433/195 6656/432/217 6672/449/217
f 6656/432/217 6657/434/199 6673/451/199
f 6657/434/199 6658/435/218 6674/452/218
f 6658/435/218 6659/436/949 6675/453/224
f 6659/436/949 6660/437/220 6676/454/220
f 6660/437/220 6661/438/221 6677/455/226
f 6661/438/221 6662/439/231 6678/456/420
f 6662/439/231 6663/440/238 6679/457/238
f 6664/441/107 6680/458/211 6679/457/238
f 6649/424/213 6665/442/965 6680/458/211
f 6666/443/232 6682/460/214 6681/459/213
f 6667/444/222 6683/461/222 6682/460/214
f 6668/446/104 6684/463/104 6683/461/222
f 6669/462/191 6685/479/228 6684/463/104
f 6670/448/193 6686/465/193 6685/464/228
f 6671/450/195 6687/467/195 6686/465/193
f 6671/450/195 6672/449/217 6688/466/217
f 6672/449/217 6673/451/199 6689/468/199
f 6673/451/199 6674/452/218 6690/469/218
f 6674/452/218 6675/453/224 6691/470/672
f 6675/453/224 6676/454/220 6692/471/220
f 6676/454/220 6677/455/226 6693/472/226
f 6677/455/226 6678/456/420 6694/473/420
f 6678/456/420 6679/457/238 6695/474/238
f 6680/458/211 6696/475/211 6695/474/238
f 6665/442/965 6681/459/213 6696/475/211
f 6682/460/214 6698/477/214 6697/476/965
f 6683/461/222 6699/478/222 6698/477/214
f 6684/463/104 6700/480/670 6699/478/222
f 6685/479/228 6701/496/228 6700/480/670
f 6686/465/193 6702/482/193 6701/481/228
f 6687/467/195 6703/484/195 6702/482/193
f 6687/467/195 6688/466/217 6704/483/217
f 6688/466/217 6689/468/199 6705/485/199
f 6689/468/199 6690/469/218 6706/486/218
f 6690/469/218 6691/470/672 6707/487/949
f 6691/470/672 6692/471/220 6708/488/220
f 6692/471/220 6693/472/226 6709/489/226
f 6693/472/226 6694/473/420 6710/490/231
f 6694/473/420 6695/474/238 6711/491/238
f 6696/475/211 6712/492/211 6711/491/238
f 6681/459/213 6697/476/965 6712/492/211
f 6698/477/214 6714/494/236 6713/493/213
f 6699/478/222 6715/495/222 6714/494/236
f 6700/480/670 6716/497/104 6715/495/222
f 6701/496/228 6717/513/191 6716/497/104
f 6702/482/193 6718/499/193 6717/498/191
f 6703/484/195 6719/501/195 6718/499/193
f 6703/484/195 6704/483/217 6720/500/217
f 6704/483/217 6705/485/199 6721/502/199
f 6705/485/199 6706/486/218 6722/503/966
f 6706/486/218 6707/487/949 6723/504/224
f 6707/487/949 6708/488/220 6724/505/220
f 6708/488/220 6709/489/226 6725/506/226
f 6709/489/226 6710/490/231 6726/507/231
f 6710/490/231 6711/491/238 6727/508/238
f 6712/492/211 6728/509/107 6727/508/238
f 6697/476/965 6713/493/213 6728/509/107
f 6714/494/236 6730/511/236 6729/510/213
f 6715/495/222 6731/512/222 6730/511/236
f 6716/497/104 6732/514/104 6731/512/222
f 6717/513/191 6733/530/191 6732/514/104
f 6718/499/193 6734/516/193 6733/515/191
f 6719/501/195 6735/518/195 6734/516/193
f 6719/501/195 6720/500/217 6736/517/233
f 6720/500/217 6721/502/199 6737/519/199
f 6721/502/199 6722/503/966 6738/520/218
f 6722/503/966 6723/504/224 6739/521/224
f 6723/504/224 6724/505/220 6740/522/220
f 6724/505/220 6725/506/226 6741/523/226
f 6725/506/226 6726/507/231 6742/524/231
f 6726/507/231 6727/508/238 6743/525/210
f 6728/509/107 6744/526/211 6743/525/210
f 6713/493/213 6729/510/213 6744/526/211
f 6730/511/236 6746/528/236 6745/527/213
f 6731/512/222 6747/529/222 6746/528/236
f 6732/514/104 6748/531/104 6747/529/222
f 6733/530/191 6749/547/191 6748/531/104
f 6734/516/193 6750/533/193 6749/532/191
f 6735/518/195 6751/535/195 6750/533/193
f 6735/518/195 6736/517/233 6752/534/233
f 6736/517/233 6737/519/199 6753/536/199
f 6737/519/199 6738/520/218 6754/537/234
f 6738/520/218 6739/521/224 6755/538/224
f 6739/521/224 6740/522/220 6756/539/877
f 6740/522/220 6741/523/226 6757/540/207
f 6741/523/226 6742/524/231 6758/541/209
f 6742/524/231 6743/525/210 6759/542/238
f 6744/526/211 6760/543/211 6759/542/238
f 6729/510/213 6745/527/213 6760/543/211
f 6746/528/236 6762/545/236 6761/544/213
f 6747/529/222 6763/546/222 6762/545/236
f 6748/531/104 6764/548/104 6763/546/222
f 6749/547/191 6765/561/191 6764/548/104
f 6750/533/193 6766/550/193 6765/549/191
f 6751/535/195 6767/552/195 6766/550/193
f 6751/535/195 6752/534/233 6768/551/217
f 6752/534/233 6753/536/199 6769/553/199
f 6753/536/199 6754/537/234 6770/554/218
f 6754/537/234 6755/538/224 6771/555/224
f 6755/538/224 6756/539/877 6772/556/220
f 6756/539/877 6757/540/207 6773/557/226
f 6757/540/207 6758/541/209 6774/558/209
f 6758/541/209 6759/542/238 6775/559/238
f 6760/543/211 6776/560/211 6775/559/238
f 6745/527/213 6761/544/213 6776/560/211
f 6762/545/236 6778/359/655 6777/361/886
f 6763/546/222 6779/362/656 6778/359/655
f 6764/548/104 6780/364/189 6779/362/656
f 6765/561/191 6781/366/191 6780/364/189
f 6766/550/193 6782/368/660 6781/370/191
f 6767/552/195 6783/371/195 6782/368/660
f 6767/552/195 6768/551/217 6784/375/233
f 6768/551/217 6769/553/199 6785/377/199
f 6769/553/199 6770/554/218 6786/379/964
f 6770/554/218 6771/555/224 6787/381/203
f 6771/555/224 6772/556/220 6788/383/887
f 6772/556/220 6773/557/226 6789/385/221
f 6773/557/226 6774/558/209 6790/387/231
f 6774/558/209 6775/559/238 6791/390/210
f 6776/560/211 6792/389/107 6791/390/210
f 6761/544/213 6777/361/886 6792/389/107
f 6793/1340/56 6794/1577/56 6796/1341/56
f 6796/1343/624 6794/1578/1073 6804/1344/625
f 6795/1346/627 6797/1360/634 6800/1347/628
f 6798/1349/630 6797/1579/630 6799/1350/630
f 6801/1352/631 6799/1345/626 6804/1344/625
f 6793/1354/20 6800/1580/20 6804/1355/20
f 6804/1355/20 6800/1580/20 6802/1357/20
f 6802/1357/20 6803/1581/20 6805/1358/20
f 6798/1359/633 6802/1582/1074 6800/1347/628
f 6802/1363/636 6798/1583/570 6801/1361/570
f 6801/1361/570 6805/1584/1075 6803/1362/635
f 6795/1364/637 6796/1585/637 6799/1365/637
f 6806/1340/53 6807/1577/53 6809/1341/53
f 6809/1343/967 6807/1578/1095 6817/1344/968
f 6808/1346/970 6810/1360/977 6813/1347/971
f 6811/1349/973 6810/1579/973 6812/1350/973
f 6814/1352/974 6812/1345/969 6817/1344/968
f 6806/1354/38 6813/1580/38 6817/1355/38
f 6817/1355/38 6813/1580/38 6815/1357/38
f 6815/1357/38 6816/1581/38 6818/1358/38
f 6811/1359/976 6815/1582/1096 6813/1347/971
f 6815/1363/979 6811/1583/566 6814/1361/566
f 6814/1361/566 6818/1584/1097 6816/1362/978
f 6808/1364/980 6809/1585/980 6812/1365/980
f 6819/1340/53 6820/1577/53 6822/1341/53
f 6822/1343/967 6820/1578/1095 6830/1344/968
f 6821/1346/970 6823/1360/977 6826/1347/971
f 6824/1349/973 6823/1579/973 6825/1350/973
f 6827/1352/974 6825/1345/969 6830/1344/968
f 6819/1354/38 6826/1580/38 6830/1355/38
f 6830/1355/38 6826/1580/38 6828/1357/38
f 6828/1357/38 6829/1581/38 6831/1358/38
f 6824/1359/976 6828/1582/1096 6826/1347/971
f 6828/1363/981 6824/1583/566 6827/1361/566
f 6827/1361/566 6831/1584/1097 6829/1362/978
f 6821/1364/980 6822/1585/980 6825/1365/980
f 6839/1057/20 6833/1531/438 6832/1058/438
f 6834/1060/3 6832/1532/3 6833/1061/3
f 6838/1063/1 6832/1533/1 6834/1064/1
f 6837/1066/439 6836/1534/439 6834/1067/38
f 6838/1069/2 6836/1535/2 6837/1070/2
f 6839/1072/4 6837/1536/4 6835/1073/4
f 6846/79/4 6847/1403/4 6841/80/4
f 6842/82/1 6843/1404/1 6845/83/1
f 6848/85/38 6849/98/38 6843/86/38
f 6850/88/20 6851/100/20 6844/89/20
f 6844/91/3 6851/101/3 6848/92/3
f 6849/94/2 6850/1405/2 6845/95/2
f 6848/85/38 6840/1406/38 6841/97/38
f 6850/88/20 6847/1339/20 6846/99/20
f 6851/101/3 6846/1407/3 6840/102/3
f 6858/79/4 6859/1403/4 6853/80/4
f 6854/82/1 6855/1404/1 6857/83/1
f 6860/85/38 6861/98/38 6855/86/38
f 6862/88/20 6863/100/20 6856/89/20
f 6856/91/3 6863/101/3 6860/92/3
f 6861/94/2 6862/1405/2 6857/95/2
f 6860/85/38 6852/1406/38 6853/97/38
f 6862/88/20 6859/1339/20 6858/99/20
f 6863/101/3 6858/1407/3 6852/102/3
f 6870/79/4 6871/1403/4 6865/80/4
f 6866/82/1 6867/1404/1 6869/83/1
f 6872/85/20 6873/98/20 6867/86/20
f 6874/88/38 6875/100/38 6868/89/38
f 6868/91/2 6875/101/2 6872/92/2
f 6873/94/3 6874/1405/3 6869/95/3
f 6872/85/20 6864/1406/20 6865/97/20
f 6875/100/38 6874/88/38 6871/1339/38
f 6875/101/2 6870/1407/2 6864/102/2
f 6882/79/4 6883/1403/4 6877/80/4
f 6878/82/1 6879/1404/1 6881/83/1
f 6884/85/20 6885/98/20 6879/86/20
f 6886/88/38 6887/100/38 6880/89/38
f 6880/91/2 6887/101/2 6884/92/2
f 6885/94/3 6886/1405/3 6881/95/3
f 6884/85/20 6876/1406/20 6877/97/20
f 6887/100/38 6886/88/38 6883/1339/38
f 6887/101/2 6882/1407/2 6876/102/2
f 6894/704/20 6892/1484/20 6890/705/20
f 6890/707/2 6891/1485/2 6889/708/2
f 6889/710/4 6895/1486/4 6894/711/4
f 6891/715/1 6890/1487/1 6892/713/982
f 6892/713/982 6896/1488/1098 6893/714/983
f 6892/716/984 6894/1489/3 6895/717/985
f 6903/704/20 6901/1484/20 6899/705/20
f 6899/707/2 6900/1485/2 6898/708/2
f 6898/710/4 6904/1486/4 6903/711/4
f 6900/715/1 6899/1487/1 6901/713/982
f 6901/713/982 6905/1488/1099 6902/714/986
f 6901/716/984 6903/1489/3 6904/717/985
f 6912/704/20 6910/1484/20 6908/705/20
f 6908/707/2 6909/1485/2 6907/708/2
f 6907/710/4 6913/1486/4 6912/711/4
f 6909/715/1 6908/1487/1 6910/713/982
f 6910/713/982 6914/1488/1100 6911/714/987
f 6910/716/984 6912/1489/3 6913/717/985
f 6923/719/988 6919/1490/1008 6928/720/989
f 6916/722/991 6921/1491/1101 6933/723/992
f 6933/725/994 6921/1492/1 6920/726/995
f 6924/728/1 6923/1493/1 6926/729/1
f 6927/731/4 6928/1494/4 6919/732/4
f 6931/734/20 6932/1495/20 6928/735/20
f 6916/737/997 6915/1496/997 6923/738/997
f 6916/740/998 6917/1497/1102 6934/741/999
f 6922/743/38 6919/1498/38 6920/744/38
f 6933/746/1001 6918/1499/1103 6934/747/1002
f 6925/730/1004 6926/729/1004 6929/749/1004
f 6930/751/1 6929/1500/1 6932/752/1
f 6926/754/990 6928/1501/989 6932/755/1005
f 6915/757/1007 6920/1502/1104 6919/758/1008
f 6918/760/1009 6920/1503/1104 6915/761/1007
f 6922/763/1011 6921/1504/1101 6916/764/991
f 6927/766/1013 6922/1505/1011 6924/767/1012
f 6925/769/1014 6930/1506/349 6931/770/1015
f 6941/245/20 6939/1447/20 6937/246/20
f 6936/248/1 6942/1448/1 6941/249/1
f 6937/251/4 6939/1449/4 6940/252/4
f 6935/254/3 6937/1450/3 6938/255/3
f 6939/257/2 6941/1451/2 6942/258/2
f 6951/719/1016 6947/1490/1008 6956/720/989
f 6944/722/991 6949/1491/1105 6961/723/992
f 6961/725/994 6949/1492/1 6948/726/995
f 6952/728/1 6951/1493/1 6954/729/1
f 6955/731/4 6956/1494/4 6947/732/4
f 6959/734/20 6960/1495/20 6956/735/20
f 6944/737/997 6943/1496/997 6951/738/997
f 6944/740/998 6945/1497/1102 6962/741/999
f 6950/743/38 6947/1498/38 6948/744/38
f 6961/746/1001 6946/1499/1103 6962/747/1002
f 6953/730/1004 6954/729/1004 6957/749/1004
f 6958/751/1 6957/1500/1 6960/752/1
f 6954/754/990 6956/1501/989 6960/755/1005
f 6943/757/1007 6948/1502/1104 6947/758/1008
f 6946/760/1017 6948/1503/1104 6943/761/1007
f 6950/763/1011 6949/1504/1105 6944/764/991
f 6955/766/1013 6950/1505/1011 6952/767/1012
f 6953/769/1014 6958/1506/349 6959/770/1015
f 6971/719/1016 6967/1490/1008 6976/720/989
f 6964/722/991 6969/1491/1101 6981/723/992
f 6981/725/994 6969/1492/1 6968/726/995
f 6972/728/1 6971/1493/1 6974/729/1
f 6975/731/4 6976/1494/4 6967/732/4
f 6979/734/20 6980/1495/20 6976/735/20
f 6964/737/997 6963/1496/997 6971/738/997
f 6964/740/998 6965/1497/1102 6982/741/999
f 6970/743/38 6967/1498/38 6968/744/38
f 6981/746/1001 6966/1499/1103 6982/747/1002
f 6973/730/1004 6974/729/1004 6977/749/1004
f 6978/751/1 6977/1500/1 6980/752/1
f 6974/754/990 6976/1501/989 6980/755/1005
f 6963/757/1007 6968/1502/1106 6967/758/1008
f 6966/760/1009 6968/1503/1106 6963/761/1007
f 6970/763/1018 6969/1504/1101 6964/764/991
f 6975/766/1013 6970/1505/1018 6972/767/1012
f 6973/769/1019 6978/1506/349 6979/770/1015
