# Blender 5.1.2
# www.blender.org
mtllib laboratorio.mtl
o jeralt
v -0.106151 5.400658 0.077343
v -0.205924 5.715705 -0.740999
v -0.111854 5.351499 0.077694
v -0.226543 5.789524 -1.020357
v -0.284897 6.306790 0.097734
v -0.314950 6.557876 0.183547
v -0.253354 5.769943 0.549173
v -0.292305 5.684789 0.844824
v -0.299204 6.333481 -0.840999
v -0.250366 6.114428 -0.604537
v -0.165305 5.554772 0.496579
v -0.217115 5.431619 0.579921
v -0.296101 6.425274 0.636134
v -0.281407 6.200646 0.353622
v -0.263258 6.244507 -0.418964
v -0.265994 6.509774 -0.500619
v -0.274260 6.082395 -0.954592
v -0.242720 6.028497 -0.670415
v -0.023837 5.671641 -0.691800
v -0.023837 5.426131 0.088928
v -0.023837 5.319200 0.081578
v -0.023837 5.756374 -1.102117
v -0.023837 6.178503 0.087614
v -0.023837 6.673126 0.273924
v -0.023837 5.789691 0.470136
v -0.023837 5.652906 0.989704
v -0.023837 6.071372 -0.541112
v -0.023837 6.398499 -0.933496
v -0.023837 5.599566 0.450953
v -0.023837 5.354928 0.641187
v -0.023837 6.109498 0.307740
v -0.023837 6.484591 0.745393
v -0.023837 6.127847 -0.388666
v -0.023837 6.644120 -0.500376
v -0.023837 5.996495 -0.577559
v -0.023837 6.128577 -1.069006
v -0.023837 5.425215 0.076743
v -0.023837 5.319855 0.052179
v -0.088259 5.329944 0.020985
v -0.084648 5.401875 0.061426
v -0.124245 5.684589 -0.699604
v -0.085803 5.330687 0.080856
v -0.163825 6.209349 0.070587
v -0.149261 5.775575 0.495442
v -0.151173 6.070525 -0.557436
v -0.111367 5.578408 0.478381
v -0.173815 6.147908 0.321185
v -0.149115 6.147776 -0.397193
v -0.156336 6.006939 -0.606644
v -0.093257 5.415679 0.080668
v -0.134301 5.768436 -1.072123
v -0.199750 6.636005 0.227573
v -0.206248 5.671917 0.920494
v -0.177460 6.384438 -0.892181
v -0.147839 5.379733 0.611002
v -0.187927 6.466489 0.708296
v -0.162956 6.597998 -0.503138
v -0.165614 6.111208 -1.040419
v -0.078660 5.319185 -0.026932
v -0.078677 5.416827 0.059444
v -0.118220 5.378517 0.075170
v -0.233572 5.669893 -0.894675
v -0.355554 6.418197 0.135042
v -0.321181 5.734818 0.686127
v -0.332724 6.206029 -0.726634
v -0.221319 5.505402 0.531631
v -0.341037 6.311778 0.472077
v -0.319752 6.366623 -0.444854
v -0.023837 5.374711 0.032773
v -0.023837 5.576937 -0.907163
v -0.084526 5.364657 0.019214
v -0.073897 5.372642 -0.044592
v -0.133893 5.585713 -0.911802
v -0.120834 5.365007 0.075711
v -0.086986 5.349372 0.016392
v -0.220833 5.707007 -0.953406
v -0.335252 6.488037 0.159294
v -0.306743 5.706897 0.779524
v -0.315964 6.269755 -0.801620
v -0.218370 5.468510 0.555776
v -0.318569 6.372702 0.566367
v -0.292873 6.438199 -0.472736
v -0.302215 6.064721 -0.898042
v -0.023837 5.342086 0.038448
v -0.076278 5.345913 -0.040562
v -0.134097 5.649122 -0.992922
v -0.229081 5.681290 -0.812783
v -0.331676 6.362494 0.116388
v -0.297816 5.748711 0.623472
v -0.305329 6.162216 -0.665921
v -0.201184 5.530087 0.520939
v -0.327985 6.258883 0.418534
v -0.303633 6.304655 -0.435444
v -0.300890 6.038053 -0.722326
v -0.023837 5.403872 0.053191
v -0.076287 5.400349 -0.025373
v -0.129069 5.600971 -0.804080
v -0.111669 5.389587 0.075947
v -0.023837 5.588905 -0.790559
v -0.085045 5.390675 0.019662
v -0.252382 5.906430 -1.015562
v -0.229968 5.903131 -0.714524
v -0.023837 5.898815 -0.635107
v -0.023837 5.905964 -1.130477
v -0.131401 5.899813 -0.657445
v -0.145087 5.906072 -1.094872
v -0.292878 5.899406 -0.863816
v -0.273078 5.901694 -0.966324
v -0.270794 5.900122 -0.764703
v -0.274078 6.320121 -0.128225
v -0.290472 6.567599 -0.137662
v -0.023837 6.186176 -0.129652
v -0.023837 6.699413 -0.092351
v -0.156470 6.211966 -0.142429
v -0.181353 6.653270 -0.109958
v -0.337653 6.426185 -0.134032
v -0.314062 6.496892 -0.135847
v -0.317654 6.373153 -0.131129
v -0.267381 6.022800 0.526549
v -0.294203 6.049623 0.799184
v -0.023837 5.973732 0.442625
v -0.023837 6.049206 0.924485
v -0.164677 5.988224 0.472631
v -0.197087 6.048217 0.890906
v -0.331109 6.035701 0.653397
v -0.312656 6.042662 0.726290
v -0.312900 6.029251 0.600213
v -0.141055 5.487205 0.280491
v -0.181156 5.382710 0.327735
v -0.023837 5.529816 0.258163
v -0.023837 5.316616 0.364155
v -0.095231 5.510648 0.272272
v -0.120727 5.338624 0.346895
v -0.185237 5.443839 0.299872
v -0.181857 5.413274 0.313803
v -0.167920 5.465522 0.294326
v -0.128698 5.448529 0.175520
v -0.023837 5.307874 0.218500
v -0.108393 5.326566 0.209829
v -0.162752 5.411973 0.184609
v -0.159401 5.387377 0.191730
v -0.148389 5.430251 0.182377
v -0.159066 5.362782 0.198851
v -0.023837 5.486523 0.167975
v -0.091057 5.469994 0.173526
v -0.202928 5.402983 0.456187
v -0.023837 5.572536 0.349338
v -0.099774 5.550834 0.371692
v -0.153464 5.525498 0.385909
v -0.023837 5.326140 0.508759
v -0.133124 5.351334 0.483225
v -0.207387 5.475590 0.415204
v -0.203980 5.439287 0.435695
v -0.187231 5.500544 0.406465
v -0.322579 6.124625 -0.772475
v -0.321041 6.125587 -0.831620
v -0.315100 6.084713 -0.873992
v -0.308238 6.025944 -0.874770
v -0.304473 5.983708 -0.833499
v -0.306011 5.982745 -0.774354
v -0.311952 6.023620 -0.731981
v -0.318815 6.082388 -0.731203
v -0.330454 6.117847 -0.775410
v -0.329063 6.118718 -0.828866
v -0.323694 6.081775 -0.867162
v -0.317491 6.028659 -0.867866
v -0.314089 5.990485 -0.830564
v -0.315479 5.989614 -0.777108
v -0.320848 6.026558 -0.738811
v -0.327051 6.079673 -0.738108
v -0.337713 6.106671 -0.780249
v -0.336567 6.107389 -0.824324
v -0.332140 6.076930 -0.855900
v -0.327026 6.033135 -0.856480
v -0.324220 6.001661 -0.825724
v -0.325367 6.000943 -0.781650
v -0.329794 6.031403 -0.750074
v -0.334908 6.075197 -0.749494
v -0.347958 6.096777 -0.784534
v -0.347028 6.097360 -0.820303
v -0.343435 6.072640 -0.845929
v -0.339285 6.037098 -0.846399
v -0.337008 6.011555 -0.821440
v -0.337938 6.010973 -0.785670
v -0.341531 6.035692 -0.760045
v -0.345681 6.071234 -0.759574
v -0.355158 6.086465 -0.789000
v -0.354453 6.086906 -0.816113
v -0.351729 6.068169 -0.835536
v -0.348584 6.041229 -0.835893
v -0.346858 6.021867 -0.816974
v -0.347563 6.021426 -0.789861
v -0.350286 6.040163 -0.770437
v -0.353432 6.067103 -0.770080
v -0.361342 6.076077 -0.793498
v -0.360863 6.076377 -0.811891
v -0.359016 6.063666 -0.825068
v -0.356882 6.045390 -0.825310
v -0.355711 6.032255 -0.812476
v -0.356189 6.031955 -0.794082
v -0.358037 6.044667 -0.780905
v -0.360171 6.062943 -0.780663
v -0.365586 6.066063 -0.797835
v -0.365327 6.066226 -0.807822
v -0.364324 6.059324 -0.814976
v -0.363165 6.049401 -0.815108
v -0.362529 6.042269 -0.808139
v -0.362789 6.042107 -0.798152
v -0.363792 6.049008 -0.790997
v -0.364951 6.058931 -0.790866
v 0.058477 5.400658 0.077343
v 0.081024 5.448529 0.175520
v 0.043383 5.469994 0.173526
v 0.045583 5.415679 0.080668
v 0.064180 5.351499 0.077694
v 0.038130 5.330687 0.080856
v 0.060719 5.326566 0.209829
v 0.111392 5.362782 0.198851
v 0.036975 5.401875 0.061426
v 0.031003 5.416827 0.059444
v 0.028613 5.400349 -0.025373
v 0.037371 5.390675 0.019662
v 0.158250 5.715705 -0.740999
v 0.182294 5.903131 -0.714524
v 0.223120 5.900122 -0.764703
v 0.181407 5.681290 -0.812783
v 0.237224 6.306790 0.097734
v 0.226404 6.320121 -0.128225
v 0.108796 6.211966 -0.142429
v 0.116151 6.209349 0.070587
v 0.233733 6.200646 0.353622
v 0.280311 6.258883 0.418534
v 0.284002 6.362494 0.116388
v 0.205681 5.769943 0.549173
v 0.219707 6.022800 0.526549
v 0.117003 5.988224 0.472631
v 0.101587 5.775575 0.495442
v 0.117632 5.554772 0.496579
v 0.153510 5.530087 0.520939
v 0.250142 5.748711 0.623472
v 0.202692 6.114428 -0.604537
v 0.215584 6.244507 -0.418964
v 0.255959 6.304655 -0.435444
v 0.257655 6.162216 -0.665921
v 0.195046 6.028497 -0.670415
v 0.108663 6.006939 -0.606644
v 0.103499 6.070525 -0.557436
v 0.063693 5.578408 0.478381
v 0.105790 5.525498 0.385909
v 0.139557 5.500544 0.406465
v 0.265227 6.029251 0.600213
v 0.126141 6.147908 0.321185
v 0.101442 6.147776 -0.397193
v 0.269981 6.373153 -0.131129
v 0.253216 6.038053 -0.722326
v 0.083727 5.899813 -0.657445
v 0.076571 5.684589 -0.699604
v 0.081395 5.600971 -0.804080
v 0.115282 6.597998 -0.503138
v 0.133679 6.653270 -0.109958
v 0.140253 6.466489 0.708296
v 0.149414 6.048217 0.890906
v 0.117940 6.111208 -1.040419
v 0.129786 6.384438 -0.892181
v 0.158574 5.671917 0.920494
v 0.100166 5.379733 0.611002
v 0.152076 6.636005 0.227573
v 0.086627 5.768436 -1.072123
v 0.097413 5.906072 -1.094872
v 0.030986 5.319185 -0.026932
v 0.073161 5.365007 0.075711
v 0.039312 5.349372 0.016392
v 0.040585 5.329944 0.020985
v 0.052101 5.550834 0.371692
v 0.218321 6.509774 -0.500619
v 0.242798 6.567599 -0.137662
v 0.248427 6.425274 0.636134
v 0.246529 6.049623 0.799184
v 0.226586 6.082395 -0.954592
v 0.251530 6.333481 -0.840999
v 0.244632 5.684789 0.844824
v 0.169442 5.431619 0.579921
v 0.267276 6.557876 0.183547
v 0.178870 5.789524 -1.020357
v 0.204709 5.906430 -1.015562
v 0.026223 5.372642 -0.044592
v 0.028605 5.345913 -0.040562
v 0.036852 5.364657 0.019214
v 0.293364 6.311778 0.472077
v 0.270895 6.372702 0.566367
v 0.287578 6.488037 0.159294
v 0.307880 6.418197 0.135042
v 0.173645 5.505402 0.531631
v 0.170697 5.468510 0.555776
v 0.259070 5.706897 0.779524
v 0.273507 5.734818 0.686127
v 0.272078 6.366623 -0.444854
v 0.245199 6.438199 -0.472736
v 0.268290 6.269755 -0.801620
v 0.285050 6.206029 -0.726634
v 0.070546 5.378517 0.075170
v 0.111727 5.387377 0.191730
v 0.115078 5.411973 0.184609
v 0.264982 6.042662 0.726290
v 0.283436 6.035701 0.653397
v 0.266389 6.496892 -0.135847
v 0.289979 6.426185 -0.134032
v 0.086219 5.585713 -0.911802
v 0.086423 5.649122 -0.992922
v -0.023837 5.636722 -1.005599
v 0.063995 5.389587 0.075947
v 0.185898 5.669893 -0.894675
v 0.173159 5.707007 -0.953406
v 0.254541 6.064721 -0.898042
v 0.225405 5.901694 -0.966324
v 0.100715 5.430251 0.182377
v 0.245205 5.899406 -0.863816
v 0.093382 5.487205 0.280491
v 0.047557 5.510648 0.272272
v 0.073053 5.338624 0.346895
v 0.085450 5.351334 0.483225
v 0.155254 5.402983 0.456187
v 0.133483 5.382710 0.327735
v 0.120246 5.465522 0.294326
v 0.134183 5.413274 0.313803
v 0.156307 5.439287 0.435695
v 0.159713 5.475590 0.415204
v 0.137563 5.443839 0.299872
v 0.273367 6.125587 -0.831620
v 0.274906 6.124625 -0.772475
v 0.267426 6.084713 -0.873992
v 0.260564 6.025944 -0.874770
v 0.256799 5.983708 -0.833499
v 0.258338 5.982745 -0.774354
v 0.264278 6.023620 -0.731981
v 0.271141 6.082388 -0.731203
v 0.281389 6.118718 -0.828866
v 0.282780 6.117847 -0.775410
v 0.276020 6.081775 -0.867162
v 0.269818 6.028659 -0.867866
v 0.266415 5.990485 -0.830564
v 0.267806 5.989614 -0.777108
v 0.273175 6.026558 -0.738811
v 0.279377 6.079673 -0.738108
v 0.288893 6.107389 -0.824324
v 0.290040 6.106671 -0.780249
v 0.284466 6.076930 -0.855900
v 0.279352 6.033135 -0.856480
v 0.276547 6.001661 -0.825724
v 0.277693 6.000943 -0.781650
v 0.282120 6.031403 -0.750074
v 0.287234 6.075197 -0.749494
v 0.299354 6.097360 -0.820303
v 0.300284 6.096777 -0.784534
v 0.295761 6.072640 -0.845929
v 0.291611 6.037098 -0.846399
v 0.289334 6.011555 -0.821440
v 0.290265 6.010973 -0.785670
v 0.293857 6.035692 -0.760045
v 0.298008 6.071234 -0.759574
v 0.306779 6.086906 -0.816113
v 0.307484 6.086465 -0.789000
v 0.304056 6.068169 -0.835536
v 0.300910 6.041229 -0.835893
v 0.299184 6.021867 -0.816974
v 0.299889 6.021426 -0.789861
v 0.302613 6.040163 -0.770437
v 0.305758 6.067103 -0.770080
v 0.313190 6.076377 -0.811891
v 0.313668 6.076077 -0.793498
v 0.311342 6.063666 -0.825068
v 0.309208 6.045390 -0.825310
v 0.308037 6.032255 -0.812476
v 0.308516 6.031955 -0.794082
v 0.310363 6.044667 -0.780905
v 0.312497 6.062943 -0.780663
v 0.317653 6.066226 -0.807822
v 0.317913 6.066063 -0.797835
v 0.316650 6.059324 -0.814976
v 0.315491 6.049401 -0.815108
v 0.314855 6.042269 -0.808139
v 0.315115 6.042107 -0.798152
v 0.316118 6.049008 -0.790997
v 0.317277 6.058931 -0.790866
vn -0.5948 0.7006 -0.3942
vn -0.3413 0.8319 -0.4375
vn -0.4449 0.7589 -0.4755
vn -0.6440 0.4991 -0.5798
vn -0.7410 -0.6483 -0.1753
vn -0.4028 -0.9149 -0.0265
vn -0.4050 -0.9138 -0.0304
vn -0.8520 -0.4957 -0.1684
vn -0.5139 0.8280 -0.2245
vn -0.2924 0.6810 -0.6714
vn -0.9392 0.2402 -0.2453
vn -0.7458 0.5579 -0.3640
vn -0.6740 -0.3837 0.6312
vn -0.6349 -0.2824 0.7192
vn -0.8578 -0.2948 0.4210
vn -0.8045 -0.5208 0.2855
vn -0.7243 -0.6884 0.0392
vn -0.4563 -0.8847 0.0950
vn -0.4323 -0.8894 -0.1485
vn -0.7206 -0.6733 -0.1656
vn -0.7341 -0.5936 -0.3297
vn -0.9444 -0.2939 -0.1473
vn -0.8722 -0.4744 -0.1188
vn -0.7200 -0.3361 -0.6071
vn -0.3952 -0.4035 -0.8252
vn -0.3463 -0.0420 -0.9372
vn -0.6899 -0.1092 -0.7156
vn -0.6210 0.4687 -0.6282
vn -0.7430 0.3757 -0.5539
vn -0.8824 -0.1372 -0.4501
vn -0.6991 -0.5293 0.4807
vn -0.7583 -0.6081 0.2349
vn -0.9184 -0.3742 0.1288
vn -0.9016 -0.2970 0.3145
vn -0.6243 -0.4217 0.6576
vn -0.4133 -0.4917 0.7665
vn -0.3501 -0.7064 0.6152
vn -0.4406 0.5251 -0.7281
vn -0.5778 0.7577 -0.3033
vn -0.7360 0.6170 -0.2786
vn -0.9061 -0.1872 -0.3794
vn -0.3886 -0.7980 -0.4608
vn -0.4058 -0.8585 0.3136
vn -0.8738 -0.4862 0.0025
vn -0.6515 -0.2676 0.7099
vn -0.3440 -0.3419 0.8745
vn -0.3319 -0.4906 0.8057
vn -0.3693 -0.8585 0.3558
vn -0.0000 -0.9179 0.3968
vn -0.0000 -0.5411 0.8409
vn -0.0000 0.9519 -0.3065
vn -0.4508 0.8464 -0.2833
vn -0.4413 0.8952 -0.0622
vn -0.0000 0.9993 -0.0374
vn -0.4048 0.6572 0.6358
vn -0.4329 0.2264 0.8725
vn -0.0000 0.2514 0.9679
vn -0.0000 0.6975 0.7166
vn -0.0000 0.3597 -0.9331
vn -0.4254 0.2988 -0.8542
vn -0.3765 0.6551 -0.6550
vn -0.0000 0.6745 -0.7383
vn -0.0000 -0.3340 0.9426
vn -0.4945 -0.3141 0.8105
vn -0.4575 -0.8143 0.3573
vn -0.0000 -0.8876 0.4607
vn -0.0000 0.9737 0.2277
vn -0.4256 0.8894 0.1666
vn -0.3825 -0.3661 -0.8483
vn -0.4208 0.0250 -0.9068
vn -0.0000 0.0397 -0.9992
vn -0.0000 -0.4178 -0.9085
vn -0.2591 -0.7234 -0.6400
vn -0.0000 -0.9856 -0.1691
vn -0.0000 -0.9989 -0.0469
vn -0.9091 -0.2085 -0.3607
vn -0.9482 0.0797 -0.3076
vn -0.8858 -0.4468 -0.1257
vn -0.0000 0.6242 -0.7812
vn -0.0000 0.9408 -0.3390
vn -0.4023 0.8621 -0.3082
vn -0.0000 -1.0000 -0.0044
vn -0.0000 0.9802 -0.1978
vn -0.0000 0.7005 -0.7137
vn -0.0000 -0.9569 0.2904
vn -0.0000 -0.9957 0.0921
vn -0.0000 -0.8475 -0.5309
vn -0.0000 -0.4493 -0.8934
vn -0.0000 -0.4929 0.8701
vn -0.0000 -0.7359 0.6771
vn -0.0000 -0.0235 -0.9997
vn -0.0000 -0.9869 -0.1611
vn -0.0000 -0.3702 0.9289
vn -0.8037 0.5647 -0.1876
vn -0.8038 0.5876 -0.0924
vn -0.7855 0.4653 0.4080
vn -0.8432 0.1481 0.5169
vn -0.7911 0.1545 -0.5919
vn -0.7911 0.4318 -0.4332
vn -0.8300 -0.2774 0.4838
vn -0.8618 -0.4947 0.1115
vn -0.8145 0.5750 0.0774
vn -0.7449 -0.3006 -0.5956
vn -0.7776 -0.0194 -0.6285
vn -0.0000 0.9399 -0.3415
vn -0.2166 -0.2453 -0.9449
vn -0.9249 0.1046 -0.3654
vn -0.1441 0.1870 -0.9717
vn -0.9984 0.0254 0.0504
vn -0.9723 0.1661 0.1645
vn -0.9625 0.2702 0.0251
vn -0.9994 -0.0152 -0.0305
vn -0.9538 0.0571 -0.2951
vn -0.9826 -0.1415 -0.1201
vn -0.9736 -0.1914 0.1245
vn -0.9801 -0.1724 -0.0980
vn -0.9456 0.3068 -0.1086
vn -0.9743 0.1443 -0.1731
vn -0.9983 -0.0377 0.0434
vn -0.9974 0.0603 -0.0394
vn -0.8550 0.2776 -0.4381
vn -0.9590 -0.1452 -0.2432
vn -0.9268 0.1843 -0.3271
vn -0.9702 0.0530 0.2363
vn -0.9995 -0.0315 0.0022
vn -0.9460 0.3126 -0.0853
vn -0.9983 0.0045 -0.0581
vn -0.3749 -0.8999 -0.2228
vn -0.3840 -0.6391 -0.6664
vn -0.0000 -0.7156 -0.6986
vn -0.0000 -0.9802 -0.1980
vn -0.7310 0.5145 -0.4483
vn -0.0000 -0.4093 -0.9124
vn -0.0000 0.2864 -0.9581
vn -0.7830 -0.4322 -0.4474
vn -0.8258 -0.5397 -0.1635
vn -0.9091 0.0299 -0.4155
vn -0.9450 -0.1411 -0.2952
vn -0.7256 0.5756 -0.3770
vn -0.9791 -0.2003 -0.0346
vn -0.5882 0.7343 -0.3387
vn -0.3943 0.8400 -0.3728
vn -0.4210 -0.9060 0.0438
vn -0.4349 -0.8953 0.0961
vn -0.8714 -0.4897 -0.0286
vn -0.8657 -0.4952 -0.0729
vn -0.7359 0.6001 -0.3135
vn -0.0000 0.8619 -0.5071
vn -0.0000 0.9035 -0.4287
vn -0.0000 -0.9979 0.0648
vn -0.0000 -0.9900 0.1411
vn -0.9800 -0.1320 -0.1492
vn -0.9851 -0.1255 -0.1180
vn -0.9558 0.2095 -0.2062
vn -0.9495 0.2014 -0.2406
vn -0.9195 0.3072 -0.2454
vn -0.9573 0.2261 0.1802
vn -0.7720 0.1732 -0.6115
vn -0.8681 -0.2128 -0.4485
vn -0.8997 -0.3975 -0.1802
vn -0.8381 -0.5054 0.2054
vn -0.5672 -0.3374 0.7513
vn -0.8414 0.0062 0.5404
vn -0.7567 0.5902 -0.2813
vn -0.7643 0.5868 0.2674
vn -0.7277 0.2013 -0.6557
vn -0.6953 -0.3223 -0.6424
vn -0.6781 -0.6799 -0.2792
vn -0.6851 -0.6920 0.2274
vn -0.7127 -0.3454 0.6105
vn -0.7457 0.1870 0.6395
vn -0.8011 0.5355 -0.2675
vn -0.8089 0.5336 0.2469
vn -0.7715 0.1699 -0.6131
vn -0.7388 -0.3140 -0.5963
vn -0.7216 -0.6414 -0.2605
vn -0.7286 -0.6535 0.2052
vn -0.7563 -0.3366 0.5609
vn -0.7899 0.1574 0.5928
vn -0.7692 0.5758 -0.2773
vn -0.7769 0.5727 0.2618
vn -0.7399 0.1935 -0.6443
vn -0.7073 -0.3198 -0.6304
vn -0.6900 -0.6698 -0.2744
vn -0.6970 -0.6819 0.2218
vn -0.7248 -0.3426 0.5977
vn -0.7581 0.1796 0.6269
vn -0.8486 0.4698 -0.2432
vn -0.8567 0.4671 0.2187
vn -0.8180 0.1429 -0.5572
vn -0.7842 -0.2960 -0.5454
vn -0.7664 -0.5958 -0.2404
vn -0.7736 -0.6061 0.1849
vn -0.8023 -0.3159 0.5065
vn -0.8370 0.1307 0.5314
vn -0.8928 0.3946 -0.2170
vn -0.9008 0.3918 0.1873
vn -0.8629 0.1093 -0.4935
vn -0.8298 -0.2767 -0.4847
vn -0.8123 -0.5417 -0.2160
vn -0.8194 -0.5506 0.1595
vn -0.8475 -0.2940 0.4420
vn -0.8815 0.0980 0.4620
vn -0.9778 0.1626 -0.1323
vn -0.9830 0.1604 0.0897
vn -0.9581 0.0068 -0.2862
vn -0.9363 -0.2075 -0.2834
vn -0.9247 -0.3565 -0.1338
vn -0.9294 -0.3611 0.0766
vn -0.9480 -0.2169 0.2329
vn -0.9703 -0.0001 0.2418
vn 0.5948 0.7006 -0.3942
vn 0.6440 0.4991 -0.5798
vn 0.4449 0.7589 -0.4755
vn 0.3413 0.8319 -0.4375
vn 0.7410 -0.6483 -0.1753
vn 0.8520 -0.4957 -0.1684
vn 0.4050 -0.9138 -0.0304
vn 0.4028 -0.9149 -0.0265
vn 0.5139 0.8280 -0.2245
vn 0.7458 0.5579 -0.3640
vn 0.9392 0.2402 -0.2453
vn 0.2924 0.6810 -0.6714
vn 0.6740 -0.3837 0.6312
vn 0.8045 -0.5208 0.2855
vn 0.8578 -0.2948 0.4210
vn 0.6349 -0.2824 0.7192
vn 0.7243 -0.6884 0.0392
vn 0.7206 -0.6733 -0.1656
vn 0.4323 -0.8894 -0.1485
vn 0.4563 -0.8847 0.0950
vn 0.7341 -0.5936 -0.3297
vn 0.8722 -0.4744 -0.1188
vn 0.9444 -0.2939 -0.1473
vn 0.7200 -0.3361 -0.6071
vn 0.6899 -0.1092 -0.7156
vn 0.3463 -0.0420 -0.9372
vn 0.3952 -0.4035 -0.8252
vn 0.6210 0.4687 -0.6282
vn 0.8824 -0.1372 -0.4501
vn 0.7430 0.3757 -0.5539
vn 0.6991 -0.5293 0.4807
vn 0.9016 -0.2970 0.3145
vn 0.9184 -0.3742 0.1288
vn 0.7583 -0.6081 0.2349
vn 0.3501 -0.7064 0.6152
vn 0.4133 -0.4917 0.7665
vn 0.6243 -0.4217 0.6576
vn 0.4406 0.5251 -0.7281
vn 0.7360 0.6170 -0.2786
vn 0.5778 0.7577 -0.3033
vn 0.9061 -0.1872 -0.3794
vn 0.3886 -0.7980 -0.4608
vn 0.4058 -0.8585 0.3136
vn 0.8738 -0.4862 0.0025
vn 0.6515 -0.2676 0.7099
vn 0.3440 -0.3419 0.8745
vn 0.3319 -0.4906 0.8057
vn 0.3693 -0.8585 0.3558
vn 0.4413 0.8952 -0.0622
vn 0.4508 0.8464 -0.2833
vn 0.4048 0.6572 0.6358
vn 0.4329 0.2264 0.8725
vn 0.3765 0.6551 -0.6550
vn 0.4254 0.2988 -0.8542
vn 0.4575 -0.8143 0.3573
vn 0.4945 -0.3141 0.8105
vn 0.4256 0.8894 0.1666
vn 0.3825 -0.3661 -0.8483
vn 0.4208 0.0250 -0.9068
vn 0.2591 -0.7234 -0.6400
vn 0.8858 -0.4468 -0.1257
vn 0.9482 0.0797 -0.3076
vn 0.9091 -0.2085 -0.3607
vn 0.4023 0.8621 -0.3082
vn 0.8038 0.5876 -0.0924
vn 0.8037 0.5647 -0.1876
vn 0.8432 0.1481 0.5169
vn 0.7855 0.4653 0.4080
vn 0.7911 0.4318 -0.4332
vn 0.7911 0.1545 -0.5919
vn 0.8300 -0.2774 0.4838
vn 0.8618 -0.4947 0.1115
vn 0.8145 0.5750 0.0774
vn 0.7449 -0.3006 -0.5956
vn 0.7776 -0.0194 -0.6285
vn 0.2166 -0.2453 -0.9449
vn 0.1441 0.1870 -0.9717
vn 0.9249 0.1046 -0.3654
vn 0.9984 0.0254 0.0504
vn 0.9994 -0.0152 -0.0305
vn 0.9625 0.2702 0.0251
vn 0.9723 0.1661 0.1645
vn 0.9538 0.0571 -0.2951
vn 0.9801 -0.1724 -0.0980
vn 0.9736 -0.1914 0.1245
vn 0.9826 -0.1415 -0.1201
vn 0.9456 0.3068 -0.1086
vn 0.9974 0.0603 -0.0394
vn 0.9983 -0.0377 0.0434
vn 0.9743 0.1443 -0.1731
vn 0.8550 0.2776 -0.4381
vn 0.9268 0.1843 -0.3271
vn 0.9590 -0.1452 -0.2432
vn 0.9995 -0.0315 0.0022
vn 0.9702 0.0530 0.2363
vn 0.9983 0.0045 -0.0581
vn 0.9460 0.3126 -0.0853
vn 0.3749 -0.8999 -0.2228
vn 0.3840 -0.6391 -0.6664
vn 0.7310 0.5145 -0.4483
vn 0.7830 -0.4322 -0.4474
vn 0.8258 -0.5397 -0.1635
vn 0.9091 0.0299 -0.4155
vn 0.9450 -0.1411 -0.2952
vn 0.7256 0.5756 -0.3770
vn 0.9791 -0.2003 -0.0346
vn 0.5882 0.7343 -0.3387
vn 0.3943 0.8400 -0.3728
vn 0.4210 -0.9060 0.0438
vn 0.8657 -0.4952 -0.0729
vn 0.8714 -0.4897 -0.0286
vn 0.4349 -0.8953 0.0961
vn 0.7359 0.6001 -0.3135
vn 0.9800 -0.1320 -0.1492
vn 0.9495 0.2014 -0.2406
vn 0.9558 0.2095 -0.2062
vn 0.9851 -0.1255 -0.1180
vn 0.9573 0.2261 0.1802
vn 0.9195 0.3072 -0.2454
vn 0.7720 0.1732 -0.6115
vn 0.8681 -0.2128 -0.4485
vn 0.8997 -0.3975 -0.1802
vn 0.8381 -0.5054 0.2054
vn 0.5672 -0.3374 0.7513
vn 0.8414 0.0062 0.5404
vn 0.7643 0.5868 0.2674
vn 0.7567 0.5902 -0.2813
vn 0.7277 0.2013 -0.6557
vn 0.6953 -0.3223 -0.6424
vn 0.6781 -0.6799 -0.2792
vn 0.6851 -0.6920 0.2274
vn 0.7127 -0.3454 0.6105
vn 0.7457 0.1870 0.6395
vn 0.8089 0.5336 0.2469
vn 0.8011 0.5355 -0.2675
vn 0.7715 0.1699 -0.6131
vn 0.7388 -0.3140 -0.5963
vn 0.7216 -0.6414 -0.2605
vn 0.7286 -0.6535 0.2052
vn 0.7563 -0.3366 0.5609
vn 0.7899 0.1574 0.5928
vn 0.7769 0.5727 0.2618
vn 0.7692 0.5758 -0.2773
vn 0.7399 0.1935 -0.6443
vn 0.7073 -0.3198 -0.6304
vn 0.6900 -0.6698 -0.2744
vn 0.6970 -0.6819 0.2218
vn 0.7248 -0.3426 0.5977
vn 0.7581 0.1796 0.6269
vn 0.8567 0.4671 0.2187
vn 0.8486 0.4698 -0.2432
vn 0.8180 0.1429 -0.5572
vn 0.7842 -0.2960 -0.5454
vn 0.7664 -0.5958 -0.2404
vn 0.7736 -0.6061 0.1849
vn 0.8023 -0.3159 0.5065
vn 0.8370 0.1307 0.5314
vn 0.9008 0.3918 0.1873
vn 0.8928 0.3947 -0.2170
vn 0.8629 0.1093 -0.4935
vn 0.8298 -0.2767 -0.4847
vn 0.8123 -0.5417 -0.2160
vn 0.8194 -0.5506 0.1595
vn 0.8475 -0.2940 0.4420
vn 0.8815 0.0980 0.4620
vn 0.9830 0.1604 0.0897
vn 0.9778 0.1626 -0.1323
vn 0.9581 0.0068 -0.2862
vn 0.9363 -0.2075 -0.2834
vn 0.9247 -0.3564 -0.1338
vn 0.9294 -0.3611 0.0766
vn 0.9480 -0.2169 0.2329
vn 0.9703 -0.0001 0.2418
vt 0.571274 0.338323
vt 0.570654 0.349829
vt 0.542261 0.341197
vt 0.540595 0.335546
vt 0.535270 0.318144
vt 0.531806 0.308690
vt 0.565586 0.296045
vt 0.570483 0.312382
vt 0.402928 0.846168
vt 0.381254 0.915590
vt 0.374589 0.876506
vt 0.389910 0.843863
vt 0.593396 0.830100
vt 0.640504 0.807165
vt 0.646336 0.823980
vt 0.590566 0.849941
vt 0.778641 0.644403
vt 0.734879 0.636488
vt 0.751930 0.578239
vt 0.794715 0.581536
vt 0.795372 0.502158
vt 0.822788 0.493302
vt 0.815193 0.582670
vt 0.774563 0.433325
vt 0.742656 0.445417
vt 0.704708 0.397684
vt 0.728012 0.376809
vt 0.667340 0.345964
vt 0.672579 0.331631
vt 0.741139 0.356714
vt 0.697134 0.767951
vt 0.740340 0.720249
vt 0.760542 0.729386
vt 0.714774 0.789422
vt 0.672548 0.787368
vt 0.655211 0.763086
vt 0.672241 0.745103
vt 0.660235 0.362434
vt 0.634202 0.342917
vt 0.638787 0.331108
vt 0.793361 0.416355
vt 0.760637 0.505620
vt 0.701429 0.702946
vt 0.797473 0.650267
vt 0.681718 0.805982
vt 0.623847 0.780732
vt 0.572844 0.816005
vt 0.557265 0.849464
vt 0.530520 0.842440
vt 0.550525 0.801767
vt 0.891636 0.792095
vt 0.855263 0.775083
vt 0.894359 0.673801
vt 0.938870 0.683876
vt 0.929663 0.446838
vt 0.861662 0.344235
vt 0.897470 0.311932
vt 0.971098 0.432170
vt 0.719798 0.949250
vt 0.705952 0.912702
vt 0.780579 0.871074
vt 0.803115 0.906846
vt 0.806922 0.230266
vt 0.786712 0.276795
vt 0.671633 0.266122
vt 0.672102 0.230123
vt 0.965891 0.581237
vt 0.914855 0.584238
vt 0.609367 0.922634
vt 0.648602 0.927933
vt 0.647621 0.961597
vt 0.597560 0.951008
vt 0.281468 0.935601
vt 0.193589 0.959795
vt 0.240671 0.894083
vt 0.263874 0.885720
vt 0.333492 0.825072
vt 0.346919 0.822235
vt 0.338403 0.880441
vt 0.321184 0.878311
vt 0.397264 0.824848
vt 0.380357 0.824265
vt 0.646623 0.384659
vt 0.620399 0.379384
vt 0.629320 0.358735
vt 0.523657 0.292989
vt 0.557001 0.273814
vt 0.177365 0.825662
vt 0.180616 0.850118
vt 0.137045 0.916096
vt 0.132887 0.844399
vt 0.671074 0.685328
vt 0.700687 0.621577
vt 0.717944 0.507519
vt 0.706110 0.461365
vt 0.629860 0.735608
vt 0.646431 0.720327
vt 0.679602 0.421894
vt 0.714282 0.566638
vt 0.604903 0.757036
vt 0.820218 0.761486
vt 0.855015 0.668975
vt 0.897873 0.461899
vt 0.837202 0.372424
vt 0.695524 0.876745
vt 0.758393 0.842403
vt 0.772176 0.301076
vt 0.673143 0.292183
vt 0.874476 0.585535
vt 0.619793 0.896323
vt 0.650062 0.892947
vt 0.305568 0.830138
vt 0.318614 0.920301
vt 0.118711 0.827931
vt 0.176736 0.815326
vt 0.340093 0.929205
vt 0.352118 0.877987
vt 0.360438 0.931730
vt 0.844962 0.486976
vt 0.874824 0.471838
vt 0.853526 0.584731
vt 0.832670 0.583671
vt 0.672813 0.320211
vt 0.672651 0.305904
vt 0.763950 0.317108
vt 0.751647 0.341290
vt 0.800125 0.748374
vt 0.743310 0.830211
vt 0.726981 0.808469
vt 0.779247 0.735826
vt 0.538139 0.327583
vt 0.536925 0.323168
vt 0.570886 0.318897
vt 0.571840 0.325427
vt 0.821833 0.388343
vt 0.806153 0.404533
vt 0.834300 0.662347
vt 0.813492 0.655485
vt 0.558891 0.878756
vt 0.575563 0.901098
vt 0.554702 0.921682
vt 0.532186 0.885743
vt 0.359278 0.822736
vt 0.370170 0.824252
vt 0.218861 0.890023
vt 0.169583 0.952691
vt 0.150344 0.940984
vt 0.193983 0.877034
vt 0.597183 0.881726
vt 0.589825 0.868464
vt 0.691498 0.860426
vt 0.649783 0.879216
vt 0.539235 0.331761
vt 0.572313 0.331309
vt 0.650898 0.851003
vt 0.602487 0.340449
vt 0.599879 0.354257
vt 0.601443 0.283649
vt 0.637250 0.272684
vt 0.640226 0.298200
vt 0.605503 0.304820
vt 0.605361 0.330973
vt 0.566967 0.368407
vt 0.594029 0.374042
vt 0.594627 0.256551
vt 0.633169 0.240971
vt 0.605306 0.314166
vt 0.639520 0.310129
vt 0.638884 0.321861
vt 0.605255 0.323389
vt 0.540509 0.360669
vt 0.705158 0.839222
vt 0.704525 0.821103
vt 0.697397 0.853192
vt 0.683804 0.853082
vt 0.672863 0.841056
vt 0.670898 0.823859
vt 0.678983 0.810033
vt 0.693703 0.809172
vt 0.576701 0.721974
vt 0.533013 0.770237
vt 0.527607 0.759795
vt 0.566246 0.716986
vt 0.469655 0.785614
vt 0.471539 0.773696
vt 0.408893 0.762066
vt 0.417579 0.752834
vt 0.374019 0.707081
vt 0.386655 0.703979
vt 0.378058 0.642207
vt 0.390285 0.646345
vt 0.419436 0.592219
vt 0.427184 0.602001
vt 0.481382 0.574429
vt 0.482832 0.586389
vt 0.587422 0.658337
vt 0.575493 0.659950
vt 0.520396 0.746207
vt 0.552591 0.710362
vt 0.473690 0.758218
vt 0.428736 0.740658
vt 0.402974 0.699943
vt 0.406123 0.651874
vt 0.437078 0.614953
vt 0.483338 0.602186
vt 0.559982 0.662910
vt 0.512923 0.732137
vt 0.538249 0.703572
vt 0.476084 0.741815
vt 0.440654 0.727904
vt 0.420154 0.695735
vt 0.422827 0.657601
vt 0.447629 0.628450
vt 0.484995 0.618878
vt 0.543378 0.665393
vt 0.506075 0.719604
vt 0.525224 0.697746
vt 0.478072 0.726825
vt 0.451141 0.716275
vt 0.435767 0.691789
vt 0.437801 0.662949
vt 0.456701 0.640839
vt 0.485202 0.634115
vt 0.528433 0.668665
vt 0.499201 0.707313
vt 0.512337 0.692398
vt 0.479968 0.712175
vt 0.461519 0.704995
vt 0.451057 0.688144
vt 0.452348 0.668310
vt 0.465179 0.653129
vt 0.484599 0.648833
vt 0.514171 0.672602
vt 0.492853 0.696166
vt 0.500566 0.687614
vt 0.481539 0.698962
vt 0.470772 0.694715
vt 0.464643 0.684832
vt 0.465364 0.673188
vt 0.472616 0.664351
vt 0.483352 0.661914
vt 0.501631 0.676616
vt 0.483547 0.694896
vt 0.473516 0.690829
vt 0.469298 0.680860
vt 0.473365 0.670829
vt 0.483334 0.666611
vt 0.493366 0.670678
vt 0.497583 0.680648
vt 0.493516 0.690679
vt 0.538008 0.223805
vt 0.567722 0.235788
vt 0.563498 0.240227
vt 0.533122 0.234750
vt 0.580914 0.222205
vt 0.551057 0.200164
vt 0.563342 0.187367
vt 0.588606 0.215099
vt 0.879729 0.144710
vt 0.878131 0.127653
vt 0.921913 0.111326
vt 0.971682 0.124074
vt 0.284239 0.668439
vt 0.277450 0.688151
vt 0.238148 0.637659
vt 0.251512 0.624861
vt 0.200770 0.408668
vt 0.215472 0.342860
vt 0.257112 0.360270
vt 0.245146 0.422117
vt 0.252836 0.269206
vt 0.195670 0.334056
vt 0.231981 0.248105
vt 0.304749 0.215225
vt 0.374679 0.185034
vt 0.386284 0.215443
vt 0.328416 0.241512
vt 0.445463 0.185321
vt 0.372112 0.160170
vt 0.447440 0.169551
vt 0.217677 0.561698
vt 0.191170 0.573206
vt 0.177254 0.495920
vt 0.200295 0.497044
vt 0.251552 0.552361
vt 0.258792 0.577085
vt 0.231230 0.591338
vt 0.444199 0.203952
vt 0.478950 0.185106
vt 0.477578 0.198220
vt 0.295495 0.190601
vt 0.282924 0.288691
vt 0.244528 0.499492
vt 0.180482 0.405152
vt 0.213916 0.604221
vt 0.279462 0.608295
vt 0.309946 0.665137
vt 0.337358 0.662541
vt 0.336590 0.709680
vt 0.308502 0.703502
vt 0.026145 0.491895
vt 0.033721 0.369330
vt 0.079664 0.381109
vt 0.067885 0.493380
vt 0.154901 0.154228
vt 0.123078 0.120985
vt 0.248545 0.044470
vt 0.266437 0.091319
vt 0.110753 0.718795
vt 0.053723 0.640068
vt 0.091542 0.617627
vt 0.140900 0.691522
vt 0.371217 0.011841
vt 0.496053 0.075789
vt 0.479398 0.109330
vt 0.367855 0.064478
vt 0.057606 0.261668
vt 0.103139 0.288385
vt 0.225564 0.746540
vt 0.223040 0.778397
vt 0.171694 0.764434
vt 0.186754 0.732797
vt 0.585269 0.036935
vt 0.653022 0.026079
vt 0.657867 0.057706
vt 0.612148 0.152083
vt 0.859839 0.052803
vt 0.929901 0.042545
vt 0.930827 0.065009
vt 0.854753 0.069843
vt 0.852795 0.135136
vt 0.853832 0.113240
vt 0.446234 0.230991
vt 0.474581 0.215183
vt 0.473042 0.238530
vt 0.603598 0.204434
vt 0.581838 0.170865
vt 0.775073 0.087460
vt 0.781278 0.149762
vt 0.696988 0.189449
vt 0.745186 0.098908
vt 0.280987 0.497606
vt 0.283934 0.424572
vt 0.321450 0.310274
vt 0.354544 0.273629
vt 0.295289 0.563673
vt 0.287193 0.541674
vt 0.397963 0.249789
vt 0.297772 0.367123
vt 0.308234 0.595345
vt 0.118341 0.395237
vt 0.106780 0.497385
vt 0.275852 0.128987
vt 0.177816 0.183548
vt 0.125672 0.601593
vt 0.167606 0.663176
vt 0.369832 0.093839
vt 0.465644 0.132740
vt 0.139117 0.308526
vt 0.228417 0.717245
vt 0.202023 0.699725
vt 0.869338 0.017275
vt 0.984403 0.043672
vt 0.808830 0.155714
vt 0.787243 0.081772
vt 0.993628 0.072356
vt 0.994733 0.098900
vt 0.926205 0.082462
vt 0.214607 0.231840
vt 0.178773 0.326683
vt 0.158650 0.317724
vt 0.194483 0.203785
vt 0.452659 0.158857
vt 0.369747 0.140861
vt 0.369860 0.112601
vt 0.459600 0.145683
vt 0.131600 0.494753
vt 0.156878 0.493018
vt 0.170838 0.585051
vt 0.145416 0.597447
vt 0.573778 0.229583
vt 0.543608 0.211598
vt 0.547592 0.206004
vt 0.576997 0.226071
vt 0.289355 0.173551
vt 0.282572 0.151059
vt 0.163142 0.402379
vt 0.140624 0.398894
vt 0.293107 0.729851
vt 0.314515 0.748980
vt 0.276626 0.771577
vt 0.267078 0.742633
vt 0.854090 0.085856
vt 0.854895 0.100082
vt 0.676008 0.080047
vt 0.706227 0.100352
vt 0.660382 0.189715
vt 0.635118 0.175041
vt 0.256258 0.714452
vt 0.269354 0.705656
vt 0.179071 0.649976
vt 0.208779 0.687151
vt 0.570779 0.232929
vt 0.540377 0.216819
vt 0.221119 0.660511
vt 0.508107 0.210973
vt 0.503966 0.224992
vt 0.536040 0.158876
vt 0.522236 0.176546
vt 0.493246 0.153937
vt 0.508107 0.131729
vt 0.509948 0.200835
vt 0.527724 0.253696
vt 0.499998 0.246082
vt 0.555209 0.137031
vt 0.526936 0.104318
vt 0.517983 0.185295
vt 0.513651 0.193861
vt 0.483257 0.176492
vt 0.488240 0.165322
vt 0.555883 0.259082
vt 0.185639 0.607393
vt 0.176470 0.623868
vt 0.177040 0.640482
vt 0.189675 0.646828
vt 0.205501 0.640888
vt 0.215467 0.625903
vt 0.214525 0.609269
vt 0.201309 0.601482
vt 0.407142 0.410410
vt 0.416162 0.418246
vt 0.393018 0.473031
vt 0.380994 0.472081
vt 0.402713 0.531875
vt 0.391270 0.537807
vt 0.532287 0.581333
vt 0.526270 0.570147
vt 0.573936 0.534255
vt 0.585247 0.541073
vt 0.592287 0.477595
vt 0.605742 0.477323
vt 0.573707 0.420944
vt 0.584811 0.413593
vt 0.525376 0.386026
vt 0.530410 0.374222
vt 0.465785 0.385347
vt 0.463208 0.373362
vt 0.427951 0.428474
vt 0.408738 0.474433
vt 0.417322 0.523280
vt 0.519678 0.554890
vt 0.559280 0.525148
vt 0.574790 0.477922
vt 0.559383 0.430665
vt 0.519119 0.401514
vt 0.469393 0.400924
vt 0.440286 0.439154
vt 0.425260 0.475623
vt 0.433036 0.514652
vt 0.511527 0.539140
vt 0.543771 0.515746
vt 0.556336 0.478272
vt 0.544164 0.440789
vt 0.512280 0.417739
vt 0.472981 0.417327
vt 0.451546 0.448709
vt 0.440162 0.476479
vt 0.446781 0.505965
vt 0.505329 0.524232
vt 0.530142 0.506942
vt 0.539726 0.478460
vt 0.530463 0.450016
vt 0.506266 0.432520
vt 0.476425 0.432166
vt 0.462675 0.458012
vt 0.454752 0.476979
vt 0.459581 0.496940
vt 0.500121 0.509563
vt 0.517133 0.498049
vt 0.523565 0.478537
vt 0.517101 0.459032
vt 0.500424 0.447013
vt 0.479864 0.446729
vt 0.472768 0.466471
vt 0.467999 0.477438
vt 0.470627 0.488546
vt 0.496189 0.496296
vt 0.505566 0.489876
vt 0.509102 0.478614
vt 0.505229 0.467186
vt 0.495330 0.460058
vt 0.483058 0.459841
vt 0.474476 0.482942
vt 0.476546 0.471981
vt 0.485761 0.465694
vt 0.496721 0.467765
vt 0.503008 0.476979
vt 0.500977 0.487912
vt 0.491683 0.494254
vt 0.480762 0.492156
s 1
usemtl Material_#28
f 137/1/1 145/2/2 50/3/3
f 50/3/3 1/4/4 137/1/1
f 3/5/5 42/6/6 139/7/7
f 139/7/7 143/8/8 3/5/5
f 60/9/9 96/10/10 100/11/11
f 100/11/11 40/12/12 60/9/9
f 2/13/13 102/14/14 109/15/15
f 109/15/15 87/16/16 2/13/13
f 110/17/17 114/18/18 43/19/19
f 43/19/19 5/20/20 110/17/17
f 14/21/21 92/22/22 88/23/23
f 88/23/23 5/20/20 14/21/21
f 119/24/24 123/25/25 44/26/26
f 44/26/26 7/27/27 119/24/24
f 11/28/28 91/29/29 89/30/30
f 89/30/30 7/27/27 11/28/28
f 10/31/31 15/32/32 93/33/33
f 93/33/33 90/34/34 10/31/31
f 10/31/31 18/35/35 49/36/36
f 49/36/36 45/37/37 10/31/31
f 7/27/27 44/26/26 46/38/38
f 46/38/38 11/28/28 7/27/27
f 11/28/28 149/39/39 154/40/40
f 154/40/40 91/29/29 11/28/28
f 119/24/24 127/41/41 92/22/22
f 92/22/22 14/21/21 119/24/24
f 14/21/21 5/20/20 43/19/19
f 43/19/19 47/42/42 14/21/21
f 10/31/31 45/37/37 48/43/43
f 48/43/43 15/32/32 10/31/31
f 15/32/32 110/17/17 118/44/44
f 118/44/44 93/33/33 15/32/32
f 10/31/31 90/34/34 94/45/45
f 94/45/45 18/35/35 10/31/31
f 102/14/14 105/46/46 49/36/36
f 49/36/36 18/35/35 102/14/14
f 41/47/47 97/48/48 99/49/49
f 99/49/49 19/50/50 41/47/47
f 34/51/51 57/52/52 115/53/53
f 115/53/53 113/54/54 34/51/51
f 56/55/55 124/56/56 122/57/57
f 122/57/57 32/58/58 56/55/55
f 36/59/59 58/60/60 54/61/61
f 54/61/61 28/62/62 36/59/59
f 26/63/63 53/64/64 55/65/65
f 55/65/65 30/66/66 26/63/63
f 24/67/67 52/68/68 56/55/55
f 56/55/55 32/58/58 24/67/67
f 54/61/61 57/52/52 34/51/51
f 34/51/51 28/62/62 54/61/61
f 51/69/69 106/70/70 104/71/71
f 104/71/71 22/72/72 51/69/69
f 42/73/6 59/74/73 38/75/74
f 38/75/74 21/76/75 42/73/6
f 3/77/5 74/78/76 75/79/77
f 75/79/77 39/80/78 3/77/5
f 50/81/3 60/9/9 40/12/12
f 40/12/12 1/82/4 50/81/3
f 29/83/79 147/84/80 148/85/81
f 148/85/81 46/38/38 29/83/79
f 21/86/75 138/87/82 139/7/7
f 139/7/7 42/6/6 21/86/75
f 37/88/83 95/89/84 96/90/10
f 96/90/10 60/91/9 37/88/83
f 33/92/85 112/93/86 114/18/18
f 114/18/18 48/43/43 33/92/85
f 31/94/87 121/95/88 123/25/25
f 123/25/25 47/42/42 31/94/87
f 35/96/89 27/97/90 45/37/37
f 45/37/37 49/36/36 35/96/89
f 44/26/26 25/98/91 29/83/79
f 29/83/79 46/38/38 44/26/26
f 23/99/92 31/94/87 47/42/42
f 47/42/42 43/19/19 23/99/92
f 27/97/90 33/92/85 48/43/43
f 48/43/43 45/37/37 27/97/90
f 41/47/47 19/50/50 103/100/93
f 103/100/93 105/46/46 41/47/47
f 2/13/13 87/16/16 97/48/48
f 97/48/48 41/47/47 2/13/13
f 57/52/52 16/101/94 111/102/95
f 111/102/95 115/53/53 57/52/52
f 56/55/55 13/103/96 120/104/97
f 120/104/97 124/56/56 56/55/55
f 58/60/60 17/105/98 9/106/99
f 9/106/99 54/61/61 58/60/60
f 8/107/100 12/108/101 55/65/65
f 55/65/65 53/64/64 8/107/100
f 52/68/68 6/109/102 13/103/96
f 13/103/96 56/55/55 52/68/68
f 9/106/99 16/101/94 57/52/52
f 57/52/52 54/61/61 9/106/99
f 4/110/103 101/111/104 106/70/70
f 106/70/70 51/69/69 4/110/103
f 42/112/6 3/77/5 39/80/78
f 39/80/78 59/113/73 42/112/6
f 50/114/3 20/115/105 37/88/83
f 37/88/83 60/91/9 50/114/3
f 85/116/106 75/79/77 71/117/107
f 71/117/107 72/118/108 85/116/106
f 67/119/109 81/120/110 77/121/111
f 77/121/111 63/122/112 67/119/109
f 66/123/113 80/124/114 78/125/115
f 78/125/115 64/126/116 66/123/113
f 82/127/117 79/128/118 65/129/119
f 65/129/119 68/130/120 82/127/117
f 61/131/121 74/132/76 141/133/122
f 141/133/122 140/134/123 61/131/121
f 64/126/116 78/125/115 126/135/124
f 126/135/124 125/136/125 64/126/116
f 63/122/112 77/121/111 117/137/126
f 117/137/126 116/138/127 63/122/112
f 73/139/128 86/140/129 310/141/130
f 310/141/130 70/142/131 73/139/128
f 61/143/121 98/144/132 100/11/11
f 100/11/11 71/117/107 61/143/121
f 84/145/133 85/146/106 72/147/108
f 72/147/108 69/148/134 84/145/133
f 76/149/135 86/140/129 73/139/128
f 73/139/128 62/150/136 76/149/135
f 74/78/76 61/143/121 71/117/107
f 71/117/107 75/79/77 74/78/76
f 85/116/106 59/113/73 39/80/78
f 39/80/78 75/79/77 85/116/106
f 83/151/137 17/105/98 101/111/104
f 101/111/104 108/152/138 83/151/137
f 81/120/110 13/103/96 6/109/102
f 6/109/102 77/121/111 81/120/110
f 80/124/114 12/108/101 8/107/100
f 8/107/100 78/125/115 80/124/114
f 16/101/94 9/106/99 79/128/118
f 79/128/118 82/127/117 16/101/94
f 3/5/5 143/8/8 141/133/122
f 141/133/122 74/132/76 3/5/5
f 78/125/115 8/107/100 120/104/97
f 120/104/97 126/135/124 78/125/115
f 77/121/111 6/109/102 111/102/95
f 111/102/95 117/137/126 77/121/111
f 79/128/118 9/106/99 17/105/98
f 17/105/98 83/151/137 79/128/118
f 51/69/69 22/72/72 310/141/130
f 310/141/130 86/140/129 51/69/69
f 84/145/133 38/75/74 59/74/73
f 59/74/73 85/146/106 84/145/133
f 4/110/103 51/69/69 86/140/129
f 86/140/129 76/149/135 4/110/103
f 96/10/10 72/118/108 71/117/107
f 71/117/107 100/11/11 96/10/10
f 92/22/22 67/119/109 63/122/112
f 63/122/112 88/23/23 92/22/22
f 91/29/29 66/123/113 64/126/116
f 64/126/116 89/30/30 91/29/29
f 68/130/120 65/129/119 90/34/34
f 90/34/34 93/33/33 68/130/120
f 98/153/132 61/131/121 140/134/123
f 140/134/123 142/154/139 98/153/132
f 89/30/30 64/126/116 125/136/125
f 125/136/125 127/41/41 89/30/30
f 88/23/23 63/122/112 116/138/127
f 116/138/127 118/44/44 88/23/23
f 97/48/48 73/139/128 70/142/131
f 70/142/131 99/49/49 97/48/48
f 95/89/84 69/148/134 72/147/108
f 72/147/108 96/90/10 95/89/84
f 62/150/136 73/139/128 97/48/48
f 97/48/48 87/16/16 62/150/136
f 98/144/132 1/82/4 40/12/12
f 40/12/12 100/11/11 98/144/132
f 102/14/14 18/35/35 94/45/45
f 94/45/45 109/15/15 102/14/14
f 2/13/13 41/47/47 105/46/46
f 105/46/46 102/14/14 2/13/13
f 106/70/70 58/60/60 36/59/59
f 36/59/59 104/71/71 106/70/70
f 35/96/89 49/36/36 105/46/46
f 105/46/46 103/100/93 35/96/89
f 101/111/104 17/105/98 58/60/60
f 58/60/60 106/70/70 101/111/104
f 76/149/135 62/150/136 107/155/140
f 107/155/140 108/152/138 76/149/135
f 4/110/103 76/149/135 108/152/138
f 108/152/138 101/111/104 4/110/103
f 107/155/140 62/150/136 87/16/16
f 87/16/16 109/15/15 107/155/140
f 15/32/32 48/43/43 114/18/18
f 114/18/18 110/17/17 15/32/32
f 5/20/20 88/23/23 118/44/44
f 118/44/44 110/17/17 5/20/20
f 52/68/68 24/67/67 113/54/54
f 113/54/54 115/53/53 52/68/68
f 112/93/86 23/99/92 43/19/19
f 43/19/19 114/18/18 112/93/86
f 6/109/102 52/68/68 115/53/53
f 115/53/53 111/102/95 6/109/102
f 117/137/126 82/127/117 68/130/120
f 68/130/120 116/138/127 117/137/126
f 111/102/95 16/101/94 82/127/117
f 82/127/117 117/137/126 111/102/95
f 116/138/127 68/130/120 93/33/33
f 93/33/33 118/44/44 116/138/127
f 119/24/24 14/21/21 47/42/42
f 47/42/42 123/25/25 119/24/24
f 7/27/27 89/30/30 127/41/41
f 127/41/41 119/24/24 7/27/27
f 53/64/64 26/63/63 122/57/57
f 122/57/57 124/56/56 53/64/64
f 25/98/91 44/26/26 123/25/25
f 123/25/25 121/95/88 25/98/91
f 8/107/100 53/64/64 124/56/56
f 124/56/56 120/104/97 8/107/100
f 81/120/110 67/119/109 125/136/125
f 125/136/125 126/135/124 81/120/110
f 13/103/96 81/120/110 126/135/124
f 126/135/124 120/104/97 13/103/96
f 67/119/109 92/22/22 127/41/41
f 127/41/41 125/136/125 67/119/109
f 128/156/141 149/39/39 148/85/81
f 148/85/81 132/157/142 128/156/141
f 133/158/143 151/159/144 146/160/145
f 146/160/145 129/161/146 133/158/143
f 128/156/141 137/1/1 142/154/139
f 142/154/139 136/162/147 128/156/141
f 144/163/148 145/2/2 132/157/142
f 132/157/142 130/164/149 144/163/148
f 131/165/150 150/166/151 151/159/144
f 151/159/144 133/158/143 131/165/150
f 135/167/152 153/168/153 152/169/154
f 152/169/154 134/170/155 135/167/152
f 129/161/146 146/160/145 153/168/153
f 153/168/153 135/167/152 129/161/146
f 134/170/155 152/169/154 154/40/40
f 154/40/40 136/162/147 134/170/155
f 128/156/141 132/157/142 145/2/2
f 145/2/2 137/1/1 128/156/141
f 139/7/7 133/158/143 129/161/146
f 129/161/146 143/8/8 139/7/7
f 138/87/82 131/165/150 133/158/143
f 133/158/143 139/7/7 138/87/82
f 141/133/122 135/167/152 134/170/155
f 134/170/155 140/134/123 141/133/122
f 143/8/8 129/161/146 135/167/152
f 135/167/152 141/133/122 143/8/8
f 140/134/123 134/170/155 136/162/147
f 136/162/147 142/154/139 140/134/123
f 1/4/4 98/153/132 142/154/139
f 142/154/139 137/1/1 1/4/4
f 20/171/105 50/3/3 145/2/2
f 145/2/2 144/163/148 20/171/105
f 149/39/39 128/156/141 136/162/147
f 136/162/147 154/40/40 149/39/39
f 149/39/39 11/28/28 46/38/38
f 46/38/38 148/85/81 149/39/39
f 151/159/144 55/65/65 12/108/101
f 12/108/101 146/160/145 151/159/144
f 150/166/151 30/66/66 55/65/65
f 55/65/65 151/159/144 150/166/151
f 153/168/153 80/124/114 66/123/113
f 66/123/113 152/169/154 153/168/153
f 146/160/145 12/108/101 80/124/114
f 80/124/114 153/168/153 146/160/145
f 152/169/154 66/123/113 91/29/29
f 91/29/29 154/40/40 152/169/154
f 65/129/119 79/128/118 156/172/156
f 156/172/156 155/173/157 65/129/119
f 79/128/118 83/151/137 157/174/158
f 157/174/158 156/172/156 79/128/118
f 83/151/137 108/152/138 158/175/159
f 158/175/159 157/174/158 83/151/137
f 108/152/138 107/155/140 159/176/160
f 159/176/160 158/175/159 108/152/138
f 107/155/140 109/15/15 160/177/161
f 160/177/161 159/176/160 107/155/140
f 109/15/15 94/45/45 161/178/162
f 161/178/162 160/177/161 109/15/15
f 94/45/45 90/34/34 162/179/163
f 162/179/163 161/178/162 94/45/45
f 90/34/34 65/129/119 155/173/157
f 155/173/157 162/179/163 90/34/34
f 132/157/142 148/85/81 147/84/80
f 147/84/80 130/164/149 132/157/142
f 155/180/157 156/181/156 164/182/164
f 164/182/164 163/183/165 155/180/157
f 156/181/156 157/184/158 165/185/166
f 165/185/166 164/182/164 156/181/156
f 157/184/158 158/186/159 166/187/167
f 166/187/167 165/185/166 157/184/158
f 158/186/159 159/188/160 167/189/168
f 167/189/168 166/187/167 158/186/159
f 159/188/160 160/190/161 168/191/169
f 168/191/169 167/189/168 159/188/160
f 160/190/161 161/192/162 169/193/170
f 169/193/170 168/191/169 160/190/161
f 161/192/162 162/194/163 170/195/171
f 170/195/171 169/193/170 161/192/162
f 162/196/163 155/180/157 163/183/165
f 163/183/165 170/197/171 162/196/163
f 163/183/165 164/182/164 172/198/172
f 172/198/172 171/199/173 163/183/165
f 164/182/164 165/185/166 173/200/174
f 173/200/174 172/198/172 164/182/164
f 165/185/166 166/187/167 174/201/175
f 174/201/175 173/200/174 165/185/166
f 166/187/167 167/189/168 175/202/176
f 175/202/176 174/201/175 166/187/167
f 167/189/168 168/191/169 176/203/177
f 176/203/177 175/202/176 167/189/168
f 168/191/169 169/193/170 177/204/178
f 177/204/178 176/203/177 168/191/169
f 169/193/170 170/195/171 178/205/179
f 178/205/179 177/204/178 169/193/170
f 170/197/171 163/183/165 171/199/173
f 171/199/173 178/206/179 170/197/171
f 171/199/173 172/198/172 180/207/180
f 180/207/180 179/208/181 171/199/173
f 172/198/172 173/200/174 181/209/182
f 181/209/182 180/207/180 172/198/172
f 173/200/174 174/201/175 182/210/183
f 182/210/183 181/209/182 173/200/174
f 174/201/175 175/202/176 183/211/184
f 183/211/184 182/210/183 174/201/175
f 175/202/176 176/203/177 184/212/185
f 184/212/185 183/211/184 175/202/176
f 176/203/177 177/204/178 185/213/186
f 185/213/186 184/212/185 176/203/177
f 177/204/178 178/205/179 186/214/187
f 186/214/187 185/213/186 177/204/178
f 178/206/179 171/199/173 179/208/181
f 179/208/181 186/215/187 178/206/179
f 179/208/181 180/207/180 188/216/188
f 188/216/188 187/217/189 179/208/181
f 180/207/180 181/209/182 189/218/190
f 189/218/190 188/216/188 180/207/180
f 181/209/182 182/210/183 190/219/191
f 190/219/191 189/218/190 181/209/182
f 182/210/183 183/211/184 191/220/192
f 191/220/192 190/219/191 182/210/183
f 183/211/184 184/212/185 192/221/193
f 192/221/193 191/220/192 183/211/184
f 184/212/185 185/213/186 193/222/194
f 193/222/194 192/221/193 184/212/185
f 185/213/186 186/214/187 194/223/195
f 194/223/195 193/222/194 185/213/186
f 186/215/187 179/208/181 187/217/189
f 187/217/189 194/224/195 186/215/187
f 187/217/189 188/216/188 196/225/196
f 196/225/196 195/226/197 187/217/189
f 188/216/188 189/218/190 197/227/198
f 197/227/198 196/225/196 188/216/188
f 189/218/190 190/219/191 198/228/199
f 198/228/199 197/227/198 189/218/190
f 190/219/191 191/220/192 199/229/200
f 199/229/200 198/228/199 190/219/191
f 191/220/192 192/221/193 200/230/201
f 200/230/201 199/229/200 191/220/192
f 192/221/193 193/222/194 201/231/202
f 201/231/202 200/230/201 192/221/193
f 193/222/194 194/223/195 202/232/203
f 202/232/203 201/231/202 193/222/194
f 194/224/195 187/217/189 195/226/197
f 195/226/197 202/233/203 194/224/195
f 195/226/197 196/225/196 204/234/204
f 204/234/204 203/235/205 195/226/197
f 196/225/196 197/227/198 205/236/206
f 205/236/206 204/234/204 196/225/196
f 197/227/198 198/228/199 206/237/207
f 206/237/207 205/236/206 197/227/198
f 198/228/199 199/229/200 207/238/208
f 207/238/208 206/237/207 198/228/199
f 199/229/200 200/230/201 208/239/209
f 208/239/209 207/238/208 199/229/200
f 200/230/201 201/231/202 209/240/210
f 209/240/210 208/239/209 200/230/201
f 201/231/202 202/232/203 210/241/211
f 210/241/211 209/240/210 201/231/202
f 202/233/203 195/226/197 203/235/205
f 203/235/205 210/242/211 202/233/203
f 205/243/206 206/244/207 207/245/208
f 207/245/208 208/246/209 209/247/210
f 209/247/210 210/248/211 203/249/205
f 207/245/208 209/247/210 203/249/205
f 205/243/206 207/245/208 203/249/205
f 204/250/204 205/243/206 203/249/205
f 212/251/212 211/252/213 214/253/214
f 214/253/214 213/254/215 212/251/212
f 215/255/216 218/256/217 217/257/218
f 217/257/218 216/258/219 215/255/216
f 220/259/220 219/260/221 222/261/222
f 222/261/222 221/262/223 220/259/220
f 223/263/224 226/264/225 225/265/226
f 225/265/226 224/266/227 223/263/224
f 228/267/228 227/268/229 230/269/230
f 230/269/230 229/270/231 228/267/228
f 231/271/232 227/268/229 233/272/233
f 233/272/233 232/273/234 231/271/232
f 235/274/235 234/275/236 237/276/237
f 237/276/237 236/277/238 235/274/235
f 238/278/239 234/275/236 240/279/240
f 240/279/240 239/280/241 238/278/239
f 241/281/242 244/282/243 243/283/244
f 243/283/244 242/284/245 241/281/242
f 241/281/242 247/285/246 246/286/247
f 246/286/247 245/287/248 241/281/242
f 234/275/236 238/278/239 248/288/249
f 248/288/249 237/276/237 234/275/236
f 238/278/239 239/280/241 250/289/250
f 250/289/250 249/290/251 238/278/239
f 235/274/235 231/271/232 232/273/234
f 232/273/234 251/291/252 235/274/235
f 231/271/232 252/292/253 230/269/230
f 230/269/230 227/268/229 231/271/232
f 241/281/242 242/284/245 253/293/254
f 253/293/254 247/285/246 241/281/242
f 242/284/245 243/283/244 254/294/255
f 254/294/255 228/267/228 242/284/245
f 241/281/242 245/287/248 255/295/256
f 255/295/256 244/282/243 241/281/242
f 224/266/227 245/287/248 246/286/247
f 246/286/247 256/296/257 224/266/227
f 257/297/258 19/298/50 99/299/49
f 99/299/49 258/300/259 257/297/258
f 34/301/51 113/302/54 260/303/260
f 260/303/260 259/304/261 34/301/51
f 261/305/262 32/306/58 122/307/57
f 122/307/57 262/308/263 261/305/262
f 36/309/59 28/310/62 264/311/264
f 264/311/264 263/312/265 36/309/59
f 26/313/63 30/314/66 266/315/266
f 266/315/266 265/316/267 26/313/63
f 24/317/67 32/306/58 261/305/262
f 261/305/262 267/318/268 24/317/67
f 264/311/264 28/310/62 34/301/51
f 34/301/51 259/304/261 264/311/264
f 268/319/269 22/320/72 104/321/71
f 104/321/71 269/322/270 268/319/269
f 216/323/219 21/324/75 38/325/74
f 38/325/74 270/326/271 216/323/219
f 215/327/216 273/328/272 272/329/273
f 272/329/273 271/330/274 215/327/216
f 214/331/214 211/332/213 219/260/221
f 219/260/221 220/259/220 214/331/214
f 29/333/79 248/288/249 274/334/275
f 274/334/275 147/335/80 29/333/79
f 21/336/75 216/258/219 217/257/218
f 217/257/218 138/337/82 21/336/75
f 37/338/83 220/339/220 221/340/223
f 221/340/223 95/341/84 37/338/83
f 33/342/85 253/293/254 229/270/231
f 229/270/231 112/343/86 33/342/85
f 31/344/87 252/292/253 236/277/238
f 236/277/238 121/345/88 31/344/87
f 35/346/89 246/286/247 247/285/246
f 247/285/246 27/347/90 35/346/89
f 237/276/237 248/288/249 29/333/79
f 29/333/79 25/348/91 237/276/237
f 23/349/92 230/269/230 252/292/253
f 252/292/253 31/344/87 23/349/92
f 27/347/90 247/285/246 253/293/254
f 253/293/254 33/342/85 27/347/90
f 257/297/258 256/296/257 103/350/93
f 103/350/93 19/298/50 257/297/258
f 223/263/224 257/297/258 258/300/259
f 258/300/259 226/264/225 223/263/224
f 259/304/261 260/303/260 276/351/276
f 276/351/276 275/352/277 259/304/261
f 261/305/262 262/308/263 278/353/278
f 278/353/278 277/354/279 261/305/262
f 263/312/265 264/311/264 280/355/280
f 280/355/280 279/356/281 263/312/265
f 281/357/282 265/316/267 266/315/266
f 266/315/266 282/358/283 281/357/282
f 267/318/268 261/305/262 277/354/279
f 277/354/279 283/359/284 267/318/268
f 280/355/280 264/311/264 259/304/261
f 259/304/261 275/352/277 280/355/280
f 284/360/285 268/319/269 269/322/270
f 269/322/270 285/361/286 284/360/285
f 216/362/219 270/363/271 273/328/272
f 273/328/272 215/327/216 216/362/219
f 214/364/214 220/339/220 37/338/83
f 37/338/83 20/365/105 214/364/214
f 287/366/287 286/367/288 288/368/289
f 288/368/289 272/329/273 287/366/287
f 289/369/290 292/370/291 291/371/292
f 291/371/292 290/372/293 289/369/290
f 293/373/294 296/374/295 295/375/296
f 295/375/296 294/376/297 293/373/294
f 298/377/298 297/378/299 300/379/300
f 300/379/300 299/380/301 298/377/298
f 301/381/302 303/382/303 302/383/304
f 302/383/304 271/384/274 301/381/302
f 296/374/295 305/385/305 304/386/306
f 304/386/306 295/375/296 296/374/295
f 292/370/291 307/387/307 306/388/308
f 306/388/308 291/371/292 292/370/291
f 308/389/309 70/390/131 310/391/130
f 310/391/130 309/392/310 308/389/309
f 301/393/302 288/368/289 222/261/222
f 222/261/222 311/394/311 301/393/302
f 84/395/133 69/396/134 286/397/288
f 286/397/288 287/398/287 84/395/133
f 313/399/312 312/400/313 308/389/309
f 308/389/309 309/392/310 313/399/312
f 271/330/274 272/329/273 288/368/289
f 288/368/289 301/393/302 271/330/274
f 287/366/287 272/329/273 273/328/272
f 273/328/272 270/363/271 287/366/287
f 314/401/314 315/402/315 285/361/286
f 285/361/286 279/356/281 314/401/314
f 290/372/293 291/371/292 283/359/284
f 283/359/284 277/354/279 290/372/293
f 294/376/297 295/375/296 281/357/282
f 281/357/282 282/358/283 294/376/297
f 275/352/277 298/377/298 299/380/301
f 299/380/301 280/355/280 275/352/277
f 215/255/216 271/384/274 302/383/304
f 302/383/304 218/256/217 215/255/216
f 295/375/296 304/386/306 278/353/278
f 278/353/278 281/357/282 295/375/296
f 291/371/292 306/388/308 276/351/276
f 276/351/276 283/359/284 291/371/292
f 299/380/301 314/401/314 279/356/281
f 279/356/281 280/355/280 299/380/301
f 268/319/269 309/392/310 310/391/130
f 310/391/130 22/320/72 268/319/269
f 84/395/133 287/398/287 270/326/271
f 270/326/271 38/325/74 84/395/133
f 284/360/285 313/399/312 309/392/310
f 309/392/310 268/319/269 284/360/285
f 221/262/223 222/261/222 288/368/289
f 288/368/289 286/367/288 221/262/223
f 232/273/234 233/272/233 292/370/291
f 292/370/291 289/369/290 232/273/234
f 239/280/241 240/279/240 296/374/295
f 296/374/295 293/373/294 239/280/241
f 297/378/299 243/283/244 244/282/243
f 244/282/243 300/379/300 297/378/299
f 311/403/311 316/404/316 303/382/303
f 303/382/303 301/381/302 311/403/311
f 240/279/240 251/291/252 305/385/305
f 305/385/305 296/374/295 240/279/240
f 233/272/233 254/294/255 307/387/307
f 307/387/307 292/370/291 233/272/233
f 258/300/259 99/299/49 70/390/131
f 70/390/131 308/389/309 258/300/259
f 95/341/84 221/340/223 286/397/288
f 286/397/288 69/396/134 95/341/84
f 312/400/313 226/264/225 258/300/259
f 258/300/259 308/389/309 312/400/313
f 311/394/311 222/261/222 219/260/221
f 219/260/221 211/332/213 311/394/311
f 224/266/227 225/265/226 255/295/256
f 255/295/256 245/287/248 224/266/227
f 223/263/224 224/266/227 256/296/257
f 256/296/257 257/297/258 223/263/224
f 269/322/270 104/321/71 36/309/59
f 36/309/59 263/312/265 269/322/270
f 35/346/89 103/350/93 256/296/257
f 256/296/257 246/286/247 35/346/89
f 285/361/286 269/322/270 263/312/265
f 263/312/265 279/356/281 285/361/286
f 313/399/312 315/402/315 317/405/317
f 317/405/317 312/400/313 313/399/312
f 284/360/285 285/361/286 315/402/315
f 315/402/315 313/399/312 284/360/285
f 317/405/317 225/265/226 226/264/225
f 226/264/225 312/400/313 317/405/317
f 242/284/245 228/267/228 229/270/231
f 229/270/231 253/293/254 242/284/245
f 227/268/229 228/267/228 254/294/255
f 254/294/255 233/272/233 227/268/229
f 267/318/268 260/303/260 113/302/54
f 113/302/54 24/317/67 267/318/268
f 112/343/86 229/270/231 230/269/230
f 230/269/230 23/349/92 112/343/86
f 283/359/284 276/351/276 260/303/260
f 260/303/260 267/318/268 283/359/284
f 306/388/308 307/387/307 297/378/299
f 297/378/299 298/377/298 306/388/308
f 276/351/276 306/388/308 298/377/298
f 298/377/298 275/352/277 276/351/276
f 307/387/307 254/294/255 243/283/244
f 243/283/244 297/378/299 307/387/307
f 235/274/235 236/277/238 252/292/253
f 252/292/253 231/271/232 235/274/235
f 234/275/236 235/274/235 251/291/252
f 251/291/252 240/279/240 234/275/236
f 265/316/267 262/308/263 122/307/57
f 122/307/57 26/313/63 265/316/267
f 25/348/91 121/345/88 236/277/238
f 236/277/238 237/276/237 25/348/91
f 281/357/282 278/353/278 262/308/263
f 262/308/263 265/316/267 281/357/282
f 290/372/293 304/386/306 305/385/305
f 305/385/305 289/369/290 290/372/293
f 277/354/279 278/353/278 304/386/306
f 304/386/306 290/372/293 277/354/279
f 289/369/290 305/385/305 251/291/252
f 251/291/252 232/273/234 289/369/290
f 318/406/318 319/407/319 274/334/275
f 274/334/275 249/290/251 318/406/318
f 320/408/320 323/409/321 322/410/322
f 322/410/322 321/411/323 320/408/320
f 318/406/318 324/412/324 316/404/316
f 316/404/316 212/251/212 318/406/318
f 144/413/148 130/414/149 319/407/319
f 319/407/319 213/254/215 144/413/148
f 131/415/150 320/408/320 321/411/323
f 321/411/323 150/416/151 131/415/150
f 325/417/325 328/418/326 327/419/327
f 327/419/327 326/420/328 325/417/325
f 323/409/321 325/417/325 326/420/328
f 326/420/328 322/410/322 323/409/321
f 328/418/326 324/412/324 250/289/250
f 250/289/250 327/419/327 328/418/326
f 318/406/318 212/251/212 213/254/215
f 213/254/215 319/407/319 318/406/318
f 217/257/218 218/256/217 323/409/321
f 323/409/321 320/408/320 217/257/218
f 138/337/82 217/257/218 320/408/320
f 320/408/320 131/415/150 138/337/82
f 302/383/304 303/382/303 328/418/326
f 328/418/326 325/417/325 302/383/304
f 218/256/217 302/383/304 325/417/325
f 325/417/325 323/409/321 218/256/217
f 303/382/303 316/404/316 324/412/324
f 324/412/324 328/418/326 303/382/303
f 211/252/213 212/251/212 316/404/316
f 316/404/316 311/403/311 211/252/213
f 20/421/105 144/413/148 213/254/215
f 213/254/215 214/253/214 20/421/105
f 249/290/251 250/289/250 324/412/324
f 324/412/324 318/406/318 249/290/251
f 249/290/251 274/334/275 248/288/249
f 248/288/249 238/278/239 249/290/251
f 321/411/323 322/410/322 282/358/283
f 282/358/283 266/315/266 321/411/323
f 150/416/151 321/411/323 266/315/266
f 266/315/266 30/314/66 150/416/151
f 326/420/328 327/419/327 293/373/294
f 293/373/294 294/376/297 326/420/328
f 322/410/322 326/420/328 294/376/297
f 294/376/297 282/358/283 322/410/322
f 327/419/327 250/289/250 239/280/241
f 239/280/241 293/373/294 327/419/327
f 300/379/300 330/422/329 329/423/330
f 329/423/330 299/380/301 300/379/300
f 299/380/301 329/423/330 331/424/331
f 331/424/331 314/401/314 299/380/301
f 314/401/314 331/424/331 332/425/332
f 332/425/332 315/402/315 314/401/314
f 315/402/315 332/425/332 333/426/333
f 333/426/333 317/405/317 315/402/315
f 317/405/317 333/426/333 334/427/334
f 334/427/334 225/265/226 317/405/317
f 225/265/226 334/427/334 335/428/335
f 335/428/335 255/295/256 225/265/226
f 255/295/256 335/428/335 336/429/336
f 336/429/336 244/282/243 255/295/256
f 244/282/243 336/429/336 330/422/329
f 330/422/329 300/379/300 244/282/243
f 319/407/319 130/414/149 147/335/80
f 147/335/80 274/334/275 319/407/319
f 330/430/329 338/431/337 337/432/338
f 337/432/338 329/433/330 330/430/329
f 329/433/330 337/432/338 339/434/339
f 339/434/339 331/435/331 329/433/330
f 331/436/331 339/437/339 340/438/340
f 340/438/340 332/439/332 331/436/331
f 332/439/332 340/438/340 341/440/341
f 341/440/341 333/441/333 332/439/332
f 333/441/333 341/440/341 342/442/342
f 342/442/342 334/443/334 333/441/333
f 334/443/334 342/442/342 343/444/343
f 343/444/343 335/445/335 334/443/334
f 335/445/335 343/444/343 344/446/344
f 344/446/344 336/447/336 335/445/335
f 336/447/336 344/446/344 338/431/337
f 338/431/337 330/430/329 336/447/336
f 338/431/337 346/448/345 345/449/346
f 345/449/346 337/432/338 338/431/337
f 337/432/338 345/449/346 347/450/347
f 347/450/347 339/434/339 337/432/338
f 339/437/339 347/451/347 348/452/348
f 348/452/348 340/438/340 339/437/339
f 340/438/340 348/452/348 349/453/349
f 349/453/349 341/440/341 340/438/340
f 341/440/341 349/453/349 350/454/350
f 350/454/350 342/442/342 341/440/341
f 342/442/342 350/454/350 351/455/351
f 351/455/351 343/444/343 342/442/342
f 343/444/343 351/455/351 352/456/352
f 352/456/352 344/446/344 343/444/343
f 344/446/344 352/456/352 346/448/345
f 346/448/345 338/431/337 344/446/344
f 346/448/345 354/457/353 353/458/354
f 353/458/354 345/449/346 346/448/345
f 345/449/346 353/458/354 355/459/355
f 355/459/355 347/450/347 345/449/346
f 347/451/347 355/460/355 356/461/356
f 356/461/356 348/452/348 347/451/347
f 348/452/348 356/461/356 357/462/357
f 357/462/357 349/453/349 348/452/348
f 349/453/349 357/462/357 358/463/358
f 358/463/358 350/454/350 349/453/349
f 350/454/350 358/463/358 359/464/359
f 359/464/359 351/455/351 350/454/350
f 351/455/351 359/464/359 360/465/360
f 360/465/360 352/456/352 351/455/351
f 352/456/352 360/465/360 354/457/353
f 354/457/353 346/448/345 352/456/352
f 354/457/353 362/466/361 361/467/362
f 361/467/362 353/458/354 354/457/353
f 353/458/354 361/467/362 363/468/363
f 363/468/363 355/459/355 353/458/354
f 355/460/355 363/469/363 364/470/364
f 364/470/364 356/461/356 355/460/355
f 356/461/356 364/470/364 365/471/365
f 365/471/365 357/462/357 356/461/356
f 357/462/357 365/471/365 366/472/366
f 366/472/366 358/463/358 357/462/357
f 358/463/358 366/472/366 367/473/367
f 367/473/367 359/464/359 358/463/358
f 359/464/359 367/473/367 368/474/368
f 368/474/368 360/465/360 359/464/359
f 360/465/360 368/474/368 362/466/361
f 362/466/361 354/457/353 360/465/360
f 362/466/361 370/475/369 369/476/370
f 369/476/370 361/467/362 362/466/361
f 361/467/362 369/476/370 371/477/371
f 371/477/371 363/468/363 361/467/362
f 363/469/363 371/478/371 372/479/372
f 372/479/372 364/470/364 363/469/363
f 364/470/364 372/479/372 373/480/373
f 373/480/373 365/471/365 364/470/364
f 365/471/365 373/480/373 374/481/374
f 374/481/374 366/472/366 365/471/365
f 366/472/366 374/481/374 375/482/375
f 375/482/375 367/473/367 366/472/366
f 367/473/367 375/482/375 376/483/376
f 376/483/376 368/474/368 367/473/367
f 368/474/368 376/483/376 370/475/369
f 370/475/369 362/466/361 368/474/368
f 370/475/369 378/484/377 377/485/378
f 377/485/378 369/476/370 370/475/369
f 369/476/370 377/485/378 379/486/379
f 379/486/379 371/477/371 369/476/370
f 371/478/371 379/487/379 380/488/380
f 380/488/380 372/479/372 371/478/371
f 372/479/372 380/488/380 381/489/381
f 381/489/381 373/480/373 372/479/372
f 373/480/373 381/489/381 382/490/382
f 382/490/382 374/481/374 373/480/373
f 374/481/374 382/490/382 383/491/383
f 383/491/383 375/482/375 374/481/374
f 375/482/375 383/491/383 384/492/384
f 384/492/384 376/483/376 375/482/375
f 376/483/376 384/492/384 378/484/377
f 378/484/377 370/475/369 376/483/376
f 378/493/377 384/494/384 383/495/383
f 383/495/383 382/496/382 381/497/381
f 378/493/377 383/495/383 381/497/381
f 381/497/381 380/498/380 379/499/379
f 378/493/377 381/497/381 379/499/379
f 377/500/378 378/493/377 379/499/379
o carcasa_tubo
v 2.407775 -0.000000 -0.105881
v 2.264710 -0.000000 -0.917245
v 1.852770 -0.000000 -1.630746
v 1.221641 -0.000000 -2.160326
v 0.447447 -0.000000 -2.442109
v -0.376433 -0.000000 -2.442109
v -1.150627 -0.000000 -2.160326
v -1.781756 -0.000000 -1.630746
v -2.193696 -0.000000 -0.917245
v -2.336761 -0.000000 -0.105881
v -2.193696 0.000000 0.705482
v -1.781757 0.000000 1.418983
v -1.150628 0.000000 1.948563
v -0.376434 0.000000 2.230347
v 0.447446 0.000000 2.230348
v 1.221640 0.000000 1.948564
v 1.852769 0.000000 1.418985
v 2.264709 0.000000 0.705484
v 2.407775 0.077635 -0.105881
v 2.264710 0.077635 -0.917245
v 1.852770 0.077635 -1.630746
v 1.221641 0.077635 -2.160326
v 0.447447 0.077635 -2.442109
v -0.376433 0.077635 -2.442109
v -1.150627 0.077635 -2.160326
v -1.781756 0.077635 -1.630746
v -2.193696 0.077635 -0.917245
v -2.336761 0.077635 -0.105881
v -2.193696 0.077635 0.705482
v -1.781757 0.077635 1.418983
v -1.150628 0.077635 1.948563
v -0.376434 0.077635 2.230347
v 0.447446 0.077635 2.230348
v 1.221640 0.077635 1.948564
v 1.852769 0.077635 1.418985
v 2.264709 0.077635 0.705484
v 2.179591 0.077635 -0.105881
v 2.050287 0.077635 -0.839201
v 1.677971 0.077635 -1.484072
v 1.107549 0.077635 -1.962713
v 0.407823 0.077635 -2.217392
v -0.336810 0.077635 -2.217392
v -1.036535 0.077635 -1.962713
v -1.606957 0.077635 -1.484072
v -1.979273 0.077635 -0.839201
v -2.108577 0.077635 -0.105881
v -1.979273 0.077635 0.627438
v -1.606957 0.077635 1.272309
v -1.036536 0.077635 1.750950
v -0.336810 0.077635 2.005630
v 0.407822 0.077635 2.005630
v 1.107548 0.077635 1.750951
v 1.677970 0.077635 1.272311
v 2.050287 0.077635 0.627440
v 2.179591 0.138926 -0.105881
v 2.050287 0.138926 -0.839201
v 1.677971 0.138926 -1.484072
v 1.107549 0.138926 -1.962713
v 0.407823 0.138926 -2.217392
v -0.336810 0.138926 -2.217392
v -1.036535 0.138926 -1.962713
v -1.606957 0.138926 -1.484072
v -1.979273 0.138926 -0.839201
v -2.108577 0.138926 -0.105881
v -1.979273 0.138926 0.627438
v -1.606957 0.138926 1.272309
v -1.036536 0.138926 1.750950
v -0.336810 0.138926 2.005630
v 0.407822 0.138926 2.005630
v 1.107548 0.138926 1.750951
v 1.677970 0.138926 1.272311
v 2.050287 0.138926 0.627440
v 2.345543 0.138926 -0.105881
v 2.206231 0.138926 -0.895960
v 1.805097 0.138926 -1.590744
v 1.190525 0.138926 -2.106431
v 0.436640 0.138926 -2.380823
v -0.365627 0.138926 -2.380822
v -1.119511 0.138926 -2.106431
v -1.734083 0.138926 -1.590744
v -2.135217 0.138926 -0.895960
v -2.274529 0.138926 -0.105881
v -2.135217 0.138926 0.684197
v -1.734084 0.138926 1.378981
v -1.119512 0.138926 1.894669
v -0.365628 0.138926 2.169060
v 0.436639 0.138926 2.169061
v 1.190524 0.138926 1.894670
v 1.805096 0.138926 1.378983
v 2.206230 0.138926 0.684199
v 2.345543 0.219954 -0.105881
v 2.206231 0.219954 -0.895960
v 1.805097 0.219954 -1.590744
v 1.190525 0.219954 -2.106431
v 0.436640 0.219954 -2.380823
v -0.365627 0.219954 -2.380822
v -1.119511 0.219954 -2.106431
v -1.734083 0.219954 -1.590744
v -2.135217 0.219954 -0.895960
v -2.274529 0.219954 -0.105881
v -2.135217 0.219954 0.684197
v -1.734084 0.219954 1.378981
v -1.119512 0.219954 1.894669
v -0.365628 0.219954 2.169060
v 0.436639 0.219954 2.169061
v 1.190524 0.219954 1.894670
v 1.805096 0.219954 1.378983
v 2.206230 0.219954 0.684199
v 2.199019 0.219954 -0.105881
v 2.068544 0.219954 -0.845846
v 1.692853 0.219954 -1.496560
v 1.117263 0.219954 -1.979538
v 0.411197 0.219954 -2.236525
v -0.340183 0.219954 -2.236525
v -1.046250 0.219954 -1.979538
v -1.621840 0.219954 -1.496560
v -1.997530 0.219954 -0.845846
v -2.128006 0.219954 -0.105881
v -1.997530 0.219954 0.634083
v -1.621840 0.219954 1.284797
v -1.046250 0.219954 1.767775
v -0.340184 0.219954 2.024763
v 0.411196 0.219954 2.024763
v 1.117262 0.219954 1.767776
v 1.692853 0.219954 1.284799
v 2.068543 0.219954 0.634085
v 2.199019 0.419881 -0.105881
v 2.068544 0.419881 -0.845846
v 1.692853 0.419881 -1.496560
v 1.117263 0.419881 -1.979538
v 0.411197 0.419881 -2.236525
v -0.340183 0.419881 -2.236525
v -1.046250 0.419881 -1.979538
v -1.621840 0.419881 -1.496560
v -1.997530 0.419881 -0.845846
v -2.128006 0.419881 -0.105881
v -1.997530 0.419881 0.634083
v -1.621840 0.419881 1.284797
v -1.046250 0.419881 1.767775
v -0.340184 0.419881 2.024763
v 0.411196 0.419881 2.024763
v 1.117262 0.419881 1.767776
v 1.692853 0.419881 1.284799
v 2.068543 0.419881 0.634085
v 2.554863 0.419881 -0.105881
v 2.402927 0.419881 -0.967552
v 1.965446 0.419881 -1.725292
v 1.295185 0.419881 -2.287707
v 0.472988 0.419881 -2.586963
v -0.401975 0.419881 -2.586962
v -1.224171 0.419881 -2.287707
v -1.894432 0.419881 -1.725292
v -2.331913 0.419881 -0.967552
v -2.483849 0.419881 -0.105881
v -2.331913 0.419881 0.755789
v -1.894432 0.419881 1.513529
v -1.224172 0.419881 2.075945
v -0.401976 0.419881 2.375200
v 0.472987 0.419881 2.375201
v 1.295184 0.419881 2.075946
v 1.965445 0.419881 1.513531
v 2.402926 0.419881 0.755791
v 2.554863 0.652987 -0.105881
v 2.402927 0.652987 -0.967552
v 1.965446 0.652987 -1.725292
v 1.295185 0.652987 -2.287707
v 0.472988 0.652987 -2.586963
v -0.401975 0.652987 -2.586962
v -1.224171 0.652987 -2.287707
v -1.894432 0.652987 -1.725292
v -2.331913 0.652987 -0.967552
v -2.483849 0.652987 -0.105881
v -2.331913 0.652987 0.755789
v -1.894432 0.652987 1.513529
v -1.224172 0.652987 2.075945
v -0.401976 0.652987 2.375200
v 0.472987 0.652987 2.375201
v 1.295184 0.652987 2.075946
v 1.965445 0.652987 1.513531
v 2.402926 0.652987 0.755791
v 2.292792 0.652987 -0.105881
v 2.156661 0.652987 -0.877918
v 1.764688 0.652987 -1.556836
v 1.164150 0.652987 -2.060747
v 0.427480 0.652987 -2.328873
v -0.356467 0.652987 -2.328873
v -1.093136 0.652987 -2.060747
v -1.693674 0.652987 -1.556836
v -2.085647 0.652987 -0.877918
v -2.221778 0.652987 -0.105881
v -2.085647 0.652987 0.666156
v -1.693674 0.652987 1.345073
v -1.093136 0.652987 1.848985
v -0.356468 0.652987 2.117111
v 0.427479 0.652987 2.117111
v 1.164149 0.652987 1.848986
v 1.764687 0.652987 1.345075
v 2.156661 0.652987 0.666158
v 2.292792 0.943232 -0.105881
v 2.156661 0.943232 -0.877918
v 1.764688 0.943232 -1.556836
v 1.164150 0.943232 -2.060747
v 0.427480 0.943232 -2.328873
v -0.356467 0.943232 -2.328873
v -1.093136 0.943232 -2.060747
v -1.693674 0.943232 -1.556836
v -2.085647 0.943232 -0.877918
v -2.221778 0.943232 -0.105881
v -2.085647 0.943232 0.666156
v -1.693674 0.943232 1.345073
v -1.093136 0.943232 1.848985
v -0.356468 0.943232 2.117111
v 0.427479 0.943232 2.117111
v 1.164149 0.943232 1.848986
v 1.764687 0.943232 1.345075
v 2.156661 0.943232 0.666158
v 2.554863 0.943232 -0.105881
v 2.402927 0.943232 -0.967552
v 1.965446 0.943232 -1.725292
v 1.295185 0.943232 -2.287707
v 0.472988 0.943232 -2.586962
v -0.401975 0.943232 -2.586962
v -1.224171 0.943232 -2.287707
v -1.894432 0.943232 -1.725292
v -2.331913 0.943232 -0.967552
v -2.483849 0.943232 -0.105881
v -2.331913 0.943232 0.755789
v -1.894432 0.943232 1.513529
v -1.224172 0.943232 2.075945
v -0.401976 0.943232 2.375200
v 0.472987 0.943232 2.375201
v 1.295184 0.943232 2.075946
v 1.965445 0.943232 1.513531
v 2.402926 0.943232 0.755791
v 2.554863 1.170576 -0.105881
v 2.402927 1.170576 -0.967552
v 1.965446 1.170576 -1.725292
v 1.295185 1.170576 -2.287707
v 0.472988 1.170576 -2.586962
v -0.401975 1.170576 -2.586962
v -1.224171 1.170576 -2.287707
v -1.894432 1.170576 -1.725292
v -2.331913 1.170576 -0.967552
v -2.483849 1.170576 -0.105881
v -2.331913 1.170576 0.755789
v -1.894432 1.170576 1.513529
v -1.224172 1.170576 2.075945
v -0.401976 1.170576 2.375200
v 0.472987 1.170576 2.375201
v 1.295184 1.170576 2.075946
v 1.965445 1.170576 1.513531
v 2.402926 1.170576 0.755791
v 2.292792 1.170576 -0.105881
v 2.156661 1.170576 -0.877918
v 1.764688 1.170576 -1.556836
v 1.164150 1.170576 -2.060747
v 0.427480 1.170576 -2.328873
v -0.356467 1.170576 -2.328873
v -1.093136 1.170576 -2.060747
v -1.693674 1.170576 -1.556836
v -2.085647 1.170576 -0.877918
v -2.221778 1.170576 -0.105881
v -2.085647 1.170576 0.666156
v -1.693674 1.170576 1.345073
v -1.093136 1.170576 1.848985
v -0.356468 1.170576 2.117111
v 0.427479 1.170576 2.117111
v 1.164149 1.170576 1.848986
v 1.764687 1.170576 1.345075
v 2.156660 1.170576 0.666157
v 2.292792 1.435631 -0.105881
v 2.156661 1.435631 -0.877918
v 1.764688 1.435631 -1.556836
v 1.164150 1.435631 -2.060747
v 0.427480 1.435631 -2.328873
v -0.356467 1.435631 -2.328873
v -1.093136 1.435631 -2.060747
v -1.693674 1.435631 -1.556836
v -2.085647 1.435631 -0.877918
v -2.221778 1.435631 -0.105881
v -2.085647 1.435631 0.666156
v -1.693674 1.435631 1.345073
v -1.093136 1.435631 1.848985
v -0.356468 1.435631 2.117111
v 0.427479 1.435631 2.117111
v 1.164149 1.435631 1.848986
v 1.764687 1.435631 1.345075
v 2.156660 1.435631 0.666157
v 2.554863 1.435631 -0.105881
v 2.402927 1.435631 -0.967552
v 1.965446 1.435631 -1.725292
v 1.295185 1.435631 -2.287707
v 0.472988 1.435631 -2.586962
v -0.401975 1.435631 -2.586962
v -1.224171 1.435631 -2.287707
v -1.894432 1.435631 -1.725292
v -2.331913 1.435631 -0.967552
v -2.483849 1.435631 -0.105881
v -2.331913 1.435631 0.755789
v -1.894432 1.435631 1.513529
v -1.224172 1.435631 2.075945
v -0.401976 1.435631 2.375200
v 0.472987 1.435631 2.375201
v 1.295184 1.435631 2.075946
v 1.965445 1.435631 1.513531
v 2.402926 1.435631 0.755791
v 2.554863 1.662794 -0.105881
v 2.402927 1.662794 -0.967552
v 1.965446 1.662794 -1.725292
v 1.295185 1.662794 -2.287707
v 0.472988 1.662794 -2.586962
v -0.401975 1.662794 -2.586962
v -1.224171 1.662794 -2.287707
v -1.894432 1.662794 -1.725292
v -2.331913 1.662794 -0.967552
v -2.483849 1.662794 -0.105881
v -2.331913 1.662794 0.755789
v -1.894432 1.662794 1.513529
v -1.224172 1.662794 2.075945
v -0.401976 1.662794 2.375200
v 0.472987 1.662794 2.375201
v 1.295184 1.662794 2.075946
v 1.965445 1.662794 1.513531
v 2.402926 1.662794 0.755791
v 2.292792 1.662794 -0.105881
v 2.156661 1.662794 -0.877918
v 1.764688 1.662794 -1.556836
v 1.164150 1.662794 -2.060747
v 0.427480 1.662794 -2.328873
v -0.356467 1.662794 -2.328873
v -1.093136 1.662794 -2.060747
v -1.693674 1.662794 -1.556836
v -2.085647 1.662794 -0.877918
v -2.221778 1.662794 -0.105881
v -2.085647 1.662794 0.666156
v -1.693674 1.662794 1.345073
v -1.093136 1.662794 1.848985
v -0.356468 1.662794 2.117111
v 0.427479 1.662794 2.117111
v 1.164149 1.662794 1.848986
v 1.764687 1.662794 1.345075
v 2.156660 1.662794 0.666157
v 2.292792 1.946893 -0.105881
v 2.156661 1.946893 -0.877918
v 1.764688 1.946893 -1.556836
v 1.164150 1.946893 -2.060747
v 0.427480 1.946893 -2.328873
v -0.356467 1.946893 -2.328873
v -1.093136 1.946893 -2.060747
v -1.693674 1.946893 -1.556836
v -2.085647 1.946893 -0.877918
v -2.221778 1.946893 -0.105881
v -2.085647 1.946893 0.666156
v -1.693674 1.946893 1.345073
v -1.093136 1.946893 1.848985
v -0.356468 1.946893 2.117111
v 0.427479 1.946893 2.117111
v 1.164149 1.946893 1.848986
v 1.764687 1.946893 1.345075
v 2.156660 1.946893 0.666157
v 2.249943 1.946893 -0.105881
v 2.116396 1.946893 -0.863263
v 1.731863 1.946893 -1.529293
v 1.142725 1.946893 -2.023639
v 0.420039 1.946893 -2.286674
v -0.349026 1.946893 -2.286674
v -1.071711 1.946893 -2.023639
v -1.660849 1.946893 -1.529293
v -2.045382 1.946893 -0.863263
v -2.178929 1.946893 -0.105881
v -2.045382 1.946893 0.651500
v -1.660850 1.946893 1.317530
v -1.071712 1.946893 1.811876
v -0.349027 1.946893 2.074913
v 0.420038 1.946893 2.074913
v 1.142724 1.946893 1.811878
v 1.731862 1.946893 1.317532
v 2.116395 1.946893 0.651502
v 2.249943 1.246626 -0.105881
v 2.116396 1.246626 -0.863263
v 1.731863 1.246626 -1.529293
v 1.142725 1.246626 -2.023639
v 0.420039 1.246626 -2.286674
v -0.349026 1.246626 -2.286674
v -1.071711 1.246626 -2.023639
v -1.660849 1.246626 -1.529293
v -2.045382 1.246626 -0.863263
v -2.178929 1.246626 -0.105881
v -2.045382 1.246626 0.651500
v -1.660850 1.246626 1.317530
v -1.071712 1.246626 1.811876
v -0.349027 1.246626 2.074913
v 0.420038 1.246626 2.074913
v 1.142724 1.246626 1.811878
v 1.731862 1.246626 1.317532
v 2.116395 1.246626 0.651502
v 2.242316 1.624068 0.387594
v 2.246877 1.624068 0.409531
v 2.258666 1.624068 0.428585
v 2.276260 1.624068 0.442458
v 2.297539 1.624068 0.449477
v 2.319934 1.624068 0.448795
v 2.340746 1.624068 0.440494
v 2.357464 1.624068 0.425576
v 2.368071 1.624068 0.405840
v 2.371288 1.624068 0.383666
v 2.366728 1.624068 0.361728
v 2.354939 1.624068 0.342674
v 2.337344 1.624068 0.328801
v 2.316066 1.624068 0.321782
v 2.293670 1.624068 0.322464
v 2.272858 1.624068 0.330765
v 2.256141 1.624068 0.345683
v 2.245533 1.624068 0.365420
v 2.242316 10.371479 0.387594
v 2.246877 10.371479 0.409531
v 2.258666 10.371479 0.428585
v 2.276260 10.371479 0.442458
v 2.297539 10.371479 0.449477
v 2.319934 10.371479 0.448795
v 2.340746 10.371479 0.440494
v 2.357464 10.371479 0.425576
v 2.368071 10.371479 0.405840
v 2.371288 10.371479 0.383666
v 2.366728 10.371479 0.361728
v 2.354939 10.371479 0.342674
v 2.337344 10.371479 0.328801
v 2.316066 10.371479 0.321782
v 2.293670 10.371479 0.322464
v 2.272858 10.371479 0.330765
v 2.256141 10.371479 0.345683
v 2.245533 10.371479 0.365420
v 2.612184 3.570449 -0.457609
v 2.604487 3.599219 -0.456627
v 2.583457 3.620280 -0.453943
v 2.554729 3.627989 -0.450276
v 2.526001 3.620280 -0.446609
v 2.504971 3.599219 -0.443925
v 2.497273 3.570449 -0.442943
v 2.504971 3.541679 -0.443925
v 2.526001 3.520618 -0.446609
v 2.554729 3.512909 -0.450276
v 2.583457 3.520618 -0.453943
v 2.604487 3.541679 -0.456627
v 2.468526 3.570449 -1.040064
v 2.461254 3.599219 -1.037358
v 2.441385 3.620280 -1.029966
v 2.414243 3.627989 -1.019868
v 2.387102 3.620280 -1.009770
v 2.367233 3.599219 -1.002378
v 2.359960 3.570449 -0.999672
v 2.367233 3.541679 -1.002378
v 2.387102 3.520618 -1.009770
v 2.414243 3.512909 -1.019868
v 2.441385 3.520618 -1.029966
v 2.461254 3.541679 -1.037358
v 2.204890 3.570449 -1.558348
v 2.198410 3.599219 -1.554084
v 2.180707 3.620280 -1.542434
v 2.156523 3.627989 -1.526520
v 2.132340 3.620280 -1.510606
v 2.114637 3.599219 -1.498956
v 2.108157 3.570449 -1.494691
v 2.114637 3.541679 -1.498956
v 2.132340 3.520618 -1.510606
v 2.156523 3.512909 -1.526520
v 2.180707 3.520618 -1.542434
v 2.198410 3.541679 -1.554084
v 1.838927 3.570449 -1.998605
v 1.833541 3.599219 -1.993026
v 1.818823 3.620280 -1.977784
v 1.798719 3.627989 -1.956962
v 1.778615 3.620280 -1.936141
v 1.763898 3.599219 -1.920898
v 1.758511 3.570449 -1.915319
v 1.763898 3.541679 -1.920898
v 1.778615 3.520618 -1.936141
v 1.798719 3.512909 -1.956962
v 1.818823 3.520618 -1.977784
v 1.833541 3.541679 -1.993026
v 1.388193 3.570449 -2.347305
v 1.384146 3.599219 -2.340690
v 1.373089 3.620280 -2.322616
v 1.357985 3.627989 -2.297927
v 1.342880 3.620280 -2.273237
v 1.331823 3.599219 -2.255163
v 1.327776 3.570449 -2.248548
v 1.331823 3.541679 -2.255163
v 1.342880 3.520618 -2.273237
v 1.357985 3.512909 -2.297927
v 1.373089 3.520618 -2.322616
v 1.384146 3.541679 -2.340690
v 0.870130 3.570449 -2.590954
v 0.867630 3.599219 -2.583611
v 0.860800 3.620280 -2.563549
v 0.851470 3.627989 -2.536144
v 0.842140 3.620280 -2.508739
v 0.835311 3.599219 -2.488677
v 0.832811 3.570449 -2.481333
v 0.835311 3.541679 -2.488677
v 0.842140 3.520618 -2.508739
v 0.851470 3.512909 -2.536144
v 0.860800 3.520618 -2.563549
v 0.867630 3.541679 -2.583611
v 0.302242 3.570449 -2.715960
v 0.301450 3.599219 -2.708241
v 0.299285 3.620280 -2.687152
v 0.296328 3.627989 -2.658345
v 0.293371 3.620280 -2.629537
v 0.291206 3.599219 -2.608448
v 0.290414 3.570449 -2.600729
v 0.291206 3.541679 -2.608448
v 0.293371 3.520618 -2.629537
v 0.296328 3.512909 -2.658345
v 0.299285 3.520618 -2.687152
v 0.301450 3.541679 -2.708241
v -0.297623 3.570449 -2.708715
v -0.296641 3.599219 -2.701018
v -0.293956 3.620280 -2.679987
v -0.290290 3.627989 -2.651260
v -0.286623 3.620280 -2.622532
v -0.283939 3.599219 -2.601501
v -0.282957 3.570449 -2.593804
v -0.283939 3.541679 -2.601501
v -0.286623 3.520618 -2.622532
v -0.290290 3.512909 -2.651260
v -0.293956 3.520618 -2.679987
v -0.296641 3.541679 -2.701018
v -0.880078 3.570449 -2.565057
v -0.877372 3.599219 -2.557785
v -0.869980 3.620280 -2.537916
v -0.859882 3.627989 -2.510774
v -0.849784 3.620280 -2.483633
v -0.842392 3.599219 -2.463763
v -0.839686 3.570449 -2.456491
v -0.842392 3.541679 -2.463763
v -0.849784 3.520618 -2.483633
v -0.859882 3.512909 -2.510774
v -0.869980 3.520618 -2.537916
v -0.877372 3.541679 -2.557785
v -1.398362 3.570449 -2.301420
v -1.394098 3.599219 -2.294940
v -1.382448 3.620280 -2.277237
v -1.366534 3.627989 -2.253054
v -1.350619 3.620280 -2.228871
v -1.338970 3.599219 -2.211168
v -1.334705 3.570449 -2.204688
v -1.338970 3.541679 -2.211168
v -1.350619 3.520618 -2.228871
v -1.366534 3.512909 -2.253054
v -1.382448 3.520618 -2.277237
v -1.394098 3.541679 -2.294940
v -1.838619 3.570449 -1.935459
v -1.833040 3.599219 -1.930072
v -1.817798 3.620280 -1.915354
v -1.796976 3.627989 -1.895250
v -1.776155 3.620280 -1.875146
v -1.760913 3.599219 -1.860429
v -1.755334 3.570449 -1.855042
v -1.760913 3.541679 -1.860429
v -1.776155 3.520618 -1.875146
v -1.796976 3.512909 -1.895250
v -1.817798 3.520618 -1.915354
v -1.833040 3.541679 -1.930072
v -2.187319 3.570449 -1.484724
v -2.180704 3.599219 -1.480677
v -2.162630 3.620280 -1.469620
v -2.137940 3.627989 -1.454516
v -2.113251 3.620280 -1.439411
v -2.095177 3.599219 -1.428355
v -2.088562 3.570449 -1.424307
v -2.095177 3.541679 -1.428355
v -2.113251 3.520618 -1.439411
v -2.137940 3.512909 -1.454516
v -2.162630 3.520618 -1.469620
v -2.180704 3.541679 -1.480677
v -2.430968 3.570449 -0.966660
v -2.423624 3.599219 -0.964161
v -2.403563 3.620280 -0.957331
v -2.376158 3.627989 -0.948001
v -2.348752 3.620280 -0.938671
v -2.328691 3.599219 -0.931841
v -2.321347 3.570449 -0.929341
v -2.328691 3.541679 -0.931841
v -2.348752 3.520618 -0.938671
v -2.376158 3.512909 -0.948001
v -2.403563 3.520618 -0.957331
v -2.423624 3.541679 -0.964161
v -2.555974 3.570449 -0.398773
v -2.548255 3.599219 -0.397980
v -2.527166 3.620280 -0.395816
v -2.498358 3.627989 -0.392859
v -2.469551 3.620280 -0.389902
v -2.448462 3.599219 -0.387737
v -2.440743 3.570449 -0.386945
v -2.448462 3.541679 -0.387737
v -2.469551 3.520618 -0.389902
v -2.498358 3.512909 -0.392859
v -2.527166 3.520618 -0.395816
v -2.548255 3.541679 -0.397980
v -2.548729 3.570449 0.201092
v -2.541031 3.599219 0.200110
v -2.520001 3.620280 0.197426
v -2.491273 3.627989 0.193759
v -2.462546 3.620280 0.190092
v -2.441515 3.599219 0.187408
v -2.433818 3.570449 0.186426
v -2.441515 3.541679 0.187408
v -2.462546 3.520618 0.190092
v -2.491273 3.512909 0.193759
v -2.520001 3.520618 0.197426
v -2.541031 3.541679 0.200110
v -2.405071 3.570449 0.783547
v -2.397799 3.599219 0.780841
v -2.377930 3.620280 0.773449
v -2.350788 3.627989 0.763351
v -2.323646 3.620280 0.753253
v -2.303777 3.599219 0.745861
v -2.296505 3.570449 0.743155
v -2.303777 3.541679 0.745861
v -2.323646 3.520618 0.753253
v -2.350788 3.512909 0.763351
v -2.377930 3.520618 0.773449
v -2.397799 3.541679 0.780841
v -2.141434 3.570449 1.301831
v -2.134954 3.599219 1.297567
v -2.117251 3.620280 1.285917
v -2.093068 3.627989 1.270003
v -2.068885 3.620280 1.254088
v -2.051181 3.599219 1.242439
v -2.044702 3.570449 1.238174
v -2.051181 3.541679 1.242439
v -2.068885 3.520618 1.254088
v -2.093068 3.512909 1.270003
v -2.117251 3.520618 1.285917
v -2.134954 3.541679 1.297567
v -1.775473 3.570449 1.742088
v -1.770086 3.599219 1.736509
v -1.755368 3.620280 1.721267
v -1.735264 3.627989 1.700445
v -1.715160 3.620280 1.679624
v -1.700443 3.599219 1.664382
v -1.695056 3.570449 1.658803
v -1.700443 3.541679 1.664382
v -1.715160 3.520618 1.679624
v -1.735264 3.512909 1.700445
v -1.755368 3.520618 1.721267
v -1.770086 3.541679 1.736509
v -1.324738 3.570449 2.090788
v -1.320691 3.599219 2.084173
v -1.309634 3.620280 2.066099
v -1.294530 3.627989 2.041410
v -1.279425 3.620280 2.016720
v -1.268368 3.599219 1.998646
v -1.264321 3.570449 1.992031
v -1.268368 3.541679 1.998646
v -1.279425 3.520618 2.016720
v -1.294530 3.512909 2.041410
v -1.309634 3.520618 2.066099
v -1.320691 3.541679 2.084173
v -0.806675 3.570449 2.334437
v -0.804175 3.599219 2.327094
v -0.797345 3.620280 2.307032
v -0.788015 3.627989 2.279627
v -0.778685 3.620280 2.252222
v -0.771855 3.599219 2.232160
v -0.769356 3.570449 2.224816
v -0.771855 3.541679 2.232160
v -0.778685 3.520618 2.252222
v -0.788015 3.512909 2.279627
v -0.797345 3.520618 2.307032
v -0.804175 3.541679 2.327094
v -0.238787 3.570449 2.459443
v -0.237995 3.599219 2.451724
v -0.235830 3.620280 2.430635
v -0.232873 3.627989 2.401828
v -0.229916 3.620280 2.373020
v -0.227751 3.599219 2.351931
v -0.226959 3.570449 2.344212
v -0.227751 3.541679 2.351931
v -0.229916 3.520618 2.373020
v -0.232873 3.512909 2.401828
v -0.235830 3.520618 2.430635
v -0.237995 3.541679 2.451724
v 0.361078 3.570449 2.452198
v 0.360096 3.599219 2.444500
v 0.357412 3.620280 2.423470
v 0.353745 3.627989 2.394743
v 0.350078 3.620280 2.366015
v 0.347394 3.599219 2.344985
v 0.346412 3.570449 2.337287
v 0.347394 3.541679 2.344985
v 0.350078 3.520618 2.366015
v 0.353745 3.512909 2.394743
v 0.357412 3.520618 2.423470
v 0.360096 3.541679 2.444500
v 0.943533 3.570449 2.308540
v 0.940827 3.599219 2.301268
v 0.933435 3.620280 2.281399
v 0.923337 3.627989 2.254257
v 0.913239 3.620280 2.227116
v 0.905847 3.599219 2.207247
v 0.903141 3.570449 2.199974
v 0.905847 3.541679 2.207247
v 0.913239 3.520618 2.227116
v 0.923337 3.512909 2.254257
v 0.933435 3.520618 2.281399
v 0.940827 3.541679 2.301268
v 1.461817 3.570449 2.044904
v 1.457553 3.599219 2.038423
v 1.445903 3.620280 2.020720
v 1.429989 3.627989 1.996537
v 1.414075 3.620280 1.972354
v 1.402425 3.599219 1.954651
v 1.398160 3.570449 1.948171
v 1.402425 3.541679 1.954651
v 1.414075 3.520618 1.972354
v 1.429989 3.512909 1.996537
v 1.445903 3.520618 2.020720
v 1.457553 3.541679 2.038423
v 1.902074 3.570449 1.678941
v 1.896495 3.599219 1.673555
v 1.881253 3.620280 1.658837
v 1.860431 3.627989 1.638733
v 1.839610 3.620280 1.618629
v 1.824367 3.599219 1.603912
v 1.818789 3.570449 1.598525
v 1.824367 3.541679 1.603912
v 1.839610 3.520618 1.618629
v 1.860431 3.512909 1.638733
v 1.881253 3.520618 1.658837
v 1.896495 3.541679 1.673555
v 2.250774 3.570449 1.228207
v 2.244159 3.599219 1.224160
v 2.226085 3.620280 1.213103
v 2.201396 3.627989 1.197999
v 2.176707 3.620280 1.182894
v 2.158633 3.599219 1.171837
v 2.152017 3.570449 1.167790
v 2.158633 3.541679 1.171837
v 2.176707 3.520618 1.182894
v 2.201396 3.512909 1.197999
v 2.226085 3.520618 1.213103
v 2.244159 3.541679 1.224160
v 2.494423 3.570449 0.710144
v 2.487080 3.599219 0.707644
v 2.467018 3.620280 0.700814
v 2.439613 3.627989 0.691484
v 2.412208 3.620280 0.682154
v 2.392146 3.599219 0.675324
v 2.384802 3.570449 0.672825
v 2.392146 3.541679 0.675324
v 2.412208 3.520618 0.682154
v 2.439613 3.512909 0.691484
v 2.467018 3.520618 0.700814
v 2.487080 3.541679 0.707644
v 2.619429 3.570449 0.142256
v 2.611710 3.599219 0.141464
v 2.590621 3.620280 0.139299
v 2.561814 3.627989 0.136342
v 2.533006 3.620280 0.133385
v 2.511917 3.599219 0.131220
v 2.504198 3.570449 0.130428
v 2.511917 3.541679 0.131220
v 2.533006 3.520618 0.133385
v 2.561814 3.512909 0.136342
v 2.590621 3.520618 0.139299
v 2.611710 3.541679 0.141464
v -2.439110 3.608177 -0.967569
v -2.448753 3.570449 -0.970576
v -2.439110 3.532722 -0.967569
v -2.412702 3.504995 -0.959342
v -2.376484 3.494701 -0.948073
v -2.340104 3.504704 -0.936767
v -2.313369 3.532431 -0.928468
v -2.303561 3.570449 -0.925426
v -2.313369 3.608468 -0.928468
v -2.340104 3.636194 -0.936767
v -2.376484 3.646198 -0.948073
v -2.412702 3.635904 -0.959342
v -2.573760 3.570449 -0.402688
v -2.563743 3.608173 -0.401390
v -2.536312 3.635900 -0.397829
v -2.498694 3.646198 -0.392933
v -2.460908 3.636197 -0.387999
v -2.433142 3.608471 -0.384365
v -2.422957 3.570449 -0.383029
v -2.433142 3.532427 -0.384365
v -2.460908 3.504701 -0.387999
v -2.498694 3.494701 -0.392933
v -2.536312 3.504999 -0.397829
v -2.563743 3.532725 -0.401390
v 2.502565 3.608177 0.711052
v 2.512209 3.570449 0.714059
v 2.502565 3.532722 0.711052
v 2.476157 3.504995 0.702826
v 2.439939 3.494701 0.691556
v 2.403559 3.504704 0.680251
v 2.376824 3.532431 0.671952
v 2.367017 3.570449 0.668909
v 2.376824 3.608468 0.671952
v 2.403559 3.636194 0.680251
v 2.439939 3.646198 0.691556
v 2.476157 3.635904 0.702826
v 2.637215 3.570449 0.146171
v 2.627198 3.608173 0.144873
v 2.599767 3.635900 0.141312
v 2.562149 3.646198 0.136416
v 2.524364 3.636197 0.131482
v 2.496597 3.608471 0.127848
v 2.486412 3.570449 0.126513
v 2.496597 3.532427 0.127848
v 2.524364 3.504701 0.131482
v 2.562149 3.494701 0.136416
v 2.599767 3.504999 0.141312
v 2.627198 3.532725 0.144873
v -1.327438 3.608180 2.098520
v -1.332489 3.570449 2.107268
v -1.327438 3.532719 2.098520
v -1.313614 3.504992 2.074563
v -1.294669 3.494701 2.041707
v -1.275655 3.504707 2.008702
v -1.261691 3.532434 1.984448
v -1.256571 3.570449 1.975551
v -1.261691 3.608465 1.984448
v -1.275655 3.636191 2.008702
v -1.294669 3.646198 2.041707
v -1.313614 3.635906 2.074563
v -0.814425 3.570449 2.350917
v -0.810923 3.608177 2.341442
v -0.801328 3.635904 2.315500
v -0.788157 3.646198 2.279929
v -0.774916 3.636194 2.244208
v -0.765178 3.608468 2.217963
v -0.761605 3.570449 2.208336
v -0.765178 3.532431 2.217963
v -0.774916 3.504704 2.244208
v -0.788157 3.494701 2.279929
v -0.801327 3.504995 2.315500
v -0.810923 3.532722 2.341442
v 1.390893 3.608180 -2.355037
v 1.395944 3.570449 -2.363785
v 1.390893 3.532719 -2.355037
v 1.377069 3.504992 -2.331080
v 1.358124 3.494701 -2.298224
v 1.339110 3.504707 -2.265219
v 1.325146 3.532434 -2.240965
v 1.320026 3.570449 -2.232068
v 1.325146 3.608465 -2.240965
v 1.339110 3.636191 -2.265219
v 1.358124 3.646198 -2.298224
v 1.377069 3.635906 -2.331080
v 0.877881 3.570449 -2.607434
v 0.874378 3.608177 -2.597959
v 0.864783 3.635904 -2.572017
v 0.851613 3.646198 -2.536447
v 0.838372 3.636194 -2.500725
v 0.828634 3.608468 -2.474480
v 0.825060 3.570449 -2.464854
v 0.828634 3.532431 -2.474480
v 0.838372 3.504704 -2.500725
v 0.851613 3.494701 -2.536447
v 0.864783 3.504995 -2.572017
v 0.874378 3.532722 -2.597959
v 1.031144 3.552814 -2.269151
v 1.064183 3.552814 -2.250076
v 1.077374 3.552608 -2.355478
v 1.110413 3.552608 -2.336403
v 1.031144 3.585515 -2.269151
v 1.064183 3.585515 -2.250076
v 1.077374 3.585309 -2.355478
v 1.110413 3.585309 -2.336403
v 1.055066 3.561876 -2.309915
v 1.079813 3.561876 -2.295079
v 1.079813 3.591958 -2.295079
v 1.055066 3.591958 -2.309915
v 1.045332 3.563269 -2.290057
v 1.071864 3.592825 -2.273949
v 1.071864 3.563269 -2.273949
v 1.045332 3.592825 -2.290057
v 1.095614 3.560567 -2.315605
v 1.066762 3.589123 -2.332263
v 1.066762 3.560567 -2.332263
v 1.095614 3.589123 -2.315605
v -2.281810 3.552814 -0.654582
v -2.269636 3.552814 -0.690738
v -2.375568 3.552608 -0.682849
v -2.363394 3.552608 -0.719005
v -2.281810 3.585515 -0.654582
v -2.269636 3.585515 -0.690738
v -2.375568 3.585309 -0.682849
v -2.363394 3.585309 -0.719005
v -2.326496 3.561876 -0.669981
v -2.316841 3.561876 -0.697171
v -2.316841 3.591958 -0.697171
v -2.326496 3.591958 -0.669981
v -2.305106 3.563269 -0.664361
v -2.294556 3.592825 -0.693553
v -2.294556 3.563269 -0.693553
v -2.305106 3.592825 -0.664361
v -2.340083 3.560567 -0.708606
v -2.350713 3.589123 -0.677032
v -2.350713 3.560567 -0.677032
v -2.340083 3.589123 -0.708606
v -0.957910 3.552814 2.058409
v -0.990968 3.552814 2.039368
v -1.004051 3.552608 2.144784
v -1.037110 3.552608 2.125742
v -0.957910 3.585515 2.058409
v -0.990968 3.585515 2.039368
v -1.004051 3.585309 2.144784
v -1.037110 3.585309 2.125742
v -0.981791 3.561876 2.099197
v -1.006553 3.561876 2.084387
v -1.006553 3.591958 2.084387
v -0.981791 3.591958 2.099197
v -0.972077 3.563269 2.079330
v -0.998626 3.592825 2.063248
v -0.998626 3.563269 2.063248
v -0.972077 3.592825 2.079330
v -1.022333 3.560567 2.104929
v -0.993463 3.589123 2.121557
v -0.993463 3.560567 2.121557
v -1.022333 3.589123 2.104929
v 2.366330 3.552814 0.382275
v 2.355103 3.552814 0.418736
v 2.460793 3.552608 0.408090
v 2.449565 3.552608 0.444551
v 2.366330 3.585515 0.382275
v 2.355103 3.585515 0.418736
v 2.460793 3.585309 0.408090
v 2.449565 3.585309 0.444551
v 2.411402 3.561876 0.396505
v 2.402458 3.561876 0.423937
v 2.402458 3.591958 0.423937
v 2.411402 3.591958 0.396505
v 2.389873 3.563269 0.391444
v 2.380087 3.592825 0.420900
v 2.380087 3.563269 0.420900
v 2.389873 3.592825 0.391444
v 2.425991 3.560567 0.434762
v 2.435795 3.589123 0.402922
v 2.435795 3.560567 0.402922
v 2.425991 3.589123 0.434762
v 1.001703 1.624068 -2.150383
v 1.024106 1.624068 -2.150013
v 1.045284 1.624068 -2.157328
v 1.062684 1.624068 -2.171446
v 1.074205 1.624068 -2.190663
v 1.078460 1.624068 -2.212661
v 1.074934 1.624068 -2.234788
v 1.064052 1.624068 -2.254375
v 1.047128 1.624068 -2.269058
v 1.026202 1.624068 -2.277068
v 1.003799 1.624068 -2.277437
v 0.982621 1.624068 -2.270123
v 0.965221 1.624068 -2.256005
v 0.953700 1.624068 -2.236789
v 0.949445 1.624068 -2.214790
v 0.952972 1.624068 -2.192663
v 0.963853 1.624068 -2.173076
v 0.980777 1.624068 -2.158393
v 1.001703 10.371479 -2.150383
v 1.024106 10.371479 -2.150013
v 1.045284 10.371479 -2.157328
v 1.062684 10.371479 -2.171446
v 1.074205 10.371479 -2.190663
v 1.078460 10.371479 -2.212661
v 1.074934 10.371479 -2.234788
v 1.064052 10.371479 -2.254375
v 1.047128 10.371479 -2.269058
v 1.026202 10.371479 -2.277068
v 1.003799 10.371479 -2.277437
v 0.982621 10.371479 -2.270123
v 0.965221 10.371479 -2.256005
v 0.953700 10.371479 -2.236789
v 0.949445 10.371479 -2.214790
v 0.952972 10.371479 -2.192663
v 0.963853 10.371479 -2.173076
v 0.980777 10.371479 -2.158393
v -0.930324 1.624068 1.938793
v -0.952728 1.624068 1.938428
v -0.973905 1.624068 1.945746
v -0.991302 1.624068 1.959867
v -1.002820 1.624068 1.979086
v -1.007070 1.624068 2.001085
v -1.003540 1.624068 2.023211
v -0.992655 1.624068 2.042796
v -0.975728 1.624068 2.057476
v -0.954801 1.624068 2.065482
v -0.932398 1.624068 2.065848
v -0.911221 1.624068 2.058529
v -0.893824 1.624068 2.044409
v -0.882306 1.624068 2.025190
v -0.878056 1.624068 2.003191
v -0.881586 1.624068 1.981064
v -0.892471 1.624068 1.961480
v -0.909397 1.624068 1.946799
v -0.930324 10.371479 1.938793
v -0.952728 10.371479 1.938428
v -0.973905 10.371479 1.945746
v -0.991302 10.371479 1.959867
v -1.002820 10.371479 1.979086
v -1.007070 10.371479 2.001085
v -1.003540 10.371479 2.023211
v -0.992655 10.371479 2.042796
v -0.975728 10.371479 2.057476
v -0.954801 10.371479 2.065482
v -0.932398 10.371479 2.065848
v -0.911221 10.371479 2.058529
v -0.893824 10.371479 2.044409
v -0.882306 10.371479 2.025190
v -0.878056 10.371479 2.003191
v -0.881586 10.371479 1.981064
v -0.892471 10.371479 1.961480
v -0.909397 10.371479 1.946799
v 2.427630 11.973132 -0.105881
v 2.283207 11.973132 0.713184
v 1.867357 11.973132 1.433457
v 1.230238 11.973132 1.968063
v 0.448696 11.973132 2.252521
v -0.383004 11.973132 2.252521
v -1.164546 11.973132 1.968063
v -1.801665 11.973132 1.433457
v -2.217515 11.973132 0.713184
v -2.361938 11.973132 -0.105880
v -2.217515 11.973132 -0.924945
v -1.801665 11.973132 -1.645218
v -1.164547 11.973132 -2.179824
v -0.383005 11.973132 -2.464283
v 0.448695 11.973132 -2.464283
v 1.230237 11.973132 -2.179825
v 1.867356 11.973132 -1.645219
v 2.283206 11.973132 -0.924947
v 2.427630 11.894760 -0.105881
v 2.283207 11.894760 0.713184
v 1.867357 11.894760 1.433457
v 1.230238 11.894760 1.968063
v 0.448696 11.894760 2.252521
v -0.383004 11.894760 2.252521
v -1.164546 11.894760 1.968063
v -1.801665 11.894760 1.433457
v -2.217515 11.894760 0.713184
v -2.361938 11.894760 -0.105880
v -2.217515 11.894760 -0.924945
v -1.801665 11.894760 -1.645218
v -1.164547 11.894760 -2.179824
v -0.383005 11.894760 -2.464283
v 0.448695 11.894760 -2.464283
v 1.230237 11.894760 -2.179825
v 1.867356 11.894760 -1.645219
v 2.283206 11.894760 -0.924947
v 2.197280 11.894760 -0.105881
v 2.066749 11.894760 0.634399
v 1.690899 11.894760 1.285391
v 1.115063 11.894760 1.768574
v 0.408696 11.894760 2.025671
v -0.343004 11.894760 2.025671
v -1.049371 11.894760 1.768574
v -1.625207 11.894760 1.285391
v -2.001057 11.894760 0.634399
v -2.131588 11.894760 -0.105880
v -2.001057 11.894760 -0.846160
v -1.625207 11.894760 -1.497152
v -1.049372 11.894760 -1.980335
v -0.343005 11.894760 -2.237432
v 0.408695 11.894760 -2.237433
v 1.115062 11.894760 -1.980336
v 1.690898 11.894760 -1.497153
v 2.066748 11.894760 -0.846162
v 2.197280 11.832887 -0.105881
v 2.066749 11.832887 0.634399
v 1.690899 11.832887 1.285391
v 1.115063 11.832889 1.768574
v 0.408696 11.832889 2.025671
v -0.343004 11.832889 2.025671
v -1.049371 11.832889 1.768574
v -1.625207 11.832887 1.285391
v -2.001057 11.832887 0.634399
v -2.131588 11.832887 -0.105880
v -2.001057 11.832887 -0.846160
v -1.625207 11.832887 -1.497152
v -1.049372 11.832887 -1.980335
v -0.343005 11.832887 -2.237432
v 0.408695 11.832887 -2.237433
v 1.115062 11.832887 -1.980336
v 1.690898 11.832887 -1.497153
v 2.066748 11.832887 -0.846162
v 2.364808 11.832887 -0.105881
v 2.224173 11.832887 0.691697
v 1.819232 11.832889 1.393075
v 1.198827 11.832889 1.913657
v 0.437787 11.832889 2.190653
v -0.372095 11.832889 2.190653
v -1.133135 11.832889 1.913657
v -1.753540 11.832889 1.393075
v -2.158481 11.832887 0.691697
v -2.299115 11.832887 -0.105880
v -2.158481 11.832887 -0.903458
v -1.753540 11.832887 -1.604836
v -1.133135 11.832887 -2.125418
v -0.372096 11.832887 -2.402414
v 0.437786 11.832887 -2.402415
v 1.198825 11.832887 -2.125419
v 1.819231 11.832887 -1.604838
v 2.224172 11.832887 -0.903460
v 2.364808 11.751091 -0.105881
v 2.224173 11.751091 0.691697
v 1.819232 11.751091 1.393075
v 1.198827 11.751091 1.913657
v 0.437787 11.751091 2.190653
v -0.372095 11.751091 2.190653
v -1.133135 11.751091 1.913657
v -1.753540 11.751091 1.393075
v -2.158481 11.751091 0.691697
v -2.299115 11.751091 -0.105880
v -2.158481 11.751090 -0.903458
v -1.753540 11.751090 -1.604836
v -1.133135 11.751090 -2.125418
v -0.372096 11.751090 -2.402414
v 0.437786 11.751090 -2.402415
v 1.198825 11.751090 -2.125419
v 1.819231 11.751090 -1.604838
v 2.224172 11.751090 -0.903460
v 2.216893 11.751091 -0.105881
v 2.085179 11.751091 0.641107
v 1.705923 11.751091 1.297998
v 1.124869 11.751091 1.785559
v 0.412102 11.751091 2.044986
v -0.346410 11.751091 2.044986
v -1.059178 11.751091 1.785559
v -1.640231 11.751091 1.297998
v -2.019487 11.751091 0.641108
v -2.151201 11.751091 -0.105880
v -2.019487 11.751090 -0.852868
v -1.640231 11.751090 -1.509758
v -1.059178 11.751090 -1.997320
v -0.346411 11.751090 -2.256747
v 0.412101 11.751090 -2.256747
v 1.124868 11.751090 -1.997322
v 1.705922 11.751090 -1.509760
v 2.085178 11.751090 -0.852870
v 2.216893 11.549266 -0.105881
v 2.085179 11.549266 0.641107
v 1.705923 11.549266 1.297998
v 1.124869 11.549266 1.785559
v 0.412102 11.549266 2.044986
v -0.346410 11.549266 2.044986
v -1.059178 11.549266 1.785559
v -1.640231 11.549266 1.297998
v -2.019487 11.549266 0.641108
v -2.151201 11.549266 -0.105880
v -2.019487 11.549266 -0.852868
v -1.640231 11.549266 -1.509758
v -1.059178 11.549266 -1.997320
v -0.346411 11.549266 -2.256747
v 0.412101 11.549266 -2.256747
v 1.124868 11.549266 -1.997322
v 1.705922 11.549266 -1.509760
v 2.085178 11.549266 -0.852870
v 2.576114 11.549266 -0.105881
v 2.422736 11.549266 0.763968
v 1.981102 11.549266 1.528901
v 1.304480 11.549266 2.096654
v 0.474480 11.549266 2.398749
v -0.408788 11.549266 2.398749
v -1.238788 11.549266 2.096654
v -1.915410 11.549266 1.528901
v -2.357044 11.549266 0.763968
v -2.510422 11.549266 -0.105880
v -2.357044 11.549266 -0.975729
v -1.915411 11.549266 -1.740661
v -1.238789 11.549266 -2.308415
v -0.408789 11.549265 -2.610510
v 0.474479 11.549265 -2.610511
v 1.304479 11.549266 -2.308416
v 1.981101 11.549266 -1.740663
v 2.422735 11.549266 -0.975731
v 2.576114 11.313948 -0.105881
v 2.422736 11.313948 0.763968
v 1.981102 11.313948 1.528901
v 1.304480 11.313948 2.096654
v 0.474480 11.313949 2.398749
v -0.408788 11.313949 2.398749
v -1.238788 11.313948 2.096654
v -1.915410 11.313948 1.528901
v -2.357044 11.313948 0.763968
v -2.510422 11.313948 -0.105880
v -2.357044 11.313948 -0.975729
v -1.915411 11.313948 -1.740661
v -1.238789 11.313948 -2.308415
v -0.408789 11.313948 -2.610510
v 0.474479 11.313948 -2.610511
v 1.304479 11.313948 -2.308416
v 1.981101 11.313948 -1.740663
v 2.422735 11.313948 -0.975731
v 2.311556 11.313948 -0.105881
v 2.174133 11.313948 0.673484
v 1.778439 11.313948 1.358846
v 1.172201 11.313948 1.867540
v 0.428540 11.313949 2.138210
v -0.362848 11.313949 2.138210
v -1.106509 11.313948 1.867540
v -1.712747 11.313948 1.358846
v -2.108440 11.313948 0.673484
v -2.245864 11.313948 -0.105880
v -2.108440 11.313948 -0.885245
v -1.712747 11.313948 -1.570606
v -1.106509 11.313948 -2.079301
v -0.362849 11.313948 -2.349971
v 0.428539 11.313948 -2.349972
v 1.172200 11.313948 -2.079302
v 1.778438 11.313948 -1.570608
v 2.174132 11.313948 -0.885247
v 2.311556 11.020947 -0.105881
v 2.174133 11.020947 0.673484
v 1.778439 11.020947 1.358846
v 1.172201 11.020947 1.867540
v 0.428540 11.020947 2.138211
v -0.362848 11.020947 2.138210
v -1.106509 11.020947 1.867540
v -1.712747 11.020947 1.358846
v -2.108440 11.020947 0.673484
v -2.245864 11.020947 -0.105880
v -2.108440 11.020947 -0.885245
v -1.712747 11.020947 -1.570606
v -1.106509 11.020947 -2.079301
v -0.362849 11.020947 -2.349971
v 0.428539 11.020947 -2.349972
v 1.172200 11.020947 -2.079302
v 1.778438 11.020947 -1.570608
v 2.174132 11.020947 -0.885247
v 2.576114 11.020947 -0.105881
v 2.422736 11.020947 0.763968
v 1.981102 11.020947 1.528901
v 1.304480 11.020948 2.096654
v 0.474480 11.020948 2.398749
v -0.408788 11.020948 2.398749
v -1.238788 11.020948 2.096654
v -1.915410 11.020947 1.528901
v -2.357044 11.020947 0.763968
v -2.510422 11.020947 -0.105880
v -2.357044 11.020947 -0.975729
v -1.915411 11.020947 -1.740661
v -1.238788 11.020947 -2.308414
v -0.408789 11.020947 -2.610510
v 0.474479 11.020947 -2.610511
v 1.304479 11.020947 -2.308416
v 1.981101 11.020947 -1.740663
v 2.422735 11.020947 -0.975731
v 2.576114 10.791446 -0.105881
v 2.422736 10.791447 0.763968
v 1.981102 10.791447 1.528901
v 1.304480 10.791447 2.096654
v 0.474480 10.791447 2.398749
v -0.408788 10.791447 2.398749
v -1.238788 10.791447 2.096654
v -1.915410 10.791447 1.528901
v -2.357044 10.791447 0.763968
v -2.510422 10.791446 -0.105880
v -2.357044 10.791446 -0.975729
v -1.915411 10.791446 -1.740661
v -1.238788 10.791446 -2.308414
v -0.408789 10.791446 -2.610510
v 0.474479 10.791446 -2.610511
v 1.304479 10.791446 -2.308416
v 1.981101 10.791446 -1.740663
v 2.422735 10.791446 -0.975731
v 2.311556 10.791446 -0.105881
v 2.174133 10.791446 0.673484
v 1.778439 10.791447 1.358846
v 1.172201 10.791447 1.867540
v 0.428540 10.791447 2.138210
v -0.362848 10.791447 2.138210
v -1.106509 10.791447 1.867540
v -1.712747 10.791447 1.358846
v -2.108440 10.791446 0.673484
v -2.245864 10.791446 -0.105880
v -2.108440 10.791446 -0.885245
v -1.712747 10.791446 -1.570606
v -1.106509 10.791446 -2.079300
v -0.362849 10.791446 -2.349971
v 0.428539 10.791446 -2.349972
v 1.172200 10.791446 -2.079302
v 1.778438 10.791446 -1.570608
v 2.174132 10.791446 -0.885247
v 2.311556 10.523874 -0.105881
v 2.174133 10.523875 0.673484
v 1.778439 10.523875 1.358846
v 1.172201 10.523875 1.867540
v 0.428540 10.523875 2.138210
v -0.362848 10.523875 2.138210
v -1.106509 10.523875 1.867540
v -1.712747 10.523875 1.358846
v -2.108440 10.523875 0.673484
v -2.245864 10.523874 -0.105880
v -2.108440 10.523874 -0.885245
v -1.712747 10.523874 -1.570606
v -1.106509 10.523874 -2.079300
v -0.362849 10.523874 -2.349971
v 0.428539 10.523874 -2.349972
v 1.172200 10.523874 -2.079302
v 1.778438 10.523874 -1.570608
v 2.174132 10.523874 -0.885247
v 2.576114 10.523874 -0.105881
v 2.422736 10.523875 0.763968
v 1.981102 10.523875 1.528901
v 1.304480 10.523875 2.096654
v 0.474480 10.523875 2.398749
v -0.408788 10.523875 2.398749
v -1.238788 10.523875 2.096654
v -1.915410 10.523875 1.528901
v -2.357044 10.523875 0.763968
v -2.510422 10.523874 -0.105880
v -2.357044 10.523874 -0.975729
v -1.915411 10.523874 -1.740661
v -1.238788 10.523874 -2.308414
v -0.408789 10.523874 -2.610510
v 0.474479 10.523874 -2.610511
v 1.304479 10.523874 -2.308416
v 1.981101 10.523874 -1.740663
v 2.422735 10.523874 -0.975731
v 2.576114 10.294556 -0.105880
v 2.422736 10.294557 0.763968
v 1.981102 10.294557 1.528901
v 1.304480 10.294557 2.096654
v 0.474480 10.294557 2.398749
v -0.408788 10.294557 2.398749
v -1.238788 10.294557 2.096654
v -1.915410 10.294557 1.528901
v -2.357044 10.294557 0.763969
v -2.510422 10.294556 -0.105880
v -2.357044 10.294556 -0.975729
v -1.915411 10.294556 -1.740661
v -1.238788 10.294556 -2.308414
v -0.408789 10.294556 -2.610510
v 0.474479 10.294556 -2.610511
v 1.304479 10.294556 -2.308416
v 1.981101 10.294556 -1.740663
v 2.422735 10.294556 -0.975731
v 2.311556 10.294556 -0.105880
v 2.174133 10.294557 0.673484
v 1.778439 10.294557 1.358846
v 1.172201 10.294557 1.867540
v 0.428540 10.294557 2.138210
v -0.362848 10.294557 2.138210
v -1.106509 10.294557 1.867540
v -1.712747 10.294557 1.358846
v -2.108440 10.294557 0.673484
v -2.245864 10.294556 -0.105880
v -2.108440 10.294556 -0.885245
v -1.712747 10.294556 -1.570606
v -1.106509 10.294556 -2.079300
v -0.362849 10.294556 -2.349971
v 0.428539 10.294556 -2.349972
v 1.172200 10.294556 -2.079302
v 1.778438 10.294556 -1.570608
v 2.174132 10.294556 -0.885246
v 2.311556 10.007760 -0.105880
v 2.174133 10.007761 0.673484
v 1.778439 10.007761 1.358846
v 1.172201 10.007761 1.867540
v 0.428540 10.007761 2.138210
v -0.362848 10.007761 2.138210
v -1.106509 10.007761 1.867540
v -1.712747 10.007761 1.358846
v -2.108440 10.007761 0.673484
v -2.245864 10.007760 -0.105880
v -2.108440 10.007760 -0.885245
v -1.712747 10.007760 -1.570606
v -1.106509 10.007760 -2.079300
v -0.362849 10.007760 -2.349971
v 0.428539 10.007760 -2.349972
v 1.172200 10.007760 -2.079302
v 1.778438 10.007760 -1.570608
v 2.174132 10.007760 -0.885246
v 2.268300 10.007760 -0.105880
v 2.133485 10.007761 0.658690
v 1.745303 10.007761 1.331042
v 1.150573 10.007761 1.830079
v 0.421028 10.007761 2.095611
v -0.355337 10.007761 2.095611
v -1.084881 10.007761 1.830079
v -1.679611 10.007761 1.331042
v -2.067793 10.007761 0.658690
v -2.202607 10.007760 -0.105880
v -2.067793 10.007760 -0.870450
v -1.679611 10.007760 -1.542802
v -1.084881 10.007760 -2.041840
v -0.355337 10.007760 -2.307372
v 0.421027 10.007760 -2.307373
v 1.150572 10.007760 -2.041841
v 1.745302 10.007760 -1.542803
v 2.133484 10.007760 -0.870452
v 2.268300 10.714674 -0.105881
v 2.133485 10.714674 0.658690
v 1.745303 10.714674 1.331041
v 1.150573 10.714674 1.830079
v 0.421028 10.714674 2.095611
v -0.355337 10.714674 2.095611
v -1.084881 10.714674 1.830079
v -1.679611 10.714674 1.331041
v -2.067793 10.714674 0.658690
v -2.202607 10.714674 -0.105880
v -2.067793 10.714674 -0.870450
v -1.679611 10.714674 -1.542802
v -1.084881 10.714674 -2.041840
v -0.355337 10.714674 -2.307372
v 0.421027 10.714674 -2.307373
v 1.150572 10.714674 -2.041841
v 1.745302 10.714674 -1.542803
v 2.133484 10.714674 -0.870452
v -2.155256 1.624068 -0.666308
v -2.159147 1.624068 -0.688374
v -2.170350 1.624068 -0.707778
v -2.187515 1.624068 -0.722181
v -2.208569 1.624068 -0.729844
v -2.230975 1.624068 -0.729844
v -2.252030 1.624068 -0.722181
v -2.269194 1.624068 -0.707778
v -2.280398 1.624068 -0.688374
v -2.284288 1.624068 -0.666308
v -2.280398 1.624068 -0.644242
v -2.269194 1.624068 -0.624838
v -2.252030 1.624068 -0.610436
v -2.230975 1.624068 -0.602772
v -2.208569 1.624068 -0.602772
v -2.187515 1.624068 -0.610436
v -2.170350 1.624068 -0.624838
v -2.159147 1.624068 -0.644242
v -2.155256 10.371479 -0.666308
v -2.159147 10.371479 -0.688374
v -2.170350 10.371479 -0.707778
v -2.187515 10.371479 -0.722181
v -2.208569 10.371479 -0.729844
v -2.230975 10.371479 -0.729844
v -2.252030 10.371479 -0.722181
v -2.269194 10.371479 -0.707778
v -2.280398 10.371479 -0.688374
v -2.284288 10.371479 -0.666308
v -2.280398 10.371479 -0.644242
v -2.269194 10.371479 -0.624838
v -2.252030 10.371479 -0.610436
v -2.230975 10.371479 -0.602772
v -2.208569 10.371479 -0.602772
v -2.187515 10.371479 -0.610436
v -2.170350 10.371479 -0.624838
v -2.159147 10.371479 -0.644242
v 2.612184 9.200491 -0.457609
v 2.604487 9.229261 -0.456627
v 2.583457 9.250321 -0.453943
v 2.554729 9.258031 -0.450276
v 2.526001 9.250321 -0.446609
v 2.504971 9.229261 -0.443925
v 2.497273 9.200491 -0.442943
v 2.504971 9.171721 -0.443925
v 2.526001 9.150661 -0.446609
v 2.554729 9.142951 -0.450276
v 2.583457 9.150661 -0.453943
v 2.604487 9.171721 -0.456627
v 2.468526 9.200491 -1.040064
v 2.461254 9.229261 -1.037358
v 2.441385 9.250321 -1.029966
v 2.414243 9.258031 -1.019868
v 2.387102 9.250321 -1.009770
v 2.367233 9.229261 -1.002378
v 2.359960 9.200491 -0.999672
v 2.367233 9.171721 -1.002378
v 2.387102 9.150661 -1.009770
v 2.414243 9.142951 -1.019868
v 2.441385 9.150661 -1.029966
v 2.461254 9.171721 -1.037358
v 2.204890 9.200491 -1.558348
v 2.198410 9.229261 -1.554084
v 2.180707 9.250321 -1.542434
v 2.156523 9.258031 -1.526520
v 2.132340 9.250321 -1.510606
v 2.114637 9.229261 -1.498956
v 2.108157 9.200491 -1.494691
v 2.114637 9.171721 -1.498956
v 2.132340 9.150661 -1.510606
v 2.156523 9.142951 -1.526520
v 2.180707 9.150661 -1.542434
v 2.198410 9.171721 -1.554084
v 1.838927 9.200491 -1.998605
v 1.833541 9.229261 -1.993026
v 1.818823 9.250321 -1.977784
v 1.798719 9.258031 -1.956962
v 1.778615 9.250321 -1.936141
v 1.763898 9.229261 -1.920898
v 1.758511 9.200491 -1.915319
v 1.763898 9.171721 -1.920898
v 1.778615 9.150661 -1.936141
v 1.798719 9.142951 -1.956962
v 1.818823 9.150661 -1.977784
v 1.833541 9.171721 -1.993026
v 1.388193 9.200491 -2.347305
v 1.384146 9.229261 -2.340690
v 1.373089 9.250321 -2.322616
v 1.357985 9.258031 -2.297927
v 1.342880 9.250321 -2.273237
v 1.331823 9.229261 -2.255163
v 1.327776 9.200491 -2.248548
v 1.331823 9.171721 -2.255163
v 1.342880 9.150661 -2.273237
v 1.357985 9.142951 -2.297927
v 1.373089 9.150661 -2.322616
v 1.384146 9.171721 -2.340690
v 0.870130 9.200491 -2.590954
v 0.867630 9.229261 -2.583611
v 0.860800 9.250321 -2.563549
v 0.851470 9.258031 -2.536144
v 0.842140 9.250321 -2.508739
v 0.835311 9.229261 -2.488677
v 0.832811 9.200491 -2.481333
v 0.835311 9.171721 -2.488677
v 0.842140 9.150661 -2.508739
v 0.851470 9.142951 -2.536144
v 0.860800 9.150661 -2.563549
v 0.867630 9.171721 -2.583611
v 0.302242 9.200491 -2.715960
v 0.301450 9.229261 -2.708241
v 0.299285 9.250321 -2.687152
v 0.296328 9.258031 -2.658345
v 0.293371 9.250321 -2.629537
v 0.291206 9.229261 -2.608448
v 0.290414 9.200491 -2.600729
v 0.291206 9.171721 -2.608448
v 0.293371 9.150661 -2.629537
v 0.296328 9.142951 -2.658345
v 0.299285 9.150661 -2.687152
v 0.301450 9.171721 -2.708241
v -0.297623 9.200491 -2.708715
v -0.296641 9.229261 -2.701018
v -0.293956 9.250321 -2.679987
v -0.290290 9.258031 -2.651260
v -0.286623 9.250321 -2.622532
v -0.283939 9.229261 -2.601501
v -0.282957 9.200491 -2.593804
v -0.283939 9.171721 -2.601501
v -0.286623 9.150661 -2.622532
v -0.290290 9.142951 -2.651260
v -0.293956 9.150661 -2.679987
v -0.296641 9.171721 -2.701018
v -0.880078 9.200491 -2.565057
v -0.877372 9.229261 -2.557785
v -0.869980 9.250321 -2.537916
v -0.859882 9.258031 -2.510774
v -0.849784 9.250321 -2.483633
v -0.842392 9.229261 -2.463763
v -0.839686 9.200491 -2.456491
v -0.842392 9.171721 -2.463763
v -0.849784 9.150661 -2.483633
v -0.859882 9.142951 -2.510774
v -0.869980 9.150661 -2.537916
v -0.877372 9.171721 -2.557785
v -1.398362 9.200491 -2.301420
v -1.394098 9.229261 -2.294940
v -1.382448 9.250321 -2.277237
v -1.366534 9.258031 -2.253054
v -1.350619 9.250321 -2.228871
v -1.338970 9.229261 -2.211168
v -1.334705 9.200491 -2.204688
v -1.338970 9.171721 -2.211168
v -1.350619 9.150661 -2.228871
v -1.366534 9.142951 -2.253054
v -1.382448 9.150661 -2.277237
v -1.394098 9.171721 -2.294940
v -1.838619 9.200491 -1.935459
v -1.833040 9.229261 -1.930072
v -1.817798 9.250321 -1.915354
v -1.796976 9.258031 -1.895250
v -1.776155 9.250321 -1.875146
v -1.760913 9.229261 -1.860429
v -1.755334 9.200491 -1.855042
v -1.760913 9.171721 -1.860429
v -1.776155 9.150661 -1.875146
v -1.796976 9.142951 -1.895250
v -1.817798 9.150661 -1.915354
v -1.833040 9.171721 -1.930072
v -2.187319 9.200491 -1.484724
v -2.180704 9.229261 -1.480677
v -2.162630 9.250321 -1.469620
v -2.137940 9.258031 -1.454516
v -2.113251 9.250321 -1.439411
v -2.095177 9.229261 -1.428355
v -2.088562 9.200491 -1.424307
v -2.095177 9.171721 -1.428355
v -2.113251 9.150661 -1.439411
v -2.137940 9.142951 -1.454516
v -2.162630 9.150661 -1.469620
v -2.180704 9.171721 -1.480677
v -2.430968 9.200491 -0.966660
v -2.423624 9.229261 -0.964161
v -2.403563 9.250321 -0.957331
v -2.376158 9.258031 -0.948001
v -2.348752 9.250321 -0.938671
v -2.328691 9.229261 -0.931841
v -2.321347 9.200491 -0.929341
v -2.328691 9.171721 -0.931841
v -2.348752 9.150661 -0.938671
v -2.376158 9.142951 -0.948001
v -2.403563 9.150661 -0.957331
v -2.423624 9.171721 -0.964161
v -2.555974 9.200491 -0.398773
v -2.548255 9.229261 -0.397980
v -2.527166 9.250321 -0.395816
v -2.498358 9.258031 -0.392859
v -2.469551 9.250321 -0.389902
v -2.448462 9.229261 -0.387737
v -2.440743 9.200491 -0.386945
v -2.448462 9.171721 -0.387737
v -2.469551 9.150661 -0.389902
v -2.498358 9.142951 -0.392859
v -2.527166 9.150661 -0.395816
v -2.548255 9.171721 -0.397980
v -2.548729 9.200491 0.201092
v -2.541031 9.229261 0.200110
v -2.520001 9.250321 0.197426
v -2.491273 9.258031 0.193759
v -2.462546 9.250321 0.190092
v -2.441515 9.229261 0.187408
v -2.433818 9.200491 0.186426
v -2.441515 9.171721 0.187408
v -2.462546 9.150661 0.190092
v -2.491273 9.142951 0.193759
v -2.520001 9.150661 0.197426
v -2.541031 9.171721 0.200110
v -2.405071 9.200491 0.783547
v -2.397799 9.229261 0.780841
v -2.377930 9.250321 0.773449
v -2.350788 9.258031 0.763351
v -2.323646 9.250321 0.753253
v -2.303777 9.229261 0.745861
v -2.296505 9.200491 0.743155
v -2.303777 9.171721 0.745861
v -2.323646 9.150661 0.753253
v -2.350788 9.142951 0.763351
v -2.377930 9.150661 0.773449
v -2.397799 9.171721 0.780841
v -2.141434 9.200491 1.301831
v -2.134954 9.229261 1.297567
v -2.117251 9.250321 1.285917
v -2.093068 9.258031 1.270003
v -2.068885 9.250321 1.254088
v -2.051181 9.229261 1.242439
v -2.044702 9.200491 1.238174
v -2.051181 9.171721 1.242439
v -2.068885 9.150661 1.254088
v -2.093068 9.142951 1.270003
v -2.117251 9.150661 1.285917
v -2.134954 9.171721 1.297567
v -1.775473 9.200491 1.742088
v -1.770086 9.229261 1.736509
v -1.755368 9.250321 1.721267
v -1.735264 9.258031 1.700445
v -1.715160 9.250321 1.679624
v -1.700443 9.229261 1.664382
v -1.695056 9.200491 1.658803
v -1.700443 9.171721 1.664382
v -1.715160 9.150661 1.679624
v -1.735264 9.142951 1.700445
v -1.755368 9.150661 1.721267
v -1.770086 9.171721 1.736509
v -1.324738 9.200491 2.090788
v -1.320691 9.229261 2.084173
v -1.309634 9.250321 2.066099
v -1.294530 9.258031 2.041410
v -1.279425 9.250321 2.016720
v -1.268368 9.229261 1.998646
v -1.264321 9.200491 1.992031
v -1.268368 9.171721 1.998646
v -1.279425 9.150661 2.016720
v -1.294530 9.142951 2.041410
v -1.309634 9.150661 2.066099
v -1.320691 9.171721 2.084173
v -0.806675 9.200491 2.334437
v -0.804175 9.229261 2.327094
v -0.797345 9.250321 2.307032
v -0.788015 9.258031 2.279627
v -0.778685 9.250321 2.252222
v -0.771855 9.229261 2.232160
v -0.769356 9.200491 2.224816
v -0.771855 9.171721 2.232160
v -0.778685 9.150661 2.252222
v -0.788015 9.142951 2.279627
v -0.797345 9.150661 2.307032
v -0.804175 9.171721 2.327094
v -0.238787 9.200491 2.459443
v -0.237995 9.229261 2.451724
v -0.235830 9.250321 2.430635
v -0.232873 9.258031 2.401828
v -0.229916 9.250321 2.373020
v -0.227751 9.229261 2.351931
v -0.226959 9.200491 2.344212
v -0.227751 9.171721 2.351931
v -0.229916 9.150661 2.373020
v -0.232873 9.142951 2.401828
v -0.235830 9.150661 2.430635
v -0.237995 9.171721 2.451724
v 0.361078 9.200491 2.452198
v 0.360096 9.229261 2.444500
v 0.357412 9.250321 2.423470
v 0.353745 9.258031 2.394743
v 0.350078 9.250321 2.366015
v 0.347394 9.229261 2.344985
v 0.346412 9.200491 2.337287
v 0.347394 9.171721 2.344985
v 0.350078 9.150661 2.366015
v 0.353745 9.142951 2.394743
v 0.357412 9.150661 2.423470
v 0.360096 9.171721 2.444500
v 0.943533 9.200491 2.308540
v 0.940827 9.229261 2.301268
v 0.933435 9.250321 2.281399
v 0.923337 9.258031 2.254257
v 0.913239 9.250321 2.227116
v 0.905847 9.229261 2.207247
v 0.903141 9.200491 2.199974
v 0.905847 9.171721 2.207247
v 0.913239 9.150661 2.227116
v 0.923337 9.142951 2.254257
v 0.933435 9.150661 2.281399
v 0.940827 9.171721 2.301268
v 1.461817 9.200491 2.044904
v 1.457553 9.229261 2.038423
v 1.445903 9.250321 2.020720
v 1.429989 9.258031 1.996537
v 1.414075 9.250321 1.972354
v 1.402425 9.229261 1.954651
v 1.398160 9.200491 1.948171
v 1.402425 9.171721 1.954651
v 1.414075 9.150661 1.972354
v 1.429989 9.142951 1.996537
v 1.445903 9.150661 2.020720
v 1.457553 9.171721 2.038423
v 1.902074 9.200491 1.678941
v 1.896495 9.229261 1.673555
v 1.881253 9.250321 1.658837
v 1.860431 9.258031 1.638733
v 1.839610 9.250321 1.618629
v 1.824367 9.229261 1.603912
v 1.818789 9.200491 1.598525
v 1.824367 9.171721 1.603912
v 1.839610 9.150661 1.618629
v 1.860431 9.142951 1.638733
v 1.881253 9.150661 1.658837
v 1.896495 9.171721 1.673555
v 2.250774 9.200491 1.228207
v 2.244159 9.229261 1.224160
v 2.226085 9.250321 1.213103
v 2.201396 9.258031 1.197999
v 2.176707 9.250321 1.182894
v 2.158633 9.229261 1.171837
v 2.152017 9.200491 1.167790
v 2.158633 9.171721 1.171837
v 2.176707 9.150661 1.182894
v 2.201396 9.142951 1.197999
v 2.226085 9.150661 1.213103
v 2.244159 9.171721 1.224160
v 2.494423 9.200491 0.710144
v 2.487080 9.229261 0.707644
v 2.467018 9.250321 0.700814
v 2.439613 9.258031 0.691484
v 2.412208 9.250321 0.682154
v 2.392146 9.229261 0.675324
v 2.384802 9.200491 0.672825
v 2.392146 9.171721 0.675324
v 2.412208 9.150661 0.682154
v 2.439613 9.142951 0.691484
v 2.467018 9.150661 0.700814
v 2.487080 9.171721 0.707644
v 2.619429 9.200491 0.142256
v 2.611710 9.229261 0.141464
v 2.590621 9.250321 0.139299
v 2.561814 9.258031 0.136342
v 2.533006 9.250321 0.133385
v 2.511917 9.229261 0.131220
v 2.504198 9.200491 0.130428
v 2.511917 9.171721 0.131220
v 2.533006 9.150661 0.133385
v 2.561814 9.142951 0.136342
v 2.590621 9.150661 0.139299
v 2.611710 9.171721 0.141464
v -2.439110 9.238218 -0.967569
v -2.448753 9.200491 -0.970576
v -2.439110 9.162764 -0.967569
v -2.412702 9.135036 -0.959342
v -2.376484 9.124743 -0.948073
v -2.340104 9.134747 -0.936767
v -2.313369 9.162473 -0.928468
v -2.303561 9.200491 -0.925426
v -2.313369 9.238509 -0.928468
v -2.340104 9.266235 -0.936767
v -2.376484 9.276239 -0.948073
v -2.412702 9.265945 -0.959342
v -2.573760 9.200491 -0.402688
v -2.563743 9.238214 -0.401390
v -2.536312 9.265942 -0.397829
v -2.498694 9.276239 -0.392933
v -2.460908 9.266239 -0.387999
v -2.433142 9.238513 -0.384365
v -2.422957 9.200491 -0.383029
v -2.433142 9.162469 -0.384365
v -2.460908 9.134743 -0.387999
v -2.498694 9.124743 -0.392933
v -2.536312 9.135040 -0.397829
v -2.563743 9.162766 -0.401390
v 2.502565 9.238218 0.711052
v 2.512209 9.200491 0.714059
v 2.502565 9.162764 0.711052
v 2.476157 9.135036 0.702826
v 2.439939 9.124743 0.691556
v 2.403559 9.134747 0.680251
v 2.376824 9.162473 0.671952
v 2.367017 9.200491 0.668909
v 2.376824 9.238509 0.671952
v 2.403559 9.266235 0.680251
v 2.439939 9.276239 0.691556
v 2.476157 9.265945 0.702826
v 2.637215 9.200491 0.146171
v 2.627198 9.238214 0.144873
v 2.599767 9.265942 0.141312
v 2.562149 9.276239 0.136416
v 2.524364 9.266239 0.131482
v 2.496597 9.238513 0.127848
v 2.486412 9.200491 0.126513
v 2.496597 9.162469 0.127848
v 2.524364 9.134743 0.131482
v 2.562149 9.124743 0.136416
v 2.599767 9.135040 0.141312
v 2.627198 9.162766 0.144873
v -1.327438 9.238222 2.098520
v -1.332489 9.200491 2.107268
v -1.327438 9.162760 2.098520
v -1.313614 9.135034 2.074563
v -1.294669 9.124742 2.041707
v -1.275655 9.134749 2.008702
v -1.261691 9.162476 1.984448
v -1.256571 9.200491 1.975551
v -1.261691 9.238506 1.984448
v -1.275655 9.266232 2.008702
v -1.294669 9.276239 2.041707
v -1.313614 9.265948 2.074563
v -0.814425 9.200491 2.350917
v -0.810923 9.238218 2.341442
v -0.801328 9.265945 2.315500
v -0.788157 9.276239 2.279929
v -0.774916 9.266235 2.244208
v -0.765178 9.238509 2.217963
v -0.761605 9.200491 2.208336
v -0.765178 9.162473 2.217963
v -0.774916 9.134747 2.244208
v -0.788157 9.124743 2.279929
v -0.801327 9.135036 2.315500
v -0.810923 9.162764 2.341442
v 1.390893 9.238222 -2.355037
v 1.395944 9.200491 -2.363785
v 1.390893 9.162760 -2.355037
v 1.377069 9.135034 -2.331080
v 1.358124 9.124742 -2.298224
v 1.339110 9.134749 -2.265219
v 1.325146 9.162476 -2.240965
v 1.320026 9.200491 -2.232068
v 1.325146 9.238506 -2.240965
v 1.339110 9.266232 -2.265219
v 1.358124 9.276239 -2.298224
v 1.377069 9.265948 -2.331080
v 0.877881 9.200491 -2.607434
v 0.874378 9.238218 -2.597959
v 0.864783 9.265945 -2.572017
v 0.851613 9.276239 -2.536447
v 0.838372 9.266235 -2.500725
v 0.828634 9.238509 -2.474480
v 0.825060 9.200491 -2.464854
v 0.828634 9.162473 -2.474480
v 0.838372 9.134747 -2.500725
v 0.851613 9.124743 -2.536447
v 0.864783 9.135036 -2.572017
v 0.874378 9.162764 -2.597959
v 1.031144 9.182856 -2.269151
v 1.064183 9.182856 -2.250076
v 1.077374 9.182651 -2.355478
v 1.110413 9.182651 -2.336403
v 1.031144 9.215556 -2.269151
v 1.064183 9.215556 -2.250076
v 1.077374 9.215351 -2.355478
v 1.110413 9.215351 -2.336403
v 1.055066 9.191918 -2.309915
v 1.079813 9.191918 -2.295079
v 1.079813 9.222000 -2.295079
v 1.055066 9.222000 -2.309915
v 1.045332 9.193311 -2.290057
v 1.071864 9.222867 -2.273949
v 1.071864 9.193311 -2.273949
v 1.045332 9.222867 -2.290057
v 1.095614 9.190608 -2.315605
v 1.066762 9.219165 -2.332263
v 1.066762 9.190608 -2.332263
v 1.095614 9.219165 -2.315605
v -2.281810 9.182856 -0.654582
v -2.269636 9.182856 -0.690738
v -2.375568 9.182651 -0.682849
v -2.363394 9.182651 -0.719005
v -2.281810 9.215556 -0.654582
v -2.269636 9.215556 -0.690738
v -2.375568 9.215351 -0.682849
v -2.363394 9.215351 -0.719005
v -2.326496 9.191918 -0.669981
v -2.316841 9.191918 -0.697171
v -2.316841 9.222000 -0.697171
v -2.326496 9.222000 -0.669981
v -2.305106 9.193311 -0.664361
v -2.294556 9.222867 -0.693553
v -2.294556 9.193311 -0.693553
v -2.305106 9.222867 -0.664361
v -2.340083 9.190608 -0.708606
v -2.350713 9.219165 -0.677032
v -2.350713 9.190608 -0.677032
v -2.340083 9.219165 -0.708606
v -0.957910 9.182856 2.058409
v -0.990968 9.182856 2.039368
v -1.004051 9.182651 2.144784
v -1.037110 9.182651 2.125742
v -0.957910 9.215556 2.058409
v -0.990968 9.215556 2.039368
v -1.004051 9.215351 2.144784
v -1.037110 9.215351 2.125742
v -0.981791 9.191918 2.099197
v -1.006553 9.191918 2.084387
v -1.006553 9.222000 2.084387
v -0.981791 9.222000 2.099197
v -0.972077 9.193311 2.079330
v -0.998626 9.222867 2.063248
v -0.998626 9.193311 2.063248
v -0.972077 9.222867 2.079330
v -1.022333 9.190608 2.104929
v -0.993463 9.219165 2.121557
v -0.993463 9.190608 2.121557
v -1.022333 9.219165 2.104929
v 2.366330 9.182856 0.382275
v 2.355103 9.182856 0.418736
v 2.460793 9.182651 0.408090
v 2.449565 9.182651 0.444551
v 2.366330 9.215556 0.382275
v 2.355103 9.215556 0.418736
v 2.460793 9.215351 0.408090
v 2.449565 9.215351 0.444551
v 2.411402 9.191918 0.396505
v 2.402458 9.191918 0.423937
v 2.402458 9.222000 0.423937
v 2.411402 9.222000 0.396505
v 2.389873 9.193311 0.391444
v 2.380087 9.222867 0.420900
v 2.380087 9.193311 0.420900
v 2.389873 9.222867 0.391444
v 2.425991 9.190608 0.434762
v 2.435795 9.219165 0.402922
v 2.435795 9.190608 0.402922
v 2.425991 9.219165 0.434762
v 2.119465 6.435992 -0.350131
v 2.119465 4.707653 -0.350131
v 1.706378 6.435992 -1.485080
v 1.706377 4.707653 -1.485080
v 2.412879 6.435992 -0.456925
v 2.412879 4.707653 -0.456925
v 1.999791 6.435992 -1.591874
v 1.999791 4.707653 -1.591874
v 2.583954 6.263617 -0.647380
v 2.583954 4.880028 -0.647380
v 2.253265 4.880028 -1.555942
v 2.253265 6.263617 -1.555942
v 2.535368 6.121560 -0.780870
v 2.535368 5.022084 -0.780870
v 2.301851 5.022084 -1.422453
v 2.301851 6.121560 -1.422453
v 2.512694 6.121560 -0.772617
v 2.512694 5.022084 -0.772617
v 2.279177 5.022084 -1.414200
v 2.279177 6.121560 -1.414200
vn 1.0000 -0.0000 -0.0000
vn 0.9397 -0.0000 -0.3420
vn 0.7660 -0.0000 -0.6428
vn 0.5000 -0.0000 -0.8660
vn 0.1736 -0.0000 -0.9848
vn -0.1736 -0.0000 -0.9848
vn -0.5000 -0.0000 -0.8660
vn -0.7660 -0.0000 -0.6428
vn -0.9397 -0.0000 -0.3420
vn -1.0000 -0.0000 -0.0000
vn -0.9397 -0.0000 0.3420
vn -0.7660 -0.0000 0.6428
vn -0.5000 -0.0000 0.8660
vn -0.1736 -0.0000 0.9848
vn 0.1736 -0.0000 0.9848
vn 0.5000 -0.0000 0.8660
vn 0.7660 -0.0000 0.6428
vn 0.9397 -0.0000 0.3420
vn -0.0000 1.0000 -0.0000
vn 0.9848 -0.0000 -0.1736
vn 0.8660 -0.0000 -0.5000
vn 0.6428 -0.0000 -0.7660
vn 0.3420 -0.0000 -0.9397
vn -0.0000 -0.0000 -1.0000
vn -0.3420 -0.0000 -0.9397
vn -0.6428 -0.0000 -0.7660
vn -0.8660 -0.0000 -0.5000
vn -0.9848 -0.0000 -0.1736
vn -0.9848 -0.0000 0.1736
vn -0.8660 -0.0000 0.5000
vn -0.6428 -0.0000 0.7660
vn -0.3420 -0.0000 0.9397
vn -0.0000 -0.0000 1.0000
vn 0.3420 -0.0000 0.9397
vn 0.6428 -0.0000 0.7660
vn 0.8660 -0.0000 0.5000
vn 0.9848 -0.0000 0.1736
vn -0.0000 -1.0000 -0.0000
vn -0.9995 -0.0000 0.0304
vn -0.9288 -0.0000 0.3705
vn -0.7461 -0.0000 0.6658
vn -0.4734 -0.0000 0.8808
vn -0.1436 -0.0000 0.9896
vn 0.2035 -0.0000 0.9791
vn 0.5261 -0.0000 0.8504
vn 0.7853 -0.0000 0.6192
vn 0.9497 -0.0000 0.3132
vn 0.9497 -0.0000 0.3133
vn 0.9995 -0.0000 -0.0305
vn 0.9995 -0.0000 -0.0304
vn 0.9288 -0.0000 -0.3705
vn 0.9289 -0.0000 -0.3705
vn 0.7461 -0.0000 -0.6658
vn 0.4734 -0.0000 -0.8808
vn 0.1436 -0.0000 -0.9896
vn -0.2035 -0.0000 -0.9791
vn -0.5261 -0.0000 -0.8504
vn -0.7853 -0.0000 -0.6192
vn -0.9497 -0.0000 -0.3133
vn -0.9497 -0.0000 -0.3132
vn 0.8068 0.5088 -0.3002
vn 0.8539 0.5088 -0.1090
vn 0.9920 -0.0000 -0.1266
vn 0.9372 -0.0000 -0.3487
vn 0.4627 0.8697 -0.1721
vn 0.4897 0.8696 -0.0625
vn 0.0171 0.9998 -0.0064
vn 0.0182 0.9998 -0.0023
vn -0.4383 0.8839 0.1631
vn -0.4638 0.8840 0.0592
vn -0.7994 0.5220 0.2974
vn -0.8460 0.5221 0.1080
vn -0.9372 -0.0000 0.3487
vn -0.9920 -0.0000 0.1266
vn -0.7994 -0.5220 0.2974
vn -0.8460 -0.5221 0.1080
vn -0.4383 -0.8839 0.1631
vn -0.4638 -0.8840 0.0592
vn 0.0171 -0.9998 -0.0064
vn 0.0182 -0.9998 -0.0023
vn 0.4627 -0.8697 -0.1721
vn 0.4897 -0.8696 -0.0625
vn 0.8068 -0.5088 -0.3002
vn 0.8539 -0.5088 -0.1090
vn 0.7191 0.5089 -0.4732
vn 0.8353 -0.0000 -0.5497
vn 0.4122 0.8698 -0.2713
vn 0.0148 0.9998 -0.0098
vn -0.3910 0.8837 0.2573
vn -0.7126 0.5218 0.4690
vn -0.8353 -0.0000 0.5497
vn -0.7126 -0.5218 0.4690
vn -0.3910 -0.8837 0.2573
vn 0.0148 -0.9998 -0.0098
vn 0.4122 -0.8698 -0.2713
vn 0.7191 -0.5089 -0.4732
vn 0.5979 0.5089 -0.6193
vn 0.6946 -0.0000 -0.7194
vn 0.3426 0.8699 -0.3549
vn 0.0121 0.9998 -0.0125
vn -0.3253 0.8835 0.3369
vn -0.5926 0.5216 0.6138
vn -0.6946 -0.0000 0.7194
vn -0.5926 -0.5216 0.6138
vn -0.3253 -0.8835 0.3369
vn 0.0121 -0.9998 -0.0125
vn 0.3426 -0.8699 -0.3549
vn 0.5979 -0.5089 -0.6193
vn 0.5275 0.5067 -0.6819
vn 0.6119 -0.0000 -0.7909
vn 0.3032 0.8686 -0.3919
vn 0.0107 0.9998 -0.0139
vn -0.2879 0.8824 0.3722
vn -0.5229 0.5193 0.6759
vn -0.6119 -0.0000 0.7909
vn -0.5229 -0.5193 0.6759
vn -0.2879 -0.8824 0.3722
vn 0.0107 -0.9998 -0.0139
vn 0.3032 -0.8686 -0.3919
vn 0.5275 -0.5067 -0.6819
vn 0.3670 0.5062 -0.7804
vn 0.3670 0.5064 -0.7803
vn 0.4256 -0.0000 -0.9049
vn 0.2110 0.8685 -0.4486
vn 0.2109 0.8686 -0.4484
vn 0.0074 0.9998 -0.0158
vn 0.0073 0.9999 -0.0155
vn -0.2001 0.8826 0.4254
vn -0.2002 0.8825 0.4256
vn -0.3636 0.5198 0.7731
vn -0.3636 0.5197 0.7731
vn -0.4110 0.2599 0.8738
vn -0.4110 -0.2599 0.8738
vn -0.2001 -0.8826 0.4254
vn -0.2002 -0.8825 0.4256
vn -0.3000 -0.7092 0.6380
vn -0.3000 -0.7092 0.6379
vn 0.0075 -0.9998 -0.0158
vn 0.0073 -0.9999 -0.0155
vn 0.2110 -0.8685 -0.4486
vn 0.2109 -0.8686 -0.4484
vn 0.3670 -0.5062 -0.7804
vn 0.3670 -0.5064 -0.7803
vn 0.0879 0.5088 -0.8564
vn 0.1854 0.5065 -0.8421
vn 0.2150 -0.0000 -0.9766
vn 0.1021 -0.0000 -0.9948
vn 0.0504 0.8697 -0.4911
vn 0.1066 0.8685 -0.4842
vn 0.0019 0.9998 -0.0181
vn 0.0038 0.9998 -0.0175
vn -0.0478 0.8839 0.4652
vn -0.1011 0.8825 0.4593
vn -0.0871 0.5221 0.8485
vn -0.1837 0.5194 0.8346
vn -0.1021 -0.0000 0.9948
vn -0.2150 -0.0000 0.9766
vn -0.0871 -0.5220 0.8485
vn -0.1837 -0.5194 0.8345
vn -0.0478 -0.8839 0.4652
vn -0.1011 -0.8825 0.4593
vn 0.0019 -0.9998 -0.0181
vn 0.0038 -0.9998 -0.0175
vn 0.0504 -0.8697 -0.4911
vn 0.1066 -0.8685 -0.4842
vn 0.0879 -0.5088 -0.8564
vn 0.1854 -0.5065 -0.8421
vn -0.1090 0.5088 -0.8539
vn -0.1266 -0.0000 -0.9920
vn -0.0625 0.8696 -0.4897
vn -0.0023 0.9998 -0.0182
vn 0.0592 0.8840 0.4638
vn 0.1080 0.5221 0.8460
vn 0.1266 -0.0000 0.9920
vn 0.1080 -0.5221 0.8460
vn 0.0592 -0.8840 0.4638
vn -0.0023 -0.9998 -0.0182
vn -0.0625 -0.8696 -0.4897
vn -0.1090 -0.5088 -0.8539
vn -0.3002 0.5088 -0.8068
vn -0.3487 -0.0000 -0.9372
vn -0.1721 0.8697 -0.4627
vn -0.0064 0.9998 -0.0171
vn 0.1631 0.8839 0.4383
vn 0.2974 0.5220 0.7994
vn 0.3487 -0.0000 0.9372
vn 0.2974 -0.5221 0.7994
vn 0.1631 -0.8839 0.4383
vn -0.0064 -0.9998 -0.0171
vn -0.1721 -0.8697 -0.4627
vn -0.3002 -0.5088 -0.8068
vn -0.4732 0.5089 -0.7191
vn -0.5497 -0.0000 -0.8353
vn -0.2712 0.8698 -0.4122
vn -0.0098 0.9998 -0.0148
vn 0.2573 0.8837 0.3910
vn 0.4690 0.5218 0.7126
vn 0.5497 -0.0000 0.8353
vn 0.4690 -0.5218 0.7126
vn 0.2573 -0.8837 0.3910
vn -0.0098 -0.9998 -0.0148
vn -0.2713 -0.8698 -0.4122
vn -0.4732 -0.5089 -0.7191
vn -0.6193 0.5089 -0.5979
vn -0.7194 -0.0000 -0.6946
vn -0.3549 0.8699 -0.3426
vn -0.0125 0.9998 -0.0121
vn 0.3369 0.8835 0.3253
vn 0.6138 0.5216 0.5926
vn 0.7194 -0.0000 0.6946
vn 0.6138 -0.5216 0.5926
vn 0.3369 -0.8835 0.3253
vn -0.0125 -0.9998 -0.0121
vn -0.3549 -0.8699 -0.3426
vn -0.6193 -0.5089 -0.5979
vn -0.7343 0.5089 -0.4492
vn -0.8530 -0.0000 -0.5219
vn -0.4208 0.8699 -0.2574
vn -0.0149 0.9998 -0.0091
vn 0.3995 0.8835 0.2444
vn 0.7278 0.5216 0.4453
vn 0.8530 -0.0000 0.5219
vn 0.7278 -0.5216 0.4453
vn 0.3995 -0.8835 0.2444
vn -0.0149 -0.9998 -0.0091
vn -0.4208 -0.8699 -0.2574
vn -0.7343 -0.5089 -0.4492
vn -0.7802 0.5065 -0.3669
vn -0.9049 -0.0000 -0.4256
vn -0.4486 0.8685 -0.2110
vn -0.0162 0.9998 -0.0076
vn 0.4256 0.8825 0.2002
vn 0.7733 0.5194 0.3637
vn 0.9049 -0.0000 0.4256
vn 0.7733 -0.5194 0.3637
vn 0.4256 -0.8825 0.2002
vn -0.0162 -0.9998 -0.0076
vn -0.4486 -0.8685 -0.2110
vn -0.7802 -0.5065 -0.3669
vn -0.9436 0.2577 -0.2077
vn -0.9436 0.2578 -0.2077
vn -0.6927 0.7049 -0.1525
vn -0.6927 0.7050 -0.1525
vn -0.2568 0.9648 -0.0565
vn -0.2567 0.9648 -0.0565
vn 0.2488 0.9670 0.0548
vn 0.2489 0.9670 0.0548
vn 0.6884 0.7093 0.1515
vn 0.6885 0.7092 0.1516
vn 0.9431 0.2599 0.2076
vn 0.9431 -0.2599 0.2076
vn 0.6884 -0.7093 0.1515
vn 0.6885 -0.7092 0.1516
vn 0.2488 -0.9670 0.0548
vn 0.2489 -0.9670 0.0548
vn -0.2568 -0.9648 -0.0565
vn -0.2567 -0.9648 -0.0565
vn -0.6927 -0.7049 -0.1525
vn -0.6927 -0.7050 -0.1525
vn -0.9436 -0.2577 -0.2077
vn -0.9436 -0.2578 -0.2077
vn -0.8539 0.5088 0.1090
vn -0.8623 0.5064 0.0104
vn -0.9999 -0.0000 0.0121
vn -0.4897 0.8696 0.0625
vn -0.4961 0.8683 0.0060
vn -0.0182 0.9998 0.0023
vn -0.0183 0.9998 0.0002
vn 0.4638 0.8840 -0.0592
vn 0.4700 0.8827 -0.0057
vn 0.7936 0.5931 -0.1355
vn 0.7071 0.7071 -0.0085
vn 0.9659 0.2588 -0.0117
vn 0.8460 -0.5221 -0.1080
vn 0.8544 -0.5196 -0.0103
vn 0.9659 -0.2588 -0.0117
vn 0.9824 -0.0895 -0.1640
vn 0.4638 -0.8840 -0.0592
vn 0.4700 -0.8827 -0.0057
vn -0.0181 -0.9998 0.0023
vn -0.0183 -0.9998 0.0002
vn -0.4897 -0.8696 0.0625
vn -0.4961 -0.8683 0.0060
vn -0.8539 -0.5088 0.1090
vn -0.8623 -0.5064 0.0104
vn -0.8068 0.5088 0.3002
vn -0.4627 0.8697 0.1721
vn -0.0171 0.9998 0.0064
vn 0.4383 0.8839 -0.1631
vn 0.7994 0.5220 -0.2974
vn 0.7994 -0.5220 -0.2974
vn 0.4383 -0.8839 -0.1631
vn -0.0171 -0.9998 0.0064
vn -0.4627 -0.8697 0.1721
vn -0.8068 -0.5088 0.3002
vn -0.7191 0.5089 0.4732
vn -0.4122 0.8698 0.2713
vn -0.0148 0.9998 0.0098
vn 0.3910 0.8837 -0.2573
vn 0.7126 0.5218 -0.4690
vn 0.7126 -0.5218 -0.4690
vn 0.3910 -0.8837 -0.2573
vn -0.0148 -0.9998 0.0098
vn -0.4122 -0.8698 0.2713
vn -0.7191 -0.5089 0.4732
vn -0.5979 0.5089 0.6193
vn -0.3426 0.8699 0.3549
vn -0.0121 0.9998 0.0125
vn 0.3253 0.8835 -0.3369
vn 0.5926 0.5216 -0.6138
vn 0.5926 -0.5216 -0.6138
vn 0.3253 -0.8835 -0.3369
vn -0.0121 -0.9998 0.0125
vn -0.3426 -0.8699 0.3549
vn -0.5979 -0.5089 0.6193
vn -0.5275 0.5067 0.6819
vn -0.3032 0.8686 0.3919
vn -0.0107 0.9998 0.0139
vn 0.2879 0.8824 -0.3722
vn 0.5229 0.5193 -0.6759
vn 0.5229 -0.5193 -0.6759
vn 0.2879 -0.8824 -0.3722
vn -0.0107 -0.9998 0.0139
vn -0.3032 -0.8686 0.3919
vn -0.5275 -0.5067 0.6819
vn -0.4112 0.2577 0.8743
vn -0.4112 0.2578 0.8743
vn -0.2110 0.8685 0.4486
vn -0.2109 0.8686 0.4484
vn -0.3018 0.7050 0.6418
vn -0.0074 0.9998 0.0158
vn -0.0073 0.9999 0.0155
vn 0.2001 0.8826 -0.4254
vn 0.2002 0.8825 -0.4256
vn 0.3636 0.5198 -0.7731
vn 0.3636 0.5197 -0.7731
vn 0.3636 -0.5198 -0.7731
vn 0.3636 -0.5197 -0.7731
vn 0.2001 -0.8826 -0.4254
vn 0.2002 -0.8825 -0.4256
vn -0.0075 -0.9998 0.0158
vn -0.0073 -0.9999 0.0155
vn -0.2110 -0.8685 0.4486
vn -0.2109 -0.8686 0.4484
vn -0.3670 -0.5062 0.7804
vn -0.3670 -0.5064 0.7803
vn -0.4112 -0.2578 0.8743
vn -0.0879 0.5088 0.8564
vn -0.1854 0.5066 0.8421
vn -0.0504 0.8697 0.4911
vn -0.1066 0.8685 0.4842
vn -0.0019 0.9998 0.0181
vn -0.0038 0.9998 0.0175
vn 0.0478 0.8839 -0.4652
vn 0.1011 0.8825 -0.4593
vn 0.0871 0.5220 -0.8485
vn 0.1837 0.5194 -0.8345
vn 0.0871 -0.5220 -0.8485
vn 0.1837 -0.5194 -0.8345
vn 0.0478 -0.8839 -0.4652
vn 0.1011 -0.8825 -0.4593
vn -0.0019 -0.9998 0.0181
vn -0.0038 -0.9998 0.0175
vn -0.0504 -0.8697 0.4911
vn -0.1066 -0.8685 0.4842
vn -0.0879 -0.5088 0.8564
vn -0.1854 -0.5065 0.8421
vn 0.1090 0.5088 0.8539
vn 0.0625 0.8696 0.4897
vn 0.0023 0.9998 0.0182
vn -0.0592 0.8840 -0.4638
vn -0.1080 0.5221 -0.8460
vn -0.1080 -0.5221 -0.8460
vn -0.0592 -0.8840 -0.4638
vn 0.0023 -0.9998 0.0182
vn 0.0625 -0.8696 0.4897
vn 0.1090 -0.5088 0.8539
vn 0.3002 0.5088 0.8068
vn 0.1721 0.8697 0.4627
vn 0.0064 0.9998 0.0171
vn -0.1631 0.8839 -0.4383
vn -0.2974 0.5220 -0.7994
vn -0.2974 -0.5221 -0.7994
vn -0.1631 -0.8839 -0.4383
vn 0.0064 -0.9998 0.0171
vn 0.1721 -0.8697 0.4627
vn 0.3002 -0.5088 0.8068
vn 0.4732 0.5089 0.7191
vn 0.2713 0.8698 0.4122
vn 0.0098 0.9998 0.0148
vn -0.2573 0.8837 -0.3910
vn -0.4690 0.5218 -0.7126
vn -0.5497 -0.0000 -0.8354
vn -0.4690 -0.5218 -0.7126
vn -0.2573 -0.8837 -0.3910
vn 0.0098 -0.9998 0.0148
vn 0.2713 -0.8698 0.4122
vn 0.4732 -0.5089 0.7191
vn 0.6193 0.5089 0.5979
vn 0.3549 0.8699 0.3426
vn 0.0125 0.9998 0.0121
vn -0.3369 0.8835 -0.3253
vn -0.6138 0.5216 -0.5926
vn -0.6138 -0.5216 -0.5926
vn -0.3369 -0.8835 -0.3253
vn 0.0125 -0.9998 0.0121
vn 0.3549 -0.8699 0.3426
vn 0.6193 -0.5089 0.5979
vn 0.7343 0.5089 0.4492
vn 0.4208 0.8699 0.2574
vn 0.0149 0.9998 0.0091
vn -0.3995 0.8835 -0.2444
vn -0.7278 0.5216 -0.4453
vn -0.7278 -0.5216 -0.4453
vn -0.3995 -0.8835 -0.2444
vn 0.0149 -0.9998 0.0091
vn 0.4208 -0.8699 0.2574
vn 0.7343 -0.5089 0.4492
vn 0.7802 0.5065 0.3669
vn 0.4486 0.8685 0.2110
vn 0.0162 0.9998 0.0076
vn -0.4256 0.8825 -0.2002
vn -0.7733 0.5194 -0.3637
vn -0.7733 -0.5194 -0.3637
vn -0.4256 -0.8825 -0.2002
vn 0.0162 -0.9998 0.0076
vn 0.4486 -0.8685 0.2110
vn 0.7802 -0.5065 0.3670
vn 0.9436 0.2577 0.2077
vn 0.6927 0.7049 0.1525
vn 0.6927 0.7050 0.1525
vn 0.2567 0.9648 0.0565
vn 0.2568 0.9648 0.0565
vn -0.2488 0.9670 -0.0548
vn -0.2489 0.9670 -0.0548
vn -0.6884 0.7093 -0.1515
vn -0.6885 0.7092 -0.1516
vn -0.9431 0.2599 -0.2076
vn -0.9431 -0.2599 -0.2076
vn -0.6884 -0.7093 -0.1515
vn -0.6885 -0.7092 -0.1516
vn -0.2488 -0.9670 -0.0548
vn -0.2489 -0.9670 -0.0548
vn 0.2568 -0.9648 0.0565
vn 0.2567 -0.9648 0.0565
vn 0.6927 -0.7049 0.1525
vn 0.6927 -0.7050 0.1525
vn 0.9436 -0.2577 0.2077
vn 0.9436 -0.2578 0.2077
vn 0.8623 0.5064 -0.0104
vn 0.9999 -0.0000 -0.0121
vn 0.4961 0.8683 -0.0060
vn 0.0183 0.9998 -0.0002
vn -0.4700 0.8827 0.0057
vn -0.8544 0.5196 0.0103
vn -0.8544 -0.5196 0.0103
vn -0.4700 -0.8827 0.0057
vn 0.0183 -0.9998 -0.0002
vn 0.4961 -0.8683 -0.0060
vn 0.8623 -0.5064 -0.0104
vn 0.2173 0.0277 -0.9757
vn 0.2149 0.0300 -0.9762
vn 0.2240 0.0216 -0.9743
vn 0.2259 0.0199 -0.9740
vn 0.2292 -0.0260 -0.9730
vn 0.2149 -0.0229 -0.9764
vn 0.2824 -0.0418 -0.9584
vn 0.2851 -0.0434 -0.9575
vn 0.2829 -0.0421 -0.9582
vn 0.2445 -0.0543 -0.9681
vn 0.3218 -0.0020 -0.9468
vn 0.2855 -0.0437 -0.9574
vn 0.3082 0.0539 -0.9498
vn 0.2972 -0.0016 -0.9548
vn 0.2547 0.0702 -0.9645
vn 0.2676 0.0302 -0.9631
vn 0.2174 0.0277 -0.9757
vn 0.2243 0.0214 -0.9743
vn 0.2262 0.0196 -0.9739
vn 0.2298 -0.0259 -0.9729
vn 0.2149 -0.0227 -0.9764
vn 0.2842 -0.0399 -0.9579
vn 0.2860 -0.0409 -0.9574
vn 0.2846 -0.0401 -0.9578
vn 0.2452 -0.0533 -0.9680
vn 0.3228 0.0021 -0.9465
vn 0.2862 -0.0410 -0.9573
vn 0.3072 0.0574 -0.9499
vn 0.2967 0.0016 -0.9550
vn 0.2536 0.0713 -0.9647
vn 0.2666 0.0319 -0.9633
vn -0.2001 0.0267 0.9794
vn -0.2149 0.0235 0.9763
vn -0.1443 0.0429 0.9886
vn -0.1415 0.0446 0.9889
vn -0.1438 0.0432 0.9887
vn -0.1838 0.0558 0.9814
vn -0.1027 0.0021 0.9947
vn -0.1410 0.0449 0.9890
vn -0.1166 -0.0552 0.9916
vn -0.1290 0.0016 0.9916
vn -0.1727 -0.0720 0.9823
vn -0.1601 -0.0310 0.9866
vn -0.2149 -0.0308 0.9762
vn -0.2033 -0.0201 0.9789
vn -0.1996 0.0266 0.9795
vn -0.2149 0.0233 0.9764
vn -0.1424 0.0409 0.9890
vn -0.1406 0.0419 0.9892
vn -0.1420 0.0411 0.9890
vn -0.1831 0.0547 0.9816
vn -0.1015 -0.0022 0.9948
vn -0.1403 0.0421 0.9892
vn -0.1175 -0.0590 0.9913
vn -0.1295 -0.0016 0.9916
vn -0.1739 -0.0732 0.9820
vn -0.1612 -0.0328 0.9864
vn -0.2124 -0.0285 0.9768
vn -0.2056 -0.0222 0.9784
vn -0.2037 -0.0204 0.9788
vn -0.2173 0.0277 0.9757
vn -0.2149 0.0300 0.9762
vn -0.2240 0.0216 0.9744
vn -0.2259 0.0199 0.9740
vn -0.2292 -0.0260 0.9730
vn -0.2149 -0.0229 0.9764
vn -0.2824 -0.0418 0.9584
vn -0.2851 -0.0435 0.9575
vn -0.2829 -0.0421 0.9582
vn -0.2445 -0.0543 0.9681
vn -0.3218 -0.0020 0.9468
vn -0.2855 -0.0437 0.9574
vn -0.3082 0.0539 0.9498
vn -0.2971 -0.0016 0.9548
vn -0.2547 0.0702 0.9645
vn -0.2676 0.0302 0.9631
vn -0.2174 0.0277 0.9757
vn -0.2243 0.0214 0.9743
vn -0.2262 0.0196 0.9739
vn -0.2298 -0.0259 0.9729
vn -0.2149 -0.0227 0.9764
vn -0.2842 -0.0399 0.9579
vn -0.2859 -0.0409 0.9574
vn -0.2846 -0.0401 0.9578
vn -0.2452 -0.0533 0.9680
vn -0.3228 0.0021 0.9465
vn -0.2862 -0.0410 0.9573
vn -0.3072 0.0574 0.9499
vn -0.2967 0.0016 0.9550
vn -0.2536 0.0713 0.9647
vn -0.2666 0.0319 0.9633
vn 0.2001 0.0267 -0.9794
vn 0.2149 0.0235 -0.9764
vn 0.1443 0.0429 -0.9886
vn 0.1414 0.0446 -0.9889
vn 0.1438 0.0433 -0.9887
vn 0.1838 0.0558 -0.9814
vn 0.1027 0.0021 -0.9947
vn 0.1410 0.0449 -0.9890
vn 0.1166 -0.0552 -0.9916
vn 0.1290 0.0016 -0.9916
vn 0.1727 -0.0720 -0.9823
vn 0.1601 -0.0310 -0.9866
vn 0.2149 -0.0308 -0.9762
vn 0.2033 -0.0201 -0.9789
vn 0.1996 0.0266 -0.9795
vn 0.2149 0.0233 -0.9764
vn 0.1424 0.0409 -0.9890
vn 0.1406 0.0419 -0.9892
vn 0.1420 0.0411 -0.9890
vn 0.1831 0.0547 -0.9816
vn 0.1015 -0.0022 -0.9948
vn 0.1403 0.0421 -0.9892
vn 0.1175 -0.0590 -0.9913
vn 0.1295 -0.0016 -0.9916
vn 0.1739 -0.0732 -0.9820
vn 0.1612 -0.0328 -0.9864
vn 0.2124 -0.0285 -0.9768
vn 0.2056 -0.0222 -0.9784
vn 0.2037 -0.0204 -0.9788
vn -0.9035 0.0272 -0.4276
vn -0.9045 0.0294 -0.4254
vn -0.9008 0.0212 -0.4337
vn -0.9000 0.0195 -0.4355
vn -0.8984 -0.0256 -0.4385
vn -0.9047 -0.0224 -0.4255
vn -0.8729 -0.0410 -0.4862
vn -0.8715 -0.0426 -0.4886
vn -0.8726 -0.0413 -0.4867
vn -0.8904 -0.0533 -0.4521
vn -0.8533 -0.0020 -0.5214
vn -0.8713 -0.0429 -0.4889
vn -0.8591 0.0529 -0.5091
vn -0.8663 -0.0015 -0.4995
vn -0.8847 0.0689 -0.4610
vn -0.8805 0.0297 -0.4730
vn -0.9035 0.0271 -0.4277
vn -0.9007 0.0210 -0.4340
vn -0.8999 0.0192 -0.4357
vn -0.8981 -0.0254 -0.4390
vn -0.9047 -0.0223 -0.4255
vn -0.8720 -0.0392 -0.4878
vn -0.8712 -0.0401 -0.4894
vn -0.8719 -0.0393 -0.4881
vn -0.8901 -0.0523 -0.4527
vn -0.8527 0.0020 -0.5223
vn -0.8710 -0.0403 -0.4896
vn -0.8594 0.0563 -0.5082
vn -0.8665 0.0015 -0.4992
vn -0.8852 0.0700 -0.4600
vn -0.8810 0.0313 -0.4721
vn 0.9108 0.0260 0.4121
vn 0.9047 0.0229 0.4255
vn 0.9316 0.0418 0.3610
vn 0.9326 0.0434 0.3584
vn 0.9318 0.0421 0.3606
vn 0.9162 0.0543 0.3970
vn 0.9465 0.0020 0.3228
vn 0.9327 0.0437 0.3580
vn 0.9405 -0.0539 0.3354
vn 0.9378 0.0016 0.3472
vn 0.9195 -0.0702 0.3867
vn 0.9263 -0.0302 0.3756
vn 0.9056 -0.0277 0.4231
vn 0.9045 -0.0300 0.4254
vn 0.9087 -0.0214 0.4168
vn 0.9096 -0.0196 0.4150
vn 0.9110 0.0259 0.4116
vn 0.9047 0.0227 0.4255
vn 0.9324 0.0399 0.3593
vn 0.9330 0.0409 0.3576
vn 0.9325 0.0401 0.3590
vn 0.9166 0.0533 0.3964
vn 0.9468 -0.0020 0.3218
vn 0.9331 0.0410 0.3574
vn 0.9400 -0.0574 0.3362
vn 0.9376 -0.0016 0.3476
vn 0.9190 -0.0713 0.3877
vn 0.9258 -0.0319 0.3766
vn 0.9056 -0.0277 0.4232
vn 0.9086 -0.0216 0.4171
vn 0.9095 -0.0199 0.4153
vn 0.9035 0.0272 0.4276
vn 0.9045 0.0294 0.4254
vn 0.9008 0.0212 0.4337
vn 0.9000 0.0195 0.4355
vn 0.8984 -0.0256 0.4385
vn 0.9047 -0.0224 0.4255
vn 0.8729 -0.0410 0.4862
vn 0.8715 -0.0426 0.4886
vn 0.8726 -0.0413 0.4867
vn 0.8904 -0.0533 0.4521
vn 0.8533 -0.0019 0.5214
vn 0.8713 -0.0429 0.4889
vn 0.8591 0.0529 0.5091
vn 0.8663 -0.0015 0.4995
vn 0.8847 0.0689 0.4610
vn 0.8805 0.0297 0.4730
vn 0.9035 0.0271 0.4277
vn 0.9007 0.0210 0.4340
vn 0.8999 0.0192 0.4357
vn 0.8981 -0.0254 0.4390
vn 0.9047 -0.0223 0.4255
vn 0.8720 -0.0392 0.4878
vn 0.8712 -0.0401 0.4894
vn 0.8719 -0.0393 0.4881
vn 0.8901 -0.0523 0.4527
vn 0.8528 0.0020 0.5223
vn 0.8710 -0.0403 0.4896
vn 0.8594 0.0563 0.5082
vn 0.8665 0.0015 0.4992
vn 0.8852 0.0700 0.4600
vn 0.8810 0.0313 0.4721
vn -0.9108 0.0260 -0.4121
vn -0.9047 0.0229 -0.4255
vn -0.9316 0.0418 -0.3610
vn -0.9326 0.0435 -0.3584
vn -0.9318 0.0421 -0.3605
vn -0.9162 0.0543 -0.3970
vn -0.9465 0.0020 -0.3228
vn -0.9327 0.0437 -0.3580
vn -0.9405 -0.0539 -0.3354
vn -0.9378 0.0015 -0.3472
vn -0.9195 -0.0702 -0.3867
vn -0.9263 -0.0302 -0.3756
vn -0.9056 -0.0277 -0.4231
vn -0.9045 -0.0300 -0.4254
vn -0.9088 -0.0213 -0.4168
vn -0.9096 -0.0196 -0.4150
vn -0.9110 0.0259 -0.4116
vn -0.9047 0.0227 -0.4255
vn -0.9324 0.0399 -0.3593
vn -0.9330 0.0409 -0.3576
vn -0.9325 0.0401 -0.3590
vn -0.9166 0.0533 -0.3964
vn -0.9468 -0.0020 -0.3218
vn -0.9331 0.0410 -0.3574
vn -0.9401 -0.0574 -0.3362
vn -0.9376 -0.0015 -0.3476
vn -0.9190 -0.0713 -0.3877
vn -0.9258 -0.0319 -0.3766
vn -0.9056 -0.0277 -0.4232
vn -0.9086 -0.0216 -0.4171
vn -0.9095 -0.0199 -0.4153
vn 0.0792 -0.9876 -0.1353
vn 0.0998 -0.9814 -0.1642
vn 0.1982 -0.9214 -0.3344
vn 0.1916 -0.9237 -0.3319
vn -0.1444 0.9591 0.2435
vn -0.0747 0.9896 0.1231
vn -0.0598 0.9930 0.1020
vn -0.1393 0.9604 0.2413
vn -0.1445 0.9591 0.2435
vn 0.9451 -0.0000 0.3267
vn 0.9433 -0.0000 0.3320
vn 0.9519 -0.0000 0.3063
vn -0.8997 -0.0000 -0.4366
vn -0.8967 -0.0000 -0.4426
vn -0.9095 -0.0000 -0.4157
vn -0.0899 -0.9838 0.1553
vn -0.0915 -0.9831 0.1585
vn -0.0292 -0.9984 0.0491
vn -0.0295 -0.9984 0.0490
vn 0.0658 0.9914 -0.1131
vn 0.0654 0.9914 -0.1133
vn 0.0389 0.9971 -0.0660
vn 0.0379 0.9973 -0.0631
vn 0.8702 -0.0000 0.4927
vn 0.8052 -0.0000 0.5930
vn 0.8025 -0.0000 0.5967
vn 0.8785 -0.0000 0.4778
vn -0.8917 -0.0000 -0.4525
vn -0.8608 -0.0000 -0.5090
vn -0.8689 -0.0000 -0.4949
vn -0.8924 -0.0000 -0.4512
vn -0.8274 -0.0000 -0.5616
vn -0.1494 -0.9543 0.2588
vn 0.0742 0.9889 -0.1286
vn 0.8052 -0.0000 0.5929
vn 0.8148 -0.0000 0.5798
vn -0.1483 -0.9876 -0.0510
vn -0.1807 -0.9814 -0.0654
vn -0.3670 -0.9214 -0.1283
vn -0.3632 -0.9236 -0.1223
vn 0.2672 0.9591 0.0935
vn 0.1355 0.9896 0.0490
vn 0.1118 0.9930 0.0385
vn 0.1119 0.9930 0.0385
vn 0.2640 0.9604 0.0889
vn 0.1335 -0.0000 -0.9910
vn 0.1392 -0.0000 -0.9903
vn 0.1122 -0.0000 -0.9937
vn -0.2503 -0.0000 0.9682
vn -0.2567 -0.0000 0.9665
vn -0.2279 -0.0000 0.9737
vn 0.1700 -0.9838 0.0575
vn 0.1734 -0.9831 0.0584
vn 0.0539 -0.9984 0.0189
vn 0.0538 -0.9984 0.0192
vn -0.1239 0.9914 -0.0422
vn -0.1240 0.9914 -0.0418
vn -0.0724 0.9971 -0.0251
vn -0.0694 0.9973 -0.0247
vn 0.3111 -0.0000 -0.9504
vn 0.4222 -0.0000 -0.9065
vn 0.4264 -0.0000 -0.9045
vn 0.2949 -0.0000 -0.9555
vn -0.2675 -0.0000 0.9636
vn -0.3290 -0.0000 0.9443
vn -0.3135 -0.0000 0.9496
vn -0.2660 -0.0000 0.9640
vn -0.3871 -0.0000 0.9221
vn 0.2832 -0.9543 0.0954
vn -0.1407 0.9889 -0.0474
vn 0.4074 -0.0000 -0.9132
vn -0.0791 -0.9876 0.1354
vn -0.0996 -0.9814 0.1643
vn -0.1979 -0.9214 0.3346
vn -0.1913 -0.9237 0.3321
vn 0.1442 0.9591 -0.2436
vn 0.0746 0.9896 -0.1232
vn 0.0597 0.9930 -0.1021
vn 0.1390 0.9604 -0.2414
vn -0.9455 -0.0000 -0.3257
vn -0.9436 -0.0000 -0.3311
vn -0.9522 -0.0000 -0.3053
vn 0.9001 -0.0000 0.4357
vn 0.8972 -0.0000 0.4416
vn 0.9099 -0.0000 0.4148
vn 0.0898 -0.9838 -0.1554
vn 0.0913 -0.9831 -0.1586
vn 0.0291 -0.9984 -0.0491
vn 0.0294 -0.9984 -0.0490
vn -0.0657 0.9914 0.1132
vn -0.0653 0.9914 0.1134
vn -0.0389 0.9971 0.0661
vn -0.0378 0.9973 0.0631
vn -0.8707 -0.0000 -0.4918
vn -0.8058 -0.0000 -0.5921
vn -0.8031 -0.0000 -0.5959
vn -0.8789 -0.0000 -0.4769
vn 0.8922 -0.0000 0.4516
vn 0.8613 -0.0000 0.5081
vn 0.8695 -0.0000 0.4940
vn 0.8929 -0.0000 0.4502
vn 0.8613 -0.0000 0.5082
vn 0.8280 -0.0000 0.5607
vn 0.1492 -0.9543 -0.2590
vn -0.0741 0.9889 0.1286
vn -0.8059 -0.0000 -0.5921
vn -0.8154 -0.0000 -0.5789
vn 0.1496 -0.9876 0.0471
vn 0.1823 -0.9814 0.0607
vn 0.3702 -0.9214 0.1187
vn 0.3663 -0.9237 0.1128
vn -0.2695 0.9591 -0.0865
vn -0.1367 0.9896 -0.0454
vn -0.1128 0.9930 -0.0356
vn -0.2663 0.9604 -0.0820
vn -0.1077 -0.0000 0.9942
vn -0.1133 -0.0000 0.9936
vn -0.0863 -0.0000 0.9963
vn 0.2250 -0.0000 -0.9744
vn 0.2315 -0.0000 -0.9728
vn 0.2024 -0.0000 -0.9793
vn 0.2025 -0.0000 -0.9793
vn -0.1714 -0.9838 -0.0530
vn -0.1749 -0.9831 -0.0539
vn -0.0543 -0.9984 -0.0175
vn -0.0543 -0.9984 -0.0178
vn 0.1249 0.9914 0.0389
vn 0.1251 0.9914 0.0385
vn 0.0730 0.9971 0.0232
vn 0.0700 0.9973 0.0229
vn -0.2862 -0.0000 0.9582
vn -0.3985 -0.0000 0.9172
vn -0.4027 -0.0000 0.9153
vn -0.2699 -0.0000 0.9629
vn 0.2423 -0.0000 -0.9702
vn 0.3042 -0.0000 -0.9526
vn 0.2887 -0.0000 -0.9574
vn 0.2408 -0.0000 -0.9706
vn 0.3043 -0.0000 -0.9526
vn 0.3629 -0.0000 -0.9318
vn -0.2856 -0.9543 -0.0880
vn 0.1419 0.9889 0.0437
vn -0.3984 -0.0000 0.9172
vn -0.3835 -0.0000 0.9235
vn -0.1899 -0.0000 0.9818
vn 0.1574 -0.0000 0.9875
vn 0.4856 -0.0000 0.8742
vn 0.7553 -0.0000 0.6553
vn 0.9339 -0.0000 0.3575
vn 0.9999 -0.0000 0.0165
vn 0.9452 -0.0000 -0.3265
vn 0.7765 -0.0000 -0.6301
vn 0.5142 -0.0000 -0.8577
vn 0.1899 -0.0000 -0.9818
vn -0.1574 -0.0000 -0.9875
vn -0.4856 -0.0000 -0.8742
vn -0.7553 -0.0000 -0.6553
vn -0.9339 -0.0000 -0.3575
vn -0.9999 -0.0000 -0.0165
vn -0.9452 -0.0000 0.3265
vn -0.7765 -0.0000 0.6301
vn -0.5142 -0.0000 0.8577
vn 0.1897 -0.0000 -0.9818
vn -0.1576 -0.0000 -0.9875
vn -0.4858 -0.0000 -0.8741
vn -0.7555 -0.0000 -0.6552
vn -0.9340 -0.0000 -0.3573
vn -0.9999 -0.0000 -0.0163
vn -0.9451 -0.0000 0.3266
vn -0.9452 -0.0000 0.3266
vn -0.7764 -0.0000 0.6302
vn -0.5141 -0.0000 0.8578
vn -0.5141 -0.0000 0.8577
vn -0.1897 -0.0000 0.9818
vn 0.1576 -0.0000 0.9875
vn 0.4858 -0.0000 0.8741
vn 0.7555 -0.0000 0.6552
vn 0.7554 -0.0000 0.6552
vn 0.9340 -0.0000 0.3573
vn 0.9999 -0.0000 0.0163
vn 0.9451 -0.0000 -0.3266
vn 0.7764 -0.0000 -0.6302
vn 0.5141 -0.0000 -0.8578
vn 0.5141 -0.0000 -0.8577
vn 0.9848 -0.0000 0.1737
vn 0.6428 -0.0000 0.7661
vn -0.6428 -0.0000 0.7661
vn -0.9848 -0.0000 0.1737
vn -0.6428 -0.0000 -0.7661
vn 0.6428 -0.0000 -0.7661
vn 0.9848 -0.0000 -0.1737
vn 0.0181 0.9998 -0.0023
vn -0.7994 0.5221 0.2974
vn -0.7994 -0.5221 0.2974
vn 0.4122 0.8698 -0.2712
vn 0.0149 -0.9998 -0.0098
vn 0.4122 -0.8698 -0.2712
vn -0.5927 -0.5216 0.6138
vn 0.5276 0.5067 -0.6819
vn 0.1854 0.5066 -0.8420
vn -0.0477 0.8839 0.4652
vn -0.1837 0.5194 0.8345
vn -0.0871 -0.5221 0.8485
vn 0.2974 0.5221 0.7994
vn -0.0063 -0.9998 -0.0171
vn 0.5497 -0.0000 0.8354
vn -0.6192 0.5089 -0.5979
vn -0.0126 0.9998 -0.0121
vn -0.7802 0.5066 -0.3670
vn -0.7802 -0.5066 -0.3670
vn -0.6926 0.7050 -0.1525
vn -0.2567 0.9649 -0.0565
vn 0.6885 0.7093 0.1515
vn 0.6885 0.7092 0.1515
vn 0.9430 0.2599 0.2076
vn 0.6885 -0.7093 0.1516
vn 0.2487 -0.9670 0.0548
vn -0.8622 0.5064 0.0104
vn -0.0181 0.9998 0.0023
vn -0.0184 0.9998 0.0002
vn 0.4699 -0.8827 -0.0057
vn -0.4960 -0.8683 0.0060
vn -0.8622 -0.5064 0.0104
vn 0.7994 0.5221 -0.2974
vn 0.7994 -0.5221 -0.2974
vn -0.4122 0.8698 0.2712
vn -0.5276 0.5067 0.6819
vn -0.0108 -0.9998 0.0139
vn -0.3019 0.7050 0.6418
vn -0.1854 0.5066 0.8420
vn 0.0477 0.8839 -0.4652
vn 0.0871 0.5221 -0.8485
vn 0.0871 -0.5221 -0.8485
vn -0.2974 0.5221 -0.7994
vn 0.0063 -0.9998 0.0171
vn 0.2712 0.8698 0.4122
vn 0.0126 0.9998 0.0121
vn 0.3548 -0.8699 0.3426
vn 0.7802 0.5066 0.3670
vn 0.7802 -0.5066 0.3670
vn 0.9436 0.2578 0.2077
vn 0.6926 0.7050 0.1525
vn -0.2487 0.9670 -0.0548
vn -0.6885 0.7093 -0.1515
vn -0.6885 0.7092 -0.1515
vn 0.2565 -0.9649 0.0565
vn -0.4700 0.8826 0.0057
vn 0.8622 -0.5064 -0.0104
vn 0.2851 -0.0435 -0.9575
vn 0.2843 -0.0399 -0.9579
vn 0.2859 -0.0409 -0.9574
vn -0.2850 -0.0434 0.9575
vn -0.2972 -0.0016 0.9548
vn -0.2860 -0.0409 0.9574
vn 0.2002 0.0267 -0.9794
vn 0.1415 0.0446 -0.9889
vn 0.1438 0.0432 -0.9887
vn -0.8663 -0.0015 -0.4996
vn -0.8806 0.0297 -0.4730
vn -0.8720 -0.0392 -0.4879
vn -0.8712 -0.0402 -0.4894
vn -0.8719 -0.0394 -0.4881
vn -0.8528 0.0020 -0.5223
vn -0.8851 0.0700 -0.4600
vn 0.9318 0.0421 0.3605
vn 0.9195 -0.0702 0.3868
vn 0.9057 -0.0277 0.4231
vn 0.9166 0.0533 0.3963
vn 0.9468 -0.0020 0.3217
vn 0.9056 -0.0278 0.4232
vn 0.9008 0.0212 0.4338
vn 0.8663 -0.0015 0.4996
vn 0.8806 0.0297 0.4730
vn 0.8720 -0.0392 0.4879
vn 0.8711 -0.0402 0.4894
vn 0.8527 0.0020 0.5223
vn 0.8851 0.0700 0.4600
vn -0.9326 0.0434 -0.3584
vn -0.9195 -0.0702 -0.3868
vn -0.9057 -0.0277 -0.4231
vn -0.9087 -0.0214 -0.4168
vn -0.9325 0.0401 -0.3589
vn -0.9166 0.0533 -0.3963
vn -0.9468 -0.0020 -0.3217
vn -0.9400 -0.0574 -0.3362
vn -0.9056 -0.0278 -0.4232
vn -0.0748 0.9896 0.1231
vn -0.8996 -0.0000 -0.4366
vn -0.0291 -0.9984 0.0491
vn 0.8053 -0.0000 0.5929
vn 0.8148 -0.0000 0.5797
vn -0.3670 -0.9213 -0.1283
vn 0.1354 0.9896 0.0490
vn 0.2641 0.9604 0.0889
vn -0.3289 -0.0000 0.9443
vn -0.3871 -0.0000 0.9220
vn 0.2833 -0.9543 0.0954
vn 0.4074 -0.0000 -0.9133
vn 0.0598 0.9930 -0.1021
vn 0.1391 0.9604 -0.2414
vn 0.8972 -0.0000 0.4417
vn 0.0897 -0.9838 -0.1554
vn -0.0388 0.9971 0.0661
vn -0.0378 0.9973 0.0632
vn -0.8031 -0.0000 -0.5958
vn 0.8929 -0.0000 0.4503
vn 0.1491 -0.9543 -0.2590
vn 0.1824 -0.9814 0.0607
vn 0.3702 -0.9213 0.1187
vn 0.3662 -0.9237 0.1128
vn -0.2696 0.9591 -0.0865
vn -0.2662 0.9604 -0.0820
vn 0.1418 0.9889 0.0437
vn -0.3835 -0.0000 0.9236
vn 0.7439 -0.0000 0.6682
vn 0.5700 -0.7950 -0.2075
vn 0.1404 -0.0000 -0.9901
vn 0.5700 0.7950 -0.2075
vt 0.945749 0.482559
vt 0.945684 0.526511
vt 0.939842 0.526540
vt 0.939907 0.482560
vt 0.945753 0.570405
vt 0.939913 0.570467
vt 0.946010 0.614217
vt 0.940172 0.614318
vt 0.946558 0.657930
vt 0.940724 0.658078
vt 0.947578 0.701552
vt 0.941748 0.701745
vt 0.949314 0.745159
vt 0.943472 0.745346
vt 0.951055 0.788896
vt 0.945477 0.789015
vt 0.959858 0.832856
vt 0.953631 0.833082
vt 0.955485 0.041368
vt 0.955731 0.086782
vt 0.949845 0.087053
vt 0.949694 0.041969
vt 0.952805 0.131254
vt 0.946946 0.131121
vt 0.950414 0.175165
vt 0.944580 0.174958
vt 0.948860 0.218956
vt 0.943026 0.218774
vt 0.947835 0.262777
vt 0.941997 0.262633
vt 0.947119 0.306661
vt 0.941279 0.306551
vt 0.946595 0.350601
vt 0.940753 0.350522
vt 0.946206 0.394580
vt 0.940363 0.394528
vt 0.945926 0.438574
vt 0.940083 0.438548
vt 0.927360 0.526629
vt 0.927423 0.482576
vt 0.927435 0.570635
vt 0.927700 0.614578
vt 0.928259 0.658440
vt 0.929281 0.702199
vt 0.930961 0.745805
vt 0.933236 0.789211
vt 0.940782 0.830926
vt 0.937065 0.087553
vt 0.937833 0.045336
vt 0.934344 0.130822
vt 0.932086 0.174507
vt 0.930552 0.218359
vt 0.929522 0.262295
vt 0.928799 0.306293
vt 0.928271 0.350337
vt 0.927879 0.394411
vt 0.927599 0.438497
vt 0.922760 0.526759
vt 0.922822 0.482638
vt 0.922835 0.570834
vt 0.923098 0.614840
vt 0.923646 0.658751
vt 0.924641 0.702527
vt 0.926267 0.746103
vt 0.928525 0.789248
vt 0.936650 0.830607
vt 0.932146 0.087574
vt 0.934411 0.045462
vt 0.929509 0.130715
vt 0.927386 0.174290
vt 0.925915 0.218103
vt 0.924909 0.262058
vt 0.924194 0.306103
vt 0.923668 0.350205
vt 0.923277 0.394342
vt 0.922997 0.438493
vt 0.913688 0.526939
vt 0.913751 0.482716
vt 0.913760 0.571122
vt 0.914014 0.615241
vt 0.914541 0.659267
vt 0.915496 0.703159
vt 0.917089 0.746876
vt 0.919461 0.790512
vt 0.928108 0.833829
vt 0.922912 0.086519
vt 0.926454 0.042581
vt 0.920199 0.130021
vt 0.918176 0.173707
vt 0.916779 0.217605
vt 0.915809 0.261651
vt 0.915112 0.305792
vt 0.914593 0.349992
vt 0.914204 0.394225
vt 0.913926 0.438473
vt 0.907620 0.527155
vt 0.907682 0.482822
vt 0.907688 0.571454
vt 0.907933 0.615697
vt 0.908439 0.659849
vt 0.909356 0.703861
vt 0.910933 0.747668
vt 0.913520 0.791285
vt 0.921877 0.834623
vt 0.916759 0.085716
vt 0.921034 0.041810
vt 0.913906 0.129281
vt 0.911966 0.173060
vt 0.910641 0.217064
vt 0.909711 0.261220
vt 0.909031 0.305472
vt 0.908519 0.349780
vt 0.908134 0.394119
vt 0.907856 0.438471
vt 0.899645 0.527407
vt 0.899707 0.482940
vt 0.899713 0.571852
vt 0.899951 0.616257
vt 0.900437 0.660594
vt 0.901318 0.704809
vt 0.902862 0.748784
vt 0.905643 0.792190
vt 0.913517 0.833906
vt 0.908606 0.084775
vt 0.913612 0.042593
vt 0.905707 0.128190
vt 0.903859 0.172140
vt 0.902602 0.216338
vt 0.901708 0.260668
vt 0.901044 0.305072
vt 0.900538 0.349518
vt 0.900155 0.393986
vt 0.899879 0.438464
vt 0.884663 0.527701
vt 0.884722 0.483063
vt 0.884731 0.572339
vt 0.884962 0.616974
vt 0.885427 0.661597
vt 0.886265 0.706189
vt 0.887751 0.750699
vt 0.890572 0.794910
vt 0.898562 0.837076
vt 0.893297 0.082192
vt 0.899423 0.039791
vt 0.890480 0.126288
vt 0.888743 0.170739
vt 0.887557 0.215296
vt 0.886698 0.259897
vt 0.886050 0.304520
vt 0.885550 0.349152
vt 0.885167 0.393788
vt 0.884892 0.438425
vt 0.865284 0.528016
vt 0.865338 0.483185
vt 0.865356 0.572872
vt 0.865584 0.617767
vt 0.866030 0.662720
vt 0.866830 0.707768
vt 0.868269 0.753008
vt 0.871075 0.798749
vt 0.878650 0.845551
vt 0.873688 0.078342
vt 0.880135 0.031440
vt 0.870913 0.123954
vt 0.869255 0.169104
vt 0.868127 0.214094
vt 0.867300 0.259012
vt 0.866663 0.303884
vt 0.866164 0.348727
vt 0.865780 0.393551
vt 0.865505 0.438367
vt 0.847905 0.528295
vt 0.847949 0.483295
vt 0.847990 0.573341
vt 0.848227 0.618457
vt 0.848673 0.663675
vt 0.849455 0.709046
vt 0.850873 0.754669
vt 0.853648 0.800802
vt 0.858560 0.848166
vt 0.856231 0.076206
vt 0.860565 0.028845
vt 0.853451 0.122222
vt 0.851827 0.167753
vt 0.850734 0.213061
vt 0.849920 0.258236
vt 0.849282 0.303323
vt 0.848776 0.348351
vt 0.848387 0.393342
vt 0.848111 0.438317
vt 0.833776 0.528518
vt 0.833805 0.483384
vt 0.833879 0.573710
vt 0.834131 0.618989
vt 0.834577 0.664387
vt 0.835323 0.709935
vt 0.836608 0.755622
vt 0.838898 0.801216
vt 0.841907 0.845682
vt 0.841476 0.075654
vt 0.844365 0.031218
vt 0.839135 0.121171
vt 0.837647 0.166785
vt 0.836602 0.212275
vt 0.835799 0.257632
vt 0.835154 0.302882
vt 0.834637 0.348055
vt 0.834239 0.393178
vt 0.833961 0.438279
vt 0.812168 0.528709
vt 0.812181 0.483440
vt 0.812290 0.574044
vt 0.812555 0.619480
vt 0.812987 0.665052
vt 0.813649 0.710783
vt 0.814669 0.756651
vt 0.816208 0.802401
vt 0.818827 0.846931
vt 0.818835 0.074301
vt 0.821563 0.029803
vt 0.817176 0.119992
vt 0.815942 0.165796
vt 0.814985 0.211473
vt 0.814203 0.257001
vt 0.813551 0.302406
vt 0.813020 0.347720
vt 0.812611 0.392977
vt 0.812329 0.438206
vt 0.798074 0.528807
vt 0.798071 0.483467
vt 0.798217 0.574217
vt 0.798493 0.619731
vt 0.798900 0.665382
vt 0.799453 0.711202
vt 0.800195 0.757229
vt 0.801146 0.803639
vt 0.802910 0.851268
vt 0.803835 0.072918
vt 0.805836 0.025313
vt 0.802705 0.119289
vt 0.801730 0.165270
vt 0.800878 0.211045
vt 0.800123 0.256660
vt 0.799466 0.302146
vt 0.798919 0.347535
vt 0.798497 0.392864
vt 0.798212 0.438163
vt 0.781229 0.528841
vt 0.781209 0.483456
vt 0.781392 0.574294
vt 0.781677 0.619848
vt 0.782056 0.665536
vt 0.782502 0.711384
vt 0.783000 0.757430
vt 0.783574 0.803846
vt 0.783428 0.851505
vt 0.786317 0.072554
vt 0.786476 0.024903
vt 0.785518 0.118944
vt 0.784766 0.164955
vt 0.784017 0.210767
vt 0.783291 0.256422
vt 0.782628 0.301951
vt 0.782065 0.347386
vt 0.781630 0.392760
vt 0.781342 0.438106
vt 0.767152 0.528801
vt 0.767115 0.483413
vt 0.767333 0.574252
vt 0.767626 0.619797
vt 0.767976 0.665466
vt 0.768303 0.711276
vt 0.768504 0.757192
vt 0.768471 0.802959
vt 0.767491 0.847538
vt 0.771258 0.073302
vt 0.770594 0.028722
vt 0.771030 0.119053
vt 0.770556 0.164944
vt 0.769920 0.210727
vt 0.769226 0.256370
vt 0.768558 0.301893
vt 0.767980 0.347328
vt 0.767533 0.392706
vt 0.767241 0.438058
vt 0.747442 0.528703
vt 0.747389 0.483330
vt 0.747645 0.574126
vt 0.747950 0.619625
vt 0.748278 0.665228
vt 0.748495 0.710956
vt 0.748383 0.756782
vt 0.747595 0.802469
vt 0.746562 0.847021
vt 0.750418 0.073614
vt 0.749717 0.029058
vt 0.750919 0.119296
vt 0.750743 0.165105
vt 0.750211 0.210810
vt 0.749538 0.256390
vt 0.748860 0.301869
vt 0.748264 0.347277
vt 0.747803 0.392640
vt 0.747507 0.437983
vt 0.733303 0.528554
vt 0.733232 0.483233
vt 0.733529 0.573910
vt 0.733853 0.619323
vt 0.734174 0.664824
vt 0.734322 0.710453
vt 0.733999 0.756287
vt 0.732673 0.802548
vt 0.730523 0.850116
vt 0.735526 0.073403
vt 0.733741 0.025822
vt 0.736544 0.119665
vt 0.736567 0.165488
vt 0.736100 0.211100
vt 0.735433 0.256581
vt 0.734737 0.301977
vt 0.734120 0.347320
vt 0.733644 0.392632
vt 0.733344 0.437931
vt 0.716384 0.528374
vt 0.716299 0.483116
vt 0.716628 0.573644
vt 0.716965 0.618936
vt 0.717278 0.664270
vt 0.717373 0.709686
vt 0.716931 0.755278
vt 0.715414 0.801329
vt 0.711284 0.848676
vt 0.718282 0.074476
vt 0.714519 0.027100
vt 0.719482 0.120532
vt 0.719615 0.166116
vt 0.719196 0.211517
vt 0.718536 0.256834
vt 0.717829 0.302110
vt 0.717196 0.347367
vt 0.716709 0.392616
vt 0.716405 0.437864
vt 0.702185 0.528186
vt 0.702091 0.483000
vt 0.702439 0.573356
vt 0.702779 0.618506
vt 0.703072 0.663637
vt 0.703103 0.708758
vt 0.702530 0.753881
vt 0.700742 0.798952
vt 0.696053 0.843028
vt 0.703612 0.076730
vt 0.699261 0.032621
vt 0.705079 0.121808
vt 0.705339 0.166926
vt 0.704982 0.212034
vt 0.704341 0.257150
vt 0.703633 0.302285
vt 0.702992 0.347443
vt 0.702498 0.392620
vt 0.702193 0.437808
vt 0.680896 0.528021
vt 0.680795 0.482884
vt 0.681157 0.573103
vt 0.681498 0.618095
vt 0.681772 0.662962
vt 0.681736 0.707652
vt 0.681023 0.752067
vt 0.679034 0.795998
vt 0.674714 0.839424
vt 0.681894 0.079511
vt 0.677905 0.036053
vt 0.683568 0.123452
vt 0.683966 0.167864
vt 0.683674 0.212541
vt 0.683055 0.257390
vt 0.682347 0.302365
vt 0.681700 0.347431
vt 0.681200 0.392559
vt 0.680893 0.437720
vt 0.678619 0.527880
vt 0.678512 0.482814
vt 0.678887 0.572875
vt 0.679230 0.617763
vt 0.679483 0.662506
vt 0.679373 0.707061
vt 0.678493 0.751345
vt 0.676354 0.795194
vt 0.672729 0.838257
vt 0.679217 0.080289
vt 0.675916 0.037201
vt 0.681037 0.124147
vt 0.681599 0.168429
vt 0.681381 0.212974
vt 0.680781 0.257703
vt 0.680072 0.302576
vt 0.679420 0.347559
vt 0.678916 0.392616
vt 0.678608 0.437714
vt 0.625920 0.527927
vt 0.625809 0.482742
vt 0.626193 0.572946
vt 0.626538 0.617684
vt 0.626785 0.662010
vt 0.626651 0.705785
vt 0.625725 0.748932
vt 0.623570 0.791558
vt 0.620319 0.834078
vt 0.626411 0.083530
vt 0.623477 0.040987
vt 0.628255 0.126168
vt 0.628869 0.169309
vt 0.628679 0.213064
vt 0.628089 0.257360
vt 0.627379 0.302068
vt 0.626722 0.347060
vt 0.626214 0.392228
vt 0.625904 0.437482
vt 0.493981 0.358904
vt 0.473896 0.339198
vt 0.461762 0.313811
vt 0.459042 0.285806
vt 0.466065 0.258558
vt 0.481984 0.235357
vt 0.504878 0.218998
vt 0.531986 0.211457
vt 0.560039 0.213642
vt 0.585653 0.225290
vt 0.605738 0.244995
vt 0.617872 0.270382
vt 0.620591 0.298388
vt 0.613568 0.325635
vt 0.597650 0.348837
vt 0.574756 0.365195
vt 0.547647 0.372737
vt 0.519595 0.370552
vt 0.963934 0.924428
vt 0.963961 0.926203
vt 0.025184 0.940537
vt 0.025157 0.938761
vt 0.963988 0.927978
vt 0.025211 0.942312
vt 0.964015 0.929753
vt 0.025238 0.944086
vt 0.964042 0.931528
vt 0.025265 0.945861
vt 0.964069 0.933303
vt 0.025292 0.947636
vt 0.964097 0.935078
vt 0.025319 0.949411
vt 0.964124 0.936853
vt 0.025346 0.951186
vt 0.964151 0.938628
vt 0.025373 0.952961
vt 0.964178 0.940404
vt 0.025400 0.954737
vt 0.964205 0.942179
vt 0.025428 0.956512
vt 0.964232 0.943955
vt 0.025455 0.958288
vt 0.964259 0.945731
vt 0.025482 0.960064
vt 0.964286 0.947507
vt 0.025509 0.961840
vt 0.963798 0.915551
vt 0.963825 0.917326
vt 0.025048 0.931660
vt 0.025021 0.929884
vt 0.963853 0.919102
vt 0.025075 0.933435
vt 0.963880 0.920878
vt 0.025102 0.935211
vt 0.963907 0.922653
vt 0.025129 0.936986
vt 0.447282 0.485998
vt 0.439312 0.399399
vt 0.445092 0.398648
vt 0.453070 0.485394
vt 0.442129 0.486671
vt 0.434199 0.400466
vt 0.437679 0.487343
vt 0.429812 0.401676
vt 0.433202 0.487981
vt 0.425386 0.402851
vt 0.428003 0.488543
vt 0.420234 0.403805
vt 0.422186 0.488945
vt 0.414448 0.404361
vt 0.416365 0.489111
vt 0.408630 0.404408
vt 0.411156 0.489030
vt 0.403387 0.403971
vt 0.406659 0.488788
vt 0.398828 0.403232
vt 0.402187 0.488580
vt 0.394305 0.402529
vt 0.397020 0.488608
vt 0.389095 0.402205
vt 0.391227 0.488975
vt 0.383277 0.402446
vt 0.454989 0.569776
vt 0.460791 0.569294
vt 0.449797 0.570130
vt 0.445294 0.570385
vt 0.440767 0.570617
vt 0.435529 0.570880
vt 0.429687 0.571152
vt 0.423866 0.571383
vt 0.418694 0.571542
vt 0.414253 0.571648
vt 0.409832 0.571784
vt 0.404705 0.572027
vt 0.398928 0.572456
vt 0.462590 0.652312
vt 0.468408 0.652019
vt 0.457353 0.652325
vt 0.452782 0.652177
vt 0.448202 0.652042
vt 0.442925 0.652038
vt 0.437052 0.652179
vt 0.431230 0.652436
vt 0.426082 0.652787
vt 0.421705 0.653210
vt 0.417368 0.653666
vt 0.412303 0.654065
vt 0.406548 0.654290
vt 0.467225 0.734938
vt 0.473308 0.734868
vt 0.461303 0.734470
vt 0.455801 0.733841
vt 0.450252 0.733290
vt 0.444174 0.733029
vt 0.437659 0.733058
vt 0.431144 0.733321
vt 0.425068 0.733852
vt 0.419534 0.734647
vt 0.414051 0.735493
vt 0.408138 0.736155
vt 0.402052 0.736221
vt 0.466741 0.820810
vt 0.466819 0.737401
vt 0.474200 0.737297
vt 0.474021 0.821519
vt 0.460748 0.819931
vt 0.460653 0.737297
vt 0.455905 0.818989
vt 0.455681 0.737173
vt 0.451006 0.818298
vt 0.450775 0.736891
vt 0.444973 0.817819
vt 0.444751 0.736658
vt 0.437967 0.817632
vt 0.437707 0.736647
vt 0.431001 0.817917
vt 0.430669 0.736866
vt 0.425090 0.818526
vt 0.424660 0.737287
vt 0.420362 0.819328
vt 0.419762 0.737721
vt 0.415671 0.820265
vt 0.414779 0.737933
vt 0.409752 0.820947
vt 0.408604 0.738043
vt 0.402466 0.821228
vt 0.401221 0.737992
vt 0.451290 0.907057
vt 0.466762 0.823544
vt 0.472797 0.824396
vt 0.456999 0.908221
vt 0.446222 0.905789
vt 0.460863 0.822911
vt 0.441885 0.904451
vt 0.455440 0.822270
vt 0.437548 0.903165
vt 0.450043 0.821658
vt 0.432446 0.902178
vt 0.444175 0.821134
vt 0.426574 0.901807
vt 0.437913 0.820902
vt 0.420460 0.902238
vt 0.431726 0.821143
vt 0.414680 0.903378
vt 0.426067 0.821741
vt 0.409466 0.904885
vt 0.420928 0.822450
vt 0.404639 0.906298
vt 0.415564 0.822988
vt 0.399456 0.907170
vt 0.409552 0.823141
vt 0.393649 0.907058
vt 0.403434 0.822966
vt 0.590581 0.454216
vt 0.590751 0.396358
vt 0.594592 0.396058
vt 0.594443 0.454067
vt 0.587116 0.454672
vt 0.587377 0.397199
vt 0.584137 0.455305
vt 0.584482 0.398353
vt 0.581150 0.455942
vt 0.581656 0.399515
vt 0.577652 0.456395
vt 0.578497 0.400356
vt 0.573732 0.456530
vt 0.574991 0.400639
vt 0.569811 0.456304
vt 0.571504 0.400282
vt 0.566310 0.455773
vt 0.568401 0.399380
vt 0.563292 0.455070
vt 0.565705 0.398168
vt 0.560290 0.454361
vt 0.562925 0.396944
vt 0.556834 0.453803
vt 0.559585 0.395999
vt 0.552978 0.453521
vt 0.555760 0.395534
vt 0.589910 0.511742
vt 0.593769 0.511696
vt 0.586454 0.511951
vt 0.583453 0.512251
vt 0.580437 0.512550
vt 0.576938 0.512754
vt 0.573018 0.512800
vt 0.569099 0.512668
vt 0.565603 0.512387
vt 0.562592 0.512022
vt 0.559595 0.511652
vt 0.556142 0.511359
vt 0.552284 0.511219
vt 0.589194 0.567319
vt 0.593049 0.567325
vt 0.585751 0.567360
vt 0.582768 0.567427
vt 0.579773 0.567491
vt 0.576294 0.567525
vt 0.572393 0.567511
vt 0.568489 0.567445
vt 0.565004 0.567338
vt 0.561999 0.567210
vt 0.559006 0.567080
vt 0.555554 0.566970
vt 0.551696 0.566905
vt 0.588904 0.621987
vt 0.592779 0.622019
vt 0.585419 0.621892
vt 0.582395 0.621762
vt 0.579357 0.621631
vt 0.575839 0.621525
vt 0.571909 0.621463
vt 0.567989 0.621450
vt 0.564506 0.621488
vt 0.561511 0.621557
vt 0.558525 0.621627
vt 0.555081 0.621660
vt 0.551229 0.621661
vt 0.589322 0.676463
vt 0.593229 0.676538
vt 0.585806 0.676210
vt 0.582779 0.675852
vt 0.579735 0.675502
vt 0.576207 0.675246
vt 0.572264 0.675130
vt 0.568335 0.675171
vt 0.564840 0.675362
vt 0.561849 0.675661
vt 0.558892 0.675970
vt 0.555476 0.676158
vt 0.551639 0.676119
vt 0.589828 0.731398
vt 0.593800 0.731518
vt 0.585992 0.730863
vt 0.582393 0.730158
vt 0.578738 0.729477
vt 0.574689 0.729012
vt 0.570320 0.728825
vt 0.565936 0.728904
vt 0.561847 0.729267
vt 0.558133 0.729855
vt 0.554470 0.730470
vt 0.550544 0.730910
vt 0.546516 0.730867
vt 0.589974 0.789010
vt 0.589527 0.732909
vt 0.594411 0.732907
vt 0.594843 0.789376
vt 0.585953 0.788289
vt 0.585443 0.732654
vt 0.582716 0.787313
vt 0.582149 0.732288
vt 0.579416 0.786397
vt 0.578929 0.731761
vt 0.575364 0.785617
vt 0.574958 0.731274
vt 0.570649 0.785251
vt 0.570278 0.731056
vt 0.565926 0.785517
vt 0.565584 0.731169
vt 0.561849 0.786200
vt 0.561579 0.731558
vt 0.558517 0.787027
vt 0.558312 0.731999
vt 0.555247 0.787926
vt 0.554968 0.732284
vt 0.551199 0.788593
vt 0.550840 0.732468
vt 0.546322 0.788972
vt 0.545938 0.732423
vt 0.526076 0.436098
vt 0.526941 0.388931
vt 0.530094 0.388732
vt 0.529223 0.436012
vt 0.523272 0.436440
vt 0.524079 0.389582
vt 0.520851 0.436937
vt 0.521602 0.390503
vt 0.518411 0.437435
vt 0.519203 0.391427
vt 0.515593 0.437779
vt 0.516431 0.392081
vt 0.512452 0.437869
vt 0.513295 0.392285
vt 0.509316 0.437673
vt 0.510167 0.391975
vt 0.506512 0.437234
vt 0.507420 0.391228
vt 0.504091 0.436655
vt 0.505056 0.390224
vt 0.501689 0.436075
vt 0.502614 0.389218
vt 0.498898 0.435634
vt 0.499777 0.388466
vt 0.495756 0.435433
vt 0.496634 0.388152
vt 0.525219 0.482997
vt 0.528360 0.482983
vt 0.522420 0.483143
vt 0.520001 0.483369
vt 0.517570 0.483595
vt 0.514753 0.483742
vt 0.511604 0.483761
vt 0.508458 0.483637
vt 0.505647 0.483395
vt 0.503224 0.483089
vt 0.500814 0.482781
vt 0.498021 0.482537
vt 0.494882 0.482408
vt 0.524383 0.528307
vt 0.527522 0.528337
vt 0.521588 0.528321
vt 0.519173 0.528357
vt 0.516749 0.528395
vt 0.513934 0.528408
vt 0.510780 0.528378
vt 0.507627 0.528304
vt 0.504813 0.528198
vt 0.502389 0.528081
vt 0.499974 0.527964
vt 0.497179 0.527854
vt 0.494041 0.527772
vt 0.523554 0.572882
vt 0.526686 0.572897
vt 0.520770 0.572784
vt 0.518366 0.572653
vt 0.515946 0.572534
vt 0.513128 0.572445
vt 0.509968 0.572381
vt 0.506807 0.572342
vt 0.503985 0.572341
vt 0.501558 0.572381
vt 0.499147 0.572434
vt 0.496358 0.572440
vt 0.493226 0.572351
vt 0.525200 0.617310
vt 0.528493 0.617325
vt 0.521995 0.617046
vt 0.519028 0.616721
vt 0.516048 0.616431
vt 0.512790 0.616254
vt 0.509299 0.616170
vt 0.505807 0.616144
vt 0.502546 0.616219
vt 0.499559 0.616416
vt 0.496584 0.616647
vt 0.493372 0.616810
vt 0.490081 0.616723
vt 0.524309 0.663127
vt 0.524982 0.618372
vt 0.528963 0.618321
vt 0.528275 0.663353
vt 0.521016 0.662862
vt 0.521662 0.618409
vt 0.518351 0.662578
vt 0.518981 0.618452
vt 0.515687 0.662405
vt 0.516328 0.618391
vt 0.512413 0.662276
vt 0.513072 0.618304
vt 0.508592 0.662179
vt 0.509267 0.618241
vt 0.504770 0.662162
vt 0.505462 0.618187
vt 0.501494 0.662193
vt 0.502205 0.618175
vt 0.498825 0.662286
vt 0.499551 0.618154
vt 0.496153 0.662490
vt 0.496873 0.618030
vt 0.492854 0.662657
vt 0.493557 0.617891
vt 0.488883 0.662764
vt 0.489580 0.617716
vt 0.521568 0.709618
vt 0.524451 0.664239
vt 0.527746 0.664373
vt 0.524699 0.709759
vt 0.518781 0.709437
vt 0.521233 0.664268
vt 0.516367 0.709233
vt 0.518260 0.664310
vt 0.513932 0.709018
vt 0.515286 0.664324
vt 0.511089 0.708833
vt 0.512041 0.664271
vt 0.507889 0.708731
vt 0.508562 0.664203
vt 0.504682 0.708742
vt 0.505082 0.664169
vt 0.501818 0.708847
vt 0.501838 0.664128
vt 0.499355 0.708992
vt 0.498865 0.664027
vt 0.496919 0.709129
vt 0.495896 0.663898
vt 0.494117 0.709237
vt 0.492680 0.663778
vt 0.490979 0.709306
vt 0.489382 0.663814
vt 0.521392 0.756591
vt 0.524537 0.756789
vt 0.518573 0.756182
vt 0.516121 0.755663
vt 0.513656 0.755145
vt 0.510796 0.754747
vt 0.507593 0.754571
vt 0.504391 0.754659
vt 0.501536 0.754977
vt 0.499074 0.755426
vt 0.496622 0.755878
vt 0.493799 0.756217
vt 0.490651 0.756347
vt 0.519620 0.803750
vt 0.522743 0.804093
vt 0.516887 0.803023
vt 0.514605 0.802075
vt 0.512389 0.801130
vt 0.509843 0.800422
vt 0.506990 0.800135
vt 0.504131 0.800343
vt 0.501568 0.800980
vt 0.499329 0.801863
vt 0.497024 0.802751
vt 0.494274 0.803409
vt 0.491144 0.803670
vt 0.290787 0.807139
vt 0.351473 0.855106
vt 0.348472 0.859488
vt 0.287583 0.811395
vt 0.293391 0.803099
vt 0.353579 0.850821
vt 0.295462 0.799423
vt 0.354923 0.846885
vt 0.297554 0.795732
vt 0.356206 0.843034
vt 0.300226 0.791652
vt 0.358145 0.839005
vt 0.303538 0.787346
vt 0.360938 0.835018
vt 0.307161 0.783299
vt 0.364343 0.831539
vt 0.310680 0.779922
vt 0.367947 0.828892
vt 0.313923 0.777187
vt 0.371495 0.826923
vt 0.317155 0.774476
vt 0.375117 0.824878
vt 0.320647 0.771173
vt 0.378942 0.822020
vt 0.324243 0.767242
vt 0.382699 0.818265
vt 0.232505 0.758666
vt 0.229169 0.762809
vt 0.235395 0.754875
vt 0.237851 0.751534
vt 0.240327 0.748177
vt 0.243280 0.744341
vt 0.246693 0.740125
vt 0.250209 0.735994
vt 0.253437 0.732386
vt 0.256282 0.729334
vt 0.259114 0.726305
vt 0.262310 0.722767
vt 0.265769 0.718726
vt 0.174551 0.710496
vt 0.171199 0.714606
vt 0.177670 0.706930
vt 0.180462 0.703899
vt 0.183273 0.700831
vt 0.186466 0.697187
vt 0.189971 0.693030
vt 0.193411 0.688819
vt 0.196406 0.685009
vt 0.198906 0.681683
vt 0.201373 0.678380
vt 0.204305 0.674656
vt 0.207728 0.670604
vt 0.113843 0.664980
vt 0.110305 0.669254
vt 0.117696 0.661180
vt 0.121448 0.657799
vt 0.125223 0.654355
vt 0.129126 0.650340
vt 0.133062 0.645811
vt 0.136787 0.641108
vt 0.140011 0.636534
vt 0.142709 0.632193
vt 0.145342 0.627879
vt 0.148366 0.623391
vt 0.151914 0.619124
vt 0.052514 0.614284
vt 0.112427 0.663277
vt 0.108196 0.668534
vt 0.047872 0.619184
vt 0.056760 0.610497
vt 0.116169 0.659046
vt 0.060590 0.607721
vt 0.119317 0.655735
vt 0.064398 0.604828
vt 0.122593 0.652639
vt 0.068730 0.601022
vt 0.126482 0.648726
vt 0.073247 0.596193
vt 0.130741 0.643885
vt 0.077160 0.590863
vt 0.134714 0.638805
vt 0.080104 0.585905
vt 0.137843 0.634259
vt 0.082248 0.581631
vt 0.140294 0.630474
vt 0.084273 0.577355
vt 0.142963 0.626770
vt 0.087211 0.572483
vt 0.146431 0.622312
vt 0.091170 0.567016
vt 0.150816 0.617184
vt 0.431316 0.312394
vt 0.437082 0.311430
vt 0.426172 0.314050
vt 0.421783 0.316062
vt 0.417512 0.318024
vt 0.412500 0.319551
vt 0.406745 0.320323
vt 0.400920 0.320165
vt 0.395724 0.319150
vt 0.391186 0.317621
vt 0.386495 0.316145
vt 0.381126 0.315262
vt 0.375282 0.315296
vt 0.594250 0.791183
vt 0.590110 0.790860
vt 0.585940 0.790358
vt 0.582141 0.789425
vt 0.578490 0.788366
vt 0.574672 0.787435
vt 0.570629 0.787023
vt 0.566572 0.787350
vt 0.562724 0.788190
vt 0.559041 0.789153
vt 0.555222 0.790000
vt 0.551053 0.790448
vt 0.546919 0.790775
vt 0.046462 0.616972
vt 0.050408 0.612823
vt 0.054521 0.608721
vt 0.058765 0.605320
vt 0.063036 0.602159
vt 0.067353 0.598717
vt 0.071361 0.594628
vt 0.074641 0.589934
vt 0.077230 0.585057
vt 0.079552 0.580278
vt 0.082114 0.575482
vt 0.085386 0.570683
vt 0.088735 0.566039
vt 0.540860 0.045313
vt 0.540094 0.050707
vt 0.535524 0.050147
vt 0.536213 0.045355
vt 0.537660 0.033204
vt 0.541827 0.033997
vt 0.541908 0.038852
vt 0.537839 0.039214
vt 0.540408 0.057214
vt 0.536623 0.056457
vt 0.548935 0.046027
vt 0.548841 0.039771
vt 0.552829 0.040284
vt 0.553325 0.046730
vt 0.548341 0.051469
vt 0.544038 0.050530
vt 0.544670 0.045830
vt 0.549256 0.034496
vt 0.545056 0.039331
vt 0.545250 0.034753
vt 0.546652 0.057384
vt 0.543203 0.056996
vt 0.552751 0.051912
vt 0.553301 0.034374
vt 0.550443 0.058094
vt 0.009813 0.299245
vt 0.009813 0.004803
vt 0.161778 0.004803
vt 0.161778 0.299245
vt 0.487770 0.165691
vt 0.190971 0.165505
vt 0.191056 0.029383
vt 0.487855 0.029569
vt 0.175071 0.198681
vt 0.468451 0.198023
vt 0.468539 0.237168
vt 0.175159 0.237826
vt 0.180186 0.336205
vt 0.333088 0.337341
vt 0.332794 0.376870
vt 0.179892 0.375734
vt 0.017691 0.458699
vt 0.237212 0.456126
vt 0.237555 0.485417
vt 0.018034 0.487989
vt 0.161778 0.338532
vt 0.009813 0.338532
vt 0.439351 0.269329
vt 0.204491 0.269855
vt 0.317239 0.417877
vt 0.194836 0.416968
vt 0.215942 0.509688
vt 0.040209 0.511748
vt 0.146622 0.379400
vt 0.024969 0.379400
vt 0.415277 0.287192
vt 0.228645 0.287611
vt 0.299074 0.442094
vt 0.212639 0.441451
vt 0.198056 0.523225
vt 0.058408 0.524862
vt 0.128749 0.403601
vt 0.042843 0.403601
vt 0.415284 0.290217
vt 0.228652 0.290636
vt 0.299052 0.445149
vt 0.212617 0.444506
vt 0.198082 0.525489
vt 0.058435 0.527126
vt 0.128749 0.406637
vt 0.042843 0.406637
s 1
usemtl Material_#26
f 385/501/385 386/502/386 404/503/386
f 404/503/386 403/504/385 385/501/385
f 386/502/386 387/505/387 405/506/387
f 405/506/387 404/503/386 386/502/386
f 387/505/387 388/507/388 406/508/388
f 406/508/388 405/506/387 387/505/387
f 388/507/388 389/509/389 407/510/389
f 407/510/389 406/508/388 388/507/388
f 389/509/389 390/511/390 408/512/390
f 408/512/390 407/510/389 389/509/389
f 390/511/390 391/513/391 409/514/391
f 409/514/391 408/512/390 390/511/390
f 391/513/391 392/515/392 410/516/392
f 410/516/392 409/514/391 391/513/391
f 392/515/392 393/517/393 411/518/393
f 411/518/393 410/516/392 392/515/392
f 393/519/393 394/520/394 412/521/394
f 412/521/394 411/522/393 393/519/393
f 394/520/394 395/523/395 413/524/395
f 413/524/395 412/521/394 394/520/394
f 395/523/395 396/525/396 414/526/396
f 414/526/396 413/524/395 395/523/395
f 396/525/396 397/527/397 415/528/397
f 415/528/397 414/526/396 396/525/396
f 397/527/397 398/529/398 416/530/398
f 416/530/398 415/528/397 397/527/397
f 398/529/398 399/531/399 417/532/399
f 417/532/399 416/530/398 398/529/398
f 399/531/399 400/533/400 418/534/400
f 418/534/400 417/532/399 399/531/399
f 400/533/400 401/535/401 419/536/401
f 419/536/401 418/534/400 400/533/400
f 401/535/401 402/537/402 420/538/402
f 420/538/402 419/536/401 401/535/401
f 402/537/402 385/501/385 403/504/385
f 403/504/385 420/538/402 402/537/402
f 403/504/403 404/503/403 422/539/403
f 422/539/403 421/540/403 403/504/403
f 404/503/403 405/506/403 423/541/403
f 423/541/403 422/539/403 404/503/403
f 405/506/403 406/508/403 424/542/403
f 424/542/403 423/541/403 405/506/403
f 406/508/403 407/510/403 425/543/403
f 425/543/403 424/542/403 406/508/403
f 407/510/403 408/512/403 426/544/403
f 426/544/403 425/543/403 407/510/403
f 408/512/403 409/514/403 427/545/403
f 427/545/403 426/544/403 408/512/403
f 409/514/403 410/516/403 428/546/403
f 428/546/403 427/545/403 409/514/403
f 410/516/403 411/518/403 429/547/403
f 429/547/403 428/546/403 410/516/403
f 411/522/403 412/521/403 430/548/403
f 430/548/403 429/549/403 411/522/403
f 412/521/403 413/524/403 431/550/403
f 431/550/403 430/548/403 412/521/403
f 413/524/403 414/526/403 432/551/403
f 432/551/403 431/550/403 413/524/403
f 414/526/403 415/528/403 433/552/403
f 433/552/403 432/551/403 414/526/403
f 415/528/403 416/530/403 434/553/403
f 434/553/403 433/552/403 415/528/403
f 416/530/403 417/532/403 435/554/403
f 435/554/403 434/553/403 416/530/403
f 417/532/403 418/534/403 436/555/403
f 436/555/403 435/554/403 417/532/403
f 418/534/403 419/536/403 437/556/403
f 437/556/403 436/555/403 418/534/403
f 419/536/403 420/538/403 438/557/403
f 438/557/403 437/556/403 419/536/403
f 420/538/403 403/504/403 421/540/403
f 421/540/403 438/557/403 420/538/403
f 421/540/404 422/539/404 440/558/404
f 440/558/404 439/559/404 421/540/404
f 422/539/405 423/541/405 441/560/405
f 441/560/405 440/558/405 422/539/405
f 423/541/406 424/542/406 442/561/406
f 442/561/406 441/560/406 423/541/406
f 424/542/407 425/543/407 443/562/407
f 443/562/407 442/561/407 424/542/407
f 425/543/408 426/544/408 444/563/408
f 444/563/408 443/562/408 425/543/408
f 426/544/409 427/545/409 445/564/409
f 445/564/409 444/563/409 426/544/409
f 427/545/410 428/546/410 446/565/410
f 446/565/410 445/564/410 427/545/410
f 428/546/411 429/547/411 447/566/411
f 447/566/411 446/565/411 428/546/411
f 429/549/412 430/548/412 448/567/412
f 448/567/412 447/568/412 429/549/412
f 430/548/413 431/550/413 449/569/413
f 449/569/413 448/567/413 430/548/413
f 431/550/414 432/551/414 450/570/414
f 450/570/414 449/569/414 431/550/414
f 432/551/415 433/552/415 451/571/415
f 451/571/415 450/570/415 432/551/415
f 433/552/416 434/553/416 452/572/416
f 452/572/416 451/571/416 433/552/416
f 434/553/417 435/554/417 453/573/417
f 453/573/417 452/572/417 434/553/417
f 435/554/418 436/555/418 454/574/418
f 454/574/418 453/573/418 435/554/418
f 436/555/419 437/556/419 455/575/419
f 455/575/419 454/574/419 436/555/419
f 437/556/420 438/557/420 456/576/420
f 456/576/420 455/575/420 437/556/420
f 438/557/421 421/540/421 439/559/421
f 439/559/421 456/576/421 438/557/421
f 439/559/422 440/558/422 458/577/422
f 458/577/422 457/578/422 439/559/422
f 440/558/422 441/560/422 459/579/422
f 459/579/422 458/577/422 440/558/422
f 441/560/422 442/561/422 460/580/422
f 460/580/422 459/579/422 441/560/422
f 442/561/422 443/562/422 461/581/422
f 461/581/422 460/580/422 442/561/422
f 443/562/422 444/563/422 462/582/422
f 462/582/422 461/581/422 443/562/422
f 444/563/422 445/564/422 463/583/422
f 463/583/422 462/582/422 444/563/422
f 445/564/422 446/565/422 464/584/422
f 464/584/422 463/583/422 445/564/422
f 446/565/422 447/566/422 465/585/422
f 465/585/422 464/584/422 446/565/422
f 447/568/422 448/567/422 466/586/422
f 466/586/422 465/587/422 447/568/422
f 448/567/422 449/569/422 467/588/422
f 467/588/422 466/586/422 448/567/422
f 449/569/422 450/570/422 468/589/422
f 468/589/422 467/588/422 449/569/422
f 450/570/422 451/571/422 469/590/422
f 469/590/422 468/589/422 450/570/422
f 451/571/422 452/572/422 470/591/422
f 470/591/422 469/590/422 451/571/422
f 452/572/422 453/573/422 471/592/422
f 471/592/422 470/591/422 452/572/422
f 453/573/422 454/574/422 472/593/422
f 472/593/422 471/592/422 453/573/422
f 454/574/422 455/575/422 473/594/422
f 473/594/422 472/593/422 454/574/422
f 455/575/422 456/576/422 474/595/422
f 474/595/422 473/594/422 455/575/422
f 456/576/422 439/559/422 457/578/422
f 457/578/422 474/595/422 456/576/422
f 457/578/404 458/577/404 476/596/404
f 476/596/404 475/597/404 457/578/404
f 458/577/405 459/579/405 477/598/405
f 477/598/405 476/596/405 458/577/405
f 459/579/406 460/580/406 478/599/406
f 478/599/406 477/598/406 459/579/406
f 460/580/407 461/581/407 479/600/407
f 479/600/407 478/599/407 460/580/407
f 461/581/408 462/582/408 480/601/408
f 480/601/408 479/600/408 461/581/408
f 462/582/409 463/583/409 481/602/409
f 481/602/409 480/601/409 462/582/409
f 463/583/410 464/584/410 482/603/410
f 482/603/410 481/602/410 463/583/410
f 464/584/411 465/585/411 483/604/411
f 483/604/411 482/603/411 464/584/411
f 465/587/412 466/586/412 484/605/412
f 484/605/412 483/606/412 465/587/412
f 466/586/413 467/588/413 485/607/413
f 485/607/413 484/605/413 466/586/413
f 467/588/414 468/589/414 486/608/414
f 486/608/414 485/607/414 467/588/414
f 468/589/415 469/590/415 487/609/415
f 487/609/415 486/608/415 468/589/415
f 469/590/416 470/591/416 488/610/416
f 488/610/416 487/609/416 469/590/416
f 470/591/417 471/592/417 489/611/417
f 489/611/417 488/610/417 470/591/417
f 471/592/418 472/593/418 490/612/418
f 490/612/418 489/611/418 471/592/418
f 472/593/419 473/594/419 491/613/419
f 491/613/419 490/612/419 472/593/419
f 473/594/420 474/595/420 492/614/420
f 492/614/420 491/613/420 473/594/420
f 474/595/421 457/578/421 475/597/421
f 475/597/421 492/614/421 474/595/421
f 475/597/403 476/596/403 494/615/403
f 494/615/403 493/616/403 475/597/403
f 476/596/403 477/598/403 495/617/403
f 495/617/403 494/615/403 476/596/403
f 477/598/403 478/599/403 496/618/403
f 496/618/403 495/617/403 477/598/403
f 478/599/403 479/600/403 497/619/403
f 497/619/403 496/618/403 478/599/403
f 479/600/403 480/601/403 498/620/403
f 498/620/403 497/619/403 479/600/403
f 480/601/403 481/602/403 499/621/403
f 499/621/403 498/620/403 480/601/403
f 481/602/403 482/603/403 500/622/403
f 500/622/403 499/621/403 481/602/403
f 482/603/403 483/604/403 501/623/403
f 501/623/403 500/622/403 482/603/403
f 483/606/403 484/605/403 502/624/403
f 502/624/403 501/625/403 483/606/403
f 484/605/403 485/607/403 503/626/403
f 503/626/403 502/624/403 484/605/403
f 485/607/403 486/608/403 504/627/403
f 504/627/403 503/626/403 485/607/403
f 486/608/403 487/609/403 505/628/403
f 505/628/403 504/627/403 486/608/403
f 487/609/403 488/610/403 506/629/403
f 506/629/403 505/628/403 487/609/403
f 488/610/403 489/611/403 507/630/403
f 507/630/403 506/629/403 488/610/403
f 489/611/403 490/612/403 508/631/403
f 508/631/403 507/630/403 489/611/403
f 490/612/403 491/613/403 509/632/403
f 509/632/403 508/631/403 490/612/403
f 491/613/403 492/614/403 510/633/403
f 510/633/403 509/632/403 491/613/403
f 492/614/403 475/597/403 493/616/403
f 493/616/403 510/633/403 492/614/403
f 493/616/404 494/615/404 512/634/404
f 512/634/404 511/635/404 493/616/404
f 494/615/405 495/617/405 513/636/405
f 513/636/405 512/634/405 494/615/405
f 495/617/406 496/618/406 514/637/406
f 514/637/406 513/636/406 495/617/406
f 496/618/407 497/619/407 515/638/407
f 515/638/407 514/637/407 496/618/407
f 497/619/408 498/620/408 516/639/408
f 516/639/408 515/638/408 497/619/408
f 498/620/409 499/621/409 517/640/409
f 517/640/409 516/639/409 498/620/409
f 499/621/410 500/622/410 518/641/410
f 518/641/410 517/640/410 499/621/410
f 500/622/411 501/623/411 519/642/411
f 519/642/411 518/641/411 500/622/411
f 501/625/412 502/624/412 520/643/412
f 520/643/412 519/644/412 501/625/412
f 502/624/413 503/626/413 521/645/413
f 521/645/413 520/643/413 502/624/413
f 503/626/414 504/627/414 522/646/414
f 522/646/414 521/645/414 503/626/414
f 504/627/415 505/628/415 523/647/415
f 523/647/415 522/646/415 504/627/415
f 505/628/416 506/629/416 524/648/416
f 524/648/416 523/647/416 505/628/416
f 506/629/417 507/630/417 525/649/417
f 525/649/417 524/648/417 506/629/417
f 507/630/418 508/631/418 526/650/418
f 526/650/418 525/649/418 507/630/418
f 508/631/419 509/632/419 527/651/419
f 527/651/419 526/650/419 508/631/419
f 509/632/420 510/633/420 528/652/420
f 528/652/420 527/651/420 509/632/420
f 510/633/421 493/616/421 511/635/421
f 511/635/421 528/652/421 510/633/421
f 511/635/422 512/634/422 530/653/422
f 530/653/422 529/654/422 511/635/422
f 512/634/422 513/636/422 531/655/422
f 531/655/422 530/653/422 512/634/422
f 513/636/422 514/637/422 532/656/422
f 532/656/422 531/655/422 513/636/422
f 514/637/422 515/638/422 533/657/422
f 533/657/422 532/656/422 514/637/422
f 515/638/422 516/639/422 534/658/422
f 534/658/422 533/657/422 515/638/422
f 516/639/422 517/640/422 535/659/422
f 535/659/422 534/658/422 516/639/422
f 517/640/422 518/641/422 536/660/422
f 536/660/422 535/659/422 517/640/422
f 518/641/422 519/642/422 537/661/422
f 537/661/422 536/660/422 518/641/422
f 519/644/422 520/643/422 538/662/422
f 538/662/422 537/663/422 519/644/422
f 520/643/422 521/645/422 539/664/422
f 539/664/422 538/662/422 520/643/422
f 521/645/422 522/646/422 540/665/422
f 540/665/422 539/664/422 521/645/422
f 522/646/422 523/647/422 541/666/422
f 541/666/422 540/665/422 522/646/422
f 523/647/422 524/648/422 542/667/422
f 542/667/422 541/666/422 523/647/422
f 524/648/422 525/649/422 543/668/422
f 543/668/422 542/667/422 524/648/422
f 525/649/422 526/650/422 544/669/422
f 544/669/422 543/668/422 525/649/422
f 526/650/422 527/651/422 545/670/422
f 545/670/422 544/669/422 526/650/422
f 527/651/422 528/652/422 546/671/422
f 546/671/422 545/670/422 527/651/422
f 528/652/422 511/635/422 529/654/422
f 529/654/422 546/671/422 528/652/422
f 529/654/404 530/653/404 548/672/404
f 548/672/404 547/673/404 529/654/404
f 530/653/405 531/655/405 549/674/405
f 549/674/405 548/672/405 530/653/405
f 531/655/406 532/656/406 550/675/406
f 550/675/406 549/674/406 531/655/406
f 532/656/407 533/657/407 551/676/407
f 551/676/407 550/675/407 532/656/407
f 533/657/408 534/658/408 552/677/408
f 552/677/408 551/676/408 533/657/408
f 534/658/409 535/659/409 553/678/409
f 553/678/409 552/677/409 534/658/409
f 535/659/410 536/660/410 554/679/410
f 554/679/410 553/678/410 535/659/410
f 536/660/411 537/661/411 555/680/411
f 555/680/411 554/679/411 536/660/411
f 537/663/412 538/662/412 556/681/412
f 556/681/412 555/682/412 537/663/412
f 538/662/413 539/664/413 557/683/413
f 557/683/413 556/681/413 538/662/413
f 539/664/414 540/665/414 558/684/414
f 558/684/414 557/683/414 539/664/414
f 540/665/415 541/666/415 559/685/415
f 559/685/415 558/684/415 540/665/415
f 541/666/416 542/667/416 560/686/416
f 560/686/416 559/685/416 541/666/416
f 542/667/417 543/668/417 561/687/417
f 561/687/417 560/686/417 542/667/417
f 543/668/418 544/669/418 562/688/418
f 562/688/418 561/687/418 543/668/418
f 544/669/419 545/670/419 563/689/419
f 563/689/419 562/688/419 544/669/419
f 545/670/420 546/671/420 564/690/420
f 564/690/420 563/689/420 545/670/420
f 546/671/421 529/654/421 547/673/421
f 547/673/421 564/690/421 546/671/421
f 547/673/403 548/672/403 566/691/403
f 566/691/403 565/692/403 547/673/403
f 548/672/403 549/674/403 567/693/403
f 567/693/403 566/691/403 548/672/403
f 549/674/403 550/675/403 568/694/403
f 568/694/403 567/693/403 549/674/403
f 550/675/403 551/676/403 569/695/403
f 569/695/403 568/694/403 550/675/403
f 551/676/403 552/677/403 570/696/403
f 570/696/403 569/695/403 551/676/403
f 552/677/403 553/678/403 571/697/403
f 571/697/403 570/696/403 552/677/403
f 553/678/403 554/679/403 572/698/403
f 572/698/403 571/697/403 553/678/403
f 554/679/403 555/680/403 573/699/403
f 573/699/403 572/698/403 554/679/403
f 555/682/403 556/681/403 574/700/403
f 574/700/403 573/701/403 555/682/403
f 556/681/403 557/683/403 575/702/403
f 575/702/403 574/700/403 556/681/403
f 557/683/403 558/684/403 576/703/403
f 576/703/403 575/702/403 557/683/403
f 558/684/403 559/685/403 577/704/403
f 577/704/403 576/703/403 558/684/403
f 559/685/403 560/686/403 578/705/403
f 578/705/403 577/704/403 559/685/403
f 560/686/403 561/687/403 579/706/403
f 579/706/403 578/705/403 560/686/403
f 561/687/403 562/688/403 580/707/403
f 580/707/403 579/706/403 561/687/403
f 562/688/403 563/689/403 581/708/403
f 581/708/403 580/707/403 562/688/403
f 563/689/403 564/690/403 582/709/403
f 582/709/403 581/708/403 563/689/403
f 564/690/403 547/673/403 565/692/403
f 565/692/403 582/709/403 564/690/403
f 565/692/404 566/691/404 584/710/404
f 584/710/404 583/711/404 565/692/404
f 566/691/405 567/693/405 585/712/405
f 585/712/405 584/710/405 566/691/405
f 567/693/406 568/694/406 586/713/406
f 586/713/406 585/712/406 567/693/406
f 568/694/407 569/695/407 587/714/407
f 587/714/407 586/713/407 568/694/407
f 569/695/408 570/696/408 588/715/408
f 588/715/408 587/714/408 569/695/408
f 570/696/409 571/697/409 589/716/409
f 589/716/409 588/715/409 570/696/409
f 571/697/410 572/698/410 590/717/410
f 590/717/410 589/716/410 571/697/410
f 572/698/411 573/699/411 591/718/411
f 591/718/411 590/717/411 572/698/411
f 573/701/412 574/700/412 592/719/412
f 592/719/412 591/720/412 573/701/412
f 574/700/413 575/702/413 593/721/413
f 593/721/413 592/719/413 574/700/413
f 575/702/414 576/703/414 594/722/414
f 594/722/414 593/721/414 575/702/414
f 576/703/415 577/704/415 595/723/415
f 595/723/415 594/722/415 576/703/415
f 577/704/416 578/705/416 596/724/416
f 596/724/416 595/723/416 577/704/416
f 578/705/417 579/706/417 597/725/417
f 597/725/417 596/724/417 578/705/417
f 579/706/418 580/707/418 598/726/418
f 598/726/418 597/725/418 579/706/418
f 580/707/419 581/708/419 599/727/419
f 599/727/419 598/726/419 580/707/419
f 581/708/420 582/709/420 600/728/420
f 600/728/420 599/727/420 581/708/420
f 582/709/421 565/692/421 583/711/421
f 583/711/421 600/728/421 582/709/421
f 583/711/422 584/710/422 602/729/422
f 602/729/422 601/730/422 583/711/422
f 584/710/422 585/712/422 603/731/422
f 603/731/422 602/729/422 584/710/422
f 585/712/422 586/713/422 604/732/422
f 604/732/422 603/731/422 585/712/422
f 586/713/422 587/714/422 605/733/422
f 605/733/422 604/732/422 586/713/422
f 587/714/422 588/715/422 606/734/422
f 606/734/422 605/733/422 587/714/422
f 588/715/422 589/716/422 607/735/422
f 607/735/422 606/734/422 588/715/422
f 589/716/422 590/717/422 608/736/422
f 608/736/422 607/735/422 589/716/422
f 590/717/422 591/718/422 609/737/422
f 609/737/422 608/736/422 590/717/422
f 591/720/422 592/719/422 610/738/422
f 610/738/422 609/739/422 591/720/422
f 592/719/422 593/721/422 611/740/422
f 611/740/422 610/738/422 592/719/422
f 593/721/422 594/722/422 612/741/422
f 612/741/422 611/740/422 593/721/422
f 594/722/422 595/723/422 613/742/422
f 613/742/422 612/741/422 594/722/422
f 595/723/422 596/724/422 614/743/422
f 614/743/422 613/742/422 595/723/422
f 596/724/422 597/725/422 615/744/422
f 615/744/422 614/743/422 596/724/422
f 597/725/422 598/726/422 616/745/422
f 616/745/422 615/744/422 597/725/422
f 598/726/422 599/727/422 617/746/422
f 617/746/422 616/745/422 598/726/422
f 599/727/422 600/728/422 618/747/422
f 618/747/422 617/746/422 599/727/422
f 600/728/422 583/711/422 601/730/422
f 601/730/422 618/747/422 600/728/422
f 601/730/404 602/729/404 620/748/404
f 620/748/404 619/749/404 601/730/404
f 602/729/405 603/731/405 621/750/405
f 621/750/405 620/748/405 602/729/405
f 603/731/406 604/732/406 622/751/406
f 622/751/406 621/750/406 603/731/406
f 604/732/407 605/733/407 623/752/407
f 623/752/407 622/751/407 604/732/407
f 605/733/408 606/734/408 624/753/408
f 624/753/408 623/752/408 605/733/408
f 606/734/409 607/735/409 625/754/409
f 625/754/409 624/753/409 606/734/409
f 607/735/410 608/736/410 626/755/410
f 626/755/410 625/754/410 607/735/410
f 608/736/411 609/737/411 627/756/411
f 627/756/411 626/755/411 608/736/411
f 609/739/412 610/738/412 628/757/412
f 628/757/412 627/758/412 609/739/412
f 610/738/413 611/740/413 629/759/413
f 629/759/413 628/757/413 610/738/413
f 611/740/414 612/741/414 630/760/414
f 630/760/414 629/759/414 611/740/414
f 612/741/415 613/742/415 631/761/415
f 631/761/415 630/760/415 612/741/415
f 613/742/416 614/743/416 632/762/416
f 632/762/416 631/761/416 613/742/416
f 614/743/417 615/744/417 633/763/417
f 633/763/417 632/762/417 614/743/417
f 615/744/418 616/745/418 634/764/418
f 634/764/418 633/763/418 615/744/418
f 616/745/419 617/746/419 635/765/419
f 635/765/419 634/764/419 616/745/419
f 617/746/420 618/747/420 636/766/420
f 636/766/420 635/765/420 617/746/420
f 618/747/421 601/730/421 619/749/421
f 619/749/421 636/766/421 618/747/421
f 619/749/403 620/748/403 638/767/403
f 638/767/403 637/768/403 619/749/403
f 620/748/403 621/750/403 639/769/403
f 639/769/403 638/767/403 620/748/403
f 621/750/403 622/751/403 640/770/403
f 640/770/403 639/769/403 621/750/403
f 622/751/403 623/752/403 641/771/403
f 641/771/403 640/770/403 622/751/403
f 623/752/403 624/753/403 642/772/403
f 642/772/403 641/771/403 623/752/403
f 624/753/403 625/754/403 643/773/403
f 643/773/403 642/772/403 624/753/403
f 625/754/403 626/755/403 644/774/403
f 644/774/403 643/773/403 625/754/403
f 626/755/403 627/756/403 645/775/403
f 645/775/403 644/774/403 626/755/403
f 627/758/403 628/757/403 646/776/403
f 646/776/403 645/777/403 627/758/403
f 628/757/403 629/759/403 647/778/403
f 647/778/403 646/776/403 628/757/403
f 629/759/403 630/760/403 648/779/403
f 648/779/403 647/778/403 629/759/403
f 630/760/403 631/761/403 649/780/403
f 649/780/403 648/779/403 630/760/403
f 631/761/403 632/762/403 650/781/403
f 650/781/403 649/780/403 631/761/403
f 632/762/403 633/763/403 651/782/403
f 651/782/403 650/781/403 632/762/403
f 633/763/403 634/764/403 652/783/403
f 652/783/403 651/782/403 633/763/403
f 634/764/403 635/765/403 653/784/403
f 653/784/403 652/783/403 634/764/403
f 635/765/403 636/766/403 654/785/403
f 654/785/403 653/784/403 635/765/403
f 636/766/403 619/749/403 637/768/403
f 637/768/403 654/785/403 636/766/403
f 637/768/404 638/767/404 656/786/404
f 656/786/404 655/787/404 637/768/404
f 638/767/405 639/769/405 657/788/405
f 657/788/405 656/786/405 638/767/405
f 639/769/406 640/770/406 658/789/406
f 658/789/406 657/788/406 639/769/406
f 640/770/407 641/771/407 659/790/407
f 659/790/407 658/789/407 640/770/407
f 641/771/408 642/772/408 660/791/408
f 660/791/408 659/790/408 641/771/408
f 642/772/409 643/773/409 661/792/409
f 661/792/409 660/791/409 642/772/409
f 643/773/410 644/774/410 662/793/410
f 662/793/410 661/792/410 643/773/410
f 644/774/411 645/775/411 663/794/411
f 663/794/411 662/793/411 644/774/411
f 645/777/412 646/776/412 664/795/412
f 664/795/412 663/796/412 645/777/412
f 646/776/413 647/778/413 665/797/413
f 665/797/413 664/795/413 646/776/413
f 647/778/414 648/779/414 666/798/414
f 666/798/414 665/797/414 647/778/414
f 648/779/415 649/780/415 667/799/415
f 667/799/415 666/798/415 648/779/415
f 649/780/416 650/781/416 668/800/416
f 668/800/416 667/799/416 649/780/416
f 650/781/417 651/782/417 669/801/417
f 669/801/417 668/800/417 650/781/417
f 651/782/418 652/783/418 670/802/418
f 670/802/418 669/801/418 651/782/418
f 652/783/419 653/784/419 671/803/419
f 671/803/419 670/802/419 652/783/419
f 653/784/420 654/785/420 672/804/420
f 672/804/420 671/803/420 653/784/420
f 654/785/421 637/768/421 655/787/421
f 655/787/421 672/804/421 654/785/421
f 655/787/422 656/786/422 674/805/422
f 674/805/422 673/806/422 655/787/422
f 656/786/422 657/788/422 675/807/422
f 675/807/422 674/805/422 656/786/422
f 657/788/422 658/789/422 676/808/422
f 676/808/422 675/807/422 657/788/422
f 658/789/422 659/790/422 677/809/422
f 677/809/422 676/808/422 658/789/422
f 659/790/422 660/791/422 678/810/422
f 678/810/422 677/809/422 659/790/422
f 660/791/422 661/792/422 679/811/422
f 679/811/422 678/810/422 660/791/422
f 661/792/422 662/793/422 680/812/422
f 680/812/422 679/811/422 661/792/422
f 662/793/422 663/794/422 681/813/422
f 681/813/422 680/812/422 662/793/422
f 663/796/422 664/795/422 682/814/422
f 682/814/422 681/815/422 663/796/422
f 664/795/422 665/797/422 683/816/422
f 683/816/422 682/814/422 664/795/422
f 665/797/422 666/798/422 684/817/422
f 684/817/422 683/816/422 665/797/422
f 666/798/422 667/799/422 685/818/422
f 685/818/422 684/817/422 666/798/422
f 667/799/422 668/800/422 686/819/422
f 686/819/422 685/818/422 667/799/422
f 668/800/422 669/801/422 687/820/422
f 687/820/422 686/819/422 668/800/422
f 669/801/422 670/802/422 688/821/422
f 688/821/422 687/820/422 669/801/422
f 670/802/422 671/803/422 689/822/422
f 689/822/422 688/821/422 670/802/422
f 671/803/422 672/804/422 690/823/422
f 690/823/422 689/822/422 671/803/422
f 672/804/422 655/787/422 673/806/422
f 673/806/422 690/823/422 672/804/422
f 673/806/404 674/805/404 692/824/404
f 692/824/404 691/825/404 673/806/404
f 674/805/405 675/807/405 693/826/405
f 693/826/405 692/824/405 674/805/405
f 675/807/406 676/808/406 694/827/406
f 694/827/406 693/826/406 675/807/406
f 676/808/407 677/809/407 695/828/407
f 695/828/407 694/827/407 676/808/407
f 677/809/408 678/810/408 696/829/408
f 696/829/408 695/828/408 677/809/408
f 678/810/409 679/811/409 697/830/409
f 697/830/409 696/829/409 678/810/409
f 679/811/410 680/812/410 698/831/410
f 698/831/410 697/830/410 679/811/410
f 680/812/411 681/813/411 699/832/411
f 699/832/411 698/831/411 680/812/411
f 681/815/412 682/814/412 700/833/412
f 700/833/412 699/834/412 681/815/412
f 682/814/413 683/816/413 701/835/413
f 701/835/413 700/833/413 682/814/413
f 683/816/414 684/817/414 702/836/414
f 702/836/414 701/835/414 683/816/414
f 684/817/415 685/818/415 703/837/415
f 703/837/415 702/836/415 684/817/415
f 685/818/416 686/819/416 704/838/416
f 704/838/416 703/837/416 685/818/416
f 686/819/417 687/820/417 705/839/417
f 705/839/417 704/838/417 686/819/417
f 687/820/418 688/821/418 706/840/418
f 706/840/418 705/839/418 687/820/418
f 688/821/419 689/822/419 707/841/419
f 707/841/419 706/840/419 688/821/419
f 689/822/420 690/823/420 708/842/420
f 708/842/420 707/841/420 689/822/420
f 690/823/421 673/806/421 691/825/421
f 691/825/421 708/842/421 690/823/421
f 691/825/403 692/824/403 710/843/403
f 710/843/403 709/844/403 691/825/403
f 692/824/403 693/826/403 711/845/403
f 711/845/403 710/843/403 692/824/403
f 693/826/403 694/827/403 712/846/403
f 712/846/403 711/845/403 693/826/403
f 694/827/403 695/828/403 713/847/403
f 713/847/403 712/846/403 694/827/403
f 695/828/403 696/829/403 714/848/403
f 714/848/403 713/847/403 695/828/403
f 696/829/403 697/830/403 715/849/403
f 715/849/403 714/848/403 696/829/403
f 697/830/403 698/831/403 716/850/403
f 716/850/403 715/849/403 697/830/403
f 698/831/403 699/832/403 717/851/403
f 717/851/403 716/850/403 698/831/403
f 699/834/403 700/833/403 718/852/403
f 718/852/403 717/853/403 699/834/403
f 700/833/403 701/835/403 719/854/403
f 719/854/403 718/852/403 700/833/403
f 701/835/403 702/836/403 720/855/403
f 720/855/403 719/854/403 701/835/403
f 702/836/403 703/837/403 721/856/403
f 721/856/403 720/855/403 702/836/403
f 703/837/403 704/838/403 722/857/403
f 722/857/403 721/856/403 703/837/403
f 704/838/403 705/839/403 723/858/403
f 723/858/403 722/857/403 704/838/403
f 705/839/403 706/840/403 724/859/403
f 724/859/403 723/858/403 705/839/403
f 706/840/403 707/841/403 725/860/403
f 725/860/403 724/859/403 706/840/403
f 707/841/403 708/842/403 726/861/403
f 726/861/403 725/860/403 707/841/403
f 708/842/403 691/825/403 709/844/403
f 709/844/403 726/861/403 708/842/403
f 709/844/404 710/843/404 728/862/404
f 728/862/404 727/863/404 709/844/404
f 710/843/405 711/845/405 729/864/405
f 729/864/405 728/862/405 710/843/405
f 711/845/406 712/846/406 730/865/406
f 730/865/406 729/864/406 711/845/406
f 712/846/407 713/847/407 731/866/407
f 731/866/407 730/865/407 712/846/407
f 713/847/408 714/848/408 732/867/408
f 732/867/408 731/866/408 713/847/408
f 714/848/409 715/849/409 733/868/409
f 733/868/409 732/867/409 714/848/409
f 715/849/410 716/850/410 734/869/410
f 734/869/410 733/868/410 715/849/410
f 716/850/411 717/851/411 735/870/411
f 735/870/411 734/869/411 716/850/411
f 717/853/412 718/852/412 736/871/412
f 736/871/412 735/872/412 717/853/412
f 718/852/413 719/854/413 737/873/413
f 737/873/413 736/871/413 718/852/413
f 719/854/414 720/855/414 738/874/414
f 738/874/414 737/873/414 719/854/414
f 720/855/415 721/856/415 739/875/415
f 739/875/415 738/874/415 720/855/415
f 721/856/416 722/857/416 740/876/416
f 740/876/416 739/875/416 721/856/416
f 722/857/417 723/858/417 741/877/417
f 741/877/417 740/876/417 722/857/417
f 723/858/418 724/859/418 742/878/418
f 742/878/418 741/877/418 723/858/418
f 724/859/419 725/860/419 743/879/419
f 743/879/419 742/878/419 724/859/419
f 725/860/420 726/861/420 744/880/420
f 744/880/420 743/879/420 725/860/420
f 726/861/421 709/844/421 727/863/421
f 727/863/421 744/880/421 726/861/421
f 727/863/403 728/862/403 746/881/403
f 746/881/403 745/882/403 727/863/403
f 728/862/403 729/864/403 747/883/403
f 747/883/403 746/881/403 728/862/403
f 729/864/403 730/865/403 748/884/403
f 748/884/403 747/883/403 729/864/403
f 730/865/403 731/866/403 749/885/403
f 749/885/403 748/884/403 730/865/403
f 731/866/403 732/867/403 750/886/403
f 750/886/403 749/885/403 731/866/403
f 732/867/403 733/868/403 751/887/403
f 751/887/403 750/886/403 732/867/403
f 733/868/403 734/869/403 752/888/403
f 752/888/403 751/887/403 733/868/403
f 734/869/403 735/870/403 753/889/403
f 753/889/403 752/888/403 734/869/403
f 735/872/403 736/871/403 754/890/403
f 754/890/403 753/891/403 735/872/403
f 736/871/403 737/873/403 755/892/403
f 755/892/403 754/890/403 736/871/403
f 737/873/403 738/874/403 756/893/403
f 756/893/403 755/892/403 737/873/403
f 738/874/403 739/875/403 757/894/403
f 757/894/403 756/893/403 738/874/403
f 739/875/403 740/876/403 758/895/403
f 758/895/403 757/894/403 739/875/403
f 740/876/403 741/877/403 759/896/403
f 759/896/403 758/895/403 740/876/403
f 741/877/403 742/878/403 760/897/403
f 760/897/403 759/896/403 741/877/403
f 742/878/403 743/879/403 761/898/403
f 761/898/403 760/897/403 742/878/403
f 743/879/403 744/880/403 762/899/403
f 762/899/403 761/898/403 743/879/403
f 744/880/403 727/863/403 745/882/403
f 745/882/403 762/899/403 744/880/403
f 745/882/413 746/881/413 764/900/413
f 764/900/413 763/901/413 745/882/413
f 746/881/414 747/883/414 765/902/414
f 765/902/414 764/900/414 746/881/414
f 747/883/415 748/884/415 766/903/415
f 766/903/415 765/902/415 747/883/415
f 748/884/416 749/885/416 767/904/416
f 767/904/416 766/903/416 748/884/416
f 749/885/417 750/886/417 768/905/417
f 768/905/417 767/904/417 749/885/417
f 750/886/418 751/887/418 769/906/418
f 769/906/418 768/905/418 750/886/418
f 751/887/419 752/888/419 770/907/419
f 770/907/419 769/906/419 751/887/419
f 752/888/420 753/889/420 771/908/420
f 771/908/420 770/907/420 752/888/420
f 753/891/421 754/890/421 772/909/421
f 772/909/421 771/910/421 753/891/421
f 754/890/404 755/892/404 773/911/404
f 773/911/404 772/909/404 754/890/404
f 755/892/405 756/893/405 774/912/405
f 774/912/405 773/911/405 755/892/405
f 756/893/406 757/894/406 775/913/406
f 775/913/406 774/912/406 756/893/406
f 757/894/407 758/895/407 776/914/407
f 776/914/407 775/913/407 757/894/407
f 758/895/408 759/896/408 777/915/408
f 777/915/408 776/914/408 758/895/408
f 759/896/409 760/897/409 778/916/409
f 778/916/409 777/915/409 759/896/409
f 760/897/410 761/898/410 779/917/410
f 779/917/410 778/916/410 760/897/410
f 761/898/411 762/899/411 780/918/411
f 780/918/411 779/917/411 761/898/411
f 762/899/412 745/882/412 763/901/412
f 763/901/412 780/918/412 762/899/412
f 765/919/403 766/920/403 767/921/403
f 767/921/403 768/922/403 769/923/403
f 769/923/403 770/924/403 771/925/403
f 767/921/403 769/923/403 771/925/403
f 771/925/403 772/926/403 773/927/403
f 773/927/403 774/928/403 775/929/403
f 771/925/403 773/927/403 775/929/403
f 775/929/403 776/930/403 777/931/403
f 777/931/403 778/932/403 779/933/403
f 775/929/403 777/931/403 779/933/403
f 771/925/403 775/929/403 779/933/403
f 767/921/403 771/925/403 779/933/403
f 779/933/403 780/934/403 763/935/403
f 767/921/403 779/933/403 763/935/403
f 765/919/403 767/921/403 763/935/403
f 764/936/403 765/919/403 763/935/403
f 781/937/423 782/938/424 800/939/424
f 800/939/424 799/940/423 781/937/423
f 782/938/424 783/941/425 801/942/425
f 801/942/425 800/939/424 782/938/424
f 783/941/425 784/943/426 802/944/426
f 802/944/426 801/942/425 783/941/425
f 784/943/426 785/945/427 803/946/427
f 803/946/427 802/944/426 784/943/426
f 785/945/427 786/947/428 804/948/428
f 804/948/428 803/946/427 785/945/427
f 786/947/428 787/949/429 805/950/429
f 805/950/429 804/948/428 786/947/428
f 787/949/429 788/951/430 806/952/430
f 806/952/430 805/950/429 787/949/429
f 788/951/430 789/953/431 807/954/432
f 807/954/432 806/952/430 788/951/430
f 789/953/431 790/955/433 808/956/434
f 808/956/434 807/954/432 789/953/431
f 790/955/433 791/957/435 809/958/436
f 809/958/436 808/956/434 790/955/433
f 791/957/435 792/959/437 810/960/437
f 810/960/437 809/958/436 791/957/435
f 792/959/437 793/961/438 811/962/438
f 811/962/438 810/960/437 792/959/437
f 793/961/438 794/963/439 812/964/439
f 812/964/439 811/962/438 793/961/438
f 794/965/439 795/966/440 813/967/440
f 813/967/440 812/968/439 794/965/439
f 795/966/440 796/969/441 814/970/441
f 814/970/441 813/967/440 795/966/440
f 796/969/441 797/971/442 815/972/442
f 815/972/442 814/970/441 796/969/441
f 797/971/442 798/973/443 816/974/444
f 816/974/444 815/972/442 797/971/442
f 798/973/443 781/937/423 799/940/423
f 799/940/423 816/974/444 798/973/443
f 830/975/445 818/976/446 817/977/447
f 817/977/447 829/978/448 830/975/445
f 831/979/449 819/980/450 818/976/446
f 818/976/446 830/975/445 831/979/449
f 832/981/451 820/982/452 819/980/450
f 819/980/450 831/979/449 832/981/451
f 833/983/453 821/984/454 820/982/452
f 820/982/452 832/981/451 833/983/453
f 834/985/455 822/986/456 821/984/454
f 821/984/454 833/983/453 834/985/455
f 835/987/457 823/988/458 822/986/456
f 822/986/456 834/985/455 835/987/457
f 836/989/459 824/990/460 823/988/458
f 823/988/458 835/987/457 836/989/459
f 837/991/461 825/992/462 824/990/460
f 824/990/460 836/989/459 837/991/461
f 838/993/463 826/994/464 825/992/462
f 825/992/462 837/991/461 838/993/463
f 839/995/465 827/996/466 826/994/464
f 826/994/464 838/993/463 839/995/465
f 840/997/467 828/998/468 827/996/466
f 827/996/466 839/995/465 840/997/467
f 829/999/448 817/1000/447 828/998/468
f 828/998/468 840/997/467 829/999/448
f 842/1001/469 830/975/445 829/978/448
f 829/978/448 841/1002/470 842/1001/469
f 843/1003/471 831/979/449 830/975/445
f 830/975/445 842/1001/469 843/1003/471
f 844/1004/472 832/981/451 831/979/449
f 831/979/449 843/1003/471 844/1004/472
f 845/1005/473 833/983/453 832/981/451
f 832/981/451 844/1004/472 845/1005/473
f 846/1006/474 834/985/455 833/983/453
f 833/983/453 845/1005/473 846/1006/474
f 847/1007/475 835/987/457 834/985/455
f 834/985/455 846/1006/474 847/1007/475
f 848/1008/476 836/989/459 835/987/457
f 835/987/457 847/1007/475 848/1008/476
f 849/1009/477 837/991/461 836/989/459
f 836/989/459 848/1008/476 849/1009/477
f 850/1010/478 838/993/463 837/991/461
f 837/991/461 849/1009/477 850/1010/478
f 851/1011/479 839/995/465 838/993/463
f 838/993/463 850/1010/478 851/1011/479
f 852/1012/480 840/997/467 839/995/465
f 839/995/465 851/1011/479 852/1012/480
f 841/1013/470 829/999/448 840/997/467
f 840/997/467 852/1012/480 841/1013/470
f 854/1014/481 842/1001/469 841/1002/470
f 841/1002/470 853/1015/482 854/1014/481
f 855/1016/483 843/1003/471 842/1001/469
f 842/1001/469 854/1014/481 855/1016/483
f 856/1017/484 844/1004/472 843/1003/471
f 843/1003/471 855/1016/483 856/1017/484
f 857/1018/485 845/1005/473 844/1004/472
f 844/1004/472 856/1017/484 857/1018/485
f 858/1019/486 846/1006/474 845/1005/473
f 845/1005/473 857/1018/485 858/1019/486
f 859/1020/487 847/1007/475 846/1006/474
f 846/1006/474 858/1019/486 859/1020/487
f 860/1021/488 848/1008/476 847/1007/475
f 847/1007/475 859/1020/487 860/1021/488
f 861/1022/489 849/1009/477 848/1008/476
f 848/1008/476 860/1021/488 861/1022/489
f 862/1023/490 850/1010/478 849/1009/477
f 849/1009/477 861/1022/489 862/1023/490
f 863/1024/491 851/1011/479 850/1010/478
f 850/1010/478 862/1023/490 863/1024/491
f 864/1025/492 852/1012/480 851/1011/479
f 851/1011/479 863/1024/491 864/1025/492
f 853/1026/482 841/1013/470 852/1012/480
f 852/1012/480 864/1025/492 853/1026/482
f 866/1027/493 854/1014/481 853/1015/482
f 853/1015/482 865/1028/494 866/1027/493
f 867/1029/495 855/1016/483 854/1014/481
f 854/1014/481 866/1027/493 867/1029/495
f 868/1030/496 856/1017/484 855/1016/483
f 855/1016/483 867/1029/495 868/1030/496
f 869/1031/497 857/1018/485 856/1017/484
f 856/1017/484 868/1030/496 869/1031/497
f 870/1032/498 858/1019/486 857/1018/485
f 857/1018/485 869/1031/497 870/1032/498
f 871/1033/499 859/1020/487 858/1019/486
f 858/1019/486 870/1032/498 871/1033/499
f 872/1034/500 860/1021/488 859/1020/487
f 859/1020/487 871/1033/499 872/1034/500
f 873/1035/501 861/1022/489 860/1021/488
f 860/1021/488 872/1034/500 873/1035/501
f 874/1036/502 862/1023/490 861/1022/489
f 861/1022/489 873/1035/501 874/1036/502
f 875/1037/503 863/1024/491 862/1023/490
f 862/1023/490 874/1036/502 875/1037/503
f 876/1038/504 864/1025/492 863/1024/491
f 863/1024/491 875/1037/503 876/1038/504
f 865/1039/494 853/1026/482 864/1025/492
f 864/1025/492 876/1038/504 865/1039/494
f 1238/1040/505 1225/1041/506 1226/1042/507
f 1226/1042/507 1237/1043/507 1238/1040/505
f 1239/1044/508 1236/1045/509 1225/1041/506
f 1225/1041/506 1238/1040/505 1239/1044/508
f 1240/1046/510 1235/1047/511 1236/1045/509
f 1236/1045/509 1239/1044/508 1240/1046/510
f 1241/1048/512 1234/1049/513 1235/1047/511
f 1235/1047/511 1240/1046/510 1241/1048/512
f 1242/1050/514 1233/1051/515 1234/1049/513
f 1234/1049/513 1241/1048/512 1242/1050/514
f 1243/1052/516 1232/1053/516 1233/1051/515
f 1233/1051/515 1242/1050/514 1243/1052/516
f 1244/1054/517 1231/1055/517 1232/1053/517
f 1232/1053/517 1243/1052/517 1244/1054/517
f 1245/1056/518 1230/1057/519 1231/1055/520
f 1231/1055/520 1244/1054/521 1245/1056/518
f 1246/1058/522 1229/1059/523 1230/1057/519
f 1230/1057/519 1245/1056/518 1246/1058/522
f 1247/1060/524 1228/1061/525 1229/1059/523
f 1229/1059/523 1246/1058/522 1247/1060/524
f 1248/1062/526 1227/1063/527 1228/1061/525
f 1228/1061/525 1247/1060/524 1248/1062/526
f 1237/1064/507 1226/1065/507 1227/1063/527
f 1227/1063/527 1248/1062/526 1237/1064/507
f 890/1066/528 878/1067/529 877/1068/530
f 877/1068/530 889/1069/531 890/1066/528
f 891/1070/532 879/1071/533 878/1067/529
f 878/1067/529 890/1066/528 891/1070/532
f 892/1072/534 880/1073/535 879/1071/533
f 879/1071/533 891/1070/532 892/1072/534
f 893/1074/536 881/1075/537 880/1073/535
f 880/1073/535 892/1072/534 893/1074/536
f 894/1076/538 882/1077/539 881/1075/537
f 881/1075/537 893/1074/536 894/1076/538
f 895/1078/540 883/1079/541 882/1077/539
f 882/1077/539 894/1076/538 895/1078/540
f 896/1080/542 884/1081/543 883/1079/541
f 883/1079/541 895/1078/540 896/1080/542
f 897/1082/544 885/1083/545 884/1081/543
f 884/1081/543 896/1080/542 897/1082/544
f 898/1084/546 886/1085/547 885/1083/545
f 885/1083/545 897/1082/544 898/1084/546
f 899/1086/548 887/1087/549 886/1085/547
f 886/1085/547 898/1084/546 899/1086/548
f 900/1088/550 888/1089/551 887/1087/549
f 887/1087/549 899/1086/548 900/1088/550
f 889/1090/531 877/1091/530 888/1089/551
f 888/1089/551 900/1088/550 889/1090/531
f 902/1092/552 890/1093/528 889/1094/531
f 889/1094/531 901/1095/553 902/1092/552
f 903/1096/554 891/1097/532 890/1093/528
f 890/1093/528 902/1092/552 903/1096/554
f 904/1098/555 892/1099/534 891/1097/532
f 891/1097/532 903/1096/554 904/1098/555
f 905/1100/556 893/1101/536 892/1099/534
f 892/1099/534 904/1098/555 905/1100/556
f 906/1102/557 894/1103/538 893/1101/536
f 893/1101/536 905/1100/556 906/1102/557
f 907/1104/558 895/1105/540 894/1103/538
f 894/1103/538 906/1102/557 907/1104/558
f 908/1106/559 896/1107/542 895/1105/540
f 895/1105/540 907/1104/558 908/1106/559
f 909/1108/560 897/1109/544 896/1107/542
f 896/1107/542 908/1106/559 909/1108/560
f 910/1110/561 898/1111/546 897/1109/544
f 897/1109/544 909/1108/560 910/1110/561
f 911/1112/562 899/1113/548 898/1111/546
f 898/1111/546 910/1110/561 911/1112/562
f 912/1114/563 900/1115/550 899/1113/548
f 899/1113/548 911/1112/562 912/1114/563
f 901/1116/553 889/1117/531 900/1115/550
f 900/1115/550 912/1114/563 901/1116/553
f 914/1118/564 902/1092/552 901/1095/553
f 901/1095/553 913/1119/565 914/1118/564
f 915/1120/566 903/1096/554 902/1092/552
f 902/1092/552 914/1118/564 915/1120/566
f 916/1121/567 904/1098/555 903/1096/554
f 903/1096/554 915/1120/566 916/1121/567
f 917/1122/568 905/1100/556 904/1098/555
f 904/1098/555 916/1121/567 917/1122/568
f 918/1123/569 906/1102/557 905/1100/556
f 905/1100/556 917/1122/568 918/1123/569
f 919/1124/570 907/1104/558 906/1102/557
f 906/1102/557 918/1123/569 919/1124/570
f 920/1125/571 908/1106/559 907/1104/558
f 907/1104/558 919/1124/570 920/1125/571
f 921/1126/572 909/1108/560 908/1106/559
f 908/1106/559 920/1125/571 921/1126/572
f 922/1127/573 910/1110/561 909/1108/560
f 909/1108/560 921/1126/572 922/1127/573
f 923/1128/574 911/1112/562 910/1110/561
f 910/1110/561 922/1127/573 923/1128/574
f 924/1129/575 912/1114/563 911/1112/562
f 911/1112/562 923/1128/574 924/1129/575
f 913/1130/565 901/1116/553 912/1114/563
f 912/1114/563 924/1129/575 913/1130/565
f 926/1131/576 914/1118/564 913/1119/565
f 913/1119/565 925/1132/577 926/1131/576
f 927/1133/578 915/1120/566 914/1118/564
f 914/1118/564 926/1131/576 927/1133/578
f 928/1134/579 916/1121/567 915/1120/566
f 915/1120/566 927/1133/578 928/1134/579
f 929/1135/580 917/1122/568 916/1121/567
f 916/1121/567 928/1134/579 929/1135/580
f 930/1136/581 918/1123/569 917/1122/568
f 917/1122/568 929/1135/580 930/1136/581
f 931/1137/582 919/1124/570 918/1123/569
f 918/1123/569 930/1136/581 931/1137/582
f 932/1138/583 920/1125/571 919/1124/570
f 919/1124/570 931/1137/582 932/1138/583
f 933/1139/584 921/1126/572 920/1125/571
f 920/1125/571 932/1138/583 933/1139/584
f 934/1140/585 922/1127/573 921/1126/572
f 921/1126/572 933/1139/584 934/1140/585
f 935/1141/586 923/1128/574 922/1127/573
f 922/1127/573 934/1140/585 935/1141/586
f 936/1142/587 924/1129/575 923/1128/574
f 923/1128/574 935/1141/586 936/1142/587
f 925/1143/577 913/1130/565 924/1129/575
f 924/1129/575 936/1142/587 925/1143/577
f 938/1144/588 926/1131/576 925/1132/577
f 925/1132/577 937/1145/589 938/1144/588
f 939/1146/590 927/1133/578 926/1131/576
f 926/1131/576 938/1144/588 939/1146/590
f 940/1147/591 928/1134/579 927/1133/578
f 927/1133/578 939/1146/590 940/1147/591
f 941/1148/592 929/1135/580 928/1134/579
f 928/1134/579 940/1147/591 941/1148/592
f 942/1149/593 930/1136/581 929/1135/580
f 929/1135/580 941/1148/592 942/1149/593
f 943/1150/594 931/1137/582 930/1136/581
f 930/1136/581 942/1149/593 943/1150/594
f 944/1151/595 932/1138/583 931/1137/582
f 931/1137/582 943/1150/594 944/1151/595
f 945/1152/596 933/1139/584 932/1138/583
f 932/1138/583 944/1151/595 945/1152/596
f 946/1153/597 934/1140/585 933/1139/584
f 933/1139/584 945/1152/596 946/1153/597
f 947/1154/598 935/1141/586 934/1140/585
f 934/1140/585 946/1153/597 947/1154/598
f 948/1155/599 936/1142/587 935/1141/586
f 935/1141/586 947/1154/598 948/1155/599
f 937/1156/589 925/1143/577 936/1142/587
f 936/1142/587 948/1155/599 937/1156/589
f 950/1157/600 938/1144/588 937/1145/589
f 937/1145/589 949/1158/601 950/1157/600
f 951/1159/602 939/1146/590 938/1144/588
f 938/1144/588 950/1157/600 951/1159/602
f 952/1160/603 940/1147/591 939/1146/590
f 939/1146/590 951/1159/602 952/1160/603
f 953/1161/604 941/1148/592 940/1147/591
f 940/1147/591 952/1160/603 953/1161/604
f 954/1162/605 942/1149/593 941/1148/592
f 941/1148/592 953/1161/604 954/1162/605
f 955/1163/606 943/1150/594 942/1149/593
f 942/1149/593 954/1162/605 955/1163/606
f 956/1164/607 944/1151/595 943/1150/594
f 943/1150/594 955/1163/606 956/1164/607
f 957/1165/608 945/1152/596 944/1151/595
f 944/1151/595 956/1164/607 957/1165/608
f 958/1166/609 946/1153/597 945/1152/596
f 945/1152/596 957/1165/608 958/1166/609
f 959/1167/610 947/1154/598 946/1153/597
f 946/1153/597 958/1166/609 959/1167/610
f 960/1168/611 948/1155/599 947/1154/598
f 947/1154/598 959/1167/610 960/1168/611
f 949/1169/601 937/1156/589 948/1155/599
f 948/1155/599 960/1168/611 949/1169/601
f 962/1170/612 950/1157/600 949/1158/601
f 949/1158/601 961/1171/613 962/1170/612
f 963/1172/614 951/1159/602 950/1157/600
f 950/1157/600 962/1170/612 963/1172/614
f 964/1173/615 952/1160/603 951/1159/602
f 951/1159/602 963/1172/614 964/1173/615
f 965/1174/616 953/1161/604 952/1160/603
f 952/1160/603 964/1173/615 965/1174/616
f 966/1175/617 954/1162/605 953/1161/604
f 953/1161/604 965/1174/616 966/1175/617
f 967/1176/618 955/1163/606 954/1162/605
f 954/1162/605 966/1175/617 967/1176/618
f 968/1177/619 956/1164/607 955/1163/606
f 955/1163/606 967/1176/618 968/1177/619
f 969/1178/620 957/1165/608 956/1164/607
f 956/1164/607 968/1177/619 969/1178/620
f 970/1179/621 958/1166/609 957/1165/608
f 957/1165/608 969/1178/620 970/1179/621
f 971/1180/622 959/1167/610 958/1166/609
f 958/1166/609 970/1179/621 971/1180/622
f 972/1181/623 960/1168/611 959/1167/610
f 959/1167/610 971/1180/622 972/1181/623
f 961/1182/613 949/1169/601 960/1168/611
f 960/1168/611 972/1181/623 961/1182/613
f 1166/1183/624 1153/1184/625 1154/1185/624
f 1154/1185/624 1165/1186/624 1166/1183/624
f 1167/1187/626 1164/1188/627 1153/1184/627
f 1153/1184/627 1166/1183/626 1167/1187/626
f 1168/1189/628 1163/1190/629 1164/1188/629
f 1164/1188/629 1167/1187/628 1168/1189/628
f 1169/1191/630 1162/1192/631 1163/1190/631
f 1163/1190/631 1168/1189/630 1169/1191/630
f 1170/1193/632 1161/1194/633 1162/1192/633
f 1162/1192/633 1169/1191/632 1170/1193/632
f 1171/1195/634 1160/1196/634 1161/1194/634
f 1161/1194/634 1170/1193/634 1171/1195/634
f 1172/1197/635 1159/1198/635 1160/1196/635
f 1160/1196/635 1171/1195/635 1172/1197/635
f 1173/1199/636 1158/1200/637 1159/1198/637
f 1159/1198/637 1172/1197/636 1173/1199/636
f 1174/1201/638 1157/1202/639 1158/1200/639
f 1158/1200/639 1173/1199/638 1174/1201/638
f 1175/1203/640 1156/1204/641 1157/1202/641
f 1157/1202/641 1174/1201/640 1175/1203/640
f 1176/1205/642 1155/1206/643 1156/1204/643
f 1156/1204/643 1175/1203/642 1176/1205/642
f 1165/1207/644 1154/1208/645 1155/1206/644
f 1155/1206/644 1176/1205/644 1165/1207/644
f 986/1209/646 974/1210/647 973/1211/648
f 973/1211/648 985/1212/458 986/1209/646
f 987/1213/649 975/1214/650 974/1210/647
f 974/1210/647 986/1209/646 987/1213/649
f 988/1215/651 976/1216/652 975/1214/650
f 975/1214/650 987/1213/649 988/1215/651
f 989/1217/653 977/1218/654 976/1216/652
f 976/1216/652 988/1215/651 989/1217/653
f 990/1219/655 978/1220/656 977/1218/654
f 977/1218/654 989/1217/653 990/1219/655
f 991/1221/657 979/1222/657 978/1220/657
f 978/1220/657 990/1219/657 991/1221/657
f 992/1223/658 980/1224/659 979/1222/660
f 979/1222/660 991/1221/661 992/1223/658
f 993/1225/662 981/1226/663 980/1224/659
f 980/1224/659 992/1223/658 993/1225/662
f 994/1227/664 982/1228/665 981/1226/663
f 981/1226/663 993/1225/662 994/1227/664
f 995/1229/666 983/1230/667 982/1228/665
f 982/1228/665 994/1227/664 995/1229/666
f 996/1231/668 984/1232/669 983/1230/667
f 983/1230/667 995/1229/666 996/1231/668
f 985/1233/458 973/1234/648 984/1232/669
f 984/1232/669 996/1231/668 985/1233/458
f 998/1235/670 986/1209/646 985/1212/458
f 985/1212/458 997/1236/457 998/1235/670
f 999/1237/671 987/1213/649 986/1209/646
f 986/1209/646 998/1235/670 999/1237/671
f 1000/1238/672 988/1215/651 987/1213/649
f 987/1213/649 999/1237/671 1000/1238/672
f 1001/1239/673 989/1217/653 988/1215/651
f 988/1215/651 1000/1238/672 1001/1239/673
f 1002/1240/674 990/1219/655 989/1217/653
f 989/1217/653 1001/1239/673 1002/1240/674
f 1003/1241/448 991/1221/661 990/1219/655
f 990/1219/655 1002/1240/674 1003/1241/448
f 1004/1242/675 992/1223/658 991/1221/661
f 991/1221/661 1003/1241/448 1004/1242/675
f 1005/1243/676 993/1225/662 992/1223/658
f 992/1223/658 1004/1242/675 1005/1243/676
f 1006/1244/677 994/1227/664 993/1225/662
f 993/1225/662 1005/1243/676 1006/1244/677
f 1007/1245/678 995/1229/666 994/1227/664
f 994/1227/664 1006/1244/677 1007/1245/678
f 1008/1246/679 996/1231/668 995/1229/666
f 995/1229/666 1007/1245/678 1008/1246/679
f 997/1247/457 985/1233/458 996/1231/668
f 996/1231/668 1008/1246/679 997/1247/457
f 1010/1248/680 998/1235/670 997/1236/457
f 997/1236/457 1009/1249/475 1010/1248/680
f 1011/1250/681 999/1237/671 998/1235/670
f 998/1235/670 1010/1248/680 1011/1250/681
f 1012/1251/682 1000/1238/672 999/1237/671
f 999/1237/671 1011/1250/681 1012/1251/682
f 1013/1252/683 1001/1239/673 1000/1238/672
f 1000/1238/672 1012/1251/682 1013/1252/683
f 1014/1253/684 1002/1240/674 1001/1239/673
f 1001/1239/673 1013/1252/683 1014/1253/684
f 1015/1254/470 1003/1241/448 1002/1240/674
f 1002/1240/674 1014/1253/684 1015/1254/470
f 1016/1255/685 1004/1242/675 1003/1241/448
f 1003/1241/448 1015/1254/470 1016/1255/685
f 1017/1256/686 1005/1243/676 1004/1242/675
f 1004/1242/675 1016/1255/685 1017/1256/686
f 1018/1257/687 1006/1244/677 1005/1243/676
f 1005/1243/676 1017/1256/686 1018/1257/687
f 1019/1258/688 1007/1245/678 1006/1244/677
f 1006/1244/677 1018/1257/687 1019/1258/688
f 1020/1259/689 1008/1246/679 1007/1245/678
f 1007/1245/678 1019/1258/688 1020/1259/689
f 1009/1260/475 997/1247/457 1008/1246/679
f 1008/1246/679 1020/1259/689 1009/1260/475
f 1022/1261/690 1010/1248/680 1009/1249/475
f 1009/1249/475 1021/1262/487 1022/1261/690
f 1023/1263/691 1011/1250/681 1010/1248/680
f 1010/1248/680 1022/1261/690 1023/1263/691
f 1024/1264/692 1012/1251/682 1011/1250/681
f 1011/1250/681 1023/1263/691 1024/1264/692
f 1025/1265/693 1013/1252/683 1012/1251/682
f 1012/1251/682 1024/1264/692 1025/1265/693
f 1026/1266/694 1014/1253/684 1013/1252/683
f 1013/1252/683 1025/1265/693 1026/1266/694
f 1027/1267/482 1015/1254/470 1014/1253/684
f 1014/1253/684 1026/1266/694 1027/1267/482
f 1028/1268/695 1016/1255/685 1015/1254/470
f 1015/1254/470 1027/1267/482 1028/1268/695
f 1029/1269/696 1017/1256/686 1016/1255/685
f 1016/1255/685 1028/1268/695 1029/1269/696
f 1030/1270/697 1018/1257/687 1017/1256/686
f 1017/1256/686 1029/1269/696 1030/1270/697
f 1031/1271/698 1019/1258/688 1018/1257/687
f 1018/1257/687 1030/1270/697 1031/1271/698
f 1032/1272/699 1020/1259/689 1019/1258/688
f 1019/1258/688 1031/1271/698 1032/1272/699
f 1021/1273/487 1009/1260/475 1020/1259/689
f 1020/1259/689 1032/1272/699 1021/1273/487
f 1034/1274/700 1022/1261/690 1021/1262/487
f 1021/1262/487 1033/1275/499 1034/1274/700
f 1035/1276/701 1023/1263/691 1022/1261/690
f 1022/1261/690 1034/1274/700 1035/1276/701
f 1036/1277/702 1024/1264/692 1023/1263/691
f 1023/1263/691 1035/1276/701 1036/1277/702
f 1037/1278/703 1025/1265/693 1024/1264/692
f 1024/1264/692 1036/1277/702 1037/1278/703
f 1038/1279/704 1026/1266/694 1025/1265/693
f 1025/1265/693 1037/1278/703 1038/1279/704
f 1039/1280/494 1027/1267/482 1026/1266/694
f 1026/1266/694 1038/1279/704 1039/1280/494
f 1040/1281/705 1028/1268/695 1027/1267/482
f 1027/1267/482 1039/1280/494 1040/1281/705
f 1041/1282/706 1029/1269/696 1028/1268/695
f 1028/1268/695 1040/1281/705 1041/1282/706
f 1042/1283/707 1030/1270/697 1029/1269/696
f 1029/1269/696 1041/1282/706 1042/1283/707
f 1043/1284/708 1031/1271/698 1030/1270/697
f 1030/1270/697 1042/1283/707 1043/1284/708
f 1044/1285/709 1032/1272/699 1031/1271/698
f 1031/1271/698 1043/1284/708 1044/1285/709
f 1033/1286/499 1021/1273/487 1032/1272/699
f 1032/1272/699 1044/1285/709 1033/1286/499
f 1214/1287/710 1201/1288/711 1202/1289/711
f 1202/1289/711 1213/1290/710 1214/1287/710
f 1215/1291/712 1212/1292/713 1201/1288/714
f 1201/1288/714 1214/1287/714 1215/1291/712
f 1216/1293/715 1211/1294/716 1212/1292/713
f 1212/1292/713 1215/1291/712 1216/1293/715
f 1217/1295/717 1210/1296/718 1211/1294/716
f 1211/1294/716 1216/1293/715 1217/1295/717
f 1218/1297/719 1209/1298/720 1210/1296/718
f 1210/1296/718 1217/1295/717 1218/1297/719
f 1219/1299/507 1208/1300/507 1209/1298/720
f 1209/1298/720 1218/1297/719 1219/1299/507
f 1220/1301/721 1207/1302/722 1208/1300/507
f 1208/1300/507 1219/1299/507 1220/1301/721
f 1221/1303/723 1206/1304/724 1207/1302/722
f 1207/1302/722 1220/1301/721 1221/1303/723
f 1222/1305/725 1205/1306/726 1206/1304/724
f 1206/1304/724 1221/1303/723 1222/1305/725
f 1223/1307/727 1204/1308/728 1205/1306/726
f 1205/1306/726 1222/1305/725 1223/1307/727
f 1224/1309/729 1203/1310/730 1204/1308/728
f 1204/1308/728 1223/1307/727 1224/1309/729
f 1213/1311/731 1202/1312/731 1203/1310/730
f 1203/1310/730 1224/1309/729 1213/1311/731
f 1058/1313/732 1046/1314/733 1045/1315/541
f 1045/1315/541 1057/1316/540 1058/1313/732
f 1059/1317/734 1047/1318/735 1046/1314/733
f 1046/1314/733 1058/1313/732 1059/1317/734
f 1060/1319/736 1048/1320/737 1047/1318/735
f 1047/1318/735 1059/1317/734 1060/1319/736
f 1061/1321/738 1049/1322/739 1048/1320/737
f 1048/1320/737 1060/1319/736 1061/1321/738
f 1062/1323/740 1050/1324/741 1049/1322/739
f 1049/1322/739 1061/1321/738 1062/1323/740
f 1063/1325/531 1051/1326/530 1050/1324/741
f 1050/1324/741 1062/1323/740 1063/1325/531
f 1064/1327/742 1052/1328/743 1051/1326/530
f 1051/1326/530 1063/1325/531 1064/1327/742
f 1065/1329/744 1053/1330/745 1052/1328/743
f 1052/1328/743 1064/1327/742 1065/1329/744
f 1066/1331/746 1054/1332/747 1053/1330/745
f 1053/1330/745 1065/1329/744 1066/1331/746
f 1067/1333/748 1055/1334/749 1054/1332/747
f 1054/1332/747 1066/1331/746 1067/1333/748
f 1068/1335/750 1056/1336/751 1055/1334/749
f 1055/1334/749 1067/1333/748 1068/1335/750
f 1057/1337/540 1045/1338/541 1056/1336/751
f 1056/1336/751 1068/1335/750 1057/1337/540
f 1070/1339/752 1058/1313/732 1057/1316/540
f 1057/1316/540 1069/1340/558 1070/1339/752
f 1071/1341/753 1059/1317/734 1058/1313/732
f 1058/1313/732 1070/1339/752 1071/1341/753
f 1072/1342/754 1060/1319/736 1059/1317/734
f 1059/1317/734 1071/1341/753 1072/1342/754
f 1073/1343/755 1061/1321/738 1060/1319/736
f 1060/1319/736 1072/1342/754 1073/1343/755
f 1074/1344/756 1062/1323/740 1061/1321/738
f 1061/1321/738 1073/1343/755 1074/1344/756
f 1075/1345/553 1063/1325/531 1062/1323/740
f 1062/1323/740 1074/1344/756 1075/1345/553
f 1076/1346/757 1064/1327/742 1063/1325/531
f 1063/1325/531 1075/1345/553 1076/1346/757
f 1077/1347/758 1065/1329/744 1064/1327/742
f 1064/1327/742 1076/1346/757 1077/1347/758
f 1078/1348/759 1066/1331/746 1065/1329/744
f 1065/1329/744 1077/1347/758 1078/1348/759
f 1079/1349/760 1067/1333/748 1066/1331/746
f 1066/1331/746 1078/1348/759 1079/1349/760
f 1080/1350/761 1068/1335/750 1067/1333/748
f 1067/1333/748 1079/1349/760 1080/1350/761
f 1069/1351/558 1057/1337/540 1068/1335/750
f 1068/1335/750 1080/1350/761 1069/1351/558
f 1082/1352/762 1070/1339/752 1069/1340/558
f 1069/1340/558 1081/1353/570 1082/1352/762
f 1083/1354/763 1071/1341/753 1070/1339/752
f 1070/1339/752 1082/1352/762 1083/1354/763
f 1084/1355/764 1072/1342/754 1071/1341/753
f 1071/1341/753 1083/1354/763 1084/1355/764
f 1085/1356/765 1073/1343/755 1072/1342/754
f 1072/1342/754 1084/1355/764 1085/1356/765
f 1086/1357/766 1074/1344/756 1073/1343/755
f 1073/1343/755 1085/1356/765 1086/1357/766
f 1087/1358/565 1075/1345/553 1074/1344/756
f 1074/1344/756 1086/1357/766 1087/1358/565
f 1088/1359/767 1076/1346/757 1075/1345/553
f 1075/1345/553 1087/1358/565 1088/1359/767
f 1089/1360/768 1077/1347/758 1076/1346/757
f 1076/1346/757 1088/1359/767 1089/1360/768
f 1090/1361/769 1078/1348/759 1077/1347/758
f 1077/1347/758 1089/1360/768 1090/1361/769
f 1091/1362/770 1079/1349/760 1078/1348/759
f 1078/1348/759 1090/1361/769 1091/1362/770
f 1092/1363/771 1080/1350/761 1079/1349/760
f 1079/1349/760 1091/1362/770 1092/1363/771
f 1081/1364/570 1069/1351/558 1080/1350/761
f 1080/1350/761 1092/1363/771 1081/1364/570
f 1094/1365/772 1082/1366/762 1081/1367/570
f 1081/1367/570 1093/1368/582 1094/1365/772
f 1095/1369/773 1083/1370/763 1082/1366/762
f 1082/1366/762 1094/1365/772 1095/1369/773
f 1096/1371/774 1084/1372/764 1083/1370/763
f 1083/1370/763 1095/1369/773 1096/1371/774
f 1097/1373/775 1085/1374/765 1084/1372/764
f 1084/1372/764 1096/1371/774 1097/1373/775
f 1098/1375/776 1086/1376/766 1085/1374/765
f 1085/1374/765 1097/1373/775 1098/1375/776
f 1099/1377/777 1087/1378/565 1086/1376/766
f 1086/1376/766 1098/1375/776 1099/1377/777
f 1100/1379/778 1088/1380/767 1087/1378/565
f 1087/1378/565 1099/1377/777 1100/1379/778
f 1101/1381/779 1089/1382/768 1088/1380/767
f 1088/1380/767 1100/1379/778 1101/1381/779
f 1102/1383/780 1090/1384/769 1089/1382/768
f 1089/1382/768 1101/1381/779 1102/1383/780
f 1103/1385/781 1091/1386/770 1090/1384/769
f 1090/1384/769 1102/1383/780 1103/1385/781
f 1104/1387/782 1092/1388/771 1091/1386/770
f 1091/1386/770 1103/1385/781 1104/1387/782
f 1093/1389/582 1081/1390/570 1092/1388/771
f 1092/1388/771 1104/1387/782 1093/1389/582
f 1106/1391/783 1094/1365/772 1093/1368/582
f 1093/1368/582 1105/1392/594 1106/1391/783
f 1107/1393/784 1095/1369/773 1094/1365/772
f 1094/1365/772 1106/1391/783 1107/1393/784
f 1108/1394/785 1096/1371/774 1095/1369/773
f 1095/1369/773 1107/1393/784 1108/1394/785
f 1109/1395/786 1097/1373/775 1096/1371/774
f 1096/1371/774 1108/1394/785 1109/1395/786
f 1110/1396/787 1098/1375/776 1097/1373/775
f 1097/1373/775 1109/1395/786 1110/1396/787
f 1111/1397/589 1099/1377/777 1098/1375/776
f 1098/1375/776 1110/1396/787 1111/1397/589
f 1112/1398/788 1100/1379/778 1099/1377/777
f 1099/1377/777 1111/1397/589 1112/1398/788
f 1113/1399/789 1101/1381/779 1100/1379/778
f 1100/1379/778 1112/1398/788 1113/1399/789
f 1114/1400/790 1102/1383/780 1101/1381/779
f 1101/1381/779 1113/1399/789 1114/1400/790
f 1115/1401/791 1103/1385/781 1102/1383/780
f 1102/1383/780 1114/1400/790 1115/1401/791
f 1116/1402/792 1104/1387/782 1103/1385/781
f 1103/1385/781 1115/1401/791 1116/1402/792
f 1105/1403/594 1093/1389/582 1104/1387/782
f 1104/1387/782 1116/1402/792 1105/1403/594
f 1118/1404/793 1106/1391/783 1105/1392/594
f 1105/1392/594 1117/1405/606 1118/1404/793
f 1119/1406/794 1107/1393/784 1106/1391/783
f 1106/1391/783 1118/1404/793 1119/1406/794
f 1120/1407/795 1108/1394/785 1107/1393/784
f 1107/1393/784 1119/1406/794 1120/1407/795
f 1121/1408/796 1109/1395/786 1108/1394/785
f 1108/1394/785 1120/1407/795 1121/1408/796
f 1122/1409/797 1110/1396/787 1109/1395/786
f 1109/1395/786 1121/1408/796 1122/1409/797
f 1123/1410/601 1111/1397/589 1110/1396/787
f 1110/1396/787 1122/1409/797 1123/1410/601
f 1124/1411/798 1112/1398/788 1111/1397/589
f 1111/1397/589 1123/1410/601 1124/1411/798
f 1125/1412/799 1113/1399/789 1112/1398/788
f 1112/1398/788 1124/1411/798 1125/1412/799
f 1126/1413/800 1114/1400/790 1113/1399/789
f 1113/1399/789 1125/1412/799 1126/1413/800
f 1127/1414/801 1115/1401/791 1114/1400/790
f 1114/1400/790 1126/1413/800 1127/1414/801
f 1128/1415/802 1116/1402/792 1115/1401/791
f 1115/1401/791 1127/1414/801 1128/1415/802
f 1117/1416/606 1105/1403/594 1116/1402/792
f 1116/1402/792 1128/1415/802 1117/1416/606
f 1130/1417/803 1118/1404/793 1117/1405/606
f 1117/1405/606 1129/1418/618 1130/1417/803
f 1131/1419/804 1119/1406/794 1118/1404/793
f 1118/1404/793 1130/1417/803 1131/1419/804
f 1132/1420/805 1120/1407/795 1119/1406/794
f 1119/1406/794 1131/1419/804 1132/1420/805
f 1133/1421/806 1121/1408/796 1120/1407/795
f 1120/1407/795 1132/1420/805 1133/1421/806
f 1134/1422/807 1122/1409/797 1121/1408/796
f 1121/1408/796 1133/1421/806 1134/1422/807
f 1135/1423/613 1123/1410/601 1122/1409/797
f 1122/1409/797 1134/1422/807 1135/1423/613
f 1136/1424/808 1124/1411/798 1123/1410/601
f 1123/1410/601 1135/1423/613 1136/1424/808
f 1137/1425/809 1125/1412/799 1124/1411/798
f 1124/1411/798 1136/1424/808 1137/1425/809
f 1138/1426/810 1126/1413/800 1125/1412/799
f 1125/1412/799 1137/1425/809 1138/1426/810
f 1139/1427/811 1127/1414/801 1126/1413/800
f 1126/1413/800 1138/1426/810 1139/1427/811
f 1140/1428/812 1128/1415/802 1127/1414/801
f 1127/1414/801 1139/1427/811 1140/1428/812
f 1129/1429/618 1117/1416/606 1128/1415/802
f 1128/1415/802 1140/1428/812 1129/1429/618
f 1190/1430/813 1177/1431/813 1178/1432/813
f 1178/1432/813 1189/1433/813 1190/1430/813
f 1191/1434/814 1188/1435/815 1177/1431/815
f 1177/1431/815 1190/1430/814 1191/1434/814
f 1192/1436/816 1187/1437/816 1188/1435/816
f 1188/1435/816 1191/1434/817 1192/1436/816
f 1193/1438/818 1186/1439/819 1187/1437/819
f 1187/1437/819 1192/1436/818 1193/1438/818
f 1194/1440/820 1185/1441/821 1186/1439/821
f 1186/1439/821 1193/1438/820 1194/1440/820
f 1195/1442/822 1184/1443/822 1185/1441/822
f 1185/1441/822 1194/1440/822 1195/1442/822
f 1196/1444/823 1183/1445/823 1184/1443/823
f 1184/1443/823 1195/1442/823 1196/1444/823
f 1197/1446/824 1182/1447/825 1183/1445/825
f 1183/1445/825 1196/1444/824 1197/1446/824
f 1198/1448/826 1181/1449/827 1182/1447/827
f 1182/1447/827 1197/1446/826 1198/1448/826
f 1199/1450/828 1180/1451/829 1181/1449/829
f 1181/1449/829 1198/1448/828 1199/1450/828
f 1200/1452/830 1179/1453/831 1180/1451/831
f 1180/1451/831 1199/1450/830 1200/1452/830
f 1189/1454/832 1178/1455/833 1179/1453/832
f 1179/1453/832 1200/1452/832 1189/1454/832
f 818/976/446 1142/1456/834 1141/1457/835
f 1141/1457/835 817/977/447 818/976/446
f 819/980/450 1143/1458/836 1142/1456/834
f 1142/1456/834 818/976/446 819/980/450
f 820/982/452 1144/1459/837 1143/1458/836
f 1143/1458/836 819/980/450 820/982/452
f 821/984/454 1145/1460/838 1144/1459/837
f 1144/1459/837 820/982/452 821/984/454
f 822/986/456 1146/1461/839 1145/1460/838
f 1145/1460/838 821/984/454 822/986/456
f 823/988/458 1147/1462/648 1146/1461/839
f 1146/1461/839 822/986/456 823/988/458
f 824/990/460 1148/1463/840 1147/1462/648
f 1147/1462/648 823/988/458 824/990/460
f 825/992/462 1149/1464/841 1148/1463/840
f 1148/1463/840 824/990/460 825/992/462
f 826/994/464 1150/1465/842 1149/1464/841
f 1149/1464/841 825/992/462 826/994/464
f 827/996/466 1151/1466/843 1150/1465/842
f 1150/1465/842 826/994/464 827/996/466
f 828/998/468 1152/1467/844 1151/1466/843
f 1151/1466/843 827/996/466 828/998/468
f 817/1000/447 1141/1468/835 1152/1467/844
f 1152/1467/844 828/998/468 817/1000/447
f 962/1170/845 961/1171/846 1154/1185/847
f 1154/1185/847 1153/1184/848 962/1170/845
f 961/1182/849 972/1181/849 1155/1206/849
f 1155/1206/850 1154/1208/850 961/1182/850
f 972/1181/851 971/1180/852 1156/1204/853
f 1156/1204/854 1155/1206/854 972/1181/854
f 971/1180/855 970/1179/855 1157/1202/855
f 1157/1202/856 1156/1204/853 971/1180/852
f 970/1179/857 969/1178/857 1158/1200/857
f 1158/1200/858 1157/1202/858 970/1179/858
f 969/1178/859 968/1177/859 1159/1198/859
f 1159/1198/860 1158/1200/860 969/1178/860
f 968/1177/861 967/1176/846 1160/1196/862
f 1160/1196/862 1159/1198/863 968/1177/861
f 967/1176/864 966/1175/864 1161/1194/864
f 1161/1194/865 1160/1196/865 967/1176/865
f 966/1175/866 965/1174/867 1162/1192/868
f 1162/1192/869 1161/1194/869 966/1175/869
f 965/1174/870 964/1173/870 1163/1190/870
f 1163/1190/871 1162/1192/868 965/1174/867
f 964/1173/872 963/1172/872 1164/1188/872
f 1164/1188/873 1163/1190/873 964/1173/873
f 963/1172/874 962/1170/874 1153/1184/874
f 1153/1184/875 1164/1188/875 963/1172/875
f 973/1469/876 974/1470/876 1166/1183/876
f 1166/1183/877 1165/1186/877 973/1469/877
f 974/1470/878 975/1471/879 1167/1187/880
f 1167/1187/881 1166/1183/881 974/1470/881
f 975/1471/882 976/1472/882 1168/1189/882
f 1168/1189/883 1167/1187/880 975/1471/879
f 976/1472/884 977/1473/884 1169/1191/884
f 1169/1191/885 1168/1189/885 976/1472/885
f 977/1473/886 978/1474/886 1170/1193/886
f 1170/1193/887 1169/1191/887 977/1473/887
f 978/1474/888 979/1475/888 1171/1195/888
f 1171/1195/889 1170/1193/889 978/1474/889
f 979/1475/890 980/1476/890 1172/1197/890
f 1172/1197/891 1171/1195/891 979/1475/891
f 980/1476/892 981/1477/893 1173/1199/894
f 1173/1199/895 1172/1197/895 980/1476/895
f 981/1477/896 982/1478/896 1174/1201/896
f 1174/1201/897 1173/1199/894 981/1477/893
f 982/1478/898 983/1479/898 1175/1203/898
f 1175/1203/899 1174/1201/899 982/1478/899
f 983/1479/900 984/1480/900 1176/1205/900
f 1176/1205/901 1175/1203/901 983/1479/901
f 984/1480/902 973/1481/888 1165/1207/903
f 1165/1207/903 1176/1205/904 984/1480/902
f 1130/1417/905 1129/1418/906 1178/1432/907
f 1178/1432/907 1177/1431/908 1130/1417/905
f 1129/1429/909 1140/1428/909 1179/1453/909
f 1179/1453/910 1178/1455/910 1129/1429/910
f 1140/1428/911 1139/1427/912 1180/1451/913
f 1180/1451/914 1179/1453/914 1140/1428/914
f 1139/1427/915 1138/1426/915 1181/1449/915
f 1181/1449/916 1180/1451/913 1139/1427/912
f 1138/1426/917 1137/1425/917 1182/1447/917
f 1182/1447/918 1181/1449/918 1138/1426/918
f 1137/1425/919 1136/1424/919 1183/1445/919
f 1183/1445/920 1182/1447/920 1137/1425/920
f 1136/1424/921 1135/1423/906 1184/1443/922
f 1184/1443/922 1183/1445/923 1136/1424/921
f 1135/1423/924 1134/1422/924 1185/1441/924
f 1185/1441/925 1184/1443/925 1135/1423/925
f 1134/1422/926 1133/1421/927 1186/1439/928
f 1186/1439/929 1185/1441/929 1134/1422/929
f 1133/1421/930 1132/1420/930 1187/1437/930
f 1187/1437/931 1186/1439/928 1133/1421/927
f 1132/1420/932 1131/1419/932 1188/1435/932
f 1188/1435/933 1187/1437/933 1132/1420/933
f 1131/1419/934 1130/1417/934 1177/1431/934
f 1177/1431/935 1188/1435/935 1131/1419/935
f 1141/1482/936 1142/1483/936 1190/1430/936
f 1190/1430/937 1189/1433/937 1141/1482/937
f 1142/1483/938 1143/1484/939 1191/1434/940
f 1191/1434/941 1190/1430/941 1142/1483/941
f 1143/1484/942 1144/1485/942 1192/1436/942
f 1192/1436/943 1191/1434/940 1143/1484/939
f 1144/1485/944 1145/1486/944 1193/1438/944
f 1193/1438/945 1192/1436/945 1144/1485/945
f 1145/1486/946 1146/1487/946 1194/1440/946
f 1194/1440/947 1193/1438/947 1145/1486/947
f 1146/1487/948 1147/1488/948 1195/1442/948
f 1195/1442/949 1194/1440/949 1146/1487/949
f 1147/1488/950 1148/1489/950 1196/1444/950
f 1196/1444/951 1195/1442/951 1147/1488/951
f 1148/1489/952 1149/1490/953 1197/1446/954
f 1197/1446/955 1196/1444/955 1148/1489/955
f 1149/1490/956 1150/1491/956 1198/1448/956
f 1198/1448/957 1197/1446/954 1149/1490/953
f 1150/1491/958 1151/1492/958 1199/1450/958
f 1199/1450/959 1198/1448/959 1150/1491/959
f 1151/1492/960 1152/1493/960 1200/1452/960
f 1200/1452/961 1199/1450/961 1151/1492/961
f 1152/1493/962 1141/1494/948 1189/1454/963
f 1189/1454/963 1200/1452/964 1152/1493/962
f 1034/1274/965 1033/1275/966 1202/1289/967
f 1202/1289/967 1201/1288/968 1034/1274/965
f 1033/1286/969 1044/1285/969 1203/1310/969
f 1203/1310/970 1202/1312/970 1033/1286/970
f 1044/1285/971 1043/1284/972 1204/1308/973
f 1204/1308/974 1203/1310/974 1044/1285/974
f 1043/1284/975 1042/1283/975 1205/1306/975
f 1205/1306/976 1204/1308/973 1043/1284/972
f 1042/1283/977 1041/1282/977 1206/1304/977
f 1206/1304/978 1205/1306/978 1042/1283/978
f 1041/1282/979 1040/1281/979 1207/1302/979
f 1207/1302/980 1206/1304/980 1041/1282/980
f 1040/1281/981 1039/1280/966 1208/1300/982
f 1208/1300/982 1207/1302/983 1040/1281/981
f 1039/1280/984 1038/1279/984 1209/1298/984
f 1209/1298/985 1208/1300/985 1039/1280/985
f 1038/1279/986 1037/1278/987 1210/1296/988
f 1210/1296/989 1209/1298/989 1038/1279/989
f 1037/1278/990 1036/1277/990 1211/1294/990
f 1211/1294/991 1210/1296/988 1037/1278/987
f 1036/1277/992 1035/1276/992 1212/1292/992
f 1212/1292/993 1211/1294/993 1036/1277/993
f 1035/1276/994 1034/1274/994 1201/1288/994
f 1201/1288/995 1212/1292/995 1035/1276/995
f 1045/1315/996 1046/1314/996 1214/1287/996
f 1214/1287/997 1213/1290/997 1045/1315/997
f 1046/1314/998 1047/1318/999 1215/1291/1000
f 1215/1291/1001 1214/1287/1001 1046/1314/1001
f 1047/1318/1002 1048/1320/1002 1216/1293/1002
f 1216/1293/1003 1215/1291/1000 1047/1318/999
f 1048/1320/1004 1049/1322/1004 1217/1295/1004
f 1217/1295/1005 1216/1293/1005 1048/1320/1005
f 1049/1322/1006 1050/1324/1006 1218/1297/1006
f 1218/1297/1007 1217/1295/1007 1049/1322/1007
f 1050/1324/1008 1051/1326/1009 1219/1299/1010
f 1219/1299/1010 1218/1297/1011 1050/1324/1008
f 1051/1326/1012 1052/1328/1012 1220/1301/1012
f 1220/1301/1013 1219/1299/1013 1051/1326/1013
f 1052/1328/1014 1053/1330/1015 1221/1303/1016
f 1221/1303/1017 1220/1301/1017 1052/1328/1017
f 1053/1330/1018 1054/1332/1018 1222/1305/1018
f 1222/1305/1019 1221/1303/1016 1053/1330/1015
f 1054/1332/1020 1055/1334/1020 1223/1307/1020
f 1223/1307/1021 1222/1305/1021 1054/1332/1021
f 1055/1334/1022 1056/1336/1022 1224/1309/1022
f 1224/1309/1023 1223/1307/1023 1055/1334/1023
f 1056/1336/1024 1045/1338/1009 1213/1311/1025
f 1213/1311/1025 1224/1309/1026 1056/1336/1024
f 866/1027/1027 865/1028/1028 1226/1042/1029
f 1226/1042/1029 1225/1041/1030 866/1027/1027
f 865/1039/1031 876/1038/1031 1227/1063/1031
f 1227/1063/1032 1226/1065/1032 865/1039/1032
f 876/1038/1033 875/1037/1034 1228/1061/1035
f 1228/1061/1036 1227/1063/1036 876/1038/1036
f 875/1037/1037 874/1036/1037 1229/1059/1037
f 1229/1059/1038 1228/1061/1035 875/1037/1034
f 874/1036/1039 873/1035/1039 1230/1057/1039
f 1230/1057/1040 1229/1059/1040 874/1036/1040
f 873/1035/1041 872/1034/1041 1231/1055/1041
f 1231/1055/1042 1230/1057/1042 873/1035/1042
f 872/1034/1043 871/1033/1028 1232/1053/1044
f 1232/1053/1044 1231/1055/1045 872/1034/1043
f 871/1033/1046 870/1032/1046 1233/1051/1046
f 1233/1051/1047 1232/1053/1047 871/1033/1047
f 870/1032/1048 869/1031/1049 1234/1049/1050
f 1234/1049/1051 1233/1051/1051 870/1032/1051
f 869/1031/1052 868/1030/1052 1235/1047/1052
f 1235/1047/1053 1234/1049/1050 869/1031/1049
f 868/1030/1054 867/1029/1054 1236/1045/1054
f 1236/1045/1055 1235/1047/1055 868/1030/1055
f 867/1029/1056 866/1027/1056 1225/1041/1056
f 1225/1041/1057 1236/1045/1057 867/1029/1057
f 877/1068/1058 878/1067/1058 1238/1040/1058
f 1238/1040/1059 1237/1043/1059 877/1068/1059
f 878/1067/1060 879/1071/1061 1239/1044/1062
f 1239/1044/1063 1238/1040/1063 878/1067/1063
f 879/1071/1064 880/1073/1064 1240/1046/1064
f 1240/1046/1065 1239/1044/1062 879/1071/1061
f 880/1073/1066 881/1075/1066 1241/1048/1066
f 1241/1048/1067 1240/1046/1067 880/1073/1067
f 881/1075/1068 882/1077/1068 1242/1050/1068
f 1242/1050/1069 1241/1048/1069 881/1075/1069
f 882/1077/1070 883/1079/1071 1243/1052/1072
f 1243/1052/1072 1242/1050/1073 882/1077/1070
f 883/1079/1074 884/1081/1074 1244/1054/1074
f 1244/1054/1075 1243/1052/1075 883/1079/1075
f 884/1081/1076 885/1083/1077 1245/1056/1078
f 1245/1056/1079 1244/1054/1079 884/1081/1079
f 885/1083/1080 886/1085/1080 1246/1058/1080
f 1246/1058/1081 1245/1056/1078 885/1083/1077
f 886/1085/1082 887/1087/1082 1247/1060/1082
f 1247/1060/1083 1246/1058/1083 886/1085/1083
f 887/1087/1084 888/1089/1084 1248/1062/1084
f 1248/1062/1085 1247/1060/1085 887/1087/1085
f 888/1089/1086 877/1091/1071 1237/1064/1087
f 1237/1064/1087 1248/1062/1088 888/1089/1086
f 1261/1495/1089 1263/1496/1090 1250/1497/1091
f 1250/1497/1091 1249/1498/1092 1261/1495/1089
f 1254/1499/1093 1262/1500/1094 1264/1501/1095
f 1264/1501/1095 1253/1502/1096 1254/1499/1097
f 1263/1496/1098 1262/1503/1099 1254/1504/1100
f 1254/1504/1100 1250/1497/1100 1263/1496/1098
f 1267/1505/1101 1266/1506/1102 1255/1507/1103
f 1255/1507/1103 1251/1508/1103 1267/1505/1101
f 1267/1505/1104 1265/1509/1105 1258/1510/1106
f 1258/1510/1106 1257/1511/1107 1267/1505/1104
f 1268/1512/1108 1266/1506/1109 1260/1513/1110
f 1260/1513/1110 1259/1514/1111 1268/1512/1108
f 1258/1510/1112 1265/1509/1113 1268/1515/1114
f 1268/1515/1114 1259/1516/1115 1258/1510/1112
f 1257/1511/1116 1261/1495/1117 1264/1501/1118
f 1264/1501/1118 1260/1513/1119 1257/1511/1116
f 1257/1511/1107 1258/1510/1106 1263/1496/1090
f 1263/1496/1090 1261/1495/1089 1257/1511/1107
f 1259/1514/1111 1260/1513/1110 1264/1501/1095
f 1264/1501/1095 1262/1500/1094 1259/1514/1111
f 1258/1510/1112 1259/1516/1115 1262/1503/1099
f 1262/1503/1099 1263/1496/1098 1258/1510/1112
f 1261/1495/1117 1249/1498/1120 1253/1502/1120
f 1253/1502/1120 1264/1501/1118 1261/1495/1117
f 1257/1511/1116 1260/1513/1119 1266/1506/1102
f 1266/1506/1102 1267/1505/1101 1257/1511/1116
f 1251/1508/1121 1252/1517/1121 1265/1509/1105
f 1265/1509/1105 1267/1505/1104 1251/1508/1121
f 1256/1518/1122 1255/1507/1122 1266/1506/1109
f 1266/1506/1109 1268/1512/1108 1256/1518/1122
f 1265/1509/1123 1252/1517/1124 1256/1519/1124
f 1256/1519/1124 1268/1515/1114 1265/1509/1113
f 1281/1495/1125 1283/1496/1126 1270/1497/1127
f 1270/1497/1127 1269/1498/1128 1281/1495/1125
f 1274/1499/1129 1282/1500/1130 1284/1501/1131
f 1284/1501/1132 1273/1502/1133 1274/1499/1129
f 1283/1496/1134 1282/1503/1135 1274/1504/1136
f 1274/1504/1136 1270/1497/1136 1283/1496/1134
f 1287/1505/1137 1286/1506/1138 1275/1507/1139
f 1275/1507/1139 1271/1508/1139 1287/1505/1137
f 1287/1505/1140 1285/1509/1141 1278/1510/1142
f 1278/1510/1142 1277/1511/1143 1287/1505/1140
f 1288/1512/1144 1286/1506/1145 1280/1513/1146
f 1280/1513/1146 1279/1514/1147 1288/1512/1144
f 1278/1510/1148 1285/1509/1149 1288/1515/1150
f 1288/1515/1150 1279/1516/1151 1278/1510/1148
f 1277/1511/1152 1281/1495/1153 1284/1501/1154
f 1284/1501/1154 1280/1513/1155 1277/1511/1152
f 1277/1511/1143 1278/1510/1142 1283/1496/1126
f 1283/1496/1126 1281/1495/1125 1277/1511/1143
f 1279/1514/1147 1280/1513/1146 1284/1501/1131
f 1284/1501/1131 1282/1500/1130 1279/1514/1147
f 1278/1510/1148 1279/1516/1151 1282/1503/1135
f 1282/1503/1135 1283/1496/1134 1278/1510/1148
f 1281/1495/1153 1269/1498/1156 1273/1502/1156
f 1273/1502/1156 1284/1501/1154 1281/1495/1153
f 1277/1511/1152 1280/1513/1155 1286/1506/1138
f 1286/1506/1138 1287/1505/1137 1277/1511/1152
f 1271/1508/1157 1272/1517/1157 1285/1509/1141
f 1285/1509/1141 1287/1505/1140 1271/1508/1157
f 1276/1518/1158 1275/1507/1158 1286/1506/1145
f 1286/1506/1145 1288/1512/1144 1276/1518/1158
f 1285/1509/1149 1272/1517/1159 1276/1519/1159
f 1276/1519/1159 1288/1515/1150 1285/1509/1149
f 1301/1495/1160 1303/1496/1161 1290/1497/1162
f 1290/1497/1162 1289/1498/1163 1301/1495/1160
f 1294/1499/1164 1302/1500/1165 1304/1501/1166
f 1304/1501/1166 1293/1502/1167 1294/1499/1164
f 1303/1496/1168 1302/1503/1169 1294/1504/1170
f 1294/1504/1170 1290/1497/1170 1303/1496/1168
f 1307/1505/1171 1306/1506/1172 1295/1507/1173
f 1295/1507/1173 1291/1508/1173 1307/1505/1171
f 1307/1505/1174 1305/1509/1175 1298/1510/1176
f 1298/1510/1176 1297/1511/1177 1307/1505/1174
f 1308/1512/1178 1306/1506/1179 1300/1513/1180
f 1300/1513/1180 1299/1514/1181 1308/1512/1178
f 1298/1510/1182 1305/1509/1183 1308/1515/1184
f 1308/1515/1184 1299/1516/1185 1298/1510/1182
f 1297/1511/1186 1301/1495/1187 1304/1501/1188
f 1304/1501/1188 1300/1513/1189 1297/1511/1186
f 1297/1511/1177 1298/1510/1176 1303/1496/1161
f 1303/1496/1161 1301/1495/1160 1297/1511/1177
f 1299/1514/1181 1300/1513/1180 1304/1501/1166
f 1304/1501/1166 1302/1500/1165 1299/1514/1181
f 1298/1510/1182 1299/1516/1185 1302/1503/1169
f 1302/1503/1169 1303/1496/1168 1298/1510/1182
f 1301/1495/1190 1289/1498/1191 1293/1502/1191
f 1293/1502/1191 1304/1501/1188 1301/1495/1187
f 1297/1511/1186 1300/1513/1189 1306/1506/1172
f 1306/1506/1172 1307/1505/1171 1297/1511/1186
f 1291/1508/1192 1292/1517/1192 1305/1509/1175
f 1305/1509/1175 1307/1505/1174 1291/1508/1192
f 1296/1518/1193 1295/1507/1193 1306/1506/1179
f 1306/1506/1179 1308/1512/1178 1296/1518/1193
f 1305/1509/1194 1292/1517/1195 1296/1519/1195
f 1296/1519/1195 1308/1515/1184 1305/1509/1183
f 1321/1495/1196 1323/1496/1197 1310/1497/1198
f 1310/1497/1198 1309/1498/1199 1321/1495/1196
f 1314/1499/1200 1322/1500/1201 1324/1501/1202
f 1324/1501/1202 1313/1502/1203 1314/1499/1200
f 1323/1496/1204 1322/1503/1205 1314/1504/1206
f 1314/1504/1206 1310/1497/1206 1323/1496/1204
f 1327/1505/1207 1326/1506/1208 1315/1507/1209
f 1315/1507/1209 1311/1508/1210 1327/1505/1207
f 1327/1505/1211 1325/1509/1212 1318/1510/1213
f 1318/1510/1213 1317/1511/1214 1327/1505/1211
f 1328/1512/1215 1326/1506/1216 1320/1513/1217
f 1320/1513/1217 1319/1514/1218 1328/1512/1215
f 1318/1510/1219 1325/1509/1220 1328/1515/1221
f 1328/1515/1221 1319/1516/1222 1318/1510/1219
f 1317/1511/1223 1321/1495/1224 1324/1501/1225
f 1324/1501/1225 1320/1513/1226 1317/1511/1223
f 1317/1511/1214 1318/1510/1213 1323/1496/1197
f 1323/1496/1197 1321/1495/1196 1317/1511/1214
f 1319/1514/1218 1320/1513/1217 1324/1501/1202
f 1324/1501/1202 1322/1500/1201 1319/1514/1218
f 1318/1510/1219 1319/1516/1222 1322/1503/1205
f 1322/1503/1205 1323/1496/1204 1318/1510/1219
f 1321/1495/1227 1309/1498/1228 1313/1502/1228
f 1313/1502/1228 1324/1501/1225 1321/1495/1224
f 1317/1511/1223 1320/1513/1226 1326/1506/1208
f 1326/1506/1208 1327/1505/1207 1317/1511/1223
f 1311/1508/1229 1312/1517/1229 1325/1509/1212
f 1325/1509/1212 1327/1505/1211 1311/1508/1229
f 1316/1518/1230 1315/1507/1230 1326/1506/1216
f 1326/1506/1216 1328/1512/1215 1316/1518/1230
f 1325/1509/1231 1312/1517/1232 1316/1519/1232
f 1316/1519/1232 1328/1515/1221 1325/1509/1220
f 1329/937/1233 1330/938/1234 1348/939/1234
f 1348/939/1234 1347/940/1233 1329/937/1233
f 1330/938/1234 1331/941/1235 1349/942/1235
f 1349/942/1235 1348/939/1234 1330/938/1234
f 1331/941/1235 1332/943/1236 1350/944/1236
f 1350/944/1236 1349/942/1235 1331/941/1235
f 1332/943/1236 1333/945/1237 1351/946/1237
f 1351/946/1237 1350/944/1236 1332/943/1236
f 1333/945/1237 1334/947/1238 1352/948/1238
f 1352/948/1238 1351/946/1237 1333/945/1237
f 1334/947/1238 1335/949/1239 1353/950/1239
f 1353/950/1239 1352/948/1238 1334/947/1238
f 1335/949/1239 1336/951/1240 1354/952/1240
f 1354/952/1240 1353/950/1239 1335/949/1239
f 1336/951/1240 1337/953/1241 1355/954/1241
f 1355/954/1241 1354/952/1240 1336/951/1240
f 1337/953/1241 1338/955/1242 1356/956/1242
f 1356/956/1242 1355/954/1241 1337/953/1241
f 1338/955/1242 1339/957/1243 1357/958/1243
f 1357/958/1243 1356/956/1242 1338/955/1242
f 1339/957/1243 1340/959/1244 1358/960/1244
f 1358/960/1244 1357/958/1243 1339/957/1243
f 1340/959/1244 1341/961/1245 1359/962/1245
f 1359/962/1245 1358/960/1244 1340/959/1244
f 1341/961/1245 1342/963/1246 1360/964/1246
f 1360/964/1246 1359/962/1245 1341/961/1245
f 1342/965/1246 1343/966/1247 1361/967/1247
f 1361/967/1247 1360/968/1246 1342/965/1246
f 1343/966/1247 1344/969/1248 1362/970/1248
f 1362/970/1248 1361/967/1247 1343/966/1247
f 1344/969/1248 1345/971/1249 1363/972/1249
f 1363/972/1249 1362/970/1248 1344/969/1248
f 1345/971/1249 1346/973/1250 1364/974/1250
f 1364/974/1250 1363/972/1249 1345/971/1249
f 1346/973/1250 1329/937/1233 1347/940/1233
f 1347/940/1233 1364/974/1250 1346/973/1250
f 1365/937/1251 1366/938/1252 1384/939/1252
f 1384/939/1252 1383/940/1251 1365/937/1251
f 1366/938/1252 1367/941/1253 1385/942/1253
f 1385/942/1253 1384/939/1252 1366/938/1252
f 1367/941/1253 1368/943/1254 1386/944/1254
f 1386/944/1254 1385/942/1253 1367/941/1253
f 1368/943/1254 1369/945/1255 1387/946/1255
f 1387/946/1255 1386/944/1254 1368/943/1254
f 1369/945/1255 1370/947/1256 1388/948/1256
f 1388/948/1256 1387/946/1255 1369/945/1255
f 1370/947/1256 1371/949/1257 1389/950/1258
f 1389/950/1258 1388/948/1256 1370/947/1256
f 1371/949/1257 1372/951/1259 1390/952/1259
f 1390/952/1259 1389/950/1258 1371/949/1257
f 1372/951/1259 1373/953/1260 1391/954/1261
f 1391/954/1261 1390/952/1259 1372/951/1259
f 1373/953/1260 1374/955/1262 1392/956/1262
f 1392/956/1262 1391/954/1261 1373/953/1260
f 1374/955/1262 1375/957/1263 1393/958/1263
f 1393/958/1263 1392/956/1262 1374/955/1262
f 1375/957/1263 1376/959/1264 1394/960/1264
f 1394/960/1264 1393/958/1263 1375/957/1263
f 1376/959/1264 1377/961/1265 1395/962/1266
f 1395/962/1266 1394/960/1264 1376/959/1264
f 1377/961/1265 1378/963/1267 1396/964/1267
f 1396/964/1267 1395/962/1266 1377/961/1265
f 1378/965/1267 1379/966/1268 1397/967/1268
f 1397/967/1268 1396/968/1267 1378/965/1267
f 1379/966/1268 1380/969/1269 1398/970/1269
f 1398/970/1269 1397/967/1268 1379/966/1268
f 1380/969/1269 1381/971/1270 1399/972/1270
f 1399/972/1270 1398/970/1269 1380/969/1269
f 1381/971/1270 1382/973/1271 1400/974/1272
f 1400/974/1272 1399/972/1270 1381/971/1270
f 1382/973/1271 1365/937/1251 1383/940/1251
f 1383/940/1251 1400/974/1272 1382/973/1271
f 1401/501/385 1402/502/402 1420/503/402
f 1420/503/402 1419/504/385 1401/501/385
f 1402/502/402 1403/505/401 1421/506/401
f 1421/506/401 1420/503/402 1402/502/402
f 1403/505/401 1404/507/400 1422/508/400
f 1422/508/400 1421/506/401 1403/505/401
f 1404/507/400 1405/509/399 1423/510/399
f 1423/510/399 1422/508/400 1404/507/400
f 1405/509/399 1406/511/398 1424/512/398
f 1424/512/398 1423/510/399 1405/509/399
f 1406/511/398 1407/513/397 1425/514/397
f 1425/514/397 1424/512/398 1406/511/398
f 1407/513/397 1408/515/396 1426/516/396
f 1426/516/396 1425/514/397 1407/513/397
f 1408/515/396 1409/517/395 1427/518/395
f 1427/518/395 1426/516/396 1408/515/396
f 1409/519/395 1410/520/394 1428/521/394
f 1428/521/394 1427/522/395 1409/519/395
f 1410/520/394 1411/523/393 1429/524/393
f 1429/524/393 1428/521/394 1410/520/394
f 1411/523/393 1412/525/392 1430/526/392
f 1430/526/392 1429/524/393 1411/523/393
f 1412/525/392 1413/527/391 1431/528/391
f 1431/528/391 1430/526/392 1412/525/392
f 1413/527/391 1414/529/390 1432/530/390
f 1432/530/390 1431/528/391 1413/527/391
f 1414/529/390 1415/531/389 1433/532/389
f 1433/532/389 1432/530/390 1414/529/390
f 1415/531/389 1416/533/388 1434/534/388
f 1434/534/388 1433/532/389 1415/531/389
f 1416/533/388 1417/535/387 1435/536/387
f 1435/536/387 1434/534/388 1416/533/388
f 1417/535/387 1418/537/386 1436/538/386
f 1436/538/386 1435/536/387 1417/535/387
f 1418/537/386 1401/501/385 1419/504/385
f 1419/504/385 1436/538/386 1418/537/386
f 1417/919/403 1416/920/403 1415/921/403
f 1415/921/403 1414/922/403 1413/923/403
f 1413/923/403 1412/924/403 1411/925/403
f 1415/921/403 1413/923/403 1411/925/403
f 1411/925/403 1410/926/403 1409/927/403
f 1409/927/403 1408/928/403 1407/929/403
f 1411/925/403 1409/927/403 1407/929/403
f 1407/929/403 1406/930/403 1405/931/403
f 1405/931/403 1404/932/403 1403/933/403
f 1407/929/403 1405/931/403 1403/933/403
f 1411/925/403 1407/929/403 1403/933/403
f 1415/921/403 1411/925/403 1403/933/403
f 1403/933/403 1402/934/403 1401/935/403
f 1415/921/403 1403/933/403 1401/935/403
f 1417/919/403 1415/921/403 1401/935/403
f 1418/936/403 1417/919/403 1401/935/403
f 1419/504/422 1420/503/422 1438/539/422
f 1438/539/422 1437/540/422 1419/504/422
f 1420/503/422 1421/506/422 1439/541/422
f 1439/541/422 1438/539/422 1420/503/422
f 1421/506/422 1422/508/422 1440/542/422
f 1440/542/422 1439/541/422 1421/506/422
f 1422/508/422 1423/510/422 1441/543/422
f 1441/543/422 1440/542/422 1422/508/422
f 1423/510/422 1424/512/422 1442/544/422
f 1442/544/422 1441/543/422 1423/510/422
f 1424/512/422 1425/514/422 1443/545/422
f 1443/545/422 1442/544/422 1424/512/422
f 1425/514/422 1426/516/422 1444/546/422
f 1444/546/422 1443/545/422 1425/514/422
f 1426/516/422 1427/518/422 1445/547/422
f 1445/547/422 1444/546/422 1426/516/422
f 1427/522/422 1428/521/422 1446/548/422
f 1446/548/422 1445/549/422 1427/522/422
f 1428/521/422 1429/524/422 1447/550/422
f 1447/550/422 1446/548/422 1428/521/422
f 1429/524/422 1430/526/422 1448/551/422
f 1448/551/422 1447/550/422 1429/524/422
f 1430/526/422 1431/528/422 1449/552/422
f 1449/552/422 1448/551/422 1430/526/422
f 1431/528/422 1432/530/422 1450/553/422
f 1450/553/422 1449/552/422 1431/528/422
f 1432/530/422 1433/532/422 1451/554/422
f 1451/554/422 1450/553/422 1432/530/422
f 1433/532/422 1434/534/422 1452/555/422
f 1452/555/422 1451/554/422 1433/532/422
f 1434/534/422 1435/536/422 1453/556/422
f 1453/556/422 1452/555/422 1434/534/422
f 1435/536/422 1436/538/422 1454/557/422
f 1454/557/422 1453/556/422 1435/536/422
f 1436/538/422 1419/504/422 1437/540/422
f 1437/540/422 1454/557/422 1436/538/422
f 1437/540/1273 1438/539/421 1456/558/421
f 1456/558/421 1455/559/1273 1437/540/1273
f 1438/539/420 1439/541/420 1457/560/420
f 1457/560/420 1456/558/420 1438/539/420
f 1439/541/419 1440/542/1274 1458/561/1274
f 1458/561/1274 1457/560/419 1439/541/419
f 1440/542/418 1441/543/418 1459/562/418
f 1459/562/418 1458/561/418 1440/542/418
f 1441/543/417 1442/544/417 1460/563/417
f 1460/563/417 1459/562/417 1441/543/417
f 1442/544/416 1443/545/416 1461/564/416
f 1461/564/416 1460/563/416 1442/544/416
f 1443/545/1275 1444/546/415 1462/565/415
f 1462/565/415 1461/564/1275 1443/545/1275
f 1444/546/414 1445/547/414 1463/566/414
f 1463/566/414 1462/565/414 1444/546/414
f 1445/549/413 1446/548/1276 1464/567/1276
f 1464/567/1276 1463/568/413 1445/549/413
f 1446/548/412 1447/550/412 1465/569/412
f 1465/569/412 1464/567/412 1446/548/412
f 1447/550/411 1448/551/411 1466/570/411
f 1466/570/411 1465/569/411 1447/550/411
f 1448/551/1277 1449/552/410 1467/571/410
f 1467/571/410 1466/570/1277 1448/551/1277
f 1449/552/409 1450/553/409 1468/572/409
f 1468/572/409 1467/571/409 1449/552/409
f 1450/553/408 1451/554/408 1469/573/408
f 1469/573/408 1468/572/408 1450/553/408
f 1451/554/407 1452/555/407 1470/574/407
f 1470/574/407 1469/573/407 1451/554/407
f 1452/555/1278 1453/556/406 1471/575/406
f 1471/575/406 1470/574/1278 1452/555/1278
f 1453/556/405 1454/557/405 1472/576/405
f 1472/576/405 1471/575/405 1453/556/405
f 1454/557/404 1437/540/1279 1455/559/1279
f 1455/559/1279 1472/576/404 1454/557/404
f 1455/559/403 1456/558/403 1474/577/403
f 1474/577/403 1473/578/403 1455/559/403
f 1456/558/403 1457/560/403 1475/579/403
f 1475/579/403 1474/577/403 1456/558/403
f 1457/560/403 1458/561/403 1476/580/403
f 1476/580/403 1475/579/403 1457/560/403
f 1458/561/403 1459/562/403 1477/581/403
f 1477/581/403 1476/580/403 1458/561/403
f 1459/562/403 1460/563/403 1478/582/403
f 1478/582/403 1477/581/403 1459/562/403
f 1460/563/403 1461/564/403 1479/583/403
f 1479/583/403 1478/582/403 1460/563/403
f 1461/564/403 1462/565/403 1480/584/403
f 1480/584/403 1479/583/403 1461/564/403
f 1462/565/403 1463/566/403 1481/585/403
f 1481/585/403 1480/584/403 1462/565/403
f 1463/568/403 1464/567/403 1482/586/403
f 1482/586/403 1481/587/403 1463/568/403
f 1464/567/403 1465/569/403 1483/588/403
f 1483/588/403 1482/586/403 1464/567/403
f 1465/569/403 1466/570/403 1484/589/403
f 1484/589/403 1483/588/403 1465/569/403
f 1466/570/403 1467/571/403 1485/590/403
f 1485/590/403 1484/589/403 1466/570/403
f 1467/571/403 1468/572/403 1486/591/403
f 1486/591/403 1485/590/403 1467/571/403
f 1468/572/403 1469/573/403 1487/592/403
f 1487/592/403 1486/591/403 1468/572/403
f 1469/573/403 1470/574/403 1488/593/403
f 1488/593/403 1487/592/403 1469/573/403
f 1470/574/403 1471/575/403 1489/594/403
f 1489/594/403 1488/593/403 1470/574/403
f 1471/575/403 1472/576/403 1490/595/403
f 1490/595/403 1489/594/403 1471/575/403
f 1472/576/403 1455/559/403 1473/578/403
f 1473/578/403 1490/595/403 1472/576/403
f 1473/578/1273 1474/577/421 1492/596/421
f 1492/596/421 1491/597/1273 1473/578/1273
f 1474/577/420 1475/579/420 1493/598/420
f 1493/598/420 1492/596/420 1474/577/420
f 1475/579/419 1476/580/419 1494/599/419
f 1494/599/419 1493/598/419 1475/579/419
f 1476/580/418 1477/581/418 1495/600/418
f 1495/600/418 1494/599/418 1476/580/418
f 1477/581/417 1478/582/417 1496/601/417
f 1496/601/417 1495/600/417 1477/581/417
f 1478/582/416 1479/583/416 1497/602/416
f 1497/602/416 1496/601/416 1478/582/416
f 1479/583/415 1480/584/415 1498/603/415
f 1498/603/415 1497/602/415 1479/583/415
f 1480/584/414 1481/585/414 1499/604/414
f 1499/604/414 1498/603/414 1480/584/414
f 1481/587/413 1482/586/413 1500/605/413
f 1500/605/413 1499/606/413 1481/587/413
f 1482/586/412 1483/588/412 1501/607/412
f 1501/607/412 1500/605/412 1482/586/412
f 1483/588/411 1484/589/411 1502/608/411
f 1502/608/411 1501/607/411 1483/588/411
f 1484/589/410 1485/590/410 1503/609/410
f 1503/609/410 1502/608/410 1484/589/410
f 1485/590/409 1486/591/409 1504/610/409
f 1504/610/409 1503/609/409 1485/590/409
f 1486/591/408 1487/592/408 1505/611/408
f 1505/611/408 1504/610/408 1486/591/408
f 1487/592/407 1488/593/407 1506/612/407
f 1506/612/407 1505/611/407 1487/592/407
f 1488/593/406 1489/594/406 1507/613/406
f 1507/613/406 1506/612/406 1488/593/406
f 1489/594/405 1490/595/405 1508/614/405
f 1508/614/405 1507/613/405 1489/594/405
f 1490/595/1279 1473/578/404 1491/597/404
f 1491/597/404 1508/614/1279 1490/595/1279
f 1491/597/422 1492/596/422 1510/615/422
f 1510/615/422 1509/616/422 1491/597/422
f 1492/596/422 1493/598/422 1511/617/422
f 1511/617/422 1510/615/422 1492/596/422
f 1493/598/422 1494/599/422 1512/618/422
f 1512/618/422 1511/617/422 1493/598/422
f 1494/599/422 1495/600/422 1513/619/422
f 1513/619/422 1512/618/422 1494/599/422
f 1495/600/422 1496/601/422 1514/620/422
f 1514/620/422 1513/619/422 1495/600/422
f 1496/601/422 1497/602/422 1515/621/422
f 1515/621/422 1514/620/422 1496/601/422
f 1497/602/422 1498/603/422 1516/622/422
f 1516/622/422 1515/621/422 1497/602/422
f 1498/603/422 1499/604/422 1517/623/422
f 1517/623/422 1516/622/422 1498/603/422
f 1499/606/422 1500/605/422 1518/624/422
f 1518/624/422 1517/625/422 1499/606/422
f 1500/605/422 1501/607/422 1519/626/422
f 1519/626/422 1518/624/422 1500/605/422
f 1501/607/422 1502/608/422 1520/627/422
f 1520/627/422 1519/626/422 1501/607/422
f 1502/608/422 1503/609/422 1521/628/422
f 1521/628/422 1520/627/422 1502/608/422
f 1503/609/422 1504/610/422 1522/629/422
f 1522/629/422 1521/628/422 1503/609/422
f 1504/610/422 1505/611/422 1523/630/422
f 1523/630/422 1522/629/422 1504/610/422
f 1505/611/422 1506/612/422 1524/631/422
f 1524/631/422 1523/630/422 1505/611/422
f 1506/612/422 1507/613/422 1525/632/422
f 1525/632/422 1524/631/422 1506/612/422
f 1507/613/422 1508/614/422 1526/633/422
f 1526/633/422 1525/632/422 1507/613/422
f 1508/614/422 1491/597/422 1509/616/422
f 1509/616/422 1526/633/422 1508/614/422
f 1509/616/421 1510/615/1273 1528/634/421
f 1528/634/421 1527/635/421 1509/616/421
f 1510/615/420 1511/617/420 1529/636/420
f 1529/636/420 1528/634/420 1510/615/420
f 1511/617/419 1512/618/419 1530/637/419
f 1530/637/419 1529/636/419 1511/617/419
f 1512/618/418 1513/619/418 1531/638/418
f 1531/638/418 1530/637/418 1512/618/418
f 1513/619/417 1514/620/417 1532/639/417
f 1532/639/417 1531/638/417 1513/619/417
f 1514/620/416 1515/621/416 1533/640/416
f 1533/640/416 1532/639/416 1514/620/416
f 1515/621/415 1516/622/415 1534/641/415
f 1534/641/415 1533/640/415 1515/621/415
f 1516/622/414 1517/623/414 1535/642/414
f 1535/642/414 1534/641/414 1516/622/414
f 1517/625/413 1518/624/413 1536/643/413
f 1536/643/413 1535/644/413 1517/625/413
f 1518/624/412 1519/626/412 1537/645/412
f 1537/645/412 1536/643/412 1518/624/412
f 1519/626/411 1520/627/411 1538/646/411
f 1538/646/411 1537/645/411 1519/626/411
f 1520/627/410 1521/628/410 1539/647/410
f 1539/647/410 1538/646/410 1520/627/410
f 1521/628/409 1522/629/409 1540/648/409
f 1540/648/409 1539/647/409 1521/628/409
f 1522/629/408 1523/630/408 1541/649/408
f 1541/649/408 1540/648/408 1522/629/408
f 1523/630/407 1524/631/407 1542/650/407
f 1542/650/407 1541/649/407 1523/630/407
f 1524/631/406 1525/632/406 1543/651/406
f 1543/651/406 1542/650/406 1524/631/406
f 1525/632/405 1526/633/405 1544/652/405
f 1544/652/405 1543/651/405 1525/632/405
f 1526/633/404 1509/616/404 1527/635/404
f 1527/635/404 1544/652/404 1526/633/404
f 1527/635/403 1528/634/403 1546/653/403
f 1546/653/403 1545/654/403 1527/635/403
f 1528/634/403 1529/636/403 1547/655/403
f 1547/655/403 1546/653/403 1528/634/403
f 1529/636/403 1530/637/403 1548/656/403
f 1548/656/403 1547/655/403 1529/636/403
f 1530/637/403 1531/638/403 1549/657/403
f 1549/657/403 1548/656/403 1530/637/403
f 1531/638/403 1532/639/403 1550/658/403
f 1550/658/403 1549/657/403 1531/638/403
f 1532/639/403 1533/640/403 1551/659/403
f 1551/659/403 1550/658/403 1532/639/403
f 1533/640/403 1534/641/403 1552/660/403
f 1552/660/403 1551/659/403 1533/640/403
f 1534/641/403 1535/642/403 1553/661/403
f 1553/661/403 1552/660/403 1534/641/403
f 1535/644/403 1536/643/403 1554/662/403
f 1554/662/403 1553/663/403 1535/644/403
f 1536/643/403 1537/645/403 1555/664/403
f 1555/664/403 1554/662/403 1536/643/403
f 1537/645/403 1538/646/403 1556/665/403
f 1556/665/403 1555/664/403 1537/645/403
f 1538/646/403 1539/647/403 1557/666/403
f 1557/666/403 1556/665/403 1538/646/403
f 1539/647/403 1540/648/403 1558/667/403
f 1558/667/403 1557/666/403 1539/647/403
f 1540/648/403 1541/649/403 1559/668/403
f 1559/668/403 1558/667/403 1540/648/403
f 1541/649/403 1542/650/403 1560/669/403
f 1560/669/403 1559/668/403 1541/649/403
f 1542/650/403 1543/651/403 1561/670/403
f 1561/670/403 1560/669/403 1542/650/403
f 1543/651/403 1544/652/403 1562/671/403
f 1562/671/403 1561/670/403 1543/651/403
f 1544/652/403 1527/635/403 1545/654/403
f 1545/654/403 1562/671/403 1544/652/403
f 1545/654/421 1546/653/1273 1564/672/421
f 1564/672/421 1563/673/421 1545/654/421
f 1546/653/420 1547/655/420 1565/674/420
f 1565/674/420 1564/672/420 1546/653/420
f 1547/655/419 1548/656/419 1566/675/419
f 1566/675/419 1565/674/419 1547/655/419
f 1548/656/418 1549/657/418 1567/676/418
f 1567/676/418 1566/675/418 1548/656/418
f 1549/657/417 1550/658/417 1568/677/417
f 1568/677/417 1567/676/417 1549/657/417
f 1550/658/416 1551/659/416 1569/678/416
f 1569/678/416 1568/677/416 1550/658/416
f 1551/659/415 1552/660/415 1570/679/415
f 1570/679/415 1569/678/415 1551/659/415
f 1552/660/414 1553/661/414 1571/680/414
f 1571/680/414 1570/679/414 1552/660/414
f 1553/663/413 1554/662/413 1572/681/413
f 1572/681/413 1571/682/413 1553/663/413
f 1554/662/412 1555/664/412 1573/683/412
f 1573/683/412 1572/681/412 1554/662/412
f 1555/664/411 1556/665/411 1574/684/411
f 1574/684/411 1573/683/411 1555/664/411
f 1556/665/410 1557/666/410 1575/685/410
f 1575/685/410 1574/684/410 1556/665/410
f 1557/666/409 1558/667/409 1576/686/409
f 1576/686/409 1575/685/409 1557/666/409
f 1558/667/408 1559/668/408 1577/687/408
f 1577/687/408 1576/686/408 1558/667/408
f 1559/668/407 1560/669/407 1578/688/407
f 1578/688/407 1577/687/407 1559/668/407
f 1560/669/406 1561/670/406 1579/689/406
f 1579/689/406 1578/688/406 1560/669/406
f 1561/670/405 1562/671/405 1580/690/405
f 1580/690/405 1579/689/405 1561/670/405
f 1562/671/404 1545/654/404 1563/673/404
f 1563/673/404 1580/690/404 1562/671/404
f 1563/673/422 1564/672/422 1582/691/422
f 1582/691/422 1581/692/422 1563/673/422
f 1564/672/422 1565/674/422 1583/693/422
f 1583/693/422 1582/691/422 1564/672/422
f 1565/674/422 1566/675/422 1584/694/422
f 1584/694/422 1583/693/422 1565/674/422
f 1566/675/422 1567/676/422 1585/695/422
f 1585/695/422 1584/694/422 1566/675/422
f 1567/676/422 1568/677/422 1586/696/422
f 1586/696/422 1585/695/422 1567/676/422
f 1568/677/422 1569/678/422 1587/697/422
f 1587/697/422 1586/696/422 1568/677/422
f 1569/678/422 1570/679/422 1588/698/422
f 1588/698/422 1587/697/422 1569/678/422
f 1570/679/422 1571/680/422 1589/699/422
f 1589/699/422 1588/698/422 1570/679/422
f 1571/682/422 1572/681/422 1590/700/422
f 1590/700/422 1589/701/422 1571/682/422
f 1572/681/422 1573/683/422 1591/702/422
f 1591/702/422 1590/700/422 1572/681/422
f 1573/683/422 1574/684/422 1592/703/422
f 1592/703/422 1591/702/422 1573/683/422
f 1574/684/422 1575/685/422 1593/704/422
f 1593/704/422 1592/703/422 1574/684/422
f 1575/685/422 1576/686/422 1594/705/422
f 1594/705/422 1593/704/422 1575/685/422
f 1576/686/422 1577/687/422 1595/706/422
f 1595/706/422 1594/705/422 1576/686/422
f 1577/687/422 1578/688/422 1596/707/422
f 1596/707/422 1595/706/422 1577/687/422
f 1578/688/422 1579/689/422 1597/708/422
f 1597/708/422 1596/707/422 1578/688/422
f 1579/689/422 1580/690/422 1598/709/422
f 1598/709/422 1597/708/422 1579/689/422
f 1580/690/422 1563/673/422 1581/692/422
f 1581/692/422 1598/709/422 1580/690/422
f 1581/692/421 1582/691/421 1600/710/421
f 1600/710/421 1599/711/421 1581/692/421
f 1582/691/420 1583/693/420 1601/712/420
f 1601/712/420 1600/710/420 1582/691/420
f 1583/693/419 1584/694/419 1602/713/419
f 1602/713/419 1601/712/419 1583/693/419
f 1584/694/418 1585/695/418 1603/714/418
f 1603/714/418 1602/713/418 1584/694/418
f 1585/695/417 1586/696/417 1604/715/417
f 1604/715/417 1603/714/417 1585/695/417
f 1586/696/416 1587/697/416 1605/716/416
f 1605/716/416 1604/715/416 1586/696/416
f 1587/697/415 1588/698/415 1606/717/415
f 1606/717/415 1605/716/415 1587/697/415
f 1588/698/414 1589/699/414 1607/718/414
f 1607/718/414 1606/717/414 1588/698/414
f 1589/701/413 1590/700/413 1608/719/413
f 1608/719/413 1607/720/413 1589/701/413
f 1590/700/412 1591/702/412 1609/721/412
f 1609/721/412 1608/719/412 1590/700/412
f 1591/702/411 1592/703/411 1610/722/411
f 1610/722/411 1609/721/411 1591/702/411
f 1592/703/410 1593/704/410 1611/723/410
f 1611/723/410 1610/722/410 1592/703/410
f 1593/704/409 1594/705/409 1612/724/409
f 1612/724/409 1611/723/409 1593/704/409
f 1594/705/408 1595/706/408 1613/725/408
f 1613/725/408 1612/724/408 1594/705/408
f 1595/706/407 1596/707/407 1614/726/407
f 1614/726/407 1613/725/407 1595/706/407
f 1596/707/406 1597/708/406 1615/727/406
f 1615/727/406 1614/726/406 1596/707/406
f 1597/708/405 1598/709/405 1616/728/405
f 1616/728/405 1615/727/405 1597/708/405
f 1598/709/404 1581/692/404 1599/711/404
f 1599/711/404 1616/728/404 1598/709/404
f 1599/711/403 1600/710/403 1618/729/403
f 1618/729/403 1617/730/403 1599/711/403
f 1600/710/403 1601/712/403 1619/731/403
f 1619/731/403 1618/729/403 1600/710/403
f 1601/712/403 1602/713/403 1620/732/403
f 1620/732/403 1619/731/403 1601/712/403
f 1602/713/403 1603/714/403 1621/733/403
f 1621/733/403 1620/732/403 1602/713/403
f 1603/714/403 1604/715/403 1622/734/403
f 1622/734/403 1621/733/403 1603/714/403
f 1604/715/403 1605/716/403 1623/735/403
f 1623/735/403 1622/734/403 1604/715/403
f 1605/716/403 1606/717/403 1624/736/403
f 1624/736/403 1623/735/403 1605/716/403
f 1606/717/403 1607/718/403 1625/737/403
f 1625/737/403 1624/736/403 1606/717/403
f 1607/720/403 1608/719/403 1626/738/403
f 1626/738/403 1625/739/403 1607/720/403
f 1608/719/403 1609/721/403 1627/740/403
f 1627/740/403 1626/738/403 1608/719/403
f 1609/721/403 1610/722/403 1628/741/403
f 1628/741/403 1627/740/403 1609/721/403
f 1610/722/403 1611/723/403 1629/742/403
f 1629/742/403 1628/741/403 1610/722/403
f 1611/723/403 1612/724/403 1630/743/403
f 1630/743/403 1629/742/403 1611/723/403
f 1612/724/403 1613/725/403 1631/744/403
f 1631/744/403 1630/743/403 1612/724/403
f 1613/725/403 1614/726/403 1632/745/403
f 1632/745/403 1631/744/403 1613/725/403
f 1614/726/403 1615/727/403 1633/746/403
f 1633/746/403 1632/745/403 1614/726/403
f 1615/727/403 1616/728/403 1634/747/403
f 1634/747/403 1633/746/403 1615/727/403
f 1616/728/403 1599/711/403 1617/730/403
f 1617/730/403 1634/747/403 1616/728/403
f 1617/730/421 1618/729/421 1636/748/421
f 1636/748/421 1635/749/421 1617/730/421
f 1618/729/420 1619/731/420 1637/750/420
f 1637/750/420 1636/748/420 1618/729/420
f 1619/731/419 1620/732/419 1638/751/419
f 1638/751/419 1637/750/419 1619/731/419
f 1620/732/418 1621/733/418 1639/752/418
f 1639/752/418 1638/751/418 1620/732/418
f 1621/733/417 1622/734/417 1640/753/417
f 1640/753/417 1639/752/417 1621/733/417
f 1622/734/416 1623/735/416 1641/754/416
f 1641/754/416 1640/753/416 1622/734/416
f 1623/735/415 1624/736/415 1642/755/415
f 1642/755/415 1641/754/415 1623/735/415
f 1624/736/414 1625/737/414 1643/756/414
f 1643/756/414 1642/755/414 1624/736/414
f 1625/739/413 1626/738/413 1644/757/413
f 1644/757/413 1643/758/413 1625/739/413
f 1626/738/412 1627/740/412 1645/759/412
f 1645/759/412 1644/757/412 1626/738/412
f 1627/740/411 1628/741/411 1646/760/411
f 1646/760/411 1645/759/411 1627/740/411
f 1628/741/410 1629/742/410 1647/761/410
f 1647/761/410 1646/760/410 1628/741/410
f 1629/742/409 1630/743/409 1648/762/409
f 1648/762/409 1647/761/409 1629/742/409
f 1630/743/408 1631/744/408 1649/763/408
f 1649/763/408 1648/762/408 1630/743/408
f 1631/744/407 1632/745/407 1650/764/407
f 1650/764/407 1649/763/407 1631/744/407
f 1632/745/406 1633/746/406 1651/765/406
f 1651/765/406 1650/764/406 1632/745/406
f 1633/746/405 1634/747/405 1652/766/405
f 1652/766/405 1651/765/405 1633/746/405
f 1634/747/404 1617/730/404 1635/749/404
f 1635/749/404 1652/766/404 1634/747/404
f 1635/749/422 1636/748/422 1654/767/422
f 1654/767/422 1653/768/422 1635/749/422
f 1636/748/422 1637/750/422 1655/769/422
f 1655/769/422 1654/767/422 1636/748/422
f 1637/750/422 1638/751/422 1656/770/422
f 1656/770/422 1655/769/422 1637/750/422
f 1638/751/422 1639/752/422 1657/771/422
f 1657/771/422 1656/770/422 1638/751/422
f 1639/752/422 1640/753/422 1658/772/422
f 1658/772/422 1657/771/422 1639/752/422
f 1640/753/422 1641/754/422 1659/773/422
f 1659/773/422 1658/772/422 1640/753/422
f 1641/754/422 1642/755/422 1660/774/422
f 1660/774/422 1659/773/422 1641/754/422
f 1642/755/422 1643/756/422 1661/775/422
f 1661/775/422 1660/774/422 1642/755/422
f 1643/758/422 1644/757/422 1662/776/422
f 1662/776/422 1661/777/422 1643/758/422
f 1644/757/422 1645/759/422 1663/778/422
f 1663/778/422 1662/776/422 1644/757/422
f 1645/759/422 1646/760/422 1664/779/422
f 1664/779/422 1663/778/422 1645/759/422
f 1646/760/422 1647/761/422 1665/780/422
f 1665/780/422 1664/779/422 1646/760/422
f 1647/761/422 1648/762/422 1666/781/422
f 1666/781/422 1665/780/422 1647/761/422
f 1648/762/422 1649/763/422 1667/782/422
f 1667/782/422 1666/781/422 1648/762/422
f 1649/763/422 1650/764/422 1668/783/422
f 1668/783/422 1667/782/422 1649/763/422
f 1650/764/422 1651/765/422 1669/784/422
f 1669/784/422 1668/783/422 1650/764/422
f 1651/765/422 1652/766/422 1670/785/422
f 1670/785/422 1669/784/422 1651/765/422
f 1652/766/422 1635/749/422 1653/768/422
f 1653/768/422 1670/785/422 1652/766/422
f 1653/768/421 1654/767/421 1672/786/421
f 1672/786/421 1671/787/421 1653/768/421
f 1654/767/420 1655/769/420 1673/788/420
f 1673/788/420 1672/786/420 1654/767/420
f 1655/769/419 1656/770/419 1674/789/419
f 1674/789/419 1673/788/419 1655/769/419
f 1656/770/418 1657/771/418 1675/790/418
f 1675/790/418 1674/789/418 1656/770/418
f 1657/771/417 1658/772/417 1676/791/417
f 1676/791/417 1675/790/417 1657/771/417
f 1658/772/416 1659/773/416 1677/792/416
f 1677/792/416 1676/791/416 1658/772/416
f 1659/773/415 1660/774/415 1678/793/415
f 1678/793/415 1677/792/415 1659/773/415
f 1660/774/414 1661/775/414 1679/794/414
f 1679/794/414 1678/793/414 1660/774/414
f 1661/777/413 1662/776/413 1680/795/413
f 1680/795/413 1679/796/413 1661/777/413
f 1662/776/412 1663/778/412 1681/797/412
f 1681/797/412 1680/795/412 1662/776/412
f 1663/778/411 1664/779/411 1682/798/411
f 1682/798/411 1681/797/411 1663/778/411
f 1664/779/410 1665/780/410 1683/799/410
f 1683/799/410 1682/798/410 1664/779/410
f 1665/780/409 1666/781/409 1684/800/409
f 1684/800/409 1683/799/409 1665/780/409
f 1666/781/408 1667/782/408 1685/801/408
f 1685/801/408 1684/800/408 1666/781/408
f 1667/782/407 1668/783/407 1686/802/407
f 1686/802/407 1685/801/407 1667/782/407
f 1668/783/406 1669/784/406 1687/803/406
f 1687/803/406 1686/802/406 1668/783/406
f 1669/784/405 1670/785/405 1688/804/405
f 1688/804/405 1687/803/405 1669/784/405
f 1670/785/404 1653/768/404 1671/787/404
f 1671/787/404 1688/804/404 1670/785/404
f 1671/787/403 1672/786/403 1690/805/403
f 1690/805/403 1689/806/403 1671/787/403
f 1672/786/403 1673/788/403 1691/807/403
f 1691/807/403 1690/805/403 1672/786/403
f 1673/788/403 1674/789/403 1692/808/403
f 1692/808/403 1691/807/403 1673/788/403
f 1674/789/403 1675/790/403 1693/809/403
f 1693/809/403 1692/808/403 1674/789/403
f 1675/790/403 1676/791/403 1694/810/403
f 1694/810/403 1693/809/403 1675/790/403
f 1676/791/403 1677/792/403 1695/811/403
f 1695/811/403 1694/810/403 1676/791/403
f 1677/792/403 1678/793/403 1696/812/403
f 1696/812/403 1695/811/403 1677/792/403
f 1678/793/403 1679/794/403 1697/813/403
f 1697/813/403 1696/812/403 1678/793/403
f 1679/796/403 1680/795/403 1698/814/403
f 1698/814/403 1697/815/403 1679/796/403
f 1680/795/403 1681/797/403 1699/816/403
f 1699/816/403 1698/814/403 1680/795/403
f 1681/797/403 1682/798/403 1700/817/403
f 1700/817/403 1699/816/403 1681/797/403
f 1682/798/403 1683/799/403 1701/818/403
f 1701/818/403 1700/817/403 1682/798/403
f 1683/799/403 1684/800/403 1702/819/403
f 1702/819/403 1701/818/403 1683/799/403
f 1684/800/403 1685/801/403 1703/820/403
f 1703/820/403 1702/819/403 1684/800/403
f 1685/801/403 1686/802/403 1704/821/403
f 1704/821/403 1703/820/403 1685/801/403
f 1686/802/403 1687/803/403 1705/822/403
f 1705/822/403 1704/821/403 1686/802/403
f 1687/803/403 1688/804/403 1706/823/403
f 1706/823/403 1705/822/403 1687/803/403
f 1688/804/403 1671/787/403 1689/806/403
f 1689/806/403 1706/823/403 1688/804/403
f 1689/806/421 1690/805/421 1708/824/421
f 1708/824/421 1707/825/421 1689/806/421
f 1690/805/420 1691/807/420 1709/826/420
f 1709/826/420 1708/824/420 1690/805/420
f 1691/807/419 1692/808/419 1710/827/419
f 1710/827/419 1709/826/419 1691/807/419
f 1692/808/418 1693/809/418 1711/828/418
f 1711/828/418 1710/827/418 1692/808/418
f 1693/809/417 1694/810/417 1712/829/417
f 1712/829/417 1711/828/417 1693/809/417
f 1694/810/416 1695/811/416 1713/830/416
f 1713/830/416 1712/829/416 1694/810/416
f 1695/811/415 1696/812/415 1714/831/415
f 1714/831/415 1713/830/415 1695/811/415
f 1696/812/414 1697/813/414 1715/832/414
f 1715/832/414 1714/831/414 1696/812/414
f 1697/815/413 1698/814/413 1716/833/413
f 1716/833/413 1715/834/413 1697/815/413
f 1698/814/412 1699/816/412 1717/835/412
f 1717/835/412 1716/833/412 1698/814/412
f 1699/816/411 1700/817/411 1718/836/411
f 1718/836/411 1717/835/411 1699/816/411
f 1700/817/410 1701/818/410 1719/837/410
f 1719/837/410 1718/836/410 1700/817/410
f 1701/818/409 1702/819/409 1720/838/409
f 1720/838/409 1719/837/409 1701/818/409
f 1702/819/408 1703/820/408 1721/839/408
f 1721/839/408 1720/838/408 1702/819/408
f 1703/820/407 1704/821/407 1722/840/407
f 1722/840/407 1721/839/407 1703/820/407
f 1704/821/406 1705/822/406 1723/841/406
f 1723/841/406 1722/840/406 1704/821/406
f 1705/822/405 1706/823/405 1724/842/405
f 1724/842/405 1723/841/405 1705/822/405
f 1706/823/404 1689/806/404 1707/825/404
f 1707/825/404 1724/842/404 1706/823/404
f 1707/825/422 1708/824/422 1726/843/422
f 1726/843/422 1725/844/422 1707/825/422
f 1708/824/422 1709/826/422 1727/845/422
f 1727/845/422 1726/843/422 1708/824/422
f 1709/826/422 1710/827/422 1728/846/422
f 1728/846/422 1727/845/422 1709/826/422
f 1710/827/422 1711/828/422 1729/847/422
f 1729/847/422 1728/846/422 1710/827/422
f 1711/828/422 1712/829/422 1730/848/422
f 1730/848/422 1729/847/422 1711/828/422
f 1712/829/422 1713/830/422 1731/849/422
f 1731/849/422 1730/848/422 1712/829/422
f 1713/830/422 1714/831/422 1732/850/422
f 1732/850/422 1731/849/422 1713/830/422
f 1714/831/422 1715/832/422 1733/851/422
f 1733/851/422 1732/850/422 1714/831/422
f 1715/834/422 1716/833/422 1734/852/422
f 1734/852/422 1733/853/422 1715/834/422
f 1716/833/422 1717/835/422 1735/854/422
f 1735/854/422 1734/852/422 1716/833/422
f 1717/835/422 1718/836/422 1736/855/422
f 1736/855/422 1735/854/422 1717/835/422
f 1718/836/422 1719/837/422 1737/856/422
f 1737/856/422 1736/855/422 1718/836/422
f 1719/837/422 1720/838/422 1738/857/422
f 1738/857/422 1737/856/422 1719/837/422
f 1720/838/422 1721/839/422 1739/858/422
f 1739/858/422 1738/857/422 1720/838/422
f 1721/839/422 1722/840/422 1740/859/422
f 1740/859/422 1739/858/422 1721/839/422
f 1722/840/422 1723/841/422 1741/860/422
f 1741/860/422 1740/859/422 1722/840/422
f 1723/841/422 1724/842/422 1742/861/422
f 1742/861/422 1741/860/422 1723/841/422
f 1724/842/422 1707/825/422 1725/844/422
f 1725/844/422 1742/861/422 1724/842/422
f 1725/844/421 1726/843/421 1744/862/421
f 1744/862/421 1743/863/421 1725/844/421
f 1726/843/420 1727/845/420 1745/864/420
f 1745/864/420 1744/862/420 1726/843/420
f 1727/845/419 1728/846/419 1746/865/419
f 1746/865/419 1745/864/419 1727/845/419
f 1728/846/418 1729/847/418 1747/866/418
f 1747/866/418 1746/865/418 1728/846/418
f 1729/847/417 1730/848/417 1748/867/417
f 1748/867/417 1747/866/417 1729/847/417
f 1730/848/416 1731/849/416 1749/868/416
f 1749/868/416 1748/867/416 1730/848/416
f 1731/849/415 1732/850/415 1750/869/415
f 1750/869/415 1749/868/415 1731/849/415
f 1732/850/414 1733/851/414 1751/870/414
f 1751/870/414 1750/869/414 1732/850/414
f 1733/853/413 1734/852/413 1752/871/413
f 1752/871/413 1751/872/413 1733/853/413
f 1734/852/412 1735/854/412 1753/873/412
f 1753/873/412 1752/871/412 1734/852/412
f 1735/854/411 1736/855/411 1754/874/411
f 1754/874/411 1753/873/411 1735/854/411
f 1736/855/410 1737/856/410 1755/875/410
f 1755/875/410 1754/874/410 1736/855/410
f 1737/856/409 1738/857/409 1756/876/409
f 1756/876/409 1755/875/409 1737/856/409
f 1738/857/408 1739/858/408 1757/877/408
f 1757/877/408 1756/876/408 1738/857/408
f 1739/858/407 1740/859/407 1758/878/407
f 1758/878/407 1757/877/407 1739/858/407
f 1740/859/406 1741/860/406 1759/879/406
f 1759/879/406 1758/878/406 1740/859/406
f 1741/860/405 1742/861/405 1760/880/405
f 1760/880/405 1759/879/405 1741/860/405
f 1742/861/404 1725/844/404 1743/863/404
f 1743/863/404 1760/880/404 1742/861/404
f 1743/863/422 1744/862/422 1762/881/422
f 1762/881/422 1761/882/422 1743/863/422
f 1744/862/422 1745/864/422 1763/883/422
f 1763/883/422 1762/881/422 1744/862/422
f 1745/864/422 1746/865/422 1764/884/422
f 1764/884/422 1763/883/422 1745/864/422
f 1746/865/422 1747/866/422 1765/885/422
f 1765/885/422 1764/884/422 1746/865/422
f 1747/866/422 1748/867/422 1766/886/422
f 1766/886/422 1765/885/422 1747/866/422
f 1748/867/422 1749/868/422 1767/887/422
f 1767/887/422 1766/886/422 1748/867/422
f 1749/868/422 1750/869/422 1768/888/422
f 1768/888/422 1767/887/422 1749/868/422
f 1750/869/422 1751/870/422 1769/889/422
f 1769/889/422 1768/888/422 1750/869/422
f 1751/872/422 1752/871/422 1770/890/422
f 1770/890/422 1769/891/422 1751/872/422
f 1752/871/422 1753/873/422 1771/892/422
f 1771/892/422 1770/890/422 1752/871/422
f 1753/873/422 1754/874/422 1772/893/422
f 1772/893/422 1771/892/422 1753/873/422
f 1754/874/422 1755/875/422 1773/894/422
f 1773/894/422 1772/893/422 1754/874/422
f 1755/875/422 1756/876/422 1774/895/422
f 1774/895/422 1773/894/422 1755/875/422
f 1756/876/422 1757/877/422 1775/896/422
f 1775/896/422 1774/895/422 1756/876/422
f 1757/877/422 1758/878/422 1776/897/422
f 1776/897/422 1775/896/422 1757/877/422
f 1758/878/422 1759/879/422 1777/898/422
f 1777/898/422 1776/897/422 1758/878/422
f 1759/879/422 1760/880/422 1778/899/422
f 1778/899/422 1777/898/422 1759/879/422
f 1760/880/422 1743/863/422 1761/882/422
f 1761/882/422 1778/899/422 1760/880/422
f 1761/882/412 1762/881/412 1780/900/412
f 1780/900/412 1779/901/412 1761/882/412
f 1762/881/411 1763/883/411 1781/902/411
f 1781/902/411 1780/900/411 1762/881/411
f 1763/883/410 1764/884/410 1782/903/410
f 1782/903/410 1781/902/410 1763/883/410
f 1764/884/409 1765/885/409 1783/904/409
f 1783/904/409 1782/903/409 1764/884/409
f 1765/885/408 1766/886/408 1784/905/408
f 1784/905/408 1783/904/408 1765/885/408
f 1766/886/407 1767/887/407 1785/906/407
f 1785/906/407 1784/905/407 1766/886/407
f 1767/887/406 1768/888/406 1786/907/406
f 1786/907/406 1785/906/406 1767/887/406
f 1768/888/405 1769/889/405 1787/908/405
f 1787/908/405 1786/907/405 1768/888/405
f 1769/891/404 1770/890/404 1788/909/404
f 1788/909/404 1787/910/404 1769/891/404
f 1770/890/421 1771/892/421 1789/911/421
f 1789/911/421 1788/909/421 1770/890/421
f 1771/892/420 1772/893/420 1790/912/420
f 1790/912/420 1789/911/420 1771/892/420
f 1772/893/419 1773/894/419 1791/913/419
f 1791/913/419 1790/912/419 1772/893/419
f 1773/894/418 1774/895/418 1792/914/418
f 1792/914/418 1791/913/418 1773/894/418
f 1774/895/417 1775/896/417 1793/915/417
f 1793/915/417 1792/914/417 1774/895/417
f 1775/896/416 1776/897/416 1794/916/416
f 1794/916/416 1793/915/416 1775/896/416
f 1776/897/415 1777/898/415 1795/917/415
f 1795/917/415 1794/916/415 1776/897/415
f 1777/898/414 1778/899/414 1796/918/414
f 1796/918/414 1795/917/414 1777/898/414
f 1778/899/413 1761/882/413 1779/901/413
f 1779/901/413 1796/918/413 1778/899/413
f 1781/919/422 1782/920/422 1783/921/422
f 1783/921/422 1784/922/422 1785/923/422
f 1785/923/422 1786/924/422 1787/925/422
f 1783/921/422 1785/923/422 1787/925/422
f 1787/925/422 1788/926/422 1789/927/422
f 1789/927/422 1790/928/422 1791/929/422
f 1787/925/422 1789/927/422 1791/929/422
f 1791/929/422 1792/930/422 1793/931/422
f 1793/931/422 1794/932/422 1795/933/422
f 1791/929/422 1793/931/422 1795/933/422
f 1787/925/422 1791/929/422 1795/933/422
f 1783/921/422 1787/925/422 1795/933/422
f 1795/933/422 1796/934/422 1779/935/422
f 1783/921/422 1795/933/422 1779/935/422
f 1781/919/422 1783/921/422 1779/935/422
f 1780/936/422 1781/919/422 1779/935/422
f 1797/937/385 1798/938/386 1816/939/386
f 1816/939/386 1815/940/385 1797/937/385
f 1798/938/386 1799/941/387 1817/942/387
f 1817/942/387 1816/939/386 1798/938/386
f 1799/941/387 1800/943/388 1818/944/388
f 1818/944/388 1817/942/387 1799/941/387
f 1800/943/388 1801/945/389 1819/946/389
f 1819/946/389 1818/944/388 1800/943/388
f 1801/945/389 1802/947/390 1820/948/390
f 1820/948/390 1819/946/389 1801/945/389
f 1802/947/390 1803/949/391 1821/950/391
f 1821/950/391 1820/948/390 1802/947/390
f 1803/949/391 1804/951/392 1822/952/392
f 1822/952/392 1821/950/391 1803/949/391
f 1804/951/392 1805/953/393 1823/954/393
f 1823/954/393 1822/952/392 1804/951/392
f 1805/953/393 1806/955/394 1824/956/394
f 1824/956/394 1823/954/393 1805/953/393
f 1806/955/394 1807/957/395 1825/958/395
f 1825/958/395 1824/956/394 1806/955/394
f 1807/957/395 1808/959/396 1826/960/396
f 1826/960/396 1825/958/395 1807/957/395
f 1808/959/396 1809/961/397 1827/962/397
f 1827/962/397 1826/960/396 1808/959/396
f 1809/961/397 1810/963/398 1828/964/398
f 1828/964/398 1827/962/397 1809/961/397
f 1810/965/398 1811/966/399 1829/967/399
f 1829/967/399 1828/968/398 1810/965/398
f 1811/966/399 1812/969/400 1830/970/400
f 1830/970/400 1829/967/399 1811/966/399
f 1812/969/400 1813/971/401 1831/972/401
f 1831/972/401 1830/970/400 1812/969/400
f 1813/971/401 1814/973/402 1832/974/402
f 1832/974/402 1831/972/401 1813/971/401
f 1814/973/402 1797/937/385 1815/940/385
f 1815/940/385 1832/974/402 1814/973/402
f 1846/975/445 1834/976/446 1833/977/447
f 1833/977/447 1845/978/448 1846/975/445
f 1847/979/449 1835/980/450 1834/976/446
f 1834/976/446 1846/975/445 1847/979/449
f 1848/981/451 1836/982/1280 1835/980/450
f 1835/980/450 1847/979/449 1848/981/451
f 1849/983/453 1837/984/454 1836/982/1280
f 1836/982/1280 1848/981/451 1849/983/453
f 1850/985/1281 1838/986/456 1837/984/454
f 1837/984/454 1849/983/453 1850/985/1281
f 1851/987/457 1839/988/458 1838/986/456
f 1838/986/456 1850/985/1281 1851/987/457
f 1852/989/1282 1840/990/460 1839/988/458
f 1839/988/458 1851/987/457 1852/989/1282
f 1853/991/461 1841/992/462 1840/990/460
f 1840/990/460 1852/989/1282 1853/991/461
f 1854/993/463 1842/994/464 1841/992/462
f 1841/992/462 1853/991/461 1854/993/463
f 1855/995/465 1843/996/466 1842/994/464
f 1842/994/464 1854/993/463 1855/995/465
f 1856/997/467 1844/998/468 1843/996/466
f 1843/996/466 1855/995/465 1856/997/467
f 1845/999/448 1833/1000/447 1844/998/468
f 1844/998/468 1856/997/467 1845/999/448
f 1858/1001/469 1846/975/445 1845/978/448
f 1845/978/448 1857/1002/470 1858/1001/469
f 1859/1003/1283 1847/979/449 1846/975/445
f 1846/975/445 1858/1001/469 1859/1003/1283
f 1860/1004/472 1848/981/451 1847/979/449
f 1847/979/449 1859/1003/1283 1860/1004/472
f 1861/1005/473 1849/983/453 1848/981/451
f 1848/981/451 1860/1004/472 1861/1005/473
f 1862/1006/474 1850/985/1281 1849/983/453
f 1849/983/453 1861/1005/473 1862/1006/474
f 1863/1007/475 1851/987/457 1850/985/1281
f 1850/985/1281 1862/1006/474 1863/1007/475
f 1864/1008/476 1852/989/1282 1851/987/457
f 1851/987/457 1863/1007/475 1864/1008/476
f 1865/1009/477 1853/991/461 1852/989/1282
f 1852/989/1282 1864/1008/476 1865/1009/477
f 1866/1010/1284 1854/993/463 1853/991/461
f 1853/991/461 1865/1009/477 1866/1010/1284
f 1867/1011/1285 1855/995/465 1854/993/463
f 1854/993/463 1866/1010/1284 1867/1011/1285
f 1868/1012/480 1856/997/467 1855/995/465
f 1855/995/465 1867/1011/1285 1868/1012/480
f 1857/1013/470 1845/999/448 1856/997/467
f 1856/997/467 1868/1012/480 1857/1013/470
f 1870/1014/481 1858/1001/469 1857/1002/470
f 1857/1002/470 1869/1015/482 1870/1014/481
f 1871/1016/483 1859/1003/1283 1858/1001/469
f 1858/1001/469 1870/1014/481 1871/1016/483
f 1872/1017/484 1860/1004/472 1859/1003/1283
f 1859/1003/1283 1871/1016/483 1872/1017/484
f 1873/1018/485 1861/1005/473 1860/1004/472
f 1860/1004/472 1872/1017/484 1873/1018/485
f 1874/1019/486 1862/1006/474 1861/1005/473
f 1861/1005/473 1873/1018/485 1874/1019/486
f 1875/1020/487 1863/1007/475 1862/1006/474
f 1862/1006/474 1874/1019/486 1875/1020/487
f 1876/1021/1286 1864/1008/476 1863/1007/475
f 1863/1007/475 1875/1020/487 1876/1021/1286
f 1877/1022/489 1865/1009/477 1864/1008/476
f 1864/1008/476 1876/1021/1286 1877/1022/489
f 1878/1023/490 1866/1010/1284 1865/1009/477
f 1865/1009/477 1877/1022/489 1878/1023/490
f 1879/1024/491 1867/1011/1285 1866/1010/1284
f 1866/1010/1284 1878/1023/490 1879/1024/491
f 1880/1025/492 1868/1012/480 1867/1011/1285
f 1867/1011/1285 1879/1024/491 1880/1025/492
f 1869/1026/482 1857/1013/470 1868/1012/480
f 1868/1012/480 1880/1025/492 1869/1026/482
f 1882/1027/1287 1870/1014/481 1869/1015/482
f 1869/1015/482 1881/1028/494 1882/1027/1287
f 1883/1029/495 1871/1016/483 1870/1014/481
f 1870/1014/481 1882/1027/1287 1883/1029/495
f 1884/1030/496 1872/1017/484 1871/1016/483
f 1871/1016/483 1883/1029/495 1884/1030/496
f 1885/1031/497 1873/1018/485 1872/1017/484
f 1872/1017/484 1884/1030/496 1885/1031/497
f 1886/1032/498 1874/1019/486 1873/1018/485
f 1873/1018/485 1885/1031/497 1886/1032/498
f 1887/1033/499 1875/1020/487 1874/1019/486
f 1874/1019/486 1886/1032/498 1887/1033/499
f 1888/1034/500 1876/1021/1286 1875/1020/487
f 1875/1020/487 1887/1033/499 1888/1034/500
f 1889/1035/501 1877/1022/489 1876/1021/1286
f 1876/1021/1286 1888/1034/500 1889/1035/501
f 1890/1036/502 1878/1023/490 1877/1022/489
f 1877/1022/489 1889/1035/501 1890/1036/502
f 1891/1037/503 1879/1024/491 1878/1023/490
f 1878/1023/490 1890/1036/502 1891/1037/503
f 1892/1038/504 1880/1025/492 1879/1024/491
f 1879/1024/491 1891/1037/503 1892/1038/504
f 1881/1039/494 1869/1026/482 1880/1025/492
f 1880/1025/492 1892/1038/504 1881/1039/494
f 2254/1040/505 2241/1041/506 2242/1042/507
f 2242/1042/507 2253/1043/507 2254/1040/505
f 2255/1044/508 2252/1045/509 2241/1041/506
f 2241/1041/506 2254/1040/505 2255/1044/508
f 2256/1046/510 2251/1047/511 2252/1045/509
f 2252/1045/509 2255/1044/508 2256/1046/510
f 2257/1048/512 2250/1049/513 2251/1047/511
f 2251/1047/511 2256/1046/510 2257/1048/512
f 2258/1050/514 2249/1051/515 2250/1049/513
f 2250/1049/513 2257/1048/512 2258/1050/514
f 2259/1052/516 2248/1053/516 2249/1051/515
f 2249/1051/515 2258/1050/514 2259/1052/516
f 2260/1054/517 2247/1055/517 2248/1053/517
f 2248/1053/517 2259/1052/517 2260/1054/517
f 2261/1056/518 2246/1057/519 2247/1055/520
f 2247/1055/520 2260/1054/521 2261/1056/518
f 2262/1058/522 2245/1059/523 2246/1057/519
f 2246/1057/519 2261/1056/518 2262/1058/522
f 2263/1060/524 2244/1061/525 2245/1059/523
f 2245/1059/523 2262/1058/522 2263/1060/524
f 2264/1062/526 2243/1063/527 2244/1061/525
f 2244/1061/525 2263/1060/524 2264/1062/526
f 2253/1064/507 2242/1065/507 2243/1063/527
f 2243/1063/527 2264/1062/526 2253/1064/507
f 1906/1066/528 1894/1067/1288 1893/1068/530
f 1893/1068/530 1905/1069/531 1906/1066/528
f 1907/1070/532 1895/1071/533 1894/1067/1288
f 1894/1067/1288 1906/1066/528 1907/1070/532
f 1908/1072/534 1896/1073/535 1895/1071/533
f 1895/1071/533 1907/1070/532 1908/1072/534
f 1909/1074/1289 1897/1075/537 1896/1073/535
f 1896/1073/535 1908/1072/534 1909/1074/1289
f 1910/1076/538 1898/1077/1290 1897/1075/537
f 1897/1075/537 1909/1074/1289 1910/1076/538
f 1911/1078/540 1899/1079/541 1898/1077/1290
f 1898/1077/1290 1910/1076/538 1911/1078/540
f 1912/1080/1291 1900/1081/543 1899/1079/541
f 1899/1079/541 1911/1078/540 1912/1080/1291
f 1913/1082/544 1901/1083/545 1900/1081/543
f 1900/1081/543 1912/1080/1291 1913/1082/544
f 1914/1084/546 1902/1085/547 1901/1083/545
f 1901/1083/545 1913/1082/544 1914/1084/546
f 1915/1086/548 1903/1087/549 1902/1085/547
f 1902/1085/547 1914/1084/546 1915/1086/548
f 1916/1088/550 1904/1089/551 1903/1087/549
f 1903/1087/549 1915/1086/548 1916/1088/550
f 1905/1090/531 1893/1091/530 1904/1089/551
f 1904/1089/551 1916/1088/550 1905/1090/531
f 1918/1092/552 1906/1093/528 1905/1094/531
f 1905/1094/531 1917/1095/553 1918/1092/552
f 1919/1096/554 1907/1097/532 1906/1093/528
f 1906/1093/528 1918/1092/552 1919/1096/554
f 1920/1098/555 1908/1099/534 1907/1097/532
f 1907/1097/532 1919/1096/554 1920/1098/555
f 1921/1100/556 1909/1101/1289 1908/1099/534
f 1908/1099/534 1920/1098/555 1921/1100/556
f 1922/1102/557 1910/1103/538 1909/1101/1289
f 1909/1101/1289 1921/1100/556 1922/1102/557
f 1923/1104/558 1911/1105/540 1910/1103/538
f 1910/1103/538 1922/1102/557 1923/1104/558
f 1924/1106/559 1912/1107/1291 1911/1105/540
f 1911/1105/540 1923/1104/558 1924/1106/559
f 1925/1108/560 1913/1109/544 1912/1107/1291
f 1912/1107/1291 1924/1106/559 1925/1108/560
f 1926/1110/561 1914/1111/546 1913/1109/544
f 1913/1109/544 1925/1108/560 1926/1110/561
f 1927/1112/562 1915/1113/548 1914/1111/546
f 1914/1111/546 1926/1110/561 1927/1112/562
f 1928/1114/563 1916/1115/550 1915/1113/548
f 1915/1113/548 1927/1112/562 1928/1114/563
f 1917/1116/553 1905/1117/531 1916/1115/550
f 1916/1115/550 1928/1114/563 1917/1116/553
f 1930/1118/564 1918/1092/552 1917/1095/553
f 1917/1095/553 1929/1119/565 1930/1118/564
f 1931/1120/566 1919/1096/554 1918/1092/552
f 1918/1092/552 1930/1118/564 1931/1120/566
f 1932/1121/567 1920/1098/555 1919/1096/554
f 1919/1096/554 1931/1120/566 1932/1121/567
f 1933/1122/568 1921/1100/556 1920/1098/555
f 1920/1098/555 1932/1121/567 1933/1122/568
f 1934/1123/1292 1922/1102/557 1921/1100/556
f 1921/1100/556 1933/1122/568 1934/1123/1292
f 1935/1124/570 1923/1104/558 1922/1102/557
f 1922/1102/557 1934/1123/1292 1935/1124/570
f 1936/1125/571 1924/1106/559 1923/1104/558
f 1923/1104/558 1935/1124/570 1936/1125/571
f 1937/1126/572 1925/1108/560 1924/1106/559
f 1924/1106/559 1936/1125/571 1937/1126/572
f 1938/1127/1293 1926/1110/561 1925/1108/560
f 1925/1108/560 1937/1126/572 1938/1127/1293
f 1939/1128/574 1927/1112/562 1926/1110/561
f 1926/1110/561 1938/1127/1293 1939/1128/574
f 1940/1129/575 1928/1114/563 1927/1112/562
f 1927/1112/562 1939/1128/574 1940/1129/575
f 1929/1130/565 1917/1116/553 1928/1114/563
f 1928/1114/563 1940/1129/575 1929/1130/565
f 1942/1131/576 1930/1118/564 1929/1119/565
f 1929/1119/565 1941/1132/577 1942/1131/576
f 1943/1133/578 1931/1120/566 1930/1118/564
f 1930/1118/564 1942/1131/576 1943/1133/578
f 1944/1134/579 1932/1121/567 1931/1120/566
f 1931/1120/566 1943/1133/578 1944/1134/579
f 1945/1135/580 1933/1122/568 1932/1121/567
f 1932/1121/567 1944/1134/579 1945/1135/580
f 1946/1136/581 1934/1123/1292 1933/1122/568
f 1933/1122/568 1945/1135/580 1946/1136/581
f 1947/1137/1294 1935/1124/570 1934/1123/1292
f 1934/1123/1292 1946/1136/581 1947/1137/1294
f 1948/1138/583 1936/1125/571 1935/1124/570
f 1935/1124/570 1947/1137/1294 1948/1138/583
f 1949/1139/584 1937/1126/572 1936/1125/571
f 1936/1125/571 1948/1138/583 1949/1139/584
f 1950/1140/585 1938/1127/1293 1937/1126/572
f 1937/1126/572 1949/1139/584 1950/1140/585
f 1951/1141/586 1939/1128/574 1938/1127/1293
f 1938/1127/1293 1950/1140/585 1951/1141/586
f 1952/1142/587 1940/1129/575 1939/1128/574
f 1939/1128/574 1951/1141/586 1952/1142/587
f 1941/1143/577 1929/1130/565 1940/1129/575
f 1940/1129/575 1952/1142/587 1941/1143/577
f 1954/1144/1295 1942/1131/576 1941/1132/577
f 1941/1132/577 1953/1145/589 1954/1144/1295
f 1955/1146/590 1943/1133/578 1942/1131/576
f 1942/1131/576 1954/1144/1295 1955/1146/590
f 1956/1147/1296 1944/1134/579 1943/1133/578
f 1943/1133/578 1955/1146/590 1956/1147/1296
f 1957/1148/592 1945/1135/580 1944/1134/579
f 1944/1134/579 1956/1147/1296 1957/1148/592
f 1958/1149/593 1946/1136/581 1945/1135/580
f 1945/1135/580 1957/1148/592 1958/1149/593
f 1959/1150/594 1947/1137/1294 1946/1136/581
f 1946/1136/581 1958/1149/593 1959/1150/594
f 1960/1151/595 1948/1138/583 1947/1137/1294
f 1947/1137/1294 1959/1150/594 1960/1151/595
f 1961/1152/596 1949/1139/584 1948/1138/583
f 1948/1138/583 1960/1151/595 1961/1152/596
f 1962/1153/597 1950/1140/585 1949/1139/584
f 1949/1139/584 1961/1152/596 1962/1153/597
f 1963/1154/598 1951/1141/586 1950/1140/585
f 1950/1140/585 1962/1153/597 1963/1154/598
f 1964/1155/599 1952/1142/587 1951/1141/586
f 1951/1141/586 1963/1154/598 1964/1155/599
f 1953/1156/589 1941/1143/577 1952/1142/587
f 1952/1142/587 1964/1155/599 1953/1156/589
f 1966/1157/600 1954/1144/1295 1953/1145/589
f 1953/1145/589 1965/1158/601 1966/1157/600
f 1967/1159/602 1955/1146/590 1954/1144/1295
f 1954/1144/1295 1966/1157/600 1967/1159/602
f 1968/1160/603 1956/1147/1296 1955/1146/590
f 1955/1146/590 1967/1159/602 1968/1160/603
f 1969/1161/604 1957/1148/592 1956/1147/1296
f 1956/1147/1296 1968/1160/603 1969/1161/604
f 1970/1162/605 1958/1149/593 1957/1148/592
f 1957/1148/592 1969/1161/604 1970/1162/605
f 1971/1163/606 1959/1150/594 1958/1149/593
f 1958/1149/593 1970/1162/605 1971/1163/606
f 1972/1164/607 1960/1151/595 1959/1150/594
f 1959/1150/594 1971/1163/606 1972/1164/607
f 1973/1165/608 1961/1152/596 1960/1151/595
f 1960/1151/595 1972/1164/607 1973/1165/608
f 1974/1166/609 1962/1153/597 1961/1152/596
f 1961/1152/596 1973/1165/608 1974/1166/609
f 1975/1167/610 1963/1154/598 1962/1153/597
f 1962/1153/597 1974/1166/609 1975/1167/610
f 1976/1168/611 1964/1155/599 1963/1154/598
f 1963/1154/598 1975/1167/610 1976/1168/611
f 1965/1169/601 1953/1156/589 1964/1155/599
f 1964/1155/599 1976/1168/611 1965/1169/601
f 1978/1170/1297 1966/1157/600 1965/1158/601
f 1965/1158/601 1977/1171/613 1978/1170/1297
f 1979/1172/614 1967/1159/602 1966/1157/600
f 1966/1157/600 1978/1170/1297 1979/1172/614
f 1980/1173/615 1968/1160/603 1967/1159/602
f 1967/1159/602 1979/1172/614 1980/1173/615
f 1981/1174/616 1969/1161/604 1968/1160/603
f 1968/1160/603 1980/1173/615 1981/1174/616
f 1982/1175/617 1970/1162/605 1969/1161/604
f 1969/1161/604 1981/1174/616 1982/1175/617
f 1983/1176/618 1971/1163/606 1970/1162/605
f 1970/1162/605 1982/1175/617 1983/1176/618
f 1984/1177/619 1972/1164/607 1971/1163/606
f 1971/1163/606 1983/1176/618 1984/1177/619
f 1985/1178/620 1973/1165/608 1972/1164/607
f 1972/1164/607 1984/1177/619 1985/1178/620
f 1986/1179/621 1974/1166/609 1973/1165/608
f 1973/1165/608 1985/1178/620 1986/1179/621
f 1987/1180/622 1975/1167/610 1974/1166/609
f 1974/1166/609 1986/1179/621 1987/1180/622
f 1988/1181/1298 1976/1168/611 1975/1167/610
f 1975/1167/610 1987/1180/622 1988/1181/1298
f 1977/1182/613 1965/1169/601 1976/1168/611
f 1976/1168/611 1988/1181/1298 1977/1182/613
f 2182/1183/624 2169/1184/625 2170/1185/625
f 2170/1185/625 2181/1186/624 2182/1183/624
f 2183/1187/626 2180/1188/1299 2169/1184/1299
f 2169/1184/1299 2182/1183/626 2183/1187/626
f 2184/1189/628 2179/1190/1300 2180/1188/629
f 2180/1188/629 2183/1187/628 2184/1189/628
f 2185/1191/630 2178/1192/631 2179/1190/631
f 2179/1190/631 2184/1189/630 2185/1191/630
f 2186/1193/1301 2177/1194/1302 2178/1192/1302
f 2178/1192/1302 2185/1191/1301 2186/1193/1301
f 2187/1195/1303 2176/1196/634 2177/1194/634
f 2177/1194/634 2186/1193/1303 2187/1195/1303
f 2188/1197/635 2175/1198/635 2176/1196/635
f 2176/1196/635 2187/1195/635 2188/1197/635
f 2189/1199/636 2174/1200/637 2175/1198/1304
f 2175/1198/1304 2188/1197/636 2189/1199/636
f 2190/1201/1305 2173/1202/639 2174/1200/639
f 2174/1200/639 2189/1199/1305 2190/1201/1305
f 2191/1203/640 2172/1204/641 2173/1202/641
f 2173/1202/641 2190/1201/640 2191/1203/640
f 2192/1205/642 2171/1206/643 2172/1204/643
f 2172/1204/643 2191/1203/642 2192/1205/642
f 2181/1207/644 2170/1208/645 2171/1206/645
f 2171/1206/645 2192/1205/644 2181/1207/644
f 2002/1209/646 1990/1210/1306 1989/1211/648
f 1989/1211/648 2001/1212/458 2002/1209/646
f 2003/1213/649 1991/1214/650 1990/1210/1306
f 1990/1210/1306 2002/1209/646 2003/1213/649
f 2004/1215/1307 1992/1216/1308 1991/1214/650
f 1991/1214/650 2003/1213/649 2004/1215/1307
f 2005/1217/653 1993/1218/654 1992/1216/1308
f 1992/1216/1308 2004/1215/1307 2005/1217/653
f 2006/1219/655 1994/1220/656 1993/1218/654
f 1993/1218/654 2005/1217/653 2006/1219/655
f 2007/1221/657 1995/1222/657 1994/1220/657
f 1994/1220/657 2006/1219/657 2007/1221/657
f 2008/1223/658 1996/1224/659 1995/1222/660
f 1995/1222/660 2007/1221/661 2008/1223/658
f 2009/1225/662 1997/1226/1309 1996/1224/659
f 1996/1224/659 2008/1223/658 2009/1225/662
f 2010/1227/664 1998/1228/665 1997/1226/1309
f 1997/1226/1309 2009/1225/662 2010/1227/664
f 2011/1229/666 1999/1230/1310 1998/1228/665
f 1998/1228/665 2010/1227/664 2011/1229/666
f 2012/1231/668 2000/1232/1311 1999/1230/1310
f 1999/1230/1310 2011/1229/666 2012/1231/668
f 2001/1233/458 1989/1234/648 2000/1232/1311
f 2000/1232/1311 2012/1231/668 2001/1233/458
f 2014/1235/670 2002/1209/646 2001/1212/458
f 2001/1212/458 2013/1236/457 2014/1235/670
f 2015/1237/671 2003/1213/649 2002/1209/646
f 2002/1209/646 2014/1235/670 2015/1237/671
f 2016/1238/672 2004/1215/1307 2003/1213/649
f 2003/1213/649 2015/1237/671 2016/1238/672
f 2017/1239/673 2005/1217/653 2004/1215/1307
f 2004/1215/1307 2016/1238/672 2017/1239/673
f 2018/1240/1312 2006/1219/655 2005/1217/653
f 2005/1217/653 2017/1239/673 2018/1240/1312
f 2019/1241/448 2007/1221/661 2006/1219/655
f 2006/1219/655 2018/1240/1312 2019/1241/448
f 2020/1242/1313 2008/1223/658 2007/1221/661
f 2007/1221/661 2019/1241/448 2020/1242/1313
f 2021/1243/676 2009/1225/662 2008/1223/658
f 2008/1223/658 2020/1242/1313 2021/1243/676
f 2022/1244/677 2010/1227/664 2009/1225/662
f 2009/1225/662 2021/1243/676 2022/1244/677
f 2023/1245/678 2011/1229/666 2010/1227/664
f 2010/1227/664 2022/1244/677 2023/1245/678
f 2024/1246/679 2012/1231/668 2011/1229/666
f 2011/1229/666 2023/1245/678 2024/1246/679
f 2013/1247/457 2001/1233/458 2012/1231/668
f 2012/1231/668 2024/1246/679 2013/1247/457
f 2026/1248/680 2014/1235/670 2013/1236/457
f 2013/1236/457 2025/1249/475 2026/1248/680
f 2027/1250/1314 2015/1237/671 2014/1235/670
f 2014/1235/670 2026/1248/680 2027/1250/1314
f 2028/1251/682 2016/1238/672 2015/1237/671
f 2015/1237/671 2027/1250/1314 2028/1251/682
f 2029/1252/683 2017/1239/673 2016/1238/672
f 2016/1238/672 2028/1251/682 2029/1252/683
f 2030/1253/684 2018/1240/1312 2017/1239/673
f 2017/1239/673 2029/1252/683 2030/1253/684
f 2031/1254/470 2019/1241/448 2018/1240/1312
f 2018/1240/1312 2030/1253/684 2031/1254/470
f 2032/1255/685 2020/1242/1313 2019/1241/448
f 2019/1241/448 2031/1254/470 2032/1255/685
f 2033/1256/686 2021/1243/676 2020/1242/1313
f 2020/1242/1313 2032/1255/685 2033/1256/686
f 2034/1257/687 2022/1244/677 2021/1243/676
f 2021/1243/676 2033/1256/686 2034/1257/687
f 2035/1258/688 2023/1245/678 2022/1244/677
f 2022/1244/677 2034/1257/687 2035/1258/688
f 2036/1259/689 2024/1246/679 2023/1245/678
f 2023/1245/678 2035/1258/688 2036/1259/689
f 2025/1260/475 2013/1247/457 2024/1246/679
f 2024/1246/679 2036/1259/689 2025/1260/475
f 2038/1261/690 2026/1248/680 2025/1249/475
f 2025/1249/475 2037/1262/487 2038/1261/690
f 2039/1263/691 2027/1250/1314 2026/1248/680
f 2026/1248/680 2038/1261/690 2039/1263/691
f 2040/1264/692 2028/1251/682 2027/1250/1314
f 2027/1250/1314 2039/1263/691 2040/1264/692
f 2041/1265/693 2029/1252/683 2028/1251/682
f 2028/1251/682 2040/1264/692 2041/1265/693
f 2042/1266/694 2030/1253/684 2029/1252/683
f 2029/1252/683 2041/1265/693 2042/1266/694
f 2043/1267/482 2031/1254/470 2030/1253/684
f 2030/1253/684 2042/1266/694 2043/1267/482
f 2044/1268/695 2032/1255/685 2031/1254/470
f 2031/1254/470 2043/1267/482 2044/1268/695
f 2045/1269/696 2033/1256/686 2032/1255/685
f 2032/1255/685 2044/1268/695 2045/1269/696
f 2046/1270/697 2034/1257/687 2033/1256/686
f 2033/1256/686 2045/1269/696 2046/1270/697
f 2047/1271/698 2035/1258/688 2034/1257/687
f 2034/1257/687 2046/1270/697 2047/1271/698
f 2048/1272/699 2036/1259/689 2035/1258/688
f 2035/1258/688 2047/1271/698 2048/1272/699
f 2037/1273/487 2025/1260/475 2036/1259/689
f 2036/1259/689 2048/1272/699 2037/1273/487
f 2050/1274/1315 2038/1261/690 2037/1262/487
f 2037/1262/487 2049/1275/499 2050/1274/1315
f 2051/1276/701 2039/1263/691 2038/1261/690
f 2038/1261/690 2050/1274/1315 2051/1276/701
f 2052/1277/702 2040/1264/692 2039/1263/691
f 2039/1263/691 2051/1276/701 2052/1277/702
f 2053/1278/703 2041/1265/693 2040/1264/692
f 2040/1264/692 2052/1277/702 2053/1278/703
f 2054/1279/704 2042/1266/694 2041/1265/693
f 2041/1265/693 2053/1278/703 2054/1279/704
f 2055/1280/494 2043/1267/482 2042/1266/694
f 2042/1266/694 2054/1279/704 2055/1280/494
f 2056/1281/705 2044/1268/695 2043/1267/482
f 2043/1267/482 2055/1280/494 2056/1281/705
f 2057/1282/706 2045/1269/696 2044/1268/695
f 2044/1268/695 2056/1281/705 2057/1282/706
f 2058/1283/1316 2046/1270/697 2045/1269/696
f 2045/1269/696 2057/1282/706 2058/1283/1316
f 2059/1284/708 2047/1271/698 2046/1270/697
f 2046/1270/697 2058/1283/1316 2059/1284/708
f 2060/1285/709 2048/1272/699 2047/1271/698
f 2047/1271/698 2059/1284/708 2060/1285/709
f 2049/1286/499 2037/1273/487 2048/1272/699
f 2048/1272/699 2060/1285/709 2049/1286/499
f 2230/1287/710 2217/1288/711 2218/1289/711
f 2218/1289/711 2229/1290/710 2230/1287/710
f 2231/1291/712 2228/1292/713 2217/1288/714
f 2217/1288/714 2230/1287/1317 2231/1291/712
f 2232/1293/715 2227/1294/716 2228/1292/713
f 2228/1292/713 2231/1291/712 2232/1293/715
f 2233/1295/717 2226/1296/718 2227/1294/716
f 2227/1294/716 2232/1293/715 2233/1295/717
f 2234/1297/719 2225/1298/720 2226/1296/718
f 2226/1296/718 2233/1295/717 2234/1297/719
f 2235/1299/507 2224/1300/507 2225/1298/720
f 2225/1298/720 2234/1297/719 2235/1299/507
f 2236/1301/721 2223/1302/722 2224/1300/507
f 2224/1300/507 2235/1299/507 2236/1301/721
f 2237/1303/723 2222/1304/724 2223/1302/722
f 2223/1302/722 2236/1301/721 2237/1303/723
f 2238/1305/725 2221/1306/726 2222/1304/724
f 2222/1304/724 2237/1303/723 2238/1305/725
f 2239/1307/727 2220/1308/728 2221/1306/726
f 2221/1306/726 2238/1305/725 2239/1307/727
f 2240/1309/729 2219/1310/730 2220/1308/728
f 2220/1308/728 2239/1307/727 2240/1309/729
f 2229/1311/731 2218/1312/731 2219/1310/730
f 2219/1310/730 2240/1309/729 2229/1311/731
f 2074/1313/732 2062/1314/1318 2061/1315/541
f 2061/1315/541 2073/1316/540 2074/1313/732
f 2075/1317/734 2063/1318/735 2062/1314/1318
f 2062/1314/1318 2074/1313/732 2075/1317/734
f 2076/1319/736 2064/1320/737 2063/1318/735
f 2063/1318/735 2075/1317/734 2076/1319/736
f 2077/1321/1319 2065/1322/739 2064/1320/737
f 2064/1320/737 2076/1319/736 2077/1321/1319
f 2078/1323/1320 2066/1324/741 2065/1322/739
f 2065/1322/739 2077/1321/1319 2078/1323/1320
f 2079/1325/531 2067/1326/530 2066/1324/741
f 2066/1324/741 2078/1323/1320 2079/1325/531
f 2080/1327/1321 2068/1328/743 2067/1326/530
f 2067/1326/530 2079/1325/531 2080/1327/1321
f 2081/1329/744 2069/1330/745 2068/1328/743
f 2068/1328/743 2080/1327/1321 2081/1329/744
f 2082/1331/746 2070/1332/747 2069/1330/745
f 2069/1330/745 2081/1329/744 2082/1331/746
f 2083/1333/748 2071/1334/749 2070/1332/747
f 2070/1332/747 2082/1331/746 2083/1333/748
f 2084/1335/750 2072/1336/751 2071/1334/749
f 2071/1334/749 2083/1333/748 2084/1335/750
f 2073/1337/540 2061/1338/541 2072/1336/751
f 2072/1336/751 2084/1335/750 2073/1337/540
f 2086/1339/752 2074/1313/732 2073/1316/540
f 2073/1316/540 2085/1340/558 2086/1339/752
f 2087/1341/753 2075/1317/734 2074/1313/732
f 2074/1313/732 2086/1339/752 2087/1341/753
f 2088/1342/754 2076/1319/736 2075/1317/734
f 2075/1317/734 2087/1341/753 2088/1342/754
f 2089/1343/755 2077/1321/1319 2076/1319/736
f 2076/1319/736 2088/1342/754 2089/1343/755
f 2090/1344/756 2078/1323/1320 2077/1321/1319
f 2077/1321/1319 2089/1343/755 2090/1344/756
f 2091/1345/553 2079/1325/531 2078/1323/1320
f 2078/1323/1320 2090/1344/756 2091/1345/553
f 2092/1346/757 2080/1327/1321 2079/1325/531
f 2079/1325/531 2091/1345/553 2092/1346/757
f 2093/1347/758 2081/1329/744 2080/1327/1321
f 2080/1327/1321 2092/1346/757 2093/1347/758
f 2094/1348/759 2082/1331/746 2081/1329/744
f 2081/1329/744 2093/1347/758 2094/1348/759
f 2095/1349/760 2083/1333/748 2082/1331/746
f 2082/1331/746 2094/1348/759 2095/1349/760
f 2096/1350/761 2084/1335/750 2083/1333/748
f 2083/1333/748 2095/1349/760 2096/1350/761
f 2085/1351/558 2073/1337/540 2084/1335/750
f 2084/1335/750 2096/1350/761 2085/1351/558
f 2098/1352/762 2086/1339/752 2085/1340/558
f 2085/1340/558 2097/1353/570 2098/1352/762
f 2099/1354/763 2087/1341/753 2086/1339/752
f 2086/1339/752 2098/1352/762 2099/1354/763
f 2100/1355/764 2088/1342/754 2087/1341/753
f 2087/1341/753 2099/1354/763 2100/1355/764
f 2101/1356/765 2089/1343/755 2088/1342/754
f 2088/1342/754 2100/1355/764 2101/1356/765
f 2102/1357/1322 2090/1344/756 2089/1343/755
f 2089/1343/755 2101/1356/765 2102/1357/1322
f 2103/1358/565 2091/1345/553 2090/1344/756
f 2090/1344/756 2102/1357/1322 2103/1358/565
f 2104/1359/767 2092/1346/757 2091/1345/553
f 2091/1345/553 2103/1358/565 2104/1359/767
f 2105/1360/768 2093/1347/758 2092/1346/757
f 2092/1346/757 2104/1359/767 2105/1360/768
f 2106/1361/1323 2094/1348/759 2093/1347/758
f 2093/1347/758 2105/1360/768 2106/1361/1323
f 2107/1362/770 2095/1349/760 2094/1348/759
f 2094/1348/759 2106/1361/1323 2107/1362/770
f 2108/1363/771 2096/1350/761 2095/1349/760
f 2095/1349/760 2107/1362/770 2108/1363/771
f 2097/1364/570 2085/1351/558 2096/1350/761
f 2096/1350/761 2108/1363/771 2097/1364/570
f 2110/1365/772 2098/1366/762 2097/1367/570
f 2097/1367/570 2109/1368/1294 2110/1365/772
f 2111/1369/1324 2099/1370/763 2098/1366/762
f 2098/1366/762 2110/1365/772 2111/1369/1324
f 2112/1371/774 2100/1372/764 2099/1370/763
f 2099/1370/763 2111/1369/1324 2112/1371/774
f 2113/1373/775 2101/1374/765 2100/1372/764
f 2100/1372/764 2112/1371/774 2113/1373/775
f 2114/1375/776 2102/1376/1322 2101/1374/765
f 2101/1374/765 2113/1373/775 2114/1375/776
f 2115/1377/577 2103/1378/565 2102/1376/1322
f 2102/1376/1322 2114/1375/776 2115/1377/577
f 2116/1379/778 2104/1380/767 2103/1378/565
f 2103/1378/565 2115/1377/577 2116/1379/778
f 2117/1381/779 2105/1382/768 2104/1380/767
f 2104/1380/767 2116/1379/778 2117/1381/779
f 2118/1383/780 2106/1384/1323 2105/1382/768
f 2105/1382/768 2117/1381/779 2118/1383/780
f 2119/1385/781 2107/1386/770 2106/1384/1323
f 2106/1384/1323 2118/1383/780 2119/1385/781
f 2120/1387/782 2108/1388/771 2107/1386/770
f 2107/1386/770 2119/1385/781 2120/1387/782
f 2109/1389/1294 2097/1390/570 2108/1388/771
f 2108/1388/771 2120/1387/782 2109/1389/1294
f 2122/1391/783 2110/1365/772 2109/1368/1294
f 2109/1368/1294 2121/1392/594 2122/1391/783
f 2123/1393/784 2111/1369/1324 2110/1365/772
f 2110/1365/772 2122/1391/783 2123/1393/784
f 2124/1394/1325 2112/1371/774 2111/1369/1324
f 2111/1369/1324 2123/1393/784 2124/1394/1325
f 2125/1395/786 2113/1373/775 2112/1371/774
f 2112/1371/774 2124/1394/1325 2125/1395/786
f 2126/1396/787 2114/1375/776 2113/1373/775
f 2113/1373/775 2125/1395/786 2126/1396/787
f 2127/1397/589 2115/1377/577 2114/1375/776
f 2114/1375/776 2126/1396/787 2127/1397/589
f 2128/1398/788 2116/1379/778 2115/1377/577
f 2115/1377/577 2127/1397/589 2128/1398/788
f 2129/1399/789 2117/1381/779 2116/1379/778
f 2116/1379/778 2128/1398/788 2129/1399/789
f 2130/1400/790 2118/1383/780 2117/1381/779
f 2117/1381/779 2129/1399/789 2130/1400/790
f 2131/1401/1326 2119/1385/781 2118/1383/780
f 2118/1383/780 2130/1400/790 2131/1401/1326
f 2132/1402/792 2120/1387/782 2119/1385/781
f 2119/1385/781 2131/1401/1326 2132/1402/792
f 2121/1403/594 2109/1389/1294 2120/1387/782
f 2120/1387/782 2132/1402/792 2121/1403/594
f 2134/1404/793 2122/1391/783 2121/1392/594
f 2121/1392/594 2133/1405/606 2134/1404/793
f 2135/1406/794 2123/1393/784 2122/1391/783
f 2122/1391/783 2134/1404/793 2135/1406/794
f 2136/1407/795 2124/1394/1325 2123/1393/784
f 2123/1393/784 2135/1406/794 2136/1407/795
f 2137/1408/796 2125/1395/786 2124/1394/1325
f 2124/1394/1325 2136/1407/795 2137/1408/796
f 2138/1409/797 2126/1396/787 2125/1395/786
f 2125/1395/786 2137/1408/796 2138/1409/797
f 2139/1410/601 2127/1397/589 2126/1396/787
f 2126/1396/787 2138/1409/797 2139/1410/601
f 2140/1411/798 2128/1398/788 2127/1397/589
f 2127/1397/589 2139/1410/601 2140/1411/798
f 2141/1412/799 2129/1399/789 2128/1398/788
f 2128/1398/788 2140/1411/798 2141/1412/799
f 2142/1413/800 2130/1400/790 2129/1399/789
f 2129/1399/789 2141/1412/799 2142/1413/800
f 2143/1414/801 2131/1401/1326 2130/1400/790
f 2130/1400/790 2142/1413/800 2143/1414/801
f 2144/1415/802 2132/1402/792 2131/1401/1326
f 2131/1401/1326 2143/1414/801 2144/1415/802
f 2133/1416/606 2121/1403/594 2132/1402/792
f 2132/1402/792 2144/1415/802 2133/1416/606
f 2146/1417/1327 2134/1404/793 2133/1405/606
f 2133/1405/606 2145/1418/618 2146/1417/1327
f 2147/1419/804 2135/1406/794 2134/1404/793
f 2134/1404/793 2146/1417/1327 2147/1419/804
f 2148/1420/805 2136/1407/795 2135/1406/794
f 2135/1406/794 2147/1419/804 2148/1420/805
f 2149/1421/806 2137/1408/796 2136/1407/795
f 2136/1407/795 2148/1420/805 2149/1421/806
f 2150/1422/807 2138/1409/797 2137/1408/796
f 2137/1408/796 2149/1421/806 2150/1422/807
f 2151/1423/613 2139/1410/601 2138/1409/797
f 2138/1409/797 2150/1422/807 2151/1423/613
f 2152/1424/808 2140/1411/798 2139/1410/601
f 2139/1410/601 2151/1423/613 2152/1424/808
f 2153/1425/809 2141/1412/799 2140/1411/798
f 2140/1411/798 2152/1424/808 2153/1425/809
f 2154/1426/810 2142/1413/800 2141/1412/799
f 2141/1412/799 2153/1425/809 2154/1426/810
f 2155/1427/811 2143/1414/801 2142/1413/800
f 2142/1413/800 2154/1426/810 2155/1427/811
f 2156/1428/1328 2144/1415/802 2143/1414/801
f 2143/1414/801 2155/1427/811 2156/1428/1328
f 2145/1429/618 2133/1416/606 2144/1415/802
f 2144/1415/802 2156/1428/1328 2145/1429/618
f 2206/1430/813 2193/1431/1329 2194/1432/1329
f 2194/1432/1329 2205/1433/813 2206/1430/813
f 2207/1434/814 2204/1435/1330 2193/1431/815
f 2193/1431/815 2206/1430/814 2207/1434/814
f 2208/1436/816 2203/1437/816 2204/1435/816
f 2204/1435/816 2207/1434/816 2208/1436/816
f 2209/1438/1331 2202/1439/819 2203/1437/819
f 2203/1437/819 2208/1436/1331 2209/1438/1331
f 2210/1440/1332 2201/1441/1333 2202/1439/1333
f 2202/1439/1333 2209/1438/820 2210/1440/1332
f 2211/1442/822 2200/1443/822 2201/1441/822
f 2201/1441/822 2210/1440/822 2211/1442/822
f 2212/1444/823 2199/1445/823 2200/1443/823
f 2200/1443/823 2211/1442/823 2212/1444/823
f 2213/1446/824 2198/1447/825 2199/1445/825
f 2199/1445/825 2212/1444/824 2213/1446/824
f 2214/1448/826 2197/1449/827 2198/1447/827
f 2198/1447/827 2213/1446/826 2214/1448/826
f 2215/1450/1334 2196/1451/829 2197/1449/829
f 2197/1449/829 2214/1448/828 2215/1450/1334
f 2216/1452/830 2195/1453/831 2196/1451/831
f 2196/1451/831 2215/1450/830 2216/1452/830
f 2205/1454/832 2194/1455/833 2195/1453/833
f 2195/1453/833 2216/1452/832 2205/1454/832
f 1834/976/446 2158/1456/834 2157/1457/835
f 2157/1457/835 1833/977/447 1834/976/446
f 1835/980/450 2159/1458/836 2158/1456/834
f 2158/1456/834 1834/976/446 1835/980/450
f 1836/982/1280 2160/1459/837 2159/1458/836
f 2159/1458/836 1835/980/450 1836/982/1280
f 1837/984/454 2161/1460/1335 2160/1459/837
f 2160/1459/837 1836/982/1280 1837/984/454
f 1838/986/456 2162/1461/839 2161/1460/1335
f 2161/1460/1335 1837/984/454 1838/986/456
f 1839/988/458 2163/1462/648 2162/1461/839
f 2162/1461/839 1838/986/456 1839/988/458
f 1840/990/460 2164/1463/840 2163/1462/648
f 2163/1462/648 1839/988/458 1840/990/460
f 1841/992/462 2165/1464/841 2164/1463/840
f 2164/1463/840 1840/990/460 1841/992/462
f 1842/994/464 2166/1465/842 2165/1464/841
f 2165/1464/841 1841/992/462 1842/994/464
f 1843/996/466 2167/1466/843 2166/1465/842
f 2166/1465/842 1842/994/464 1843/996/466
f 1844/998/468 2168/1467/1336 2167/1466/843
f 2167/1466/843 1843/996/466 1844/998/468
f 1833/1000/447 2157/1468/835 2168/1467/1336
f 2168/1467/1336 1844/998/468 1833/1000/447
f 1978/1170/845 1977/1171/846 2170/1185/847
f 2170/1185/847 2169/1184/848 1978/1170/845
f 1977/1182/849 1988/1181/849 2171/1206/849
f 2171/1206/850 2170/1208/850 1977/1182/850
f 1988/1181/851 1987/1180/1337 2172/1204/853
f 2172/1204/854 2171/1206/854 1988/1181/854
f 1987/1180/855 1986/1179/855 2173/1202/855
f 2173/1202/856 2172/1204/853 1987/1180/1337
f 1986/1179/857 1985/1178/857 2174/1200/857
f 2174/1200/858 2173/1202/858 1986/1179/858
f 1985/1178/859 1984/1177/859 2175/1198/859
f 2175/1198/860 2174/1200/860 1985/1178/860
f 1984/1177/861 1983/1176/846 2176/1196/862
f 2176/1196/862 2175/1198/863 1984/1177/861
f 1983/1176/864 1982/1175/864 2177/1194/864
f 2177/1194/865 2176/1196/865 1983/1176/865
f 1982/1175/1338 1981/1174/1339 2178/1192/868
f 2178/1192/869 2177/1194/869 1982/1175/869
f 1981/1174/870 1980/1173/870 2179/1190/870
f 2179/1190/871 2178/1192/868 1981/1174/1339
f 1980/1173/872 1979/1172/872 2180/1188/872
f 2180/1188/873 2179/1190/873 1980/1173/873
f 1979/1172/874 1978/1170/874 2169/1184/874
f 2169/1184/875 2180/1188/875 1979/1172/875
f 1989/1469/876 1990/1470/876 2182/1183/876
f 2182/1183/877 2181/1186/877 1989/1469/877
f 1990/1470/878 1991/1471/879 2183/1187/880
f 2183/1187/881 2182/1183/881 1990/1470/881
f 1991/1471/882 1992/1472/882 2184/1189/882
f 2184/1189/883 2183/1187/880 1991/1471/879
f 1992/1472/884 1993/1473/884 2185/1191/884
f 2185/1191/885 2184/1189/885 1992/1472/885
f 1993/1473/886 1994/1474/886 2186/1193/886
f 2186/1193/887 2185/1191/887 1993/1473/887
f 1994/1474/888 1995/1475/888 2187/1195/888
f 2187/1195/889 2186/1193/889 1994/1474/889
f 1995/1475/890 1996/1476/890 2188/1197/890
f 2188/1197/891 2187/1195/891 1995/1475/891
f 1996/1476/892 1997/1477/893 2189/1199/894
f 2189/1199/895 2188/1197/895 1996/1476/895
f 1997/1477/896 1998/1478/896 2190/1201/896
f 2190/1201/897 2189/1199/894 1997/1477/893
f 1998/1478/898 1999/1479/898 2191/1203/898
f 2191/1203/899 2190/1201/899 1998/1478/899
f 1999/1479/900 2000/1480/900 2192/1205/900
f 2192/1205/901 2191/1203/901 1999/1479/901
f 2000/1480/902 1989/1481/888 2181/1207/903
f 2181/1207/903 2192/1205/904 2000/1480/902
f 2146/1417/905 2145/1418/906 2194/1432/907
f 2194/1432/907 2193/1431/908 2146/1417/905
f 2145/1429/909 2156/1428/909 2195/1453/909
f 2195/1453/910 2194/1455/910 2145/1429/910
f 2156/1428/911 2155/1427/1340 2196/1451/913
f 2196/1451/914 2195/1453/914 2156/1428/914
f 2155/1427/915 2154/1426/915 2197/1449/915
f 2197/1449/916 2196/1451/913 2155/1427/1340
f 2154/1426/917 2153/1425/917 2198/1447/917
f 2198/1447/1341 2197/1449/1341 2154/1426/1341
f 2153/1425/919 2152/1424/919 2199/1445/919
f 2199/1445/920 2198/1447/920 2153/1425/920
f 2152/1424/921 2151/1423/906 2200/1443/922
f 2200/1443/922 2199/1445/923 2152/1424/921
f 2151/1423/924 2150/1422/924 2201/1441/924
f 2201/1441/925 2200/1443/925 2151/1423/925
f 2150/1422/926 2149/1421/1342 2202/1439/928
f 2202/1439/929 2201/1441/929 2150/1422/929
f 2149/1421/930 2148/1420/930 2203/1437/930
f 2203/1437/931 2202/1439/928 2149/1421/1342
f 2148/1420/932 2147/1419/932 2204/1435/932
f 2204/1435/933 2203/1437/933 2148/1420/933
f 2147/1419/934 2146/1417/934 2193/1431/934
f 2193/1431/935 2204/1435/935 2147/1419/935
f 2157/1482/1343 2158/1483/1343 2206/1430/1343
f 2206/1430/937 2205/1433/937 2157/1482/937
f 2158/1483/938 2159/1484/1344 2207/1434/1345
f 2207/1434/941 2206/1430/941 2158/1483/941
f 2159/1484/942 2160/1485/942 2208/1436/942
f 2208/1436/943 2207/1434/1345 2159/1484/1344
f 2160/1485/944 2161/1486/944 2209/1438/944
f 2209/1438/945 2208/1436/945 2160/1485/945
f 2161/1486/946 2162/1487/946 2210/1440/946
f 2210/1440/947 2209/1438/947 2161/1486/947
f 2162/1487/948 2163/1488/948 2211/1442/948
f 2211/1442/949 2210/1440/949 2162/1487/949
f 2163/1488/950 2164/1489/950 2212/1444/950
f 2212/1444/951 2211/1442/951 2163/1488/951
f 2164/1489/952 2165/1490/953 2213/1446/954
f 2213/1446/955 2212/1444/955 2164/1489/955
f 2165/1490/956 2166/1491/956 2214/1448/956
f 2214/1448/957 2213/1446/954 2165/1490/953
f 2166/1491/958 2167/1492/958 2215/1450/958
f 2215/1450/959 2214/1448/959 2166/1491/959
f 2167/1492/960 2168/1493/960 2216/1452/960
f 2216/1452/961 2215/1450/961 2167/1492/961
f 2168/1493/962 2157/1494/948 2205/1454/963
f 2205/1454/963 2216/1452/964 2168/1493/962
f 2050/1274/965 2049/1275/966 2218/1289/967
f 2218/1289/967 2217/1288/968 2050/1274/965
f 2049/1286/969 2060/1285/969 2219/1310/969
f 2219/1310/970 2218/1312/970 2049/1286/970
f 2060/1285/971 2059/1284/972 2220/1308/973
f 2220/1308/974 2219/1310/974 2060/1285/974
f 2059/1284/975 2058/1283/975 2221/1306/975
f 2221/1306/976 2220/1308/973 2059/1284/972
f 2058/1283/977 2057/1282/977 2222/1304/977
f 2222/1304/1346 2221/1306/1346 2058/1283/1346
f 2057/1282/979 2056/1281/979 2223/1302/979
f 2223/1302/1347 2222/1304/1347 2057/1282/1347
f 2056/1281/981 2055/1280/966 2224/1300/982
f 2224/1300/982 2223/1302/983 2056/1281/981
f 2055/1280/984 2054/1279/984 2225/1298/984
f 2225/1298/985 2224/1300/985 2055/1280/985
f 2054/1279/1348 2053/1278/1349 2226/1296/1350
f 2226/1296/989 2225/1298/989 2054/1279/989
f 2053/1278/1351 2052/1277/1351 2227/1294/1351
f 2227/1294/991 2226/1296/1350 2053/1278/1349
f 2052/1277/992 2051/1276/992 2228/1292/992
f 2228/1292/993 2227/1294/993 2052/1277/993
f 2051/1276/1352 2050/1274/1352 2217/1288/1352
f 2217/1288/995 2228/1292/995 2051/1276/995
f 2061/1315/996 2062/1314/996 2230/1287/996
f 2230/1287/997 2229/1290/997 2061/1315/997
f 2062/1314/998 2063/1318/999 2231/1291/1353
f 2231/1291/1001 2230/1287/1001 2062/1314/1001
f 2063/1318/1002 2064/1320/1002 2232/1293/1002
f 2232/1293/1003 2231/1291/1353 2063/1318/999
f 2064/1320/1004 2065/1322/1004 2233/1295/1004
f 2233/1295/1005 2232/1293/1005 2064/1320/1005
f 2065/1322/1354 2066/1324/1354 2234/1297/1354
f 2234/1297/1007 2233/1295/1007 2065/1322/1007
f 2066/1324/1355 2067/1326/1009 2235/1299/1010
f 2235/1299/1010 2234/1297/1011 2066/1324/1355
f 2067/1326/1012 2068/1328/1012 2236/1301/1012
f 2236/1301/1013 2235/1299/1013 2067/1326/1013
f 2068/1328/1014 2069/1330/1015 2237/1303/1016
f 2237/1303/1356 2236/1301/1356 2068/1328/1356
f 2069/1330/1357 2070/1332/1357 2238/1305/1357
f 2238/1305/1019 2237/1303/1016 2069/1330/1015
f 2070/1332/1020 2071/1334/1020 2239/1307/1020
f 2239/1307/1021 2238/1305/1021 2070/1332/1021
f 2071/1334/1022 2072/1336/1022 2240/1309/1022
f 2240/1309/1023 2239/1307/1023 2071/1334/1023
f 2072/1336/1358 2061/1338/1009 2229/1311/1025
f 2229/1311/1025 2240/1309/1026 2072/1336/1358
f 1882/1027/1027 1881/1028/1028 2242/1042/1359
f 2242/1042/1359 2241/1041/1030 1882/1027/1027
f 1881/1039/1031 1892/1038/1031 2243/1063/1031
f 2243/1063/1032 2242/1065/1032 1881/1039/1032
f 1892/1038/1033 1891/1037/1034 2244/1061/1035
f 2244/1061/1036 2243/1063/1036 1892/1038/1036
f 1891/1037/1037 1890/1036/1037 2245/1059/1037
f 2245/1059/1038 2244/1061/1035 1891/1037/1034
f 1890/1036/1039 1889/1035/1039 2246/1057/1039
f 2246/1057/1360 2245/1059/1360 1890/1036/1360
f 1889/1035/1041 1888/1034/1041 2247/1055/1041
f 2247/1055/1361 2246/1057/1361 1889/1035/1361
f 1888/1034/1043 1887/1033/1028 2248/1053/1044
f 2248/1053/1044 2247/1055/1045 1888/1034/1043
f 1887/1033/1046 1886/1032/1046 2249/1051/1046
f 2249/1051/1047 2248/1053/1047 1887/1033/1047
f 1886/1032/1362 1885/1031/1363 2250/1049/1050
f 2250/1049/1051 2249/1051/1051 1886/1032/1051
f 1885/1031/1364 1884/1030/1364 2251/1047/1364
f 2251/1047/1053 2250/1049/1050 1885/1031/1363
f 1884/1030/1054 1883/1029/1054 2252/1045/1054
f 2252/1045/1055 2251/1047/1055 1884/1030/1055
f 1883/1029/1365 1882/1027/1365 2241/1041/1365
f 2241/1041/1057 2252/1045/1057 1883/1029/1057
f 1893/1068/1058 1894/1067/1058 2254/1040/1058
f 2254/1040/1059 2253/1043/1059 1893/1068/1059
f 1894/1067/1060 1895/1071/1366 2255/1044/1062
f 2255/1044/1063 2254/1040/1063 1894/1067/1063
f 1895/1071/1064 1896/1073/1064 2256/1046/1064
f 2256/1046/1065 2255/1044/1062 1895/1071/1366
f 1896/1073/1066 1897/1075/1066 2257/1048/1066
f 2257/1048/1067 2256/1046/1067 1896/1073/1067
f 1897/1075/1367 1898/1077/1367 2258/1050/1367
f 2258/1050/1069 2257/1048/1069 1897/1075/1069
f 1898/1077/1368 1899/1079/1071 2259/1052/1369
f 2259/1052/1369 2258/1050/1073 1898/1077/1368
f 1899/1079/1074 1900/1081/1074 2260/1054/1074
f 2260/1054/1075 2259/1052/1075 1899/1079/1075
f 1900/1081/1076 1901/1083/1077 2261/1056/1370
f 2261/1056/1371 2260/1054/1371 1900/1081/1371
f 1901/1083/1372 1902/1085/1372 2262/1058/1372
f 2262/1058/1081 2261/1056/1370 1901/1083/1077
f 1902/1085/1373 1903/1087/1373 2263/1060/1373
f 2263/1060/1083 2262/1058/1083 1902/1085/1083
f 1903/1087/1084 1904/1089/1084 2264/1062/1084
f 2264/1062/1085 2263/1060/1085 1903/1087/1085
f 1904/1089/1374 1893/1091/1071 2253/1064/1087
f 2253/1064/1087 2264/1062/1088 1904/1089/1374
f 2277/1495/1089 2279/1496/1090 2266/1497/1091
f 2266/1497/1091 2265/1498/1092 2277/1495/1089
f 2270/1499/1097 2278/1500/1375 2280/1501/1095
f 2280/1501/1095 2269/1502/1096 2270/1499/1097
f 2279/1496/1098 2278/1503/1099 2270/1504/1100
f 2270/1504/1100 2266/1497/1100 2279/1496/1098
f 2283/1505/1376 2282/1506/1102 2271/1507/1103
f 2271/1507/1103 2267/1508/1103 2283/1505/1376
f 2283/1505/1104 2281/1509/1105 2274/1510/1377
f 2274/1510/1377 2273/1511/1107 2283/1505/1104
f 2284/1512/1108 2282/1506/1109 2276/1513/1110
f 2276/1513/1110 2275/1514/1111 2284/1512/1108
f 2274/1510/1112 2281/1509/1378 2284/1515/1114
f 2284/1515/1114 2275/1516/1115 2274/1510/1112
f 2273/1511/1116 2277/1495/1117 2280/1501/1118
f 2280/1501/1118 2276/1513/1119 2273/1511/1116
f 2273/1511/1107 2274/1510/1377 2279/1496/1090
f 2279/1496/1090 2277/1495/1089 2273/1511/1107
f 2275/1514/1111 2276/1513/1110 2280/1501/1095
f 2280/1501/1095 2278/1500/1375 2275/1514/1111
f 2274/1510/1112 2275/1516/1115 2278/1503/1099
f 2278/1503/1099 2279/1496/1098 2274/1510/1112
f 2277/1495/1117 2265/1498/1120 2269/1502/1120
f 2269/1502/1120 2280/1501/1118 2277/1495/1117
f 2273/1511/1116 2276/1513/1119 2282/1506/1102
f 2282/1506/1102 2283/1505/1376 2273/1511/1116
f 2267/1508/1121 2268/1517/1121 2281/1509/1105
f 2281/1509/1105 2283/1505/1104 2267/1508/1121
f 2272/1518/1122 2271/1507/1122 2282/1506/1109
f 2282/1506/1109 2284/1512/1108 2272/1518/1122
f 2281/1509/1123 2268/1517/1124 2272/1519/1124
f 2272/1519/1379 2284/1515/1114 2281/1509/1378
f 2297/1495/1125 2299/1496/1126 2286/1497/1380
f 2286/1497/1380 2285/1498/1128 2297/1495/1125
f 2290/1499/1129 2298/1500/1381 2300/1501/1131
f 2300/1501/1132 2289/1502/1382 2290/1499/1129
f 2299/1496/1134 2298/1503/1135 2290/1504/1136
f 2290/1504/1136 2286/1497/1136 2299/1496/1134
f 2303/1505/1137 2302/1506/1138 2291/1507/1139
f 2291/1507/1139 2287/1508/1139 2303/1505/1137
f 2303/1505/1140 2301/1509/1141 2294/1510/1142
f 2294/1510/1142 2293/1511/1143 2303/1505/1140
f 2304/1512/1144 2302/1506/1145 2296/1513/1146
f 2296/1513/1146 2295/1514/1147 2304/1512/1144
f 2294/1510/1148 2301/1509/1149 2304/1515/1150
f 2304/1515/1150 2295/1516/1151 2294/1510/1148
f 2293/1511/1152 2297/1495/1383 2300/1501/1154
f 2300/1501/1154 2296/1513/1155 2293/1511/1152
f 2293/1511/1143 2294/1510/1142 2299/1496/1126
f 2299/1496/1126 2297/1495/1125 2293/1511/1143
f 2295/1514/1147 2296/1513/1146 2300/1501/1131
f 2300/1501/1131 2298/1500/1381 2295/1514/1147
f 2294/1510/1148 2295/1516/1151 2298/1503/1135
f 2298/1503/1135 2299/1496/1134 2294/1510/1148
f 2297/1495/1153 2285/1498/1156 2289/1502/1156
f 2289/1502/1384 2300/1501/1154 2297/1495/1383
f 2293/1511/1152 2296/1513/1155 2302/1506/1138
f 2302/1506/1138 2303/1505/1137 2293/1511/1152
f 2287/1508/1385 2288/1517/1385 2301/1509/1141
f 2301/1509/1141 2303/1505/1140 2287/1508/1385
f 2292/1518/1158 2291/1507/1158 2302/1506/1145
f 2302/1506/1145 2304/1512/1144 2292/1518/1158
f 2301/1509/1149 2288/1517/1159 2292/1519/1159
f 2292/1519/1386 2304/1515/1150 2301/1509/1149
f 2317/1495/1160 2319/1496/1161 2306/1497/1162
f 2306/1497/1162 2305/1498/1163 2317/1495/1160
f 2310/1499/1164 2318/1500/1165 2320/1501/1166
f 2320/1501/1387 2309/1502/1388 2310/1499/1164
f 2319/1496/1168 2318/1503/1169 2310/1504/1170
f 2310/1504/1170 2306/1497/1170 2319/1496/1168
f 2323/1505/1171 2322/1506/1389 2311/1507/1173
f 2311/1507/1173 2307/1508/1173 2323/1505/1171
f 2323/1505/1390 2321/1509/1175 2314/1510/1176
f 2314/1510/1176 2313/1511/1177 2323/1505/1390
f 2324/1512/1178 2322/1506/1179 2316/1513/1391
f 2316/1513/1391 2315/1514/1392 2324/1512/1178
f 2314/1510/1182 2321/1509/1194 2324/1515/1393
f 2324/1515/1393 2315/1516/1185 2314/1510/1182
f 2313/1511/1186 2317/1495/1187 2320/1501/1188
f 2320/1501/1188 2316/1513/1394 2313/1511/1186
f 2313/1511/1177 2314/1510/1176 2319/1496/1161
f 2319/1496/1161 2317/1495/1160 2313/1511/1177
f 2315/1514/1392 2316/1513/1391 2320/1501/1166
f 2320/1501/1166 2318/1500/1165 2315/1514/1392
f 2314/1510/1182 2315/1516/1185 2318/1503/1169
f 2318/1503/1169 2319/1496/1168 2314/1510/1182
f 2317/1495/1190 2305/1498/1191 2309/1502/1191
f 2309/1502/1191 2320/1501/1188 2317/1495/1187
f 2313/1511/1186 2316/1513/1394 2322/1506/1389
f 2322/1506/1389 2323/1505/1171 2313/1511/1186
f 2307/1508/1192 2308/1517/1395 2321/1509/1175
f 2321/1509/1175 2323/1505/1390 2307/1508/1192
f 2312/1518/1193 2311/1507/1193 2322/1506/1179
f 2322/1506/1179 2324/1512/1178 2312/1518/1193
f 2321/1509/1194 2308/1517/1195 2312/1519/1195
f 2312/1519/1195 2324/1515/1393 2321/1509/1194
f 2337/1495/1196 2339/1496/1396 2326/1497/1397
f 2326/1497/1397 2325/1498/1398 2337/1495/1196
f 2330/1499/1399 2338/1500/1201 2340/1501/1202
f 2340/1501/1202 2329/1502/1400 2330/1499/1399
f 2339/1496/1204 2338/1503/1205 2330/1504/1206
f 2330/1504/1206 2326/1497/1206 2339/1496/1204
f 2343/1505/1207 2342/1506/1208 2331/1507/1210
f 2331/1507/1210 2327/1508/1209 2343/1505/1207
f 2343/1505/1211 2341/1509/1212 2334/1510/1213
f 2334/1510/1213 2333/1511/1214 2343/1505/1211
f 2344/1512/1215 2342/1506/1216 2336/1513/1217
f 2336/1513/1217 2335/1514/1218 2344/1512/1215
f 2334/1510/1219 2341/1509/1231 2344/1515/1221
f 2344/1515/1221 2335/1516/1222 2334/1510/1219
f 2333/1511/1223 2337/1495/1224 2340/1501/1225
f 2340/1501/1225 2336/1513/1226 2333/1511/1223
f 2333/1511/1214 2334/1510/1213 2339/1496/1396
f 2339/1496/1396 2337/1495/1196 2333/1511/1214
f 2335/1514/1218 2336/1513/1217 2340/1501/1202
f 2340/1501/1202 2338/1500/1201 2335/1514/1218
f 2334/1510/1219 2335/1516/1222 2338/1503/1205
f 2338/1503/1205 2339/1496/1204 2334/1510/1219
f 2337/1495/1227 2325/1498/1228 2329/1502/1228
f 2329/1502/1228 2340/1501/1225 2337/1495/1224
f 2333/1511/1223 2336/1513/1226 2342/1506/1208
f 2342/1506/1208 2343/1505/1207 2333/1511/1223
f 2327/1508/1229 2328/1517/1229 2341/1509/1212
f 2341/1509/1212 2343/1505/1211 2327/1508/1229
f 2332/1518/1230 2331/1507/1401 2342/1506/1216
f 2342/1506/1216 2344/1512/1215 2332/1518/1230
f 2341/1509/1231 2328/1517/1402 2332/1519/1402
f 2332/1519/1232 2344/1515/1221 2341/1509/1231
f 2347/1520/395 2348/1521/395 2346/1522/395
f 2346/1522/395 2345/1523/395 2347/1520/395
f 2361/1524/386 2362/1525/386 2363/1526/386
f 2363/1526/386 2364/1527/386 2361/1524/386
f 2345/1528/418 2346/1529/418 2350/1530/418
f 2350/1530/418 2349/1531/418 2345/1528/418
f 2346/1532/422 2348/1533/422 2352/1534/422
f 2352/1534/422 2350/1535/422 2346/1532/422
f 2348/1536/409 2347/1537/409 2351/1538/409
f 2351/1538/409 2352/1539/409 2348/1536/409
f 2347/1520/403 2345/1523/403 2349/1540/403
f 2349/1540/403 2351/1541/403 2347/1520/403
f 2349/1531/1403 2350/1530/1403 2354/1542/1403
f 2354/1542/1403 2353/1543/1403 2349/1531/1403
f 2352/1534/1404 2355/1544/1404 2354/1545/1404
f 2354/1545/1404 2350/1535/1404 2352/1534/1404
f 2352/1539/1405 2351/1538/1405 2356/1546/1405
f 2356/1546/1405 2355/1547/1405 2352/1539/1405
f 2349/1540/1406 2353/1548/1406 2356/1549/1406
f 2356/1549/1406 2351/1541/1406 2349/1540/1406
f 2353/1543/386 2354/1542/386 2358/1550/386
f 2358/1550/386 2357/1551/386 2353/1543/386
f 2355/1544/386 2359/1552/386 2358/1553/386
f 2358/1553/386 2354/1545/386 2355/1544/386
f 2355/1547/386 2356/1546/386 2360/1554/386
f 2360/1554/386 2359/1555/386 2355/1547/386
f 2353/1548/386 2357/1556/386 2360/1557/386
f 2360/1557/386 2356/1549/386 2353/1548/386
f 2357/1551/409 2358/1550/409 2362/1558/409
f 2362/1558/409 2361/1559/409 2357/1551/409
f 2359/1552/403 2363/1560/403 2362/1561/403
f 2362/1561/403 2358/1553/403 2359/1552/403
f 2359/1555/418 2360/1554/418 2364/1562/418
f 2364/1562/418 2363/1563/418 2359/1555/418
f 2357/1556/422 2361/1564/422 2364/1565/422
f 2364/1565/422 2360/1557/422 2357/1556/422
o vidrio_tubo
v 2.153611 1.719861 -0.055088
v 2.038059 1.719861 -0.747557
v 2.026793 10.123772 -0.882667
v 2.152864 10.123772 -0.192039
v 1.703922 1.719861 -1.364987
v 1.683304 10.123772 -1.494944
v 1.187412 1.719861 -1.840469
v 1.159620 10.123772 -1.962515
v 0.544498 1.719861 -2.122477
v 0.512491 10.123772 -2.234713
v -0.155149 1.719861 -2.180451
v -0.187957 10.123772 -2.282038
v -0.835711 1.719861 -2.008110
v -0.865819 10.123772 -2.099365
v -1.423439 1.719861 -1.624128
v -1.447639 10.123772 -1.706487
v -1.854644 1.719861 -1.070116
v -1.870367 10.123772 -1.145980
v -2.082597 1.719861 -0.406110
v -2.082597 10.138215 -0.406110
v -2.082597 1.719861 0.295934
v -2.082597 10.138215 0.295934
v -1.854644 1.719861 0.959941
v -1.854644 10.138215 0.959941
v -1.423440 1.719861 1.513952
v -1.423440 10.138215 1.513952
v -0.835711 1.719861 1.897934
v -0.835711 10.138215 1.897934
v -0.155148 1.719861 2.070276
v -0.155148 10.138215 2.070276
v 0.544499 1.719861 2.012301
v 0.544499 10.138215 2.012301
v 1.187413 1.719861 1.730293
v 1.187413 10.138215 1.730293
v 1.703924 1.719861 1.254809
v 1.703924 10.138215 1.254809
v 2.038060 1.719861 0.637379
v 2.038060 10.138215 0.637379
vn 0.9863 -0.0026 -0.1652
vn 0.9838 -0.0016 -0.1790
vn 0.9864 -0.0026 -0.1646
vn 0.8792 -0.0064 -0.4765
vn 0.8724 -0.0055 -0.4887
vn 0.8795 -0.0065 -0.4759
vn 0.6768 -0.0097 -0.7361
vn 0.6664 -0.0087 -0.7455
vn 0.6772 -0.0097 -0.7357
vn 0.4011 -0.0119 -0.9159
vn 0.3882 -0.0109 -0.9215
vn 0.4017 -0.0120 -0.9157
vn 0.0820 -0.0129 -0.9966
vn 0.0680 -0.0118 -0.9976
vn 0.0826 -0.0130 -0.9965
vn -0.2460 -0.0126 -0.9692
vn -0.2596 -0.0115 -0.9656
vn -0.2455 -0.0127 -0.9693
vn -0.5474 -0.0098 -0.8368
vn -0.5591 -0.0110 -0.8290
vn -0.5596 -0.0110 -0.8287
vn -0.7895 -0.0071 -0.6137
vn -0.7980 -0.0082 -0.6026
vn -0.7984 -0.0082 -0.6021
vn -0.9465 -0.0045 -0.3226
vn -0.9607 -0.0002 -0.2776
vn -0.9458 -0.0047 -0.3247
vn -1.0000 -0.0000 -0.0000
vn -0.9458 -0.0000 0.3247
vn -0.7891 -0.0000 0.6142
vn -0.5469 -0.0000 0.8372
vn -0.2455 -0.0000 0.9694
vn 0.0826 -0.0000 0.9966
vn 0.4017 -0.0000 0.9158
vn 0.6773 -0.0000 0.7357
vn 0.8795 -0.0000 0.4759
vn 0.9866 0.0026 0.1633
vn 0.9904 0.0001 0.1382
vn 0.9906 -0.0000 0.1371
vn 0.9837 -0.0016 -0.1796
vn 0.8721 -0.0054 -0.4893
vn 0.6660 -0.0086 -0.7459
vn 0.3877 -0.0108 -0.9217
vn 0.0674 -0.0118 -0.9977
vn -0.2602 -0.0114 -0.9655
vn -0.5469 -0.0098 -0.8371
vn -0.7891 -0.0070 -0.6142
vn -0.9612 -0.0000 -0.2757
vn 0.9864 0.0028 0.1646
vt 0.478695 0.865734
vt 0.517424 0.092233
vt 0.526612 0.865731
vt 0.430289 0.865740
vt 0.469899 0.092233
vt 0.381580 0.865713
vt 0.422863 0.092228
vt 0.332870 0.865683
vt 0.376130 0.092190
vt 0.284161 0.865667
vt 0.329396 0.092154
vt 0.235451 0.865671
vt 0.282663 0.092139
vt 0.189197 0.092169
vt 0.235930 0.092148
vt 0.186742 0.865683
vt 0.142259 0.092175
vt 0.090242 0.865674
vt 0.138237 0.865678
vt 0.042519 0.865674
vt 0.090242 0.090849
vt 0.908390 0.865727
vt 0.956113 0.090901
vt 0.956113 0.865727
vt 0.860667 0.865728
vt 0.908390 0.090902
vt 0.812945 0.865728
vt 0.860667 0.090902
vt 0.765223 0.865728
vt 0.812945 0.090902
vt 0.717500 0.865728
vt 0.765222 0.090902
vt 0.669778 0.865729
vt 0.717500 0.090903
vt 0.622056 0.865729
vt 0.669778 0.090903
vt 0.574333 0.865730
vt 0.622056 0.090904
vt 0.574333 0.090904
vt 0.042520 0.090849
s 1
usemtl Material_#30
f 2366/1566/1407 2368/1567/1408 2365/1568/1409
f 2369/1569/1410 2367/1570/1411 2366/1566/1412
f 2371/1571/1413 2370/1572/1414 2369/1569/1415
f 2373/1573/1416 2372/1574/1417 2371/1571/1418
f 2375/1575/1419 2374/1576/1420 2373/1573/1421
f 2377/1577/1422 2376/1578/1423 2375/1575/1424
f 2377/1577/1425 2380/1579/1426 2378/1580/1427
f 2379/1581/1428 2382/1582/1429 2380/1579/1430
f 2383/1583/1431 2382/1582/1432 2381/1584/1433
f 2385/1585/1434 2384/1586/1434 2383/1583/1434
f 2387/1587/1435 2386/1588/1435 2385/1589/1435
f 2389/1590/1436 2388/1591/1436 2387/1587/1436
f 2391/1592/1437 2390/1593/1437 2389/1590/1437
f 2393/1594/1438 2392/1595/1438 2391/1592/1438
f 2395/1596/1439 2394/1597/1439 2393/1594/1439
f 2397/1598/1440 2396/1599/1440 2395/1596/1440
f 2399/1600/1441 2398/1601/1441 2397/1598/1441
f 2401/1602/1442 2400/1603/1442 2399/1600/1442
f 2401/1602/1443 2368/1567/1444 2402/1604/1445
f 2366/1566/1407 2367/1570/1446 2368/1567/1408
f 2369/1569/1410 2370/1572/1447 2367/1570/1411
f 2371/1571/1413 2372/1574/1448 2370/1572/1414
f 2373/1573/1416 2374/1576/1449 2372/1574/1417
f 2375/1575/1419 2376/1578/1450 2374/1576/1420
f 2377/1577/1422 2378/1580/1451 2376/1578/1423
f 2377/1577/1425 2379/1581/1452 2380/1579/1426
f 2379/1581/1428 2381/1584/1453 2382/1582/1429
f 2383/1583/1431 2384/1586/1454 2382/1582/1432
f 2385/1585/1434 2386/1605/1434 2384/1586/1434
f 2387/1587/1435 2388/1591/1435 2386/1588/1435
f 2389/1590/1436 2390/1593/1436 2388/1591/1436
f 2391/1592/1437 2392/1595/1437 2390/1593/1437
f 2393/1594/1438 2394/1597/1438 2392/1595/1438
f 2395/1596/1439 2396/1599/1439 2394/1597/1439
f 2397/1598/1440 2398/1601/1440 2396/1599/1440
f 2399/1600/1441 2400/1603/1441 2398/1601/1441
f 2401/1602/1442 2402/1604/1442 2400/1603/1442
f 2401/1602/1443 2365/1568/1455 2368/1567/1444
o Box001
v -1.526840 2.122086 -3.271960
v -1.517600 6.152322 -3.262721
v -1.526840 2.122086 -11.084273
v -1.517600 6.152322 -11.093513
v -1.639603 2.122086 -3.271960
v -1.648842 6.152322 -3.262721
v -1.639603 2.122086 -11.084273
v -1.648842 6.152322 -11.093513
v -1.526839 5.959482 -11.084273
v -1.526839 5.959482 -3.271960
v -1.639603 5.959482 -3.271960
v -1.639603 5.959482 -11.084273
v -1.526840 2.205817 -11.084273
v -1.639603 2.205817 -3.271960
v -1.526840 2.205817 -3.271960
v -1.639603 2.205817 -11.084273
v -1.526840 2.122086 -10.944696
v -1.526840 6.143083 -10.944696
v -1.639603 6.143083 -10.944696
v -1.639603 2.122086 -10.944696
v -1.526839 5.959482 -10.944696
v -1.639603 5.959482 -10.944696
v -1.526840 2.205817 -10.944696
v -1.639603 2.205817 -10.944696
v -1.526840 2.122086 -3.389277
v -1.639603 6.143083 -3.389277
v -1.639603 5.959482 -3.389277
v -1.639603 2.205817 -3.389277
v -1.526840 6.143083 -3.389277
v -1.639603 2.122086 -3.389277
v -1.526839 5.959482 -3.389277
v -1.526840 2.205817 -3.389277
v -1.510836 5.959482 -10.944696
v -1.515523 5.959482 -11.095590
v -1.650919 5.959482 -11.095590
v -1.655606 5.959482 -10.944696
v -1.650919 6.154399 -10.944696
v -1.515523 6.154399 -10.944696
v -1.655606 5.959482 -3.389277
v -1.650919 5.959482 -3.260644
v -1.515523 5.959482 -3.260644
v -1.510836 5.959482 -3.389277
v -1.515523 6.154399 -3.389277
v -1.650919 6.154399 -3.389277
v -1.510837 2.122086 -3.271960
v -1.510837 2.122086 -3.389277
v -1.510837 2.122086 -10.944696
v -1.510837 2.122086 -11.084273
v -1.510837 2.205817 -11.084273
v -1.510837 2.205817 -10.944696
v -1.510837 2.205817 -3.389277
v -1.510837 2.205817 -3.271960
v -1.655607 2.122086 -3.271960
v -1.655607 2.205817 -3.271960
v -1.655607 2.205817 -3.389277
v -1.655607 2.205817 -10.944696
v -1.655607 2.205817 -11.084273
v -1.655607 2.122086 -11.084273
v -1.655607 2.122086 -10.944696
v -1.655607 2.122086 -3.389277
v -1.551382 0.204633 -3.143922
v -1.544100 0.204633 -3.121508
v -1.570449 0.204633 -3.157774
v -1.594016 0.204633 -3.157774
v -1.613082 0.204633 -3.143922
v -1.620364 0.204633 -3.121508
v -1.613082 0.204633 -3.099094
v -1.594016 0.204633 -3.085242
v -1.570449 0.204633 -3.085242
v -1.551382 0.204633 -3.099094
v -1.544099 3.955073 -3.121508
v -1.551381 3.955072 -3.143922
v -1.570448 3.955072 -3.157774
v -1.594015 3.955072 -3.157774
v -1.613081 3.955072 -3.143922
v -1.620364 3.955072 -3.121508
v -1.613081 3.955072 -3.099094
v -1.594015 3.955072 -3.085242
v -1.570448 3.955072 -3.085242
v -1.551381 3.955072 -3.099094
v -1.542254 3.955073 -3.121508
v -1.549889 3.955072 -3.145006
v -1.570448 3.955072 -3.157774
v -1.594015 3.955072 -3.157774
v -1.614573 3.955072 -3.145006
v -1.622208 3.955072 -3.121508
v -1.614573 3.955072 -3.098010
v -1.594585 3.955072 -3.083488
v -1.569878 3.955072 -3.083488
v -1.549889 3.955072 -3.098010
v -1.542254 4.040652 -3.121508
v -1.549889 4.040652 -3.145006
v -1.569878 4.037514 -3.159529
v -1.594585 4.037514 -3.159529
v -1.614573 4.040652 -3.145006
v -1.622208 4.040652 -3.121508
v -1.614573 4.040652 -3.098010
v -1.594585 4.040652 -3.083488
v -1.569878 4.040652 -3.083488
v -1.549889 4.040652 -3.098010
v -1.569878 3.958210 -3.269042
v -1.591447 3.955072 -3.269042
v -1.594585 4.037514 -3.269042
v -1.573016 4.040652 -3.269042
v -1.597123 4.040652 -3.157684
v -1.591447 4.040652 -3.159529
v -1.591447 4.040652 -3.269042
v -1.573016 4.040652 -3.159529
v -1.567339 4.040652 -3.157684
v -1.569878 4.037514 -3.269042
v -1.597123 3.955072 -3.157684
v -1.594585 3.958210 -3.159529
v -1.591447 3.955072 -3.159529
v -1.594585 3.958210 -3.269042
v -1.573016 3.955072 -3.159529
v -1.569878 3.958210 -3.159529
v -1.567339 3.955072 -3.157684
v -1.573016 3.955072 -3.269042
v -1.542254 3.997863 -3.121508
v -1.549889 3.997862 -3.145006
v -1.561539 3.997862 -3.159529
v -1.601863 3.997862 -3.159529
v -1.614573 3.997862 -3.145006
v -1.622208 3.997862 -3.121508
v -1.614573 3.997862 -3.098010
v -1.594585 3.997862 -3.083488
v -1.569878 3.997862 -3.083488
v -1.549889 3.997862 -3.098010
v -1.601863 3.997862 -3.269042
v -1.561539 3.997862 -3.269042
v -2.214735 -0.004414 -3.037536
v -0.993308 0.003746 -3.037536
v -2.214735 -0.004414 -3.207072
v -0.993308 0.003746 -3.207072
v -2.214735 0.142060 -3.037536
v -0.993308 0.150219 -3.037536
v -2.214735 0.142060 -3.207072
v -0.993308 0.150219 -3.207072
v -2.214735 0.129693 -3.194027
v -0.993308 0.129693 -3.194027
v -0.993308 0.154926 -3.194027
v -2.214735 0.146767 -3.194027
v -2.214735 0.129693 -3.050453
v -0.993308 0.154926 -3.050453
v -0.993308 0.129693 -3.050453
v -2.214735 0.146767 -3.050453
v -1.604022 0.074128 -3.207072
v -1.604022 0.074128 -3.037536
v -1.604022 0.220602 -3.037536
v -1.604022 0.220602 -3.207072
v -1.604022 0.178087 -3.194027
v -1.604022 0.225308 -3.194027
v -1.604022 0.178087 -3.050453
v -1.604022 0.225308 -3.050453
v -1.909378 0.062519 -3.207072
v -1.909378 0.208992 -3.037536
v -1.909378 0.166477 -3.194027
v -1.909378 0.166477 -3.050453
v -1.909378 0.062519 -3.037536
v -1.909378 0.213699 -3.202365
v -1.909378 0.213699 -3.194027
v -1.909378 0.213699 -3.050453
v -1.298665 0.054827 -3.037536
v -1.298665 0.201300 -3.207072
v -1.298665 0.206007 -3.194027
v -1.298665 0.206007 -3.050453
v -1.298665 0.054827 -3.207072
v -1.298665 0.206007 -3.042243
v -1.298665 0.158785 -3.194027
v -1.298665 0.158785 -3.050453
v -2.214735 0.146767 -3.202365
v -0.993308 0.154926 -3.202365
v -1.604022 0.225308 -3.202365
v -1.909378 0.208992 -3.207072
v -1.298665 0.206007 -3.202365
v -2.214735 0.146767 -3.042243
v -1.909378 0.213699 -3.042243
v -0.993308 0.154926 -3.042243
v -1.604022 0.225308 -3.042243
v -1.298665 0.201300 -3.037536
v -2.101284 -0.018150 -3.078049
v -2.111533 -0.059732 -3.078049
v -2.139933 -0.091789 -3.078049
v -2.179977 -0.106976 -3.078049
v -2.222492 -0.101813 -3.078049
v -2.257738 -0.077485 -3.078049
v -2.277641 -0.039563 -3.078049
v -2.277641 0.003264 -3.078049
v -2.257738 0.041186 -3.078049
v -2.222492 0.065514 -3.078049
v -2.179977 0.070676 -3.078049
v -2.139933 0.055490 -3.078049
v -2.111533 0.023433 -3.078049
v -2.101284 -0.018150 -3.179576
v -2.111533 -0.059732 -3.179576
v -2.139933 -0.091789 -3.179576
v -2.179977 -0.106976 -3.179576
v -2.222492 -0.101813 -3.179576
v -2.257738 -0.077485 -3.179576
v -2.277641 -0.039563 -3.179576
v -2.277641 0.003264 -3.179576
v -2.257738 0.041186 -3.179576
v -2.222492 0.065514 -3.179576
v -2.179977 0.070676 -3.179576
v -2.139933 0.055490 -3.179576
v -2.111533 0.023433 -3.179576
v -2.116518 -0.057151 -3.128812
v -2.106913 -0.018183 -3.128812
v -2.143132 -0.087193 -3.128812
v -2.180659 -0.101425 -3.128812
v -2.220502 -0.096588 -3.128812
v -2.253532 -0.073788 -3.128812
v -2.272184 -0.038250 -3.128812
v -2.272184 0.001885 -3.128812
v -2.253532 0.037423 -3.128812
v -2.220502 0.060222 -3.128812
v -2.143132 0.050828 -3.128812
v -2.116518 0.020786 -3.128812
v -2.207365 0.061817 -3.128812
v -2.200400 0.067216 -3.100244
v -2.179977 0.070676 -3.092169
v -2.160174 0.060497 -3.099208
v -2.155505 0.055521 -3.128812
v -2.162119 0.060497 -3.156472
v -2.179977 0.070676 -3.165455
v -2.202099 0.067216 -3.159132
v -2.208474 0.117389 -3.128812
v -2.200400 0.117389 -3.100244
v -2.179977 0.117487 -3.092169
v -2.160174 0.117198 -3.099208
v -2.153136 0.117198 -3.128812
v -2.162119 0.117198 -3.156472
v -2.179977 0.117487 -3.165455
v -2.202099 0.117389 -3.159132
v -2.208474 0.091510 -3.128812
v -2.200400 0.091510 -3.100244
v -2.179977 0.091632 -3.092169
v -2.160174 0.091273 -3.099208
v -2.153136 0.091273 -3.128812
v -2.162119 0.091273 -3.156472
v -2.179977 0.091632 -3.165455
v -2.202099 0.091510 -3.159132
v -2.208474 0.078517 -3.128812
v -2.200400 0.078517 -3.100244
v -2.179977 0.078540 -3.092169
v -2.160174 0.078474 -3.099208
v -2.153136 0.078474 -3.128812
v -2.162119 0.078474 -3.156472
v -2.179977 0.078540 -3.165455
v -2.202099 0.078517 -3.159132
v -2.208474 0.104468 -3.128812
v -2.200400 0.104468 -3.100244
v -2.179977 0.104617 -3.092169
v -2.160174 0.104178 -3.099208
v -2.153136 0.104178 -3.128812
v -2.162119 0.104178 -3.156472
v -2.179977 0.104617 -3.165455
v -2.202099 0.104468 -3.159132
v -2.208474 0.138507 -3.128812
v -2.200400 0.138507 -3.100244
v -2.179977 0.138606 -3.092169
v -2.160174 0.138317 -3.099208
v -2.153136 0.138317 -3.128812
v -2.162119 0.138317 -3.156472
v -2.179977 0.138606 -3.165455
v -2.202099 0.138507 -3.159132
v -1.562204 0.156527 -3.204286
v -1.571229 0.134739 -3.204286
v -1.593017 0.125713 -3.204286
v -1.614806 0.134739 -3.204286
v -1.623831 0.156527 -3.204286
v -1.614806 0.178316 -3.204286
v -1.593017 0.187341 -3.204286
v -1.571229 0.178316 -3.204286
v -1.571229 0.134738 -11.163113
v -1.562204 0.156527 -11.163113
v -1.593017 0.125713 -11.163113
v -1.614806 0.134738 -11.163113
v -1.623831 0.156527 -11.163113
v -1.614806 0.178316 -11.163113
v -1.593017 0.187341 -11.163113
v -1.571229 0.178316 -11.163113
v -2.101284 -0.018150 -11.189737
v -2.111533 -0.059732 -11.189737
v -2.139933 -0.091789 -11.189737
v -2.179977 -0.106976 -11.189737
v -2.222492 -0.101813 -11.189737
v -2.257738 -0.077485 -11.189737
v -2.277641 -0.039563 -11.189737
v -2.277641 0.003264 -11.189737
v -2.257738 0.041186 -11.189737
v -2.222492 0.065514 -11.189737
v -2.179977 0.070676 -11.189737
v -2.139933 0.055490 -11.189737
v -2.111533 0.023433 -11.189737
v -2.101284 -0.018150 -11.291265
v -2.111533 -0.059732 -11.291265
v -2.139933 -0.091789 -11.291265
v -2.179977 -0.106976 -11.291265
v -2.222492 -0.101813 -11.291265
v -2.257738 -0.077485 -11.291265
v -2.277641 -0.039563 -11.291265
v -2.277641 0.003264 -11.291265
v -2.257738 0.041186 -11.291265
v -2.222492 0.065514 -11.291265
v -2.179977 0.070676 -11.291265
v -2.139933 0.055490 -11.291265
v -2.111533 0.023433 -11.291265
v -2.116518 -0.057151 -11.240501
v -2.106913 -0.018183 -11.240501
v -2.143132 -0.087193 -11.240501
v -2.180659 -0.101425 -11.240501
v -2.220502 -0.096588 -11.240501
v -2.253532 -0.073788 -11.240501
v -2.272184 -0.038250 -11.240501
v -2.272184 0.001885 -11.240501
v -2.253532 0.037423 -11.240501
v -2.220502 0.060222 -11.240501
v -2.143132 0.050828 -11.240501
v -2.116518 0.020786 -11.240501
v -2.207365 0.061817 -11.240501
v -2.200400 0.067216 -11.211932
v -2.179977 0.070676 -11.203857
v -2.160174 0.060497 -11.210896
v -2.155505 0.055521 -11.240501
v -2.162119 0.060497 -11.268160
v -2.179977 0.070676 -11.277143
v -2.202099 0.067216 -11.270821
v -2.208474 0.117389 -11.240501
v -2.200400 0.117389 -11.211932
v -2.179977 0.117487 -11.203857
v -2.160174 0.117198 -11.210896
v -2.153136 0.117198 -11.240501
v -2.162119 0.117198 -11.268160
v -2.179977 0.117487 -11.277143
v -2.202099 0.117389 -11.270821
v -2.208474 0.091510 -11.240501
v -2.200400 0.091510 -11.211932
v -2.179977 0.091632 -11.203857
v -2.160174 0.091273 -11.210896
v -2.153136 0.091273 -11.240501
v -2.162119 0.091273 -11.268160
v -2.179977 0.091632 -11.277143
v -2.202099 0.091510 -11.270821
v -2.208474 0.078517 -11.240501
v -2.200400 0.078517 -11.211932
v -2.179977 0.078540 -11.203857
v -2.160174 0.078474 -11.210896
v -2.153136 0.078474 -11.240501
v -2.162119 0.078474 -11.268160
v -2.179977 0.078540 -11.277143
v -2.202099 0.078517 -11.270821
v -2.208474 0.104468 -11.240501
v -2.200400 0.104468 -11.211932
v -2.179977 0.104617 -11.203857
v -2.160174 0.104178 -11.210896
v -2.153136 0.104178 -11.240501
v -2.162119 0.104178 -11.268160
v -2.179977 0.104617 -11.277143
v -2.202099 0.104468 -11.270821
v -2.208474 0.138507 -11.240501
v -2.200400 0.138507 -11.211932
v -2.179977 0.138606 -11.203857
v -2.160174 0.138317 -11.210896
v -2.153136 0.138317 -11.240501
v -2.162119 0.138317 -11.268160
v -2.179977 0.138606 -11.277143
v -2.202099 0.138507 -11.270821
v -2.214735 -0.004414 -11.156551
v -0.993308 0.003746 -11.156551
v -2.214735 -0.004414 -11.326088
v -0.993308 0.003746 -11.326088
v -2.214735 0.142060 -11.156551
v -0.993308 0.150219 -11.156551
v -2.214735 0.142060 -11.326088
v -0.993308 0.150219 -11.326088
v -2.214735 0.129693 -11.313042
v -0.993308 0.129693 -11.313042
v -0.993308 0.154926 -11.313042
v -2.214735 0.146767 -11.313042
v -2.214735 0.129693 -11.169468
v -0.993308 0.154926 -11.169468
v -0.993308 0.129693 -11.169468
v -2.214735 0.146767 -11.169468
v -1.604022 0.074128 -11.326088
v -1.604022 0.074128 -11.156551
v -1.604022 0.220602 -11.156551
v -1.604022 0.220602 -11.326088
v -1.604022 0.178087 -11.313042
v -1.604022 0.225308 -11.313042
v -1.604022 0.178087 -11.169468
v -1.604022 0.225308 -11.169468
v -1.909378 0.062519 -11.326088
v -1.909378 0.208992 -11.156551
v -1.909378 0.166477 -11.313042
v -1.909378 0.166477 -11.169468
v -1.909378 0.062519 -11.156551
v -1.909378 0.213699 -11.321381
v -1.909378 0.213699 -11.313042
v -1.909378 0.213699 -11.169468
v -1.298665 0.054827 -11.156551
v -1.298665 0.201300 -11.326088
v -1.298665 0.206007 -11.313042
v -1.298665 0.206007 -11.169468
v -1.298665 0.054827 -11.326088
v -1.298665 0.206007 -11.161258
v -1.298665 0.158785 -11.313042
v -1.298665 0.158785 -11.169468
v -2.214735 0.146767 -11.321381
v -0.993308 0.154926 -11.321381
v -1.604022 0.225308 -11.321381
v -1.909378 0.208992 -11.326088
v -1.298665 0.206007 -11.321381
v -2.214735 0.146767 -11.161258
v -1.909378 0.213699 -11.161258
v -0.993308 0.154926 -11.161258
v -1.604022 0.225308 -11.161258
v -1.298665 0.201300 -11.156551
v -0.972470 -0.018150 -11.189737
v -0.982719 -0.059733 -11.189737
v -1.011119 -0.091789 -11.189737
v -1.051163 -0.106976 -11.189737
v -1.093678 -0.101814 -11.189737
v -1.128924 -0.077485 -11.189737
v -1.148827 -0.039564 -11.189737
v -1.148827 0.003263 -11.189737
v -1.128924 0.041185 -11.189737
v -1.093678 0.065514 -11.189737
v -1.051163 0.070676 -11.189737
v -1.011119 0.055489 -11.189737
v -0.982719 0.023433 -11.189737
v -0.972470 -0.018150 -11.291265
v -0.982719 -0.059733 -11.291265
v -1.011119 -0.091789 -11.291265
v -1.051163 -0.106976 -11.291265
v -1.093678 -0.101814 -11.291265
v -1.128924 -0.077485 -11.291265
v -1.148827 -0.039564 -11.291265
v -1.148827 0.003263 -11.291265
v -1.128924 0.041185 -11.291265
v -1.093678 0.065514 -11.291265
v -1.051163 0.070676 -11.291265
v -1.011119 0.055489 -11.291265
v -0.982719 0.023433 -11.291265
v -0.987704 -0.057152 -11.240501
v -0.978099 -0.018183 -11.240501
v -1.014318 -0.087193 -11.240501
v -1.051845 -0.101426 -11.240501
v -1.091687 -0.096588 -11.240501
v -1.124718 -0.073788 -11.240501
v -1.143370 -0.038250 -11.240501
v -1.143370 0.001884 -11.240501
v -1.124718 0.037423 -11.240501
v -1.091687 0.060222 -11.240501
v -1.014318 0.050828 -11.240501
v -0.987703 0.020786 -11.240501
v -1.078551 0.061817 -11.240501
v -1.071586 0.067216 -11.211932
v -1.051163 0.070676 -11.203857
v -1.031360 0.060497 -11.210896
v -1.026691 0.055520 -11.240501
v -1.033305 0.060497 -11.268160
v -1.051163 0.070676 -11.277143
v -1.073285 0.067216 -11.270821
v -1.079660 0.117388 -11.240501
v -1.071586 0.117388 -11.211932
v -1.051163 0.117486 -11.203857
v -1.031360 0.117198 -11.210896
v -1.024322 0.117198 -11.240501
v -1.033305 0.117198 -11.268160
v -1.051163 0.117486 -11.277143
v -1.073285 0.117388 -11.270821
v -1.079660 0.091510 -11.240501
v -1.071586 0.091510 -11.211932
v -1.051163 0.091631 -11.203857
v -1.031360 0.091273 -11.210896
v -1.024322 0.091273 -11.240501
v -1.033305 0.091273 -11.268160
v -1.051163 0.091631 -11.277143
v -1.073285 0.091510 -11.270821
v -1.079660 0.078517 -11.240501
v -1.071586 0.078517 -11.211932
v -1.051163 0.078539 -11.203857
v -1.031360 0.078473 -11.210896
v -1.024322 0.078473 -11.240501
v -1.033305 0.078473 -11.268160
v -1.051163 0.078539 -11.277143
v -1.073285 0.078517 -11.270821
v -1.079660 0.104467 -11.240501
v -1.071586 0.104467 -11.211932
v -1.051163 0.104617 -11.203857
v -1.031360 0.104178 -11.210896
v -1.024322 0.104178 -11.240501
v -1.033305 0.104178 -11.268160
v -1.051163 0.104617 -11.277143
v -1.073285 0.104467 -11.270821
v -1.079660 0.138507 -11.240501
v -1.071586 0.138507 -11.211932
v -1.051163 0.138605 -11.203857
v -1.031360 0.138316 -11.210896
v -1.024322 0.138316 -11.240501
v -1.033305 0.138316 -11.268160
v -1.051163 0.138605 -11.277143
v -1.073285 0.138507 -11.270821
v -0.972470 -0.018150 -3.078049
v -0.982719 -0.059733 -3.078049
v -1.011119 -0.091789 -3.078049
v -1.051163 -0.106976 -3.078049
v -1.093678 -0.101814 -3.078049
v -1.128924 -0.077485 -3.078049
v -1.148827 -0.039564 -3.078049
v -1.148827 0.003263 -3.078049
v -1.128924 0.041185 -3.078049
v -1.093678 0.065514 -3.078049
v -1.051163 0.070676 -3.078049
v -1.011119 0.055489 -3.078049
v -0.982719 0.023433 -3.078049
v -0.972470 -0.018150 -3.179576
v -0.982719 -0.059733 -3.179576
v -1.011119 -0.091789 -3.179576
v -1.051163 -0.106976 -3.179576
v -1.093678 -0.101814 -3.179576
v -1.128924 -0.077485 -3.179576
v -1.148827 -0.039564 -3.179576
v -1.148827 0.003263 -3.179576
v -1.128924 0.041185 -3.179576
v -1.093678 0.065514 -3.179576
v -1.051163 0.070676 -3.179576
v -1.011119 0.055489 -3.179576
v -0.982719 0.023433 -3.179576
v -0.987704 -0.057152 -3.128812
v -0.978099 -0.018183 -3.128812
v -1.014318 -0.087193 -3.128812
v -1.051845 -0.101426 -3.128812
v -1.091687 -0.096588 -3.128812
v -1.124718 -0.073788 -3.128812
v -1.143370 -0.038250 -3.128812
v -1.143370 0.001884 -3.128812
v -1.124718 0.037423 -3.128812
v -1.091687 0.060222 -3.128812
v -1.014318 0.050828 -3.128812
v -0.987703 0.020786 -3.128812
v -1.078551 0.061817 -3.128812
v -1.071586 0.067216 -3.100244
v -1.051163 0.070676 -3.092169
v -1.031360 0.060497 -3.099208
v -1.026691 0.055520 -3.128812
v -1.033305 0.060497 -3.156472
v -1.051163 0.070676 -3.165455
v -1.073285 0.067216 -3.159132
v -1.079660 0.117388 -3.128812
v -1.071586 0.117388 -3.100244
v -1.051163 0.117486 -3.092169
v -1.031360 0.117198 -3.099208
v -1.024322 0.117198 -3.128812
v -1.033305 0.117198 -3.156472
v -1.051163 0.117486 -3.165455
v -1.073285 0.117388 -3.159132
v -1.079660 0.091510 -3.128812
v -1.071586 0.091510 -3.100244
v -1.051163 0.091631 -3.092169
v -1.031360 0.091273 -3.099208
v -1.024322 0.091273 -3.128812
v -1.033305 0.091273 -3.156472
v -1.051163 0.091631 -3.165455
v -1.073285 0.091510 -3.159132
v -1.079660 0.078517 -3.128812
v -1.071586 0.078517 -3.100244
v -1.051163 0.078539 -3.092169
v -1.031360 0.078473 -3.099208
v -1.024322 0.078473 -3.128812
v -1.033305 0.078473 -3.156472
v -1.051163 0.078539 -3.165455
v -1.073285 0.078517 -3.159132
v -1.079660 0.104467 -3.128812
v -1.071586 0.104467 -3.100244
v -1.051163 0.104617 -3.092169
v -1.031360 0.104178 -3.099208
v -1.024322 0.104178 -3.128812
v -1.033305 0.104178 -3.156472
v -1.051163 0.104617 -3.165455
v -1.073285 0.104467 -3.159132
v -1.079660 0.138507 -3.128812
v -1.071586 0.138507 -3.100244
v -1.051163 0.138605 -3.092169
v -1.031360 0.138316 -3.099208
v -1.024322 0.138316 -3.128812
v -1.033305 0.138316 -3.156472
v -1.051163 0.138605 -3.165455
v -1.073285 0.138507 -3.159132
v -1.551382 0.204633 -11.223738
v -1.544100 0.204633 -11.246152
v -1.570449 0.204633 -11.209886
v -1.594016 0.204633 -11.209886
v -1.613082 0.204633 -11.223738
v -1.620364 0.204633 -11.246152
v -1.613082 0.204633 -11.268565
v -1.594016 0.204633 -11.282417
v -1.570449 0.204633 -11.282417
v -1.551382 0.204633 -11.268565
v -1.544099 3.955073 -11.246152
v -1.551381 3.955072 -11.223738
v -1.570448 3.955072 -11.209886
v -1.594015 3.955072 -11.209886
v -1.613081 3.955072 -11.223738
v -1.620364 3.955072 -11.246152
v -1.613081 3.955072 -11.268565
v -1.594015 3.955072 -11.282417
v -1.570448 3.955072 -11.282417
v -1.551381 3.955072 -11.268565
v -1.542254 3.955073 -11.246152
v -1.549889 3.955072 -11.222654
v -1.570448 3.955072 -11.209886
v -1.594015 3.955072 -11.209886
v -1.614573 3.955072 -11.222654
v -1.622208 3.955072 -11.246152
v -1.614573 3.955072 -11.269650
v -1.594585 3.955072 -11.284172
v -1.569878 3.955072 -11.284172
v -1.549889 3.955072 -11.269650
v -1.542254 4.040652 -11.246152
v -1.549889 4.040652 -11.222654
v -1.569878 4.037514 -11.208132
v -1.594585 4.037514 -11.208132
v -1.614573 4.040652 -11.222654
v -1.622208 4.040652 -11.246152
v -1.614573 4.040652 -11.269650
v -1.594585 4.040652 -11.284172
v -1.569878 4.040652 -11.284172
v -1.549889 4.040652 -11.269650
v -1.569878 3.958210 -11.098618
v -1.591447 3.955072 -11.098618
v -1.594585 4.037514 -11.098618
v -1.573016 4.040652 -11.098618
v -1.597123 4.040652 -11.209976
v -1.591447 4.040652 -11.208132
v -1.591447 4.040652 -11.098618
v -1.573016 4.040652 -11.208132
v -1.567339 4.040652 -11.209976
v -1.569878 4.037514 -11.098618
v -1.597123 3.955072 -11.209976
v -1.594585 3.958210 -11.208132
v -1.591447 3.955072 -11.208132
v -1.594585 3.958210 -11.098618
v -1.573016 3.955072 -11.208132
v -1.569878 3.958210 -11.208132
v -1.567339 3.955072 -11.209976
v -1.573016 3.955072 -11.098618
v -1.542254 3.997863 -11.246152
v -1.549889 3.997862 -11.222654
v -1.561539 3.997862 -11.208132
v -1.601863 3.997862 -11.208132
v -1.614573 3.997862 -11.222654
v -1.622208 3.997862 -11.246152
v -1.614573 3.997862 -11.269650
v -1.594585 3.997862 -11.284172
v -1.569878 3.997862 -11.284172
v -1.549889 3.997862 -11.269650
v -1.601863 3.997862 -11.098618
v -1.561539 3.997862 -11.098618
vn 1.0000 -0.0000 -0.0000
vn -1.0000 -0.0000 -0.0000
vn -0.0000 -0.0000 1.0000
vn -0.0000 0.9999 0.0164
vn -0.0000 0.0108 -0.9999
vn -0.0000 -1.0000 -0.0000
vn 0.9996 0.0186 -0.0213
vn 0.9996 0.0240 -0.0143
vn 0.9996 0.0165 -0.0240
vn 0.9995 0.0111 -0.0310
vn -0.9995 0.0193 0.0241
vn -0.9996 0.0240 0.0168
vn -0.9994 0.0159 0.0292
vn -0.9993 0.0112 0.0364
vn -0.0000 0.0108 0.9999
vn -0.0000 -0.0000 -1.0000
vn -0.0000 0.9999 -0.0140
vn -0.9996 0.0186 -0.0213
vn -0.9995 0.0111 -0.0310
vn -0.9996 0.0165 -0.0240
vn -0.9996 0.0240 -0.0143
vn -0.0000 1.0000 -0.0000
vn 0.9995 0.0193 0.0241
vn 0.9993 0.0112 0.0364
vn 0.9994 0.0159 0.0292
vn 0.9996 0.0240 0.0168
vn 0.9511 -0.0000 -0.3090
vn 0.5878 -0.0000 -0.8090
vn -0.5878 -0.0000 -0.8090
vn -0.9511 -0.0000 -0.3090
vn -0.9511 -0.0000 0.3090
vn -0.5878 -0.0000 0.8090
vn 0.5878 -0.0000 0.8090
vn 0.9511 -0.0000 0.3090
vn -0.0001 -1.0000 -0.0000
vn 0.0001 -1.0000 -0.0000
vn 0.5910 -0.0611 -0.8043
vn 0.4969 -0.1045 -0.8615
vn 0.7742 0.0158 -0.6327
vn 0.7233 0.0064 -0.6905
vn -0.5910 -0.0533 -0.8049
vn -0.7298 -0.0395 -0.6825
vn -0.7206 -0.0379 -0.6923
vn -0.5074 -0.0931 -0.8567
vn -0.9836 -0.1805 -0.0000
vn 0.9786 0.2058 -0.0000
vn -0.4729 0.1654 -0.8654
vn -0.5206 0.0786 -0.8502
vn -0.2952 0.2953 -0.9087
vn -0.7071 0.7071 -0.0000
vn 0.5048 0.1402 -0.8518
vn 0.2952 0.2953 -0.9087
vn 0.5206 0.0786 -0.8502
vn 0.7071 0.7071 -0.0000
vn -0.2663 -0.5068 -0.8199
vn -0.0251 -0.4914 -0.8706
vn -0.2664 -0.5068 -0.8199
vn -0.4913 -0.4914 -0.7192
vn -0.7071 -0.7071 -0.0000
vn 0.2663 -0.5068 -0.8199
vn 0.4913 -0.4914 -0.7192
vn 0.2664 -0.5068 -0.8199
vn 0.0251 -0.4914 -0.8706
vn 0.7071 -0.7071 -0.0000
vn -0.6268 0.0692 -0.7761
vn -0.9836 0.1805 -0.0000
vn 0.9786 -0.2058 -0.0000
vn 0.0198 -0.1014 -0.9947
vn 0.0095 -0.1233 -0.9923
vn 0.0110 -0.1197 -0.9927
vn 0.0210 -0.0959 -0.9952
vn -0.1265 0.9920 -0.0000
vn -0.2141 0.9768 -0.0000
vn 0.0151 -0.1029 0.9946
vn 0.0169 -0.1245 0.9921
vn 0.0134 -0.1210 0.9926
vn 0.0117 -0.0968 0.9952
vn 0.1650 0.9863 -0.0000
vn 0.1142 0.9935 -0.0000
vn 0.1196 -0.9928 -0.0000
vn 0.0789 -0.9969 -0.0000
vn -0.0097 -0.1233 -0.9923
vn -0.0106 -0.1206 -0.9926
vn -0.0016 -0.1233 -0.9924
vn -0.0015 -0.1233 -0.9924
vn 0.0126 0.9999 -0.0000
vn -0.0148 -0.1245 0.9921
vn -0.0127 -0.1219 0.9925
vn -0.0015 -0.1245 0.9922
vn -0.0016 -0.1245 0.9922
vn -0.0790 -0.9969 -0.0000
vn -0.0126 -0.9999 -0.0000
vn -0.0160 -0.1063 -0.9942
vn -0.0171 -0.1020 -0.9946
vn -0.0122 -0.1077 0.9941
vn -0.0098 -0.1030 0.9946
vn -0.0948 -0.9955 -0.0000
vn 0.1175 0.7023 -0.7022
vn 0.0829 0.7046 -0.7047
vn 0.0792 0.7049 -0.7049
vn 0.0087 0.7071 -0.7071
vn 0.0091 0.7071 -0.7071
vn -0.0937 0.7040 -0.7040
vn -0.0865 0.7045 -0.7045
vn -0.1532 0.6988 -0.6988
vn -0.1532 0.6988 0.6988
vn -0.0937 0.7040 0.7040
vn -0.0864 0.7045 0.7044
vn 0.0087 0.7071 0.7071
vn 0.0091 0.7071 0.7071
vn 0.0829 0.7047 0.7047
vn 0.0792 0.7049 0.7049
vn 0.1174 0.7022 0.7022
vn 0.8801 -0.4618 -0.1099
vn 0.8854 -0.4648 -0.0000
vn 1.0000 -0.0001 -0.0000
vn 0.9939 0.0001 -0.1102
vn 0.5647 -0.8180 -0.1096
vn 0.5680 -0.8230 -0.0000
vn 0.1198 -0.9867 -0.1095
vn 0.1205 -0.9927 -0.0000
vn -0.3525 -0.9294 -0.1095
vn -0.3546 -0.9350 -0.0000
vn -0.7440 -0.6591 -0.1096
vn -0.7485 -0.6632 -0.0000
vn -0.9651 -0.2378 -0.1099
vn -0.9709 -0.2394 -0.0000
vn -0.9650 0.2379 -0.1102
vn -0.9710 0.2392 -0.0000
vn -0.7439 0.6591 -0.1105
vn -0.7486 0.6631 -0.0000
vn -0.5648 0.8182 -0.1075
vn -0.5681 0.8230 -0.0000
vn 0.8800 0.4619 -0.1105
vn 0.8855 0.4646 -0.0000
vn 0.7485 0.6631 -0.0000
vn 0.7442 0.6593 -0.1075
vn 0.8801 -0.4618 0.1099
vn 0.9939 0.0001 0.1102
vn 0.5647 -0.8180 0.1096
vn 0.1198 -0.9867 0.1095
vn -0.3525 -0.9294 0.1095
vn -0.7440 -0.6591 0.1096
vn -0.9651 -0.2378 0.1099
vn -0.9650 0.2379 0.1102
vn -0.7439 0.6591 0.1105
vn -0.5648 0.8182 0.1074
vn 0.8800 0.4619 0.1105
vn 0.7442 0.6593 0.1075
vn -0.1848 0.9767 -0.1091
vn -0.1191 0.9805 -0.1563
vn -0.1205 0.9927 -0.0000
vn -0.1416 0.9878 -0.0652
vn 0.3522 0.9286 -0.1171
vn 0.4572 0.8894 -0.0000
vn 0.3526 0.9296 -0.1076
vn 0.3396 0.9349 -0.1036
vn 0.3233 0.9402 0.1067
vn 0.3534 0.9318 0.0832
vn 0.3546 0.9350 -0.0000
vn 0.4080 0.8911 0.1987
vn -0.1205 0.9920 0.0376
vn -0.1545 0.9880 -0.0000
vn -0.1199 0.9869 0.1076
vn -0.2158 0.9671 0.1347
vn -0.9623 -0.0000 0.2720
vn -0.9667 -0.0642 0.2478
vn -0.3677 -0.0000 0.9300
vn -0.3676 -0.0000 0.9300
vn 0.3349 -0.0000 0.9422
vn 0.3349 -0.0000 0.9423
vn 0.9680 -0.0999 0.2301
vn 0.9878 -0.0000 0.1558
vn 0.9511 -0.0000 -0.3089
vn 0.9636 -0.0995 -0.2483
vn 0.4494 -0.0000 -0.8933
vn -0.2748 -0.0000 -0.9615
vn -0.2749 -0.0000 -0.9615
vn -0.9765 -0.0649 -0.2053
vn -0.9853 -0.0000 -0.1711
vn 0.9729 -0.0000 0.2313
vn -0.9786 -0.0000 -0.2058
vn 0.8800 0.4620 0.1105
vn 0.3234 0.9402 0.1067
vn -0.3677 -0.0000 0.9299
vn -0.1266 0.9920 -0.0000
vn -0.0864 0.7045 -0.7045
vn -0.0865 0.7045 0.7044
vn 0.1175 0.7022 0.7022
vn -0.5648 0.8182 -0.1074
vn 0.7442 0.6593 -0.1074
vn 0.7442 0.6593 0.1074
vn -0.1416 0.9878 -0.0651
vn 0.3534 0.9318 0.0831
vn -0.1205 0.9920 0.0375
vn 0.9680 -0.0999 0.2302
vn -0.0000 -1.0000 -0.0001
vn 0.0001 -1.0000 0.0001
vn 0.7742 0.0158 0.6327
vn 0.4968 -0.1045 0.8615
vn 0.5910 -0.0611 0.8044
vn 0.7233 0.0064 0.6905
vn -0.7298 -0.0395 0.6825
vn -0.5910 -0.0533 0.8049
vn -0.7206 -0.0379 0.6923
vn -0.5073 -0.0931 0.8567
vn -0.4729 0.1654 0.8654
vn -0.2952 0.2953 0.9087
vn -0.5206 0.0786 0.8502
vn 0.5048 0.1402 0.8518
vn 0.5206 0.0786 0.8502
vn 0.2952 0.2953 0.9087
vn -0.2663 -0.5068 0.8199
vn -0.4913 -0.4914 0.7192
vn -0.2664 -0.5068 0.8199
vn -0.0251 -0.4914 0.8706
vn 0.2663 -0.5068 0.8199
vn 0.0251 -0.4914 0.8706
vn 0.2664 -0.5068 0.8199
vn 0.4913 -0.4914 0.7192
vn -0.6268 0.0692 0.7761
vt 0.025450 0.213462
vt 0.025519 0.168922
vt 0.067554 0.169611
vt 0.067622 0.213623
vt 0.872415 0.020522
vt 0.861150 0.020524
vt 0.861149 0.012484
vt 0.872414 0.012482
vt 0.111487 0.213730
vt 0.112176 0.277778
vt 0.067488 0.277884
vt 0.594462 0.896006
vt 0.592314 0.828676
vt 0.694891 0.828219
vt 0.697088 0.895889
vt 0.120129 0.786842
vt 0.109639 0.786842
vt 0.109639 0.437663
vt 0.120128 0.437663
vt 0.133112 0.437663
vt 0.133113 0.786842
vt 0.872730 0.382365
vt 0.861217 0.382597
vt 0.861149 0.022067
vt 0.872413 0.022048
vt 0.846857 0.437663
vt 0.857346 0.437663
vt 0.857346 0.786842
vt 0.846857 0.786842
vt 0.025020 0.277787
vt 0.067813 0.288686
vt 0.067763 0.285052
vt 0.104960 0.283279
vt 0.104570 0.286868
vt 0.835945 0.797606
vt 0.835945 0.808096
vt 0.133114 0.808096
vt 0.133114 0.797606
vt 0.835943 0.420584
vt 0.835943 0.437663
vt 0.133112 0.420584
vt 0.835944 0.786841
vt 0.121884 0.382353
vt 0.122217 0.022023
vt 0.135616 0.022064
vt 0.135536 0.382588
vt 0.133113 0.796118
vt 0.133113 0.788330
vt 0.835944 0.788330
vt 0.835945 0.796118
vt 0.135613 0.020527
vt 0.135613 0.012487
vt 0.133112 0.410094
vt 0.835943 0.410094
vt 0.135749 0.400465
vt 0.861005 0.400476
vt 0.029432 0.290223
vt 0.029223 0.285190
vt 0.702898 0.828587
vt 0.705111 0.896228
vt 0.591565 0.818392
vt 0.693947 0.818706
vt 0.014866 0.286770
vt 0.015078 0.228420
vt 0.018842 0.228589
vt 0.019912 0.286770
vt 0.014835 0.189398
vt 0.018381 0.188798
vt 0.835945 0.809584
vt 0.133114 0.809584
vt 0.922910 0.610022
vt 0.919123 0.610029
vt 0.919099 0.021595
vt 0.922883 0.021591
vt 0.926662 0.610019
vt 0.926644 0.021589
vt 0.930373 0.610025
vt 0.930372 0.021592
vt 0.934101 0.610034
vt 0.934081 0.021596
vt 0.937829 0.610026
vt 0.937778 0.021596
vt 0.903950 0.610032
vt 0.900208 0.610014
vt 0.900315 0.021591
vt 0.904013 0.021595
vt 0.907736 0.610033
vt 0.907748 0.021599
vt 0.911526 0.610034
vt 0.911529 0.021600
vt 0.915324 0.610033
vt 0.915315 0.021598
vt 0.922944 0.610291
vt 0.919130 0.610305
vt 0.926687 0.610060
vt 0.926275 0.610274
vt 0.930374 0.610023
vt 0.929979 0.610299
vt 0.927131 0.610229
vt 0.934103 0.610314
vt 0.930755 0.610299
vt 0.937950 0.610300
vt 0.903906 0.610313
vt 0.900070 0.610273
vt 0.907708 0.610310
vt 0.911518 0.610310
vt 0.915325 0.610311
vt 0.922991 0.617001
vt 0.919161 0.617017
vt 0.926779 0.610733
vt 0.925853 0.617001
vt 0.934114 0.617027
vt 0.931114 0.617028
vt 0.930253 0.610786
vt 0.937989 0.617018
vt 0.903831 0.617025
vt 0.899960 0.616990
vt 0.907681 0.617024
vt 0.911511 0.617024
vt 0.915335 0.617025
vt 0.923854 0.634765
vt 0.925426 0.637339
vt 0.925619 0.638151
vt 0.925412 0.640721
vt 0.925091 0.641491
vt 0.923128 0.643782
vt 0.919767 0.644582
vt 0.916577 0.643254
vt 0.914777 0.640305
vt 0.915054 0.636860
vt 0.917303 0.634237
vt 0.920664 0.633437
vt 0.898822 0.788888
vt 0.898466 0.777908
vt 0.963707 0.775794
vt 0.964063 0.786775
vt 0.897601 0.751248
vt 0.962842 0.749133
vt 0.963621 0.773150
vt 0.898380 0.775265
vt 0.900906 0.853427
vt 0.900552 0.842447
vt 0.965794 0.840343
vt 0.966148 0.851324
vt 0.899688 0.815667
vt 0.964930 0.813559
vt 0.965709 0.837698
vt 0.900467 0.839805
vt 0.930254 0.623268
vt 0.930746 0.623759
vt 0.929811 0.623804
vt 0.900991 0.856070
vt 0.966233 0.853968
vt 0.926841 0.623244
vt 0.927304 0.623753
vt 0.926362 0.623746
vt 0.930105 0.610524
vt 0.929928 0.609861
vt 0.898908 0.791530
vt 0.964150 0.789419
vt 0.923013 0.623716
vt 0.919179 0.623730
vt 0.934117 0.623740
vt 0.937996 0.623734
vt 0.903803 0.623735
vt 0.899922 0.623711
vt 0.907669 0.623737
vt 0.911508 0.623738
vt 0.915342 0.623738
vt 0.967006 0.877985
vt 0.901764 0.880087
vt 0.053435 0.598155
vt 0.045831 0.562348
vt 0.058248 0.561218
vt 0.069406 0.596715
vt 0.025961 0.560690
vt 0.027100 0.560697
vt 0.027004 0.597907
vt 0.026055 0.597817
vt 0.026922 0.342457
vt 0.013226 0.343678
vt 0.016936 0.314567
vt 0.030632 0.313345
vt 0.040085 0.451888
vt 0.046705 0.450911
vt 0.054921 0.449890
vt 0.039920 0.453426
vt 0.054914 0.451921
vt 0.055342 0.341338
vt 0.041743 0.341795
vt 0.045532 0.313285
vt 0.059131 0.312828
vt 0.071551 0.683805
vt 0.071616 0.682578
vt 0.072345 0.681921
vt 0.074019 0.683951
vt 0.093954 0.683049
vt 0.086091 0.728380
vt 0.070794 0.729025
vt 0.027217 0.664553
vt 0.023401 0.699743
vt 0.022725 0.699660
vt 0.027067 0.664432
vt 0.043875 0.664590
vt 0.027677 0.664834
vt 0.028908 0.662552
vt 0.006223 0.807480
vt 0.006225 0.805521
vt 0.022697 0.805531
vt 0.022696 0.807490
vt 0.049785 0.728322
vt 0.052715 0.682698
vt 0.006426 0.698703
vt 0.011060 0.662915
vt 0.011978 0.660359
vt 0.025332 0.600254
vt 0.025334 0.598058
vt 0.026743 0.600314
vt 0.040042 0.489907
vt 0.052454 0.488717
vt 0.053576 0.525138
vt 0.041160 0.526287
vt 0.030129 0.488149
vt 0.031103 0.488216
vt 0.027262 0.524395
vt 0.026450 0.524356
vt 0.032720 0.399502
vt 0.019023 0.400717
vt 0.014684 0.372325
vt 0.028380 0.371108
vt 0.056536 0.398064
vt 0.042937 0.398522
vt 0.040905 0.370207
vt 0.054504 0.369749
vt 0.087839 0.818968
vt 0.072313 0.818559
vt 0.070870 0.773695
vt 0.086308 0.773632
vt 0.023646 0.769697
vt 0.022697 0.769660
vt 0.022698 0.734581
vt 0.023616 0.734701
vt 0.051070 0.819197
vt 0.049707 0.773928
vt 0.006231 0.769637
vt 0.006263 0.734485
vt 0.063704 0.426206
vt 0.050105 0.426663
vt 0.023651 0.805544
vt 0.032023 0.451370
vt 0.032999 0.451420
vt 0.040028 0.427632
vt 0.026331 0.428847
vt 0.032153 0.627271
vt 0.043899 0.629316
vt 0.015865 0.625583
vt 0.024004 0.699760
vt 0.024380 0.734716
vt 0.024405 0.769779
vt 0.024406 0.805662
vt 0.025011 0.560746
vt 0.025826 0.524311
vt 0.029346 0.488034
vt 0.031243 0.451237
vt 0.982451 0.669130
vt 0.992791 0.664253
vt 0.995549 0.678762
vt 0.984099 0.678676
vt 0.976528 0.661373
vt 0.983581 0.652395
vt 0.967656 0.657206
vt 0.969872 0.646016
vt 0.957851 0.657607
vt 0.954733 0.646633
vt 0.949348 0.662483
vt 0.941588 0.654110
vt 0.944077 0.670700
vt 0.933375 0.666685
vt 0.943213 0.680353
vt 0.931811 0.681380
vt 0.946960 0.689315
vt 0.936768 0.694711
vt 0.954689 0.696300
vt 0.945632 0.704127
vt 0.981097 0.687910
vt 0.991706 0.692435
vt 0.983683 0.702523
vt 0.973956 0.695499
vt 0.964465 0.699552
vt 0.875223 0.670457
vt 0.881051 0.662468
vt 0.889942 0.658054
vt 0.899876 0.658243
vt 0.908589 0.662991
vt 0.914103 0.671187
vt 0.915188 0.680931
vt 0.911589 0.690097
vt 0.903946 0.697504
vt 0.894089 0.700845
vt 0.884416 0.696794
vt 0.877000 0.689437
vt 0.873762 0.680166
vt 0.862179 0.680563
vt 0.864640 0.665773
vt 0.873703 0.653546
vt 0.887444 0.646777
vt 0.902783 0.647064
vt 0.916251 0.654334
vt 0.924841 0.666862
vt 0.926761 0.681662
vt 0.922113 0.695200
vt 0.913592 0.704894
vt 0.875039 0.704469
vt 0.866444 0.694390
vt 0.957225 0.703403
vt 0.949543 0.706166
vt 0.964608 0.703212
vt 0.972173 0.702309
vt 0.980000 0.704950
vt 0.886530 0.704171
vt 0.879056 0.706850
vt 0.893950 0.704553
vt 0.901724 0.704287
vt 0.909901 0.707044
vt 0.958535 0.706262
vt 0.951536 0.708815
vt 0.964524 0.705608
vt 0.970213 0.706565
vt 0.977365 0.709189
vt 0.888737 0.708268
vt 0.881896 0.711093
vt 0.894184 0.706979
vt 0.900527 0.707318
vt 0.907998 0.709745
vt 0.959159 0.712801
vt 0.952044 0.713650
vt 0.951990 0.711066
vt 0.959056 0.709545
vt 0.964448 0.709217
vt 0.964387 0.712648
vt 0.969389 0.712937
vt 0.969611 0.709725
vt 0.976658 0.714060
vt 0.976830 0.711459
vt 0.889834 0.714608
vt 0.882848 0.715968
vt 0.882561 0.713355
vt 0.889479 0.711390
vt 0.894426 0.710639
vt 0.894629 0.714111
vt 0.900176 0.714024
vt 0.900145 0.710702
vt 0.907720 0.714643
vt 0.907659 0.712029
vt 0.959141 0.716003
vt 0.952006 0.716490
vt 0.964325 0.715925
vt 0.969279 0.716153
vt 0.976572 0.716936
vt 0.890071 0.717845
vt 0.883050 0.718869
vt 0.894820 0.717425
vt 0.900322 0.717275
vt 0.907875 0.717514
vt 0.959211 0.721154
vt 0.952139 0.721525
vt 0.964223 0.721103
vt 0.969002 0.721296
vt 0.976234 0.721965
vt 0.890549 0.723034
vt 0.883582 0.723944
vt 0.895129 0.722660
vt 0.900450 0.722495
vt 0.907930 0.722613
vt 0.979930 0.952107
vt 0.020391 0.952107
vt 0.020391 0.949264
vt 0.979930 0.949264
vt 0.979930 0.954950
vt 0.020391 0.954950
vt 0.979930 0.957794
vt 0.020391 0.957793
vt 0.979930 0.960637
vt 0.020391 0.960637
vt 0.979930 0.940734
vt 0.020391 0.940734
vt 0.020391 0.937890
vt 0.979930 0.937890
vt 0.979930 0.943577
vt 0.020391 0.943577
vt 0.979930 0.946420
vt 0.020391 0.946420
s 1
usemtl Material_#27
f 2448/1606/1456 2453/1607/1456 2454/1608/1456
f 2454/1608/1456 2447/1609/1456 2448/1606/1456
f 2456/1610/1457 2457/1611/1457 2462/1612/1457
f 2462/1612/1457 2455/1613/1457 2456/1610/1457
f 2417/1606/1458 2416/1607/1458 2407/1608/1458
f 2407/1608/1458 2403/1609/1458 2417/1606/1458
f 2445/1606/1459 2446/1607/1459 2408/1608/1459
f 2408/1608/1459 2404/1609/1459 2445/1606/1459
f 2436/1606/1460 2437/1607/1460 2410/1608/1460
f 2410/1608/1460 2406/1609/1460 2436/1606/1460
f 2419/1606/1461 2422/1607/1461 2409/1608/1461
f 2409/1608/1461 2405/1609/1461 2419/1606/1461
f 2406/1609/1462 2440/1614/1463 2435/1615/1464
f 2435/1615/1464 2436/1616/1465 2406/1609/1462
f 2408/1617/1466 2446/1618/1467 2441/1619/1468
f 2441/1619/1468 2442/1620/1469 2408/1617/1466
f 2404/1609/1470 2408/1614/1470 2442/1615/1470
f 2442/1615/1470 2443/1616/1470 2404/1609/1470
f 2415/1621/1471 2418/1622/1471 2414/1623/1471
f 2414/1623/1471 2411/1624/1471 2415/1621/1471
f 2411/1624/1456 2423/1625/1456 2425/1626/1456
f 2425/1626/1456 2415/1621/1456 2411/1624/1456
f 2413/1627/1457 2429/1628/1457 2430/1629/1457
f 2430/1629/1457 2416/1630/1457 2413/1627/1457
f 2412/1631/1458 2413/1632/1458 2416/1633/1458
f 2416/1633/1458 2417/1634/1458 2412/1631/1458
f 2405/1609/1471 2409/1614/1471 2418/1615/1471
f 2418/1615/1471 2415/1616/1471 2405/1609/1471
f 2450/1609/1456 2451/1616/1456 2452/1635/1456
f 2452/1635/1456 2449/1606/1456 2450/1609/1456
f 2459/1636/1457 2460/1637/1457 2461/1638/1457
f 2461/1638/1457 2458/1639/1457 2459/1636/1457
f 2406/1609/1472 2410/1616/1472 2439/1635/1472
f 2439/1635/1472 2440/1606/1472 2406/1609/1472
f 2427/1640/1461 2432/1641/1461 2422/1642/1461
f 2422/1642/1461 2419/1643/1461 2427/1640/1461
f 2431/1644/1456 2433/1645/1456 2423/1625/1456
f 2423/1625/1456 2420/1646/1456 2431/1644/1456
f 2410/1617/1473 2437/1618/1474 2438/1619/1475
f 2438/1619/1475 2439/1620/1476 2410/1617/1473
f 2433/1645/1456 2434/1647/1456 2425/1626/1456
f 2425/1626/1456 2423/1625/1456 2433/1645/1456
f 2414/1648/1457 2418/1649/1457 2426/1650/1457
f 2426/1650/1457 2424/1651/1457 2414/1648/1457
f 2449/1652/1456 2452/1653/1456 2453/1654/1456
f 2453/1654/1456 2448/1655/1456 2449/1652/1456
f 2458/1656/1457 2461/1657/1457 2462/1612/1457
f 2462/1612/1457 2457/1611/1457 2458/1656/1457
f 2420/1646/1477 2421/1658/1477 2428/1659/1477
f 2428/1659/1477 2431/1644/1477 2420/1646/1477
f 2421/1660/1457 2424/1651/1457 2429/1628/1457
f 2429/1628/1457 2428/1661/1457 2421/1660/1457
f 2424/1651/1457 2426/1650/1457 2430/1629/1457
f 2430/1629/1457 2429/1628/1457 2424/1651/1457
f 2403/1606/1461 2407/1607/1461 2432/1608/1461
f 2432/1608/1461 2427/1609/1461 2403/1606/1461
f 2404/1609/1478 2443/1616/1479 2444/1635/1480
f 2444/1635/1480 2445/1606/1481 2404/1609/1478
f 2412/1631/1456 2417/1634/1456 2434/1647/1456
f 2434/1647/1456 2433/1645/1456 2412/1631/1456
f 2423/1639/1461 2411/1636/1461 2436/1637/1461
f 2436/1637/1461 2435/1638/1461 2423/1639/1461
f 2411/1636/1461 2414/1662/1461 2437/1663/1461
f 2437/1663/1461 2436/1637/1461 2411/1636/1461
f 2414/1664/1461 2424/1665/1461 2438/1620/1461
f 2438/1620/1461 2437/1619/1461 2414/1664/1461
f 2424/1666/1458 2421/1667/1458 2439/1619/1458
f 2439/1619/1458 2438/1618/1458 2424/1666/1458
f 2421/1668/1458 2420/1669/1458 2440/1670/1458
f 2440/1670/1458 2439/1671/1458 2421/1668/1458
f 2420/1669/1458 2423/1672/1458 2435/1673/1458
f 2435/1673/1458 2440/1670/1458 2420/1669/1458
f 2429/1664/1461 2413/1665/1461 2442/1620/1461
f 2442/1620/1461 2441/1619/1461 2429/1664/1461
f 2413/1639/1461 2412/1636/1461 2443/1637/1461
f 2443/1637/1461 2442/1638/1461 2413/1639/1461
f 2412/1636/1461 2433/1662/1461 2444/1663/1461
f 2444/1663/1461 2443/1637/1461 2412/1636/1461
f 2433/1668/1471 2431/1669/1471 2445/1670/1471
f 2445/1670/1471 2444/1671/1471 2433/1668/1471
f 2431/1669/1471 2428/1672/1471 2446/1673/1471
f 2446/1673/1471 2445/1670/1471 2431/1669/1471
f 2428/1666/1471 2429/1667/1471 2441/1619/1471
f 2441/1619/1471 2446/1618/1471 2428/1666/1471
f 2403/1616/1461 2427/1609/1461 2448/1614/1461
f 2448/1614/1461 2447/1615/1461 2403/1616/1461
f 2427/1640/1461 2419/1643/1461 2449/1652/1461
f 2449/1652/1461 2448/1655/1461 2427/1640/1461
f 2419/1636/1461 2405/1662/1461 2450/1663/1461
f 2450/1663/1461 2449/1637/1461 2419/1636/1461
f 2405/1668/1471 2415/1669/1471 2451/1670/1471
f 2451/1670/1471 2450/1671/1471 2405/1668/1471
f 2415/1669/1477 2425/1672/1477 2452/1673/1477
f 2452/1673/1477 2451/1670/1477 2415/1669/1477
f 2425/1626/1477 2434/1647/1477 2453/1654/1477
f 2453/1654/1477 2452/1653/1477 2425/1626/1477
f 2434/1616/1477 2417/1609/1477 2454/1614/1477
f 2454/1614/1477 2453/1615/1477 2434/1616/1477
f 2417/1616/1458 2403/1609/1458 2447/1614/1458
f 2447/1614/1458 2454/1615/1458 2417/1616/1458
f 2407/1606/1458 2416/1609/1458 2456/1616/1458
f 2456/1616/1458 2455/1635/1458 2407/1606/1458
f 2416/1630/1477 2430/1629/1477 2457/1611/1477
f 2457/1611/1477 2456/1610/1477 2416/1630/1477
f 2430/1629/1477 2426/1650/1477 2458/1656/1477
f 2458/1656/1477 2457/1611/1477 2430/1629/1477
f 2426/1609/1477 2418/1606/1477 2459/1607/1477
f 2459/1607/1477 2458/1608/1477 2426/1609/1477
f 2418/1616/1471 2409/1609/1471 2460/1614/1471
f 2460/1614/1471 2459/1615/1471 2418/1616/1471
f 2409/1606/1461 2422/1609/1461 2461/1616/1461
f 2461/1616/1461 2460/1635/1461 2409/1606/1461
f 2422/1642/1461 2432/1641/1461 2462/1674/1461
f 2462/1674/1461 2461/1675/1461 2422/1642/1461
f 2432/1639/1461 2407/1636/1461 2455/1637/1461
f 2455/1637/1461 2462/1638/1461 2432/1639/1461
f 2474/1676/1482 2473/1677/1482 2464/1678/1482
f 2464/1678/1482 2463/1679/1482 2474/1676/1482
f 2475/1680/1483 2474/1676/1483 2463/1679/1483
f 2463/1679/1483 2465/1681/1483 2475/1680/1483
f 2476/1682/1471 2475/1680/1471 2465/1681/1471
f 2465/1681/1471 2466/1683/1471 2476/1682/1471
f 2477/1684/1484 2476/1682/1484 2466/1683/1484
f 2466/1683/1484 2467/1685/1484 2477/1684/1484
f 2478/1686/1485 2477/1684/1485 2467/1685/1485
f 2467/1685/1485 2468/1687/1485 2478/1686/1485
f 2479/1688/1486 2478/1689/1486 2468/1690/1486
f 2468/1690/1486 2469/1691/1486 2479/1688/1486
f 2480/1692/1487 2479/1688/1487 2469/1691/1487
f 2469/1691/1487 2470/1693/1487 2480/1692/1487
f 2481/1694/1458 2480/1692/1458 2470/1693/1458
f 2470/1693/1458 2471/1695/1458 2481/1694/1458
f 2482/1696/1488 2481/1694/1488 2471/1695/1488
f 2471/1695/1488 2472/1697/1488 2482/1696/1488
f 2473/1677/1489 2482/1696/1489 2472/1697/1489
f 2472/1697/1489 2464/1678/1489 2473/1677/1489
f 2473/1677/1461 2474/1676/1461 2484/1698/1461
f 2484/1698/1461 2483/1699/1461 2473/1677/1461
f 2475/1680/1461 2485/1700/1461 2519/1701/1490
f 2474/1676/1461 2475/1680/1461 2519/1701/1490
f 2474/1676/1461 2519/1701/1490 2484/1698/1461
f 2476/1682/1461 2486/1702/1491 2515/1703/1461
f 2475/1680/1461 2476/1682/1461 2515/1703/1461
f 2515/1703/1461 2517/1704/1461 2485/1700/1461
f 2475/1680/1461 2515/1703/1461 2485/1700/1461
f 2476/1682/1461 2477/1684/1461 2487/1705/1461
f 2487/1705/1461 2513/1706/1461 2486/1702/1491
f 2476/1682/1461 2487/1705/1461 2486/1702/1491
f 2477/1684/1461 2478/1686/1461 2488/1707/1461
f 2488/1707/1461 2487/1705/1461 2477/1684/1461
f 2478/1689/1461 2479/1688/1461 2489/1708/1461
f 2489/1708/1461 2488/1709/1461 2478/1689/1461
f 2479/1688/1461 2480/1692/1461 2490/1710/1461
f 2490/1710/1461 2489/1708/1461 2479/1688/1461
f 2480/1692/1461 2481/1694/1461 2491/1711/1461
f 2491/1711/1461 2490/1710/1461 2480/1692/1461
f 2481/1694/1461 2482/1696/1461 2492/1712/1461
f 2492/1712/1461 2491/1711/1461 2481/1694/1461
f 2482/1696/1461 2473/1677/1461 2483/1699/1461
f 2483/1699/1461 2492/1712/1461 2482/1696/1461
f 2484/1698/1482 2522/1713/1482 2521/1714/1482
f 2521/1714/1482 2483/1699/1482 2484/1698/1482
f 2519/1701/1492 2518/1715/1493 2523/1716/1494
f 2519/1701/1492 2523/1716/1494 2522/1713/1495
f 2484/1698/1483 2519/1701/1492 2522/1713/1495
f 2513/1706/1496 2487/1705/1484 2525/1717/1497
f 2513/1706/1496 2525/1717/1497 2524/1718/1498
f 2514/1719/1499 2513/1706/1496 2524/1718/1498
f 2488/1707/1485 2526/1720/1485 2525/1717/1485
f 2525/1717/1485 2487/1705/1485 2488/1707/1485
f 2489/1708/1486 2527/1721/1486 2526/1722/1486
f 2526/1722/1486 2488/1709/1486 2489/1708/1486
f 2490/1710/1487 2528/1723/1487 2527/1721/1487
f 2527/1721/1487 2489/1708/1487 2490/1710/1487
f 2491/1711/1458 2529/1724/1458 2528/1723/1458
f 2528/1723/1458 2490/1710/1458 2491/1711/1458
f 2492/1712/1488 2530/1725/1488 2529/1724/1488
f 2529/1724/1488 2491/1711/1488 2492/1712/1488
f 2483/1699/1489 2521/1714/1489 2530/1725/1489
f 2530/1725/1489 2492/1712/1489 2483/1699/1489
f 2494/1726/1477 2511/1727/1477 2510/1728/1477
f 2510/1728/1477 2508/1729/1477 2507/1730/1477
f 2510/1728/1477 2507/1730/1477 2497/1731/1477
f 2497/1731/1477 2498/1732/1477 2499/1733/1477
f 2499/1733/1477 2500/1734/1477 2501/1735/1477
f 2501/1735/1477 2502/1736/1477 2493/1737/1477
f 2499/1733/1477 2501/1735/1477 2493/1737/1477
f 2497/1731/1477 2499/1733/1477 2493/1737/1477
f 2510/1728/1477 2497/1731/1477 2493/1737/1477
f 2494/1726/1477 2510/1728/1477 2493/1737/1477
f 2517/1738/1461 2515/1739/1461 2504/1740/1461
f 2504/1740/1461 2520/1741/1461 2517/1738/1461
f 2524/1742/1457 2531/1743/1457 2516/1744/1500
f 2516/1744/1500 2514/1745/1500 2524/1742/1457
f 2508/1746/1477 2510/1747/1477 2506/1748/1477
f 2506/1748/1477 2509/1749/1477 2508/1746/1477
f 2523/1750/1456 2532/1751/1456 2512/1752/1501
f 2512/1752/1501 2495/1753/1501 2523/1750/1456
f 2496/1754/1502 2507/1755/1503 2508/1756/1504
f 2496/1757/1505 2508/1746/1505 2509/1749/1505
f 2509/1749/1505 2505/1758/1505 2496/1757/1505
f 2495/1759/1506 2510/1760/1507 2511/1761/1508
f 2510/1747/1509 2495/1753/1509 2512/1752/1509
f 2512/1752/1509 2506/1748/1509 2510/1747/1509
f 2486/1702/1510 2513/1706/1511 2514/1762/1512
f 2514/1762/1512 2515/1763/1513 2486/1702/1510
f 2515/1739/1514 2514/1745/1514 2516/1744/1514
f 2516/1744/1514 2504/1740/1514 2515/1739/1514
f 2485/1700/1515 2517/1704/1516 2518/1715/1517
f 2518/1715/1517 2519/1701/1518 2485/1700/1515
f 2518/1764/1519 2517/1738/1519 2520/1741/1519
f 2520/1741/1519 2503/1765/1519 2518/1764/1519
f 2494/1766/1482 2493/1767/1482 2521/1714/1482
f 2521/1714/1482 2522/1713/1482 2494/1766/1482
f 2495/1759/1506 2511/1761/1508 2494/1766/1483
f 2495/1759/1506 2494/1766/1483 2522/1713/1495
f 2523/1716/1494 2495/1759/1506 2522/1713/1495
f 2497/1768/1520 2507/1755/1503 2496/1754/1502
f 2497/1768/1520 2496/1754/1502 2524/1718/1498
f 2525/1717/1497 2497/1768/1520 2524/1718/1498
f 2498/1769/1485 2497/1768/1485 2525/1717/1485
f 2525/1717/1485 2526/1720/1485 2498/1769/1485
f 2499/1770/1486 2498/1771/1486 2526/1722/1486
f 2526/1722/1486 2527/1721/1486 2499/1770/1486
f 2500/1772/1487 2499/1770/1487 2527/1721/1487
f 2527/1721/1487 2528/1723/1487 2500/1772/1487
f 2501/1773/1458 2500/1772/1458 2528/1723/1458
f 2528/1723/1458 2529/1724/1458 2501/1773/1458
f 2502/1774/1488 2501/1773/1488 2529/1724/1488
f 2529/1724/1488 2530/1725/1488 2502/1774/1488
f 2493/1767/1489 2502/1774/1489 2530/1725/1489
f 2530/1725/1489 2521/1714/1489 2493/1767/1489
f 2496/1757/1521 2505/1758/1521 2531/1775/1457
f 2531/1775/1457 2524/1776/1457 2496/1757/1521
f 2518/1764/1522 2503/1765/1522 2532/1751/1456
f 2532/1751/1456 2523/1750/1456 2518/1764/1522
f 2545/1777/1523 2560/1778/1524 2561/1779/1525
f 2561/1779/1525 2533/1780/1526 2545/1777/1523
f 2579/1781/1527 2564/1782/1527 2548/1783/1528
f 2548/1783/1528 2578/1784/1528 2579/1781/1527
f 2561/1785/1458 2558/1786/1458 2537/1787/1458
f 2537/1787/1458 2533/1788/1458 2561/1785/1458
f 2546/1789/1456 2580/1790/1456 2538/1791/1456
f 2547/1792/1456 2546/1789/1456 2538/1791/1456
f 2534/1793/1456 2547/1792/1456 2538/1791/1456
f 2569/1794/1471 2566/1795/1471 2540/1796/1471
f 2540/1796/1471 2536/1797/1471 2569/1794/1471
f 2544/1798/1457 2573/1799/1457 2539/1800/1457
f 2541/1801/1457 2544/1798/1457 2539/1800/1457
f 2535/1802/1457 2541/1801/1457 2539/1800/1457
f 2535/1802/1529 2557/1803/1530 2559/1804/1531
f 2559/1804/1531 2541/1801/1532 2535/1802/1529
f 2574/1805/1533 2577/1806/1534 2567/1807/1534
f 2567/1807/1534 2543/1808/1533 2574/1805/1533
f 2536/1809/1456 2540/1810/1456 2574/1805/1456
f 2536/1809/1456 2574/1805/1456 2543/1808/1456
f 2542/1811/1456 2536/1809/1456 2543/1808/1456
f 2545/1812/1457 2548/1813/1457 2544/1814/1457
f 2544/1814/1457 2541/1815/1457 2545/1812/1457
f 2541/1801/1535 2559/1804/1536 2560/1816/1536
f 2560/1816/1536 2545/1817/1535 2541/1801/1535
f 2543/1808/1533 2567/1807/1534 2568/1818/1534
f 2568/1818/1534 2546/1819/1533 2543/1808/1533
f 2542/1811/1456 2543/1808/1456 2546/1819/1456
f 2546/1819/1456 2547/1820/1456 2542/1811/1456
f 2533/1821/1457 2537/1822/1457 2578/1784/1457
f 2533/1821/1457 2578/1784/1457 2548/1783/1457
f 2545/1823/1457 2533/1821/1457 2548/1783/1457
f 2572/1824/1537 2565/1825/1538 2550/1826/1539
f 2550/1826/1539 2555/1827/1540 2572/1824/1537
f 2570/1828/1534 2568/1829/1534 2556/1830/1541
f 2556/1830/1541 2581/1831/1541 2570/1828/1534
f 2565/1832/1458 2582/1833/1458 2551/1834/1458
f 2551/1834/1458 2550/1835/1458 2565/1832/1458
f 2557/1836/1471 2576/1837/1471 2552/1838/1471
f 2552/1838/1471 2549/1839/1471 2557/1836/1471
f 2569/1840/1542 2571/1841/1543 2553/1842/1544
f 2553/1842/1544 2549/1843/1545 2569/1840/1542
f 2562/1844/1527 2563/1845/1527 2554/1846/1541
f 2554/1846/1541 2575/1847/1541 2562/1844/1527
f 2571/1841/1546 2572/1848/1546 2555/1849/1547
f 2555/1849/1547 2553/1842/1547 2571/1841/1546
f 2563/1845/1527 2564/1850/1527 2556/1851/1541
f 2556/1851/1541 2554/1846/1541 2563/1845/1527
f 2555/1827/1540 2550/1826/1539 2561/1779/1525
f 2561/1779/1525 2560/1778/1524 2555/1827/1540
f 2581/1831/1541 2556/1830/1541 2564/1782/1527
f 2564/1782/1527 2579/1781/1527 2581/1831/1541
f 2550/1835/1458 2551/1834/1458 2558/1786/1458
f 2558/1786/1458 2561/1785/1458 2550/1835/1458
f 2549/1843/1545 2553/1842/1544 2559/1804/1531
f 2559/1804/1531 2557/1803/1530 2549/1843/1545
f 2553/1842/1547 2555/1849/1547 2560/1816/1536
f 2560/1816/1536 2559/1804/1536 2553/1842/1547
f 2535/1852/1471 2539/1853/1471 2576/1837/1471
f 2576/1837/1471 2557/1836/1471 2535/1852/1471
f 2573/1854/1528 2544/1814/1528 2563/1845/1527
f 2563/1845/1527 2562/1844/1527 2573/1854/1528
f 2544/1814/1528 2548/1813/1528 2564/1850/1527
f 2564/1850/1527 2563/1845/1527 2544/1814/1528
f 2549/1839/1471 2552/1838/1471 2566/1795/1471
f 2566/1795/1471 2569/1794/1471 2549/1839/1471
f 2575/1847/1541 2554/1846/1541 2567/1807/1534
f 2567/1807/1534 2577/1806/1534 2575/1847/1541
f 2554/1846/1541 2556/1851/1541 2568/1818/1534
f 2568/1818/1534 2567/1807/1534 2554/1846/1541
f 2547/1792/1548 2534/1793/1549 2565/1825/1538
f 2565/1825/1538 2572/1824/1537 2547/1792/1548
f 2580/1855/1533 2546/1856/1533 2568/1829/1534
f 2568/1829/1534 2570/1828/1534 2580/1855/1533
f 2534/1857/1458 2538/1858/1458 2582/1833/1458
f 2582/1833/1458 2565/1832/1458 2534/1857/1458
f 2536/1809/1550 2542/1811/1551 2571/1859/1543
f 2571/1859/1543 2569/1860/1542 2536/1809/1550
f 2542/1811/1552 2547/1820/1552 2572/1861/1546
f 2572/1861/1546 2571/1859/1546 2542/1811/1552
f 2574/1805/1553 2540/1810/1553 2566/1862/1554
f 2566/1862/1554 2577/1806/1555 2574/1805/1553
f 2575/1847/1556 2552/1863/1557 2576/1864/1558
f 2576/1864/1558 2562/1844/1559 2575/1847/1556
f 2562/1844/1559 2576/1864/1558 2539/1865/1560
f 2539/1865/1560 2573/1854/1560 2562/1844/1559
f 2577/1806/1555 2566/1862/1554 2552/1863/1557
f 2552/1863/1557 2575/1847/1556 2577/1806/1555
f 2578/1784/1561 2537/1822/1561 2558/1866/1562
f 2558/1866/1562 2579/1781/1563 2578/1784/1561
f 2581/1831/1564 2551/1867/1565 2582/1868/1566
f 2582/1868/1566 2570/1828/1567 2581/1831/1564
f 2579/1781/1563 2558/1866/1562 2551/1867/1565
f 2551/1867/1565 2581/1831/1564 2579/1781/1563
f 2570/1828/1567 2582/1868/1566 2538/1869/1568
f 2538/1869/1568 2580/1855/1568 2570/1828/1567
f 2584/1870/1569 2609/1871/1570 2610/1872/1571
f 2610/1872/1571 2583/1873/1572 2584/1870/1569
f 2585/1874/1573 2611/1875/1574 2609/1871/1570
f 2609/1871/1570 2584/1870/1569 2585/1874/1573
f 2586/1876/1575 2612/1877/1576 2611/1875/1574
f 2611/1875/1574 2585/1874/1573 2586/1876/1575
f 2587/1878/1577 2613/1879/1578 2612/1877/1576
f 2612/1877/1576 2586/1876/1575 2587/1878/1577
f 2588/1880/1579 2614/1881/1580 2613/1879/1578
f 2613/1879/1578 2587/1878/1577 2588/1880/1579
f 2589/1882/1581 2615/1883/1582 2614/1881/1580
f 2614/1881/1580 2588/1880/1579 2589/1882/1581
f 2590/1884/1583 2616/1885/1584 2615/1883/1582
f 2615/1883/1582 2589/1882/1581 2590/1884/1583
f 2591/1886/1585 2617/1887/1586 2616/1885/1584
f 2616/1885/1584 2590/1884/1583 2591/1886/1585
f 2592/1888/1587 2618/1889/1588 2617/1887/1586
f 2617/1887/1586 2591/1886/1585 2592/1888/1587
f 2595/1890/1589 2620/1891/1590 2619/1892/1591
f 2619/1892/1591 2594/1893/1592 2595/1890/1589
f 2583/1873/1572 2610/1872/1571 2620/1891/1590
f 2620/1891/1590 2595/1890/1589 2583/1873/1572
f 2594/1893/1458 2593/1894/1458 2592/1888/1458
f 2592/1888/1458 2591/1886/1458 2590/1884/1458
f 2594/1893/1458 2592/1888/1458 2590/1884/1458
f 2590/1884/1458 2589/1882/1458 2588/1880/1458
f 2588/1880/1458 2587/1878/1458 2586/1876/1458
f 2590/1884/1458 2588/1880/1458 2586/1876/1458
f 2594/1893/1458 2590/1884/1458 2586/1876/1458
f 2586/1876/1458 2585/1874/1458 2584/1870/1458
f 2594/1893/1458 2586/1876/1458 2584/1870/1458
f 2594/1893/1458 2584/1870/1458 2583/1873/1458
f 2595/1890/1458 2594/1893/1458 2583/1873/1458
f 2597/1895/1471 2598/1896/1471 2599/1897/1471
f 2599/1897/1471 2600/1898/1471 2601/1899/1471
f 2597/1895/1471 2599/1897/1471 2601/1899/1471
f 2601/1899/1471 2602/1900/1471 2603/1901/1471
f 2603/1901/1471 2604/1902/1471 2605/1903/1471
f 2601/1899/1471 2603/1901/1471 2605/1903/1471
f 2597/1895/1471 2601/1899/1471 2605/1903/1471
f 2605/1903/1471 2606/1904/1471 2607/1905/1471
f 2597/1895/1471 2605/1903/1471 2607/1905/1471
f 2597/1895/1471 2607/1905/1471 2608/1906/1471
f 2596/1907/1471 2597/1895/1471 2608/1906/1471
f 2597/1895/1593 2596/1907/1594 2610/1908/1571
f 2610/1908/1571 2609/1909/1570 2597/1895/1593
f 2598/1896/1595 2597/1895/1593 2609/1909/1570
f 2609/1909/1570 2611/1910/1574 2598/1896/1595
f 2599/1897/1596 2598/1896/1595 2611/1910/1574
f 2611/1910/1574 2612/1911/1576 2599/1897/1596
f 2600/1898/1597 2599/1897/1596 2612/1911/1576
f 2612/1911/1576 2613/1912/1578 2600/1898/1597
f 2601/1899/1598 2600/1898/1597 2613/1912/1578
f 2613/1912/1578 2614/1913/1580 2601/1899/1598
f 2602/1900/1599 2601/1899/1598 2614/1913/1580
f 2614/1913/1580 2615/1914/1582 2602/1900/1599
f 2603/1901/1600 2602/1900/1599 2615/1914/1582
f 2615/1914/1582 2616/1915/1584 2603/1901/1600
f 2604/1902/1601 2603/1901/1600 2616/1915/1584
f 2616/1915/1584 2617/1916/1586 2604/1902/1601
f 2605/1903/1602 2604/1902/1601 2617/1916/1586
f 2617/1916/1586 2618/1917/1588 2605/1903/1602
f 2608/1906/1603 2607/1905/1604 2619/1918/1591
f 2619/1918/1591 2620/1919/1590 2608/1906/1603
f 2596/1907/1594 2608/1906/1603 2620/1919/1590
f 2620/1919/1590 2610/1908/1571 2596/1907/1594
f 2618/1889/1605 2592/1888/1605 2622/1920/1605
f 2622/1920/1606 2621/1921/1606 2618/1889/1606
f 2592/1888/1607 2593/1894/1607 2623/1922/1607
f 2623/1922/1608 2622/1920/1608 2592/1888/1608
f 2593/1894/1609 2594/1893/1609 2624/1923/1609
f 2624/1923/1610 2623/1922/1610 2593/1894/1610
f 2594/1893/1611 2619/1892/1611 2625/1924/1611
f 2625/1924/1612 2624/1923/1612 2594/1893/1612
f 2619/1918/1613 2607/1905/1613 2626/1925/1613
f 2626/1925/1614 2625/1926/1614 2619/1918/1614
f 2607/1905/1615 2606/1904/1615 2627/1927/1615
f 2627/1927/1616 2626/1925/1616 2607/1905/1616
f 2606/1904/1617 2605/1903/1617 2628/1928/1617
f 2628/1928/1618 2627/1927/1618 2606/1904/1618
f 2605/1903/1619 2618/1917/1619 2621/1929/1619
f 2621/1929/1620 2628/1928/1620 2605/1903/1620
f 2622/1920/1621 2646/1930/1621 2645/1931/1621
f 2645/1931/1622 2621/1921/1622 2622/1920/1622
f 2623/1922/1623 2647/1932/1623 2646/1930/1624
f 2646/1930/1624 2622/1920/1624 2623/1922/1623
f 2623/1922/1625 2624/1923/1625 2648/1933/1625
f 2648/1933/1625 2647/1932/1626 2623/1922/1625
f 2625/1924/1627 2649/1934/1627 2648/1933/1627
f 2648/1933/1628 2624/1923/1628 2625/1924/1628
f 2626/1925/1629 2650/1935/1629 2649/1936/1629
f 2649/1936/1630 2625/1926/1630 2626/1925/1630
f 2627/1927/1631 2651/1937/1631 2650/1935/1631
f 2650/1935/1631 2626/1925/1631 2627/1927/1631
f 2627/1927/1632 2628/1928/1633 2652/1938/1633
f 2652/1938/1633 2651/1937/1632 2627/1927/1632
f 2621/1929/1634 2645/1939/1634 2652/1938/1634
f 2652/1938/1635 2628/1928/1635 2621/1929/1635
f 2654/1940/1621 2653/1941/1621 2637/1942/1621
f 2637/1942/1621 2638/1943/1621 2654/1940/1621
f 2639/1944/1623 2655/1945/1623 2654/1940/1624
f 2654/1940/1624 2638/1943/1624 2639/1944/1623
f 2656/1946/1626 2655/1945/1626 2639/1944/1626
f 2639/1944/1626 2640/1947/1626 2656/1946/1626
f 2657/1948/1636 2656/1946/1636 2640/1947/1636
f 2640/1947/1636 2641/1949/1636 2657/1948/1636
f 2658/1950/1629 2657/1951/1629 2641/1952/1629
f 2641/1952/1629 2642/1953/1629 2658/1950/1629
f 2643/1954/1631 2659/1955/1631 2658/1950/1631
f 2658/1950/1631 2642/1953/1631 2643/1954/1631
f 2660/1956/1632 2659/1955/1632 2643/1954/1633
f 2643/1954/1633 2644/1957/1633 2660/1956/1632
f 2653/1958/1637 2660/1956/1637 2644/1957/1637
f 2644/1957/1637 2637/1959/1637 2653/1958/1637
f 2638/1943/1621 2637/1942/1621 2645/1931/1621
f 2645/1931/1621 2646/1930/1621 2638/1943/1621
f 2647/1932/1623 2639/1944/1623 2638/1943/1624
f 2638/1943/1624 2646/1930/1624 2647/1932/1623
f 2640/1947/1626 2639/1944/1626 2647/1932/1626
f 2647/1932/1626 2648/1933/1625 2640/1947/1626
f 2641/1949/1636 2640/1947/1636 2648/1933/1636
f 2648/1933/1636 2649/1934/1636 2641/1949/1636
f 2642/1953/1629 2641/1952/1629 2649/1936/1629
f 2649/1936/1629 2650/1935/1629 2642/1953/1629
f 2651/1937/1631 2643/1954/1631 2642/1953/1631
f 2642/1953/1631 2650/1935/1631 2651/1937/1631
f 2644/1957/1633 2643/1954/1633 2651/1937/1632
f 2651/1937/1632 2652/1938/1633 2644/1957/1633
f 2637/1959/1637 2644/1957/1637 2652/1938/1637
f 2652/1938/1637 2645/1939/1637 2637/1959/1637
f 2630/1960/1621 2629/1961/1621 2653/1941/1621
f 2653/1941/1621 2654/1940/1621 2630/1960/1621
f 2655/1945/1623 2631/1962/1623 2630/1960/1624
f 2630/1960/1624 2654/1940/1624 2655/1945/1623
f 2632/1963/1626 2631/1962/1626 2655/1945/1626
f 2655/1945/1626 2656/1946/1626 2632/1963/1626
f 2633/1964/1636 2632/1963/1636 2656/1946/1636
f 2656/1946/1636 2657/1948/1636 2633/1964/1636
f 2634/1965/1629 2633/1966/1629 2657/1951/1629
f 2657/1951/1629 2658/1950/1629 2634/1965/1629
f 2659/1955/1631 2635/1967/1631 2634/1965/1631
f 2634/1965/1631 2658/1950/1631 2659/1955/1631
f 2636/1968/1632 2635/1967/1632 2659/1955/1632
f 2659/1955/1632 2660/1956/1632 2636/1968/1632
f 2629/1969/1637 2636/1968/1637 2660/1956/1637
f 2660/1956/1637 2653/1958/1637 2629/1969/1637
f 2629/1961/1621 2630/1960/1621 2662/1970/1621
f 2662/1970/1621 2661/1971/1621 2629/1961/1621
f 2630/1960/1624 2631/1962/1623 2663/1972/1623
f 2663/1972/1623 2662/1970/1624 2630/1960/1624
f 2631/1962/1626 2632/1963/1626 2664/1973/1626
f 2664/1973/1626 2663/1972/1626 2631/1962/1626
f 2632/1963/1636 2633/1964/1636 2665/1974/1636
f 2665/1974/1636 2664/1973/1636 2632/1963/1636
f 2633/1966/1629 2634/1965/1629 2666/1975/1629
f 2666/1975/1629 2665/1976/1629 2633/1966/1629
f 2634/1965/1631 2635/1967/1631 2667/1977/1631
f 2667/1977/1631 2666/1975/1631 2634/1965/1631
f 2635/1967/1632 2636/1968/1632 2668/1978/1632
f 2668/1978/1632 2667/1977/1632 2635/1967/1632
f 2636/1968/1637 2629/1969/1637 2661/1979/1637
f 2661/1979/1637 2668/1978/1637 2636/1968/1637
f 2670/1980/1519 2677/1981/1519 2678/1982/1456
f 2678/1982/1456 2669/1983/1456 2670/1980/1519
f 2671/1984/1461 2679/1985/1461 2677/1981/1519
f 2677/1981/1519 2670/1980/1519 2671/1984/1461
f 2672/1986/1514 2680/1987/1514 2679/1985/1461
f 2679/1985/1461 2671/1984/1461 2672/1986/1514
f 2673/1988/1457 2681/1989/1457 2680/1987/1514
f 2680/1987/1514 2672/1986/1514 2673/1988/1457
f 2674/1990/1505 2682/1991/1505 2681/1992/1457
f 2681/1992/1457 2673/1993/1457 2674/1990/1505
f 2675/1994/1477 2683/1995/1477 2682/1991/1505
f 2682/1991/1505 2674/1990/1505 2675/1994/1477
f 2676/1996/1509 2684/1997/1509 2683/1995/1477
f 2683/1995/1477 2675/1994/1477 2676/1996/1509
f 2669/1983/1456 2678/1982/1456 2684/1997/1509
f 2684/1997/1509 2676/1996/1509 2669/1983/1456
f 2686/1870/1569 2711/1871/1570 2712/1872/1571
f 2712/1872/1571 2685/1873/1572 2686/1870/1569
f 2687/1874/1573 2713/1875/1574 2711/1871/1570
f 2711/1871/1570 2686/1870/1569 2687/1874/1573
f 2688/1876/1575 2714/1877/1576 2713/1875/1574
f 2713/1875/1574 2687/1874/1573 2688/1876/1575
f 2689/1878/1577 2715/1879/1578 2714/1877/1576
f 2714/1877/1576 2688/1876/1575 2689/1878/1577
f 2690/1880/1579 2716/1881/1580 2715/1879/1578
f 2715/1879/1578 2689/1878/1577 2690/1880/1579
f 2691/1882/1581 2717/1883/1582 2716/1881/1580
f 2716/1881/1580 2690/1880/1579 2691/1882/1581
f 2692/1884/1583 2718/1885/1584 2717/1883/1582
f 2717/1883/1582 2691/1882/1581 2692/1884/1583
f 2693/1886/1585 2719/1887/1586 2718/1885/1584
f 2718/1885/1584 2692/1884/1583 2693/1886/1585
f 2694/1888/1587 2720/1889/1588 2719/1887/1586
f 2719/1887/1586 2693/1886/1585 2694/1888/1587
f 2697/1890/1589 2722/1891/1590 2721/1892/1591
f 2721/1892/1591 2696/1893/1592 2697/1890/1589
f 2685/1873/1572 2712/1872/1571 2722/1891/1590
f 2722/1891/1590 2697/1890/1589 2685/1873/1572
f 2696/1893/1458 2695/1894/1458 2694/1888/1458
f 2694/1888/1458 2693/1886/1458 2692/1884/1458
f 2696/1893/1458 2694/1888/1458 2692/1884/1458
f 2692/1884/1458 2691/1882/1458 2690/1880/1458
f 2690/1880/1458 2689/1878/1458 2688/1876/1458
f 2692/1884/1458 2690/1880/1458 2688/1876/1458
f 2696/1893/1458 2692/1884/1458 2688/1876/1458
f 2688/1876/1458 2687/1874/1458 2686/1870/1458
f 2696/1893/1458 2688/1876/1458 2686/1870/1458
f 2696/1893/1458 2686/1870/1458 2685/1873/1458
f 2697/1890/1458 2696/1893/1458 2685/1873/1458
f 2699/1895/1471 2700/1896/1471 2701/1897/1471
f 2701/1897/1471 2702/1898/1471 2703/1899/1471
f 2699/1895/1471 2701/1897/1471 2703/1899/1471
f 2703/1899/1471 2704/1900/1471 2705/1901/1471
f 2705/1901/1471 2706/1902/1471 2707/1903/1471
f 2703/1899/1471 2705/1901/1471 2707/1903/1471
f 2699/1895/1471 2703/1899/1471 2707/1903/1471
f 2707/1903/1471 2708/1904/1471 2709/1905/1471
f 2699/1895/1471 2707/1903/1471 2709/1905/1471
f 2699/1895/1471 2709/1905/1471 2710/1906/1471
f 2698/1907/1471 2699/1895/1471 2710/1906/1471
f 2699/1895/1593 2698/1907/1594 2712/1908/1571
f 2712/1908/1571 2711/1909/1570 2699/1895/1593
f 2700/1896/1595 2699/1895/1593 2711/1909/1570
f 2711/1909/1570 2713/1910/1574 2700/1896/1595
f 2701/1897/1596 2700/1896/1595 2713/1910/1574
f 2713/1910/1574 2714/1911/1576 2701/1897/1596
f 2702/1898/1597 2701/1897/1596 2714/1911/1576
f 2714/1911/1576 2715/1912/1578 2702/1898/1597
f 2703/1899/1598 2702/1898/1597 2715/1912/1578
f 2715/1912/1578 2716/1913/1580 2703/1899/1598
f 2704/1900/1599 2703/1899/1598 2716/1913/1580
f 2716/1913/1580 2717/1914/1582 2704/1900/1599
f 2705/1901/1600 2704/1900/1599 2717/1914/1582
f 2717/1914/1582 2718/1915/1584 2705/1901/1600
f 2706/1902/1601 2705/1901/1600 2718/1915/1584
f 2718/1915/1584 2719/1916/1586 2706/1902/1601
f 2707/1903/1602 2706/1902/1601 2719/1916/1586
f 2719/1916/1586 2720/1917/1588 2707/1903/1602
f 2710/1906/1638 2709/1905/1604 2721/1918/1591
f 2721/1918/1591 2722/1919/1590 2710/1906/1638
f 2698/1907/1594 2710/1906/1638 2722/1919/1590
f 2722/1919/1590 2712/1908/1571 2698/1907/1594
f 2720/1889/1605 2694/1888/1605 2724/1920/1605
f 2724/1920/1606 2723/1921/1606 2720/1889/1606
f 2694/1888/1607 2695/1894/1607 2725/1922/1607
f 2725/1922/1608 2724/1920/1608 2694/1888/1608
f 2695/1894/1609 2696/1893/1609 2726/1923/1609
f 2726/1923/1610 2725/1922/1610 2695/1894/1610
f 2696/1893/1611 2721/1892/1611 2727/1924/1611
f 2727/1924/1612 2726/1923/1612 2696/1893/1612
f 2721/1918/1639 2709/1905/1639 2728/1925/1639
f 2728/1925/1614 2727/1926/1614 2721/1918/1614
f 2709/1905/1615 2708/1904/1615 2729/1927/1615
f 2729/1927/1616 2728/1925/1616 2709/1905/1616
f 2708/1904/1617 2707/1903/1617 2730/1928/1617
f 2730/1928/1618 2729/1927/1618 2708/1904/1618
f 2707/1903/1619 2720/1917/1619 2723/1929/1619
f 2723/1929/1620 2730/1928/1620 2707/1903/1620
f 2724/1920/1621 2748/1930/1621 2747/1931/1621
f 2747/1931/1622 2723/1921/1622 2724/1920/1622
f 2725/1922/1623 2749/1932/1623 2748/1930/1623
f 2748/1930/1623 2724/1920/1623 2725/1922/1623
f 2725/1922/1625 2726/1923/1626 2750/1933/1626
f 2750/1933/1626 2749/1932/1625 2725/1922/1625
f 2727/1924/1627 2751/1934/1627 2750/1933/1627
f 2750/1933/1628 2726/1923/1628 2727/1924/1628
f 2728/1925/1629 2752/1935/1629 2751/1936/1629
f 2751/1936/1630 2727/1926/1630 2728/1925/1630
f 2729/1927/1631 2753/1937/1631 2752/1935/1631
f 2752/1935/1631 2728/1925/1631 2729/1927/1631
f 2729/1927/1632 2730/1928/1632 2754/1938/1632
f 2754/1938/1632 2753/1937/1632 2729/1927/1632
f 2723/1929/1634 2747/1939/1634 2754/1938/1634
f 2754/1938/1635 2730/1928/1635 2723/1929/1635
f 2756/1940/1621 2755/1941/1621 2739/1942/1621
f 2739/1942/1621 2740/1943/1621 2756/1940/1621
f 2741/1944/1623 2757/1945/1623 2756/1940/1623
f 2756/1940/1623 2740/1943/1623 2741/1944/1623
f 2758/1946/1625 2757/1945/1625 2741/1944/1625
f 2741/1944/1625 2742/1947/1625 2758/1946/1625
f 2759/1948/1636 2758/1946/1636 2742/1947/1636
f 2742/1947/1636 2743/1949/1636 2759/1948/1636
f 2760/1950/1629 2759/1951/1629 2743/1952/1629
f 2743/1952/1629 2744/1953/1629 2760/1950/1629
f 2745/1954/1631 2761/1955/1631 2760/1950/1631
f 2760/1950/1631 2744/1953/1631 2745/1954/1631
f 2762/1956/1633 2761/1955/1632 2745/1954/1633
f 2745/1954/1633 2746/1957/1632 2762/1956/1633
f 2755/1958/1637 2762/1956/1637 2746/1957/1637
f 2746/1957/1637 2739/1959/1637 2755/1958/1637
f 2740/1943/1621 2739/1942/1621 2747/1931/1621
f 2747/1931/1621 2748/1930/1621 2740/1943/1621
f 2749/1932/1623 2741/1944/1623 2740/1943/1623
f 2740/1943/1623 2748/1930/1623 2749/1932/1623
f 2742/1947/1625 2741/1944/1625 2749/1932/1625
f 2749/1932/1625 2750/1933/1626 2742/1947/1625
f 2743/1949/1636 2742/1947/1636 2750/1933/1636
f 2750/1933/1636 2751/1934/1636 2743/1949/1636
f 2744/1953/1629 2743/1952/1629 2751/1936/1629
f 2751/1936/1629 2752/1935/1629 2744/1953/1629
f 2753/1937/1631 2745/1954/1631 2744/1953/1631
f 2744/1953/1631 2752/1935/1631 2753/1937/1631
f 2746/1957/1632 2745/1954/1633 2753/1937/1632
f 2753/1937/1632 2754/1938/1632 2746/1957/1632
f 2739/1959/1637 2746/1957/1637 2754/1938/1637
f 2754/1938/1637 2747/1939/1637 2739/1959/1637
f 2732/1960/1621 2731/1961/1621 2755/1941/1621
f 2755/1941/1621 2756/1940/1621 2732/1960/1621
f 2757/1945/1623 2733/1962/1624 2732/1960/1623
f 2732/1960/1623 2756/1940/1623 2757/1945/1623
f 2734/1963/1625 2733/1962/1626 2757/1945/1625
f 2757/1945/1625 2758/1946/1625 2734/1963/1625
f 2735/1964/1636 2734/1963/1636 2758/1946/1636
f 2758/1946/1636 2759/1948/1636 2735/1964/1636
f 2736/1965/1629 2735/1966/1629 2759/1951/1629
f 2759/1951/1629 2760/1950/1629 2736/1965/1629
f 2761/1955/1631 2737/1967/1631 2736/1965/1631
f 2736/1965/1631 2760/1950/1631 2761/1955/1631
f 2738/1968/1632 2737/1967/1632 2761/1955/1632
f 2761/1955/1632 2762/1956/1633 2738/1968/1632
f 2731/1969/1637 2738/1968/1637 2762/1956/1637
f 2762/1956/1637 2755/1958/1637 2731/1969/1637
f 2731/1961/1621 2732/1960/1621 2764/1970/1621
f 2764/1970/1621 2763/1971/1621 2731/1961/1621
f 2732/1960/1623 2733/1962/1624 2765/1972/1623
f 2765/1972/1623 2764/1970/1640 2732/1960/1623
f 2733/1962/1626 2734/1963/1625 2766/1973/1626
f 2766/1973/1626 2765/1972/1626 2733/1962/1626
f 2734/1963/1636 2735/1964/1636 2767/1974/1636
f 2767/1974/1636 2766/1973/1636 2734/1963/1636
f 2735/1966/1629 2736/1965/1629 2768/1975/1629
f 2768/1975/1629 2767/1976/1629 2735/1966/1629
f 2736/1965/1631 2737/1967/1631 2769/1977/1631
f 2769/1977/1631 2768/1975/1631 2736/1965/1631
f 2737/1967/1632 2738/1968/1632 2770/1978/1632
f 2770/1978/1632 2769/1977/1632 2737/1967/1632
f 2738/1968/1637 2731/1969/1637 2763/1979/1637
f 2763/1979/1637 2770/1978/1637 2738/1968/1637
f 2783/1777/1523 2798/1778/1524 2799/1779/1525
f 2799/1779/1525 2771/1780/1526 2783/1777/1523
f 2817/1781/1527 2802/1782/1527 2786/1783/1528
f 2786/1783/1528 2816/1784/1528 2817/1781/1527
f 2799/1785/1458 2796/1786/1458 2775/1787/1458
f 2775/1787/1458 2771/1788/1458 2799/1785/1458
f 2784/1789/1456 2818/1790/1456 2776/1791/1456
f 2785/1792/1456 2784/1789/1456 2776/1791/1456
f 2772/1793/1456 2785/1792/1456 2776/1791/1456
f 2807/1794/1471 2804/1795/1471 2778/1796/1471
f 2778/1796/1471 2774/1797/1471 2807/1794/1471
f 2782/1798/1457 2811/1799/1457 2777/1800/1457
f 2779/1801/1457 2782/1798/1457 2777/1800/1457
f 2773/1802/1457 2779/1801/1457 2777/1800/1457
f 2773/1802/1529 2795/1803/1530 2797/1804/1531
f 2797/1804/1531 2779/1801/1532 2773/1802/1529
f 2812/1805/1533 2815/1806/1534 2805/1807/1534
f 2805/1807/1534 2781/1808/1533 2812/1805/1533
f 2774/1809/1456 2778/1810/1456 2812/1805/1456
f 2774/1809/1456 2812/1805/1456 2781/1808/1456
f 2780/1811/1456 2774/1809/1456 2781/1808/1456
f 2783/1812/1457 2786/1813/1457 2782/1814/1457
f 2782/1814/1457 2779/1815/1457 2783/1812/1457
f 2779/1801/1535 2797/1804/1536 2798/1816/1536
f 2798/1816/1536 2783/1817/1535 2779/1801/1535
f 2781/1808/1533 2805/1807/1534 2806/1818/1534
f 2806/1818/1534 2784/1819/1533 2781/1808/1533
f 2780/1811/1456 2781/1808/1456 2784/1819/1456
f 2784/1819/1456 2785/1820/1456 2780/1811/1456
f 2771/1821/1457 2775/1822/1457 2816/1784/1457
f 2771/1821/1457 2816/1784/1457 2786/1783/1457
f 2783/1823/1457 2771/1821/1457 2786/1783/1457
f 2810/1824/1537 2803/1825/1538 2788/1826/1539
f 2788/1826/1539 2793/1827/1540 2810/1824/1537
f 2808/1828/1534 2806/1829/1534 2794/1830/1541
f 2794/1830/1541 2819/1831/1541 2808/1828/1534
f 2803/1832/1458 2820/1833/1458 2789/1834/1458
f 2789/1834/1458 2788/1835/1458 2803/1832/1458
f 2795/1836/1471 2814/1837/1471 2790/1838/1471
f 2790/1838/1471 2787/1839/1471 2795/1836/1471
f 2807/1840/1542 2809/1841/1543 2791/1842/1544
f 2791/1842/1544 2787/1843/1545 2807/1840/1542
f 2800/1844/1641 2801/1845/1641 2792/1846/1541
f 2792/1846/1541 2813/1847/1541 2800/1844/1641
f 2809/1841/1546 2810/1848/1546 2793/1849/1547
f 2793/1849/1547 2791/1842/1547 2809/1841/1546
f 2801/1845/1641 2802/1850/1527 2794/1851/1541
f 2794/1851/1541 2792/1846/1541 2801/1845/1641
f 2793/1827/1540 2788/1826/1539 2799/1779/1525
f 2799/1779/1525 2798/1778/1524 2793/1827/1540
f 2819/1831/1541 2794/1830/1541 2802/1782/1527
f 2802/1782/1527 2817/1781/1527 2819/1831/1541
f 2788/1835/1458 2789/1834/1458 2796/1786/1458
f 2796/1786/1458 2799/1785/1458 2788/1835/1458
f 2787/1843/1545 2791/1842/1544 2797/1804/1531
f 2797/1804/1531 2795/1803/1530 2787/1843/1545
f 2791/1842/1547 2793/1849/1547 2798/1816/1536
f 2798/1816/1536 2797/1804/1536 2791/1842/1547
f 2773/1852/1471 2777/1853/1471 2814/1837/1471
f 2814/1837/1471 2795/1836/1471 2773/1852/1471
f 2811/1854/1528 2782/1814/1528 2801/1845/1641
f 2801/1845/1641 2800/1844/1641 2811/1854/1528
f 2782/1814/1528 2786/1813/1528 2802/1850/1527
f 2802/1850/1527 2801/1845/1641 2782/1814/1528
f 2787/1839/1471 2790/1838/1471 2804/1795/1471
f 2804/1795/1471 2807/1794/1471 2787/1839/1471
f 2813/1847/1541 2792/1846/1541 2805/1807/1534
f 2805/1807/1534 2815/1806/1534 2813/1847/1541
f 2792/1846/1541 2794/1851/1541 2806/1818/1534
f 2806/1818/1534 2805/1807/1534 2792/1846/1541
f 2785/1792/1548 2772/1793/1549 2803/1825/1538
f 2803/1825/1538 2810/1824/1537 2785/1792/1548
f 2818/1855/1533 2784/1856/1533 2806/1829/1534
f 2806/1829/1534 2808/1828/1534 2818/1855/1533
f 2772/1857/1458 2776/1858/1458 2820/1833/1458
f 2820/1833/1458 2803/1832/1458 2772/1857/1458
f 2774/1809/1550 2780/1811/1551 2809/1859/1543
f 2809/1859/1543 2807/1860/1542 2774/1809/1550
f 2780/1811/1552 2785/1820/1552 2810/1861/1546
f 2810/1861/1546 2809/1859/1546 2780/1811/1552
f 2812/1805/1553 2778/1810/1553 2804/1862/1554
f 2804/1862/1554 2815/1806/1555 2812/1805/1553
f 2813/1847/1556 2790/1863/1557 2814/1864/1558
f 2814/1864/1558 2800/1844/1642 2813/1847/1556
f 2800/1844/1642 2814/1864/1558 2777/1865/1560
f 2777/1865/1560 2811/1854/1560 2800/1844/1642
f 2815/1806/1555 2804/1862/1554 2790/1863/1557
f 2790/1863/1557 2813/1847/1556 2815/1806/1555
f 2816/1784/1561 2775/1822/1561 2796/1866/1562
f 2796/1866/1562 2817/1781/1643 2816/1784/1561
f 2819/1831/1564 2789/1867/1565 2820/1868/1566
f 2820/1868/1566 2808/1828/1567 2819/1831/1564
f 2817/1781/1643 2796/1866/1562 2789/1867/1565
f 2789/1867/1565 2819/1831/1564 2817/1781/1643
f 2808/1828/1567 2820/1868/1566 2776/1869/1644
f 2776/1869/1644 2818/1855/1644 2808/1828/1567
f 2822/1870/1569 2847/1871/1570 2848/1872/1571
f 2848/1872/1571 2821/1873/1572 2822/1870/1569
f 2823/1874/1573 2849/1875/1574 2847/1871/1570
f 2847/1871/1570 2822/1870/1569 2823/1874/1573
f 2824/1876/1575 2850/1877/1576 2849/1875/1574
f 2849/1875/1574 2823/1874/1573 2824/1876/1575
f 2825/1878/1577 2851/1879/1578 2850/1877/1576
f 2850/1877/1576 2824/1876/1575 2825/1878/1577
f 2826/1880/1579 2852/1881/1580 2851/1879/1578
f 2851/1879/1578 2825/1878/1577 2826/1880/1579
f 2827/1882/1581 2853/1883/1582 2852/1881/1580
f 2852/1881/1580 2826/1880/1579 2827/1882/1581
f 2828/1884/1583 2854/1885/1584 2853/1883/1582
f 2853/1883/1582 2827/1882/1581 2828/1884/1583
f 2829/1886/1585 2855/1887/1586 2854/1885/1584
f 2854/1885/1584 2828/1884/1583 2829/1886/1585
f 2830/1888/1645 2856/1889/1588 2855/1887/1586
f 2855/1887/1586 2829/1886/1585 2830/1888/1645
f 2833/1890/1589 2858/1891/1590 2857/1892/1591
f 2857/1892/1591 2832/1893/1646 2833/1890/1589
f 2821/1873/1572 2848/1872/1571 2858/1891/1590
f 2858/1891/1590 2833/1890/1589 2821/1873/1572
f 2832/1893/1458 2831/1894/1458 2830/1888/1458
f 2830/1888/1458 2829/1886/1458 2828/1884/1458
f 2832/1893/1458 2830/1888/1458 2828/1884/1458
f 2828/1884/1458 2827/1882/1458 2826/1880/1458
f 2826/1880/1458 2825/1878/1458 2824/1876/1458
f 2828/1884/1458 2826/1880/1458 2824/1876/1458
f 2832/1893/1458 2828/1884/1458 2824/1876/1458
f 2824/1876/1458 2823/1874/1458 2822/1870/1458
f 2832/1893/1458 2824/1876/1458 2822/1870/1458
f 2832/1893/1458 2822/1870/1458 2821/1873/1458
f 2833/1890/1458 2832/1893/1458 2821/1873/1458
f 2835/1895/1471 2836/1896/1471 2837/1897/1471
f 2837/1897/1471 2838/1898/1471 2839/1899/1471
f 2835/1895/1471 2837/1897/1471 2839/1899/1471
f 2839/1899/1471 2840/1900/1471 2841/1901/1471
f 2841/1901/1471 2842/1902/1471 2843/1903/1471
f 2839/1899/1471 2841/1901/1471 2843/1903/1471
f 2835/1895/1471 2839/1899/1471 2843/1903/1471
f 2843/1903/1471 2844/1904/1471 2845/1905/1471
f 2835/1895/1471 2843/1903/1471 2845/1905/1471
f 2835/1895/1471 2845/1905/1471 2846/1906/1471
f 2834/1907/1471 2835/1895/1471 2846/1906/1471
f 2835/1895/1593 2834/1907/1594 2848/1908/1571
f 2848/1908/1571 2847/1909/1570 2835/1895/1593
f 2836/1896/1595 2835/1895/1593 2847/1909/1570
f 2847/1909/1570 2849/1910/1574 2836/1896/1595
f 2837/1897/1596 2836/1896/1595 2849/1910/1574
f 2849/1910/1574 2850/1911/1576 2837/1897/1596
f 2838/1898/1597 2837/1897/1596 2850/1911/1576
f 2850/1911/1576 2851/1912/1578 2838/1898/1597
f 2839/1899/1598 2838/1898/1597 2851/1912/1578
f 2851/1912/1578 2852/1913/1580 2839/1899/1598
f 2840/1900/1599 2839/1899/1598 2852/1913/1580
f 2852/1913/1580 2853/1914/1582 2840/1900/1599
f 2841/1901/1600 2840/1900/1599 2853/1914/1582
f 2853/1914/1582 2854/1915/1584 2841/1901/1600
f 2842/1902/1601 2841/1901/1600 2854/1915/1584
f 2854/1915/1584 2855/1916/1586 2842/1902/1601
f 2843/1903/1602 2842/1902/1601 2855/1916/1586
f 2855/1916/1586 2856/1917/1588 2843/1903/1602
f 2846/1906/1638 2845/1905/1647 2857/1918/1591
f 2857/1918/1591 2858/1919/1590 2846/1906/1638
f 2834/1907/1594 2846/1906/1638 2858/1919/1590
f 2858/1919/1590 2848/1908/1571 2834/1907/1594
f 2856/1889/1605 2830/1888/1605 2860/1920/1605
f 2860/1920/1606 2859/1921/1606 2856/1889/1606
f 2830/1888/1607 2831/1894/1607 2861/1922/1607
f 2861/1922/1648 2860/1920/1648 2830/1888/1648
f 2831/1894/1609 2832/1893/1609 2862/1923/1609
f 2862/1923/1610 2861/1922/1610 2831/1894/1610
f 2832/1893/1611 2857/1892/1611 2863/1924/1611
f 2863/1924/1612 2862/1923/1612 2832/1893/1612
f 2857/1918/1639 2845/1905/1639 2864/1925/1639
f 2864/1925/1649 2863/1926/1649 2857/1918/1649
f 2845/1905/1615 2844/1904/1615 2865/1927/1615
f 2865/1927/1616 2864/1925/1616 2845/1905/1616
f 2844/1904/1650 2843/1903/1650 2866/1928/1650
f 2866/1928/1618 2865/1927/1618 2844/1904/1618
f 2843/1903/1619 2856/1917/1619 2859/1929/1619
f 2859/1929/1620 2866/1928/1620 2843/1903/1620
f 2860/1920/1621 2884/1930/1621 2883/1931/1621
f 2883/1931/1622 2859/1921/1622 2860/1920/1622
f 2861/1922/1623 2885/1932/1623 2884/1930/1623
f 2884/1930/1623 2860/1920/1623 2861/1922/1623
f 2861/1922/1626 2862/1923/1626 2886/1933/1626
f 2886/1933/1626 2885/1932/1625 2861/1922/1626
f 2863/1924/1651 2887/1934/1651 2886/1933/1651
f 2886/1933/1628 2862/1923/1628 2863/1924/1628
f 2864/1925/1629 2888/1935/1629 2887/1936/1629
f 2887/1936/1630 2863/1926/1630 2864/1925/1630
f 2865/1927/1631 2889/1937/1631 2888/1935/1631
f 2888/1935/1631 2864/1925/1631 2865/1927/1631
f 2865/1927/1632 2866/1928/1632 2890/1938/1632
f 2890/1938/1632 2889/1937/1632 2865/1927/1632
f 2859/1929/1634 2883/1939/1634 2890/1938/1634
f 2890/1938/1635 2866/1928/1635 2859/1929/1635
f 2892/1940/1621 2891/1941/1621 2875/1942/1621
f 2875/1942/1621 2876/1943/1621 2892/1940/1621
f 2877/1944/1623 2893/1945/1623 2892/1940/1623
f 2892/1940/1623 2876/1943/1623 2877/1944/1623
f 2894/1946/1625 2893/1945/1625 2877/1944/1625
f 2877/1944/1625 2878/1947/1625 2894/1946/1625
f 2895/1948/1636 2894/1946/1636 2878/1947/1636
f 2878/1947/1636 2879/1949/1636 2895/1948/1636
f 2896/1950/1629 2895/1951/1629 2879/1952/1629
f 2879/1952/1629 2880/1953/1629 2896/1950/1629
f 2881/1954/1631 2897/1955/1631 2896/1950/1631
f 2896/1950/1631 2880/1953/1631 2881/1954/1631
f 2898/1956/1633 2897/1955/1633 2881/1954/1632
f 2881/1954/1632 2882/1957/1632 2898/1956/1633
f 2891/1958/1637 2898/1956/1637 2882/1957/1637
f 2882/1957/1637 2875/1959/1637 2891/1958/1637
f 2876/1943/1621 2875/1942/1621 2883/1931/1621
f 2883/1931/1621 2884/1930/1621 2876/1943/1621
f 2885/1932/1623 2877/1944/1623 2876/1943/1623
f 2876/1943/1623 2884/1930/1623 2885/1932/1623
f 2878/1947/1625 2877/1944/1625 2885/1932/1625
f 2885/1932/1625 2886/1933/1626 2878/1947/1625
f 2879/1949/1636 2878/1947/1636 2886/1933/1636
f 2886/1933/1636 2887/1934/1636 2879/1949/1636
f 2880/1953/1629 2879/1952/1629 2887/1936/1629
f 2887/1936/1629 2888/1935/1629 2880/1953/1629
f 2889/1937/1631 2881/1954/1631 2880/1953/1631
f 2880/1953/1631 2888/1935/1631 2889/1937/1631
f 2882/1957/1632 2881/1954/1632 2889/1937/1632
f 2889/1937/1632 2890/1938/1632 2882/1957/1632
f 2875/1959/1637 2882/1957/1637 2890/1938/1637
f 2890/1938/1637 2883/1939/1637 2875/1959/1637
f 2868/1960/1621 2867/1961/1621 2891/1941/1621
f 2891/1941/1621 2892/1940/1621 2868/1960/1621
f 2893/1945/1623 2869/1962/1624 2868/1960/1623
f 2868/1960/1623 2892/1940/1623 2893/1945/1623
f 2870/1963/1625 2869/1962/1626 2893/1945/1625
f 2893/1945/1625 2894/1946/1625 2870/1963/1625
f 2871/1964/1636 2870/1963/1636 2894/1946/1636
f 2894/1946/1636 2895/1948/1636 2871/1964/1636
f 2872/1965/1629 2871/1966/1629 2895/1951/1629
f 2895/1951/1629 2896/1950/1629 2872/1965/1629
f 2897/1955/1631 2873/1967/1631 2872/1965/1631
f 2872/1965/1631 2896/1950/1631 2897/1955/1631
f 2874/1968/1632 2873/1967/1632 2897/1955/1633
f 2897/1955/1633 2898/1956/1633 2874/1968/1632
f 2867/1969/1637 2874/1968/1637 2898/1956/1637
f 2898/1956/1637 2891/1958/1637 2867/1969/1637
f 2867/1961/1621 2868/1960/1621 2900/1970/1621
f 2900/1970/1621 2899/1971/1621 2867/1961/1621
f 2868/1960/1623 2869/1962/1624 2901/1972/1623
f 2901/1972/1623 2900/1970/1640 2868/1960/1623
f 2869/1962/1626 2870/1963/1625 2902/1973/1626
f 2902/1973/1626 2901/1972/1626 2869/1962/1626
f 2870/1963/1636 2871/1964/1636 2903/1974/1636
f 2903/1974/1636 2902/1973/1636 2870/1963/1636
f 2871/1966/1629 2872/1965/1629 2904/1975/1629
f 2904/1975/1629 2903/1976/1629 2871/1966/1629
f 2872/1965/1631 2873/1967/1631 2905/1977/1631
f 2905/1977/1631 2904/1975/1631 2872/1965/1631
f 2873/1967/1632 2874/1968/1632 2906/1978/1632
f 2906/1978/1632 2905/1977/1632 2873/1967/1632
f 2874/1968/1637 2867/1969/1637 2899/1979/1637
f 2899/1979/1637 2906/1978/1637 2874/1968/1637
f 2908/1870/1569 2933/1871/1570 2934/1872/1571
f 2934/1872/1571 2907/1873/1572 2908/1870/1569
f 2909/1874/1573 2935/1875/1574 2933/1871/1570
f 2933/1871/1570 2908/1870/1569 2909/1874/1573
f 2910/1876/1575 2936/1877/1576 2935/1875/1574
f 2935/1875/1574 2909/1874/1573 2910/1876/1575
f 2911/1878/1577 2937/1879/1578 2936/1877/1576
f 2936/1877/1576 2910/1876/1575 2911/1878/1577
f 2912/1880/1579 2938/1881/1580 2937/1879/1578
f 2937/1879/1578 2911/1878/1577 2912/1880/1579
f 2913/1882/1581 2939/1883/1582 2938/1881/1580
f 2938/1881/1580 2912/1880/1579 2913/1882/1581
f 2914/1884/1583 2940/1885/1584 2939/1883/1582
f 2939/1883/1582 2913/1882/1581 2914/1884/1583
f 2915/1886/1585 2941/1887/1586 2940/1885/1584
f 2940/1885/1584 2914/1884/1583 2915/1886/1585
f 2916/1888/1645 2942/1889/1588 2941/1887/1586
f 2941/1887/1586 2915/1886/1585 2916/1888/1645
f 2919/1890/1589 2944/1891/1590 2943/1892/1591
f 2943/1892/1591 2918/1893/1646 2919/1890/1589
f 2907/1873/1572 2934/1872/1571 2944/1891/1590
f 2944/1891/1590 2919/1890/1589 2907/1873/1572
f 2918/1893/1458 2917/1894/1458 2916/1888/1458
f 2916/1888/1458 2915/1886/1458 2914/1884/1458
f 2918/1893/1458 2916/1888/1458 2914/1884/1458
f 2914/1884/1458 2913/1882/1458 2912/1880/1458
f 2912/1880/1458 2911/1878/1458 2910/1876/1458
f 2914/1884/1458 2912/1880/1458 2910/1876/1458
f 2918/1893/1458 2914/1884/1458 2910/1876/1458
f 2910/1876/1458 2909/1874/1458 2908/1870/1458
f 2918/1893/1458 2910/1876/1458 2908/1870/1458
f 2918/1893/1458 2908/1870/1458 2907/1873/1458
f 2919/1890/1458 2918/1893/1458 2907/1873/1458
f 2921/1895/1471 2922/1896/1471 2923/1897/1471
f 2923/1897/1471 2924/1898/1471 2925/1899/1471
f 2921/1895/1471 2923/1897/1471 2925/1899/1471
f 2925/1899/1471 2926/1900/1471 2927/1901/1471
f 2927/1901/1471 2928/1902/1471 2929/1903/1471
f 2925/1899/1471 2927/1901/1471 2929/1903/1471
f 2921/1895/1471 2925/1899/1471 2929/1903/1471
f 2929/1903/1471 2930/1904/1471 2931/1905/1471
f 2921/1895/1471 2929/1903/1471 2931/1905/1471
f 2921/1895/1471 2931/1905/1471 2932/1906/1471
f 2920/1907/1471 2921/1895/1471 2932/1906/1471
f 2921/1895/1593 2920/1907/1594 2934/1908/1571
f 2934/1908/1571 2933/1909/1570 2921/1895/1593
f 2922/1896/1595 2921/1895/1593 2933/1909/1570
f 2933/1909/1570 2935/1910/1574 2922/1896/1595
f 2923/1897/1596 2922/1896/1595 2935/1910/1574
f 2935/1910/1574 2936/1911/1576 2923/1897/1596
f 2924/1898/1597 2923/1897/1596 2936/1911/1576
f 2936/1911/1576 2937/1912/1578 2924/1898/1597
f 2925/1899/1598 2924/1898/1597 2937/1912/1578
f 2937/1912/1578 2938/1913/1580 2925/1899/1598
f 2926/1900/1599 2925/1899/1598 2938/1913/1580
f 2938/1913/1580 2939/1914/1582 2926/1900/1599
f 2927/1901/1600 2926/1900/1599 2939/1914/1582
f 2939/1914/1582 2940/1915/1584 2927/1901/1600
f 2928/1902/1601 2927/1901/1600 2940/1915/1584
f 2940/1915/1584 2941/1916/1586 2928/1902/1601
f 2929/1903/1602 2928/1902/1601 2941/1916/1586
f 2941/1916/1586 2942/1917/1588 2929/1903/1602
f 2932/1906/1603 2931/1905/1647 2943/1918/1591
f 2943/1918/1591 2944/1919/1590 2932/1906/1603
f 2920/1907/1594 2932/1906/1603 2944/1919/1590
f 2944/1919/1590 2934/1908/1571 2920/1907/1594
f 2942/1889/1605 2916/1888/1605 2946/1920/1605
f 2946/1920/1606 2945/1921/1606 2942/1889/1606
f 2916/1888/1607 2917/1894/1607 2947/1922/1607
f 2947/1922/1648 2946/1920/1648 2916/1888/1648
f 2917/1894/1609 2918/1893/1609 2948/1923/1609
f 2948/1923/1610 2947/1922/1610 2917/1894/1610
f 2918/1893/1611 2943/1892/1611 2949/1924/1611
f 2949/1924/1612 2948/1923/1612 2918/1893/1612
f 2943/1918/1613 2931/1905/1613 2950/1925/1613
f 2950/1925/1649 2949/1926/1649 2943/1918/1649
f 2931/1905/1615 2930/1904/1615 2951/1927/1615
f 2951/1927/1616 2950/1925/1616 2931/1905/1616
f 2930/1904/1650 2929/1903/1650 2952/1928/1650
f 2952/1928/1618 2951/1927/1618 2930/1904/1618
f 2929/1903/1619 2942/1917/1619 2945/1929/1619
f 2945/1929/1620 2952/1928/1620 2929/1903/1620
f 2946/1920/1621 2970/1930/1621 2969/1931/1621
f 2969/1931/1622 2945/1921/1622 2946/1920/1622
f 2947/1922/1623 2971/1932/1623 2970/1930/1624
f 2970/1930/1624 2946/1920/1624 2947/1922/1623
f 2947/1922/1625 2948/1923/1625 2972/1933/1625
f 2972/1933/1625 2971/1932/1626 2947/1922/1625
f 2949/1924/1627 2973/1934/1627 2972/1933/1627
f 2972/1933/1628 2948/1923/1628 2949/1924/1628
f 2950/1925/1629 2974/1935/1629 2973/1936/1629
f 2973/1936/1630 2949/1926/1630 2950/1925/1630
f 2951/1927/1631 2975/1937/1631 2974/1935/1631
f 2974/1935/1631 2950/1925/1631 2951/1927/1631
f 2951/1927/1632 2952/1928/1633 2976/1938/1633
f 2976/1938/1633 2975/1937/1632 2951/1927/1632
f 2945/1929/1634 2969/1939/1634 2976/1938/1634
f 2976/1938/1635 2952/1928/1635 2945/1929/1635
f 2978/1940/1621 2977/1941/1621 2961/1942/1621
f 2961/1942/1621 2962/1943/1621 2978/1940/1621
f 2963/1944/1623 2979/1945/1623 2978/1940/1624
f 2978/1940/1624 2962/1943/1624 2963/1944/1623
f 2980/1946/1625 2979/1945/1626 2963/1944/1626
f 2963/1944/1626 2964/1947/1625 2980/1946/1625
f 2981/1948/1636 2980/1946/1636 2964/1947/1636
f 2964/1947/1636 2965/1949/1636 2981/1948/1636
f 2982/1950/1629 2981/1951/1629 2965/1952/1629
f 2965/1952/1629 2966/1953/1629 2982/1950/1629
f 2967/1954/1631 2983/1955/1631 2982/1950/1631
f 2982/1950/1631 2966/1953/1631 2967/1954/1631
f 2984/1956/1632 2983/1955/1632 2967/1954/1633
f 2967/1954/1633 2968/1957/1633 2984/1956/1632
f 2977/1958/1637 2984/1956/1637 2968/1957/1637
f 2968/1957/1637 2961/1959/1637 2977/1958/1637
f 2962/1943/1621 2961/1942/1621 2969/1931/1621
f 2969/1931/1621 2970/1930/1621 2962/1943/1621
f 2971/1932/1623 2963/1944/1623 2962/1943/1624
f 2962/1943/1624 2970/1930/1624 2971/1932/1623
f 2964/1947/1625 2963/1944/1626 2971/1932/1626
f 2971/1932/1626 2972/1933/1625 2964/1947/1625
f 2965/1949/1636 2964/1947/1636 2972/1933/1636
f 2972/1933/1636 2973/1934/1636 2965/1949/1636
f 2966/1953/1629 2965/1952/1629 2973/1936/1629
f 2973/1936/1629 2974/1935/1629 2966/1953/1629
f 2975/1937/1631 2967/1954/1631 2966/1953/1631
f 2966/1953/1631 2974/1935/1631 2975/1937/1631
f 2968/1957/1633 2967/1954/1633 2975/1937/1632
f 2975/1937/1632 2976/1938/1633 2968/1957/1633
f 2961/1959/1637 2968/1957/1637 2976/1938/1637
f 2976/1938/1637 2969/1939/1637 2961/1959/1637
f 2954/1960/1621 2953/1961/1621 2977/1941/1621
f 2977/1941/1621 2978/1940/1621 2954/1960/1621
f 2979/1945/1623 2955/1962/1623 2954/1960/1623
f 2954/1960/1623 2978/1940/1624 2979/1945/1623
f 2956/1963/1626 2955/1962/1626 2979/1945/1626
f 2979/1945/1626 2980/1946/1625 2956/1963/1626
f 2957/1964/1636 2956/1963/1636 2980/1946/1636
f 2980/1946/1636 2981/1948/1636 2957/1964/1636
f 2958/1965/1629 2957/1966/1629 2981/1951/1629
f 2981/1951/1629 2982/1950/1629 2958/1965/1629
f 2983/1955/1631 2959/1967/1631 2958/1965/1631
f 2958/1965/1631 2982/1950/1631 2983/1955/1631
f 2960/1968/1632 2959/1967/1632 2983/1955/1632
f 2983/1955/1632 2984/1956/1632 2960/1968/1632
f 2953/1969/1637 2960/1968/1637 2984/1956/1637
f 2984/1956/1637 2977/1958/1637 2953/1969/1637
f 2953/1961/1621 2954/1960/1621 2986/1970/1621
f 2986/1970/1621 2985/1971/1621 2953/1961/1621
f 2954/1960/1623 2955/1962/1623 2987/1972/1623
f 2987/1972/1623 2986/1970/1624 2954/1960/1623
f 2955/1962/1626 2956/1963/1626 2988/1973/1626
f 2988/1973/1626 2987/1972/1626 2955/1962/1626
f 2956/1963/1636 2957/1964/1636 2989/1974/1636
f 2989/1974/1636 2988/1973/1636 2956/1963/1636
f 2957/1966/1629 2958/1965/1629 2990/1975/1629
f 2990/1975/1629 2989/1976/1629 2957/1966/1629
f 2958/1965/1631 2959/1967/1631 2991/1977/1631
f 2991/1977/1631 2990/1975/1631 2958/1965/1631
f 2959/1967/1632 2960/1968/1632 2992/1978/1632
f 2992/1978/1632 2991/1977/1632 2959/1967/1632
f 2960/1968/1637 2953/1969/1637 2985/1979/1637
f 2985/1979/1637 2992/1978/1637 2960/1968/1637
f 3004/1678/1489 2993/1679/1489 2994/1676/1489
f 2994/1676/1489 3003/1677/1489 3004/1678/1489
f 3005/1679/1488 2995/1681/1488 2993/1680/1488
f 2993/1680/1488 3004/1676/1488 3005/1679/1488
f 3006/1681/1458 2996/1683/1458 2995/1682/1458
f 2995/1682/1458 3005/1680/1458 3006/1681/1458
f 3007/1683/1487 2997/1685/1487 2996/1684/1487
f 2996/1684/1487 3006/1682/1487 3007/1683/1487
f 3008/1685/1486 2998/1687/1486 2997/1686/1486
f 2997/1686/1486 3007/1684/1486 3008/1685/1486
f 3009/1690/1485 2999/1691/1485 2998/1688/1485
f 2998/1688/1485 3008/1689/1485 3009/1690/1485
f 3010/1691/1484 3000/1693/1484 2999/1692/1484
f 2999/1692/1484 3009/1688/1484 3010/1691/1484
f 3011/1693/1471 3001/1695/1471 3000/1694/1471
f 3000/1694/1471 3010/1692/1471 3011/1693/1471
f 3012/1695/1483 3002/1697/1483 3001/1696/1483
f 3001/1696/1483 3011/1694/1483 3012/1695/1483
f 3003/1697/1482 2994/1678/1482 3002/1677/1482
f 3002/1677/1482 3012/1696/1482 3003/1697/1482
f 3003/1677/1461 3013/1676/1461 3014/1698/1461
f 3014/1698/1461 3004/1699/1461 3003/1677/1461
f 3004/1676/1461 3014/1680/1461 3049/1700/1490
f 3049/1700/1490 3015/1701/1461 3005/1698/1652
f 3004/1676/1461 3049/1700/1490 3005/1698/1652
f 3015/1682/1461 3047/1702/1461 3045/1703/1461
f 3005/1680/1652 3015/1682/1461 3045/1703/1461
f 3045/1703/1461 3016/1704/1653 3006/1700/1461
f 3005/1680/1652 3045/1703/1461 3006/1700/1461
f 3016/1684/1653 3043/1705/1461 3017/1706/1461
f 3006/1682/1461 3016/1684/1653 3017/1706/1461
f 3006/1682/1461 3017/1706/1461 3007/1702/1461
f 3007/1684/1461 3017/1686/1461 3018/1707/1461
f 3018/1707/1461 3008/1705/1461 3007/1684/1461
f 3008/1689/1461 3018/1688/1461 3019/1708/1461
f 3019/1708/1461 3009/1709/1461 3008/1689/1461
f 3009/1688/1461 3019/1692/1461 3020/1710/1461
f 3020/1710/1461 3010/1708/1461 3009/1688/1461
f 3010/1692/1461 3020/1694/1461 3021/1711/1461
f 3021/1711/1461 3011/1710/1461 3010/1692/1461
f 3011/1694/1461 3021/1696/1461 3022/1712/1461
f 3022/1712/1461 3012/1711/1461 3011/1694/1461
f 3012/1696/1461 3022/1677/1461 3013/1699/1461
f 3013/1699/1461 3003/1712/1461 3012/1696/1461
f 3014/1714/1489 3013/1699/1489 3051/1698/1489
f 3051/1698/1489 3052/1713/1489 3014/1714/1489
f 3053/1715/1654 3048/1716/1655 3049/1713/1656
f 3052/1701/1657 3053/1715/1654 3049/1713/1656
f 3014/1698/1488 3052/1701/1657 3049/1713/1656
f 3055/1705/1658 3017/1717/1487 3043/1718/1659
f 3054/1706/1660 3055/1705/1658 3043/1718/1659
f 3044/1719/1661 3054/1706/1660 3043/1718/1659
f 3018/1717/1486 3017/1705/1486 3055/1707/1486
f 3055/1707/1486 3056/1720/1486 3018/1717/1486
f 3019/1722/1485 3018/1709/1485 3056/1708/1485
f 3056/1708/1485 3057/1721/1485 3019/1722/1485
f 3020/1721/1484 3019/1708/1484 3057/1710/1484
f 3057/1710/1484 3058/1723/1484 3020/1721/1484
f 3021/1723/1471 3020/1710/1471 3058/1711/1471
f 3058/1711/1471 3059/1724/1471 3021/1723/1471
f 3022/1724/1483 3021/1711/1483 3059/1712/1483
f 3059/1712/1483 3060/1725/1483 3022/1724/1483
f 3013/1725/1482 3022/1712/1482 3060/1699/1482
f 3060/1699/1482 3051/1714/1482 3013/1725/1482
f 3023/1727/1477 3032/1728/1477 3031/1729/1477
f 3031/1729/1477 3030/1730/1477 3029/1731/1477
f 3023/1727/1477 3031/1729/1477 3029/1731/1477
f 3029/1731/1477 3028/1732/1477 3027/1733/1477
f 3023/1727/1477 3029/1731/1477 3027/1733/1477
f 3037/1734/1477 3038/1735/1477 3040/1736/1477
f 3027/1733/1477 3037/1734/1477 3040/1736/1477
f 3023/1727/1477 3027/1733/1477 3040/1736/1477
f 3024/1726/1477 3023/1727/1477 3040/1736/1477
f 3024/1726/1477 3040/1736/1477 3041/1737/1477
f 3047/1738/1461 3050/1739/1461 3034/1740/1461
f 3034/1740/1461 3045/1741/1461 3047/1738/1461
f 3054/1744/1457 3044/1745/1500 3046/1742/1500
f 3046/1742/1500 3061/1743/1457 3054/1744/1457
f 3038/1746/1477 3039/1747/1477 3036/1748/1477
f 3036/1748/1477 3040/1749/1477 3038/1746/1477
f 3053/1752/1456 3025/1753/1501 3042/1750/1501
f 3042/1750/1501 3062/1751/1456 3053/1752/1456
f 3026/1754/1662 3038/1755/1663 3037/1756/1664
f 3026/1757/1505 3035/1746/1505 3039/1749/1505
f 3039/1749/1505 3038/1758/1505 3026/1757/1505
f 3025/1759/1665 3041/1760/1666 3040/1761/1667
f 3040/1747/1509 3036/1753/1509 3042/1752/1509
f 3042/1752/1509 3025/1748/1509 3040/1747/1509
f 3016/1702/1668 3045/1706/1669 3044/1762/1670
f 3044/1762/1670 3043/1763/1671 3016/1702/1668
f 3045/1739/1514 3034/1745/1514 3046/1744/1514
f 3046/1744/1514 3044/1740/1514 3045/1739/1514
f 3015/1700/1672 3049/1704/1673 3048/1715/1674
f 3048/1715/1674 3047/1701/1675 3015/1700/1672
f 3048/1764/1519 3033/1738/1519 3050/1741/1519
f 3050/1741/1519 3047/1765/1519 3048/1764/1519
f 3024/1714/1489 3052/1713/1489 3051/1766/1489
f 3051/1766/1489 3023/1767/1489 3024/1714/1489
f 3024/1761/1488 3041/1766/1666 3025/1713/1665
f 3052/1759/1657 3024/1761/1488 3025/1713/1665
f 3053/1716/1654 3052/1759/1657 3025/1713/1665
f 3026/1755/1662 3037/1754/1664 3027/1718/1676
f 3054/1768/1660 3026/1755/1662 3027/1718/1676
f 3055/1717/1658 3054/1768/1660 3027/1718/1676
f 3028/1717/1486 3056/1720/1486 3055/1769/1486
f 3055/1769/1486 3027/1768/1486 3028/1717/1486
f 3029/1722/1485 3057/1721/1485 3056/1770/1485
f 3056/1770/1485 3028/1771/1485 3029/1722/1485
f 3030/1721/1484 3058/1723/1484 3057/1772/1484
f 3057/1772/1484 3029/1770/1484 3030/1721/1484
f 3031/1723/1471 3059/1724/1471 3058/1773/1471
f 3058/1773/1471 3030/1772/1471 3031/1723/1471
f 3032/1724/1483 3060/1725/1483 3059/1774/1483
f 3059/1774/1483 3031/1773/1483 3032/1724/1483
f 3023/1725/1482 3051/1714/1482 3060/1767/1482
f 3060/1767/1482 3032/1774/1482 3023/1725/1482
f 3026/1775/1521 3054/1776/1457 3061/1757/1457
f 3061/1757/1457 3035/1758/1521 3026/1775/1521
f 3048/1751/1522 3053/1750/1456 3062/1764/1456
f 3062/1764/1456 3033/1765/1522 3048/1751/1522
