# File generated by ImageToStl.com - Free Image and 3D model conversion tools

mtllib lamp.mtl

# superior_0
o obj1
v 2.11286569 -0.06923619 0.33651078
v 2.11286569 0.06365469 0.33651078
v 1.99171913 0.06365475 0.33651078
v 1.99171913 -0.06923619 0.33651078
v 2.11286569 0.0672482 -0.23500405
v 2.11286569 0.0672482 -0.32918441
v 1.99171901 0.06724823 -0.32918435
v 1.99171913 0.06724823 -0.23500408
v 2.11286569 0.06365469 -0.33595079
v 2.11286569 -0.06923619 -0.33595079
v 1.99171913 -0.06923616 -0.33595079
v 1.99171913 0.06365472 -0.33595079
v 2.12333584 -0.06923619 -0.32918441
v 2.12333584 0.06365469 -0.32918435
v 2.12333584 0.06365469 -0.23500402
v 2.12333584 -0.06923619 -0.23500405
v -1.64297628 0.06365469 -0.23500405
v -1.64297628 0.06365469 -0.32918441
v -1.64297628 -0.06923619 -0.32918435
v -1.64297628 -0.06923619 -0.23500405
v 2.12333584 0.06365469 0.23575319
v 2.12333584 0.06365469 0.33242372
v 2.12333584 -0.06923619 0.33242372
v 2.12333584 -0.06923619 0.23575319
v 2.11286569 -0.07604024 0.23575319
v 2.11286569 -0.07604024 0.33242375
v 1.99171925 -0.07604024 0.33242369
v 1.9917202 -0.07604024 0.23575318
v -1.64297628 -0.06923619 0.33242375
v -1.64297628 0.06365469 0.33242372
v -1.64297628 0.06365469 0.23575319
v -1.64297628 -0.06923619 0.23575319
v 2.11286569 0.0672482 0.19241187
v 2.11286569 0.0672482 0.16839534
v 1.99171913 0.06724823 0.16839534
v 1.99171913 0.06724823 0.19241187
v 2.11286569 0.0672482 0.14909588
v 1.99171913 0.06724823 0.14909588
v 2.12333584 0.06365469 0.16839534
v 2.12333584 0.06365469 0.19241187
v 2.12333584 -0.06923619 0.19241187
v 2.12333584 -0.06923619 0.16839534
v 2.12333584 -0.06923619 0.14909588
v 2.12333584 0.06365469 0.14909588
v 2.11286569 -0.07604024 0.16839534
v 2.11286569 -0.07604024 0.19241187
v 1.9917202 -0.07604024 0.19241187
v 1.9917202 -0.07604024 0.16839534
v 2.11286569 -0.07604024 0.14909588
v 1.9917202 -0.07604024 0.14909588
v -1.64297628 0.06365469 0.16839534
v -1.64297628 0.06365466 0.14909588
v -1.64297628 -0.06923619 0.14909588
v -1.64297628 -0.06923619 0.16839534
v -1.64297628 -0.06923619 0.19241187
v -1.64297628 0.06365469 0.19241187
v 2.11286569 -0.07604024 0.00027995
v 1.9917202 -0.07604024 0.00027995
v -1.64297628 -0.06923619 0.00027993
v -1.64297628 0.06365466 0.00027992
v -1.64297628 0.06365469 -0.14769946
v -1.64297628 -0.06923619 -0.14769946
v 2.11286569 0.0672482 -0.19185184
v 2.11286569 0.0672482 -0.21586834
v 1.99171913 0.06724823 -0.21586834
v 1.99171913 0.06724823 -0.19185184
v 2.12333584 0.06365469 -0.21586831
v 2.12333584 0.06365469 -0.19185184
v 2.12333584 -0.06923619 -0.19185184
v 2.12333584 -0.06923619 -0.21586834
v 2.11286569 -0.07604024 -0.21586831
v 2.11286569 -0.07604024 -0.19185184
v 1.9917202 -0.07604024 -0.19185178
v 1.9917202 -0.07604024 -0.21586828
v 2.11286569 -0.07604024 -0.23500402
v 1.9917202 -0.07604024 -0.23500399
v -1.64297628 -0.06923619 -0.21586834
v -1.64297628 0.06365469 -0.21586834
v -1.64297628 -0.06923619 -0.19185184
v -1.64297628 0.06365469 -0.19185184
v -1.63819599 -0.07604024 0.16845456
v -1.63803673 -0.07604024 0.14921367
v -1.44484735 -0.07604024 0.15382068
v -1.45123172 -0.07604024 0.17077065
v -1.44610429 -0.07604024 0.17108083
v -1.43510377 -0.07604024 0.15155953
v -1.45571303 -0.07604024 0.19161713
v -1.45063734 -0.07604024 0.19160797
v -1.63819599 -0.07604024 -0.21580909
v -1.63803649 -0.07604024 -0.23488604
v -1.44483328 -0.07604024 -0.23026977
v -1.4512316 -0.07604024 -0.21349309
v -1.44610417 -0.07604024 -0.21318285
v -1.43509555 -0.07604024 -0.23259537
v -1.45571303 -0.07604024 -0.19264664
v -1.45063734 -0.07604024 -0.19265582
v -1.45023429 -0.07604024 -0.32878935
v -1.43955112 -0.07604024 -0.32892632
v -1.45081496 0.06365472 -0.33595079
v -1.44007838 0.06365469 -0.33595079
v -1.44007838 -0.06923616 -0.33595079
v -1.45081496 -0.06923616 -0.33595079
v -1.63818562 0.0672482 -0.21586831
v -1.63818562 0.0672482 -0.19185184
v -1.45081496 0.0672482 -0.19185184
v -1.45081496 0.06724823 -0.21586834
v -1.4400326 0.06724823 -0.21591412
v -1.44006693 0.06724823 -0.19186328
v -1.45081496 0.06724823 -0.23500405
v -1.43999922 0.0672482 -0.23508312
v -1.45081496 0.0672482 0.00027993
v -1.44007838 0.0672482 0.00027993
v -1.44007838 0.0672482 -0.14769946
v -1.45081496 0.06724823 -0.14769946
v -1.63818562 0.0672482 0.00027993
v -1.63818562 0.06724817 0.14909588
v -1.45081496 0.0672482 0.14909588
v -1.44007838 0.0672482 0.14909588
v -1.63818562 0.06724817 0.16839534
v -1.63818562 0.0672482 0.19241187
v -1.45081496 0.0672482 0.19241187
v -1.45081496 0.0672482 0.16839534
v -1.44007838 0.0672482 0.16839534
v -1.44007838 0.0672482 0.19241187
v -1.45081496 0.06724823 0.33242369
v -1.44007838 0.06724823 0.33242369
v -1.44007838 0.0672482 0.23575318
v -1.45081496 0.06724823 0.23575319
v -1.45081496 -0.06923619 0.33651078
v -1.44007838 -0.06923619 0.33651078
v -1.44007826 0.06365475 0.33651078
v -1.45081496 0.06365475 0.33651078
v -1.34123504 -0.07604024 0.33218962
v -1.35104108 -0.07604024 0.33226895
v -1.35556781 -0.07604024 0.23329537
v -1.34674013 -0.07604024 0.23111945
v -0.9943158 -0.07604024 0.16839534
v -0.99431574 -0.07604024 0.19241187
v -1.33608258 -0.07604024 0.19319153
v -1.33988428 -0.07604024 0.17216171
v -1.34408653 -0.07604024 0.17254339
v -1.34018517 -0.07604024 0.193212
v -1.34571719 -0.07604024 0.15496644
v -1.35440516 -0.07604024 0.15270928
v -1.35072231 -0.07604024 0.00027995
v -1.34088898 -0.07604024 0.00027995
v -1.35556686 -0.07604024 -0.14769949
v -1.34673846 -0.07604024 -0.14769949
v -0.9943158 -0.07604024 -0.21586831
v -0.99431574 -0.07604024 -0.19185184
v -1.33608258 -0.07604024 -0.19107212
v -1.33988428 -0.07604024 -0.21210192
v -1.34408677 -0.07604024 -0.21172018
v -1.3401854 -0.07604024 -0.19105165
v -1.34572899 -0.07604024 -0.22912209
v -1.35441196 -0.07604024 -0.23144437
v -1.34137666 -0.07604024 -0.32871306
v -0.99432003 -0.07604024 -0.32918441
v -0.9943158 -0.07604024 -0.23500405
v -1.34089112 -0.06923619 -0.33595079
v -1.35072434 -0.06923619 -0.33595079
v -1.35072434 0.06365469 -0.33595079
v -1.34089112 0.06365469 -0.33595079
v -0.99432033 0.06365472 -0.33595079
v -0.99432033 -0.06923616 -0.33595079
v -1.34089112 0.0672482 -0.32918435
v -1.3507179 0.0672482 -0.32919085
v -1.35072422 0.0672482 -0.23500411
v -1.34097826 0.0672482 -0.23491697
v -1.34141374 0.0672482 -0.19132926
v -1.34123957 0.0672482 -0.21551995
v -1.35099459 0.0672482 -0.21559806
v -1.35118699 0.0672482 -0.19138919
v -0.99432033 0.06724823 -0.21586834
v -0.99432033 0.06724823 -0.23500405
v -1.34097826 0.0672482 -0.14769943
v -1.34089112 0.0672482 0.00027993
v -0.99432033 0.06724823 0.00027993
v -0.99432033 0.06724823 -0.14769946
v -1.34089112 0.0672482 0.19241187
v -1.34089112 0.0672482 0.16839533
v -1.35072434 0.0672482 0.16839534
v -1.35072434 0.0672482 0.19241187
v -0.99432033 0.06724823 0.16839534
v -0.99432033 0.06724823 0.14909588
v -1.34089112 0.06724814 0.14909588
v -1.35072434 0.0672482 0.14909588
v -1.34089112 0.0672482 0.33242369
v -0.99432033 0.06724823 0.33242369
v -0.99432033 0.06724823 0.23575318
v -1.34089112 0.0672482 0.23575319
v -1.34089112 0.06365469 0.33651078
v -1.35072434 0.06365469 0.33651078
v -1.35072446 -0.06923619 0.33651078
v -1.34089124 -0.06923619 0.33651078
v -0.99432033 -0.06923619 0.33651078
v -0.99432033 0.06365475 0.33651078
v -0.99431574 -0.07604024 0.14909588
v -0.99432033 0.06724823 -0.19185184
v -0.99432033 0.06724823 0.19241187
v -0.00824032 -0.07604024 0.19241187
v -0.00824032 -0.07604024 0.16839534
v -0.00824032 -0.07604024 0.14909588
v -0.00824032 -0.07604024 -0.19185184
v -0.00824032 -0.07604024 -0.21586831
v -0.00824036 -0.07604024 -0.23500405
v -0.00824333 -0.07604024 -0.32918441
v -0.00824356 0.06365475 -0.33595079
v -0.00824356 -0.06923616 -0.33595079
v -0.00824356 0.06724826 -0.21586834
v -0.00824356 0.06724826 -0.19185184
v -0.00824356 0.06724826 -0.23500405
v -0.00824356 0.06724826 0.00027995
v -0.00824356 0.06724826 -0.14769946
v -0.00824356 0.06724826 0.14909589
v -0.00824356 0.06724826 0.16839534
v -0.00824356 0.06724826 0.19241188
v -0.00824356 0.06724826 0.33242369
v -0.00824356 0.06724826 0.23575319
v -0.00824356 -0.06923619 0.33651078
v -0.00824356 0.06365475 0.33651078
v 0.99997413 -0.07604024 0.19241187
v 0.99997413 -0.07604024 0.16839534
v 0.99997413 -0.07604024 0.14909588
v 0.99997413 -0.07604024 -0.19185178
v 0.99997413 -0.07604024 -0.21586828
v 0.99997413 -0.07604024 -0.23500399
v 0.99997234 -0.07604024 -0.32918435
v 0.99997222 0.06365472 -0.33595079
v 0.99997222 -0.06923616 -0.33595079
v 0.99997222 0.06724823 -0.21586834
v 0.99997222 0.06724823 -0.19185184
v 0.99997222 0.06724823 -0.23500405
v 0.99997222 0.06724823 0.00027993
v 0.99997222 0.06724823 -0.14769946
v 0.99997222 0.06724823 0.14909588
v 0.99997222 0.06724823 0.16839534
v 0.99997222 0.06724823 0.19241187
v 0.99997222 0.06724823 0.33242369
v 0.99997222 0.06724823 0.23575318
v 0.99997222 -0.06923619 0.33651078
v 0.99997222 0.06365475 0.33651078
v 1.99171925 -0.07604024 -0.32918435
v 1.99171913 0.06724823 0.00027992
v 1.99171913 0.06724823 -0.14769946
v 1.99171913 0.06724823 0.33242369
v 1.99171913 0.06724823 0.23575318
v -1.37070119 -0.07604024 0.33253103
v -1.39528561 -0.07604024 0.33270109
v -1.39604807 -0.07604024 0.24754561
v -1.37536502 -0.07604024 0.2436499
v -1.37389421 -0.07604024 0.14180826
v -1.39444995 -0.07604024 0.13730173
v -1.39524913 -0.07604024 0.00027995
v -1.37049985 -0.07604024 0.00027995
v -1.39604807 -0.07604024 -0.13669865
v -1.37536418 -0.07604024 -0.14059345
v -1.37072563 -0.07604024 -0.32931799
v -1.35115695 -0.07604024 -0.32885218
v -1.3738997 -0.07604024 -0.24229477
v -1.37050164 -0.06923619 -0.33595079
v -1.3952508 -0.06923616 -0.33595079
v -1.3952508 0.06365469 -0.33595079
v -1.37050164 0.06365469 -0.33595079
v -1.37047577 0.0672482 -0.32921016
v -1.39521217 0.0672482 -0.3292231
v -1.39478779 0.0672482 -0.235467
v -1.37023103 0.0672482 -0.23527451
v -1.3707304 0.0672482 -0.19162284
v -1.37050152 0.0672482 -0.21586828
v -1.3950218 0.0672482 -0.21609725
v -1.3952508 0.0672482 -0.19185178
v -1.37054741 0.0672482 -0.14769946
v -1.37050164 0.0672482 0.00027993
v -1.35072434 0.0672482 0.00027993
v -1.35080338 0.0672482 -0.14769946
v -1.37050164 0.0672482 0.14909588
v -1.37050164 0.0672482 0.19241187
v -1.37050164 0.0672482 0.16839534
v -1.3952508 0.0672482 0.16839534
v -1.3952508 0.0672482 0.19241187
v -1.3952508 0.0672482 0.14909588
v -1.37050164 0.0672482 0.33242369
v -1.35072434 0.0672482 0.33242369
v -1.35072434 0.0672482 0.23575318
v -1.37050164 0.0672482 0.23575319
v -1.37050152 0.06365469 0.33651078
v -1.3952508 0.06365469 0.33651078
v -1.3952508 -0.06923619 0.33651078
v -1.37050164 -0.06923619 0.33651078
v -1.41986454 -0.07604024 0.33250439
v -1.43981552 -0.07604024 0.33222163
v -1.43627203 -0.07604024 0.2321133
v -1.416605 -0.07604024 0.24304032
v -1.41513181 -0.07604024 0.14119849
v -1.44007707 -0.07604024 0.00027993
v -1.41999865 -0.07604024 0.00027993
v -1.41660547 -0.07604024 -0.14120294
v -1.43627274 -0.07604024 -0.14769949
v -1.41966939 -0.07604024 -0.32936203
v -1.39519298 -0.07604024 -0.32964361
v -1.39444852 -0.07604024 -0.24680917
v -1.41512394 -0.07604024 -0.24290566
v -1.42000008 0.06365469 -0.33595079
v -1.42000008 -0.06923616 -0.33595079
v -1.41997421 0.0672482 -0.32921016
v -1.44007182 0.06724823 -0.32919079
v -1.41968369 0.0672482 -0.23532031
v -1.41995406 0.0672482 -0.19189762
v -1.41981673 0.0672482 -0.21605147
v -1.42000008 0.0672482 -0.14769946
v -1.42000008 0.0672482 0.00027993
v -1.3952508 0.0672482 0.00027993
v -1.39526224 0.0672482 -0.14769943
v -1.42000008 0.0672482 0.14909588
v -1.42000008 0.0672482 0.19241187
v -1.42000008 0.0672482 0.16839534
v -1.42000008 0.0672482 0.33242369
v -1.3952508 0.0672482 0.33242369
v -1.3952508 0.0672482 0.23575318
v -1.42000008 0.0672482 0.23575319
v -1.42000008 -0.06923619 0.33651078
v -1.41999996 0.06365475 0.33651078
v -1.63818562 0.0672482 -0.16783534
v -1.63818562 0.0672482 -0.14769946
v -1.45081496 0.0672482 -0.16783534
v -1.44007838 0.0672482 -0.16783534
v -1.41999996 0.0672482 -0.16783534
v -1.39529657 0.0672482 -0.1677895
v -1.37068474 0.0672482 -0.16765212
v -1.35104036 0.0672482 -0.16751926
v -1.34123957 0.0672482 -0.16748695
v -0.99432033 0.06724823 -0.16783534
v -0.00824356 0.06724826 -0.16783534
v 0.99997222 0.06724823 -0.16783534
v 1.99171913 0.06724823 -0.16783534
v 2.11286569 0.0672482 -0.16783534
v 2.11286569 0.0672482 -0.14769946
v 2.12333584 -0.06923619 -0.16783534
v 2.12333584 0.06365469 -0.16783534
v 2.12333584 0.06365469 -0.14769946
v 2.12333584 -0.06923619 -0.14769946
v 2.11286569 -0.07604024 -0.16783534
v 1.9917202 -0.07604024 -0.16783534
v 2.11286569 -0.07604024 -0.14769946
v 1.9917202 -0.07604024 -0.14769943
v 0.99997413 -0.07604024 -0.16783534
v 0.99997413 -0.07604024 -0.14769946
v -0.00824032 -0.07604024 -0.16783534
v -0.00824032 -0.07604024 -0.14769946
v -0.9943158 -0.07604024 -0.16783534
v -0.99431574 -0.07604024 -0.14769946
v -1.34047902 -0.07604024 -0.17016555
v -1.34469724 -0.07604024 -0.17050956
v -1.63821113 -0.07604024 -0.16793106
v -1.63830769 -0.07604024 -0.19187163
v -1.45183802 -0.07604024 -0.17167453
v -1.4467175 -0.07604024 -0.17200167
v -1.44589543 -0.07604024 -0.14769952
v -1.64297628 -0.06923619 -0.16783534
v -1.64297628 0.06365469 -0.16783534
v -1.63818562 0.0672482 0.2164284
v -1.63818562 0.0672482 0.23575319
v -1.45081496 0.0672482 0.2164284
v -1.44007838 0.0672482 0.2164284
v -1.42000008 0.0672482 0.2164284
v -1.3952508 0.0672482 0.2164284
v -1.37050164 0.0672482 0.2164284
v -1.35072434 0.0672482 0.2164284
v -1.34089112 0.0672482 0.2164284
v -0.99432033 0.06724823 0.2164284
v -0.00824356 0.06724826 0.21642841
v 0.99997222 0.06724823 0.2164284
v 1.99171913 0.06724823 0.2164284
v 2.11286569 0.0672482 0.2164284
v 2.11286569 0.0672482 0.23575319
v 2.12333584 -0.06923619 0.2164284
v 2.12333584 0.06365469 0.2164284
v 2.11286569 -0.07604024 0.2164284
v 1.9917202 -0.07604024 0.2164284
v 0.99997413 -0.07604024 0.2164284
v 0.99997413 -0.07604024 0.23575318
v -0.00824032 -0.07604024 0.2164284
v -0.00824037 -0.07604024 0.23575318
v -0.9943158 -0.07604024 0.2164284
v -0.9943158 -0.07604024 0.23575318
v -1.34047902 -0.07604024 0.21409816
v -1.34469712 -0.07604024 0.21375418
v -1.63821113 -0.07604024 0.21633269
v -1.63830769 -0.07604024 0.19239205
v -1.45183802 -0.07604024 0.21258919
v -1.44671762 -0.07604024 0.21226214
v -1.445894 -0.07604024 0.2297709
v -1.64297628 -0.06923619 0.2164284
v -1.64297628 0.06365469 0.2164284
v -1.357939 -0.07604024 0.1562065
v -1.37469864 -0.07604024 0.14483368
v -1.37546039 -0.07127729 0.14659749
v -1.35932207 -0.07127729 0.1575487
v -1.39446783 -0.07604024 0.14042854
v -1.39449692 -0.07127729 0.14235565
v -1.34326577 -0.07604024 0.19319308
v -1.34707499 -0.07604024 0.17330039
v -1.34886074 -0.07127729 0.17400888
v -1.34519291 -0.07127729 0.19316411
v -1.43145442 -0.07604024 0.1551017
v -1.44282734 -0.07604024 0.17186141
v -1.44106364 -0.07127729 0.17262325
v -1.43011236 -0.07127729 0.15648484
v -1.4472326 -0.07604024 0.19163065
v -1.44530535 -0.07127729 0.19165961
v -1.41436052 -0.07604024 0.14423764
v -1.41365218 -0.07127729 0.14602354
v -1.35904384 -0.07604024 0.22972202
v -1.34767103 -0.07604024 0.21296233
v -1.34943485 -0.07127729 0.21220049
v -1.36038601 -0.07127729 0.22833888
v -1.39603043 -0.07604024 0.2443952
v -1.37613773 -0.07604024 0.24058609
v -1.37684608 -0.07127729 0.2388002
v -1.39600146 -0.07127729 0.24246809
v -1.44342351 -0.07604024 0.21152335
v -1.44163764 -0.07127729 0.21081485
v -1.43255925 -0.07604024 0.22861722
v -1.4311763 -0.07127729 0.22727504
v -1.41579962 -0.07604024 0.23999006
v -1.41503787 -0.07127729 0.23822625
v -1.35793936 -0.07604024 -0.22805674
v -1.37469888 -0.07604024 -0.23942946
v -1.37546086 -0.07127729 -0.23766531
v -1.35932279 -0.07127729 -0.2267143
v -1.39446795 -0.07604024 -0.2438346
v -1.39449692 -0.07127729 -0.2419071
v -1.34326625 -0.07604024 -0.19107057
v -1.34707546 -0.07604024 -0.21096306
v -1.34886169 -0.07127729 -0.21025442
v -1.34519386 -0.07127729 -0.19109957
v -1.43145418 -0.07604024 -0.22916164
v -1.44282699 -0.07604024 -0.21240212
v -1.44106281 -0.07127729 -0.21164013
v -1.43011177 -0.07127729 -0.22777818
v -1.44723189 -0.07604024 -0.19263311
v -1.44530439 -0.07127729 -0.19260411
v -1.4143604 -0.07604024 -0.24002557
v -1.4136517 -0.07127729 -0.2382393
v -1.35904419 -0.07604024 -0.15454204
v -1.34767151 -0.07604024 -0.17130156
v -1.34943557 -0.07127729 -0.17206354
v -1.36038661 -0.07127729 -0.15592547
v -1.39603031 -0.07604024 -0.13986905
v -1.37613797 -0.07604024 -0.14367808
v -1.37684655 -0.07127729 -0.14546435
v -1.39600146 -0.07127729 -0.14179651
v -1.44342279 -0.07604024 -0.17274059
v -1.44163656 -0.07127729 -0.1734492
v -1.43255901 -0.07604024 -0.15564688
v -1.43117547 -0.07127729 -0.15698932
v -1.41579938 -0.07604024 -0.14427416
v -1.41503739 -0.07127729 -0.14603828
v -1.35978317 -0.05698839 0.15799609
v -1.37571442 -0.05698839 0.14718542
v -1.37611687 -0.04269952 0.14811718
v -1.36051381 -0.04269949 0.15870513
v -1.39450645 -0.05698839 0.14299801
v -1.39452183 -0.04269949 0.14401603
v -1.34583533 -0.05698839 0.19315447
v -1.34945619 -0.05698839 0.17424504
v -1.35039949 -0.04269952 0.17461932
v -1.34685326 -0.04269949 0.19313917
v -1.42966497 -0.05698839 0.1569459
v -1.4404757 -0.05698839 0.17287719
v -1.43954408 -0.04269949 0.17327964
v -1.42895591 -0.04269949 0.15767656
v -1.44466329 -0.05698839 0.19166926
v -1.443645 -0.04269949 0.19168456
v -1.41341591 -0.05698839 0.14661884
v -1.41304183 -0.04269952 0.14756227
v -1.36083341 -0.05698839 0.22787783
v -1.35002267 -0.05698839 0.21194655
v -1.35095453 -0.04269952 0.2115441
v -1.36154246 -0.04269949 0.22714716
v -1.39599168 -0.05698839 0.24182573
v -1.37708235 -0.05698839 0.2382049
v -1.37745667 -0.04269949 0.23726147
v -1.39597642 -0.04269949 0.2408077
v -1.4410423 -0.05698839 0.21057868
v -1.440099 -0.04269949 0.21020442
v -1.4307152 -0.05698839 0.22682765
v -1.42998457 -0.04269949 0.22611861
v -1.41478384 -0.05698839 0.23763832
v -1.41438138 -0.04269949 0.23670655
v -1.35978389 -0.05698839 -0.22626682
v -1.3757149 -0.05698839 -0.23707728
v -1.37609899 -0.04269952 -0.23618786
v -1.3604815 -0.04269949 -0.22559001
v -1.39450645 -0.05698839 -0.2412646
v -1.39452124 -0.04269949 -0.24029283
v -1.3458364 -0.05698839 -0.1911092
v -1.34945714 -0.05698839 -0.2100182
v -1.35035777 -0.04269952 -0.20966093
v -1.34680796 -0.04269949 -0.19112383
v -1.42966437 -0.05698839 -0.22731708
v -1.44047475 -0.05698839 -0.21138613
v -1.43958545 -0.04269949 -0.21100198
v -1.4289875 -0.04269949 -0.22661959
v -1.44466209 -0.05698839 -0.19259445
v -1.44369006 -0.04269949 -0.19257985
v -1.41341567 -0.05698839 -0.23764388
v -1.41305828 -0.04269952 -0.23674332
v -1.36083412 -0.05698839 -0.1563866
v -1.35002363 -0.05698839 -0.17231755
v -1.35091317 -0.04269952 -0.1727017
v -1.36151099 -0.04269949 -0.15708406
v -1.3959918 -0.05698839 -0.14243899
v -1.37708282 -0.05698839 -0.14605977
v -1.37743998 -0.04269949 -0.14696033
v -1.39597714 -0.04269949 -0.14341079
v -1.44104111 -0.05698839 -0.17368542
v -1.4401406 -0.04269949 -0.17404269
v -1.43071437 -0.05698839 -0.1574368
v -1.43001688 -0.04269949 -0.15811364
v -1.41478348 -0.05698839 -0.14662634
v -1.41439939 -0.04269949 -0.14751576
v -1.36270583 -0.03793654 0.16083223
v -1.37732422 -0.03793654 0.15091245
v -1.37853146 -0.04571298 0.15370771
v -1.36489785 -0.04571298 0.16295934
v -1.39456773 -0.03793654 0.14707011
v -1.39461362 -0.04571298 0.15012418
v -1.3499074 -0.03793654 0.19309327
v -1.35322976 -0.03793654 0.17574213
v -1.35606015 -0.04571298 0.17686495
v -1.35296154 -0.04571298 0.19304737
v -1.42682886 -0.03793654 0.15986857
v -1.43674862 -0.03793654 0.17448699
v -1.4339534 -0.04571301 0.17569436
v -1.42470169 -0.04571298 0.16206057
v -1.44059098 -0.03793654 0.19173047
v -1.43753684 -0.04571298 0.19177637
v -1.41191888 -0.03793654 0.15039255
v -1.41079605 -0.04571298 0.15322283
v -1.36366963 -0.03793654 0.22495516
v -1.35374975 -0.03793654 0.21033673
v -1.35654497 -0.04571298 0.20912936
v -1.3657968 -0.04571298 0.22276315
v -1.39593065 -0.03793654 0.23775363
v -1.3785795 -0.03793654 0.23443118
v -1.37970233 -0.04571301 0.23160091
v -1.39588475 -0.04571298 0.23469955
v -1.4372685 -0.03793654 0.20908159
v -1.43443835 -0.04571301 0.20795879
v -1.42779255 -0.03793654 0.22399151
v -1.42560077 -0.04571298 0.2218644
v -1.41317415 -0.03793654 0.23391129
v -1.41196668 -0.04571301 0.23111603
v -1.36257386 -0.03793654 -0.22355954
v -1.37725151 -0.03793654 -0.23351963
v -1.37840402 -0.04582569 -0.23085137
v -1.36466634 -0.04582569 -0.22152911
v -1.39456487 -0.03793654 -0.23737754
v -1.39460874 -0.04582569 -0.23446225
v -1.34972334 -0.03793654 -0.19116764
v -1.35305941 -0.03793654 -0.20858915
v -1.35576105 -0.04582569 -0.20751737
v -1.35263872 -0.04582569 -0.19121145
v -1.42695701 -0.03793654 -0.22452722
v -1.43691707 -0.03793654 -0.20984949
v -1.43424881 -0.04582572 -0.20869698
v -1.42492664 -0.04582569 -0.2224348
v -1.44077492 -0.03793654 -0.19253604
v -1.43785965 -0.04582569 -0.19249223
v -1.41198647 -0.03793654 -0.23404168
v -1.41091466 -0.04582569 -0.23133998
v -1.36354136 -0.03793654 -0.15917648
v -1.35358143 -0.03793654 -0.17385422
v -1.35624957 -0.04582569 -0.17500673
v -1.36557174 -0.04582569 -0.16126888
v -1.39593339 -0.03793654 -0.14632608
v -1.37851179 -0.03793654 -0.149662
v -1.3795836 -0.04582572 -0.15236364
v -1.39588952 -0.04582569 -0.14924137
v -1.43743896 -0.03793654 -0.1751145
v -1.43473721 -0.04582572 -0.17618631
v -1.42792463 -0.03793654 -0.16014408
v -1.42583203 -0.04582569 -0.16217451
v -1.41324687 -0.03793654 -0.15018402
v -1.41209435 -0.04582572 -0.15285228
v -1.63806295 -0.07604024 0.23560405
v -1.63806295 -0.07604024 -0.14769946
v -1.63817108 -0.07604024 -0.32917452
v -1.63818562 -0.06923619 -0.33595079
v -1.63818562 0.06365472 -0.33595079
v -1.63818562 0.0672482 -0.23500402
v -1.63818562 0.0672482 0.33242375
v -1.63818562 0.06365469 0.33651078
v -1.63818562 -0.06923619 0.33651078
v 2.11286569 0.0672482 0.00027993
v 2.12333584 -0.06923619 0.00027993
v 2.12333584 0.06365469 0.00027993
v 0.99997413 -0.07604024 0.00027995
v -0.00824032 -0.07604024 0.00027995
v -0.9943158 -0.07604024 0.00027995
v -1.45081377 -0.07604024 0.00027993
v -1.63818562 -0.07604024 0.00027995
v 2.11286569 -0.07604024 -0.32918435
v 0.99997222 0.06724823 -0.32918435
v -0.00824356 0.06724826 -0.32918435
v -0.99432033 0.06724823 -0.32918435
v -1.45081496 0.06724823 -0.32918435
v -1.63818562 0.0672482 -0.32918435
v 2.11286569 0.0672482 0.33242372
v 0.99997234 -0.07604024 0.33242369
v -0.00824341 -0.07604024 0.33242369
v -0.99432015 -0.07604024 0.33242369
v -1.45051587 -0.07604024 0.33213353
v -1.63817811 -0.07604024 0.3324165
v -1.63818371 -0.07433924 0.33548722
v -1.45074034 -0.07433924 0.33541644
v -1.44001269 -0.07433924 0.33543849
v -1.4199661 -0.07433924 0.33550918
v -1.39525962 -0.07433924 0.33555835
v -1.37055147 -0.07433924 0.33551586
v -1.35080361 -0.07433924 0.33545029
v -1.34097707 -0.07433924 0.3354305
v -0.99432033 -0.07433924 0.33548898
v -0.00824352 -0.07433924 0.33548898
v 0.99997222 -0.07433924 0.33548898
v 1.99171913 -0.07433924 0.33548898
v 2.11286569 -0.07433924 0.33548903
v 2.12071848 -0.07433924 0.33242372
v 2.12071824 -0.07433924 0.23575318
v 2.12071848 -0.07433924 0.2164284
v 2.12071824 -0.07433924 0.19241187
v 2.12071848 -0.07433924 0.16839534
v 2.12071824 -0.07433924 0.14909588
v 2.12071848 -0.07433924 0.00027993
v 2.12071824 -0.07433924 -0.14769946
v 2.12071848 -0.07433924 -0.16783534
v 2.12071824 -0.07433924 -0.19185184
v 2.12071848 -0.07433924 -0.21586834
v 2.12071824 -0.07433924 -0.23500405
v 2.12071848 -0.07433924 -0.32918441
v 2.11286569 -0.07433924 -0.33425915
v 1.99171913 -0.07433924 -0.33425921
v 0.99997222 -0.07433924 -0.33425921
v -0.00824349 -0.07433924 -0.33425921
v -0.99432033 -0.07433924 -0.33425921
v -1.34101248 -0.07433924 -0.33414137
v -1.35083258 -0.07433924 -0.33417612
v -1.37055767 -0.07433924 -0.33429259
v -1.39523637 -0.07433924 -0.33437401
v -1.41991735 -0.07433921 -0.33430362
v -1.43994641 -0.07433924 -0.33419466
v -1.45066988 -0.07433921 -0.33416045
v -1.63818204 -0.07433924 -0.33425671
v -1.64177501 -0.07433924 -0.32918191
v -1.64174151 -0.07433924 -0.23497455
v -1.64178121 -0.07433924 -0.2158535
v -1.64180923 -0.07433924 -0.19185679
v -1.64178503 -0.07433924 -0.16785927
v -1.64174795 -0.07433924 -0.14769946
v -1.64177871 -0.07433924 0.00027995
v -1.64174151 -0.07433924 0.14912532
v -1.64178121 -0.07433924 0.16841014
v -1.64180923 -0.07433924 0.19240692
v -1.64178503 -0.07433924 0.21640447
v -1.64174783 -0.07433924 0.2357159
v -1.6417768 -0.07433924 0.3324219
v -1.63818562 0.06634983 -0.33425915
v -1.45081496 0.06634986 -0.33425915
v -1.44007671 0.06634983 -0.33426082
v -1.41999352 0.06634983 -0.33426565
v -1.39524114 0.0663498 -0.33426887
v -1.3704952 0.06634983 -0.33426565
v -1.35072279 0.0663498 -0.33426082
v -1.34089112 0.06634983 -0.33425915
v -0.99432033 0.06634983 -0.33425921
v -0.00824356 0.06634989 -0.33425921
v 0.99997222 0.06634983 -0.33425921
v 1.99171913 0.06634983 -0.33425921
v 2.11286569 0.06634983 -0.33425921
v 2.12071848 0.06634983 -0.32918435
v 2.12071824 0.0663498 -0.23500405
v 2.12071848 0.06634983 -0.21586831
v 2.12071824 0.06634983 -0.19185184
v 2.12071848 0.06634983 -0.16783534
v 2.12071824 0.06634983 -0.14769946
v 2.12071848 0.06634983 0.00027993
v 2.12071824 0.06634977 0.14909588
v 2.12071848 0.06634983 0.16839534
v 2.12071824 0.0663498 0.19241187
v 2.12071848 0.06634983 0.2164284
v 2.12071824 0.06634983 0.23575318
v 2.12071848 0.06634983 0.33242372
v 2.11286569 0.06634983 0.33548903
v 1.99171913 0.06634986 0.33548898
v 0.99997222 0.06634986 0.33548898
v -0.00824356 0.06634989 0.33548898
v -0.99432033 0.06634986 0.33548898
v -1.34089112 0.06634983 0.33548898
v -1.35072434 0.06634983 0.33548898
v -1.37050152 0.06634983 0.33548898
v -1.3952508 0.06634983 0.33548898
v -1.41999996 0.06634983 0.33548898
v -1.44007838 0.06634983 0.33548898
v -1.45081496 0.06634983 0.33548898
v -1.63818562 0.06634983 0.33548903
v -1.64177871 0.06634983 0.33242375
v -1.64177871 0.0663498 0.23575318
v -1.64177871 0.06634983 0.2164284
v -1.64177871 0.0663498 0.19241187
v -1.64177871 0.0663498 0.16839534
v -1.64177871 0.06634977 0.14909588
v -1.64177871 0.06634983 0.00027993
v -1.64177871 0.0663498 -0.14769946
v -1.64177871 0.06634983 -0.16783534
v -1.64177871 0.0663498 -0.19185184
v -1.64177871 0.06634983 -0.21586831
v -1.64177871 0.0663498 -0.23500405
v -1.64177871 0.06634983 -0.32918435
v 2.12071848 0.06365469 0.33548903
v 2.11868238 0.06565106 0.33469433
v 2.12071848 -0.06923619 0.33548903
v 2.11868238 -0.0730162 0.33469433
v -1.64177871 -0.06923619 0.33548903
v -1.64084625 -0.0730162 0.33469349
v -1.64177871 0.06365469 0.33548903
v -1.64084721 0.06565106 0.33469433
v -1.64177871 -0.06923619 -0.33425915
v -1.64084554 -0.0730162 -0.33294237
v -1.64177871 0.06365469 -0.33425921
v -1.64084721 0.06565109 -0.3329435
v 2.12071848 -0.06923619 -0.33425921
v 2.11868238 -0.0730162 -0.3329435
v 2.12071848 0.06365469 -0.33425915
v 2.11868238 0.06565106 -0.3329435
vn 0.00789 -0.00735 0.99994
vn 0.0079 0.00748 0.99994
vn 0 0.00754 0.99997
vn 0 -0.0074 0.99997
vn 0.00696 0.99998 -0
vn 0.00693 0.99994 -0.00899
vn 0 0.99996 -0.00905
vn 0 1 -0
vn 0.01307 0.01235 -0.99984
vn 0.01305 -0.01215 -0.99984
vn -0 -0.01226 -0.99992
vn -0 0.01248 -0.99992
vn 0.99948 -0.01875 -0.02615
vn 0.99948 0.01901 -0.02621
vn 0.99981 0.0193 0
vn 0.99982 -0.01896 -0
vn -0.99996 0.00883 0
vn -0.99989 0.00876 -0.01203
vn -0.99989 -0.00876 -0.012
vn -0.99996 -0.00884 -0
vn 0.99981 0.0193 -0
vn 0.99948 0.01908 0.02604
vn 0.99949 -0.0188 0.02597
vn 0.99982 -0.01896 0
vn 0.01319 -0.99991 -0
vn 0.01312 -0.99977 0.01689
vn -0 -0.99985 0.01705
vn 0 -1 0
vn -0.99989 -0.00875 0.01193
vn -0.99989 0.00878 0.01196
vn -0.99996 0.00883 -0
vn -0.99996 -0.00882 0
vn 0.00696 0.99998 0
vn 0.00696 0.99998 -0
vn 0 1 0
vn 0 1 0
vn 0.00696 0.99998 0
vn 0 1 0
vn 0.99981 0.0193 -0
vn 0.99981 0.0193 0
vn 0.99982 -0.01896 -0
vn 0.99982 -0.01896 0
vn 0.99982 -0.01896 -0
vn 0.99981 0.0193 0
vn 0.01319 -0.99991 0
vn 0.01319 -0.99991 0
vn 0 -1 0
vn 0.01319 -0.99991 0
vn -0.99996 0.00883 -0
vn -0.99996 0.00883 0
vn -0.99996 -0.00884 -0
vn -0.99996 -0.00866 -3E-05
vn -0.99996 -0.00855 -0
vn -0.99996 0.00883 -0
vn 0.01319 -0.99991 0
vn -0.99996 -0.0088 0
vn -0.99996 0.00883 0
vn -0.99996 0.00883 0
vn -0.99996 -0.00879 0
vn 0.00696 0.99998 -0
vn 0.00696 0.99998 -0
vn 0 1 0
vn 0.99981 0.0193 -0
vn 0.99981 0.0193 0
vn 0.99982 -0.01896 0
vn 0.99982 -0.01896 0
vn 0.01319 -0.99991 0
vn 0.01319 -0.99991 -0
vn 0.01319 -0.99991 0
vn 0 -1 -0
vn -0.99996 -0.00866 -3E-05
vn -0.99996 0.00883 -0
vn -0.99996 -0.00855 -0
vn -0.99996 0.00883 -0
vn -0.00952 -0.99995 -4E-05
vn -0.0085 -0.99996 -0
vn 0 -1 -0
vn 0 -1 -0
vn 0 -1 -0
vn 0 -1 0
vn 0 -1 -0
vn 0 -1 0
vn -0.00953 -0.99995 -4E-05
vn -0.00849 -0.99996 -0
vn 0 -1 -0
vn 0 -1 -0
vn 0 -1 -0
vn 0 -1 -0
vn 0 -1 0
vn 0 -1 -0
vn 1E-05 -0.99988 -0.01535
vn -0.00021 -0.99985 -0.01752
vn -0 0.01248 -0.99992
vn -0 0.01245 -0.99992
vn -9E-05 -0.01245 -0.99992
vn 1E-05 -0.01283 -0.99992
vn -0.0047 0.99999 0
vn -0.0047 0.99999 0
vn -0 1 0
vn -0 1 0
vn 0 1 -0
vn 0 1 0
vn -0 1 -0
vn 0 1 -0
vn -0 1 0
vn 0 1 0
vn 0 1 0
vn 0 1 0
vn -0.0047 0.99999 0
vn -0.0047 0.99999 0
vn -0 1 0
vn 0 1 0
vn -0.0047 0.99999 -0
vn -0.0047 0.99999 -0
vn -0 1 -0
vn -0 1 -0
vn -0 0.99996 0.00901
vn 0 0.99996 0.00901
vn 0 1 -0
vn -0 1 -0
vn 0 -0.00774 0.99997
vn -6E-05 -0.00761 0.99997
vn 0 0.00754 0.99997
vn -0 0.00754 0.99997
vn -0 -0.99988 0.01537
vn 0.00013 -0.99985 0.01754
vn 0 -1 -0
vn 0 -1 -0
vn 0 -1 0
vn 0 -1 0
vn 0 -1 0
vn 0 -1 0
vn 0 -1 -0
vn 0 -1 0
vn 0 -1 -0
vn 0 -1 0
vn 0 -1 0
vn 0 -1 0
vn 0 -1 -0
vn 0 -1 0
vn 0 -1 0
vn 0 -1 0
vn 0 -1 0
vn 0 -1 -0
vn 0 -1 -0
vn 0 -1 0
vn 0 -1 0
vn 0 -1 -0
vn -1E-05 -0.99988 -0.01554
vn -0 -0.99986 -0.01699
vn 0 -1 0
vn -0 -0.01286 -0.99992
vn 9E-05 -0.01256 -0.99992
vn 0 0.01245 -0.99992
vn 0 0.01248 -0.99992
vn -0 0.01248 -0.99992
vn -0 -0.01237 -0.99992
vn 0 0.99996 -0.00904
vn 0 0.99996 -0.0091
vn 0 1 0
vn -0 1 0
vn -0 1 0
vn -0 1 0
vn 0 1 -0
vn 0 1 -0
vn -0 1 0
vn -0 1 0
vn -0 1 -0
vn -0 1 0
vn -0 1 0
vn -0 1 -0
vn -0 1 0
vn -0 1 -0
vn 0 1 -0
vn -0 1 -0
vn -0 1 -0
vn -0 1 -0
vn 0 1 -0
vn -0 0.99996 0.00901
vn -0 0.99996 0.00901
vn -0 1 0
vn -0 1 0
vn -0 0.00754 0.99997
vn 0 0.00754 0.99997
vn 5E-05 -0.00752 0.99997
vn -0 -0.00769 0.99997
vn -0 -0.00746 0.99997
vn -0 0.00754 0.99997
vn 0 -1 -0
vn -0 1 0
vn -0 1 0
vn 0 -1 0
vn 0 -1 -0
vn 0 -1 0
vn 0 -1 0
vn 0 -1 0
vn 0 -0.99985 -0.01714
vn 0 0.01248 -0.99992
vn 0 -0.01226 -0.99992
vn -0 1 0
vn -0 1 0
vn 0 1 0
vn -0 1 0
vn -0 1 0
vn -0 1 0
vn -0 1 0
vn -0 1 0
vn -0 0.99996 0.00901
vn -0 1 0
vn 0 -0.0074 0.99997
vn 0 0.00754 0.99997
vn 0 -1 -0
vn 0 -1 0
vn 0 -0.99985 -0.01714
vn 0 0.01248 -0.99992
vn 0 -0.01226 -0.99992
vn 0 1 0
vn 0 1 0
vn 0 1 0
vn 0 1 0
vn 0 1 0
vn 0 0.99996 0.00901
vn 0 -0.0074 0.99997
vn 0 0.00754 0.99997
vn 0 -0.99985 -0.01713
vn 0 1 0
vn 0 1 0
vn 0 0.99996 0.00901
vn 0.00012 -0.99982 0.01905
vn -1E-05 -0.99979 0.02066
vn 0 -1 -0
vn 0 -1 0
vn 0 -1 0
vn 0 -1 -0
vn 0 -1 0
vn 0 -1 0
vn 0 -1 0
vn 0 -1 -0
vn 0.00021 -0.99982 -0.01916
vn 0.00023 -0.99985 -0.01744
vn 0 -1 0
vn 8E-05 -0.01202 -0.99993
vn 0 -0.01169 -0.99993
vn 0 0.01242 -0.99992
vn 0 0.01243 -0.99992
vn 0 0.99996 -0.00912
vn 0 0.99996 -0.00909
vn 0 1 -0
vn 0 1 -0
vn 0 1 -0
vn 0 1 -0
vn 0 1 0
vn 0 1 0
vn 0 1 0
vn 0 1 0
vn 0 1 0
vn 0 1 0
vn 0 0.99996 0.00901
vn 0 0.99996 0.00901
vn 0 0.00754 0.99997
vn 0 0.00754 0.99997
vn -0 -0.00706 0.99998
vn 4E-05 -0.00722 0.99997
vn -0.00013 -0.99982 0.01906
vn -0.00013 -0.99985 0.01741
vn 0 -1 0
vn 0 -1 0
vn 0 -1 -0
vn 0 -1 -0
vn 0 -1 -0
vn 0 -1 0
vn 0 -1 0
vn -0.00019 -0.99982 -0.01918
vn 1E-05 -0.99978 -0.02084
vn 0 -1 -0
vn 0 -1 -0
vn -0 0.01243 -0.99992
vn -7E-05 -0.01195 -0.99993
vn -0 0.99996 -0.00905
vn -0 0.99996 -0.00902
vn 0 1 -0
vn 0 1 0
vn 0 1 -0
vn 0 1 -0
vn 0 1 0
vn 0 1 0
vn 0 0.99996 0.00901
vn 0 0.99996 0.00901
vn 0 1 -0
vn -5E-05 -0.00727 0.99997
vn 0 0.00754 0.99997
vn -0.0047 0.99999 -0
vn -0.0047 0.99999 0
vn -0 1 -0
vn 0 1 0
vn 0 1 0
vn 0 1 0
vn 0 1 0
vn 0 1 -0
vn -0 1 -0
vn -0 1 -0
vn -0 1 0
vn 0.00696 0.99998 0
vn 0.00696 0.99998 0
vn 0.99982 -0.01896 0
vn 0.99981 0.0193 0
vn 0.99981 0.0193 -0
vn 0.99982 -0.01896 0
vn 0.01319 -0.99991 0
vn 0.01319 -0.99991 0
vn 0 -1 -0
vn 0 -1 0
vn 0 -1 -0
vn 0 -1 0
vn -0.00887 -0.99996 3E-05
vn -0.00969 -0.99995 -0
vn 0 -1 0
vn 0 -1 0
vn 0 -1 0
vn -0.99996 -0.00864 3E-05
vn -0.99996 0.00883 0
vn -0.0047 0.99999 -0
vn -0.0047 0.99999 -0
vn -0 1 -0
vn 0 1 -0
vn -0 1 0
vn -0 1 0
vn -0 1 0
vn 0 1 0
vn 0.00696 0.99998 -0
vn 0.00696 0.99998 -0
vn 0.99982 -0.01896 -0
vn 0.99981 0.0193 -0
vn 0.01319 -0.99991 0
vn 0 -1 -0
vn 0 -1 0
vn 0 -1 -0
vn 0 -1 0
vn 0 -1 -0
vn 0 -1 0
vn 0 -1 -0
vn -0.00951 -0.99995 3E-05
vn -0.00969 -0.99995 -0
vn 0 -1 0
vn 0 -1 -0
vn 0 -1 -0
vn -0.99996 -0.00864 3E-05
vn -0.99996 0.00883 0
vn -0.40406 -0.82644 0.3921
vn -0.23705 -0.80163 0.54882
vn -0.39272 -0.13822 0.90921
vn -0.71069 -0.13893 0.68965
vn -0.00951 -0.77427 0.63278
vn -0.01488 -0.13893 0.99019
vn -0.63689 -0.7709 -0.00957
vn -0.55837 -0.79947 0.22152
vn -0.9206 -0.13823 0.36522
vn -0.99019 -0.13894 -0.01488
vn 0.38587 -0.83245 0.39765
vn 0.534 -0.81342 0.23065
vn 0.90921 -0.13822 0.39272
vn 0.68965 -0.13893 0.71069
vn 0.61229 -0.79058 0.0092
vn 0.99019 -0.13892 0.01488
vn 0.21966 -0.80322 0.55371
vn 0.36522 -0.13822 0.9206
vn -0.39145 -0.82707 -0.40339
vn -0.55121 -0.79967 -0.23809
vn -0.90921 -0.13823 -0.39272
vn -0.68965 -0.13893 -0.71069
vn 0.00948 -0.77586 -0.63083
vn -0.21984 -0.80286 -0.55415
vn -0.36522 -0.13822 -0.9206
vn 0.01488 -0.13893 -0.99019
vn 0.5402 -0.81379 -0.21431
vn 0.9206 -0.13822 -0.36522
vn 0.39687 -0.83317 -0.38512
vn 0.71069 -0.13892 -0.68965
vn 0.23553 -0.80448 -0.54529
vn 0.39272 -0.13822 -0.90921
vn -0.40813 -0.82254 0.39605
vn -0.24126 -0.79361 0.55856
vn -0.39272 -0.13825 0.90921
vn -0.71069 -0.13896 0.68964
vn -0.0097 -0.76368 0.64552
vn -0.01488 -0.13896 0.99019
vn -0.63684 -0.77094 -0.00957
vn -0.5598 -0.79831 0.22208
vn -0.9206 -0.13826 0.36522
vn -0.99019 -0.13896 -0.01488
vn 0.38991 -0.82856 0.40181
vn 0.53545 -0.81228 0.23127
vn 0.90921 -0.13825 0.39271
vn 0.68964 -0.13895 0.71069
vn 0.61223 -0.79062 0.0092
vn 0.99019 -0.13896 0.01488
vn 0.2236 -0.79519 0.56363
vn 0.36521 -0.13825 0.9206
vn -0.33974 -0.87293 -0.3501
vn -0.51106 -0.83072 -0.22074
vn -0.90921 -0.13826 -0.39271
vn -0.68964 -0.13896 -0.71069
vn 0.00945 -0.77722 -0.62915
vn -0.2016 -0.83733 -0.50817
vn -0.36522 -0.13825 -0.9206
vn 0.01488 -0.13896 -0.99019
vn 0.48893 -0.85049 -0.19396
vn 0.9206 -0.13825 -0.36522
vn 0.32943 -0.88842 -0.31967
vn 0.71069 -0.13896 -0.68964
vn 0.21001 -0.84822 -0.48622
vn 0.39272 -0.13825 -0.90921
vn -0.71645 -0.0578 0.69524
vn -0.39586 -0.05763 0.9165
vn -0.38875 -0.19701 0.90003
vn -0.70359 -0.19698 0.68276
vn -0.015 -0.0578 0.99822
vn -0.01473 -0.19698 0.9803
vn -0.99822 -0.0578 -0.015
vn -0.92798 -0.05763 0.36814
vn -0.91131 -0.19701 0.36153
vn -0.9803 -0.19698 -0.01473
vn 0.69524 -0.0578 0.71645
vn 0.9165 -0.05762 0.39587
vn 0.90003 -0.19702 0.38875
vn 0.68275 -0.19698 0.70359
vn 0.99822 -0.0578 0.015
vn 0.9803 -0.19699 0.01473
vn 0.36814 -0.05763 0.92798
vn 0.36153 -0.19701 0.91131
vn -0.69524 -0.0578 -0.71645
vn -0.9165 -0.05763 -0.39586
vn -0.90003 -0.19701 -0.38875
vn -0.68276 -0.19698 -0.70359
vn 0.015 -0.0578 -0.99822
vn -0.36815 -0.05763 -0.92798
vn -0.36153 -0.19701 -0.91131
vn 0.01473 -0.19698 -0.9803
vn 0.92798 -0.05763 -0.36815
vn 0.91131 -0.19701 -0.36153
vn 0.71645 -0.0578 -0.69524
vn 0.70359 -0.19698 -0.68276
vn 0.39586 -0.05763 -0.9165
vn 0.38875 -0.19701 -0.90003
vn -0.71652 -0.05623 0.6953
vn -0.3959 -0.05606 0.91658
vn -0.38939 -0.1888 0.90151
vn -0.70475 -0.1888 0.68388
vn -0.015 -0.05623 0.99831
vn -0.01475 -0.1888 0.98191
vn -0.99831 -0.05622 -0.015
vn -0.92806 -0.05606 0.36818
vn -0.91281 -0.18881 0.36213
vn -0.98191 -0.1888 -0.01475
vn 0.6953 -0.05622 0.71652
vn 0.91658 -0.05605 0.3959
vn 0.90151 -0.18881 0.38939
vn 0.68387 -0.1888 0.70475
vn 0.99831 -0.05623 0.015
vn 0.98191 -0.1888 0.01475
vn 0.36818 -0.05605 0.92806
vn 0.36212 -0.18881 0.91281
vn -0.6953 -0.05623 -0.71652
vn -0.91658 -0.05606 -0.3959
vn -0.90151 -0.1888 -0.38939
vn -0.68388 -0.18879 -0.70475
vn 0.015 -0.05623 -0.99831
vn -0.36818 -0.05606 -0.92806
vn -0.36213 -0.1888 -0.91281
vn 0.01476 -0.1888 -0.98191
vn 0.92806 -0.05606 -0.36818
vn 0.91281 -0.1888 -0.36212
vn 0.71652 -0.05623 -0.6953
vn 0.70475 -0.1888 -0.68388
vn 0.3959 -0.05606 -0.91658
vn 0.38939 -0.1888 -0.90151
vn 0.20981 -0.95631 -0.2036
vn 0.11944 -0.95355 -0.27653
vn 0.36923 -0.36459 -0.85484
vn 0.66798 -0.36558 -0.6482
vn 0.00439 -0.95631 -0.29232
vn 0.01399 -0.36559 -0.93067
vn 0.29232 -0.95631 0.00439
vn 0.27999 -0.95356 -0.11107
vn 0.86554 -0.36459 -0.34337
vn 0.93067 -0.36559 0.01399
vn -0.2036 -0.95631 -0.20981
vn -0.27653 -0.95355 -0.11944
vn -0.85484 -0.36459 -0.36923
vn -0.64819 -0.36558 -0.66798
vn -0.29233 -0.95631 -0.00439
vn -0.93067 -0.36559 -0.01399
vn -0.11108 -0.95355 -0.27999
vn -0.34337 -0.3646 -0.86554
vn 0.2036 -0.95631 0.20981
vn 0.27653 -0.95355 0.11944
vn 0.85483 -0.36461 0.36923
vn 0.64819 -0.3656 0.66797
vn -0.00439 -0.95631 0.29233
vn 0.11108 -0.95355 0.27999
vn 0.34337 -0.3646 0.86554
vn -0.01399 -0.36559 0.93067
vn -0.28001 -0.95355 0.11108
vn -0.86555 -0.36458 0.34337
vn -0.20982 -0.95631 0.20361
vn -0.66798 -0.36557 0.6482
vn -0.11944 -0.95355 0.27654
vn -0.36923 -0.3646 0.85483
vn 0.23496 -0.94489 -0.228
vn 0.1333 -0.9418 -0.3086
vn 0.37208 -0.34571 -0.86142
vn 0.67315 -0.34666 -0.65322
vn 0.00492 -0.94489 -0.32736
vn 0.0141 -0.34666 -0.93789
vn 0.32735 -0.94489 0.00492
vn 0.31248 -0.9418 -0.12396
vn 0.87221 -0.34571 -0.34602
vn 0.93789 -0.34665 0.01409
vn -0.22799 -0.94489 -0.23495
vn -0.3086 -0.94181 -0.13329
vn -0.86142 -0.3457 -0.37207
vn -0.65322 -0.34666 -0.67315
vn -0.32737 -0.94488 -0.00492
vn -0.93789 -0.34666 -0.01409
vn -0.12396 -0.9418 -0.31248
vn -0.34602 -0.34571 -0.87222
vn 0.228 -0.94488 0.23497
vn 0.30861 -0.9418 0.1333
vn 0.86143 -0.34569 0.37208
vn 0.65322 -0.34665 0.67315
vn -0.00492 -0.94489 0.32736
vn 0.12397 -0.9418 0.31248
vn 0.34602 -0.3457 0.87222
vn -0.0141 -0.34666 0.93789
vn -0.31249 -0.9418 0.12397
vn -0.87221 -0.3457 0.34602
vn -0.23496 -0.94489 0.228
vn -0.67315 -0.34666 0.65322
vn -0.1333 -0.9418 0.30861
vn -0.37207 -0.34571 0.86142
vn -0.00843 -0.99996 0
vn -0.00868 -0.99996 0
vn -0.0085 -0.99983 -0.01652
vn -0.00879 -0.01258 -0.99988
vn -0.00882 0.01242 -0.99988
vn -0.0047 0.99999 -0
vn -0.00468 0.99995 0.00898
vn -0.00533 0.00751 0.99996
vn -0.00532 -0.00765 0.99996
vn 0.00696 0.99998 0
vn 0.99982 -0.01896 -0
vn 0.99981 0.0193 0
vn 0 -1 0
vn 0 -1 -0
vn -0.00873 -0.99996 0
vn 0.01309 -0.99977 -0.01699
vn 0 0.99996 -0.00905
vn 0 0.99996 -0.00905
vn -0 0.99996 -0.00905
vn -0 0.99996 -0.00905
vn -0.00467 0.99995 -0.00903
vn 0.00694 0.99994 0.00894
vn 0 -0.99985 0.01705
vn 0 -0.99985 0.01705
vn -0 -0.99986 0.01692
vn 1E-05 -0.99988 0.01543
vn -0.0085 -0.99983 0.01635
vn -0.00501 -0.52873 0.84878
vn 0.00022 -0.53714 0.8435
vn -0.00255 -0.52393 0.85176
vn -0.00231 -0.50731 0.86176
vn -0.00011 -0.49658 0.86799
vn 0.0021 -0.50482 0.86322
vn 0.00244 -0.5191 0.85471
vn -0.0001 -0.53573 0.84439
vn -4E-05 -0.51775 0.85553
vn 0 -0.51493 0.85723
vn 0 -0.51493 0.85723
vn -0 -0.51493 0.85723
vn 0.00862 -0.51581 0.85666
vn 0.54602 -0.83763 0.01552
vn 0.5449 -0.8385 0
vn 0.5449 -0.8385 0
vn 0.5449 -0.8385 0
vn 0.5449 -0.8385 -0
vn 0.5449 -0.8385 -0
vn 0.5449 -0.8385 -0
vn 0.5449 -0.8385 0
vn 0.54491 -0.8385 0
vn 0.5449 -0.8385 -0
vn 0.54491 -0.8385 -0
vn 0.5449 -0.8385 -0
vn 0.54625 -0.83746 -0.01673
vn 0.01152 -0.70511 -0.70901
vn 0 -0.70514 -0.70906
vn 0 -0.70514 -0.70907
vn 0 -0.70514 -0.70907
vn -6E-05 -0.70835 -0.70587
vn -0.00017 -0.72642 -0.68725
vn 0.00356 -0.71242 -0.70174
vn 0.0032 -0.69733 -0.71675
vn 0.00016 -0.68706 -0.7266
vn -0.00289 -0.69524 -0.71877
vn -0.00325 -0.70916 -0.70504
vn 0.00023 -0.72622 -0.68747
vn -0.00658 -0.71527 -0.69881
vn -0.81265 -0.58263 -0.01161
vn -0.81145 -0.58442 -4E-05
vn -0.81835 -0.57472 -0.00129
vn -0.82193 -0.56959 -6E-05
vn -0.81881 -0.57407 0.00114
vn -0.81419 -0.5806 3E-05
vn -0.81381 -0.58113 2E-05
vn -0.81157 -0.58426 -1E-05
vn -0.81833 -0.57475 -0.00128
vn -0.82193 -0.56959 -6E-05
vn -0.81915 -0.57358 0.00116
vn -0.81201 -0.58365 5E-05
vn -0.81354 -0.58141 0.01086
vn -0.00494 0.88283 -0.46966
vn -0 0.88318 -0.46904
vn -0.0001 0.88287 -0.46962
vn -8E-05 0.88245 -0.47041
vn -0 0.88223 -0.47081
vn 9E-05 0.88246 -0.4704
vn 0.0001 0.88283 -0.46968
vn 0 0.88318 -0.46904
vn -0 0.88318 -0.46904
vn 0 0.88318 -0.46904
vn 0 0.88318 -0.46904
vn 0 0.88318 -0.46904
vn 0.00787 0.8826 -0.47005
vn 0.32678 0.94504 -0.01068
vn 0.32463 0.94584 0
vn 0.32463 0.94584 -0
vn 0.32463 0.94584 -0
vn 0.32463 0.94584 0
vn 0.32463 0.94584 -0
vn 0.32463 0.94584 0
vn 0.32463 0.94584 0
vn 0.32463 0.94584 -0
vn 0.32462 0.94584 0
vn 0.32463 0.94584 -0
vn 0.32462 0.94584 -0
vn 0.32646 0.94516 0.01013
vn 0.00673 0.75084 0.66045
vn 0 0.751 0.6603
vn 0 0.751 0.6603
vn -0 0.751 0.6603
vn -0 0.751 0.6603
vn -0 0.751 0.6603
vn 0 0.751 0.6603
vn 0 0.751 0.6603
vn 0 0.751 0.6603
vn 0 0.751 0.6603
vn 0 0.751 0.6603
vn 0 0.751 0.6603
vn -0.00424 0.7509 0.6604
vn -0.60051 0.79957 0.00849
vn -0.60005 0.79996 0
vn -0.60005 0.79996 0
vn -0.60005 0.79996 -0
vn -0.60005 0.79996 -0
vn -0.60005 0.79996 0
vn -0.60005 0.79996 0
vn -0.60005 0.79996 0
vn -0.60006 0.79996 0
vn -0.60005 0.79996 -0
vn -0.60005 0.79996 0
vn -0.60006 0.79995 0
vn -0.60055 0.79953 -0.00901
vn 0.36489 0.00806 0.93101
vn 0.21683 0.73251 0.64531
vn 0.36517 -0.00846 0.9309
vn 0.29586 -0.49028 0.81981
vn -0.64922 -0.00694 0.76057
vn -0.59306 -0.40065 0.6984
vn -0.64921 0.00655 0.76058
vn -0.48311 0.65946 0.57595
vn -0.8157 -0.00857 -0.57841
vn -0.71438 -0.49395 -0.49565
vn -0.81575 0.00802 -0.57834
vn -0.5541 0.74381 -0.3738
vn 0.54377 -0.01194 -0.83915
vn 0.40045 -0.64608 -0.64978
vn 0.54356 0.01116 -0.8393
vn 0.26862 0.85133 -0.45064
usemtl mat0
f 1//1 2//2 3//3
f 3//3 4//4 1//1
f 5//5 6//6 7//7
f 7//7 8//8 5//5
f 9//9 10//10 11//11
f 11//11 12//12 9//9
f 13//13 14//14 15//15
f 15//15 16//16 13//13
f 17//17 18//18 19//19
f 19//19 20//20 17//17
f 21//21 22//22 23//23
f 23//23 24//24 21//21
f 25//25 26//26 27//27
f 27//27 28//28 25//25
f 29//29 30//30 31//31
f 31//31 32//32 29//29
f 33//33 34//34 35//35
f 35//35 36//36 33//33
f 34//34 37//37 38//38
f 38//38 35//35 34//34
f 39//39 40//40 41//41
f 41//41 42//42 39//39
f 42//42 43//43 44//44
f 44//44 39//39 42//42
f 45//45 46//46 47//47
f 47//47 48//47 45//45
f 49//48 45//45 48//47
f 48//47 50//47 49//48
f 51//49 52//50 53//51
f 53//51 54//52 51//49
f 54//52 55//53 56//54
f 56//54 51//49 54//52
f 57//55 49//48 50//47
f 50//47 58//47 57//55
f 59//56 53//51 52//50
f 52//50 60//57 59//56
f 59//56 60//57 61//58
f 61//58 62//59 59//56
f 63//60 64//61 65//62
f 65//62 66//35 63//60
f 64//61 5//5 8//8
f 8//8 65//62 64//61
f 67//63 68//64 69//65
f 69//65 70//66 67//63
f 67//63 70//66 16//16
f 16//16 15//15 67//63
f 71//67 72//68 73//47
f 73//47 74//47 71//67
f 75//69 71//67 74//47
f 74//47 76//70 75//69
f 77//71 78//72 17//17
f 17//17 20//20 77//71
f 77//71 79//73 80//74
f 80//74 78//72 77//71
f 81//75 82//76 83//77
f 83//77 84//78 81//75
f 85//79 84//78 83//77
f 83//77 86//80 85//79
f 87//81 84//78 85//79
f 85//79 88//82 87//81
f 89//83 90//84 91//85
f 91//85 92//86 89//83
f 93//87 92//86 91//85
f 91//85 94//88 93//87
f 95//89 92//86 93//87
f 93//87 96//90 95//89
f 97//91 98//92 94//88
f 94//88 91//85 97//91
f 99//93 100//94 101//95
f 101//95 102//96 99//93
f 103//97 104//98 105//99
f 105//99 106//100 103//97
f 107//101 106//100 105//99
f 105//99 108//102 107//101
f 109//103 106//100 107//101
f 107//101 110//104 109//103
f 111//105 112//106 113//107
f 113//107 114//108 111//105
f 115//109 116//110 117//111
f 117//111 111//105 115//109
f 117//111 118//112 112//106
f 112//106 111//105 117//111
f 119//113 120//114 121//115
f 121//115 122//116 119//113
f 123//112 122//116 121//115
f 121//115 124//112 123//112
f 117//111 122//116 123//112
f 123//112 118//112 117//111
f 125//117 126//118 127//119
f 127//119 128//120 125//117
f 129//121 130//122 131//123
f 131//123 132//124 129//121
f 133//125 134//126 135//127
f 135//127 136//128 133//125
f 137//129 138//130 139//131
f 139//131 140//132 137//129
f 141//133 140//132 139//131
f 139//131 142//134 141//133
f 143//135 140//132 141//133
f 141//133 144//136 143//135
f 143//135 144//136 145//137
f 145//137 146//138 143//135
f 146//138 145//137 147//139
f 147//139 148//140 146//138
f 149//141 150//142 151//143
f 151//143 152//144 149//141
f 153//145 152//144 151//143
f 151//143 154//146 153//145
f 155//147 152//144 153//145
f 153//145 156//148 155//147
f 157//149 158//150 159//151
f 159//151 155//147 157//149
f 160//152 161//153 162//154
f 162//154 163//155 160//152
f 160//152 163//155 164//156
f 164//156 165//157 160//152
f 166//158 167//159 168//160
f 168//160 169//161 166//158
f 170//162 171//163 172//164
f 172//164 173//165 170//162
f 171//163 174//166 175//167
f 175//167 169//161 171//163
f 172//164 171//163 169//161
f 169//161 168//160 172//164
f 176//168 177//169 178//170
f 178//170 179//171 176//168
f 180//172 181//173 182//174
f 182//174 183//112 180//172
f 184//175 185//176 186//177
f 186//177 181//173 184//175
f 182//174 181//173 186//177
f 186//177 187//178 182//174
f 188//179 189//180 190//181
f 190//181 191//182 188//179
f 192//183 193//184 194//185
f 194//185 195//186 192//183
f 192//183 195//186 196//187
f 196//187 197//188 192//183
f 140//132 143//135 198//189
f 198//189 137//129 140//132
f 152//144 155//147 159//151
f 159//151 149//141 152//144
f 171//163 170//162 199//190
f 199//190 174//166 171//163
f 186//177 185//176 178//170
f 178//170 177//169 186//177
f 181//173 180//172 200//191
f 200//191 184//175 181//173
f 201//192 138//130 137//129
f 137//129 202//47 201//192
f 202//47 137//129 198//189
f 198//189 203//193 202//47
f 204//194 150//142 149//141
f 149//141 205//195 204//194
f 205//195 149//141 159//151
f 159//151 206//196 205//195
f 158//150 207//197 206//196
f 206//196 159//151 158//150
f 164//156 208//198 209//199
f 209//199 165//157 164//156
f 210//200 174//166 199//190
f 199//190 211//201 210//200
f 212//202 175//167 174//166
f 174//166 210//200 212//202
f 178//170 213//203 214//204
f 214//204 179//171 178//170
f 185//176 215//205 213//203
f 213//203 178//170 185//176
f 216//206 184//175 200//191
f 200//191 217//207 216//206
f 215//205 185//176 184//175
f 184//175 216//206 215//205
f 189//180 218//208 219//209
f 219//209 190//181 189//180
f 196//187 220//210 221//211
f 221//211 197//188 196//187
f 222//47 201//192 202//47
f 202//47 223//47 222//47
f 223//47 202//47 203//193
f 203//193 224//47 223//47
f 225//47 204//194 205//195
f 205//195 226//212 225//47
f 226//212 205//195 206//196
f 206//196 227//213 226//212
f 207//197 228//214 227//213
f 227//213 206//196 207//197
f 208//198 229//215 230//216
f 230//216 209//199 208//198
f 231//217 210//200 211//201
f 211//201 232//218 231//217
f 233//219 212//202 210//200
f 210//200 231//217 233//219
f 213//203 234//218 235//218
f 235//218 214//204 213//203
f 215//205 236//220 234//218
f 234//218 213//203 215//205
f 237//221 216//206 217//207
f 217//207 238//220 237//221
f 236//220 215//205 216//206
f 216//206 237//221 236//220
f 218//208 239//222 240//218
f 240//218 219//209 218//208
f 220//210 241//223 242//224
f 242//224 221//211 220//210
f 47//47 222//47 223//47
f 223//47 48//47 47//47
f 48//47 223//47 224//47
f 224//47 50//47 48//47
f 73//47 225//47 226//212
f 226//212 74//47 73//47
f 74//47 226//212 227//213
f 227//213 76//70 74//47
f 228//214 243//225 76//70
f 76//70 227//213 228//214
f 229//215 12//12 11//11
f 11//11 230//216 229//215
f 65//62 231//217 232//218
f 232//218 66//35 65//62
f 8//8 233//219 231//217
f 231//217 65//62 8//8
f 234//218 244//226 245//227
f 245//227 235//218 234//218
f 236//220 38//38 244//226
f 244//226 234//218 236//220
f 35//35 237//221 238//220
f 238//220 36//36 35//35
f 38//38 236//220 237//221
f 237//221 35//35 38//38
f 239//222 246//228 247//35
f 247//35 240//218 239//222
f 241//223 4//4 3//3
f 3//3 242//224 241//223
f 248//229 249//230 250//231
f 250//231 251//232 248//229
f 252//233 253//234 254//235
f 254//235 255//236 252//233
f 255//236 254//235 256//237
f 256//237 257//238 255//236
f 258//239 259//240 156//148
f 156//148 260//241 258//239
f 261//242 262//243 263//244
f 263//244 264//245 261//242
f 261//242 264//245 162//154
f 162//154 161//153 261//242
f 265//246 266//247 267//248
f 267//248 268//249 265//246
f 269//250 270//251 271//252
f 271//252 272//253 269//250
f 172//164 270//251 269//250
f 269//250 173//165 172//164
f 268//249 270//251 172//164
f 172//164 168//160 268//249
f 271//252 270//251 268//249
f 268//249 267//248 271//252
f 273//254 274//255 275//256
f 275//256 276//257 273//254
f 277//112 187//178 275//256
f 275//256 274//255 277//112
f 278//112 279//112 280//112
f 280//112 281//112 278//112
f 182//174 279//112 278//112
f 278//112 183//112 182//174
f 277//112 279//112 182//174
f 182//174 187//178 277//112
f 280//112 279//112 277//112
f 277//112 282//112 280//112
f 283//258 284//259 285//112
f 285//112 286//112 283//258
f 287//260 288//261 289//262
f 289//262 290//263 287//260
f 287//260 290//263 194//185
f 194//185 193//184 287//260
f 291//264 292//265 293//266
f 293//266 294//267 291//264
f 295//268 86//80 296//269
f 296//269 297//270 295//268
f 298//271 297//270 296//269
f 296//269 299//272 298//271
f 300//273 301//274 302//275
f 302//275 303//276 300//273
f 304//277 305//278 101//95
f 101//95 100//94 304//277
f 305//278 304//277 263//244
f 263//244 262//243 305//278
f 306//279 307//280 110//104
f 110//104 308//281 306//279
f 309//282 310//283 107//101
f 107//101 108//102 309//282
f 271//252 310//283 309//282
f 309//282 272//253 271//252
f 308//281 310//283 271//252
f 271//252 267//248 308//281
f 107//101 310//283 308//281
f 308//281 110//104 107//101
f 311//284 312//112 313//285
f 313//285 314//286 311//284
f 315//112 282//112 313//285
f 313//285 312//112 315//112
f 316//112 317//112 123//112
f 123//112 124//112 316//112
f 280//112 317//112 316//112
f 316//112 281//112 280//112
f 315//112 317//112 280//112
f 280//112 282//112 315//112
f 123//112 317//112 315//112
f 315//112 118//112 123//112
f 318//287 319//288 320//112
f 320//112 321//289 318//287
f 322//290 323//291 131//123
f 131//123 130//122 322//290
f 323//291 322//290 289//262
f 289//262 288//261 323//291
f 324//292 325//293 114//108
f 114//108 326//294 324//292
f 327//295 326//294 114//108
f 114//108 113//107 327//295
f 105//99 326//294 327//295
f 327//295 108//102 105//99
f 327//295 328//296 309//282
f 309//282 108//102 327//295
f 311//284 328//296 327//295
f 327//295 113//107 311//284
f 329//297 328//296 311//284
f 311//284 314//286 329//297
f 309//282 328//296 329//297
f 329//297 272//253 309//282
f 329//297 330//298 269//250
f 269//250 272//253 329//297
f 273//254 330//298 329//297
f 329//297 314//286 273//254
f 331//299 330//298 273//254
f 273//254 276//257 331//299
f 269//250 330//298 331//299
f 331//299 173//165 269//250
f 332//300 333//301 199//190
f 199//190 170//162 332//300
f 331//299 332//300 170//162
f 170//162 173//165 331//299
f 176//168 332//300 331//299
f 331//299 276//257 176//168
f 333//301 332//300 176//168
f 176//168 179//171 333//301
f 211//201 199//190 333//301
f 333//301 334//302 211//201
f 334//302 333//301 179//171
f 179//171 214//204 334//302
f 232//218 211//201 334//302
f 334//302 335//220 232//218
f 335//220 334//302 214//204
f 214//204 235//218 335//220
f 66//35 232//218 335//220
f 335//220 336//36 66//35
f 336//36 335//220 235//218
f 235//218 245//227 336//36
f 337//303 63//60 66//35
f 66//35 336//36 337//303
f 338//304 337//303 336//36
f 336//36 245//227 338//304
f 339//305 340//306 341//307
f 341//307 342//308 339//305
f 340//306 339//305 69//65
f 69//65 68//64 340//306
f 72//68 343//309 344//47
f 344//47 73//47 72//68
f 343//309 345//310 346//47
f 346//47 344//47 343//309
f 347//47 225//47 73//47
f 73//47 344//47 347//47
f 348//47 347//47 344//47
f 344//47 346//47 348//47
f 349//47 204//194 225//47
f 225//47 347//47 349//47
f 350//47 349//47 347//47
f 347//47 348//47 350//47
f 351//311 150//142 204//194
f 204//194 349//47 351//311
f 352//312 351//311 349//47
f 349//47 350//47 352//312
f 351//311 353//313 151//143
f 151//143 150//142 351//311
f 151//143 353//313 354//314
f 354//314 154//146 151//143
f 353//313 351//311 352//312
f 352//312 148//140 353//313
f 354//314 353//313 148//140
f 148//140 147//139 354//314
f 355//315 356//316 95//89
f 95//89 357//317 355//315
f 358//318 357//317 95//89
f 95//89 96//90 358//318
f 359//319 357//317 358//318
f 358//318 299//272 359//319
f 360//320 361//321 80//74
f 80//74 79//73 360//320
f 361//321 360//320 62//59
f 62//59 61//58 361//321
f 362//322 363//323 128//120
f 128//120 364//324 362//322
f 365//325 364//324 128//120
f 128//120 127//119 365//325
f 121//115 364//324 365//325
f 365//325 124//112 121//115
f 365//325 366//112 316//112
f 316//112 124//112 365//325
f 321//289 366//112 365//325
f 365//325 127//119 321//289
f 367//112 366//112 321//289
f 321//289 320//112 367//112
f 316//112 366//112 367//112
f 367//112 281//112 316//112
f 367//112 368//112 278//112
f 278//112 281//112 367//112
f 286//112 368//112 367//112
f 367//112 320//112 286//112
f 369//112 368//112 286//112
f 286//112 285//112 369//112
f 278//112 368//112 369//112
f 369//112 183//112 278//112
f 370//326 371//327 200//191
f 200//191 180//172 370//326
f 369//112 370//326 180//172
f 180//172 183//112 369//112
f 191//182 370//326 369//112
f 369//112 285//112 191//182
f 371//327 370//326 191//182
f 191//182 190//181 371//327
f 217//207 200//191 371//327
f 371//327 372//328 217//207
f 372//328 371//327 190//181
f 190//181 219//209 372//328
f 238//220 217//207 372//328
f 372//328 373//329 238//220
f 373//329 372//328 219//209
f 219//209 240//218 373//329
f 36//36 238//220 373//329
f 373//329 374//227 36//36
f 374//227 373//329 240//218
f 240//218 247//35 374//227
f 375//330 33//33 36//36
f 36//36 374//227 375//330
f 376//331 375//330 374//227
f 374//227 247//35 376//331
f 377//332 378//333 21//21
f 21//21 24//24 377//332
f 378//333 377//332 41//41
f 41//41 40//40 378//333
f 46//46 379//334 380//47
f 380//47 47//47 46//46
f 380//47 379//334 25//25
f 25//25 28//28 380//47
f 381//47 222//47 47//47
f 47//47 380//47 381//47
f 382//335 381//47 380//47
f 380//47 28//28 382//335
f 383//336 201//192 222//47
f 222//47 381//47 383//336
f 384//337 383//336 381//47
f 381//47 382//335 384//337
f 385//338 138//130 201//192
f 201//192 383//336 385//338
f 386//339 385//338 383//336
f 383//336 384//337 386//339
f 385//338 387//340 139//131
f 139//131 138//130 385//338
f 139//131 387//340 388//341
f 388//341 142//134 139//131
f 387//340 385//338 386//339
f 386//339 136//128 387//340
f 388//341 387//340 136//128
f 136//128 135//127 388//341
f 389//342 390//343 87//81
f 87//81 391//344 389//342
f 392//345 391//344 87//81
f 87//81 88//82 392//345
f 393//346 391//344 392//345
f 392//345 293//266 393//346
f 394//347 395//348 56//54
f 56//54 55//53 394//347
f 395//348 394//347 32//32
f 32//32 31//31 395//348
f 396//349 397//350 252//233
f 252//233 144//136 396//349
f 398//351 397//350 396//349
f 396//349 399//352 398//351
f 400//353 397//350 398//351
f 398//351 401//354 400//353
f 252//233 397//350 400//353
f 400//353 253//234 252//233
f 402//355 403//356 141//133
f 141//133 142//134 402//355
f 404//357 403//356 402//355
f 402//355 405//358 404//357
f 396//349 403//356 404//357
f 404//357 399//352 396//349
f 141//133 403//356 396//349
f 396//349 144//136 141//133
f 406//359 407//360 85//79
f 85//79 86//80 406//359
f 408//361 407//360 406//359
f 406//359 409//362 408//361
f 410//363 407//360 408//361
f 408//361 411//364 410//363
f 85//79 407//360 410//363
f 410//363 88//82 85//79
f 400//353 412//365 295//268
f 295//268 253//234 400//353
f 413//366 412//365 400//353
f 400//353 401//354 413//366
f 406//359 412//365 413//366
f 413//366 409//362 406//359
f 295//268 412//365 406//359
f 406//359 86//80 295//268
f 414//367 415//368 388//341
f 388//341 135//127 414//367
f 416//369 415//368 414//367
f 414//367 417//370 416//369
f 402//355 415//368 416//369
f 416//369 405//358 402//355
f 388//341 415//368 402//355
f 402//355 142//134 388//341
f 418//371 419//372 251//232
f 251//232 250//231 418//371
f 420//373 419//372 418//371
f 418//371 421//374 420//373
f 414//367 419//372 420//373
f 420//373 417//370 414//367
f 251//232 419//372 414//367
f 414//367 135//127 251//232
f 410//363 422//375 392//345
f 392//345 88//82 410//363
f 423//376 422//375 410//363
f 410//363 411//364 423//376
f 424//377 422//375 423//376
f 423//376 425//378 424//377
f 392//345 422//375 424//377
f 424//377 293//266 392//345
f 424//377 426//379 294//267
f 294//267 293//266 424//377
f 427//380 426//379 424//377
f 424//377 425//378 427//380
f 418//371 426//379 427//380
f 427//380 421//374 418//371
f 294//267 426//379 418//371
f 418//371 250//231 294//267
f 428//381 429//382 260//241
f 260//241 156//148 428//381
f 430//383 429//382 428//381
f 428//381 431//384 430//383
f 432//385 429//382 430//383
f 430//383 433//386 432//385
f 260//241 429//382 432//385
f 432//385 302//275 260//241
f 434//387 435//388 153//145
f 153//145 154//146 434//387
f 436//389 435//388 434//387
f 434//387 437//390 436//389
f 428//381 435//388 436//389
f 436//389 431//384 428//381
f 153//145 435//388 428//381
f 428//381 156//148 153//145
f 438//391 439//392 93//87
f 93//87 94//88 438//391
f 440//393 439//392 438//391
f 438//391 441//394 440//393
f 442//395 439//392 440//393
f 440//393 443//396 442//395
f 93//87 439//392 442//395
f 442//395 96//90 93//87
f 432//385 444//397 303//276
f 303//276 302//275 432//385
f 445//398 444//397 432//385
f 432//385 433//386 445//398
f 438//391 444//397 445//398
f 445//398 441//394 438//391
f 303//276 444//397 438//391
f 438//391 94//88 303//276
f 446//399 447//400 354//314
f 354//314 147//139 446//399
f 448//401 447//400 446//399
f 446//399 449//402 448//401
f 434//387 447//400 448//401
f 448//401 437//390 434//387
f 354//314 447//400 434//387
f 434//387 154//146 354//314
f 450//403 451//404 257//238
f 257//238 256//237 450//403
f 452//405 451//404 450//403
f 450//403 453//406 452//405
f 446//399 451//404 452//405
f 452//405 449//402 446//399
f 257//238 451//404 446//399
f 446//399 147//139 257//238
f 442//395 454//407 358//318
f 358//318 96//90 442//395
f 455//408 454//407 442//395
f 442//395 443//396 455//408
f 456//409 454//407 455//408
f 455//408 457//410 456//409
f 358//318 454//407 456//409
f 456//409 299//272 358//318
f 456//409 458//411 298//271
f 298//271 299//272 456//409
f 459//412 458//411 456//409
f 456//409 457//410 459//412
f 450//403 458//411 459//412
f 459//412 453//406 450//403
f 298//271 458//411 450//403
f 450//403 256//237 298//271
f 460//413 461//414 398//351
f 398//351 399//352 460//413
f 462//415 461//414 460//413
f 460//413 463//416 462//415
f 464//417 461//414 462//415
f 462//415 465//418 464//417
f 398//351 461//414 464//417
f 464//417 401//354 398//351
f 466//419 467//420 404//357
f 404//357 405//358 466//419
f 468//421 467//420 466//419
f 466//419 469//422 468//421
f 460//413 467//420 468//421
f 468//421 463//416 460//413
f 404//357 467//420 460//413
f 460//413 399//352 404//357
f 470//423 471//424 408//361
f 408//361 409//362 470//423
f 472//425 471//424 470//423
f 470//423 473//426 472//425
f 474//427 471//424 472//425
f 472//425 475//428 474//427
f 408//361 471//424 474//427
f 474//427 411//364 408//361
f 464//417 476//429 413//366
f 413//366 401//354 464//417
f 477//430 476//429 464//417
f 464//417 465//418 477//430
f 470//423 476//429 477//430
f 477//430 473//426 470//423
f 413//366 476//429 470//423
f 470//423 409//362 413//366
f 478//431 479//432 416//369
f 416//369 417//370 478//431
f 480//433 479//432 478//431
f 478//431 481//434 480//433
f 466//419 479//432 480//433
f 480//433 469//422 466//419
f 416//369 479//432 466//419
f 466//419 405//358 416//369
f 482//435 483//436 420//373
f 420//373 421//374 482//435
f 484//437 483//436 482//435
f 482//435 485//438 484//437
f 478//431 483//436 484//437
f 484//437 481//434 478//431
f 420//373 483//436 478//431
f 478//431 417//370 420//373
f 474//427 486//439 423//376
f 423//376 411//364 474//427
f 487//440 486//439 474//427
f 474//427 475//428 487//440
f 488//441 486//439 487//440
f 487//440 489//442 488//441
f 423//376 486//439 488//441
f 488//441 425//378 423//376
f 488//441 490//443 427//380
f 427//380 425//378 488//441
f 491//444 490//443 488//441
f 488//441 489//442 491//444
f 482//435 490//443 491//444
f 491//444 485//438 482//435
f 427//380 490//443 482//435
f 482//435 421//374 427//380
f 492//445 493//446 430//383
f 430//383 431//384 492//445
f 494//447 493//446 492//445
f 492//445 495//448 494//447
f 496//449 493//446 494//447
f 494//447 497//450 496//449
f 430//383 493//446 496//449
f 496//449 433//386 430//383
f 498//451 499//452 436//389
f 436//389 437//390 498//451
f 500//453 499//452 498//451
f 498//451 501//454 500//453
f 492//445 499//452 500//453
f 500//453 495//448 492//445
f 436//389 499//452 492//445
f 492//445 431//384 436//389
f 502//455 503//456 440//393
f 440//393 441//394 502//455
f 504//457 503//456 502//455
f 502//455 505//458 504//457
f 506//459 503//456 504//457
f 504//457 507//460 506//459
f 440//393 503//456 506//459
f 506//459 443//396 440//393
f 496//449 508//461 445//398
f 445//398 433//386 496//449
f 509//462 508//461 496//449
f 496//449 497//450 509//462
f 502//455 508//461 509//462
f 509//462 505//458 502//455
f 445//398 508//461 502//455
f 502//455 441//394 445//398
f 510//463 511//464 448//401
f 448//401 449//402 510//463
f 512//465 511//464 510//463
f 510//463 513//466 512//465
f 498//451 511//464 512//465
f 512//465 501//454 498//451
f 448//401 511//464 498//451
f 498//451 437//390 448//401
f 514//467 515//468 452//405
f 452//405 453//406 514//467
f 516//469 515//468 514//467
f 514//467 517//470 516//469
f 510//463 515//468 516//469
f 516//469 513//466 510//463
f 452//405 515//468 510//463
f 510//463 449//402 452//405
f 506//459 518//471 455//408
f 455//408 443//396 506//459
f 519//472 518//471 506//459
f 506//459 507//460 519//472
f 520//473 518//471 519//472
f 519//472 521//474 520//473
f 455//408 518//471 520//473
f 520//473 457//410 455//408
f 520//473 522//475 459//412
f 459//412 457//410 520//473
f 523//476 522//475 520//473
f 520//473 521//474 523//476
f 514//467 522//475 523//476
f 523//476 517//470 514//467
f 459//412 522//475 514//467
f 514//467 453//406 459//412
f 524//477 525//478 462//415
f 462//415 463//416 524//477
f 526//479 525//478 524//477
f 524//477 527//480 526//479
f 528//481 525//478 526//479
f 526//479 529//482 528//481
f 462//415 525//478 528//481
f 528//481 465//418 462//415
f 530//483 531//484 468//421
f 468//421 469//422 530//483
f 532//485 531//484 530//483
f 530//483 533//486 532//485
f 524//477 531//484 532//485
f 532//485 527//480 524//477
f 468//421 531//484 524//477
f 524//477 463//416 468//421
f 534//487 535//488 472//425
f 472//425 473//426 534//487
f 536//489 535//488 534//487
f 534//487 537//490 536//489
f 538//491 535//488 536//489
f 536//489 539//492 538//491
f 472//425 535//488 538//491
f 538//491 475//428 472//425
f 528//481 540//493 477//430
f 477//430 465//418 528//481
f 541//494 540//493 528//481
f 528//481 529//482 541//494
f 534//487 540//493 541//494
f 541//494 537//490 534//487
f 477//430 540//493 534//487
f 534//487 473//426 477//430
f 542//495 543//496 480//433
f 480//433 481//434 542//495
f 544//497 543//496 542//495
f 542//495 545//498 544//497
f 530//483 543//496 544//497
f 544//497 533//486 530//483
f 480//433 543//496 530//483
f 530//483 469//422 480//433
f 546//499 547//500 484//437
f 484//437 485//438 546//499
f 548//501 547//500 546//499
f 546//499 549//502 548//501
f 542//495 547//500 548//501
f 548//501 545//498 542//495
f 484//437 547//500 542//495
f 542//495 481//434 484//437
f 538//491 550//503 487//440
f 487//440 475//428 538//491
f 551//504 550//503 538//491
f 538//491 539//492 551//504
f 552//505 550//503 551//504
f 551//504 553//506 552//505
f 487//440 550//503 552//505
f 552//505 489//442 487//440
f 552//505 554//507 491//444
f 491//444 489//442 552//505
f 555//508 554//507 552//505
f 552//505 553//506 555//508
f 546//499 554//507 555//508
f 555//508 549//502 546//499
f 491//444 554//507 546//499
f 546//499 485//438 491//444
f 556//509 557//510 494//447
f 494//447 495//448 556//509
f 558//511 557//510 556//509
f 556//509 559//512 558//511
f 560//513 557//510 558//511
f 558//511 561//514 560//513
f 494//447 557//510 560//513
f 560//513 497//450 494//447
f 562//515 563//516 500//453
f 500//453 501//454 562//515
f 564//517 563//516 562//515
f 562//515 565//518 564//517
f 556//509 563//516 564//517
f 564//517 559//512 556//509
f 500//453 563//516 556//509
f 556//509 495//448 500//453
f 566//519 567//520 504//457
f 504//457 505//458 566//519
f 568//521 567//520 566//519
f 566//519 569//522 568//521
f 570//523 567//520 568//521
f 568//521 571//524 570//523
f 504//457 567//520 570//523
f 570//523 507//460 504//457
f 560//513 572//525 509//462
f 509//462 497//450 560//513
f 573//526 572//525 560//513
f 560//513 561//514 573//526
f 566//519 572//525 573//526
f 573//526 569//522 566//519
f 509//462 572//525 566//519
f 566//519 505//458 509//462
f 574//527 575//528 512//465
f 512//465 513//466 574//527
f 576//529 575//528 574//527
f 574//527 577//530 576//529
f 562//515 575//528 576//529
f 576//529 565//518 562//515
f 512//465 575//528 562//515
f 562//515 501//454 512//465
f 578//531 579//532 516//469
f 516//469 517//470 578//531
f 580//533 579//532 578//531
f 578//531 581//534 580//533
f 574//527 579//532 580//533
f 580//533 577//530 574//527
f 516//469 579//532 574//527
f 574//527 513//466 516//469
f 570//523 582//535 519//472
f 519//472 507//460 570//523
f 583//536 582//535 570//523
f 570//523 571//524 583//536
f 584//537 582//535 583//536
f 583//536 585//538 584//537
f 519//472 582//535 584//537
f 584//537 521//474 519//472
f 584//537 586//539 523//476
f 523//476 521//474 584//537
f 587//540 586//539 584//537
f 584//537 585//538 587//540
f 578//531 586//539 587//540
f 587//540 581//534 578//531
f 523//476 586//539 578//531
f 578//531 517//470 523//476
f 588//541 389//342 391//344
f 391//344 393//346 588//541
f 390//343 81//75 84//78
f 84//78 87//81 390//343
f 589//542 355//315 357//317
f 357//317 359//319 589//542
f 356//316 89//83 92//86
f 92//86 95//89 356//316
f 90//84 590//543 97//91
f 97//91 91//85 90//84
f 591//544 592//545 99//93
f 99//93 102//96 591//544
f 593//546 103//97 106//100
f 106//100 109//103 593//546
f 104//98 324//292 326//294
f 326//294 105//99 104//98
f 325//293 115//109 111//105
f 111//105 114//108 325//293
f 116//110 119//113 122//116
f 122//116 117//111 116//110
f 120//114 362//322 364//324
f 364//324 121//115 120//114
f 363//323 594//547 125//117
f 125//117 128//120 363//323
f 595//548 596//549 129//121
f 129//121 132//124 595//548
f 312//112 311//284 113//107
f 113//107 112//106 312//112
f 273//254 314//286 313//285
f 313//285 274//255 273//254
f 176//168 276//257 275//256
f 275//256 177//169 176//168
f 597//550 338//304 245//227
f 245//227 244//226 597//550
f 598//551 342//308 341//307
f 341//307 599//552 598//551
f 58//47 346//47 345//310
f 345//310 57//55 58//47
f 348//47 346//47 58//47
f 58//47 600//47 348//47
f 350//47 348//47 600//47
f 600//47 601//47 350//47
f 352//312 350//47 601//47
f 601//47 602//553 352//312
f 146//138 148//140 352//312
f 352//312 602//553 146//138
f 255//236 257//238 147//139
f 147//139 145//137 255//236
f 297//270 298//271 256//237
f 256//237 254//235 297//270
f 359//319 299//272 296//269
f 296//269 603//554 359//319
f 604//555 589//542 359//319
f 359//319 603//554 604//555
f 300//273 303//276 94//88
f 94//88 98//92 300//273
f 258//239 260//241 302//275
f 302//275 301//274 258//239
f 157//149 155//147 156//148
f 156//148 259//240 157//149
f 605//556 75//69 76//70
f 76//70 243//225 605//556
f 233//219 8//8 7//7
f 7//7 606//557 233//219
f 607//558 212//202 233//219
f 233//219 606//557 607//558
f 608//559 175//167 212//202
f 212//202 607//558 608//559
f 166//158 169//161 175//167
f 175//167 608//559 166//158
f 265//246 268//249 168//160
f 168//160 167//159 265//246
f 306//279 308//281 267//248
f 267//248 266//247 306//279
f 609//560 109//103 110//104
f 110//104 307//280 609//560
f 610//561 593//546 109//103
f 109//103 609//560 610//561
f 315//112 312//112 112//106
f 112//106 118//112 315//112
f 277//112 274//255 313//285
f 313//285 282//112 277//112
f 186//177 177//169 275//256
f 275//256 187//178 186//177
f 37//37 597//550 244//226
f 244//226 38//38 37//37
f 598//551 599//552 44//44
f 44//44 43//43 598//551
f 600//47 58//47 50//47
f 50//47 224//47 600//47
f 203//193 601//47 600//47
f 600//47 224//47 203//193
f 198//189 602//553 601//47
f 601//47 203//193 198//189
f 143//135 146//138 602//553
f 602//553 198//189 143//135
f 252//233 255//236 145//137
f 145//137 144//136 252//233
f 295//268 297//270 254//235
f 254//235 253//234 295//268
f 83//77 603//554 296//269
f 296//269 86//80 83//77
f 82//76 604//555 603//554
f 603//554 83//77 82//76
f 318//287 321//289 127//119
f 127//119 126//118 318//287
f 283//258 286//112 320//112
f 320//112 319//288 283//258
f 188//179 191//182 285//112
f 285//112 284//259 188//179
f 611//562 376//331 247//35
f 247//35 246//228 611//562
f 382//335 28//28 27//27
f 27//27 612//563 382//335
f 613//564 384//337 382//335
f 382//335 612//563 613//564
f 614//565 386//339 384//337
f 384//337 613//564 614//565
f 133//125 136//128 386//339
f 386//339 614//565 133//125
f 248//229 251//232 135//127
f 135//127 134//126 248//229
f 291//264 294//267 250//231
f 250//231 249//230 291//264
f 615//566 393//346 293//266
f 293//266 292//265 615//566
f 616//567 588//541 393//346
f 393//346 615//566 616//567
f 129//121 596//549 617//568
f 617//568 618//569 129//121
f 130//122 129//121 618//569
f 618//569 619//570 130//122
f 620//571 322//290 130//122
f 130//122 619//570 620//571
f 289//262 322//290 620//571
f 620//571 621//572 289//262
f 622//573 290//263 289//262
f 289//262 621//572 622//573
f 194//185 290//263 622//573
f 622//573 623//574 194//185
f 624//575 195//186 194//185
f 194//185 623//574 624//575
f 195//186 624//575 625//576
f 625//576 196//187 195//186
f 220//210 196//187 625//576
f 625//576 626//577 220//210
f 241//223 220//210 626//577
f 626//577 627//578 241//223
f 4//4 241//223 627//578
f 627//578 628//579 4//4
f 629//580 1//1 4//4
f 4//4 628//579 629//580
f 23//23 630//581 631//582
f 631//582 24//24 23//23
f 632//583 377//332 24//24
f 24//24 631//582 632//583
f 41//41 377//332 632//583
f 632//583 633//584 41//41
f 634//585 42//42 41//41
f 41//41 633//584 634//585
f 43//43 42//42 634//585
f 634//585 635//586 43//43
f 43//43 635//586 636//587
f 636//587 598//551 43//43
f 598//551 636//587 637//588
f 637//588 342//308 598//551
f 638//589 339//305 342//308
f 342//308 637//588 638//589
f 69//65 339//305 638//589
f 638//589 639//590 69//65
f 640//591 70//66 69//65
f 69//65 639//590 640//591
f 16//16 70//66 640//591
f 640//591 641//592 16//16
f 16//16 641//592 642//593
f 642//593 13//13 16//16
f 10//10 643//594 644//595
f 644//595 11//11 10//10
f 645//596 230//216 11//11
f 11//11 644//595 645//596
f 646//597 209//199 230//216
f 230//216 645//596 646//597
f 647//598 165//157 209//199
f 209//199 646//597 647//598
f 165//157 647//598 648//599
f 648//599 160//152 165//157
f 161//153 160//152 648//599
f 648//599 649//600 161//153
f 650//601 261//242 161//153
f 161//153 649//600 650//601
f 262//243 261//242 650//601
f 650//601 651//602 262//243
f 652//603 305//278 262//243
f 262//243 651//602 652//603
f 101//95 305//278 652//603
f 652//603 653//604 101//95
f 654//605 102//96 101//95
f 101//95 653//604 654//605
f 655//606 591//544 102//96
f 102//96 654//605 655//606
f 19//19 656//607 657//608
f 657//608 20//20 19//19
f 658//609 77//71 20//20
f 20//20 657//608 658//609
f 79//73 77//71 658//609
f 658//609 659//610 79//73
f 660//611 360//320 79//73
f 79//73 659//610 660//611
f 62//59 360//320 660//611
f 660//611 661//612 62//59
f 62//59 661//612 662//613
f 662//613 59//56 62//59
f 59//56 662//613 663//614
f 663//614 53//51 59//56
f 664//615 54//52 53//51
f 53//51 663//614 664//615
f 55//53 54//52 664//615
f 664//615 665//616 55//53
f 666//617 394//347 55//53
f 55//53 665//616 666//617
f 32//32 394//347 666//617
f 666//617 667//618 32//32
f 32//32 667//618 668//619
f 668//619 29//29 32//32
f 592//545 669//620 670//621
f 670//621 99//93 592//545
f 100//94 99//93 670//621
f 670//621 671//622 100//94
f 672//623 304//277 100//94
f 100//94 671//622 672//623
f 263//244 304//277 672//623
f 672//623 673//624 263//244
f 674//625 264//245 263//244
f 263//244 673//624 674//625
f 162//154 264//245 674//625
f 674//625 675//626 162//154
f 676//627 163//155 162//154
f 162//154 675//626 676//627
f 163//155 676//627 677//628
f 677//628 164//156 163//155
f 208//198 164//156 677//628
f 677//628 678//629 208//198
f 229//215 208//198 678//629
f 678//629 679//630 229//215
f 12//12 229//215 679//630
f 679//630 680//631 12//12
f 681//632 9//9 12//12
f 12//12 680//631 681//632
f 14//14 682//633 683//634
f 683//634 15//15 14//14
f 684//635 67//63 15//15
f 15//15 683//634 684//635
f 68//64 67//63 684//635
f 684//635 685//636 68//64
f 686//637 340//306 68//64
f 68//64 685//636 686//637
f 341//307 340//306 686//637
f 686//637 687//638 341//307
f 341//307 687//638 688//639
f 688//639 599//552 341//307
f 599//552 688//639 689//640
f 689//640 44//44 599//552
f 690//641 39//39 44//44
f 44//44 689//640 690//641
f 40//40 39//39 690//641
f 690//641 691//642 40//40
f 692//643 378//333 40//40
f 40//40 691//642 692//643
f 21//21 378//333 692//643
f 692//643 693//644 21//21
f 21//21 693//644 694//645
f 694//645 22//22 21//21
f 2//2 695//646 696//647
f 696//647 3//3 2//2
f 697//648 242//224 3//3
f 3//3 696//647 697//648
f 698//649 221//211 242//224
f 242//224 697//648 698//649
f 699//650 197//188 221//211
f 221//211 698//649 699//650
f 197//188 699//650 700//651
f 700//651 192//183 197//188
f 193//184 192//183 700//651
f 700//651 701//652 193//184
f 702//653 287//260 193//184
f 193//184 701//652 702//653
f 288//261 287//260 702//653
f 702//653 703//654 288//261
f 704//655 323//291 288//261
f 288//261 703//654 704//655
f 131//123 323//291 704//655
f 704//655 705//656 131//123
f 706//657 132//124 131//123
f 131//123 705//656 706//657
f 707//658 595//548 132//124
f 132//124 706//657 707//658
f 30//30 708//659 709//660
f 709//660 31//31 30//30
f 710//661 395//348 31//31
f 31//31 709//660 710//661
f 56//54 395//348 710//661
f 710//661 711//662 56//54
f 712//663 51//49 56//54
f 56//54 711//662 712//663
f 52//50 51//49 712//663
f 712//663 713//664 52//50
f 52//50 713//664 714//665
f 714//665 60//57 52//50
f 60//57 714//665 715//666
f 715//666 61//58 60//57
f 716//667 361//321 61//58
f 61//58 715//666 716//667
f 80//74 361//321 716//667
f 716//667 717//668 80//74
f 718//669 78//72 80//74
f 80//74 717//668 718//669
f 17//17 78//72 718//669
f 718//669 719//670 17//17
f 17//17 719//670 720//671
f 720//671 18//18 17//17
f 594//547 707//658 706//657
f 706//657 125//117 594//547
f 126//118 125//117 706//657
f 706//657 705//656 126//118
f 704//655 318//287 126//118
f 126//118 705//656 704//655
f 319//288 318//287 704//655
f 704//655 703//654 319//288
f 702//653 283//258 319//288
f 319//288 703//654 702//653
f 284//259 283//258 702//653
f 702//653 701//652 284//259
f 700//651 188//179 284//259
f 284//259 701//652 700//651
f 189//180 188//179 700//651
f 700//651 699//650 189//180
f 218//208 189//180 699//650
f 699//650 698//649 218//208
f 239//222 218//208 698//649
f 698//649 697//648 239//222
f 246//228 239//222 697//648
f 697//648 696//647 246//228
f 695//646 611//562 246//228
f 246//228 696//647 695//646
f 721//672 22//22 694//645
f 694//645 722//673 721//672
f 22//22 721//672 723//674
f 723//674 23//23 22//22
f 630//581 23//23 723//674
f 723//674 724//675 630//581
f 26//26 629//580 628//579
f 628//579 27//27 26//26
f 627//578 612//563 27//27
f 27//27 628//579 627//578
f 626//577 613//564 612//563
f 612//563 627//578 626//577
f 625//576 614//565 613//564
f 613//564 626//577 625//576
f 133//125 614//565 625//576
f 625//576 624//575 133//125
f 134//126 133//125 624//575
f 624//575 623//574 134//126
f 622//573 248//229 134//126
f 134//126 623//574 622//573
f 249//230 248//229 622//573
f 622//573 621//572 249//230
f 620//571 291//264 249//230
f 249//230 621//572 620//571
f 292//265 291//264 620//571
f 620//571 619//570 292//265
f 618//569 615//566 292//265
f 292//265 619//570 618//569
f 617//568 616//567 615//566
f 615//566 618//569 617//568
f 725//676 29//29 668//619
f 668//619 726//677 725//676
f 29//29 725//676 727//678
f 727//678 30//30 29//29
f 708//659 30//30 727//678
f 727//678 728//679 708//659
f 668//619 616//567 617//568
f 617//568 726//677 668//619
f 588//541 616//567 668//619
f 668//619 667//618 588//541
f 666//617 389//342 588//541
f 588//541 667//618 666//617
f 390//343 389//342 666//617
f 666//617 665//616 390//343
f 664//615 81//75 390//343
f 390//343 665//616 664//615
f 82//76 81//75 664//615
f 664//615 663//614 82//76
f 604//555 82//76 663//614
f 663//614 662//613 604//555
f 589//542 604//555 662//613
f 662//613 661//612 589//542
f 660//611 355//315 589//542
f 589//542 661//612 660//611
f 356//316 355//315 660//611
f 660//611 659//610 356//316
f 658//609 89//83 356//316
f 356//316 659//610 658//609
f 90//84 89//83 658//609
f 658//609 657//608 90//84
f 590//543 90//84 657//608
f 657//608 656//607 590//543
f 729//680 591//544 655//606
f 655//606 730//681 729//680
f 591//544 729//680 731//682
f 731//682 592//545 591//544
f 669//620 592//545 731//682
f 731//682 732//683 669//620
f 593//546 610//561 720//671
f 720//671 719//670 593//546
f 718//669 103//97 593//546
f 593//546 719//670 718//669
f 104//98 103//97 718//669
f 718//669 717//668 104//98
f 716//667 324//292 104//98
f 104//98 717//668 716//667
f 325//293 324//292 716//667
f 716//667 715//666 325//293
f 115//109 325//293 715//666
f 715//666 714//665 115//109
f 116//110 115//109 714//665
f 714//665 713//664 116//110
f 712//663 119//113 116//110
f 116//110 713//664 712//663
f 120//114 119//113 712//663
f 712//663 711//662 120//114
f 710//661 362//322 120//114
f 120//114 711//662 710//661
f 363//323 362//322 710//661
f 710//661 709//660 363//323
f 594//547 363//323 709//660
f 709//660 708//659 594//547
f 707//658 594//547 708//659
f 708//659 728//679 707//658
f 727//678 595//548 707//658
f 707//658 728//679 727//678
f 596//549 595//548 727//678
f 727//678 725//676 596//549
f 617//568 596//549 725//676
f 725//676 726//677 617//568
f 655//606 590//543 656//607
f 656//607 730//681 655//606
f 97//91 590//543 655//606
f 655//606 654//605 97//91
f 98//92 97//91 654//605
f 654//605 653//604 98//92
f 652//603 300//273 98//92
f 98//92 653//604 652//603
f 301//274 300//273 652//603
f 652//603 651//602 301//274
f 650//601 258//239 301//274
f 301//274 651//602 650//601
f 259//240 258//239 650//601
f 650//601 649//600 259//240
f 648//599 157//149 259//240
f 259//240 649//600 648//599
f 158//150 157//149 648//599
f 648//599 647//598 158//150
f 207//197 158//150 647//598
f 647//598 646//597 207//197
f 228//214 207//197 646//597
f 646//597 645//596 228//214
f 243//225 228//214 645//596
f 645//596 644//595 243//225
f 643//594 605//556 243//225
f 243//225 644//595 643//594
f 733//684 13//13 642//593
f 642//593 734//685 733//684
f 13//13 733//684 735//686
f 735//686 14//14 13//13
f 682//633 14//14 735//686
f 735//686 736//687 682//633
f 6//6 681//632 680//631
f 680//631 7//7 6//6
f 679//630 606//557 7//7
f 7//7 680//631 679//630
f 678//629 607//558 606//557
f 606//557 679//630 678//629
f 677//628 608//559 607//558
f 607//558 678//629 677//628
f 166//158 608//559 677//628
f 677//628 676//627 166//158
f 167//159 166//158 676//627
f 676//627 675//626 167//159
f 674//625 265//246 167//159
f 167//159 675//626 674//625
f 266//247 265//246 674//625
f 674//625 673//624 266//247
f 672//623 306//279 266//247
f 266//247 673//624 672//623
f 307//280 306//279 672//623
f 672//623 671//622 307//280
f 670//621 609//560 307//280
f 307//280 671//622 670//621
f 669//620 610//561 609//560
f 609//560 670//621 669//620
f 720//671 610//561 669//620
f 669//620 732//683 720//671
f 731//682 18//18 720//671
f 720//671 732//683 731//682
f 19//19 18//18 731//682
f 731//682 729//680 19//19
f 656//607 19//19 729//680
f 729//680 730//681 656//607
f 26//26 25//25 631//582
f 631//582 630//581 26//26
f 629//580 26//26 630//581
f 630//581 724//675 629//580
f 723//674 1//1 629//580
f 629//580 724//675 723//674
f 2//2 1//1 723//674
f 723//674 721//672 2//2
f 695//646 2//2 721//672
f 721//672 722//673 695//646
f 694//645 611//562 695//646
f 695//646 722//673 694//645
f 376//331 611//562 694//645
f 694//645 693//644 376//331
f 692//643 375//330 376//331
f 376//331 693//644 692//643
f 33//33 375//330 692//643
f 692//643 691//642 33//33
f 690//641 34//34 33//33
f 33//33 691//642 690//641
f 37//37 34//34 690//641
f 690//641 689//640 37//37
f 597//550 37//37 689//640
f 689//640 688//639 597//550
f 338//304 597//550 688//639
f 688//639 687//638 338//304
f 686//637 337//303 338//304
f 338//304 687//638 686//637
f 63//60 337//303 686//637
f 686//637 685//636 63//60
f 684//635 64//61 63//60
f 63//60 685//636 684//635
f 5//5 64//61 684//635
f 684//635 683//634 5//5
f 6//6 5//5 683//634
f 683//634 682//633 6//6
f 681//632 6//6 682//633
f 682//633 736//687 681//632
f 735//686 9//9 681//632
f 681//632 736//687 735//686
f 10//10 9//9 735//686
f 735//686 733//684 10//10
f 643//594 10//10 733//684
f 733//684 734//685 643//594
f 642//593 605//556 643//594
f 643//594 734//685 642//593
f 75//69 605//556 642//593
f 642//593 641//592 75//69
f 640//591 71//67 75//69
f 75//69 641//592 640//591
f 72//68 71//67 640//591
f 640//591 639//590 72//68
f 638//589 343//309 72//68
f 72//68 639//590 638//589
f 345//310 343//309 638//589
f 638//589 637//588 345//310
f 57//55 345//310 637//588
f 637//588 636//587 57//55
f 49//48 57//55 636//587
f 636//587 635//586 49//48
f 634//585 45//45 49//48
f 49//48 635//586 634//585
f 46//46 45//45 634//585
f 634//585 633//584 46//46
f 632//583 379//334 46//46
f 46//46 633//584 632//583
f 25//25 379//334 632//583
f 632//583 631//582 25//25
# Vertices: 736, normals: 687, texture coordinates: 0, faces: 1440

# boton_1_1
o obj2
v -1.39493632 -0.10567203 -0.21267115
v -1.37578654 -0.10567203 -0.21073811
v -1.3744297 -0.10567203 -0.19153894
v -1.39524913 -0.10567203 -0.19185184
v -1.37803769 -0.10509428 -0.22515599
v -1.39470148 -0.10509428 -0.22828566
v -1.3614428 -0.10509428 -0.20805459
v -1.36757135 -0.10464486 -0.21871017
v -1.35881519 -0.10509428 -0.19130425
v -1.42855346 -0.10509428 -0.20906319
v -1.41413546 -0.10567203 -0.21131442
v -1.41606855 -0.10567203 -0.19216473
v -1.43168306 -0.10509428 -0.19239937
v -1.41145194 -0.10509428 -0.22565816
v -1.4221077 -0.10464486 -0.21952979
v -1.37636292 -0.10567203 -0.17238919
v -1.39556217 -0.10567203 -0.17103247
v -1.36194503 -0.10509428 -0.17464046
v -1.37904644 -0.10509428 -0.15804546
v -1.3683908 -0.10464486 -0.16417386
v -1.39579678 -0.10509428 -0.15541796
v -1.41471171 -0.10567203 -0.17296557
v -1.42905545 -0.10509428 -0.17564906
v -1.41246057 -0.10509428 -0.15854765
v -1.42292702 -0.10464486 -0.16499345
v -1.36536372 -0.10336098 -0.2208523
v -1.37878823 -0.10336098 -0.22996195
v -1.37878823 -0.09373853 -0.22996195
v -1.36536372 -0.09373853 -0.2208523
v -1.39462328 -0.10336098 -0.23349048
v -1.3946234 -0.09373853 -0.23349051
v -1.35361028 -0.10336098 -0.19122605
v -1.35666156 -0.10336098 -0.2071601
v -1.35666156 -0.09373853 -0.2071601
v -1.3536104 -0.09373853 -0.19122605
v -1.42424977 -0.10336098 -0.22173731
v -1.43335938 -0.10336098 -0.20831282
v -1.43335938 -0.09373853 -0.20831279
v -1.42424977 -0.09373853 -0.22173734
v -1.43688798 -0.10336098 -0.19247763
v -1.43688786 -0.09373853 -0.19247763
v -1.41055751 -0.10336098 -0.23043941
v -1.41055751 -0.09373853 -0.23043941
v -1.36624861 -0.10336098 -0.16196634
v -1.35713887 -0.10336098 -0.17539088
v -1.35713887 -0.09373853 -0.17539088
v -1.36624861 -0.09373853 -0.16196634
v -1.39587498 -0.10336098 -0.15021314
v -1.37994099 -0.10336098 -0.15326421
v -1.37994099 -0.09373853 -0.15326421
v -1.39587498 -0.09373853 -0.15021311
v -1.4338367 -0.10336098 -0.17654355
v -1.4338367 -0.09373853 -0.17654355
v -1.42513466 -0.10336098 -0.16285132
v -1.42513466 -0.09373853 -0.16285132
v -1.41171014 -0.10336098 -0.15374167
v -1.41171014 -0.09373853 -0.15374167
v -1.36624861 -0.0694932 -0.16196634
v -1.35713887 -0.0694932 -0.17539088
v -1.35624957 -0.04582569 -0.17500673
v -1.36557174 -0.04582569 -0.16126888
v -1.35361028 -0.0694932 -0.19122605
v -1.35263872 -0.04582569 -0.19121145
v -1.39587498 -0.0694932 -0.15021314
v -1.37994099 -0.0694932 -0.15326421
v -1.3795836 -0.04582572 -0.15236364
v -1.39588952 -0.04582569 -0.14924137
v -1.42513466 -0.0694932 -0.16285132
v -1.41171014 -0.0694932 -0.15374167
v -1.41209435 -0.04582572 -0.15285228
v -1.42583203 -0.04582569 -0.16217451
v -1.43688798 -0.0694932 -0.19247763
v -1.4338367 -0.0694932 -0.17654355
v -1.43473721 -0.04582572 -0.17618631
v -1.43785965 -0.04582569 -0.19249223
v -1.42424977 -0.0694932 -0.22173731
v -1.43335938 -0.0694932 -0.20831282
v -1.43424881 -0.04582572 -0.20869698
v -1.42492664 -0.04582569 -0.2224348
v -1.39462328 -0.0694932 -0.23349048
v -1.41055751 -0.0694932 -0.23043941
v -1.41091466 -0.04582569 -0.23133998
v -1.39460874 -0.04582569 -0.23446225
v -1.36536372 -0.0694932 -0.2208523
v -1.37878823 -0.0694932 -0.22996195
v -1.37840402 -0.04582569 -0.23085137
v -1.36466634 -0.04582569 -0.22152911
v -1.35666156 -0.0694932 -0.2071601
v -1.35576105 -0.04582569 -0.20751737
vn 0.00025 -0.99986 -0.0166
vn 0.01952 -0.99963 -0.01894
vn 0.0166 -0.99986 0.00025
vn 0 -1 -0
vn 0.054 -0.99113 -0.12141
vn 0.00185 -0.9924 -0.12301
vn 0.12297 -0.99113 -0.05032
vn 0.14555 -0.97922 -0.14124
vn 0.12301 -0.9924 0.00185
vn -0.12141 -0.99113 -0.05399
vn -0.01894 -0.99963 -0.01952
vn -0.0166 -0.99986 -0.00025
vn -0.123 -0.9924 -0.00185
vn -0.05032 -0.99113 -0.12297
vn -0.14123 -0.97922 -0.14554
vn 0.01894 -0.99963 0.01952
vn -0.00025 -0.99986 0.0166
vn 0.1214 -0.99113 0.05399
vn 0.05032 -0.99113 0.12297
vn 0.14123 -0.97922 0.14554
vn -0.00185 -0.9924 0.12301
vn -0.01952 -0.99963 0.01894
vn -0.12297 -0.99113 0.05032
vn -0.05399 -0.99113 0.12141
vn -0.14554 -0.97922 0.14123
vn 0.69756 -0.23498 -0.6769
vn 0.36235 -0.33226 -0.87081
vn 0.39652 0 -0.91802
vn 0.71765 0 -0.6964
vn 0.01397 -0.36812 -0.92967
vn 0.01503 -0 -0.99989
vn 0.92967 -0.36813 0.01397
vn 0.8813 -0.33227 -0.33602
vn 0.92952 0 -0.36876
vn 0.99989 0 0.01502
vn -0.6769 -0.23499 -0.69756
vn -0.87081 -0.33226 -0.36235
vn -0.91802 -0 -0.39652
vn -0.6964 -0 -0.71765
vn -0.92967 -0.36812 -0.01397
vn -0.99989 -0 -0.01502
vn -0.33601 -0.33227 -0.8813
vn -0.36875 0 -0.92953
vn 0.6769 -0.23499 0.69756
vn 0.8708 -0.33228 0.36235
vn 0.91802 0 0.39653
vn 0.6964 0 0.71766
vn -0.01397 -0.36812 0.92967
vn 0.33601 -0.33227 0.8813
vn 0.36876 0 0.92953
vn -0.01503 0 0.99989
vn -0.8813 -0.33227 0.33602
vn -0.92953 0 0.36876
vn -0.69756 -0.23499 0.6769
vn -0.71765 0 0.6964
vn -0.36235 -0.33227 0.87081
vn -0.39652 0 0.91802
vn 0.69625 -0.02045 0.7175
vn 0.91783 -0.02038 0.39644
vn 0.91726 -0.0409 0.39619
vn 0.69581 -0.04103 0.71705
vn 0.99968 -0.02045 0.01502
vn 0.99905 -0.04103 0.01501
vn -0.01502 -0.02045 0.99968
vn 0.36868 -0.02039 0.92933
vn 0.36845 -0.0409 0.92875
vn -0.01502 -0.04103 0.99905
vn -0.7175 -0.02045 0.69625
vn -0.39644 -0.02038 0.91783
vn -0.39619 -0.0409 0.91726
vn -0.71705 -0.04103 0.69581
vn -0.99968 -0.02045 -0.01502
vn -0.92933 -0.02038 0.36868
vn -0.92875 -0.0409 0.36845
vn -0.99905 -0.04103 -0.01501
vn -0.69625 -0.02045 -0.7175
vn -0.91783 -0.02038 -0.39644
vn -0.91726 -0.0409 -0.39619
vn -0.69581 -0.04102 -0.71705
vn 0.01502 -0.02045 -0.99968
vn -0.36868 -0.02038 -0.92933
vn -0.36844 -0.0409 -0.92875
vn 0.01501 -0.04103 -0.99905
vn 0.7175 -0.02045 -0.69626
vn 0.39644 -0.02039 -0.91783
vn 0.39619 -0.0409 -0.91726
vn 0.71705 -0.04103 -0.69582
vn 0.92933 -0.02038 -0.36869
vn 0.92875 -0.0409 -0.36845
usemtl mat1
f 737//688 738//689 739//690
f 739//690 740//691 737//688
f 741//692 738//689 737//688
f 737//688 742//693 741//692
f 743//694 738//689 741//692
f 741//692 744//695 743//694
f 739//690 738//689 743//694
f 743//694 745//696 739//690
f 746//697 747//698 748//699
f 748//699 749//700 746//697
f 750//701 747//698 746//697
f 746//697 751//702 750//701
f 737//688 747//698 750//701
f 750//701 742//693 737//688
f 748//699 747//698 737//688
f 737//688 740//691 748//699
f 739//690 752//703 753//704
f 753//704 740//691 739//690
f 754//705 752//703 739//690
f 739//690 745//696 754//705
f 755//706 752//703 754//705
f 754//705 756//707 755//706
f 753//704 752//703 755//706
f 755//706 757//708 753//704
f 748//699 758//709 759//710
f 759//710 749//700 748//699
f 753//704 758//709 748//699
f 748//699 740//691 753//704
f 760//711 758//709 753//704
f 753//704 757//708 760//711
f 759//710 758//709 760//711
f 760//711 761//712 759//710
f 762//713 763//714 764//715
f 764//715 765//716 762//713
f 741//692 763//714 762//713
f 762//713 744//695 741//692
f 766//717 763//714 741//692
f 741//692 742//693 766//717
f 764//715 763//714 766//717
f 766//717 767//718 764//715
f 768//719 769//720 770//721
f 770//721 771//722 768//719
f 743//694 769//720 768//719
f 768//719 745//696 743//694
f 762//713 769//720 743//694
f 743//694 744//695 762//713
f 770//721 769//720 762//713
f 762//713 765//716 770//721
f 772//723 773//724 774//725
f 774//725 775//726 772//723
f 746//697 773//724 772//723
f 772//723 751//702 746//697
f 776//727 773//724 746//697
f 746//697 749//700 776//727
f 774//725 773//724 776//727
f 776//727 777//728 774//725
f 766//717 778//729 779//730
f 779//730 767//718 766//717
f 750//701 778//729 766//717
f 766//717 742//693 750//701
f 772//723 778//729 750//701
f 750//701 751//702 772//723
f 779//730 778//729 772//723
f 772//723 775//726 779//730
f 780//731 781//732 782//733
f 782//733 783//734 780//731
f 754//705 781//732 780//731
f 780//731 756//707 754//705
f 768//719 781//732 754//705
f 754//705 745//696 768//719
f 782//733 781//732 768//719
f 768//719 771//722 782//733
f 784//735 785//736 786//737
f 786//737 787//738 784//735
f 755//706 785//736 784//735
f 784//735 757//708 755//706
f 780//731 785//736 755//706
f 755//706 756//707 780//731
f 786//737 785//736 780//731
f 780//731 783//734 786//737
f 776//727 788//739 789//740
f 789//740 777//728 776//727
f 759//710 788//739 776//727
f 776//727 749//700 759//710
f 790//741 788//739 759//710
f 759//710 761//712 790//741
f 789//740 788//739 790//741
f 790//741 791//742 789//740
f 790//741 792//743 793//744
f 793//744 791//742 790//741
f 760//711 792//743 790//741
f 790//741 761//712 760//711
f 784//735 792//743 760//711
f 760//711 757//708 784//735
f 793//744 792//743 784//735
f 784//735 787//738 793//744
f 794//745 795//746 796//747
f 796//747 797//748 794//745
f 782//733 795//746 794//745
f 794//745 783//734 782//733
f 798//749 795//746 782//733
f 782//733 771//722 798//749
f 796//747 795//746 798//749
f 798//749 799//750 796//747
f 800//751 801//752 802//753
f 802//753 803//754 800//751
f 786//737 801//752 800//751
f 800//751 787//738 786//737
f 794//745 801//752 786//737
f 786//737 783//734 794//745
f 802//753 801//752 794//745
f 794//745 797//748 802//753
f 804//755 805//756 806//757
f 806//757 807//758 804//755
f 793//744 805//756 804//755
f 804//755 791//742 793//744
f 800//751 805//756 793//744
f 793//744 787//738 800//751
f 806//757 805//756 800//751
f 800//751 803//754 806//757
f 808//759 809//760 810//761
f 810//761 811//762 808//759
f 789//740 809//760 808//759
f 808//759 777//728 789//740
f 804//755 809//760 789//740
f 789//740 791//742 804//755
f 810//761 809//760 804//755
f 804//755 807//758 810//761
f 812//763 813//764 814//765
f 814//765 815//766 812//763
f 774//725 813//764 812//763
f 812//763 775//726 774//725
f 808//759 813//764 774//725
f 774//725 777//728 808//759
f 814//765 813//764 808//759
f 808//759 811//762 814//765
f 816//767 817//768 818//769
f 818//769 819//770 816//767
f 779//730 817//768 816//767
f 816//767 767//718 779//730
f 812//763 817//768 779//730
f 779//730 775//726 812//763
f 818//769 817//768 812//763
f 812//763 815//766 818//769
f 820//771 821//772 822//773
f 822//773 823//774 820//771
f 764//715 821//772 820//771
f 820//771 765//716 764//715
f 816//767 821//772 764//715
f 764//715 767//718 816//767
f 822//773 821//772 816//767
f 816//767 819//770 822//773
f 798//749 824//775 825//776
f 825//776 799//750 798//749
f 770//721 824//775 798//749
f 798//749 771//722 770//721
f 820//771 824//775 770//721
f 770//721 765//716 820//771
f 825//776 824//775 820//771
f 820//771 823//774 825//776
# Vertices: 89, normals: 89, texture coordinates: 0, faces: 160

# boton_2_2
o obj3
v -1.39493906 -0.10567205 0.17177704
v -1.37595904 -0.10567205 0.17369297
v -1.37461436 -0.10567205 0.19272198
v -1.39524913 -0.10567205 0.19241187
v -1.37819028 -0.10498159 0.15940285
v -1.39470649 -0.10498153 0.15630092
v -1.3617425 -0.10498159 0.17635266
v -1.36781645 -0.1044445 0.16579154
v -1.35913813 -0.10498153 0.19295454
v -1.42825818 -0.10498153 0.17535305
v -1.41396809 -0.10567205 0.17312177
v -1.41588402 -0.10567205 0.19210178
v -1.43136024 -0.10498153 0.19186918
v -1.41130829 -0.10498159 0.15890513
v -1.42186952 -0.1044445 0.1649792
v -1.37653017 -0.10567205 0.21170197
v -1.39555919 -0.10567205 0.2130467
v -1.36224008 -0.10498159 0.20947067
v -1.37918997 -0.10498153 0.22591859
v -1.36862898 -0.1044445 0.21984452
v -1.39579201 -0.10498153 0.22852282
v -1.41453934 -0.10567205 0.21113077
v -1.42875624 -0.10498153 0.20847107
v -1.41230822 -0.10498153 0.22542089
v -1.42268205 -0.1044445 0.2190322
v -1.36562848 -0.10291009 0.16366836
v -1.37893391 -0.10291009 0.15463947
v -1.37893391 -0.09306221 0.15463947
v -1.3656286 -0.09306215 0.16366836
v -1.39462888 -0.10291009 0.15114221
v -1.39462888 -0.09306215 0.15114221
v -1.35397947 -0.10291009 0.19303207
v -1.35700357 -0.10291009 0.17723922
v -1.35700357 -0.09306221 0.17723922
v -1.35397959 -0.09306215 0.19303207
v -1.42399263 -0.10291009 0.16279125
v -1.43302155 -0.10291009 0.17609681
v -1.43302155 -0.09306221 0.17609681
v -1.42399263 -0.09306215 0.16279125
v -1.43651891 -0.10291009 0.19179165
v -1.43651879 -0.09306215 0.19179165
v -1.41042185 -0.10291009 0.15416625
v -1.41042185 -0.09306221 0.15416625
v -1.36650586 -0.10291009 0.22203247
v -1.35747683 -0.10291009 0.20872691
v -1.35747671 -0.09306221 0.20872691
v -1.36650586 -0.09306215 0.22203247
v -1.39586949 -0.10291009 0.23368153
v -1.38007665 -0.10291009 0.23065747
v -1.38007665 -0.09306221 0.23065747
v -1.39586949 -0.09306215 0.23368153
v -1.43349493 -0.10291009 0.2075845
v -1.43349493 -0.09306221 0.2075845
v -1.42487001 -0.10291009 0.22115538
v -1.42487001 -0.09306215 0.22115538
v -1.41156435 -0.10291009 0.23018427
v -1.41156435 -0.09306221 0.23018427
v -1.36650586 -0.06904238 0.22203247
v -1.35747683 -0.06904238 0.20872691
v -1.35654497 -0.045713 0.20912936
v -1.3657968 -0.045713 0.22276315
v -1.35397947 -0.06904238 0.19303207
v -1.35296154 -0.045713 0.19304737
v -1.39586949 -0.06904238 0.23368153
v -1.38007665 -0.06904238 0.23065747
v -1.37970233 -0.04571303 0.23160091
v -1.39588475 -0.045713 0.23469955
v -1.42487001 -0.06904238 0.22115538
v -1.41156435 -0.06904238 0.23018427
v -1.41196668 -0.04571303 0.23111603
v -1.42560077 -0.045713 0.2218644
v -1.43651891 -0.06904238 0.19179165
v -1.43349493 -0.06904238 0.2075845
v -1.43443835 -0.04571303 0.20795879
v -1.43753684 -0.045713 0.19177637
v -1.42399263 -0.06904238 0.16279125
v -1.43302155 -0.06904238 0.17609681
v -1.4339534 -0.04571303 0.17569436
v -1.42470169 -0.045713 0.16206057
v -1.39462888 -0.06904238 0.15114221
v -1.41042185 -0.06904238 0.15416625
v -1.41079605 -0.045713 0.15322283
v -1.39461362 -0.045713 0.15012418
v -1.36562848 -0.06904238 0.16366836
v -1.37893391 -0.06904238 0.15463947
v -1.37853146 -0.045713 0.15370771
v -1.36489785 -0.045713 0.16295934
v -1.35700357 -0.06904238 0.17723922
v -1.35606015 -0.045713 0.17686495
vn 0.0003 -0.9998 -0.02001
vn 0.02353 -0.99946 -0.02283
vn 0.02001 -0.9998 0.0003
vn 0 -1 0
vn 0.06451 -0.98724 -0.14558
vn 0.00222 -0.98904 -0.14766
vn 0.14745 -0.98724 -0.06011
vn 0.17388 -0.9702 -0.16873
vn 0.14766 -0.98904 0.00222
vn -0.14558 -0.98724 -0.06451
vn -0.02283 -0.99946 -0.02353
vn -0.02001 -0.9998 -0.0003
vn -0.14766 -0.98904 -0.00222
vn -0.06011 -0.98724 -0.14746
vn -0.16873 -0.9702 -0.17388
vn 0.02283 -0.99946 0.02353
vn -0.0003 -0.9998 0.02001
vn 0.14558 -0.98724 0.06451
vn 0.06011 -0.98724 0.14746
vn 0.16873 -0.9702 0.17388
vn -0.00222 -0.98904 0.14766
vn -0.02353 -0.99946 0.02283
vn -0.14746 -0.98724 0.06011
vn -0.06451 -0.98724 0.14558
vn -0.17388 -0.97021 0.16873
vn 0.69928 -0.22487 -0.67856
vn 0.36296 -0.31688 -0.87627
vn 0.39652 0 -0.91802
vn 0.71766 -0 -0.6964
vn 0.01407 -0.35166 -0.93602
vn 0.01503 0 -0.99989
vn 0.93603 -0.35165 0.01407
vn 0.88678 -0.31687 -0.33647
vn 0.92953 0 -0.36876
vn 0.99989 -0 0.01503
vn -0.67857 -0.22487 -0.69927
vn -0.87627 -0.31688 -0.36296
vn -0.91802 0 -0.39652
vn -0.6964 0 -0.71765
vn -0.93603 -0.35164 -0.01407
vn -0.99989 -0 -0.01503
vn -0.33646 -0.31688 -0.88678
vn -0.36876 0 -0.92953
vn 0.67856 -0.22487 0.69927
vn 0.87626 -0.31689 0.36297
vn 0.91802 -0 0.39653
vn 0.6964 0 0.71765
vn -0.01407 -0.35166 0.93602
vn 0.33647 -0.31689 0.88678
vn 0.36876 0 0.92953
vn -0.01503 0 0.99989
vn -0.88678 -0.31688 0.33646
vn -0.92953 0 0.36875
vn -0.69927 -0.22487 0.67857
vn -0.71765 0 0.6964
vn -0.36296 -0.31689 0.87627
vn -0.39652 0 0.91803
vn 0.69624 -0.02169 0.71748
vn 0.91781 -0.02162 0.39644
vn 0.91716 -0.04346 0.39615
vn 0.69574 -0.0436 0.71697
vn 0.99965 -0.02169 0.01502
vn 0.99894 -0.0436 0.01501
vn -0.01502 -0.02169 0.99965
vn 0.36867 -0.02162 0.92931
vn 0.36841 -0.04346 0.92865
vn -0.01501 -0.0436 0.99894
vn -0.71748 -0.02169 0.69624
vn -0.39643 -0.02162 0.91781
vn -0.39615 -0.04346 0.91716
vn -0.71697 -0.0436 0.69574
vn -0.99965 -0.02169 -0.01503
vn -0.92931 -0.02162 0.36867
vn -0.92865 -0.04347 0.3684
vn -0.99894 -0.0436 -0.01502
vn -0.69624 -0.02169 -0.71748
vn -0.91781 -0.02162 -0.39643
vn -0.91716 -0.04347 -0.39615
vn -0.69574 -0.0436 -0.71697
vn 0.01502 -0.02169 -0.99965
vn -0.36867 -0.02162 -0.92931
vn -0.36841 -0.04346 -0.92865
vn 0.01501 -0.0436 -0.99894
vn 0.71749 -0.0217 -0.69623
vn 0.39643 -0.02162 -0.91781
vn 0.39615 -0.04346 -0.91716
vn 0.71697 -0.0436 -0.69574
vn 0.92931 -0.02162 -0.36867
vn 0.92865 -0.04347 -0.36841
usemtl mat1
f 826//777 827//778 828//779
f 828//779 829//780 826//777
f 830//781 827//778 826//777
f 826//777 831//782 830//781
f 832//783 827//778 830//781
f 830//781 833//784 832//783
f 828//779 827//778 832//783
f 832//783 834//785 828//779
f 835//786 836//787 837//788
f 837//788 838//789 835//786
f 839//790 836//787 835//786
f 835//786 840//791 839//790
f 826//777 836//787 839//790
f 839//790 831//782 826//777
f 837//788 836//787 826//777
f 826//777 829//780 837//788
f 828//779 841//792 842//793
f 842//793 829//780 828//779
f 843//794 841//792 828//779
f 828//779 834//785 843//794
f 844//795 841//792 843//794
f 843//794 845//796 844//795
f 842//793 841//792 844//795
f 844//795 846//797 842//793
f 837//788 847//798 848//799
f 848//799 838//789 837//788
f 842//793 847//798 837//788
f 837//788 829//780 842//793
f 849//800 847//798 842//793
f 842//793 846//797 849//800
f 848//799 847//798 849//800
f 849//800 850//801 848//799
f 851//802 852//803 853//804
f 853//804 854//805 851//802
f 830//781 852//803 851//802
f 851//802 833//784 830//781
f 855//806 852//803 830//781
f 830//781 831//782 855//806
f 853//804 852//803 855//806
f 855//806 856//807 853//804
f 857//808 858//809 859//810
f 859//810 860//811 857//808
f 832//783 858//809 857//808
f 857//808 834//785 832//783
f 851//802 858//809 832//783
f 832//783 833//784 851//802
f 859//810 858//809 851//802
f 851//802 854//805 859//810
f 861//812 862//813 863//814
f 863//814 864//815 861//812
f 835//786 862//813 861//812
f 861//812 840//791 835//786
f 865//816 862//813 835//786
f 835//786 838//789 865//816
f 863//814 862//813 865//816
f 865//816 866//817 863//814
f 855//806 867//818 868//819
f 868//819 856//807 855//806
f 839//790 867//818 855//806
f 855//806 831//782 839//790
f 861//812 867//818 839//790
f 839//790 840//791 861//812
f 868//819 867//818 861//812
f 861//812 864//815 868//819
f 869//820 870//821 871//822
f 871//822 872//823 869//820
f 843//794 870//821 869//820
f 869//820 845//796 843//794
f 857//808 870//821 843//794
f 843//794 834//785 857//808
f 871//822 870//821 857//808
f 857//808 860//811 871//822
f 873//824 874//825 875//826
f 875//826 876//827 873//824
f 844//795 874//825 873//824
f 873//824 846//797 844//795
f 869//820 874//825 844//795
f 844//795 845//796 869//820
f 875//826 874//825 869//820
f 869//820 872//823 875//826
f 865//816 877//828 878//829
f 878//829 866//817 865//816
f 848//799 877//828 865//816
f 865//816 838//789 848//799
f 879//830 877//828 848//799
f 848//799 850//801 879//830
f 878//829 877//828 879//830
f 879//830 880//831 878//829
f 879//830 881//832 882//833
f 882//833 880//831 879//830
f 849//800 881//832 879//830
f 879//830 850//801 849//800
f 873//824 881//832 849//800
f 849//800 846//797 873//824
f 882//833 881//832 873//824
f 873//824 876//827 882//833
f 883//834 884//835 885//836
f 885//836 886//837 883//834
f 871//822 884//835 883//834
f 883//834 872//823 871//822
f 887//838 884//835 871//822
f 871//822 860//811 887//838
f 885//836 884//835 887//838
f 887//838 888//839 885//836
f 889//840 890//841 891//842
f 891//842 892//843 889//840
f 875//826 890//841 889//840
f 889//840 876//827 875//826
f 883//834 890//841 875//826
f 875//826 872//823 883//834
f 891//842 890//841 883//834
f 883//834 886//837 891//842
f 893//844 894//845 895//846
f 895//846 896//847 893//844
f 882//833 894//845 893//844
f 893//844 880//831 882//833
f 889//840 894//845 882//833
f 882//833 876//827 889//840
f 895//846 894//845 889//840
f 889//840 892//843 895//846
f 897//848 898//849 899//850
f 899//850 900//851 897//848
f 878//829 898//849 897//848
f 897//848 866//817 878//829
f 893//844 898//849 878//829
f 878//829 880//831 893//844
f 899//850 898//849 893//844
f 893//844 896//847 899//850
f 901//852 902//853 903//854
f 903//854 904//855 901//852
f 863//814 902//853 901//852
f 901//852 864//815 863//814
f 897//848 902//853 863//814
f 863//814 866//817 897//848
f 903//854 902//853 897//848
f 897//848 900//851 903//854
f 905//856 906//857 907//858
f 907//858 908//859 905//856
f 868//819 906//857 905//856
f 905//856 856//807 868//819
f 901//852 906//857 868//819
f 868//819 864//815 901//852
f 907//858 906//857 901//852
f 901//852 904//855 907//858
f 909//860 910//861 911//862
f 911//862 912//863 909//860
f 853//804 910//861 909//860
f 909//860 854//805 853//804
f 905//856 910//861 853//804
f 853//804 856//807 905//856
f 911//862 910//861 905//856
f 905//856 908//859 911//862
f 887//838 913//864 914//865
f 914//865 888//839 887//838
f 859//810 913//864 887//838
f 887//838 860//811 859//810
f 909//860 913//864 859//810
f 859//810 854//805 909//860
f 914//865 913//864 909//860
f 909//860 912//863 914//865
# Vertices: 89, normals: 89, texture coordinates: 0, faces: 160

# borde_1_3
o obj4
v -1.55905581 -0.08609277 -0.05446921
v -1.53860593 -0.08609277 -0.05446921
v -1.53860593 -0.07920137 -0.05263022
v -1.55905581 -0.07920137 -0.05263022
v -1.53860593 -0.1049097 -0.05711749
v -1.55905581 -0.1049097 -0.05711749
v -1.51811016 -0.08609277 -0.05446921
v -1.51811016 -0.1049097 -0.05711749
v -1.51811016 -0.07920137 -0.05263022
v -1.53860593 -0.07241541 -0.24833333
v -1.53860593 -0.07241541 -0.28125235
v -1.55905581 -0.07241541 -0.28125235
v -1.55905581 -0.07241541 -0.24833333
v -1.51811016 -0.07241541 -0.28125235
v -1.51811016 -0.07241541 -0.24833333
v -1.53860593 -0.07308874 -0.30576193
v -1.51811016 -0.07308874 -0.30576193
v -1.55905581 -0.07308874 -0.30576193
v -1.53860593 -0.07920137 -0.3123605
v -1.53860593 -0.08609277 -0.31052148
v -1.55905581 -0.08609277 -0.31052148
v -1.55905581 -0.07920137 -0.3123605
v -1.51811016 -0.08609277 -0.31052148
v -1.51811016 -0.07920137 -0.3123605
v -1.53860593 -0.1049097 -0.30787322
v -1.51811016 -0.1049097 -0.30787322
v -1.55905581 -0.1049097 -0.30787322
v -1.53860593 -0.31231022 -0.24650358
v -1.53860605 -0.28624031 -0.27393335
v -1.51811016 -0.28624031 -0.27393335
v -1.51811016 -0.31231022 -0.24650358
v -1.55905592 -0.28624031 -0.27393335
v -1.55905581 -0.31231022 -0.24650358
v -1.53860593 -0.25497806 -0.29324132
v -1.55905581 -0.25497806 -0.29324132
v -1.51811028 -0.25497806 -0.29324132
v -1.50699615 -0.09044176 -0.24787709
v -1.50699615 -0.0884828 -0.27942741
v -1.50699615 -0.08038717 -0.28034693
v -1.50699615 -0.08135909 -0.24810699
v -1.50699615 -0.11058787 -0.27810329
v -1.50699615 -0.11524191 -0.24754606
v -1.50763845 -0.08669028 -0.30274796
v -1.50763845 -0.10632924 -0.30043072
v -1.50763845 -0.07949782 -0.30435711
v -1.56984866 -0.09044176 -0.24787709
v -1.56984866 -0.0884828 -0.27942741
v -1.56984866 -0.11058786 -0.27810329
v -1.56984866 -0.11524191 -0.24754606
v -1.56984866 -0.08038717 -0.28034693
v -1.56984866 -0.08135909 -0.24810699
v -1.56925225 -0.08669028 -0.30274796
v -1.56925225 -0.07949782 -0.30435711
v -1.56925225 -0.10632924 -0.30043072
v -1.53860593 -0.07241541 -0.11665735
v -1.53860593 -0.07241541 -0.08373836
v -1.51811016 -0.07241541 -0.08373836
v -1.51811016 -0.07241541 -0.11665735
v -1.55905581 -0.07241541 -0.08373836
v -1.55905581 -0.07241541 -0.11665735
v -1.53860593 -0.07308874 -0.05922879
v -1.55905581 -0.07308874 -0.05922879
v -1.51811016 -0.07308874 -0.05922879
v -1.50699615 -0.09044176 -0.11711359
v -1.50699615 -0.0884828 -0.08556329
v -1.50699615 -0.11058787 -0.08688743
v -1.50699615 -0.11524191 -0.11744462
v -1.50699615 -0.08038717 -0.08464379
v -1.50699615 -0.08135909 -0.11688371
v -1.50763845 -0.08669028 -0.06224273
v -1.50763845 -0.07949782 -0.06063361
v -1.50763845 -0.10632924 -0.06455998
v -1.53860593 -0.31231022 -0.1184871
v -1.53860593 -0.28624031 -0.09105737
v -1.55905581 -0.28624031 -0.09105737
v -1.55905581 -0.31231022 -0.1184871
v -1.51811016 -0.28624031 -0.09105737
v -1.51811016 -0.31231022 -0.1184871
v -1.53860593 -0.25497803 -0.07174937
v -1.51811016 -0.25497806 -0.07174937
v -1.55905581 -0.25497806 -0.07174937
v -1.56984866 -0.09044176 -0.11711358
v -1.56984866 -0.0884828 -0.08556329
v -1.56984866 -0.08038717 -0.08464379
v -1.56984866 -0.08135909 -0.11688371
v -1.56984866 -0.11058787 -0.08688743
v -1.56984866 -0.11524191 -0.11744462
v -1.56925225 -0.08669028 -0.06224273
v -1.56925225 -0.10632924 -0.06455998
v -1.56925225 -0.07949782 -0.06063361
v -1.53860593 -0.07241541 -0.14957634
v -1.55905581 -0.07241541 -0.14957634
v -1.51811016 -0.07241541 -0.14957634
v -1.53860593 -0.07241541 -0.18249531
v -1.51811016 -0.07241541 -0.18249531
v -1.55905581 -0.07241541 -0.18249531
v -1.50699615 -0.09153862 -0.14957634
v -1.50699615 -0.08190328 -0.14957634
v -1.50699615 -0.11784779 -0.14957634
v -1.50699615 -0.09187151 -0.18249531
v -1.50699615 -0.11863868 -0.18249531
v -1.50699615 -0.08206844 -0.18249531
v -1.53860593 -0.33133721 -0.18249531
v -1.53860593 -0.32690707 -0.14957634
v -1.55905581 -0.32690707 -0.14957634
v -1.55905581 -0.33133721 -0.18249531
v -1.51811016 -0.32690707 -0.14957634
v -1.51811016 -0.33133721 -0.18249531
v -1.56984866 -0.09187151 -0.18249531
v -1.56984866 -0.09153862 -0.14957632
v -1.56984866 -0.08190328 -0.14957634
v -1.56984866 -0.08206844 -0.18249531
v -1.56984866 -0.11784779 -0.14957634
v -1.56984866 -0.11863868 -0.18249531
v -1.53860593 -0.07241541 -0.21541432
v -1.55905581 -0.07241541 -0.21541432
v -1.51811016 -0.07241541 -0.21541432
v -1.50699615 -0.09153862 -0.21541432
v -1.50699615 -0.08190328 -0.21541432
v -1.50699615 -0.11784779 -0.21541432
v -1.53860593 -0.32690707 -0.21541432
v -1.55905581 -0.32690707 -0.21541432
v -1.51811016 -0.32690707 -0.21541432
v -1.56984866 -0.09153862 -0.21541432
v -1.56984866 -0.08190328 -0.21541432
v -1.56984866 -0.11784779 -0.21541432
v -1.53860593 -0.14477895 -0.0606375
v -1.51811016 -0.14477895 -0.0606375
v -1.55905581 -0.14477895 -0.0606375
v -1.53860593 -0.18998295 -0.0637124
v -1.55905581 -0.18998295 -0.0637124
v -1.51811016 -0.18998295 -0.0637124
v -1.50699615 -0.16778839 -0.11788462
v -1.50699615 -0.15742399 -0.08864743
v -1.50699615 -0.21052705 -0.09018488
v -1.50699615 -0.22736587 -0.11826898
v -1.50763845 -0.1479402 -0.06763998
v -1.50763845 -0.19511898 -0.07033052
v -1.50699615 -0.17359154 -0.14957634
v -1.50699615 -0.23679411 -0.14957634
v -1.50699615 -0.17535281 -0.18249531
v -1.50699615 -0.23965561 -0.18249531
v -1.50699615 -0.17359154 -0.21541432
v -1.50699615 -0.23679413 -0.21541432
v -1.50699615 -0.16778839 -0.24710606
v -1.50699615 -0.22736587 -0.2467217
v -1.50699615 -0.21052705 -0.27480581
v -1.50699615 -0.15742399 -0.27634329
v -1.50763845 -0.1479402 -0.2973507
v -1.50763845 -0.19511898 -0.29466018
v -1.53860593 -0.14477895 -0.30435321
v -1.55905581 -0.14477895 -0.30435321
v -1.51811016 -0.14477895 -0.30435321
v -1.53860593 -0.18998295 -0.30127829
v -1.51811016 -0.18998295 -0.30127829
v -1.55905581 -0.18998295 -0.30127829
v -1.56984866 -0.15742397 -0.27634329
v -1.56984866 -0.16778839 -0.24710606
v -1.56925225 -0.1479402 -0.2973507
v -1.56984866 -0.21052705 -0.27480581
v -1.56925225 -0.19511896 -0.29466018
v -1.56984866 -0.22736587 -0.2467217
v -1.56984866 -0.17359154 -0.21541432
v -1.56984866 -0.23679411 -0.21541432
v -1.56984866 -0.17535281 -0.18249531
v -1.56984866 -0.23965561 -0.18249531
v -1.56984866 -0.17359154 -0.14957634
v -1.56984866 -0.23679413 -0.14957634
v -1.56984866 -0.16778839 -0.11788462
v -1.56984866 -0.22736587 -0.11826898
v -1.56984866 -0.21052705 -0.09018488
v -1.56984866 -0.15742399 -0.08864743
v -1.56925225 -0.14794022 -0.06763998
v -1.56925225 -0.19511898 -0.07033053
v -1.55905581 -0.22480412 -0.06502537
v -1.53860593 -0.22480412 -0.06502537
v -1.51811016 -0.22480412 -0.06502537
v -1.50699615 -0.25143296 -0.09084137
v -1.50699615 -0.2732591 -0.1184331
v -1.50763845 -0.23146133 -0.07147938
v -1.50763845 -0.27753848 -0.09100337
v -1.50813806 -0.25482601 -0.07666714
v -1.50763845 -0.30254745 -0.1184736
v -1.50699615 -0.28547981 -0.14957634
v -1.50763845 -0.31655025 -0.14957634
v -1.50699615 -0.28918883 -0.18249531
v -1.50763845 -0.32080013 -0.18249531
v -1.50699615 -0.28547984 -0.21541432
v -1.50763845 -0.31655025 -0.21541432
v -1.50699615 -0.2732591 -0.24655758
v -1.50763845 -0.30254745 -0.24651708
v -1.50699615 -0.25143296 -0.27414933
v -1.50763845 -0.27753848 -0.27398735
v -1.50763845 -0.23146133 -0.29351133
v -1.50813806 -0.25482601 -0.28832355
v -1.51811016 -0.22480412 -0.29996532
v -1.53860593 -0.22480412 -0.29996532
v -1.55905581 -0.22480412 -0.29996532
v -1.56925225 -0.23146133 -0.29351133
v -1.56984866 -0.25143296 -0.27414933
v -1.56925225 -0.27753848 -0.27398735
v -1.56878829 -0.25482601 -0.28832355
v -1.56984866 -0.2732591 -0.24655758
v -1.56925225 -0.30254745 -0.24651708
v -1.56984866 -0.28547981 -0.21541432
v -1.56925225 -0.31655025 -0.21541432
v -1.56984866 -0.2891888 -0.18249531
v -1.56925225 -0.32080013 -0.18249531
v -1.56984866 -0.28547984 -0.14957634
v -1.56925225 -0.31655025 -0.14957634
v -1.56984866 -0.2732591 -0.1184331
v -1.56925225 -0.30254745 -0.1184736
v -1.56984866 -0.25143296 -0.09084137
v -1.56925225 -0.23146133 -0.07147937
v -1.56925225 -0.27753848 -0.09100337
v -1.56878829 -0.25482601 -0.07666715
v -1.56746292 -0.28624031 -0.09105737
v -1.56746292 -0.31231022 -0.1184871
v -1.56746292 -0.25497803 -0.07174937
v -1.56746292 -0.32690707 -0.14957634
v -1.56746292 -0.33133721 -0.18249531
v -1.56746292 -0.32690707 -0.21541432
v -1.56746292 -0.31231022 -0.24650358
v -1.56746292 -0.28624031 -0.27393335
v -1.56746292 -0.25497806 -0.29324132
v -1.56746292 -0.22480412 -0.29996532
v -1.56746292 -0.18998295 -0.30127829
v -1.56746292 -0.1049097 -0.30787322
v -1.56746304 -0.14477895 -0.30435321
v -1.56746292 -0.08609277 -0.31052148
v -1.56746292 -0.07920137 -0.3123605
v -1.56746292 -0.07241541 -0.24833333
v -1.56746292 -0.07241541 -0.28125235
v -1.56925225 -0.07320639 -0.2811625
v -1.56925225 -0.07330284 -0.24831088
v -1.56746292 -0.07308874 -0.30576193
v -1.56746292 -0.07241541 -0.21541432
v -1.56746292 -0.07241541 -0.18249531
v -1.56925225 -0.07335682 -0.21541432
v -1.56925225 -0.07337321 -0.18249531
v -1.56746292 -0.07241541 -0.14957634
v -1.56746292 -0.07241541 -0.11665735
v -1.56925225 -0.07335682 -0.14957634
v -1.56925225 -0.07330284 -0.11667982
v -1.56925225 -0.07320639 -0.0838282
v -1.56746292 -0.07241541 -0.08373836
v -1.56746292 -0.07308874 -0.05922879
v -1.56746292 -0.08609277 -0.05446921
v -1.56746292 -0.1049097 -0.05711749
v -1.56746292 -0.07920137 -0.05263022
v -1.56746292 -0.14477895 -0.0606375
v -1.56746292 -0.18998295 -0.0637124
v -1.56746292 -0.22480412 -0.06502537
v -1.50956535 -0.28624031 -0.09105737
v -1.50956535 -0.31231022 -0.1184871
v -1.50956535 -0.25497803 -0.07174937
v -1.50956535 -0.22480412 -0.06502537
v -1.50956535 -0.18998295 -0.0637124
v -1.50956535 -0.1049097 -0.05711749
v -1.50956535 -0.14477895 -0.0606375
v -1.50956535 -0.08609277 -0.05446921
v -1.50956535 -0.07920137 -0.05263022
v -1.50956535 -0.07241541 -0.11665735
v -1.50956535 -0.07241541 -0.08373836
v -1.50763845 -0.07320639 -0.0838282
v -1.50763845 -0.07330284 -0.11667982
v -1.50956535 -0.07308874 -0.05945338
v -1.50813806 -0.07366472 -0.05945339
v -1.50956535 -0.07241541 -0.14957634
v -1.50763845 -0.07335682 -0.14957634
v -1.50956535 -0.07241541 -0.18249531
v -1.50763845 -0.07337321 -0.18249531
v -1.50956535 -0.07241541 -0.21541432
v -1.50763845 -0.07335682 -0.21541432
v -1.50956535 -0.07241541 -0.24833333
v -1.50763845 -0.07330284 -0.24831088
v -1.50763845 -0.07320639 -0.2811625
v -1.50956535 -0.07241541 -0.28125235
v -1.50956535 -0.07308874 -0.30561152
v -1.50813806 -0.07366472 -0.30557173
v -1.50956535 -0.07920137 -0.3123605
v -1.50956535 -0.08609277 -0.31052148
v -1.50956535 -0.1049097 -0.30787322
v -1.50956535 -0.14477895 -0.30435321
v -1.50956535 -0.18998295 -0.30127829
v -1.50956535 -0.22480412 -0.29996532
v -1.50956535 -0.25497806 -0.29324132
v -1.50956535 -0.28624031 -0.27393335
v -1.50956535 -0.31231022 -0.24650358
v -1.50956535 -0.32690707 -0.21541432
v -1.50956535 -0.33133721 -0.18249531
v -1.50956535 -0.32690707 -0.14957634
v -1.55905581 -0.07510871 -0.31345266
v -1.56746292 -0.07510871 -0.31345266
v -1.53860593 -0.07510871 -0.31345266
v -1.51811016 -0.07510871 -0.31345266
v -1.50956535 -0.07510871 -0.31345266
v -1.50763845 -0.07522637 -0.30546314
v -1.50699615 -0.07557934 -0.280893
v -1.50699615 -0.07596509 -0.2482435
v -1.50699615 -0.07618107 -0.21541432
v -1.50699615 -0.07624662 -0.18249531
v -1.50699615 -0.07618107 -0.14957634
v -1.50699615 -0.07596508 -0.11674719
v -1.50699615 -0.07557934 -0.08409772
v -1.50763845 -0.07522637 -0.0594534
v -1.50956535 -0.07510871 -0.05153808
v -1.51811016 -0.07510871 -0.05153808
v -1.53860593 -0.07510871 -0.05153808
v -1.55905581 -0.07510871 -0.05153808
v -1.56746292 -0.07510871 -0.05153808
v -1.56925225 -0.07522637 -0.05967799
v -1.56984866 -0.07596508 -0.11674719
v -1.56984866 -0.07557934 -0.08409772
v -1.56792057 -0.07462217 -0.05979667
v -1.56984866 -0.07618107 -0.14957634
v -1.56984866 -0.07624662 -0.18249531
v -1.56984866 -0.07618107 -0.21541432
v -1.56984866 -0.07596509 -0.2482435
v -1.56984866 -0.07557934 -0.280893
v -1.56790793 -0.07463555 -0.30542123
v -1.56925225 -0.07522637 -0.30531275
vn 0 -0.17195 0.98511
vn 0 -0.17195 0.98511
vn 0 -0.25783 0.96619
vn 0 -0.25783 0.96619
vn 0 -0.10453 0.99452
vn 0 -0.10453 0.99452
vn 0 -0.17195 0.98511
vn 0 -0.10453 0.99452
vn 0 -0.25783 0.96619
vn 0 1 0
vn 0 0.99993 -0.01172
vn 0 0.99993 -0.01172
vn 3E-05 0.99993 -0.01173
vn 0 0.99652 -0.08335
vn 0.00022 0.9965 -0.08362
vn 0 0.99652 -0.08335
vn 0 -0.25783 -0.96619
vn 0 -0.17195 -0.98511
vn 0 -0.17195 -0.98511
vn 0 -0.25783 -0.96619
vn 0 -0.17195 -0.98511
vn 0 -0.25783 -0.96619
vn 0 -0.10453 -0.99452
vn 0 -0.10453 -0.99452
vn 0 -0.10453 -0.99452
vn 0 -0.82118 -0.57067
vn 0 -0.63186 -0.77509
vn 0 -0.63186 -0.77509
vn 0 -0.82118 -0.57067
vn 0 -0.63186 -0.77508
vn 0 -0.82118 -0.57067
vn 0 -0.39014 -0.92075
vn 0 -0.39014 -0.92075
vn 0 -0.39015 -0.92075
vn 1 -0 0
vn 0.99993 -0.00121 -0.0115
vn 0.99994 -0.0019 -0.01107
vn 1 -0 0
vn 0.99993 -0.00077 -0.01217
vn 1 -0 0
vn 0.99639 -0.01205 -0.08408
vn 0.99598 -0.00774 -0.08922
vn 0.99659 -0.01854 -0.08039
vn -1 0 0
vn -0.99994 -0.00112 -0.01068
vn -0.99994 -0.00071 -0.0113
vn -1 0 0
vn -0.99995 -0.0017 -0.01028
vn -1 1E-05 0
vn -0.99688 -0.0112 -0.07812
vn -0.99702 -0.01694 -0.07529
vn -0.99653 -0.00719 -0.0829
vn 0 0.99993 0.01172
vn 5E-05 0.99993 0.01173
vn 0 0.99993 0.01172
vn 0 0.99652 0.08335
vn 0 0.99652 0.08335
vn 0.00033 0.99649 0.08376
vn 1 -0 0
vn 0.99993 -0.00121 0.0115
vn 0.99993 -0.00077 0.01217
vn 1 0 0
vn 0.99994 -0.00192 0.01107
vn 1 -0 0
vn 0.99639 -0.01205 0.08408
vn 0.99661 -0.01868 0.08007
vn 0.99598 -0.00774 0.08922
vn 0 -0.82118 0.57067
vn 0 -0.63186 0.77508
vn 0 -0.63186 0.77509
vn 0 -0.82118 0.57067
vn 0 -0.63186 0.77509
vn 0 -0.82118 0.57067
vn -0 -0.39015 0.92075
vn 0 -0.39014 0.92075
vn -0 -0.39015 0.92075
vn -1 -0 0
vn -0.99994 -0.00112 0.01068
vn -0.99995 -0.00169 0.01028
vn -1 0 0
vn -0.99994 -0.00071 0.0113
vn -1 -0 0
vn -0.99688 -0.0112 0.07812
vn -0.99653 -0.00719 0.0829
vn -0.99702 -0.01693 0.07529
vn 1 -0 0
vn 1 -0 0
vn 1 0 0
vn 0 -1 -0
vn 0 -0.95855 0.28494
vn 0 -0.95855 0.28494
vn 0 -1 -0
vn 0 -0.95855 0.28494
vn 0 -1 0
vn -1 -0 0
vn -1 -0 0
vn -1 -0 0
vn -1 -0 0
vn -1 -0 0
vn -1 0 0
vn 1 -0 0
vn 1 -0 0
vn 0 -0.95855 -0.28494
vn 0 -0.95855 -0.28494
vn -1 0 0
vn -1 0 0
vn -1 0 0
vn 0 -0.07729 0.99701
vn 0 -0.07729 0.99701
vn 0 -0.07729 0.99701
vn 0 -0.05475 0.9985
vn 0 -0.05475 0.9985
vn 0 -0.05475 0.9985
vn 1 0 0
vn 0.99992 -0.00057 0.01229
vn 0.99993 -0.00035 0.0117
vn 1 -0 0
vn 0.99587 -0.00576 0.09059
vn 0.99612 -0.00371 0.08794
vn 1 0 0
vn 1 0 0
vn 1 -0 0
vn 0.99993 -0.00035 -0.0117
vn 0.99992 -0.00057 -0.01229
vn 0.99587 -0.00576 -0.09059
vn 0.99612 -0.00371 -0.08794
vn 0 -0.07729 -0.99701
vn 0 -0.07729 -0.99701
vn 0 -0.07729 -0.99701
vn 0 -0.05475 -0.9985
vn 0 -0.05475 -0.9985
vn 0 -0.05475 -0.9985
vn -0.99993 -0.00053 -0.01141
vn -1 -0 0
vn -0.99644 -0.00535 -0.08417
vn -0.99994 -0.00032 -0.01086
vn -0.99665 -0.00344 -0.0817
vn -1 -0 0
vn -1 -0 0
vn -0.99994 -0.00032 0.01086
vn -0.99993 -0.00053 0.01141
vn -0.99644 -0.00535 0.08417
vn -0.99665 -0.00344 0.0817
vn 0 -0.12272 0.99244
vn 0 -0.12272 0.99244
vn 0 -0.12272 0.99244
vn 0.99977 -0.0089 0.01971
vn 0.99994 -0.00937 0.00646
vn 0.99516 -0.01536 0.09704
vn 0.99458 -0.06371 0.08214
vn 0.98538 -0.06955 0.15553
vn 0.99622 -0.07087 0.05031
vn 0.99996 -0.00892 0.00257
vn 0.99747 -0.06808 0.02042
vn 0.99996 -0.00869 0
vn 0.99778 -0.06653 0
vn 0.99996 -0.00892 -0.00257
vn 0.99747 -0.06808 -0.02042
vn 0.99994 -0.00937 -0.00646
vn 0.99622 -0.07086 -0.05031
vn 0.99977 -0.0089 -0.01971
vn 0.99458 -0.06371 -0.08214
vn 0.99516 -0.01536 -0.09704
vn 0.98538 -0.06954 -0.15553
vn 0 -0.12272 -0.99244
vn 0 -0.12272 -0.99244
vn 0 -0.12272 -0.99244
vn -0.99582 -0.0143 -0.09018
vn -0.9998 -0.00827 -0.01831
vn -0.99532 -0.05921 -0.07638
vn -0.98735 -0.06473 -0.14472
vn -0.99994 -0.0087 -0.006
vn -0.99673 -0.06585 -0.04676
vn -0.99996 -0.00828 -0.00239
vn -0.99782 -0.06325 -0.01897
vn -0.99997 -0.00807 -0
vn -0.99809 -0.06181 -0
vn -0.99996 -0.00828 0.00239
vn -0.99782 -0.06325 0.01897
vn -0.99994 -0.0087 0.006
vn -0.99673 -0.06585 0.04676
vn -0.9998 -0.00827 0.01831
vn -0.99582 -0.0143 0.09018
vn -0.99532 -0.05921 0.07638
vn -0.98735 -0.06473 0.14472
vn -0.49831 -0.55764 0.66387
vn -0.59877 -0.66325 0.44897
vn -0.35415 -0.36089 0.86275
vn -0.66736 -0.71507 0.2081
vn -0.68973 -0.72406 -0
vn -0.66736 -0.71507 -0.2081
vn -0.59877 -0.66326 -0.44896
vn -0.49831 -0.55765 -0.66387
vn -0.35415 -0.36089 -0.86275
vn -0.5086 -0.09715 -0.85551
vn -0.56401 -0.04539 -0.82452
vn -0.56577 -0.08556 -0.82011
vn -0.55941 -0.06356 -0.82645
vn -0.58405 -0.13873 -0.79978
vn -0.59074 -0.20528 -0.78031
vn -0.0856 0.99633 0.0002
vn -0.09844 0.99505 -0.01329
vn -0.79652 0.60436 -0.01729
vn -0.82639 0.5631 0.00129
vn -0.11124 0.99033 -0.08292
vn -0.09101 0.99585 9E-05
vn -0.09273 0.99569 0
vn -0.84227 0.53905 0.00058
vn -0.84688 0.53179 0
vn -0.09101 0.99585 -9E-05
vn -0.0856 0.99633 -0.0002
vn -0.84227 0.53906 -0.00058
vn -0.82638 0.56311 -0.00129
vn -0.79656 0.60431 0.01719
vn -0.09813 0.99509 0.01327
vn -0.10666 0.99081 0.08314
vn -0.58405 -0.13874 0.79978
vn -0.56577 -0.08556 0.82012
vn -0.59074 -0.20527 0.78031
vn -0.55941 -0.06356 0.82645
vn -0.56401 -0.04539 0.82452
vn -0.5086 -0.09715 0.85551
vn 0.4887 -0.5616 0.66766
vn 0.58901 -0.66948 0.45262
vn 0.34702 -0.36173 0.86529
vn 0.49865 -0.09742 0.86131
vn 0.55339 -0.04578 0.83166
vn 0.55569 -0.08624 0.82691
vn 0.54915 -0.06405 0.83326
vn 0.57392 -0.13992 0.80687
vn 0.57777 -0.20917 0.78895
vn 0.08337 0.99652 -0.00021
vn 0.07384 0.9972 0.01144
vn 0.77842 0.62768 0.00934
vn 0.80622 0.59161 -0.00136
vn 0.07634 0.99375 0.08145
vn 0.75948 0.64742 0.06359
vn 0.08864 0.99606 -0.0001
vn 0.82338 0.56749 -0.00061
vn 0.09031 0.99591 0
vn 0.82838 0.56017 -0
vn 0.08864 0.99606 0.0001
vn 0.82338 0.56749 0.00061
vn 0.08336 0.99652 0.00021
vn 0.80622 0.59162 0.00136
vn 0.77834 0.62777 -0.00934
vn 0.07383 0.99721 -0.01144
vn 0.07627 0.9937 -0.08206
vn 0.75291 0.65499 -0.06411
vn 0.57872 -0.20845 -0.78844
vn 0.57392 -0.13992 -0.80687
vn 0.55569 -0.08624 -0.8269
vn 0.54915 -0.06405 -0.83326
vn 0.55339 -0.04578 -0.83166
vn 0.49865 -0.09742 -0.86131
vn 0.34702 -0.36173 -0.86529
vn 0.4887 -0.5616 -0.66766
vn 0.58901 -0.66948 -0.45262
vn 0.65785 -0.7232 -0.21026
vn 0.68037 -0.73287 -0
vn 0.65786 -0.7232 0.21026
vn 0 0.7336 -0.67958
vn -0.3477 0.64954 -0.67617
vn 0 0.7336 -0.67958
vn 0.00058 0.73474 -0.67835
vn 0.33832 0.65031 -0.68017
vn 0.99181 0.09749 -0.0825
vn 0.99626 0.08588 -0.00998
vn 0.99674 0.08065 0.00046
vn 0.99714 0.07564 0.0002
vn 0.99724 0.07418 -0
vn 0.99714 0.07564 -0.0002
vn 0.99674 0.08066 -0.00046
vn 0.99625 0.08589 0.00997
vn 0.99165 0.09764 0.08428
vn 0.33683 0.6524 0.67891
vn 0.00087 0.73529 0.67775
vn 0 0.7336 0.67958
vn -0.34813 0.64967 0.67582
vn -0.98556 0.15088 0.0768
vn -0.99719 0.07493 -0.00043
vn -0.99428 0.10622 0.01155
vn -0.78248 0.62046 0.05252
vn -0.99753 0.07026 -0.00019
vn -0.99762 0.06891 0
vn -0.99753 0.07026 0.00019
vn -0.99719 0.07493 0.00043
vn -0.99424 0.10654 -0.01158
vn -0.78176 0.62133 -0.053
vn -0.98462 0.15728 -0.07614
usemtl mat0
f 915//866 916//867 917//868
f 917//868 918//869 915//866
f 919//870 916//867 915//866
f 915//866 920//871 919//870
f 921//872 916//867 919//870
f 919//870 922//873 921//872
f 917//868 916//867 921//872
f 921//872 923//874 917//868
f 924//875 925//876 926//877
f 926//877 927//875 924//875
f 928//878 925//876 924//875
f 924//875 929//875 928//878
f 930//879 925//876 928//878
f 928//878 931//880 930//879
f 926//877 925//876 930//879
f 930//879 932//881 926//877
f 933//882 934//883 935//884
f 935//884 936//885 933//882
f 937//886 934//883 933//882
f 933//882 938//887 937//886
f 939//888 934//883 937//886
f 937//886 940//889 939//888
f 935//884 934//883 939//888
f 939//888 941//890 935//884
f 942//891 943//892 944//893
f 944//893 945//894 942//891
f 946//895 943//892 942//891
f 942//891 947//896 946//895
f 948//897 943//892 946//895
f 946//895 949//898 948//897
f 944//893 943//892 948//897
f 948//897 950//899 944//893
f 951//900 952//901 953//902
f 953//902 954//903 951//900
f 955//904 952//901 951//900
f 951//900 956//905 955//904
f 957//906 952//901 955//904
f 955//904 958//907 957//906
f 953//902 952//901 957//906
f 957//906 959//908 953//902
f 960//909 961//910 962//911
f 962//911 963//912 960//909
f 964//913 961//910 960//909
f 960//909 965//914 964//913
f 966//915 961//910 964//913
f 964//913 967//916 966//915
f 962//911 961//910 966//915
f 966//915 968//917 962//911
f 969//875 970//918 971//919
f 971//919 972//875 969//875
f 973//920 970//918 969//875
f 969//875 974//875 973//920
f 975//921 970//918 973//920
f 973//920 976//922 975//921
f 971//919 970//918 975//921
f 975//921 977//923 971//919
f 978//924 979//925 980//926
f 980//926 981//927 978//924
f 982//928 979//925 978//924
f 978//924 983//929 982//928
f 984//930 979//925 982//928
f 982//928 985//931 984//930
f 980//926 979//925 984//930
f 984//930 986//932 980//926
f 987//933 988//934 989//935
f 989//935 990//936 987//933
f 991//937 988//934 987//933
f 987//933 992//938 991//937
f 993//939 988//934 991//937
f 991//937 994//940 993//939
f 989//935 988//934 993//939
f 993//939 995//941 989//935
f 996//942 997//943 998//944
f 998//944 999//945 996//942
f 1000//946 997//943 996//942
f 996//942 1001//947 1000//946
f 1002//948 997//943 1000//946
f 1000//946 1003//949 1002//948
f 998//944 997//943 1002//948
f 1002//948 1004//950 998//944
f 969//875 1005//875 1006//875
f 1006//875 974//875 969//875
f 1007//875 1005//875 969//875
f 969//875 972//875 1007//875
f 1008//875 1005//875 1007//875
f 1007//875 1009//875 1008//875
f 1006//875 1005//875 1008//875
f 1008//875 1010//875 1006//875
f 978//924 1011//951 1012//952
f 1012//952 983//929 978//924
f 1013//953 1011//951 978//924
f 978//924 981//927 1013//953
f 1014//953 1011//951 1013//953
f 1013//953 1015//953 1014//953
f 1012//952 1011//951 1014//953
f 1014//953 1016//953 1012//952
f 1017//954 1018//955 1019//956
f 1019//956 1020//957 1017//954
f 1021//958 1018//955 1017//954
f 1017//954 1022//959 1021//958
f 987//933 1018//955 1021//958
f 1021//958 992//938 987//933
f 1019//956 1018//955 987//933
f 987//933 990//936 1019//956
f 1023//960 1024//961 1025//962
f 1025//962 1026//963 1023//960
f 1027//964 1024//961 1023//960
f 1023//960 1028//965 1027//964
f 996//942 1024//961 1027//964
f 1027//964 1001//947 996//942
f 1025//962 1024//961 996//942
f 996//942 999//945 1025//962
f 1008//875 1029//875 1030//875
f 1030//875 1010//875 1008//875
f 1031//875 1029//875 1008//875
f 1008//875 1009//875 1031//875
f 924//875 1029//875 1031//875
f 1031//875 929//875 924//875
f 1030//875 1029//875 924//875
f 924//875 927//875 1030//875
f 1014//953 1032//966 1033//967
f 1033//967 1016//953 1014//953
f 1034//953 1032//966 1014//953
f 1014//953 1015//953 1034//953
f 951//900 1032//966 1034//953
f 1034//953 956//905 951//900
f 1033//967 1032//966 951//900
f 951//900 954//903 1033//967
f 942//891 1035//968 1036//969
f 1036//969 947//896 942//891
f 1037//969 1035//968 942//891
f 942//891 945//894 1037//969
f 1017//954 1035//968 1037//969
f 1037//969 1022//959 1017//954
f 1036//969 1035//968 1017//954
f 1017//954 1020//957 1036//969
f 960//909 1038//970 1039//971
f 1039//971 965//914 960//909
f 1040//972 1038//970 960//909
f 960//909 963//912 1040//972
f 1023//960 1038//970 1040//972
f 1040//972 1028//965 1023//960
f 1039//971 1038//970 1023//960
f 1023//960 1026//963 1039//971
f 919//870 1041//973 1042//974
f 1042//974 922//873 919//870
f 1043//975 1041//973 919//870
f 919//870 920//871 1043//975
f 1044//976 1041//973 1043//975
f 1043//975 1045//977 1044//976
f 1042//974 1041//973 1044//976
f 1044//976 1046//978 1042//974
f 1047//979 1048//980 1049//981
f 1049//981 1050//982 1047//979
f 980//926 1048//980 1047//979
f 1047//979 981//927 980//926
f 1051//983 1048//980 980//926
f 980//926 986//932 1051//983
f 1049//981 1048//980 1051//983
f 1051//983 1052//984 1049//981
f 1047//979 1053//953 1013//953
f 1013//953 981//927 1047//979
f 1054//985 1053//953 1047//979
f 1047//979 1050//982 1054//985
f 1055//953 1053//953 1054//985
f 1054//985 1056//953 1055//953
f 1013//953 1053//953 1055//953
f 1055//953 1015//953 1013//953
f 1055//953 1057//953 1034//953
f 1034//953 1015//953 1055//953
f 1058//953 1057//953 1055//953
f 1055//953 1056//953 1058//953
f 1059//986 1057//953 1058//953
f 1058//953 1060//987 1059//986
f 1034//953 1057//953 1059//986
f 1059//986 956//905 1034//953
f 1061//988 1062//989 1059//986
f 1059//986 1060//987 1061//988
f 1063//990 1062//989 1061//988
f 1061//988 1064//991 1063//990
f 955//904 1062//989 1063//990
f 1063//990 958//907 955//904
f 1059//986 1062//989 955//904
f 955//904 956//905 1059//986
f 939//888 1065//992 1066//993
f 1066//993 941//890 939//888
f 1067//994 1065//992 939//888
f 939//888 940//889 1067//994
f 1068//995 1065//992 1067//994
f 1067//994 1069//996 1068//995
f 1066//993 1065//992 1068//995
f 1068//995 1070//997 1066//993
f 962//911 1071//998 1072//999
f 1072//999 963//912 962//911
f 1073//1000 1071//998 962//911
f 962//911 968//917 1073//1000
f 1074//1001 1071//998 1073//1000
f 1073//1000 1075//1002 1074//1001
f 1072//999 1071//998 1074//1001
f 1074//1001 1076//1003 1072//999
f 1072//999 1077//965 1040//972
f 1040//972 963//912 1072//999
f 1078//965 1077//965 1072//999
f 1072//999 1076//1003 1078//965
f 1079//965 1077//965 1078//965
f 1078//965 1080//965 1079//965
f 1040//972 1077//965 1079//965
f 1079//965 1028//965 1040//972
f 1079//965 1081//965 1027//964
f 1027//964 1028//965 1079//965
f 1082//965 1081//965 1079//965
f 1079//965 1080//965 1082//965
f 1083//1004 1081//965 1082//965
f 1082//965 1084//965 1083//1004
f 1027//964 1081//965 1083//1004
f 1083//1004 1001//947 1027//964
f 1085//1005 1086//1006 1083//1004
f 1083//1004 1084//965 1085//1005
f 1087//1007 1086//1006 1085//1005
f 1085//1005 1088//1008 1087//1007
f 1000//946 1086//1006 1087//1007
f 1087//1007 1003//949 1000//946
f 1083//1004 1086//1006 1000//946
f 1000//946 1001//947 1083//1004
f 1089//1009 1090//1010 1044//976
f 1044//976 1045//977 1089//1009
f 993//939 1090//1010 1089//1009
f 1089//1009 995//941 993//939
f 1091//1011 1090//1010 993//939
f 993//939 994//940 1091//1011
f 1044//976 1090//1010 1091//1011
f 1091//1011 1046//978 1044//976
f 1049//981 1092//1012 1093//1013
f 1093//1013 1050//982 1049//981
f 1094//1014 1092//1012 1049//981
f 1049//981 1052//984 1094//1014
f 1095//1015 1092//1012 1094//1014
f 1094//1014 1096//1016 1095//1015
f 1093//1013 1092//1012 1095//1015
f 1095//1015 1097//1017 1093//1013
f 1093//1013 1098//1018 1054//985
f 1054//985 1050//982 1093//1013
f 1099//1019 1098//1018 1093//1013
f 1093//1013 1097//1017 1099//1019
f 1100//1020 1098//1018 1099//1019
f 1099//1019 1101//1021 1100//1020
f 1054//985 1098//1018 1100//1020
f 1100//1020 1056//953 1054//985
f 1100//1020 1102//1022 1058//953
f 1058//953 1056//953 1100//1020
f 1103//1023 1102//1022 1100//1020
f 1100//1020 1101//1021 1103//1023
f 1104//1024 1102//1022 1103//1023
f 1103//1023 1105//1025 1104//1024
f 1058//953 1102//1022 1104//1024
f 1104//1024 1060//987 1058//953
f 1104//1024 1106//1026 1061//988
f 1061//988 1060//987 1104//1024
f 1107//1027 1106//1026 1104//1024
f 1104//1024 1105//1025 1107//1027
f 1108//1028 1106//1026 1107//1027
f 1107//1027 1109//1029 1108//1028
f 1061//988 1106//1026 1108//1028
f 1108//1028 1064//991 1061//988
f 1110//1030 1111//1031 1068//995
f 1068//995 1069//996 1110//1030
f 948//897 1111//1031 1110//1030
f 1110//1030 950//899 948//897
f 1112//1032 1111//1031 948//897
f 948//897 949//898 1112//1032
f 1068//995 1111//1031 1112//1032
f 1112//1032 1070//997 1068//995
f 1113//1033 1114//1034 1074//1001
f 1074//1001 1075//1002 1113//1033
f 1115//1035 1114//1034 1113//1033
f 1113//1033 1116//1036 1115//1035
f 1117//1037 1114//1034 1115//1035
f 1115//1035 1118//1038 1117//1037
f 1074//1001 1114//1034 1117//1037
f 1117//1037 1076//1003 1074//1001
f 1117//1037 1119//1039 1078//965
f 1078//965 1076//1003 1117//1037
f 1120//1040 1119//1039 1117//1037
f 1117//1037 1118//1038 1120//1040
f 1121//1041 1119//1039 1120//1040
f 1120//1040 1122//1042 1121//1041
f 1078//965 1119//1039 1121//1041
f 1121//1041 1080//965 1078//965
f 1121//1041 1123//1043 1082//965
f 1082//965 1080//965 1121//1041
f 1124//1044 1123//1043 1121//1041
f 1121//1041 1122//1042 1124//1044
f 1125//1045 1123//1043 1124//1044
f 1124//1044 1126//1046 1125//1045
f 1082//965 1123//1043 1125//1045
f 1125//1045 1084//965 1082//965
f 1085//1005 1127//1047 1128//1048
f 1128//1048 1088//1008 1085//1005
f 1125//1045 1127//1047 1085//1005
f 1085//1005 1084//965 1125//1045
f 1129//1049 1127//1047 1125//1045
f 1125//1045 1126//1046 1129//1049
f 1128//1048 1127//1047 1129//1049
f 1129//1049 1130//1050 1128//1048
f 989//935 1131//1051 1132//1052
f 1132//1052 990//936 989//935
f 1133//1053 1131//1051 989//935
f 989//935 995//941 1133//1053
f 1129//1049 1131//1051 1133//1053
f 1133//1053 1130//1050 1129//1049
f 1132//1052 1131//1051 1129//1049
f 1129//1049 1126//1046 1132//1052
f 1019//956 1134//1054 1135//1055
f 1135//1055 1020//957 1019//956
f 1132//1052 1134//1054 1019//956
f 1019//956 990//936 1132//1052
f 1124//1044 1134//1054 1132//1052
f 1132//1052 1126//1046 1124//1044
f 1135//1055 1134//1054 1124//1044
f 1124//1044 1122//1042 1135//1055
f 1036//969 1136//1056 1137//1057
f 1137//1057 947//896 1036//969
f 1135//1055 1136//1056 1036//969
f 1036//969 1020//957 1135//1055
f 1120//1040 1136//1056 1135//1055
f 1135//1055 1122//1042 1120//1040
f 1137//1057 1136//1056 1120//1040
f 1120//1040 1118//1038 1137//1057
f 1115//1035 1138//1058 1137//1057
f 1137//1057 1118//1038 1115//1035
f 1139//1059 1138//1058 1115//1035
f 1115//1035 1116//1036 1139//1059
f 946//895 1138//1058 1139//1059
f 1139//1059 949//898 946//895
f 1137//1057 1138//1058 946//895
f 946//895 947//896 1137//1057
f 1112//1032 1140//1060 1141//1061
f 1141//1061 1070//997 1112//1032
f 1139//1059 1140//1060 1112//1032
f 1112//1032 949//898 1139//1059
f 1113//1033 1140//1060 1139//1059
f 1139//1059 1116//1036 1113//1033
f 1141//1061 1140//1060 1113//1033
f 1113//1033 1075//1002 1141//1061
f 1142//1062 1143//1063 1073//1000
f 1073//1000 968//917 1142//1062
f 1066//993 1143//1063 1142//1062
f 1142//1062 941//890 1066//993
f 1141//1061 1143//1063 1066//993
f 1066//993 1070//997 1141//1061
f 1073//1000 1143//1063 1141//1061
f 1141//1061 1075//1002 1073//1000
f 935//884 1144//1064 1145//1065
f 1145//1065 936//885 935//884
f 1142//1062 1144//1064 935//884
f 935//884 941//890 1142//1062
f 966//915 1144//1064 1142//1062
f 1142//1062 968//917 966//915
f 1145//1065 1144//1064 966//915
f 966//915 967//916 1145//1065
f 1146//1066 1147//1067 1148//1068
f 1148//1068 1149//1069 1146//1066
f 926//877 1147//1067 1146//1066
f 1146//1066 927//875 926//877
f 1150//1070 1147//1067 926//877
f 926//877 932//881 1150//1070
f 1030//875 1151//1071 1152//1072
f 1152//1072 1010//875 1030//875
f 1146//1066 1151//1071 1030//875
f 1030//875 927//875 1146//1066
f 1153//1073 1151//1071 1146//1066
f 1146//1066 1149//1069 1153//1073
f 1152//1072 1151//1071 1153//1073
f 1153//1073 1154//1074 1152//1072
f 1006//875 1155//1075 1156//1076
f 1156//1076 974//875 1006//875
f 1152//1072 1155//1075 1006//875
f 1006//875 1010//875 1152//1072
f 1157//1077 1155//1075 1152//1072
f 1152//1072 1154//1074 1157//1077
f 1156//1076 1155//1075 1157//1077
f 1157//1077 1158//1078 1156//1076
f 1159//1079 1160//1080 1156//1076
f 1156//1076 1158//1078 1159//1079
f 973//920 1160//1080 1161//1081
f 1161//1081 976//922 973//920
f 1156//1076 1160//1080 973//920
f 973//920 974//875 1156//1076
f 915//866 1162//1082 1163//1083
f 1163//1083 920//871 915//866
f 1164//1084 1162//1082 915//866
f 915//866 918//869 1164//1084
f 1002//948 1162//1082 1164//1084
f 1164//1084 1004//950 1002//948
f 1163//1083 1162//1082 1002//948
f 1002//948 1003//949 1163//1083
f 1087//1007 1165//1085 1163//1083
f 1163//1083 1003//949 1087//1007
f 1166//1086 1165//1085 1087//1007
f 1087//1007 1088//1008 1166//1086
f 1043//975 1165//1085 1166//1086
f 1166//1086 1045//977 1043//975
f 1163//1083 1165//1085 1043//975
f 1043//975 920//871 1163//1083
f 1128//1048 1167//1087 1166//1086
f 1166//1086 1088//1008 1128//1048
f 1133//1053 1167//1087 1128//1048
f 1128//1048 1130//1050 1133//1053
f 1089//1009 1167//1087 1133//1053
f 1133//1053 995//941 1089//1009
f 1166//1086 1167//1087 1089//1009
f 1089//1009 1045//977 1166//1086
f 1095//1015 1168//1088 1169//1089
f 1169//1089 1097//1017 1095//1015
f 1170//1090 1168//1088 1095//1015
f 1095//1015 1096//1016 1170//1090
f 991//937 1168//1088 1170//1090
f 1170//1090 994//940 991//937
f 1169//1089 1168//1088 991//937
f 991//937 992//938 1169//1089
f 1091//1011 1171//1091 1172//1092
f 1172//1092 1046//978 1091//1011
f 1170//1090 1171//1091 1091//1011
f 1091//1011 994//940 1170//1090
f 1094//1014 1171//1091 1170//1090
f 1170//1090 1096//1016 1094//1014
f 1172//1092 1171//1091 1094//1014
f 1094//1014 1052//984 1172//1092
f 1173//1093 1174//1094 1051//983
f 1051//983 986//932 1173//1093
f 1042//974 1174//1094 1173//1093
f 1173//1093 922//873 1042//974
f 1172//1092 1174//1094 1042//974
f 1042//974 1046//978 1172//1092
f 1051//983 1174//1094 1172//1092
f 1172//1092 1052//984 1051//983
f 921//872 1175//1095 1176//1096
f 1176//1096 923//874 921//872
f 1173//1093 1175//1095 921//872
f 921//872 922//873 1173//1093
f 984//930 1175//1095 1173//1093
f 1173//1093 986//932 984//930
f 1176//1096 1175//1095 984//930
f 984//930 985//931 1176//1096
f 1177//1097 1178//1098 1179//1099
f 1179//1099 1180//1100 1177//1097
f 971//919 1178//1098 1177//1097
f 1177//1097 972//875 971//919
f 1181//1101 1178//1098 971//919
f 971//919 977//923 1181//1101
f 1179//1099 1178//1098 1181//1101
f 1181//1101 1182//1102 1179//1099
f 1177//1097 1183//1103 1007//875
f 1007//875 972//875 1177//1097
f 1184//1104 1183//1103 1177//1097
f 1177//1097 1180//1100 1184//1104
f 1185//1105 1183//1103 1184//1104
f 1184//1104 1186//1106 1185//1105
f 1007//875 1183//1103 1185//1105
f 1185//1105 1009//875 1007//875
f 1185//1105 1187//1107 1031//875
f 1031//875 1009//875 1185//1105
f 1188//1108 1187//1107 1185//1105
f 1185//1105 1186//1106 1188//1108
f 1189//1109 1187//1107 1188//1108
f 1188//1108 1190//1110 1189//1109
f 1031//875 1187//1107 1189//1109
f 1189//1109 929//875 1031//875
f 1191//1111 1192//1112 1189//1109
f 1189//1109 1190//1110 1191//1111
f 1193//1113 1192//1112 1191//1111
f 1191//1111 1194//1114 1193//1113
f 928//878 1192//1112 1193//1113
f 1193//1113 931//880 928//878
f 1189//1109 1192//1112 928//878
f 928//878 929//875 1189//1109
f 1195//1115 1196//1116 937//886
f 937//886 938//887 1195//1115
f 957//906 1196//1116 1195//1115
f 1195//1115 959//908 957//906
f 1197//1117 1196//1116 957//906
f 957//906 958//907 1197//1117
f 937//886 1196//1116 1197//1117
f 1197//1117 940//889 937//886
f 1063//990 1198//1118 1197//1117
f 1197//1117 958//907 1063//990
f 1199//1119 1198//1118 1063//990
f 1063//990 1064//991 1199//1119
f 1067//994 1198//1118 1199//1119
f 1199//1119 1069//996 1067//994
f 1197//1117 1198//1118 1067//994
f 1067//994 940//889 1197//1117
f 1108//1028 1200//1120 1199//1119
f 1199//1119 1064//991 1108//1028
f 1201//1121 1200//1120 1108//1028
f 1108//1028 1109//1029 1201//1121
f 1110//1030 1200//1120 1201//1121
f 1201//1121 950//899 1110//1030
f 1199//1119 1200//1120 1110//1030
f 1110//1030 1069//996 1199//1119
f 944//893 1202//1122 1203//1123
f 1203//1123 945//894 944//893
f 1201//1121 1202//1122 944//893
f 944//893 950//899 1201//1121
f 1107//1027 1202//1122 1201//1121
f 1201//1121 1109//1029 1107//1027
f 1203//1123 1202//1122 1107//1027
f 1107//1027 1105//1025 1203//1123
f 1203//1123 1204//1124 1037//969
f 1037//969 945//894 1203//1123
f 1103//1023 1204//1124 1203//1123
f 1203//1123 1105//1025 1103//1023
f 1205//1125 1204//1124 1103//1023
f 1103//1023 1101//1021 1205//1125
f 1037//969 1204//1124 1205//1125
f 1205//1125 1022//959 1037//969
f 1205//1125 1206//1126 1021//958
f 1021//958 1022//959 1205//1125
f 1099//1019 1206//1126 1205//1125
f 1205//1125 1101//1021 1099//1019
f 1169//1089 1206//1126 1099//1019
f 1099//1019 1097//1017 1169//1089
f 1021//958 1206//1126 1169//1089
f 1169//1089 992//938 1021//958
f 1207//1127 1208//1128 1150//1070
f 1150//1070 932//881 1207//1127
f 1145//1065 1208//1128 1207//1127
f 1207//1127 936//885 1145//1065
f 1207//1127 1209//1129 933//882
f 933//882 936//885 1207//1127
f 930//879 1209//1129 1207//1127
f 1207//1127 932//881 930//879
f 1210//1130 1209//1129 930//879
f 930//879 931//880 1210//1130
f 933//882 1209//1129 1210//1130
f 1210//1130 938//887 933//882
f 1210//1130 1211//1131 1195//1115
f 1195//1115 938//887 1210//1130
f 1193//1113 1211//1131 1210//1130
f 1210//1130 931//880 1193//1113
f 1212//1132 1211//1131 1193//1113
f 1193//1113 1194//1114 1212//1132
f 1195//1115 1211//1131 1212//1132
f 1212//1132 959//908 1195//1115
f 953//902 1213//1133 1214//1134
f 1214//1134 954//903 953//902
f 1212//1132 1213//1133 953//902
f 953//902 959//908 1212//1132
f 1191//1111 1213//1133 1212//1132
f 1212//1132 1194//1114 1191//1111
f 1214//1134 1213//1133 1191//1111
f 1191//1111 1190//1110 1214//1134
f 1033//967 1215//1135 1216//1136
f 1216//1136 1016//953 1033//967
f 1214//1134 1215//1135 1033//967
f 1033//967 954//903 1214//1134
f 1188//1108 1215//1135 1214//1134
f 1214//1134 1190//1110 1188//1108
f 1216//1136 1215//1135 1188//1108
f 1188//1108 1186//1106 1216//1136
f 1012//952 1217//1137 1218//1138
f 1218//1138 983//929 1012//952
f 1216//1136 1217//1137 1012//952
f 1012//952 1016//953 1216//1136
f 1184//1104 1217//1137 1216//1136
f 1216//1136 1186//1106 1184//1104
f 1218//1138 1217//1137 1184//1104
f 1184//1104 1180//1100 1218//1138
f 1179//1099 1219//1139 1218//1138
f 1218//1138 1180//1100 1179//1099
f 1220//1140 1219//1139 1179//1099
f 1179//1099 1182//1102 1220//1140
f 982//928 1219//1139 1220//1140
f 1220//1140 985//931 982//928
f 1218//1138 1219//1139 982//928
f 982//928 983//929 1218//1138
f 1176//1096 1221//1141 1222//1142
f 1222//1142 923//874 1176//1096
f 1220//1140 1221//1141 1176//1096
f 1176//1096 985//931 1220//1140
f 1181//1101 1221//1141 1220//1140
f 1220//1140 1182//1102 1181//1101
f 1222//1142 1221//1141 1181//1101
f 1181//1101 977//923 1222//1142
f 917//868 1223//1143 1224//1143
f 1224//1143 918//869 917//868
f 1222//1142 1223//1143 917//868
f 917//868 923//874 1222//1142
f 975//921 1223//1143 1222//1142
f 1222//1142 977//923 975//921
f 1224//1143 1223//1143 975//921
f 975//921 976//922 1224//1143
f 1224//1143 1225//1144 1164//1084
f 1164//1084 918//869 1224//1143
f 1161//1081 1225//1144 1224//1143
f 1224//1143 976//922 1161//1081
f 1164//1084 1225//1144 1226//1145
f 1226//1145 1004//950 1164//1084
f 1227//1146 1228//1147 1159//1079
f 1159//1079 1158//1078 1227//1146
f 998//944 1228//1147 1227//1146
f 1227//1146 999//945 998//944
f 1226//1145 1228//1147 998//944
f 998//944 1004//950 1226//1145
f 1229//1148 1226//1145 1225//1144
f 1225//1144 1161//1081 1229//1148
f 1025//962 1230//1149 1231//1150
f 1231//1150 1026//963 1025//962
f 1227//1146 1230//1149 1025//962
f 1025//962 999//945 1227//1146
f 1157//1077 1230//1149 1227//1146
f 1227//1146 1158//1078 1157//1077
f 1231//1150 1230//1149 1157//1077
f 1157//1077 1154//1074 1231//1150
f 1039//971 1232//1151 1233//1152
f 1233//1152 965//914 1039//971
f 1231//1150 1232//1151 1039//971
f 1039//971 1026//963 1231//1150
f 1153//1073 1232//1151 1231//1150
f 1231//1150 1154//1074 1153//1073
f 1233//1152 1232//1151 1153//1073
f 1153//1073 1149//1069 1233//1152
f 1148//1068 1234//1153 1233//1152
f 1233//1152 1149//1069 1148//1068
f 1148//1068 1235//1154 1236//1155
f 1236//1155 1234//1153 1148//1068
f 964//913 1234//1153 1236//1155
f 1236//1155 967//916 964//913
f 1233//1152 1234//1153 964//913
f 964//913 965//914 1233//1152
f 1161//1081 1160//1080 1159//1079
f 1159//1079 1229//1148 1161//1081
f 1226//1145 1229//1148 1159//1079
f 1159//1079 1228//1147 1226//1145
f 1148//1068 1147//1067 1150//1070
f 1150//1070 1235//1154 1148//1068
f 967//916 1236//1155 1208//1128
f 1208//1128 1145//1065 967//916
f 1235//1154 1150//1070 1208//1128
f 1208//1128 1236//1155 1235//1154
# Vertices: 322, normals: 290, texture coordinates: 0, faces: 640

# borde_2_4
o obj5
v -1.55905581 -0.08609277 0.30866528
v -1.53860593 -0.08609277 0.30866528
v -1.53860593 -0.07920137 0.31050426
v -1.55905581 -0.07920137 0.31050426
v -1.53860593 -0.1049097 0.30601698
v -1.55905581 -0.1049097 0.30601698
v -1.51811016 -0.08609277 0.30866528
v -1.51811016 -0.1049097 0.30601698
v -1.51811016 -0.07920137 0.31050426
v -1.53860593 -0.07241541 0.11480115
v -1.53860593 -0.07241541 0.08188213
v -1.55905581 -0.07241541 0.08188213
v -1.55905581 -0.07241541 0.11480115
v -1.51811016 -0.07241541 0.08188213
v -1.51811016 -0.07241541 0.11480115
v -1.53860593 -0.07308874 0.05737256
v -1.51811016 -0.07308874 0.05737256
v -1.55905581 -0.07308874 0.05737256
v -1.53860593 -0.07920137 0.05077399
v -1.53860593 -0.08609277 0.05261301
v -1.55905581 -0.08609277 0.05261301
v -1.55905581 -0.07920137 0.05077399
v -1.51811016 -0.08609277 0.05261301
v -1.51811016 -0.07920137 0.05077399
v -1.53860593 -0.1049097 0.05526127
v -1.51811016 -0.1049097 0.05526127
v -1.55905581 -0.1049097 0.05526127
v -1.53860593 -0.31231022 0.11663091
v -1.53860605 -0.28624031 0.08920114
v -1.51811016 -0.28624031 0.08920114
v -1.51811016 -0.31231022 0.11663091
v -1.55905592 -0.28624031 0.08920114
v -1.55905581 -0.31231022 0.11663091
v -1.53860593 -0.25497806 0.06989317
v -1.55905581 -0.25497806 0.06989317
v -1.51811028 -0.25497806 0.06989317
v -1.50699615 -0.09044176 0.1152574
v -1.50699615 -0.0884828 0.08370708
v -1.50699615 -0.08038717 0.08278756
v -1.50699615 -0.08135909 0.1150275
v -1.50699615 -0.11058787 0.0850312
v -1.50699615 -0.11524191 0.11558843
v -1.50763845 -0.08669028 0.06038652
v -1.50763845 -0.10632924 0.06270377
v -1.50763845 -0.07949782 0.05877738
v -1.56984866 -0.09044176 0.1152574
v -1.56984866 -0.0884828 0.08370708
v -1.56984866 -0.11058786 0.0850312
v -1.56984866 -0.11524191 0.11558843
v -1.56984866 -0.08038717 0.08278756
v -1.56984866 -0.08135909 0.1150275
v -1.56925225 -0.08669028 0.06038652
v -1.56925225 -0.07949782 0.05877738
v -1.56925225 -0.10632924 0.06270377
v -1.53860593 -0.07241541 0.24647713
v -1.53860593 -0.07241541 0.27939612
v -1.51811016 -0.07241541 0.27939612
v -1.51811016 -0.07241541 0.24647713
v -1.55905581 -0.07241541 0.27939612
v -1.55905581 -0.07241541 0.24647713
v -1.53860593 -0.07308874 0.3039057
v -1.55905581 -0.07308874 0.3039057
v -1.51811016 -0.07308874 0.3039057
v -1.50699615 -0.09044176 0.2460209
v -1.50699615 -0.0884828 0.2775712
v -1.50699615 -0.11058787 0.27624705
v -1.50699615 -0.11524191 0.24568987
v -1.50699615 -0.08038717 0.27849069
v -1.50699615 -0.08135909 0.24625078
v -1.50763845 -0.08669028 0.30089176
v -1.50763845 -0.07949782 0.30250087
v -1.50763845 -0.10632924 0.29857451
v -1.53860593 -0.31231022 0.24464738
v -1.53860593 -0.28624031 0.27207711
v -1.55905581 -0.28624031 0.27207711
v -1.55905581 -0.31231022 0.24464738
v -1.51811016 -0.28624031 0.27207711
v -1.51811016 -0.31231022 0.24464738
v -1.53860593 -0.25497803 0.29138511
v -1.51811016 -0.25497806 0.29138511
v -1.55905581 -0.25497806 0.29138511
v -1.56984866 -0.09044176 0.24602091
v -1.56984866 -0.0884828 0.2775712
v -1.56984866 -0.08038717 0.27849069
v -1.56984866 -0.08135909 0.24625078
v -1.56984866 -0.11058787 0.27624705
v -1.56984866 -0.11524191 0.24568987
v -1.56925225 -0.08669028 0.30089176
v -1.56925225 -0.10632924 0.29857451
v -1.56925225 -0.07949782 0.30250087
v -1.53860593 -0.07241541 0.21355815
v -1.55905581 -0.07241541 0.21355815
v -1.51811016 -0.07241541 0.21355815
v -1.53860593 -0.07241541 0.18063918
v -1.51811016 -0.07241541 0.18063918
v -1.55905581 -0.07241541 0.18063918
v -1.50699615 -0.09153862 0.21355815
v -1.50699615 -0.08190328 0.21355815
v -1.50699615 -0.11784779 0.21355815
v -1.50699615 -0.09187151 0.18063918
v -1.50699615 -0.11863868 0.18063918
v -1.50699615 -0.08206844 0.18063918
v -1.53860593 -0.33133721 0.18063918
v -1.53860593 -0.32690707 0.21355815
v -1.55905581 -0.32690707 0.21355815
v -1.55905581 -0.33133721 0.18063918
v -1.51811016 -0.32690707 0.21355815
v -1.51811016 -0.33133721 0.18063918
v -1.56984866 -0.09187151 0.18063918
v -1.56984866 -0.09153862 0.21355817
v -1.56984866 -0.08190328 0.21355815
v -1.56984866 -0.08206844 0.18063918
v -1.56984866 -0.11784779 0.21355815
v -1.56984866 -0.11863868 0.18063918
v -1.53860593 -0.07241541 0.14772017
v -1.55905581 -0.07241541 0.14772017
v -1.51811016 -0.07241541 0.14772017
v -1.50699615 -0.09153862 0.14772017
v -1.50699615 -0.08190328 0.14772017
v -1.50699615 -0.11784779 0.14772017
v -1.53860593 -0.32690707 0.14772017
v -1.55905581 -0.32690707 0.14772017
v -1.51811016 -0.32690707 0.14772017
v -1.56984866 -0.09153862 0.14772017
v -1.56984866 -0.08190328 0.14772017
v -1.56984866 -0.11784779 0.14772017
v -1.53860593 -0.14477895 0.30249697
v -1.51811016 -0.14477895 0.30249697
v -1.55905581 -0.14477895 0.30249697
v -1.53860593 -0.18998295 0.29942209
v -1.55905581 -0.18998295 0.29942209
v -1.51811016 -0.18998295 0.29942209
v -1.50699615 -0.16778839 0.24524987
v -1.50699615 -0.15742399 0.27448705
v -1.50699615 -0.21052705 0.27294961
v -1.50699615 -0.22736587 0.24486551
v -1.50763845 -0.1479402 0.2954945
v -1.50763845 -0.19511898 0.29280397
v -1.50699615 -0.17359154 0.21355815
v -1.50699615 -0.23679411 0.21355815
v -1.50699615 -0.17535281 0.18063918
v -1.50699615 -0.23965561 0.18063918
v -1.50699615 -0.17359154 0.14772017
v -1.50699615 -0.23679413 0.14772017
v -1.50699615 -0.16778839 0.11602843
v -1.50699615 -0.22736587 0.11641279
v -1.50699615 -0.21052705 0.08832867
v -1.50699615 -0.15742399 0.0867912
v -1.50763845 -0.1479402 0.06578378
v -1.50763845 -0.19511898 0.06847431
v -1.53860593 -0.14477895 0.05878128
v -1.55905581 -0.14477895 0.05878128
v -1.51811016 -0.14477895 0.05878128
v -1.53860593 -0.18998295 0.0618562
v -1.51811016 -0.18998295 0.0618562
v -1.55905581 -0.18998295 0.0618562
v -1.56984866 -0.15742397 0.0867912
v -1.56984866 -0.16778839 0.11602843
v -1.56925225 -0.1479402 0.06578378
v -1.56984866 -0.21052705 0.08832867
v -1.56925225 -0.19511896 0.06847431
v -1.56984866 -0.22736587 0.11641279
v -1.56984866 -0.17359154 0.14772017
v -1.56984866 -0.23679411 0.14772017
v -1.56984866 -0.17535281 0.18063918
v -1.56984866 -0.23965561 0.18063918
v -1.56984866 -0.17359154 0.21355815
v -1.56984866 -0.23679413 0.21355815
v -1.56984866 -0.16778839 0.24524987
v -1.56984866 -0.22736587 0.24486551
v -1.56984866 -0.21052705 0.27294961
v -1.56984866 -0.15742399 0.27448705
v -1.56925225 -0.14794022 0.2954945
v -1.56925225 -0.19511898 0.29280394
v -1.55905581 -0.22480412 0.29810911
v -1.53860593 -0.22480412 0.29810911
v -1.51811016 -0.22480412 0.29810911
v -1.50699615 -0.25143296 0.27229312
v -1.50699615 -0.2732591 0.24470139
v -1.50763845 -0.23146133 0.29165512
v -1.50763845 -0.27753848 0.27213112
v -1.50813806 -0.25482601 0.28646734
v -1.50763845 -0.30254745 0.24466088
v -1.50699615 -0.28547981 0.21355815
v -1.50763845 -0.31655025 0.21355815
v -1.50699615 -0.28918883 0.18063918
v -1.50763845 -0.32080013 0.18063918
v -1.50699615 -0.28547984 0.14772017
v -1.50763845 -0.31655025 0.14772017
v -1.50699615 -0.2732591 0.11657691
v -1.50763845 -0.30254745 0.11661741
v -1.50699615 -0.25143296 0.08898516
v -1.50763845 -0.27753848 0.08914714
v -1.50763845 -0.23146133 0.06962316
v -1.50813806 -0.25482601 0.07481094
v -1.51811016 -0.22480412 0.06316917
v -1.53860593 -0.22480412 0.06316917
v -1.55905581 -0.22480412 0.06316917
v -1.56925225 -0.23146133 0.06962316
v -1.56984866 -0.25143296 0.08898516
v -1.56925225 -0.27753848 0.08914714
v -1.56878829 -0.25482601 0.07481094
v -1.56984866 -0.2732591 0.11657691
v -1.56925225 -0.30254745 0.11661741
v -1.56984866 -0.28547981 0.14772017
v -1.56925225 -0.31655025 0.14772017
v -1.56984866 -0.2891888 0.18063918
v -1.56925225 -0.32080013 0.18063918
v -1.56984866 -0.28547984 0.21355815
v -1.56925225 -0.31655025 0.21355815
v -1.56984866 -0.2732591 0.24470139
v -1.56925225 -0.30254745 0.24466088
v -1.56984866 -0.25143296 0.27229312
v -1.56925225 -0.23146133 0.29165512
v -1.56925225 -0.27753848 0.27213112
v -1.56878829 -0.25482601 0.28646734
v -1.56746292 -0.28624031 0.27207711
v -1.56746292 -0.31231022 0.24464738
v -1.56746292 -0.25497803 0.29138511
v -1.56746292 -0.32690707 0.21355815
v -1.56746292 -0.33133721 0.18063918
v -1.56746292 -0.32690707 0.14772017
v -1.56746292 -0.31231022 0.11663091
v -1.56746292 -0.28624031 0.08920114
v -1.56746292 -0.25497806 0.06989317
v -1.56746292 -0.22480412 0.06316917
v -1.56746292 -0.18998295 0.0618562
v -1.56746292 -0.1049097 0.05526127
v -1.56746304 -0.14477895 0.05878128
v -1.56746292 -0.08609277 0.05261301
v -1.56746292 -0.07920137 0.05077399
v -1.56746292 -0.07241541 0.11480115
v -1.56746292 -0.07241541 0.08188213
v -1.56925225 -0.07320639 0.08197199
v -1.56925225 -0.07330284 0.11482361
v -1.56746292 -0.07308874 0.05737256
v -1.56746292 -0.07241541 0.14772017
v -1.56746292 -0.07241541 0.18063918
v -1.56925225 -0.07335682 0.14772017
v -1.56925225 -0.07337321 0.18063918
v -1.56746292 -0.07241541 0.21355815
v -1.56746292 -0.07241541 0.24647713
v -1.56925225 -0.07335682 0.21355815
v -1.56925225 -0.07330284 0.24645467
v -1.56925225 -0.07320639 0.27930629
v -1.56746292 -0.07241541 0.27939612
v -1.56746292 -0.07308874 0.3039057
v -1.56746292 -0.08609277 0.30866528
v -1.56746292 -0.1049097 0.30601698
v -1.56746292 -0.07920137 0.31050426
v -1.56746292 -0.14477895 0.30249697
v -1.56746292 -0.18998295 0.29942209
v -1.56746292 -0.22480412 0.29810911
v -1.50956535 -0.28624031 0.27207711
v -1.50956535 -0.31231022 0.24464738
v -1.50956535 -0.25497803 0.29138511
v -1.50956535 -0.22480412 0.29810911
v -1.50956535 -0.18998295 0.29942209
v -1.50956535 -0.1049097 0.30601698
v -1.50956535 -0.14477895 0.30249697
v -1.50956535 -0.08609277 0.30866528
v -1.50956535 -0.07920137 0.31050426
v -1.50956535 -0.07241541 0.24647713
v -1.50956535 -0.07241541 0.27939612
v -1.50763845 -0.07320639 0.27930629
v -1.50763845 -0.07330284 0.24645467
v -1.50956535 -0.07308874 0.30368111
v -1.50813806 -0.07366472 0.30368111
v -1.50956535 -0.07241541 0.21355815
v -1.50763845 -0.07335682 0.21355815
v -1.50956535 -0.07241541 0.18063918
v -1.50763845 -0.07337321 0.18063918
v -1.50956535 -0.07241541 0.14772017
v -1.50763845 -0.07335682 0.14772017
v -1.50956535 -0.07241541 0.11480115
v -1.50763845 -0.07330284 0.11482361
v -1.50763845 -0.07320639 0.08197199
v -1.50956535 -0.07241541 0.08188213
v -1.50956535 -0.07308874 0.05752297
v -1.50813806 -0.07366472 0.05756275
v -1.50956535 -0.07920137 0.05077399
v -1.50956535 -0.08609277 0.05261301
v -1.50956535 -0.1049097 0.05526127
v -1.50956535 -0.14477895 0.05878128
v -1.50956535 -0.18998295 0.0618562
v -1.50956535 -0.22480412 0.06316917
v -1.50956535 -0.25497806 0.06989317
v -1.50956535 -0.28624031 0.08920114
v -1.50956535 -0.31231022 0.11663091
v -1.50956535 -0.32690707 0.14772017
v -1.50956535 -0.33133721 0.18063918
v -1.50956535 -0.32690707 0.21355815
v -1.55905581 -0.07510871 0.04968183
v -1.56746292 -0.07510871 0.04968183
v -1.53860593 -0.07510871 0.04968183
v -1.51811016 -0.07510871 0.04968183
v -1.50956535 -0.07510871 0.04968183
v -1.50763845 -0.07522637 0.05767135
v -1.50699615 -0.07557934 0.08224149
v -1.50699615 -0.07596509 0.11489099
v -1.50699615 -0.07618107 0.14772017
v -1.50699615 -0.07624662 0.18063918
v -1.50699615 -0.07618107 0.21355815
v -1.50699615 -0.07596508 0.2463873
v -1.50699615 -0.07557934 0.27903676
v -1.50763845 -0.07522637 0.30368108
v -1.50956535 -0.07510871 0.31159639
v -1.51811016 -0.07510871 0.31159639
v -1.53860593 -0.07510871 0.31159639
v -1.55905581 -0.07510871 0.31159639
v -1.56746292 -0.07510871 0.31159639
v -1.56925225 -0.07522637 0.30345649
v -1.56984866 -0.07596508 0.2463873
v -1.56984866 -0.07557934 0.27903676
v -1.56792057 -0.07462217 0.30333781
v -1.56984866 -0.07618107 0.21355815
v -1.56984866 -0.07624662 0.18063918
v -1.56984866 -0.07618107 0.14772017
v -1.56984866 -0.07596509 0.11489099
v -1.56984866 -0.07557934 0.08224149
v -1.56790793 -0.07463555 0.05771326
v -1.56925225 -0.07522637 0.05782174
vn 0 -0.17195 0.98511
vn 0 -0.17195 0.98511
vn 0 -0.25783 0.96619
vn 0 -0.25783 0.96619
vn 0 -0.10453 0.99452
vn 0 -0.10453 0.99452
vn 0 -0.17195 0.98511
vn 0 -0.10453 0.99452
vn 0 -0.25783 0.96619
vn 0 1 0
vn 0 0.99993 -0.01172
vn 0 0.99993 -0.01172
vn 3E-05 0.99993 -0.01173
vn 0 0.99652 -0.08335
vn 0.00022 0.9965 -0.08362
vn 0 0.99652 -0.08335
vn 0 -0.25783 -0.96619
vn 0 -0.17195 -0.98511
vn 0 -0.17195 -0.98511
vn 0 -0.25783 -0.96619
vn 0 -0.17195 -0.98511
vn 0 -0.25783 -0.96619
vn 0 -0.10453 -0.99452
vn 0 -0.10453 -0.99452
vn 0 -0.10453 -0.99452
vn 0 -0.82118 -0.57067
vn 0 -0.63186 -0.77509
vn 0 -0.63186 -0.77509
vn 0 -0.82118 -0.57067
vn 0 -0.63186 -0.77508
vn 0 -0.82118 -0.57067
vn 0 -0.39014 -0.92075
vn 0 -0.39014 -0.92075
vn 0 -0.39015 -0.92075
vn 1 -0 0
vn 0.99993 -0.00121 -0.0115
vn 0.99994 -0.0019 -0.01107
vn 1 -0 0
vn 0.99993 -0.00077 -0.01217
vn 1 -0 0
vn 0.99639 -0.01205 -0.08408
vn 0.99598 -0.00774 -0.08922
vn 0.99659 -0.01854 -0.08039
vn -1 0 0
vn -0.99994 -0.00112 -0.01068
vn -0.99994 -0.00071 -0.0113
vn -1 0 0
vn -0.99995 -0.0017 -0.01028
vn -1 1E-05 0
vn -0.99688 -0.0112 -0.07812
vn -0.99702 -0.01694 -0.07529
vn -0.99653 -0.00719 -0.0829
vn 0 0.99993 0.01172
vn 5E-05 0.99993 0.01173
vn 0 0.99993 0.01172
vn 0 0.99652 0.08335
vn 0 0.99652 0.08335
vn 0.00033 0.99649 0.08376
vn 1 -0 0
vn 0.99993 -0.00121 0.0115
vn 0.99993 -0.00077 0.01217
vn 1 0 0
vn 0.99994 -0.00192 0.01107
vn 1 -0 0
vn 0.99639 -0.01205 0.08408
vn 0.99661 -0.01868 0.08007
vn 0.99598 -0.00774 0.08922
vn 0 -0.82118 0.57067
vn 0 -0.63186 0.77508
vn 0 -0.63186 0.77509
vn 0 -0.82118 0.57067
vn 0 -0.63186 0.77509
vn 0 -0.82118 0.57067
vn -0 -0.39015 0.92075
vn -0 -0.39015 0.92075
vn 0 -0.39015 0.92075
vn -1 0 0
vn -0.99994 -0.00112 0.01068
vn -0.99995 -0.0017 0.01028
vn -1 -0 0
vn -0.99994 -0.00071 0.0113
vn -1 0 0
vn -0.99688 -0.0112 0.07812
vn -0.99653 -0.00719 0.0829
vn -0.99702 -0.01693 0.07529
vn 1 -0 0
vn 1 -0 0
vn 1 0 0
vn 0 -1 -0
vn 0 -0.95855 0.28494
vn 0 -0.95855 0.28494
vn 0 -1 -0
vn 0 -0.95855 0.28494
vn 0 -1 0
vn -1 -0 0
vn -1 -0 0
vn -1 -0 0
vn -1 -0 0
vn -1 -0 0
vn -1 0 0
vn 1 -0 0
vn 1 -0 0
vn 0 -0.95855 -0.28494
vn 0 -0.95855 -0.28494
vn -1 0 0
vn -1 0 0
vn -1 0 0
vn 0 -0.07729 0.99701
vn 0 -0.07729 0.99701
vn 0 -0.05475 0.9985
vn 0 -0.05475 0.9985
vn 0 -0.05475 0.9985
vn 1 0 0
vn 0.99992 -0.00057 0.01229
vn 0.99993 -0.00035 0.0117
vn 1 -0 0
vn 0.99587 -0.00576 0.09059
vn 0.99612 -0.00371 0.08794
vn 1 0 0
vn 1 0 0
vn 1 -0 0
vn 0.99993 -0.00035 -0.0117
vn 0.99992 -0.00057 -0.01229
vn 0.99587 -0.00576 -0.09059
vn 0.99612 -0.00371 -0.08794
vn 0 -0.07729 -0.99701
vn 0 -0.07729 -0.99701
vn 0 -0.07729 -0.99701
vn 0 -0.05475 -0.9985
vn 0 -0.05475 -0.9985
vn 0 -0.05475 -0.9985
vn -0.99993 -0.00053 -0.01141
vn -1 -0 0
vn -0.99644 -0.00535 -0.08417
vn -0.99994 -0.00032 -0.01086
vn -0.99665 -0.00344 -0.0817
vn -1 -0 0
vn -1 -0 0
vn -0.99994 -0.00032 0.01086
vn -0.99993 -0.00053 0.01141
vn -0.99644 -0.00535 0.08417
vn -0.99665 -0.00344 0.0817
vn 0 -0.12272 0.99244
vn 0 -0.12272 0.99244
vn 0 -0.12272 0.99244
vn 0.99977 -0.0089 0.01971
vn 0.99994 -0.00937 0.00646
vn 0.99516 -0.01536 0.09704
vn 0.99458 -0.06371 0.08214
vn 0.98538 -0.06955 0.15553
vn 0.99622 -0.07087 0.05031
vn 0.99996 -0.00892 0.00257
vn 0.99747 -0.06808 0.02042
vn 0.99996 -0.00869 0
vn 0.99778 -0.06653 0
vn 0.99996 -0.00892 -0.00257
vn 0.99747 -0.06808 -0.02042
vn 0.99994 -0.00937 -0.00646
vn 0.99622 -0.07086 -0.05031
vn 0.99977 -0.0089 -0.01971
vn 0.99458 -0.06371 -0.08214
vn 0.99516 -0.01536 -0.09704
vn 0.98538 -0.06954 -0.15553
vn 0 -0.12272 -0.99244
vn 0 -0.12272 -0.99244
vn 0 -0.12272 -0.99244
vn -0.99582 -0.0143 -0.09018
vn -0.9998 -0.00827 -0.01831
vn -0.99532 -0.05921 -0.07638
vn -0.98735 -0.06473 -0.14472
vn -0.99994 -0.0087 -0.006
vn -0.99673 -0.06585 -0.04676
vn -0.99996 -0.00828 -0.00239
vn -0.99782 -0.06325 -0.01897
vn -0.99997 -0.00807 -0
vn -0.99809 -0.06181 -0
vn -0.99996 -0.00828 0.00239
vn -0.99782 -0.06325 0.01897
vn -0.99994 -0.0087 0.006
vn -0.99673 -0.06585 0.04676
vn -0.9998 -0.00827 0.01831
vn -0.99582 -0.0143 0.09018
vn -0.99532 -0.05921 0.07638
vn -0.98735 -0.06473 0.14472
vn -0.49831 -0.55764 0.66387
vn -0.59877 -0.66325 0.44897
vn -0.35415 -0.36089 0.86275
vn -0.66736 -0.71507 0.2081
vn -0.68973 -0.72406 -0
vn -0.66736 -0.71507 -0.2081
vn -0.59877 -0.66326 -0.44896
vn -0.49831 -0.55765 -0.66387
vn -0.35415 -0.36089 -0.86275
vn -0.5086 -0.09715 -0.85551
vn -0.56401 -0.04539 -0.82452
vn -0.56577 -0.08556 -0.82012
vn -0.55941 -0.06356 -0.82645
vn -0.58405 -0.13873 -0.79978
vn -0.59074 -0.20528 -0.78031
vn -0.0856 0.99633 0.0002
vn -0.09844 0.99505 -0.01329
vn -0.79652 0.60437 -0.01729
vn -0.82639 0.5631 0.00129
vn -0.11124 0.99033 -0.08292
vn -0.09101 0.99585 9E-05
vn -0.09273 0.99569 -0
vn -0.84227 0.53905 0.00058
vn -0.84688 0.53179 0
vn -0.09101 0.99585 -9E-05
vn -0.0856 0.99633 -0.0002
vn -0.84227 0.53906 -0.00058
vn -0.82638 0.56311 -0.00129
vn -0.79656 0.60431 0.01719
vn -0.09813 0.99509 0.01327
vn -0.10667 0.99081 0.08314
vn -0.58405 -0.13873 0.79978
vn -0.56576 -0.08556 0.82012
vn -0.59074 -0.20527 0.78032
vn -0.55941 -0.06356 0.82645
vn -0.56401 -0.04538 0.82452
vn -0.5086 -0.09715 0.85551
vn 0.4887 -0.5616 0.66766
vn 0.58901 -0.66948 0.45262
vn 0.34702 -0.36173 0.86529
vn 0.49865 -0.09742 0.86131
vn 0.55339 -0.04578 0.83166
vn 0.55569 -0.08624 0.82691
vn 0.54915 -0.06405 0.83326
vn 0.57392 -0.13992 0.80687
vn 0.57777 -0.20917 0.78895
vn 0.08337 0.99652 -0.00021
vn 0.07384 0.9972 0.01144
vn 0.77842 0.62768 0.00934
vn 0.80622 0.59161 -0.00136
vn 0.07634 0.99375 0.08145
vn 0.75948 0.64742 0.06359
vn 0.08864 0.99606 -0.0001
vn 0.82338 0.56749 -0.00061
vn 0.09031 0.99591 -0
vn 0.82838 0.56017 0
vn 0.08864 0.99606 0.0001
vn 0.82338 0.56749 0.00061
vn 0.08336 0.99652 0.00021
vn 0.80622 0.59162 0.00136
vn 0.77834 0.62777 -0.00934
vn 0.07383 0.99721 -0.01144
vn 0.07627 0.9937 -0.08206
vn 0.75291 0.655 -0.06411
vn 0.57872 -0.20845 -0.78844
vn 0.57392 -0.13992 -0.80687
vn 0.55569 -0.08624 -0.8269
vn 0.54915 -0.06405 -0.83326
vn 0.55339 -0.04578 -0.83166
vn 0.49865 -0.09742 -0.86131
vn 0.34702 -0.36173 -0.86529
vn 0.4887 -0.5616 -0.66766
vn 0.58901 -0.66948 -0.45262
vn 0.65785 -0.7232 -0.21026
vn 0.68037 -0.73287 -0
vn 0.65786 -0.7232 0.21026
vn 0 0.7336 -0.67958
vn -0.3477 0.64954 -0.67617
vn 0 0.7336 -0.67958
vn 0.00058 0.73474 -0.67835
vn 0.33832 0.65031 -0.68017
vn 0.99181 0.09749 -0.0825
vn 0.99626 0.08588 -0.00998
vn 0.99674 0.08065 0.00046
vn 0.99714 0.07564 0.0002
vn 0.99724 0.07418 0
vn 0.99714 0.07564 -0.0002
vn 0.99674 0.08066 -0.00046
vn 0.99625 0.08589 0.00997
vn 0.99165 0.09764 0.08428
vn 0.33683 0.6524 0.67892
vn 0.00087 0.73529 0.67775
vn 0 0.7336 0.67958
vn -0.34813 0.64967 0.67582
vn -0.98556 0.15089 0.0768
vn -0.99719 0.07493 -0.00043
vn -0.99428 0.10622 0.01155
vn -0.78247 0.62047 0.05252
vn -0.99753 0.07026 -0.00019
vn -0.99762 0.06891 -0
vn -0.99753 0.07026 0.00019
vn -0.99719 0.07493 0.00043
vn -0.99424 0.10654 -0.01158
vn -0.78176 0.62133 -0.053
vn -0.98462 0.15728 -0.07614
usemtl mat0
f 1237//1156 1238//1157 1239//1158
f 1239//1158 1240//1159 1237//1156
f 1241//1160 1238//1157 1237//1156
f 1237//1156 1242//1161 1241//1160
f 1243//1162 1238//1157 1241//1160
f 1241//1160 1244//1163 1243//1162
f 1239//1158 1238//1157 1243//1162
f 1243//1162 1245//1164 1239//1158
f 1246//1165 1247//1166 1248//1167
f 1248//1167 1249//1165 1246//1165
f 1250//1168 1247//1166 1246//1165
f 1246//1165 1251//1165 1250//1168
f 1252//1169 1247//1166 1250//1168
f 1250//1168 1253//1170 1252//1169
f 1248//1167 1247//1166 1252//1169
f 1252//1169 1254//1171 1248//1167
f 1255//1172 1256//1173 1257//1174
f 1257//1174 1258//1175 1255//1172
f 1259//1176 1256//1173 1255//1172
f 1255//1172 1260//1177 1259//1176
f 1261//1178 1256//1173 1259//1176
f 1259//1176 1262//1179 1261//1178
f 1257//1174 1256//1173 1261//1178
f 1261//1178 1263//1180 1257//1174
f 1264//1181 1265//1182 1266//1183
f 1266//1183 1267//1184 1264//1181
f 1268//1185 1265//1182 1264//1181
f 1264//1181 1269//1186 1268//1185
f 1270//1187 1265//1182 1268//1185
f 1268//1185 1271//1188 1270//1187
f 1266//1183 1265//1182 1270//1187
f 1270//1187 1272//1189 1266//1183
f 1273//1190 1274//1191 1275//1192
f 1275//1192 1276//1193 1273//1190
f 1277//1194 1274//1191 1273//1190
f 1273//1190 1278//1195 1277//1194
f 1279//1196 1274//1191 1277//1194
f 1277//1194 1280//1197 1279//1196
f 1275//1192 1274//1191 1279//1196
f 1279//1196 1281//1198 1275//1192
f 1282//1199 1283//1200 1284//1201
f 1284//1201 1285//1202 1282//1199
f 1286//1203 1283//1200 1282//1199
f 1282//1199 1287//1204 1286//1203
f 1288//1205 1283//1200 1286//1203
f 1286//1203 1289//1206 1288//1205
f 1284//1201 1283//1200 1288//1205
f 1288//1205 1290//1207 1284//1201
f 1291//1165 1292//1208 1293//1209
f 1293//1209 1294//1165 1291//1165
f 1295//1210 1292//1208 1291//1165
f 1291//1165 1296//1165 1295//1210
f 1297//1211 1292//1208 1295//1210
f 1295//1210 1298//1212 1297//1211
f 1293//1209 1292//1208 1297//1211
f 1297//1211 1299//1213 1293//1209
f 1300//1214 1301//1215 1302//1216
f 1302//1216 1303//1217 1300//1214
f 1304//1218 1301//1215 1300//1214
f 1300//1214 1305//1219 1304//1218
f 1306//1220 1301//1215 1304//1218
f 1304//1218 1307//1221 1306//1220
f 1302//1216 1301//1215 1306//1220
f 1306//1220 1308//1222 1302//1216
f 1309//1223 1310//1224 1311//1225
f 1311//1225 1312//1226 1309//1223
f 1313//1227 1310//1224 1309//1223
f 1309//1223 1314//1228 1313//1227
f 1315//1229 1310//1224 1313//1227
f 1313//1227 1316//1230 1315//1229
f 1311//1225 1310//1224 1315//1229
f 1315//1229 1317//1231 1311//1225
f 1318//1232 1319//1233 1320//1234
f 1320//1234 1321//1235 1318//1232
f 1322//1236 1319//1233 1318//1232
f 1318//1232 1323//1237 1322//1236
f 1324//1238 1319//1233 1322//1236
f 1322//1236 1325//1239 1324//1238
f 1320//1234 1319//1233 1324//1238
f 1324//1238 1326//1240 1320//1234
f 1291//1165 1327//1165 1328//1165
f 1328//1165 1296//1165 1291//1165
f 1329//1165 1327//1165 1291//1165
f 1291//1165 1294//1165 1329//1165
f 1330//1165 1327//1165 1329//1165
f 1329//1165 1331//1165 1330//1165
f 1328//1165 1327//1165 1330//1165
f 1330//1165 1332//1165 1328//1165
f 1300//1214 1333//1241 1334//1242
f 1334//1242 1305//1219 1300//1214
f 1335//1243 1333//1241 1300//1214
f 1300//1214 1303//1217 1335//1243
f 1336//1243 1333//1241 1335//1243
f 1335//1243 1337//1243 1336//1243
f 1334//1242 1333//1241 1336//1243
f 1336//1243 1338//1243 1334//1242
f 1339//1244 1340//1245 1341//1246
f 1341//1246 1342//1247 1339//1244
f 1343//1248 1340//1245 1339//1244
f 1339//1244 1344//1249 1343//1248
f 1309//1223 1340//1245 1343//1248
f 1343//1248 1314//1228 1309//1223
f 1341//1246 1340//1245 1309//1223
f 1309//1223 1312//1226 1341//1246
f 1345//1250 1346//1251 1347//1252
f 1347//1252 1348//1253 1345//1250
f 1349//1254 1346//1251 1345//1250
f 1345//1250 1350//1255 1349//1254
f 1318//1232 1346//1251 1349//1254
f 1349//1254 1323//1237 1318//1232
f 1347//1252 1346//1251 1318//1232
f 1318//1232 1321//1235 1347//1252
f 1330//1165 1351//1165 1352//1165
f 1352//1165 1332//1165 1330//1165
f 1353//1165 1351//1165 1330//1165
f 1330//1165 1331//1165 1353//1165
f 1246//1165 1351//1165 1353//1165
f 1353//1165 1251//1165 1246//1165
f 1352//1165 1351//1165 1246//1165
f 1246//1165 1249//1165 1352//1165
f 1336//1243 1354//1256 1355//1257
f 1355//1257 1338//1243 1336//1243
f 1356//1243 1354//1256 1336//1243
f 1336//1243 1337//1243 1356//1243
f 1273//1190 1354//1256 1356//1243
f 1356//1243 1278//1195 1273//1190
f 1355//1257 1354//1256 1273//1190
f 1273//1190 1276//1193 1355//1257
f 1264//1181 1357//1258 1358//1259
f 1358//1259 1269//1186 1264//1181
f 1359//1259 1357//1258 1264//1181
f 1264//1181 1267//1184 1359//1259
f 1339//1244 1357//1258 1359//1259
f 1359//1259 1344//1249 1339//1244
f 1358//1259 1357//1258 1339//1244
f 1339//1244 1342//1247 1358//1259
f 1282//1199 1360//1260 1361//1261
f 1361//1261 1287//1204 1282//1199
f 1362//1262 1360//1260 1282//1199
f 1282//1199 1285//1202 1362//1262
f 1345//1250 1360//1260 1362//1262
f 1362//1262 1350//1255 1345//1250
f 1361//1261 1360//1260 1345//1250
f 1345//1250 1348//1253 1361//1261
f 1241//1160 1363//1263 1364//1264
f 1364//1264 1244//1163 1241//1160
f 1365//1264 1363//1263 1241//1160
f 1241//1160 1242//1161 1365//1264
f 1366//1265 1363//1263 1365//1264
f 1365//1264 1367//1266 1366//1265
f 1364//1264 1363//1263 1366//1265
f 1366//1265 1368//1267 1364//1264
f 1369//1268 1370//1269 1371//1270
f 1371//1270 1372//1271 1369//1268
f 1302//1216 1370//1269 1369//1268
f 1369//1268 1303//1217 1302//1216
f 1373//1272 1370//1269 1302//1216
f 1302//1216 1308//1222 1373//1272
f 1371//1270 1370//1269 1373//1272
f 1373//1272 1374//1273 1371//1270
f 1369//1268 1375//1243 1335//1243
f 1335//1243 1303//1217 1369//1268
f 1376//1274 1375//1243 1369//1268
f 1369//1268 1372//1271 1376//1274
f 1377//1243 1375//1243 1376//1274
f 1376//1274 1378//1243 1377//1243
f 1335//1243 1375//1243 1377//1243
f 1377//1243 1337//1243 1335//1243
f 1377//1243 1379//1243 1356//1243
f 1356//1243 1337//1243 1377//1243
f 1380//1243 1379//1243 1377//1243
f 1377//1243 1378//1243 1380//1243
f 1381//1275 1379//1243 1380//1243
f 1380//1243 1382//1276 1381//1275
f 1356//1243 1379//1243 1381//1275
f 1381//1275 1278//1195 1356//1243
f 1383//1277 1384//1278 1381//1275
f 1381//1275 1382//1276 1383//1277
f 1385//1279 1384//1278 1383//1277
f 1383//1277 1386//1280 1385//1279
f 1277//1194 1384//1278 1385//1279
f 1385//1279 1280//1197 1277//1194
f 1381//1275 1384//1278 1277//1194
f 1277//1194 1278//1195 1381//1275
f 1261//1178 1387//1281 1388//1282
f 1388//1282 1263//1180 1261//1178
f 1389//1283 1387//1281 1261//1178
f 1261//1178 1262//1179 1389//1283
f 1390//1284 1387//1281 1389//1283
f 1389//1283 1391//1285 1390//1284
f 1388//1282 1387//1281 1390//1284
f 1390//1284 1392//1286 1388//1282
f 1284//1201 1393//1287 1394//1288
f 1394//1288 1285//1202 1284//1201
f 1395//1289 1393//1287 1284//1201
f 1284//1201 1290//1207 1395//1289
f 1396//1290 1393//1287 1395//1289
f 1395//1289 1397//1291 1396//1290
f 1394//1288 1393//1287 1396//1290
f 1396//1290 1398//1292 1394//1288
f 1394//1288 1399//1255 1362//1262
f 1362//1262 1285//1202 1394//1288
f 1400//1255 1399//1255 1394//1288
f 1394//1288 1398//1292 1400//1255
f 1401//1255 1399//1255 1400//1255
f 1400//1255 1402//1255 1401//1255
f 1362//1262 1399//1255 1401//1255
f 1401//1255 1350//1255 1362//1262
f 1401//1255 1403//1255 1349//1254
f 1349//1254 1350//1255 1401//1255
f 1404//1255 1403//1255 1401//1255
f 1401//1255 1402//1255 1404//1255
f 1405//1293 1403//1255 1404//1255
f 1404//1255 1406//1255 1405//1293
f 1349//1254 1403//1255 1405//1293
f 1405//1293 1323//1237 1349//1254
f 1407//1294 1408//1295 1405//1293
f 1405//1293 1406//1255 1407//1294
f 1409//1296 1408//1295 1407//1294
f 1407//1294 1410//1297 1409//1296
f 1322//1236 1408//1295 1409//1296
f 1409//1296 1325//1239 1322//1236
f 1405//1293 1408//1295 1322//1236
f 1322//1236 1323//1237 1405//1293
f 1411//1298 1412//1299 1366//1265
f 1366//1265 1367//1266 1411//1298
f 1315//1229 1412//1299 1411//1298
f 1411//1298 1317//1231 1315//1229
f 1413//1300 1412//1299 1315//1229
f 1315//1229 1316//1230 1413//1300
f 1366//1265 1412//1299 1413//1300
f 1413//1300 1368//1267 1366//1265
f 1371//1270 1414//1301 1415//1302
f 1415//1302 1372//1271 1371//1270
f 1416//1303 1414//1301 1371//1270
f 1371//1270 1374//1273 1416//1303
f 1417//1304 1414//1301 1416//1303
f 1416//1303 1418//1305 1417//1304
f 1415//1302 1414//1301 1417//1304
f 1417//1304 1419//1306 1415//1302
f 1415//1302 1420//1307 1376//1274
f 1376//1274 1372//1271 1415//1302
f 1421//1308 1420//1307 1415//1302
f 1415//1302 1419//1306 1421//1308
f 1422//1309 1420//1307 1421//1308
f 1421//1308 1423//1310 1422//1309
f 1376//1274 1420//1307 1422//1309
f 1422//1309 1378//1243 1376//1274
f 1422//1309 1424//1311 1380//1243
f 1380//1243 1378//1243 1422//1309
f 1425//1312 1424//1311 1422//1309
f 1422//1309 1423//1310 1425//1312
f 1426//1313 1424//1311 1425//1312
f 1425//1312 1427//1314 1426//1313
f 1380//1243 1424//1311 1426//1313
f 1426//1313 1382//1276 1380//1243
f 1426//1313 1428//1315 1383//1277
f 1383//1277 1382//1276 1426//1313
f 1429//1316 1428//1315 1426//1313
f 1426//1313 1427//1314 1429//1316
f 1430//1317 1428//1315 1429//1316
f 1429//1316 1431//1318 1430//1317
f 1383//1277 1428//1315 1430//1317
f 1430//1317 1386//1280 1383//1277
f 1432//1319 1433//1320 1390//1284
f 1390//1284 1391//1285 1432//1319
f 1270//1187 1433//1320 1432//1319
f 1432//1319 1272//1189 1270//1187
f 1434//1321 1433//1320 1270//1187
f 1270//1187 1271//1188 1434//1321
f 1390//1284 1433//1320 1434//1321
f 1434//1321 1392//1286 1390//1284
f 1435//1322 1436//1323 1396//1290
f 1396//1290 1397//1291 1435//1322
f 1437//1324 1436//1323 1435//1322
f 1435//1322 1438//1325 1437//1324
f 1439//1326 1436//1323 1437//1324
f 1437//1324 1440//1327 1439//1326
f 1396//1290 1436//1323 1439//1326
f 1439//1326 1398//1292 1396//1290
f 1439//1326 1441//1328 1400//1255
f 1400//1255 1398//1292 1439//1326
f 1442//1329 1441//1328 1439//1326
f 1439//1326 1440//1327 1442//1329
f 1443//1330 1441//1328 1442//1329
f 1442//1329 1444//1331 1443//1330
f 1400//1255 1441//1328 1443//1330
f 1443//1330 1402//1255 1400//1255
f 1443//1330 1445//1332 1404//1255
f 1404//1255 1402//1255 1443//1330
f 1446//1333 1445//1332 1443//1330
f 1443//1330 1444//1331 1446//1333
f 1447//1334 1445//1332 1446//1333
f 1446//1333 1448//1335 1447//1334
f 1404//1255 1445//1332 1447//1334
f 1447//1334 1406//1255 1404//1255
f 1407//1294 1449//1336 1450//1337
f 1450//1337 1410//1297 1407//1294
f 1447//1334 1449//1336 1407//1294
f 1407//1294 1406//1255 1447//1334
f 1451//1338 1449//1336 1447//1334
f 1447//1334 1448//1335 1451//1338
f 1450//1337 1449//1336 1451//1338
f 1451//1338 1452//1339 1450//1337
f 1311//1225 1453//1340 1454//1341
f 1454//1341 1312//1226 1311//1225
f 1455//1342 1453//1340 1311//1225
f 1311//1225 1317//1231 1455//1342
f 1451//1338 1453//1340 1455//1342
f 1455//1342 1452//1339 1451//1338
f 1454//1341 1453//1340 1451//1338
f 1451//1338 1448//1335 1454//1341
f 1341//1246 1456//1343 1457//1344
f 1457//1344 1342//1247 1341//1246
f 1454//1341 1456//1343 1341//1246
f 1341//1246 1312//1226 1454//1341
f 1446//1333 1456//1343 1454//1341
f 1454//1341 1448//1335 1446//1333
f 1457//1344 1456//1343 1446//1333
f 1446//1333 1444//1331 1457//1344
f 1358//1259 1458//1345 1459//1346
f 1459//1346 1269//1186 1358//1259
f 1457//1344 1458//1345 1358//1259
f 1358//1259 1342//1247 1457//1344
f 1442//1329 1458//1345 1457//1344
f 1457//1344 1444//1331 1442//1329
f 1459//1346 1458//1345 1442//1329
f 1442//1329 1440//1327 1459//1346
f 1437//1324 1460//1347 1459//1346
f 1459//1346 1440//1327 1437//1324
f 1461//1348 1460//1347 1437//1324
f 1437//1324 1438//1325 1461//1348
f 1268//1185 1460//1347 1461//1348
f 1461//1348 1271//1188 1268//1185
f 1459//1346 1460//1347 1268//1185
f 1268//1185 1269//1186 1459//1346
f 1434//1321 1462//1349 1463//1350
f 1463//1350 1392//1286 1434//1321
f 1461//1348 1462//1349 1434//1321
f 1434//1321 1271//1188 1461//1348
f 1435//1322 1462//1349 1461//1348
f 1461//1348 1438//1325 1435//1322
f 1463//1350 1462//1349 1435//1322
f 1435//1322 1397//1291 1463//1350
f 1464//1351 1465//1352 1395//1289
f 1395//1289 1290//1207 1464//1351
f 1388//1282 1465//1352 1464//1351
f 1464//1351 1263//1180 1388//1282
f 1463//1350 1465//1352 1388//1282
f 1388//1282 1392//1286 1463//1350
f 1395//1289 1465//1352 1463//1350
f 1463//1350 1397//1291 1395//1289
f 1257//1174 1466//1353 1467//1354
f 1467//1354 1258//1175 1257//1174
f 1464//1351 1466//1353 1257//1174
f 1257//1174 1263//1180 1464//1351
f 1288//1205 1466//1353 1464//1351
f 1464//1351 1290//1207 1288//1205
f 1467//1354 1466//1353 1288//1205
f 1288//1205 1289//1206 1467//1354
f 1468//1355 1469//1356 1470//1357
f 1470//1357 1471//1358 1468//1355
f 1248//1167 1469//1356 1468//1355
f 1468//1355 1249//1165 1248//1167
f 1472//1359 1469//1356 1248//1167
f 1248//1167 1254//1171 1472//1359
f 1352//1165 1473//1360 1474//1361
f 1474//1361 1332//1165 1352//1165
f 1468//1355 1473//1360 1352//1165
f 1352//1165 1249//1165 1468//1355
f 1475//1362 1473//1360 1468//1355
f 1468//1355 1471//1358 1475//1362
f 1474//1361 1473//1360 1475//1362
f 1475//1362 1476//1363 1474//1361
f 1328//1165 1477//1364 1478//1365
f 1478//1365 1296//1165 1328//1165
f 1474//1361 1477//1364 1328//1165
f 1328//1165 1332//1165 1474//1361
f 1479//1366 1477//1364 1474//1361
f 1474//1361 1476//1363 1479//1366
f 1478//1365 1477//1364 1479//1366
f 1479//1366 1480//1367 1478//1365
f 1481//1368 1482//1369 1478//1365
f 1478//1365 1480//1367 1481//1368
f 1295//1210 1482//1369 1483//1370
f 1483//1370 1298//1212 1295//1210
f 1478//1365 1482//1369 1295//1210
f 1295//1210 1296//1165 1478//1365
f 1237//1156 1484//1371 1485//1372
f 1485//1372 1242//1161 1237//1156
f 1486//1373 1484//1371 1237//1156
f 1237//1156 1240//1159 1486//1373
f 1324//1238 1484//1371 1486//1373
f 1486//1373 1326//1240 1324//1238
f 1485//1372 1484//1371 1324//1238
f 1324//1238 1325//1239 1485//1372
f 1409//1296 1487//1374 1485//1372
f 1485//1372 1325//1239 1409//1296
f 1488//1375 1487//1374 1409//1296
f 1409//1296 1410//1297 1488//1375
f 1365//1264 1487//1374 1488//1375
f 1488//1375 1367//1266 1365//1264
f 1485//1372 1487//1374 1365//1264
f 1365//1264 1242//1161 1485//1372
f 1450//1337 1489//1376 1488//1375
f 1488//1375 1410//1297 1450//1337
f 1455//1342 1489//1376 1450//1337
f 1450//1337 1452//1339 1455//1342
f 1411//1298 1489//1376 1455//1342
f 1455//1342 1317//1231 1411//1298
f 1488//1375 1489//1376 1411//1298
f 1411//1298 1367//1266 1488//1375
f 1417//1304 1490//1377 1491//1378
f 1491//1378 1419//1306 1417//1304
f 1492//1379 1490//1377 1417//1304
f 1417//1304 1418//1305 1492//1379
f 1313//1227 1490//1377 1492//1379
f 1492//1379 1316//1230 1313//1227
f 1491//1378 1490//1377 1313//1227
f 1313//1227 1314//1228 1491//1378
f 1413//1300 1493//1380 1494//1381
f 1494//1381 1368//1267 1413//1300
f 1492//1379 1493//1380 1413//1300
f 1413//1300 1316//1230 1492//1379
f 1416//1303 1493//1380 1492//1379
f 1492//1379 1418//1305 1416//1303
f 1494//1381 1493//1380 1416//1303
f 1416//1303 1374//1273 1494//1381
f 1495//1382 1496//1383 1373//1272
f 1373//1272 1308//1222 1495//1382
f 1364//1264 1496//1383 1495//1382
f 1495//1382 1244//1163 1364//1264
f 1494//1381 1496//1383 1364//1264
f 1364//1264 1368//1267 1494//1381
f 1373//1272 1496//1383 1494//1381
f 1494//1381 1374//1273 1373//1272
f 1243//1162 1497//1384 1498//1385
f 1498//1385 1245//1164 1243//1162
f 1495//1382 1497//1384 1243//1162
f 1243//1162 1244//1163 1495//1382
f 1306//1220 1497//1384 1495//1382
f 1495//1382 1308//1222 1306//1220
f 1498//1385 1497//1384 1306//1220
f 1306//1220 1307//1221 1498//1385
f 1499//1386 1500//1387 1501//1388
f 1501//1388 1502//1389 1499//1386
f 1293//1209 1500//1387 1499//1386
f 1499//1386 1294//1165 1293//1209
f 1503//1390 1500//1387 1293//1209
f 1293//1209 1299//1213 1503//1390
f 1501//1388 1500//1387 1503//1390
f 1503//1390 1504//1391 1501//1388
f 1499//1386 1505//1392 1329//1165
f 1329//1165 1294//1165 1499//1386
f 1506//1393 1505//1392 1499//1386
f 1499//1386 1502//1389 1506//1393
f 1507//1394 1505//1392 1506//1393
f 1506//1393 1508//1395 1507//1394
f 1329//1165 1505//1392 1507//1394
f 1507//1394 1331//1165 1329//1165
f 1507//1394 1509//1396 1353//1165
f 1353//1165 1331//1165 1507//1394
f 1510//1397 1509//1396 1507//1394
f 1507//1394 1508//1395 1510//1397
f 1511//1398 1509//1396 1510//1397
f 1510//1397 1512//1399 1511//1398
f 1353//1165 1509//1396 1511//1398
f 1511//1398 1251//1165 1353//1165
f 1513//1400 1514//1401 1511//1398
f 1511//1398 1512//1399 1513//1400
f 1515//1402 1514//1401 1513//1400
f 1513//1400 1516//1403 1515//1402
f 1250//1168 1514//1401 1515//1402
f 1515//1402 1253//1170 1250//1168
f 1511//1398 1514//1401 1250//1168
f 1250//1168 1251//1165 1511//1398
f 1517//1404 1518//1405 1259//1176
f 1259//1176 1260//1177 1517//1404
f 1279//1196 1518//1405 1517//1404
f 1517//1404 1281//1198 1279//1196
f 1519//1406 1518//1405 1279//1196
f 1279//1196 1280//1197 1519//1406
f 1259//1176 1518//1405 1519//1406
f 1519//1406 1262//1179 1259//1176
f 1385//1279 1520//1407 1519//1406
f 1519//1406 1280//1197 1385//1279
f 1521//1408 1520//1407 1385//1279
f 1385//1279 1386//1280 1521//1408
f 1389//1283 1520//1407 1521//1408
f 1521//1408 1391//1285 1389//1283
f 1519//1406 1520//1407 1389//1283
f 1389//1283 1262//1179 1519//1406
f 1430//1317 1522//1409 1521//1408
f 1521//1408 1386//1280 1430//1317
f 1523//1410 1522//1409 1430//1317
f 1430//1317 1431//1318 1523//1410
f 1432//1319 1522//1409 1523//1410
f 1523//1410 1272//1189 1432//1319
f 1521//1408 1522//1409 1432//1319
f 1432//1319 1391//1285 1521//1408
f 1266//1183 1524//1411 1525//1412
f 1525//1412 1267//1184 1266//1183
f 1523//1410 1524//1411 1266//1183
f 1266//1183 1272//1189 1523//1410
f 1429//1316 1524//1411 1523//1410
f 1523//1410 1431//1318 1429//1316
f 1525//1412 1524//1411 1429//1316
f 1429//1316 1427//1314 1525//1412
f 1525//1412 1526//1413 1359//1259
f 1359//1259 1267//1184 1525//1412
f 1425//1312 1526//1413 1525//1412
f 1525//1412 1427//1314 1425//1312
f 1527//1414 1526//1413 1425//1312
f 1425//1312 1423//1310 1527//1414
f 1359//1259 1526//1413 1527//1414
f 1527//1414 1344//1249 1359//1259
f 1527//1414 1528//1415 1343//1248
f 1343//1248 1344//1249 1527//1414
f 1421//1308 1528//1415 1527//1414
f 1527//1414 1423//1310 1421//1308
f 1491//1378 1528//1415 1421//1308
f 1421//1308 1419//1306 1491//1378
f 1343//1248 1528//1415 1491//1378
f 1491//1378 1314//1228 1343//1248
f 1529//1416 1530//1417 1472//1359
f 1472//1359 1254//1171 1529//1416
f 1467//1354 1530//1417 1529//1416
f 1529//1416 1258//1175 1467//1354
f 1529//1416 1531//1418 1255//1172
f 1255//1172 1258//1175 1529//1416
f 1252//1169 1531//1418 1529//1416
f 1529//1416 1254//1171 1252//1169
f 1532//1419 1531//1418 1252//1169
f 1252//1169 1253//1170 1532//1419
f 1255//1172 1531//1418 1532//1419
f 1532//1419 1260//1177 1255//1172
f 1532//1419 1533//1420 1517//1404
f 1517//1404 1260//1177 1532//1419
f 1515//1402 1533//1420 1532//1419
f 1532//1419 1253//1170 1515//1402
f 1534//1421 1533//1420 1515//1402
f 1515//1402 1516//1403 1534//1421
f 1517//1404 1533//1420 1534//1421
f 1534//1421 1281//1198 1517//1404
f 1275//1192 1535//1422 1536//1423
f 1536//1423 1276//1193 1275//1192
f 1534//1421 1535//1422 1275//1192
f 1275//1192 1281//1198 1534//1421
f 1513//1400 1535//1422 1534//1421
f 1534//1421 1516//1403 1513//1400
f 1536//1423 1535//1422 1513//1400
f 1513//1400 1512//1399 1536//1423
f 1355//1257 1537//1424 1538//1425
f 1538//1425 1338//1243 1355//1257
f 1536//1423 1537//1424 1355//1257
f 1355//1257 1276//1193 1536//1423
f 1510//1397 1537//1424 1536//1423
f 1536//1423 1512//1399 1510//1397
f 1538//1425 1537//1424 1510//1397
f 1510//1397 1508//1395 1538//1425
f 1334//1242 1539//1426 1540//1427
f 1540//1427 1305//1219 1334//1242
f 1538//1425 1539//1426 1334//1242
f 1334//1242 1338//1243 1538//1425
f 1506//1393 1539//1426 1538//1425
f 1538//1425 1508//1395 1506//1393
f 1540//1427 1539//1426 1506//1393
f 1506//1393 1502//1389 1540//1427
f 1501//1388 1541//1428 1540//1427
f 1540//1427 1502//1389 1501//1388
f 1542//1429 1541//1428 1501//1388
f 1501//1388 1504//1391 1542//1429
f 1304//1218 1541//1428 1542//1429
f 1542//1429 1307//1221 1304//1218
f 1540//1427 1541//1428 1304//1218
f 1304//1218 1305//1219 1540//1427
f 1498//1385 1543//1430 1544//1431
f 1544//1431 1245//1164 1498//1385
f 1542//1429 1543//1430 1498//1385
f 1498//1385 1307//1221 1542//1429
f 1503//1390 1543//1430 1542//1429
f 1542//1429 1504//1391 1503//1390
f 1544//1431 1543//1430 1503//1390
f 1503//1390 1299//1213 1544//1431
f 1239//1158 1545//1432 1546//1432
f 1546//1432 1240//1159 1239//1158
f 1544//1431 1545//1432 1239//1158
f 1239//1158 1245//1164 1544//1431
f 1297//1211 1545//1432 1544//1431
f 1544//1431 1299//1213 1297//1211
f 1546//1432 1545//1432 1297//1211
f 1297//1211 1298//1212 1546//1432
f 1546//1432 1547//1433 1486//1373
f 1486//1373 1240//1159 1546//1432
f 1483//1370 1547//1433 1546//1432
f 1546//1432 1298//1212 1483//1370
f 1486//1373 1547//1433 1548//1434
f 1548//1434 1326//1240 1486//1373
f 1549//1435 1550//1436 1481//1368
f 1481//1368 1480//1367 1549//1435
f 1320//1234 1550//1436 1549//1435
f 1549//1435 1321//1235 1320//1234
f 1548//1434 1550//1436 1320//1234
f 1320//1234 1326//1240 1548//1434
f 1551//1437 1548//1434 1547//1433
f 1547//1433 1483//1370 1551//1437
f 1347//1252 1552//1438 1553//1439
f 1553//1439 1348//1253 1347//1252
f 1549//1435 1552//1438 1347//1252
f 1347//1252 1321//1235 1549//1435
f 1479//1366 1552//1438 1549//1435
f 1549//1435 1480//1367 1479//1366
f 1553//1439 1552//1438 1479//1366
f 1479//1366 1476//1363 1553//1439
f 1361//1261 1554//1440 1555//1441
f 1555//1441 1287//1204 1361//1261
f 1553//1439 1554//1440 1361//1261
f 1361//1261 1348//1253 1553//1439
f 1475//1362 1554//1440 1553//1439
f 1553//1439 1476//1363 1475//1362
f 1555//1441 1554//1440 1475//1362
f 1475//1362 1471//1358 1555//1441
f 1470//1357 1556//1442 1555//1441
f 1555//1441 1471//1358 1470//1357
f 1470//1357 1557//1443 1558//1444
f 1558//1444 1556//1442 1470//1357
f 1286//1203 1556//1442 1558//1444
f 1558//1444 1289//1206 1286//1203
f 1555//1441 1556//1442 1286//1203
f 1286//1203 1287//1204 1555//1441
f 1483//1370 1482//1369 1481//1368
f 1481//1368 1551//1437 1483//1370
f 1548//1434 1551//1437 1481//1368
f 1481//1368 1550//1436 1548//1434
f 1470//1357 1469//1356 1472//1359
f 1472//1359 1557//1443 1470//1357
f 1289//1206 1558//1444 1530//1417
f 1530//1417 1467//1354 1289//1206
f 1557//1443 1472//1359 1530//1417
f 1530//1417 1558//1444 1557//1443
# Vertices: 322, normals: 289, texture coordinates: 0, faces: 640

# borde_3_5
o obj6
v 1.97412395 -0.08609277 -0.05446921
v 1.99457383 -0.08609277 -0.05446921
v 1.99457383 -0.07920137 -0.05263022
v 1.97412395 -0.07920137 -0.05263022
v 1.99457383 -0.1049097 -0.05711749
v 1.97412395 -0.1049097 -0.05711749
v 2.01506948 -0.08609277 -0.05446921
v 2.01506948 -0.1049097 -0.05711749
v 2.01506948 -0.07920137 -0.05263022
v 1.99457383 -0.07241541 -0.24833333
v 1.99457383 -0.07241541 -0.28125235
v 1.97412395 -0.07241541 -0.28125235
v 1.97412395 -0.07241541 -0.24833333
v 2.01506948 -0.07241541 -0.28125235
v 2.01506948 -0.07241541 -0.24833333
v 1.99457383 -0.07308874 -0.30576193
v 2.01506948 -0.07308874 -0.30576193
v 1.97412395 -0.07308874 -0.30576193
v 1.99457383 -0.07920137 -0.3123605
v 1.99457383 -0.08609277 -0.31052148
v 1.97412395 -0.08609277 -0.31052148
v 1.97412395 -0.07920137 -0.3123605
v 2.01506948 -0.08609277 -0.31052148
v 2.01506948 -0.07920137 -0.3123605
v 1.99457383 -0.1049097 -0.30787322
v 2.01506948 -0.1049097 -0.30787322
v 1.97412395 -0.1049097 -0.30787322
v 1.99457383 -0.31231022 -0.24650358
v 1.99457371 -0.28624031 -0.27393335
v 2.01506948 -0.28624031 -0.27393335
v 2.01506948 -0.31231022 -0.24650358
v 1.97412384 -0.28624031 -0.27393335
v 1.97412395 -0.31231022 -0.24650358
v 1.99457383 -0.25497806 -0.29324132
v 1.97412395 -0.25497806 -0.29324132
v 2.01506948 -0.25497806 -0.29324132
v 2.02618361 -0.09044176 -0.24787709
v 2.02618361 -0.0884828 -0.27942741
v 2.02618361 -0.08038717 -0.28034693
v 2.02618361 -0.08135909 -0.24810699
v 2.02618361 -0.11058787 -0.27810329
v 2.02618361 -0.11524191 -0.24754606
v 2.02554131 -0.08669028 -0.30274796
v 2.02554131 -0.10632924 -0.30043072
v 2.02554131 -0.07949782 -0.30435711
v 1.9633311 -0.09044176 -0.24787709
v 1.9633311 -0.0884828 -0.27942741
v 1.9633311 -0.11058786 -0.27810329
v 1.9633311 -0.11524191 -0.24754606
v 1.9633311 -0.08038717 -0.28034693
v 1.9633311 -0.08135909 -0.24810699
v 1.96392751 -0.08669028 -0.30274796
v 1.96392751 -0.07949782 -0.30435711
v 1.96392751 -0.10632924 -0.30043072
v 1.99457383 -0.07241541 -0.11665735
v 1.99457383 -0.07241541 -0.08373836
v 2.01506948 -0.07241541 -0.08373836
v 2.01506948 -0.07241541 -0.11665735
v 1.97412395 -0.07241541 -0.08373836
v 1.97412395 -0.07241541 -0.11665735
v 1.99457383 -0.07308874 -0.05922879
v 1.97412395 -0.07308874 -0.05922879
v 2.01506948 -0.07308874 -0.05922879
v 2.02618361 -0.09044176 -0.11711359
v 2.02618361 -0.0884828 -0.08556329
v 2.02618361 -0.11058787 -0.08688743
v 2.02618361 -0.11524191 -0.11744462
v 2.02618361 -0.08038717 -0.08464379
v 2.02618361 -0.08135909 -0.11688371
v 2.02554131 -0.08669028 -0.06224273
v 2.02554131 -0.07949782 -0.06063361
v 2.02554131 -0.10632924 -0.06455998
v 1.99457383 -0.31231022 -0.1184871
v 1.99457383 -0.28624031 -0.09105737
v 1.97412395 -0.28624031 -0.09105737
v 1.97412395 -0.31231022 -0.1184871
v 2.01506948 -0.28624031 -0.09105737
v 2.01506948 -0.31231022 -0.1184871
v 1.99457383 -0.25497803 -0.07174937
v 2.01506948 -0.25497806 -0.07174937
v 1.97412395 -0.25497806 -0.07174937
v 1.9633311 -0.09044176 -0.11711358
v 1.9633311 -0.0884828 -0.08556329
v 1.9633311 -0.08038717 -0.08464379
v 1.9633311 -0.08135909 -0.11688371
v 1.9633311 -0.11058787 -0.08688743
v 1.9633311 -0.11524191 -0.11744462
v 1.96392751 -0.08669028 -0.06224273
v 1.96392751 -0.10632924 -0.06455998
v 1.96392751 -0.07949782 -0.06063361
v 1.99457383 -0.07241541 -0.14957634
v 1.97412395 -0.07241541 -0.14957634
v 2.01506948 -0.07241541 -0.14957634
v 1.99457383 -0.07241541 -0.18249531
v 2.01506948 -0.07241541 -0.18249531
v 1.97412395 -0.07241541 -0.18249531
v 2.02618361 -0.09153862 -0.14957634
v 2.02618361 -0.08190328 -0.14957634
v 2.02618361 -0.11784779 -0.14957634
v 2.02618361 -0.09187151 -0.18249531
v 2.02618361 -0.11863868 -0.18249531
v 2.02618361 -0.08206844 -0.18249531
v 1.99457383 -0.33133721 -0.18249531
v 1.99457383 -0.32690707 -0.14957634
v 1.97412395 -0.32690707 -0.14957634
v 1.97412395 -0.33133721 -0.18249531
v 2.01506948 -0.32690707 -0.14957634
v 2.01506948 -0.33133721 -0.18249531
v 1.9633311 -0.09187151 -0.18249531
v 1.9633311 -0.09153862 -0.14957632
v 1.9633311 -0.08190328 -0.14957634
v 1.9633311 -0.08206844 -0.18249531
v 1.9633311 -0.11784779 -0.14957634
v 1.9633311 -0.11863868 -0.18249531
v 1.99457383 -0.07241541 -0.21541432
v 1.97412395 -0.07241541 -0.21541432
v 2.01506948 -0.07241541 -0.21541432
v 2.02618361 -0.09153862 -0.21541432
v 2.02618361 -0.08190328 -0.21541432
v 2.02618361 -0.11784779 -0.21541432
v 1.99457383 -0.32690707 -0.21541432
v 1.97412395 -0.32690707 -0.21541432
v 2.01506948 -0.32690707 -0.21541432
v 1.9633311 -0.09153862 -0.21541432
v 1.9633311 -0.08190328 -0.21541432
v 1.9633311 -0.11784779 -0.21541432
v 1.99457383 -0.14477895 -0.0606375
v 2.01506948 -0.14477895 -0.0606375
v 1.97412395 -0.14477895 -0.0606375
v 1.99457383 -0.18998295 -0.0637124
v 1.97412395 -0.18998295 -0.0637124
v 2.01506948 -0.18998295 -0.0637124
v 2.02618361 -0.16778839 -0.11788462
v 2.02618361 -0.15742399 -0.08864743
v 2.02618361 -0.21052705 -0.09018488
v 2.02618361 -0.22736587 -0.11826898
v 2.02554131 -0.1479402 -0.06763998
v 2.02554131 -0.19511898 -0.07033052
v 2.02618361 -0.17359154 -0.14957634
v 2.02618361 -0.23679411 -0.14957634
v 2.02618361 -0.17535281 -0.18249531
v 2.02618361 -0.23965561 -0.18249531
v 2.02618361 -0.17359154 -0.21541432
v 2.02618361 -0.23679413 -0.21541432
v 2.02618361 -0.16778839 -0.24710606
v 2.02618361 -0.22736587 -0.2467217
v 2.02618361 -0.21052705 -0.27480581
v 2.02618361 -0.15742399 -0.27634329
v 2.02554131 -0.1479402 -0.2973507
v 2.02554131 -0.19511898 -0.29466018
v 1.99457383 -0.14477895 -0.30435321
v 1.97412395 -0.14477895 -0.30435321
v 2.01506948 -0.14477895 -0.30435321
v 1.99457383 -0.18998295 -0.30127829
v 2.01506948 -0.18998295 -0.30127829
v 1.97412395 -0.18998295 -0.30127829
v 1.9633311 -0.15742397 -0.27634329
v 1.9633311 -0.16778839 -0.24710606
v 1.96392751 -0.1479402 -0.2973507
v 1.9633311 -0.21052705 -0.27480581
v 1.96392751 -0.19511896 -0.29466018
v 1.9633311 -0.22736587 -0.2467217
v 1.9633311 -0.17359154 -0.21541432
v 1.9633311 -0.23679411 -0.21541432
v 1.9633311 -0.17535281 -0.18249531
v 1.9633311 -0.23965561 -0.18249531
v 1.9633311 -0.17359154 -0.14957634
v 1.9633311 -0.23679413 -0.14957634
v 1.9633311 -0.16778839 -0.11788462
v 1.9633311 -0.22736587 -0.11826898
v 1.9633311 -0.21052705 -0.09018488
v 1.9633311 -0.15742399 -0.08864743
v 1.96392751 -0.14794022 -0.06763998
v 1.96392751 -0.19511898 -0.07033053
v 1.97412395 -0.22480412 -0.06502537
v 1.99457383 -0.22480412 -0.06502537
v 2.01506948 -0.22480412 -0.06502537
v 2.02618361 -0.25143296 -0.09084137
v 2.02618361 -0.2732591 -0.1184331
v 2.02554131 -0.23146133 -0.07147938
v 2.02554131 -0.27753848 -0.09100337
v 2.02504158 -0.25482601 -0.07666714
v 2.02554131 -0.30254745 -0.1184736
v 2.02618361 -0.28547981 -0.14957634
v 2.02554131 -0.31655025 -0.14957634
v 2.02618361 -0.28918883 -0.18249531
v 2.02554131 -0.32080013 -0.18249531
v 2.02618361 -0.28547984 -0.21541432
v 2.02554131 -0.31655025 -0.21541432
v 2.02618361 -0.2732591 -0.24655758
v 2.02554131 -0.30254745 -0.24651708
v 2.02618361 -0.25143296 -0.27414933
v 2.02554131 -0.27753848 -0.27398735
v 2.02554131 -0.23146133 -0.29351133
v 2.02504158 -0.25482601 -0.28832355
v 2.01506948 -0.22480412 -0.29996532
v 1.99457383 -0.22480412 -0.29996532
v 1.97412395 -0.22480412 -0.29996532
v 1.96392751 -0.23146133 -0.29351133
v 1.9633311 -0.25143296 -0.27414933
v 1.96392751 -0.27753848 -0.27398735
v 1.96439147 -0.25482601 -0.28832355
v 1.9633311 -0.2732591 -0.24655758
v 1.96392751 -0.30254745 -0.24651708
v 1.9633311 -0.28547981 -0.21541432
v 1.96392751 -0.31655025 -0.21541432
v 1.9633311 -0.2891888 -0.18249531
v 1.96392751 -0.32080013 -0.18249531
v 1.9633311 -0.28547984 -0.14957634
v 1.96392751 -0.31655025 -0.14957634
v 1.9633311 -0.2732591 -0.1184331
v 1.96392751 -0.30254745 -0.1184736
v 1.9633311 -0.25143296 -0.09084137
v 1.96392751 -0.23146133 -0.07147937
v 1.96392751 -0.27753848 -0.09100337
v 1.96439147 -0.25482601 -0.07666715
v 1.96571684 -0.28624031 -0.09105737
v 1.96571684 -0.31231022 -0.1184871
v 1.96571684 -0.25497803 -0.07174937
v 1.96571684 -0.32690707 -0.14957634
v 1.96571684 -0.33133721 -0.18249531
v 1.96571684 -0.32690707 -0.21541432
v 1.96571684 -0.31231022 -0.24650358
v 1.96571684 -0.28624031 -0.27393335
v 1.96571684 -0.25497806 -0.29324132
v 1.96571684 -0.22480412 -0.29996532
v 1.96571684 -0.18998295 -0.30127829
v 1.96571684 -0.1049097 -0.30787322
v 1.96571672 -0.14477895 -0.30435321
v 1.96571684 -0.08609277 -0.31052148
v 1.96571684 -0.07920137 -0.3123605
v 1.96571684 -0.07241541 -0.24833333
v 1.96571684 -0.07241541 -0.28125235
v 1.96392751 -0.07320639 -0.2811625
v 1.96392751 -0.07330284 -0.24831088
v 1.96571684 -0.07308874 -0.30576193
v 1.96571684 -0.07241541 -0.21541432
v 1.96571684 -0.07241541 -0.18249531
v 1.96392751 -0.07335682 -0.21541432
v 1.96392751 -0.07337321 -0.18249531
v 1.96571684 -0.07241541 -0.14957634
v 1.96571684 -0.07241541 -0.11665735
v 1.96392751 -0.07335682 -0.14957634
v 1.96392751 -0.07330284 -0.11667982
v 1.96392751 -0.07320639 -0.0838282
v 1.96571684 -0.07241541 -0.08373836
v 1.96571684 -0.07308874 -0.05922879
v 1.96571684 -0.08609277 -0.05446921
v 1.96571684 -0.1049097 -0.05711749
v 1.96571684 -0.07920137 -0.05263022
v 1.96571684 -0.14477895 -0.0606375
v 1.96571684 -0.18998295 -0.0637124
v 1.96571684 -0.22480412 -0.06502537
v 2.02361441 -0.28624031 -0.09105737
v 2.02361441 -0.31231022 -0.1184871
v 2.02361441 -0.25497803 -0.07174937
v 2.02361441 -0.22480412 -0.06502537
v 2.02361441 -0.18998295 -0.0637124
v 2.02361441 -0.1049097 -0.05711749
v 2.02361441 -0.14477895 -0.0606375
v 2.02361441 -0.08609277 -0.05446921
v 2.02361441 -0.07920137 -0.05263022
v 2.02361441 -0.07241541 -0.11665735
v 2.02361441 -0.07241541 -0.08373836
v 2.02554131 -0.07320639 -0.0838282
v 2.02554131 -0.07330284 -0.11667982
v 2.02361441 -0.07308874 -0.05945338
v 2.02504158 -0.07366472 -0.05945339
v 2.02361441 -0.07241541 -0.14957634
v 2.02554131 -0.07335682 -0.14957634
v 2.02361441 -0.07241541 -0.18249531
v 2.02554131 -0.07337321 -0.18249531
v 2.02361441 -0.07241541 -0.21541432
v 2.02554131 -0.07335682 -0.21541432
v 2.02361441 -0.07241541 -0.24833333
v 2.02554131 -0.07330284 -0.24831088
v 2.02554131 -0.07320639 -0.2811625
v 2.02361441 -0.07241541 -0.28125235
v 2.02361441 -0.07308874 -0.30561152
v 2.02504158 -0.07366472 -0.30557173
v 2.02361441 -0.07920137 -0.3123605
v 2.02361441 -0.08609277 -0.31052148
v 2.02361441 -0.1049097 -0.30787322
v 2.02361441 -0.14477895 -0.30435321
v 2.02361441 -0.18998295 -0.30127829
v 2.02361441 -0.22480412 -0.29996532
v 2.02361441 -0.25497806 -0.29324132
v 2.02361441 -0.28624031 -0.27393335
v 2.02361441 -0.31231022 -0.24650358
v 2.02361441 -0.32690707 -0.21541432
v 2.02361441 -0.33133721 -0.18249531
v 2.02361441 -0.32690707 -0.14957634
v 1.97412395 -0.07510871 -0.31345266
v 1.96571684 -0.07510871 -0.31345266
v 1.99457383 -0.07510871 -0.31345266
v 2.01506948 -0.07510871 -0.31345266
v 2.02361441 -0.07510871 -0.31345266
v 2.02554131 -0.07522637 -0.30546314
v 2.02618361 -0.07557934 -0.280893
v 2.02618361 -0.07596509 -0.2482435
v 2.02618361 -0.07618107 -0.21541432
v 2.02618361 -0.07624662 -0.18249531
v 2.02618361 -0.07618107 -0.14957634
v 2.02618361 -0.07596508 -0.11674719
v 2.02618361 -0.07557934 -0.08409772
v 2.02554131 -0.07522637 -0.0594534
v 2.02361441 -0.07510871 -0.05153808
v 2.01506948 -0.07510871 -0.05153808
v 1.99457383 -0.07510871 -0.05153808
v 1.97412395 -0.07510871 -0.05153808
v 1.96571684 -0.07510871 -0.05153808
v 1.96392751 -0.07522637 -0.05967799
v 1.9633311 -0.07596508 -0.11674719
v 1.9633311 -0.07557934 -0.08409772
v 1.96525919 -0.07462217 -0.05979667
v 1.9633311 -0.07618107 -0.14957634
v 1.9633311 -0.07624662 -0.18249531
v 1.9633311 -0.07618107 -0.21541432
v 1.9633311 -0.07596509 -0.2482435
v 1.9633311 -0.07557934 -0.280893
v 1.96527183 -0.07463555 -0.30542123
v 1.96392751 -0.07522637 -0.30531275
vn 0 -0.17195 0.98511
vn 0 -0.17195 0.98511
vn 0 -0.25783 0.96619
vn 0 -0.25783 0.96619
vn 0 -0.10453 0.99452
vn 0 -0.10453 0.99452
vn 0 -0.17195 0.98511
vn 0 -0.10453 0.99452
vn 0 -0.25783 0.96619
vn 0 1 0
vn 0 0.99993 -0.01172
vn 0 0.99993 -0.01172
vn 3E-05 0.99993 -0.01173
vn 0 0.99652 -0.08335
vn 0.00022 0.9965 -0.08362
vn 0 0.99652 -0.08335
vn 0 -0.25783 -0.96619
vn 0 -0.17195 -0.98511
vn 0 -0.17195 -0.98511
vn 0 -0.25783 -0.96619
vn 0 -0.17195 -0.98511
vn 0 -0.25783 -0.96619
vn 0 -0.10453 -0.99452
vn 0 -0.10453 -0.99452
vn 0 -0.10453 -0.99452
vn 0 -0.82118 -0.57067
vn 0 -0.63186 -0.77509
vn 0 -0.63186 -0.77508
vn 0 -0.82118 -0.57067
vn 0 -0.63186 -0.77509
vn 0 -0.82118 -0.57067
vn 0 -0.39014 -0.92075
vn 0 -0.39015 -0.92075
vn 0 -0.39015 -0.92075
vn 1 -0 0
vn 0.99993 -0.00121 -0.0115
vn 0.99994 -0.00189 -0.01107
vn 1 -0 0
vn 0.99993 -0.00077 -0.01217
vn 1 -0 0
vn 0.99639 -0.01205 -0.08408
vn 0.99598 -0.00774 -0.08922
vn 0.99659 -0.01854 -0.08039
vn -1 -0 0
vn -0.99994 -0.00112 -0.01068
vn -0.99994 -0.00071 -0.0113
vn -1 0 0
vn -0.99995 -0.00169 -0.01028
vn -1 -0 0
vn -0.99688 -0.0112 -0.07812
vn -0.99702 -0.01693 -0.07529
vn -0.99653 -0.00719 -0.0829
vn 0 0.99993 0.01172
vn 5E-05 0.99993 0.01173
vn 0 0.99993 0.01172
vn 0 0.99652 0.08335
vn 0 0.99652 0.08335
vn 0.00033 0.99649 0.08376
vn 1 -0 0
vn 0.99993 -0.00121 0.0115
vn 0.99993 -0.00077 0.01217
vn 1 -0 0
vn 0.99994 -0.00193 0.01107
vn 1 -1E-05 0
vn 0.99639 -0.01206 0.08408
vn 0.99661 -0.01869 0.08007
vn 0.99598 -0.00774 0.08922
vn 0 -0.82118 0.57067
vn 0 -0.63186 0.77509
vn -0 -0.63186 0.77508
vn 0 -0.82118 0.57067
vn 0 -0.63186 0.77508
vn 0 -0.82118 0.57067
vn 0 -0.39014 0.92075
vn 0 -0.39015 0.92075
vn -0 -0.39014 0.92075
vn -1 -0 0
vn -0.99994 -0.00112 0.01068
vn -0.99995 -0.0017 0.01028
vn -1 1E-05 0
vn -0.99994 -0.00071 0.0113
vn -1 -0 0
vn -0.99688 -0.01121 0.07812
vn -0.99653 -0.00719 0.0829
vn -0.99702 -0.01696 0.07529
vn 1 0 0
vn 1 -0 0
vn 0 -1 0
vn 0 -0.95855 0.28494
vn 0 -0.95855 0.28494
vn 0 -1 0
vn 0 -0.95855 0.28494
vn 0 -1 0
vn -1 -0 0
vn -1 -0 0
vn -1 -0 0
vn -1 -0 0
vn -1 -0 0
vn -1 0 0
vn 1 -0 0
vn 0 -0.95855 -0.28494
vn 0 -0.95855 -0.28494
vn 0 -0.95855 -0.28493
vn -1 -0 0
vn -1 -1E-05 0
vn 0 -0.07729 0.99701
vn 0 -0.07729 0.99701
vn 0 -0.07729 0.99701
vn 0 -0.05475 0.9985
vn 0 -0.05475 0.9985
vn 0 -0.05475 0.9985
vn 1 -0 0
vn 0.99992 -0.00057 0.01229
vn 0.99993 -0.00035 0.0117
vn 1 0 0
vn 0.99587 -0.00576 0.09059
vn 0.99612 -0.00371 0.08794
vn 1 0 0
vn 1 0 0
vn 1 0 0
vn 1 0 0
vn 1 -0 0
vn 1 0 0
vn 0.99993 -0.00035 -0.0117
vn 0.99992 -0.00057 -0.01229
vn 0.99587 -0.00576 -0.09059
vn 0.99612 -0.00371 -0.08794
vn 0 -0.07729 -0.99701
vn 0 -0.07729 -0.99701
vn 0 -0.07729 -0.99701
vn 0 -0.05475 -0.9985
vn 0 -0.05475 -0.9985
vn 0 -0.05475 -0.9985
vn -0.99993 -0.00053 -0.01141
vn -1 -0 0
vn -0.99644 -0.00535 -0.08417
vn -0.99994 -0.00032 -0.01086
vn -0.99665 -0.00345 -0.0817
vn -1 0 0
vn -1 -0 0
vn -1 -0 0
vn -1 -0 0
vn -1 0 0
vn -0.99994 -0.00032 0.01086
vn -0.99993 -0.00053 0.01141
vn -0.99644 -0.00535 0.08417
vn -0.99665 -0.00344 0.0817
vn 0 -0.12272 0.99244
vn 0 -0.12272 0.99244
vn 0 -0.12272 0.99244
vn 0.99977 -0.00891 0.01972
vn 0.99994 -0.00937 0.00646
vn 0.99516 -0.01536 0.09704
vn 0.99458 -0.06371 0.08214
vn 0.98538 -0.06955 0.15553
vn 0.99622 -0.07086 0.05031
vn 0.99996 -0.00892 0.00257
vn 0.99747 -0.06808 0.02042
vn 0.99996 -0.00869 0
vn 0.99778 -0.06653 0
vn 0.99996 -0.00892 -0.00257
vn 0.99747 -0.06807 -0.02042
vn 0.99994 -0.00937 -0.00646
vn 0.99622 -0.07086 -0.05031
vn 0.99977 -0.00891 -0.01972
vn 0.99458 -0.06372 -0.08214
vn 0.99516 -0.01536 -0.09704
vn 0.98538 -0.06955 -0.15553
vn 0 -0.12272 -0.99244
vn 0 -0.12272 -0.99244
vn 0 -0.12272 -0.99244
vn -0.99582 -0.0143 -0.09018
vn -0.9998 -0.00826 -0.01831
vn -0.99532 -0.05921 -0.07638
vn -0.98735 -0.06472 -0.14472
vn -0.99994 -0.0087 -0.006
vn -0.99673 -0.06585 -0.04676
vn -0.99996 -0.00828 -0.00239
vn -0.99782 -0.06325 -0.01897
vn -0.99997 -0.00807 -0
vn -0.99809 -0.06181 -0
vn -0.99996 -0.00828 0.00239
vn -0.99782 -0.06325 0.01897
vn -0.99994 -0.0087 0.006
vn -0.99673 -0.06585 0.04676
vn -0.9998 -0.00827 0.01831
vn -0.99582 -0.0143 0.09018
vn -0.99532 -0.05921 0.07638
vn -0.98735 -0.06473 0.14472
vn -0.49831 -0.55764 0.66387
vn -0.59876 -0.66326 0.44897
vn -0.35415 -0.36089 0.86275
vn -0.66736 -0.71507 0.2081
vn -0.68973 -0.72407 0
vn -0.66736 -0.71507 -0.2081
vn -0.59877 -0.66325 -0.44897
vn -0.49831 -0.55764 -0.66387
vn -0.35415 -0.36089 -0.86275
vn -0.5086 -0.09715 -0.8555
vn -0.56401 -0.04539 -0.82452
vn -0.56577 -0.08556 -0.82011
vn -0.55941 -0.06356 -0.82645
vn -0.58405 -0.13873 -0.79977
vn -0.59074 -0.20527 -0.78032
vn -0.0856 0.99633 0.0002
vn -0.09844 0.99505 -0.01329
vn -0.79651 0.60437 -0.01729
vn -0.82639 0.5631 0.00129
vn -0.11123 0.99033 -0.08292
vn -0.09101 0.99585 9E-05
vn -0.09273 0.99569 0
vn -0.84227 0.53906 0.00058
vn -0.84688 0.53179 0
vn -0.09101 0.99585 -9E-05
vn -0.0856 0.99633 -0.0002
vn -0.84228 0.53904 -0.00058
vn -0.8264 0.56308 -0.00129
vn -0.79657 0.6043 0.01719
vn -0.09813 0.99509 0.01327
vn -0.10667 0.99081 0.08314
vn -0.58405 -0.13874 0.79978
vn -0.56577 -0.08556 0.82012
vn -0.59074 -0.20529 0.78031
vn -0.55941 -0.06356 0.82645
vn -0.56401 -0.04539 0.82452
vn -0.5086 -0.09715 0.85551
vn 0.4887 -0.5616 0.66767
vn 0.58901 -0.66948 0.45262
vn 0.34702 -0.36173 0.86529
vn 0.49864 -0.09742 0.86132
vn 0.55338 -0.04578 0.83167
vn 0.55569 -0.08624 0.82691
vn 0.54915 -0.06406 0.83327
vn 0.57391 -0.13992 0.80687
vn 0.57776 -0.20917 0.78895
vn 0.08337 0.99652 -0.00021
vn 0.07384 0.9972 0.01144
vn 0.77842 0.62768 0.00934
vn 0.80622 0.59161 -0.00136
vn 0.07634 0.99375 0.08145
vn 0.75946 0.64744 0.06359
vn 0.08864 0.99606 -0.0001
vn 0.82338 0.56749 -0.00061
vn 0.09031 0.99591 0
vn 0.82839 0.56016 -0
vn 0.08864 0.99606 0.0001
vn 0.82338 0.56749 0.00061
vn 0.08337 0.99652 0.00021
vn 0.80623 0.5916 0.00136
vn 0.77835 0.62776 -0.00934
vn 0.07383 0.9972 -0.01144
vn 0.07627 0.9937 -0.08206
vn 0.75288 0.65502 -0.0641
vn 0.57872 -0.20845 -0.78844
vn 0.57392 -0.13992 -0.80687
vn 0.55569 -0.08624 -0.82691
vn 0.54915 -0.06405 -0.83327
vn 0.55338 -0.04578 -0.83167
vn 0.49864 -0.09742 -0.86132
vn 0.34702 -0.36174 -0.86529
vn 0.4887 -0.5616 -0.66767
vn 0.58901 -0.66948 -0.45262
vn 0.65785 -0.7232 -0.21026
vn 0.68037 -0.73287 -0
vn 0.65786 -0.7232 0.21026
vn 0 0.7336 -0.67958
vn -0.34771 0.64954 -0.67617
vn 0 0.7336 -0.67958
vn 0.00058 0.73474 -0.67835
vn 0.33832 0.65031 -0.68018
vn 0.99181 0.09748 -0.0825
vn 0.99626 0.08587 -0.00998
vn 0.99674 0.08064 0.00046
vn 0.99714 0.07562 0.0002
vn 0.99725 0.07417 -0
vn 0.99713 0.07564 -0.0002
vn 0.99674 0.08068 -0.00046
vn 0.99625 0.08589 0.00997
vn 0.99165 0.09762 0.08428
vn 0.33682 0.6524 0.67892
vn 0.00087 0.73529 0.67775
vn 0 0.7336 0.67958
vn 0 0.7336 0.67958
vn -0.34813 0.64966 0.67583
vn -0.98557 0.15087 0.0768
vn -0.99719 0.07495 -0.00043
vn -0.99427 0.10624 0.01155
vn -0.78245 0.62049 0.05251
vn -0.99753 0.07027 -0.00019
vn -0.99762 0.06891 0
vn -0.99753 0.07026 0.00019
vn -0.99719 0.07494 0.00043
vn -0.99424 0.10657 -0.01158
vn -0.78172 0.62137 -0.053
vn -0.98461 0.1573 -0.07614
usemtl mat0
f 1559//1445 1560//1446 1561//1447
f 1561//1447 1562//1448 1559//1445
f 1563//1449 1560//1446 1559//1445
f 1559//1445 1564//1450 1563//1449
f 1565//1451 1560//1446 1563//1449
f 1563//1449 1566//1452 1565//1451
f 1561//1447 1560//1446 1565//1451
f 1565//1451 1567//1453 1561//1447
f 1568//1454 1569//1455 1570//1456
f 1570//1456 1571//1454 1568//1454
f 1572//1457 1569//1455 1568//1454
f 1568//1454 1573//1454 1572//1457
f 1574//1458 1569//1455 1572//1457
f 1572//1457 1575//1459 1574//1458
f 1570//1456 1569//1455 1574//1458
f 1574//1458 1576//1460 1570//1456
f 1577//1461 1578//1462 1579//1463
f 1579//1463 1580//1464 1577//1461
f 1581//1465 1578//1462 1577//1461
f 1577//1461 1582//1466 1581//1465
f 1583//1467 1578//1462 1581//1465
f 1581//1465 1584//1468 1583//1467
f 1579//1463 1578//1462 1583//1467
f 1583//1467 1585//1469 1579//1463
f 1586//1470 1587//1471 1588//1472
f 1588//1472 1589//1473 1586//1470
f 1590//1474 1587//1471 1586//1470
f 1586//1470 1591//1475 1590//1474
f 1592//1476 1587//1471 1590//1474
f 1590//1474 1593//1477 1592//1476
f 1588//1472 1587//1471 1592//1476
f 1592//1476 1594//1478 1588//1472
f 1595//1479 1596//1480 1597//1481
f 1597//1481 1598//1482 1595//1479
f 1599//1483 1596//1480 1595//1479
f 1595//1479 1600//1484 1599//1483
f 1601//1485 1596//1480 1599//1483
f 1599//1483 1602//1486 1601//1485
f 1597//1481 1596//1480 1601//1485
f 1601//1485 1603//1487 1597//1481
f 1604//1488 1605//1489 1606//1490
f 1606//1490 1607//1491 1604//1488
f 1608//1492 1605//1489 1604//1488
f 1604//1488 1609//1493 1608//1492
f 1610//1494 1605//1489 1608//1492
f 1608//1492 1611//1495 1610//1494
f 1606//1490 1605//1489 1610//1494
f 1610//1494 1612//1496 1606//1490
f 1613//1454 1614//1497 1615//1498
f 1615//1498 1616//1454 1613//1454
f 1617//1499 1614//1497 1613//1454
f 1613//1454 1618//1454 1617//1499
f 1619//1500 1614//1497 1617//1499
f 1617//1499 1620//1501 1619//1500
f 1615//1498 1614//1497 1619//1500
f 1619//1500 1621//1502 1615//1498
f 1622//1503 1623//1504 1624//1505
f 1624//1505 1625//1506 1622//1503
f 1626//1507 1623//1504 1622//1503
f 1622//1503 1627//1508 1626//1507
f 1628//1509 1623//1504 1626//1507
f 1626//1507 1629//1510 1628//1509
f 1624//1505 1623//1504 1628//1509
f 1628//1509 1630//1511 1624//1505
f 1631//1512 1632//1513 1633//1514
f 1633//1514 1634//1515 1631//1512
f 1635//1516 1632//1513 1631//1512
f 1631//1512 1636//1517 1635//1516
f 1637//1518 1632//1513 1635//1516
f 1635//1516 1638//1519 1637//1518
f 1633//1514 1632//1513 1637//1518
f 1637//1518 1639//1520 1633//1514
f 1640//1521 1641//1522 1642//1523
f 1642//1523 1643//1524 1640//1521
f 1644//1525 1641//1522 1640//1521
f 1640//1521 1645//1526 1644//1525
f 1646//1527 1641//1522 1644//1525
f 1644//1525 1647//1528 1646//1527
f 1642//1523 1641//1522 1646//1527
f 1646//1527 1648//1529 1642//1523
f 1613//1454 1649//1454 1650//1454
f 1650//1454 1618//1454 1613//1454
f 1651//1454 1649//1454 1613//1454
f 1613//1454 1616//1454 1651//1454
f 1652//1454 1649//1454 1651//1454
f 1651//1454 1653//1454 1652//1454
f 1650//1454 1649//1454 1652//1454
f 1652//1454 1654//1454 1650//1454
f 1622//1503 1655//1530 1656//1530
f 1656//1530 1627//1508 1622//1503
f 1657//1531 1655//1530 1622//1503
f 1622//1503 1625//1506 1657//1531
f 1658//1530 1655//1530 1657//1531
f 1657//1531 1659//1530 1658//1530
f 1656//1530 1655//1530 1658//1530
f 1658//1530 1660//1530 1656//1530
f 1661//1532 1662//1533 1663//1534
f 1663//1534 1664//1535 1661//1532
f 1665//1536 1662//1533 1661//1532
f 1661//1532 1666//1537 1665//1536
f 1631//1512 1662//1533 1665//1536
f 1665//1536 1636//1517 1631//1512
f 1663//1534 1662//1533 1631//1512
f 1631//1512 1634//1515 1663//1534
f 1667//1538 1668//1539 1669//1540
f 1669//1540 1670//1541 1667//1538
f 1671//1542 1668//1539 1667//1538
f 1667//1538 1672//1543 1671//1542
f 1640//1521 1668//1539 1671//1542
f 1671//1542 1645//1526 1640//1521
f 1669//1540 1668//1539 1640//1521
f 1640//1521 1643//1524 1669//1540
f 1652//1454 1673//1454 1674//1454
f 1674//1454 1654//1454 1652//1454
f 1675//1454 1673//1454 1652//1454
f 1652//1454 1653//1454 1675//1454
f 1568//1454 1673//1454 1675//1454
f 1675//1454 1573//1454 1568//1454
f 1674//1454 1673//1454 1568//1454
f 1568//1454 1571//1454 1674//1454
f 1658//1530 1676//1530 1677//1530
f 1677//1530 1660//1530 1658//1530
f 1678//1544 1676//1530 1658//1530
f 1658//1530 1659//1530 1678//1544
f 1595//1479 1676//1530 1678//1544
f 1678//1544 1600//1484 1595//1479
f 1677//1530 1676//1530 1595//1479
f 1595//1479 1598//1482 1677//1530
f 1586//1470 1679//1545 1680//1546
f 1680//1546 1591//1475 1586//1470
f 1681//1547 1679//1545 1586//1470
f 1586//1470 1589//1473 1681//1547
f 1661//1532 1679//1545 1681//1547
f 1681//1547 1666//1537 1661//1532
f 1680//1546 1679//1545 1661//1532
f 1661//1532 1664//1535 1680//1546
f 1604//1488 1682//1548 1683//1549
f 1683//1549 1609//1493 1604//1488
f 1684//1543 1682//1548 1604//1488
f 1604//1488 1607//1491 1684//1543
f 1667//1538 1682//1548 1684//1543
f 1684//1543 1672//1543 1667//1538
f 1683//1549 1682//1548 1667//1538
f 1667//1538 1670//1541 1683//1549
f 1563//1449 1685//1550 1686//1551
f 1686//1551 1566//1452 1563//1449
f 1687//1552 1685//1550 1563//1449
f 1563//1449 1564//1450 1687//1552
f 1688//1553 1685//1550 1687//1552
f 1687//1552 1689//1554 1688//1553
f 1686//1551 1685//1550 1688//1553
f 1688//1553 1690//1555 1686//1551
f 1691//1556 1692//1557 1693//1558
f 1693//1558 1694//1559 1691//1556
f 1624//1505 1692//1557 1691//1556
f 1691//1556 1625//1506 1624//1505
f 1695//1560 1692//1557 1624//1505
f 1624//1505 1630//1511 1695//1560
f 1693//1558 1692//1557 1695//1560
f 1695//1560 1696//1561 1693//1558
f 1691//1556 1697//1562 1657//1531
f 1657//1531 1625//1506 1691//1556
f 1698//1563 1697//1562 1691//1556
f 1691//1556 1694//1559 1698//1563
f 1699//1530 1697//1562 1698//1563
f 1698//1563 1700//1530 1699//1530
f 1657//1531 1697//1562 1699//1530
f 1699//1530 1659//1530 1657//1531
f 1699//1530 1701//1564 1678//1544
f 1678//1544 1659//1530 1699//1530
f 1702//1565 1701//1564 1699//1530
f 1699//1530 1700//1530 1702//1565
f 1703//1566 1701//1564 1702//1565
f 1702//1565 1704//1567 1703//1566
f 1678//1544 1701//1564 1703//1566
f 1703//1566 1600//1484 1678//1544
f 1705//1568 1706//1569 1703//1566
f 1703//1566 1704//1567 1705//1568
f 1707//1570 1706//1569 1705//1568
f 1705//1568 1708//1571 1707//1570
f 1599//1483 1706//1569 1707//1570
f 1707//1570 1602//1486 1599//1483
f 1703//1566 1706//1569 1599//1483
f 1599//1483 1600//1484 1703//1566
f 1583//1467 1709//1572 1710//1573
f 1710//1573 1585//1469 1583//1467
f 1711//1574 1709//1572 1583//1467
f 1583//1467 1584//1468 1711//1574
f 1712//1575 1709//1572 1711//1574
f 1711//1574 1713//1576 1712//1575
f 1710//1573 1709//1572 1712//1575
f 1712//1575 1714//1577 1710//1573
f 1606//1490 1715//1578 1716//1579
f 1716//1579 1607//1491 1606//1490
f 1717//1580 1715//1578 1606//1490
f 1606//1490 1612//1496 1717//1580
f 1718//1581 1715//1578 1717//1580
f 1717//1580 1719//1582 1718//1581
f 1716//1579 1715//1578 1718//1581
f 1718//1581 1720//1583 1716//1579
f 1716//1579 1721//1543 1684//1543
f 1684//1543 1607//1491 1716//1579
f 1722//1584 1721//1543 1716//1579
f 1716//1579 1720//1583 1722//1584
f 1723//1543 1721//1543 1722//1584
f 1722//1584 1724//1543 1723//1543
f 1684//1543 1721//1543 1723//1543
f 1723//1543 1672//1543 1684//1543
f 1723//1543 1725//1543 1671//1542
f 1671//1542 1672//1543 1723//1543
f 1726//1585 1725//1543 1723//1543
f 1723//1543 1724//1543 1726//1585
f 1727//1586 1725//1543 1726//1585
f 1726//1585 1728//1587 1727//1586
f 1671//1542 1725//1543 1727//1586
f 1727//1586 1645//1526 1671//1542
f 1729//1588 1730//1589 1727//1586
f 1727//1586 1728//1587 1729//1588
f 1731//1590 1730//1589 1729//1588
f 1729//1588 1732//1591 1731//1590
f 1644//1525 1730//1589 1731//1590
f 1731//1590 1647//1528 1644//1525
f 1727//1586 1730//1589 1644//1525
f 1644//1525 1645//1526 1727//1586
f 1733//1592 1734//1593 1688//1553
f 1688//1553 1689//1554 1733//1592
f 1637//1518 1734//1593 1733//1592
f 1733//1592 1639//1520 1637//1518
f 1735//1594 1734//1593 1637//1518
f 1637//1518 1638//1519 1735//1594
f 1688//1553 1734//1593 1735//1594
f 1735//1594 1690//1555 1688//1553
f 1693//1558 1736//1595 1737//1596
f 1737//1596 1694//1559 1693//1558
f 1738//1597 1736//1595 1693//1558
f 1693//1558 1696//1561 1738//1597
f 1739//1598 1736//1595 1738//1597
f 1738//1597 1740//1599 1739//1598
f 1737//1596 1736//1595 1739//1598
f 1739//1598 1741//1600 1737//1596
f 1737//1596 1742//1601 1698//1563
f 1698//1563 1694//1559 1737//1596
f 1743//1602 1742//1601 1737//1596
f 1737//1596 1741//1600 1743//1602
f 1744//1603 1742//1601 1743//1602
f 1743//1602 1745//1604 1744//1603
f 1698//1563 1742//1601 1744//1603
f 1744//1603 1700//1530 1698//1563
f 1744//1603 1746//1605 1702//1565
f 1702//1565 1700//1530 1744//1603
f 1747//1606 1746//1605 1744//1603
f 1744//1603 1745//1604 1747//1606
f 1748//1607 1746//1605 1747//1606
f 1747//1606 1749//1608 1748//1607
f 1702//1565 1746//1605 1748//1607
f 1748//1607 1704//1567 1702//1565
f 1748//1607 1750//1609 1705//1568
f 1705//1568 1704//1567 1748//1607
f 1751//1610 1750//1609 1748//1607
f 1748//1607 1749//1608 1751//1610
f 1752//1611 1750//1609 1751//1610
f 1751//1610 1753//1612 1752//1611
f 1705//1568 1750//1609 1752//1611
f 1752//1611 1708//1571 1705//1568
f 1754//1613 1755//1614 1712//1575
f 1712//1575 1713//1576 1754//1613
f 1592//1476 1755//1614 1754//1613
f 1754//1613 1594//1478 1592//1476
f 1756//1615 1755//1614 1592//1476
f 1592//1476 1593//1477 1756//1615
f 1712//1575 1755//1614 1756//1615
f 1756//1615 1714//1577 1712//1575
f 1757//1616 1758//1617 1718//1581
f 1718//1581 1719//1582 1757//1616
f 1759//1618 1758//1617 1757//1616
f 1757//1616 1760//1619 1759//1618
f 1761//1620 1758//1617 1759//1618
f 1759//1618 1762//1621 1761//1620
f 1718//1581 1758//1617 1761//1620
f 1761//1620 1720//1583 1718//1581
f 1761//1620 1763//1622 1722//1584
f 1722//1584 1720//1583 1761//1620
f 1764//1623 1763//1622 1761//1620
f 1761//1620 1762//1621 1764//1623
f 1765//1624 1763//1622 1764//1623
f 1764//1623 1766//1625 1765//1624
f 1722//1584 1763//1622 1765//1624
f 1765//1624 1724//1543 1722//1584
f 1765//1624 1767//1626 1726//1585
f 1726//1585 1724//1543 1765//1624
f 1768//1627 1767//1626 1765//1624
f 1765//1624 1766//1625 1768//1627
f 1769//1628 1767//1626 1768//1627
f 1768//1627 1770//1629 1769//1628
f 1726//1585 1767//1626 1769//1628
f 1769//1628 1728//1587 1726//1585
f 1729//1588 1771//1630 1772//1631
f 1772//1631 1732//1591 1729//1588
f 1769//1628 1771//1630 1729//1588
f 1729//1588 1728//1587 1769//1628
f 1773//1632 1771//1630 1769//1628
f 1769//1628 1770//1629 1773//1632
f 1772//1631 1771//1630 1773//1632
f 1773//1632 1774//1633 1772//1631
f 1633//1514 1775//1634 1776//1635
f 1776//1635 1634//1515 1633//1514
f 1777//1636 1775//1634 1633//1514
f 1633//1514 1639//1520 1777//1636
f 1773//1632 1775//1634 1777//1636
f 1777//1636 1774//1633 1773//1632
f 1776//1635 1775//1634 1773//1632
f 1773//1632 1770//1629 1776//1635
f 1663//1534 1778//1637 1779//1638
f 1779//1638 1664//1535 1663//1534
f 1776//1635 1778//1637 1663//1534
f 1663//1534 1634//1515 1776//1635
f 1768//1627 1778//1637 1776//1635
f 1776//1635 1770//1629 1768//1627
f 1779//1638 1778//1637 1768//1627
f 1768//1627 1766//1625 1779//1638
f 1680//1546 1780//1639 1781//1640
f 1781//1640 1591//1475 1680//1546
f 1779//1638 1780//1639 1680//1546
f 1680//1546 1664//1535 1779//1638
f 1764//1623 1780//1639 1779//1638
f 1779//1638 1766//1625 1764//1623
f 1781//1640 1780//1639 1764//1623
f 1764//1623 1762//1621 1781//1640
f 1759//1618 1782//1641 1781//1640
f 1781//1640 1762//1621 1759//1618
f 1783//1642 1782//1641 1759//1618
f 1759//1618 1760//1619 1783//1642
f 1590//1474 1782//1641 1783//1642
f 1783//1642 1593//1477 1590//1474
f 1781//1640 1782//1641 1590//1474
f 1590//1474 1591//1475 1781//1640
f 1756//1615 1784//1643 1785//1644
f 1785//1644 1714//1577 1756//1615
f 1783//1642 1784//1643 1756//1615
f 1756//1615 1593//1477 1783//1642
f 1757//1616 1784//1643 1783//1642
f 1783//1642 1760//1619 1757//1616
f 1785//1644 1784//1643 1757//1616
f 1757//1616 1719//1582 1785//1644
f 1786//1645 1787//1646 1717//1580
f 1717//1580 1612//1496 1786//1645
f 1710//1573 1787//1646 1786//1645
f 1786//1645 1585//1469 1710//1573
f 1785//1644 1787//1646 1710//1573
f 1710//1573 1714//1577 1785//1644
f 1717//1580 1787//1646 1785//1644
f 1785//1644 1719//1582 1717//1580
f 1579//1463 1788//1647 1789//1648
f 1789//1648 1580//1464 1579//1463
f 1786//1645 1788//1647 1579//1463
f 1579//1463 1585//1469 1786//1645
f 1610//1494 1788//1647 1786//1645
f 1786//1645 1612//1496 1610//1494
f 1789//1648 1788//1647 1610//1494
f 1610//1494 1611//1495 1789//1648
f 1790//1649 1791//1650 1792//1651
f 1792//1651 1793//1652 1790//1649
f 1570//1456 1791//1650 1790//1649
f 1790//1649 1571//1454 1570//1456
f 1794//1653 1791//1650 1570//1456
f 1570//1456 1576//1460 1794//1653
f 1674//1454 1795//1654 1796//1655
f 1796//1655 1654//1454 1674//1454
f 1790//1649 1795//1654 1674//1454
f 1674//1454 1571//1454 1790//1649
f 1797//1656 1795//1654 1790//1649
f 1790//1649 1793//1652 1797//1656
f 1796//1655 1795//1654 1797//1656
f 1797//1656 1798//1657 1796//1655
f 1650//1454 1799//1658 1800//1659
f 1800//1659 1618//1454 1650//1454
f 1796//1655 1799//1658 1650//1454
f 1650//1454 1654//1454 1796//1655
f 1801//1660 1799//1658 1796//1655
f 1796//1655 1798//1657 1801//1660
f 1800//1659 1799//1658 1801//1660
f 1801//1660 1802//1661 1800//1659
f 1803//1662 1804//1663 1800//1659
f 1800//1659 1802//1661 1803//1662
f 1617//1499 1804//1663 1805//1664
f 1805//1664 1620//1501 1617//1499
f 1800//1659 1804//1663 1617//1499
f 1617//1499 1618//1454 1800//1659
f 1559//1445 1806//1665 1807//1666
f 1807//1666 1564//1450 1559//1445
f 1808//1667 1806//1665 1559//1445
f 1559//1445 1562//1448 1808//1667
f 1646//1527 1806//1665 1808//1667
f 1808//1667 1648//1529 1646//1527
f 1807//1666 1806//1665 1646//1527
f 1646//1527 1647//1528 1807//1666
f 1731//1590 1809//1668 1807//1666
f 1807//1666 1647//1528 1731//1590
f 1810//1669 1809//1668 1731//1590
f 1731//1590 1732//1591 1810//1669
f 1687//1552 1809//1668 1810//1669
f 1810//1669 1689//1554 1687//1552
f 1807//1666 1809//1668 1687//1552
f 1687//1552 1564//1450 1807//1666
f 1772//1631 1811//1670 1810//1669
f 1810//1669 1732//1591 1772//1631
f 1777//1636 1811//1670 1772//1631
f 1772//1631 1774//1633 1777//1636
f 1733//1592 1811//1670 1777//1636
f 1777//1636 1639//1520 1733//1592
f 1810//1669 1811//1670 1733//1592
f 1733//1592 1689//1554 1810//1669
f 1739//1598 1812//1671 1813//1672
f 1813//1672 1741//1600 1739//1598
f 1814//1673 1812//1671 1739//1598
f 1739//1598 1740//1599 1814//1673
f 1635//1516 1812//1671 1814//1673
f 1814//1673 1638//1519 1635//1516
f 1813//1672 1812//1671 1635//1516
f 1635//1516 1636//1517 1813//1672
f 1735//1594 1815//1674 1816//1675
f 1816//1675 1690//1555 1735//1594
f 1814//1673 1815//1674 1735//1594
f 1735//1594 1638//1519 1814//1673
f 1738//1597 1815//1674 1814//1673
f 1814//1673 1740//1599 1738//1597
f 1816//1675 1815//1674 1738//1597
f 1738//1597 1696//1561 1816//1675
f 1817//1676 1818//1677 1695//1560
f 1695//1560 1630//1511 1817//1676
f 1686//1551 1818//1677 1817//1676
f 1817//1676 1566//1452 1686//1551
f 1816//1675 1818//1677 1686//1551
f 1686//1551 1690//1555 1816//1675
f 1695//1560 1818//1677 1816//1675
f 1816//1675 1696//1561 1695//1560
f 1565//1451 1819//1678 1820//1679
f 1820//1679 1567//1453 1565//1451
f 1817//1676 1819//1678 1565//1451
f 1565//1451 1566//1452 1817//1676
f 1628//1509 1819//1678 1817//1676
f 1817//1676 1630//1511 1628//1509
f 1820//1679 1819//1678 1628//1509
f 1628//1509 1629//1510 1820//1679
f 1821//1680 1822//1681 1823//1682
f 1823//1682 1824//1683 1821//1680
f 1615//1498 1822//1681 1821//1680
f 1821//1680 1616//1454 1615//1498
f 1825//1684 1822//1681 1615//1498
f 1615//1498 1621//1502 1825//1684
f 1823//1682 1822//1681 1825//1684
f 1825//1684 1826//1685 1823//1682
f 1821//1680 1827//1686 1651//1454
f 1651//1454 1616//1454 1821//1680
f 1828//1687 1827//1686 1821//1680
f 1821//1680 1824//1683 1828//1687
f 1829//1688 1827//1686 1828//1687
f 1828//1687 1830//1689 1829//1688
f 1651//1454 1827//1686 1829//1688
f 1829//1688 1653//1454 1651//1454
f 1829//1688 1831//1690 1675//1454
f 1675//1454 1653//1454 1829//1688
f 1832//1691 1831//1690 1829//1688
f 1829//1688 1830//1689 1832//1691
f 1833//1692 1831//1690 1832//1691
f 1832//1691 1834//1693 1833//1692
f 1675//1454 1831//1690 1833//1692
f 1833//1692 1573//1454 1675//1454
f 1835//1694 1836//1695 1833//1692
f 1833//1692 1834//1693 1835//1694
f 1837//1696 1836//1695 1835//1694
f 1835//1694 1838//1697 1837//1696
f 1572//1457 1836//1695 1837//1696
f 1837//1696 1575//1459 1572//1457
f 1833//1692 1836//1695 1572//1457
f 1572//1457 1573//1454 1833//1692
f 1839//1698 1840//1699 1581//1465
f 1581//1465 1582//1466 1839//1698
f 1601//1485 1840//1699 1839//1698
f 1839//1698 1603//1487 1601//1485
f 1841//1700 1840//1699 1601//1485
f 1601//1485 1602//1486 1841//1700
f 1581//1465 1840//1699 1841//1700
f 1841//1700 1584//1468 1581//1465
f 1707//1570 1842//1701 1841//1700
f 1841//1700 1602//1486 1707//1570
f 1843//1702 1842//1701 1707//1570
f 1707//1570 1708//1571 1843//1702
f 1711//1574 1842//1701 1843//1702
f 1843//1702 1713//1576 1711//1574
f 1841//1700 1842//1701 1711//1574
f 1711//1574 1584//1468 1841//1700
f 1752//1611 1844//1703 1843//1702
f 1843//1702 1708//1571 1752//1611
f 1845//1704 1844//1703 1752//1611
f 1752//1611 1753//1612 1845//1704
f 1754//1613 1844//1703 1845//1704
f 1845//1704 1594//1478 1754//1613
f 1843//1702 1844//1703 1754//1613
f 1754//1613 1713//1576 1843//1702
f 1588//1472 1846//1705 1847//1706
f 1847//1706 1589//1473 1588//1472
f 1845//1704 1846//1705 1588//1472
f 1588//1472 1594//1478 1845//1704
f 1751//1610 1846//1705 1845//1704
f 1845//1704 1753//1612 1751//1610
f 1847//1706 1846//1705 1751//1610
f 1751//1610 1749//1608 1847//1706
f 1847//1706 1848//1707 1681//1547
f 1681//1547 1589//1473 1847//1706
f 1747//1606 1848//1707 1847//1706
f 1847//1706 1749//1608 1747//1606
f 1849//1708 1848//1707 1747//1606
f 1747//1606 1745//1604 1849//1708
f 1681//1547 1848//1707 1849//1708
f 1849//1708 1666//1537 1681//1547
f 1849//1708 1850//1709 1665//1536
f 1665//1536 1666//1537 1849//1708
f 1743//1602 1850//1709 1849//1708
f 1849//1708 1745//1604 1743//1602
f 1813//1672 1850//1709 1743//1602
f 1743//1602 1741//1600 1813//1672
f 1665//1536 1850//1709 1813//1672
f 1813//1672 1636//1517 1665//1536
f 1851//1710 1852//1711 1794//1653
f 1794//1653 1576//1460 1851//1710
f 1789//1648 1852//1711 1851//1710
f 1851//1710 1580//1464 1789//1648
f 1851//1710 1853//1712 1577//1461
f 1577//1461 1580//1464 1851//1710
f 1574//1458 1853//1712 1851//1710
f 1851//1710 1576//1460 1574//1458
f 1854//1713 1853//1712 1574//1458
f 1574//1458 1575//1459 1854//1713
f 1577//1461 1853//1712 1854//1713
f 1854//1713 1582//1466 1577//1461
f 1854//1713 1855//1714 1839//1698
f 1839//1698 1582//1466 1854//1713
f 1837//1696 1855//1714 1854//1713
f 1854//1713 1575//1459 1837//1696
f 1856//1715 1855//1714 1837//1696
f 1837//1696 1838//1697 1856//1715
f 1839//1698 1855//1714 1856//1715
f 1856//1715 1603//1487 1839//1698
f 1597//1481 1857//1716 1858//1717
f 1858//1717 1598//1482 1597//1481
f 1856//1715 1857//1716 1597//1481
f 1597//1481 1603//1487 1856//1715
f 1835//1694 1857//1716 1856//1715
f 1856//1715 1838//1697 1835//1694
f 1858//1717 1857//1716 1835//1694
f 1835//1694 1834//1693 1858//1717
f 1677//1530 1859//1718 1860//1719
f 1860//1719 1660//1530 1677//1530
f 1858//1717 1859//1718 1677//1530
f 1677//1530 1598//1482 1858//1717
f 1832//1691 1859//1718 1858//1717
f 1858//1717 1834//1693 1832//1691
f 1860//1719 1859//1718 1832//1691
f 1832//1691 1830//1689 1860//1719
f 1656//1530 1861//1720 1862//1721
f 1862//1721 1627//1508 1656//1530
f 1860//1719 1861//1720 1656//1530
f 1656//1530 1660//1530 1860//1719
f 1828//1687 1861//1720 1860//1719
f 1860//1719 1830//1689 1828//1687
f 1862//1721 1861//1720 1828//1687
f 1828//1687 1824//1683 1862//1721
f 1823//1682 1863//1722 1862//1721
f 1862//1721 1824//1683 1823//1682
f 1864//1723 1863//1722 1823//1682
f 1823//1682 1826//1685 1864//1723
f 1626//1507 1863//1722 1864//1723
f 1864//1723 1629//1510 1626//1507
f 1862//1721 1863//1722 1626//1507
f 1626//1507 1627//1508 1862//1721
f 1820//1679 1865//1724 1866//1725
f 1866//1725 1567//1453 1820//1679
f 1864//1723 1865//1724 1820//1679
f 1820//1679 1629//1510 1864//1723
f 1825//1684 1865//1724 1864//1723
f 1864//1723 1826//1685 1825//1684
f 1866//1725 1865//1724 1825//1684
f 1825//1684 1621//1502 1866//1725
f 1561//1447 1867//1726 1868//1727
f 1868//1727 1562//1448 1561//1447
f 1866//1725 1867//1726 1561//1447
f 1561//1447 1567//1453 1866//1725
f 1619//1500 1867//1726 1866//1725
f 1866//1725 1621//1502 1619//1500
f 1868//1727 1867//1726 1619//1500
f 1619//1500 1620//1501 1868//1727
f 1868//1727 1869//1728 1808//1667
f 1808//1667 1562//1448 1868//1727
f 1805//1664 1869//1728 1868//1727
f 1868//1727 1620//1501 1805//1664
f 1808//1667 1869//1728 1870//1729
f 1870//1729 1648//1529 1808//1667
f 1871//1730 1872//1731 1803//1662
f 1803//1662 1802//1661 1871//1730
f 1642//1523 1872//1731 1871//1730
f 1871//1730 1643//1524 1642//1523
f 1870//1729 1872//1731 1642//1523
f 1642//1523 1648//1529 1870//1729
f 1873//1732 1870//1729 1869//1728
f 1869//1728 1805//1664 1873//1732
f 1669//1540 1874//1733 1875//1734
f 1875//1734 1670//1541 1669//1540
f 1871//1730 1874//1733 1669//1540
f 1669//1540 1643//1524 1871//1730
f 1801//1660 1874//1733 1871//1730
f 1871//1730 1802//1661 1801//1660
f 1875//1734 1874//1733 1801//1660
f 1801//1660 1798//1657 1875//1734
f 1683//1549 1876//1735 1877//1736
f 1877//1736 1609//1493 1683//1549
f 1875//1734 1876//1735 1683//1549
f 1683//1549 1670//1541 1875//1734
f 1797//1656 1876//1735 1875//1734
f 1875//1734 1798//1657 1797//1656
f 1877//1736 1876//1735 1797//1656
f 1797//1656 1793//1652 1877//1736
f 1792//1651 1878//1737 1877//1736
f 1877//1736 1793//1652 1792//1651
f 1792//1651 1879//1738 1880//1739
f 1880//1739 1878//1737 1792//1651
f 1608//1492 1878//1737 1880//1739
f 1880//1739 1611//1495 1608//1492
f 1877//1736 1878//1737 1608//1492
f 1608//1492 1609//1493 1877//1736
f 1805//1664 1804//1663 1803//1662
f 1803//1662 1873//1732 1805//1664
f 1870//1729 1873//1732 1803//1662
f 1803//1662 1872//1731 1870//1729
f 1792//1651 1791//1650 1794//1653
f 1794//1653 1879//1738 1792//1651
f 1611//1495 1880//1739 1852//1711
f 1852//1711 1789//1648 1611//1495
f 1879//1738 1794//1653 1852//1711
f 1852//1711 1880//1739 1879//1738
# Vertices: 322, normals: 295, texture coordinates: 0, faces: 640

# borde_4_6
o obj7
v 1.97412395 -0.08609277 0.30866528
v 1.99457383 -0.08609277 0.30866528
v 1.99457383 -0.07920137 0.31050426
v 1.97412395 -0.07920137 0.31050426
v 1.99457383 -0.1049097 0.30601698
v 1.97412395 -0.1049097 0.30601698
v 2.01506948 -0.08609277 0.30866528
v 2.01506948 -0.1049097 0.30601698
v 2.01506948 -0.07920137 0.31050426
v 1.99457383 -0.07241541 0.11480115
v 1.99457383 -0.07241541 0.08188213
v 1.97412395 -0.07241541 0.08188213
v 1.97412395 -0.07241541 0.11480115
v 2.01506948 -0.07241541 0.08188213
v 2.01506948 -0.07241541 0.11480115
v 1.99457383 -0.07308874 0.05737256
v 2.01506948 -0.07308874 0.05737256
v 1.97412395 -0.07308874 0.05737256
v 1.99457383 -0.07920137 0.05077399
v 1.99457383 -0.08609277 0.05261301
v 1.97412395 -0.08609277 0.05261301
v 1.97412395 -0.07920137 0.05077399
v 2.01506948 -0.08609277 0.05261301
v 2.01506948 -0.07920137 0.05077399
v 1.99457383 -0.1049097 0.05526127
v 2.01506948 -0.1049097 0.05526127
v 1.97412395 -0.1049097 0.05526127
v 1.99457383 -0.31231022 0.11663091
v 1.99457371 -0.28624031 0.08920114
v 2.01506948 -0.28624031 0.08920114
v 2.01506948 -0.31231022 0.11663091
v 1.97412384 -0.28624031 0.08920114
v 1.97412395 -0.31231022 0.11663091
v 1.99457383 -0.25497806 0.06989317
v 1.97412395 -0.25497806 0.06989317
v 2.01506948 -0.25497806 0.06989317
v 2.02618361 -0.09044176 0.1152574
v 2.02618361 -0.0884828 0.08370708
v 2.02618361 -0.08038717 0.08278756
v 2.02618361 -0.08135909 0.1150275
v 2.02618361 -0.11058787 0.0850312
v 2.02618361 -0.11524191 0.11558843
v 2.02554131 -0.08669028 0.06038652
v 2.02554131 -0.10632924 0.06270377
v 2.02554131 -0.07949782 0.05877738
v 1.9633311 -0.09044176 0.1152574
v 1.9633311 -0.0884828 0.08370708
v 1.9633311 -0.11058786 0.0850312
v 1.9633311 -0.11524191 0.11558843
v 1.9633311 -0.08038717 0.08278756
v 1.9633311 -0.08135909 0.1150275
v 1.96392751 -0.08669028 0.06038652
v 1.96392751 -0.07949782 0.05877738
v 1.96392751 -0.10632924 0.06270377
v 1.99457383 -0.07241541 0.24647713
v 1.99457383 -0.07241541 0.27939612
v 2.01506948 -0.07241541 0.27939612
v 2.01506948 -0.07241541 0.24647713
v 1.97412395 -0.07241541 0.27939612
v 1.97412395 -0.07241541 0.24647713
v 1.99457383 -0.07308874 0.3039057
v 1.97412395 -0.07308874 0.3039057
v 2.01506948 -0.07308874 0.3039057
v 2.02618361 -0.09044176 0.2460209
v 2.02618361 -0.0884828 0.2775712
v 2.02618361 -0.11058787 0.27624705
v 2.02618361 -0.11524191 0.24568987
v 2.02618361 -0.08038717 0.27849069
v 2.02618361 -0.08135909 0.24625078
v 2.02554131 -0.08669028 0.30089176
v 2.02554131 -0.07949782 0.30250087
v 2.02554131 -0.10632924 0.29857451
v 1.99457383 -0.31231022 0.24464738
v 1.99457383 -0.28624031 0.27207711
v 1.97412395 -0.28624031 0.27207711
v 1.97412395 -0.31231022 0.24464738
v 2.01506948 -0.28624031 0.27207711
v 2.01506948 -0.31231022 0.24464738
v 1.99457383 -0.25497803 0.29138511
v 2.01506948 -0.25497806 0.29138511
v 1.97412395 -0.25497806 0.29138511
v 1.9633311 -0.09044176 0.24602091
v 1.9633311 -0.0884828 0.2775712
v 1.9633311 -0.08038717 0.27849069
v 1.9633311 -0.08135909 0.24625078
v 1.9633311 -0.11058787 0.27624705
v 1.9633311 -0.11524191 0.24568987
v 1.96392751 -0.08669028 0.30089176
v 1.96392751 -0.10632924 0.29857451
v 1.96392751 -0.07949782 0.30250087
v 1.99457383 -0.07241541 0.21355815
v 1.97412395 -0.07241541 0.21355815
v 2.01506948 -0.07241541 0.21355815
v 1.99457383 -0.07241541 0.18063918
v 2.01506948 -0.07241541 0.18063918
v 1.97412395 -0.07241541 0.18063918
v 2.02618361 -0.09153862 0.21355815
v 2.02618361 -0.08190328 0.21355815
v 2.02618361 -0.11784779 0.21355815
v 2.02618361 -0.09187151 0.18063918
v 2.02618361 -0.11863868 0.18063918
v 2.02618361 -0.08206844 0.18063918
v 1.99457383 -0.33133721 0.18063918
v 1.99457383 -0.32690707 0.21355815
v 1.97412395 -0.32690707 0.21355815
v 1.97412395 -0.33133721 0.18063918
v 2.01506948 -0.32690707 0.21355815
v 2.01506948 -0.33133721 0.18063918
v 1.9633311 -0.09187151 0.18063918
v 1.9633311 -0.09153862 0.21355817
v 1.9633311 -0.08190328 0.21355815
v 1.9633311 -0.08206844 0.18063918
v 1.9633311 -0.11784779 0.21355815
v 1.9633311 -0.11863868 0.18063918
v 1.99457383 -0.07241541 0.14772017
v 1.97412395 -0.07241541 0.14772017
v 2.01506948 -0.07241541 0.14772017
v 2.02618361 -0.09153862 0.14772017
v 2.02618361 -0.08190328 0.14772017
v 2.02618361 -0.11784779 0.14772017
v 1.99457383 -0.32690707 0.14772017
v 1.97412395 -0.32690707 0.14772017
v 2.01506948 -0.32690707 0.14772017
v 1.9633311 -0.09153862 0.14772017
v 1.9633311 -0.08190328 0.14772017
v 1.9633311 -0.11784779 0.14772017
v 1.99457383 -0.14477895 0.30249697
v 2.01506948 -0.14477895 0.30249697
v 1.97412395 -0.14477895 0.30249697
v 1.99457383 -0.18998295 0.29942209
v 1.97412395 -0.18998295 0.29942209
v 2.01506948 -0.18998295 0.29942209
v 2.02618361 -0.16778839 0.24524987
v 2.02618361 -0.15742399 0.27448705
v 2.02618361 -0.21052705 0.27294961
v 2.02618361 -0.22736587 0.24486551
v 2.02554131 -0.1479402 0.2954945
v 2.02554131 -0.19511898 0.29280397
v 2.02618361 -0.17359154 0.21355815
v 2.02618361 -0.23679411 0.21355815
v 2.02618361 -0.17535281 0.18063918
v 2.02618361 -0.23965561 0.18063918
v 2.02618361 -0.17359154 0.14772017
v 2.02618361 -0.23679413 0.14772017
v 2.02618361 -0.16778839 0.11602843
v 2.02618361 -0.22736587 0.11641279
v 2.02618361 -0.21052705 0.08832867
v 2.02618361 -0.15742399 0.0867912
v 2.02554131 -0.1479402 0.06578378
v 2.02554131 -0.19511898 0.06847431
v 1.99457383 -0.14477895 0.05878128
v 1.97412395 -0.14477895 0.05878128
v 2.01506948 -0.14477895 0.05878128
v 1.99457383 -0.18998295 0.0618562
v 2.01506948 -0.18998295 0.0618562
v 1.97412395 -0.18998295 0.0618562
v 1.9633311 -0.15742397 0.0867912
v 1.9633311 -0.16778839 0.11602843
v 1.96392751 -0.1479402 0.06578378
v 1.9633311 -0.21052705 0.08832867
v 1.96392751 -0.19511896 0.06847431
v 1.9633311 -0.22736587 0.11641279
v 1.9633311 -0.17359154 0.14772017
v 1.9633311 -0.23679411 0.14772017
v 1.9633311 -0.17535281 0.18063918
v 1.9633311 -0.23965561 0.18063918
v 1.9633311 -0.17359154 0.21355815
v 1.9633311 -0.23679413 0.21355815
v 1.9633311 -0.16778839 0.24524987
v 1.9633311 -0.22736587 0.24486551
v 1.9633311 -0.21052705 0.27294961
v 1.9633311 -0.15742399 0.27448705
v 1.96392751 -0.14794022 0.2954945
v 1.96392751 -0.19511898 0.29280394
v 1.97412395 -0.22480412 0.29810911
v 1.99457383 -0.22480412 0.29810911
v 2.01506948 -0.22480412 0.29810911
v 2.02618361 -0.25143296 0.27229312
v 2.02618361 -0.2732591 0.24470139
v 2.02554131 -0.23146133 0.29165512
v 2.02554131 -0.27753848 0.27213112
v 2.02504158 -0.25482601 0.28646734
v 2.02554131 -0.30254745 0.24466088
v 2.02618361 -0.28547981 0.21355815
v 2.02554131 -0.31655025 0.21355815
v 2.02618361 -0.28918883 0.18063918
v 2.02554131 -0.32080013 0.18063918
v 2.02618361 -0.28547984 0.14772017
v 2.02554131 -0.31655025 0.14772017
v 2.02618361 -0.2732591 0.11657691
v 2.02554131 -0.30254745 0.11661741
v 2.02618361 -0.25143296 0.08898516
v 2.02554131 -0.27753848 0.08914714
v 2.02554131 -0.23146133 0.06962316
v 2.02504158 -0.25482601 0.07481094
v 2.01506948 -0.22480412 0.06316917
v 1.99457383 -0.22480412 0.06316917
v 1.97412395 -0.22480412 0.06316917
v 1.96392751 -0.23146133 0.06962316
v 1.9633311 -0.25143296 0.08898516
v 1.96392751 -0.27753848 0.08914714
v 1.96439147 -0.25482601 0.07481094
v 1.9633311 -0.2732591 0.11657691
v 1.96392751 -0.30254745 0.11661741
v 1.9633311 -0.28547981 0.14772017
v 1.96392751 -0.31655025 0.14772017
v 1.9633311 -0.2891888 0.18063918
v 1.96392751 -0.32080013 0.18063918
v 1.9633311 -0.28547984 0.21355815
v 1.96392751 -0.31655025 0.21355815
v 1.9633311 -0.2732591 0.24470139
v 1.96392751 -0.30254745 0.24466088
v 1.9633311 -0.25143296 0.27229312
v 1.96392751 -0.23146133 0.29165512
v 1.96392751 -0.27753848 0.27213112
v 1.96439147 -0.25482601 0.28646734
v 1.96571684 -0.28624031 0.27207711
v 1.96571684 -0.31231022 0.24464738
v 1.96571684 -0.25497803 0.29138511
v 1.96571684 -0.32690707 0.21355815
v 1.96571684 -0.33133721 0.18063918
v 1.96571684 -0.32690707 0.14772017
v 1.96571684 -0.31231022 0.11663091
v 1.96571684 -0.28624031 0.08920114
v 1.96571684 -0.25497806 0.06989317
v 1.96571684 -0.22480412 0.06316917
v 1.96571684 -0.18998295 0.0618562
v 1.96571684 -0.1049097 0.05526127
v 1.96571672 -0.14477895 0.05878128
v 1.96571684 -0.08609277 0.05261301
v 1.96571684 -0.07920137 0.05077399
v 1.96571684 -0.07241541 0.11480115
v 1.96571684 -0.07241541 0.08188213
v 1.96392751 -0.07320639 0.08197199
v 1.96392751 -0.07330284 0.11482361
v 1.96571684 -0.07308874 0.05737256
v 1.96571684 -0.07241541 0.14772017
v 1.96571684 -0.07241541 0.18063918
v 1.96392751 -0.07335682 0.14772017
v 1.96392751 -0.07337321 0.18063918
v 1.96571684 -0.07241541 0.21355815
v 1.96571684 -0.07241541 0.24647713
v 1.96392751 -0.07335682 0.21355815
v 1.96392751 -0.07330284 0.24645467
v 1.96392751 -0.07320639 0.27930629
v 1.96571684 -0.07241541 0.27939612
v 1.96571684 -0.07308874 0.3039057
v 1.96571684 -0.08609277 0.30866528
v 1.96571684 -0.1049097 0.30601698
v 1.96571684 -0.07920137 0.31050426
v 1.96571684 -0.14477895 0.30249697
v 1.96571684 -0.18998295 0.29942209
v 1.96571684 -0.22480412 0.29810911
v 2.02361441 -0.28624031 0.27207711
v 2.02361441 -0.31231022 0.24464738
v 2.02361441 -0.25497803 0.29138511
v 2.02361441 -0.22480412 0.29810911
v 2.02361441 -0.18998295 0.29942209
v 2.02361441 -0.1049097 0.30601698
v 2.02361441 -0.14477895 0.30249697
v 2.02361441 -0.08609277 0.30866528
v 2.02361441 -0.07920137 0.31050426
v 2.02361441 -0.07241541 0.24647713
v 2.02361441 -0.07241541 0.27939612
v 2.02554131 -0.07320639 0.27930629
v 2.02554131 -0.07330284 0.24645467
v 2.02361441 -0.07308874 0.30368111
v 2.02504158 -0.07366472 0.30368111
v 2.02361441 -0.07241541 0.21355815
v 2.02554131 -0.07335682 0.21355815
v 2.02361441 -0.07241541 0.18063918
v 2.02554131 -0.07337321 0.18063918
v 2.02361441 -0.07241541 0.14772017
v 2.02554131 -0.07335682 0.14772017
v 2.02361441 -0.07241541 0.11480115
v 2.02554131 -0.07330284 0.11482361
v 2.02554131 -0.07320639 0.08197199
v 2.02361441 -0.07241541 0.08188213
v 2.02361441 -0.07308874 0.05752297
v 2.02504158 -0.07366472 0.05756275
v 2.02361441 -0.07920137 0.05077399
v 2.02361441 -0.08609277 0.05261301
v 2.02361441 -0.1049097 0.05526127
v 2.02361441 -0.14477895 0.05878128
v 2.02361441 -0.18998295 0.0618562
v 2.02361441 -0.22480412 0.06316917
v 2.02361441 -0.25497806 0.06989317
v 2.02361441 -0.28624031 0.08920114
v 2.02361441 -0.31231022 0.11663091
v 2.02361441 -0.32690707 0.14772017
v 2.02361441 -0.33133721 0.18063918
v 2.02361441 -0.32690707 0.21355815
v 1.97412395 -0.07510871 0.04968183
v 1.96571684 -0.07510871 0.04968183
v 1.99457383 -0.07510871 0.04968183
v 2.01506948 -0.07510871 0.04968183
v 2.02361441 -0.07510871 0.04968183
v 2.02554131 -0.07522637 0.05767135
v 2.02618361 -0.07557934 0.08224149
v 2.02618361 -0.07596509 0.11489099
v 2.02618361 -0.07618107 0.14772017
v 2.02618361 -0.07624662 0.18063918
v 2.02618361 -0.07618107 0.21355815
v 2.02618361 -0.07596508 0.2463873
v 2.02618361 -0.07557934 0.27903676
v 2.02554131 -0.07522637 0.30368108
v 2.02361441 -0.07510871 0.31159639
v 2.01506948 -0.07510871 0.31159639
v 1.99457383 -0.07510871 0.31159639
v 1.97412395 -0.07510871 0.31159639
v 1.96571684 -0.07510871 0.31159639
v 1.96392751 -0.07522637 0.30345649
v 1.9633311 -0.07596508 0.2463873
v 1.9633311 -0.07557934 0.27903676
v 1.96525919 -0.07462217 0.30333781
v 1.9633311 -0.07618107 0.21355815
v 1.9633311 -0.07624662 0.18063918
v 1.9633311 -0.07618107 0.14772017
v 1.9633311 -0.07596509 0.11489099
v 1.9633311 -0.07557934 0.08224149
v 1.96527183 -0.07463555 0.05771326
v 1.96392751 -0.07522637 0.05782174
vn 0 -0.17195 0.98511
vn 0 -0.17195 0.98511
vn 0 -0.25783 0.96619
vn 0 -0.25783 0.96619
vn 0 -0.10453 0.99452
vn 0 -0.10453 0.99452
vn 0 -0.17195 0.98511
vn 0 -0.25783 0.96619
vn 0 1 0
vn 0 0.99993 -0.01172
vn 0 0.99993 -0.01172
vn 3E-05 0.99993 -0.01173
vn 0 0.99652 -0.08335
vn 0.00022 0.9965 -0.08362
vn 0 0.99652 -0.08335
vn 0 -0.25783 -0.96619
vn 0 -0.17195 -0.98511
vn 0 -0.17195 -0.98511
vn 0 -0.25783 -0.96619
vn 0 -0.17195 -0.98511
vn 0 -0.25783 -0.96619
vn 0 -0.10453 -0.99452
vn 0 -0.10453 -0.99452
vn 0 -0.10453 -0.99452
vn 0 -0.82118 -0.57067
vn 0 -0.63186 -0.77509
vn 0 -0.63186 -0.77508
vn 0 -0.82118 -0.57067
vn 0 -0.63186 -0.77509
vn 0 -0.82118 -0.57067
vn 0 -0.39014 -0.92075
vn 0 -0.39015 -0.92075
vn 0 -0.39015 -0.92075
vn 1 -0 0
vn 0.99993 -0.00121 -0.0115
vn 0.99994 -0.00189 -0.01107
vn 1 -0 0
vn 0.99993 -0.00077 -0.01217
vn 1 -0 0
vn 0.99639 -0.01205 -0.08408
vn 0.99598 -0.00774 -0.08922
vn 0.99659 -0.01854 -0.08039
vn -1 -0 0
vn -0.99994 -0.00112 -0.01068
vn -0.99994 -0.00071 -0.0113
vn -1 0 0
vn -0.99995 -0.00169 -0.01028
vn -1 -0 0
vn -0.99688 -0.0112 -0.07812
vn -0.99702 -0.01693 -0.07529
vn -0.99653 -0.00719 -0.0829
vn 0 0.99993 0.01172
vn 5E-05 0.99993 0.01173
vn 0 0.99993 0.01172
vn 0 0.99652 0.08335
vn 0 0.99652 0.08335
vn 0.00033 0.99649 0.08376
vn 1 -0 0
vn 0.99993 -0.00121 0.0115
vn 0.99993 -0.00077 0.01217
vn 1 -0 0
vn 0.99994 -0.00193 0.01107
vn 1 -1E-05 0
vn 0.99639 -0.01206 0.08408
vn 0.99661 -0.01869 0.08007
vn 0.99598 -0.00774 0.08922
vn 0 -0.82118 0.57067
vn 0 -0.63186 0.77509
vn 0 -0.63186 0.77508
vn 0 -0.82118 0.57067
vn 0 -0.63186 0.77508
vn 0 -0.82118 0.57067
vn 0 -0.39014 0.92075
vn -0 -0.39015 0.92075
vn 0 -0.39014 0.92075
vn -1 -0 0
vn -0.99994 -0.00112 0.01068
vn -0.99995 -0.0017 0.01028
vn -1 1E-05 0
vn -0.99994 -0.00071 0.0113
vn -1 -0 0
vn -0.99688 -0.01121 0.07812
vn -0.99653 -0.00719 0.0829
vn -0.99702 -0.01696 0.07529
vn 1 0 0
vn 1 -0 0
vn 0 -1 0
vn 0 -0.95855 0.28494
vn 0 -0.95855 0.28494
vn 0 -1 0
vn 0 -0.95855 0.28494
vn 0 -1 0
vn -1 -0 0
vn -1 -0 0
vn -1 -0 0
vn -1 -0 0
vn -1 -0 0
vn -1 0 0
vn 1 -0 0
vn 0 -0.95855 -0.28494
vn 0 -0.95855 -0.28494
vn 0 -0.95855 -0.28493
vn -1 -0 0
vn -1 -1E-05 0
vn 0 -0.07729 0.99701
vn 0 -0.07729 0.99701
vn 0 -0.07729 0.99701
vn 0 -0.05475 0.9985
vn 0 -0.05475 0.9985
vn 0 -0.05475 0.9985
vn 1 -0 0
vn 0.99992 -0.00057 0.01229
vn 0.99993 -0.00035 0.0117
vn 1 0 0
vn 0.99587 -0.00576 0.09059
vn 0.99612 -0.00371 0.08794
vn 1 0 0
vn 1 0 0
vn 1 0 0
vn 1 0 0
vn 1 -0 0
vn 1 0 0
vn 0.99993 -0.00035 -0.0117
vn 0.99992 -0.00057 -0.01229
vn 0.99587 -0.00576 -0.09059
vn 0.99612 -0.00371 -0.08794
vn 0 -0.07729 -0.99701
vn 0 -0.07729 -0.99701
vn 0 -0.07729 -0.99701
vn 0 -0.05475 -0.9985
vn 0 -0.05475 -0.9985
vn 0 -0.05475 -0.9985
vn -0.99993 -0.00053 -0.01141
vn -1 -0 0
vn -0.99644 -0.00535 -0.08417
vn -0.99994 -0.00032 -0.01086
vn -0.99665 -0.00345 -0.0817
vn -1 0 0
vn -1 -0 0
vn -1 -0 0
vn -1 0 0
vn -1 0 0
vn -0.99994 -0.00032 0.01086
vn -0.99993 -0.00053 0.01141
vn -0.99644 -0.00535 0.08417
vn -0.99665 -0.00344 0.0817
vn 0 -0.12272 0.99244
vn 0 -0.12272 0.99244
vn 0 -0.12272 0.99244
vn 0.99977 -0.00891 0.01972
vn 0.99994 -0.00937 0.00646
vn 0.99516 -0.01536 0.09704
vn 0.99458 -0.06371 0.08214
vn 0.98538 -0.06955 0.15553
vn 0.99622 -0.07086 0.05031
vn 0.99996 -0.00892 0.00257
vn 0.99747 -0.06808 0.02042
vn 0.99996 -0.00869 0
vn 0.99778 -0.06653 0
vn 0.99996 -0.00892 -0.00257
vn 0.99747 -0.06807 -0.02042
vn 0.99994 -0.00937 -0.00646
vn 0.99622 -0.07086 -0.05031
vn 0.99977 -0.00891 -0.01972
vn 0.99458 -0.06372 -0.08214
vn 0.99516 -0.01536 -0.09704
vn 0.98538 -0.06955 -0.15553
vn 0 -0.12272 -0.99244
vn 0 -0.12272 -0.99244
vn 0 -0.12272 -0.99244
vn -0.99582 -0.0143 -0.09018
vn -0.9998 -0.00826 -0.01831
vn -0.99532 -0.05921 -0.07638
vn -0.98735 -0.06472 -0.14472
vn -0.99994 -0.0087 -0.006
vn -0.99673 -0.06585 -0.04676
vn -0.99996 -0.00828 -0.00239
vn -0.99782 -0.06325 -0.01897
vn -0.99997 -0.00807 -0
vn -0.99809 -0.06181 -0
vn -0.99996 -0.00828 0.00239
vn -0.99782 -0.06325 0.01897
vn -0.99994 -0.0087 0.006
vn -0.99673 -0.06585 0.04676
vn -0.9998 -0.00827 0.01831
vn -0.99582 -0.0143 0.09018
vn -0.99532 -0.05921 0.07638
vn -0.98735 -0.06473 0.14472
vn -0.49831 -0.55764 0.66387
vn -0.59876 -0.66326 0.44897
vn -0.35415 -0.36089 0.86275
vn -0.66736 -0.71507 0.2081
vn -0.68973 -0.72407 -0
vn -0.66736 -0.71507 -0.2081
vn -0.59877 -0.66325 -0.44897
vn -0.49831 -0.55764 -0.66387
vn -0.35415 -0.36089 -0.86275
vn -0.5086 -0.09715 -0.85551
vn -0.56401 -0.04539 -0.82452
vn -0.56577 -0.08556 -0.82012
vn -0.55941 -0.06356 -0.82645
vn -0.58405 -0.13873 -0.79978
vn -0.59074 -0.20527 -0.78031
vn -0.0856 0.99633 0.0002
vn -0.09844 0.99505 -0.01329
vn -0.79651 0.60437 -0.01729
vn -0.82639 0.5631 0.00129
vn -0.11123 0.99033 -0.08292
vn -0.09101 0.99585 9E-05
vn -0.09273 0.99569 0
vn -0.84227 0.53906 0.00058
vn -0.84688 0.53179 -0
vn -0.09101 0.99585 -9E-05
vn -0.0856 0.99633 -0.0002
vn -0.84228 0.53904 -0.00058
vn -0.8264 0.56308 -0.00129
vn -0.79657 0.6043 0.01719
vn -0.09813 0.99509 0.01327
vn -0.10667 0.99081 0.08314
vn -0.58405 -0.13874 0.79978
vn -0.56576 -0.08556 0.82012
vn -0.59074 -0.20528 0.78031
vn -0.55941 -0.06356 0.82645
vn -0.56401 -0.04539 0.82452
vn -0.5086 -0.09715 0.85551
vn 0.4887 -0.5616 0.66767
vn 0.58901 -0.66948 0.45262
vn 0.34702 -0.36174 0.86529
vn 0.49864 -0.09742 0.86132
vn 0.55338 -0.04578 0.83167
vn 0.55569 -0.08624 0.82691
vn 0.54915 -0.06406 0.83327
vn 0.57391 -0.13992 0.80687
vn 0.57776 -0.20918 0.78895
vn 0.08336 0.99652 -0.00021
vn 0.07384 0.9972 0.01144
vn 0.77842 0.62768 0.00934
vn 0.80622 0.59161 -0.00136
vn 0.07634 0.99375 0.08145
vn 0.75946 0.64744 0.06359
vn 0.08864 0.99606 -0.0001
vn 0.82338 0.56749 -0.00061
vn 0.09031 0.99591 0
vn 0.82839 0.56016 0
vn 0.08864 0.99606 0.0001
vn 0.82338 0.56749 0.00061
vn 0.08337 0.99652 0.00021
vn 0.80623 0.5916 0.00136
vn 0.77835 0.62776 -0.00934
vn 0.07383 0.9972 -0.01144
vn 0.07627 0.9937 -0.08206
vn 0.75288 0.65502 -0.0641
vn 0.57872 -0.20845 -0.78844
vn 0.57392 -0.13992 -0.80687
vn 0.55569 -0.08624 -0.82691
vn 0.54915 -0.06405 -0.83327
vn 0.55338 -0.04578 -0.83167
vn 0.49864 -0.09742 -0.86132
vn 0.34702 -0.36174 -0.86529
vn 0.4887 -0.5616 -0.66767
vn 0.58901 -0.66948 -0.45262
vn 0.65785 -0.7232 -0.21026
vn 0.68037 -0.73287 -0
vn 0.65786 -0.7232 0.21026
vn 0 0.7336 -0.67958
vn -0.34771 0.64954 -0.67617
vn 0 0.7336 -0.67958
vn 0.00058 0.73474 -0.67835
vn 0.33832 0.65031 -0.68017
vn 0.99181 0.09748 -0.0825
vn 0.99626 0.08587 -0.00998
vn 0.99674 0.08064 0.00046
vn 0.99714 0.07562 0.0002
vn 0.99725 0.07417 0
vn 0.99713 0.07564 -0.0002
vn 0.99674 0.08067 -0.00046
vn 0.99626 0.08587 0.00997
vn 0.99165 0.09762 0.08428
vn 0.33682 0.6524 0.67892
vn 0.00087 0.73529 0.67775
vn 0 0.7336 0.67958
vn 0 0.7336 0.67958
vn -0.34813 0.64966 0.67583
vn -0.98556 0.15089 0.0768
vn -0.99719 0.07493 -0.00043
vn -0.99428 0.10622 0.01155
vn -0.78245 0.6205 0.05251
vn -0.99753 0.07027 -0.00019
vn -0.99762 0.06891 -0
vn -0.99753 0.07026 0.00019
vn -0.99719 0.07494 0.00043
vn -0.99424 0.10657 -0.01158
vn -0.78172 0.62137 -0.053
vn -0.98461 0.1573 -0.07614
usemtl mat0
f 1881//1740 1882//1741 1883//1742
f 1883//1742 1884//1743 1881//1740
f 1885//1744 1882//1741 1881//1740
f 1881//1740 1886//1745 1885//1744
f 1887//1746 1882//1741 1885//1744
f 1885//1744 1888//1744 1887//1746
f 1883//1742 1882//1741 1887//1746
f 1887//1746 1889//1747 1883//1742
f 1890//1748 1891//1749 1892//1750
f 1892//1750 1893//1748 1890//1748
f 1894//1751 1891//1749 1890//1748
f 1890//1748 1895//1748 1894//1751
f 1896//1752 1891//1749 1894//1751
f 1894//1751 1897//1753 1896//1752
f 1892//1750 1891//1749 1896//1752
f 1896//1752 1898//1754 1892//1750
f 1899//1755 1900//1756 1901//1757
f 1901//1757 1902//1758 1899//1755
f 1903//1759 1900//1756 1899//1755
f 1899//1755 1904//1760 1903//1759
f 1905//1761 1900//1756 1903//1759
f 1903//1759 1906//1762 1905//1761
f 1901//1757 1900//1756 1905//1761
f 1905//1761 1907//1763 1901//1757
f 1908//1764 1909//1765 1910//1766
f 1910//1766 1911//1767 1908//1764
f 1912//1768 1909//1765 1908//1764
f 1908//1764 1913//1769 1912//1768
f 1914//1770 1909//1765 1912//1768
f 1912//1768 1915//1771 1914//1770
f 1910//1766 1909//1765 1914//1770
f 1914//1770 1916//1772 1910//1766
f 1917//1773 1918//1774 1919//1775
f 1919//1775 1920//1776 1917//1773
f 1921//1777 1918//1774 1917//1773
f 1917//1773 1922//1778 1921//1777
f 1923//1779 1918//1774 1921//1777
f 1921//1777 1924//1780 1923//1779
f 1919//1775 1918//1774 1923//1779
f 1923//1779 1925//1781 1919//1775
f 1926//1782 1927//1783 1928//1784
f 1928//1784 1929//1785 1926//1782
f 1930//1786 1927//1783 1926//1782
f 1926//1782 1931//1787 1930//1786
f 1932//1788 1927//1783 1930//1786
f 1930//1786 1933//1789 1932//1788
f 1928//1784 1927//1783 1932//1788
f 1932//1788 1934//1790 1928//1784
f 1935//1748 1936//1791 1937//1792
f 1937//1792 1938//1748 1935//1748
f 1939//1793 1936//1791 1935//1748
f 1935//1748 1940//1748 1939//1793
f 1941//1794 1936//1791 1939//1793
f 1939//1793 1942//1795 1941//1794
f 1937//1792 1936//1791 1941//1794
f 1941//1794 1943//1796 1937//1792
f 1944//1797 1945//1798 1946//1799
f 1946//1799 1947//1800 1944//1797
f 1948//1801 1945//1798 1944//1797
f 1944//1797 1949//1802 1948//1801
f 1950//1803 1945//1798 1948//1801
f 1948//1801 1951//1804 1950//1803
f 1946//1799 1945//1798 1950//1803
f 1950//1803 1952//1805 1946//1799
f 1953//1806 1954//1807 1955//1808
f 1955//1808 1956//1809 1953//1806
f 1957//1810 1954//1807 1953//1806
f 1953//1806 1958//1811 1957//1810
f 1959//1812 1954//1807 1957//1810
f 1957//1810 1960//1813 1959//1812
f 1955//1808 1954//1807 1959//1812
f 1959//1812 1961//1814 1955//1808
f 1962//1815 1963//1816 1964//1817
f 1964//1817 1965//1818 1962//1815
f 1966//1819 1963//1816 1962//1815
f 1962//1815 1967//1820 1966//1819
f 1968//1821 1963//1816 1966//1819
f 1966//1819 1969//1822 1968//1821
f 1964//1817 1963//1816 1968//1821
f 1968//1821 1970//1823 1964//1817
f 1935//1748 1971//1748 1972//1748
f 1972//1748 1940//1748 1935//1748
f 1973//1748 1971//1748 1935//1748
f 1935//1748 1938//1748 1973//1748
f 1974//1748 1971//1748 1973//1748
f 1973//1748 1975//1748 1974//1748
f 1972//1748 1971//1748 1974//1748
f 1974//1748 1976//1748 1972//1748
f 1944//1797 1977//1824 1978//1824
f 1978//1824 1949//1802 1944//1797
f 1979//1825 1977//1824 1944//1797
f 1944//1797 1947//1800 1979//1825
f 1980//1824 1977//1824 1979//1825
f 1979//1825 1981//1824 1980//1824
f 1978//1824 1977//1824 1980//1824
f 1980//1824 1982//1824 1978//1824
f 1983//1826 1984//1827 1985//1828
f 1985//1828 1986//1829 1983//1826
f 1987//1830 1984//1827 1983//1826
f 1983//1826 1988//1831 1987//1830
f 1953//1806 1984//1827 1987//1830
f 1987//1830 1958//1811 1953//1806
f 1985//1828 1984//1827 1953//1806
f 1953//1806 1956//1809 1985//1828
f 1989//1832 1990//1833 1991//1834
f 1991//1834 1992//1835 1989//1832
f 1993//1836 1990//1833 1989//1832
f 1989//1832 1994//1837 1993//1836
f 1962//1815 1990//1833 1993//1836
f 1993//1836 1967//1820 1962//1815
f 1991//1834 1990//1833 1962//1815
f 1962//1815 1965//1818 1991//1834
f 1974//1748 1995//1748 1996//1748
f 1996//1748 1976//1748 1974//1748
f 1997//1748 1995//1748 1974//1748
f 1974//1748 1975//1748 1997//1748
f 1890//1748 1995//1748 1997//1748
f 1997//1748 1895//1748 1890//1748
f 1996//1748 1995//1748 1890//1748
f 1890//1748 1893//1748 1996//1748
f 1980//1824 1998//1824 1999//1824
f 1999//1824 1982//1824 1980//1824
f 2000//1838 1998//1824 1980//1824
f 1980//1824 1981//1824 2000//1838
f 1917//1773 1998//1824 2000//1838
f 2000//1838 1922//1778 1917//1773
f 1999//1824 1998//1824 1917//1773
f 1917//1773 1920//1776 1999//1824
f 1908//1764 2001//1839 2002//1840
f 2002//1840 1913//1769 1908//1764
f 2003//1841 2001//1839 1908//1764
f 1908//1764 1911//1767 2003//1841
f 1983//1826 2001//1839 2003//1841
f 2003//1841 1988//1831 1983//1826
f 2002//1840 2001//1839 1983//1826
f 1983//1826 1986//1829 2002//1840
f 1926//1782 2004//1842 2005//1843
f 2005//1843 1931//1787 1926//1782
f 2006//1837 2004//1842 1926//1782
f 1926//1782 1929//1785 2006//1837
f 1989//1832 2004//1842 2006//1837
f 2006//1837 1994//1837 1989//1832
f 2005//1843 2004//1842 1989//1832
f 1989//1832 1992//1835 2005//1843
f 1885//1744 2007//1844 2008//1845
f 2008//1845 1888//1744 1885//1744
f 2009//1846 2007//1844 1885//1744
f 1885//1744 1886//1745 2009//1846
f 2010//1847 2007//1844 2009//1846
f 2009//1846 2011//1848 2010//1847
f 2008//1845 2007//1844 2010//1847
f 2010//1847 2012//1849 2008//1845
f 2013//1850 2014//1851 2015//1852
f 2015//1852 2016//1853 2013//1850
f 1946//1799 2014//1851 2013//1850
f 2013//1850 1947//1800 1946//1799
f 2017//1854 2014//1851 1946//1799
f 1946//1799 1952//1805 2017//1854
f 2015//1852 2014//1851 2017//1854
f 2017//1854 2018//1855 2015//1852
f 2013//1850 2019//1856 1979//1825
f 1979//1825 1947//1800 2013//1850
f 2020//1857 2019//1856 2013//1850
f 2013//1850 2016//1853 2020//1857
f 2021//1824 2019//1856 2020//1857
f 2020//1857 2022//1824 2021//1824
f 1979//1825 2019//1856 2021//1824
f 2021//1824 1981//1824 1979//1825
f 2021//1824 2023//1858 2000//1838
f 2000//1838 1981//1824 2021//1824
f 2024//1859 2023//1858 2021//1824
f 2021//1824 2022//1824 2024//1859
f 2025//1860 2023//1858 2024//1859
f 2024//1859 2026//1861 2025//1860
f 2000//1838 2023//1858 2025//1860
f 2025//1860 1922//1778 2000//1838
f 2027//1862 2028//1863 2025//1860
f 2025//1860 2026//1861 2027//1862
f 2029//1864 2028//1863 2027//1862
f 2027//1862 2030//1865 2029//1864
f 1921//1777 2028//1863 2029//1864
f 2029//1864 1924//1780 1921//1777
f 2025//1860 2028//1863 1921//1777
f 1921//1777 1922//1778 2025//1860
f 1905//1761 2031//1866 2032//1867
f 2032//1867 1907//1763 1905//1761
f 2033//1868 2031//1866 1905//1761
f 1905//1761 1906//1762 2033//1868
f 2034//1869 2031//1866 2033//1868
f 2033//1868 2035//1870 2034//1869
f 2032//1867 2031//1866 2034//1869
f 2034//1869 2036//1871 2032//1867
f 1928//1784 2037//1872 2038//1873
f 2038//1873 1929//1785 1928//1784
f 2039//1874 2037//1872 1928//1784
f 1928//1784 1934//1790 2039//1874
f 2040//1875 2037//1872 2039//1874
f 2039//1874 2041//1876 2040//1875
f 2038//1873 2037//1872 2040//1875
f 2040//1875 2042//1877 2038//1873
f 2038//1873 2043//1837 2006//1837
f 2006//1837 1929//1785 2038//1873
f 2044//1878 2043//1837 2038//1873
f 2038//1873 2042//1877 2044//1878
f 2045//1837 2043//1837 2044//1878
f 2044//1878 2046//1837 2045//1837
f 2006//1837 2043//1837 2045//1837
f 2045//1837 1994//1837 2006//1837
f 2045//1837 2047//1837 1993//1836
f 1993//1836 1994//1837 2045//1837
f 2048//1879 2047//1837 2045//1837
f 2045//1837 2046//1837 2048//1879
f 2049//1880 2047//1837 2048//1879
f 2048//1879 2050//1881 2049//1880
f 1993//1836 2047//1837 2049//1880
f 2049//1880 1967//1820 1993//1836
f 2051//1882 2052//1883 2049//1880
f 2049//1880 2050//1881 2051//1882
f 2053//1884 2052//1883 2051//1882
f 2051//1882 2054//1885 2053//1884
f 1966//1819 2052//1883 2053//1884
f 2053//1884 1969//1822 1966//1819
f 2049//1880 2052//1883 1966//1819
f 1966//1819 1967//1820 2049//1880
f 2055//1886 2056//1887 2010//1847
f 2010//1847 2011//1848 2055//1886
f 1959//1812 2056//1887 2055//1886
f 2055//1886 1961//1814 1959//1812
f 2057//1888 2056//1887 1959//1812
f 1959//1812 1960//1813 2057//1888
f 2010//1847 2056//1887 2057//1888
f 2057//1888 2012//1849 2010//1847
f 2015//1852 2058//1889 2059//1890
f 2059//1890 2016//1853 2015//1852
f 2060//1891 2058//1889 2015//1852
f 2015//1852 2018//1855 2060//1891
f 2061//1892 2058//1889 2060//1891
f 2060//1891 2062//1893 2061//1892
f 2059//1890 2058//1889 2061//1892
f 2061//1892 2063//1894 2059//1890
f 2059//1890 2064//1895 2020//1857
f 2020//1857 2016//1853 2059//1890
f 2065//1896 2064//1895 2059//1890
f 2059//1890 2063//1894 2065//1896
f 2066//1897 2064//1895 2065//1896
f 2065//1896 2067//1898 2066//1897
f 2020//1857 2064//1895 2066//1897
f 2066//1897 2022//1824 2020//1857
f 2066//1897 2068//1899 2024//1859
f 2024//1859 2022//1824 2066//1897
f 2069//1900 2068//1899 2066//1897
f 2066//1897 2067//1898 2069//1900
f 2070//1901 2068//1899 2069//1900
f 2069//1900 2071//1902 2070//1901
f 2024//1859 2068//1899 2070//1901
f 2070//1901 2026//1861 2024//1859
f 2070//1901 2072//1903 2027//1862
f 2027//1862 2026//1861 2070//1901
f 2073//1904 2072//1903 2070//1901
f 2070//1901 2071//1902 2073//1904
f 2074//1905 2072//1903 2073//1904
f 2073//1904 2075//1906 2074//1905
f 2027//1862 2072//1903 2074//1905
f 2074//1905 2030//1865 2027//1862
f 2076//1907 2077//1908 2034//1869
f 2034//1869 2035//1870 2076//1907
f 1914//1770 2077//1908 2076//1907
f 2076//1907 1916//1772 1914//1770
f 2078//1909 2077//1908 1914//1770
f 1914//1770 1915//1771 2078//1909
f 2034//1869 2077//1908 2078//1909
f 2078//1909 2036//1871 2034//1869
f 2079//1910 2080//1911 2040//1875
f 2040//1875 2041//1876 2079//1910
f 2081//1912 2080//1911 2079//1910
f 2079//1910 2082//1913 2081//1912
f 2083//1914 2080//1911 2081//1912
f 2081//1912 2084//1915 2083//1914
f 2040//1875 2080//1911 2083//1914
f 2083//1914 2042//1877 2040//1875
f 2083//1914 2085//1916 2044//1878
f 2044//1878 2042//1877 2083//1914
f 2086//1917 2085//1916 2083//1914
f 2083//1914 2084//1915 2086//1917
f 2087//1918 2085//1916 2086//1917
f 2086//1917 2088//1919 2087//1918
f 2044//1878 2085//1916 2087//1918
f 2087//1918 2046//1837 2044//1878
f 2087//1918 2089//1920 2048//1879
f 2048//1879 2046//1837 2087//1918
f 2090//1921 2089//1920 2087//1918
f 2087//1918 2088//1919 2090//1921
f 2091//1922 2089//1920 2090//1921
f 2090//1921 2092//1923 2091//1922
f 2048//1879 2089//1920 2091//1922
f 2091//1922 2050//1881 2048//1879
f 2051//1882 2093//1924 2094//1925
f 2094//1925 2054//1885 2051//1882
f 2091//1922 2093//1924 2051//1882
f 2051//1882 2050//1881 2091//1922
f 2095//1926 2093//1924 2091//1922
f 2091//1922 2092//1923 2095//1926
f 2094//1925 2093//1924 2095//1926
f 2095//1926 2096//1927 2094//1925
f 1955//1808 2097//1928 2098//1929
f 2098//1929 1956//1809 1955//1808
f 2099//1930 2097//1928 1955//1808
f 1955//1808 1961//1814 2099//1930
f 2095//1926 2097//1928 2099//1930
f 2099//1930 2096//1927 2095//1926
f 2098//1929 2097//1928 2095//1926
f 2095//1926 2092//1923 2098//1929
f 1985//1828 2100//1931 2101//1932
f 2101//1932 1986//1829 1985//1828
f 2098//1929 2100//1931 1985//1828
f 1985//1828 1956//1809 2098//1929
f 2090//1921 2100//1931 2098//1929
f 2098//1929 2092//1923 2090//1921
f 2101//1932 2100//1931 2090//1921
f 2090//1921 2088//1919 2101//1932
f 2002//1840 2102//1933 2103//1934
f 2103//1934 1913//1769 2002//1840
f 2101//1932 2102//1933 2002//1840
f 2002//1840 1986//1829 2101//1932
f 2086//1917 2102//1933 2101//1932
f 2101//1932 2088//1919 2086//1917
f 2103//1934 2102//1933 2086//1917
f 2086//1917 2084//1915 2103//1934
f 2081//1912 2104//1935 2103//1934
f 2103//1934 2084//1915 2081//1912
f 2105//1936 2104//1935 2081//1912
f 2081//1912 2082//1913 2105//1936
f 1912//1768 2104//1935 2105//1936
f 2105//1936 1915//1771 1912//1768
f 2103//1934 2104//1935 1912//1768
f 1912//1768 1913//1769 2103//1934
f 2078//1909 2106//1937 2107//1938
f 2107//1938 2036//1871 2078//1909
f 2105//1936 2106//1937 2078//1909
f 2078//1909 1915//1771 2105//1936
f 2079//1910 2106//1937 2105//1936
f 2105//1936 2082//1913 2079//1910
f 2107//1938 2106//1937 2079//1910
f 2079//1910 2041//1876 2107//1938
f 2108//1939 2109//1940 2039//1874
f 2039//1874 1934//1790 2108//1939
f 2032//1867 2109//1940 2108//1939
f 2108//1939 1907//1763 2032//1867
f 2107//1938 2109//1940 2032//1867
f 2032//1867 2036//1871 2107//1938
f 2039//1874 2109//1940 2107//1938
f 2107//1938 2041//1876 2039//1874
f 1901//1757 2110//1941 2111//1942
f 2111//1942 1902//1758 1901//1757
f 2108//1939 2110//1941 1901//1757
f 1901//1757 1907//1763 2108//1939
f 1932//1788 2110//1941 2108//1939
f 2108//1939 1934//1790 1932//1788
f 2111//1942 2110//1941 1932//1788
f 1932//1788 1933//1789 2111//1942
f 2112//1943 2113//1944 2114//1945
f 2114//1945 2115//1946 2112//1943
f 1892//1750 2113//1944 2112//1943
f 2112//1943 1893//1748 1892//1750
f 2116//1947 2113//1944 1892//1750
f 1892//1750 1898//1754 2116//1947
f 1996//1748 2117//1948 2118//1949
f 2118//1949 1976//1748 1996//1748
f 2112//1943 2117//1948 1996//1748
f 1996//1748 1893//1748 2112//1943
f 2119//1950 2117//1948 2112//1943
f 2112//1943 2115//1946 2119//1950
f 2118//1949 2117//1948 2119//1950
f 2119//1950 2120//1951 2118//1949
f 1972//1748 2121//1952 2122//1953
f 2122//1953 1940//1748 1972//1748
f 2118//1949 2121//1952 1972//1748
f 1972//1748 1976//1748 2118//1949
f 2123//1954 2121//1952 2118//1949
f 2118//1949 2120//1951 2123//1954
f 2122//1953 2121//1952 2123//1954
f 2123//1954 2124//1955 2122//1953
f 2125//1956 2126//1957 2122//1953
f 2122//1953 2124//1955 2125//1956
f 1939//1793 2126//1957 2127//1958
f 2127//1958 1942//1795 1939//1793
f 2122//1953 2126//1957 1939//1793
f 1939//1793 1940//1748 2122//1953
f 1881//1740 2128//1959 2129//1960
f 2129//1960 1886//1745 1881//1740
f 2130//1961 2128//1959 1881//1740
f 1881//1740 1884//1743 2130//1961
f 1968//1821 2128//1959 2130//1961
f 2130//1961 1970//1823 1968//1821
f 2129//1960 2128//1959 1968//1821
f 1968//1821 1969//1822 2129//1960
f 2053//1884 2131//1962 2129//1960
f 2129//1960 1969//1822 2053//1884
f 2132//1963 2131//1962 2053//1884
f 2053//1884 2054//1885 2132//1963
f 2009//1846 2131//1962 2132//1963
f 2132//1963 2011//1848 2009//1846
f 2129//1960 2131//1962 2009//1846
f 2009//1846 1886//1745 2129//1960
f 2094//1925 2133//1964 2132//1963
f 2132//1963 2054//1885 2094//1925
f 2099//1930 2133//1964 2094//1925
f 2094//1925 2096//1927 2099//1930
f 2055//1886 2133//1964 2099//1930
f 2099//1930 1961//1814 2055//1886
f 2132//1963 2133//1964 2055//1886
f 2055//1886 2011//1848 2132//1963
f 2061//1892 2134//1965 2135//1966
f 2135//1966 2063//1894 2061//1892
f 2136//1967 2134//1965 2061//1892
f 2061//1892 2062//1893 2136//1967
f 1957//1810 2134//1965 2136//1967
f 2136//1967 1960//1813 1957//1810
f 2135//1966 2134//1965 1957//1810
f 1957//1810 1958//1811 2135//1966
f 2057//1888 2137//1968 2138//1969
f 2138//1969 2012//1849 2057//1888
f 2136//1967 2137//1968 2057//1888
f 2057//1888 1960//1813 2136//1967
f 2060//1891 2137//1968 2136//1967
f 2136//1967 2062//1893 2060//1891
f 2138//1969 2137//1968 2060//1891
f 2060//1891 2018//1855 2138//1969
f 2139//1970 2140//1971 2017//1854
f 2017//1854 1952//1805 2139//1970
f 2008//1845 2140//1971 2139//1970
f 2139//1970 1888//1744 2008//1845
f 2138//1969 2140//1971 2008//1845
f 2008//1845 2012//1849 2138//1969
f 2017//1854 2140//1971 2138//1969
f 2138//1969 2018//1855 2017//1854
f 1887//1746 2141//1972 2142//1973
f 2142//1973 1889//1747 1887//1746
f 2139//1970 2141//1972 1887//1746
f 1887//1746 1888//1744 2139//1970
f 1950//1803 2141//1972 2139//1970
f 2139//1970 1952//1805 1950//1803
f 2142//1973 2141//1972 1950//1803
f 1950//1803 1951//1804 2142//1973
f 2143//1974 2144//1975 2145//1976
f 2145//1976 2146//1977 2143//1974
f 1937//1792 2144//1975 2143//1974
f 2143//1974 1938//1748 1937//1792
f 2147//1978 2144//1975 1937//1792
f 1937//1792 1943//1796 2147//1978
f 2145//1976 2144//1975 2147//1978
f 2147//1978 2148//1979 2145//1976
f 2143//1974 2149//1980 1973//1748
f 1973//1748 1938//1748 2143//1974
f 2150//1981 2149//1980 2143//1974
f 2143//1974 2146//1977 2150//1981
f 2151//1982 2149//1980 2150//1981
f 2150//1981 2152//1983 2151//1982
f 1973//1748 2149//1980 2151//1982
f 2151//1982 1975//1748 1973//1748
f 2151//1982 2153//1984 1997//1748
f 1997//1748 1975//1748 2151//1982
f 2154//1985 2153//1984 2151//1982
f 2151//1982 2152//1983 2154//1985
f 2155//1986 2153//1984 2154//1985
f 2154//1985 2156//1987 2155//1986
f 1997//1748 2153//1984 2155//1986
f 2155//1986 1895//1748 1997//1748
f 2157//1988 2158//1989 2155//1986
f 2155//1986 2156//1987 2157//1988
f 2159//1990 2158//1989 2157//1988
f 2157//1988 2160//1991 2159//1990
f 1894//1751 2158//1989 2159//1990
f 2159//1990 1897//1753 1894//1751
f 2155//1986 2158//1989 1894//1751
f 1894//1751 1895//1748 2155//1986
f 2161//1992 2162//1993 1903//1759
f 1903//1759 1904//1760 2161//1992
f 1923//1779 2162//1993 2161//1992
f 2161//1992 1925//1781 1923//1779
f 2163//1994 2162//1993 1923//1779
f 1923//1779 1924//1780 2163//1994
f 1903//1759 2162//1993 2163//1994
f 2163//1994 1906//1762 1903//1759
f 2029//1864 2164//1995 2163//1994
f 2163//1994 1924//1780 2029//1864
f 2165//1996 2164//1995 2029//1864
f 2029//1864 2030//1865 2165//1996
f 2033//1868 2164//1995 2165//1996
f 2165//1996 2035//1870 2033//1868
f 2163//1994 2164//1995 2033//1868
f 2033//1868 1906//1762 2163//1994
f 2074//1905 2166//1997 2165//1996
f 2165//1996 2030//1865 2074//1905
f 2167//1998 2166//1997 2074//1905
f 2074//1905 2075//1906 2167//1998
f 2076//1907 2166//1997 2167//1998
f 2167//1998 1916//1772 2076//1907
f 2165//1996 2166//1997 2076//1907
f 2076//1907 2035//1870 2165//1996
f 1910//1766 2168//1999 2169//2000
f 2169//2000 1911//1767 1910//1766
f 2167//1998 2168//1999 1910//1766
f 1910//1766 1916//1772 2167//1998
f 2073//1904 2168//1999 2167//1998
f 2167//1998 2075//1906 2073//1904
f 2169//2000 2168//1999 2073//1904
f 2073//1904 2071//1902 2169//2000
f 2169//2000 2170//2001 2003//1841
f 2003//1841 1911//1767 2169//2000
f 2069//1900 2170//2001 2169//2000
f 2169//2000 2071//1902 2069//1900
f 2171//2002 2170//2001 2069//1900
f 2069//1900 2067//1898 2171//2002
f 2003//1841 2170//2001 2171//2002
f 2171//2002 1988//1831 2003//1841
f 2171//2002 2172//2003 1987//1830
f 1987//1830 1988//1831 2171//2002
f 2065//1896 2172//2003 2171//2002
f 2171//2002 2067//1898 2065//1896
f 2135//1966 2172//2003 2065//1896
f 2065//1896 2063//1894 2135//1966
f 1987//1830 2172//2003 2135//1966
f 2135//1966 1958//1811 1987//1830
f 2173//2004 2174//2005 2116//1947
f 2116//1947 1898//1754 2173//2004
f 2111//1942 2174//2005 2173//2004
f 2173//2004 1902//1758 2111//1942
f 2173//2004 2175//2006 1899//1755
f 1899//1755 1902//1758 2173//2004
f 1896//1752 2175//2006 2173//2004
f 2173//2004 1898//1754 1896//1752
f 2176//2007 2175//2006 1896//1752
f 1896//1752 1897//1753 2176//2007
f 1899//1755 2175//2006 2176//2007
f 2176//2007 1904//1760 1899//1755
f 2176//2007 2177//2008 2161//1992
f 2161//1992 1904//1760 2176//2007
f 2159//1990 2177//2008 2176//2007
f 2176//2007 1897//1753 2159//1990
f 2178//2009 2177//2008 2159//1990
f 2159//1990 2160//1991 2178//2009
f 2161//1992 2177//2008 2178//2009
f 2178//2009 1925//1781 2161//1992
f 1919//1775 2179//2010 2180//2011
f 2180//2011 1920//1776 1919//1775
f 2178//2009 2179//2010 1919//1775
f 1919//1775 1925//1781 2178//2009
f 2157//1988 2179//2010 2178//2009
f 2178//2009 2160//1991 2157//1988
f 2180//2011 2179//2010 2157//1988
f 2157//1988 2156//1987 2180//2011
f 1999//1824 2181//2012 2182//2013
f 2182//2013 1982//1824 1999//1824
f 2180//2011 2181//2012 1999//1824
f 1999//1824 1920//1776 2180//2011
f 2154//1985 2181//2012 2180//2011
f 2180//2011 2156//1987 2154//1985
f 2182//2013 2181//2012 2154//1985
f 2154//1985 2152//1983 2182//2013
f 1978//1824 2183//2014 2184//2015
f 2184//2015 1949//1802 1978//1824
f 2182//2013 2183//2014 1978//1824
f 1978//1824 1982//1824 2182//2013
f 2150//1981 2183//2014 2182//2013
f 2182//2013 2152//1983 2150//1981
f 2184//2015 2183//2014 2150//1981
f 2150//1981 2146//1977 2184//2015
f 2145//1976 2185//2016 2184//2015
f 2184//2015 2146//1977 2145//1976
f 2186//2017 2185//2016 2145//1976
f 2145//1976 2148//1979 2186//2017
f 1948//1801 2185//2016 2186//2017
f 2186//2017 1951//1804 1948//1801
f 2184//2015 2185//2016 1948//1801
f 1948//1801 1949//1802 2184//2015
f 2142//1973 2187//2018 2188//2019
f 2188//2019 1889//1747 2142//1973
f 2186//2017 2187//2018 2142//1973
f 2142//1973 1951//1804 2186//2017
f 2147//1978 2187//2018 2186//2017
f 2186//2017 2148//1979 2147//1978
f 2188//2019 2187//2018 2147//1978
f 2147//1978 1943//1796 2188//2019
f 1883//1742 2189//2020 2190//2021
f 2190//2021 1884//1743 1883//1742
f 2188//2019 2189//2020 1883//1742
f 1883//1742 1889//1747 2188//2019
f 1941//1794 2189//2020 2188//2019
f 2188//2019 1943//1796 1941//1794
f 2190//2021 2189//2020 1941//1794
f 1941//1794 1942//1795 2190//2021
f 2190//2021 2191//2022 2130//1961
f 2130//1961 1884//1743 2190//2021
f 2127//1958 2191//2022 2190//2021
f 2190//2021 1942//1795 2127//1958
f 2130//1961 2191//2022 2192//2023
f 2192//2023 1970//1823 2130//1961
f 2193//2024 2194//2025 2125//1956
f 2125//1956 2124//1955 2193//2024
f 1964//1817 2194//2025 2193//2024
f 2193//2024 1965//1818 1964//1817
f 2192//2023 2194//2025 1964//1817
f 1964//1817 1970//1823 2192//2023
f 2195//2026 2192//2023 2191//2022
f 2191//2022 2127//1958 2195//2026
f 1991//1834 2196//2027 2197//2028
f 2197//2028 1992//1835 1991//1834
f 2193//2024 2196//2027 1991//1834
f 1991//1834 1965//1818 2193//2024
f 2123//1954 2196//2027 2193//2024
f 2193//2024 2124//1955 2123//1954
f 2197//2028 2196//2027 2123//1954
f 2123//1954 2120//1951 2197//2028
f 2005//1843 2198//2029 2199//2030
f 2199//2030 1931//1787 2005//1843
f 2197//2028 2198//2029 2005//1843
f 2005//1843 1992//1835 2197//2028
f 2119//1950 2198//2029 2197//2028
f 2197//2028 2120//1951 2119//1950
f 2199//2030 2198//2029 2119//1950
f 2119//1950 2115//1946 2199//2030
f 2114//1945 2200//2031 2199//2030
f 2199//2030 2115//1946 2114//1945
f 2114//1945 2201//2032 2202//2033
f 2202//2033 2200//2031 2114//1945
f 1930//1786 2200//2031 2202//2033
f 2202//2033 1933//1789 1930//1786
f 2199//2030 2200//2031 1930//1786
f 1930//1786 1931//1787 2199//2030
f 2127//1958 2126//1957 2125//1956
f 2125//1956 2195//2026 2127//1958
f 2192//2023 2195//2026 2125//1956
f 2125//1956 2194//2025 2192//2023
f 2114//1945 2113//1944 2116//1947
f 2116//1947 2201//2032 2114//1945
f 1933//1789 2202//2033 2174//2005
f 2174//2005 2111//1942 1933//1789
f 2201//2032 2116//1947 2174//2005
f 2174//2005 2202//2033 2201//2032
# Vertices: 322, normals: 294, texture coordinates: 0, faces: 640

# tubo_1_7
o obj8
v -1.51041377 -0.13716394 -0.23729524
v -1.51041377 -0.12433654 -0.21211997
v -1.5058459 -0.1243366 -0.21211997
v -1.5058459 -0.137164 -0.23729524
v -1.51041377 -0.15714318 -0.25727445
v -1.5058459 -0.15714324 -0.25727445
v -1.51041365 -0.18231851 -0.27010185
v -1.50584579 -0.18231845 -0.27010185
v -1.51041365 -0.21022552 -0.27452189
v -1.50584579 -0.21022546 -0.27452189
v -1.51041365 -0.23813254 -0.27010185
v -1.50584579 -0.23813248 -0.27010185
v -1.51041365 -0.26330775 -0.25727445
v -1.50584579 -0.26330769 -0.25727445
v -1.51041365 -0.28328687 -0.23729524
v -1.50584579 -0.28328693 -0.23729524
v -1.51041365 -0.29611439 -0.21211997
v -1.50584579 -0.29611444 -0.21211997
v -1.51041365 -0.30053443 -0.18421297
v -1.50584579 -0.30053437 -0.18421297
v -1.51041365 -0.29611439 -0.15630594
v -1.50584579 -0.29611444 -0.15630594
v -1.51041365 -0.28328687 -0.13113075
v -1.50584579 -0.28328693 -0.13113075
v -1.51041365 -0.26330775 -0.11115152
v -1.50584579 -0.26330769 -0.11115152
v -1.51041365 -0.23813254 -0.09832406
v -1.50584579 -0.23813248 -0.09832406
v -1.51041365 -0.21022552 -0.09390408
v -1.50584579 -0.21022546 -0.09390408
v -1.51041365 -0.18231851 -0.09832406
v -1.50584579 -0.18231845 -0.09832406
v -1.51041377 -0.15714329 -0.11115152
v -1.5058459 -0.15714324 -0.11115152
v -1.51041365 -0.13716406 -0.13113075
v -1.50584579 -0.137164 -0.13113075
v -1.51041377 -0.12433666 -0.156306
v -1.5058459 -0.1243366 -0.156306
v -1.51041377 -0.11991662 -0.18421297
v -1.5058459 -0.11991656 -0.18421297
v 1.97244883 -0.13579273 -0.23829153
v 1.97244883 -0.12272453 -0.21264374
v 1.97244883 -0.21022552 -0.18421297
v 1.97244883 -0.15614694 -0.25864571
v 1.97244883 -0.1817947 -0.27171391
v 1.97244883 -0.21022552 -0.27621686
v 1.97244883 -0.23865628 -0.27171391
v 1.97244883 -0.26430404 -0.25864571
v 1.97244883 -0.28465819 -0.2382915
v 1.97244883 -0.29772645 -0.21264374
v 1.97244883 -0.3022294 -0.18421297
v 1.97244883 -0.29772645 -0.15578219
v 1.97244883 -0.28465819 -0.1301344
v 1.97244883 -0.26430398 -0.10978025
v 1.97244883 -0.23865628 -0.09671211
v 1.97244883 -0.21022552 -0.0922091
v 1.97244883 -0.18179476 -0.09671211
v 1.97244883 -0.15614694 -0.10978025
v 1.97244883 -0.13579279 -0.1301344
v 1.97244883 -0.12272459 -0.15578219
v 1.97244883 -0.11822158 -0.18421297
v -1.51041365 -0.21022552 -0.18421297
v 1.89639294 -0.13579273 -0.23829153
v 1.89639306 -0.12272453 -0.21264374
v 1.96770275 -0.12272453 -0.21264374
v 1.96770275 -0.13579273 -0.23829153
v 1.89639294 -0.15614694 -0.25864571
v 1.96770275 -0.15614694 -0.25864571
v 1.89639294 -0.1817947 -0.27171391
v 1.96770275 -0.1817947 -0.27171391
v 1.89639294 -0.21022552 -0.27621686
v 1.96770275 -0.21022552 -0.27621686
v 1.89639306 -0.23865628 -0.27171391
v 1.96770263 -0.23865628 -0.27171391
v 1.89639306 -0.26430404 -0.25864571
v 1.96770263 -0.26430404 -0.25864571
v 1.89639306 -0.28465819 -0.2382915
v 1.96770263 -0.28465819 -0.2382915
v 1.89639306 -0.29772645 -0.21264374
v 1.96770263 -0.29772645 -0.21264374
v 1.89639306 -0.3022294 -0.18421297
v 1.96770263 -0.3022294 -0.18421297
v 1.89639306 -0.29772645 -0.15578219
v 1.96770263 -0.29772645 -0.15578219
v 1.89639306 -0.28465819 -0.1301344
v 1.96770263 -0.28465819 -0.1301344
v 1.89639306 -0.26430398 -0.10978025
v 1.96770263 -0.26430398 -0.10978025
v 1.89639306 -0.23865628 -0.09671211
v 1.96770263 -0.23865628 -0.09671211
v 1.89639294 -0.21022552 -0.0922091
v 1.96770275 -0.21022552 -0.0922091
v 1.89639294 -0.18179476 -0.09671211
v 1.96770275 -0.18179476 -0.09671211
v 1.89639294 -0.15614694 -0.10978025
v 1.96770275 -0.15614694 -0.10978025
v 1.89639294 -0.13579279 -0.1301344
v 1.96770275 -0.13579279 -0.1301344
v 1.89639306 -0.12272459 -0.15578219
v 1.96770275 -0.12272459 -0.15578219
v 1.89639306 -0.11822158 -0.18421297
v 1.96770263 -0.11822158 -0.18421297
v -1.433869 -0.13346595 -0.23998198
v -1.43386912 -0.11998934 -0.21353248
v 1.89520383 -0.11998934 -0.21353248
v 1.89520383 -0.13346601 -0.23998198
v -1.433869 -0.15445644 -0.26097244
v 1.89520383 -0.15445644 -0.26097244
v -1.433869 -0.180906 -0.27444911
v 1.89520383 -0.180906 -0.27444911
v -1.433869 -0.21022552 -0.27909285
v 1.89520383 -0.21022552 -0.27909285
v -1.433869 -0.23954505 -0.27444911
v 1.89520383 -0.23954499 -0.27444911
v -1.433869 -0.26599449 -0.26097244
v 1.89520383 -0.26599449 -0.26097244
v -1.433869 -0.28698486 -0.23998198
v 1.89520383 -0.28698492 -0.23998198
v -1.433869 -0.30046159 -0.21353248
v 1.89520383 -0.30046165 -0.21353248
v -1.433869 -0.30510539 -0.18421297
v 1.89520383 -0.30510539 -0.18421297
v -1.433869 -0.30046159 -0.15489346
v 1.89520383 -0.30046165 -0.15489346
v -1.433869 -0.28698486 -0.12844396
v 1.89520383 -0.28698492 -0.12844396
v -1.433869 -0.26599449 -0.10745353
v 1.89520383 -0.26599449 -0.10745353
v -1.433869 -0.23954505 -0.0939768
v 1.89520383 -0.23954499 -0.0939768
v -1.433869 -0.21022552 -0.08933306
v 1.89520383 -0.21022552 -0.08933306
v -1.433869 -0.180906 -0.0939768
v 1.89520383 -0.180906 -0.0939768
v -1.433869 -0.15445656 -0.10745353
v 1.89520383 -0.1544565 -0.10745353
v -1.43386912 -0.13346606 -0.12844396
v 1.89520383 -0.13346606 -0.12844396
v -1.43386912 -0.11998934 -0.15489349
v 1.89520383 -0.1199894 -0.15489349
v -1.433869 -0.11534566 -0.18421297
v 1.89520383 -0.11534566 -0.18421297
v -1.43575823 -0.13716394 -0.23729524
v -1.43575823 -0.12433654 -0.21211997
v -1.43575835 -0.15714318 -0.25727445
v -1.43575835 -0.18231851 -0.27010185
v -1.43575835 -0.21022552 -0.27452189
v -1.43575835 -0.23813254 -0.27010185
v -1.43575835 -0.26330775 -0.25727445
v -1.43575835 -0.28328687 -0.23729524
v -1.43575835 -0.29611439 -0.21211997
v -1.43575835 -0.30053443 -0.18421297
v -1.43575835 -0.29611439 -0.15630594
v -1.43575835 -0.28328687 -0.13113075
v -1.43575835 -0.26330775 -0.11115152
v -1.43575835 -0.23813254 -0.09832406
v -1.43575835 -0.21022552 -0.09390408
v -1.43575835 -0.18231851 -0.09832406
v -1.43575835 -0.15714329 -0.11115152
v -1.43575835 -0.13716406 -0.13113075
v -1.43575823 -0.12433666 -0.156306
v -1.43575823 -0.11991662 -0.18421297
vn 1E-05 0.80902 -0.58778
vn 1E-05 0.95106 -0.30901
vn 0 0.95106 -0.30902
vn 0 0.80902 -0.58778
vn 0 0.58778 -0.80902
vn -0 0.58778 -0.80902
vn -0 0.30901 -0.95106
vn 0 0.30902 -0.95106
vn -0 -0 -1
vn -0 0 -1
vn 0 -0.30902 -0.95106
vn -0 -0.30902 -0.95106
vn 0 -0.58778 -0.80902
vn 0 -0.58779 -0.80902
vn -1E-05 -0.80902 -0.58778
vn -0 -0.80902 -0.58779
vn -1E-05 -0.95106 -0.30901
vn 0 -0.95106 -0.30902
vn -0 -1 0
vn -0 -1 0
vn -1E-05 -0.95106 0.30901
vn 0 -0.95106 0.30902
vn -1E-05 -0.80902 0.58778
vn -0 -0.80902 0.58779
vn 0 -0.58779 0.80901
vn 0 -0.58779 0.80902
vn 0 -0.30902 0.95105
vn -0 -0.30902 0.95106
vn 0 -0 1
vn -0 0 1
vn -0 0.30902 0.95106
vn 0 0.30902 0.95106
vn -1E-05 0.58779 0.80901
vn -0 0.58779 0.80902
vn -1E-05 0.80902 0.58778
vn 0 0.80902 0.58779
vn -1E-05 0.95106 0.30901
vn -0 0.95106 0.30902
vn -1E-05 1 0
vn 0 1 0
vn 1 0 0
vn 1 -0 0
vn 1 0 0
vn 1 0 0
vn 1 -0 0
vn 1 -0 0
vn -1 -0 0
vn -1 -0 0
vn -1 -0 0
vn -1 0 -0
vn -1 0 -0
vn -1 0 0
vn -1 0 0
vn -1 0 -0
vn -1 0 -0
vn -1 -0 0
vn -1 -0 -0
vn 0 0.80902 -0.58779
vn 0 0.95106 -0.30902
vn 0 0.95106 -0.30902
vn 0 0.80902 -0.58779
vn 0 0.58779 -0.80902
vn 0 0.58779 -0.80902
vn 0 0.30902 -0.95106
vn 0 0.30902 -0.95106
vn 0 0 -1
vn 0 0 -1
vn 0 -0.30902 -0.95106
vn 0 -0.30902 -0.95106
vn 0 -0.58779 -0.80902
vn 0 -0.58779 -0.80902
vn 0 -0.80902 -0.58779
vn 0 -0.80902 -0.58779
vn 0 -0.95106 -0.30902
vn 0 -0.95106 -0.30902
vn 0 -1 0
vn 0 -0.95106 0.30902
vn 0 -0.95106 0.30902
vn 0 -0.80902 0.58779
vn 0 -0.80902 0.58779
vn 0 -0.58778 0.80902
vn 0 -0.58778 0.80902
vn 0 -0.30902 0.95106
vn 0 -0.30902 0.95106
vn 0 0 1
vn 0 0 1
vn 0 0.30902 0.95106
vn 0 0.30902 0.95106
vn 0 0.58778 0.80902
vn 0 0.58778 0.80902
vn 0 0.80902 0.58778
vn 0 0.95106 0.30902
vn 0 0.95106 0.30902
vn 0 1 0
vn 0 1 0
vn 0 0.80902 -0.58778
vn 0 0.95106 -0.30902
vn 0 0.95106 -0.30902
vn 0 0.80902 -0.58778
vn 0 0.58778 -0.80902
vn 0 0.30902 -0.95106
vn -0 0 -1
vn -0 -0.30902 -0.95106
vn -0 -0.30902 -0.95106
vn -0 -0.58779 -0.80902
vn -0 -0.80902 -0.58779
vn -0 -0.95106 -0.30902
vn -0 -1 0
vn -0 -0.95106 0.30902
vn -0 -0.80902 0.58779
vn -0 -0.58779 0.80902
vn 0 -0.30902 0.95106
vn 0 -0.30902 0.95106
vn 0 0 1
vn -0 0.30902 0.95106
vn -0 0.58779 0.80902
vn -0 0.58779 0.80902
vn 0 0.80902 0.58779
vn 0 0.80902 0.58779
vn 0 0.95106 0.30902
vn 0 0.95106 0.30902
vn 0 1 0
vn 0 1 0
vn 0.92243 0.34406 -0.17532
vn 0.92243 0.34406 -0.17532
vn 0.92244 0.27303 -0.27305
vn 0.92244 0.27303 -0.27305
vn 0.92244 0.27303 -0.27305
vn 0.92244 0.17531 -0.34406
vn 0.92244 0.17531 -0.34406
vn 0.92244 0.17531 -0.34406
vn 0.92244 0.17531 -0.34406
vn 0.92244 0.0604 -0.38139
vn 0.92244 0.0604 -0.38139
vn 0.92244 0.0604 -0.38139
vn 0.92244 0.0604 -0.38139
vn 0.92243 -0.06041 -0.38141
vn 0.92243 -0.06041 -0.38141
vn 0.92243 -0.06041 -0.38141
vn 0.92242 -0.17531 -0.34409
vn 0.92243 -0.27306 -0.27307
vn 0.92243 -0.27306 -0.27307
vn 0.92243 -0.34408 -0.17532
vn 0.92243 -0.34408 -0.17532
vn 0.92243 -0.34408 -0.17532
vn 0.92243 -0.34408 -0.17532
vn 0.92242 -0.38143 -0.06041
vn 0.92242 -0.38143 -0.06041
vn 0.92242 -0.38143 -0.06041
vn 0.92242 -0.38143 0.06041
vn 0.92242 -0.38143 0.06041
vn 0.92242 -0.38143 0.06041
vn 0.92243 -0.34406 0.17532
vn 0.92243 -0.34406 0.17532
vn 0.92243 -0.34406 0.17532
vn 0.92243 -0.34406 0.17532
vn 0.92242 -0.27307 0.27307
vn 0.92242 -0.27307 0.27307
vn 0.92242 -0.17533 0.34408
vn 0.92242 -0.17533 0.34408
vn 0.92242 -0.17533 0.34408
vn 0.92243 -0.06041 0.3814
vn 0.92243 -0.06041 0.3814
vn 0.92243 -0.06041 0.3814
vn 0.92244 0.0604 0.38138
vn 0.92244 0.0604 0.38138
vn 0.92244 0.0604 0.38138
vn 0.92244 0.0604 0.38138
vn 0.92244 0.17531 0.34405
vn 0.92244 0.17531 0.34405
vn 0.92244 0.27303 0.27305
vn 0.92244 0.27303 0.27305
vn 0.92243 0.34408 0.17532
vn 0.92243 0.34408 0.17532
vn 0.92243 0.34408 0.17532
vn 0.92243 0.34408 0.17532
vn 0.9224 0.38147 0.06041
vn 0.9224 0.38147 0.06041
vn 0.9224 0.38147 0.06041
vn 0.9224 0.38147 0.06041
vn 0.92242 0.38143 -0.06041
vn 0.92242 0.38143 -0.06041
vn 0.92242 0.38143 -0.06041
vn 0 0.80901 -0.58779
vn 0 0.58778 -0.80902
vn 0 0.30901 -0.95106
vn 0 -0 -1
vn 0 -0.30902 -0.95106
vn 0 -0.58778 -0.80902
vn 0 -0.80902 -0.58778
vn 0 -0.95106 -0.30902
vn 0 -0.95106 0.30902
vn 0 -0.80902 0.58778
vn 0 -0.58779 0.80901
vn 0 -0.30902 0.95106
vn 0 -0 1
vn 0 0.30902 0.95106
vn 0 0.58779 0.80901
vn 0 0.80902 0.58779
vn 0 0.95106 0.30902
vn 0 1 0
vn 0 0.95106 -0.30902
vn -0.92249 0.34394 -0.17525
vn -0.92249 0.34394 -0.17525
vn -0.92249 0.34394 -0.17525
vn -0.92248 0.27298 -0.27297
vn -0.92248 0.27298 -0.27297
vn -0.92248 0.17526 -0.34397
vn -0.92248 0.17526 -0.34397
vn -0.92248 0.17526 -0.34397
vn -0.92248 0.06039 -0.38129
vn -0.92248 0.06039 -0.38129
vn -0.92248 0.06039 -0.38129
vn -0.92248 0.06039 -0.38129
vn -0.92248 -0.06039 -0.38129
vn -0.92248 -0.06039 -0.38129
vn -0.92248 -0.06039 -0.38129
vn -0.92248 -0.06039 -0.38129
vn -0.92248 -0.17526 -0.34397
vn -0.92248 -0.17526 -0.34397
vn -0.92248 -0.17526 -0.34397
vn -0.92248 -0.27298 -0.27298
vn -0.92248 -0.27298 -0.27298
vn -0.92247 -0.34398 -0.17526
vn -0.92247 -0.34398 -0.17526
vn -0.92247 -0.34398 -0.17526
vn -0.92248 -0.38129 -0.06039
vn -0.92248 -0.38129 -0.06039
vn -0.92248 -0.3813 0.06039
vn -0.92248 -0.3813 0.06039
vn -0.92248 -0.3813 0.06039
vn -0.92248 -0.3813 0.06039
vn -0.92247 -0.34399 0.17526
vn -0.92247 -0.34399 0.17526
vn -0.92247 -0.34399 0.17526
vn -0.92247 -0.34399 0.17526
vn -0.92248 -0.27298 0.27297
vn -0.92248 -0.27298 0.27297
vn -0.92248 -0.17526 0.34397
vn -0.92248 -0.17526 0.34397
vn -0.92248 -0.17526 0.34397
vn -0.92248 -0.06039 0.38129
vn -0.92248 -0.06039 0.38129
vn -0.92248 -0.06039 0.38129
vn -0.92248 0.06039 0.38129
vn -0.92248 0.06039 0.38129
vn -0.92248 0.06039 0.38129
vn -0.92248 0.06039 0.38129
vn -0.92248 0.17526 0.34397
vn -0.92248 0.17526 0.34397
vn -0.92248 0.17526 0.34397
vn -0.92248 0.27297 0.27297
vn -0.92248 0.27297 0.27297
vn -0.92248 0.34398 0.17524
vn -0.92248 0.34398 0.17524
vn -0.92249 0.38126 0.06038
vn -0.92249 0.38126 0.06038
vn -0.92249 0.38126 0.06038
vn -0.92249 0.38126 0.06038
vn -0.9225 0.38124 -0.06038
vn -0.9225 0.38124 -0.06038
vn -0.9225 0.38124 -0.06038
vn -0 0.80902 -0.58778
vn -0 0.58778 -0.80902
vn 0 0.30902 -0.95106
vn 0 -0 -1
vn -0 -0.30902 -0.95106
vn -0 -0.58779 -0.80902
vn 0 -0.80902 -0.58779
vn 0 -0.95106 -0.30902
vn 0 -1 0
vn 0 -0.95106 0.30902
vn 0 -0.80902 0.58779
vn -0 -0.58779 0.80902
vn -0 -0.30902 0.95106
vn -0 -0 1
vn 0 0.30902 0.95106
vn 0 0.58779 0.80902
vn 0 0.80902 0.58779
vn 0 0.95106 0.30902
vn 0 1 0
vn -0 0.95106 -0.30902
usemtl mat2
f 2203//2034 2204//2035 2205//2036
f 2205//2036 2206//2037 2203//2034
f 2207//2038 2203//2034 2206//2037
f 2206//2037 2208//2039 2207//2038
f 2209//2040 2207//2038 2208//2039
f 2208//2039 2210//2041 2209//2040
f 2211//2042 2209//2040 2210//2041
f 2210//2041 2212//2043 2211//2042
f 2213//2044 2211//2042 2212//2043
f 2212//2043 2214//2045 2213//2044
f 2215//2046 2213//2044 2214//2045
f 2214//2045 2216//2047 2215//2046
f 2217//2048 2215//2046 2216//2047
f 2216//2047 2218//2049 2217//2048
f 2219//2050 2217//2048 2218//2049
f 2218//2049 2220//2051 2219//2050
f 2221//2052 2219//2050 2220//2051
f 2220//2051 2222//2053 2221//2052
f 2223//2054 2221//2052 2222//2053
f 2222//2053 2224//2055 2223//2054
f 2225//2056 2223//2054 2224//2055
f 2224//2055 2226//2057 2225//2056
f 2227//2058 2225//2056 2226//2057
f 2226//2057 2228//2059 2227//2058
f 2229//2060 2227//2058 2228//2059
f 2228//2059 2230//2061 2229//2060
f 2231//2062 2229//2060 2230//2061
f 2230//2061 2232//2063 2231//2062
f 2233//2064 2231//2062 2232//2063
f 2232//2063 2234//2065 2233//2064
f 2235//2066 2233//2064 2234//2065
f 2234//2065 2236//2067 2235//2066
f 2237//2068 2235//2066 2236//2067
f 2236//2067 2238//2069 2237//2068
f 2239//2070 2237//2068 2238//2069
f 2238//2069 2240//2071 2239//2070
f 2241//2072 2239//2070 2240//2071
f 2240//2071 2242//2073 2241//2072
f 2204//2035 2241//2072 2242//2073
f 2242//2073 2205//2036 2204//2035
f 2243//2074 2244//2074 2245//2075
f 2246//2074 2243//2074 2245//2075
f 2247//2074 2246//2074 2245//2075
f 2248//2074 2247//2074 2245//2075
f 2249//2074 2248//2074 2245//2075
f 2250//2074 2249//2074 2245//2075
f 2251//2076 2250//2074 2245//2075
f 2252//2077 2251//2076 2245//2075
f 2253//2074 2252//2077 2245//2075
f 2254//2074 2253//2074 2245//2075
f 2255//2074 2254//2074 2245//2075
f 2256//2074 2255//2074 2245//2075
f 2257//2074 2256//2074 2245//2075
f 2258//2074 2257//2074 2245//2075
f 2259//2074 2258//2074 2245//2075
f 2260//2078 2259//2074 2245//2075
f 2261//2079 2260//2078 2245//2075
f 2262//2074 2261//2079 2245//2075
f 2263//2074 2262//2074 2245//2075
f 2244//2074 2263//2074 2245//2075
f 2204//2080 2203//2081 2264//2082
f 2203//2081 2207//2083 2264//2082
f 2207//2083 2209//2084 2264//2082
f 2209//2084 2211//2085 2264//2082
f 2211//2085 2213//2085 2264//2082
f 2213//2085 2215//2085 2264//2082
f 2215//2085 2217//2085 2264//2082
f 2217//2085 2219//2085 2264//2082
f 2219//2085 2221//2085 2264//2082
f 2221//2085 2223//2085 2264//2082
f 2223//2085 2225//2085 2264//2082
f 2225//2085 2227//2085 2264//2082
f 2227//2085 2229//2085 2264//2082
f 2229//2085 2231//2085 2264//2082
f 2231//2085 2233//2086 2264//2082
f 2233//2086 2235//2087 2264//2082
f 2235//2087 2237//2088 2264//2082
f 2237//2088 2239//2089 2264//2082
f 2239//2089 2241//2090 2264//2082
f 2241//2090 2204//2080 2264//2082
f 2265//2091 2266//2092 2267//2093
f 2267//2093 2268//2094 2265//2091
f 2269//2095 2265//2091 2268//2094
f 2268//2094 2270//2096 2269//2095
f 2271//2097 2269//2095 2270//2096
f 2270//2096 2272//2098 2271//2097
f 2273//2099 2271//2097 2272//2098
f 2272//2098 2274//2100 2273//2099
f 2275//2101 2273//2099 2274//2100
f 2274//2100 2276//2102 2275//2101
f 2277//2103 2275//2101 2276//2102
f 2276//2102 2278//2104 2277//2103
f 2279//2105 2277//2103 2278//2104
f 2278//2104 2280//2106 2279//2105
f 2281//2107 2279//2105 2280//2106
f 2280//2106 2282//2108 2281//2107
f 2283//2109 2281//2107 2282//2108
f 2282//2108 2284//2109 2283//2109
f 2285//2110 2283//2109 2284//2109
f 2284//2109 2286//2111 2285//2110
f 2287//2112 2285//2110 2286//2111
f 2286//2111 2288//2113 2287//2112
f 2289//2114 2287//2112 2288//2113
f 2288//2113 2290//2115 2289//2114
f 2291//2116 2289//2114 2290//2115
f 2290//2115 2292//2117 2291//2116
f 2293//2118 2291//2116 2292//2117
f 2292//2117 2294//2119 2293//2118
f 2295//2120 2293//2118 2294//2119
f 2294//2119 2296//2121 2295//2120
f 2297//2122 2295//2120 2296//2121
f 2296//2121 2298//2123 2297//2122
f 2299//2124 2297//2122 2298//2123
f 2298//2123 2300//2124 2299//2124
f 2301//2125 2299//2124 2300//2124
f 2300//2124 2302//2126 2301//2125
f 2303//2127 2301//2125 2302//2126
f 2302//2126 2304//2128 2303//2127
f 2266//2092 2303//2127 2304//2128
f 2304//2128 2267//2093 2266//2092
f 2305//2129 2306//2130 2307//2131
f 2307//2131 2308//2132 2305//2129
f 2309//2133 2305//2129 2308//2132
f 2308//2132 2310//2133 2309//2133
f 2311//2134 2309//2133 2310//2133
f 2310//2133 2312//2134 2311//2134
f 2313//2135 2311//2134 2312//2134
f 2312//2134 2314//2135 2313//2135
f 2315//2136 2313//2135 2314//2135
f 2314//2135 2316//2137 2315//2136
f 2317//2138 2315//2136 2316//2137
f 2316//2137 2318//2138 2317//2138
f 2319//2139 2317//2138 2318//2138
f 2318//2138 2320//2139 2319//2139
f 2321//2140 2319//2139 2320//2139
f 2320//2139 2322//2140 2321//2140
f 2323//2141 2321//2140 2322//2140
f 2322//2140 2324//2141 2323//2141
f 2325//2142 2323//2141 2324//2141
f 2324//2141 2326//2142 2325//2142
f 2327//2143 2325//2142 2326//2142
f 2326//2142 2328//2143 2327//2143
f 2329//2144 2327//2143 2328//2143
f 2328//2143 2330//2144 2329//2144
f 2331//2145 2329//2144 2330//2144
f 2330//2144 2332//2146 2331//2145
f 2333//2147 2331//2145 2332//2146
f 2332//2146 2334//2147 2333//2147
f 2335//2148 2333//2147 2334//2147
f 2334//2147 2336//2148 2335//2148
f 2337//2149 2335//2148 2336//2148
f 2336//2148 2338//2150 2337//2149
f 2339//2151 2337//2149 2338//2150
f 2338//2150 2340//2152 2339//2151
f 2341//2153 2339//2151 2340//2152
f 2340//2152 2342//2154 2341//2153
f 2343//2155 2341//2153 2342//2154
f 2342//2154 2344//2156 2343//2155
f 2306//2130 2343//2155 2344//2156
f 2344//2156 2307//2131 2306//2130
f 2266//2157 2265//2158 2308//2158
f 2308//2158 2307//2158 2266//2157
f 2265//2159 2269//2160 2310//2159
f 2310//2159 2308//2161 2265//2159
f 2269//2162 2271//2163 2312//2164
f 2312//2164 2310//2165 2269//2162
f 2271//2166 2273//2167 2314//2168
f 2314//2168 2312//2169 2271//2166
f 2273//2170 2275//2170 2316//2171
f 2316//2171 2314//2172 2273//2170
f 2275//2173 2277//2173 2318//2173
f 2318//2173 2316//2173 2275//2173
f 2277//2174 2279//2175 2320//2174
f 2320//2174 2318//2174 2277//2174
f 2279//2176 2281//2177 2322//2178
f 2322//2178 2320//2179 2279//2176
f 2281//2180 2283//2181 2324//2182
f 2324//2182 2322//2180 2281//2180
f 2283//2183 2285//2183 2326//2184
f 2326//2184 2324//2185 2283//2183
f 2285//2186 2287//2187 2328//2188
f 2328//2188 2326//2189 2285//2186
f 2287//2190 2289//2191 2330//2190
f 2330//2190 2328//2191 2287//2190
f 2289//2192 2291//2193 2332//2194
f 2332//2194 2330//2192 2289//2192
f 2291//2195 2293//2196 2334//2195
f 2334//2195 2332//2197 2291//2195
f 2293//2198 2295//2199 2336//2200
f 2336//2200 2334//2201 2293//2198
f 2295//2202 2297//2202 2338//2202
f 2338//2202 2336//2203 2295//2202
f 2297//2204 2299//2204 2340//2205
f 2340//2205 2338//2205 2297//2204
f 2299//2206 2301//2207 2342//2208
f 2342//2208 2340//2209 2299//2206
f 2301//2210 2303//2211 2344//2212
f 2344//2212 2342//2213 2301//2210
f 2303//2214 2266//2214 2307//2215
f 2307//2215 2344//2216 2303//2214
f 2270//2096 2268//2094 2243//2217
f 2243//2217 2246//2218 2270//2096
f 2272//2098 2270//2096 2246//2218
f 2246//2218 2247//2219 2272//2098
f 2274//2100 2272//2098 2247//2219
f 2247//2219 2248//2220 2274//2100
f 2276//2102 2274//2100 2248//2220
f 2248//2220 2249//2221 2276//2102
f 2278//2104 2276//2102 2249//2221
f 2249//2221 2250//2222 2278//2104
f 2280//2106 2278//2104 2250//2222
f 2250//2222 2251//2223 2280//2106
f 2282//2108 2280//2106 2251//2223
f 2251//2223 2252//2224 2282//2108
f 2284//2109 2282//2108 2252//2224
f 2252//2224 2253//2109 2284//2109
f 2286//2111 2284//2109 2253//2109
f 2253//2109 2254//2225 2286//2111
f 2288//2113 2286//2111 2254//2225
f 2254//2225 2255//2226 2288//2113
f 2290//2115 2288//2113 2255//2226
f 2255//2226 2256//2227 2290//2115
f 2292//2117 2290//2115 2256//2227
f 2256//2227 2257//2228 2292//2117
f 2294//2119 2292//2117 2257//2228
f 2257//2228 2258//2229 2294//2119
f 2296//2121 2294//2119 2258//2229
f 2258//2229 2259//2230 2296//2121
f 2298//2123 2296//2121 2259//2230
f 2259//2230 2260//2231 2298//2123
f 2300//2124 2298//2123 2260//2231
f 2260//2231 2261//2232 2300//2124
f 2302//2126 2300//2124 2261//2232
f 2261//2232 2262//2233 2302//2126
f 2304//2128 2302//2126 2262//2233
f 2262//2233 2263//2234 2304//2128
f 2267//2093 2304//2128 2263//2234
f 2263//2234 2244//2235 2267//2093
f 2268//2094 2267//2093 2244//2235
f 2244//2235 2243//2217 2268//2094
f 2345//2236 2346//2237 2306//2238
f 2306//2238 2305//2237 2345//2236
f 2347//2239 2345//2239 2305//2240
f 2305//2240 2309//2239 2347//2239
f 2348//2241 2347//2242 2309//2243
f 2309//2243 2311//2242 2348//2241
f 2349//2244 2348//2245 2311//2246
f 2311//2246 2313//2247 2349//2244
f 2350//2248 2349//2249 2313//2250
f 2313//2250 2315//2251 2350//2248
f 2351//2252 2350//2252 2315//2253
f 2315//2253 2317//2254 2351//2252
f 2352//2255 2351//2256 2317//2256
f 2317//2256 2319//2255 2352//2255
f 2353//2257 2352//2257 2319//2258
f 2319//2258 2321//2259 2353//2257
f 2354//2260 2353//2260 2321//2261
f 2321//2261 2323//2261 2354//2260
f 2355//2262 2354//2263 2323//2264
f 2323//2264 2325//2265 2355//2262
f 2356//2266 2355//2267 2325//2268
f 2325//2268 2327//2269 2356//2266
f 2357//2270 2356//2271 2327//2271
f 2327//2271 2329//2271 2357//2270
f 2358//2272 2357//2273 2329//2274
f 2329//2274 2331//2273 2358//2272
f 2359//2275 2358//2275 2331//2276
f 2331//2276 2333//2277 2359//2275
f 2360//2278 2359//2279 2333//2280
f 2333//2280 2335//2281 2360//2278
f 2361//2282 2360//2282 2335//2283
f 2335//2283 2337//2284 2361//2282
f 2362//2285 2361//2285 2337//2286
f 2337//2286 2339//2285 2362//2285
f 2363//2287 2362//2288 2339//2287
f 2339//2287 2341//2287 2363//2287
f 2364//2289 2363//2290 2341//2291
f 2341//2291 2343//2292 2364//2289
f 2346//2293 2364//2294 2343//2294
f 2343//2294 2306//2295 2346//2293
f 2208//2039 2206//2037 2345//2296
f 2345//2296 2347//2297 2208//2039
f 2210//2041 2208//2039 2347//2297
f 2347//2297 2348//2298 2210//2041
f 2212//2043 2210//2041 2348//2298
f 2348//2298 2349//2299 2212//2043
f 2214//2045 2212//2043 2349//2299
f 2349//2299 2350//2300 2214//2045
f 2216//2047 2214//2045 2350//2300
f 2350//2300 2351//2301 2216//2047
f 2218//2049 2216//2047 2351//2301
f 2351//2301 2352//2302 2218//2049
f 2220//2051 2218//2049 2352//2302
f 2352//2302 2353//2303 2220//2051
f 2222//2053 2220//2051 2353//2303
f 2353//2303 2354//2304 2222//2053
f 2224//2055 2222//2053 2354//2304
f 2354//2304 2355//2305 2224//2055
f 2226//2057 2224//2055 2355//2305
f 2355//2305 2356//2306 2226//2057
f 2228//2059 2226//2057 2356//2306
f 2356//2306 2357//2307 2228//2059
f 2230//2061 2228//2059 2357//2307
f 2357//2307 2358//2308 2230//2061
f 2232//2063 2230//2061 2358//2308
f 2358//2308 2359//2309 2232//2063
f 2234//2065 2232//2063 2359//2309
f 2359//2309 2360//2310 2234//2065
f 2236//2067 2234//2065 2360//2310
f 2360//2310 2361//2311 2236//2067
f 2238//2069 2236//2067 2361//2311
f 2361//2311 2362//2312 2238//2069
f 2240//2071 2238//2069 2362//2312
f 2362//2312 2363//2313 2240//2071
f 2242//2073 2240//2071 2363//2313
f 2363//2313 2364//2314 2242//2073
f 2205//2036 2242//2073 2364//2314
f 2364//2314 2346//2315 2205//2036
f 2206//2037 2205//2036 2346//2315
f 2346//2315 2345//2296 2206//2037
# Vertices: 162, normals: 282, texture coordinates: 0, faces: 320

# tubo_2_8
o obj9
v -1.51041377 -0.13716394 0.12229389
v -1.51041377 -0.12433654 0.14746913
v -1.5058459 -0.1243366 0.14746913
v -1.5058459 -0.137164 0.12229389
v -1.51041377 -0.15714318 0.10231465
v -1.5058459 -0.15714324 0.10231465
v -1.51041365 -0.18231851 0.08948725
v -1.50584579 -0.18231845 0.08948725
v -1.51041365 -0.21022552 0.08506727
v -1.50584579 -0.21022546 0.08506727
v -1.51041365 -0.23813254 0.08948725
v -1.50584579 -0.23813248 0.08948725
v -1.51041365 -0.26330775 0.10231465
v -1.50584579 -0.26330769 0.10231465
v -1.51041365 -0.28328687 0.12229389
v -1.50584579 -0.28328693 0.12229389
v -1.51041365 -0.29611439 0.14746913
v -1.50584579 -0.29611444 0.14746913
v -1.51041365 -0.30053443 0.17537615
v -1.50584579 -0.30053437 0.17537615
v -1.51041365 -0.29611439 0.20328316
v -1.50584579 -0.29611444 0.20328316
v -1.51041365 -0.28328687 0.22845837
v -1.50584579 -0.28328693 0.22845837
v -1.51041365 -0.26330775 0.24843758
v -1.50584579 -0.26330769 0.24843758
v -1.51041365 -0.23813254 0.26126504
v -1.50584579 -0.23813248 0.26126504
v -1.51041365 -0.21022552 0.26568508
v -1.50584579 -0.21022546 0.26568508
v -1.51041365 -0.18231851 0.26126498
v -1.50584579 -0.18231845 0.26126498
v -1.51041377 -0.15714329 0.24843758
v -1.5058459 -0.15714324 0.24843758
v -1.51041365 -0.13716406 0.22845837
v -1.50584579 -0.137164 0.22845837
v -1.51041377 -0.12433666 0.20328313
v -1.5058459 -0.1243366 0.20328313
v -1.51041377 -0.11991662 0.17537615
v -1.5058459 -0.11991656 0.17537615
v 1.97244883 -0.13579273 0.1212976
v 1.97244883 -0.12272453 0.14694539
v 1.97244883 -0.21022552 0.17537615
v 1.97244883 -0.15614694 0.10094339
v 1.97244883 -0.1817947 0.08787525
v 1.97244883 -0.21022552 0.08337224
v 1.97244883 -0.23865628 0.08787525
v 1.97244883 -0.26430404 0.10094339
v 1.97244883 -0.28465819 0.1212976
v 1.97244883 -0.29772645 0.14694539
v 1.97244883 -0.3022294 0.17537615
v 1.97244883 -0.29772645 0.20380694
v 1.97244883 -0.28465819 0.2294547
v 1.97244883 -0.26430398 0.24980885
v 1.97244883 -0.23865628 0.26287705
v 1.97244883 -0.21022552 0.26738006
v 1.97244883 -0.18179476 0.26287705
v 1.97244883 -0.15614694 0.24980885
v 1.97244883 -0.13579279 0.2294547
v 1.97244883 -0.12272459 0.20380691
v 1.97244883 -0.11822158 0.17537615
v -1.51041365 -0.21022552 0.17537615
v 1.89639294 -0.13579273 0.1212976
v 1.89639306 -0.12272453 0.14694539
v 1.96770275 -0.12272453 0.14694539
v 1.96770275 -0.13579273 0.1212976
v 1.89639294 -0.15614694 0.10094339
v 1.96770275 -0.15614694 0.10094339
v 1.89639294 -0.1817947 0.08787525
v 1.96770275 -0.1817947 0.08787525
v 1.89639294 -0.21022552 0.08337224
v 1.96770275 -0.21022552 0.08337224
v 1.89639306 -0.23865628 0.08787525
v 1.96770263 -0.23865628 0.08787525
v 1.89639306 -0.26430404 0.10094339
v 1.96770263 -0.26430404 0.10094339
v 1.89639306 -0.28465819 0.1212976
v 1.96770263 -0.28465819 0.1212976
v 1.89639306 -0.29772645 0.14694539
v 1.96770263 -0.29772645 0.14694539
v 1.89639306 -0.3022294 0.17537615
v 1.96770263 -0.3022294 0.17537615
v 1.89639306 -0.29772645 0.20380694
v 1.96770263 -0.29772645 0.20380694
v 1.89639306 -0.28465819 0.2294547
v 1.96770263 -0.28465819 0.2294547
v 1.89639306 -0.26430398 0.24980885
v 1.96770263 -0.26430398 0.24980885
v 1.89639306 -0.23865628 0.26287705
v 1.96770263 -0.23865628 0.26287705
v 1.89639294 -0.21022552 0.26738006
v 1.96770275 -0.21022552 0.26738006
v 1.89639294 -0.18179476 0.26287705
v 1.96770275 -0.18179476 0.26287705
v 1.89639294 -0.15614694 0.24980885
v 1.96770275 -0.15614694 0.24980885
v 1.89639294 -0.13579279 0.2294547
v 1.96770275 -0.13579279 0.2294547
v 1.89639306 -0.12272459 0.20380691
v 1.96770275 -0.12272459 0.20380691
v 1.89639306 -0.11822158 0.17537615
v 1.96770263 -0.11822158 0.17537615
v -1.433869 -0.13346595 0.11960715
v -1.43386912 -0.11998934 0.14605665
v 1.89520383 -0.11998934 0.14605665
v 1.89520383 -0.13346601 0.11960715
v -1.433869 -0.15445644 0.09861666
v 1.89520383 -0.15445644 0.09861666
v -1.433869 -0.180906 0.08513999
v 1.89520383 -0.180906 0.08513999
v -1.433869 -0.21022552 0.08049631
v 1.89520383 -0.21022552 0.08049631
v -1.433869 -0.23954505 0.08513999
v 1.89520383 -0.23954499 0.08513999
v -1.433869 -0.26599449 0.09861672
v 1.89520383 -0.26599449 0.09861672
v -1.433869 -0.28698486 0.11960715
v 1.89520383 -0.28698492 0.11960715
v -1.433869 -0.30046159 0.14605665
v 1.89520383 -0.30046165 0.14605665
v -1.433869 -0.30510539 0.17537615
v 1.89520383 -0.30510539 0.17537615
v -1.433869 -0.30046159 0.20469564
v 1.89520383 -0.30046165 0.20469564
v -1.433869 -0.28698486 0.23114514
v 1.89520383 -0.28698492 0.23114514
v -1.433869 -0.26599449 0.25213557
v 1.89520383 -0.26599449 0.25213557
v -1.433869 -0.23954505 0.2656123
v 1.89520383 -0.23954499 0.2656123
v -1.433869 -0.21022552 0.27025598
v 1.89520383 -0.21022552 0.27025598
v -1.433869 -0.180906 0.2656123
v 1.89520383 -0.180906 0.2656123
v -1.433869 -0.15445656 0.25213557
v 1.89520383 -0.1544565 0.25213557
v -1.43386912 -0.13346606 0.23114514
v 1.89520383 -0.13346606 0.23114514
v -1.43386912 -0.11998934 0.20469561
v 1.89520383 -0.1199894 0.20469561
v -1.433869 -0.11534566 0.17537615
v 1.89520383 -0.11534566 0.17537615
v -1.43575823 -0.13716394 0.12229389
v -1.43575823 -0.12433654 0.14746913
v -1.43575835 -0.15714318 0.10231465
v -1.43575835 -0.18231851 0.08948725
v -1.43575835 -0.21022552 0.08506727
v -1.43575835 -0.23813254 0.08948725
v -1.43575835 -0.26330775 0.10231465
v -1.43575835 -0.28328687 0.12229389
v -1.43575835 -0.29611439 0.14746913
v -1.43575835 -0.30053443 0.17537615
v -1.43575835 -0.29611439 0.20328316
v -1.43575835 -0.28328687 0.22845837
v -1.43575835 -0.26330775 0.24843758
v -1.43575835 -0.23813254 0.26126504
v -1.43575835 -0.21022552 0.26568508
v -1.43575835 -0.18231851 0.26126498
v -1.43575835 -0.15714329 0.24843758
v -1.43575835 -0.13716406 0.22845837
v -1.43575823 -0.12433666 0.20328313
v -1.43575823 -0.11991662 0.17537615
vn 1E-05 0.80902 -0.58779
vn 1E-05 0.95106 -0.30902
vn 0 0.95106 -0.30902
vn 0 0.80902 -0.58779
vn 0 0.58778 -0.80902
vn -0 0.58778 -0.80902
vn -0 0.30901 -0.95106
vn 0 0.30902 -0.95106
vn 0 -0 -1
vn -0 0 -1
vn 0 -0.30902 -0.95106
vn -0 -0.30902 -0.95106
vn 0 -0.58779 -0.80901
vn 0 -0.58779 -0.80902
vn -1E-05 -0.80902 -0.58778
vn -0 -0.80902 -0.58779
vn -1E-05 -0.95106 -0.30901
vn 0 -0.95106 -0.30902
vn 0 -1 0
vn 0 -1 0
vn -1E-05 -0.95106 0.30901
vn 0 -0.95106 0.30902
vn -1E-05 -0.80902 0.58778
vn -0 -0.80902 0.58779
vn 0 -0.58779 0.80901
vn 0 -0.58779 0.80902
vn 0 -0.30902 0.95105
vn -0 -0.30902 0.95106
vn -0 -0 1
vn -0 0 1
vn -0 0.30901 0.95106
vn 0 0.30902 0.95106
vn -1E-05 0.58778 0.80902
vn -0 0.58778 0.80902
vn -1E-05 0.80902 0.58778
vn 0 0.80902 0.58779
vn -1E-05 0.95106 0.30901
vn -0 0.95106 0.30902
vn -1E-05 1 0
vn 0 1 0
vn 1 0 0
vn 1 0 0
vn 1 0 0
vn 1 0 0
vn 1 -0 0
vn 1 -0 0
vn -1 -0 0
vn -1 0 0
vn -1 -0 0
vn -1 -0 -0
vn -1 -0 -0
vn -1 0 0
vn -1 0 0
vn -1 0 0
vn -1 0 0
vn -1 0 -0
vn -1 0 0
vn -1 -0 0
vn -1 -0 -0
vn 0 0.80902 -0.58779
vn 0 0.95106 -0.30902
vn 0 0.95106 -0.30902
vn 0 0.80902 -0.58779
vn 0 0.58778 -0.80902
vn 0 0.58778 -0.80902
vn 0 0.30902 -0.95106
vn 0 0.30902 -0.95106
vn 0 0 -1
vn 0 0 -1
vn 0 -0.30902 -0.95106
vn 0 -0.30902 -0.95106
vn 0 -0.58779 -0.80902
vn 0 -0.58779 -0.80902
vn 0 -0.80902 -0.58778
vn 0 -0.80902 -0.58779
vn 0 -0.95106 -0.30902
vn 0 -0.95106 -0.30902
vn 0 -1 0
vn 0 -0.95106 0.30902
vn 0 -0.95106 0.30902
vn 0 -0.80902 0.58779
vn 0 -0.80902 0.58779
vn 0 -0.58779 0.80902
vn 0 -0.58779 0.80902
vn 0 -0.30902 0.95106
vn 0 -0.30902 0.95106
vn 0 0 1
vn 0 0 1
vn 0 0.30902 0.95106
vn 0 0.30902 0.95106
vn 0 0.58778 0.80902
vn 0 0.58779 0.80902
vn 0 0.80902 0.58778
vn 0 0.95106 0.30902
vn 0 0.95106 0.30902
vn 0 1 0
vn 0 1 0
vn 0 0.80902 -0.58778
vn 0 0.95106 -0.30902
vn 0 0.95106 -0.30902
vn 0 0.80902 -0.58778
vn 0 0.58778 -0.80902
vn 0 0.30902 -0.95106
vn 0 0 -1
vn 0 -0.30902 -0.95106
vn 0 -0.30902 -0.95106
vn -0 -0.58779 -0.80902
vn -0 -0.80902 -0.58779
vn -0 -0.95106 -0.30902
vn -0 -1 0
vn -0 -0.95106 0.30902
vn -0 -0.80902 0.58779
vn -0 -0.58779 0.80902
vn 0 -0.30902 0.95106
vn 0 -0.30902 0.95106
vn 0 0 1
vn -0 0.30902 0.95106
vn -0 0.58779 0.80902
vn -0 0.58779 0.80902
vn 0 0.80902 0.58779
vn 0 0.80902 0.58779
vn 0 0.95106 0.30902
vn 0 0.95106 0.30902
vn 0 1 0
vn 0 1 0
vn 0.92243 0.34406 -0.17532
vn 0.92243 0.34406 -0.17532
vn 0.92243 0.34406 -0.17532
vn 0.92243 0.27307 -0.27304
vn 0.92243 0.27307 -0.27304
vn 0.92243 0.27307 -0.27304
vn 0.92244 0.1753 -0.34406
vn 0.92244 0.1753 -0.34406
vn 0.92244 0.1753 -0.34406
vn 0.92244 0.1753 -0.34406
vn 0.92244 0.0604 -0.3814
vn 0.92244 0.0604 -0.3814
vn 0.92244 0.0604 -0.3814
vn 0.92243 -0.06041 -0.38141
vn 0.92243 -0.06041 -0.38141
vn 0.92243 -0.06041 -0.38141
vn 0.92242 -0.17533 -0.34409
vn 0.92242 -0.17533 -0.34409
vn 0.92242 -0.17533 -0.34409
vn 0.92242 -0.27307 -0.27307
vn 0.92242 -0.27307 -0.27307
vn 0.92242 -0.27307 -0.27307
vn 0.92242 -0.27307 -0.27307
vn 0.92243 -0.34408 -0.17532
vn 0.92243 -0.34408 -0.17532
vn 0.92243 -0.34408 -0.17532
vn 0.92242 -0.38143 -0.06041
vn 0.92242 -0.38143 -0.06041
vn 0.92242 -0.38143 -0.06041
vn 0.92242 -0.38143 -0.06041
vn 0.92243 -0.38142 0.06041
vn 0.92243 -0.38142 0.06041
vn 0.92243 -0.38142 0.06041
vn 0.92243 -0.34406 0.17533
vn 0.92243 -0.34406 0.17533
vn 0.92243 -0.34406 0.17533
vn 0.92242 -0.27307 0.27307
vn 0.92242 -0.27307 0.27307
vn 0.92242 -0.27307 0.27307
vn 0.92242 -0.17532 0.34409
vn 0.92242 -0.17532 0.34409
vn 0.92242 -0.17532 0.34409
vn 0.92242 -0.17532 0.34409
vn 0.92243 -0.06041 0.38141
vn 0.92243 -0.06041 0.38141
vn 0.92244 0.0604 0.38139
vn 0.92244 0.0604 0.38139
vn 0.92244 0.17531 0.34406
vn 0.92244 0.17531 0.34406
vn 0.92244 0.17531 0.34406
vn 0.92244 0.27303 0.27305
vn 0.92244 0.27303 0.27305
vn 0.92243 0.34408 0.17532
vn 0.92243 0.34408 0.17532
vn 0.92243 0.34408 0.17532
vn 0.92243 0.34408 0.17532
vn 0.92242 0.38144 0.06041
vn 0.92242 0.38144 0.06041
vn 0.92242 0.38144 0.06041
vn 0.92242 0.38144 0.06041
vn 0.92242 0.38143 -0.06041
vn 0.92242 0.38143 -0.06041
vn 0.92242 0.38143 -0.06041
vn 0 0.80901 -0.58779
vn 0 0.58778 -0.80902
vn 0 0.30902 -0.95106
vn 0 -0 -1
vn 0 -0.30902 -0.95106
vn 0 -0.58778 -0.80902
vn 0 -0.80901 -0.58779
vn 0 -0.95106 -0.30902
vn 0 -0.95106 0.30902
vn 0 -0.80902 0.58778
vn 0 -0.58779 0.80901
vn 0 -0.30902 0.95106
vn 0 -0 1
vn 0 0.30902 0.95106
vn 0 0.58779 0.80901
vn 0 0.80902 0.58779
vn 0 0.95106 0.30902
vn 0 1 0
vn 0 0.95106 -0.30902
vn -0.92249 0.34395 -0.17525
vn -0.92249 0.34395 -0.17525
vn -0.92248 0.27298 -0.27297
vn -0.92248 0.27298 -0.27297
vn -0.92248 0.27298 -0.27297
vn -0.92248 0.27298 -0.27297
vn -0.92248 0.17526 -0.34397
vn -0.92248 0.17526 -0.34397
vn -0.92248 0.17526 -0.34397
vn -0.92248 0.17526 -0.34397
vn -0.92248 0.06039 -0.38129
vn -0.92248 0.06039 -0.38129
vn -0.92248 0.06039 -0.38129
vn -0.92248 -0.06039 -0.38129
vn -0.92248 -0.06039 -0.38129
vn -0.92248 -0.06039 -0.38129
vn -0.92248 -0.06039 -0.38129
vn -0.92248 -0.17526 -0.34397
vn -0.92248 -0.17526 -0.34397
vn -0.92248 -0.17526 -0.34397
vn -0.92248 -0.17526 -0.34397
vn -0.92248 -0.27297 -0.27298
vn -0.92248 -0.27297 -0.27298
vn -0.92248 -0.27297 -0.27298
vn -0.92247 -0.34398 -0.17526
vn -0.92247 -0.34398 -0.17526
vn -0.92248 -0.3813 -0.06039
vn -0.92248 -0.3813 -0.06039
vn -0.92248 -0.3813 -0.06039
vn -0.92248 -0.3813 0.06039
vn -0.92248 -0.3813 0.06039
vn -0.92248 -0.3813 0.06039
vn -0.92248 -0.34397 0.17526
vn -0.92248 -0.34397 0.17526
vn -0.92248 -0.27298 0.27298
vn -0.92248 -0.27298 0.27298
vn -0.92248 -0.27298 0.27298
vn -0.92248 -0.27298 0.27298
vn -0.92248 -0.17526 0.34397
vn -0.92248 -0.17526 0.34397
vn -0.92248 -0.17526 0.34397
vn -0.92248 -0.17526 0.34397
vn -0.92248 -0.06039 0.38129
vn -0.92248 -0.06039 0.38129
vn -0.92248 -0.06039 0.38129
vn -0.92248 -0.06039 0.38129
vn -0.92248 0.06039 0.38129
vn -0.92248 0.06039 0.38129
vn -0.92248 0.06039 0.38129
vn -0.92248 0.17526 0.34397
vn -0.92248 0.17526 0.34397
vn -0.92249 0.27296 0.27297
vn -0.92249 0.27296 0.27297
vn -0.92248 0.34397 0.17524
vn -0.92248 0.34397 0.17524
vn -0.92248 0.34397 0.17524
vn -0.92248 0.34397 0.17524
vn -0.9225 0.38125 0.06038
vn -0.9225 0.38125 0.06038
vn -0.92249 0.38126 -0.06038
vn -0.92249 0.38126 -0.06038
vn -0.92249 0.38126 -0.06038
vn -0.92249 0.38126 -0.06038
vn -0 0.80902 -0.58779
vn -0 0.58778 -0.80902
vn 0 0.30902 -0.95106
vn -0 -0 -1
vn -0 -0.30902 -0.95106
vn -0 -0.58779 -0.80902
vn 0 -0.80902 -0.58779
vn 0 -0.95106 -0.30902
vn -0 -1 0
vn 0 -0.95106 0.30902
vn 0 -0.80902 0.58779
vn -0 -0.58779 0.80902
vn -0 -0.30902 0.95106
vn 0 0 1
vn 0 0.30902 0.95106
vn 0 0.58778 0.80902
vn 0 0.80902 0.58779
vn 0 0.95106 0.30902
vn 0 1 0
vn -0 0.95106 -0.30902
usemtl mat2
f 2365//2316 2366//2317 2367//2318
f 2367//2318 2368//2319 2365//2316
f 2369//2320 2365//2316 2368//2319
f 2368//2319 2370//2321 2369//2320
f 2371//2322 2369//2320 2370//2321
f 2370//2321 2372//2323 2371//2322
f 2373//2324 2371//2322 2372//2323
f 2372//2323 2374//2325 2373//2324
f 2375//2326 2373//2324 2374//2325
f 2374//2325 2376//2327 2375//2326
f 2377//2328 2375//2326 2376//2327
f 2376//2327 2378//2329 2377//2328
f 2379//2330 2377//2328 2378//2329
f 2378//2329 2380//2331 2379//2330
f 2381//2332 2379//2330 2380//2331
f 2380//2331 2382//2333 2381//2332
f 2383//2334 2381//2332 2382//2333
f 2382//2333 2384//2335 2383//2334
f 2385//2336 2383//2334 2384//2335
f 2384//2335 2386//2337 2385//2336
f 2387//2338 2385//2336 2386//2337
f 2386//2337 2388//2339 2387//2338
f 2389//2340 2387//2338 2388//2339
f 2388//2339 2390//2341 2389//2340
f 2391//2342 2389//2340 2390//2341
f 2390//2341 2392//2343 2391//2342
f 2393//2344 2391//2342 2392//2343
f 2392//2343 2394//2345 2393//2344
f 2395//2346 2393//2344 2394//2345
f 2394//2345 2396//2347 2395//2346
f 2397//2348 2395//2346 2396//2347
f 2396//2347 2398//2349 2397//2348
f 2399//2350 2397//2348 2398//2349
f 2398//2349 2400//2351 2399//2350
f 2401//2352 2399//2350 2400//2351
f 2400//2351 2402//2353 2401//2352
f 2403//2354 2401//2352 2402//2353
f 2402//2353 2404//2355 2403//2354
f 2366//2317 2403//2354 2404//2355
f 2404//2355 2367//2318 2366//2317
f 2405//2356 2406//2356 2407//2357
f 2408//2356 2405//2356 2407//2357
f 2409//2356 2408//2356 2407//2357
f 2410//2356 2409//2356 2407//2357
f 2411//2356 2410//2356 2407//2357
f 2412//2356 2411//2356 2407//2357
f 2413//2356 2412//2356 2407//2357
f 2414//2356 2413//2356 2407//2357
f 2415//2356 2414//2356 2407//2357
f 2416//2358 2415//2356 2407//2357
f 2417//2359 2416//2358 2407//2357
f 2418//2356 2417//2359 2407//2357
f 2419//2356 2418//2356 2407//2357
f 2420//2356 2419//2356 2407//2357
f 2421//2356 2420//2356 2407//2357
f 2422//2360 2421//2356 2407//2357
f 2423//2361 2422//2360 2407//2357
f 2424//2356 2423//2361 2407//2357
f 2425//2356 2424//2356 2407//2357
f 2406//2356 2425//2356 2407//2357
f 2366//2362 2365//2363 2426//2364
f 2365//2363 2369//2365 2426//2364
f 2369//2365 2371//2366 2426//2364
f 2371//2366 2373//2367 2426//2364
f 2373//2367 2375//2367 2426//2364
f 2375//2367 2377//2367 2426//2364
f 2377//2367 2379//2367 2426//2364
f 2379//2367 2381//2367 2426//2364
f 2381//2367 2383//2367 2426//2364
f 2383//2367 2385//2367 2426//2364
f 2385//2367 2387//2367 2426//2364
f 2387//2367 2389//2368 2426//2364
f 2389//2368 2391//2369 2426//2364
f 2391//2369 2393//2367 2426//2364
f 2393//2367 2395//2370 2426//2364
f 2395//2370 2397//2371 2426//2364
f 2397//2371 2399//2372 2426//2364
f 2399//2372 2401//2373 2426//2364
f 2401//2373 2403//2374 2426//2364
f 2403//2374 2366//2362 2426//2364
f 2427//2375 2428//2376 2429//2377
f 2429//2377 2430//2378 2427//2375
f 2431//2379 2427//2375 2430//2378
f 2430//2378 2432//2380 2431//2379
f 2433//2381 2431//2379 2432//2380
f 2432//2380 2434//2382 2433//2381
f 2435//2383 2433//2381 2434//2382
f 2434//2382 2436//2384 2435//2383
f 2437//2385 2435//2383 2436//2384
f 2436//2384 2438//2386 2437//2385
f 2439//2387 2437//2385 2438//2386
f 2438//2386 2440//2388 2439//2387
f 2441//2389 2439//2387 2440//2388
f 2440//2388 2442//2390 2441//2389
f 2443//2391 2441//2389 2442//2390
f 2442//2390 2444//2392 2443//2391
f 2445//2393 2443//2391 2444//2392
f 2444//2392 2446//2393 2445//2393
f 2447//2394 2445//2393 2446//2393
f 2446//2393 2448//2395 2447//2394
f 2449//2396 2447//2394 2448//2395
f 2448//2395 2450//2397 2449//2396
f 2451//2398 2449//2396 2450//2397
f 2450//2397 2452//2399 2451//2398
f 2453//2400 2451//2398 2452//2399
f 2452//2399 2454//2401 2453//2400
f 2455//2402 2453//2400 2454//2401
f 2454//2401 2456//2403 2455//2402
f 2457//2404 2455//2402 2456//2403
f 2456//2403 2458//2405 2457//2404
f 2459//2406 2457//2404 2458//2405
f 2458//2405 2460//2407 2459//2406
f 2461//2408 2459//2406 2460//2407
f 2460//2407 2462//2408 2461//2408
f 2463//2409 2461//2408 2462//2408
f 2462//2408 2464//2410 2463//2409
f 2465//2411 2463//2409 2464//2410
f 2464//2410 2466//2412 2465//2411
f 2428//2376 2465//2411 2466//2412
f 2466//2412 2429//2377 2428//2376
f 2467//2413 2468//2414 2469//2415
f 2469//2415 2470//2416 2467//2413
f 2471//2417 2467//2413 2470//2416
f 2470//2416 2472//2417 2471//2417
f 2473//2418 2471//2417 2472//2417
f 2472//2417 2474//2418 2473//2418
f 2475//2419 2473//2418 2474//2418
f 2474//2418 2476//2419 2475//2419
f 2477//2420 2475//2419 2476//2419
f 2476//2419 2478//2421 2477//2420
f 2479//2422 2477//2420 2478//2421
f 2478//2421 2480//2422 2479//2422
f 2481//2423 2479//2422 2480//2422
f 2480//2422 2482//2423 2481//2423
f 2483//2424 2481//2423 2482//2423
f 2482//2423 2484//2424 2483//2424
f 2485//2425 2483//2424 2484//2424
f 2484//2424 2486//2425 2485//2425
f 2487//2426 2485//2425 2486//2425
f 2486//2425 2488//2426 2487//2426
f 2489//2427 2487//2426 2488//2426
f 2488//2426 2490//2427 2489//2427
f 2491//2428 2489//2427 2490//2427
f 2490//2427 2492//2428 2491//2428
f 2493//2429 2491//2428 2492//2428
f 2492//2428 2494//2430 2493//2429
f 2495//2431 2493//2429 2494//2430
f 2494//2430 2496//2431 2495//2431
f 2497//2432 2495//2431 2496//2431
f 2496//2431 2498//2432 2497//2432
f 2499//2433 2497//2432 2498//2432
f 2498//2432 2500//2434 2499//2433
f 2501//2435 2499//2433 2500//2434
f 2500//2434 2502//2436 2501//2435
f 2503//2437 2501//2435 2502//2436
f 2502//2436 2504//2438 2503//2437
f 2505//2439 2503//2437 2504//2438
f 2504//2438 2506//2440 2505//2439
f 2468//2414 2505//2439 2506//2440
f 2506//2440 2469//2415 2468//2414
f 2428//2441 2427//2442 2470//2442
f 2470//2442 2469//2443 2428//2441
f 2427//2444 2431//2445 2472//2446
f 2472//2446 2470//2446 2427//2444
f 2431//2447 2433//2448 2474//2449
f 2474//2449 2472//2450 2431//2447
f 2433//2451 2435//2452 2476//2453
f 2476//2453 2474//2452 2433//2451
f 2435//2454 2437//2455 2478//2455
f 2478//2455 2476//2456 2435//2454
f 2437//2457 2439//2458 2480//2457
f 2480//2457 2478//2459 2437//2457
f 2439//2460 2441//2461 2482//2462
f 2482//2462 2480//2463 2439//2460
f 2441//2464 2443//2465 2484//2465
f 2484//2465 2482//2466 2441//2464
f 2443//2467 2445//2468 2486//2469
f 2486//2469 2484//2470 2443//2467
f 2445//2471 2447//2472 2488//2472
f 2488//2472 2486//2473 2445//2471
f 2447//2474 2449//2475 2490//2476
f 2490//2476 2488//2475 2447//2474
f 2449//2477 2451//2477 2492//2478
f 2492//2478 2490//2479 2449//2477
f 2451//2480 2453//2481 2494//2482
f 2494//2482 2492//2483 2451//2480
f 2453//2484 2455//2484 2496//2485
f 2496//2485 2494//2484 2453//2484
f 2455//2486 2457//2486 2498//2486
f 2498//2486 2496//2487 2455//2486
f 2457//2488 2459//2488 2500//2489
f 2500//2489 2498//2490 2457//2488
f 2459//2491 2461//2491 2502//2492
f 2502//2492 2500//2492 2459//2491
f 2461//2493 2463//2494 2504//2495
f 2504//2495 2502//2496 2461//2493
f 2463//2497 2465//2498 2506//2499
f 2506//2499 2504//2500 2463//2497
f 2465//2501 2428//2502 2469//2502
f 2469//2502 2506//2503 2465//2501
f 2432//2380 2430//2378 2405//2504
f 2405//2504 2408//2505 2432//2380
f 2434//2382 2432//2380 2408//2505
f 2408//2505 2409//2506 2434//2382
f 2436//2384 2434//2382 2409//2506
f 2409//2506 2410//2507 2436//2384
f 2438//2386 2436//2384 2410//2507
f 2410//2507 2411//2508 2438//2386
f 2440//2388 2438//2386 2411//2508
f 2411//2508 2412//2509 2440//2388
f 2442//2390 2440//2388 2412//2509
f 2412//2509 2413//2510 2442//2390
f 2444//2392 2442//2390 2413//2510
f 2413//2510 2414//2511 2444//2392
f 2446//2393 2444//2392 2414//2511
f 2414//2511 2415//2393 2446//2393
f 2448//2395 2446//2393 2415//2393
f 2415//2393 2416//2512 2448//2395
f 2450//2397 2448//2395 2416//2512
f 2416//2512 2417//2513 2450//2397
f 2452//2399 2450//2397 2417//2513
f 2417//2513 2418//2514 2452//2399
f 2454//2401 2452//2399 2418//2514
f 2418//2514 2419//2515 2454//2401
f 2456//2403 2454//2401 2419//2515
f 2419//2515 2420//2516 2456//2403
f 2458//2405 2456//2403 2420//2516
f 2420//2516 2421//2517 2458//2405
f 2460//2407 2458//2405 2421//2517
f 2421//2517 2422//2518 2460//2407
f 2462//2408 2460//2407 2422//2518
f 2422//2518 2423//2519 2462//2408
f 2464//2410 2462//2408 2423//2519
f 2423//2519 2424//2520 2464//2410
f 2466//2412 2464//2410 2424//2520
f 2424//2520 2425//2521 2466//2412
f 2429//2377 2466//2412 2425//2521
f 2425//2521 2406//2522 2429//2377
f 2430//2378 2429//2377 2406//2522
f 2406//2522 2405//2504 2430//2378
f 2507//2523 2508//2524 2468//2524
f 2468//2524 2467//2524 2507//2523
f 2509//2525 2507//2526 2467//2527
f 2467//2527 2471//2528 2509//2525
f 2510//2529 2509//2530 2471//2531
f 2471//2531 2473//2532 2510//2529
f 2511//2533 2510//2534 2473//2535
f 2473//2535 2475//2535 2511//2533
f 2512//2536 2511//2537 2475//2538
f 2475//2538 2477//2539 2512//2536
f 2513//2540 2512//2541 2477//2542
f 2477//2542 2479//2543 2513//2540
f 2514//2544 2513//2545 2479//2546
f 2479//2546 2481//2546 2514//2544
f 2515//2547 2514//2548 2481//2547
f 2481//2547 2483//2547 2515//2547
f 2516//2549 2515//2550 2483//2550
f 2483//2550 2485//2551 2516//2549
f 2517//2552 2516//2553 2485//2554
f 2485//2554 2487//2552 2517//2552
f 2518//2555 2517//2555 2487//2556
f 2487//2556 2489//2555 2518//2555
f 2519//2557 2518//2558 2489//2559
f 2489//2559 2491//2560 2519//2557
f 2520//2561 2519//2562 2491//2563
f 2491//2563 2493//2564 2520//2561
f 2521//2565 2520//2566 2493//2567
f 2493//2567 2495//2568 2521//2565
f 2522//2569 2521//2570 2495//2571
f 2495//2571 2497//2571 2522//2569
f 2523//2572 2522//2572 2497//2572
f 2497//2572 2499//2573 2523//2572
f 2524//2574 2523//2575 2499//2575
f 2499//2575 2501//2575 2524//2574
f 2525//2576 2524//2577 2501//2578
f 2501//2578 2503//2579 2525//2576
f 2526//2580 2525//2581 2503//2581
f 2503//2581 2505//2580 2526//2580
f 2508//2582 2526//2583 2505//2584
f 2505//2584 2468//2585 2508//2582
f 2370//2321 2368//2319 2507//2586
f 2507//2586 2509//2587 2370//2321
f 2372//2323 2370//2321 2509//2587
f 2509//2587 2510//2588 2372//2323
f 2374//2325 2372//2323 2510//2588
f 2510//2588 2511//2589 2374//2325
f 2376//2327 2374//2325 2511//2589
f 2511//2589 2512//2590 2376//2327
f 2378//2329 2376//2327 2512//2590
f 2512//2590 2513//2591 2378//2329
f 2380//2331 2378//2329 2513//2591
f 2513//2591 2514//2592 2380//2331
f 2382//2333 2380//2331 2514//2592
f 2514//2592 2515//2593 2382//2333
f 2384//2335 2382//2333 2515//2593
f 2515//2593 2516//2594 2384//2335
f 2386//2337 2384//2335 2516//2594
f 2516//2594 2517//2595 2386//2337
f 2388//2339 2386//2337 2517//2595
f 2517//2595 2518//2596 2388//2339
f 2390//2341 2388//2339 2518//2596
f 2518//2596 2519//2597 2390//2341
f 2392//2343 2390//2341 2519//2597
f 2519//2597 2520//2598 2392//2343
f 2394//2345 2392//2343 2520//2598
f 2520//2598 2521//2599 2394//2345
f 2396//2347 2394//2345 2521//2599
f 2521//2599 2522//2600 2396//2347
f 2398//2349 2396//2347 2522//2600
f 2522//2600 2523//2601 2398//2349
f 2400//2351 2398//2349 2523//2601
f 2523//2601 2524//2602 2400//2351
f 2402//2353 2400//2351 2524//2602
f 2524//2602 2525//2603 2402//2353
f 2404//2355 2402//2353 2525//2603
f 2525//2603 2526//2604 2404//2355
f 2367//2318 2404//2355 2526//2604
f 2526//2604 2508//2605 2367//2318
f 2368//2319 2367//2318 2508//2605
f 2508//2605 2507//2586 2368//2319
# Vertices: 162, normals: 290, texture coordinates: 0, faces: 320

