# Blender 5.1.2
# www.blender.org
mtllib cajas.mtl
o pCube1_standardSurface1_0
v -0.011372 0.010945 -0.013163
v -0.011465 0.010945 -0.013056
v -0.011464 0.010804 -0.013056
v -0.011997 0.010803 -0.013671
v -0.011997 0.010945 -0.013671
v -0.011905 0.010945 -0.013778
v -0.014533 0.010804 -0.009521
v -0.014533 0.010945 -0.009521
v -0.014626 0.010945 -0.009414
v -0.015310 0.010945 -0.009855
v -0.015217 0.010945 -0.009962
v -0.015217 0.010803 -0.009962
v -0.010971 0.013936 -0.013625
v -0.010971 0.013796 -0.013625
v -0.010877 0.013796 -0.013732
v -0.011386 0.013796 -0.014375
v -0.011479 0.013796 -0.014268
v -0.011479 0.013937 -0.014268
v -0.015124 0.013796 -0.008840
v -0.015031 0.013796 -0.008947
v -0.015031 0.013936 -0.008947
v -0.015739 0.013937 -0.009360
v -0.015739 0.013796 -0.009360
v -0.015832 0.013796 -0.009254
v 0.011375 0.010945 0.013158
v 0.011468 0.010945 0.013051
v 0.011468 0.010804 0.013051
v 0.012001 0.010803 0.013667
v 0.012001 0.010945 0.013667
v 0.011909 0.010945 0.013773
v 0.014537 0.010804 0.009516
v 0.014537 0.010945 0.009516
v 0.014630 0.010945 0.009409
v 0.015314 0.010945 0.009851
v 0.015221 0.010945 0.009958
v 0.015221 0.010803 0.009958
v 0.010971 0.013936 0.013625
v 0.010971 0.013796 0.013625
v 0.010877 0.013796 0.013732
v 0.011386 0.013796 0.014375
v 0.011479 0.013796 0.014268
v 0.011479 0.013937 0.014268
v 0.015124 0.013796 0.008840
v 0.015031 0.013796 0.008947
v 0.015031 0.013936 0.008947
v 0.015739 0.013937 0.009360
v 0.015739 0.013796 0.009360
v 0.015832 0.013796 0.009254
v -0.014484 0.001039 -0.009363
v -0.014534 0.001039 -0.009520
v -0.019095 0.001039 -0.004266
v -0.019211 0.001039 -0.003917
v -0.019998 0.016518 -0.004455
v -0.019899 0.016629 -0.004399
v -0.015650 0.016629 -0.009294
v -0.015739 0.016518 -0.009361
v -0.020116 0.016518 -0.004100
v -0.019996 0.016629 -0.004109
v -0.019996 0.016629 -0.004109
v -0.020116 0.016518 -0.004100
v -0.019949 0.016518 -0.003766
v -0.019859 0.016629 -0.003835
v 0.006531 0.016518 0.019222
v 0.006587 0.016629 0.019124
v -0.019188 0.016629 -0.004329
v -0.019089 0.016518 -0.004272
v -0.015030 0.016518 -0.008948
v -0.015119 0.016629 -0.009015
v -0.019328 0.016629 -0.003909
v -0.019208 0.016518 -0.003917
v -0.019208 0.016518 -0.003917
v -0.019328 0.016629 -0.003909
v -0.019130 0.016629 -0.003513
v -0.019041 0.016518 -0.003583
v 0.006166 0.016629 0.018447
v 0.006223 0.016518 0.018348
v 0.006886 0.016518 0.019341
v 0.006878 0.016629 0.019220
v 0.006878 0.016629 0.019220
v 0.006886 0.016518 0.019341
v 0.007221 0.016518 0.019173
v 0.007151 0.016629 0.019084
v 0.011480 0.016518 0.014267
v 0.011401 0.016629 0.014189
v 0.006586 0.016629 0.018587
v 0.006578 0.016518 0.018467
v 0.006578 0.016518 0.018467
v 0.006586 0.016629 0.018587
v 0.006982 0.016629 0.018389
v 0.006912 0.016518 0.018300
v 0.011050 0.016629 0.013702
v 0.010971 0.016518 0.013624
v -0.006167 0.016629 -0.018447
v -0.006223 0.016518 -0.018348
v 0.019041 0.016518 0.003583
v 0.019130 0.016629 0.003513
v -0.006586 0.016629 -0.018587
v -0.006578 0.016518 -0.018467
v -0.006578 0.016518 -0.018467
v -0.006586 0.016629 -0.018587
v -0.006982 0.016629 -0.018389
v -0.006912 0.016518 -0.018300
v -0.006886 0.016518 -0.019341
v -0.006878 0.016629 -0.019220
v -0.006587 0.016629 -0.019124
v -0.006531 0.016518 -0.019222
v -0.006878 0.016629 -0.019220
v -0.006886 0.016518 -0.019341
v -0.007221 0.016518 -0.019173
v -0.007151 0.016629 -0.019084
v 0.019859 0.016629 0.003835
v 0.019949 0.016518 0.003766
v 0.019089 0.016518 0.004272
v 0.019188 0.016629 0.004329
v 0.019328 0.016629 0.003909
v 0.019208 0.016518 0.003917
v 0.019208 0.016518 0.003917
v 0.019328 0.016629 0.003909
v 0.020116 0.016518 0.004100
v 0.019996 0.016629 0.004109
v 0.019899 0.016629 0.004399
v 0.019998 0.016518 0.004455
v 0.019996 0.016629 0.004109
v 0.020116 0.016518 0.004100
v -0.019859 0.016629 -0.003835
v 0.006587 0.016629 0.019124
v 0.006166 0.016629 0.018447
v -0.019130 0.016629 -0.003513
v 0.007151 0.016629 0.019084
v 0.011401 0.016629 0.014189
v 0.011050 0.016629 0.013702
v 0.006982 0.016629 0.018389
v 0.019859 0.016629 0.003835
v -0.006587 0.016629 -0.019124
v -0.006167 0.016629 -0.018447
v 0.019130 0.016629 0.003513
v -0.015119 0.016629 -0.009015
v -0.015650 0.016629 -0.009294
v -0.019899 0.016629 -0.004399
v -0.019188 0.016629 -0.004329
v -0.019041 0.016518 -0.003583
v 0.006223 0.016518 0.018348
v 0.006225 0.013796 0.018350
v -0.019043 0.013796 -0.003585
v 0.019041 0.016518 0.003583
v -0.006223 0.016518 -0.018348
v -0.006225 0.013796 -0.018350
v 0.019043 0.013796 0.003585
v -0.019996 0.016629 -0.004109
v -0.019328 0.016629 -0.003909
v 0.006878 0.016629 0.019220
v 0.006586 0.016629 0.018587
v -0.006878 0.016629 -0.019220
v -0.006586 0.016629 -0.018587
v -0.007151 0.016629 -0.019084
v -0.006982 0.016629 -0.018389
v 0.019899 0.016629 0.004399
v 0.019996 0.016629 0.004109
v 0.019328 0.016629 0.003909
v 0.019188 0.016629 0.004329
v -0.019089 0.016518 -0.004272
v -0.019208 0.016518 -0.003917
v -0.019209 0.013796 -0.003917
v -0.019091 0.013796 -0.004270
v -0.019208 0.016518 -0.003917
v -0.019209 0.013796 -0.003917
v 0.006578 0.016518 0.018467
v 0.006578 0.013796 0.018468
v 0.006578 0.016518 0.018467
v 0.006912 0.016518 0.018300
v 0.006910 0.013796 0.018302
v 0.006578 0.013796 0.018468
v 0.019089 0.016518 0.004272
v 0.019208 0.016518 0.003917
v 0.019209 0.013796 0.003917
v 0.019091 0.013796 0.004270
v 0.019208 0.016518 0.003917
v 0.019209 0.013796 0.003917
v -0.006578 0.016518 -0.018467
v -0.006578 0.013796 -0.018468
v -0.006578 0.016518 -0.018467
v -0.006912 0.016518 -0.018300
v -0.006910 0.013796 -0.018302
v -0.006578 0.013796 -0.018468
v 0.011026 0.001039 0.012829
v -0.014251 0.001039 -0.009114
v -0.019047 0.001039 -0.003589
v 0.006229 0.001039 0.018354
v -0.014251 0.001039 -0.009114
v -0.014484 0.001039 -0.009363
v -0.019211 0.001039 -0.003917
v -0.019047 0.001039 -0.003589
v 0.011468 0.001039 0.013052
v 0.011306 0.001039 0.013024
v 0.006578 0.001039 0.018470
v 0.006906 0.001039 0.018306
v 0.011306 0.001039 0.013024
v 0.011026 0.001039 0.012829
v 0.006229 0.001039 0.018354
v 0.006578 0.001039 0.018470
v 0.006886 0.000415 0.019344
v 0.006954 0.000319 0.019267
v 0.007172 0.000345 0.019122
v 0.007215 0.000447 0.019180
v 0.006954 0.000319 0.019267
v 0.006886 0.000415 0.019344
v 0.006538 0.000461 0.019228
v 0.006600 0.000372 0.019157
v 0.011956 0.000338 0.013624
v 0.012001 0.000445 0.013667
v -0.006886 0.000314 -0.019344
v -0.006949 0.000226 -0.019272
v -0.007191 0.000322 -0.019134
v -0.007215 0.000440 -0.019180
v -0.006949 0.000226 -0.019272
v -0.006886 0.000314 -0.019344
v -0.006538 0.000308 -0.019228
v -0.006582 0.000221 -0.019151
v -0.015218 0.000440 -0.009961
v -0.015180 0.000324 -0.009934
v -0.019957 0.000325 -0.004432
v -0.020004 0.000440 -0.004448
v 0.020120 0.000315 0.004100
v 0.020057 0.000226 0.004173
v 0.019898 0.000253 0.003838
v 0.019956 0.000341 0.003771
v 0.020057 0.000226 0.004173
v 0.020120 0.000315 0.004100
v 0.020004 0.000440 0.004448
v 0.019957 0.000325 0.004432
v -0.020021 0.000312 -0.003902
v -0.019951 0.000225 -0.003957
v -0.020120 0.000314 -0.004100
v -0.020057 0.000226 -0.004172
v -0.020057 0.000226 -0.004172
v -0.020120 0.000314 -0.004100
v 0.011856 0.000288 0.013619
v -0.020120 0.000314 -0.004100
v -0.020021 0.000312 -0.003902
v -0.019997 0.010945 -0.003857
v -0.020119 0.010945 -0.004100
v 0.006886 0.000415 0.019344
v 0.007215 0.000447 0.019180
v 0.007217 0.010945 0.019178
v 0.006886 0.010945 0.019343
v -0.007217 0.010945 -0.019178
v -0.006886 0.010945 -0.019343
v -0.006886 0.000314 -0.019344
v -0.007215 0.000440 -0.019180
v -0.006886 0.010945 -0.019343
v -0.006536 0.010945 -0.019226
v -0.006538 0.000308 -0.019228
v -0.006886 0.000314 -0.019344
v 0.019954 0.010945 0.003769
v 0.020119 0.010945 0.004100
v 0.020120 0.000315 0.004100
v 0.019956 0.000341 0.003771
v 0.020119 0.010945 0.004100
v 0.020002 0.010945 0.004451
v 0.020004 0.000440 0.004448
v 0.020120 0.000315 0.004100
v 0.006536 0.010945 0.019226
v 0.006538 0.000461 0.019228
v 0.006886 0.000415 0.019344
v 0.006886 0.010945 0.019343
v -0.020004 0.000440 -0.004448
v -0.020120 0.000314 -0.004100
v -0.020119 0.010945 -0.004100
v -0.020002 0.010945 -0.004451
v 0.011576 0.000332 0.013425
v 0.011856 0.000288 0.013619
v 0.006954 0.000319 0.019267
v 0.006600 0.000372 0.019157
v -0.014957 0.000224 -0.009641
v -0.019951 0.000225 -0.003957
v -0.015152 0.000226 -0.009823
v -0.015152 0.000226 -0.009823
v -0.020057 0.000226 -0.004172
v -0.010971 0.016518 -0.013624
v -0.011050 0.016629 -0.013702
v -0.011050 0.016629 -0.013702
v -0.011401 0.016629 -0.014189
v -0.011401 0.016629 -0.014189
v -0.011480 0.016518 -0.014267
v -0.011997 0.000440 -0.013671
v -0.011965 0.000323 -0.013637
v -0.011851 0.000226 -0.013626
v -0.011851 0.000226 -0.013626
v -0.011581 0.000223 -0.013461
v 0.014925 0.000292 0.009567
v 0.015156 0.000257 0.009817
v 0.015156 0.000257 0.009817
v 0.015177 0.000332 0.009925
v 0.015222 0.000443 0.009957
v 0.015739 0.016518 0.009361
v 0.015650 0.016629 0.009294
v 0.015650 0.016629 0.009294
v 0.015119 0.016629 0.009015
v 0.015119 0.016629 0.009015
v 0.015030 0.016518 0.008948
v 0.014537 0.001039 0.009516
v 0.014487 0.001039 0.009359
v 0.014254 0.001039 0.009110
v 0.014254 0.001039 0.009110
v -0.011022 0.001039 -0.012833
v -0.011022 0.001039 -0.012833
v -0.011302 0.001039 -0.013029
v -0.011302 0.001039 -0.013029
v -0.011464 0.001039 -0.013056
v -0.006582 0.000221 -0.019151
v -0.006949 0.000226 -0.019272
v 0.019898 0.000253 0.003838
v 0.020057 0.000226 0.004173
v 0.020057 0.000226 0.004173
v 0.019211 0.001039 0.003917
v 0.019095 0.001039 0.004266
v 0.019047 0.001039 0.003589
v -0.006229 0.001039 -0.018354
v 0.019047 0.001039 0.003589
v -0.006578 0.001039 -0.018470
v -0.006229 0.001039 -0.018354
v -0.006906 0.001039 -0.018306
v -0.006578 0.001039 -0.018470
v 0.006227 0.010945 0.018352
v -0.019045 0.010945 -0.003587
v -0.019210 0.010945 -0.003917
v -0.019210 0.010945 -0.003917
v -0.019093 0.010945 -0.004268
v -0.011003 0.013611 -0.013588
v -0.011440 0.011087 -0.013084
v -0.006908 0.010945 -0.018304
v -0.006578 0.010945 -0.018469
v -0.006578 0.010945 -0.018469
v -0.006227 0.010945 -0.018352
v 0.019045 0.010945 0.003587
v 0.019210 0.010945 0.003917
v 0.019210 0.010945 0.003917
v 0.019093 0.010945 0.004268
v 0.011003 0.013611 0.013587
v 0.011443 0.011087 0.013080
v 0.006908 0.010945 0.018304
v 0.006578 0.010945 0.018469
v 0.006578 0.010945 0.018469
v 0.006229 0.001039 0.018354
v -0.019047 0.001039 -0.003589
v -0.019211 0.001039 -0.003917
v -0.019211 0.001039 -0.003917
v -0.019095 0.001039 -0.004266
v -0.011464 0.001039 -0.013056
v -0.014534 0.001039 -0.009520
v -0.006906 0.001039 -0.018306
v -0.006578 0.001039 -0.018470
v -0.006578 0.001039 -0.018470
v -0.006229 0.001039 -0.018354
v 0.019047 0.001039 0.003589
v 0.019211 0.001039 0.003917
v 0.019211 0.001039 0.003917
v 0.019095 0.001039 0.004266
v 0.011468 0.001039 0.013052
v 0.014537 0.001039 0.009516
v 0.006906 0.001039 0.018306
v 0.006578 0.001039 0.018470
v 0.006578 0.001039 0.018470
v -0.019973 0.013796 -0.003811
v -0.020117 0.013796 -0.004100
v -0.020117 0.013796 -0.004100
v -0.020000 0.013796 -0.004453
v -0.015705 0.013610 -0.009400
v -0.015243 0.011086 -0.009932
v -0.007219 0.013796 -0.019176
v -0.006886 0.013796 -0.019342
v -0.006886 0.013796 -0.019342
v -0.006533 0.013796 -0.019224
v 0.019951 0.013796 0.003767
v 0.020117 0.013796 0.004100
v 0.020117 0.013796 0.004100
v 0.020000 0.013796 0.004453
v 0.015706 0.013610 0.009399
v 0.015247 0.011086 0.009928
v 0.007219 0.013796 0.019176
v 0.006886 0.013796 0.019342
v 0.006886 0.013796 0.019342
v 0.006533 0.013796 0.019224
v -0.019949 0.016518 -0.003766
v -0.020116 0.016518 -0.004100
v -0.020116 0.016518 -0.004100
v -0.019998 0.016518 -0.004455
v -0.011480 0.016518 -0.014267
v -0.015739 0.016518 -0.009361
v -0.007221 0.016518 -0.019173
v -0.006886 0.016518 -0.019341
v -0.006886 0.016518 -0.019341
v -0.006531 0.016518 -0.019222
v 0.019949 0.016518 0.003766
v 0.020116 0.016518 0.004100
v 0.020116 0.016518 0.004100
v 0.019998 0.016518 0.004455
v 0.011480 0.016518 0.014267
v 0.015739 0.016518 0.009361
v 0.007221 0.016518 0.019173
v 0.006886 0.016518 0.019341
v 0.006886 0.016518 0.019341
v 0.006531 0.016518 0.019222
v -0.015120 0.010945 -0.010074
v -0.014436 0.010945 -0.009633
v -0.011562 0.010945 -0.012943
v -0.012095 0.010945 -0.013559
v -0.011972 0.011086 -0.013701
v -0.011440 0.011087 -0.013084
v -0.011003 0.013611 -0.013588
v -0.011513 0.013610 -0.014229
v -0.015705 0.013610 -0.009400
v -0.014999 0.013611 -0.008984
v -0.014558 0.011087 -0.009492
v -0.015243 0.011086 -0.009932
v -0.011607 0.013796 -0.014120
v -0.011098 0.013796 -0.013478
v -0.014904 0.013796 -0.009094
v -0.015611 0.013796 -0.009508
v 0.015124 0.010945 0.010069
v 0.014439 0.010945 0.009629
v 0.011566 0.010945 0.012939
v 0.012098 0.010945 0.013555
v 0.011975 0.011086 0.013696
v 0.011443 0.011087 0.013080
v 0.011003 0.013611 0.013587
v 0.011513 0.013610 0.014229
v 0.011607 0.013796 0.014120
v 0.011098 0.013796 0.013478
v 0.014904 0.013796 0.009094
v 0.015611 0.013796 0.009508
v 0.015706 0.013610 0.009399
v 0.014999 0.013611 0.008984
v 0.014562 0.011087 0.009488
v 0.015247 0.011086 0.009928
v -0.015120 0.010945 -0.010074
v -0.012095 0.010945 -0.013559
v -0.014904 0.013796 -0.009094
v -0.011098 0.013796 -0.013478
v -0.011562 0.010945 -0.012943
v -0.011485 0.010984 -0.013032
v -0.012017 0.010984 -0.013648
v -0.012095 0.010945 -0.013559
v -0.011485 0.010984 -0.013032
v -0.012017 0.010984 -0.013648
v -0.014513 0.010984 -0.009544
v -0.015198 0.010984 -0.009985
v -0.014513 0.010984 -0.009544
v -0.015198 0.010984 -0.009985
v -0.011020 0.013738 -0.013568
v -0.011530 0.013738 -0.014210
v -0.011020 0.013738 -0.013568
v -0.011530 0.013738 -0.014210
v -0.014981 0.013738 -0.009004
v -0.015689 0.013738 -0.009419
v -0.014981 0.013738 -0.009004
v -0.015689 0.013738 -0.009419
v -0.011485 0.010984 -0.013032
v -0.011562 0.010945 -0.012943
v -0.012017 0.010984 -0.013648
v -0.011972 0.011086 -0.013701
v -0.014436 0.010945 -0.009633
v -0.014513 0.010984 -0.009544
v -0.014558 0.011087 -0.009492
v -0.015198 0.010984 -0.009985
v -0.011020 0.013738 -0.013568
v -0.011513 0.013610 -0.014229
v -0.011530 0.013738 -0.014210
v -0.011607 0.013796 -0.014120
v -0.014999 0.013611 -0.008984
v -0.014981 0.013738 -0.009004
v -0.015611 0.013796 -0.009508
v -0.015689 0.013738 -0.009419
v 0.015124 0.010945 0.010069
v 0.012098 0.010945 0.013555
v 0.014904 0.013796 0.009094
v 0.011098 0.013796 0.013478
v 0.011488 0.010984 0.013028
v 0.012021 0.010984 0.013644
v 0.011488 0.010984 0.013028
v 0.012021 0.010984 0.013644
v 0.014517 0.010984 0.009540
v 0.015201 0.010984 0.009980
v 0.014517 0.010984 0.009540
v 0.015201 0.010984 0.009980
v 0.011020 0.013738 0.013568
v 0.011530 0.013738 0.014210
v 0.011020 0.013738 0.013568
v 0.011530 0.013738 0.014210
v 0.014981 0.013738 0.009004
v 0.015689 0.013738 0.009418
v 0.014981 0.013738 0.009004
v 0.015689 0.013738 0.009418
v 0.011488 0.010984 0.013028
v 0.011566 0.010945 0.012939
v 0.012021 0.010984 0.013644
v 0.011975 0.011086 0.013696
v 0.014439 0.010945 0.009629
v 0.014517 0.010984 0.009540
v 0.014562 0.011087 0.009488
v 0.015201 0.010984 0.009980
v 0.011020 0.013738 0.013568
v 0.011513 0.013610 0.014229
v 0.011530 0.013738 0.014210
v 0.011607 0.013796 0.014120
v 0.014999 0.013611 0.008984
v 0.014981 0.013738 0.009004
v 0.015611 0.013796 0.009508
v 0.015689 0.013738 0.009418
v 0.010971 0.016518 0.013624
v 0.015030 0.016518 0.008948
v 0.012001 0.000445 0.013667
v 0.015222 0.000443 0.009957
v -0.010971 0.016518 -0.013624
v -0.015030 0.016518 -0.008948
v -0.011997 0.000440 -0.013671
v -0.015218 0.000440 -0.009961
vn 0.7552 -0.0000 0.6555
vn -0.7552 -0.0000 -0.6555
vn -0.0000 1.0000 -0.0000
vn -0.5428 0.7085 -0.4510
vn -0.5409 0.7083 -0.4536
vn -0.5340 0.7071 -0.4635
vn -0.6706 0.7072 -0.2239
vn -0.6325 0.7072 0.3159
vn -0.4651 0.7073 0.5324
vn -0.4656 0.7074 0.5318
vn -0.4617 0.7073 0.5352
vn -0.4611 0.7074 0.5357
vn 0.5448 0.7089 0.4480
vn 0.5426 0.7085 0.4512
vn 0.5340 0.7071 0.4635
vn 0.6708 0.7070 0.2240
vn 0.6327 0.7070 -0.3160
vn 0.4654 0.7074 -0.5320
vn 0.4661 0.7075 -0.5312
vn 0.4613 0.7074 -0.5356
vn 0.4604 0.7075 -0.5361
vn -0.2239 0.7072 0.6706
vn 0.3159 0.7072 0.6325
vn 0.5228 0.7085 0.4740
vn 0.5251 0.7083 0.4719
vn 0.2240 0.7070 -0.6708
vn -0.3160 0.7070 -0.6327
vn -0.5201 0.7089 -0.4765
vn -0.5229 0.7085 -0.4738
vn -0.4613 0.7074 0.5356
vn -0.4604 0.7075 0.5362
vn -0.4661 0.7075 0.5312
vn -0.4654 0.7074 0.5319
vn -0.2240 0.7070 0.6708
vn 0.3160 0.7070 0.6327
vn 0.5201 0.7089 0.4765
vn 0.5230 0.7085 0.4738
vn 0.2239 0.7072 -0.6706
vn 0.4611 0.7074 -0.5357
vn 0.4617 0.7073 -0.5352
vn -0.3159 0.7072 -0.6325
vn -0.5228 0.7086 -0.4740
vn -0.5251 0.7083 -0.4719
vn 0.4656 0.7074 -0.5318
vn 0.4650 0.7074 -0.5323
vn -0.5426 0.7085 -0.4512
vn -0.5448 0.7089 -0.4480
vn -0.6708 0.7070 -0.2240
vn -0.6327 0.7070 0.3160
vn 0.6706 0.7072 0.2239
vn 0.5409 0.7083 0.4536
vn 0.5427 0.7086 0.4510
vn 0.6325 0.7072 -0.3159
vn 0.6587 -0.0000 -0.7524
vn 0.6523 -0.0002 -0.7579
vn 0.6523 -0.0000 -0.7579
vn -0.6587 -0.0000 0.7524
vn -0.6523 -0.0002 0.7579
vn -0.6523 -0.0000 0.7579
vn 0.7693 -0.0002 0.6389
vn 0.9485 -0.0004 0.3167
vn 0.7690 -0.0000 0.6392
vn 0.8946 -0.0004 -0.4468
vn 0.3167 -0.0004 -0.9485
vn -0.4468 -0.0004 -0.8946
vn -0.7406 -0.0000 -0.6719
vn -0.7409 -0.0000 -0.6716
vn -0.7693 -0.0002 -0.6389
vn -0.9485 -0.0004 -0.3167
vn -0.7690 -0.0000 -0.6392
vn -0.8946 -0.0004 0.4468
vn -0.3167 -0.0004 0.9485
vn 0.4468 -0.0004 0.8946
vn 0.7407 -0.0000 0.6719
vn 0.7409 -0.0000 0.6716
vn 0.4474 -0.0029 0.8943
vn 0.4163 -0.7587 0.5011
vn 0.4973 -0.7476 0.4402
vn 0.7421 -0.0058 0.6703
vn -0.3042 -0.7142 0.6304
vn -0.3042 -0.7142 0.6303
vn -0.4548 -0.7167 0.5287
vn -0.4537 -0.7168 0.5296
vn 0.5671 -0.6584 0.4949
vn 0.7551 -0.0061 0.6555
vn -0.4483 -0.0040 -0.8939
vn -0.5521 -0.6496 -0.5227
vn -0.6126 -0.5796 -0.5373
vn -0.7397 -0.0041 -0.6729
vn 0.2141 -0.7052 -0.6759
vn 0.2142 -0.7054 -0.6756
vn 0.4622 -0.7069 -0.5354
vn 0.4615 -0.7070 -0.5359
vn -0.7552 -0.0045 -0.6555
vn -0.6336 -0.5440 -0.5501
vn -0.6180 -0.5799 -0.5309
vn -0.7701 -0.0040 -0.6379
vn 0.6179 -0.7011 -0.3558
vn 0.4666 -0.7069 -0.5316
vn 0.4655 -0.7068 -0.5327
vn 0.8415 -0.3357 0.4234
vn 0.9480 -0.0038 0.3182
vn 0.7701 -0.0044 0.6379
vn 0.6016 -0.6077 0.5184
vn -0.4568 -0.7167 0.5269
vn -0.4572 -0.7168 0.5265
vn -0.6355 -0.7064 0.3117
vn -0.6355 -0.7063 0.3118
vn -0.5932 -0.6515 -0.4730
vn -0.9480 -0.0039 -0.3182
vn 0.3756 -0.8662 0.3297
vn -0.8946 0.0001 0.4468
vn -0.6586 0.0032 0.7525
vn -0.6586 -0.0014 0.7525
vn -0.8946 0.0003 0.4468
vn 0.4473 -0.0028 0.8944
vn 0.7421 -0.0057 0.6703
vn 0.7427 -0.0000 0.6697
vn 0.4468 0.0002 0.8946
vn -0.7426 -0.0000 -0.6697
vn -0.4468 0.0002 -0.8946
vn -0.4483 -0.0039 -0.8939
vn -0.7397 -0.0040 -0.6729
vn 0.3167 0.0003 -0.9485
vn 0.6525 -0.0000 -0.7578
vn 0.6526 -0.0000 -0.7577
vn 0.3167 0.0001 -0.9485
vn 0.6586 -0.0000 -0.7525
vn 0.8946 0.0002 -0.4468
vn 0.8946 0.0001 -0.4469
vn 0.6588 -0.0008 -0.7523
vn 0.9485 0.0003 0.3167
vn 0.7674 -0.0000 0.6411
vn 0.7702 -0.0042 0.6378
vn 0.9480 -0.0037 0.3181
vn -0.6534 -0.0001 0.7570
vn -0.6531 -0.0009 0.7573
vn -0.3167 0.0001 0.9485
vn -0.3167 0.0003 0.9485
vn -0.7701 -0.0039 -0.6379
vn -0.9480 -0.0038 -0.3182
vn -0.9485 0.0003 -0.3167
vn -0.7674 -0.0000 -0.6412
vn -0.0008 -1.0000 0.0037
vn -0.1018 -0.9915 -0.0809
vn -0.1095 -0.9900 -0.0889
vn 0.0003 -1.0000 0.0039
vn 0.0002 -1.0000 0.0045
vn 0.0009 -1.0000 0.0044
vn -0.5456 -0.6913 -0.4737
vn -0.0038 -1.0000 -0.0032
vn -0.0023 -1.0000 -0.0019
vn -0.7551 -0.0046 -0.6555
vn -0.6336 -0.5441 -0.5500
vn -0.5456 -0.6913 -0.4736
vn -0.0069 -1.0000 -0.0058
vn -0.0008 -1.0000 0.0036
vn -0.0015 -1.0000 0.0030
vn -0.0821 -0.9946 -0.0637
vn 0.5069 -0.7392 0.4433
vn 0.6037 -0.5986 0.5265
vn 0.7551 -0.0052 0.6555
vn -0.0007 -1.0000 0.0029
vn -0.0080 -0.9999 -0.0068
vn -0.0011 -1.0000 0.0026
vn -0.0730 -0.9957 -0.0572
vn 0.5198 -0.7236 0.4542
vn 0.6524 -0.0000 -0.7579
vn 0.8946 -0.0003 -0.4468
vn 0.9485 -0.0003 0.3167
vn 0.7679 -0.0000 0.6405
vn 0.7551 -0.0000 0.6556
vn 0.7421 -0.0000 0.6703
vn 0.4468 -0.0003 0.8946
vn -0.3167 -0.0003 0.9485
vn -0.6524 -0.0000 0.7579
vn -0.8946 -0.0003 0.4468
vn -0.9485 -0.0003 -0.3167
vn -0.7679 -0.0000 -0.6405
vn -0.7421 -0.0000 -0.6703
vn -0.4468 -0.0003 -0.8946
vn 0.3167 -0.0003 -0.9485
vn 0.6524 -0.0001 -0.7579
vn 0.8946 -0.0001 -0.4468
vn 0.9485 -0.0001 0.3167
vn 0.7677 -0.0001 0.6408
vn 0.7423 -0.0001 0.6700
vn 0.4468 -0.0001 0.8946
vn -0.3167 -0.0001 0.9485
vn -0.6524 -0.0001 0.7579
vn -0.8946 -0.0001 0.4468
vn -0.9485 -0.0001 -0.3167
vn -0.7677 -0.0001 -0.6408
vn -0.7423 -0.0001 -0.6700
vn -0.4468 -0.0001 -0.8946
vn 0.3167 -0.0001 -0.9485
vn -0.6586 -0.0033 0.7525
vn -0.8946 0.0004 0.4468
vn -0.9485 0.0004 -0.3167
vn -0.7684 -0.0000 -0.6399
vn -0.7416 -0.0000 -0.6709
vn -0.4468 0.0004 -0.8946
vn 0.3167 0.0004 -0.9485
vn 0.8946 0.0004 -0.4468
vn 0.9485 0.0004 0.3167
vn 0.7684 -0.0000 0.6399
vn 0.7416 -0.0000 0.6709
vn 0.4468 0.0004 0.8946
vn -0.3167 0.0004 0.9485
vn -0.6529 -0.0033 0.7574
vn -0.6586 -0.0034 0.7525
vn -0.7687 0.0002 -0.6396
vn -0.7413 0.0001 -0.6712
vn 0.6525 0.0002 -0.7578
vn 0.7687 0.0002 0.6396
vn 0.7413 -0.0000 0.6712
vn -0.6527 0.0002 0.7576
vn 0.0063 0.9999 -0.0098
vn 0.0035 1.0000 -0.0054
vn -0.0049 1.0000 0.0042
vn -0.0088 0.9999 0.0076
vn -0.7410 0.2707 0.6145
vn -0.7403 0.2735 0.6141
vn -0.7488 0.2376 0.6188
vn -0.7488 0.2374 0.6188
vn 0.5072 0.2391 -0.8280
vn 0.5072 0.2395 -0.8279
vn 0.5037 0.2753 -0.8188
vn 0.5040 0.2725 -0.8196
vn -0.0110 -0.9999 0.0087
vn -0.0052 -1.0000 0.0042
vn 0.0034 -1.0000 -0.0058
vn 0.0071 -0.9999 -0.0121
vn -0.0063 0.9999 0.0098
vn -0.0035 1.0000 0.0054
vn 0.0049 1.0000 -0.0042
vn 0.0088 0.9999 -0.0076
vn 0.7406 0.2725 -0.6142
vn 0.7399 0.2753 -0.6138
vn 0.7484 0.2394 -0.6185
vn 0.7485 0.2391 -0.6185
vn 0.0110 -0.9999 -0.0088
vn 0.0053 -1.0000 -0.0042
vn -0.0034 -1.0000 0.0058
vn -0.0071 -0.9999 0.0121
vn -0.5074 0.2374 0.8283
vn -0.5074 0.2377 0.8283
vn -0.5040 0.2735 0.8193
vn -0.5043 0.2707 0.8200
vn -0.2432 0.9470 0.2100
vn -0.0089 0.9999 0.0076
vn -0.6296 0.5554 0.5432
vn 0.4490 0.5566 -0.6991
vn 0.1735 0.9471 -0.2699
vn -0.7675 -0.1971 0.6099
vn -0.7675 -0.1972 0.6099
vn -0.3464 -0.8968 0.2751
vn 0.2239 -0.8966 -0.3820
vn 0.4962 -0.1958 -0.8459
vn 0.2429 0.9471 -0.2097
vn 0.6290 0.5566 -0.5427
vn 0.6291 0.5565 -0.5427
vn -0.4494 0.5554 0.6997
vn -0.1738 0.9470 0.2703
vn 0.7677 -0.1958 -0.6101
vn 0.3467 -0.8966 -0.2754
vn -0.2237 -0.8969 0.3816
vn -0.2237 -0.8968 0.3816
vn -0.4960 -0.1971 0.8456
vn -0.7551 -0.0000 -0.6556
vn 0.7551 -0.0059 0.6555
vn 0.7551 -0.0051 0.6555
vn -0.7551 -0.0044 -0.6555
vt 0.850367 0.468371
vt 0.849085 0.468370
vt 0.849084 0.469645
vt 0.813428 0.811641
vt 0.813437 0.810363
vt 0.812159 0.810354
vt 0.806714 0.469608
vt 0.806715 0.468334
vt 0.805433 0.468332
vt 0.859171 0.810683
vt 0.857893 0.810673
vt 0.857884 0.811952
vt 0.855928 0.441298
vt 0.855927 0.442572
vt 0.857214 0.442573
vt 0.805180 0.784501
vt 0.806460 0.784510
vt 0.806469 0.783229
vt 0.798579 0.442522
vt 0.799866 0.442523
vt 0.799868 0.441249
vt 0.865290 0.783639
vt 0.865281 0.784920
vt 0.866562 0.784929
vt 0.849089 0.321180
vt 0.847807 0.321178
vt 0.847805 0.322453
vt 0.810334 0.637713
vt 0.810344 0.636436
vt 0.809066 0.636426
vt 0.805434 0.322387
vt 0.805436 0.321113
vt 0.804154 0.321111
vt 0.856076 0.636784
vt 0.854798 0.636775
vt 0.854788 0.638052
vt 0.854720 0.294110
vt 0.854718 0.295384
vt 0.856005 0.295387
vt 0.802051 0.610567
vt 0.803332 0.610577
vt 0.803342 0.609296
vt 0.797369 0.295296
vt 0.798657 0.295298
vt 0.798659 0.294024
vt 0.862161 0.609745
vt 0.862152 0.611025
vt 0.863433 0.611035
vt 0.393946 0.657581
vt 0.392671 0.656812
vt 0.392924 0.719792
vt 0.394209 0.722858
vt 0.636305 0.202991
vt 0.637718 0.202669
vt 0.636647 0.143555
vt 0.635225 0.143671
vt 0.637910 0.206280
vt 0.638919 0.205193
vt 0.641236 0.207702
vt 0.641488 0.206279
vt 0.957513 0.207604
vt 0.957252 0.206182
vt 0.642888 0.198718
vt 0.644288 0.198400
vt 0.643334 0.142003
vt 0.641909 0.142118
vt 0.644630 0.202525
vt 0.645618 0.201439
vt 0.648445 0.204152
vt 0.648697 0.202732
vt 0.950319 0.204059
vt 0.950065 0.202639
vt 0.960864 0.206107
vt 0.959839 0.205035
vt 0.962450 0.202754
vt 0.961033 0.202463
vt 0.962941 0.144046
vt 0.961518 0.143965
vt 0.954113 0.202430
vt 0.953118 0.201346
vt 0.955824 0.198614
vt 0.954419 0.198323
vt 0.956240 0.142670
vt 0.954814 0.142589
vt 0.648229 0.023479
vt 0.648467 0.024901
vt 0.951190 0.026610
vt 0.951458 0.025191
vt 0.644387 0.025084
vt 0.645368 0.026178
vt 0.642598 0.028876
vt 0.643998 0.029207
vt 0.637696 0.021268
vt 0.638694 0.022366
vt 0.641272 0.021313
vt 0.641032 0.019889
vt 0.636062 0.024531
vt 0.637470 0.024869
vt 0.958445 0.023107
vt 0.958720 0.021687
vt 0.955527 0.030947
vt 0.956936 0.030679
vt 0.955266 0.026831
vt 0.954264 0.027897
vt 0.962065 0.023235
vt 0.961024 0.024293
vt 0.962193 0.026889
vt 0.963614 0.026620
vt 0.355071 0.189092
vt 0.052263 0.188727
vt 0.052208 0.213371
vt 0.355067 0.213736
vt 0.695438 0.222022
vt 0.392630 0.221861
vt 0.392592 0.246505
vt 0.695452 0.246666
vt 0.743852 0.417831
vt 0.740466 0.417828
vt 0.740441 0.442472
vt 0.743806 0.442475
vt 0.358457 0.189096
vt 0.358432 0.213740
vt 0.048877 0.188723
vt 0.048843 0.213367
vt 0.914179 0.270833
vt 0.910793 0.270828
vt 0.910779 0.295472
vt 0.914144 0.295477
vt 0.742660 0.270567
vt 0.739274 0.270562
vt 0.739230 0.295206
vt 0.742595 0.295211
vt 0.698823 0.222024
vt 0.698817 0.246668
vt 0.389245 0.221860
vt 0.389227 0.246504
vt 0.915371 0.417980
vt 0.911985 0.417977
vt 0.911988 0.442621
vt 0.915353 0.442624
vt 0.699985 0.656670
vt 0.397019 0.657889
vt 0.397285 0.724117
vt 0.700251 0.722899
vt 0.704323 0.655559
vt 0.703055 0.656338
vt 0.703317 0.721615
vt 0.704577 0.718539
vt 0.388254 0.922527
vt 0.388592 0.921339
vt 0.387887 0.919166
vt 0.386765 0.919382
vt 0.391651 0.924036
vt 0.391694 0.922860
vt 0.386827 0.853131
vt 0.385709 0.853180
vt 0.711118 0.738895
vt 0.710687 0.739973
vt 0.711939 0.742192
vt 0.713087 0.741940
vt 0.707675 0.737428
vt 0.707453 0.738536
vt 0.714651 0.852523
vt 0.713515 0.852462
vt 0.712513 0.918283
vt 0.713633 0.918522
vt 0.388030 0.739343
vt 0.388446 0.740425
vt 0.391515 0.738914
vt 0.391449 0.737789
vt 0.386073 0.742406
vt 0.387194 0.742637
vt 0.709480 0.922508
vt 0.709247 0.921399
vt 0.711674 0.921581
vt 0.711242 0.920493
vt 0.387677 0.853677
vt 0.035237 0.497901
vt 0.037239 0.497931
vt 0.038426 0.401699
vt 0.035963 0.401681
vt 0.740204 0.731207
vt 0.743531 0.730941
vt 0.744291 0.635932
vt 0.740946 0.635906
vt 0.747435 0.809903
vt 0.744091 0.809880
vt 0.743402 0.906098
vt 0.746736 0.904976
vt 0.708627 0.434451
vt 0.705282 0.434427
vt 0.704613 0.530699
vt 0.707939 0.530670
vt 0.387795 0.432107
vt 0.384450 0.432082
vt 0.383733 0.528292
vt 0.387060 0.528083
vt 0.924144 0.637304
vt 0.920799 0.637278
vt 0.920110 0.732353
vt 0.923426 0.733513
vt 0.356733 0.404218
vt 0.356013 0.499100
vt 0.359335 0.499546
vt 0.360077 0.404244
vt 0.923311 0.906210
vt 0.926628 0.907377
vt 0.927294 0.811158
vt 0.923949 0.811134
vt 0.390783 0.853986
vt 0.709865 0.853077
vt 0.712279 0.853034
vt 0.642389 0.085543
vt 0.640962 0.085467
vt 0.635678 0.084182
vt 0.634254 0.084104
vt 0.714474 0.807803
vt 0.713329 0.807878
vt 0.712100 0.807304
vt 0.709269 0.806898
vt 0.390733 0.807781
vt 0.387636 0.808069
vt 0.386600 0.808670
vt 0.385480 0.808606
vt 0.963356 0.085440
vt 0.961931 0.085494
vt 0.956635 0.086692
vt 0.955209 0.086746
vt 0.704153 0.613175
vt 0.702878 0.612406
vt 0.699806 0.612098
vt 0.396840 0.613316
vt 0.393770 0.613649
vt 0.392501 0.614428
vt 0.702616 0.547181
vt 0.703900 0.550246
vt 0.699540 0.545921
vt 0.396573 0.547139
vt 0.393507 0.548424
vt 0.392248 0.551500
vt 0.052151 0.239175
vt 0.355062 0.239540
vt 0.358406 0.239544
vt 0.740415 0.468276
vt 0.743759 0.468279
vt 0.855484 0.444241
vt 0.849427 0.467081
vt 0.911990 0.468425
vt 0.915335 0.468428
vt 0.389209 0.272308
vt 0.392553 0.272310
vt 0.695465 0.272471
vt 0.698810 0.272473
vt 0.739184 0.321011
vt 0.742528 0.321016
vt 0.854271 0.297055
vt 0.848152 0.319890
vt 0.910764 0.321276
vt 0.914108 0.321281
vt 0.048807 0.239171
vt 0.052009 0.328830
vt 0.354988 0.329197
vt 0.358312 0.329201
vt 0.740321 0.557931
vt 0.743645 0.557935
vt 0.849016 0.558027
vt 0.806629 0.557991
vt 0.911949 0.558079
vt 0.915273 0.558082
vt 0.389147 0.361962
vt 0.392471 0.361964
vt 0.695445 0.362128
vt 0.698769 0.362130
vt 0.739039 0.410667
vt 0.742363 0.410672
vt 0.847678 0.410835
vt 0.805292 0.410769
vt 0.910662 0.410930
vt 0.913986 0.410935
vt 0.048685 0.328825
vt 0.039068 0.375898
vt 0.036144 0.375878
vt 0.927467 0.785354
vt 0.924103 0.785331
vt 0.864800 0.786595
vt 0.858259 0.809398
vt 0.747639 0.784100
vt 0.744274 0.784076
vt 0.708811 0.408648
vt 0.705446 0.408623
vt 0.388009 0.406303
vt 0.384644 0.406279
vt 0.924337 0.611501
vt 0.920972 0.611475
vt 0.861674 0.612699
vt 0.855163 0.635497
vt 0.744511 0.610129
vt 0.741146 0.610103
vt 0.360278 0.378442
vt 0.356913 0.378415
vt 0.039699 0.351257
vt 0.036314 0.351234
vt 0.927634 0.760710
vt 0.924248 0.760687
vt 0.806640 0.759866
vt 0.865444 0.760276
vt 0.747835 0.759456
vt 0.744450 0.759433
vt 0.708986 0.384004
vt 0.705600 0.383979
vt 0.388214 0.381660
vt 0.384828 0.381635
vt 0.924522 0.586857
vt 0.921136 0.586831
vt 0.803528 0.585933
vt 0.862332 0.586382
vt 0.744724 0.585486
vt 0.741338 0.585460
vt 0.360470 0.353798
vt 0.357084 0.353771
vt 0.502460 0.186998
vt 0.503065 0.179654
vt 0.464387 0.170802
vt 0.461737 0.177677
vt 0.610111 0.175362
vt 0.607861 0.168344
vt 0.585631 0.176349
vt 0.587821 0.183437
vt 0.528212 0.190259
vt 0.528744 0.182860
vt 0.505268 0.180077
vt 0.504661 0.187421
vt 0.585500 0.183901
vt 0.583313 0.176811
vt 0.531106 0.182786
vt 0.530578 0.190187
vt 0.444863 0.139592
vt 0.448024 0.146248
vt 0.485923 0.134502
vt 0.484766 0.127225
vt 0.486928 0.126637
vt 0.488087 0.133915
vt 0.511286 0.129367
vt 0.510197 0.122029
vt 0.512562 0.121922
vt 0.513648 0.129262
vt 0.566156 0.131280
vt 0.567801 0.124045
vt 0.570150 0.124332
vt 0.568502 0.131565
vt 0.591274 0.137869
vt 0.592988 0.130702
vt 0.856553 0.810664
vt 0.814778 0.810373
vt 0.801624 0.442524
vt 0.854171 0.442570
vt 0.609912 0.167436
vt 0.608897 0.167920
vt 0.611146 0.174937
vt 0.612160 0.174452
vt 0.504163 0.179897
vt 0.503558 0.187240
vt 0.584494 0.176653
vt 0.586683 0.183743
vt 0.529919 0.182900
vt 0.529389 0.190301
vt 0.848805 0.468010
vt 0.847738 0.468369
vt 0.813714 0.810009
vt 0.813091 0.809081
vt 0.808061 0.468335
vt 0.806995 0.467974
vt 0.806373 0.467045
vt 0.857622 0.810316
vt 0.855244 0.443089
vt 0.806914 0.786190
vt 0.807153 0.785037
vt 0.808230 0.784522
vt 0.800310 0.444194
vt 0.800550 0.443043
vt 0.863510 0.784908
vt 0.864579 0.785438
vt 0.853457 0.636764
vt 0.811683 0.636446
vt 0.800412 0.295301
vt 0.852960 0.295382
vt 0.487000 0.134177
vt 0.485842 0.126900
vt 0.592338 0.138214
vt 0.594051 0.131047
vt 0.446952 0.146589
vt 0.443791 0.139933
vt 0.512455 0.129239
vt 0.511368 0.121899
vt 0.567346 0.131348
vt 0.568993 0.124113
vt 0.847528 0.320819
vt 0.846461 0.321176
vt 0.810620 0.636082
vt 0.809996 0.635154
vt 0.806783 0.321115
vt 0.805717 0.320754
vt 0.805097 0.319822
vt 0.854526 0.636416
vt 0.854033 0.295903
vt 0.803788 0.612259
vt 0.804026 0.611105
vt 0.805103 0.610590
vt 0.799095 0.296969
vt 0.799338 0.295818
vt 0.860382 0.611012
vt 0.861452 0.611542
vt 0.854748 0.270740
vt 0.798704 0.270654
vt 0.809610 0.731468
vt 0.854081 0.731830
vt 0.855940 0.417927
vt 0.799896 0.417879
vt 0.812764 0.905439
vt 0.857235 0.905750
s 0
usemtl standardSurface1
f 1/1/1 2/2/1 3/3/1
f 4/4/2 5/5/2 6/6/2
f 7/7/1 8/8/1 9/9/1
f 10/10/2 11/11/2 12/12/2
f 13/13/1 14/14/1 15/15/1
f 16/16/2 17/17/2 18/18/2
f 19/19/1 20/20/1 21/21/1
f 22/22/2 23/23/2 24/24/2
f 25/25/2 26/26/2 27/27/2
f 28/28/1 29/29/1 30/30/1
f 31/31/2 32/32/2 33/33/2
f 34/34/1 35/35/1 36/36/1
f 37/37/2 38/38/2 39/39/2
f 40/40/1 41/41/1 42/42/1
f 43/43/2 44/44/2 45/45/2
f 46/46/1 47/47/1 48/48/1
f 49/49/3 50/50/3 51/51/3
f 49/49/3 51/51/3 52/52/3
s 1
f 53/53/4 54/54/5 55/55/6
f 53/53/4 55/55/6 56/56/6
f 54/54/5 53/53/4 57/57/7
f 54/54/5 57/57/7 58/58/7
f 59/58/8 60/57/8 61/59/9
f 59/58/8 61/59/9 62/60/10
f 62/60/10 61/59/9 63/61/11
f 62/60/10 63/61/11 64/62/12
f 65/63/13 66/64/14 67/65/15
f 65/63/13 67/65/15 68/66/15
f 66/64/14 65/63/13 69/67/16
f 66/64/14 69/67/16 70/68/16
f 71/68/17 72/67/17 73/69/18
f 71/68/17 73/69/18 74/70/19
f 74/70/19 73/69/18 75/71/20
f 74/70/19 75/71/20 76/72/21
f 64/62/12 63/61/11 77/73/22
f 64/62/12 77/73/22 78/74/22
f 79/74/23 80/73/23 81/75/24
f 79/74/23 81/75/24 82/76/25
f 82/76/25 81/75/24 83/77/15
f 82/76/25 83/77/15 84/78/15
f 76/72/21 75/71/20 85/79/26
f 76/72/21 85/79/26 86/80/26
f 87/80/27 88/79/27 89/81/28
f 87/80/27 89/81/28 90/82/29
f 90/82/29 89/81/28 91/83/6
f 90/82/29 91/83/6 92/84/6
f 93/85/30 94/86/31 95/87/32
f 93/85/30 95/87/32 96/88/33
f 94/86/31 93/85/30 97/89/34
f 94/86/31 97/89/34 98/90/34
f 99/90/35 100/89/35 101/91/36
f 99/90/35 101/91/36 102/92/37
f 103/93/38 104/94/38 105/95/39
f 103/93/38 105/95/39 106/96/40
f 107/94/41 108/93/41 109/97/42
f 107/94/41 109/97/42 110/98/43
f 106/96/40 105/95/39 111/99/44
f 106/96/40 111/99/44 112/100/45
f 113/101/46 114/102/47 115/103/48
f 113/101/46 115/103/48 116/104/48
f 117/104/49 118/103/49 96/88/33
f 117/104/49 96/88/33 95/87/32
f 119/105/50 120/106/50 121/107/51
f 119/105/50 121/107/51 122/108/52
f 123/106/53 124/105/53 112/100/45
f 123/106/53 112/100/45 111/99/44
s 0
f 125/60/3 126/62/3 127/71/3
f 125/60/3 127/71/3 128/69/3
f 129/76/3 130/78/3 131/83/3
f 129/76/3 131/83/3 132/81/3
f 133/99/3 134/95/3 135/85/3
f 133/99/3 135/85/3 136/88/3
f 137/66/3 138/55/3 139/54/3
f 137/66/3 139/54/3 140/63/3
s 1
f 141/109/54 142/110/55 143/111/56
f 141/109/54 143/111/56 144/112/54
f 145/113/57 146/114/58 147/115/59
f 145/113/57 147/115/59 148/116/57
s 0
f 139/54/3 149/58/3 150/67/3
f 139/54/3 150/67/3 140/63/3
f 149/58/3 125/60/3 128/69/3
f 149/58/3 128/69/3 150/67/3
f 126/62/3 151/74/3 152/79/3
f 126/62/3 152/79/3 127/71/3
f 151/74/3 129/76/3 132/81/3
f 151/74/3 132/81/3 152/79/3
f 134/95/3 153/94/3 154/89/3
f 134/95/3 154/89/3 135/85/3
f 153/94/3 155/98/3 156/91/3
f 153/94/3 156/91/3 154/89/3
f 157/107/3 158/106/3 159/103/3
f 157/107/3 159/103/3 160/102/3
f 158/106/3 133/99/3 136/88/3
f 158/106/3 136/88/3 159/103/3
s 1
f 161/117/60 162/118/61 163/119/61
f 161/117/60 163/119/61 164/120/62
f 165/121/63 141/109/54 144/112/54
f 165/121/63 144/112/54 166/122/63
f 142/110/55 167/123/64 168/124/64
f 142/110/55 168/124/64 143/111/56
f 169/125/65 170/126/66 171/127/67
f 169/125/65 171/127/67 172/128/65
f 173/129/68 174/130/69 175/131/69
f 173/129/68 175/131/69 176/132/70
f 177/133/71 145/113/57 148/116/57
f 177/133/71 148/116/57 178/134/71
f 146/114/58 179/135/72 180/136/72
f 146/114/58 180/136/72 147/115/59
f 181/137/73 182/138/74 183/139/75
f 181/137/73 183/139/75 184/140/73
s 0
f 185/141/3 186/142/3 187/143/3
f 185/141/3 187/143/3 188/144/3
f 189/142/3 190/49/3 191/52/3
f 189/142/3 191/52/3 192/143/3
f 193/145/3 194/146/3 195/147/3
f 193/145/3 195/147/3 196/148/3
f 197/146/3 198/141/3 199/144/3
f 197/146/3 199/144/3 200/147/3
s 1
f 201/149/76 202/150/77 203/151/78
f 201/149/76 203/151/78 204/152/79
f 205/150/80 206/149/81 207/153/82
f 205/150/80 207/153/82 208/154/83
f 204/152/79 203/151/78 209/155/84
f 204/152/79 209/155/84 210/156/85
f 211/157/86 212/158/87 213/159/88
f 211/157/86 213/159/88 214/160/89
f 215/158/90 216/157/91 217/161/92
f 215/158/90 217/161/92 218/162/93
f 219/163/94 220/164/95 221/165/96
f 219/163/94 221/165/96 222/166/97
f 223/167/98 224/168/98 225/169/99
f 223/167/98 225/169/99 226/170/100
f 227/168/101 228/167/102 229/171/103
f 227/168/101 229/171/103 230/172/104
f 226/170/100 225/169/99 218/162/93
f 226/170/100 218/162/93 217/161/92
f 208/154/83 207/153/82 231/173/105
f 208/154/83 231/173/105 232/174/106
f 233/175/107 234/176/108 232/174/106
f 233/175/107 232/174/106 231/173/105
f 235/176/109 236/175/110 222/166/97
f 235/176/109 222/166/97 221/165/96
f 203/151/78 202/150/77 237/177/111
f 203/151/78 237/177/111 209/155/84
f 238/178/112 239/179/113 240/180/114
f 238/178/112 240/180/114 241/181/115
f 242/182/116 243/183/117 244/184/118
f 242/182/116 244/184/118 245/185/119
f 246/186/120 247/187/121 248/188/122
f 246/186/120 248/188/122 249/189/123
f 250/190/124 251/191/125 252/192/126
f 250/190/124 252/192/126 253/193/127
f 254/194/128 255/195/129 256/196/130
f 254/194/128 256/196/130 257/197/131
f 258/198/132 259/199/133 260/200/134
f 258/198/132 260/200/134 261/201/135
f 262/202/136 240/180/114 239/179/113
f 262/202/136 239/179/113 263/203/137
f 251/191/125 254/194/128 257/197/131
f 251/191/125 257/197/131 252/192/126
f 263/203/137 264/204/138 265/205/139
f 263/203/137 265/205/139 262/202/136
f 266/206/140 267/207/141 268/208/142
f 266/206/140 268/208/142 269/209/143
f 270/210/144 271/177/145 272/150/146
f 270/210/144 272/150/146 273/154/147
f 274/211/148 270/210/144 273/154/147
f 274/211/148 273/154/147 275/174/149
f 220/164/95 276/212/150 235/176/109
f 220/164/95 235/176/109 221/165/96
f 277/212/151 274/211/148 275/174/149
f 277/212/151 275/174/149 278/176/152
s 0
f 68/66/15 67/65/15 279/213/15
f 68/66/15 279/213/15 280/214/15
f 281/214/3 282/215/3 138/55/3
f 281/214/3 138/55/3 137/66/3
f 56/56/6 55/55/6 283/215/6
f 56/56/6 283/215/6 284/216/6
s 1
f 285/217/153 286/218/154 220/164/95
f 285/217/153 220/164/95 219/163/94
f 286/218/154 287/219/155 276/212/150
f 286/218/154 276/212/150 220/164/95
f 288/219/156 289/220/157 274/211/148
f 288/219/156 274/211/148 277/212/151
f 289/220/157 290/221/158 270/210/144
f 289/220/157 270/210/144 274/211/148
f 290/221/158 291/222/159 271/177/145
f 290/221/158 271/177/145 270/210/144
f 209/155/84 237/177/111 292/222/160
f 209/155/84 292/222/160 293/223/161
f 210/156/85 209/155/84 293/223/161
f 210/156/85 293/223/161 294/224/162
s 0
f 84/78/15 83/77/15 295/225/15
f 84/78/15 295/225/15 296/226/15
f 131/83/3 130/78/3 297/226/3
f 131/83/3 297/226/3 298/227/3
f 92/84/6 91/83/6 299/227/6
f 92/84/6 299/227/6 300/228/6
f 301/229/3 302/230/3 194/146/3
f 301/229/3 194/146/3 193/145/3
f 302/230/3 303/231/3 198/141/3
f 302/230/3 198/141/3 197/146/3
f 304/231/3 305/232/3 186/142/3
f 304/231/3 186/142/3 185/141/3
f 306/232/3 307/233/3 190/49/3
f 306/232/3 190/49/3 189/142/3
f 308/233/3 309/234/3 50/50/3
f 308/233/3 50/50/3 49/49/3
s 1
f 280/214/15 279/213/15 102/92/37
f 280/214/15 102/92/37 101/91/36
s 0
f 155/98/3 282/215/3 281/214/3
f 155/98/3 281/214/3 156/91/3
s 1
f 284/216/6 283/215/6 110/98/43
f 284/216/6 110/98/43 109/97/42
f 214/160/89 213/159/88 286/218/154
f 214/160/89 286/218/154 285/217/153
f 213/159/88 212/158/87 287/219/155
f 213/159/88 287/219/155 286/218/154
f 310/162/163 289/220/157 288/219/156
f 310/162/163 288/219/156 311/158/164
f 312/169/165 290/221/158 289/220/157
f 312/169/165 289/220/157 310/162/163
f 313/168/166 291/222/159 290/221/158
f 313/168/166 290/221/158 312/169/165
f 293/223/161 292/222/160 314/168/167
f 293/223/161 314/168/167 230/172/104
f 294/224/162 293/223/161 230/172/104
f 294/224/162 230/172/104 229/171/103
f 296/226/15 295/225/15 122/108/52
f 296/226/15 122/108/52 121/107/51
s 0
f 298/227/3 297/226/3 157/107/3
f 298/227/3 157/107/3 160/102/3
s 1
f 300/228/6 299/227/6 114/102/47
f 300/228/6 114/102/47 113/101/46
s 0
f 315/235/3 302/230/3 301/229/3
f 315/235/3 301/229/3 316/236/3
f 317/237/3 303/231/3 302/230/3
f 317/237/3 302/230/3 315/235/3
f 318/238/3 305/232/3 304/231/3
f 318/238/3 304/231/3 319/237/3
f 320/239/3 307/233/3 306/232/3
f 320/239/3 306/232/3 321/238/3
f 322/240/3 309/234/3 308/233/3
f 322/240/3 308/233/3 323/239/3
s 1
f 144/112/54 143/111/56 324/241/168
f 144/112/54 324/241/168 325/242/54
f 166/122/63 144/112/54 325/242/54
f 166/122/63 325/242/54 326/243/169
f 164/120/62 163/119/61 327/244/170
f 164/120/62 327/244/170 328/245/171
f 328/245/171 9/9/1 19/19/1
f 328/245/171 19/19/1 164/120/62
s 0
f 1/1/1 15/15/1 329/246/1
f 1/1/172 329/246/172 330/247/172
s 1
f 184/140/73 183/139/75 331/248/173
f 184/140/73 331/248/173 332/249/174
f 147/115/59 180/136/72 333/250/175
f 147/115/59 333/250/175 334/251/176
f 148/116/57 147/115/59 334/251/176
f 148/116/57 334/251/176 335/252/57
f 178/134/71 148/116/57 335/252/57
f 178/134/71 335/252/57 336/253/177
f 176/132/70 175/131/69 337/254/178
f 176/132/70 337/254/178 338/255/179
f 338/255/179 33/33/2 43/43/2
f 338/255/179 43/43/2 176/132/70
s 0
f 25/25/2 39/39/2 339/256/2
f 25/25/2 339/256/2 340/257/2
s 1
f 172/128/65 171/127/67 341/258/180
f 172/128/65 341/258/180 342/259/181
f 143/111/56 168/124/64 343/260/182
f 143/111/56 343/260/182 324/241/168
f 325/242/54 324/241/168 344/261/183
f 325/242/54 344/261/183 345/262/54
f 326/243/169 325/242/54 345/262/54
f 326/243/169 345/262/54 346/263/184
f 328/245/171 327/244/170 347/264/185
f 328/245/171 347/264/185 348/265/186
s 0
f 349/266/1 3/3/1 7/7/1
f 349/266/1 7/7/1 350/267/1
s 1
f 332/249/174 331/248/173 351/268/187
f 332/249/174 351/268/187 352/269/188
f 334/251/176 333/250/175 353/270/189
f 334/251/176 353/270/189 354/271/190
f 335/252/57 334/251/176 354/271/190
f 335/252/57 354/271/190 355/272/57
f 336/253/177 335/252/57 355/272/57
f 336/253/177 355/272/57 356/273/191
f 338/255/179 337/254/178 357/274/192
f 338/255/179 357/274/192 358/275/193
s 0
f 359/276/2 27/27/2 31/31/2
f 359/276/2 31/31/2 360/277/2
s 1
f 342/259/181 341/258/180 361/278/194
f 342/259/181 361/278/194 362/279/195
f 324/241/168 343/260/182 363/280/196
f 324/241/168 363/280/196 344/261/183
f 241/181/115 240/180/114 364/281/197
f 241/181/115 364/281/197 365/282/198
f 269/209/143 268/208/142 366/283/199
f 269/209/143 366/283/199 367/284/200
s 0
f 10/10/2 24/24/2 368/285/2
f 10/10/2 368/285/2 369/286/2
s 1
f 370/287/201 371/288/202 247/187/121
f 370/287/201 247/187/121 246/186/120
f 372/289/203 373/290/125 251/191/125
f 372/289/203 251/191/125 250/190/124
f 373/290/125 374/291/128 254/194/128
f 373/290/125 254/194/128 251/191/125
f 374/291/128 375/292/204 255/195/129
f 374/291/128 255/195/129 254/194/128
f 376/293/205 377/294/206 259/199/133
f 376/293/205 259/199/133 258/198/132
s 0
f 34/34/1 48/48/1 378/295/1
f 34/34/1 378/295/1 379/296/1
s 1
f 245/185/119 244/184/118 380/297/207
f 245/185/119 380/297/207 381/298/208
f 262/202/136 265/205/139 382/299/209
f 262/202/136 382/299/209 383/300/210
f 383/300/210 364/281/197 240/180/114
f 383/300/210 240/180/114 262/202/136
f 365/282/198 364/281/197 384/301/211
f 365/282/198 384/301/211 385/302/198
f 367/284/200 366/283/199 386/303/199
f 367/284/200 386/303/199 387/304/212
s 0
f 388/305/2 18/18/2 22/22/2
f 388/305/2 22/22/2 389/306/2
s 1
f 390/307/213 391/308/202 371/288/202
f 390/307/213 371/288/202 370/287/201
f 392/309/203 393/310/214 373/290/125
f 392/309/203 373/290/125 372/289/203
f 393/310/214 394/311/128 374/291/128
f 393/310/214 374/291/128 373/290/125
f 394/311/128 395/312/204 375/292/204
f 394/311/128 375/292/204 374/291/128
f 396/313/205 397/314/215 377/294/206
f 396/313/205 377/294/206 376/293/205
s 0
f 398/315/1 42/42/1 46/46/1
f 398/315/1 46/46/1 399/316/1
s 1
f 381/298/208 380/297/207 400/317/216
f 381/298/208 400/317/216 401/318/208
f 383/300/210 382/299/209 402/319/209
f 383/300/210 402/319/209 403/320/217
f 384/301/211 364/281/197 383/300/210
f 384/301/211 383/300/210 403/320/217
f 404/321/218 405/322/219 406/323/220
f 404/321/218 406/323/220 407/324/221
f 408/325/222 409/326/223 410/327/224
f 408/325/222 410/327/224 411/328/225
f 412/329/226 413/330/227 414/331/228
f 412/329/226 414/331/228 415/332/229
f 416/333/230 417/334/231 418/335/232
f 416/333/230 418/335/232 419/336/233
f 420/337/234 421/338/235 422/339/236
f 420/337/234 422/339/236 423/340/237
f 424/341/238 425/342/239 426/343/240
f 424/341/238 426/343/240 427/344/241
f 428/345/242 429/346/243 430/347/244
f 428/345/242 430/347/244 431/348/245
f 432/349/246 433/350/247 434/351/248
f 432/349/246 434/351/248 435/352/249
s 0
f 12/12/2 436/353/2 437/354/2
f 12/12/2 437/354/2 4/4/2
s 1
f 6/6/2 16/16/2 370/287/201
f 6/6/2 370/287/201 246/186/120
s 0
f 21/21/1 438/355/1 439/356/1
f 21/21/1 439/356/1 13/13/1
s 1
f 440/357/220 441/358/250 442/359/250
f 440/357/220 442/359/250 443/360/251
f 444/358/252 409/326/223 408/325/222
f 444/358/252 408/325/222 445/359/252
f 414/331/228 446/361/253 447/362/253
f 414/331/228 447/362/253 415/332/229
f 448/361/254 405/322/219 404/321/218
f 448/361/254 404/321/218 449/362/254
f 410/327/224 450/363/255 451/364/256
f 410/327/224 451/364/256 411/328/225
f 452/363/257 417/334/231 416/333/230
f 452/363/257 416/333/230 453/364/257
f 418/335/232 454/365/258 455/366/258
f 418/335/232 455/366/258 419/336/233
f 456/365/259 413/330/227 412/329/226
f 456/365/259 412/329/226 457/366/259
s 0
f 330/247/1 458/367/1 2/2/1
f 330/247/1 2/2/1 1/1/1
f 3/3/172 2/2/172 458/367/172
f 3/3/1 458/367/1 459/368/1
f 437/354/2 460/369/2 5/5/2
f 437/354/2 5/5/2 4/4/2
f 6/6/2 5/5/2 460/369/2
f 6/6/2 460/369/2 461/370/2
f 462/371/1 463/372/1 8/8/1
f 462/371/1 8/8/1 7/7/1
f 9/9/1 8/8/1 463/372/1
f 9/9/1 463/372/1 464/373/1
f 369/286/2 465/374/2 11/11/2
f 369/286/2 11/11/2 10/10/2
f 12/12/2 11/11/2 465/374/2
f 12/12/2 465/374/2 436/353/2
f 439/356/1 466/375/1 14/14/1
f 439/356/1 14/14/1 13/13/1
f 15/15/1 14/14/1 466/375/1
f 15/15/172 466/375/172 329/246/172
f 467/376/2 468/377/2 17/17/2
f 467/376/2 17/17/2 16/16/2
f 18/18/2 17/17/2 468/377/2
f 18/18/2 468/377/2 469/378/2
f 470/379/172 471/380/172 20/20/172
f 470/379/1 20/20/1 19/19/1
f 21/21/1 20/20/1 471/380/1
f 21/21/172 471/380/172 438/355/172
f 472/381/2 473/382/2 23/23/2
f 472/381/2 23/23/2 22/22/2
f 24/24/2 23/23/2 473/382/2
f 24/24/2 473/382/2 368/285/2
f 36/36/1 474/383/1 475/384/1
f 36/36/1 475/384/1 28/28/1
s 1
f 30/30/1 40/40/1 380/297/207
f 30/30/1 380/297/207 244/184/118
s 0
f 45/45/2 476/385/2 477/386/2
f 45/45/2 477/386/2 37/37/2
s 1
f 422/339/236 478/387/260 479/388/260
f 422/339/236 479/388/260 423/340/237
f 480/387/261 425/342/239 424/341/238
f 480/387/261 424/341/238 481/388/262
f 434/351/248 482/389/263 483/390/263
f 434/351/248 483/390/263 435/352/249
f 484/391/264 421/338/235 420/337/234
f 484/391/264 420/337/234 485/392/264
f 426/343/240 486/393/265 487/394/265
f 426/343/240 487/394/265 427/344/241
f 488/393/266 429/346/243 428/345/242
f 488/393/266 428/345/242 489/394/266
f 430/347/244 490/395/267 491/396/268
f 430/347/244 491/396/268 431/348/245
f 492/395/269 433/350/247 432/349/246
f 492/395/269 432/349/246 493/396/269
s 0
f 340/257/2 494/397/2 26/26/2
f 340/257/2 26/26/2 25/25/2
f 27/27/2 26/26/2 494/397/2
f 27/27/270 494/397/270 495/398/270
f 475/384/1 496/399/1 29/29/1
f 475/384/1 29/29/1 28/28/1
f 30/30/1 29/29/1 496/399/1
f 30/30/1 496/399/1 497/400/1
f 498/401/2 499/402/2 32/32/2
f 498/401/2 32/32/2 31/31/2
f 33/33/2 32/32/2 499/402/2
f 33/33/2 499/402/2 500/403/2
f 379/296/1 501/404/1 35/35/1
f 379/296/1 35/35/1 34/34/1
f 36/36/1 35/35/1 501/404/1
f 36/36/1 501/404/1 474/383/1
f 477/386/2 502/405/2 38/38/2
f 477/386/2 38/38/2 37/37/2
f 39/39/2 38/38/2 502/405/2
f 39/39/270 502/405/270 339/256/270
f 503/406/1 504/407/1 41/41/1
f 503/406/1 41/41/1 40/40/1
f 42/42/1 41/41/1 504/407/1
f 42/42/1 504/407/1 505/408/1
f 506/409/2 507/410/2 44/44/2
f 506/409/2 44/44/2 43/43/2
f 45/45/2 44/44/2 507/410/2
f 45/45/2 507/410/2 476/385/2
f 508/411/1 509/412/1 47/47/1
f 508/411/1 47/47/1 46/46/1
f 48/48/1 47/47/1 509/412/1
f 48/48/1 509/412/1 378/295/1
f 31/31/2 27/27/2 495/398/2
f 31/31/2 495/398/2 498/401/2
s 1
f 171/127/67 39/39/2 25/25/2
f 171/127/67 25/25/2 341/258/180
s 0
f 43/43/270 33/33/270 500/403/270
f 43/43/2 500/403/2 506/409/2
f 45/45/2 37/37/2 510/413/2
f 45/45/2 510/413/2 511/414/2
f 503/406/1 40/40/1 30/30/1
f 503/406/1 30/30/1 497/400/1
f 46/46/1 42/42/1 505/408/1
f 46/46/1 505/408/1 508/411/1
s 1
f 377/294/206 48/48/1 34/34/1
f 377/294/206 34/34/1 259/199/133
f 36/36/1 28/28/1 512/415/271
f 36/36/1 512/415/271 513/416/272
s 0
f 19/19/1 9/9/1 464/373/1
f 19/19/1 464/373/1 470/379/1
f 7/7/1 3/3/1 459/368/1
f 7/7/1 459/368/1 462/371/1
s 1
f 183/139/75 15/15/1 1/1/1
f 183/139/75 1/1/1 331/248/173
s 0
f 21/21/1 13/13/1 514/417/1
f 21/21/1 514/417/1 515/418/1
f 22/22/2 18/18/2 469/378/2
f 22/22/2 469/378/2 472/381/2
s 1
f 367/284/200 24/24/2 10/10/2
f 367/284/200 10/10/2 269/209/143
f 12/12/2 4/4/2 516/419/273
f 12/12/2 516/419/273 517/420/273
s 0
f 467/376/2 16/16/2 6/6/2
f 467/376/2 6/6/2 461/370/2
s 1
f 170/126/66 39/39/2 171/127/67
f 39/39/2 170/126/66 37/37/2
f 37/37/2 170/126/66 510/413/2
f 21/21/1 164/120/62 19/19/1
f 164/120/62 21/21/1 161/117/60
f 161/117/60 21/21/1 515/418/1
f 269/209/143 517/420/273 266/206/140
f 517/420/273 269/209/143 12/12/2
f 12/12/2 269/209/143 10/10/2
f 183/139/75 13/13/1 15/15/1
f 13/13/1 183/139/75 182/138/74
f 13/13/1 182/138/74 514/417/1
f 259/199/133 513/416/272 260/200/134
f 513/416/272 259/199/133 36/36/1
f 36/36/1 259/199/133 34/34/1
f 45/45/2 176/132/70 43/43/2
f 176/132/70 45/45/2 173/129/68
f 173/129/68 45/45/2 511/414/2
f 7/7/1 348/265/186 350/267/1
f 348/265/186 7/7/1 328/245/171
f 328/245/171 7/7/1 9/9/1
f 331/248/173 349/266/1 351/268/187
f 349/266/1 331/248/173 3/3/1
f 3/3/1 331/248/173 1/1/1
f 31/31/2 358/275/193 360/277/2
f 358/275/193 31/31/2 338/255/179
f 338/255/179 31/31/2 33/33/2
f 341/258/180 359/276/2 361/278/194
f 359/276/2 341/258/180 27/27/2
f 27/27/2 341/258/180 25/25/2
f 387/304/212 24/24/2 367/284/200
f 24/24/2 387/304/212 22/22/2
f 22/22/2 387/304/212 389/306/2
f 18/18/2 370/287/201 16/16/2
f 370/287/201 18/18/2 390/307/213
f 390/307/213 18/18/2 388/305/2
f 397/314/215 48/48/1 377/294/206
f 48/48/1 397/314/215 46/46/1
f 46/46/1 397/314/215 399/316/1
f 42/42/1 380/297/207 40/40/1
f 380/297/207 42/42/1 400/317/216
f 400/317/216 42/42/1 398/315/1
f 4/4/2 249/189/123 516/419/273
f 249/189/123 4/4/2 246/186/120
f 246/186/120 4/4/2 6/6/2
f 28/28/1 243/183/117 512/415/271
f 243/183/117 28/28/1 244/184/118
f 244/184/118 28/28/1 30/30/1
o pCube2_standardSurface1_0
v -0.000856 0.020089 -0.011382
v -0.000475 0.020149 -0.011262
v -0.000434 0.021498 -0.012066
v -0.000810 0.021439 -0.012184
v -0.000475 0.020149 -0.011262
v -0.000090 0.020046 -0.011415
v -0.000054 0.021397 -0.012217
v -0.000434 0.021498 -0.012066
v 0.025040 0.005916 -0.033762
v 0.025204 0.005710 -0.034098
v 0.025248 0.007058 -0.034905
v 0.025086 0.007261 -0.034573
v 0.025204 0.005710 -0.034098
v 0.025051 0.005522 -0.034421
v 0.025097 0.006872 -0.035223
v 0.025248 0.007058 -0.034905
v -0.015732 0.014485 -0.024567
v -0.015882 0.014299 -0.024885
v -0.015920 0.012951 -0.024079
v -0.015768 0.013139 -0.023757
v -0.015882 0.014299 -0.024885
v -0.015720 0.014096 -0.025217
v -0.015756 0.012745 -0.024415
v -0.015920 0.012951 -0.024079
v 0.009420 -0.000039 -0.047574
v 0.009800 -0.000141 -0.047724
v 0.009759 -0.001488 -0.046916
v 0.009374 -0.001384 -0.046763
v 0.009800 -0.000141 -0.047724
v 0.010175 -0.000082 -0.047606
v 0.010139 -0.001427 -0.046796
v 0.009759 -0.001488 -0.046916
v 0.010139 -0.001427 -0.046796
v 0.010175 -0.000082 -0.047606
v -0.015756 0.012745 -0.024415
v 0.009374 -0.001384 -0.046763
v 0.009181 -0.000971 -0.046082
v -0.014971 0.012608 -0.024605
v 0.010139 -0.001427 -0.046796
v 0.025051 0.005522 -0.034421
v 0.024266 0.005659 -0.034231
v 0.009946 -0.001014 -0.046115
v 0.025040 0.005916 -0.033762
v -0.000090 0.020046 -0.011415
v 0.000103 0.019633 -0.012096
v 0.024254 0.006053 -0.033573
v -0.000856 0.020089 -0.011382
v -0.015768 0.013139 -0.023757
v -0.014983 0.013002 -0.023946
v -0.000662 0.019676 -0.012063
v -0.014971 0.012608 -0.024605
v 0.009181 -0.000971 -0.046082
v 0.009213 -0.000074 -0.046625
v -0.014949 0.013511 -0.025139
v 0.009946 -0.001014 -0.046115
v 0.024266 0.005659 -0.034231
v 0.024299 0.006562 -0.034766
v 0.009968 -0.000116 -0.046658
v 0.024254 0.006053 -0.033573
v 0.000103 0.019633 -0.012096
v 0.000125 0.020536 -0.012630
v 0.024287 0.006951 -0.034116
v -0.000662 0.019676 -0.012063
v -0.014983 0.013002 -0.023946
v -0.014960 0.013900 -0.024489
v -0.000630 0.020578 -0.012597
v 0.009800 -0.000141 -0.047724
v 0.009420 -0.000039 -0.047574
v -0.015720 0.014096 -0.025217
v -0.015882 0.014299 -0.024885
v -0.000630 0.020578 -0.012597
v -0.014960 0.013900 -0.024489
v 0.009968 -0.000116 -0.046658
v 0.024299 0.006562 -0.034766
v -0.000475 0.020149 -0.011262
v -0.000282 0.019736 -0.011943
v 0.025204 0.005710 -0.034098
v 0.024419 0.005847 -0.033909
v 0.025204 0.005710 -0.034098
v 0.024419 0.005847 -0.033909
v -0.015920 0.012951 -0.024079
v -0.015135 0.012814 -0.024269
v 0.009759 -0.001488 -0.046916
v 0.009566 -0.001075 -0.046235
v 0.009759 -0.001488 -0.046916
v 0.009566 -0.001075 -0.046235
v -0.015135 0.012814 -0.024269
v -0.015111 0.013714 -0.024807
v -0.015135 0.012814 -0.024269
v -0.015111 0.013714 -0.024807
v 0.009566 -0.001075 -0.046235
v 0.009593 -0.000176 -0.046776
v 0.009566 -0.001075 -0.046235
v 0.009593 -0.000176 -0.046776
v 0.024419 0.005847 -0.033909
v 0.024449 0.006748 -0.034448
v 0.024419 0.005847 -0.033909
v 0.024449 0.006748 -0.034448
v -0.000282 0.019736 -0.011943
v -0.000255 0.020638 -0.012479
v -0.000282 0.019736 -0.011943
v -0.000255 0.020638 -0.012479
v 0.025248 0.007058 -0.034905
v -0.000434 0.021498 -0.012066
v -0.000054 0.021397 -0.012217
v 0.025086 0.007261 -0.034573
v 0.025097 0.006872 -0.035223
v -0.000810 0.021439 -0.012184
v -0.000434 0.021498 -0.012066
v 0.025248 0.007058 -0.034905
v 0.009800 -0.000141 -0.047724
v -0.015882 0.014299 -0.024885
v -0.015732 0.014485 -0.024567
v 0.010175 -0.000082 -0.047606
v 0.010175 -0.000082 -0.047606
v -0.015732 0.014485 -0.024567
v -0.000810 0.021439 -0.012184
v 0.025097 0.006872 -0.035223
v 0.009593 -0.000176 -0.046776
v -0.015111 0.013714 -0.024807
v -0.014949 0.013511 -0.025139
v 0.009213 -0.000074 -0.046625
v 0.009968 -0.000116 -0.046658
v -0.014960 0.013900 -0.024489
v -0.015111 0.013714 -0.024807
v 0.009593 -0.000176 -0.046776
v -0.000255 0.020638 -0.012479
v 0.024449 0.006748 -0.034448
v 0.024287 0.006951 -0.034116
v 0.000125 0.020536 -0.012630
v -0.000630 0.020578 -0.012597
v 0.024299 0.006562 -0.034766
v 0.024449 0.006748 -0.034448
v -0.000255 0.020638 -0.012479
vn -0.6832 0.3902 0.6173
vn -0.3317 0.4901 0.8061
vn -0.6832 0.3892 0.6179
vn 0.4308 0.4521 0.7810
vn 0.7215 0.3385 0.6041
vn 0.7215 0.3386 0.6040
vn 0.7272 0.3355 0.5989
vn 0.9225 0.1757 0.3438
vn 0.7272 0.3353 0.5990
vn 0.9252 -0.2166 -0.3117
vn 0.6946 -0.3855 -0.6074
vn 0.6946 -0.3845 -0.6080
vn -0.6946 0.3848 0.6078
vn -0.9253 0.2135 0.3135
vn -0.6946 0.3839 0.6084
vn -0.9226 -0.1786 -0.3421
vn -0.7272 -0.3367 -0.5982
vn -0.7272 -0.3366 -0.5982
vn -0.7215 -0.3398 -0.6033
vn -0.4309 -0.4550 -0.7793
vn -0.7215 -0.3399 -0.6032
vn 0.3316 -0.4932 -0.8042
vn 0.6832 -0.3901 -0.6174
vn 0.6831 -0.3918 -0.6163
vn 0.6832 -0.3900 -0.6173
vn -0.0260 -0.8579 0.5131
vn 0.7273 0.3355 0.5987
vn 0.7214 0.3401 0.6032
vn 0.7214 0.3403 0.6031
vn 0.7274 0.3368 0.5979
vn -0.6830 0.3904 0.6174
vn -0.6948 0.3858 0.6070
vn -0.6948 0.3846 0.6077
vn -0.6829 0.3913 0.6168
vn -0.7273 -0.3363 -0.5982
vn -0.7214 -0.3384 -0.6042
vn -0.7214 -0.3382 -0.6044
vn -0.7273 -0.3350 -0.5990
vn 0.6830 -0.3901 -0.6176
vn 0.6949 -0.3834 -0.6084
vn 0.6948 -0.3845 -0.6077
vn 0.6830 -0.3889 -0.6183
vn 0.0260 0.8579 -0.5131
vn 0.9253 -0.2128 -0.3139
vn 0.9226 0.1793 0.3416
vn 0.4309 0.4557 0.7789
vn -0.3316 0.4939 0.8038
vn -0.9252 0.2173 0.3112
vn -0.9224 -0.1750 -0.3442
vn -0.4308 -0.4514 -0.7814
vn 0.3317 -0.4894 -0.8065
vt 0.499151 0.956068
vt 0.495818 0.956106
vt 0.495958 0.969093
vt 0.499245 0.969053
vt 0.492293 0.956141
vt 0.492473 0.969124
vt 0.190884 0.958978
vt 0.187358 0.959013
vt 0.187465 0.972000
vt 0.190945 0.971965
vt 0.184024 0.959040
vt 0.184174 0.972021
vt 0.669456 0.967091
vt 0.672746 0.967051
vt 0.672582 0.954069
vt 0.669250 0.954107
vt 0.676227 0.967002
vt 0.676109 0.954020
vt 0.977740 0.962891
vt 0.981223 0.962838
vt 0.981030 0.949855
vt 0.977501 0.949907
vt 0.984510 0.962792
vt 0.984360 0.949804
vt 0.013919 0.960282
vt 0.013956 0.973265
vt 0.594012 0.943365
vt 0.926763 0.933149
vt 0.920250 0.929516
vt 0.600292 0.939339
vt 0.740359 0.242796
vt 0.911449 0.240182
vt 0.907964 0.234331
vt 0.743663 0.236841
vt 0.063068 0.939139
vt 0.399691 0.946800
vt 0.393255 0.942821
vt 0.069700 0.935470
vt 0.402359 0.948512
vt 0.591402 0.945236
vt 0.587823 0.938674
vt 0.405707 0.941821
vt 0.775321 0.987275
vt 0.485663 0.985657
vt 0.485552 0.994330
vt 0.775333 0.995950
vt 0.478803 0.985609
vt 0.315457 0.984174
vt 0.315326 0.992846
vt 0.478784 0.994282
vt 0.308600 0.984106
vt 0.018958 0.980650
vt 0.018793 0.989322
vt 0.308557 0.992779
vt 0.945530 0.987698
vt 0.782179 0.987305
vt 0.782102 0.995978
vt 0.945565 0.996372
vt 0.365922 0.730539
vt 0.362367 0.729156
vt 0.032076 0.727125
vt 0.028505 0.728464
vt 0.041711 0.528301
vt 0.040570 0.707360
vt 0.368081 0.709447
vt 0.369222 0.530388
vt 0.400681 0.948587
vt 0.399868 0.941558
vt 0.914485 0.238762
vt 0.911000 0.232911
vt 0.059348 0.937730
vt 0.065728 0.934129
vt 0.593089 0.945247
vt 0.593644 0.938212
vt 0.927579 0.934720
vt 0.926881 0.927989
vt 0.737281 0.241469
vt 0.740585 0.235515
vt 0.778848 0.987292
vt 0.778815 0.995967
vt 0.482135 0.985636
vt 0.482072 0.994308
vt 0.312127 0.984147
vt 0.312039 0.992816
vt 0.015429 0.980605
vt 0.015310 0.989276
vt 0.948864 0.987705
vt 0.948855 0.996378
vt 0.364735 0.923564
vt 0.027318 0.921489
vt 0.030872 0.922872
vt 0.361164 0.924903
vt 0.366231 0.920287
vt 0.025862 0.918195
vt 0.027009 0.731741
vt 0.367377 0.733833
vt 0.366584 0.712724
vt 0.042025 0.710655
vt 0.045579 0.712039
vt 0.363013 0.714062
vt 0.043208 0.525025
vt 0.367767 0.527093
vt 0.364213 0.525710
vt 0.046780 0.523686
s 1
usemtl standardSurface1
f 518/421/274 519/422/275 520/423/275
f 518/421/274 520/423/275 521/424/276
f 522/422/277 523/425/278 524/426/279
f 522/422/277 524/426/279 525/423/277
f 526/427/280 527/428/281 528/429/281
f 526/427/280 528/429/281 529/430/282
f 530/428/283 531/431/284 532/432/285
f 530/428/283 532/432/285 533/429/283
f 534/433/286 535/434/287 536/435/287
f 534/433/286 536/435/287 537/436/288
f 538/434/289 539/437/290 540/438/291
f 538/434/289 540/438/291 541/435/289
f 542/439/292 543/440/293 544/441/293
f 542/439/292 544/441/293 545/442/294
f 546/440/295 547/443/296 548/444/297
f 546/440/295 548/444/297 549/441/295
f 523/425/278 526/427/280 529/430/282
f 523/425/278 529/430/282 524/426/279
f 540/438/291 539/437/290 542/439/292
f 540/438/291 542/439/292 545/442/294
f 531/431/284 550/445/298 551/446/298
f 531/431/284 551/446/298 532/432/285
f 537/436/288 518/421/274 521/424/276
f 537/436/288 521/424/276 534/433/286
s 0
f 552/447/299 553/448/299 554/449/299
f 552/447/299 554/449/299 555/450/299
f 556/451/299 557/452/299 558/453/299
f 556/451/299 558/453/299 559/454/299
f 560/455/299 561/456/299 562/457/299
f 560/455/299 562/457/299 563/458/299
f 564/459/299 565/460/299 566/461/299
f 564/459/299 566/461/299 567/462/299
s 1
f 568/463/300 569/464/301 570/465/302
f 568/463/300 570/465/302 571/466/303
f 572/467/304 573/468/305 574/469/306
f 572/467/304 574/469/306 575/470/307
f 576/471/308 577/472/309 578/473/310
f 576/471/308 578/473/310 579/474/311
f 580/475/312 581/476/313 582/477/314
f 580/475/312 582/477/314 583/478/315
s 0
f 584/479/316 585/480/316 586/481/316
f 584/479/316 586/481/316 587/482/316
f 588/483/299 589/484/299 590/485/299
f 588/483/299 590/485/299 591/486/299
f 561/456/299 592/487/299 593/488/299
f 561/456/299 593/488/299 562/457/299
f 592/487/299 564/459/299 567/462/299
f 592/487/299 567/462/299 593/488/299
f 557/452/299 594/489/299 595/490/299
f 557/452/299 595/490/299 558/453/299
f 596/491/299 560/455/299 563/458/299
f 596/491/299 563/458/299 597/492/299
f 565/460/299 598/493/299 599/494/299
f 565/460/299 599/494/299 566/461/299
f 598/493/299 552/447/299 555/450/299
f 598/493/299 555/450/299 599/494/299
f 553/448/299 600/495/299 601/496/299
f 553/448/299 601/496/299 554/449/299
f 602/497/299 556/451/299 559/454/299
f 602/497/299 559/454/299 603/498/299
s 1
f 581/476/313 604/499/317 605/500/317
f 581/476/313 605/500/317 582/477/314
f 606/499/318 568/463/300 571/466/303
f 606/499/318 571/466/303 607/500/318
f 569/464/301 608/501/319 609/502/319
f 569/464/301 609/502/319 570/465/302
f 610/501/320 572/467/304 575/470/307
f 610/501/320 575/470/307 611/502/320
f 573/468/305 612/503/321 613/504/321
f 573/468/305 613/504/321 574/469/306
f 614/503/322 576/471/308 579/474/311
f 614/503/322 579/474/311 615/504/322
f 577/472/309 616/505/323 617/506/323
f 577/472/309 617/506/323 578/473/310
f 618/507/324 580/475/312 583/478/315
f 618/507/324 583/478/315 619/508/324
s 0
f 620/509/316 621/510/316 622/511/316
f 620/509/316 622/511/316 623/512/316
f 624/513/316 625/514/316 626/510/316
f 624/513/316 626/510/316 627/509/316
f 628/479/316 629/482/316 630/515/316
f 628/479/316 630/515/316 631/516/316
f 632/516/316 633/515/316 634/514/316
f 632/516/316 634/514/316 635/513/316
f 636/517/299 637/518/299 638/519/299
f 636/517/299 638/519/299 639/520/299
f 640/485/299 641/484/299 642/518/299
f 640/485/299 642/518/299 643/517/299
f 644/521/299 645/522/299 646/523/299
f 644/521/299 646/523/299 647/524/299
f 648/483/299 649/486/299 650/522/299
f 648/483/299 650/522/299 651/521/299
o pCube3_standardSurface2_0
v -0.054186 0.017591 0.001198
v -0.054186 0.001033 0.001198
v -0.046358 0.001033 0.023497
v -0.046358 0.017591 0.023497
v -0.033202 0.001033 -0.006168
v -0.033202 0.017591 -0.006168
v -0.025374 0.017591 0.016131
v -0.025374 0.001033 0.016131
v -0.045649 0.017591 0.023837
v -0.045649 0.001033 0.023837
v -0.025714 0.001033 0.016839
v -0.025714 0.017591 0.016839
v -0.033911 0.017591 -0.006509
v -0.033911 0.001033 -0.006509
v -0.053845 0.001033 0.000489
v -0.053845 0.017591 0.000489
v -0.054162 0.001033 0.000773
v -0.054162 0.017591 0.000773
v -0.054162 0.001033 0.000773
v -0.054162 0.017591 0.000773
v -0.046074 0.001033 0.023814
v -0.046074 0.017591 0.023814
v -0.046074 0.001033 0.023814
v -0.046074 0.017591 0.023814
v -0.033486 0.017591 -0.006485
v -0.033486 0.001033 -0.006485
v -0.033486 0.017591 -0.006485
v -0.033486 0.001033 -0.006485
v -0.025372 0.017591 0.016627
v -0.025422 0.001033 0.016485
v -0.025372 0.017591 0.016627
v -0.025422 0.001033 0.016485
v -0.054162 0.017591 0.000773
v -0.033486 0.017591 -0.006485
v -0.033911 0.017591 -0.006509
v -0.053845 0.017591 0.000489
v -0.025714 0.001033 0.016839
v -0.045649 0.001033 0.023837
v -0.046074 0.001033 0.023814
v -0.025422 0.001033 0.016485
v -0.025372 0.017591 0.016627
v -0.025374 0.017591 0.016131
v -0.046358 0.017591 0.023497
v -0.046074 0.017591 0.023814
v -0.045649 0.017591 0.023837
v -0.025714 0.017591 0.016839
v -0.036166 0.016866 0.019306
v -0.035949 0.016866 0.019230
v -0.043080 0.016866 -0.001085
v -0.043298 0.016866 -0.001008
v -0.054186 0.017591 0.001198
v -0.033202 0.017591 -0.006168
v -0.035949 0.017591 0.019230
v -0.036166 0.017591 0.019306
v -0.025374 0.017591 0.016131
v -0.033202 0.017591 -0.006168
v -0.043080 0.017591 -0.001085
v -0.035949 0.017591 0.019230
v -0.043298 0.017591 -0.001008
v -0.043080 0.017591 -0.001085
v -0.036166 0.017591 0.019306
v -0.035949 0.017591 0.019230
v -0.035949 0.016866 0.019230
v -0.036166 0.016866 0.019306
v -0.035949 0.017591 0.019230
v -0.043080 0.017591 -0.001085
v -0.043080 0.016866 -0.001085
v -0.035949 0.016866 0.019230
v -0.043080 0.017591 -0.001085
v -0.043298 0.017591 -0.001008
v -0.043298 0.016866 -0.001008
v -0.043080 0.016866 -0.001085
v -0.043298 0.017591 -0.001008
v -0.036166 0.017591 0.019306
v -0.036166 0.016866 0.019306
v -0.043298 0.016866 -0.001008
v -0.033202 0.001033 -0.006168
v -0.054186 0.001033 0.001198
v -0.054162 0.001033 0.000773
v -0.033486 0.001033 -0.006485
v -0.033486 0.001033 -0.006485
v -0.054162 0.001033 0.000773
v -0.053845 0.001033 0.000489
v -0.033911 0.001033 -0.006509
v -0.025374 0.001033 0.016131
v -0.046358 0.001033 0.023497
v -0.025422 0.001033 0.016485
v -0.046074 0.001033 0.023814
v -0.046358 0.001033 0.023497
v -0.025374 0.001033 0.016131
vn -0.9458 -0.0001 0.3248
vn -0.9458 -0.0000 0.3248
vn -0.9413 -0.0000 0.3377
vn 0.9413 -0.0000 -0.3377
vn 0.9413 -0.0000 -0.3376
vn 0.9458 -0.0000 -0.3248
vn 0.3241 0.0001 0.9460
vn 0.3240 -0.0000 0.9460
vn 0.3384 -0.0001 0.9410
vn 0.3384 -0.0000 0.9410
vn -0.3241 -0.0000 -0.9460
vn -0.3240 -0.0000 -0.9460
vn -0.3384 -0.0000 -0.9410
vn -0.6671 -0.0000 -0.7450
vn -0.9985 -0.0000 -0.0551
vn -0.7450 -0.0000 0.6671
vn -0.0551 -0.0000 0.9985
vn 0.0551 -0.0000 -0.9985
vn 0.7450 -0.0000 -0.6671
vn 0.9985 -0.0017 0.0551
vn 0.6671 -0.0042 0.7450
vn 0.6671 -0.0042 0.7449
vn -0.0000 1.0000 -0.0000
vn -0.0000 -1.0000 -0.0000
vn -0.3312 -0.0000 -0.9435
vn -0.9435 -0.0000 0.3312
vn 0.3312 -0.0000 0.9435
vn 0.3312 -0.0000 0.9436
vn 0.9435 -0.0000 -0.3312
vt 0.084425 0.965032
vt 0.336970 0.961760
vt 0.347498 0.598468
vt 0.084560 0.585135
vt 0.684026 0.969920
vt 0.948887 0.979848
vt 0.943585 0.598624
vt 0.693093 0.607526
vt 0.091983 0.018143
vt 0.096209 0.266928
vt 0.411655 0.287556
vt 0.435491 0.020834
vt 0.411120 0.568396
vt 0.415750 0.318771
vt 0.099612 0.289194
vt 0.069659 0.554273
vt 0.093429 0.286346
vt 0.063118 0.553005
vt 0.338583 0.968070
vt 0.084916 0.971673
vt 0.349373 0.592224
vt 0.085279 0.578529
vt 0.089840 0.268890
vt 0.085326 0.018792
vt 0.417789 0.568003
vt 0.422178 0.317009
vt 0.948259 0.986463
vt 0.682231 0.976172
vt 0.942763 0.590908
vt 0.691440 0.602364
vt 0.441695 0.022024
vt 0.418191 0.291161
vt 0.494488 0.559196
vt 0.496653 0.217904
vt 0.494078 0.224010
vt 0.491991 0.553058
vt 0.878141 0.220324
vt 0.870863 0.217742
vt 0.868666 0.564106
vt 0.874804 0.561609
vt 0.877379 0.555503
vt 0.879467 0.226455
vt 0.886058 0.163709
vt 0.886067 0.160122
vt 0.550747 0.159233
vt 0.550737 0.162820
vt 0.500594 0.561771
vt 0.502791 0.215407
vt 0.860763 0.389073
vt 0.860740 0.392661
vt 0.525448 0.386946
vt 0.525425 0.390533
vt 0.897351 0.163739
vt 0.897361 0.160152
vt 0.886097 0.148828
vt 0.550776 0.147939
vt 0.539453 0.159202
vt 0.539443 0.162790
vt 0.550707 0.174114
vt 0.886028 0.175003
s 1
usemtl standardSurface2
f 652/525/325 653/526/326 654/527/327
f 652/525/325 654/527/327 655/528/327
f 656/529/328 657/530/329 658/531/330
f 656/529/328 658/531/330 659/532/330
f 660/533/331 661/534/332 662/535/333
f 660/533/331 662/535/333 663/536/334
f 664/537/335 665/538/336 666/539/337
f 664/537/335 666/539/337 667/540/337
f 666/539/337 668/541/338 669/542/338
f 666/539/337 669/542/338 667/540/337
f 670/543/339 653/526/326 652/525/325
f 670/543/339 652/525/325 671/544/339
f 654/527/327 672/545/340 673/546/340
f 654/527/327 673/546/340 655/528/327
f 674/547/341 661/534/332 660/533/331
f 674/547/341 660/533/331 675/548/341
f 664/537/335 676/549/342 677/550/342
f 664/537/335 677/550/342 665/538/336
f 678/551/343 657/530/329 656/529/328
f 678/551/343 656/529/328 679/552/343
f 658/531/330 680/553/344 681/554/344
f 658/531/330 681/554/344 659/532/330
f 682/555/345 663/536/334 662/535/333
f 682/555/345 662/535/333 683/556/346
s 0
f 684/557/347 685/558/347 686/559/347
f 684/557/347 686/559/347 687/560/347
f 688/535/348 689/534/348 690/547/348
f 688/535/348 690/547/348 691/556/348
f 692/561/347 693/562/347 694/563/347
f 692/561/347 694/563/347 695/564/347
f 692/561/347 695/564/347 696/565/347
f 692/561/347 696/565/347 697/566/347
f 698/567/347 699/568/347 700/569/347
f 698/567/347 700/569/347 701/570/347
f 702/571/347 703/572/347 685/558/347
f 702/571/347 685/558/347 684/557/347
f 694/563/347 693/562/347 704/573/347
f 694/563/347 704/573/347 705/574/347
f 706/562/347 707/572/347 708/575/347
f 706/562/347 708/575/347 709/573/347
f 703/572/347 702/571/347 710/576/347
f 703/572/347 710/576/347 711/575/347
f 702/571/347 694/563/347 705/574/347
f 702/571/347 705/574/347 710/576/347
f 712/577/349 713/578/349 714/568/349
f 712/577/349 714/568/349 715/567/349
f 716/579/350 717/580/350 718/569/350
f 716/579/350 718/569/350 719/568/350
f 720/581/351 721/582/351 722/570/351
f 720/581/352 722/570/352 723/569/352
f 724/583/353 725/584/353 726/567/353
f 724/583/353 726/567/353 727/570/353
f 728/529/348 729/526/348 730/543/348
f 728/529/348 730/543/348 731/552/348
f 732/550/348 733/541/348 734/539/348
f 732/550/348 734/539/348 735/538/348
f 736/532/348 737/527/348 729/526/348
f 736/532/348 729/526/348 728/529/348
f 738/554/348 739/545/348 740/527/348
f 738/554/348 740/527/348 741/532/348
o pCube4_standardSurface1_0
v -0.028330 0.010945 -0.049601
v -0.028274 0.010945 -0.049471
v -0.028274 0.010804 -0.049471
v -0.029058 0.010803 -0.049254
v -0.029058 0.010945 -0.049254
v -0.029115 0.010945 -0.049383
v -0.026398 0.010804 -0.045182
v -0.026398 0.010945 -0.045182
v -0.026341 0.010945 -0.045052
v -0.027033 0.010945 -0.044624
v -0.027090 0.010945 -0.044754
v -0.027090 0.010803 -0.044754
v -0.028575 0.013936 -0.050162
v -0.028575 0.013796 -0.050162
v -0.028632 0.013796 -0.050292
v -0.029432 0.013796 -0.050108
v -0.029375 0.013796 -0.049978
v -0.029375 0.013937 -0.049978
v -0.026037 0.013796 -0.044356
v -0.026094 0.013796 -0.044487
v -0.026094 0.013936 -0.044487
v -0.026771 0.013937 -0.044024
v -0.026771 0.013796 -0.044024
v -0.026714 0.013796 -0.043894
v 0.005206 0.010945 -0.058848
v 0.005150 0.010945 -0.058978
v 0.005150 0.010804 -0.058978
v 0.005934 0.010803 -0.059195
v 0.005934 0.010945 -0.059195
v 0.005991 0.010945 -0.059066
v 0.003274 0.010804 -0.063267
v 0.003274 0.010945 -0.063267
v 0.003217 0.010945 -0.063397
v 0.003910 0.010945 -0.063825
v 0.003966 0.010945 -0.063695
v 0.003966 0.010803 -0.063695
v 0.005454 0.013936 -0.058282
v 0.005454 0.013796 -0.058282
v 0.005511 0.013796 -0.058152
v 0.006310 0.013796 -0.058336
v 0.006253 0.013796 -0.058466
v 0.006253 0.013937 -0.058466
v 0.002915 0.013796 -0.064088
v 0.002972 0.013796 -0.063957
v 0.002972 0.013936 -0.063957
v 0.003649 0.013937 -0.064420
v 0.003649 0.013796 -0.064420
v 0.003593 0.013796 -0.064550
v -0.026235 0.001039 -0.045159
v -0.026398 0.001039 -0.045181
v -0.023610 0.001039 -0.038806
v -0.023345 0.001039 -0.038552
v -0.024168 0.016518 -0.038072
v -0.024075 0.016629 -0.038137
v -0.026672 0.016629 -0.044076
v -0.026771 0.016518 -0.044025
v -0.023899 0.016518 -0.037813
v -0.023855 0.016629 -0.037925
v -0.023855 0.016629 -0.037925
v -0.023899 0.016518 -0.037813
v -0.023525 0.016518 -0.037820
v -0.023549 0.016629 -0.037931
v 0.008604 0.016518 -0.051870
v 0.008539 0.016629 -0.051963
v -0.023706 0.016629 -0.038750
v -0.023613 0.016518 -0.038814
v -0.026094 0.016518 -0.044488
v -0.026193 0.016629 -0.044436
v -0.023388 0.016629 -0.038443
v -0.023344 0.016518 -0.038555
v -0.023344 0.016518 -0.038555
v -0.023388 0.016629 -0.038443
v -0.022945 0.016629 -0.038452
v -0.022970 0.016518 -0.038562
v 0.007747 0.016629 -0.051874
v 0.007682 0.016518 -0.051967
v 0.008863 0.016518 -0.052140
v 0.008751 0.016629 -0.052184
v 0.008751 0.016629 -0.052184
v 0.008863 0.016518 -0.052140
v 0.008856 0.016518 -0.052514
v 0.008745 0.016629 -0.052490
v 0.006253 0.016518 -0.058466
v 0.006148 0.016629 -0.058429
v 0.008054 0.016629 -0.052192
v 0.007942 0.016518 -0.052236
v 0.007942 0.016518 -0.052236
v 0.008054 0.016629 -0.052192
v 0.008045 0.016629 -0.052635
v 0.007934 0.016518 -0.052610
v 0.005558 0.016629 -0.058321
v 0.005453 0.016518 -0.058283
v -0.030869 0.016629 -0.056570
v -0.030804 0.016518 -0.056477
v -0.000152 0.016518 -0.069882
v -0.000176 0.016629 -0.069992
v -0.031175 0.016629 -0.056252
v -0.031063 0.016518 -0.056208
v -0.031063 0.016518 -0.056208
v -0.031175 0.016629 -0.056252
v -0.031167 0.016629 -0.055809
v -0.031056 0.016518 -0.055834
v -0.031985 0.016518 -0.056304
v -0.031873 0.016629 -0.056260
v -0.031661 0.016629 -0.056481
v -0.031726 0.016518 -0.056574
v -0.031873 0.016629 -0.056260
v -0.031985 0.016518 -0.056304
v -0.031978 0.016518 -0.055930
v -0.031867 0.016629 -0.055954
v 0.000427 0.016629 -0.070513
v 0.000403 0.016518 -0.070624
v 0.000492 0.016518 -0.069630
v 0.000585 0.016629 -0.069694
v 0.000266 0.016629 -0.070001
v 0.000222 0.016518 -0.069889
v 0.000222 0.016518 -0.069889
v 0.000266 0.016629 -0.070001
v 0.000777 0.016518 -0.070631
v 0.000733 0.016629 -0.070519
v 0.000954 0.016629 -0.070307
v 0.001047 0.016518 -0.070372
v 0.000733 0.016629 -0.070519
v 0.000777 0.016518 -0.070631
v -0.023549 0.016629 -0.037931
v 0.008539 0.016629 -0.051963
v 0.007747 0.016629 -0.051874
v -0.022945 0.016629 -0.038452
v 0.008745 0.016629 -0.052490
v 0.006148 0.016629 -0.058429
v 0.005558 0.016629 -0.058321
v 0.008045 0.016629 -0.052635
v 0.000427 0.016629 -0.070513
v -0.031661 0.016629 -0.056481
v -0.030869 0.016629 -0.056570
v -0.000176 0.016629 -0.069992
v -0.026193 0.016629 -0.044436
v -0.026672 0.016629 -0.044076
v -0.024075 0.016629 -0.038137
v -0.023706 0.016629 -0.038750
v -0.022970 0.016518 -0.038562
v 0.007682 0.016518 -0.051967
v 0.007685 0.013796 -0.051968
v -0.022972 0.013796 -0.038561
v -0.000152 0.016518 -0.069882
v -0.030804 0.016518 -0.056477
v -0.030807 0.013796 -0.056476
v -0.000149 0.013796 -0.069883
v -0.023855 0.016629 -0.037925
v -0.023388 0.016629 -0.038443
v 0.008751 0.016629 -0.052184
v 0.008054 0.016629 -0.052192
v -0.031873 0.016629 -0.056260
v -0.031175 0.016629 -0.056252
v -0.031867 0.016629 -0.055954
v -0.031167 0.016629 -0.055809
v 0.000954 0.016629 -0.070307
v 0.000733 0.016629 -0.070519
v 0.000266 0.016629 -0.070001
v 0.000585 0.016629 -0.069694
v -0.023613 0.016518 -0.038814
v -0.023344 0.016518 -0.038555
v -0.023344 0.013796 -0.038554
v -0.023612 0.013796 -0.038812
v -0.023344 0.016518 -0.038555
v -0.023344 0.013796 -0.038554
v 0.007942 0.016518 -0.052236
v 0.007943 0.013796 -0.052236
v 0.007942 0.016518 -0.052236
v 0.007934 0.016518 -0.052610
v 0.007935 0.013796 -0.052607
v 0.007943 0.013796 -0.052236
v 0.000492 0.016518 -0.069630
v 0.000222 0.016518 -0.069889
v 0.000222 0.013796 -0.069890
v 0.000490 0.013796 -0.069632
v 0.000222 0.016518 -0.069889
v 0.000222 0.013796 -0.069890
v -0.031063 0.016518 -0.056208
v -0.031064 0.013796 -0.056208
v -0.031063 0.016518 -0.056208
v -0.031056 0.016518 -0.055834
v -0.031057 0.013796 -0.055836
v -0.031064 0.013796 -0.056208
v 0.004759 0.001039 -0.058674
v -0.025910 0.001039 -0.045263
v -0.022978 0.001039 -0.038559
v 0.007690 0.001039 -0.051970
v -0.025910 0.001039 -0.045263
v -0.026235 0.001039 -0.045159
v -0.023345 0.001039 -0.038552
v -0.022978 0.001039 -0.038559
v 0.005150 0.001039 -0.058977
v 0.005055 0.001039 -0.058843
v 0.007945 0.001039 -0.052235
v 0.007938 0.001039 -0.052602
v 0.005055 0.001039 -0.058843
v 0.004759 0.001039 -0.058674
v 0.007690 0.001039 -0.051970
v 0.007945 0.001039 -0.052235
v 0.008867 0.000415 -0.052138
v 0.008825 0.000319 -0.052232
v 0.008789 0.000345 -0.052492
v 0.008859 0.000447 -0.052506
v 0.008825 0.000319 -0.052232
v 0.008867 0.000415 -0.052138
v 0.008612 0.000461 -0.051874
v 0.008574 0.000372 -0.051960
v 0.005876 0.000338 -0.059173
v 0.005934 0.000445 -0.059195
v -0.031988 0.000314 -0.056305
v -0.031950 0.000226 -0.056218
v -0.031929 0.000322 -0.055940
v -0.031981 0.000440 -0.055938
v -0.031950 0.000226 -0.056218
v -0.031988 0.000314 -0.056305
v -0.031734 0.000308 -0.056570
v -0.031683 0.000221 -0.056498
v -0.027090 0.000440 -0.044753
v -0.027049 0.000324 -0.044776
v -0.024130 0.000325 -0.038099
v -0.024165 0.000440 -0.038064
v 0.000778 0.000315 -0.070634
v 0.000817 0.000226 -0.070546
v 0.000446 0.000253 -0.070547
v 0.000411 0.000341 -0.070627
v 0.000817 0.000226 -0.070546
v 0.000778 0.000315 -0.070634
v 0.001043 0.000440 -0.070380
v 0.001008 0.000325 -0.070344
v -0.023679 0.000312 -0.037814
v -0.023699 0.000225 -0.037900
v -0.023900 0.000314 -0.037810
v -0.023938 0.000226 -0.037897
v -0.023938 0.000226 -0.037897
v -0.023900 0.000314 -0.037810
v 0.005829 0.000288 -0.059085
v -0.023900 0.000314 -0.037810
v -0.023679 0.000312 -0.037814
v -0.023627 0.010945 -0.037816
v -0.023900 0.010945 -0.037811
v 0.008867 0.000415 -0.052138
v 0.008859 0.000447 -0.052506
v 0.008858 0.010945 -0.052508
v 0.008865 0.010945 -0.052139
v -0.031980 0.010945 -0.055936
v -0.031987 0.010945 -0.056305
v -0.031988 0.000314 -0.056305
v -0.031981 0.000440 -0.055938
v -0.031987 0.010945 -0.056305
v -0.031731 0.010945 -0.056571
v -0.031734 0.000308 -0.056570
v -0.031988 0.000314 -0.056305
v 0.000408 0.010945 -0.070626
v 0.000778 0.010945 -0.070633
v 0.000778 0.000315 -0.070634
v 0.000411 0.000341 -0.070627
v 0.000778 0.010945 -0.070633
v 0.001044 0.010945 -0.070377
v 0.001043 0.000440 -0.070380
v 0.000778 0.000315 -0.070634
v 0.008609 0.010945 -0.051873
v 0.008612 0.000461 -0.051874
v 0.008867 0.000415 -0.052138
v 0.008865 0.010945 -0.052139
v -0.024165 0.000440 -0.038064
v -0.023900 0.000314 -0.037810
v -0.023900 0.010945 -0.037811
v -0.024166 0.010945 -0.038067
v 0.005533 0.000332 -0.058915
v 0.005829 0.000288 -0.059085
v 0.008825 0.000319 -0.052232
v 0.008574 0.000372 -0.051960
v -0.026689 0.000224 -0.044851
v -0.023699 0.000225 -0.037900
v -0.026936 0.000226 -0.044753
v -0.026936 0.000226 -0.044753
v -0.023938 0.000226 -0.037897
v -0.028575 0.016518 -0.050161
v -0.028680 0.016629 -0.050123
v -0.028680 0.016629 -0.050123
v -0.029270 0.016629 -0.050015
v -0.029270 0.016629 -0.050015
v -0.029374 0.016518 -0.049978
v -0.029058 0.000440 -0.049255
v -0.029013 0.000323 -0.049269
v -0.028954 0.000226 -0.049367
v -0.028954 0.000226 -0.049367
v -0.028690 0.000223 -0.049539
v 0.003486 0.000292 -0.063596
v 0.003812 0.000257 -0.063697
v 0.003812 0.000257 -0.063697
v 0.003918 0.000332 -0.063670
v 0.003966 0.000443 -0.063696
v 0.003650 0.016518 -0.064419
v 0.003551 0.016629 -0.064368
v 0.003551 0.016629 -0.064368
v 0.003071 0.016629 -0.064008
v 0.003071 0.016629 -0.064008
v 0.002972 0.016518 -0.063956
v 0.003274 0.001039 -0.063268
v 0.003111 0.001039 -0.063290
v 0.002786 0.001039 -0.063186
v 0.002786 0.001039 -0.063186
v -0.027883 0.001039 -0.049775
v -0.027883 0.001039 -0.049775
v -0.028179 0.001039 -0.049607
v -0.028179 0.001039 -0.049607
v -0.028274 0.001039 -0.049472
v -0.031683 0.000221 -0.056498
v -0.031950 0.000226 -0.056218
v 0.000446 0.000253 -0.070547
v 0.000817 0.000226 -0.070546
v 0.000817 0.000226 -0.070546
v 0.000223 0.001039 -0.069892
v 0.000488 0.001039 -0.069638
v -0.000144 0.001039 -0.069885
v -0.030812 0.001039 -0.056474
v -0.000144 0.001039 -0.069885
v -0.031067 0.001039 -0.056209
v -0.030812 0.001039 -0.056474
v -0.031059 0.001039 -0.055842
v -0.031067 0.001039 -0.056209
v 0.007688 0.010945 -0.051969
v -0.022975 0.010945 -0.038560
v -0.023345 0.010945 -0.038553
v -0.023345 0.010945 -0.038553
v -0.023611 0.010945 -0.038809
v -0.028556 0.013611 -0.050117
v -0.028289 0.011087 -0.049506
v -0.031058 0.010945 -0.055839
v -0.031066 0.010945 -0.056209
v -0.031066 0.010945 -0.056209
v -0.030809 0.010945 -0.056475
v -0.000147 0.010945 -0.069884
v 0.000223 0.010945 -0.069891
v 0.000223 0.010945 -0.069891
v 0.000489 0.010945 -0.069635
v 0.005434 0.013611 -0.058327
v 0.005165 0.011087 -0.058943
v 0.007937 0.010945 -0.052605
v 0.007944 0.010945 -0.052235
v 0.007944 0.010945 -0.052235
v 0.007690 0.001039 -0.051970
v -0.022978 0.001039 -0.038559
v -0.023345 0.001039 -0.038552
v -0.023345 0.001039 -0.038552
v -0.023610 0.001039 -0.038806
v -0.028274 0.001039 -0.049472
v -0.026398 0.001039 -0.045181
v -0.031059 0.001039 -0.055842
v -0.031067 0.001039 -0.056209
v -0.031067 0.001039 -0.056209
v -0.030812 0.001039 -0.056474
v -0.000144 0.001039 -0.069885
v 0.000223 0.001039 -0.069892
v 0.000223 0.001039 -0.069892
v 0.000488 0.001039 -0.069638
v 0.005150 0.001039 -0.058977
v 0.003274 0.001039 -0.063268
v 0.007938 0.001039 -0.052602
v 0.007945 0.001039 -0.052235
v 0.007945 0.001039 -0.052235
v -0.023576 0.013796 -0.037818
v -0.023899 0.013796 -0.037812
v -0.023899 0.013796 -0.037812
v -0.024167 0.013796 -0.038070
v -0.026792 0.013610 -0.044072
v -0.027074 0.011086 -0.044718
v -0.031979 0.013796 -0.055933
v -0.031986 0.013796 -0.056305
v -0.031986 0.013796 -0.056305
v -0.031728 0.013796 -0.056573
v 0.000406 0.013796 -0.070625
v 0.000777 0.013796 -0.070632
v 0.000777 0.013796 -0.070632
v 0.001045 0.013796 -0.070374
v 0.003670 0.013610 -0.064373
v 0.003950 0.011086 -0.063731
v 0.008857 0.013796 -0.052511
v 0.008864 0.013796 -0.052139
v 0.008864 0.013796 -0.052139
v 0.008607 0.013796 -0.051871
v -0.023525 0.016518 -0.037820
v -0.023899 0.016518 -0.037813
v -0.023899 0.016518 -0.037813
v -0.024168 0.016518 -0.038072
v -0.029374 0.016518 -0.049978
v -0.026771 0.016518 -0.044025
v -0.031978 0.016518 -0.055930
v -0.031985 0.016518 -0.056304
v -0.031985 0.016518 -0.056304
v -0.031726 0.016518 -0.056574
v 0.000403 0.016518 -0.070624
v 0.000777 0.016518 -0.070631
v 0.000777 0.016518 -0.070631
v 0.001047 0.016518 -0.070372
v 0.006253 0.016518 -0.058466
v 0.003650 0.016518 -0.064419
v 0.008856 0.016518 -0.052514
v 0.008863 0.016518 -0.052140
v 0.008863 0.016518 -0.052140
v 0.008604 0.016518 -0.051870
v -0.027149 0.010945 -0.044889
v -0.026458 0.010945 -0.045318
v -0.028214 0.010945 -0.049335
v -0.028999 0.010945 -0.049118
v -0.029074 0.011086 -0.049290
v -0.028289 0.011087 -0.049506
v -0.028556 0.013611 -0.050117
v -0.029354 0.013610 -0.049931
v -0.026792 0.013610 -0.044072
v -0.026113 0.013611 -0.044532
v -0.026383 0.011087 -0.045147
v -0.027074 0.011086 -0.044718
v -0.029296 0.013796 -0.049799
v -0.028498 0.013796 -0.049984
v -0.026172 0.013796 -0.044665
v -0.026849 0.013796 -0.044203
v 0.004025 0.010945 -0.063560
v 0.003334 0.010945 -0.063131
v 0.005090 0.010945 -0.059114
v 0.005875 0.010945 -0.059331
v 0.005950 0.011086 -0.059159
v 0.005165 0.011087 -0.058943
v 0.005434 0.013611 -0.058327
v 0.006232 0.013610 -0.058513
v 0.006175 0.013796 -0.058645
v 0.005376 0.013796 -0.058460
v 0.003050 0.013796 -0.063780
v 0.003728 0.013796 -0.064241
v 0.003670 0.013610 -0.064373
v 0.002992 0.013611 -0.063913
v 0.003259 0.011087 -0.063302
v 0.003950 0.011086 -0.063731
v -0.027149 0.010945 -0.044889
v -0.028999 0.010945 -0.049118
v -0.026172 0.013796 -0.044665
v -0.028498 0.013796 -0.049984
v -0.028214 0.010945 -0.049335
v -0.028261 0.010984 -0.049443
v -0.029046 0.010984 -0.049226
v -0.028999 0.010945 -0.049118
v -0.028261 0.010984 -0.049443
v -0.029046 0.010984 -0.049226
v -0.026410 0.010984 -0.045210
v -0.027102 0.010984 -0.044781
v -0.026410 0.010984 -0.045210
v -0.027102 0.010984 -0.044781
v -0.028545 0.013738 -0.050092
v -0.029344 0.013738 -0.049908
v -0.028545 0.013738 -0.050092
v -0.029344 0.013738 -0.049908
v -0.026124 0.013738 -0.044556
v -0.026802 0.013738 -0.044095
v -0.026124 0.013738 -0.044556
v -0.026802 0.013738 -0.044095
v -0.028261 0.010984 -0.049443
v -0.028214 0.010945 -0.049335
v -0.029046 0.010984 -0.049226
v -0.029074 0.011086 -0.049290
v -0.026458 0.010945 -0.045318
v -0.026410 0.010984 -0.045210
v -0.026383 0.011087 -0.045147
v -0.027102 0.010984 -0.044781
v -0.028545 0.013738 -0.050092
v -0.029354 0.013610 -0.049931
v -0.029344 0.013738 -0.049908
v -0.029296 0.013796 -0.049799
v -0.026113 0.013611 -0.044532
v -0.026124 0.013738 -0.044556
v -0.026849 0.013796 -0.044203
v -0.026802 0.013738 -0.044095
v 0.004025 0.010945 -0.063560
v 0.005875 0.010945 -0.059331
v 0.003050 0.013796 -0.063780
v 0.005376 0.013796 -0.058460
v 0.005137 0.010984 -0.059006
v 0.005922 0.010984 -0.059223
v 0.005137 0.010984 -0.059006
v 0.005922 0.010984 -0.059223
v 0.003286 0.010984 -0.063239
v 0.003978 0.010984 -0.063668
v 0.003286 0.010984 -0.063239
v 0.003978 0.010984 -0.063668
v 0.005423 0.013738 -0.058352
v 0.006222 0.013738 -0.058536
v 0.005423 0.013738 -0.058352
v 0.006222 0.013738 -0.058536
v 0.003002 0.013738 -0.063888
v 0.003680 0.013738 -0.064349
v 0.003002 0.013738 -0.063888
v 0.003680 0.013738 -0.064349
v 0.005137 0.010984 -0.059006
v 0.005090 0.010945 -0.059114
v 0.005922 0.010984 -0.059223
v 0.005950 0.011086 -0.059159
v 0.003334 0.010945 -0.063131
v 0.003286 0.010984 -0.063239
v 0.003259 0.011087 -0.063302
v 0.003978 0.010984 -0.063668
v 0.005423 0.013738 -0.058352
v 0.006232 0.013610 -0.058513
v 0.006222 0.013738 -0.058536
v 0.006175 0.013796 -0.058645
v 0.002992 0.013611 -0.063913
v 0.003002 0.013738 -0.063888
v 0.003728 0.013796 -0.064241
v 0.003680 0.013738 -0.064349
v 0.005453 0.016518 -0.058283
v 0.002972 0.016518 -0.063956
v 0.005934 0.000445 -0.059195
v 0.003966 0.000443 -0.063696
v -0.028575 0.016518 -0.050161
v -0.026094 0.016518 -0.044488
v -0.029058 0.000440 -0.049255
v -0.027090 0.000440 -0.044753
vn 0.9162 -0.0000 -0.4007
vn -0.9162 -0.0000 0.4007
vn -0.0000 1.0000 -0.0000
vn -0.6403 0.7085 0.2967
vn -0.6419 0.7083 0.2939
vn -0.6479 0.7071 0.2833
vn -0.4901 0.7072 0.5096
vn 0.0138 0.7072 0.7069
vn 0.2812 0.7073 0.6485
vn 0.2804 0.7074 0.6488
vn 0.2852 0.7073 0.6468
vn 0.2859 0.7074 0.6464
vn 0.6385 0.7089 -0.2998
vn 0.6404 0.7085 -0.2965
vn 0.6479 0.7071 -0.2833
vn 0.4902 0.7070 -0.5097
vn -0.0138 0.7070 -0.7070
vn -0.2807 0.7074 -0.6487
vn -0.2797 0.7075 -0.6490
vn -0.2857 0.7074 -0.6465
vn -0.2866 0.7075 -0.6460
vn 0.5096 0.7072 0.4901
vn 0.7069 0.7072 -0.0138
vn 0.6525 0.7085 -0.2687
vn 0.6516 0.7083 -0.2717
vn -0.5097 0.7070 -0.4902
vn -0.7070 0.7070 0.0138
vn -0.6536 0.7089 0.2652
vn -0.6524 0.7085 0.2689
vn 0.2857 0.7074 0.6465
vn 0.2866 0.7075 0.6460
vn 0.2797 0.7075 0.6490
vn 0.2807 0.7074 0.6487
vn 0.5097 0.7070 0.4902
vn 0.7071 0.7070 -0.0138
vn 0.6536 0.7089 -0.2652
vn 0.6524 0.7085 -0.2689
vn -0.5096 0.7072 -0.4901
vn -0.2859 0.7074 -0.6464
vn -0.2852 0.7073 -0.6468
vn -0.7069 0.7072 0.0138
vn -0.6525 0.7086 0.2687
vn -0.6516 0.7083 0.2717
vn -0.2804 0.7074 -0.6488
vn -0.2812 0.7074 -0.6485
vn -0.6404 0.7085 0.2965
vn -0.6385 0.7089 0.2998
vn -0.4902 0.7070 0.5097
vn 0.0138 0.7070 0.7071
vn 0.4901 0.7072 -0.5096
vn 0.6419 0.7083 -0.2939
vn 0.6403 0.7086 -0.2966
vn -0.0138 0.7072 -0.7069
vn -0.3968 -0.0000 -0.9179
vn -0.4046 -0.0002 -0.9145
vn -0.4045 -0.0000 -0.9145
vn 0.3968 -0.0000 0.9179
vn 0.4046 -0.0002 0.9145
vn 0.4045 -0.0000 0.9145
vn 0.9072 -0.0002 -0.4206
vn 0.6931 -0.0004 -0.7208
vn 0.6932 -0.0004 -0.7208
vn 0.9074 -0.0000 -0.4202
vn -0.0195 -0.0004 -0.9998
vn -0.7208 -0.0004 -0.6932
vn -0.9998 -0.0004 0.0195
vn -0.9248 -0.0000 0.3805
vn -0.9246 -0.0000 0.3810
vn -0.9072 -0.0002 0.4206
vn -0.6932 -0.0004 0.7208
vn -0.9074 -0.0000 0.4202
vn 0.0195 -0.0004 0.9998
vn 0.7208 -0.0004 0.6932
vn 0.9998 -0.0004 -0.0196
vn 0.9248 -0.0000 -0.3806
vn 0.9246 -0.0000 -0.3809
vn 0.9998 -0.0004 -0.0195
vn 0.9998 -0.0029 -0.0202
vn 0.6313 -0.7587 -0.1610
vn 0.6111 -0.7476 -0.2602
vn 0.9239 -0.0058 -0.3825
vn 0.4388 -0.7142 0.5453
vn 0.4387 -0.7142 0.5453
vn 0.2823 -0.7167 0.6377
vn 0.2836 -0.7168 0.6371
vn 0.6904 -0.6584 -0.2998
vn 0.9162 -0.0061 -0.4006
vn -0.9998 -0.0040 0.0213
vn -0.7090 -0.6496 0.2743
vn -0.7483 -0.5796 0.3226
vn -0.9253 -0.0041 0.3793
vn -0.5185 -0.7052 -0.4835
vn -0.5183 -0.7054 -0.4834
vn -0.2851 -0.7069 -0.6472
vn -0.2859 -0.7070 -0.6468
vn -0.9162 -0.0045 0.4007
vn -0.7688 -0.5440 0.3362
vn -0.7447 -0.5799 0.3303
vn -0.9067 -0.0040 0.4218
vn -0.0561 -0.7011 -0.7108
vn -0.2799 -0.7069 -0.6496
vn -0.2813 -0.7068 -0.6491
vn 0.7436 -0.3357 -0.5783
vn 0.6943 -0.0038 -0.7197
vn 0.9067 -0.0044 -0.4218
vn 0.7265 -0.6077 -0.3208
vn 0.2798 -0.7167 0.6388
vn 0.2793 -0.7168 0.6389
vn 0.0088 -0.7064 0.7077
vn 0.0089 -0.7063 0.7078
vn -0.6818 -0.6515 0.3328
vn -0.6943 -0.0039 0.7197
vn 0.4590 -0.8662 -0.1977
vn 0.0195 0.0001 0.9998
vn 0.3970 0.0032 0.9178
vn 0.3970 -0.0014 0.9178
vn 0.0195 0.0003 0.9998
vn 0.9998 -0.0028 -0.0202
vn 0.9239 -0.0057 -0.3825
vn 0.9236 -0.0000 -0.3833
vn 0.9998 0.0002 -0.0196
vn -0.9236 -0.0000 0.3833
vn -0.9998 0.0002 0.0196
vn -0.9998 -0.0039 0.0212
vn -0.9253 -0.0040 0.3793
vn -0.7208 0.0003 -0.6932
vn -0.4044 -0.0000 -0.9146
vn -0.4043 -0.0000 -0.9146
vn -0.7207 0.0001 -0.6932
vn -0.3970 -0.0000 -0.9178
vn -0.0196 0.0002 -0.9998
vn -0.0196 0.0001 -0.9998
vn -0.3967 -0.0008 -0.9180
vn 0.6932 0.0003 -0.7208
vn 0.9085 -0.0000 -0.4180
vn 0.9067 -0.0042 -0.4218
vn 0.6943 -0.0037 -0.7197
vn 0.4032 -0.0001 0.9151
vn 0.4036 -0.0009 0.9149
vn 0.7208 0.0001 0.6932
vn 0.7208 0.0003 0.6932
vn -0.9067 -0.0039 0.4218
vn -0.6943 -0.0038 0.7197
vn -0.6932 0.0003 0.7208
vn -0.9085 -0.0000 0.4179
vn 0.0030 -1.0000 0.0023
vn -0.1167 -0.9915 0.0573
vn -0.1273 -0.9900 0.0607
vn 0.0036 -1.0000 0.0014
vn 0.0041 -1.0000 0.0017
vn 0.0044 -1.0000 0.0010
vn -0.6620 -0.6913 0.2895
vn -0.0045 -1.0000 0.0021
vn -0.0027 -1.0000 0.0013
vn -0.9162 -0.0046 0.4007
vn -0.7687 -0.5441 0.3361
vn -0.0082 -1.0000 0.0038
vn 0.0029 -1.0000 0.0022
vn 0.0021 -1.0000 0.0026
vn -0.0928 -0.9946 0.0468
vn 0.6180 -0.7392 -0.2675
vn 0.7347 -0.5986 -0.3192
vn 0.9162 -0.0052 -0.4007
vn 0.0023 -1.0000 0.0019
vn -0.0096 -0.9999 0.0043
vn 0.0019 -1.0000 0.0021
vn -0.0829 -0.9957 0.0414
vn 0.6333 -0.7236 -0.2745
vn -0.0195 -0.0003 -0.9998
vn 0.6932 -0.0003 -0.7208
vn 0.9081 -0.0000 -0.4187
vn 0.9162 -0.0000 -0.4006
vn 0.9239 -0.0000 -0.3826
vn 0.9998 -0.0003 -0.0196
vn 0.7208 -0.0003 0.6932
vn 0.0195 -0.0003 0.9998
vn -0.6932 -0.0003 0.7208
vn -0.9081 -0.0000 0.4187
vn -0.9239 -0.0000 0.3825
vn -0.9998 -0.0003 0.0195
vn -0.7208 -0.0003 -0.6932
vn -0.4045 -0.0001 -0.9145
vn -0.0196 -0.0001 -0.9998
vn 0.6932 -0.0001 -0.7208
vn 0.9083 -0.0001 -0.4184
vn 0.9238 -0.0001 -0.3829
vn 0.9998 -0.0001 -0.0195
vn 0.7208 -0.0001 0.6932
vn 0.4045 -0.0001 0.9145
vn 0.0195 -0.0001 0.9998
vn -0.6932 -0.0001 0.7208
vn -0.9083 -0.0001 0.4184
vn -0.9238 -0.0001 0.3829
vn -0.9998 -0.0001 0.0195
vn -0.7208 -0.0001 -0.6932
vn 0.3969 -0.0033 0.9178
vn 0.0195 0.0004 0.9998
vn -0.6932 0.0004 0.7208
vn -0.9078 -0.0000 0.4193
vn -0.9242 -0.0000 0.3818
vn -0.9998 0.0004 0.0196
vn -0.7208 0.0004 -0.6932
vn -0.0196 0.0004 -0.9998
vn 0.6932 0.0004 -0.7208
vn 0.9078 -0.0000 -0.4193
vn 0.9242 -0.0000 -0.3818
vn 0.9998 0.0004 -0.0196
vn 0.7208 0.0004 0.6932
vn 0.4039 -0.0033 0.9148
vn 0.3970 -0.0034 0.9178
vn -0.9076 0.0002 0.4197
vn -0.9244 0.0001 0.3815
vn -0.9998 0.0004 0.0195
vn -0.4044 0.0002 -0.9146
vn -0.3969 -0.0000 -0.9178
vn -0.0195 0.0004 -0.9998
vn 0.9076 0.0002 -0.4197
vn 0.9244 -0.0000 -0.3815
vn 0.9998 0.0004 -0.0195
vn 0.4041 0.0002 0.9147
vn -0.0062 0.9999 -0.0099
vn -0.0034 1.0000 -0.0055
vn 0.0017 1.0000 0.0062
vn 0.0031 0.9999 0.0112
vn 0.2369 0.2707 0.9330
vn 0.2369 0.2735 0.9322
vn 0.2375 0.2376 0.9419
vn 0.2375 0.2374 0.9419
vn -0.5301 0.2391 -0.8135
vn -0.5301 0.2395 -0.8135
vn -0.5234 0.2753 -0.8064
vn -0.5239 0.2725 -0.8070
vn 0.0032 -0.9999 0.0137
vn 0.0015 -1.0000 0.0065
vn -0.0038 -1.0000 -0.0056
vn -0.0079 -0.9999 -0.0116
vn 0.0062 0.9999 0.0099
vn 0.0034 1.0000 0.0055
vn -0.0017 1.0000 -0.0062
vn -0.0031 0.9999 -0.0113
vn -0.2368 0.2725 -0.9326
vn -0.2368 0.2753 -0.9318
vn -0.2374 0.2394 -0.9414
vn -0.2374 0.2391 -0.9415
vn -0.0032 -0.9999 -0.0137
vn -0.0015 -1.0000 -0.0065
vn 0.0038 -1.0000 0.0055
vn 0.0079 -0.9999 0.0116
vn 0.5303 0.2374 0.8139
vn 0.5303 0.2377 0.8138
vn 0.5236 0.2735 0.8068
vn 0.5242 0.2707 0.8074
vn 0.0853 0.9470 0.3098
vn 0.0031 0.9999 0.0113
vn 0.2204 0.5554 0.8018
vn -0.4387 0.5566 -0.7056
vn -0.1693 0.9471 -0.2726
vn 0.2214 -0.1971 0.9550
vn 0.2214 -0.1972 0.9550
vn 0.0998 -0.8968 0.4309
vn 0.0998 -0.8968 0.4310
vn -0.2489 -0.8966 -0.3662
vn -0.5510 -0.1958 -0.8112
vn -0.0852 0.9471 -0.3094
vn -0.2202 0.5566 -0.8011
vn -0.2202 0.5565 -0.8011
vn 0.4391 0.5554 0.7062
vn 0.1695 0.9470 0.2730
vn -0.2215 -0.1958 -0.9553
vn -0.0999 -0.8966 -0.4313
vn -0.0999 -0.8966 -0.4314
vn 0.2486 -0.8969 0.3658
vn 0.2487 -0.8968 0.3659
vn 0.5508 -0.1971 0.8110
vn 0.9162 -0.0059 -0.4006
vn 0.9162 -0.0051 -0.4007
vn -0.9162 -0.0044 0.4007
vt 0.850367 0.468371
vt 0.849085 0.468370
vt 0.849084 0.469645
vt 0.813428 0.811641
vt 0.813437 0.810363
vt 0.812159 0.810354
vt 0.806714 0.469608
vt 0.806715 0.468334
vt 0.805433 0.468332
vt 0.859171 0.810683
vt 0.857893 0.810673
vt 0.857884 0.811952
vt 0.855928 0.441298
vt 0.855927 0.442572
vt 0.857214 0.442573
vt 0.805180 0.784501
vt 0.806460 0.784510
vt 0.806469 0.783229
vt 0.798579 0.442522
vt 0.799866 0.442523
vt 0.799868 0.441249
vt 0.865290 0.783639
vt 0.865281 0.784920
vt 0.866562 0.784929
vt 0.849089 0.321180
vt 0.847807 0.321178
vt 0.847805 0.322453
vt 0.810334 0.637713
vt 0.810344 0.636436
vt 0.809066 0.636426
vt 0.805434 0.322387
vt 0.805436 0.321113
vt 0.804154 0.321111
vt 0.856076 0.636784
vt 0.854798 0.636775
vt 0.854788 0.638052
vt 0.854720 0.294110
vt 0.854718 0.295384
vt 0.856005 0.295387
vt 0.802051 0.610567
vt 0.803332 0.610577
vt 0.803342 0.609296
vt 0.797369 0.295296
vt 0.798657 0.295298
vt 0.798659 0.294024
vt 0.862161 0.609745
vt 0.862152 0.611025
vt 0.863433 0.611035
vt 0.393946 0.657581
vt 0.392671 0.656812
vt 0.392924 0.719792
vt 0.394209 0.722858
vt 0.636305 0.202991
vt 0.637718 0.202669
vt 0.636647 0.143555
vt 0.635225 0.143671
vt 0.637910 0.206280
vt 0.638919 0.205193
vt 0.641236 0.207702
vt 0.641488 0.206279
vt 0.957513 0.207604
vt 0.957252 0.206182
vt 0.642888 0.198718
vt 0.644288 0.198400
vt 0.643334 0.142003
vt 0.641909 0.142118
vt 0.644630 0.202525
vt 0.645618 0.201439
vt 0.648445 0.204152
vt 0.648697 0.202732
vt 0.950319 0.204059
vt 0.950065 0.202639
vt 0.960864 0.206107
vt 0.959839 0.205035
vt 0.962450 0.202754
vt 0.961033 0.202463
vt 0.962941 0.144046
vt 0.961518 0.143965
vt 0.954113 0.202430
vt 0.953118 0.201346
vt 0.955824 0.198614
vt 0.954419 0.198323
vt 0.956240 0.142670
vt 0.954814 0.142589
vt 0.648229 0.023479
vt 0.648467 0.024901
vt 0.951190 0.026610
vt 0.951458 0.025191
vt 0.644387 0.025084
vt 0.645368 0.026178
vt 0.642598 0.028876
vt 0.643998 0.029207
vt 0.637696 0.021268
vt 0.638694 0.022366
vt 0.641272 0.021313
vt 0.641032 0.019889
vt 0.636062 0.024531
vt 0.637470 0.024869
vt 0.958445 0.023107
vt 0.958720 0.021687
vt 0.955527 0.030947
vt 0.956936 0.030679
vt 0.955266 0.026831
vt 0.954264 0.027897
vt 0.962065 0.023235
vt 0.961024 0.024293
vt 0.962193 0.026889
vt 0.963614 0.026620
vt 0.355071 0.189092
vt 0.052263 0.188727
vt 0.052208 0.213371
vt 0.355067 0.213736
vt 0.695438 0.222022
vt 0.392630 0.221861
vt 0.392592 0.246505
vt 0.695452 0.246666
vt 0.743852 0.417831
vt 0.740466 0.417828
vt 0.740441 0.442472
vt 0.743806 0.442475
vt 0.358457 0.189096
vt 0.358432 0.213740
vt 0.048877 0.188723
vt 0.048843 0.213367
vt 0.914179 0.270833
vt 0.910793 0.270828
vt 0.910779 0.295472
vt 0.914144 0.295477
vt 0.742660 0.270567
vt 0.739274 0.270562
vt 0.739230 0.295206
vt 0.742595 0.295211
vt 0.698823 0.222024
vt 0.698817 0.246668
vt 0.389245 0.221860
vt 0.389227 0.246504
vt 0.915371 0.417980
vt 0.911985 0.417977
vt 0.911988 0.442621
vt 0.915353 0.442624
vt 0.699985 0.656670
vt 0.397019 0.657889
vt 0.397285 0.724117
vt 0.700251 0.722899
vt 0.704323 0.655559
vt 0.703055 0.656338
vt 0.703317 0.721615
vt 0.704577 0.718539
vt 0.388254 0.922527
vt 0.388592 0.921339
vt 0.387887 0.919166
vt 0.386765 0.919382
vt 0.391651 0.924036
vt 0.391694 0.922860
vt 0.386827 0.853131
vt 0.385709 0.853180
vt 0.711118 0.738895
vt 0.710687 0.739973
vt 0.711939 0.742192
vt 0.713087 0.741940
vt 0.707675 0.737428
vt 0.707453 0.738536
vt 0.714651 0.852523
vt 0.713515 0.852462
vt 0.712513 0.918283
vt 0.713633 0.918522
vt 0.388030 0.739343
vt 0.388446 0.740425
vt 0.391515 0.738914
vt 0.391449 0.737789
vt 0.386073 0.742406
vt 0.387194 0.742637
vt 0.709480 0.922508
vt 0.709247 0.921399
vt 0.711674 0.921581
vt 0.711242 0.920493
vt 0.387677 0.853677
vt 0.035237 0.497901
vt 0.037239 0.497931
vt 0.038426 0.401699
vt 0.035963 0.401681
vt 0.740204 0.731207
vt 0.743531 0.730941
vt 0.744291 0.635932
vt 0.740946 0.635906
vt 0.747435 0.809903
vt 0.744091 0.809880
vt 0.743402 0.906098
vt 0.746736 0.904976
vt 0.708627 0.434451
vt 0.705282 0.434427
vt 0.704613 0.530699
vt 0.707939 0.530670
vt 0.387795 0.432107
vt 0.384450 0.432082
vt 0.383733 0.528292
vt 0.387060 0.528083
vt 0.924144 0.637304
vt 0.920799 0.637278
vt 0.920110 0.732353
vt 0.923426 0.733513
vt 0.356733 0.404218
vt 0.356013 0.499100
vt 0.359335 0.499546
vt 0.360077 0.404244
vt 0.923311 0.906210
vt 0.926628 0.907377
vt 0.927294 0.811158
vt 0.923949 0.811134
vt 0.390783 0.853986
vt 0.709865 0.853077
vt 0.712279 0.853034
vt 0.642389 0.085543
vt 0.640962 0.085467
vt 0.635678 0.084182
vt 0.634254 0.084104
vt 0.714474 0.807803
vt 0.713329 0.807878
vt 0.712100 0.807304
vt 0.709269 0.806898
vt 0.390733 0.807781
vt 0.387636 0.808069
vt 0.386600 0.808670
vt 0.385480 0.808606
vt 0.963356 0.085440
vt 0.961931 0.085494
vt 0.956635 0.086692
vt 0.955209 0.086746
vt 0.704153 0.613175
vt 0.702878 0.612406
vt 0.699806 0.612098
vt 0.396840 0.613316
vt 0.393770 0.613649
vt 0.392501 0.614428
vt 0.702616 0.547181
vt 0.703900 0.550246
vt 0.699540 0.545921
vt 0.396573 0.547139
vt 0.393507 0.548424
vt 0.392248 0.551500
vt 0.052151 0.239175
vt 0.355062 0.239540
vt 0.358406 0.239544
vt 0.740415 0.468276
vt 0.743759 0.468279
vt 0.855484 0.444241
vt 0.849427 0.467081
vt 0.911990 0.468425
vt 0.915335 0.468428
vt 0.389209 0.272308
vt 0.392553 0.272310
vt 0.695465 0.272471
vt 0.698810 0.272473
vt 0.739184 0.321011
vt 0.742528 0.321016
vt 0.854271 0.297055
vt 0.848152 0.319890
vt 0.910764 0.321276
vt 0.914108 0.321281
vt 0.048807 0.239171
vt 0.052009 0.328830
vt 0.354988 0.329197
vt 0.358312 0.329201
vt 0.740321 0.557931
vt 0.743645 0.557935
vt 0.849016 0.558027
vt 0.806629 0.557991
vt 0.911949 0.558079
vt 0.915273 0.558082
vt 0.389147 0.361962
vt 0.392471 0.361964
vt 0.695445 0.362128
vt 0.698769 0.362130
vt 0.739039 0.410667
vt 0.742363 0.410672
vt 0.847678 0.410835
vt 0.805292 0.410769
vt 0.910662 0.410930
vt 0.913986 0.410935
vt 0.048685 0.328825
vt 0.039068 0.375898
vt 0.036144 0.375878
vt 0.927467 0.785354
vt 0.924103 0.785331
vt 0.864800 0.786595
vt 0.858259 0.809398
vt 0.747639 0.784100
vt 0.744274 0.784076
vt 0.708811 0.408648
vt 0.705446 0.408623
vt 0.388009 0.406303
vt 0.384644 0.406279
vt 0.924337 0.611501
vt 0.920972 0.611475
vt 0.861674 0.612699
vt 0.855163 0.635497
vt 0.744511 0.610129
vt 0.741146 0.610103
vt 0.360278 0.378442
vt 0.356913 0.378415
vt 0.039699 0.351257
vt 0.036314 0.351234
vt 0.927634 0.760710
vt 0.924248 0.760687
vt 0.806640 0.759866
vt 0.865444 0.760276
vt 0.747835 0.759456
vt 0.744450 0.759433
vt 0.708986 0.384004
vt 0.705600 0.383979
vt 0.388214 0.381660
vt 0.384828 0.381635
vt 0.924522 0.586857
vt 0.921136 0.586831
vt 0.803528 0.585933
vt 0.862332 0.586382
vt 0.744724 0.585486
vt 0.741338 0.585460
vt 0.360470 0.353798
vt 0.357084 0.353771
vt 0.502460 0.186998
vt 0.503065 0.179654
vt 0.464387 0.170802
vt 0.461737 0.177677
vt 0.610111 0.175362
vt 0.607861 0.168344
vt 0.585631 0.176349
vt 0.587821 0.183437
vt 0.528212 0.190259
vt 0.528744 0.182860
vt 0.505268 0.180077
vt 0.504661 0.187421
vt 0.585500 0.183901
vt 0.583313 0.176811
vt 0.531106 0.182786
vt 0.530578 0.190187
vt 0.444863 0.139592
vt 0.448024 0.146248
vt 0.485923 0.134502
vt 0.484766 0.127225
vt 0.486928 0.126637
vt 0.488087 0.133915
vt 0.511286 0.129367
vt 0.510197 0.122029
vt 0.512562 0.121922
vt 0.513648 0.129262
vt 0.566156 0.131280
vt 0.567801 0.124045
vt 0.570150 0.124332
vt 0.568502 0.131565
vt 0.591274 0.137869
vt 0.592988 0.130702
vt 0.856553 0.810664
vt 0.814778 0.810373
vt 0.801624 0.442524
vt 0.854171 0.442570
vt 0.609912 0.167436
vt 0.608897 0.167920
vt 0.611146 0.174937
vt 0.612160 0.174452
vt 0.504163 0.179897
vt 0.503558 0.187240
vt 0.584494 0.176653
vt 0.586683 0.183743
vt 0.529919 0.182900
vt 0.529389 0.190301
vt 0.848805 0.468010
vt 0.847738 0.468369
vt 0.813714 0.810009
vt 0.813091 0.809081
vt 0.808061 0.468335
vt 0.806995 0.467974
vt 0.806373 0.467045
vt 0.857622 0.810316
vt 0.855244 0.443089
vt 0.806914 0.786190
vt 0.807153 0.785037
vt 0.808230 0.784522
vt 0.800310 0.444194
vt 0.800550 0.443043
vt 0.863510 0.784908
vt 0.864579 0.785438
vt 0.853457 0.636764
vt 0.811683 0.636446
vt 0.800412 0.295301
vt 0.852960 0.295382
vt 0.487000 0.134177
vt 0.485842 0.126900
vt 0.592338 0.138214
vt 0.594051 0.131047
vt 0.446952 0.146589
vt 0.443791 0.139933
vt 0.512455 0.129239
vt 0.511368 0.121899
vt 0.567346 0.131348
vt 0.568993 0.124113
vt 0.847528 0.320819
vt 0.846461 0.321176
vt 0.810620 0.636082
vt 0.809996 0.635154
vt 0.806783 0.321115
vt 0.805717 0.320754
vt 0.805097 0.319822
vt 0.854526 0.636416
vt 0.854033 0.295903
vt 0.803788 0.612259
vt 0.804026 0.611105
vt 0.805103 0.610590
vt 0.799095 0.296969
vt 0.799338 0.295818
vt 0.860382 0.611012
vt 0.861452 0.611542
vt 0.854748 0.270740
vt 0.798704 0.270654
vt 0.809610 0.731468
vt 0.854081 0.731830
vt 0.855940 0.417927
vt 0.799896 0.417879
vt 0.812764 0.905439
vt 0.857235 0.905750
s 0
usemtl standardSurface1
f 742/585/354 743/586/354 744/587/354
f 745/588/355 746/589/355 747/590/355
f 748/591/354 749/592/354 750/593/354
f 751/594/355 752/595/355 753/596/355
f 754/597/354 755/598/354 756/599/354
f 757/600/355 758/601/355 759/602/355
f 760/603/354 761/604/354 762/605/354
f 763/606/355 764/607/355 765/608/355
f 766/609/355 767/610/355 768/611/355
f 769/612/354 770/613/354 771/614/354
f 772/615/355 773/616/355 774/617/355
f 775/618/354 776/619/354 777/620/354
f 778/621/355 779/622/355 780/623/355
f 781/624/354 782/625/354 783/626/354
f 784/627/355 785/628/355 786/629/355
f 787/630/354 788/631/354 789/632/354
f 790/633/356 791/634/356 792/635/356
f 790/633/356 792/635/356 793/636/356
s 1
f 794/637/357 795/638/358 796/639/359
f 794/637/357 796/639/359 797/640/359
f 795/638/358 794/637/357 798/641/360
f 795/638/358 798/641/360 799/642/360
f 800/642/361 801/641/361 802/643/362
f 800/642/361 802/643/362 803/644/363
f 803/644/363 802/643/362 804/645/364
f 803/644/363 804/645/364 805/646/365
f 806/647/366 807/648/367 808/649/368
f 806/647/366 808/649/368 809/650/368
f 807/648/367 806/647/366 810/651/369
f 807/648/367 810/651/369 811/652/369
f 812/652/370 813/651/370 814/653/371
f 812/652/370 814/653/371 815/654/372
f 815/654/372 814/653/371 816/655/373
f 815/654/372 816/655/373 817/656/374
f 805/646/365 804/645/364 818/657/375
f 805/646/365 818/657/375 819/658/375
f 820/658/376 821/657/376 822/659/377
f 820/658/376 822/659/377 823/660/378
f 823/660/378 822/659/377 824/661/368
f 823/660/378 824/661/368 825/662/368
f 817/656/374 816/655/373 826/663/379
f 817/656/374 826/663/379 827/664/379
f 828/664/380 829/663/380 830/665/381
f 828/664/380 830/665/381 831/666/382
f 831/666/382 830/665/381 832/667/359
f 831/666/382 832/667/359 833/668/359
f 834/669/383 835/670/384 836/671/385
f 834/669/383 836/671/385 837/672/386
f 835/670/384 834/669/383 838/673/387
f 835/670/384 838/673/387 839/674/387
f 840/674/388 841/673/388 842/675/389
f 840/674/388 842/675/389 843/676/390
f 844/677/391 845/678/391 846/679/392
f 844/677/391 846/679/392 847/680/393
f 848/678/394 849/677/394 850/681/395
f 848/678/394 850/681/395 851/682/396
f 847/680/393 846/679/392 852/683/397
f 847/680/393 852/683/397 853/684/398
f 854/685/399 855/686/400 856/687/401
f 854/685/399 856/687/401 857/688/401
f 858/688/402 859/687/402 837/672/386
f 858/688/402 837/672/386 836/671/385
f 860/689/403 861/690/403 862/691/404
f 860/689/403 862/691/404 863/692/405
f 864/690/406 865/689/406 853/684/398
f 864/690/406 853/684/398 852/683/397
s 0
f 866/644/356 867/646/356 868/655/356
f 866/644/356 868/655/356 869/653/356
f 870/660/356 871/662/356 872/667/356
f 870/660/356 872/667/356 873/665/356
f 874/683/356 875/679/356 876/669/356
f 874/683/356 876/669/356 877/672/356
f 878/650/356 879/639/356 880/638/356
f 878/650/356 880/638/356 881/647/356
s 1
f 882/693/407 883/694/408 884/695/409
f 882/693/407 884/695/409 885/696/407
f 886/697/410 887/698/411 888/699/412
f 886/697/410 888/699/412 889/700/410
s 0
f 880/638/356 890/642/356 891/651/356
f 880/638/356 891/651/356 881/647/356
f 890/642/356 866/644/356 869/653/356
f 890/642/356 869/653/356 891/651/356
f 867/646/356 892/658/356 893/663/356
f 867/646/356 893/663/356 868/655/356
f 892/658/356 870/660/356 873/665/356
f 892/658/356 873/665/356 893/663/356
f 875/679/356 894/678/356 895/673/356
f 875/679/356 895/673/356 876/669/356
f 894/678/356 896/682/356 897/675/356
f 894/678/356 897/675/356 895/673/356
f 898/691/356 899/690/356 900/687/356
f 898/691/356 900/687/356 901/686/356
f 899/690/356 874/683/356 877/672/356
f 899/690/356 877/672/356 900/687/356
s 1
f 902/701/413 903/702/414 904/703/415
f 902/701/413 904/703/415 905/704/416
f 906/705/417 882/693/407 885/696/407
f 906/705/417 885/696/407 907/706/417
f 883/694/408 908/707/418 909/708/418
f 883/694/408 909/708/418 884/695/409
f 910/709/419 911/710/420 912/711/421
f 910/709/419 912/711/421 913/712/419
f 914/713/422 915/714/423 916/715/423
f 914/713/422 916/715/423 917/716/424
f 918/717/425 886/697/410 889/700/410
f 918/717/425 889/700/410 919/718/425
f 887/698/411 920/719/426 921/720/426
f 887/698/411 921/720/426 888/699/412
f 922/721/427 923/722/428 924/723/429
f 922/721/427 924/723/429 925/724/430
s 0
f 926/725/356 927/726/356 928/727/356
f 926/725/356 928/727/356 929/728/356
f 930/726/356 931/633/356 932/636/356
f 930/726/356 932/636/356 933/727/356
f 934/729/356 935/730/356 936/731/356
f 934/729/356 936/731/356 937/732/356
f 938/730/356 939/725/356 940/728/356
f 938/730/356 940/728/356 941/731/356
s 1
f 942/733/431 943/734/432 944/735/433
f 942/733/431 944/735/433 945/736/434
f 946/734/435 947/733/436 948/737/437
f 946/734/435 948/737/437 949/738/438
f 945/736/434 944/735/433 950/739/439
f 945/736/434 950/739/439 951/740/440
f 952/741/441 953/742/442 954/743/443
f 952/741/441 954/743/443 955/744/444
f 956/742/445 957/741/446 958/745/447
f 956/742/445 958/745/447 959/746/448
f 960/747/449 961/748/450 962/749/451
f 960/747/449 962/749/451 963/750/452
f 964/751/453 965/752/453 966/753/454
f 964/751/453 966/753/454 967/754/455
f 968/752/456 969/751/457 970/755/458
f 968/752/456 970/755/458 971/756/459
f 967/754/455 966/753/454 959/746/448
f 967/754/455 959/746/448 958/745/447
f 949/738/438 948/737/437 972/757/460
f 949/738/438 972/757/460 973/758/461
f 974/759/462 975/760/463 973/758/461
f 974/759/462 973/758/461 972/757/460
f 976/760/464 977/759/465 963/750/452
f 976/760/464 963/750/452 962/749/451
f 944/735/433 943/734/432 978/761/466
f 944/735/433 978/761/466 950/739/439
f 979/762/467 980/763/468 981/764/469
f 979/762/467 981/764/469 982/765/470
f 983/766/471 984/767/472 985/768/473
f 983/766/471 985/768/473 986/769/474
f 987/770/475 988/771/476 989/772/477
f 987/770/475 989/772/477 990/773/478
f 991/774/479 992/775/480 993/776/481
f 991/774/479 993/776/481 994/777/482
f 995/778/483 996/779/484 997/780/485
f 995/778/483 997/780/485 998/781/486
f 999/782/487 1000/783/488 1001/784/489
f 999/782/487 1001/784/489 1002/785/490
f 1003/786/491 981/764/469 980/763/468
f 1003/786/491 980/763/468 1004/787/492
f 992/775/480 995/778/483 998/781/486
f 992/775/480 998/781/486 993/776/481
f 1004/787/492 1005/788/493 1006/789/494
f 1004/787/492 1006/789/494 1003/786/491
f 1007/790/495 1008/791/496 1009/792/497
f 1007/790/495 1009/792/497 1010/793/498
f 1011/794/499 1012/761/500 1013/734/501
f 1011/794/499 1013/734/501 1014/738/502
f 1015/795/503 1011/794/499 1014/738/502
f 1015/795/503 1014/738/502 1016/758/504
f 961/748/450 1017/796/505 976/760/464
f 961/748/450 976/760/464 962/749/451
f 1018/796/506 1015/795/503 1016/758/504
f 1018/796/506 1016/758/504 1019/760/507
s 0
f 809/650/368 808/649/368 1020/797/368
f 809/650/368 1020/797/368 1021/798/368
f 1022/798/356 1023/799/356 879/639/356
f 1022/798/356 879/639/356 878/650/356
f 797/640/359 796/639/359 1024/799/359
f 797/640/359 1024/799/359 1025/800/359
s 1
f 1026/801/508 1027/802/509 961/748/450
f 1026/801/508 961/748/450 960/747/449
f 1027/802/509 1028/803/505 1017/796/505
f 1027/802/509 1017/796/505 961/748/450
f 1029/803/510 1030/804/511 1015/795/503
f 1029/803/510 1015/795/503 1018/796/506
f 1030/804/511 1031/805/512 1011/794/499
f 1030/804/511 1011/794/499 1015/795/503
f 1031/805/512 1032/806/513 1012/761/500
f 1031/805/512 1012/761/500 1011/794/499
f 950/739/439 978/761/466 1033/806/514
f 950/739/439 1033/806/514 1034/807/515
f 951/740/440 950/739/439 1034/807/515
f 951/740/440 1034/807/515 1035/808/516
s 0
f 825/662/368 824/661/368 1036/809/368
f 825/662/368 1036/809/368 1037/810/368
f 872/667/356 871/662/356 1038/810/356
f 872/667/356 1038/810/356 1039/811/356
f 833/668/359 832/667/359 1040/811/359
f 833/668/359 1040/811/359 1041/812/359
f 1042/813/356 1043/814/356 935/730/356
f 1042/813/356 935/730/356 934/729/356
f 1043/814/356 1044/815/356 939/725/356
f 1043/814/356 939/725/356 938/730/356
f 1045/815/356 1046/816/356 927/726/356
f 1045/815/356 927/726/356 926/725/356
f 1047/816/356 1048/817/356 931/633/356
f 1047/816/356 931/633/356 930/726/356
f 1049/817/356 1050/818/356 791/634/356
f 1049/817/356 791/634/356 790/633/356
s 1
f 1021/798/368 1020/797/368 843/676/390
f 1021/798/368 843/676/390 842/675/389
s 0
f 896/682/356 1023/799/356 1022/798/356
f 896/682/356 1022/798/356 897/675/356
s 1
f 1025/800/359 1024/799/359 851/682/396
f 1025/800/359 851/682/396 850/681/395
f 955/744/444 954/743/443 1027/802/509
f 955/744/444 1027/802/509 1026/801/508
f 954/743/443 953/742/442 1028/803/505
f 954/743/443 1028/803/505 1027/802/509
f 1051/746/517 1030/804/511 1029/803/510
f 1051/746/517 1029/803/510 1052/742/518
f 1053/753/519 1031/805/512 1030/804/511
f 1053/753/519 1030/804/511 1051/746/517
f 1054/752/520 1032/806/513 1031/805/512
f 1054/752/520 1031/805/512 1053/753/519
f 1034/807/515 1033/806/514 1055/752/521
f 1034/807/515 1055/752/521 971/756/459
f 1035/808/516 1034/807/515 971/756/459
f 1035/808/516 971/756/459 970/755/458
f 1037/810/368 1036/809/368 863/692/405
f 1037/810/368 863/692/405 862/691/404
s 0
f 1039/811/356 1038/810/356 898/691/356
f 1039/811/356 898/691/356 901/686/356
s 1
f 1041/812/359 1040/811/359 855/686/400
f 1041/812/359 855/686/400 854/685/399
s 0
f 1056/819/356 1043/814/356 1042/813/356
f 1056/819/356 1042/813/356 1057/820/356
f 1058/821/356 1044/815/356 1043/814/356
f 1058/821/356 1043/814/356 1056/819/356
f 1059/822/356 1046/816/356 1045/815/356
f 1059/822/356 1045/815/356 1060/821/356
f 1061/823/356 1048/817/356 1047/816/356
f 1061/823/356 1047/816/356 1062/822/356
f 1063/824/356 1050/818/356 1049/817/356
f 1063/824/356 1049/817/356 1064/823/356
s 1
f 885/696/407 884/695/409 1065/825/409
f 885/696/407 1065/825/409 1066/826/407
f 907/706/417 885/696/407 1066/826/407
f 907/706/417 1066/826/407 1067/827/522
f 905/704/416 904/703/415 1068/828/523
f 905/704/416 1068/828/523 1069/829/524
f 1069/829/524 750/593/354 760/603/354
f 1069/829/524 760/603/354 905/704/416
s 0
f 742/585/354 756/599/354 1070/830/354
f 742/585/525 1070/830/525 1071/831/525
s 1
f 925/724/430 924/723/429 1072/832/526
f 925/724/430 1072/832/526 1073/833/527
f 888/699/412 921/720/426 1074/834/528
f 888/699/412 1074/834/528 1075/835/412
f 889/700/410 888/699/412 1075/835/412
f 889/700/410 1075/835/412 1076/836/410
f 919/718/425 889/700/410 1076/836/410
f 919/718/425 1076/836/410 1077/837/529
f 917/716/424 916/715/423 1078/838/530
f 917/716/424 1078/838/530 1079/839/531
f 1079/839/531 774/617/355 784/627/355
f 1079/839/531 784/627/355 917/716/424
s 0
f 766/609/355 780/623/355 1080/840/355
f 766/609/355 1080/840/355 1081/841/355
s 1
f 913/712/419 912/711/421 1082/842/532
f 913/712/419 1082/842/532 1083/843/533
f 884/695/409 909/708/418 1084/844/534
f 884/695/409 1084/844/534 1065/825/409
f 1066/826/407 1065/825/409 1085/845/535
f 1066/826/407 1085/845/535 1086/846/407
f 1067/827/522 1066/826/407 1086/846/407
f 1067/827/522 1086/846/407 1087/847/536
f 1069/829/524 1068/828/523 1088/848/537
f 1069/829/524 1088/848/537 1089/849/538
s 0
f 1090/850/354 744/587/354 748/591/354
f 1090/850/354 748/591/354 1091/851/354
s 1
f 1073/833/527 1072/832/526 1092/852/539
f 1073/833/527 1092/852/539 1093/853/540
f 1075/835/412 1074/834/528 1094/854/541
f 1075/835/412 1094/854/541 1095/855/542
f 1076/836/410 1075/835/412 1095/855/542
f 1076/836/410 1095/855/542 1096/856/410
f 1077/837/529 1076/836/410 1096/856/410
f 1077/837/529 1096/856/410 1097/857/543
f 1079/839/531 1078/838/530 1098/858/544
f 1079/839/531 1098/858/544 1099/859/545
s 0
f 1100/860/355 768/611/355 772/615/355
f 1100/860/355 772/615/355 1101/861/355
s 1
f 1083/843/533 1082/842/532 1102/862/546
f 1083/843/533 1102/862/546 1103/863/547
f 1065/825/409 1084/844/534 1104/864/548
f 1065/825/409 1104/864/548 1085/845/535
f 982/765/470 981/764/469 1105/865/549
f 982/765/470 1105/865/549 1106/866/550
f 1010/793/498 1009/792/497 1107/867/551
f 1010/793/498 1107/867/551 1108/868/552
s 0
f 751/594/355 765/608/355 1109/869/355
f 751/594/355 1109/869/355 1110/870/355
s 1
f 1111/871/553 1112/872/554 988/771/476
f 1111/871/553 988/771/476 987/770/475
f 1113/873/555 1114/874/480 992/775/480
f 1113/873/555 992/775/480 991/774/479
f 1114/874/480 1115/875/483 995/778/483
f 1114/874/480 995/778/483 992/775/480
f 1115/875/483 1116/876/556 996/779/484
f 1115/875/483 996/779/484 995/778/483
f 1117/877/557 1118/878/558 1000/783/488
f 1117/877/557 1000/783/488 999/782/487
s 0
f 775/618/354 789/632/354 1119/879/354
f 775/618/354 1119/879/354 1120/880/354
s 1
f 986/769/474 985/768/473 1121/881/559
f 986/769/474 1121/881/559 1122/882/560
f 1003/786/491 1006/789/494 1123/883/561
f 1003/786/491 1123/883/561 1124/884/562
f 1124/884/562 1105/865/549 981/764/469
f 1124/884/562 981/764/469 1003/786/491
f 1106/866/550 1105/865/549 1125/885/563
f 1106/866/550 1125/885/563 1126/886/550
f 1108/868/552 1107/867/551 1127/887/551
f 1108/868/552 1127/887/551 1128/888/564
s 0
f 1129/889/355 759/602/355 763/606/355
f 1129/889/355 763/606/355 1130/890/355
s 1
f 1131/891/565 1132/892/566 1112/872/554
f 1131/891/565 1112/872/554 1111/871/553
f 1133/893/555 1134/894/567 1114/874/480
f 1133/893/555 1114/874/480 1113/873/555
f 1134/894/567 1135/895/568 1115/875/483
f 1134/894/567 1115/875/483 1114/874/480
f 1135/895/568 1136/896/569 1116/876/556
f 1135/895/568 1116/876/556 1115/875/483
f 1137/897/557 1138/898/570 1118/878/558
f 1137/897/557 1118/878/558 1117/877/557
s 0
f 1139/899/354 783/626/354 787/630/354
f 1139/899/354 787/630/354 1140/900/354
s 1
f 1122/882/560 1121/881/559 1141/901/571
f 1122/882/560 1141/901/571 1142/902/572
f 1124/884/562 1123/883/561 1143/903/561
f 1124/884/562 1143/903/561 1144/904/573
f 1125/885/563 1105/865/549 1124/884/562
f 1125/885/563 1124/884/562 1144/904/573
f 1145/905/574 1146/906/575 1147/907/576
f 1145/905/574 1147/907/576 1148/908/577
f 1149/909/578 1150/910/579 1151/911/580
f 1149/909/578 1151/911/580 1152/912/581
f 1153/913/582 1154/914/583 1155/915/584
f 1153/913/582 1155/915/584 1156/916/585
f 1157/917/586 1158/918/587 1159/919/588
f 1157/917/586 1159/919/588 1160/920/589
f 1161/921/590 1162/922/591 1163/923/592
f 1161/921/590 1163/923/592 1164/924/593
f 1165/925/594 1166/926/595 1167/927/596
f 1165/925/594 1167/927/596 1168/928/597
f 1169/929/598 1170/930/599 1171/931/600
f 1169/929/598 1171/931/600 1172/932/601
f 1173/933/602 1174/934/603 1175/935/604
f 1173/933/602 1175/935/604 1176/936/605
s 0
f 753/596/355 1177/937/355 1178/938/355
f 753/596/355 1178/938/355 745/588/355
s 1
f 747/590/355 757/600/355 1111/871/553
f 747/590/355 1111/871/553 987/770/475
s 0
f 762/605/354 1179/939/354 1180/940/354
f 762/605/354 1180/940/354 754/597/354
s 1
f 1181/941/576 1182/942/606 1183/943/606
f 1181/941/576 1183/943/606 1184/944/607
f 1185/942/608 1150/910/579 1149/909/578
f 1185/942/608 1149/909/578 1186/943/608
f 1155/915/584 1187/945/609 1188/946/609
f 1155/915/584 1188/946/609 1156/916/585
f 1189/945/610 1146/906/575 1145/905/574
f 1189/945/610 1145/905/574 1190/946/610
f 1151/911/580 1191/947/611 1192/948/612
f 1151/911/580 1192/948/612 1152/912/581
f 1193/947/613 1158/918/587 1157/917/586
f 1193/947/613 1157/917/586 1194/948/614
f 1159/919/588 1195/949/615 1196/950/615
f 1159/919/588 1196/950/615 1160/920/589
f 1197/949/616 1154/914/583 1153/913/582
f 1197/949/616 1153/913/582 1198/950/616
s 0
f 1071/831/354 1199/951/354 743/586/354
f 1071/831/354 743/586/354 742/585/354
f 744/587/525 743/586/525 1199/951/525
f 744/587/354 1199/951/354 1200/952/354
f 1178/938/355 1201/953/355 746/589/355
f 1178/938/355 746/589/355 745/588/355
f 747/590/355 746/589/355 1201/953/355
f 747/590/355 1201/953/355 1202/954/355
f 1203/955/354 1204/956/354 749/592/354
f 1203/955/354 749/592/354 748/591/354
f 750/593/354 749/592/354 1204/956/354
f 750/593/354 1204/956/354 1205/957/354
f 1110/870/355 1206/958/355 752/595/355
f 1110/870/355 752/595/355 751/594/355
f 753/596/355 752/595/355 1206/958/355
f 753/596/355 1206/958/355 1177/937/355
f 1180/940/354 1207/959/354 755/598/354
f 1180/940/354 755/598/354 754/597/354
f 756/599/354 755/598/354 1207/959/354
f 756/599/354 1207/959/354 1070/830/354
f 1208/960/355 1209/961/355 758/601/355
f 1208/960/355 758/601/355 757/600/355
f 759/602/355 758/601/355 1209/961/355
f 759/602/355 1209/961/355 1210/962/355
f 1211/963/354 1212/964/354 761/604/354
f 1211/963/354 761/604/354 760/603/354
f 762/605/354 761/604/354 1212/964/354
f 762/605/354 1212/964/354 1179/939/354
f 1213/965/355 1214/966/355 764/607/355
f 1213/965/355 764/607/355 763/606/355
f 765/608/355 764/607/355 1214/966/355
f 765/608/355 1214/966/355 1109/869/355
f 777/620/354 1215/967/354 1216/968/354
f 777/620/354 1216/968/354 769/612/354
s 1
f 771/614/354 781/624/354 1121/881/559
f 771/614/354 1121/881/559 985/768/473
s 0
f 786/629/355 1217/969/355 1218/970/355
f 786/629/355 1218/970/355 778/621/355
s 1
f 1163/923/592 1219/971/617 1220/972/617
f 1163/923/592 1220/972/617 1164/924/593
f 1221/971/618 1166/926/595 1165/925/594
f 1221/971/618 1165/925/594 1222/972/619
f 1175/935/604 1223/973/620 1224/974/620
f 1175/935/604 1224/974/620 1176/936/605
f 1225/975/621 1162/922/591 1161/921/590
f 1225/975/621 1161/921/590 1226/976/621
f 1167/927/596 1227/977/622 1228/978/622
f 1167/927/596 1228/978/622 1168/928/597
f 1229/977/623 1170/930/599 1169/929/598
f 1229/977/623 1169/929/598 1230/978/624
f 1171/931/600 1231/979/625 1232/980/626
f 1171/931/600 1232/980/626 1172/932/601
f 1233/979/627 1174/934/603 1173/933/602
f 1233/979/627 1173/933/602 1234/980/627
s 0
f 1081/841/355 1235/981/355 767/610/355
f 1081/841/355 767/610/355 766/609/355
f 768/611/355 767/610/355 1235/981/355
f 768/611/355 1235/981/355 1236/982/355
f 1216/968/354 1237/983/354 770/613/354
f 1216/968/354 770/613/354 769/612/354
f 771/614/354 770/613/354 1237/983/354
f 771/614/354 1237/983/354 1238/984/354
f 1239/985/355 1240/986/355 773/616/355
f 1239/985/355 773/616/355 772/615/355
f 774/617/355 773/616/355 1240/986/355
f 774/617/355 1240/986/355 1241/987/355
f 1120/880/354 1242/988/354 776/619/354
f 1120/880/354 776/619/354 775/618/354
f 777/620/354 776/619/354 1242/988/354
f 777/620/354 1242/988/354 1215/967/354
f 1218/970/355 1243/989/355 779/622/355
f 1218/970/355 779/622/355 778/621/355
f 780/623/355 779/622/355 1243/989/355
f 780/623/355 1243/989/355 1080/840/355
f 1244/990/354 1245/991/354 782/625/354
f 1244/990/354 782/625/354 781/624/354
f 783/626/354 782/625/354 1245/991/354
f 783/626/354 1245/991/354 1246/992/354
f 1247/993/355 1248/994/355 785/628/355
f 1247/993/355 785/628/355 784/627/355
f 786/629/355 785/628/355 1248/994/355
f 786/629/355 1248/994/355 1217/969/355
f 1249/995/354 1250/996/354 788/631/354
f 1249/995/354 788/631/354 787/630/354
f 789/632/354 788/631/354 1250/996/354
f 789/632/354 1250/996/354 1119/879/354
f 772/615/355 768/611/355 1236/982/355
f 772/615/355 1236/982/355 1239/985/355
s 1
f 912/711/421 780/623/355 766/609/355
f 912/711/421 766/609/355 1082/842/532
s 0
f 784/627/355 774/617/355 1241/987/355
f 784/627/355 1241/987/355 1247/993/355
f 786/629/355 778/621/355 1251/997/355
f 786/629/355 1251/997/355 1252/998/355
f 1244/990/354 781/624/354 771/614/354
f 1244/990/354 771/614/354 1238/984/354
f 787/630/354 783/626/354 1246/992/354
f 787/630/354 1246/992/354 1249/995/354
s 1
f 1118/878/558 789/632/354 775/618/354
f 1118/878/558 775/618/354 1000/783/488
f 777/620/354 769/612/354 1253/999/628
f 777/620/354 1253/999/628 1254/1000/629
s 0
f 760/603/354 750/593/354 1205/957/354
f 760/603/354 1205/957/354 1211/963/354
f 748/591/354 744/587/354 1200/952/354
f 748/591/354 1200/952/354 1203/955/354
s 1
f 924/723/429 756/599/354 742/585/354
f 924/723/429 742/585/354 1072/832/526
s 0
f 762/605/354 754/597/354 1255/1001/354
f 762/605/354 1255/1001/354 1256/1002/354
f 763/606/355 759/602/355 1210/962/355
f 763/606/355 1210/962/355 1213/965/355
s 1
f 1108/868/552 765/608/355 751/594/355
f 1108/868/552 751/594/355 1010/793/498
f 753/596/355 745/588/355 1257/1003/630
f 753/596/355 1257/1003/630 1258/1004/630
s 0
f 1208/960/355 757/600/355 747/590/355
f 1208/960/355 747/590/355 1202/954/355
s 1
f 911/710/420 780/623/355 912/711/421
f 780/623/355 911/710/420 778/621/355
f 778/621/355 911/710/420 1251/997/355
f 762/605/354 905/704/416 760/603/354
f 905/704/416 762/605/354 902/701/413
f 902/701/413 762/605/354 1256/1002/354
f 1010/793/498 1258/1004/630 1007/790/495
f 1258/1004/630 1010/793/498 753/596/355
f 753/596/355 1010/793/498 751/594/355
f 924/723/429 754/597/354 756/599/354
f 754/597/354 924/723/429 923/722/428
f 754/597/354 923/722/428 1255/1001/354
f 1000/783/488 1254/1000/629 1001/784/489
f 1254/1000/629 1000/783/488 777/620/354
f 777/620/354 1000/783/488 775/618/354
f 786/629/355 917/716/424 784/627/355
f 917/716/424 786/629/355 914/713/422
f 914/713/422 786/629/355 1252/998/355
f 748/591/354 1089/849/538 1091/851/354
f 1089/849/538 748/591/354 1069/829/524
f 1069/829/524 748/591/354 750/593/354
f 1072/832/526 1090/850/354 1092/852/539
f 1090/850/354 1072/832/526 744/587/354
f 744/587/354 1072/832/526 742/585/354
f 772/615/355 1099/859/545 1101/861/355
f 1099/859/545 772/615/355 1079/839/531
f 1079/839/531 772/615/355 774/617/355
f 1082/842/532 1100/860/355 1102/862/546
f 1100/860/355 1082/842/532 768/611/355
f 768/611/355 1082/842/532 766/609/355
f 1128/888/564 765/608/355 1108/868/552
f 765/608/355 1128/888/564 763/606/355
f 763/606/355 1128/888/564 1130/890/355
f 759/602/355 1111/871/553 757/600/355
f 1111/871/553 759/602/355 1131/891/565
f 1131/891/565 759/602/355 1129/889/355
f 1138/898/570 789/632/354 1118/878/558
f 789/632/354 1138/898/570 787/630/354
f 787/630/354 1138/898/570 1140/900/354
f 783/626/354 1121/881/559 781/624/354
f 1121/881/559 783/626/354 1141/901/571
f 1141/901/571 783/626/354 1139/899/354
f 745/588/355 990/773/478 1257/1003/630
f 990/773/478 745/588/355 987/770/475
f 987/770/475 745/588/355 747/590/355
f 769/612/354 984/767/472 1253/999/628
f 984/767/472 769/612/354 985/768/473
f 985/768/473 769/612/354 771/614/354
o pCube5_standardSurface1_0
v -0.024664 0.015830 -0.037430
v -0.024365 0.015830 -0.037159
v -0.024366 0.017401 -0.037157
v -0.024661 0.017401 -0.037424
v -0.024365 0.015830 -0.037159
v -0.023939 0.015830 -0.037180
v -0.023946 0.017401 -0.037177
v -0.024366 0.017401 -0.037157
v 0.009482 0.015830 -0.051795
v 0.009787 0.015830 -0.052094
v 0.009789 0.017401 -0.052093
v 0.009489 0.017401 -0.051798
v 0.009787 0.015830 -0.052094
v 0.009791 0.015830 -0.052497
v 0.009793 0.017401 -0.052491
v 0.009789 0.017401 -0.052093
v -0.032915 0.017401 -0.056298
v -0.032911 0.017401 -0.056696
v -0.032908 0.015830 -0.056695
v -0.032912 0.015830 -0.056292
v -0.032911 0.017401 -0.056696
v -0.032611 0.017401 -0.056992
v -0.032604 0.015830 -0.056995
v -0.032908 0.015830 -0.056695
v 0.000824 0.017401 -0.071613
v 0.001245 0.017401 -0.071633
v 0.001244 0.015830 -0.071630
v 0.000817 0.015830 -0.071610
v 0.001245 0.017401 -0.071633
v 0.001540 0.017401 -0.071365
v 0.001542 0.015830 -0.071359
v 0.001244 0.015830 -0.071630
v 0.001542 0.015830 -0.071359
v 0.001540 0.017401 -0.071365
v -0.032604 0.015830 -0.056995
v 0.000817 0.015830 -0.071610
v 0.000330 0.015830 -0.070951
v -0.031790 0.015830 -0.056905
v 0.001542 0.015830 -0.071359
v 0.009791 0.015830 -0.052497
v 0.008976 0.015830 -0.052587
v 0.001055 0.015830 -0.070700
v 0.009482 0.015830 -0.051795
v -0.023939 0.015830 -0.037180
v -0.023452 0.015830 -0.037838
v 0.008668 0.015830 -0.051884
v -0.024664 0.015830 -0.037430
v -0.032912 0.015830 -0.056292
v -0.032098 0.015830 -0.056202
v -0.024177 0.015830 -0.038089
v -0.031790 0.015830 -0.056905
v 0.000330 0.015830 -0.070951
v 0.000337 0.016879 -0.070954
v -0.031796 0.016879 -0.056902
v 0.001055 0.015830 -0.070700
v 0.008976 0.015830 -0.052587
v 0.008979 0.016879 -0.052581
v 0.001053 0.016879 -0.070706
v 0.008668 0.015830 -0.051884
v -0.023452 0.015830 -0.037838
v -0.023458 0.016879 -0.037835
v 0.008675 0.016879 -0.051887
v -0.024177 0.015830 -0.038089
v -0.032098 0.015830 -0.056202
v -0.032101 0.016879 -0.056209
v -0.024174 0.016879 -0.038083
v 0.001245 0.017401 -0.071633
v 0.000824 0.017401 -0.071613
v -0.032611 0.017401 -0.056992
v -0.032911 0.017401 -0.056696
v -0.024174 0.016879 -0.038083
v -0.032101 0.016879 -0.056209
v 0.001053 0.016879 -0.070706
v 0.008979 0.016879 -0.052581
v -0.024365 0.015830 -0.037159
v -0.023878 0.015830 -0.037818
v 0.009787 0.015830 -0.052094
v 0.008972 0.015830 -0.052184
v 0.009787 0.015830 -0.052094
v 0.008972 0.015830 -0.052184
v -0.032908 0.015830 -0.056695
v -0.032094 0.015830 -0.056606
v 0.001244 0.015830 -0.071630
v 0.000757 0.015830 -0.070971
v 0.001244 0.015830 -0.071630
v 0.000757 0.015830 -0.070971
v -0.032094 0.015830 -0.056606
v -0.032097 0.016879 -0.056606
v -0.032094 0.015830 -0.056606
v -0.032097 0.016879 -0.056606
v 0.000757 0.015830 -0.070971
v 0.000758 0.016879 -0.070974
v 0.000757 0.015830 -0.070971
v 0.000758 0.016879 -0.070974
v 0.008972 0.015830 -0.052184
v 0.008975 0.016879 -0.052183
v 0.008972 0.015830 -0.052184
v 0.008975 0.016879 -0.052183
v -0.023878 0.015830 -0.037818
v -0.023879 0.016879 -0.037815
v -0.023878 0.015830 -0.037818
v -0.023879 0.016879 -0.037815
v 0.009789 0.017401 -0.052093
v -0.024366 0.017401 -0.037157
v -0.023946 0.017401 -0.037177
v 0.009489 0.017401 -0.051798
v 0.009793 0.017401 -0.052491
v -0.024661 0.017401 -0.037424
v -0.024366 0.017401 -0.037157
v 0.009789 0.017401 -0.052093
v 0.001245 0.017401 -0.071633
v -0.032911 0.017401 -0.056696
v -0.032915 0.017401 -0.056298
v 0.001540 0.017401 -0.071365
v 0.001540 0.017401 -0.071365
v -0.032915 0.017401 -0.056298
v -0.024661 0.017401 -0.037424
v 0.009793 0.017401 -0.052491
v 0.000758 0.016879 -0.070974
v -0.032097 0.016879 -0.056606
v -0.031796 0.016879 -0.056902
v 0.000337 0.016879 -0.070954
v 0.001053 0.016879 -0.070706
v -0.032101 0.016879 -0.056209
v -0.032097 0.016879 -0.056606
v 0.000758 0.016879 -0.070974
v -0.023879 0.016879 -0.037815
v 0.008975 0.016879 -0.052183
v 0.008675 0.016879 -0.051887
v -0.023458 0.016879 -0.037835
v -0.024174 0.016879 -0.038083
v 0.008979 0.016879 -0.052581
v 0.008975 0.016879 -0.052183
v -0.023879 0.016879 -0.037815
vn -0.9130 0.0002 0.4079
vn -0.6716 -0.0018 0.7409
vn -0.9130 -0.0010 0.4079
vn 0.0473 -0.0017 0.9989
vn 0.3969 -0.0008 0.9179
vn 0.3969 -0.0007 0.9179
vn 0.4044 -0.0005 0.9146
vn 0.7012 -0.0017 0.7129
vn 0.4045 -0.0008 0.9146
vn 0.9999 -0.0018 0.0099
vn 0.9194 -0.0010 -0.3934
vn 0.9194 0.0002 -0.3934
vn -0.9194 0.0002 0.3934
vn -0.9999 -0.0018 -0.0099
vn -0.9194 -0.0010 0.3934
vn -0.7012 -0.0017 -0.7129
vn -0.4044 -0.0008 -0.9146
vn -0.4044 -0.0007 -0.9146
vn -0.3969 -0.0007 -0.9179
vn -0.0473 -0.0017 -0.9989
vn -0.3969 -0.0008 -0.9179
vn 0.6716 -0.0018 -0.7409
vn 0.9130 -0.0001 -0.4079
vn 0.9130 -0.0020 -0.4079
vn 0.9131 -0.0000 -0.4078
vn -0.0000 -1.0000 -0.0000
vn 0.4046 -0.0005 0.9145
vn 0.3967 0.0010 0.9179
vn 0.3967 0.0012 0.9179
vn 0.4046 0.0010 0.9145
vn -0.9129 0.0003 0.4082
vn -0.9195 0.0014 0.3931
vn -0.9195 -0.0000 0.3932
vn -0.9129 0.0014 0.4081
vn -0.4046 -0.0005 -0.9145
vn -0.3967 0.0010 -0.9179
vn -0.3967 0.0012 -0.9179
vn -0.4046 0.0010 -0.9145
vn 0.9129 -0.0000 -0.4082
vn 0.9195 0.0014 -0.3931
vn 0.9195 -0.0000 -0.3932
vn 0.9129 0.0014 -0.4081
vn -0.0000 1.0000 -0.0000
vn 0.9999 0.0027 0.0099
vn 0.7012 0.0025 0.7129
vn 0.0473 0.0025 0.9989
vn -0.6716 0.0027 0.7409
vn -0.9999 0.0027 -0.0099
vn -0.7012 0.0025 -0.7129
vn -0.0473 0.0025 -0.9989
vn 0.6716 0.0027 -0.7409
vt 0.499151 0.956068
vt 0.495818 0.956106
vt 0.495958 0.969093
vt 0.499245 0.969053
vt 0.492293 0.956141
vt 0.492473 0.969124
vt 0.190884 0.958978
vt 0.187358 0.959013
vt 0.187465 0.972000
vt 0.190945 0.971965
vt 0.184024 0.959040
vt 0.184174 0.972021
vt 0.669456 0.967091
vt 0.672746 0.967051
vt 0.672582 0.954069
vt 0.669250 0.954107
vt 0.676227 0.967002
vt 0.676109 0.954020
vt 0.977740 0.962891
vt 0.981223 0.962838
vt 0.981030 0.949855
vt 0.977501 0.949907
vt 0.984510 0.962792
vt 0.984360 0.949804
vt 0.013919 0.960282
vt 0.013956 0.973265
vt 0.594012 0.943365
vt 0.926763 0.933149
vt 0.920250 0.929516
vt 0.600292 0.939339
vt 0.740359 0.242796
vt 0.911449 0.240182
vt 0.907964 0.234331
vt 0.743663 0.236841
vt 0.063068 0.939139
vt 0.399691 0.946800
vt 0.393255 0.942821
vt 0.069700 0.935470
vt 0.402359 0.948512
vt 0.591402 0.945236
vt 0.587823 0.938674
vt 0.405707 0.941821
vt 0.775321 0.987275
vt 0.485663 0.985657
vt 0.485552 0.994330
vt 0.775333 0.995950
vt 0.478803 0.985609
vt 0.315457 0.984174
vt 0.315326 0.992846
vt 0.478784 0.994282
vt 0.308600 0.984106
vt 0.018958 0.980650
vt 0.018793 0.989322
vt 0.308557 0.992779
vt 0.945530 0.987698
vt 0.782179 0.987305
vt 0.782102 0.995978
vt 0.945565 0.996372
vt 0.365922 0.730539
vt 0.362367 0.729156
vt 0.032076 0.727125
vt 0.028505 0.728464
vt 0.041711 0.528301
vt 0.040570 0.707360
vt 0.368081 0.709447
vt 0.369222 0.530388
vt 0.400681 0.948587
vt 0.399868 0.941558
vt 0.914485 0.238762
vt 0.911000 0.232911
vt 0.059348 0.937730
vt 0.065728 0.934129
vt 0.593089 0.945247
vt 0.593644 0.938212
vt 0.927579 0.934720
vt 0.926881 0.927989
vt 0.737281 0.241469
vt 0.740585 0.235515
vt 0.778848 0.987292
vt 0.778815 0.995967
vt 0.482135 0.985636
vt 0.482072 0.994308
vt 0.312127 0.984147
vt 0.312039 0.992816
vt 0.015429 0.980605
vt 0.015310 0.989276
vt 0.948864 0.987705
vt 0.948855 0.996378
vt 0.364735 0.923564
vt 0.027318 0.921489
vt 0.030872 0.922872
vt 0.361164 0.924903
vt 0.366231 0.920287
vt 0.025862 0.918195
vt 0.027009 0.731741
vt 0.367377 0.733833
vt 0.366584 0.712724
vt 0.042025 0.710655
vt 0.045579 0.712039
vt 0.363013 0.714062
vt 0.043208 0.525025
vt 0.367767 0.527093
vt 0.364213 0.525710
vt 0.046780 0.523686
s 1
usemtl standardSurface1
f 1259/1005/631 1260/1006/632 1261/1007/632
f 1259/1005/631 1261/1007/632 1262/1008/633
f 1263/1006/634 1264/1009/635 1265/1010/636
f 1263/1006/634 1265/1010/636 1266/1007/634
f 1267/1011/637 1268/1012/638 1269/1013/638
f 1267/1011/637 1269/1013/638 1270/1014/639
f 1271/1012/640 1272/1015/641 1273/1016/642
f 1271/1012/640 1273/1016/642 1274/1013/640
f 1275/1017/643 1276/1018/644 1277/1019/644
f 1275/1017/643 1277/1019/644 1278/1020/645
f 1279/1018/646 1280/1021/647 1281/1022/648
f 1279/1018/646 1281/1022/648 1282/1019/646
f 1283/1023/649 1284/1024/650 1285/1025/650
f 1283/1023/649 1285/1025/650 1286/1026/651
f 1287/1024/652 1288/1027/653 1289/1028/654
f 1287/1024/652 1289/1028/654 1290/1025/652
f 1264/1009/635 1267/1011/637 1270/1014/639
f 1264/1009/635 1270/1014/639 1265/1010/636
f 1281/1022/648 1280/1021/647 1283/1023/649
f 1281/1022/648 1283/1023/649 1286/1026/651
f 1272/1015/641 1291/1029/655 1292/1030/655
f 1272/1015/641 1292/1030/655 1273/1016/642
f 1278/1020/645 1259/1005/631 1262/1008/633
f 1278/1020/645 1262/1008/633 1275/1017/643
s 0
f 1293/1031/656 1294/1032/656 1295/1033/656
f 1293/1031/656 1295/1033/656 1296/1034/656
f 1297/1035/656 1298/1036/656 1299/1037/656
f 1297/1035/656 1299/1037/656 1300/1038/656
f 1301/1039/656 1302/1040/656 1303/1041/656
f 1301/1039/656 1303/1041/656 1304/1042/656
f 1305/1043/656 1306/1044/656 1307/1045/656
f 1305/1043/656 1307/1045/656 1308/1046/656
s 1
f 1309/1047/657 1310/1048/658 1311/1049/659
f 1309/1047/657 1311/1049/659 1312/1050/660
f 1313/1051/661 1314/1052/662 1315/1053/663
f 1313/1051/661 1315/1053/663 1316/1054/664
f 1317/1055/665 1318/1056/666 1319/1057/667
f 1317/1055/665 1319/1057/667 1320/1058/668
f 1321/1059/669 1322/1060/670 1323/1061/671
f 1321/1059/669 1323/1061/671 1324/1062/672
s 0
f 1325/1063/673 1326/1064/673 1327/1065/673
f 1325/1063/673 1327/1065/673 1328/1066/673
f 1329/1067/656 1330/1068/656 1331/1069/656
f 1329/1067/656 1331/1069/656 1332/1070/656
f 1302/1040/656 1333/1071/656 1334/1072/656
f 1302/1040/656 1334/1072/656 1303/1041/656
f 1333/1071/656 1305/1043/656 1308/1046/656
f 1333/1071/656 1308/1046/656 1334/1072/656
f 1298/1036/656 1335/1073/656 1336/1074/656
f 1298/1036/656 1336/1074/656 1299/1037/656
f 1337/1075/656 1301/1039/656 1304/1042/656
f 1337/1075/656 1304/1042/656 1338/1076/656
f 1306/1044/656 1339/1077/656 1340/1078/656
f 1306/1044/656 1340/1078/656 1307/1045/656
f 1339/1077/656 1293/1031/656 1296/1034/656
f 1339/1077/656 1296/1034/656 1340/1078/656
f 1294/1032/656 1341/1079/656 1342/1080/656
f 1294/1032/656 1342/1080/656 1295/1033/656
f 1343/1081/656 1297/1035/656 1300/1038/656
f 1343/1081/656 1300/1038/656 1344/1082/656
s 1
f 1322/1060/670 1345/1083/674 1346/1084/674
f 1322/1060/670 1346/1084/674 1323/1061/671
f 1347/1083/675 1309/1047/657 1312/1050/660
f 1347/1083/675 1312/1050/660 1348/1084/675
f 1310/1048/658 1349/1085/676 1350/1086/676
f 1310/1048/658 1350/1086/676 1311/1049/659
f 1351/1085/677 1313/1051/661 1316/1054/664
f 1351/1085/677 1316/1054/664 1352/1086/677
f 1314/1052/662 1353/1087/678 1354/1088/678
f 1314/1052/662 1354/1088/678 1315/1053/663
f 1355/1087/679 1317/1055/665 1320/1058/668
f 1355/1087/679 1320/1058/668 1356/1088/679
f 1318/1056/666 1357/1089/680 1358/1090/680
f 1318/1056/666 1358/1090/680 1319/1057/667
f 1359/1091/681 1321/1059/669 1324/1062/672
f 1359/1091/681 1324/1062/672 1360/1092/681
s 0
f 1361/1093/673 1362/1094/673 1363/1095/673
f 1361/1093/673 1363/1095/673 1364/1096/673
f 1365/1097/673 1366/1098/673 1367/1094/673
f 1365/1097/673 1367/1094/673 1368/1093/673
f 1369/1063/673 1370/1066/673 1371/1099/673
f 1369/1063/673 1371/1099/673 1372/1100/673
f 1373/1100/673 1374/1099/673 1375/1098/673
f 1373/1100/673 1375/1098/673 1376/1097/673
f 1377/1101/656 1378/1102/656 1379/1103/656
f 1377/1101/656 1379/1103/656 1380/1104/656
f 1381/1069/656 1382/1068/656 1383/1102/656
f 1381/1069/656 1383/1102/656 1384/1101/656
f 1385/1105/656 1386/1106/656 1387/1107/656
f 1385/1105/656 1387/1107/656 1388/1108/656
f 1389/1067/656 1390/1070/656 1391/1106/656
f 1389/1067/656 1391/1106/656 1392/1105/656
o pCube7_standardSurface2_0
v -0.026243 0.034384 -0.040308
v -0.026243 0.017825 -0.040308
v -0.002610 0.017825 -0.040308
v -0.002610 0.034384 -0.040308
v -0.026243 0.017825 -0.062547
v -0.026243 0.034384 -0.062547
v -0.002610 0.034384 -0.062547
v -0.002610 0.017825 -0.062547
v -0.002054 0.034384 -0.040864
v -0.002054 0.017825 -0.040864
v -0.002054 0.017825 -0.061991
v -0.002054 0.034384 -0.061991
v -0.026799 0.034384 -0.061991
v -0.026799 0.017825 -0.061991
v -0.026799 0.017825 -0.040864
v -0.026799 0.034384 -0.040864
v -0.026636 0.017825 -0.040471
v -0.026636 0.034384 -0.040471
v -0.026636 0.017825 -0.040471
v -0.026636 0.034384 -0.040471
v -0.002217 0.017825 -0.040471
v -0.002217 0.034384 -0.040471
v -0.002217 0.017825 -0.040471
v -0.002217 0.034384 -0.040471
v -0.026636 0.034384 -0.062384
v -0.026636 0.017825 -0.062384
v -0.026636 0.034384 -0.062384
v -0.026636 0.017825 -0.062384
v -0.002142 0.034384 -0.062384
v -0.002292 0.017825 -0.062384
v -0.002142 0.034384 -0.062384
v -0.002292 0.017825 -0.062384
v -0.026636 0.034384 -0.040471
v -0.026636 0.034384 -0.062384
v -0.026799 0.034384 -0.061991
v -0.026799 0.034384 -0.040864
v -0.002054 0.017825 -0.061991
v -0.002054 0.017825 -0.040864
v -0.002217 0.017825 -0.040471
v -0.002292 0.017825 -0.062384
v -0.002142 0.034384 -0.062384
v -0.002610 0.034384 -0.062547
v -0.002610 0.034384 -0.040308
v -0.002217 0.034384 -0.040471
v -0.002054 0.034384 -0.040864
v -0.002054 0.034384 -0.061991
v -0.003189 0.033658 -0.051312
v -0.003189 0.033658 -0.051543
v -0.024719 0.033658 -0.051543
v -0.024719 0.033658 -0.051312
v -0.026243 0.034384 -0.040308
v -0.026243 0.034384 -0.062547
v -0.003189 0.034384 -0.051543
v -0.003189 0.034384 -0.051312
v -0.002610 0.034384 -0.062547
v -0.026243 0.034384 -0.062547
v -0.024719 0.034384 -0.051543
v -0.003189 0.034384 -0.051543
v -0.024719 0.034384 -0.051312
v -0.024719 0.034384 -0.051543
v -0.003189 0.034384 -0.051312
v -0.003189 0.034384 -0.051543
v -0.003189 0.033658 -0.051543
v -0.003189 0.033658 -0.051312
v -0.003189 0.034384 -0.051543
v -0.024719 0.034384 -0.051543
v -0.024719 0.033658 -0.051543
v -0.003189 0.033658 -0.051543
v -0.024719 0.034384 -0.051543
v -0.024719 0.034384 -0.051312
v -0.024719 0.033658 -0.051312
v -0.024719 0.033658 -0.051543
v -0.024719 0.034384 -0.051312
v -0.003189 0.034384 -0.051312
v -0.003189 0.033658 -0.051312
v -0.024719 0.033658 -0.051312
v -0.026243 0.017825 -0.062547
v -0.026243 0.017825 -0.040308
v -0.026636 0.017825 -0.040471
v -0.026636 0.017825 -0.062384
v -0.026636 0.017825 -0.062384
v -0.026636 0.017825 -0.040471
v -0.026799 0.017825 -0.040864
v -0.026799 0.017825 -0.061991
v -0.002610 0.017825 -0.062547
v -0.002610 0.017825 -0.040308
v -0.002292 0.017825 -0.062384
v -0.002217 0.017825 -0.040471
v -0.002610 0.017825 -0.040308
v -0.002610 0.017825 -0.062547
vn -0.0068 -0.0001 1.0000
vn -0.0068 -0.0000 1.0000
vn 0.0068 -0.0000 1.0000
vn -0.0068 -0.0000 -1.0000
vn 0.0068 -0.0000 -1.0000
vn 1.0000 0.0001 0.0076
vn 1.0000 -0.0000 0.0076
vn 1.0000 -0.0001 -0.0076
vn 1.0000 -0.0000 -0.0076
vn -1.0000 -0.0000 -0.0076
vn -1.0000 -0.0000 0.0076
vn -0.9239 -0.0000 0.3827
vn -0.3827 -0.0000 0.9239
vn 0.3827 -0.0000 0.9239
vn 0.9239 -0.0000 0.3827
vn -0.9239 -0.0000 -0.3827
vn -0.3827 -0.0000 -0.9239
vn 0.3827 -0.0017 -0.9239
vn 0.9239 -0.0042 -0.3826
vn 0.9239 -0.0042 -0.3827
vn -0.0000 1.0000 -0.0000
vn -0.0000 -1.0000 -0.0000
vn -1.0000 -0.0000 -0.0000
vn -0.0000 -0.0000 1.0000
vn 1.0000 -0.0000 -0.0000
vn -0.0000 -0.0000 -1.0000
vt 0.084425 0.965032
vt 0.336970 0.961760
vt 0.347498 0.598468
vt 0.084560 0.585135
vt 0.684026 0.969920
vt 0.948887 0.979848
vt 0.943585 0.598624
vt 0.693093 0.607526
vt 0.091983 0.018143
vt 0.096209 0.266928
vt 0.411655 0.287556
vt 0.435491 0.020834
vt 0.411120 0.568396
vt 0.415750 0.318771
vt 0.099612 0.289194
vt 0.069659 0.554273
vt 0.093429 0.286346
vt 0.063118 0.553005
vt 0.338583 0.968070
vt 0.084916 0.971673
vt 0.349373 0.592224
vt 0.085279 0.578529
vt 0.089840 0.268890
vt 0.085326 0.018792
vt 0.417789 0.568003
vt 0.422178 0.317009
vt 0.948259 0.986463
vt 0.682231 0.976172
vt 0.942763 0.590908
vt 0.691440 0.602364
vt 0.441695 0.022024
vt 0.418191 0.291161
vt 0.494488 0.559196
vt 0.496653 0.217904
vt 0.494078 0.224010
vt 0.491991 0.553058
vt 0.878141 0.220324
vt 0.870863 0.217742
vt 0.868666 0.564106
vt 0.874804 0.561609
vt 0.877379 0.555503
vt 0.879467 0.226455
vt 0.886058 0.163709
vt 0.886067 0.160122
vt 0.550747 0.159233
vt 0.550737 0.162820
vt 0.500594 0.561771
vt 0.502791 0.215407
vt 0.860763 0.389073
vt 0.860740 0.392661
vt 0.525448 0.386946
vt 0.525425 0.390533
vt 0.897351 0.163739
vt 0.897361 0.160152
vt 0.886097 0.148828
vt 0.550776 0.147939
vt 0.539453 0.159202
vt 0.539443 0.162790
vt 0.550707 0.174114
vt 0.886028 0.175003
s 1
usemtl standardSurface2
f 1393/1109/682 1394/1110/683 1395/1111/684
f 1393/1109/682 1395/1111/684 1396/1112/684
f 1397/1113/685 1398/1114/685 1399/1115/686
f 1397/1113/685 1399/1115/686 1400/1116/686
f 1401/1117/687 1402/1118/688 1403/1119/689
f 1401/1117/687 1403/1119/689 1404/1120/690
f 1405/1121/691 1406/1122/691 1407/1123/692
f 1405/1121/691 1407/1123/692 1408/1124/692
f 1407/1123/692 1409/1125/693 1410/1126/693
f 1407/1123/692 1410/1126/693 1408/1124/692
f 1411/1127/694 1394/1110/683 1393/1109/682
f 1411/1127/694 1393/1109/682 1412/1128/694
f 1395/1111/684 1413/1129/695 1414/1130/695
f 1395/1111/684 1414/1130/695 1396/1112/684
f 1415/1131/696 1402/1118/688 1401/1117/687
f 1415/1131/696 1401/1117/687 1416/1132/696
f 1405/1121/691 1417/1133/697 1418/1134/697
f 1405/1121/691 1418/1134/697 1406/1122/691
f 1419/1135/698 1398/1114/685 1397/1113/685
f 1419/1135/698 1397/1113/685 1420/1136/698
f 1399/1115/686 1421/1137/699 1422/1138/699
f 1399/1115/686 1422/1138/699 1400/1116/686
f 1423/1139/700 1404/1120/690 1403/1119/689
f 1423/1139/700 1403/1119/689 1424/1140/701
s 0
f 1425/1141/702 1426/1142/702 1427/1143/702
f 1425/1141/702 1427/1143/702 1428/1144/702
f 1429/1119/703 1430/1118/703 1431/1131/703
f 1429/1119/703 1431/1131/703 1432/1140/703
f 1433/1145/702 1434/1146/702 1435/1147/702
f 1433/1145/702 1435/1147/702 1436/1148/702
f 1433/1145/702 1436/1148/702 1437/1149/702
f 1433/1145/702 1437/1149/702 1438/1150/702
f 1439/1151/702 1440/1152/702 1441/1153/702
f 1439/1151/702 1441/1153/702 1442/1154/702
f 1443/1155/702 1444/1156/702 1426/1142/702
f 1443/1155/702 1426/1142/702 1425/1141/702
f 1435/1147/702 1434/1146/702 1445/1157/702
f 1435/1147/702 1445/1157/702 1446/1158/702
f 1447/1146/702 1448/1156/702 1449/1159/702
f 1447/1146/702 1449/1159/702 1450/1157/702
f 1444/1156/702 1443/1155/702 1451/1160/702
f 1444/1156/702 1451/1160/702 1452/1159/702
f 1443/1155/702 1435/1147/702 1446/1158/702
f 1443/1155/702 1446/1158/702 1451/1160/702
f 1453/1161/704 1454/1162/704 1455/1152/704
f 1453/1161/704 1455/1152/704 1456/1151/704
f 1457/1163/705 1458/1164/705 1459/1153/705
f 1457/1163/705 1459/1153/705 1460/1152/705
f 1461/1165/706 1462/1166/706 1463/1154/706
f 1461/1165/706 1463/1154/706 1464/1153/706
f 1465/1167/707 1466/1168/707 1467/1151/707
f 1465/1167/707 1467/1151/707 1468/1154/707
f 1469/1113/703 1470/1110/703 1471/1127/703
f 1469/1113/703 1471/1127/703 1472/1136/703
f 1473/1134/703 1474/1125/703 1475/1123/703
f 1473/1134/703 1475/1123/703 1476/1122/703
f 1477/1116/703 1478/1111/703 1470/1110/703
f 1477/1116/703 1470/1110/703 1469/1113/703
f 1479/1138/703 1480/1129/703 1481/1111/703
f 1479/1138/703 1481/1111/703 1482/1116/703
o pCube8_standardSurface2_0
v -0.051159 0.017001 -0.036924
v -0.051159 0.000443 -0.036924
v -0.054471 0.000443 -0.013524
v -0.054471 0.017001 -0.013524
v -0.029139 0.000443 -0.033807
v -0.029139 0.017001 -0.033807
v -0.032451 0.017001 -0.010407
v -0.032451 0.000443 -0.010407
v -0.053999 0.017001 -0.012896
v -0.053999 0.000443 -0.012896
v -0.033080 0.000443 -0.009935
v -0.033080 0.017001 -0.009935
v -0.029611 0.017001 -0.034435
v -0.029611 0.000443 -0.034435
v -0.050530 0.000443 -0.037397
v -0.050530 0.017001 -0.037397
v -0.050942 0.000443 -0.037291
v -0.050942 0.017001 -0.037291
v -0.050942 0.000443 -0.037291
v -0.050942 0.017001 -0.037291
v -0.054365 0.000443 -0.013112
v -0.054365 0.017001 -0.013112
v -0.054365 0.000443 -0.013112
v -0.054365 0.017001 -0.013112
v -0.029245 0.017001 -0.034219
v -0.029245 0.000443 -0.034219
v -0.029245 0.017001 -0.034219
v -0.029245 0.000443 -0.034219
v -0.032678 0.017001 -0.009966
v -0.032657 0.000443 -0.010115
v -0.032678 0.017001 -0.009966
v -0.032657 0.000443 -0.010115
v -0.050942 0.017001 -0.037291
v -0.029245 0.017001 -0.034219
v -0.029611 0.017001 -0.034435
v -0.050530 0.017001 -0.037397
v -0.033080 0.000443 -0.009935
v -0.053999 0.000443 -0.012896
v -0.054365 0.000443 -0.013112
v -0.032657 0.000443 -0.010115
v -0.032678 0.017001 -0.009966
v -0.032451 0.017001 -0.010407
v -0.054471 0.017001 -0.013524
v -0.054365 0.017001 -0.013112
v -0.053999 0.017001 -0.012896
v -0.033080 0.017001 -0.009935
v -0.043494 0.016276 -0.012555
v -0.043266 0.016276 -0.012523
v -0.040248 0.016276 -0.033840
v -0.040476 0.016276 -0.033872
v -0.051159 0.017001 -0.036924
v -0.029139 0.017001 -0.033807
v -0.043266 0.017001 -0.012523
v -0.043494 0.017001 -0.012555
v -0.032451 0.017001 -0.010407
v -0.029139 0.017001 -0.033807
v -0.040248 0.017001 -0.033840
v -0.043266 0.017001 -0.012523
v -0.040476 0.017001 -0.033872
v -0.040248 0.017001 -0.033840
v -0.043494 0.017001 -0.012555
v -0.043266 0.017001 -0.012523
v -0.043266 0.016276 -0.012523
v -0.043494 0.016276 -0.012555
v -0.043266 0.017001 -0.012523
v -0.040248 0.017001 -0.033840
v -0.040248 0.016276 -0.033840
v -0.043266 0.016276 -0.012523
v -0.040248 0.017001 -0.033840
v -0.040476 0.017001 -0.033872
v -0.040476 0.016276 -0.033872
v -0.040248 0.016276 -0.033840
v -0.040476 0.017001 -0.033872
v -0.043494 0.017001 -0.012555
v -0.043494 0.016276 -0.012555
v -0.040476 0.016276 -0.033872
v -0.029139 0.000443 -0.033807
v -0.051159 0.000443 -0.036924
v -0.050942 0.000443 -0.037291
v -0.029245 0.000443 -0.034219
v -0.029245 0.000443 -0.034219
v -0.050942 0.000443 -0.037291
v -0.050530 0.000443 -0.037397
v -0.029611 0.000443 -0.034435
v -0.032451 0.000443 -0.010407
v -0.054471 0.000443 -0.013524
v -0.032657 0.000443 -0.010115
v -0.054365 0.000443 -0.013112
v -0.054471 0.000443 -0.013524
v -0.032451 0.000443 -0.010407
vn -0.9891 -0.0001 -0.1469
vn -0.9891 -0.0000 -0.1469
vn -0.9911 -0.0000 -0.1334
vn 0.9911 -0.0000 0.1334
vn 0.9891 -0.0000 0.1469
vn -0.1477 0.0001 0.9890
vn -0.1477 -0.0000 0.9890
vn -0.1326 -0.0001 0.9912
vn -0.1326 -0.0000 0.9912
vn 0.1477 -0.0000 -0.9890
vn 0.1326 -0.0000 -0.9912
vn -0.2494 -0.0000 -0.9684
vn -0.8611 -0.0000 -0.5084
vn -0.9684 -0.0000 0.2494
vn -0.5084 -0.0000 0.8611
vn 0.5084 -0.0000 -0.8611
vn 0.9684 -0.0000 -0.2494
vn 0.8611 -0.0017 0.5084
vn 0.2494 -0.0042 0.9684
vn 0.2495 -0.0042 0.9684
vn -0.0000 1.0000 -0.0000
vn -0.0000 -1.0000 -0.0000
vn 0.1402 -0.0000 -0.9901
vn -0.9901 -0.0000 -0.1402
vn -0.1402 -0.0000 0.9901
vn 0.9901 -0.0000 0.1402
vt 0.084425 0.965032
vt 0.336970 0.961760
vt 0.347498 0.598468
vt 0.084560 0.585135
vt 0.684026 0.969920
vt 0.948887 0.979848
vt 0.943585 0.598624
vt 0.693093 0.607526
vt 0.091983 0.018143
vt 0.096209 0.266928
vt 0.411655 0.287556
vt 0.435491 0.020834
vt 0.411120 0.568396
vt 0.415750 0.318771
vt 0.099612 0.289194
vt 0.069659 0.554273
vt 0.093429 0.286346
vt 0.063118 0.553005
vt 0.338583 0.968070
vt 0.084916 0.971673
vt 0.349373 0.592224
vt 0.085279 0.578529
vt 0.089840 0.268890
vt 0.085326 0.018792
vt 0.417789 0.568003
vt 0.422178 0.317009
vt 0.948259 0.986463
vt 0.682231 0.976172
vt 0.942763 0.590908
vt 0.691440 0.602364
vt 0.441695 0.022024
vt 0.418191 0.291161
vt 0.494488 0.559196
vt 0.496653 0.217904
vt 0.494078 0.224010
vt 0.491991 0.553058
vt 0.878141 0.220324
vt 0.870863 0.217742
vt 0.868666 0.564106
vt 0.874804 0.561609
vt 0.877379 0.555503
vt 0.879467 0.226455
vt 0.886058 0.163709
vt 0.886067 0.160122
vt 0.550747 0.159233
vt 0.550737 0.162820
vt 0.500594 0.561771
vt 0.502791 0.215407
vt 0.860763 0.389073
vt 0.860740 0.392661
vt 0.525448 0.386946
vt 0.525425 0.390533
vt 0.897351 0.163739
vt 0.897361 0.160152
vt 0.886097 0.148828
vt 0.550776 0.147939
vt 0.539453 0.159202
vt 0.539443 0.162790
vt 0.550707 0.174114
vt 0.886028 0.175003
s 1
usemtl standardSurface2
f 1483/1169/708 1484/1170/709 1485/1171/710
f 1483/1169/708 1485/1171/710 1486/1172/710
f 1487/1173/711 1488/1174/711 1489/1175/712
f 1487/1173/711 1489/1175/712 1490/1176/712
f 1491/1177/713 1492/1178/714 1493/1179/715
f 1491/1177/713 1493/1179/715 1494/1180/716
f 1495/1181/717 1496/1182/717 1497/1183/718
f 1495/1181/717 1497/1183/718 1498/1184/718
f 1497/1183/718 1499/1185/719 1500/1186/719
f 1497/1183/718 1500/1186/719 1498/1184/718
f 1501/1187/720 1484/1170/709 1483/1169/708
f 1501/1187/720 1483/1169/708 1502/1188/720
f 1485/1171/710 1503/1189/721 1504/1190/721
f 1485/1171/710 1504/1190/721 1486/1172/710
f 1505/1191/722 1492/1178/714 1491/1177/713
f 1505/1191/722 1491/1177/713 1506/1192/722
f 1495/1181/717 1507/1193/723 1508/1194/723
f 1495/1181/717 1508/1194/723 1496/1182/717
f 1509/1195/724 1488/1174/711 1487/1173/711
f 1509/1195/724 1487/1173/711 1510/1196/724
f 1489/1175/712 1511/1197/725 1512/1198/725
f 1489/1175/712 1512/1198/725 1490/1176/712
f 1513/1199/726 1494/1180/716 1493/1179/715
f 1513/1199/726 1493/1179/715 1514/1200/727
s 0
f 1515/1201/728 1516/1202/728 1517/1203/728
f 1515/1201/728 1517/1203/728 1518/1204/728
f 1519/1179/729 1520/1178/729 1521/1191/729
f 1519/1179/729 1521/1191/729 1522/1200/729
f 1523/1205/728 1524/1206/728 1525/1207/728
f 1523/1205/728 1525/1207/728 1526/1208/728
f 1523/1205/728 1526/1208/728 1527/1209/728
f 1523/1205/728 1527/1209/728 1528/1210/728
f 1529/1211/728 1530/1212/728 1531/1213/728
f 1529/1211/728 1531/1213/728 1532/1214/728
f 1533/1215/728 1534/1216/728 1516/1202/728
f 1533/1215/728 1516/1202/728 1515/1201/728
f 1525/1207/728 1524/1206/728 1535/1217/728
f 1525/1207/728 1535/1217/728 1536/1218/728
f 1537/1206/728 1538/1216/728 1539/1219/728
f 1537/1206/728 1539/1219/728 1540/1217/728
f 1534/1216/728 1533/1215/728 1541/1220/728
f 1534/1216/728 1541/1220/728 1542/1219/728
f 1533/1215/728 1525/1207/728 1536/1218/728
f 1533/1215/728 1536/1218/728 1541/1220/728
f 1543/1221/730 1544/1222/730 1545/1212/730
f 1543/1221/730 1545/1212/730 1546/1211/730
f 1547/1223/731 1548/1224/731 1549/1213/731
f 1547/1223/731 1549/1213/731 1550/1212/731
f 1551/1225/732 1552/1226/732 1553/1214/732
f 1551/1225/732 1553/1214/732 1554/1213/732
f 1555/1227/733 1556/1228/733 1557/1211/733
f 1555/1227/733 1557/1211/733 1558/1214/733
f 1559/1173/729 1560/1170/729 1561/1187/729
f 1559/1173/729 1561/1187/729 1562/1196/729
f 1563/1194/729 1564/1185/729 1565/1183/729
f 1563/1194/729 1565/1183/729 1566/1182/729
f 1567/1176/729 1568/1171/729 1560/1170/729
f 1567/1176/729 1560/1170/729 1559/1173/729
f 1569/1198/729 1570/1189/729 1571/1171/729
f 1569/1198/729 1571/1171/729 1572/1176/729
o pCube9_standardSurface2_0
v -0.051285 0.034495 -0.037207
v -0.051285 0.017937 -0.037207
v -0.054597 0.017937 -0.013807
v -0.054597 0.034495 -0.013807
v -0.029265 0.017937 -0.034090
v -0.029265 0.034495 -0.034090
v -0.032577 0.034495 -0.010690
v -0.032577 0.017937 -0.010690
v -0.054125 0.034495 -0.013179
v -0.054125 0.017937 -0.013179
v -0.033206 0.017937 -0.010218
v -0.033206 0.034495 -0.010218
v -0.029737 0.034495 -0.034718
v -0.029737 0.017937 -0.034718
v -0.050656 0.017937 -0.037680
v -0.050656 0.034495 -0.037680
v -0.051068 0.017937 -0.037573
v -0.051068 0.034495 -0.037573
v -0.051068 0.017937 -0.037573
v -0.051068 0.034495 -0.037573
v -0.054491 0.017937 -0.013395
v -0.054491 0.034495 -0.013395
v -0.054491 0.017937 -0.013395
v -0.054491 0.034495 -0.013395
v -0.029371 0.034495 -0.034502
v -0.029371 0.017937 -0.034502
v -0.029371 0.034495 -0.034502
v -0.029371 0.017937 -0.034502
v -0.032804 0.034495 -0.010249
v -0.032783 0.017937 -0.010398
v -0.032804 0.034495 -0.010249
v -0.032783 0.017937 -0.010398
v -0.051068 0.034495 -0.037573
v -0.029371 0.034495 -0.034502
v -0.029737 0.034495 -0.034718
v -0.050656 0.034495 -0.037680
v -0.033206 0.017937 -0.010218
v -0.054125 0.017937 -0.013179
v -0.054491 0.017937 -0.013395
v -0.032783 0.017937 -0.010398
v -0.032804 0.034495 -0.010249
v -0.032577 0.034495 -0.010690
v -0.054597 0.034495 -0.013807
v -0.054491 0.034495 -0.013395
v -0.054125 0.034495 -0.013179
v -0.033206 0.034495 -0.010218
v -0.043620 0.033770 -0.012838
v -0.043392 0.033770 -0.012806
v -0.040374 0.033770 -0.034123
v -0.040602 0.033770 -0.034155
v -0.051285 0.034495 -0.037207
v -0.029265 0.034495 -0.034090
v -0.043392 0.034495 -0.012806
v -0.043620 0.034495 -0.012838
v -0.032577 0.034495 -0.010690
v -0.029265 0.034495 -0.034090
v -0.040374 0.034495 -0.034123
v -0.043392 0.034495 -0.012806
v -0.040602 0.034495 -0.034155
v -0.040374 0.034495 -0.034123
v -0.043620 0.034495 -0.012838
v -0.043392 0.034495 -0.012806
v -0.043392 0.033770 -0.012806
v -0.043620 0.033770 -0.012838
v -0.043392 0.034495 -0.012806
v -0.040374 0.034495 -0.034123
v -0.040374 0.033770 -0.034123
v -0.043392 0.033770 -0.012806
v -0.040374 0.034495 -0.034123
v -0.040602 0.034495 -0.034155
v -0.040602 0.033770 -0.034155
v -0.040374 0.033770 -0.034123
v -0.040602 0.034495 -0.034155
v -0.043620 0.034495 -0.012838
v -0.043620 0.033770 -0.012838
v -0.040602 0.033770 -0.034155
v -0.029265 0.017937 -0.034090
v -0.051285 0.017937 -0.037207
v -0.051068 0.017937 -0.037573
v -0.029371 0.017937 -0.034502
v -0.029371 0.017937 -0.034502
v -0.051068 0.017937 -0.037573
v -0.050656 0.017937 -0.037680
v -0.029737 0.017937 -0.034718
v -0.032577 0.017937 -0.010690
v -0.054597 0.017937 -0.013807
v -0.032783 0.017937 -0.010398
v -0.054491 0.017937 -0.013395
v -0.054597 0.017937 -0.013807
v -0.032577 0.017937 -0.010690
vn -0.9891 -0.0001 -0.1469
vn -0.9891 -0.0000 -0.1469
vn -0.9911 -0.0000 -0.1334
vn 0.9911 -0.0000 0.1334
vn 0.9891 -0.0000 0.1469
vn -0.1477 0.0001 0.9890
vn -0.1477 -0.0000 0.9890
vn -0.1326 -0.0001 0.9912
vn -0.1326 -0.0000 0.9912
vn 0.1477 -0.0000 -0.9890
vn 0.1326 -0.0000 -0.9912
vn -0.2494 -0.0000 -0.9684
vn -0.8611 -0.0000 -0.5084
vn -0.9684 -0.0000 0.2494
vn -0.5084 -0.0000 0.8611
vn 0.5084 -0.0000 -0.8611
vn 0.9684 -0.0000 -0.2494
vn 0.8611 -0.0017 0.5084
vn 0.2494 -0.0042 0.9684
vn 0.2495 -0.0042 0.9684
vn -0.0000 1.0000 -0.0000
vn -0.0000 -1.0000 -0.0000
vn 0.1402 -0.0000 -0.9901
vn -0.9901 -0.0000 -0.1402
vn -0.1402 -0.0000 0.9901
vn 0.9901 -0.0000 0.1402
vt 0.084425 0.965032
vt 0.336970 0.961760
vt 0.347498 0.598468
vt 0.084560 0.585135
vt 0.684026 0.969920
vt 0.948887 0.979848
vt 0.943585 0.598624
vt 0.693093 0.607526
vt 0.091983 0.018143
vt 0.096209 0.266928
vt 0.411655 0.287556
vt 0.435491 0.020834
vt 0.411120 0.568396
vt 0.415750 0.318771
vt 0.099612 0.289194
vt 0.069659 0.554273
vt 0.093429 0.286346
vt 0.063118 0.553005
vt 0.338583 0.968070
vt 0.084916 0.971673
vt 0.349373 0.592224
vt 0.085279 0.578529
vt 0.089840 0.268890
vt 0.085326 0.018792
vt 0.417789 0.568003
vt 0.422178 0.317009
vt 0.948259 0.986463
vt 0.682231 0.976172
vt 0.942763 0.590908
vt 0.691440 0.602364
vt 0.441695 0.022024
vt 0.418191 0.291161
vt 0.494488 0.559196
vt 0.496653 0.217904
vt 0.494078 0.224010
vt 0.491991 0.553058
vt 0.878141 0.220324
vt 0.870863 0.217742
vt 0.868666 0.564106
vt 0.874804 0.561609
vt 0.877379 0.555503
vt 0.879467 0.226455
vt 0.886058 0.163709
vt 0.886067 0.160122
vt 0.550747 0.159233
vt 0.550737 0.162820
vt 0.500594 0.561771
vt 0.502791 0.215407
vt 0.860763 0.389073
vt 0.860740 0.392661
vt 0.525448 0.386946
vt 0.525425 0.390533
vt 0.897351 0.163739
vt 0.897361 0.160152
vt 0.886097 0.148828
vt 0.550776 0.147939
vt 0.539453 0.159202
vt 0.539443 0.162790
vt 0.550707 0.174114
vt 0.886028 0.175003
s 1
usemtl standardSurface2
f 1573/1229/734 1574/1230/735 1575/1231/736
f 1573/1229/734 1575/1231/736 1576/1232/736
f 1577/1233/737 1578/1234/737 1579/1235/738
f 1577/1233/737 1579/1235/738 1580/1236/738
f 1581/1237/739 1582/1238/740 1583/1239/741
f 1581/1237/739 1583/1239/741 1584/1240/742
f 1585/1241/743 1586/1242/743 1587/1243/744
f 1585/1241/743 1587/1243/744 1588/1244/744
f 1587/1243/744 1589/1245/745 1590/1246/745
f 1587/1243/744 1590/1246/745 1588/1244/744
f 1591/1247/746 1574/1230/735 1573/1229/734
f 1591/1247/746 1573/1229/734 1592/1248/746
f 1575/1231/736 1593/1249/747 1594/1250/747
f 1575/1231/736 1594/1250/747 1576/1232/736
f 1595/1251/748 1582/1238/740 1581/1237/739
f 1595/1251/748 1581/1237/739 1596/1252/748
f 1585/1241/743 1597/1253/749 1598/1254/749
f 1585/1241/743 1598/1254/749 1586/1242/743
f 1599/1255/750 1578/1234/737 1577/1233/737
f 1599/1255/750 1577/1233/737 1600/1256/750
f 1579/1235/738 1601/1257/751 1602/1258/751
f 1579/1235/738 1602/1258/751 1580/1236/738
f 1603/1259/752 1584/1240/742 1583/1239/741
f 1603/1259/752 1583/1239/741 1604/1260/753
s 0
f 1605/1261/754 1606/1262/754 1607/1263/754
f 1605/1261/754 1607/1263/754 1608/1264/754
f 1609/1239/755 1610/1238/755 1611/1251/755
f 1609/1239/755 1611/1251/755 1612/1260/755
f 1613/1265/754 1614/1266/754 1615/1267/754
f 1613/1265/754 1615/1267/754 1616/1268/754
f 1613/1265/754 1616/1268/754 1617/1269/754
f 1613/1265/754 1617/1269/754 1618/1270/754
f 1619/1271/754 1620/1272/754 1621/1273/754
f 1619/1271/754 1621/1273/754 1622/1274/754
f 1623/1275/754 1624/1276/754 1606/1262/754
f 1623/1275/754 1606/1262/754 1605/1261/754
f 1615/1267/754 1614/1266/754 1625/1277/754
f 1615/1267/754 1625/1277/754 1626/1278/754
f 1627/1266/754 1628/1276/754 1629/1279/754
f 1627/1266/754 1629/1279/754 1630/1277/754
f 1624/1276/754 1623/1275/754 1631/1280/754
f 1624/1276/754 1631/1280/754 1632/1279/754
f 1623/1275/754 1615/1267/754 1626/1278/754
f 1623/1275/754 1626/1278/754 1631/1280/754
f 1633/1281/756 1634/1282/756 1635/1272/756
f 1633/1281/756 1635/1272/756 1636/1271/756
f 1637/1283/757 1638/1284/757 1639/1273/757
f 1637/1283/757 1639/1273/757 1640/1272/757
f 1641/1285/758 1642/1286/758 1643/1274/758
f 1641/1285/758 1643/1274/758 1644/1273/758
f 1645/1287/759 1646/1288/759 1647/1271/759
f 1645/1287/759 1647/1271/759 1648/1274/759
f 1649/1233/755 1650/1230/755 1651/1247/755
f 1649/1233/755 1651/1247/755 1652/1256/755
f 1653/1254/755 1654/1245/755 1655/1243/755
f 1653/1254/755 1655/1243/755 1656/1242/755
f 1657/1236/755 1658/1231/755 1650/1230/755
f 1657/1236/755 1650/1230/755 1649/1233/755
f 1659/1258/755 1660/1249/755 1661/1231/755
f 1659/1258/755 1661/1231/755 1662/1236/755
