# Blender 5.1.2
# www.blender.org
mtllib door.mtl
o Glass
v -0.000591 -0.040006 -0.667135
v -0.001851 -0.040006 -0.535764
v -0.000591 0.515212 -0.667135
v -0.001851 0.515212 -0.535764
v -0.026594 -0.754256 -0.798767
v -0.026594 0.674244 -0.798767
v -0.034319 -0.754256 0.005903
v -0.034319 0.674244 0.005903
v -0.026594 -0.040006 -0.798767
v -0.034319 -0.040006 0.005903
v -0.027855 0.674244 -0.667396
v -0.027855 -0.040006 -0.667396
v -0.027855 -0.754256 -0.667396
v -0.031796 -0.754256 -0.256839
v -0.029116 -0.754256 -0.536026
v -0.029116 0.674244 -0.536025
v -0.031796 0.674244 -0.256839
v -0.031796 -0.040006 -0.256839
v -0.029116 -0.040006 -0.536025
v -0.026594 0.515212 -0.798767
v -0.027855 0.515212 -0.667396
v -0.034319 0.515212 0.005903
v -0.029116 0.515212 -0.536025
v -0.031796 0.515212 -0.256839
v 0.027936 -0.754256 -0.798244
v 0.027936 0.674244 -0.798244
v 0.020210 -0.754256 0.006427
v 0.020210 0.674244 0.006427
v 0.027936 -0.040006 -0.798244
v 0.020210 -0.040006 0.006427
v 0.026674 0.674244 -0.666873
v 0.026674 -0.040006 -0.666873
v 0.026674 -0.754256 -0.666873
v 0.022733 -0.754256 -0.256316
v 0.025413 -0.754256 -0.535502
v 0.025413 0.674244 -0.535502
v 0.022733 0.674244 -0.256316
v 0.022733 -0.040006 -0.256316
v 0.025413 -0.040006 -0.535502
v 0.027936 0.515212 -0.798244
v 0.026674 0.515212 -0.666873
v 0.020210 0.515212 0.006427
v 0.025413 0.515212 -0.535502
v 0.022733 0.515212 -0.256316
v -0.027224 -0.754256 -0.733081
v -0.027224 -0.040006 -0.733081
v -0.027224 0.674244 -0.733081
v -0.027224 0.515212 -0.733081
v 0.027305 -0.754256 -0.732558
v 0.027305 -0.040006 -0.732558
v 0.027305 0.674244 -0.732558
v 0.027305 0.515212 -0.732558
v 0.037893 -0.033969 -0.660735
v 0.036748 -0.033969 -0.541423
v 0.037893 0.509175 -0.660735
v 0.036748 0.509175 -0.541423
v -0.039190 -0.033969 -0.661475
v -0.039190 0.509175 -0.661475
v -0.040336 0.509175 -0.542163
v -0.040335 -0.033969 -0.542163
v 0.038009 -0.046043 -0.672794
v 0.036632 -0.046043 -0.529364
v 0.038009 0.521249 -0.672794
v 0.036632 0.521249 -0.529364
v -0.039074 -0.046043 -0.673534
v -0.039074 0.521249 -0.673534
v -0.040452 0.521249 -0.530104
v -0.040452 -0.046043 -0.530104
v -0.055077 -0.136237 -0.724902
v -0.054306 -0.133352 -0.726877
v -0.053776 -0.131422 -0.729838
v -0.053566 -0.130745 -0.733335
v -0.053709 -0.131422 -0.736835
v -0.054183 -0.133352 -0.739805
v -0.054915 -0.136237 -0.741795
v -0.055795 -0.139642 -0.742499
v -0.056688 -0.143047 -0.741811
v -0.057457 -0.145932 -0.739837
v -0.057988 -0.147861 -0.736876
v -0.058198 -0.148540 -0.733379
v -0.058055 -0.147861 -0.729879
v -0.057582 -0.145932 -0.726908
v -0.056850 -0.143047 -0.724919
v -0.055970 -0.139642 -0.724215
v -0.074364 -0.132327 -0.725087
v -0.072143 -0.129874 -0.727049
v -0.070642 -0.128235 -0.730000
v -0.070092 -0.127660 -0.733493
v -0.070575 -0.128235 -0.736997
v -0.072019 -0.129874 -0.739977
v -0.074203 -0.132327 -0.741980
v -0.076794 -0.135221 -0.742700
v -0.079399 -0.138113 -0.742029
v -0.081620 -0.140565 -0.740069
v -0.083121 -0.142205 -0.737117
v -0.083671 -0.142780 -0.733623
v -0.083189 -0.142205 -0.730121
v -0.081745 -0.140566 -0.727141
v -0.079561 -0.138113 -0.725138
v -0.076970 -0.135221 -0.724416
v -0.087944 -0.123184 -0.725217
v -0.084283 -0.121702 -0.727165
v -0.081820 -0.120710 -0.730107
v -0.080931 -0.120363 -0.733597
v -0.081753 -0.120710 -0.737104
v -0.084158 -0.121702 -0.740093
v -0.087782 -0.123184 -0.742110
v -0.092073 -0.124934 -0.742847
v -0.096376 -0.126683 -0.742192
v -0.100038 -0.128166 -0.740246
v -0.102501 -0.129157 -0.737304
v -0.103389 -0.129504 -0.733814
v -0.102567 -0.129157 -0.730306
v -0.100162 -0.128166 -0.727317
v -0.096538 -0.126683 -0.725300
v -0.092248 -0.124934 -0.724563
v -0.093760 -0.077150 -0.725274
v -0.089460 -0.076708 -0.727214
v -0.086572 -0.076413 -0.730152
v -0.085534 -0.076310 -0.733641
v -0.086504 -0.076413 -0.737150
v -0.089336 -0.076709 -0.740143
v -0.093598 -0.077150 -0.742166
v -0.098640 -0.077670 -0.742911
v -0.103697 -0.078191 -0.742263
v -0.107997 -0.078632 -0.740323
v -0.110885 -0.078927 -0.737383
v -0.111923 -0.079030 -0.733894
v -0.110952 -0.078927 -0.730387
v -0.108120 -0.078632 -0.727393
v -0.103859 -0.078191 -0.725369
v -0.098816 -0.077670 -0.724626
v -0.093760 0.069363 -0.725274
v -0.089460 0.068923 -0.727214
v -0.086572 0.068628 -0.730152
v -0.085534 0.068524 -0.733641
v -0.086504 0.068628 -0.737150
v -0.089336 0.068923 -0.740143
v -0.093598 0.069363 -0.742166
v -0.098640 0.069884 -0.742911
v -0.103697 0.070405 -0.742263
v -0.107997 0.070846 -0.740323
v -0.110885 0.071141 -0.737383
v -0.111923 0.071244 -0.733894
v -0.110952 0.071141 -0.730387
v -0.108120 0.070846 -0.727393
v -0.103859 0.070405 -0.725369
v -0.098816 0.069884 -0.724626
v -0.087944 0.115397 -0.725217
v -0.084283 0.113916 -0.727165
v -0.081820 0.112924 -0.730107
v -0.080931 0.112576 -0.733597
v -0.081753 0.112924 -0.737104
v -0.084158 0.113916 -0.740093
v -0.087782 0.115397 -0.742110
v -0.092073 0.117148 -0.742847
v -0.096376 0.118898 -0.742192
v -0.100038 0.120380 -0.740246
v -0.102501 0.121371 -0.737304
v -0.103389 0.121719 -0.733813
v -0.102567 0.121371 -0.730306
v -0.100162 0.120380 -0.727317
v -0.096538 0.118898 -0.725300
v -0.092248 0.117148 -0.724563
v -0.074364 0.124541 -0.725087
v -0.072143 0.122089 -0.727049
v -0.070642 0.120450 -0.730000
v -0.070092 0.119874 -0.733493
v -0.070575 0.120450 -0.736997
v -0.072019 0.122089 -0.739977
v -0.074203 0.124541 -0.741980
v -0.076794 0.127434 -0.742700
v -0.079399 0.130327 -0.742029
v -0.081620 0.132780 -0.740069
v -0.083121 0.134418 -0.737117
v -0.083671 0.134993 -0.733623
v -0.083189 0.134418 -0.730121
v -0.081745 0.132780 -0.727141
v -0.079561 0.130327 -0.725138
v -0.076970 0.127434 -0.724416
v -0.055077 0.128451 -0.724902
v -0.054306 0.125565 -0.726877
v -0.053776 0.123637 -0.729838
v -0.053566 0.122960 -0.733335
v -0.053709 0.123637 -0.736835
v -0.054183 0.125565 -0.739805
v -0.054915 0.128451 -0.741795
v -0.055795 0.131856 -0.742499
v -0.056688 0.135260 -0.741811
v -0.057457 0.138146 -0.739837
v -0.057988 0.140075 -0.736876
v -0.058198 0.140753 -0.733379
v -0.058055 0.140075 -0.729879
v -0.057582 0.138146 -0.726908
v -0.056850 0.135260 -0.724919
v -0.055970 0.131856 -0.724215
v -0.025466 -0.135946 -0.722567
v -0.025442 -0.132255 -0.725030
v -0.025407 -0.129789 -0.728716
v -0.025365 -0.128923 -0.733064
v -0.025324 -0.129789 -0.737413
v -0.025288 -0.132255 -0.741098
v -0.025264 -0.135946 -0.743561
v -0.025256 -0.140299 -0.744427
v -0.025264 -0.144653 -0.743561
v -0.025288 -0.148343 -0.741098
v -0.025324 -0.150809 -0.737413
v -0.025365 -0.151675 -0.733064
v -0.025407 -0.150809 -0.728716
v -0.025442 -0.148343 -0.725030
v -0.025466 -0.144653 -0.722567
v -0.025474 -0.140299 -0.721702
v -0.025466 0.128159 -0.722567
v -0.025442 0.124469 -0.725030
v -0.025407 0.122002 -0.728716
v -0.025365 0.121136 -0.733064
v -0.025324 0.122002 -0.737413
v -0.025288 0.124469 -0.741098
v -0.025264 0.128159 -0.743561
v -0.025256 0.132513 -0.744427
v -0.025264 0.136866 -0.743561
v -0.025288 0.140557 -0.741098
v -0.025324 0.143023 -0.737413
v -0.025365 0.143888 -0.733064
v -0.025407 0.143023 -0.728716
v -0.025442 0.140557 -0.725030
v -0.025466 0.136866 -0.722567
v -0.025474 0.132513 -0.721702
v -0.037100 -0.136799 -0.724725
v -0.033117 -0.136600 -0.724216
v -0.033297 -0.136779 -0.724652
v -0.033169 -0.136746 -0.724571
v -0.033096 -0.133462 -0.726309
v -0.036984 -0.133832 -0.726706
v -0.033149 -0.133734 -0.726581
v -0.033278 -0.133796 -0.726644
v -0.033066 -0.131366 -0.729442
v -0.036892 -0.131850 -0.729674
v -0.033120 -0.131722 -0.729590
v -0.033250 -0.131802 -0.729624
v -0.033031 -0.130630 -0.733137
v -0.036836 -0.131153 -0.733174
v -0.033087 -0.131015 -0.733138
v -0.033216 -0.131102 -0.733140
v -0.036825 -0.131850 -0.736675
v -0.032996 -0.131366 -0.736833
v -0.033183 -0.131802 -0.736655
v -0.033052 -0.131722 -0.736687
v -0.032965 -0.133462 -0.739965
v -0.036860 -0.133832 -0.739643
v -0.033023 -0.133734 -0.739695
v -0.033153 -0.133796 -0.739634
v -0.032945 -0.136600 -0.742059
v -0.036938 -0.136799 -0.741628
v -0.033005 -0.136746 -0.741705
v -0.033135 -0.136779 -0.741627
v -0.032938 -0.140299 -0.742795
v -0.037044 -0.140299 -0.742325
v -0.032997 -0.140299 -0.742411
v -0.033128 -0.140299 -0.742326
v -0.037164 -0.143798 -0.741630
v -0.032945 -0.143998 -0.742059
v -0.033135 -0.143818 -0.741627
v -0.033005 -0.143852 -0.741705
v -0.032965 -0.147136 -0.739965
v -0.037278 -0.146765 -0.739648
v -0.033023 -0.146863 -0.739695
v -0.033153 -0.146802 -0.739634
v -0.032996 -0.149231 -0.736833
v -0.037371 -0.148748 -0.736680
v -0.033052 -0.148876 -0.736687
v -0.033183 -0.148795 -0.736655
v -0.033031 -0.149967 -0.733137
v -0.037428 -0.149444 -0.733179
v -0.033087 -0.149583 -0.733138
v -0.033216 -0.149495 -0.733140
v -0.037439 -0.148748 -0.729679
v -0.033066 -0.149231 -0.729442
v -0.033250 -0.148795 -0.729624
v -0.033120 -0.148876 -0.729590
v -0.033096 -0.147136 -0.726309
v -0.037403 -0.146765 -0.726710
v -0.033149 -0.146863 -0.726581
v -0.033278 -0.146802 -0.726644
v -0.033117 -0.143998 -0.724216
v -0.037326 -0.143798 -0.724726
v -0.033169 -0.143852 -0.724571
v -0.033297 -0.143818 -0.724652
v -0.037219 -0.140299 -0.724029
v -0.033124 -0.140299 -0.723481
v -0.033304 -0.140299 -0.723953
v -0.033176 -0.140299 -0.723865
v -0.033117 0.128813 -0.724216
v -0.037100 0.129013 -0.724725
v -0.033169 0.128960 -0.724571
v -0.033297 0.128994 -0.724652
v -0.036985 0.126046 -0.726706
v -0.033096 0.125676 -0.726309
v -0.033278 0.126010 -0.726644
v -0.033149 0.125948 -0.726581
v -0.036892 0.124065 -0.729674
v -0.033066 0.123580 -0.729442
v -0.033250 0.124016 -0.729624
v -0.033120 0.123935 -0.729590
v -0.036836 0.123368 -0.733174
v -0.033031 0.122844 -0.733137
v -0.033216 0.123316 -0.733140
v -0.033087 0.123229 -0.733138
v -0.032996 0.123580 -0.736833
v -0.036825 0.124065 -0.736675
v -0.033052 0.123935 -0.736687
v -0.033183 0.124016 -0.736655
v -0.036860 0.126046 -0.739643
v -0.032965 0.125676 -0.739965
v -0.033153 0.126010 -0.739634
v -0.033023 0.125948 -0.739695
v -0.036938 0.129013 -0.741628
v -0.032945 0.128813 -0.742059
v -0.033135 0.128994 -0.741627
v -0.033005 0.128960 -0.741705
v -0.037044 0.132513 -0.742325
v -0.032938 0.132513 -0.742795
v -0.033128 0.132513 -0.742326
v -0.032997 0.132513 -0.742411
v -0.032945 0.136213 -0.742059
v -0.037164 0.136013 -0.741630
v -0.033005 0.136065 -0.741705
v -0.033135 0.136032 -0.741627
v -0.037278 0.138980 -0.739648
v -0.032965 0.139350 -0.739965
v -0.033153 0.139016 -0.739634
v -0.033023 0.139077 -0.739695
v -0.037371 0.140961 -0.736680
v -0.032996 0.141445 -0.736833
v -0.033183 0.141009 -0.736655
v -0.033052 0.141090 -0.736687
v -0.037428 0.141658 -0.733179
v -0.033031 0.142181 -0.733137
v -0.033216 0.141710 -0.733140
v -0.033087 0.141797 -0.733138
v -0.033066 0.141445 -0.729442
v -0.037439 0.140961 -0.729679
v -0.033120 0.141090 -0.729590
v -0.033250 0.141009 -0.729624
v -0.037403 0.138980 -0.726710
v -0.033096 0.139350 -0.726309
v -0.033278 0.139016 -0.726644
v -0.033149 0.139077 -0.726581
v -0.037326 0.136013 -0.724726
v -0.033117 0.136213 -0.724216
v -0.033297 0.136032 -0.724652
v -0.033169 0.136065 -0.724571
v -0.033124 0.132513 -0.723481
v -0.037219 0.132513 -0.724029
v -0.033176 0.132513 -0.723865
v -0.033304 0.132513 -0.723953
v -0.033111 -0.136143 -0.723115
v -0.031569 -0.135947 -0.722630
v -0.033058 -0.135995 -0.722760
v -0.032929 -0.135962 -0.722679
v -0.031546 -0.132259 -0.725092
v -0.033088 -0.132619 -0.725468
v -0.032906 -0.132286 -0.725132
v -0.033035 -0.132347 -0.725195
v -0.031510 -0.129794 -0.728777
v -0.033054 -0.130265 -0.728986
v -0.032870 -0.129830 -0.728805
v -0.033000 -0.129910 -0.728839
v -0.031468 -0.128928 -0.733123
v -0.033015 -0.129438 -0.733138
v -0.032829 -0.128967 -0.733134
v -0.032959 -0.129053 -0.733137
v -0.032974 -0.130265 -0.737288
v -0.031426 -0.129794 -0.737468
v -0.032917 -0.129910 -0.737435
v -0.032787 -0.129830 -0.737467
v -0.031391 -0.132259 -0.741153
v -0.032941 -0.132619 -0.740808
v -0.032752 -0.132286 -0.741139
v -0.032883 -0.132347 -0.741079
v -0.031368 -0.135947 -0.743614
v -0.032918 -0.136143 -0.743160
v -0.032729 -0.135963 -0.743592
v -0.032859 -0.135995 -0.743514
v -0.031359 -0.140299 -0.744479
v -0.032910 -0.140299 -0.743985
v -0.032720 -0.140299 -0.744453
v -0.032851 -0.140299 -0.744368
v -0.032918 -0.144455 -0.743160
v -0.031368 -0.144650 -0.743614
v -0.032859 -0.144602 -0.743514
v -0.032729 -0.144635 -0.743592
v -0.031391 -0.148339 -0.741153
v -0.032941 -0.147979 -0.740808
v -0.032752 -0.148312 -0.741139
v -0.032883 -0.148252 -0.741079
v -0.031426 -0.150803 -0.737468
v -0.032974 -0.150333 -0.737288
v -0.032787 -0.150769 -0.737467
v -0.032917 -0.150688 -0.737435
v -0.031468 -0.151668 -0.733123
v -0.033015 -0.151160 -0.733138
v -0.032829 -0.151631 -0.733134
v -0.032959 -0.151544 -0.733137
v -0.033054 -0.150333 -0.728986
v -0.031510 -0.150803 -0.728777
v -0.033000 -0.150688 -0.728839
v -0.032870 -0.150769 -0.728805
v -0.031546 -0.148339 -0.725092
v -0.033088 -0.147979 -0.725468
v -0.032906 -0.148312 -0.725132
v -0.033035 -0.148252 -0.725195
v -0.031569 -0.144650 -0.722630
v -0.033111 -0.144455 -0.723115
v -0.032929 -0.144635 -0.722679
v -0.033058 -0.144602 -0.722760
v -0.033119 -0.140299 -0.722289
v -0.031577 -0.140299 -0.721766
v -0.033066 -0.140299 -0.721906
v -0.032937 -0.140299 -0.721817
v -0.031569 0.128162 -0.722630
v -0.033111 0.128357 -0.723115
v -0.032929 0.128176 -0.722679
v -0.033058 0.128209 -0.722760
v -0.033088 0.124833 -0.725467
v -0.031546 0.124472 -0.725092
v -0.033035 0.124561 -0.725195
v -0.032906 0.124500 -0.725132
v -0.033054 0.122478 -0.728986
v -0.031511 0.122008 -0.728777
v -0.033000 0.122123 -0.728839
v -0.032870 0.122043 -0.728805
v -0.033015 0.121651 -0.733138
v -0.031468 0.121142 -0.733123
v -0.032959 0.121267 -0.733137
v -0.032829 0.121180 -0.733134
v -0.031427 0.122008 -0.737468
v -0.032974 0.122478 -0.737288
v -0.032787 0.122043 -0.737467
v -0.032917 0.122123 -0.737435
v -0.032941 0.124833 -0.740808
v -0.031391 0.124472 -0.741153
v -0.032883 0.124561 -0.741079
v -0.032752 0.124500 -0.741139
v -0.032918 0.128357 -0.743160
v -0.031368 0.128162 -0.743614
v -0.032859 0.128209 -0.743513
v -0.032729 0.128176 -0.743592
v -0.032910 0.132513 -0.743985
v -0.031359 0.132513 -0.744479
v -0.032851 0.132513 -0.744368
v -0.032720 0.132513 -0.744453
v -0.031368 0.136864 -0.743614
v -0.032918 0.136669 -0.743160
v -0.032729 0.136849 -0.743592
v -0.032859 0.136816 -0.743513
v -0.032941 0.140193 -0.740808
v -0.031391 0.140553 -0.741153
v -0.032883 0.140465 -0.741079
v -0.032752 0.140526 -0.741139
v -0.032974 0.142546 -0.737288
v -0.031427 0.143018 -0.737468
v -0.032917 0.142902 -0.737435
v -0.032787 0.142982 -0.737467
v -0.033015 0.143373 -0.733138
v -0.031468 0.143883 -0.733123
v -0.032959 0.143758 -0.733137
v -0.032829 0.143844 -0.733134
v -0.031511 0.143018 -0.728777
v -0.033054 0.142546 -0.728986
v -0.032870 0.142982 -0.728805
v -0.033000 0.142902 -0.728839
v -0.033088 0.140193 -0.725467
v -0.031546 0.140553 -0.725092
v -0.033035 0.140465 -0.725195
v -0.032906 0.140526 -0.725132
v -0.033111 0.136669 -0.723115
v -0.031569 0.136864 -0.722630
v -0.033058 0.136816 -0.722760
v -0.032929 0.136849 -0.722679
v -0.031577 0.132513 -0.721766
v -0.033119 0.132513 -0.722289
v -0.032937 0.132513 -0.721817
v -0.033066 0.132513 -0.721906
v -0.054669 -0.134700 -0.725744
v -0.053908 -0.132245 -0.738418
v -0.057096 -0.144584 -0.740970
v -0.057857 -0.147039 -0.728297
v -0.055517 -0.137906 -0.724387
v -0.065212 -0.134877 -0.724999
v -0.073182 -0.131021 -0.725921
v -0.062740 -0.130313 -0.736921
v -0.071187 -0.128934 -0.738583
v -0.068380 -0.141331 -0.741924
v -0.080581 -0.139419 -0.741195
v -0.070852 -0.145895 -0.730002
v -0.082576 -0.141506 -0.728534
v -0.075643 -0.133745 -0.724580
v -0.082075 -0.128375 -0.725161
v -0.085995 -0.122394 -0.726044
v -0.076972 -0.125016 -0.737058
v -0.082776 -0.121133 -0.738695
v -0.088966 -0.133125 -0.742121
v -0.098325 -0.127473 -0.741366
v -0.094069 -0.136483 -0.730225
v -0.101544 -0.128734 -0.728716
v -0.090056 -0.124041 -0.724718
v -0.091733 -0.112891 -0.725254
v -0.091471 -0.076915 -0.726097
v -0.084841 -0.111318 -0.737134
v -0.087709 -0.076539 -0.738742
v -0.101155 -0.115114 -0.742239
v -0.105985 -0.078426 -0.741439
v -0.108047 -0.116687 -0.730358
v -0.109747 -0.078801 -0.728795
v -0.096241 -0.077405 -0.724778
v -0.094410 -0.003893 -0.725279
v -0.091471 0.069129 -0.726097
v -0.087039 -0.003893 -0.737155
v -0.087709 0.068753 -0.738742
v -0.104510 -0.003893 -0.742271
v -0.105985 0.070639 -0.741439
v -0.111881 -0.003893 -0.730396
v -0.109747 0.071015 -0.728795
v -0.096241 0.069619 -0.724778
v -0.091733 0.105105 -0.725254
v -0.085995 0.114608 -0.726044
v -0.084841 0.103532 -0.737134
v -0.082776 0.113347 -0.738695
v -0.101155 0.107327 -0.742239
v -0.098325 0.119687 -0.741366
v -0.108047 0.108901 -0.730358
v -0.101544 0.120949 -0.728716
v -0.090056 0.116255 -0.724718
v -0.082075 0.120589 -0.725161
v -0.073182 0.123234 -0.725921
v -0.076972 0.117231 -0.737058
v -0.071187 0.121149 -0.738583
v -0.088966 0.125338 -0.742121
v -0.080581 0.131633 -0.741195
v -0.094069 0.128697 -0.730225
v -0.082576 0.133720 -0.728534
v -0.075643 0.125959 -0.724580
v -0.065212 0.127090 -0.724999
v -0.054669 0.126914 -0.725744
v -0.062741 0.122527 -0.736921
v -0.053908 0.124459 -0.738418
v -0.068380 0.133545 -0.741924
v -0.057096 0.136799 -0.740970
v -0.070852 0.138109 -0.730002
v -0.057857 0.139252 -0.728297
v -0.055517 0.130120 -0.724387
v -0.054006 -0.132245 -0.728260
v -0.054522 -0.134700 -0.740945
v -0.057759 -0.147039 -0.738454
v -0.057242 -0.144584 -0.725769
v -0.063781 -0.132141 -0.726967
v -0.071285 -0.128934 -0.728425
v -0.063656 -0.132141 -0.739897
v -0.073037 -0.131021 -0.741124
v -0.069811 -0.144067 -0.739956
v -0.082478 -0.141506 -0.738691
v -0.069936 -0.144067 -0.727027
v -0.080727 -0.139419 -0.725994
v -0.079065 -0.126362 -0.727114
v -0.082874 -0.121133 -0.728537
v -0.078942 -0.126362 -0.740044
v -0.085849 -0.122394 -0.741246
v -0.091976 -0.135137 -0.740168
v -0.101448 -0.128734 -0.738873
v -0.092099 -0.135137 -0.727241
v -0.098471 -0.127473 -0.726164
v -0.087650 -0.111948 -0.727197
v -0.087807 -0.076539 -0.728584
v -0.087527 -0.111948 -0.740125
v -0.091325 -0.076915 -0.741299
v -0.105237 -0.116058 -0.740296
v -0.109650 -0.078801 -0.738953
v -0.105361 -0.116058 -0.727367
v -0.106131 -0.078426 -0.726238
v -0.090041 -0.003893 -0.727219
v -0.087807 0.068753 -0.728584
v -0.089917 -0.003893 -0.740149
v -0.091325 0.069129 -0.741299
v -0.108879 -0.003893 -0.740330
v -0.109650 0.071015 -0.738953
v -0.109003 -0.003893 -0.727402
v -0.106131 0.070639 -0.726238
v -0.087650 0.104162 -0.727197
v -0.082874 0.113347 -0.728537
v -0.087527 0.104162 -0.740125
v -0.085849 0.114608 -0.741246
v -0.105237 0.108271 -0.740296
v -0.101448 0.120949 -0.738873
v -0.105361 0.108271 -0.727367
v -0.098471 0.119687 -0.726164
v -0.079065 0.118576 -0.727114
v -0.071285 0.121149 -0.728425
v -0.078942 0.118576 -0.740044
v -0.073037 0.123234 -0.741124
v -0.091976 0.127351 -0.740168
v -0.082478 0.133720 -0.738691
v -0.092099 0.127351 -0.727241
v -0.080727 0.131633 -0.725994
v -0.063781 0.124355 -0.726967
v -0.054006 0.124459 -0.728260
v -0.063656 0.124355 -0.739897
v -0.054522 0.126914 -0.740945
v -0.069811 0.136281 -0.739956
v -0.057759 0.139252 -0.738454
v -0.069936 0.136281 -0.727027
v -0.057242 0.136799 -0.725769
v -0.053628 -0.130917 -0.731552
v -0.055345 -0.137906 -0.742319
v -0.058137 -0.148367 -0.735162
v -0.056420 -0.141378 -0.724396
v -0.062808 -0.130313 -0.729924
v -0.070240 -0.127806 -0.731712
v -0.065050 -0.134877 -0.741892
v -0.075471 -0.133745 -0.742512
v -0.070784 -0.145895 -0.736999
v -0.083523 -0.142634 -0.735406
v -0.068542 -0.141331 -0.725031
v -0.078292 -0.136695 -0.724606
v -0.077039 -0.125016 -0.730062
v -0.081165 -0.120450 -0.731817
v -0.081913 -0.128375 -0.742054
v -0.089884 -0.124041 -0.742650
v -0.094002 -0.136483 -0.737222
v -0.103156 -0.129417 -0.735595
v -0.089128 -0.133125 -0.725229
v -0.094437 -0.125825 -0.724760
v -0.084908 -0.111318 -0.730136
v -0.085805 -0.076336 -0.731860
v -0.091570 -0.112891 -0.742147
v -0.096069 -0.077405 -0.742710
v -0.107979 -0.116687 -0.737355
v -0.111652 -0.079005 -0.735675
v -0.101317 -0.115114 -0.725346
v -0.101388 -0.077935 -0.724827
v -0.087107 -0.003893 -0.730158
v -0.085805 0.068550 -0.731860
v -0.094248 -0.003893 -0.742172
v -0.096069 0.069619 -0.742710
v -0.111813 -0.003893 -0.737393
v -0.111652 0.071218 -0.735675
v -0.104672 -0.003893 -0.725379
v -0.101388 0.070148 -0.724827
v -0.084908 0.103532 -0.730136
v -0.081165 0.112664 -0.731817
v -0.091570 0.105105 -0.742147
v -0.089884 0.116255 -0.742650
v -0.107979 0.108901 -0.737355
v -0.103156 0.121630 -0.735595
v -0.101317 0.107327 -0.725346
v -0.094437 0.118039 -0.724760
v -0.077039 0.117231 -0.730062
v -0.070240 0.120020 -0.731712
v -0.081913 0.120589 -0.742054
v -0.075472 0.125959 -0.742512
v -0.094002 0.128697 -0.737222
v -0.083523 0.134848 -0.735406
v -0.089128 0.125338 -0.725229
v -0.078292 0.128909 -0.724606
v -0.062808 0.122527 -0.729924
v -0.053628 0.123131 -0.731552
v -0.065050 0.127090 -0.741892
v -0.055345 0.130120 -0.742319
v -0.070784 0.138109 -0.736999
v -0.058137 0.140581 -0.735162
v -0.068542 0.133545 -0.725031
v -0.056420 0.133591 -0.724396
v -0.053594 -0.130917 -0.735118
v -0.056248 -0.141378 -0.742328
v -0.058171 -0.148367 -0.731596
v -0.062443 -0.129671 -0.733420
v -0.070206 -0.127806 -0.735279
v -0.066709 -0.138104 -0.742604
v -0.078120 -0.136695 -0.742537
v -0.071149 -0.146537 -0.733504
v -0.083558 -0.142634 -0.731839
v -0.066883 -0.138104 -0.724320
v -0.076303 -0.124544 -0.733553
v -0.081130 -0.120450 -0.735382
v -0.085432 -0.130750 -0.742784
v -0.094264 -0.125825 -0.742692
v -0.094737 -0.136955 -0.733729
v -0.103190 -0.129417 -0.732027
v -0.085608 -0.130750 -0.724500
v -0.083921 -0.111097 -0.733626
v -0.085771 -0.076336 -0.735428
v -0.096356 -0.114002 -0.742888
v -0.101216 -0.077935 -0.742759
v -0.108966 -0.116908 -0.733867
v -0.111686 -0.079005 -0.732109
v -0.096532 -0.114002 -0.724605
v -0.086052 -0.003893 -0.733646
v -0.085771 0.068550 -0.735428
v -0.099373 -0.003893 -0.742917
v -0.101216 0.070148 -0.742759
v -0.112868 -0.003893 -0.733904
v -0.111686 0.071218 -0.732109
v -0.099547 -0.003893 -0.724634
v -0.083921 0.103310 -0.733626
v -0.081130 0.112664 -0.735382
v -0.096356 0.106217 -0.742888
v -0.094264 0.118039 -0.742692
v -0.108966 0.109122 -0.733867
v -0.103190 0.121630 -0.732027
v -0.096532 0.106217 -0.724605
v -0.076303 0.116758 -0.733553
v -0.070206 0.120020 -0.735279
v -0.085433 0.122964 -0.742784
v -0.078120 0.128909 -0.742537
v -0.094737 0.129169 -0.733729
v -0.083558 0.134848 -0.731839
v -0.085608 0.122964 -0.724500
v -0.062443 0.121885 -0.733420
v -0.053594 0.123131 -0.735118
v -0.066709 0.130317 -0.742604
v -0.056248 0.133591 -0.742328
v -0.071149 0.138751 -0.733504
v -0.058171 0.140581 -0.731596
v -0.066883 0.130317 -0.724320
v -0.025456 -0.133979 -0.723617
v -0.025305 -0.130841 -0.739376
v -0.025274 -0.146619 -0.742511
v -0.025425 -0.149758 -0.726752
v -0.025472 -0.138080 -0.721921
v -0.025456 0.126193 -0.723617
v -0.025305 0.123054 -0.739376
v -0.025274 0.138833 -0.742511
v -0.025425 0.141971 -0.726752
v -0.025472 0.130294 -0.721921
v -0.025425 -0.130841 -0.726752
v -0.025274 -0.133979 -0.742511
v -0.025305 -0.149758 -0.739376
v -0.025456 -0.146619 -0.723617
v -0.025425 0.123054 -0.726752
v -0.025274 0.126193 -0.742511
v -0.025305 0.141971 -0.739376
v -0.025456 0.138833 -0.723617
v -0.025386 -0.129142 -0.730848
v -0.025258 -0.138080 -0.744207
v -0.025343 -0.151456 -0.735281
v -0.025472 -0.142518 -0.721921
v -0.025386 0.121356 -0.730848
v -0.025258 0.130294 -0.744207
v -0.025343 0.143670 -0.735281
v -0.025472 0.134732 -0.721921
v -0.025343 -0.129142 -0.735281
v -0.025258 -0.142518 -0.744207
v -0.025386 -0.151456 -0.730848
v -0.025343 0.121356 -0.735281
v -0.025258 0.134732 -0.744207
v -0.025386 0.143670 -0.730848
v -0.033133 -0.136711 -0.724488
v -0.033108 -0.134928 -0.725108
v -0.033114 -0.133670 -0.726517
v -0.033160 -0.135142 -0.725429
v -0.033224 -0.136765 -0.724617
v -0.033205 -0.133768 -0.726617
v -0.033290 -0.135189 -0.725502
v -0.033836 -0.136790 -0.724681
v -0.033805 -0.133815 -0.726666
v -0.037041 -0.135219 -0.725570
v -0.033015 -0.131639 -0.736721
v -0.032979 -0.132261 -0.738502
v -0.032986 -0.133670 -0.739758
v -0.033038 -0.132580 -0.738289
v -0.033109 -0.131767 -0.736669
v -0.033080 -0.133768 -0.739661
v -0.033167 -0.132653 -0.738242
v -0.033701 -0.131827 -0.736651
v -0.033680 -0.133815 -0.739622
v -0.036837 -0.132695 -0.738257
v -0.032967 -0.143886 -0.741788
v -0.032954 -0.145670 -0.741166
v -0.032986 -0.146927 -0.739758
v -0.033013 -0.145457 -0.740848
v -0.033061 -0.143832 -0.741661
v -0.033080 -0.146829 -0.739661
v -0.033143 -0.145408 -0.740777
v -0.033701 -0.143808 -0.741609
v -0.033733 -0.146783 -0.739623
v -0.037223 -0.145379 -0.740784
v -0.033084 -0.148959 -0.729555
v -0.033082 -0.148338 -0.727773
v -0.033114 -0.146927 -0.726517
v -0.033136 -0.148017 -0.727986
v -0.033177 -0.148831 -0.729609
v -0.033205 -0.146829 -0.726617
v -0.033264 -0.147946 -0.728036
v -0.033837 -0.148771 -0.729639
v -0.033857 -0.146783 -0.726667
v -0.037427 -0.147902 -0.728097
v -0.037161 -0.138515 -0.724205
v -0.033857 -0.140299 -0.723984
v -0.033303 -0.138504 -0.724130
v -0.033231 -0.140299 -0.723914
v -0.033174 -0.138488 -0.724044
v -0.033141 -0.140299 -0.723776
v -0.033121 -0.138413 -0.723667
v -0.033836 0.129003 -0.724681
v -0.037041 0.127433 -0.725570
v -0.033805 0.126029 -0.726666
v -0.033290 0.127404 -0.725502
v -0.033224 0.128978 -0.724617
v -0.033205 0.125983 -0.726616
v -0.033161 0.127355 -0.725429
v -0.033133 0.128925 -0.724488
v -0.033114 0.125885 -0.726517
v -0.033108 0.127142 -0.725108
v -0.033701 0.124040 -0.736650
v -0.036837 0.124909 -0.738257
v -0.033680 0.126029 -0.739622
v -0.033167 0.124866 -0.738242
v -0.033109 0.123981 -0.736669
v -0.033080 0.125983 -0.739661
v -0.033038 0.124794 -0.738289
v -0.033015 0.123852 -0.736721
v -0.032986 0.125885 -0.739758
v -0.032979 0.124474 -0.738502
v -0.033701 0.136022 -0.741609
v -0.037223 0.137593 -0.740784
v -0.033733 0.138997 -0.739623
v -0.033143 0.137622 -0.740777
v -0.033061 0.136047 -0.741661
v -0.033080 0.139043 -0.739661
v -0.033013 0.137670 -0.740848
v -0.032967 0.136100 -0.741788
v -0.032986 0.139141 -0.739758
v -0.032954 0.137884 -0.741166
v -0.033837 0.140985 -0.729639
v -0.037427 0.140116 -0.728097
v -0.033857 0.138997 -0.726667
v -0.033264 0.140159 -0.728036
v -0.033177 0.141044 -0.729609
v -0.033205 0.139043 -0.726616
v -0.033136 0.140232 -0.727986
v -0.033084 0.141173 -0.729555
v -0.033114 0.139141 -0.726517
v -0.033082 0.140551 -0.727773
v -0.033122 0.130626 -0.723667
v -0.033141 0.132513 -0.723776
v -0.033174 0.130702 -0.724044
v -0.033231 0.132513 -0.723914
v -0.033303 0.130719 -0.724130
v -0.033857 0.132513 -0.723984
v -0.037161 0.130728 -0.724205
v -0.033082 -0.132261 -0.727773
v -0.033084 -0.131639 -0.729555
v -0.033136 -0.132580 -0.727986
v -0.033177 -0.131767 -0.729609
v -0.033264 -0.132653 -0.728036
v -0.033768 -0.131827 -0.729638
v -0.036935 -0.132695 -0.728092
v -0.032954 -0.134928 -0.741166
v -0.032967 -0.136711 -0.741788
v -0.033013 -0.135142 -0.740848
v -0.033061 -0.136765 -0.741661
v -0.033143 -0.135189 -0.740777
v -0.033673 -0.136790 -0.741610
v -0.036894 -0.135219 -0.740781
v -0.032979 -0.148338 -0.738502
v -0.033015 -0.148959 -0.736721
v -0.033038 -0.148017 -0.738289
v -0.033109 -0.148831 -0.736669
v -0.033167 -0.147946 -0.738242
v -0.033769 -0.148771 -0.736651
v -0.037329 -0.147902 -0.738261
v -0.033108 -0.145670 -0.725108
v -0.033133 -0.143886 -0.724488
v -0.033160 -0.145457 -0.725429
v -0.033224 -0.143832 -0.724617
v -0.033290 -0.145408 -0.725502
v -0.033865 -0.143808 -0.724681
v -0.037370 -0.145379 -0.725572
v -0.036935 0.124909 -0.728092
v -0.033768 0.124040 -0.729638
v -0.033264 0.124866 -0.728036
v -0.033177 0.123981 -0.729609
v -0.033136 0.124794 -0.727986
v -0.033084 0.123852 -0.729555
v -0.033082 0.124474 -0.727773
v -0.036894 0.127433 -0.740781
v -0.033673 0.129003 -0.741610
v -0.033143 0.127404 -0.740777
v -0.033061 0.128978 -0.741661
v -0.033013 0.127355 -0.740848
v -0.032967 0.128925 -0.741788
v -0.032954 0.127142 -0.741166
v -0.037329 0.140116 -0.738261
v -0.033769 0.140985 -0.736651
v -0.033167 0.140159 -0.738242
v -0.033109 0.141044 -0.736669
v -0.033038 0.140232 -0.738289
v -0.033015 0.141173 -0.736721
v -0.032979 0.140551 -0.738502
v -0.037370 0.137593 -0.725572
v -0.033865 0.136022 -0.724681
v -0.033290 0.137622 -0.725502
v -0.033224 0.136047 -0.724617
v -0.033161 0.137670 -0.725429
v -0.033133 0.136100 -0.724488
v -0.033108 0.137884 -0.725108
v -0.033049 -0.130817 -0.731254
v -0.033050 -0.130924 -0.733138
v -0.033104 -0.131193 -0.731329
v -0.033143 -0.131064 -0.733138
v -0.033233 -0.131279 -0.731347
v -0.033732 -0.131129 -0.733144
v -0.036859 -0.131330 -0.731389
v -0.032939 -0.138413 -0.742608
v -0.032960 -0.140299 -0.742501
v -0.032999 -0.138488 -0.742232
v -0.033055 -0.140299 -0.742363
v -0.033130 -0.138504 -0.742149
v -0.033681 -0.140299 -0.742306
v -0.036988 -0.138515 -0.742148
v -0.033013 -0.149781 -0.735021
v -0.033050 -0.149673 -0.733138
v -0.033069 -0.149405 -0.734947
v -0.033143 -0.149534 -0.733138
v -0.033199 -0.149318 -0.734931
v -0.033806 -0.149469 -0.733145
v -0.037405 -0.149267 -0.734964
v -0.033121 -0.142185 -0.723667
v -0.033174 -0.142110 -0.724044
v -0.033303 -0.142093 -0.724130
v -0.037276 -0.142082 -0.724206
v -0.036859 0.123544 -0.731389
v -0.033732 0.123342 -0.733144
v -0.033233 0.123493 -0.731347
v -0.033143 0.123277 -0.733138
v -0.033104 0.123408 -0.731329
v -0.033050 0.123139 -0.733138
v -0.033049 0.123030 -0.731253
v -0.036988 0.130728 -0.742148
v -0.033681 0.132513 -0.742306
v -0.033130 0.130719 -0.742149
v -0.033055 0.132513 -0.742363
v -0.032999 0.130702 -0.742232
v -0.032960 0.132513 -0.742501
v -0.032939 0.130626 -0.742608
v -0.037405 0.141481 -0.734964
v -0.033806 0.141683 -0.733145
v -0.033199 0.141533 -0.734931
v -0.033143 0.141747 -0.733138
v -0.033069 0.141618 -0.734947
v -0.033050 0.141886 -0.733138
v -0.033013 0.141996 -0.735021
v -0.037276 0.134297 -0.724206
v -0.033303 0.134307 -0.724130
v -0.033174 0.134324 -0.724044
v -0.033122 0.134398 -0.723667
v -0.033013 -0.130817 -0.735021
v -0.033069 -0.131193 -0.734947
v -0.033199 -0.131279 -0.734931
v -0.036825 -0.131330 -0.734958
v -0.032939 -0.142185 -0.742608
v -0.032999 -0.142110 -0.742232
v -0.033130 -0.142093 -0.742149
v -0.037103 -0.142082 -0.742149
v -0.033049 -0.149781 -0.731254
v -0.033104 -0.149405 -0.731329
v -0.033233 -0.149318 -0.731347
v -0.037439 -0.149267 -0.731394
v -0.036825 0.123544 -0.734958
v -0.033199 0.123493 -0.734931
v -0.033069 0.123408 -0.734947
v -0.033013 0.123030 -0.735021
v -0.037103 0.134297 -0.742149
v -0.033130 0.134307 -0.742149
v -0.032999 0.134324 -0.742232
v -0.032939 0.134398 -0.742608
v -0.037439 0.141481 -0.731394
v -0.033233 0.141533 -0.731347
v -0.033104 0.141618 -0.731329
v -0.033049 0.141996 -0.731253
v -0.032696 -0.135953 -0.722654
v -0.031559 -0.133982 -0.723680
v -0.032672 -0.132268 -0.725113
v -0.032919 -0.134004 -0.723724
v -0.033002 -0.135977 -0.722715
v -0.032979 -0.132313 -0.725160
v -0.033048 -0.134052 -0.723799
v -0.033094 -0.136030 -0.722844
v -0.033071 -0.132411 -0.725259
v -0.033101 -0.134265 -0.724119
v -0.032554 -0.129807 -0.737475
v -0.031408 -0.130845 -0.739432
v -0.032519 -0.132268 -0.741154
v -0.032768 -0.130877 -0.739424
v -0.032861 -0.129864 -0.737453
v -0.032826 -0.132313 -0.741113
v -0.032899 -0.130949 -0.739376
v -0.032954 -0.129993 -0.737401
v -0.032919 -0.132411 -0.741015
v -0.032956 -0.131269 -0.739164
v -0.032495 -0.144645 -0.743613
v -0.031378 -0.146615 -0.742565
v -0.032519 -0.148329 -0.741154
v -0.032738 -0.146594 -0.742545
v -0.032802 -0.144621 -0.743558
v -0.032826 -0.148285 -0.741113
v -0.032869 -0.146546 -0.742475
v -0.032896 -0.144568 -0.743431
v -0.032919 -0.148187 -0.741015
v -0.032928 -0.146332 -0.742156
v -0.032638 -0.150791 -0.728793
v -0.031530 -0.149752 -0.726814
v -0.032672 -0.148329 -0.725113
v -0.032889 -0.149720 -0.726848
v -0.032944 -0.150733 -0.728820
v -0.032979 -0.148285 -0.725160
v -0.033019 -0.149648 -0.726897
v -0.033036 -0.150605 -0.728873
v -0.033071 -0.148187 -0.725259
v -0.033073 -0.149329 -0.727111
v -0.033117 -0.138180 -0.722499
v -0.033102 -0.140299 -0.721996
v -0.033064 -0.138105 -0.722122
v -0.033010 -0.140299 -0.721856
v -0.032936 -0.138088 -0.722036
v -0.032704 -0.140299 -0.721790
v -0.031575 -0.138081 -0.721985
v -0.033094 0.128244 -0.722844
v -0.033101 0.126479 -0.724119
v -0.033071 0.124625 -0.725259
v -0.033048 0.126265 -0.723799
v -0.033002 0.128191 -0.722715
v -0.032979 0.124527 -0.725160
v -0.032919 0.126218 -0.723724
v -0.032696 0.128167 -0.722654
v -0.032672 0.124482 -0.725113
v -0.031559 0.126196 -0.723680
v -0.032954 0.122206 -0.737401
v -0.032956 0.123482 -0.739164
v -0.032919 0.124625 -0.741015
v -0.032899 0.123163 -0.739376
v -0.032861 0.122079 -0.737453
v -0.032826 0.124527 -0.741113
v -0.032768 0.123091 -0.739424
v -0.032554 0.122020 -0.737475
v -0.032519 0.124482 -0.741154
v -0.031408 0.123059 -0.739432
v -0.032896 0.136781 -0.743431
v -0.032928 0.138547 -0.742156
v -0.032919 0.140401 -0.741015
v -0.032869 0.138760 -0.742475
v -0.032802 0.136835 -0.743558
v -0.032826 0.140499 -0.741113
v -0.032738 0.138808 -0.742545
v -0.032495 0.136859 -0.743613
v -0.032519 0.140543 -0.741154
v -0.031378 0.138829 -0.742565
v -0.033036 0.142819 -0.728873
v -0.033073 0.141543 -0.727111
v -0.033071 0.140401 -0.725259
v -0.033019 0.141863 -0.726897
v -0.032944 0.142947 -0.728820
v -0.032979 0.140499 -0.725160
v -0.032889 0.141934 -0.726848
v -0.032638 0.143005 -0.728793
v -0.032672 0.140543 -0.725113
v -0.031530 0.141967 -0.726814
v -0.031575 0.130295 -0.721985
v -0.032704 0.132513 -0.721790
v -0.032936 0.130301 -0.722036
v -0.033010 0.132513 -0.721856
v -0.033064 0.130319 -0.722122
v -0.033102 0.132513 -0.721996
v -0.033117 0.130394 -0.722499
v -0.031530 -0.130845 -0.726814
v -0.032638 -0.129807 -0.728793
v -0.032889 -0.130877 -0.726848
v -0.032944 -0.129864 -0.728820
v -0.033019 -0.130949 -0.726897
v -0.033036 -0.129993 -0.728873
v -0.033073 -0.131269 -0.727111
v -0.031378 -0.133982 -0.742565
v -0.032495 -0.135953 -0.743613
v -0.032738 -0.134004 -0.742545
v -0.032802 -0.135977 -0.743558
v -0.032869 -0.134052 -0.742475
v -0.032896 -0.136030 -0.743431
v -0.032928 -0.134265 -0.742156
v -0.031408 -0.149752 -0.739432
v -0.032554 -0.150791 -0.737475
v -0.032768 -0.149720 -0.739424
v -0.032861 -0.150733 -0.737453
v -0.032899 -0.149648 -0.739376
v -0.032954 -0.150605 -0.737401
v -0.032956 -0.149329 -0.739164
v -0.031559 -0.146615 -0.723680
v -0.032696 -0.144645 -0.722654
v -0.032919 -0.146594 -0.723724
v -0.033002 -0.144621 -0.722715
v -0.033048 -0.146546 -0.723799
v -0.033094 -0.144568 -0.722844
v -0.033101 -0.146332 -0.724119
v -0.033073 0.123482 -0.727111
v -0.033036 0.122206 -0.728873
v -0.033019 0.123163 -0.726897
v -0.032944 0.122079 -0.728820
v -0.032889 0.123091 -0.726848
v -0.032638 0.122020 -0.728793
v -0.031530 0.123059 -0.726814
v -0.032928 0.126479 -0.742156
v -0.032896 0.128244 -0.743431
v -0.032869 0.126265 -0.742475
v -0.032802 0.128191 -0.743558
v -0.032738 0.126218 -0.742545
v -0.032495 0.128167 -0.743613
v -0.031378 0.126196 -0.742565
v -0.032956 0.141543 -0.739164
v -0.032954 0.142819 -0.737401
v -0.032899 0.141863 -0.739376
v -0.032861 0.142947 -0.737453
v -0.032768 0.141934 -0.739424
v -0.032554 0.143005 -0.737475
v -0.031408 0.141967 -0.739432
v -0.033101 0.138547 -0.724119
v -0.033094 0.136781 -0.722844
v -0.033048 0.138760 -0.723799
v -0.033002 0.136835 -0.722715
v -0.032919 0.138808 -0.723724
v -0.032696 0.136859 -0.722654
v -0.031559 0.138829 -0.723680
v -0.031490 -0.129148 -0.730906
v -0.032596 -0.128942 -0.733133
v -0.032850 -0.129185 -0.730928
v -0.032903 -0.129005 -0.733136
v -0.032980 -0.129270 -0.730946
v -0.032995 -0.129143 -0.733137
v -0.033035 -0.129648 -0.731021
v -0.031362 -0.138081 -0.744260
v -0.032487 -0.140299 -0.744476
v -0.032723 -0.138088 -0.744236
v -0.032795 -0.140299 -0.744417
v -0.032852 -0.138105 -0.744152
v -0.032888 -0.140299 -0.744279
v -0.032912 -0.138180 -0.743776
v -0.031447 -0.151450 -0.735338
v -0.032596 -0.151655 -0.733133
v -0.032808 -0.151412 -0.735344
v -0.032903 -0.151593 -0.733136
v -0.032937 -0.151327 -0.735328
v -0.032995 -0.151454 -0.733137
v -0.032994 -0.150951 -0.735254
v -0.031575 -0.142517 -0.721985
v -0.032936 -0.142510 -0.722036
v -0.033064 -0.142493 -0.722122
v -0.033117 -0.142417 -0.722499
v -0.033035 0.121861 -0.731021
v -0.032995 0.121358 -0.733137
v -0.032980 0.121484 -0.730946
v -0.032903 0.121218 -0.733136
v -0.032850 0.121400 -0.730928
v -0.032596 0.121155 -0.733133
v -0.031490 0.121361 -0.730906
v -0.032912 0.130394 -0.743776
v -0.032888 0.132513 -0.744279
v -0.032852 0.130319 -0.744152
v -0.032795 0.132513 -0.744417
v -0.032723 0.130301 -0.744236
v -0.032487 0.132513 -0.744476
v -0.031362 0.130295 -0.744260
v -0.032994 0.143164 -0.735254
v -0.032995 0.143668 -0.733137
v -0.032937 0.143541 -0.735328
v -0.032903 0.143806 -0.733136
v -0.032808 0.143626 -0.735344
v -0.032596 0.143869 -0.733133
v -0.031447 0.143664 -0.735338
v -0.033117 0.134632 -0.722499
v -0.033064 0.134706 -0.722122
v -0.032936 0.134723 -0.722036
v -0.031575 0.134731 -0.721985
v -0.031447 -0.129148 -0.735338
v -0.032808 -0.129185 -0.735344
v -0.032937 -0.129270 -0.735328
v -0.032994 -0.129648 -0.735254
v -0.031362 -0.142517 -0.744260
v -0.032723 -0.142510 -0.744236
v -0.032852 -0.142493 -0.744152
v -0.032912 -0.142417 -0.743776
v -0.031490 -0.151450 -0.730906
v -0.032850 -0.151412 -0.730928
v -0.032980 -0.151327 -0.730946
v -0.033035 -0.150951 -0.731021
v -0.032994 0.121861 -0.735254
v -0.032937 0.121484 -0.735328
v -0.032808 0.121400 -0.735344
v -0.031447 0.121361 -0.735338
v -0.032912 0.134632 -0.743776
v -0.032852 0.134706 -0.744152
v -0.032723 0.134723 -0.744236
v -0.031362 0.134731 -0.744260
v -0.033035 0.143164 -0.731021
v -0.032980 0.143541 -0.730946
v -0.032850 0.143626 -0.730928
v -0.031490 0.143664 -0.730906
v -0.033093 -0.133041 -0.725888
v -0.033113 -0.136371 -0.723666
v -0.044514 -0.133789 -0.726782
v -0.044855 -0.136738 -0.724803
v -0.033120 -0.140299 -0.722886
v -0.045241 -0.140217 -0.724111
v -0.033060 -0.130816 -0.729214
v -0.044270 -0.131818 -0.729746
v -0.033023 -0.130034 -0.733137
v -0.044161 -0.131127 -0.733245
v -0.032985 -0.130816 -0.737061
v -0.044203 -0.131818 -0.736744
v -0.032953 -0.133041 -0.740387
v -0.044390 -0.133789 -0.739712
v -0.032931 -0.136371 -0.742609
v -0.044693 -0.136738 -0.741697
v -0.032924 -0.140299 -0.743390
v -0.045065 -0.140217 -0.742396
v -0.032931 -0.144227 -0.742609
v -0.045452 -0.143695 -0.741704
v -0.032953 -0.147558 -0.740387
v -0.045792 -0.146646 -0.739725
v -0.032985 -0.149782 -0.737061
v -0.046036 -0.148615 -0.736762
v -0.033023 -0.150564 -0.733137
v -0.046145 -0.149308 -0.733264
v -0.033060 -0.149782 -0.729214
v -0.046104 -0.148615 -0.729764
v -0.033093 -0.147558 -0.725888
v -0.045916 -0.146646 -0.726796
v -0.033113 -0.144227 -0.723666
v -0.045614 -0.143695 -0.724811
v -0.044514 0.126003 -0.726782
v -0.044855 0.128952 -0.724803
v -0.033113 0.128585 -0.723666
v -0.033093 0.125254 -0.725888
v -0.045241 0.132431 -0.724111
v -0.033120 0.132513 -0.722885
v -0.044270 0.124033 -0.729746
v -0.033060 0.123029 -0.729214
v -0.044161 0.123340 -0.733245
v -0.033023 0.122248 -0.733137
v -0.044203 0.124033 -0.736744
v -0.032985 0.123029 -0.737061
v -0.044390 0.126003 -0.739712
v -0.032953 0.125254 -0.740387
v -0.044693 0.128952 -0.741697
v -0.032931 0.128585 -0.742609
v -0.045065 0.132431 -0.742396
v -0.032924 0.132513 -0.743390
v -0.045452 0.135909 -0.741704
v -0.032931 0.136441 -0.742609
v -0.045792 0.138859 -0.739725
v -0.032953 0.139771 -0.740387
v -0.046036 0.140829 -0.736762
v -0.032985 0.141996 -0.737061
v -0.046145 0.141521 -0.733264
v -0.033023 0.142778 -0.733137
v -0.046104 0.140829 -0.729764
v -0.033060 0.141996 -0.729214
v -0.045916 0.138859 -0.726796
v -0.033093 0.139771 -0.725888
v -0.045614 0.135909 -0.724811
v -0.033113 0.136441 -0.723666
v -0.028938 -0.132255 -0.725064
v -0.028962 -0.135946 -0.722601
v -0.028970 -0.140299 -0.721736
v -0.028902 -0.129790 -0.728749
v -0.028861 -0.128924 -0.733097
v -0.028819 -0.129790 -0.737445
v -0.028784 -0.132255 -0.741131
v -0.028760 -0.135946 -0.743594
v -0.028752 -0.140299 -0.744459
v -0.028760 -0.144652 -0.743594
v -0.028784 -0.148342 -0.741131
v -0.028819 -0.150809 -0.737445
v -0.028861 -0.151675 -0.733097
v -0.028902 -0.150809 -0.728749
v -0.028938 -0.148342 -0.725064
v -0.028962 -0.144652 -0.722601
v -0.028962 0.128159 -0.722601
v -0.028938 0.124469 -0.725064
v -0.028970 0.132513 -0.721736
v -0.028902 0.122003 -0.728749
v -0.028861 0.121137 -0.733097
v -0.028819 0.122003 -0.737445
v -0.028784 0.124469 -0.741131
v -0.028760 0.128159 -0.743594
v -0.028752 0.132513 -0.744459
v -0.028760 0.136866 -0.743594
v -0.028784 0.140556 -0.741131
v -0.028819 0.143022 -0.737445
v -0.028861 0.143888 -0.733097
v -0.028902 0.143022 -0.728749
v -0.028938 0.140556 -0.725064
v -0.028962 0.136866 -0.722601
v -0.033077 -0.131765 -0.727442
v -0.033119 -0.138296 -0.723083
v -0.033042 -0.130232 -0.731138
v -0.033004 -0.130232 -0.735138
v -0.032968 -0.131765 -0.738833
v -0.032940 -0.134596 -0.741661
v -0.032926 -0.138296 -0.743192
v -0.032926 -0.142301 -0.743192
v -0.032940 -0.146001 -0.741661
v -0.032968 -0.148834 -0.738833
v -0.033004 -0.150366 -0.735138
v -0.033042 -0.150366 -0.731138
v -0.033077 -0.148834 -0.727442
v -0.033105 -0.146001 -0.724614
v -0.033119 -0.142301 -0.723083
v -0.044675 0.127381 -0.725647
v -0.066033 -0.136459 -0.724488
v -0.064451 -0.133419 -0.725837
v -0.063226 -0.131092 -0.728348
v -0.062544 -0.129833 -0.731637
v -0.062510 -0.129833 -0.735206
v -0.063128 -0.131093 -0.738506
v -0.064305 -0.133419 -0.741040
v -0.065861 -0.136459 -0.742420
v -0.067559 -0.139750 -0.742436
v -0.069141 -0.142788 -0.741086
v -0.070366 -0.145115 -0.738575
v -0.071048 -0.146374 -0.735286
v -0.071082 -0.146374 -0.731719
v -0.070464 -0.145115 -0.728418
v -0.069287 -0.142788 -0.725884
v -0.067731 -0.139750 -0.724504
v -0.083809 -0.129539 -0.724658
v -0.080473 -0.127302 -0.725991
v -0.077906 -0.125591 -0.728490
v -0.076498 -0.124664 -0.731771
v -0.076464 -0.124664 -0.735338
v -0.077809 -0.125591 -0.738647
v -0.080328 -0.127302 -0.741193
v -0.083637 -0.129539 -0.742590
v -0.087233 -0.131960 -0.742624
v -0.090567 -0.134197 -0.741292
v -0.093135 -0.135908 -0.738794
v -0.094543 -0.136835 -0.735512
v -0.094577 -0.136835 -0.731945
v -0.093232 -0.135908 -0.728636
v -0.090714 -0.134197 -0.726089
v -0.087405 -0.131960 -0.724694
v -0.094087 -0.113436 -0.724757
v -0.089560 -0.112388 -0.726079
v -0.086080 -0.111588 -0.728568
v -0.084179 -0.111153 -0.731845
v -0.084145 -0.111153 -0.735412
v -0.085983 -0.111588 -0.738725
v -0.089414 -0.112388 -0.741280
v -0.093915 -0.113436 -0.742689
v -0.098800 -0.114569 -0.742736
v -0.103327 -0.115617 -0.741414
v -0.106807 -0.116418 -0.738925
v -0.108708 -0.116852 -0.735648
v -0.108742 -0.116852 -0.732080
v -0.106904 -0.116418 -0.728768
v -0.103473 -0.115617 -0.726212
v -0.098972 -0.114569 -0.724804
v -0.096931 -0.003893 -0.724784
v -0.092085 -0.003893 -0.726103
v -0.088361 -0.003893 -0.728589
v -0.086328 -0.003893 -0.731865
v -0.086293 -0.003893 -0.735432
v -0.088263 -0.003893 -0.738747
v -0.091939 -0.003893 -0.741304
v -0.096758 -0.003893 -0.742716
v -0.101989 -0.003893 -0.742767
v -0.106835 -0.003893 -0.741448
v -0.110559 -0.003893 -0.738961
v -0.112592 -0.003893 -0.735685
v -0.112626 -0.003893 -0.732118
v -0.110656 -0.003893 -0.728803
v -0.106981 -0.003893 -0.726246
v -0.102161 -0.003893 -0.724834
v -0.094087 0.105650 -0.724757
v -0.089560 0.104603 -0.726079
v -0.086080 0.103801 -0.728568
v -0.084179 0.103367 -0.731845
v -0.084145 0.103367 -0.735412
v -0.085983 0.103801 -0.738725
v -0.089414 0.104603 -0.741280
v -0.093915 0.105650 -0.742689
v -0.098800 0.106784 -0.742736
v -0.103327 0.107831 -0.741414
v -0.106807 0.108632 -0.738925
v -0.108708 0.109066 -0.735648
v -0.108742 0.109066 -0.732080
v -0.106904 0.108632 -0.728768
v -0.103473 0.107831 -0.726212
v -0.098972 0.106784 -0.724804
v -0.083809 0.121753 -0.724658
v -0.080473 0.119516 -0.725991
v -0.077906 0.117804 -0.728490
v -0.076498 0.116878 -0.731771
v -0.076464 0.116878 -0.735338
v -0.077809 0.117804 -0.738647
v -0.080328 0.119516 -0.741193
v -0.083637 0.121753 -0.742590
v -0.087233 0.124174 -0.742624
v -0.090568 0.126412 -0.741292
v -0.093135 0.128123 -0.738794
v -0.094543 0.129049 -0.735512
v -0.094577 0.129049 -0.731945
v -0.093232 0.128123 -0.728636
v -0.090714 0.126412 -0.726089
v -0.087405 0.124174 -0.724694
v -0.066033 0.128672 -0.724488
v -0.064451 0.125633 -0.725837
v -0.063226 0.123307 -0.728348
v -0.062544 0.122046 -0.731637
v -0.062510 0.122046 -0.735205
v -0.063128 0.123307 -0.738506
v -0.064305 0.125633 -0.741040
v -0.065861 0.128672 -0.742419
v -0.067559 0.131963 -0.742436
v -0.069141 0.135003 -0.741086
v -0.070366 0.137329 -0.738575
v -0.071048 0.138588 -0.735286
v -0.071082 0.138588 -0.731719
v -0.070464 0.137329 -0.728418
v -0.069287 0.135003 -0.725884
v -0.067731 0.131963 -0.724504
v -0.033119 0.130510 -0.723083
v -0.033105 0.126810 -0.724614
v -0.033077 0.123978 -0.727442
v -0.033042 0.122446 -0.731138
v -0.033004 0.122446 -0.735138
v -0.032968 0.123978 -0.738833
v -0.032940 0.126810 -0.741661
v -0.032926 0.130510 -0.743192
v -0.032926 0.134515 -0.743192
v -0.032940 0.138215 -0.741661
v -0.032968 0.141047 -0.738833
v -0.033004 0.142580 -0.735138
v -0.033042 0.142580 -0.731138
v -0.033077 0.141047 -0.727442
v -0.033105 0.138215 -0.724614
v -0.033119 0.134515 -0.723083
v -0.046143 -0.149132 -0.731479
v -0.044529 0.127381 -0.740850
v -0.044675 -0.135166 -0.725647
v -0.045432 0.134204 -0.724289
v -0.044280 -0.132659 -0.738325
v -0.044197 -0.131302 -0.731462
v -0.045929 0.139989 -0.738340
v -0.045631 -0.145267 -0.740861
v -0.044873 -0.138443 -0.742218
v -0.046027 -0.147775 -0.728183
v -0.044280 0.124873 -0.738325
v -0.044164 0.123516 -0.735028
v -0.046109 -0.149132 -0.735047
v -0.045777 0.137480 -0.725658
v -0.045045 -0.138443 -0.724286
v -0.045432 -0.141990 -0.724289
v -0.044377 0.124873 -0.728167
v -0.045631 0.137480 -0.740861
v -0.045260 0.134204 -0.742223
v -0.044377 -0.132659 -0.728167
v -0.044529 -0.135166 -0.740850
v -0.046027 0.139989 -0.728183
v -0.046143 0.141346 -0.731479
v -0.044197 0.123516 -0.731462
v -0.045929 -0.147775 -0.738340
v -0.045777 -0.145267 -0.725658
v -0.028952 -0.133979 -0.723651
v -0.044873 0.130657 -0.742218
v -0.044164 -0.131302 -0.735028
v -0.045045 0.130657 -0.724286
v -0.045260 -0.141990 -0.742223
v -0.046109 0.141346 -0.735047
v -0.028952 -0.146618 -0.723651
v -0.028770 0.138832 -0.742544
v -0.028968 0.134732 -0.721955
v -0.028921 -0.130842 -0.726785
v -0.028921 0.141970 -0.726785
v -0.028839 -0.129143 -0.735314
v -0.028968 0.130294 -0.721955
v -0.028754 -0.142518 -0.744240
v -0.028770 0.126193 -0.742544
v -0.028882 -0.151455 -0.730881
v -0.028800 0.141970 -0.739409
v -0.028952 0.126193 -0.723651
v -0.028952 0.138832 -0.723651
v -0.028839 0.121357 -0.735314
v -0.028921 0.123055 -0.726785
v -0.028754 0.134732 -0.744240
v -0.028882 -0.129143 -0.730881
v -0.028882 0.143669 -0.730881
v -0.028754 -0.138080 -0.744240
v -0.028839 -0.151455 -0.735314
v -0.028800 -0.130842 -0.739409
v -0.028968 -0.142518 -0.721955
v -0.028968 -0.138080 -0.721955
v -0.028770 -0.146618 -0.742544
v -0.028882 0.121357 -0.730881
v -0.028770 -0.133979 -0.742544
v -0.028921 -0.149757 -0.726785
v -0.028754 0.130294 -0.744240
v -0.028800 -0.149757 -0.739409
v -0.028800 0.123055 -0.739409
v -0.028839 0.143669 -0.735314
v -0.033125 -0.135091 -0.725353
v -0.033217 -0.135168 -0.725470
v -0.033821 -0.135205 -0.725527
v -0.033000 -0.132505 -0.738339
v -0.033094 -0.132621 -0.738263
v -0.033689 -0.132674 -0.738234
v -0.032975 -0.145506 -0.740922
v -0.033069 -0.145429 -0.740808
v -0.033716 -0.145393 -0.740762
v -0.033100 -0.148093 -0.727936
v -0.033192 -0.147977 -0.728014
v -0.033848 -0.147923 -0.728055
v -0.033848 -0.138510 -0.724160
v -0.033230 -0.138498 -0.724092
v -0.033139 -0.138470 -0.723956
v -0.033821 0.127418 -0.725527
v -0.033217 0.127382 -0.725470
v -0.033125 0.127305 -0.725353
v -0.033689 0.124889 -0.738234
v -0.033094 0.124835 -0.738263
v -0.033000 0.124719 -0.738339
v -0.033716 0.137607 -0.740762
v -0.033069 0.137643 -0.740808
v -0.032975 0.137720 -0.740922
v -0.033848 0.140136 -0.728055
v -0.033192 0.140191 -0.728014
v -0.033100 0.140306 -0.727936
v -0.033139 0.130684 -0.723956
v -0.033230 0.130711 -0.724092
v -0.033848 0.130724 -0.724160
v -0.033100 -0.132505 -0.727936
v -0.033192 -0.132621 -0.728014
v -0.033787 -0.132674 -0.728055
v -0.032975 -0.135091 -0.740922
v -0.033069 -0.135168 -0.740808
v -0.033675 -0.135205 -0.740761
v -0.033000 -0.148093 -0.738339
v -0.033094 -0.147977 -0.738263
v -0.033751 -0.147923 -0.738234
v -0.033125 -0.145506 -0.725353
v -0.033217 -0.145429 -0.725470
v -0.033862 -0.145393 -0.725529
v -0.033787 0.124887 -0.728055
v -0.033192 0.124835 -0.728014
v -0.033100 0.124719 -0.727936
v -0.033675 0.127418 -0.740761
v -0.033069 0.127382 -0.740808
v -0.032975 0.127305 -0.740922
v -0.033751 0.140136 -0.738234
v -0.033094 0.140191 -0.738263
v -0.033000 0.140306 -0.738339
v -0.033862 0.137607 -0.725529
v -0.033217 0.137643 -0.725470
v -0.033125 0.137720 -0.725353
v -0.033067 -0.131106 -0.731311
v -0.033160 -0.131242 -0.731339
v -0.033750 -0.131306 -0.731357
v -0.032962 -0.138470 -0.742320
v -0.033056 -0.138498 -0.742186
v -0.033676 -0.138510 -0.742130
v -0.033032 -0.149493 -0.734964
v -0.033125 -0.149356 -0.734938
v -0.033788 -0.149292 -0.734932
v -0.033139 -0.142127 -0.723956
v -0.033230 -0.142101 -0.724092
v -0.033862 -0.142087 -0.724160
v -0.033750 0.123520 -0.731357
v -0.033160 0.123456 -0.731339
v -0.033067 0.123319 -0.731311
v -0.033676 0.130724 -0.742130
v -0.033056 0.130711 -0.742186
v -0.032962 0.130684 -0.742320
v -0.033788 0.141506 -0.734932
v -0.033125 0.141570 -0.734938
v -0.033032 0.141706 -0.734964
v -0.033862 0.134302 -0.724160
v -0.033230 0.134314 -0.724092
v -0.033139 0.134341 -0.723956
v -0.033032 -0.131106 -0.734964
v -0.033125 -0.131242 -0.734938
v -0.033715 -0.131306 -0.734931
v -0.032962 -0.142127 -0.742320
v -0.033056 -0.142101 -0.742186
v -0.033690 -0.142087 -0.742129
v -0.033067 -0.149493 -0.731311
v -0.033160 -0.149356 -0.731339
v -0.033822 -0.149292 -0.731358
v -0.033716 0.123520 -0.734931
v -0.033125 0.123456 -0.734938
v -0.033032 0.123319 -0.734964
v -0.033690 0.134302 -0.742129
v -0.033056 0.134314 -0.742186
v -0.032962 0.134341 -0.742320
v -0.033822 0.141506 -0.731358
v -0.033160 0.141570 -0.731339
v -0.033067 0.141706 -0.731311
v -0.032686 -0.133990 -0.723703
v -0.032992 -0.134025 -0.723758
v -0.033084 -0.134101 -0.723874
v -0.032535 -0.130857 -0.739435
v -0.032842 -0.130908 -0.739403
v -0.032936 -0.131024 -0.739327
v -0.032506 -0.146608 -0.742565
v -0.032812 -0.146573 -0.742515
v -0.032906 -0.146496 -0.742401
v -0.032657 -0.149741 -0.726832
v -0.032963 -0.149689 -0.726870
v -0.033054 -0.149574 -0.726947
v -0.033100 -0.138122 -0.722210
v -0.033009 -0.138095 -0.722074
v -0.032703 -0.138084 -0.722009
v -0.033084 0.126316 -0.723874
v -0.032992 0.126239 -0.723758
v -0.032686 0.126203 -0.723703
v -0.032936 0.123238 -0.739327
v -0.032842 0.123123 -0.739403
v -0.032536 0.123070 -0.739435
v -0.032906 0.138710 -0.742401
v -0.032812 0.138787 -0.742515
v -0.032506 0.138821 -0.742565
v -0.033054 0.141787 -0.726947
v -0.032963 0.141903 -0.726870
v -0.032657 0.141955 -0.726832
v -0.032703 0.130297 -0.722009
v -0.033009 0.130310 -0.722073
v -0.033100 0.130336 -0.722210
v -0.032657 -0.130857 -0.726832
v -0.032963 -0.130908 -0.726870
v -0.033054 -0.131024 -0.726947
v -0.032506 -0.133990 -0.742565
v -0.032812 -0.134025 -0.742515
v -0.032906 -0.134102 -0.742401
v -0.032535 -0.149741 -0.739435
v -0.032842 -0.149689 -0.739403
v -0.032936 -0.149574 -0.739327
v -0.032686 -0.146608 -0.723703
v -0.032992 -0.146573 -0.723758
v -0.033084 -0.146496 -0.723874
v -0.033054 0.123238 -0.726947
v -0.032963 0.123123 -0.726870
v -0.032657 0.123070 -0.726832
v -0.032906 0.126316 -0.742401
v -0.032812 0.126239 -0.742515
v -0.032506 0.126203 -0.742565
v -0.032936 0.141787 -0.739327
v -0.032842 0.141903 -0.739403
v -0.032536 0.141955 -0.739435
v -0.033084 0.138710 -0.723874
v -0.032992 0.138787 -0.723758
v -0.032686 0.138821 -0.723703
v -0.032617 -0.129161 -0.730920
v -0.032924 -0.129222 -0.730935
v -0.033016 -0.129359 -0.730963
v -0.032489 -0.138084 -0.744258
v -0.032796 -0.138095 -0.744199
v -0.032890 -0.138122 -0.744064
v -0.032574 -0.151437 -0.735346
v -0.032881 -0.151375 -0.735337
v -0.032974 -0.151239 -0.735311
v -0.032703 -0.142514 -0.722009
v -0.033009 -0.142502 -0.722074
v -0.033100 -0.142475 -0.722210
v -0.033016 0.121572 -0.730963
v -0.032924 0.121436 -0.730935
v -0.032617 0.121375 -0.730920
v -0.032890 0.130336 -0.744064
v -0.032796 0.130310 -0.744199
v -0.032489 0.130297 -0.744258
v -0.032974 0.143453 -0.735311
v -0.032881 0.143589 -0.735337
v -0.032574 0.143651 -0.735346
v -0.033100 0.134689 -0.722210
v -0.033009 0.134716 -0.722073
v -0.032703 0.134729 -0.722009
v -0.032574 -0.129161 -0.735346
v -0.032881 -0.129222 -0.735337
v -0.032974 -0.129359 -0.735311
v -0.032489 -0.142514 -0.744258
v -0.032796 -0.142502 -0.744199
v -0.032890 -0.142475 -0.744064
v -0.032617 -0.151437 -0.730920
v -0.032924 -0.151375 -0.730935
v -0.033016 -0.151239 -0.730963
v -0.032974 0.121572 -0.735311
v -0.032881 0.121436 -0.735337
v -0.032574 0.121375 -0.735346
v -0.032890 0.134689 -0.744064
v -0.032796 0.134716 -0.744199
v -0.032489 0.134729 -0.744258
v -0.033016 0.143453 -0.730963
v -0.032924 0.143589 -0.730935
v -0.032617 0.143651 -0.730920
v -0.033105 -0.134596 -0.724614
v 0.054996 -0.136237 -0.723846
v 0.054263 -0.133352 -0.725834
v 0.053790 -0.131422 -0.728805
v 0.053646 -0.130745 -0.732306
v 0.053857 -0.131422 -0.735802
v 0.054387 -0.133352 -0.738764
v 0.055158 -0.136237 -0.740738
v 0.056050 -0.139642 -0.741425
v 0.056930 -0.143047 -0.740721
v 0.057663 -0.145932 -0.738732
v 0.058136 -0.147861 -0.735761
v 0.058278 -0.148540 -0.732261
v 0.058069 -0.147861 -0.728765
v 0.057538 -0.145932 -0.725803
v 0.056768 -0.143047 -0.723828
v 0.055874 -0.139642 -0.723141
v 0.074282 -0.132327 -0.723661
v 0.072098 -0.129874 -0.725664
v 0.070656 -0.128235 -0.728644
v 0.070172 -0.127660 -0.732147
v 0.070722 -0.128235 -0.735640
v 0.072223 -0.129874 -0.738592
v 0.074444 -0.132327 -0.740553
v 0.077049 -0.135221 -0.741224
v 0.079641 -0.138113 -0.740503
v 0.081825 -0.140565 -0.738500
v 0.083268 -0.142205 -0.735520
v 0.083752 -0.142780 -0.732016
v 0.083202 -0.142205 -0.728523
v 0.081701 -0.140565 -0.725572
v 0.079479 -0.138113 -0.723611
v 0.076875 -0.135221 -0.722940
v 0.087863 -0.123184 -0.723530
v 0.084238 -0.121701 -0.725547
v 0.081833 -0.120710 -0.728536
v 0.081012 -0.120363 -0.732042
v 0.081900 -0.120710 -0.735534
v 0.084363 -0.121702 -0.738476
v 0.088025 -0.123184 -0.740422
v 0.092328 -0.124934 -0.741077
v 0.096619 -0.126683 -0.740340
v 0.100242 -0.128166 -0.738323
v 0.102648 -0.129157 -0.735335
v 0.103469 -0.129504 -0.731827
v 0.102580 -0.129157 -0.728337
v 0.100118 -0.128166 -0.725395
v 0.096457 -0.126683 -0.723447
v 0.092153 -0.124934 -0.722793
v 0.093678 -0.077150 -0.723474
v 0.089417 -0.076708 -0.725497
v 0.086585 -0.076413 -0.728490
v 0.085614 -0.076310 -0.731998
v 0.086652 -0.076413 -0.735487
v 0.089540 -0.076708 -0.738426
v 0.093840 -0.077150 -0.740367
v 0.098897 -0.077670 -0.741014
v 0.103938 -0.078191 -0.740269
v 0.108201 -0.078632 -0.738247
v 0.111033 -0.078927 -0.735254
v 0.112003 -0.079030 -0.731745
v 0.110965 -0.078927 -0.728256
v 0.108076 -0.078632 -0.725318
v 0.103776 -0.078191 -0.723378
v 0.098721 -0.077670 -0.722730
v 0.093678 0.069363 -0.723474
v 0.089417 0.068923 -0.725497
v 0.086585 0.068628 -0.728490
v 0.085614 0.068524 -0.731998
v 0.086652 0.068628 -0.735487
v 0.089540 0.068923 -0.738426
v 0.093840 0.069363 -0.740367
v 0.098897 0.069884 -0.741014
v 0.103938 0.070405 -0.740269
v 0.108201 0.070846 -0.738247
v 0.111033 0.071141 -0.735254
v 0.112003 0.071244 -0.731745
v 0.110965 0.071141 -0.728256
v 0.108076 0.070846 -0.725318
v 0.103776 0.070405 -0.723378
v 0.098721 0.069884 -0.722730
v 0.087863 0.115397 -0.723530
v 0.084238 0.113916 -0.725547
v 0.081833 0.112924 -0.728536
v 0.081012 0.112576 -0.732042
v 0.081900 0.112924 -0.735534
v 0.084363 0.113916 -0.738476
v 0.088025 0.115397 -0.740422
v 0.092328 0.117148 -0.741077
v 0.096619 0.118898 -0.740340
v 0.100242 0.120380 -0.738323
v 0.102648 0.121371 -0.735335
v 0.103469 0.121719 -0.731827
v 0.102580 0.121371 -0.728337
v 0.100118 0.120380 -0.725395
v 0.096457 0.118898 -0.723447
v 0.092153 0.117148 -0.722793
v 0.074282 0.124541 -0.723661
v 0.072098 0.122089 -0.725664
v 0.070656 0.120450 -0.728644
v 0.070172 0.119874 -0.732147
v 0.070722 0.120450 -0.735640
v 0.072223 0.122089 -0.738592
v 0.074444 0.124541 -0.740553
v 0.077049 0.127434 -0.741224
v 0.079641 0.130327 -0.740503
v 0.081825 0.132780 -0.738500
v 0.083268 0.134418 -0.735520
v 0.083752 0.134993 -0.732016
v 0.083202 0.134418 -0.728523
v 0.081701 0.132780 -0.725572
v 0.079479 0.130327 -0.723611
v 0.076875 0.127434 -0.722940
v 0.054996 0.128451 -0.723846
v 0.054263 0.125565 -0.725834
v 0.053790 0.123637 -0.728805
v 0.053646 0.122960 -0.732305
v 0.053857 0.123637 -0.735802
v 0.054387 0.125565 -0.738764
v 0.055158 0.128451 -0.740738
v 0.056050 0.131856 -0.741425
v 0.056930 0.135260 -0.740721
v 0.057663 0.138146 -0.738732
v 0.058136 0.140075 -0.735761
v 0.058278 0.140753 -0.732261
v 0.058069 0.140075 -0.728764
v 0.057538 0.138146 -0.725803
v 0.056768 0.135260 -0.723828
v 0.055874 0.131856 -0.723141
v 0.025344 -0.135946 -0.722079
v 0.025368 -0.132255 -0.724542
v 0.025404 -0.129789 -0.728228
v 0.025445 -0.128923 -0.732575
v 0.025487 -0.129789 -0.736925
v 0.025523 -0.132255 -0.740611
v 0.025546 -0.135946 -0.743074
v 0.025554 -0.140299 -0.743939
v 0.025546 -0.144653 -0.743074
v 0.025523 -0.148343 -0.740611
v 0.025487 -0.150809 -0.736925
v 0.025445 -0.151675 -0.732575
v 0.025404 -0.150809 -0.728228
v 0.025368 -0.148343 -0.724542
v 0.025344 -0.144653 -0.722079
v 0.025336 -0.140299 -0.721214
v 0.025344 0.128159 -0.722079
v 0.025368 0.124469 -0.724542
v 0.025404 0.122002 -0.728228
v 0.025445 0.121136 -0.732575
v 0.025487 0.122002 -0.736925
v 0.025523 0.124469 -0.740611
v 0.025546 0.128159 -0.743073
v 0.025554 0.132513 -0.743939
v 0.025546 0.136866 -0.743073
v 0.025523 0.140557 -0.740610
v 0.025487 0.143023 -0.736925
v 0.025445 0.143888 -0.732575
v 0.025404 0.143023 -0.728228
v 0.025368 0.140557 -0.724542
v 0.025344 0.136866 -0.722079
v 0.025336 0.132513 -0.721214
v 0.037018 -0.136799 -0.724013
v 0.033025 -0.136600 -0.723581
v 0.033215 -0.136779 -0.724014
v 0.033084 -0.136746 -0.723936
v 0.033045 -0.133462 -0.725674
v 0.036941 -0.133832 -0.725997
v 0.033104 -0.133734 -0.725945
v 0.033234 -0.133796 -0.726005
v 0.033076 -0.131366 -0.728807
v 0.036906 -0.131850 -0.728965
v 0.033133 -0.131722 -0.728954
v 0.033263 -0.131802 -0.728985
v 0.033111 -0.130630 -0.732504
v 0.036916 -0.131153 -0.732466
v 0.033167 -0.131015 -0.732502
v 0.033296 -0.131102 -0.732501
v 0.036973 -0.131850 -0.735967
v 0.033146 -0.131366 -0.736198
v 0.033330 -0.131802 -0.736017
v 0.033201 -0.131722 -0.736051
v 0.033177 -0.133462 -0.739331
v 0.037065 -0.133832 -0.738934
v 0.033230 -0.133734 -0.739059
v 0.033359 -0.133796 -0.738997
v 0.033197 -0.136600 -0.741424
v 0.037180 -0.136799 -0.740916
v 0.033249 -0.136746 -0.741069
v 0.033378 -0.136779 -0.740987
v 0.033204 -0.140299 -0.742159
v 0.037300 -0.140299 -0.741611
v 0.033256 -0.140299 -0.741775
v 0.033384 -0.140299 -0.741687
v 0.037407 -0.143798 -0.740914
v 0.033197 -0.143998 -0.741424
v 0.033378 -0.143818 -0.740987
v 0.033249 -0.143852 -0.741069
v 0.033177 -0.147136 -0.739331
v 0.037484 -0.146765 -0.738930
v 0.033230 -0.146863 -0.739059
v 0.033359 -0.146802 -0.738997
v 0.033146 -0.149231 -0.736198
v 0.037519 -0.148748 -0.735962
v 0.033201 -0.148876 -0.736051
v 0.033330 -0.148795 -0.736017
v 0.033111 -0.149967 -0.732504
v 0.037508 -0.149444 -0.732460
v 0.033167 -0.149583 -0.732502
v 0.033296 -0.149495 -0.732501
v 0.037452 -0.148748 -0.728960
v 0.033076 -0.149231 -0.728807
v 0.033263 -0.148795 -0.728985
v 0.033133 -0.148876 -0.728954
v 0.033045 -0.147136 -0.725674
v 0.037359 -0.146765 -0.725993
v 0.033104 -0.146863 -0.725945
v 0.033234 -0.146802 -0.726005
v 0.033025 -0.143998 -0.723581
v 0.037244 -0.143798 -0.724011
v 0.033084 -0.143852 -0.723936
v 0.033215 -0.143818 -0.724014
v 0.037125 -0.140299 -0.723315
v 0.033019 -0.140299 -0.722847
v 0.033208 -0.140299 -0.723314
v 0.033077 -0.140299 -0.723229
v 0.033025 0.128813 -0.723581
v 0.037018 0.129013 -0.724013
v 0.033084 0.128960 -0.723936
v 0.033215 0.128994 -0.724014
v 0.036941 0.126046 -0.725997
v 0.033045 0.125676 -0.725674
v 0.033234 0.126010 -0.726005
v 0.033104 0.125948 -0.725945
v 0.036906 0.124065 -0.728965
v 0.033076 0.123580 -0.728807
v 0.033263 0.124016 -0.728985
v 0.033133 0.123935 -0.728954
v 0.036916 0.123368 -0.732466
v 0.033111 0.122844 -0.732504
v 0.033296 0.123316 -0.732501
v 0.033166 0.123229 -0.732502
v 0.033146 0.123580 -0.736198
v 0.036973 0.124065 -0.735967
v 0.033201 0.123935 -0.736051
v 0.033329 0.124016 -0.736017
v 0.037065 0.126046 -0.738934
v 0.033177 0.125676 -0.739331
v 0.033359 0.126010 -0.738997
v 0.033230 0.125948 -0.739059
v 0.037180 0.129013 -0.740916
v 0.033197 0.128813 -0.741424
v 0.033378 0.128994 -0.740987
v 0.033249 0.128960 -0.741069
v 0.037300 0.132513 -0.741611
v 0.033204 0.132513 -0.742159
v 0.033384 0.132513 -0.741687
v 0.033256 0.132513 -0.741775
v 0.033197 0.136213 -0.741424
v 0.037407 0.136013 -0.740914
v 0.033249 0.136065 -0.741069
v 0.033378 0.136032 -0.740987
v 0.037483 0.138980 -0.738930
v 0.033177 0.139350 -0.739331
v 0.033359 0.139016 -0.738997
v 0.033230 0.139077 -0.739059
v 0.037519 0.140961 -0.735962
v 0.033146 0.141445 -0.736198
v 0.033329 0.141009 -0.736017
v 0.033201 0.141090 -0.736051
v 0.037508 0.141658 -0.732460
v 0.033111 0.142181 -0.732504
v 0.033296 0.141710 -0.732501
v 0.033166 0.141797 -0.732502
v 0.033076 0.141445 -0.728807
v 0.037452 0.140961 -0.728960
v 0.033133 0.141090 -0.728954
v 0.033263 0.141009 -0.728985
v 0.037359 0.138980 -0.725993
v 0.033045 0.139350 -0.725674
v 0.033234 0.139016 -0.726005
v 0.033104 0.139077 -0.725945
v 0.037244 0.136013 -0.724011
v 0.033025 0.136213 -0.723581
v 0.033215 0.136032 -0.724014
v 0.033084 0.136065 -0.723936
v 0.033019 0.132513 -0.722847
v 0.037125 0.132513 -0.723315
v 0.033077 0.132513 -0.723229
v 0.033208 0.132513 -0.723314
v 0.032998 -0.136143 -0.722481
v 0.031448 -0.135947 -0.722025
v 0.032939 -0.135995 -0.722127
v 0.032809 -0.135962 -0.722048
v 0.031472 -0.132259 -0.724487
v 0.033021 -0.132619 -0.724832
v 0.032833 -0.132286 -0.724502
v 0.032963 -0.132347 -0.724561
v 0.031507 -0.129794 -0.728171
v 0.033055 -0.130265 -0.728351
v 0.032868 -0.129830 -0.728173
v 0.032998 -0.129910 -0.728205
v 0.031549 -0.128928 -0.732517
v 0.033094 -0.129438 -0.732503
v 0.032909 -0.128967 -0.732505
v 0.033039 -0.129053 -0.732504
v 0.033135 -0.130265 -0.736654
v 0.031591 -0.129794 -0.736863
v 0.033080 -0.129910 -0.736802
v 0.032951 -0.129830 -0.736836
v 0.031626 -0.132259 -0.740548
v 0.033168 -0.132619 -0.740173
v 0.032986 -0.132286 -0.740507
v 0.033115 -0.132347 -0.740445
v 0.031650 -0.135947 -0.743009
v 0.033191 -0.136143 -0.742524
v 0.033010 -0.135962 -0.742961
v 0.033138 -0.135995 -0.742880
v 0.031658 -0.140299 -0.743874
v 0.033199 -0.140299 -0.743350
v 0.033018 -0.140299 -0.743823
v 0.033147 -0.140299 -0.743735
v 0.033191 -0.144455 -0.742524
v 0.031650 -0.144650 -0.743009
v 0.033138 -0.144602 -0.742880
v 0.033010 -0.144635 -0.742961
v 0.031626 -0.148339 -0.740548
v 0.033168 -0.147979 -0.740173
v 0.032986 -0.148312 -0.740507
v 0.033115 -0.148252 -0.740445
v 0.031591 -0.150803 -0.736863
v 0.033135 -0.150333 -0.736654
v 0.032951 -0.150769 -0.736836
v 0.033080 -0.150688 -0.736802
v 0.031549 -0.151668 -0.732517
v 0.033094 -0.151160 -0.732503
v 0.032909 -0.151631 -0.732505
v 0.033039 -0.151544 -0.732504
v 0.033055 -0.150333 -0.728351
v 0.031507 -0.150803 -0.728171
v 0.032998 -0.150688 -0.728205
v 0.032868 -0.150769 -0.728173
v 0.031472 -0.148339 -0.724487
v 0.033021 -0.147979 -0.724832
v 0.032833 -0.148312 -0.724502
v 0.032963 -0.148252 -0.724561
v 0.031448 -0.144650 -0.722025
v 0.032998 -0.144455 -0.722481
v 0.032809 -0.144635 -0.722048
v 0.032939 -0.144602 -0.722127
v 0.032990 -0.140299 -0.721655
v 0.031440 -0.140299 -0.721161
v 0.032931 -0.140299 -0.721271
v 0.032800 -0.140299 -0.721186
v 0.031448 0.128162 -0.722025
v 0.032998 0.128357 -0.722481
v 0.032809 0.128176 -0.722048
v 0.032939 0.128209 -0.722127
v 0.033021 0.124833 -0.724832
v 0.031472 0.124472 -0.724487
v 0.032962 0.124561 -0.724561
v 0.032832 0.124500 -0.724502
v 0.033055 0.122478 -0.728351
v 0.031507 0.122008 -0.728171
v 0.032998 0.122123 -0.728205
v 0.032868 0.122043 -0.728173
v 0.033094 0.121651 -0.732503
v 0.031549 0.121142 -0.732517
v 0.033039 0.121267 -0.732504
v 0.032909 0.121180 -0.732505
v 0.031591 0.122008 -0.736863
v 0.033135 0.122478 -0.736654
v 0.032951 0.122043 -0.736836
v 0.033080 0.122123 -0.736802
v 0.033168 0.124833 -0.740173
v 0.031626 0.124472 -0.740548
v 0.033115 0.124561 -0.740445
v 0.032986 0.124500 -0.740507
v 0.033191 0.128357 -0.742524
v 0.031650 0.128162 -0.743009
v 0.033138 0.128209 -0.742880
v 0.033010 0.128176 -0.742961
v 0.033199 0.132513 -0.743350
v 0.031658 0.132513 -0.743874
v 0.033147 0.132513 -0.743735
v 0.033018 0.132513 -0.743823
v 0.031650 0.136864 -0.743009
v 0.033191 0.136669 -0.742524
v 0.033010 0.136849 -0.742961
v 0.033138 0.136816 -0.742880
v 0.033168 0.140193 -0.740173
v 0.031626 0.140553 -0.740548
v 0.033115 0.140465 -0.740445
v 0.032986 0.140526 -0.740507
v 0.033135 0.142546 -0.736654
v 0.031591 0.143018 -0.736863
v 0.033080 0.142902 -0.736802
v 0.032951 0.142982 -0.736836
v 0.033094 0.143373 -0.732503
v 0.031549 0.143883 -0.732517
v 0.033039 0.143758 -0.732503
v 0.032909 0.143844 -0.732505
v 0.031507 0.143018 -0.728171
v 0.033055 0.142546 -0.728351
v 0.032868 0.142982 -0.728173
v 0.032998 0.142902 -0.728205
v 0.033021 0.140193 -0.724832
v 0.031472 0.140553 -0.724487
v 0.032962 0.140465 -0.724561
v 0.032832 0.140526 -0.724502
v 0.032998 0.136669 -0.722481
v 0.031448 0.136864 -0.722025
v 0.032939 0.136816 -0.722127
v 0.032809 0.136849 -0.722048
v 0.031440 0.132513 -0.721161
v 0.032990 0.132513 -0.721655
v 0.032800 0.132513 -0.721186
v 0.032931 0.132513 -0.721271
v 0.054603 -0.134700 -0.724695
v 0.054086 -0.132245 -0.737381
v 0.057322 -0.144584 -0.739872
v 0.057839 -0.147039 -0.727186
v 0.055425 -0.137906 -0.723322
v 0.065129 -0.134877 -0.723748
v 0.073117 -0.131021 -0.724517
v 0.062888 -0.130313 -0.735716
v 0.071365 -0.128934 -0.737214
v 0.068623 -0.141331 -0.740609
v 0.080806 -0.139419 -0.739647
v 0.070864 -0.145894 -0.728641
v 0.082558 -0.141506 -0.726948
v 0.075551 -0.133745 -0.723129
v 0.081992 -0.128375 -0.723587
v 0.085930 -0.122394 -0.724394
v 0.077120 -0.125016 -0.735579
v 0.082953 -0.121133 -0.737103
v 0.089209 -0.133125 -0.740411
v 0.098552 -0.127473 -0.739476
v 0.094082 -0.136483 -0.728418
v 0.101527 -0.128734 -0.726766
v 0.089963 -0.124041 -0.722989
v 0.091650 -0.112891 -0.723494
v 0.091405 -0.076915 -0.724341
v 0.084988 -0.111318 -0.735503
v 0.087887 -0.076539 -0.737056
v 0.101398 -0.115114 -0.740294
v 0.106212 -0.078426 -0.739403
v 0.108060 -0.116687 -0.728284
v 0.109730 -0.078801 -0.726688
v 0.096148 -0.077405 -0.722931
v 0.094328 -0.003893 -0.723468
v 0.091405 0.069129 -0.724341
v 0.087186 -0.003893 -0.735483
v 0.087887 0.068753 -0.737056
v 0.104753 -0.003893 -0.740262
v 0.106212 0.070640 -0.739403
v 0.111894 -0.003893 -0.728248
v 0.109730 0.071015 -0.726688
v 0.096148 0.069619 -0.722931
v 0.091650 0.105105 -0.723493
v 0.085930 0.114608 -0.724394
v 0.084988 0.103532 -0.735503
v 0.082953 0.113347 -0.737103
v 0.101398 0.107327 -0.740294
v 0.098552 0.119687 -0.739476
v 0.108060 0.108901 -0.728284
v 0.101527 0.120949 -0.726766
v 0.089963 0.116255 -0.722989
v 0.081992 0.120589 -0.723586
v 0.073117 0.123234 -0.724517
v 0.077120 0.117231 -0.735579
v 0.071365 0.121149 -0.737214
v 0.089209 0.125338 -0.740411
v 0.080806 0.131633 -0.739647
v 0.094082 0.128697 -0.728418
v 0.082558 0.133720 -0.726948
v 0.075551 0.125959 -0.723129
v 0.065129 0.127090 -0.723748
v 0.054603 0.126914 -0.724695
v 0.062888 0.122527 -0.735716
v 0.054086 0.124459 -0.737381
v 0.068623 0.133545 -0.740609
v 0.057322 0.136799 -0.739872
v 0.070864 0.138109 -0.728641
v 0.057839 0.139252 -0.727186
v 0.055425 0.130120 -0.723322
v 0.053988 -0.132245 -0.727223
v 0.054749 -0.134700 -0.739896
v 0.057937 -0.147039 -0.737343
v 0.057176 -0.144584 -0.724670
v 0.063736 -0.132141 -0.725744
v 0.071268 -0.128934 -0.727057
v 0.063860 -0.132141 -0.738673
v 0.073263 -0.131021 -0.739719
v 0.070016 -0.144067 -0.738614
v 0.082656 -0.141506 -0.737106
v 0.069892 -0.144067 -0.725684
v 0.080661 -0.139419 -0.724444
v 0.079021 -0.126362 -0.725597
v 0.082856 -0.121133 -0.726946
v 0.079146 -0.126362 -0.738526
v 0.086076 -0.122394 -0.739595
v 0.092180 -0.135137 -0.738401
v 0.101625 -0.128734 -0.736924
v 0.092056 -0.135137 -0.725471
v 0.098405 -0.127473 -0.724274
v 0.087607 -0.111948 -0.725514
v 0.087790 -0.076539 -0.726898
v 0.087731 -0.111948 -0.738443
v 0.091551 -0.076915 -0.739543
v 0.105441 -0.116058 -0.738273
v 0.109828 -0.078801 -0.736845
v 0.105316 -0.116058 -0.725345
v 0.106065 -0.078426 -0.724200
v 0.089998 -0.003893 -0.725492
v 0.087790 0.068753 -0.726898
v 0.090121 -0.003893 -0.738420
v 0.091551 0.069129 -0.739543
v 0.109083 -0.003893 -0.738238
v 0.109828 0.071015 -0.736845
v 0.108959 -0.003893 -0.725309
v 0.106065 0.070639 -0.724200
v 0.087607 0.104162 -0.725514
v 0.082856 0.113347 -0.726946
v 0.087731 0.104162 -0.738443
v 0.086076 0.114608 -0.739595
v 0.105441 0.108271 -0.738273
v 0.101625 0.120949 -0.736924
v 0.105316 0.108271 -0.725345
v 0.098405 0.119687 -0.724274
v 0.079021 0.118576 -0.725597
v 0.071268 0.121149 -0.727057
v 0.079146 0.118576 -0.738526
v 0.073263 0.123234 -0.739719
v 0.092180 0.127351 -0.738401
v 0.082656 0.133720 -0.737106
v 0.092056 0.127351 -0.725471
v 0.080661 0.131633 -0.724444
v 0.063736 0.124355 -0.725744
v 0.053988 0.124459 -0.727223
v 0.063860 0.124355 -0.738673
v 0.054749 0.126914 -0.739896
v 0.070016 0.136281 -0.738614
v 0.057937 0.139252 -0.737343
v 0.069892 0.136281 -0.725684
v 0.057176 0.136799 -0.724670
v 0.053674 -0.130917 -0.730522
v 0.055597 -0.137906 -0.741253
v 0.058251 -0.148367 -0.734045
v 0.056328 -0.141378 -0.723313
v 0.062822 -0.130313 -0.728718
v 0.070286 -0.127806 -0.730362
v 0.065292 -0.134877 -0.740641
v 0.075723 -0.133745 -0.741060
v 0.070931 -0.145895 -0.735639
v 0.083637 -0.142634 -0.733801
v 0.068461 -0.141331 -0.723716
v 0.078201 -0.136695 -0.723103
v 0.077052 -0.125016 -0.728582
v 0.081211 -0.120450 -0.730257
v 0.082155 -0.128375 -0.740478
v 0.090137 -0.124041 -0.740922
v 0.094150 -0.136483 -0.735415
v 0.103270 -0.129417 -0.733612
v 0.089047 -0.133125 -0.723519
v 0.094345 -0.125825 -0.722948
v 0.084921 -0.111318 -0.728506
v 0.085851 -0.076336 -0.730213
v 0.091813 -0.112891 -0.740386
v 0.096321 -0.077405 -0.740862
v 0.108127 -0.116687 -0.735281
v 0.111766 -0.079005 -0.733532
v 0.101235 -0.115114 -0.723402
v 0.101296 -0.077935 -0.722882
v 0.087120 -0.003893 -0.728486
v 0.085851 0.068550 -0.730213
v 0.094490 -0.003893 -0.740360
v 0.096321 0.069619 -0.740862
v 0.111961 -0.003893 -0.735245
v 0.111766 0.071218 -0.733532
v 0.104590 -0.003893 -0.723369
v 0.101296 0.070148 -0.722882
v 0.084921 0.103532 -0.728506
v 0.081211 0.112664 -0.730257
v 0.091813 0.105105 -0.740386
v 0.090137 0.116255 -0.740922
v 0.108127 0.108901 -0.735281
v 0.103270 0.121630 -0.733612
v 0.101235 0.107327 -0.723402
v 0.094345 0.118039 -0.722948
v 0.077052 0.117231 -0.728582
v 0.070286 0.120020 -0.730362
v 0.082155 0.120589 -0.740478
v 0.075723 0.125959 -0.741060
v 0.094150 0.128697 -0.735415
v 0.083637 0.134848 -0.733801
v 0.089047 0.125338 -0.723519
v 0.078201 0.128909 -0.723103
v 0.062821 0.122527 -0.728718
v 0.053674 0.123131 -0.730522
v 0.065292 0.127090 -0.740641
v 0.055597 0.130120 -0.741253
v 0.070931 0.138109 -0.735639
v 0.058251 0.140581 -0.734045
v 0.068461 0.133545 -0.723716
v 0.056328 0.133591 -0.723313
v 0.053708 -0.130917 -0.734089
v 0.056500 -0.141378 -0.741245
v 0.058216 -0.148367 -0.730478
v 0.062523 -0.129671 -0.732221
v 0.070320 -0.127806 -0.733930
v 0.066964 -0.138104 -0.741320
v 0.078373 -0.136695 -0.741035
v 0.071229 -0.146537 -0.732137
v 0.083604 -0.142634 -0.730235
v 0.066789 -0.138104 -0.723036
v 0.076384 -0.124544 -0.732087
v 0.081245 -0.120450 -0.733825
v 0.085688 -0.130750 -0.741141
v 0.094517 -0.125825 -0.740881
v 0.094817 -0.136955 -0.731911
v 0.103235 -0.129417 -0.730046
v 0.085514 -0.130750 -0.722856
v 0.084001 -0.111097 -0.732014
v 0.085885 -0.076336 -0.733779
v 0.096612 -0.114002 -0.741036
v 0.101468 -0.077935 -0.740813
v 0.109047 -0.116908 -0.731774
v 0.111732 -0.079005 -0.729964
v 0.096436 -0.114002 -0.722752
v 0.086132 -0.003893 -0.731993
v 0.085885 0.068550 -0.733779
v 0.099628 -0.003893 -0.741007
v 0.101468 0.070148 -0.740813
v 0.112949 -0.003893 -0.731736
v 0.111732 0.071218 -0.729964
v 0.099452 -0.003893 -0.722722
v 0.084001 0.103310 -0.732014
v 0.081245 0.112664 -0.733825
v 0.096612 0.106217 -0.741036
v 0.094517 0.118039 -0.740881
v 0.109047 0.109122 -0.731774
v 0.103235 0.121630 -0.730046
v 0.096436 0.106217 -0.722752
v 0.076384 0.116758 -0.732087
v 0.070320 0.120020 -0.733930
v 0.085688 0.122964 -0.741141
v 0.078373 0.128909 -0.741035
v 0.094817 0.129169 -0.731911
v 0.083604 0.134848 -0.730235
v 0.085513 0.122964 -0.722856
v 0.062523 0.121885 -0.732221
v 0.053708 0.123131 -0.734089
v 0.066964 0.130317 -0.741320
v 0.056500 0.133591 -0.741245
v 0.071229 0.138751 -0.732137
v 0.058216 0.140581 -0.730478
v 0.066788 0.130317 -0.723036
v 0.025355 -0.133979 -0.723129
v 0.025506 -0.130841 -0.738889
v 0.025536 -0.146619 -0.742023
v 0.025385 -0.149758 -0.726264
v 0.025339 -0.138080 -0.721433
v 0.025355 0.126193 -0.723129
v 0.025506 0.123054 -0.738889
v 0.025536 0.138833 -0.742023
v 0.025385 0.141971 -0.726264
v 0.025339 0.130294 -0.721433
v 0.025385 -0.130841 -0.726264
v 0.025536 -0.133979 -0.742023
v 0.025506 -0.149758 -0.738889
v 0.025355 -0.146619 -0.723129
v 0.025385 0.123054 -0.726264
v 0.025536 0.126193 -0.742023
v 0.025506 0.141971 -0.738889
v 0.025355 0.138833 -0.723129
v 0.025424 -0.129142 -0.730360
v 0.025552 -0.138080 -0.743719
v 0.025467 -0.151456 -0.734793
v 0.025339 -0.142518 -0.721433
v 0.025424 0.121356 -0.730360
v 0.025552 0.130294 -0.743719
v 0.025467 0.143670 -0.734793
v 0.025339 0.134732 -0.721433
v 0.025467 -0.129142 -0.734793
v 0.025552 -0.142518 -0.743719
v 0.025424 -0.151456 -0.730360
v 0.025467 0.121356 -0.734793
v 0.025552 0.134732 -0.743719
v 0.025424 0.143670 -0.730360
v 0.033047 -0.136711 -0.723852
v 0.033034 -0.134928 -0.724474
v 0.033067 -0.133670 -0.725882
v 0.033093 -0.135142 -0.724793
v 0.033141 -0.136765 -0.723980
v 0.033161 -0.133768 -0.725979
v 0.033223 -0.135189 -0.724863
v 0.033754 -0.136790 -0.724032
v 0.033761 -0.133815 -0.726017
v 0.036974 -0.135219 -0.724859
v 0.033165 -0.131639 -0.736086
v 0.033163 -0.132261 -0.737868
v 0.033194 -0.133670 -0.739123
v 0.033216 -0.132580 -0.737653
v 0.033257 -0.131767 -0.736032
v 0.033286 -0.133768 -0.739024
v 0.033345 -0.132653 -0.737604
v 0.033848 -0.131827 -0.736002
v 0.033885 -0.133815 -0.738974
v 0.037015 -0.132695 -0.737547
v 0.033214 -0.143886 -0.741152
v 0.033188 -0.145670 -0.740531
v 0.033194 -0.146927 -0.739123
v 0.033240 -0.145457 -0.740212
v 0.033305 -0.143832 -0.741023
v 0.033286 -0.146829 -0.739024
v 0.033370 -0.145408 -0.740139
v 0.033944 -0.143808 -0.740960
v 0.033937 -0.146783 -0.738973
v 0.037449 -0.145379 -0.740067
v 0.033096 -0.148959 -0.728920
v 0.033060 -0.148338 -0.727138
v 0.033067 -0.146927 -0.725882
v 0.033117 -0.148017 -0.727351
v 0.033190 -0.148831 -0.728972
v 0.033161 -0.146829 -0.725979
v 0.033248 -0.147946 -0.727397
v 0.033850 -0.148771 -0.728990
v 0.033813 -0.146783 -0.726017
v 0.037409 -0.147902 -0.727379
v 0.037069 -0.138515 -0.723493
v 0.033761 -0.140299 -0.723334
v 0.033210 -0.138504 -0.723492
v 0.033134 -0.140299 -0.723278
v 0.033079 -0.138488 -0.723408
v 0.033040 -0.140299 -0.723140
v 0.033021 -0.138413 -0.723032
v 0.033754 0.129003 -0.724032
v 0.036974 0.127433 -0.724859
v 0.033761 0.126029 -0.726017
v 0.033222 0.127404 -0.724863
v 0.033141 0.128978 -0.723980
v 0.033161 0.125983 -0.725979
v 0.033093 0.127355 -0.724793
v 0.033047 0.128925 -0.723852
v 0.033067 0.125885 -0.725882
v 0.033034 0.127142 -0.724474
v 0.033848 0.124040 -0.736002
v 0.037015 0.124909 -0.737547
v 0.033885 0.126029 -0.738974
v 0.033345 0.124866 -0.737604
v 0.033257 0.123981 -0.736032
v 0.033286 0.125983 -0.739024
v 0.033216 0.124794 -0.737653
v 0.033165 0.123852 -0.736086
v 0.033194 0.125885 -0.739122
v 0.033163 0.124474 -0.737868
v 0.033944 0.136022 -0.740960
v 0.037449 0.137593 -0.740067
v 0.033937 0.138997 -0.738973
v 0.033370 0.137622 -0.740138
v 0.033305 0.136047 -0.741023
v 0.033286 0.139043 -0.739024
v 0.033240 0.137670 -0.740212
v 0.033213 0.136100 -0.741152
v 0.033194 0.139141 -0.739122
v 0.033188 0.137884 -0.740531
v 0.033850 0.140985 -0.728990
v 0.037409 0.140116 -0.727379
v 0.033813 0.138997 -0.726017
v 0.033248 0.140159 -0.727397
v 0.033190 0.141044 -0.728972
v 0.033161 0.139043 -0.725979
v 0.033117 0.140232 -0.727351
v 0.033096 0.141173 -0.728920
v 0.033067 0.139141 -0.725882
v 0.033060 0.140551 -0.727138
v 0.033020 0.130626 -0.723032
v 0.033040 0.132513 -0.723140
v 0.033079 0.130702 -0.723408
v 0.033134 0.132513 -0.723278
v 0.033210 0.130719 -0.723492
v 0.033761 0.132513 -0.723334
v 0.037069 0.130728 -0.723493
v 0.033060 -0.132261 -0.727138
v 0.033096 -0.131639 -0.728920
v 0.033117 -0.132580 -0.727351
v 0.033190 -0.131767 -0.728972
v 0.033248 -0.132653 -0.727397
v 0.033782 -0.131827 -0.728990
v 0.036917 -0.132695 -0.727383
v 0.033188 -0.134928 -0.740531
v 0.033214 -0.136711 -0.741152
v 0.033240 -0.135142 -0.740212
v 0.033305 -0.136765 -0.741023
v 0.033370 -0.135189 -0.740139
v 0.033916 -0.136790 -0.740960
v 0.037121 -0.135219 -0.740071
v 0.033163 -0.148338 -0.737868
v 0.033165 -0.148959 -0.736086
v 0.033216 -0.148017 -0.737653
v 0.033257 -0.148831 -0.736032
v 0.033345 -0.147946 -0.737604
v 0.033916 -0.148771 -0.736001
v 0.037506 -0.147902 -0.737543
v 0.033034 -0.145670 -0.724474
v 0.033047 -0.143886 -0.723852
v 0.033093 -0.145457 -0.724793
v 0.033141 -0.143832 -0.723980
v 0.033223 -0.145408 -0.724863
v 0.033782 -0.143808 -0.724031
v 0.037304 -0.145379 -0.724856
v 0.036917 0.124909 -0.727383
v 0.033782 0.124040 -0.728990
v 0.033248 0.124866 -0.727397
v 0.033190 0.123981 -0.728972
v 0.033117 0.124794 -0.727351
v 0.033096 0.123852 -0.728920
v 0.033060 0.124474 -0.727138
v 0.037121 0.127433 -0.740071
v 0.033916 0.129003 -0.740960
v 0.033370 0.127404 -0.740138
v 0.033305 0.128978 -0.741023
v 0.033240 0.127355 -0.740212
v 0.033213 0.128925 -0.741152
v 0.033188 0.127142 -0.740531
v 0.037506 0.140116 -0.737543
v 0.033916 0.140985 -0.736001
v 0.033345 0.140159 -0.737604
v 0.033257 0.141044 -0.736032
v 0.033216 0.140232 -0.737653
v 0.033165 0.141173 -0.736086
v 0.033163 0.140551 -0.737868
v 0.037304 0.137593 -0.724856
v 0.033782 0.136022 -0.724031
v 0.033222 0.137622 -0.724863
v 0.033141 0.136047 -0.723980
v 0.033093 0.137670 -0.724793
v 0.033047 0.136100 -0.723852
v 0.033034 0.137884 -0.724474
v 0.033093 -0.130817 -0.730619
v 0.033130 -0.130924 -0.732503
v 0.033149 -0.131193 -0.730694
v 0.033223 -0.131064 -0.732501
v 0.033279 -0.131279 -0.730709
v 0.033812 -0.131129 -0.732496
v 0.036905 -0.131330 -0.730682
v 0.033202 -0.138413 -0.741973
v 0.033220 -0.140299 -0.741865
v 0.033254 -0.138488 -0.741597
v 0.033311 -0.140299 -0.741725
v 0.033383 -0.138504 -0.741510
v 0.033936 -0.140299 -0.741657
v 0.037240 -0.138515 -0.741436
v 0.033130 -0.149781 -0.734386
v 0.033130 -0.149673 -0.732503
v 0.033184 -0.149405 -0.734311
v 0.033223 -0.149534 -0.732501
v 0.033313 -0.149318 -0.734293
v 0.033886 -0.149469 -0.732495
v 0.037519 -0.149267 -0.734245
v 0.033021 -0.142185 -0.723032
v 0.033079 -0.142110 -0.723408
v 0.033210 -0.142093 -0.723492
v 0.037183 -0.142082 -0.723491
v 0.036905 0.123544 -0.730682
v 0.033812 0.123342 -0.732496
v 0.033279 0.123493 -0.730709
v 0.033223 0.123277 -0.732501
v 0.033149 0.123408 -0.730693
v 0.033130 0.123139 -0.732503
v 0.033093 0.123030 -0.730619
v 0.037240 0.130728 -0.741436
v 0.033936 0.132513 -0.741657
v 0.033383 0.130719 -0.741510
v 0.033311 0.132513 -0.741725
v 0.033254 0.130702 -0.741597
v 0.033220 0.132513 -0.741865
v 0.033202 0.130626 -0.741973
v 0.037519 0.141481 -0.734245
v 0.033885 0.141683 -0.732495
v 0.033313 0.141533 -0.734293
v 0.033223 0.141747 -0.732501
v 0.033184 0.141618 -0.734311
v 0.033130 0.141886 -0.732503
v 0.033130 0.141996 -0.734386
v 0.037183 0.134297 -0.723491
v 0.033210 0.134307 -0.723492
v 0.033079 0.134324 -0.723408
v 0.033020 0.134398 -0.723032
v 0.033130 -0.130817 -0.734386
v 0.033184 -0.131193 -0.734311
v 0.033313 -0.131279 -0.734293
v 0.036939 -0.131330 -0.734250
v 0.033202 -0.142185 -0.741973
v 0.033254 -0.142110 -0.741597
v 0.033383 -0.142093 -0.741510
v 0.037356 -0.142082 -0.741434
v 0.033093 -0.149781 -0.730619
v 0.033149 -0.149405 -0.730694
v 0.033279 -0.149318 -0.730709
v 0.037485 -0.149267 -0.730676
v 0.036939 0.123544 -0.734250
v 0.033313 0.123493 -0.734293
v 0.033184 0.123408 -0.734311
v 0.033130 0.123030 -0.734386
v 0.037356 0.134297 -0.741434
v 0.033383 0.134307 -0.741510
v 0.033254 0.134324 -0.741597
v 0.033202 0.134398 -0.741973
v 0.037485 0.141481 -0.730675
v 0.033279 0.141533 -0.730709
v 0.033149 0.141618 -0.730693
v 0.033093 0.141996 -0.730619
v 0.032576 -0.135953 -0.722028
v 0.031458 -0.133982 -0.723076
v 0.032599 -0.132268 -0.724486
v 0.032819 -0.134004 -0.723095
v 0.032883 -0.135977 -0.722082
v 0.032906 -0.132313 -0.724528
v 0.032949 -0.134052 -0.723165
v 0.032976 -0.136030 -0.722210
v 0.032999 -0.132410 -0.724625
v 0.033008 -0.134265 -0.723485
v 0.032718 -0.129807 -0.736847
v 0.031609 -0.130845 -0.738827
v 0.032753 -0.132268 -0.740529
v 0.032970 -0.130877 -0.738792
v 0.033024 -0.129864 -0.736821
v 0.033059 -0.132313 -0.740480
v 0.033099 -0.130949 -0.738743
v 0.033117 -0.129993 -0.736767
v 0.033151 -0.132411 -0.740382
v 0.033152 -0.131269 -0.738529
v 0.032776 -0.144645 -0.742987
v 0.031639 -0.146615 -0.741959
v 0.032753 -0.148329 -0.740529
v 0.032999 -0.146594 -0.741914
v 0.033083 -0.144621 -0.742926
v 0.033059 -0.148285 -0.740480
v 0.033128 -0.146546 -0.741841
v 0.033174 -0.144568 -0.742797
v 0.033151 -0.148187 -0.740382
v 0.033181 -0.146332 -0.741522
v 0.032634 -0.150791 -0.728166
v 0.031488 -0.149752 -0.726208
v 0.032599 -0.148329 -0.724486
v 0.032849 -0.149720 -0.726217
v 0.032941 -0.150733 -0.728187
v 0.032906 -0.148285 -0.724528
v 0.032979 -0.149648 -0.726264
v 0.033034 -0.150605 -0.728239
v 0.032999 -0.148187 -0.724625
v 0.033036 -0.149329 -0.726477
v 0.032992 -0.138180 -0.721865
v 0.032969 -0.140299 -0.721362
v 0.032933 -0.138105 -0.721488
v 0.032874 -0.140299 -0.721223
v 0.032803 -0.138088 -0.721404
v 0.032567 -0.140299 -0.721163
v 0.031441 -0.138081 -0.721381
v 0.032976 0.128244 -0.722210
v 0.033008 0.126479 -0.723485
v 0.032999 0.124625 -0.724625
v 0.032949 0.126265 -0.723165
v 0.032883 0.128191 -0.722082
v 0.032906 0.124527 -0.724528
v 0.032819 0.126218 -0.723095
v 0.032576 0.128167 -0.722028
v 0.032599 0.124482 -0.724486
v 0.031458 0.126196 -0.723076
v 0.033117 0.122206 -0.736767
v 0.033152 0.123482 -0.738529
v 0.033151 0.124625 -0.740382
v 0.033099 0.123163 -0.738743
v 0.033024 0.122079 -0.736821
v 0.033059 0.124527 -0.740480
v 0.032970 0.123091 -0.738792
v 0.032718 0.122020 -0.736847
v 0.032753 0.124482 -0.740529
v 0.031609 0.123059 -0.738827
v 0.033174 0.136781 -0.742797
v 0.033181 0.138547 -0.741522
v 0.033151 0.140401 -0.740382
v 0.033128 0.138760 -0.741841
v 0.033083 0.136835 -0.742926
v 0.033059 0.140499 -0.740480
v 0.032999 0.138808 -0.741914
v 0.032776 0.136859 -0.742987
v 0.032753 0.140543 -0.740529
v 0.031639 0.138829 -0.741959
v 0.033034 0.142819 -0.728239
v 0.033036 0.141543 -0.726477
v 0.032999 0.140401 -0.724625
v 0.032979 0.141863 -0.726264
v 0.032941 0.142947 -0.728187
v 0.032906 0.140499 -0.724528
v 0.032849 0.141934 -0.726217
v 0.032634 0.143005 -0.728166
v 0.032599 0.140543 -0.724486
v 0.031488 0.141967 -0.726208
v 0.031441 0.130295 -0.721381
v 0.032567 0.132513 -0.721163
v 0.032803 0.130301 -0.721404
v 0.032874 0.132513 -0.721223
v 0.032933 0.130319 -0.721488
v 0.032969 0.132513 -0.721362
v 0.032992 0.130394 -0.721865
v 0.031488 -0.130845 -0.726208
v 0.032634 -0.129807 -0.728166
v 0.032849 -0.130877 -0.726217
v 0.032941 -0.129864 -0.728187
v 0.032979 -0.130949 -0.726264
v 0.033034 -0.129993 -0.728239
v 0.033036 -0.131269 -0.726477
v 0.031639 -0.133982 -0.741960
v 0.032776 -0.135953 -0.742987
v 0.032999 -0.134004 -0.741914
v 0.033083 -0.135977 -0.742926
v 0.033128 -0.134052 -0.741841
v 0.033174 -0.136030 -0.742797
v 0.033181 -0.134265 -0.741522
v 0.031609 -0.149752 -0.738827
v 0.032718 -0.150791 -0.736847
v 0.032970 -0.149720 -0.738792
v 0.033024 -0.150733 -0.736821
v 0.033099 -0.149648 -0.738743
v 0.033117 -0.150605 -0.736767
v 0.033152 -0.149329 -0.738529
v 0.031458 -0.146615 -0.723076
v 0.032576 -0.144645 -0.722028
v 0.032819 -0.146594 -0.723095
v 0.032883 -0.144621 -0.722082
v 0.032949 -0.146546 -0.723165
v 0.032976 -0.144568 -0.722210
v 0.033008 -0.146332 -0.723485
v 0.033036 0.123482 -0.726477
v 0.033034 0.122206 -0.728239
v 0.032979 0.123163 -0.726264
v 0.032941 0.122079 -0.728187
v 0.032849 0.123091 -0.726217
v 0.032634 0.122020 -0.728166
v 0.031488 0.123059 -0.726208
v 0.033181 0.126479 -0.741522
v 0.033174 0.128244 -0.742797
v 0.033128 0.126265 -0.741841
v 0.033083 0.128191 -0.742926
v 0.032999 0.126218 -0.741914
v 0.032776 0.128167 -0.742987
v 0.031639 0.126196 -0.741960
v 0.033152 0.141543 -0.738529
v 0.033117 0.142819 -0.736767
v 0.033099 0.141863 -0.738743
v 0.033024 0.142947 -0.736821
v 0.032970 0.141934 -0.738792
v 0.032718 0.143005 -0.736847
v 0.031609 0.141967 -0.738827
v 0.033008 0.138547 -0.723485
v 0.032976 0.136781 -0.722210
v 0.032949 0.138760 -0.723165
v 0.032883 0.136835 -0.722082
v 0.032819 0.138808 -0.723095
v 0.032576 0.136859 -0.722028
v 0.031458 0.138829 -0.723076
v 0.031527 -0.129148 -0.730302
v 0.032676 -0.128942 -0.732507
v 0.032888 -0.129185 -0.730297
v 0.032982 -0.129005 -0.732504
v 0.033018 -0.129270 -0.730312
v 0.033075 -0.129143 -0.732503
v 0.033074 -0.129648 -0.730387
v 0.031655 -0.138081 -0.743655
v 0.032785 -0.140299 -0.743850
v 0.033015 -0.138088 -0.743605
v 0.033091 -0.140299 -0.743784
v 0.033145 -0.138105 -0.743518
v 0.033182 -0.140299 -0.743645
v 0.033197 -0.138180 -0.743142
v 0.031570 -0.151450 -0.734733
v 0.032676 -0.151655 -0.732507
v 0.032930 -0.151412 -0.734712
v 0.032982 -0.151593 -0.732504
v 0.033060 -0.151327 -0.734695
v 0.033075 -0.151454 -0.732503
v 0.033114 -0.150951 -0.734618
v 0.031441 -0.142517 -0.721381
v 0.032803 -0.142510 -0.721404
v 0.032933 -0.142493 -0.721488
v 0.032992 -0.142417 -0.721865
v 0.033074 0.121861 -0.730387
v 0.033075 0.121358 -0.732503
v 0.033018 0.121484 -0.730312
v 0.032982 0.121218 -0.732504
v 0.032888 0.121400 -0.730297
v 0.032676 0.121155 -0.732507
v 0.031527 0.121361 -0.730302
v 0.033197 0.130394 -0.743141
v 0.033182 0.132513 -0.743645
v 0.033145 0.130319 -0.743518
v 0.033091 0.132513 -0.743784
v 0.033015 0.130301 -0.743605
v 0.032785 0.132513 -0.743850
v 0.031655 0.130295 -0.743655
v 0.033114 0.143164 -0.734618
v 0.033075 0.143668 -0.732503
v 0.033060 0.143541 -0.734695
v 0.032982 0.143806 -0.732504
v 0.032930 0.143626 -0.734712
v 0.032676 0.143869 -0.732507
v 0.031570 0.143664 -0.734733
v 0.032992 0.134632 -0.721865
v 0.032933 0.134706 -0.721488
v 0.032803 0.134723 -0.721404
v 0.031441 0.134731 -0.721381
v 0.031570 -0.129148 -0.734733
v 0.032930 -0.129185 -0.734712
v 0.033060 -0.129270 -0.734695
v 0.033114 -0.129648 -0.734619
v 0.031655 -0.142517 -0.743655
v 0.033015 -0.142510 -0.743605
v 0.033145 -0.142493 -0.743518
v 0.033197 -0.142417 -0.743142
v 0.031527 -0.151450 -0.730302
v 0.032888 -0.151412 -0.730297
v 0.033018 -0.151327 -0.730312
v 0.033074 -0.150951 -0.730387
v 0.033114 0.121861 -0.734619
v 0.033060 0.121484 -0.734695
v 0.032930 0.121400 -0.734712
v 0.031570 0.121361 -0.734733
v 0.033197 0.134632 -0.743141
v 0.033145 0.134706 -0.743518
v 0.033015 0.134723 -0.743605
v 0.031655 0.134731 -0.743655
v 0.033074 0.143164 -0.730387
v 0.033018 0.143541 -0.730312
v 0.032888 0.143626 -0.730297
v 0.031527 0.143664 -0.730302
v 0.033033 -0.133041 -0.725254
v 0.033012 -0.136371 -0.723032
v 0.044470 -0.133789 -0.725928
v 0.044773 -0.136738 -0.723943
v 0.033004 -0.140299 -0.722251
v 0.045146 -0.140217 -0.723243
v 0.033065 -0.130816 -0.728579
v 0.044283 -0.131818 -0.728896
v 0.033103 -0.130034 -0.732502
v 0.044242 -0.131127 -0.732396
v 0.033140 -0.130816 -0.736426
v 0.044351 -0.131818 -0.735895
v 0.033172 -0.133041 -0.739752
v 0.044594 -0.133789 -0.738858
v 0.033194 -0.136371 -0.741975
v 0.044935 -0.136738 -0.740836
v 0.033201 -0.140299 -0.742755
v 0.045322 -0.140217 -0.741529
v 0.033194 -0.144227 -0.741975
v 0.045694 -0.143695 -0.740830
v 0.033172 -0.147558 -0.739752
v 0.045997 -0.146646 -0.738844
v 0.033140 -0.149782 -0.736426
v 0.046183 -0.148615 -0.735876
v 0.033103 -0.150564 -0.732502
v 0.046225 -0.149308 -0.732377
v 0.033065 -0.149782 -0.728579
v 0.046117 -0.148615 -0.728878
v 0.033033 -0.147558 -0.725254
v 0.045873 -0.146646 -0.725914
v 0.033012 -0.144227 -0.723032
v 0.045532 -0.143695 -0.723935
v 0.044470 0.126003 -0.725928
v 0.044773 0.128952 -0.723943
v 0.033012 0.128585 -0.723032
v 0.033033 0.125254 -0.725254
v 0.045146 0.132431 -0.723243
v 0.033004 0.132513 -0.722251
v 0.044283 0.124033 -0.728896
v 0.033065 0.123029 -0.728579
v 0.044242 0.123340 -0.732396
v 0.033103 0.122248 -0.732502
v 0.044351 0.124033 -0.735895
v 0.033140 0.123029 -0.736426
v 0.044594 0.126003 -0.738858
v 0.033172 0.125254 -0.739752
v 0.044935 0.128952 -0.740836
v 0.033194 0.128585 -0.741975
v 0.045322 0.132431 -0.741529
v 0.033201 0.132513 -0.742755
v 0.045694 0.135909 -0.740830
v 0.033194 0.136441 -0.741975
v 0.045997 0.138859 -0.738844
v 0.033172 0.139771 -0.739752
v 0.046183 0.140829 -0.735876
v 0.033140 0.141996 -0.736426
v 0.046225 0.141521 -0.732377
v 0.033103 0.142778 -0.732502
v 0.046117 0.140829 -0.728878
v 0.033065 0.141996 -0.728579
v 0.045873 0.138859 -0.725914
v 0.033033 0.139771 -0.725254
v 0.045532 0.135909 -0.723935
v 0.033012 0.136441 -0.723032
v 0.028864 -0.132255 -0.724508
v 0.028840 -0.135946 -0.722046
v 0.028832 -0.140299 -0.721181
v 0.028899 -0.129790 -0.728196
v 0.028941 -0.128924 -0.732543
v 0.028982 -0.129790 -0.736891
v 0.029018 -0.132255 -0.740577
v 0.029041 -0.135946 -0.743040
v 0.029050 -0.140299 -0.743904
v 0.029041 -0.144652 -0.743040
v 0.029018 -0.148342 -0.740577
v 0.028982 -0.150809 -0.736890
v 0.028941 -0.151675 -0.732543
v 0.028899 -0.150809 -0.728196
v 0.028864 -0.148342 -0.724508
v 0.028840 -0.144652 -0.722046
v 0.028840 0.128159 -0.722046
v 0.028864 0.124469 -0.724508
v 0.028832 0.132513 -0.721181
v 0.028899 0.122003 -0.728196
v 0.028941 0.121137 -0.732543
v 0.028982 0.122003 -0.736891
v 0.029018 0.124469 -0.740577
v 0.029041 0.128159 -0.743040
v 0.029050 0.132513 -0.743904
v 0.029041 0.136866 -0.743039
v 0.029018 0.140556 -0.740577
v 0.028982 0.143022 -0.736890
v 0.028941 0.143888 -0.732543
v 0.028899 0.143022 -0.728196
v 0.028864 0.140556 -0.724508
v 0.028840 0.136866 -0.722046
v 0.033048 -0.131765 -0.726808
v 0.033006 -0.138296 -0.722448
v 0.033084 -0.130232 -0.730503
v 0.033123 -0.130232 -0.734503
v 0.033158 -0.131765 -0.738198
v 0.033185 -0.134596 -0.741026
v 0.033199 -0.138296 -0.742557
v 0.033199 -0.142301 -0.742557
v 0.033185 -0.146001 -0.741026
v 0.033158 -0.148833 -0.738198
v 0.033123 -0.150366 -0.734503
v 0.033084 -0.150366 -0.730503
v 0.033048 -0.148834 -0.726808
v 0.033021 -0.146001 -0.723979
v 0.033006 -0.142301 -0.722448
v 0.044609 0.127381 -0.724790
v 0.065941 -0.136459 -0.723222
v 0.064385 -0.133419 -0.724601
v 0.063209 -0.131092 -0.727135
v 0.062590 -0.129833 -0.730436
v 0.062624 -0.129833 -0.734002
v 0.063306 -0.131092 -0.737292
v 0.064532 -0.133419 -0.739803
v 0.066114 -0.136459 -0.741152
v 0.067811 -0.139750 -0.741136
v 0.069368 -0.142788 -0.739756
v 0.070544 -0.145115 -0.737223
v 0.071162 -0.146374 -0.733920
v 0.071128 -0.146374 -0.730354
v 0.070446 -0.145115 -0.727065
v 0.069221 -0.142788 -0.724554
v 0.067639 -0.139750 -0.723206
v 0.083717 -0.129539 -0.723050
v 0.080408 -0.127302 -0.724447
v 0.077889 -0.125591 -0.726994
v 0.076545 -0.124664 -0.730302
v 0.076579 -0.124664 -0.733869
v 0.077987 -0.125591 -0.737151
v 0.080553 -0.127302 -0.739649
v 0.083889 -0.129539 -0.740982
v 0.087485 -0.131960 -0.740947
v 0.090794 -0.134197 -0.739550
v 0.093313 -0.135908 -0.737004
v 0.094657 -0.136835 -0.733695
v 0.094622 -0.136835 -0.730128
v 0.093215 -0.135908 -0.726846
v 0.090648 -0.134197 -0.724349
v 0.087313 -0.131960 -0.723015
v 0.093994 -0.113436 -0.722952
v 0.089494 -0.112388 -0.724360
v 0.086063 -0.111588 -0.726915
v 0.084226 -0.111153 -0.730228
v 0.084260 -0.111153 -0.733795
v 0.086161 -0.111588 -0.737072
v 0.089641 -0.112388 -0.739562
v 0.094168 -0.113436 -0.740883
v 0.099053 -0.114569 -0.740836
v 0.103554 -0.115617 -0.739428
v 0.106985 -0.116418 -0.736873
v 0.108822 -0.116852 -0.733559
v 0.108789 -0.116852 -0.729992
v 0.106886 -0.116418 -0.726715
v 0.103408 -0.115617 -0.724226
v 0.098881 -0.114569 -0.722905
v 0.096838 -0.003893 -0.722924
v 0.092019 -0.003893 -0.724335
v 0.088344 -0.003893 -0.726893
v 0.086373 -0.003893 -0.730207
v 0.086408 -0.003893 -0.733775
v 0.088442 -0.003893 -0.737051
v 0.092164 -0.003893 -0.739538
v 0.097011 -0.003893 -0.740855
v 0.102241 -0.003893 -0.740805
v 0.107062 -0.003893 -0.739394
v 0.110737 -0.003893 -0.736836
v 0.112707 -0.003893 -0.733522
v 0.112673 -0.003893 -0.729955
v 0.110639 -0.003893 -0.726679
v 0.106915 -0.003893 -0.724193
v 0.102070 -0.003893 -0.722874
v 0.093994 0.105650 -0.722952
v 0.089494 0.104603 -0.724360
v 0.086063 0.103801 -0.726915
v 0.084226 0.103367 -0.730228
v 0.084260 0.103367 -0.733795
v 0.086161 0.103801 -0.737072
v 0.089641 0.104603 -0.739562
v 0.094168 0.105650 -0.740883
v 0.099053 0.106784 -0.740836
v 0.103554 0.107831 -0.739428
v 0.106985 0.108632 -0.736873
v 0.108822 0.109066 -0.733559
v 0.108789 0.109066 -0.729992
v 0.106886 0.108633 -0.726715
v 0.103408 0.107831 -0.724226
v 0.098881 0.106784 -0.722905
v 0.083717 0.121753 -0.723050
v 0.080408 0.119516 -0.724447
v 0.077889 0.117804 -0.726994
v 0.076545 0.116878 -0.730302
v 0.076579 0.116878 -0.733869
v 0.077987 0.117804 -0.737151
v 0.080553 0.119516 -0.739649
v 0.083889 0.121753 -0.740982
v 0.087485 0.124174 -0.740947
v 0.090794 0.126412 -0.739550
v 0.093313 0.128123 -0.737004
v 0.094657 0.129049 -0.733695
v 0.094622 0.129049 -0.730128
v 0.093215 0.128123 -0.726846
v 0.090648 0.126412 -0.724349
v 0.087313 0.124174 -0.723015
v 0.065941 0.128672 -0.723222
v 0.064385 0.125633 -0.724601
v 0.063209 0.123307 -0.727134
v 0.062590 0.122046 -0.730436
v 0.062624 0.122046 -0.734002
v 0.063306 0.123307 -0.737292
v 0.064532 0.125633 -0.739803
v 0.066114 0.128672 -0.741152
v 0.067811 0.131963 -0.741136
v 0.069368 0.135003 -0.739756
v 0.070544 0.137329 -0.737223
v 0.071162 0.138588 -0.733920
v 0.071128 0.138588 -0.730354
v 0.070446 0.137329 -0.727065
v 0.069221 0.135003 -0.724554
v 0.067639 0.131963 -0.723206
v 0.033006 0.130510 -0.722448
v 0.033021 0.126810 -0.723979
v 0.033048 0.123978 -0.726808
v 0.033084 0.122446 -0.730503
v 0.033123 0.122446 -0.734503
v 0.033158 0.123978 -0.738198
v 0.033185 0.126810 -0.741026
v 0.033199 0.130510 -0.742557
v 0.033199 0.134515 -0.742557
v 0.033185 0.138215 -0.741026
v 0.033158 0.141047 -0.738198
v 0.033123 0.142580 -0.734503
v 0.033084 0.142580 -0.730503
v 0.033048 0.141047 -0.726808
v 0.033021 0.138215 -0.723979
v 0.033006 0.134515 -0.722448
v 0.046189 -0.149132 -0.730594
v 0.044756 0.127381 -0.739993
v 0.044609 -0.135166 -0.724790
v 0.045341 0.134204 -0.723418
v 0.044458 -0.132659 -0.737473
v 0.044244 -0.131302 -0.730612
v 0.046107 0.139989 -0.737457
v 0.045858 -0.145267 -0.739983
v 0.045126 -0.138443 -0.741355
v 0.046009 -0.147775 -0.727299
v 0.044458 0.124873 -0.737473
v 0.044278 0.123516 -0.734179
v 0.046223 -0.149132 -0.734160
v 0.045712 0.137480 -0.724779
v 0.044954 -0.138443 -0.723421
v 0.045341 -0.141990 -0.723418
v 0.044360 0.124873 -0.727315
v 0.045858 0.137480 -0.739983
v 0.045513 0.134204 -0.741351
v 0.044360 -0.132659 -0.727315
v 0.044756 -0.135166 -0.739993
v 0.046009 0.139989 -0.727299
v 0.046189 0.141346 -0.730594
v 0.044244 0.123516 -0.730612
v 0.046107 -0.147775 -0.737457
v 0.045712 -0.145267 -0.724779
v 0.028851 -0.133979 -0.723097
v 0.045126 0.130657 -0.741355
v 0.044278 -0.131302 -0.734179
v 0.044954 0.130657 -0.723421
v 0.045513 -0.141990 -0.741351
v 0.046223 0.141346 -0.734160
v 0.028851 -0.146618 -0.723097
v 0.029032 0.138832 -0.741989
v 0.028833 0.134732 -0.721400
v 0.028880 -0.130842 -0.726231
v 0.028880 0.141970 -0.726231
v 0.028962 -0.129143 -0.734759
v 0.028833 0.130294 -0.721400
v 0.029048 -0.142518 -0.743685
v 0.029032 0.126193 -0.741989
v 0.028920 -0.151455 -0.730326
v 0.029001 0.141970 -0.738854
v 0.028851 0.126193 -0.723097
v 0.028851 0.138832 -0.723097
v 0.028962 0.121357 -0.734759
v 0.028880 0.123055 -0.726231
v 0.029048 0.134732 -0.743685
v 0.028920 -0.129143 -0.730326
v 0.028920 0.143669 -0.730326
v 0.029048 -0.138080 -0.743685
v 0.028962 -0.151455 -0.734759
v 0.029001 -0.130842 -0.738854
v 0.028833 -0.142518 -0.721400
v 0.028833 -0.138080 -0.721400
v 0.029032 -0.146618 -0.741989
v 0.028920 0.121357 -0.730326
v 0.029032 -0.133979 -0.741989
v 0.028880 -0.149757 -0.726231
v 0.029048 0.130294 -0.743685
v 0.029001 -0.149757 -0.738854
v 0.029001 0.123055 -0.738854
v 0.028962 0.143669 -0.734759
v 0.033056 -0.135091 -0.724719
v 0.033149 -0.135168 -0.724833
v 0.033755 -0.135205 -0.724879
v 0.033180 -0.132505 -0.737704
v 0.033272 -0.132621 -0.737626
v 0.033868 -0.132674 -0.737586
v 0.033205 -0.145506 -0.740287
v 0.033297 -0.145429 -0.740171
v 0.033942 -0.145393 -0.740113
v 0.033080 -0.148093 -0.727301
v 0.033174 -0.147977 -0.727377
v 0.033831 -0.147923 -0.727405
v 0.033755 -0.138510 -0.723511
v 0.033136 -0.138498 -0.723455
v 0.033042 -0.138470 -0.723320
v 0.033755 0.127418 -0.724879
v 0.033149 0.127382 -0.724833
v 0.033056 0.127305 -0.724719
v 0.033868 0.124889 -0.737586
v 0.033272 0.124835 -0.737626
v 0.033180 0.124719 -0.737704
v 0.033942 0.137607 -0.740113
v 0.033297 0.137643 -0.740171
v 0.033205 0.137720 -0.740287
v 0.033831 0.140136 -0.727405
v 0.033174 0.140191 -0.727377
v 0.033080 0.140306 -0.727301
v 0.033042 0.130684 -0.723320
v 0.033136 0.130711 -0.723455
v 0.033755 0.130724 -0.723511
v 0.033080 -0.132505 -0.727301
v 0.033174 -0.132621 -0.727377
v 0.033769 -0.132674 -0.727406
v 0.033205 -0.135091 -0.740287
v 0.033297 -0.135168 -0.740171
v 0.033901 -0.135205 -0.740113
v 0.033180 -0.148093 -0.737704
v 0.033272 -0.147977 -0.737626
v 0.033929 -0.147923 -0.737584
v 0.033056 -0.145506 -0.724719
v 0.033149 -0.145429 -0.724833
v 0.033796 -0.145393 -0.724879
v 0.033769 0.124887 -0.727406
v 0.033174 0.124835 -0.727377
v 0.033080 0.124719 -0.727301
v 0.033901 0.127418 -0.740113
v 0.033297 0.127382 -0.740171
v 0.033205 0.127305 -0.740287
v 0.033929 0.140136 -0.737584
v 0.033272 0.140191 -0.737626
v 0.033180 0.140306 -0.737704
v 0.033796 0.137607 -0.724879
v 0.033149 0.137643 -0.724833
v 0.033056 0.137720 -0.724719
v 0.033113 -0.131106 -0.730676
v 0.033206 -0.131242 -0.730702
v 0.033795 -0.131306 -0.730708
v 0.033219 -0.138470 -0.741685
v 0.033309 -0.138498 -0.741548
v 0.033929 -0.138510 -0.741480
v 0.033148 -0.149493 -0.734329
v 0.033241 -0.149356 -0.734301
v 0.033903 -0.149292 -0.734283
v 0.033042 -0.142127 -0.723320
v 0.033136 -0.142101 -0.723455
v 0.033770 -0.142087 -0.723510
v 0.033795 0.123520 -0.730708
v 0.033206 0.123456 -0.730702
v 0.033113 0.123319 -0.730676
v 0.033929 0.130724 -0.741480
v 0.033309 0.130711 -0.741548
v 0.033219 0.130684 -0.741685
v 0.033903 0.141506 -0.734283
v 0.033241 0.141570 -0.734301
v 0.033148 0.141706 -0.734329
v 0.033770 0.134302 -0.723510
v 0.033136 0.134314 -0.723455
v 0.033042 0.134341 -0.723320
v 0.033148 -0.131106 -0.734329
v 0.033241 -0.131242 -0.734301
v 0.033829 -0.131306 -0.734283
v 0.033219 -0.142127 -0.741685
v 0.033309 -0.142101 -0.741548
v 0.033942 -0.142087 -0.741480
v 0.033113 -0.149493 -0.730676
v 0.033206 -0.149356 -0.730702
v 0.033868 -0.149292 -0.730707
v 0.033829 0.123520 -0.734283
v 0.033241 0.123456 -0.734301
v 0.033148 0.123319 -0.734329
v 0.033942 0.134302 -0.741480
v 0.033309 0.134314 -0.741548
v 0.033219 0.134341 -0.741685
v 0.033868 0.141506 -0.730707
v 0.033206 0.141570 -0.730702
v 0.033113 0.141706 -0.730676
v 0.032585 -0.133990 -0.723076
v 0.032893 -0.134025 -0.723126
v 0.032987 -0.134101 -0.723240
v 0.032736 -0.130857 -0.738809
v 0.033043 -0.130908 -0.738771
v 0.033134 -0.131024 -0.738692
v 0.032766 -0.146608 -0.741937
v 0.033073 -0.146573 -0.741882
v 0.033164 -0.146496 -0.741767
v 0.032615 -0.149741 -0.726206
v 0.032922 -0.149689 -0.726237
v 0.033016 -0.149574 -0.726313
v 0.032971 -0.138122 -0.721576
v 0.032876 -0.138095 -0.721441
v 0.032569 -0.138084 -0.721383
v 0.032987 0.126316 -0.723240
v 0.032893 0.126239 -0.723126
v 0.032585 0.126203 -0.723076
v 0.033134 0.123238 -0.738692
v 0.033043 0.123123 -0.738771
v 0.032736 0.123070 -0.738809
v 0.033164 0.138710 -0.741767
v 0.033073 0.138787 -0.741882
v 0.032766 0.138821 -0.741937
v 0.033016 0.141787 -0.726313
v 0.032922 0.141903 -0.726237
v 0.032615 0.141955 -0.726206
v 0.032569 0.130297 -0.721383
v 0.032876 0.130310 -0.721441
v 0.032971 0.130336 -0.721576
v 0.032615 -0.130857 -0.726206
v 0.032922 -0.130908 -0.726237
v 0.033016 -0.131024 -0.726313
v 0.032766 -0.133990 -0.741937
v 0.033073 -0.134025 -0.741882
v 0.033164 -0.134102 -0.741767
v 0.032736 -0.149741 -0.738809
v 0.033043 -0.149689 -0.738771
v 0.033134 -0.149574 -0.738692
v 0.032585 -0.146608 -0.723076
v 0.032893 -0.146573 -0.723126
v 0.032987 -0.146496 -0.723240
v 0.033016 0.123238 -0.726313
v 0.032922 0.123123 -0.726237
v 0.032615 0.123070 -0.726206
v 0.033164 0.126316 -0.741767
v 0.033073 0.126239 -0.741882
v 0.032766 0.126203 -0.741937
v 0.033134 0.141787 -0.738692
v 0.033043 0.141903 -0.738771
v 0.032736 0.141955 -0.738809
v 0.032987 0.138710 -0.723240
v 0.032893 0.138787 -0.723126
v 0.032585 0.138821 -0.723076
v 0.032655 -0.129161 -0.730293
v 0.032961 -0.129222 -0.730303
v 0.033054 -0.129359 -0.730329
v 0.032782 -0.138084 -0.743632
v 0.033089 -0.138095 -0.743567
v 0.033180 -0.138122 -0.743430
v 0.032698 -0.151437 -0.734719
v 0.033003 -0.151375 -0.734704
v 0.033096 -0.151239 -0.734676
v 0.032569 -0.142514 -0.721383
v 0.032876 -0.142502 -0.721441
v 0.032971 -0.142475 -0.721576
v 0.033054 0.121572 -0.730329
v 0.032961 0.121436 -0.730303
v 0.032655 0.121375 -0.730293
v 0.033180 0.130336 -0.743430
v 0.033089 0.130310 -0.743567
v 0.032782 0.130297 -0.743632
v 0.033096 0.143453 -0.734676
v 0.033003 0.143589 -0.734704
v 0.032698 0.143651 -0.734719
v 0.032971 0.134689 -0.721576
v 0.032876 0.134716 -0.721441
v 0.032569 0.134729 -0.721383
v 0.032698 -0.129161 -0.734719
v 0.033003 -0.129222 -0.734704
v 0.033096 -0.129359 -0.734676
v 0.032782 -0.142514 -0.743632
v 0.033089 -0.142502 -0.743567
v 0.033180 -0.142475 -0.743430
v 0.032655 -0.151437 -0.730293
v 0.032961 -0.151375 -0.730303
v 0.033054 -0.151239 -0.730329
v 0.033096 0.121572 -0.734676
v 0.033003 0.121436 -0.734704
v 0.032698 0.121375 -0.734719
v 0.033180 0.134689 -0.743430
v 0.033089 0.134716 -0.743567
v 0.032782 0.134729 -0.743632
v 0.033054 0.143453 -0.730329
v 0.032961 0.143589 -0.730303
v 0.032655 0.143651 -0.730293
v 0.033021 -0.134596 -0.723979
vn -1.0000 -0.0000 -0.0096
vn 1.0000 -0.0000 0.0096
vn 0.0096 -0.0000 -1.0000
vn -0.0096 -0.0000 1.0000
vn -0.0000 -1.0000 -0.0000
vn -0.0000 1.0000 -0.0000
vn -0.9994 0.0356 0.0050
vn -0.9999 0.0113 -0.0021
vn -0.9999 0.0125 -0.0044
vn -0.9995 0.0308 0.0113
vn -1.0000 0.0100 0.0003
vn -0.9994 0.0293 0.0196
vn -0.9993 0.0353 0.0140
vn -0.9993 0.0376 0.0061
vn -0.9996 0.0144 0.0248
vn -1.0000 0.0026 0.0040
vn -1.0000 0.0055 0.0034
vn -0.9996 0.0078 0.0288
vn -1.0000 0.0001 0.0045
vn -0.9995 0.0077 0.0302
vn -0.9995 0.0157 0.0289
vn -0.9992 0.0380 -0.0098
vn -0.9999 0.0137 -0.0069
vn -0.9999 0.0135 -0.0097
vn -0.9993 0.0364 -0.0013
vn -0.9992 0.0409 -0.0014
vn -0.9991 0.0412 -0.0096
vn -0.9992 0.0369 -0.0177
vn -0.9998 0.0128 -0.0149
vn -0.9991 0.0356 -0.0241
vn -0.9998 0.0137 -0.0124
vn -0.9990 0.0411 -0.0179
vn -0.9989 0.0382 -0.0253
vn -0.9990 0.0308 -0.0316
vn -0.9998 0.0094 -0.0193
vn -0.9990 0.0271 -0.0367
vn -0.9998 0.0118 -0.0174
vn -0.9989 0.0342 -0.0325
vn -0.9988 0.0300 -0.0395
vn -0.9989 0.0212 -0.0413
vn -0.9997 0.0054 -0.0225
vn -0.9989 0.0147 -0.0452
vn -0.9997 0.0076 -0.0212
vn -0.9988 0.0223 -0.0434
vn -0.9987 0.0159 -0.0483
vn -0.9989 -0.0000 -0.0472
vn -0.9997 0.0027 -0.0230
vn -0.9997 -0.0000 -0.0236
vn -0.9988 0.0071 -0.0483
vn -0.9987 0.0080 -0.0497
vn -0.9987 -0.0000 -0.0512
vn -0.9989 -0.0146 -0.0451
vn -0.9997 -0.0027 -0.0230
vn -0.9997 -0.0054 -0.0225
vn -0.9988 -0.0080 -0.0477
vn -0.9987 -0.0079 -0.0496
vn -0.9987 -0.0160 -0.0482
vn -0.9990 -0.0274 -0.0364
vn -0.9997 -0.0076 -0.0212
vn -0.9998 -0.0094 -0.0193
vn -0.9989 -0.0211 -0.0412
vn -0.9988 -0.0222 -0.0433
vn -0.9988 -0.0300 -0.0395
vn -0.9991 -0.0354 -0.0238
vn -0.9998 -0.0118 -0.0174
vn -0.9998 -0.0131 -0.0150
vn -0.9990 -0.0307 -0.0315
vn -0.9989 -0.0342 -0.0325
vn -0.9990 -0.0379 -0.0253
vn -0.9992 -0.0380 -0.0094
vn -0.9998 -0.0136 -0.0124
vn -0.9999 -0.0138 -0.0095
vn -0.9992 -0.0369 -0.0176
vn -0.9990 -0.0413 -0.0180
vn -0.9991 -0.0413 -0.0095
vn -0.9993 -0.0364 -0.0014
vn -0.9999 -0.0125 -0.0044
vn -0.9993 -0.0357 0.0051
vn -0.9999 -0.0135 -0.0065
vn -0.9992 -0.0405 -0.0015
vn -0.9993 -0.0376 0.0061
vn -0.9995 -0.0307 0.0115
vn -1.0000 -0.0100 0.0003
vn -0.9995 -0.0270 0.0174
vn -0.9999 -0.0113 -0.0021
vn -0.9993 -0.0353 0.0141
vn -0.9994 -0.0294 0.0196
vn -0.9995 -0.0204 0.0226
vn -1.0000 -0.0055 0.0034
vn -0.9996 -0.0142 0.0248
vn -1.0000 -0.0073 0.0017
vn -0.9994 -0.0227 0.0248
vn -0.9995 -0.0158 0.0288
vn -0.9996 0.0010 0.0297
vn -1.0000 -0.0026 0.0040
vn -0.9996 -0.0077 0.0286
vn -0.9995 -0.0077 0.0302
vn -0.9995 -0.0000 0.0324
vn 0.0536 -0.7059 0.7063
vn 0.0065 -0.5555 0.8315
vn 0.0410 -0.5544 0.8313
vn 0.0107 -0.7075 0.7066
vn -0.0091 -0.5555 0.8315
vn -0.0100 -0.3824 0.9239
vn 0.0015 -0.3822 0.9241
vn 0.0257 -0.3804 0.9245
vn 0.0693 0.3705 0.9262
vn 0.0085 0.1918 0.9814
vn 0.0257 0.3804 0.9245
vn 0.1256 0.3375 0.9329
vn 0.0312 0.1849 0.9823
vn 0.0560 0.1683 0.9841
vn -0.0110 -0.0060 0.9999
vn -0.0100 -0.0039 0.9999
vn 0.1312 0.6920 0.7098
vn 0.0409 0.5543 0.8313
vn 0.0537 0.7060 0.7062
vn 0.2415 0.6437 0.7262
vn 0.1025 0.5413 0.8345
vn 0.1836 0.5003 0.8462
vn 0.1717 0.9070 0.3845
vn 0.0639 0.8297 0.5545
vn 0.0717 0.9216 0.3816
vn 0.3213 0.8581 0.4005
vn 0.1545 0.8154 0.5579
vn 0.2839 0.7667 0.5758
vn 0.1866 0.9824 0.0018
vn 0.0770 0.9779 0.1946
vn 0.0801 0.9968 0.0007
vn 0.3506 0.9365 0.0046
vn 0.1821 0.9634 0.1969
vn 0.3409 0.9171 0.2065
vn 0.0790 0.9216 -0.3801
vn 0.1853 0.9634 -0.1938
vn 0.0808 0.9779 -0.1930
vn 0.1784 0.9070 -0.3814
vn 0.3448 0.9170 -0.2004
vn 0.0671 0.7060 -0.7051
vn 0.1637 0.8152 -0.5556
vn 0.0745 0.8298 -0.5531
vn 0.1451 0.6921 -0.7070
vn 0.2952 0.7666 -0.5703
vn 0.3266 0.8600 -0.3922
vn 0.0433 0.3804 -0.9238
vn 0.1166 0.5413 -0.8327
vn 0.0569 0.5542 -0.8304
vn 0.0869 0.3703 -0.9248
vn 0.2000 0.4998 -0.8427
vn 0.2523 0.6464 -0.7201
vn 0.0089 -0.0038 -1.0000
vn 0.0478 0.1851 -0.9816
vn 0.0274 0.1918 -0.9810
vn 0.0110 -0.0059 -0.9999
vn 0.0750 0.1678 -0.9830
vn 0.1406 0.3409 -0.9295
vn -0.0306 -0.3862 -0.9219
vn -0.0326 -0.1960 -0.9801
vn -0.0104 -0.1992 -0.9799
vn -0.0712 -0.3779 -0.9231
vn -0.0623 -0.1808 -0.9815
vn 0.0078 -0.0050 -1.0000
vn -0.0680 -0.7071 -0.7039
vn -0.1116 -0.5453 -0.8308
vn -0.0500 -0.5575 -0.8287
vn -0.1458 -0.6911 -0.7079
vn -0.1941 -0.5050 -0.8410
vn -0.1294 -0.3475 -0.9287
vn -0.0956 -0.9199 -0.3803
vn -0.1756 -0.8122 -0.5563
vn -0.0836 -0.8290 -0.5530
vn -0.1992 -0.9007 -0.3861
vn -0.3021 -0.7623 -0.5724
vn -0.2538 -0.6446 -0.7211
vn -0.1079 -0.9942 -0.0010
vn -0.2131 -0.9570 -0.1968
vn -0.1039 -0.9754 -0.1945
vn -0.2212 -0.9752 -0.0044
vn -0.3653 -0.9079 -0.2057
vn -0.3444 -0.8517 -0.3949
vn -0.2064 -0.9007 0.3822
vn -0.1077 -0.9754 0.1925
vn -0.1028 -0.9199 0.3785
vn -0.3507 -0.8488 0.3957
vn -0.2183 -0.9562 0.1950
vn -0.3695 -0.9079 0.1980
vn -0.1594 -0.6909 0.7051
vn -0.0939 -0.8292 0.5510
vn -0.0813 -0.7070 0.7025
vn -0.2664 -0.6435 0.7176
vn -0.1863 -0.8112 0.5543
vn -0.3132 -0.7625 0.5661
vn -0.0888 -0.3777 0.9217
vn -0.0658 -0.5575 0.8276
vn -0.0482 -0.3862 0.9212
vn -0.1460 -0.3497 0.9254
vn -0.1262 -0.5450 0.8289
vn -0.2102 -0.5049 0.8372
vn -0.0292 -0.1992 0.9795
vn -0.0124 -0.0067 0.9999
vn -0.0495 -0.1964 0.9793
vn -0.0812 -0.1806 0.9802
vn 0.1817 0.2768 0.9436
vn 0.2288 0.1658 0.9593
vn 0.0835 0.1354 0.9873
vn 0.1074 0.0833 0.9907
vn -0.0135 -0.0060 0.9999
vn 0.3643 0.5430 0.7566
vn 0.4876 0.3351 0.8062
vn 0.2746 0.4151 0.8673
vn 0.3619 0.2571 0.8961
vn 0.5041 0.7469 0.4335
vn 0.7224 0.4817 0.4961
vn 0.4408 0.6570 0.6116
vn 0.6155 0.4221 0.6656
vn 0.5609 0.8279 0.0086
vn 0.8351 0.5496 0.0216
vn 0.5455 0.8062 0.2289
vn 0.8012 0.5402 0.2573
vn 0.5470 0.8088 -0.2158
vn 0.5119 0.7472 -0.4238
vn 0.8049 0.5403 -0.2455
vn 0.4508 0.6596 -0.6015
vn 0.3777 0.5433 -0.7498
vn 0.6266 0.4221 -0.6551
vn 0.7407 0.4858 -0.4641
vn 0.2901 0.4175 -0.8611
vn 0.1993 0.2771 -0.9400
vn 0.3776 0.2571 -0.8896
vn 0.5103 0.3393 -0.7902
vn 0.1027 0.1380 -0.9851
vn 0.0054 -0.0096 -0.9999
vn 0.1253 0.0834 -0.9886
vn 0.2545 0.1686 -0.9523
vn -0.0916 -0.1497 -0.9845
vn -0.1882 -0.2935 -0.9373
vn -0.1213 -0.0948 -0.9881
vn 0.0056 -0.0080 -1.0000
vn -0.2795 -0.4271 -0.8599
vn -0.3675 -0.5519 -0.7486
vn -0.3673 -0.2803 -0.8869
vn -0.2417 -0.1911 -0.9514
vn -0.4420 -0.6645 -0.6026
vn -0.5061 -0.7472 -0.4307
vn -0.6020 -0.4620 -0.6513
vn -0.4909 -0.3777 -0.7851
vn -0.3797 -0.9251 -0.0091
vn -0.5430 -0.8097 -0.2226
vn -0.5645 -0.8253 -0.0135
vn -0.7671 -0.5902 -0.2514
vn -0.7103 -0.5354 -0.4569
vn -0.5147 -0.7471 0.4207
vn -0.7143 -0.5204 0.4679
vn -0.5519 -0.8045 0.2194
vn -0.7723 -0.5907 0.2338
vn -0.3821 -0.5520 0.7412
vn -0.5093 -0.3678 0.7781
vn -0.4545 -0.6615 0.5965
vn -0.6150 -0.4629 0.6384
vn -0.2057 -0.2938 0.9335
vn -0.2688 -0.1899 0.9443
vn -0.2974 -0.4274 0.8537
vn -0.3839 -0.2810 0.8796
vn -0.0165 -0.0051 0.9999
vn -0.1112 -0.1517 0.9822
vn -0.1392 -0.0953 0.9857
vn 0.2618 0.0579 0.9634
vn 0.1257 0.0047 0.9921
vn 0.1204 0.0297 0.9923
vn -0.0104 0.0001 0.9999
vn -0.0145 -0.0000 0.9999
vn 0.5583 0.1108 0.8222
vn 0.4097 0.0128 0.9121
vn 0.4079 0.0849 0.9091
vn 0.2660 0.0078 0.9639
vn 0.8443 0.1569 0.5124
vn 0.7116 0.0201 0.7023
vn 0.7082 0.1356 0.6929
vn 0.5624 0.0136 0.8268
vn 0.9839 0.1785 0.0099
vn 0.9579 0.0256 0.2859
vn 0.9448 0.1722 0.2788
vn 0.8542 0.0198 0.5196
vn 0.9497 0.1734 -0.2609
vn 0.8638 0.0272 -0.5031
vn 0.8541 0.1566 -0.4960
vn 0.9632 0.0255 -0.2674
vn 0.7205 0.1364 -0.6799
vn 0.5779 0.0196 -0.8159
vn 0.5739 0.1109 -0.8114
vn 0.7249 0.0199 -0.6885
vn 0.4254 0.0854 -0.9010
vn 0.2847 0.0100 -0.9586
vn 0.2803 0.0580 -0.9582
vn 0.4270 0.0127 -0.9042
vn 0.1417 0.0297 -0.9895
vn 0.0086 -0.0003 -1.0000
vn 0.0015 0.0007 -1.0000
vn 0.1450 0.0046 -0.9894
vn -0.1318 -0.0318 -0.9908
vn -0.2682 -0.0130 -0.9633
vn -0.2755 -0.0634 -0.9592
vn -0.1274 -0.0050 -0.9918
vn -0.4128 -0.1020 -0.9051
vn -0.5633 -0.0281 -0.8257
vn -0.5641 -0.1347 -0.8147
vn -0.4105 -0.0169 -0.9117
vn -0.7031 -0.1792 -0.6881
vn -0.8543 -0.0428 -0.5181
vn -0.8376 -0.2053 -0.5062
vn -0.7118 -0.0310 -0.7017
vn -0.8041 -0.5938 -0.0290
vn -0.9304 -0.2405 -0.2765
vn -0.9989 -0.0453 -0.0095
vn -0.9695 -0.2446 -0.0150
vn -0.9574 -0.0432 -0.2856
vn -0.8473 -0.2052 0.4898
vn -0.9627 -0.0434 0.2672
vn -0.9375 -0.2315 0.2597
vn -0.5802 -0.1347 0.8032
vn -0.7251 -0.0312 0.6879
vn -0.7208 -0.1713 0.6716
vn -0.8644 -0.0334 0.5017
vn -0.2942 -0.0635 0.9536
vn -0.4279 -0.0171 0.9036
vn -0.4356 -0.0983 0.8947
vn -0.5796 -0.0203 0.8147
vn -0.1467 -0.0051 0.9892
vn -0.1547 -0.0306 0.9875
vn -0.2868 -0.0087 0.9580
vn 0.1246 -0.0000 0.9922
vn 0.2662 -0.0101 0.9639
vn 0.2637 0.0013 0.9646
vn 0.1257 -0.0046 0.9921
vn -0.0100 -0.0000 1.0000
vn 0.4058 -0.0000 0.9140
vn 0.5624 -0.0196 0.8266
vn 0.5578 0.0032 0.8300
vn 0.4098 -0.0127 0.9121
vn 0.7073 -0.0000 0.7069
vn 0.8540 -0.0271 0.5195
vn 0.8517 0.0040 0.5239
vn 0.7115 -0.0200 0.7024
vn 0.9996 0.0266 0.0095
vn 0.9572 -0.0000 0.2893
vn 0.9996 -0.0266 0.0095
vn 1.0000 -0.0000 0.0098
vn 0.9579 -0.0256 0.2859
vn 0.8616 0.0040 -0.5076
vn 0.9632 -0.0256 -0.2675
vn 0.9633 0.0027 -0.2683
vn 0.5734 0.0031 -0.8192
vn 0.7249 -0.0201 -0.6886
vn 0.7235 0.0040 -0.6903
vn 0.8641 -0.0197 -0.5030
vn 0.2821 0.0014 -0.9594
vn 0.4269 -0.0128 -0.9042
vn 0.4252 0.0021 -0.9051
vn 0.5779 -0.0137 -0.8160
vn 0.0093 -0.0000 -1.0000
vn 0.1450 -0.0046 -0.9894
vn 0.1442 0.0007 -0.9895
vn 0.2846 -0.0078 -0.9586
vn -0.2645 -0.0018 -0.9644
vn -0.1272 0.0050 -0.9919
vn -0.1259 -0.0007 -0.9920
vn 0.0083 -0.0004 -1.0000
vn -0.5585 -0.0036 -0.8295
vn -0.4105 0.0171 -0.9117
vn -0.4086 -0.0025 -0.9127
vn -0.2683 0.0086 -0.9633
vn -0.8521 -0.0044 -0.5234
vn -0.7118 0.0312 -0.7017
vn -0.7108 -0.0044 -0.7034
vn -0.5635 0.0201 -0.8258
vn -1.0000 -0.0003 -0.0095
vn -0.9574 0.0433 -0.2856
vn -0.9581 -0.0030 -0.2864
vn -0.8545 0.0335 -0.5183
vn -0.9626 -0.0000 0.2708
vn -0.8641 0.0429 0.5015
vn -0.8622 -0.0047 0.5066
vn -0.9627 0.0433 0.2672
vn -0.7212 -0.0000 0.6927
vn -0.5794 0.0280 0.8145
vn -0.5744 -0.0033 0.8186
vn -0.7252 0.0311 0.6879
vn -0.4235 -0.0000 0.9059
vn -0.2867 0.0131 0.9579
vn -0.2831 -0.0019 0.9591
vn -0.4281 0.0170 0.9036
vn -0.1445 -0.0000 0.9895
vn -0.0101 -0.0002 0.9999
vn -0.1462 0.0050 0.9892
vn 0.2632 -0.0566 0.9631
vn 0.1063 -0.0834 0.9908
vn 0.1229 -0.0276 0.9920
vn -0.0177 0.0048 0.9998
vn -0.0143 -0.0000 0.9999
vn 0.5583 -0.1121 0.8220
vn 0.3606 -0.2571 0.8966
vn 0.4082 -0.0849 0.9090
vn 0.2368 -0.1666 0.9572
vn 0.8442 -0.1592 0.5118
vn 0.6138 -0.4220 0.6672
vn 0.7079 -0.1375 0.6928
vn 0.4958 -0.3380 0.7999
vn 0.9839 -0.1785 0.0088
vn 0.8000 -0.5404 0.2609
vn 0.9447 -0.1739 0.2781
vn 0.7328 -0.4839 0.4784
vn 0.9497 -0.1734 -0.2608
vn 0.7310 -0.4834 -0.4817
vn 0.8539 -0.1594 -0.4955
vn 0.8055 -0.5404 -0.2432
vn 0.7206 -0.1364 -0.6798
vn 0.5022 -0.3372 -0.7963
vn 0.5738 -0.1119 -0.8113
vn 0.6276 -0.4222 -0.6540
vn 0.4254 -0.0853 -0.9010
vn 0.2470 -0.1671 -0.9545
vn 0.2819 -0.0568 -0.9578
vn 0.3784 -0.2571 -0.8892
vn 0.1417 -0.0297 -0.9895
vn -0.0036 0.0081 -1.0000
vn 0.0048 0.0035 -1.0000
vn 0.1261 -0.0833 -0.9885
vn -0.1317 0.0318 -0.9908
vn -0.2500 0.1881 -0.9498
vn -0.2719 0.0713 -0.9597
vn -0.1203 0.0951 -0.9882
vn -0.4127 0.1021 -0.9051
vn -0.4926 0.3679 -0.7887
vn -0.5620 0.1472 -0.8140
vn -0.3667 0.2810 -0.8869
vn -0.7031 0.1792 -0.6881
vn -0.7040 0.5219 -0.4817
vn -0.8380 0.2188 -0.4999
vn -0.6025 0.4629 -0.6502
vn -0.9989 0.0453 -0.0095
vn -0.9304 0.2405 -0.2765
vn -0.8042 0.5937 -0.0291
vn -0.9696 0.2446 -0.0035
vn -0.7675 0.5907 -0.2490
vn -0.8479 0.2186 0.4830
vn -0.7717 0.5902 0.2367
vn -0.9381 0.2403 0.2496
vn -0.5786 0.1475 0.8022
vn -0.6144 0.4619 0.6396
vn -0.7202 0.1855 0.6685
vn -0.7215 0.5329 0.4421
vn -0.2910 0.0716 0.9540
vn -0.3843 0.2803 0.8796
vn -0.4325 0.1084 0.8951
vn -0.5077 0.3779 0.7742
vn -0.1402 0.0949 0.9856
vn -0.1512 0.0360 0.9878
vn -0.2604 0.1929 0.9460
vn 0.0837 -0.1380 0.9869
vn 0.1817 -0.2768 0.9436
vn 0.0560 -0.1679 0.9842
vn -0.0124 0.0071 0.9999
vn -0.0136 0.0061 0.9999
vn 0.2734 -0.4175 0.8666
vn 0.3642 -0.5432 0.7565
vn 0.1840 -0.5000 0.8463
vn 0.1230 -0.3410 0.9320
vn 0.4391 -0.6595 0.6101
vn 0.5044 -0.7468 0.4335
vn 0.2839 -0.7664 0.5763
vn 0.2385 -0.6466 0.7246
vn 0.8351 -0.5496 0.0216
vn 0.5427 -0.8089 0.2262
vn 0.5608 -0.8279 0.0086
vn 0.3409 -0.9171 0.2067
vn 0.3191 -0.8599 0.3984
vn 0.5119 -0.7473 -0.4236
vn 0.3281 -0.8583 -0.3945
vn 0.5496 -0.8064 -0.2185
vn 0.3447 -0.9171 -0.2001
vn 0.3778 -0.5433 -0.7498
vn 0.2551 -0.6436 -0.7216
vn 0.4528 -0.6568 -0.6030
vn 0.2949 -0.7667 -0.5702
vn 0.1992 -0.2768 -0.9401
vn 0.1430 -0.3373 -0.9305
vn 0.2916 -0.4148 -0.8619
vn 0.1999 -0.5003 -0.8425
vn 0.0054 0.0097 -0.9999
vn 0.0093 0.0091 -0.9999
vn 0.1029 -0.1349 -0.9855
vn 0.0749 -0.1684 -0.9829
vn -0.1880 0.2933 -0.9374
vn -0.1286 0.3498 -0.9280
vn -0.0925 0.1525 -0.9840
vn -0.0623 0.1804 -0.9816
vn -0.3674 0.5521 -0.7485
vn -0.2522 0.6436 -0.7226
vn -0.2806 0.4275 -0.8594
vn -0.1941 0.5049 -0.8411
vn -0.5063 0.7471 -0.4306
vn -0.3430 0.8488 -0.4025
vn -0.4437 0.6609 -0.6052
vn -0.3023 0.7625 -0.5720
vn -0.5645 0.8253 -0.0134
vn -0.3798 0.9250 -0.0090
vn -0.5483 0.8040 -0.2301
vn -0.3655 0.9080 -0.2048
vn -0.5474 0.8096 0.2119
vn -0.5148 0.7471 0.4206
vn -0.3694 0.9078 0.1986
vn -0.4533 0.6644 0.5942
vn -0.3820 0.5520 0.7412
vn -0.3130 0.7624 0.5664
vn -0.3525 0.8515 0.3883
vn -0.2961 0.4272 0.8543
vn -0.2055 0.2938 0.9335
vn -0.2103 0.5050 0.8371
vn -0.2678 0.6446 0.7161
vn -0.1101 0.1496 0.9826
vn -0.0812 0.1809 0.9801
vn -0.1470 0.3472 0.9262
vn 0.0290 -0.1851 0.9823
vn 0.0693 -0.3705 0.9262
vn 0.0085 -0.1918 0.9814
vn -0.0100 0.0039 0.9999
vn -0.0109 0.0060 0.9999
vn 0.1006 -0.5413 0.8348
vn 0.1315 -0.6921 0.7097
vn 0.1530 -0.8152 0.5586
vn 0.1708 -0.9070 0.3849
vn 0.0640 -0.8299 0.5543
vn 0.3505 -0.9366 0.0045
vn 0.1817 -0.9635 0.1968
vn 0.1867 -0.9824 0.0018
vn 0.0771 -0.9779 0.1945
vn 0.0717 -0.9217 0.3813
vn 0.1783 -0.9070 -0.3816
vn 0.0797 -0.9216 -0.3798
vn 0.1857 -0.9634 -0.1935
vn 0.0808 -0.9779 -0.1930
vn 0.1452 -0.6922 -0.7070
vn 0.0680 -0.7062 -0.7048
vn 0.1651 -0.8155 -0.5548
vn 0.0744 -0.8298 -0.5530
vn 0.0869 -0.3703 -0.9248
vn 0.0450 -0.3812 -0.9234
vn 0.1188 -0.5416 -0.8322
vn 0.0567 -0.5543 -0.8304
vn 0.0109 0.0059 -0.9999
vn 0.0109 0.0030 -0.9999
vn 0.0503 -0.1851 -0.9814
vn 0.0273 -0.1920 -0.9810
vn -0.0712 0.3778 -0.9232
vn -0.0291 0.3856 -0.9222
vn -0.0303 0.1961 -0.9801
vn -0.0106 0.1992 -0.9799
vn -0.1458 0.6912 -0.7078
vn -0.0672 0.7067 -0.7043
vn -0.1103 0.5449 -0.8312
vn -0.0500 0.5573 -0.8288
vn -0.1990 0.9007 -0.3861
vn -0.0955 0.9195 -0.3813
vn -0.1756 0.8111 -0.5579
vn -0.0835 0.8293 -0.5526
vn -0.2213 0.9752 -0.0043
vn -0.1086 0.9941 -0.0015
vn -0.2148 0.9561 -0.1992
vn -0.1042 0.9754 -0.1944
vn -0.2169 0.9570 0.1928
vn -0.2065 0.9007 0.3822
vn -0.1076 0.9754 0.1923
vn -0.1864 0.8121 0.5529
vn -0.1594 0.6910 0.7050
vn -0.0939 0.8292 0.5509
vn -0.1038 0.9197 0.3786
vn -0.1276 0.5453 0.8284
vn -0.0888 0.3776 0.9217
vn -0.0658 0.5573 0.8277
vn -0.0821 0.7067 0.7028
vn -0.0515 0.1960 0.9793
vn -0.0293 0.1992 0.9795
vn -0.0490 0.3848 0.9217
vn -0.9996 -0.0076 0.0281
vn -1.0000 -0.0000 0.0042
vn -0.9996 -0.0000 0.0292
vn -0.9996 -0.0140 0.0250
vn -1.0000 -0.0027 0.0043
vn -1.0000 -0.0056 0.0032
vn -0.9995 -0.0079 0.0309
vn -0.9995 0.0001 0.0315
vn -0.9995 -0.0203 0.0225
vn -0.9995 -0.0260 0.0175
vn -0.9994 -0.0228 0.0245
vn -0.9995 -0.0154 0.0285
vn -0.9994 -0.0352 0.0056
vn -0.9999 -0.0110 -0.0020
vn -0.9993 -0.0350 0.0140
vn -0.9994 -0.0296 0.0193
vn -0.9993 -0.0375 -0.0091
vn -0.9999 -0.0134 -0.0096
vn -0.9992 -0.0404 -0.0015
vn -0.9993 -0.0376 0.0060
vn -0.9992 -0.0369 -0.0177
vn -0.9998 -0.0128 -0.0149
vn -0.9990 -0.0374 -0.0250
vn -0.9990 -0.0408 -0.0179
vn -0.9991 -0.0421 -0.0105
vn -0.9991 -0.0341 -0.0249
vn -0.9998 -0.0113 -0.0173
vn -0.9990 -0.0307 -0.0316
vn -0.9989 -0.0343 -0.0325
vn -0.9990 -0.0264 -0.0367
vn -0.9989 -0.0212 -0.0413
vn -0.9987 -0.0159 -0.0483
vn -0.9988 -0.0223 -0.0433
vn -0.9988 -0.0079 -0.0478
vn -0.9987 -0.0000 -0.0511
vn -0.9987 -0.0080 -0.0498
vn -0.9988 0.0078 -0.0477
vn -0.9989 0.0146 -0.0450
vn -0.9997 0.0027 -0.0229
vn -0.9997 0.0058 -0.0224
vn -0.9989 0.0211 -0.0412
vn -0.9990 0.0263 -0.0369
vn -0.9988 0.0223 -0.0433
vn -0.9987 0.0159 -0.0478
vn -0.9990 0.0307 -0.0315
vn -0.9991 0.0342 -0.0250
vn -0.9998 0.0118 -0.0171
vn -0.9998 0.0131 -0.0150
vn -0.9989 0.0343 -0.0325
vn -0.9992 0.0368 -0.0176
vn -0.9992 0.0376 -0.0102
vn -0.9998 0.0136 -0.0124
vn -0.9991 0.0411 -0.0095
vn -0.9990 0.0412 -0.0180
vn -0.9990 0.0372 -0.0257
vn -0.9999 0.0134 -0.0068
vn -0.9999 0.0134 -0.0096
vn -0.9993 0.0363 -0.0013
vn -0.9993 0.0375 0.0060
vn -0.9992 0.0404 -0.0014
vn -0.9994 0.0353 0.0057
vn -0.9999 0.0115 -0.0018
vn -0.9994 0.0294 0.0196
vn -0.9993 0.0353 0.0142
vn -0.9995 0.0259 0.0174
vn -1.0000 0.0074 0.0016
vn -0.9995 0.0204 0.0223
vn -1.0000 0.0052 0.0031
vn -0.9995 0.0157 0.0290
vn -0.9994 0.0228 0.0245
vn -0.9996 0.0139 0.0250
vn -1.0000 0.0027 0.0043
vn -0.9996 0.0076 0.0281
vn -0.9995 0.0079 0.0308
vn -0.0398 -0.9237 0.3810
vn -0.0129 -0.9807 0.1949
vn -0.0140 -0.9239 0.3825
vn -0.0403 -0.9802 0.1941
vn -0.0397 -0.9992 -0.0004
vn -0.0112 -0.9999 -0.0001
vn 0.0198 -0.3825 -0.9237
vn 0.0079 -0.3826 -0.9239
vn 0.0229 -0.5558 -0.8310
vn 0.0068 -0.5557 -0.8314
vn 0.0242 -0.7072 -0.7066
vn 0.0112 0.7075 0.7066
vn -0.0091 0.5555 0.8315
vn -0.0080 0.7070 0.7072
vn 0.0070 0.5559 0.8312
vn 0.0015 0.3819 0.9242
vn -0.0100 0.3828 0.9238
vn -0.0164 0.1975 0.9802
vn -0.0095 0.0013 1.0000
vn -0.0129 0.1953 0.9807
vn -0.0137 0.3830 0.9236
vn -0.0226 0.3850 0.9226
vn 0.0056 0.7070 -0.7072
vn 0.0249 0.8317 -0.5546
vn 0.0038 0.8314 -0.5557
vn 0.0243 0.7076 -0.7062
vn 0.0247 0.9240 -0.3817
vn 0.0018 0.9239 -0.3826
vn 0.0220 0.9998 0.0002
vn -0.0039 0.9808 0.1951
vn -0.0021 1.0000 -0.0000
vn 0.0202 0.9807 0.1946
vn 0.0173 0.9240 0.3820
vn -0.0055 0.9239 0.3826
vn -0.0325 0.9237 -0.3817
vn -0.0067 0.9240 -0.3824
vn -0.0267 0.8319 -0.5542
vn -0.0039 0.8317 -0.5553
vn -0.0199 0.7083 -0.7056
vn -0.0010 -0.7074 -0.7069
vn -0.0124 -0.5575 -0.8301
vn 0.0017 -0.5561 -0.8311
vn -0.0194 -0.7084 -0.7055
vn -0.0048 -0.3849 -0.9229
vn 0.0041 -0.3828 -0.9238
vn 0.0072 -0.0003 -1.0000
vn 0.0148 0.1939 -0.9809
vn 0.0078 0.1949 -0.9808
vn 0.0099 -0.0013 -0.9999
vn 0.0192 0.3821 -0.9239
vn 0.0076 0.3826 -0.9239
vn -0.0334 -0.7083 0.7051
vn -0.0145 -0.8316 0.5552
vn -0.0146 -0.7074 0.7067
vn -0.0374 -0.8321 0.5534
vn 0.0056 -0.7070 -0.7072
vn 0.0254 -0.8318 -0.5544
vn 0.0039 -0.8317 -0.5553
vn 0.0247 -0.9238 -0.3820
vn 0.0018 -0.9240 -0.3825
vn 0.0237 -0.9806 -0.1945
vn -0.0003 -0.9808 -0.1952
vn 0.0221 -0.9998 0.0002
vn 0.0800 -0.9968 0.0004
vn -0.0369 -0.9802 -0.1948
vn -0.0091 -0.9808 -0.1950
vn -0.0325 -0.9237 -0.3817
vn -0.0066 -0.9239 -0.3827
vn -0.0284 0.5577 0.8295
vn -0.0142 0.5557 0.8313
vn -0.0148 0.7075 0.7066
vn -0.0335 0.7083 0.7051
vn -0.0109 0.1950 0.9808
vn -0.0035 0.1942 0.9810
vn -0.0100 -0.0019 0.9999
vn -0.0119 -0.0002 0.9999
vn -0.0129 -0.1953 0.9806
vn -0.0156 -0.1970 0.9803
vn -0.0226 -0.3851 0.9226
vn -0.0136 -0.3829 0.9237
vn 0.0142 -0.8316 0.5552
vn 0.0174 -0.9240 0.3820
vn -0.0069 -0.8317 0.5552
vn -0.0080 -0.7070 0.7072
vn -0.0010 0.7073 -0.7069
vn -0.0119 0.5571 -0.8303
vn 0.0016 0.5560 -0.8312
vn -0.0048 0.3849 -0.9229
vn 0.0041 0.3829 -0.9238
vn 0.0031 0.1968 -0.9804
vn 0.0060 0.1954 -0.9807
vn 0.0092 0.0018 -1.0000
vn -0.0068 0.8315 0.5556
vn 0.0143 0.8317 0.5550
vn 0.0224 0.5556 -0.8312
vn 0.0069 0.5557 -0.8314
vn -0.0374 0.8320 0.5535
vn -0.0146 0.8317 0.5551
vn -0.0141 0.9240 0.3822
vn -0.0398 0.9237 0.3810
vn -0.0406 0.9801 0.1941
vn -0.0129 0.9807 0.1949
vn -0.0113 0.9999 -0.0004
vn -0.0397 0.9992 -0.0004
vn 0.0200 -0.9806 0.1949
vn -0.0040 -0.9807 0.1953
vn -0.0057 -0.9240 0.3824
vn -0.0267 -0.8320 -0.5541
vn -0.0038 -0.8316 -0.5554
vn -0.0144 -0.5560 0.8311
vn -0.0277 -0.5572 0.8299
vn -0.0148 0.5554 0.8315
vn -0.0078 0.7068 0.7074
vn -0.0139 0.7067 0.7073
vn -0.0099 0.3822 0.9240
vn -0.0090 0.5548 0.8319
vn -0.0089 0.3822 0.9240
vn -0.0080 0.5551 0.8317
vn -0.0069 0.7067 0.7075
vn 0.0073 0.0006 -1.0000
vn 0.0156 -0.1943 -0.9808
vn 0.0078 -0.1949 -0.9808
vn 0.0237 0.9807 -0.1943
vn -0.0002 0.9808 -0.1950
vn -0.0041 -0.1939 0.9810
vn -0.0109 -0.1950 0.9808
vn -0.0119 0.0002 0.9999
vn 0.0025 -0.1973 -0.9803
vn 0.0060 -0.1954 -0.9807
vn -0.0366 0.9802 -0.1948
vn -0.0092 0.9807 -0.1951
vn -0.0152 -0.5552 0.8316
vn -0.0099 -0.3823 0.9240
vn -0.0158 -0.3823 0.9239
vn -0.0079 -0.7067 0.7075
vn -0.0091 -0.5551 0.8317
vn -0.0082 -0.5551 0.8317
vn -0.0093 -0.3824 0.9239
vn 0.0020 0.3823 -0.9240
vn 0.0069 0.5551 -0.8317
vn 0.0077 0.3823 -0.9240
vn -0.0005 0.7066 -0.7076
vn 0.0010 0.5550 -0.8318
vn 0.0058 0.7067 -0.7075
vn 0.0077 0.5551 -0.8317
vn 0.0086 0.3822 -0.9240
vn -0.0162 0.1947 0.9807
vn -0.0099 0.3823 0.9240
vn -0.0156 0.3822 0.9239
vn -0.0107 -0.0000 0.9999
vn -0.0105 0.1948 0.9808
vn -0.0097 -0.0000 1.0000
vn -0.0094 0.1949 0.9808
vn -0.0106 0.9237 0.3830
vn -0.0064 0.8312 0.5559
vn -0.0048 0.9237 0.3830
vn -0.0123 0.8312 0.5558
vn -0.0056 0.8311 0.5560
vn -0.0039 0.9237 0.3830
vn -0.0123 0.8313 0.5558
vn -0.0140 0.7066 0.7075
vn -0.0064 0.8311 0.5560
vn -0.0070 0.7067 0.7075
vn -0.0039 0.9236 0.3833
vn -0.0034 0.9237 -0.3832
vn 0.0008 0.9808 -0.1950
vn 0.0025 0.9237 -0.3831
vn -0.0051 0.9807 -0.1955
vn -0.0011 1.0000 -0.0000
vn -0.0003 1.0000 -0.0000
vn 0.0016 0.9808 -0.1953
vn 0.0034 0.9237 -0.3831
vn -0.0163 -0.1948 0.9807
vn -0.0165 -0.0000 0.9999
vn -0.0099 -0.3822 0.9240
vn -0.0105 -0.1948 0.9808
vn -0.0089 -0.3822 0.9240
vn -0.0094 -0.1949 0.9808
vn 0.0021 -0.3822 -0.9241
vn 0.0083 -0.1950 -0.9808
vn 0.0077 -0.3823 -0.9240
vn 0.0025 -0.0000 -1.0000
vn 0.0026 -0.1950 -0.9808
vn 0.0085 -0.0000 -1.0000
vn 0.0091 -0.1950 -0.9808
vn 0.0085 -0.3822 -0.9240
vn -0.0003 -0.7067 -0.7076
vn 0.0069 -0.5551 -0.8317
vn 0.0056 -0.7065 -0.7077
vn 0.0010 -0.5550 -0.8318
vn 0.0077 -0.3822 -0.9241
vn 0.0078 -0.5551 -0.8317
vn 0.0065 -0.7066 -0.7076
vn -0.0102 -0.9238 0.3827
vn -0.0031 -0.9807 0.1952
vn -0.0049 -0.9237 0.3830
vn -0.0067 -1.0000 -0.0002
vn -0.0087 -0.9807 0.1952
vn -0.0014 -1.0000 -0.0000
vn -0.0021 -0.9807 0.1954
vn -0.0039 -0.9235 0.3835
vn -0.0017 0.8311 -0.5561
vn 0.0026 0.9237 -0.3830
vn 0.0043 0.8311 -0.5561
vn 0.0054 0.8314 -0.5557
vn 0.0065 0.7067 -0.7074
vn -0.0152 -0.5551 0.8316
vn -0.0159 -0.3821 0.9240
vn -0.0078 -0.7068 0.7074
vn -0.0090 -0.5551 0.8317
vn -0.0080 -0.5551 0.8317
vn -0.0078 0.7066 0.7075
vn -0.0091 0.5552 0.8317
vn -0.0082 0.5551 0.8317
vn -0.0051 -0.9807 -0.1955
vn -0.0011 -1.0000 -0.0000
vn -0.0068 -1.0000 -0.0001
vn 0.0026 -0.9237 -0.3830
vn 0.0008 -0.9807 -0.1953
vn 0.0034 -0.9237 -0.3831
vn 0.0016 -0.9808 -0.1953
vn -0.0003 -1.0000 -0.0000
vn -0.0136 -0.7068 0.7073
vn -0.0064 -0.8312 0.5559
vn -0.0123 -0.8312 0.5558
vn -0.0048 -0.9237 0.3830
vn -0.0039 -0.9237 0.3830
vn -0.0056 -0.8309 0.5565
vn -0.0069 -0.7067 0.7075
vn 0.0025 0.0001 -1.0000
vn 0.0083 0.1950 -0.9808
vn 0.0026 0.1950 -0.9808
vn 0.0092 0.1949 -0.9808
vn -0.0068 1.0000 -0.0001
vn -0.0029 0.9807 0.1953
vn -0.0088 0.9807 0.1954
vn -0.0021 0.9807 0.1953
vn -0.0072 1.0000 -0.0001
vn -0.0010 1.0000 -0.0000
vn -0.0085 0.9807 0.1955
vn -0.0021 0.9808 0.1951
vn -0.0001 1.0000 -0.0001
vn 0.0018 0.3825 -0.9240
vn 0.0025 0.1950 -0.9808
vn 0.0077 0.3822 -0.9240
vn 0.0009 -0.9807 -0.1956
vn -0.0030 -0.9237 -0.3831
vn -0.0057 -0.9808 -0.1951
vn 0.0035 -0.9237 -0.3831
vn 0.0016 -0.9807 -0.1955
vn -0.0017 0.8312 -0.5560
vn 0.0058 0.7068 -0.7074
vn -0.0003 0.7067 -0.7076
vn 0.0043 0.8312 -0.5559
vn 0.0051 0.8312 -0.5560
vn 0.0066 0.7068 -0.7074
vn -0.0162 -0.1948 0.9807
vn -0.0170 -0.0000 0.9999
vn -0.0163 0.1948 0.9807
vn -0.0160 0.3822 0.9239
vn 0.0068 -0.5551 -0.8318
vn 0.0057 -0.7067 -0.7075
vn 0.0011 -0.5551 -0.8318
vn 0.0076 -0.5551 -0.8317
vn 0.0065 -0.7067 -0.7074
vn -0.0109 -0.9238 0.3828
vn -0.0029 -0.9807 0.1953
vn -0.0088 -0.9807 0.1954
vn -0.0021 -0.9807 0.1953
vn 0.0069 0.5551 -0.8318
vn 0.0078 0.5551 -0.8317
vn -0.0139 -0.7067 0.7074
vn -0.0065 -0.8312 0.5560
vn -0.0121 -0.8310 0.5561
vn -0.0056 -0.8312 0.5559
vn -0.0070 -0.7067 0.7075
vn 0.0019 -0.3825 -0.9239
vn 0.0092 -0.1949 -0.9808
vn 0.0086 -0.3822 -0.9240
vn 0.0042 -0.8312 -0.5560
vn 0.0025 -0.9237 -0.3831
vn -0.0016 -0.8312 -0.5560
vn 0.0051 -0.8313 -0.5559
vn -0.0017 -0.8312 -0.5560
vn -0.0032 -0.9238 -0.3830
vn 0.0044 -0.8312 -0.5559
vn 0.0051 -0.8312 -0.5560
vn -0.0032 0.9238 -0.3830
vn 0.0008 0.9807 -0.1953
vn 0.0016 0.9808 -0.1950
vn -0.9995 0.0214 0.0214
vn -0.9776 0.0838 0.1928
vn -0.9777 0.1528 0.1438
vn -0.9790 0.1201 0.1650
vn -0.8178 0.4097 0.4042
vn -0.8174 0.3231 0.4769
vn -0.8177 0.2228 0.5308
vn -0.5750 0.3145 0.7553
vn -0.5667 0.4599 0.6836
vn -0.2557 0.6851 0.6821
vn -0.2575 0.5377 0.8028
vn -0.2615 0.3697 0.8916
vn -0.0347 0.5551 0.8310
vn -0.0351 0.3823 0.9234
vn -0.0343 0.7066 0.7068
vn -0.9757 0.1991 -0.0919
vn -0.9749 0.1529 -0.1619
vn -0.9752 0.1786 -0.1307
vn -0.8104 0.4832 -0.3313
vn -0.8090 0.5402 -0.2316
vn -0.5580 0.7647 -0.3224
vn -0.5564 0.5845 -0.5905
vn -0.5644 0.6790 -0.4696
vn -0.2497 0.6835 -0.6859
vn -0.2431 0.8049 -0.5413
vn -0.2507 0.8933 -0.3730
vn -0.0256 0.9234 -0.3829
vn -0.0225 0.8313 -0.5554
vn -0.0210 0.7061 -0.7078
vn -0.9744 -0.1207 -0.1897
vn -0.9741 -0.0831 -0.2105
vn -0.9751 -0.1519 -0.1614
vn -0.8068 -0.3253 -0.4931
vn -0.8043 -0.2248 -0.5501
vn -0.5572 -0.4591 -0.6919
vn -0.5545 -0.3162 -0.7698
vn -0.5549 -0.5857 -0.5908
vn -0.2444 -0.5372 -0.8073
vn -0.2442 -0.3695 -0.8966
vn -0.0160 -0.3822 -0.9239
vn -0.0182 -0.7066 -0.7074
vn -0.0167 -0.5549 -0.8318
vn -0.9778 -0.1967 0.0725
vn -0.9778 -0.1774 0.1112
vn -0.9778 -0.1527 0.1436
vn -0.8130 -0.4873 0.3189
vn -0.8155 -0.5373 0.2150
vn -0.5621 -0.7661 0.3117
vn -0.5653 -0.5852 0.5813
vn -0.5700 -0.6831 0.4565
vn -0.2523 -0.6858 0.6827
vn -0.2586 -0.8047 0.5344
vn -0.2521 -0.8947 0.3686
vn -0.0295 -0.9234 0.3827
vn -0.0309 -0.8309 0.5555
vn -0.0339 0.1950 0.9802
vn -0.0339 0.0001 0.9994
vn -0.2538 -0.0001 0.9673
vn -0.2603 0.1879 0.9470
vn -0.5697 0.1606 0.8060
vn -0.5671 -0.0002 0.8236
vn -0.8175 0.1140 0.5645
vn -0.9782 0.0423 0.2032
vn -0.9786 -0.0000 0.2060
vn -0.0347 -0.3823 0.9234
vn -0.0342 -0.5558 0.8306
vn -0.0350 -0.7062 0.7071
vn -0.2606 -0.5372 0.8022
vn -0.2603 -0.3699 0.8919
vn -0.5741 -0.3153 0.7556
vn -0.2556 -0.6855 0.6817
vn -0.5721 -0.4550 0.6825
vn -0.5673 -0.5845 0.5800
vn -0.8157 -0.3251 0.4785
vn -0.8179 -0.2237 0.5301
vn -0.9777 -0.0840 0.1927
vn -0.9779 -0.1526 0.1431
vn -0.9780 -0.1185 0.1716
vn -0.0238 -0.8309 -0.5559
vn -0.0259 -0.9233 -0.3831
vn -0.0209 -0.7067 -0.7072
vn -0.2489 -0.6835 -0.6862
vn -0.2461 -0.8044 -0.5407
vn -0.2483 -0.8940 -0.3731
vn -0.5584 -0.7643 -0.3224
vn -0.5632 -0.6894 -0.4556
vn -0.8061 -0.4144 -0.4223
vn -0.8080 -0.4859 -0.3333
vn -0.8104 -0.5384 -0.2310
vn -0.9747 -0.1814 -0.1305
vn -0.9756 -0.1993 -0.0920
vn -0.0163 0.5551 -0.8316
vn -0.0157 0.3823 -0.9239
vn -0.0181 0.7067 -0.7073
vn -0.2410 0.5376 -0.8081
vn -0.2402 0.3697 -0.8975
vn -0.5544 0.3159 -0.7699
vn -0.5527 0.5871 -0.5915
vn -0.5589 0.4551 -0.6932
vn -0.8083 0.3243 -0.4914
vn -0.8060 0.2239 -0.5479
vn -0.9744 0.1205 -0.1897
vn -0.9741 0.0832 -0.2104
vn -0.9754 0.1510 -0.1607
vn -0.0293 0.9235 0.3825
vn -0.0309 0.8306 0.5559
vn -0.2523 0.6857 0.6828
vn -0.2587 0.8046 0.5346
vn -0.2531 0.8945 0.3686
vn -0.5642 0.7647 0.3113
vn -0.5738 0.6863 0.4469
vn -0.8169 0.4107 0.4051
vn -0.8139 0.4862 0.3181
vn -0.8158 0.5370 0.2147
vn -0.9772 0.1808 0.1117
vn -0.9776 0.1975 0.0728
vn -0.9782 0.1512 0.1421
vn -0.9784 -0.0000 0.2066
vn -0.9793 -0.0370 0.1989
vn -0.8192 -0.1136 0.5622
vn -0.5715 -0.1604 0.8048
vn -0.5669 -0.0000 0.8238
vn -0.2583 -0.1881 0.9476
vn -0.2556 -0.0053 0.9668
vn -0.0345 -0.1943 0.9803
vn -0.0347 -0.0001 0.9994
vn -0.9995 0.0267 0.0161
vn -0.9772 0.1805 0.1115
vn -0.8131 0.5404 0.2163
vn -0.8149 0.4851 0.3173
vn -0.5720 0.5862 0.5738
vn -0.5603 0.7672 0.3123
vn -0.5743 0.6865 0.4460
vn -0.2583 0.8046 0.5347
vn -0.0334 0.8309 0.5554
vn -0.0330 0.9234 0.3824
vn -0.9738 0.0839 -0.2112
vn -0.9747 0.1180 -0.1897
vn -0.8062 0.3260 -0.4938
vn -0.8158 0.3931 -0.4241
vn -0.5553 0.4597 -0.6930
vn -0.5590 0.3141 -0.7674
vn -0.2450 0.3693 -0.8964
vn -0.2455 0.5371 -0.8070
vn -0.0191 0.5560 -0.8310
vn -0.0165 0.3824 -0.9238
vn -0.9748 -0.1810 -0.1302
vn -0.9757 -0.1991 -0.0919
vn -0.8097 -0.5393 -0.2312
vn -0.8084 -0.4856 -0.3327
vn -0.8150 -0.4144 -0.4050
vn -0.5609 -0.6894 -0.4584
vn -0.2460 -0.8945 -0.3734
vn -0.2417 -0.8054 -0.5412
vn -0.2598 -0.6914 -0.6742
vn -0.0207 -0.8307 -0.5563
vn -0.0223 -0.9234 -0.3831
vn -0.9788 -0.1156 0.1692
vn -0.8174 -0.2228 0.5312
vn -0.8170 -0.3237 0.4772
vn -0.8267 -0.3911 0.4046
vn -0.5688 -0.4567 0.6840
vn -0.5750 -0.3142 0.7554
vn -0.2554 -0.5378 0.8034
vn -0.0318 -0.7062 0.7073
vn -0.0330 -0.3824 0.9234
vn -0.0334 -0.5547 0.8314
vn -0.0330 -0.8312 0.5550
vn -0.0332 -0.9234 0.3823
vn -0.2611 -0.8041 0.5340
vn -0.5691 -0.6862 0.4530
vn -0.5614 -0.7665 0.3120
vn -0.8139 -0.4862 0.3181
vn -0.8264 -0.3917 0.4045
vn -0.9772 -0.1807 0.1117
vn -0.8159 -0.5371 0.2139
vn -0.9776 -0.1975 0.0726
vn -0.0189 -0.5552 -0.8315
vn -0.0162 -0.3825 -0.9238
vn -0.2410 -0.3699 -0.8973
vn -0.2461 -0.5371 -0.8068
vn -0.5644 -0.5872 -0.5802
vn -0.5545 -0.3160 -0.7699
vn -0.5598 -0.4614 -0.6883
vn -0.8058 -0.3264 -0.4941
vn -0.9742 -0.1214 -0.1900
vn -0.9753 -0.1532 -0.1594
vn -0.9740 -0.0835 -0.2108
vn -0.0207 0.8309 -0.5560
vn -0.0217 0.9235 -0.3831
vn -0.2418 0.8053 -0.5413
vn -0.2590 0.6719 -0.6939
vn -0.5557 0.6884 -0.4661
vn -0.2475 0.8942 -0.3729
vn -0.5610 0.7628 -0.3217
vn -0.8088 0.4850 -0.3326
vn -0.8134 0.3971 -0.4251
vn -0.9747 0.1814 -0.1305
vn -0.8104 0.5387 -0.2303
vn -0.9756 0.1996 -0.0917
vn -0.0318 0.7065 0.7070
vn -0.0325 0.5549 0.8313
vn -0.0330 0.3823 0.9235
vn -0.2556 0.5377 0.8035
vn -0.5681 0.4598 0.6826
vn -0.5684 0.5893 0.5742
vn -0.5739 0.3153 0.7558
vn -0.8168 0.3242 0.4771
vn -0.8180 0.2226 0.5303
vn -0.9779 0.1207 0.1706
vn -0.9778 0.1971 0.0710
vn -0.9771 0.2105 0.0317
vn -0.8105 0.5857 -0.0078
vn -0.8134 0.5719 0.1062
vn -0.5613 0.8276 -0.0056
vn -0.5691 0.8084 0.1503
vn -0.2570 0.9482 0.1867
vn -0.2676 0.8950 0.3569
vn -0.0320 0.9803 0.1949
vn -0.0299 0.9996 -0.0003
vn -0.9745 0.0416 -0.2206
vn -0.9742 0.0001 -0.2257
vn -0.8032 0.1139 -0.5847
vn -0.8155 0.2055 -0.5410
vn -0.8032 0.0009 -0.5957
vn -0.5539 0.1589 -0.8173
vn -0.2441 0.0001 -0.9697
vn -0.2463 0.1882 -0.9507
vn -0.0152 0.1946 -0.9808
vn -0.0153 -0.0000 -0.9999
vn -0.9760 -0.2117 -0.0514
vn -0.9762 -0.2167 -0.0091
vn -0.8112 -0.5847 -0.0075
vn -0.8107 -0.5726 -0.1218
vn -0.5629 -0.8095 -0.1669
vn -0.5649 -0.7633 -0.3135
vn -0.2505 -0.9681 -0.0022
vn -0.2525 -0.9484 -0.1916
vn -0.0238 -0.9804 -0.1954
vn -0.0260 -0.9997 -0.0002
vn -0.9784 -0.0791 0.1912
vn -0.9789 -0.0382 0.2006
vn -0.8322 0.0018 0.5545
vn -0.8171 -0.1145 0.5650
vn -0.5714 -0.1618 0.8046
vn -0.2604 -0.1878 0.9471
vn -0.2666 -0.3637 0.8925
vn -0.0330 -0.1947 0.9803
vn -0.0022 -1.0000 -0.0000
vn -0.0321 -0.9802 0.1952
vn -0.0298 -0.9996 -0.0005
vn -0.2575 -0.9481 0.1866
vn -0.2626 -0.8884 0.3766
vn -0.5634 -0.8261 -0.0053
vn -0.5644 -0.8101 0.1587
vn -0.8127 -0.5728 0.1067
vn -0.8108 -0.5852 -0.0084
vn -0.9776 -0.2079 0.0333
vn -0.0153 -0.1948 -0.9807
vn -0.0151 -0.0003 -0.9999
vn -0.2470 -0.0000 -0.9690
vn -0.2471 -0.1882 -0.9505
vn -0.5522 -0.1609 -0.8180
vn -0.5549 -0.0000 -0.8319
vn -0.8030 -0.0003 -0.5960
vn -0.8031 -0.1142 -0.5849
vn -0.8139 -0.2326 -0.5324
vn -0.9745 -0.0418 -0.2205
vn -0.9742 -0.0002 -0.2257
vn -0.0245 0.9804 -0.1954
vn -0.0262 0.9997 -0.0003
vn -0.2497 0.9683 -0.0024
vn -0.2524 0.9485 -0.1913
vn -0.5608 0.8110 -0.1670
vn -0.8120 0.5836 -0.0077
vn -0.8102 0.5734 -0.1220
vn -0.9765 0.2086 -0.0533
vn -0.9760 0.2175 -0.0090
vn -0.0334 0.1951 0.9802
vn -0.2574 0.1881 0.9478
vn -0.2673 0.3778 0.8865
vn -0.5715 0.1603 0.8048
vn -0.8188 0.1135 0.5627
vn -0.9783 0.0851 0.1891
vn -0.8322 -0.0012 0.5544
vn -0.9792 0.0462 0.1977
vn -0.9767 0.2145 -0.0107
vn -0.9762 0.2101 -0.0532
vn -0.8120 0.5709 -0.1214
vn -0.5634 0.8092 -0.1666
vn -0.2541 0.9481 -0.1913
vn -0.2668 0.9636 -0.0145
vn -0.0282 0.9803 -0.1954
vn -0.9752 -0.0436 -0.2171
vn -0.8020 -0.1152 -0.5861
vn -0.5524 -0.1617 -0.8178
vn -0.5532 -0.0006 -0.8330
vn -0.2496 -0.1883 -0.9499
vn -0.0151 -0.1952 -0.9806
vn -0.9771 -0.2101 0.0328
vn -0.8129 -0.5726 0.1064
vn -0.5709 -0.8210 0.0064
vn -0.5731 -0.8028 0.1645
vn -0.2552 -0.9487 0.1866
vn -0.0275 -0.9804 0.1949
vn -0.0283 -0.9803 -0.1954
vn -0.2549 -0.9479 -0.1911
vn -0.2672 -0.9636 0.0087
vn -0.5612 -0.8107 -0.1667
vn -0.8111 -0.5721 -0.1217
vn -0.9762 -0.2107 -0.0514
vn -0.9763 -0.2162 -0.0080
vn -0.0151 0.1949 -0.9807
vn -0.2469 0.1880 -0.9506
vn -0.5543 0.1588 -0.8171
vn -0.8035 0.1144 -0.5842
vn -0.9746 0.0418 -0.2201
vn -0.0282 0.9804 0.1951
vn -0.2546 0.9489 0.1866
vn -0.5668 0.8238 -0.0090
vn -0.5646 0.8112 0.1525
vn -0.8122 0.5736 0.1067
vn -0.9773 0.2095 0.0327
vn -0.0666 0.5543 0.8297
vn -0.0678 0.3815 0.9219
vn -0.2814 0.6795 0.6776
vn -0.2852 0.5335 0.7962
vn -0.2821 0.3671 0.8864
vn -0.5588 0.3193 0.7653
vn -0.5713 0.4663 0.6753
vn -0.8010 0.4274 0.4192
vn -0.7992 0.3379 0.4971
vn -0.8011 0.2325 0.5515
vn -0.9739 0.0899 0.2082
vn -0.9737 0.1659 0.1565
vn -0.9731 0.1329 0.1881
vn -0.9994 0.0227 0.0245
vn -0.0550 0.9222 -0.3829
vn -0.0512 0.7055 -0.7069
vn -0.0523 0.8298 -0.5556
vn -0.2684 0.7997 -0.5371
vn -0.2692 0.8887 -0.3712
vn -0.5506 0.6916 -0.4674
vn -0.5498 0.7695 -0.3250
vn -0.5463 0.5895 -0.5951
vn -0.7931 0.5027 -0.3440
vn -0.7947 0.5576 -0.2399
vn -0.9707 0.2183 -0.1001
vn -0.9705 0.1659 -0.1749
vn -0.9714 0.1898 -0.1429
vn -0.0483 -0.3817 -0.9230
vn -0.0520 -0.7054 -0.7069
vn -0.0529 -0.5552 -0.8300
vn -0.2633 -0.5342 -0.8033
vn -0.2631 -0.3678 -0.8919
vn -0.5474 -0.4612 -0.6983
vn -0.5442 -0.3188 -0.7760
vn -0.5441 -0.5906 -0.5960
vn -0.7918 -0.4280 -0.4358
vn -0.7929 -0.3341 -0.5097
vn -0.7913 -0.2311 -0.5660
vn -0.9701 -0.0894 -0.2254
vn -0.9709 -0.1647 -0.1740
vn -0.9702 -0.1337 -0.2020
vn -0.0612 -0.9221 0.3821
vn -0.0654 -0.7056 0.7056
vn -0.0649 -0.8296 0.5545
vn -0.2788 -0.7993 0.5324
vn -0.2782 -0.8881 0.3659
vn -0.5543 -0.7709 0.3139
vn -0.5539 -0.5913 0.5862
vn -0.5619 -0.6876 0.4599
vn -0.8008 -0.5013 0.3278
vn -0.7956 -0.5625 0.2251
vn -0.9727 -0.2175 0.0810
vn -0.7979 -0.4308 0.4217
vn -0.9742 -0.1897 0.1226
vn -0.9737 0.0458 0.2230
vn -0.9741 0.0001 0.2262
vn -0.8005 0.1182 0.5876
vn -0.7983 -0.0007 0.6022
vn -0.5664 0.1729 0.8058
vn -0.5556 -0.0005 0.8314
vn -0.2814 0.1872 0.9412
vn -0.2824 -0.0013 0.9593
vn -0.0686 0.1945 0.9785
vn -0.0677 -0.0002 0.9977
vn -0.9728 -0.1328 0.1899
vn -0.9741 -0.0897 0.2076
vn -0.9734 -0.1668 0.1572
vn -0.7989 -0.3381 0.4974
vn -0.8016 -0.2323 0.5509
vn -0.5628 -0.4622 0.6853
vn -0.5575 -0.3200 0.7660
vn -0.8003 -0.4284 0.4195
vn -0.2809 -0.6796 0.6777
vn -0.2843 -0.5336 0.7965
vn -0.2803 -0.3676 0.8867
vn -0.0678 -0.3813 0.9220
vn -0.0649 -0.5555 0.8290
vn -0.9710 -0.2174 -0.0999
vn -0.9703 -0.1664 -0.1754
vn -0.9717 -0.1951 -0.1330
vn -0.7921 -0.4276 -0.4356
vn -0.7929 -0.5029 -0.3440
vn -0.7937 -0.5589 -0.2403
vn -0.5500 -0.7695 -0.3246
vn -0.5505 -0.6919 -0.4670
vn -0.5480 -0.5887 -0.5943
vn -0.2682 -0.7999 -0.5369
vn -0.2700 -0.8886 -0.3709
vn -0.0531 -0.8297 -0.5557
vn -0.0545 -0.9222 -0.3829
vn -0.0508 -0.7057 -0.7067
vn -0.9693 0.1327 -0.2068
vn -0.9703 0.0894 -0.2247
vn -0.9705 0.1661 -0.1750
vn -0.7905 0.3360 -0.5120
vn -0.7917 0.2306 -0.5657
vn -0.5438 0.4623 -0.7004
vn -0.5440 0.3183 -0.7763
vn -0.5479 0.5886 -0.5944
vn -0.2633 0.5343 -0.8033
vn -0.2628 0.3678 -0.8920
vn -0.0515 0.5544 -0.8307
vn -0.0484 0.3816 -0.9230
vn -0.0517 0.7054 -0.7069
vn -0.9727 0.2174 0.0809
vn -0.9741 0.1943 0.1156
vn -0.8002 0.4281 0.4201
vn -0.7997 0.5027 0.3284
vn -0.7962 0.5616 0.2249
vn -0.5553 0.7703 0.3137
vn -0.5584 0.5891 0.5840
vn -0.5585 0.6936 0.4549
vn -0.2789 0.7992 0.5325
vn -0.2783 0.8881 0.3658
vn -0.0612 0.9221 0.3820
vn -0.0654 0.7055 0.7057
vn -0.0653 0.8299 0.5540
vn -0.0681 -0.0000 0.9977
vn -0.0683 -0.1944 0.9785
vn -0.2823 -0.0000 0.9593
vn -0.2830 -0.1873 0.9406
vn -0.5690 -0.1498 0.8086
vn -0.7968 -0.0000 0.6043
vn -0.8015 -0.1180 0.5862
vn -0.9737 -0.0000 0.2277
vn -0.9739 -0.0475 0.2219
vn -0.0656 0.7049 0.7063
vn -0.0624 0.9221 0.3818
vn -0.0636 0.8298 0.5545
vn -0.2788 0.7992 0.5325
vn -0.5631 0.5902 0.5785
vn -0.5538 0.7711 0.3143
vn -0.5621 0.6920 0.4530
vn -0.7967 0.5610 0.2248
vn -0.8005 0.5018 0.3277
vn -0.9731 0.1956 0.1219
vn -0.9727 0.2176 0.0811
vn -0.0538 0.5515 -0.8324
vn -0.2632 0.3677 -0.8919
vn -0.2626 0.5343 -0.8035
vn -0.2773 0.6702 -0.6885
vn -0.5484 0.4613 -0.6975
vn -0.7914 0.2301 -0.5664
vn -0.7928 0.3345 -0.5095
vn -0.8023 0.4054 -0.4382
vn -0.9702 0.1260 -0.2070
vn -0.9701 0.0901 -0.2252
vn -0.0535 -0.8297 -0.5556
vn -0.2695 -0.8887 -0.3709
vn -0.2663 -0.8002 -0.5374
vn -0.2767 -0.6843 -0.6746
vn -0.5490 -0.7701 -0.3248
vn -0.5538 -0.6927 -0.4620
vn -0.7935 -0.5590 -0.2404
vn -0.7939 -0.5019 -0.3432
vn -0.9703 -0.1967 -0.1407
vn -0.9710 -0.2175 -0.0997
vn -0.0649 -0.5542 0.8298
vn -0.0678 -0.3814 0.9219
vn -0.2833 -0.5338 0.7968
vn -0.2914 -0.6690 0.6838
vn -0.5647 -0.4617 0.6841
vn -0.5603 -0.3191 0.7643
vn -0.8010 -0.3368 0.4950
vn -0.9747 -0.1602 0.1561
vn -0.9739 -0.0899 0.2083
vn -0.9732 -0.1313 0.1888
vn -0.9732 -0.1949 0.1217
vn -0.9727 -0.2174 0.0810
vn -0.7998 -0.5026 0.3283
vn -0.5625 -0.5838 0.5855
vn -0.5558 -0.7699 0.3136
vn -0.5585 -0.6901 0.4603
vn -0.2784 -0.7992 0.5327
vn -0.0657 -0.7060 0.7052
vn -0.0654 -0.8292 0.5551
vn -0.9692 -0.1326 -0.2074
vn -0.7917 -0.2300 -0.5660
vn -0.7927 -0.3348 -0.5095
vn -0.5472 -0.4625 -0.6976
vn -0.2628 -0.5343 -0.8034
vn -0.2778 -0.6841 -0.6744
vn -0.0508 -0.5542 -0.8309
vn -0.0484 -0.3810 -0.9233
vn -0.9708 0.2180 -0.0999
vn -0.9715 0.1891 -0.1429
vn -0.7932 0.5027 -0.3439
vn -0.8008 0.4075 -0.4389
vn -0.5491 0.6926 -0.4678
vn -0.5502 0.7694 -0.3246
vn -0.2686 0.7998 -0.5369
vn -0.2756 0.6726 -0.6868
vn -0.2696 0.8892 -0.3696
vn -0.0543 0.8292 -0.5562
vn -0.0546 0.9223 -0.3826
vn -0.9743 0.1668 0.1515
vn -0.9733 0.1329 0.1869
vn -0.8023 0.2318 0.5501
vn -0.7993 0.3379 0.4969
vn -0.5625 0.4624 0.6854
vn -0.5586 0.3193 0.7655
vn -0.2833 0.5338 0.7967
vn -0.2908 0.6857 0.6672
vn -0.0645 0.5543 0.8298
vn -0.0677 0.3815 0.9219
vn -0.0590 0.9983 -0.0006
vn -0.0602 0.9790 0.1946
vn -0.2743 0.9616 -0.0025
vn -0.2757 0.9432 0.1852
vn -0.2826 0.8893 0.3595
vn -0.5538 0.8177 0.1573
vn -0.5530 0.8332 -0.0053
vn -0.7959 0.5952 0.1108
vn -0.9719 0.2323 0.0368
vn -0.9717 0.2359 -0.0092
vn -0.0499 0.3801 -0.9236
vn -0.0484 0.1938 -0.9798
vn -0.0480 0.0002 -0.9988
vn -0.2678 0.1874 -0.9451
vn -0.5452 0.1626 -0.8224
vn -0.5517 0.3103 -0.7742
vn -0.5421 -0.0001 -0.8403
vn -0.7914 0.0001 -0.6113
vn -0.7858 0.1190 -0.6070
vn -0.9691 0.0459 -0.2425
vn -0.9701 -0.0000 -0.2425
vn -0.0577 -0.9790 -0.1954
vn -0.0546 -0.9221 -0.3830
vn -0.0578 -0.9983 -0.0008
vn -0.2730 -0.9430 -0.1902
vn -0.5525 -0.8335 -0.0051
vn -0.5559 -0.8154 -0.1618
vn -0.7959 -0.6054 -0.0076
vn -0.7957 -0.5925 -0.1260
vn -0.9717 -0.2298 -0.0553
vn -0.9717 -0.2359 -0.0093
vn -0.0686 -0.1944 0.9785
vn -0.2825 -0.1875 0.9408
vn -0.2938 -0.3535 0.8881
vn -0.5686 -0.1502 0.8088
vn -0.8003 -0.1183 0.5878
vn -0.8117 -0.2132 0.5438
vn -0.9738 -0.0457 0.2227
vn -0.9717 -0.2334 0.0369
vn -0.9721 -0.2342 -0.0094
vn -0.7978 -0.5928 0.1097
vn -0.8065 -0.5410 0.2385
vn -0.5543 -0.8174 0.1570
vn -0.5531 -0.8331 -0.0053
vn -0.2754 -0.9613 -0.0028
vn -0.2732 -0.9440 0.1853
vn -0.2873 -0.8828 0.3716
vn -0.0611 -0.9790 0.1943
vn -0.0581 -0.9983 -0.0010
vn -0.9690 -0.0462 -0.2427
vn -0.9709 -0.0904 -0.2219
vn -0.9701 -0.0001 -0.2426
vn -0.7873 -0.1188 -0.6050
vn -0.5495 -0.3243 -0.7700
vn -0.7928 0.0003 -0.6095
vn -0.5550 -0.1731 -0.8136
vn -0.2579 -0.0001 -0.9662
vn -0.2658 -0.1870 -0.9457
vn -0.0480 -0.1944 -0.9797
vn -0.9713 0.2311 -0.0555
vn -0.9719 0.2351 -0.0093
vn -0.7952 0.5931 -0.1261
vn -0.8017 0.5443 -0.2468
vn -0.7962 0.6050 -0.0070
vn -0.5563 0.8129 -0.1723
vn -0.5525 0.8335 -0.0050
vn -0.2730 0.9430 -0.1904
vn -0.0574 0.9790 -0.1954
vn -0.0582 0.9983 -0.0006
vn -0.9739 0.0459 0.2222
vn -0.9736 0.0891 0.2100
vn -0.8008 0.1182 0.5871
vn -0.5589 0.1623 0.8132
vn -0.2829 0.1869 0.9408
vn -0.2926 0.3788 0.8780
vn -0.0690 0.1945 0.9785
vn -0.0567 0.9790 -0.1956
vn -0.2736 0.9428 -0.1903
vn -0.5564 0.8129 -0.1721
vn -0.7949 0.5935 -0.1258
vn -0.8079 0.5887 -0.0274
vn -0.9722 0.2270 -0.0572
vn -0.0475 -0.1946 -0.9797
vn -0.2666 -0.1873 -0.9454
vn -0.2716 -0.0105 -0.9624
vn -0.5475 -0.1623 -0.8209
vn -0.7884 -0.1184 -0.6037
vn -0.9693 -0.0476 -0.2412
vn -0.0621 -0.9788 0.1951
vn -0.2751 -0.9434 0.1852
vn -0.2840 -0.9588 0.0094
vn -0.5580 -0.8138 0.1623
vn -0.7969 -0.5940 0.1104
vn -0.9729 -0.2276 0.0401
vn -0.9714 -0.2310 -0.0555
vn -0.7967 -0.5911 -0.1258
vn -0.8076 -0.5896 0.0135
vn -0.5511 -0.8173 -0.1684
vn -0.2702 -0.9438 -0.1905
vn -0.0581 -0.9791 -0.1951
vn -0.7885 0.1184 -0.6036
vn -0.5472 0.1624 -0.8211
vn -0.5479 -0.0103 -0.8365
vn -0.2668 0.1872 -0.9454
vn -0.0496 -0.0004 -0.9988
vn -0.0488 0.1942 -0.9797
vn -0.9724 0.2309 0.0335
vn -0.7962 0.5949 0.1104
vn -0.5583 0.8156 0.1520
vn -0.2754 0.9433 0.1852
vn -0.2840 0.9587 -0.0138
vn -0.0611 0.9790 0.1943
vn -1.0000 0.0073 0.0017
vn 0.9991 0.0345 0.0244
vn 0.9998 0.0116 0.0174
vn 0.9990 0.0318 0.0308
vn 0.9998 0.0096 0.0193
vn 0.9990 0.0264 0.0362
vn 0.9987 0.0305 0.0397
vn 0.9998 0.0130 0.0151
vn 0.9989 0.0332 0.0320
vn 0.9989 0.0147 0.0453
vn 0.9997 0.0027 0.0233
vn 0.9989 0.0076 0.0468
vn 0.9997 -0.0000 0.0233
vn 0.9989 -0.0000 0.0473
vn 0.9987 0.0077 0.0497
vn 0.9997 0.0053 0.0224
vn 0.9999 0.0141 0.0095
vn 0.9991 0.0378 0.0171
vn 0.9992 0.0378 0.0097
vn 0.9998 0.0136 0.0123
vn 0.9989 0.0391 0.0257
vn 0.9990 0.0408 0.0177
vn 0.9999 0.0126 0.0044
vn 0.9993 0.0369 0.0022
vn 0.9994 0.0354 -0.0051
vn 0.9999 0.0144 0.0070
vn 0.9992 0.0405 0.0016
vn 1.0000 0.0099 -0.0003
vn 0.9994 0.0313 -0.0114
vn 0.9995 0.0268 -0.0172
vn 0.9999 0.0120 0.0017
vn 0.9993 0.0342 -0.0133
vn 0.9994 0.0287 -0.0190
vn 1.0000 0.0055 -0.0033
vn 0.9995 0.0211 -0.0219
vn 0.9996 0.0149 -0.0259
vn 1.0000 0.0077 -0.0017
vn 0.9994 0.0233 -0.0257
vn 0.9995 0.0157 -0.0281
vn 1.0000 0.0002 -0.0044
vn 0.9996 0.0073 -0.0283
vn 0.9996 0.0002 -0.0278
vn 1.0000 0.0025 -0.0035
vn 0.9995 0.0082 -0.0318
vn 0.9995 -0.0002 -0.0318
vn 0.9995 -0.0151 -0.0260
vn 1.0000 -0.0026 -0.0039
vn 0.9996 -0.0074 -0.0280
vn 1.0000 -0.0055 -0.0033
vn 0.9995 -0.0085 -0.0319
vn 0.9995 -0.0266 -0.0176
vn 1.0000 -0.0077 -0.0017
vn 0.9995 -0.0210 -0.0219
vn 0.9995 -0.0160 -0.0285
vn 1.0000 -0.0099 -0.0003
vn 0.9994 -0.0238 -0.0257
vn 0.9994 -0.0355 -0.0054
vn 0.9999 -0.0116 0.0019
vn 0.9994 -0.0312 -0.0113
vn 0.9994 -0.0284 -0.0193
vn 0.9999 -0.0122 0.0045
vn 0.9993 -0.0341 -0.0136
vn 0.9993 -0.0373 0.0090
vn 0.9999 -0.0141 0.0069
vn 0.9993 -0.0371 0.0022
vn 0.9993 -0.0373 -0.0070
vn 0.9999 -0.0141 0.0095
vn 0.9992 -0.0397 0.0010
vn 0.9998 -0.0130 0.0147
vn 0.9992 -0.0372 0.0170
vn 0.9991 -0.0349 0.0239
vn 0.9990 -0.0409 0.0177
vn 0.9998 -0.0136 0.0123
vn 0.9989 -0.0390 0.0257
vn 0.9998 -0.0096 0.0193
vn 0.9990 -0.0321 0.0309
vn 0.9990 -0.0264 0.0361
vn 0.9998 -0.0119 0.0170
vn 0.9989 -0.0336 0.0320
vn 0.9988 -0.0305 0.0395
vn 0.9997 -0.0053 0.0224
vn 0.9989 -0.0214 0.0413
vn 0.9989 -0.0148 0.0453
vn 0.9997 -0.0078 0.0213
vn 0.9988 -0.0224 0.0432
vn 0.9987 -0.0160 0.0481
vn 0.9989 -0.0076 0.0469
vn 0.9997 -0.0029 0.0235
vn 0.9987 -0.0081 0.0498
vn -0.0680 -0.7063 0.7047
vn -0.0224 -0.5556 0.8312
vn -0.0242 -0.7074 0.7064
vn -0.0070 -0.5556 0.8314
vn -0.0056 -0.7071 0.7071
vn -0.0077 -0.3825 0.9239
vn -0.0567 -0.5542 0.8304
vn -0.0198 -0.3826 0.9237
vn -0.0271 0.1919 0.9810
vn -0.0843 0.3700 0.9252
vn -0.0434 0.3804 0.9238
vn -0.0509 0.1856 0.9813
vn -0.1401 0.3387 0.9304
vn -0.0082 -0.0057 1.0000
vn -0.0757 0.1701 0.9825
vn -0.0090 -0.0038 1.0000
vn -0.0566 0.5541 0.8305
vn -0.1432 0.6917 0.7078
vn -0.0672 0.7059 0.7051
vn -0.1189 0.5416 0.8322
vn -0.2522 0.6445 0.7218
vn -0.2001 0.5019 0.8415
vn -0.0744 0.8298 0.5531
vn -0.1778 0.9069 0.3819
vn -0.0790 0.9215 0.3803
vn -0.1652 0.8153 0.5549
vn -0.3264 0.8591 0.3942
vn -0.2952 0.7679 0.5685
vn -0.0808 0.9779 0.1930
vn -0.1866 0.9824 -0.0018
vn -0.0801 0.9968 -0.0007
vn -0.1858 0.9634 0.1934
vn -0.3498 0.9368 -0.0033
vn -0.3454 0.9172 0.1984
vn -0.0722 0.9216 -0.3813
vn -0.1816 0.9634 -0.1973
vn -0.1704 0.9069 -0.3854
vn -0.3409 0.9170 -0.2069
vn -0.3186 0.8591 -0.4006
vn -0.0771 0.9778 -0.1949
vn -0.0543 0.7062 -0.7059
vn -0.1530 0.8153 -0.5584
vn -0.1296 0.6919 -0.7103
vn -0.2841 0.7665 -0.5760
vn -0.2384 0.6446 -0.7264
vn -0.0638 0.8298 -0.5545
vn -0.0273 0.3812 -0.9241
vn -0.1006 0.5413 -0.8348
vn -0.0667 0.3700 -0.9266
vn -0.1837 0.4998 -0.8464
vn -0.1222 0.3387 -0.9329
vn -0.0408 0.5542 -0.8314
vn 0.0084 -0.0031 -1.0000
vn -0.0289 0.1850 -0.9823
vn 0.0109 -0.0060 -0.9999
vn -0.0560 0.1678 -0.9842
vn 0.0123 -0.0071 -0.9999
vn -0.0082 0.1919 -0.9814
vn 0.0469 -0.3856 -0.9215
vn 0.0514 -0.1960 -0.9793
vn 0.0909 -0.3781 -0.9213
vn 0.0811 -0.1808 -0.9802
vn 0.1478 -0.3486 -0.9256
vn 0.0294 -0.1991 -0.9795
vn 0.0807 -0.7066 -0.7030
vn 0.1276 -0.5452 -0.8286
vn 0.1599 -0.6917 -0.7042
vn 0.2102 -0.5050 -0.8372
vn 0.2663 -0.6448 -0.7164
vn 0.0660 -0.5575 -0.8276
vn 0.1026 -0.9195 -0.3794
vn 0.1864 -0.8121 -0.5529
vn 0.2056 -0.9018 -0.3802
vn 0.3129 -0.7624 -0.5664
vn 0.3480 -0.8518 -0.3916
vn 0.0940 -0.8292 -0.5511
vn 0.1085 -0.9941 0.0005
vn 0.2168 -0.9570 -0.1927
vn 0.2194 -0.9756 0.0020
vn 0.3693 -0.9078 -0.1988
vn 0.3751 -0.9270 0.0036
vn 0.1076 -0.9754 -0.1922
vn 0.1040 -0.9754 0.1943
vn 0.1984 -0.9017 0.3842
vn 0.0956 -0.9198 0.3805
vn 0.2143 -0.9562 0.1995
vn 0.3406 -0.8518 0.3980
vn 0.3704 -0.9069 0.2009
vn 0.0836 -0.8290 0.5530
vn 0.1463 -0.6917 0.7072
vn 0.0678 -0.7071 0.7039
vn 0.1758 -0.8112 0.5578
vn 0.2524 -0.6448 0.7215
vn 0.3047 -0.7624 0.5709
vn 0.0500 -0.5575 0.8287
vn 0.0732 -0.3780 0.9229
vn 0.0304 -0.3862 0.9219
vn 0.1103 -0.5448 0.8313
vn 0.1301 -0.3486 0.9282
vn 0.1945 -0.5044 0.8413
vn 0.0106 -0.1991 0.9799
vn 0.0303 -0.1960 0.9801
vn -0.0079 -0.0051 1.0000
vn 0.0610 -0.1792 0.9819
vn -0.1979 0.2801 0.9393
vn -0.1034 0.1345 0.9855
vn -0.2506 0.1707 0.9529
vn -0.0062 -0.0055 1.0000
vn -0.1291 0.0811 0.9883
vn -0.3757 0.5461 0.7488
vn -0.2918 0.4147 0.8619
vn -0.5049 0.3417 0.7927
vn -0.3820 0.2550 0.8883
vn -0.5095 0.7499 0.4220
vn -0.4527 0.6567 0.6032
vn -0.7319 0.4916 0.4719
vn -0.6336 0.4186 0.6506
vn -0.5587 0.8294 -0.0054
vn -0.5494 0.8065 0.2182
vn -0.8297 0.5582 -0.0080
vn -0.8141 0.5316 0.2337
vn -0.5428 0.8088 -0.2263
vn -0.5014 0.7499 -0.4315
vn -0.8000 0.5403 -0.2608
vn -0.7226 0.4915 -0.4860
vn -0.4391 0.6596 -0.6101
vn -0.3610 0.5460 -0.7560
vn -0.6136 0.4221 -0.6673
vn -0.4895 0.3417 -0.8023
vn -0.2734 0.4175 -0.8666
vn -0.1800 0.2801 -0.9429
vn -0.3607 0.2571 -0.8965
vn -0.2322 0.1707 -0.9576
vn -0.0837 0.1380 -0.9869
vn 0.0135 -0.0061 -0.9999
vn -0.1064 0.0834 -0.9908
vn 0.0173 -0.0047 -0.9998
vn 0.1104 -0.1497 -0.9825
vn 0.2053 -0.2910 -0.9344
vn 0.1405 -0.0948 -0.9855
vn 0.2628 -0.1868 -0.9466
vn 0.2960 -0.4271 -0.8544
vn 0.3800 -0.5535 -0.7411
vn 0.3843 -0.2804 -0.8796
vn 0.5034 -0.3736 -0.7791
vn 0.4534 -0.6645 -0.5940
vn 0.5107 -0.7526 -0.4157
vn 0.6144 -0.4619 -0.6396
vn 0.7081 -0.5377 -0.4577
vn 0.5472 -0.8097 -0.2121
vn 0.5585 -0.8295 0.0053
vn 0.7717 -0.5902 -0.2368
vn 0.7929 -0.6092 0.0078
vn 0.5028 -0.7526 0.4252
vn 0.5480 -0.8042 0.2300
vn 0.6993 -0.5378 0.4709
vn 0.7802 -0.5810 0.2320
vn 0.3658 -0.5534 0.7483
vn 0.4440 -0.6609 0.6051
vn 0.4884 -0.3735 0.7887
vn 0.6092 -0.4637 0.6433
vn 0.1874 -0.2910 0.9382
vn 0.2807 -0.4276 0.8593
vn 0.2444 -0.1869 0.9515
vn 0.3666 -0.2852 0.8856
vn 0.0922 -0.1531 0.9839
vn -0.0056 -0.0080 1.0000
vn 0.1176 -0.0982 0.9882
vn -0.2814 0.0581 0.9578
vn -0.1452 0.0046 0.9894
vn -0.2837 0.0089 0.9589
vn -0.1392 0.0300 0.9898
vn -0.0089 0.0001 1.0000
vn -0.5735 0.1115 0.8116
vn -0.4270 0.0128 0.9041
vn -0.5755 0.0165 0.8177
vn -0.4252 0.0847 0.9011
vn -0.8533 0.1581 0.4968
vn -0.7249 0.0201 0.6886
vn -0.8621 0.0233 0.5062
vn -0.7214 0.1354 0.6791
vn -0.9838 0.1790 -0.0095
vn -0.9632 0.0256 0.2675
vn -0.9996 0.0266 -0.0096
vn -0.9500 0.1722 0.2606
vn -0.9444 0.1735 -0.2794
vn -0.8436 0.1582 -0.5132
vn -0.8522 0.0233 -0.5227
vn -0.9587 0.0232 -0.2835
vn -0.7074 0.1364 -0.6936
vn -0.5580 0.1115 -0.8223
vn -0.5597 0.0165 -0.8285
vn -0.7143 0.0165 -0.6997
vn -0.4082 0.0852 -0.9089
vn -0.2629 0.0581 -0.9631
vn -0.2652 0.0089 -0.9641
vn -0.4115 0.0108 -0.9114
vn -0.1227 0.0297 -0.9920
vn 0.0145 -0.0000 -0.9999
vn 0.0104 0.0002 -0.9999
vn -0.1262 0.0041 -0.9920
vn 0.1508 -0.0318 -0.9881
vn 0.2888 -0.0657 -0.9551
vn 0.2847 -0.0108 -0.9586
vn 0.1476 -0.0041 -0.9890
vn 0.4299 -0.1020 -0.8971
vn 0.5741 -0.1404 -0.8067
vn 0.5762 -0.0240 -0.8170
vn 0.4306 -0.0142 -0.9024
vn 0.7162 -0.1792 -0.6745
vn 0.8437 -0.2147 -0.4920
vn 0.8618 -0.0381 -0.5058
vn 0.7284 -0.0267 -0.6846
vn 0.9355 -0.2406 -0.2586
vn 0.9681 -0.2502 0.0092
vn 0.9989 -0.0453 0.0095
vn 0.9636 -0.0402 -0.2642
vn 0.8340 -0.2146 0.5083
vn 0.9574 -0.0433 0.2856
vn 0.8520 -0.0382 0.5221
vn 0.9325 -0.2314 0.2773
vn 0.5585 -0.1405 0.8175
vn 0.7117 -0.0312 0.7018
vn 0.5603 -0.0240 0.8280
vn 0.7081 -0.1714 0.6850
vn 0.2706 -0.0657 0.9605
vn 0.4106 -0.0171 0.9116
vn 0.2665 -0.0108 0.9638
vn 0.4186 -0.0981 0.9029
vn -0.0012 -0.0039 1.0000
vn 0.1273 -0.0050 0.9919
vn 0.1361 -0.0306 0.9902
vn -0.1437 -0.0000 0.9896
vn -0.2810 -0.0000 0.9597
vn -0.2837 -0.0089 0.9589
vn -0.0092 -0.0000 1.0000
vn -0.1451 -0.0043 0.9894
vn -0.4229 -0.0000 0.9062
vn -0.5709 -0.0000 0.8210
vn -0.5755 -0.0165 0.8176
vn -0.4289 -0.0105 0.9033
vn -0.7209 -0.0000 0.6930
vn -0.8596 -0.0000 0.5110
vn -0.8621 -0.0233 0.5062
vn -0.7274 -0.0167 0.6860
vn -0.9626 -0.0000 0.2711
vn -1.0000 -0.0000 -0.0097
vn -0.9996 -0.0266 -0.0096
vn -0.9639 -0.0232 0.2651
vn -0.8496 -0.0000 -0.5275
vn -0.9579 -0.0256 -0.2860
vn -0.8522 -0.0233 -0.5227
vn -0.9581 0.0027 -0.2866
vn -0.5554 -0.0000 -0.8316
vn -0.7115 -0.0201 -0.7024
vn -0.5597 -0.0165 -0.8285
vn -0.7101 0.0039 -0.7041
vn -0.2622 -0.0000 -0.9650
vn -0.4096 -0.0128 -0.9122
vn -0.2653 -0.0089 -0.9641
vn -0.4077 0.0022 -0.9131
vn 0.0100 -0.0000 -1.0000
vn -0.1259 -0.0046 -0.9920
vn 0.0103 -0.0001 -0.9999
vn -0.1253 0.0006 -0.9921
vn 0.2813 -0.0000 -0.9596
vn 0.1463 0.0050 -0.9892
vn 0.2847 0.0108 -0.9586
vn 0.1450 -0.0009 -0.9894
vn 0.5714 -0.0000 -0.8207
vn 0.4279 0.0171 -0.9037
vn 0.5761 0.0240 -0.8170
vn 0.4261 -0.0025 -0.9047
vn 0.8598 -0.0000 -0.5107
vn 0.7250 0.0312 -0.6880
vn 0.8618 0.0381 -0.5058
vn 0.7243 -0.0044 -0.6895
vn 1.0000 -0.0000 0.0095
vn 0.9627 0.0433 -0.2671
vn 0.9989 0.0453 0.0095
vn 0.9635 -0.0028 -0.2679
vn 0.9573 -0.0000 0.2892
vn 0.8499 -0.0000 0.5270
vn 0.8520 0.0382 0.5221
vn 0.9583 0.0402 0.2828
vn 0.7077 -0.0000 0.7065
vn 0.5555 -0.0000 0.8315
vn 0.5602 0.0240 0.8280
vn 0.7149 0.0267 0.6987
vn 0.4062 -0.0000 0.9138
vn 0.2631 -0.0000 0.9648
vn 0.2666 0.0108 0.9638
vn 0.4132 0.0143 0.9105
vn 0.1252 -0.0000 0.9921
vn -0.0083 -0.0006 1.0000
vn 0.1285 0.0041 0.9917
vn -0.2814 -0.0580 0.9578
vn -0.1251 -0.0834 0.9886
vn -0.2507 -0.1707 0.9529
vn -0.1416 -0.0270 0.9896
vn -0.0016 0.0049 1.0000
vn -0.5736 -0.1115 0.8115
vn -0.3778 -0.2571 0.8895
vn -0.5050 -0.3417 0.7926
vn -0.4260 -0.0849 0.9007
vn -0.8534 -0.1581 0.4967
vn -0.6266 -0.4220 0.6552
vn -0.7320 -0.4915 0.4719
vn -0.7212 -0.1373 0.6790
vn -0.9838 -0.1788 -0.0094
vn -0.8049 -0.5403 0.2454
vn -0.8297 -0.5582 -0.0078
vn -0.9499 -0.1740 0.2597
vn -0.9444 -0.1735 -0.2794
vn -0.8436 -0.1582 -0.5132
vn -0.7225 -0.4915 -0.4862
vn -0.8102 -0.5306 -0.2493
vn -0.7073 -0.1364 -0.6936
vn -0.5580 -0.1115 -0.8223
vn -0.4896 -0.3417 -0.8022
vn -0.6221 -0.4166 -0.6629
vn -0.4083 -0.0852 -0.9089
vn -0.2630 -0.0581 -0.9631
vn -0.2322 -0.1707 -0.9576
vn -0.3658 -0.2531 -0.8956
vn -0.1227 -0.0297 -0.9920
vn 0.0175 0.0048 -0.9998
vn -0.1106 -0.0791 -0.9907
vn 0.1509 0.0318 -0.9880
vn 0.2889 0.0657 -0.9551
vn 0.2629 0.1869 -0.9466
vn 0.1365 0.1005 -0.9855
vn 0.4299 0.1020 -0.8971
vn 0.5740 0.1404 -0.8067
vn 0.5034 0.3736 -0.7791
vn 0.3847 0.2863 -0.8775
vn 0.7162 0.1792 -0.6746
vn 0.8437 0.2147 -0.4920
vn 0.7081 0.5377 -0.4576
vn 0.6236 0.4625 -0.6303
vn 0.9356 0.2405 -0.2586
vn 0.9682 0.2502 0.0091
vn 0.7930 0.6092 0.0076
vn 0.7866 0.5783 -0.2164
vn 0.8340 0.2146 0.5082
vn 0.7671 0.5902 0.2516
vn 0.6993 0.5378 0.4709
vn 0.9334 0.2396 0.2672
vn 0.5584 0.1405 0.8176
vn 0.6021 0.4620 0.6512
vn 0.4882 0.3735 0.7887
vn 0.7078 0.1853 0.6817
vn 0.2707 0.0657 0.9604
vn 0.3672 0.2805 0.8868
vn 0.2446 0.1869 0.9514
vn 0.4159 0.1088 0.9029
vn -0.0003 0.0026 1.0000
vn 0.1213 0.0948 0.9881
vn 0.1329 0.0361 0.9905
vn -0.1026 -0.1380 0.9851
vn -0.1979 -0.2801 0.9393
vn -0.0748 -0.1677 0.9830
vn -0.1402 -0.3388 0.9304
vn -0.0068 0.0072 1.0000
vn -0.0049 0.0086 1.0000
vn -0.2900 -0.4176 0.8611
vn -0.3757 -0.5461 0.7488
vn -0.2000 -0.4998 0.8427
vn -0.2523 -0.6445 0.7218
vn -0.4508 -0.6595 0.6016
vn -0.5097 -0.7499 0.4217
vn -0.2950 -0.7664 0.5706
vn -0.3264 -0.8592 0.3939
vn -0.5471 -0.8088 0.2155
vn -0.5586 -0.8294 -0.0054
vn -0.3448 -0.9171 0.2003
vn -0.3497 -0.9369 -0.0032
vn -0.5015 -0.7499 -0.4314
vn -0.5453 -0.8063 -0.2291
vn -0.3187 -0.8591 -0.4003
vn -0.3416 -0.9172 -0.2051
vn -0.3610 -0.5461 -0.7559
vn -0.4420 -0.6563 -0.6114
vn -0.2384 -0.6446 -0.7264
vn -0.2842 -0.7679 -0.5741
vn -0.1802 -0.2801 -0.9429
vn -0.2758 -0.4146 -0.8672
vn -0.1223 -0.3386 -0.9329
vn -0.1843 -0.5021 -0.8450
vn 0.0135 0.0062 -0.9999
vn -0.0851 -0.1342 -0.9873
vn 0.0123 0.0071 -0.9999
vn -0.0572 -0.1705 -0.9837
vn 0.2051 0.2909 -0.9345
vn 0.1106 0.1536 -0.9819
vn 0.1477 0.3485 -0.9256
vn 0.0796 0.1791 -0.9806
vn 0.3801 0.5536 -0.7410
vn 0.2972 0.4281 -0.8535
vn 0.2664 0.6449 -0.7164
vn 0.2105 0.5043 -0.8375
vn 0.5107 0.7526 -0.4156
vn 0.4560 0.6604 -0.5965
vn 0.3480 0.8518 -0.3915
vn 0.3160 0.7625 -0.5646
vn 0.5585 0.8295 0.0053
vn 0.5521 0.8044 -0.2194
vn 0.3752 0.9269 0.0035
vn 0.3746 0.9067 -0.1939
vn 0.5431 0.8097 0.2223
vn 0.5028 0.7525 0.4253
vn 0.3653 0.9079 0.2056
vn 0.3406 0.8517 0.3982
vn 0.4420 0.6644 0.6026
vn 0.3658 0.5536 0.7481
vn 0.3021 0.7624 0.5723
vn 0.2525 0.6448 0.7215
vn 0.2795 0.4271 0.8599
vn 0.1872 0.2910 0.9382
vn 0.1944 0.5051 0.8409
vn 0.1300 0.3485 0.9282
vn 0.0914 0.1498 0.9845
vn 0.0622 0.1808 0.9815
vn -0.0478 -0.1851 0.9816
vn -0.0844 -0.3700 0.9252
vn -0.0274 -0.1919 0.9810
vn -0.0441 -0.3827 0.9228
vn -0.0092 0.0038 1.0000
vn -0.0104 0.0063 0.9999
vn -0.1166 -0.5414 0.8326
vn -0.1433 -0.6917 0.7078
vn -0.1636 -0.8152 0.5557
vn -0.1778 -0.9071 0.3815
vn -0.0746 -0.8299 0.5529
vn -0.0790 -0.9216 0.3801
vn -0.1853 -0.9634 0.1939
vn -0.1867 -0.9824 -0.0018
vn -0.0808 -0.9779 0.1930
vn -0.0801 -0.9968 -0.0007
vn -0.1704 -0.9070 -0.3851
vn -0.1817 -0.9635 -0.1967
vn -0.0717 -0.9215 -0.3817
vn -0.0771 -0.9779 -0.1946
vn -0.1296 -0.6917 -0.7105
vn -0.1545 -0.8155 -0.5577
vn -0.0537 -0.7058 -0.7064
vn -0.0633 -0.8302 -0.5538
vn -0.0666 -0.3700 -0.9266
vn -0.1030 -0.5419 -0.8341
vn -0.0257 -0.3805 -0.9244
vn -0.0401 -0.5550 -0.8309
vn 0.0110 0.0060 -0.9999
vn -0.0319 -0.1856 -0.9821
vn 0.0101 0.0039 -0.9999
vn -0.0076 -0.1934 -0.9811
vn 0.0910 0.3780 -0.9213
vn 0.0486 0.1957 -0.9795
vn 0.0481 0.3861 -0.9212
vn 0.0302 0.1976 -0.9798
vn 0.1600 0.6918 -0.7042
vn 0.1262 0.5448 -0.8290
vn 0.0813 0.7072 -0.7023
vn 0.0663 0.5568 -0.8280
vn 0.2056 0.9018 -0.3800
vn 0.1865 0.8111 -0.5544
vn 0.1028 0.9198 -0.3786
vn 0.0949 0.8289 -0.5513
vn 0.2194 0.9756 0.0020
vn 0.2184 0.9562 -0.1950
vn 0.1080 0.9941 0.0011
vn 0.1082 0.9754 -0.1919
vn 0.2131 0.9569 0.1971
vn 0.1984 0.9018 0.3840
vn 0.1041 0.9754 0.1945
vn 0.0955 0.9199 0.3805
vn 0.1756 0.8122 0.5563
vn 0.1464 0.6918 0.7071
vn 0.0833 0.8293 0.5526
vn 0.0678 0.7071 0.7039
vn 0.1117 0.5453 0.8308
vn 0.0732 0.3778 0.9230
vn 0.0499 0.5575 0.8287
vn 0.0305 0.3862 0.9219
vn 0.0325 0.1961 0.9800
vn 0.0104 0.1992 0.9799
vn 0.9997 -0.0000 0.0235
vn 0.9988 -0.0075 0.0475
vn 0.9997 -0.0027 0.0229
vn 0.9989 -0.0148 0.0449
vn 0.9987 -0.0081 0.0497
vn 0.9989 -0.0212 0.0412
vn 0.9990 -0.0266 0.0364
vn 0.9988 -0.0222 0.0430
vn 0.9987 -0.0155 0.0481
vn 0.9990 -0.0320 0.0310
vn 0.9998 -0.0119 0.0171
vn 0.9991 -0.0349 0.0240
vn 0.9989 -0.0333 0.0320
vn 0.9998 -0.0127 0.0149
vn 0.9988 -0.0301 0.0398
vn 0.9991 -0.0376 0.0171
vn 0.9998 -0.0144 0.0097
vn 0.9992 -0.0378 0.0097
vn 0.9990 -0.0408 0.0177
vn 0.9989 -0.0391 0.0257
vn 0.9999 -0.0141 0.0067
vn 0.9999 -0.0126 0.0044
vn 0.9994 -0.0354 -0.0051
vn 0.9992 -0.0402 0.0012
vn 0.9991 -0.0411 0.0096
vn 0.9999 -0.0120 0.0017
vn 0.9995 -0.0268 -0.0171
vn 0.9994 -0.0287 -0.0190
vn 0.9993 -0.0343 -0.0133
vn 0.9995 -0.0211 -0.0222
vn 1.0000 -0.0054 -0.0034
vn 0.9996 -0.0142 -0.0249
vn 0.9995 -0.0159 -0.0280
vn 0.9994 -0.0237 -0.0255
vn 1.0000 -0.0025 -0.0038
vn 0.9996 -0.0075 -0.0288
vn 1.0000 -0.0000 -0.0043
vn 0.9996 -0.0000 -0.0279
vn 0.9995 -0.0000 -0.0318
vn 0.9995 -0.0086 -0.0320
vn 0.9996 0.0075 -0.0288
vn 1.0000 0.0021 -0.0038
vn 0.9996 0.0141 -0.0248
vn 0.9995 0.0082 -0.0315
vn 1.0000 0.0056 -0.0029
vn 0.9995 0.0212 -0.0222
vn 0.9995 0.0270 -0.0173
vn 1.0000 0.0097 -0.0005
vn 0.9995 0.0163 -0.0283
vn 0.9994 0.0312 -0.0113
vn 0.9999 0.0121 0.0020
vn 0.9993 0.0358 -0.0051
vn 0.9993 0.0343 -0.0133
vn 0.9999 0.0120 0.0042
vn 0.9993 0.0370 0.0022
vn 0.9999 0.0143 0.0073
vn 0.9992 0.0407 0.0019
vn 0.9999 0.0144 0.0091
vn 0.9993 0.0375 -0.0068
vn 0.9992 0.0371 0.0170
vn 0.9991 0.0349 0.0240
vn 0.9998 0.0136 0.0124
vn 0.9989 0.0390 0.0257
vn 0.9998 0.0119 0.0175
vn 0.9990 0.0267 0.0364
vn 0.9988 0.0305 0.0396
vn 0.9989 0.0333 0.0320
vn 0.9997 0.0080 0.0211
vn 0.9989 0.0211 0.0412
vn 0.9989 0.0147 0.0452
vn 0.9987 0.0159 0.0478
vn 0.9988 0.0222 0.0430
vn 0.9997 0.0027 0.0229
vn 0.9988 0.0075 0.0475
vn 0.0091 -0.9807 0.1951
vn 0.0325 -0.9237 0.3816
vn 0.0066 -0.9238 0.3827
vn 0.0366 -0.9802 0.1948
vn 0.0397 -0.9992 0.0004
vn 0.0112 -0.9999 0.0001
vn -0.0015 -0.3821 -0.9241
vn -0.0069 -0.5557 -0.8313
vn 0.0100 -0.3828 -0.9238
vn -0.0105 -0.7072 -0.7070
vn 0.0091 -0.5555 -0.8315
vn -0.0070 0.5556 0.8314
vn -0.0242 0.7075 0.7063
vn -0.0056 0.7071 0.7071
vn -0.0229 0.5560 0.8309
vn -0.0192 0.3820 0.9240
vn -0.0077 0.3824 0.9239
vn -0.0024 0.1973 0.9803
vn -0.0091 0.0019 1.0000
vn -0.0059 0.1954 0.9807
vn -0.0073 -0.0000 1.0000
vn -0.0040 0.3831 0.9237
vn 0.0043 0.3846 0.9231
vn 0.0080 0.7071 -0.7070
vn -0.0143 0.8317 -0.5551
vn -0.0107 0.7076 -0.7065
vn 0.0069 0.8315 -0.5555
vn -0.0173 0.9240 -0.3821
vn 0.0002 0.9808 0.1951
vn -0.0220 0.9998 -0.0002
vn 0.0021 1.0000 -0.0000
vn -0.0237 0.9807 0.1943
vn -0.0247 0.9240 0.3817
vn -0.0018 0.9239 0.3826
vn 0.0398 0.9237 -0.3810
vn 0.0369 0.8320 -0.5535
vn 0.0140 0.9240 -0.3822
vn 0.0335 0.7086 -0.7048
vn 0.0145 0.8316 -0.5552
vn 0.0146 -0.7073 -0.7068
vn 0.0284 -0.5577 -0.8296
vn 0.0334 -0.7086 -0.7048
vn 0.0143 -0.5559 -0.8311
vn 0.0219 -0.3846 -0.9228
vn 0.0119 -0.0005 -0.9999
vn 0.0041 0.1939 -0.9810
vn 0.0100 -0.0016 -0.9999
vn 0.0110 0.1950 -0.9807
vn -0.0021 0.3825 -0.9240
vn 0.0039 -0.8316 0.5554
vn 0.0199 -0.7085 0.7054
vn 0.0012 -0.7077 0.7065
vn 0.0267 -0.8321 0.5540
vn -0.0147 -0.8317 -0.5550
vn 0.0080 -0.7071 -0.7070
vn -0.0174 -0.9240 -0.3821
vn 0.0071 -0.8317 -0.5552
vn -0.0200 -0.9806 -0.1949
vn 0.0056 -0.9239 -0.3825
vn -0.0221 -0.9998 -0.0002
vn 0.0039 -0.9807 -0.1955
vn 0.0406 -0.9802 -0.1937
vn 0.0129 -0.9808 -0.1948
vn 0.0398 -0.9237 -0.3810
vn 0.0124 0.5574 0.8301
vn -0.0017 0.5558 0.8313
vn 0.0010 0.7072 0.7070
vn 0.0199 0.7082 0.7057
vn -0.0078 0.1949 0.9808
vn -0.0156 0.1942 0.9808
vn -0.0090 -0.0020 1.0000
vn -0.0059 -0.1954 0.9807
vn -0.0030 -0.1969 0.9804
vn 0.0049 -0.3848 0.9230
vn -0.0040 -0.3830 0.9237
vn -0.0250 -0.8315 0.5549
vn -0.0247 -0.9240 0.3817
vn -0.0038 -0.8315 0.5556
vn -0.0017 -0.9240 0.3825
vn 0.0277 0.5573 -0.8298
vn 0.0149 0.7072 -0.7069
vn 0.0227 0.3850 -0.9226
vn 0.0143 0.5559 -0.8311
vn 0.0156 0.1970 -0.9803
vn 0.0137 0.3830 -0.9237
vn 0.0101 0.0018 -0.9999
vn 0.0132 0.1953 -0.9807
vn -0.0038 0.8314 0.5557
vn -0.0249 0.8317 0.5546
vn 0.0100 0.3827 -0.9238
vn -0.0065 0.5558 -0.8313
vn 0.0091 0.5555 -0.8315
vn 0.0267 0.8320 0.5542
vn 0.0039 0.8317 0.5553
vn 0.0067 0.9239 0.3825
vn 0.0325 0.9237 0.3816
vn 0.0369 0.9802 0.1948
vn 0.0092 0.9807 0.1952
vn 0.0113 0.9999 0.0001
vn 0.0397 0.9992 0.0004
vn -0.0237 -0.9806 0.1945
vn 0.0003 -0.9807 0.1953
vn 0.0022 -1.0000 -0.0000
vn 0.0139 -0.9239 -0.3824
vn 0.0374 -0.8321 -0.5534
vn 0.0144 -0.8315 -0.5554
vn -0.0017 -0.5558 0.8313
vn 0.0119 -0.5571 0.8304
vn 0.0002 0.7067 0.7075
vn -0.0069 0.5550 0.8318
vn -0.0011 0.5552 0.8317
vn -0.0018 0.3821 0.9241
vn -0.0078 0.5551 0.8317
vn -0.0078 0.3823 0.9240
vn -0.0062 0.7069 0.7072
vn -0.0058 0.7067 0.7075
vn 0.0031 -0.1944 -0.9809
vn 0.0119 0.0004 -0.9999
vn 0.0110 -0.1950 -0.9807
vn 0.0055 0.9239 -0.3826
vn -0.0201 0.9806 -0.1949
vn 0.0039 0.9808 -0.1950
vn -0.0148 -0.1938 0.9809
vn -0.0078 -0.1949 0.9808
vn 0.0137 -0.3832 -0.9236
vn 0.0164 -0.1974 -0.9802
vn 0.0128 -0.1953 -0.9807
vn 0.0406 0.9802 -0.1940
vn 0.0129 0.9807 -0.1949
vn -0.0019 -0.3822 0.9241
vn -0.0068 -0.5550 0.8318
vn -0.0010 -0.5551 0.8318
vn 0.0001 -0.7066 0.7076
vn -0.0077 -0.5551 0.8318
vn -0.0056 -0.7067 0.7075
vn -0.0078 -0.3823 0.9240
vn 0.0158 0.3822 -0.9239
vn 0.0092 0.5551 -0.8317
vn 0.0149 0.5551 -0.8317
vn 0.0078 0.7067 -0.7075
vn 0.0137 0.7065 -0.7075
vn 0.0083 0.5551 -0.8317
vn 0.0100 0.3823 -0.9240
vn -0.0078 0.3824 0.9240
vn -0.0026 0.1948 0.9808
vn -0.0018 0.3823 0.9240
vn -0.0084 -0.0000 1.0000
vn -0.0029 -0.0000 1.0000
vn -0.0082 0.1949 0.9808
vn -0.0095 -0.0000 1.0000
vn -0.0087 0.3823 0.9240
vn 0.0032 0.9237 0.3831
vn -0.0044 0.8313 0.5558
vn 0.0018 0.8312 0.5560
vn -0.0033 0.9237 0.3830
vn -0.0026 0.9238 0.3830
vn -0.0043 0.8312 0.5559
vn -0.0055 0.7069 0.7073
vn 0.0003 0.7066 0.7076
vn -0.0066 0.7067 0.7075
vn 0.0048 0.9237 -0.3831
vn 0.0089 0.9807 -0.1953
vn 0.0107 0.9237 -0.3830
vn 0.0011 1.0000 -0.0000
vn 0.0068 1.0000 0.0001
vn 0.0021 0.9807 -0.1953
vn 0.0029 0.9807 -0.1953
vn -0.0025 -0.1949 0.9808
vn -0.0078 -0.3824 0.9240
vn -0.0022 -0.3823 0.9240
vn -0.0082 -0.1949 0.9808
vn -0.0087 -0.3823 0.9240
vn 0.0100 -0.3823 -0.9240
vn 0.0162 -0.1949 -0.9807
vn 0.0157 -0.3824 -0.9238
vn 0.0107 -0.0000 -0.9999
vn 0.0163 -0.0000 -0.9999
vn 0.0104 -0.1948 -0.9808
vn 0.0099 -0.0000 -1.0000
vn 0.0096 -0.1949 -0.9808
vn 0.0136 -0.7067 -0.7074
vn 0.0090 -0.5552 -0.8317
vn 0.0151 -0.5551 -0.8317
vn 0.0100 -0.3821 -0.9241
vn 0.0159 -0.3822 -0.9239
vn 0.0081 -0.5552 -0.8317
vn 0.0070 -0.7067 -0.7075
vn 0.0078 -0.7068 -0.7074
vn -0.0026 -0.9237 0.3830
vn 0.0053 -0.9806 0.1957
vn 0.0033 -0.9238 0.3828
vn 0.0012 -1.0000 -0.0000
vn 0.0068 -1.0000 0.0001
vn -0.0005 -0.9808 0.1952
vn 0.0003 -1.0000 0.0001
vn -0.0016 -0.9807 0.1955
vn 0.0122 0.8312 -0.5558
vn 0.0048 0.9237 -0.3830
vn 0.0106 0.9237 -0.3830
vn 0.0064 0.8312 -0.5559
vn 0.0040 0.9237 -0.3830
vn 0.0071 0.7067 -0.7074
vn -0.0069 -0.5550 0.8318
vn 0.0002 -0.7067 0.7075
vn -0.0066 -0.7067 0.7075
vn -0.0058 -0.7067 0.7075
vn -0.0078 -0.5551 0.8317
vn -0.0010 0.5552 0.8317
vn -0.0069 0.5551 0.8318
vn -0.0077 0.5551 0.8318
vn 0.0011 -1.0000 -0.0000
vn 0.0089 -0.9807 -0.1953
vn 0.0048 -0.9237 -0.3831
vn 0.0107 -0.9237 -0.3830
vn 0.0021 -0.9807 -0.1953
vn 0.0029 -0.9807 -0.1953
vn 0.0018 -0.8312 0.5560
vn -0.0040 -0.8311 0.5561
vn 0.0032 -0.9237 0.3831
vn -0.0033 -0.9237 0.3830
vn -0.0026 -0.9238 0.3830
vn 0.0164 0.1949 -0.9807
vn 0.0105 0.1949 -0.9808
vn 0.0091 0.3822 -0.9240
vn 0.0050 0.9807 0.1954
vn -0.0017 0.9808 0.1950
vn -0.0009 0.9807 0.1957
vn 0.0003 1.0000 0.0001
vn 0.0010 1.0000 -0.0000
vn 0.0050 0.9807 0.1953
vn 0.0073 1.0000 0.0001
vn -0.0016 0.9808 0.1951
vn -0.0008 0.9807 0.1954
vn 0.0001 1.0000 0.0002
vn 0.0164 0.1951 -0.9807
vn 0.0100 0.3822 -0.9240
vn 0.0160 0.3826 -0.9238
vn 0.0104 0.1948 -0.9808
vn 0.0090 0.3821 -0.9241
vn 0.0089 -0.9807 -0.1952
vn 0.0106 -0.9238 -0.3828
vn 0.0021 -0.9807 -0.1954
vn 0.0078 0.7068 -0.7074
vn 0.0123 0.8313 -0.5558
vn 0.0136 0.7067 -0.7074
vn 0.0057 0.8311 -0.5561
vn 0.0070 0.7067 -0.7075
vn -0.0028 -0.0000 1.0000
vn -0.0093 -0.1950 0.9808
vn -0.0082 -0.1950 0.9808
vn -0.0024 0.1949 0.9808
vn 0.0079 -0.7067 -0.7075
vn 0.0149 -0.5550 -0.8317
vn 0.0136 -0.7066 -0.7075
vn 0.0092 -0.5551 -0.8317
vn 0.0091 -0.3823 -0.9240
vn 0.0083 -0.5551 -0.8318
vn 0.0053 -0.9807 0.1954
vn -0.0008 -0.9807 0.1954
vn -0.0016 -0.9807 0.1953
vn 0.0090 0.5551 -0.8317
vn 0.0151 0.5550 -0.8317
vn 0.0081 0.5552 -0.8317
vn 0.0016 -0.8312 0.5560
vn -0.0042 -0.8313 0.5559
vn -0.0034 -0.9237 0.3831
vn -0.0064 -0.7071 0.7071
vn 0.0105 -0.1948 -0.9808
vn 0.0161 -0.1949 -0.9807
vn 0.0090 -0.3821 -0.9241
vn 0.0065 -0.8312 -0.5559
vn 0.0123 -0.8312 -0.5559
vn 0.0071 -0.7067 -0.7074
vn 0.0039 -0.9237 -0.3831
vn 0.0125 -0.8310 -0.5561
vn 0.0064 -0.8312 -0.5559
vn 0.0057 -0.8311 -0.5561
vn 0.0088 0.9808 -0.1949
vn 0.0021 0.9808 -0.1951
vn 0.9747 0.0812 0.2081
vn 0.9989 0.0215 0.0413
vn 0.9747 0.1210 0.1880
vn 0.8068 0.4144 0.4211
vn 0.9753 0.1500 0.1619
vn 0.8146 0.3065 0.4925
vn 0.8067 0.2236 0.5471
vn 0.5524 0.4610 0.6945
vn 0.2486 0.6833 0.6865
vn 0.5611 0.5784 0.5921
vn 0.5531 0.3166 0.7706
vn 0.2507 0.5288 0.8109
vn 0.2437 0.3715 0.8959
vn 0.0195 0.5551 0.8316
vn 0.0209 0.7066 0.7073
vn 0.0169 0.3826 0.9237
vn 0.9773 0.1987 -0.0728
vn 0.9775 0.1536 -0.1445
vn 0.8144 0.4864 -0.3164
vn 0.9787 0.1748 -0.1075
vn 0.5638 0.7649 -0.3114
vn 0.8216 0.5241 -0.2243
vn 0.5678 0.5854 -0.5786
vn 0.8250 0.4152 -0.3834
vn 0.2581 0.8044 -0.5352
vn 0.5753 0.6826 -0.4507
vn 0.2573 0.8936 -0.3677
vn 0.0327 0.9236 -0.3819
vn 0.0331 0.8309 -0.5555
vn 0.2725 0.6890 -0.6716
vn 0.0344 0.7065 -0.7069
vn 0.9782 -0.1195 -0.1700
vn 0.9776 -0.1534 -0.1443
vn 0.8143 -0.4143 -0.4066
vn 0.8150 -0.2231 -0.5349
vn 0.9790 -0.0842 -0.1859
vn 0.5651 -0.4605 -0.6845
vn 0.8350 -0.3123 -0.4531
vn 0.5661 -0.5854 -0.5804
vn 0.2565 -0.6840 -0.6829
vn 0.2613 -0.3692 -0.8919
vn 0.5736 -0.3219 -0.7532
vn 0.0323 -0.5550 -0.8312
vn 0.2761 -0.5352 -0.7983
vn 0.0315 -0.7065 -0.7070
vn 0.0332 -0.3819 -0.9236
vn 0.9757 -0.1778 0.1284
vn 0.8084 -0.4863 0.3318
vn 0.9752 -0.1532 0.1596
vn 0.8095 -0.5398 0.2310
vn 0.9757 -0.1983 0.0934
vn 0.5587 -0.7643 0.3220
vn 0.5537 -0.6886 0.4682
vn 0.8159 -0.4134 0.4042
vn 0.2462 -0.6836 0.6871
vn 0.5598 -0.5833 0.5886
vn 0.2457 -0.8950 0.3724
vn 0.0223 -0.9234 0.3831
vn 0.2683 -0.7991 0.5380
vn 0.0208 -0.8309 0.5560
vn 0.0184 -0.7065 0.7075
vn 0.0155 0.1950 0.9807
vn 0.0149 0.0001 0.9999
vn 0.2393 -0.0002 0.9709
vn 0.2514 0.1808 0.9508
vn 0.5574 0.1627 0.8141
vn 0.8049 0.1133 0.5825
vn 0.5550 -0.0043 0.8319
vn 0.9740 0.0422 0.2227
vn 0.9739 -0.0000 0.2269
vn 0.8158 -0.0207 0.5779
vn 0.0168 -0.3824 0.9238
vn 0.0189 -0.5551 0.8316
vn 0.2493 -0.5381 0.8051
vn 0.0206 -0.7064 0.7075
vn 0.2433 -0.3722 0.8957
vn 0.5509 -0.3173 0.7719
vn 0.5578 -0.4569 0.6929
vn 0.2578 -0.6904 0.6760
vn 0.8050 -0.3267 0.4951
vn 0.5623 -0.5869 0.5826
vn 0.9750 -0.0817 0.2068
vn 0.8169 -0.2012 0.5406
vn 0.9748 -0.1183 0.1891
vn 0.8156 -0.4163 0.4018
vn 0.9749 -0.1533 0.1612
vn 0.0334 -0.8310 -0.5553
vn 0.0343 -0.7066 -0.7068
vn 0.2592 -0.6840 -0.6818
vn 0.0326 -0.9235 -0.3823
vn 0.2694 -0.7959 -0.5422
vn 0.2564 -0.8940 -0.3674
vn 0.5659 -0.6879 -0.4544
vn 0.5692 -0.5849 -0.5779
vn 0.8155 -0.4137 -0.4048
vn 0.5647 -0.7644 -0.3112
vn 0.8223 -0.4670 -0.3251
vn 0.9774 -0.1984 -0.0732
vn 0.8248 -0.5310 -0.1941
vn 0.9778 -0.1791 -0.1089
vn 0.9779 -0.1509 -0.1447
vn 0.0323 0.5551 -0.8311
vn 0.0317 0.7066 -0.7069
vn 0.2566 0.6839 -0.6830
vn 0.0324 0.3821 -0.9236
vn 0.2672 0.5430 -0.7961
vn 0.5676 0.3168 -0.7599
vn 0.2718 0.3594 -0.8927
vn 0.5678 0.4574 -0.6844
vn 0.8149 0.3259 -0.4793
vn 0.5696 0.5864 -0.5759
vn 0.8128 0.2245 -0.5376
vn 0.9783 0.1193 -0.1695
vn 0.8232 0.4159 -0.3866
vn 0.9780 0.1536 -0.1408
vn 0.9786 0.0802 -0.1897
vn 0.0220 0.9236 0.3828
vn 0.0203 0.8308 0.5562
vn 0.2456 0.6836 0.6873
vn 0.0182 0.7065 0.7075
vn 0.2555 0.7953 0.5497
vn 0.2465 0.8947 0.3724
vn 0.5537 0.6901 0.4660
vn 0.8067 0.4144 0.4213
vn 0.5575 0.5821 0.5919
vn 0.5602 0.7633 0.3218
vn 0.8164 0.4681 0.3382
vn 0.8096 0.5397 0.2309
vn 0.9756 0.1779 0.1286
vn 0.9754 0.1498 0.1619
vn 0.9757 0.1997 0.0897
vn 0.9741 -0.0000 0.2262
vn 0.8050 -0.1152 0.5820
vn 0.9756 -0.0415 0.2154
vn 0.5538 -0.1617 0.8168
vn 0.5515 -0.0000 0.8342
vn 0.8177 -0.0209 0.5752
vn 0.2407 -0.1893 0.9520
vn 0.0152 -0.1942 0.9808
vn 0.2472 -0.0090 0.9689
vn 0.0148 -0.0015 0.9999
vn 0.9757 0.1774 0.1285
vn 0.8078 0.5415 0.2331
vn 0.9758 0.1978 0.0929
vn 0.8190 0.4648 0.3364
vn 0.5538 0.6897 0.4665
vn 0.5570 0.7652 0.3229
vn 0.2500 0.8937 0.3725
vn 0.2584 0.7941 0.5501
vn 0.0235 0.8310 0.5557
vn 0.0256 0.9234 0.3830
vn 0.9784 0.0824 -0.1895
vn 0.8141 0.3269 -0.4800
vn 0.9797 0.1157 -0.1635
vn 0.5648 0.4613 -0.6843
vn 0.5702 0.3160 -0.7583
vn 0.8283 0.2360 -0.5082
vn 0.2639 0.3699 -0.8908
vn 0.2774 0.5341 -0.7986
vn 0.0346 0.5551 -0.8311
vn 0.0343 0.3824 -0.9234
vn 0.9775 -0.1796 -0.1107
vn 0.9773 -0.1988 -0.0732
vn 0.8135 -0.4866 -0.3184
vn 0.5658 -0.7637 -0.3110
vn 0.8253 -0.5182 -0.2243
vn 0.5670 -0.6886 -0.4520
vn 0.2540 -0.8943 -0.3684
vn 0.2687 -0.7953 -0.5434
vn 0.0307 -0.8310 -0.5555
vn 0.0297 -0.9233 -0.3829
vn 0.9748 -0.0817 0.2074
vn 0.9748 -0.1185 0.1890
vn 0.8055 -0.2242 0.5485
vn 0.8246 -0.3082 0.4745
vn 0.5556 -0.4587 0.6935
vn 0.2444 -0.5374 0.8071
vn 0.5528 -0.3166 0.7708
vn 0.0155 -0.3823 0.9239
vn 0.2481 -0.3737 0.8938
vn 0.0174 -0.5551 0.8316
vn 0.0231 -0.8311 0.5557
vn 0.2460 -0.8066 0.5374
vn 0.0258 -0.9234 0.3829
vn 0.5525 -0.6903 0.4670
vn 0.5582 -0.7643 0.3228
vn 0.2573 -0.8956 0.3629
vn 0.8085 -0.4857 0.3323
vn 0.9757 -0.1777 0.1285
vn 0.8169 -0.5352 0.2150
vn 0.9756 -0.2000 0.0900
vn 0.0341 -0.5551 -0.8311
vn 0.0343 -0.3824 -0.9233
vn 0.2629 -0.3698 -0.8912
vn 0.2716 -0.5266 -0.8056
vn 0.5669 -0.4605 -0.6830
vn 0.5699 -0.3155 -0.7587
vn 0.8146 -0.3256 -0.4800
vn 0.9782 -0.1194 -0.1700
vn 0.9779 -0.0834 -0.1919
vn 0.8234 -0.2029 -0.5299
vn 0.0310 0.8309 -0.5555
vn 0.0289 0.9233 -0.3830
vn 0.2563 0.8936 -0.3684
vn 0.2794 0.8001 -0.5308
vn 0.5707 0.6812 -0.4586
vn 0.8133 0.4877 -0.3175
vn 0.5707 0.7623 -0.3054
vn 0.9773 0.1989 -0.0731
vn 0.8231 0.5335 -0.1945
vn 0.9783 0.1762 -0.1090
vn 0.0170 0.5553 0.8315
vn 0.2436 0.5354 0.8087
vn 0.0153 0.3826 0.9238
vn 0.5569 0.4592 0.6922
vn 0.5494 0.3178 0.7728
vn 0.2489 0.3596 0.8993
vn 0.8058 0.2237 0.5483
vn 0.8143 0.3061 0.4931
vn 0.9742 0.1203 0.1908
vn 0.9756 0.0775 0.2055
vn 0.9762 0.2165 0.0093
vn 0.9762 0.2106 0.0510
vn 0.8111 0.5849 0.0076
vn 0.8216 0.5545 0.1326
vn 0.5622 0.8100 0.1668
vn 0.5620 0.8271 0.0053
vn 0.2526 0.9484 0.1917
vn 0.0281 0.9803 0.1956
vn 0.0299 0.9996 0.0003
vn 0.2665 0.9637 0.0143
vn 0.9785 0.0419 -0.2022
vn 0.9783 0.0001 -0.2072
vn 0.8155 0.1155 -0.5671
vn 0.5647 0.0001 -0.8253
vn 0.8273 0.0243 -0.5613
vn 0.5726 0.1502 -0.8059
vn 0.2610 0.0002 -0.9653
vn 0.2674 0.1987 -0.9429
vn 0.0346 0.1948 -0.9802
vn 0.0340 -0.0000 -0.9994
vn 0.9768 -0.2116 -0.0330
vn 0.9760 -0.2175 0.0092
vn 0.8114 -0.5745 -0.1076
vn 0.5651 -0.8101 -0.1558
vn 0.5623 -0.8269 0.0054
vn 0.8220 -0.5694 -0.0086
vn 0.2500 -0.9682 0.0021
vn 0.2701 -0.9421 -0.1986
vn 0.0260 -0.9997 0.0003
vn 0.0275 -0.9804 -0.1950
vn 0.9753 -0.0365 0.2180
vn 0.8170 -0.1302 0.5618
vn 0.2436 -0.1887 0.9513
vn 0.5601 -0.1602 0.8128
vn 0.0145 -0.1947 0.9808
vn 0.0283 -0.9803 0.1956
vn 0.2545 -0.9486 0.1883
vn 0.0301 -0.9995 0.0003
vn 0.5620 -0.8102 0.1667
vn 0.5625 -0.8268 0.0056
vn 0.2661 -0.9639 -0.0090
vn 0.8111 -0.5721 0.1213
vn 0.9764 -0.2090 0.0540
vn 0.8185 -0.5744 -0.0055
vn 0.9773 -0.2120 0.0049
vn 0.0352 -0.1949 -0.9802
vn 0.0340 -0.0001 -0.9994
vn 0.2610 -0.0000 -0.9653
vn 0.2679 -0.1780 -0.9469
vn 0.5637 -0.1619 -0.8100
vn 0.5645 0.0001 -0.8255
vn 0.8162 -0.1130 -0.5666
vn 0.9786 -0.0418 -0.2017
vn 0.9783 -0.0000 -0.2072
vn 0.8251 0.0242 -0.5644
vn 0.0283 0.9804 -0.1950
vn 0.0262 0.9997 0.0003
vn 0.2561 0.9491 -0.1833
vn 0.5640 0.8105 -0.1579
vn 0.2577 0.9661 0.0116
vn 0.8106 0.5759 -0.1065
vn 0.5621 0.8271 0.0065
vn 0.9767 0.2121 -0.0329
vn 0.9763 0.2161 0.0093
vn 0.8209 0.5706 0.0240
vn 0.0138 0.1949 0.9807
vn 0.2405 0.1855 0.9528
vn 0.5539 0.1615 0.8168
vn 0.8049 0.1133 0.5826
vn 0.9744 0.0458 0.2199
vn 0.9772 0.2093 -0.0348
vn 0.8217 0.5628 -0.0891
vn 0.5677 0.8076 -0.1597
vn 0.2574 0.9483 -0.1858
vn 0.0320 0.9803 -0.1949
vn 0.8140 -0.1133 -0.5697
vn 0.9792 -0.0413 -0.1986
vn 0.5736 -0.1735 -0.8005
vn 0.2683 -0.1779 -0.9467
vn 0.0341 -0.1948 -0.9803
vn 0.8113 -0.5719 0.1211
vn 0.9762 -0.2107 0.0515
vn 0.5708 -0.8019 0.1766
vn 0.2509 -0.9491 0.1906
vn 0.0237 -0.9804 0.1954
vn 0.0322 -0.9803 -0.1949
vn 0.2679 -0.9433 -0.1961
vn 0.5640 -0.8110 -0.1558
vn 0.8193 -0.5611 -0.1180
vn 0.9774 -0.2095 -0.0284
vn 0.0340 0.1948 -0.9803
vn 0.2678 0.1991 -0.9427
vn 0.5715 0.1482 -0.8071
vn 0.8269 0.1345 -0.5460
vn 0.9786 0.0417 -0.2017
vn 0.0244 0.9804 0.1957
vn 0.2606 0.9442 0.2013
vn 0.5627 0.8102 0.1643
vn 0.8183 0.5588 0.1342
vn 0.9760 0.2117 0.0514
vn 0.0521 0.5541 0.8308
vn 0.2632 0.5335 0.8038
vn 0.0537 0.7055 0.7067
vn 0.2607 0.3669 0.8930
vn 0.0500 0.3803 0.9235
vn 0.5424 0.4637 0.7006
vn 0.2808 0.6653 0.6917
vn 0.7922 0.4275 0.4356
vn 0.5494 0.5818 0.5997
vn 0.7943 0.2287 0.5629
vn 0.5478 0.3233 0.7716
vn 0.9698 0.0905 0.2264
vn 0.8070 0.3257 0.4926
vn 0.9707 0.1331 0.2000
vn 0.9719 0.1585 0.1741
vn 0.9988 0.0218 0.0432
vn 0.0630 0.8297 -0.5546
vn 0.2815 0.6795 -0.6775
vn 0.0683 0.7070 -0.7039
vn 0.0630 0.9221 -0.3818
vn 0.2876 0.8020 -0.5235
vn 0.5541 0.7709 -0.3143
vn 0.2829 0.8842 -0.3718
vn 0.5623 0.6851 -0.4630
vn 0.7985 0.5043 -0.3286
vn 0.5628 0.5899 -0.5791
vn 0.7973 0.5603 -0.2242
vn 0.9739 0.1929 -0.1199
vn 0.8112 0.4304 -0.3960
vn 0.9742 0.1666 -0.1526
vn 0.9993 0.0371 -0.0057
vn 0.9722 0.2190 -0.0829
vn 0.0643 -0.5539 -0.8301
vn 0.0643 -0.7054 -0.7059
vn 0.2784 -0.5332 -0.7989
vn 0.2825 -0.3673 -0.8862
vn 0.0685 -0.3835 -0.9210
vn 0.5570 -0.4633 -0.6893
vn 0.5539 -0.5912 -0.5863
vn 0.2918 -0.6681 -0.6845
vn 0.8008 -0.3351 -0.4963
vn 0.5590 -0.3192 -0.7653
vn 0.9737 -0.0903 -0.2093
vn 0.8099 -0.2459 -0.5325
vn 0.9739 -0.1650 -0.1560
vn 0.8096 -0.4063 -0.4237
vn 0.9743 -0.1299 -0.1840
vn 0.0528 -0.8297 0.5556
vn 0.2669 -0.6802 0.6828
vn 0.0523 -0.7054 0.7069
vn 0.2721 -0.8883 0.3700
vn 0.0547 -0.9221 0.3830
vn 0.5480 -0.7710 0.3245
vn 0.2899 -0.7935 0.5351
vn 0.5426 -0.5912 0.5967
vn 0.5531 -0.6863 0.4724
vn 0.7915 -0.4278 0.4365
vn 0.7928 -0.5606 0.2391
vn 0.9715 -0.2154 0.0986
vn 0.8153 -0.4760 0.3297
vn 0.9715 -0.1899 0.1416
vn 0.9727 -0.1639 0.1645
vn 0.9987 0.0160 0.0483
vn 0.9693 0.0464 0.2417
vn 0.9706 -0.0000 0.2407
vn 0.9987 -0.0008 0.0506
vn 0.7879 0.1173 0.6046
vn 0.5345 -0.0002 0.8452
vn 0.7997 -0.0186 0.6001
vn 0.2617 0.1872 0.9468
vn 0.5589 0.1621 0.8132
vn 0.0485 0.1930 0.9800
vn 0.2731 -0.0143 0.9619
vn 0.0491 0.0021 0.9988
vn 0.9695 -0.1322 0.2063
vn 0.7900 -0.3372 0.5121
vn 0.9710 -0.1672 0.1712
vn 0.7943 -0.2296 0.5625
vn 0.9708 -0.0838 0.2248
vn 0.5444 -0.4627 0.6997
vn 0.8017 -0.4300 0.4152
vn 0.2661 -0.6800 0.6832
vn 0.5497 -0.5918 0.5895
vn 0.5437 -0.3176 0.7769
vn 0.2772 -0.5417 0.7936
vn 0.0509 -0.3817 0.9229
vn 0.2725 -0.3557 0.8940
vn 0.0517 -0.5543 0.8307
vn 0.0541 -0.7062 0.7059
vn 0.9993 -0.0377 -0.0053
vn 0.9739 -0.1928 -0.1200
vn 0.9730 -0.1678 -0.1582
vn 0.8006 -0.4278 -0.4196
vn 0.9720 -0.2202 -0.0817
vn 0.8092 -0.4822 -0.3358
vn 0.5556 -0.7699 -0.3141
vn 0.8085 -0.5533 -0.2005
vn 0.5590 -0.6949 -0.4524
vn 0.2790 -0.6799 -0.6782
vn 0.5615 -0.5847 -0.5855
vn 0.2894 -0.7900 -0.5406
vn 0.0625 -0.9221 -0.3818
vn 0.2868 -0.8893 -0.3562
vn 0.0648 -0.8303 -0.5535
vn 0.0681 -0.7034 -0.7075
vn 0.9737 0.1311 -0.1863
vn 0.9731 0.1672 -0.1582
vn 0.8002 0.3371 -0.4960
vn 0.7997 0.2325 -0.5535
vn 0.9736 0.0897 -0.2098
vn 0.5600 0.3187 -0.7647
vn 0.5581 0.5893 -0.5842
vn 0.8089 0.4314 -0.3994
vn 0.2783 0.5348 -0.7978
vn 0.5684 0.4592 -0.6827
vn 0.2824 0.3684 -0.8857
vn 0.0641 0.5540 -0.8300
vn 0.0645 0.7055 -0.7058
vn 0.2905 0.6870 -0.6661
vn 0.0693 0.3801 -0.9223
vn 0.9710 0.1944 0.1395
vn 0.9701 0.1671 0.1759
vn 0.7929 0.4264 0.4354
vn 0.9714 0.2158 0.0987
vn 0.8009 0.4839 0.3527
vn 0.5493 0.7701 0.3244
vn 0.8061 0.5512 0.2154
vn 0.5503 0.6940 0.4642
vn 0.2686 0.7994 0.5374
vn 0.5507 0.5833 0.5971
vn 0.2722 0.8883 0.3699
vn 0.0526 0.8297 0.5558
vn 0.2769 0.6692 0.6896
vn 0.0528 0.7053 0.7069
vn 0.0550 0.9223 0.3826
vn 0.0488 -0.1945 0.9797
vn 0.2598 -0.0001 0.9657
vn 0.0490 0.0016 0.9988
vn 0.2772 -0.2027 0.9392
vn 0.5512 -0.1488 0.8210
vn 0.7877 -0.1187 0.6045
vn 0.5470 -0.0144 0.8370
vn 0.8015 -0.0190 0.5976
vn 0.9699 -0.0437 0.2396
vn 0.9987 0.0008 0.0504
vn 0.0522 0.8298 0.5557
vn 0.2676 0.7991 0.5384
vn 0.0550 0.9221 0.3830
vn 0.5537 0.6934 0.4612
vn 0.2774 0.8836 0.3771
vn 0.7947 0.5580 0.2390
vn 0.5534 0.7651 0.3291
vn 0.8042 0.4792 0.3517
vn 0.9715 0.2151 0.0992
vn 0.9716 0.1944 0.1348
vn 0.0652 0.5541 -0.8299
vn 0.2838 0.3677 -0.8856
vn 0.0683 0.3835 -0.9210
vn 0.2920 0.5426 -0.7876
vn 0.5631 0.4577 -0.6881
vn 0.8006 0.2311 -0.5528
vn 0.5644 0.3188 -0.7615
vn 0.8121 0.3406 -0.4737
vn 0.9742 0.1282 -0.1856
vn 0.9737 0.0905 -0.2093
vn 0.0644 -0.8298 -0.5544
vn 0.2780 -0.7989 -0.5333
vn 0.0620 -0.9223 -0.3814
vn 0.5552 -0.6940 -0.4583
vn 0.5542 -0.7707 -0.3144
vn 0.2877 -0.8815 -0.3743
vn 0.7967 -0.5608 -0.2251
vn 0.9740 -0.1922 -0.1198
vn 0.8224 -0.4779 -0.3085
vn 0.9723 -0.2189 -0.0825
vn 0.0516 -0.5541 0.8309
vn 0.0499 -0.3817 0.9229
vn 0.2595 -0.3682 0.8928
vn 0.2766 -0.5414 0.7939
vn 0.5468 -0.4620 0.6983
vn 0.5435 -0.3179 0.7769
vn 0.7913 -0.3361 0.5108
vn 0.9699 -0.0906 0.2262
vn 0.8043 -0.2390 0.5441
vn 0.9706 -0.1245 0.2062
vn 0.9717 -0.1898 0.1408
vn 0.7911 -0.5053 0.3447
vn 0.9721 -0.2142 0.0952
vn 0.5465 -0.6941 0.4687
vn 0.5488 -0.7704 0.3245
vn 0.8040 -0.5537 0.2168
vn 0.2696 -0.7995 0.5368
vn 0.0541 -0.8294 0.5560
vn 0.2818 -0.8891 0.3608
vn 0.0551 -0.9222 0.3827
vn 0.9745 -0.1303 -0.1829
vn 0.7992 -0.2320 -0.5545
vn 0.9738 -0.0897 -0.2091
vn 0.8108 -0.3130 -0.4945
vn 0.5619 -0.4669 -0.6828
vn 0.2819 -0.3679 -0.8861
vn 0.5625 -0.3131 -0.7652
vn 0.2915 -0.5216 -0.8019
vn 0.0672 -0.3816 -0.9219
vn 0.0703 -0.5541 -0.8295
vn 0.9747 0.1887 -0.1201
vn 0.7997 0.5029 -0.3280
vn 0.9723 0.2195 -0.0804
vn 0.5535 0.6948 -0.4593
vn 0.5555 0.7699 -0.3142
vn 0.8064 0.5554 -0.2030
vn 0.2779 0.7998 -0.5321
vn 0.0644 0.8297 -0.5545
vn 0.0625 0.9221 -0.3818
vn 0.2863 0.8899 -0.3550
vn 0.9697 0.1319 0.2055
vn 0.7942 0.2292 0.5628
vn 0.9705 0.0855 0.2254
vn 0.7984 0.3169 0.5120
vn 0.5434 0.4630 0.7002
vn 0.5435 0.3179 0.7769
vn 0.2660 0.5338 0.8027
vn 0.0514 0.5536 0.8312
vn 0.2718 0.3549 0.8945
vn 0.0505 0.3810 0.9232
vn 0.0566 0.9791 0.1955
vn 0.0587 0.9983 0.0005
vn 0.2721 0.9431 0.1913
vn 0.5505 0.8178 0.1681
vn 0.5511 0.8344 0.0055
vn 0.2862 0.9580 0.0145
vn 0.7944 0.5940 0.1269
vn 0.9714 0.2309 0.0554
vn 0.9719 0.2354 0.0093
vn 0.8056 0.5920 0.0243
vn 0.9991 0.0410 0.0096
vn 0.0686 0.1945 -0.9785
vn 0.2861 0.0001 -0.9582
vn 0.0677 -0.0013 -0.9977
vn 0.2906 0.1939 -0.9370
vn 0.5620 0.0001 -0.8271
vn 0.5652 0.1613 -0.8091
vn 0.8014 -0.0000 -0.5981
vn 0.8149 0.1315 -0.5644
vn 0.9739 0.0460 -0.2223
vn 0.9739 0.0001 -0.2268
vn 0.0580 -0.9983 0.0008
vn 0.0617 -0.9790 -0.1943
vn 0.2737 -0.9618 0.0027
vn 0.2892 -0.9370 -0.1960
vn 0.5526 -0.8183 -0.1582
vn 0.7948 -0.6068 0.0077
vn 0.5566 -0.8308 -0.0001
vn 0.8059 -0.5789 -0.1240
vn 0.9732 -0.2276 -0.0331
vn 0.9732 -0.2301 0.0053
vn 0.0493 -0.1946 0.9796
vn 0.2916 -0.1851 0.9385
vn 0.5505 -0.1496 0.8213
vn 0.9693 -0.0462 0.2415
vn 0.9716 -0.2291 0.0585
vn 0.7963 -0.5919 0.1247
vn 0.9734 -0.2292 0.0044
vn 0.5504 -0.8178 0.1681
vn 0.5512 -0.8343 0.0054
vn 0.8049 -0.5934 -0.0114
vn 0.2691 -0.9442 0.1899
vn 0.0576 -0.9791 0.1952
vn 0.0583 -0.9983 0.0006
vn 0.2852 -0.9584 -0.0080
vn 0.9745 -0.0477 -0.2194
vn 0.8033 -0.1163 -0.5840
vn 0.9748 0.0032 -0.2232
vn 0.5664 -0.1629 -0.8079
vn 0.8114 0.0203 -0.5841
vn 0.2874 0.0001 -0.9578
vn 0.5660 0.0049 -0.8244
vn 0.2924 -0.1819 -0.9388
vn 0.0682 -0.1944 -0.9785
vn 0.0678 -0.0008 -0.9977
vn 0.9723 0.2310 -0.0364
vn 0.9723 0.2336 0.0095
vn 0.9991 0.0411 0.0096
vn 0.7955 0.6060 0.0079
vn 0.8033 0.5882 -0.0939
vn 0.5581 0.8137 -0.1623
vn 0.2737 0.9618 0.0027
vn 0.5551 0.8317 0.0116
vn 0.2994 0.9365 -0.1826
vn 0.0615 0.9789 -0.1948
vn 0.0592 0.9982 0.0014
vn 0.9693 0.0464 0.2416
vn 0.7877 0.1175 0.6048
vn 0.5393 0.1625 0.8263
vn 0.2765 0.1712 0.9457
vn 0.0493 0.1946 0.9796
vn 0.2774 0.9430 -0.1840
vn 0.0598 0.9791 -0.1944
vn 0.5525 0.8185 -0.1575
vn 0.7942 0.5975 -0.1105
vn 0.9724 0.2306 -0.0363
vn 0.0680 -0.1945 -0.9786
vn 0.2856 -0.1866 -0.9400
vn 0.5628 -0.1620 -0.8105
vn 0.8259 -0.1150 -0.5519
vn 0.9746 -0.0473 -0.2189
vn 0.0579 -0.9789 0.1959
vn 0.2835 -0.9423 0.1780
vn 0.5558 -0.8129 0.1738
vn 0.8063 -0.5823 0.1043
vn 0.9723 -0.2262 0.0587
vn 0.9991 -0.0410 0.0096
vn 0.9721 -0.2317 -0.0365
vn 0.7954 -0.5957 -0.1116
vn 0.5516 -0.8190 -0.1579
vn 0.0613 -0.9790 -0.1944
vn 0.2929 -0.9381 -0.1850
vn 0.9742 0.0456 -0.2210
vn 0.8130 0.1352 -0.5664
vn 0.5625 0.1621 -0.8108
vn 0.2851 0.1875 -0.9400
vn 0.0692 0.1938 -0.9786
vn 0.9710 0.2323 0.0557
vn 0.8039 0.5779 0.1407
vn 0.5554 0.8157 0.1617
vn 0.2840 0.9376 0.2009
vn 0.0581 0.9791 0.1949
vn -0.5554 -0.0000 0.8316
vn -0.0085 -0.3822 0.9240
vn -0.0048 0.8309 0.5565
vn -0.0050 0.8311 0.5561
vn 0.0039 0.9237 -0.3830
vn 0.0052 0.8311 -0.5560
vn 0.0039 -0.9237 -0.3830
vn -0.0049 -0.8307 0.5566
vn 0.0097 0.1949 -0.9808
vn -0.0050 -0.8312 0.5559
vn 0.0097 -0.1949 -0.9808
vn 0.0057 -0.8312 -0.5559
vt 0.920571 0.898434
vt 0.877514 0.716684
vt 0.920571 0.716684
vt 0.563153 0.988102
vt 0.477040 0.936043
vt 0.563153 0.936043
vt 0.320952 0.988102
vt 0.299423 0.936043
vt 0.320952 0.936043
vt 0.320952 0.754293
vt 0.299423 0.520484
vt 0.320952 0.520484
vt 0.385537 0.754293
vt 0.342480 0.520484
vt 0.385537 0.520484
vt 0.477040 0.754293
vt 0.385537 0.936043
vt 0.563153 0.754293
vt 0.477040 0.520484
vt 0.563153 0.520484
vt 0.385537 0.988102
vt 0.342480 0.936043
vt 0.477040 0.988102
vt 0.299423 0.754293
vt 0.098011 0.936043
vt 0.011898 0.988102
vt 0.011898 0.936043
vt 0.275627 0.936043
vt 0.254099 0.988102
vt 0.254099 0.936043
vt 0.275627 0.520484
vt 0.254099 0.754293
vt 0.254099 0.520484
vt 0.232571 0.520484
vt 0.189514 0.754293
vt 0.189514 0.520484
vt 0.098011 0.754293
vt 0.189514 0.936043
vt 0.098011 0.520484
vt 0.011898 0.754293
vt 0.011898 0.520484
vt 0.232571 0.936043
vt 0.189514 0.988102
vt 0.098011 0.988102
vt 0.275627 0.754293
vt 0.818727 0.479516
vt 0.806709 0.427457
vt 0.818727 0.427457
vt 0.842523 0.011898
vt 0.854541 0.245707
vt 0.842523 0.245707
vt 0.842523 0.427457
vt 0.854541 0.479516
vt 0.842523 0.479516
vt 0.818727 0.245707
vt 0.806709 0.011898
vt 0.818727 0.011898
vt 0.854541 0.427457
vt 0.650331 0.520483
vt 0.662349 0.542011
vt 0.650331 0.542011
vt 0.806709 0.245707
vt 0.698162 0.606596
vt 0.686144 0.563539
vt 0.698162 0.563539
vt 0.650331 0.606596
vt 0.662349 0.698099
vt 0.650331 0.698099
vt 0.686144 0.698099
vt 0.686144 0.606596
vt 0.650331 0.784212
vt 0.662349 0.784212
vt 0.662349 0.563539
vt 0.662349 0.606596
vt 0.698162 0.542011
vt 0.686144 0.542011
vt 0.698162 0.784212
vt 0.698162 0.698099
vt 0.698162 0.520483
vt 0.686144 0.520483
vt 0.650331 0.563539
vt 0.232571 0.754293
vt 0.232571 0.988102
vt 0.342480 0.754293
vt 0.342480 0.988102
vt 0.878337 0.011898
vt 0.895325 0.189696
vt 0.878337 0.189696
vt 0.726333 0.895018
vt 0.743321 0.934122
vt 0.726333 0.934122
vt 0.895325 0.213491
vt 0.878337 0.391289
vt 0.878337 0.213491
vt 0.603937 0.902508
vt 0.586949 0.863404
vt 0.603937 0.863404
vt 0.586949 0.706186
vt 0.603937 0.520484
vt 0.603937 0.706186
vt 0.895325 0.462094
vt 0.878337 0.415085
vt 0.895325 0.415085
vt 0.894503 0.507186
vt 0.877514 0.692888
vt 0.877514 0.507186
vt 0.743321 0.824213
vt 0.726333 0.871222
vt 0.726333 0.824213
vt 0.849766 0.511138
vt 0.853718 0.692888
vt 0.849766 0.688936
vt 0.810662 0.511138
vt 0.853718 0.507186
vt 0.810662 0.688936
vt 0.806709 0.507186
vt 0.806709 0.692888
vt 0.810662 0.898435
vt 0.806709 0.716684
vt 0.810662 0.720637
vt 0.853718 0.902387
vt 0.806709 0.902387
vt 0.849766 0.720637
vt 0.853718 0.716684
vt 0.849766 0.898435
vt 0.925184 0.508949
vt 0.924849 0.508366
vt 0.925330 0.508818
vt 0.924728 0.508520
vt 0.924297 0.508004
vt 0.924390 0.507832
vt 0.924970 0.508213
vt 0.925475 0.508688
vt 0.923019 0.507782
vt 0.922388 0.507547
vt 0.923048 0.507588
vt 0.922393 0.507743
vt 0.921732 0.507620
vt 0.922384 0.507353
vt 0.923077 0.507395
vt 0.925843 0.510004
vt 0.925726 0.509345
vt 0.926025 0.509933
vt 0.925560 0.509449
vt 0.925891 0.509242
vt 0.926207 0.509862
vt 0.925570 0.513229
vt 0.925353 0.513862
vt 0.925205 0.513734
vt 0.925842 0.512671
vt 0.925738 0.513330
vt 0.926025 0.512739
vt 0.925904 0.513429
vt 0.925499 0.513988
vt 0.924758 0.514168
vt 0.924339 0.514689
vt 0.924243 0.514519
vt 0.924882 0.514319
vt 0.925004 0.514469
vt 0.924434 0.514858
vt 0.923676 0.514776
vt 0.923104 0.515125
vt 0.923072 0.514932
vt 0.923741 0.514960
vt 0.923805 0.515143
vt 0.923137 0.515316
vt 0.921829 0.514924
vt 0.922449 0.515177
vt 0.921794 0.515116
vt 0.922450 0.514982
vt 0.922448 0.515371
vt 0.921759 0.515308
vt 0.920661 0.514495
vt 0.921159 0.514944
vt 0.920563 0.514665
vt 0.921226 0.514760
vt 0.921092 0.515126
vt 0.920466 0.514833
vt 0.919708 0.513697
vt 0.920024 0.514287
vt 0.919558 0.513823
vt 0.920150 0.514138
vt 0.919900 0.514436
vt 0.919410 0.513948
vt 0.919081 0.512622
vt 0.919179 0.513285
vt 0.918897 0.512690
vt 0.919348 0.513187
vt 0.919011 0.513383
vt 0.918715 0.512757
vt 0.918855 0.511397
vt 0.918723 0.512055
vt 0.918660 0.511399
vt 0.918915 0.512019
vt 0.918531 0.512090
vt 0.918465 0.511400
vt 0.918904 0.510773
vt 0.918874 0.510103
vt 0.919059 0.510168
vt 0.918711 0.510741
vt 0.918519 0.510710
vt 0.918690 0.510039
vt 0.919316 0.509598
vt 0.919515 0.508957
vt 0.919667 0.509080
vt 0.919145 0.509502
vt 0.918975 0.509408
vt 0.919364 0.508834
vt 0.920101 0.508631
vt 0.920506 0.508095
vt 0.920607 0.508263
vt 0.919973 0.508483
vt 0.919846 0.508337
vt 0.920406 0.507929
vt 0.921770 0.507813
vt 0.921098 0.507805
vt 0.921169 0.507988
vt 0.921028 0.507624
vt 0.921694 0.507429
vt 0.605257 0.832917
vt 0.605147 0.835540
vt 0.604592 0.833037
vt 0.605824 0.835402
vt 0.605605 0.837476
vt 0.604923 0.837626
vt 0.604476 0.835670
vt 0.603942 0.833148
vt 0.603472 0.738918
vt 0.603307 0.736340
vt 0.603942 0.736442
vt 0.603124 0.741241
vt 0.602865 0.738838
vt 0.602541 0.741182
vt 0.602281 0.738767
vt 0.602688 0.736248
vt 0.604756 0.739106
vt 0.604593 0.736553
vt 0.605257 0.736673
vt 0.604381 0.741381
vt 0.604102 0.739007
vt 0.603738 0.741307
vt 0.606120 0.739328
vt 0.605935 0.736801
vt 0.606621 0.736936
vt 0.605743 0.741553
vt 0.605430 0.739213
vt 0.605051 0.741464
vt 0.607521 0.739579
vt 0.607312 0.737078
vt 0.608004 0.737226
vt 0.607153 0.741750
vt 0.606819 0.739450
vt 0.606446 0.741649
vt 0.589588 0.736936
vt 0.589389 0.739450
vt 0.588897 0.737078
vt 0.590088 0.739328
vt 0.589762 0.741649
vt 0.589055 0.741750
vt 0.588688 0.739579
vt 0.588205 0.737226
vt 0.590951 0.736673
vt 0.590778 0.739213
vt 0.590274 0.736801
vt 0.591452 0.739106
vt 0.591157 0.741464
vt 0.590466 0.741553
vt 0.592266 0.736442
vt 0.592106 0.739007
vt 0.591616 0.736553
vt 0.592736 0.738918
vt 0.592471 0.741307
vt 0.591828 0.741381
vt 0.593520 0.736248
vt 0.593343 0.738838
vt 0.592901 0.736340
vt 0.593927 0.738767
vt 0.593667 0.741182
vt 0.593084 0.741241
vt 0.594717 0.736094
vt 0.594491 0.738704
vt 0.594125 0.736166
vt 0.595037 0.738651
vt 0.594754 0.741087
vt 0.594223 0.741131
vt 0.595870 0.735983
vt 0.595568 0.738606
vt 0.595298 0.736033
vt 0.596088 0.738569
vt 0.595760 0.741018
vt 0.595265 0.741049
vt 0.596994 0.735916
vt 0.596599 0.738541
vt 0.596434 0.735944
vt 0.597104 0.738521
vt 0.596715 0.740974
vt 0.596242 0.740993
vt 0.598104 0.735895
vt 0.597605 0.738509
vt 0.597550 0.735900
vt 0.598104 0.738506
vt 0.597644 0.740953
vt 0.597181 0.740961
vt 0.599104 0.738521
vt 0.598659 0.735900
vt 0.599215 0.735916
vt 0.599027 0.740961
vt 0.598603 0.738509
vt 0.598565 0.740953
vt 0.600120 0.738569
vt 0.599774 0.735944
vt 0.600339 0.735983
vt 0.599966 0.740993
vt 0.599609 0.738541
vt 0.599493 0.740974
vt 0.601172 0.738651
vt 0.600910 0.736033
vt 0.601491 0.736094
vt 0.600943 0.741049
vt 0.600640 0.738606
vt 0.600448 0.741018
vt 0.602083 0.736166
vt 0.601985 0.741131
vt 0.601718 0.738704
vt 0.601454 0.741087
vt 0.602935 0.743474
vt 0.602850 0.745677
vt 0.602367 0.743437
vt 0.602291 0.745653
vt 0.601829 0.743405
vt 0.604164 0.743563
vt 0.604062 0.745728
vt 0.603533 0.743516
vt 0.603440 0.745702
vt 0.605508 0.743674
vt 0.605382 0.745777
vt 0.604824 0.743616
vt 0.604711 0.745753
vt 0.606899 0.743803
vt 0.606745 0.745822
vt 0.606203 0.743736
vt 0.606064 0.745801
vt 0.590005 0.743736
vt 0.590701 0.743674
vt 0.590144 0.745801
vt 0.589463 0.745822
vt 0.589309 0.743803
vt 0.591384 0.743616
vt 0.592044 0.743563
vt 0.591497 0.745753
vt 0.590826 0.745777
vt 0.592675 0.743516
vt 0.593274 0.743474
vt 0.592768 0.745702
vt 0.592147 0.745728
vt 0.593841 0.743437
vt 0.594379 0.743405
vt 0.593917 0.745653
vt 0.593358 0.745677
vt 0.594892 0.743378
vt 0.595384 0.743355
vt 0.594951 0.745612
vt 0.594447 0.745631
vt 0.595860 0.743337
vt 0.596322 0.743322
vt 0.595901 0.745581
vt 0.595435 0.745595
vt 0.596776 0.743311
vt 0.597222 0.743303
vt 0.596800 0.745562
vt 0.596355 0.745570
vt 0.598104 0.740951
vt 0.597665 0.743299
vt 0.598104 0.743298
vt 0.597672 0.745551
vt 0.597238 0.745556
vt 0.598986 0.743303
vt 0.598970 0.745556
vt 0.598544 0.743299
vt 0.598536 0.745551
vt 0.599886 0.743322
vt 0.599853 0.745570
vt 0.599433 0.743311
vt 0.599408 0.745562
vt 0.600824 0.743355
vt 0.600774 0.745595
vt 0.600349 0.743337
vt 0.600307 0.745581
vt 0.601761 0.745631
vt 0.601316 0.743378
vt 0.601257 0.745612
vt 0.603216 0.749174
vt 0.603251 0.760714
vt 0.602661 0.749123
vt 0.602679 0.760653
vt 0.602120 0.749072
vt 0.604373 0.749261
vt 0.604402 0.760825
vt 0.603787 0.749221
vt 0.603825 0.760772
vt 0.605584 0.749311
vt 0.605568 0.760902
vt 0.604973 0.749292
vt 0.604983 0.760869
vt 0.606830 0.749304
vt 0.606749 0.760931
vt 0.606204 0.749315
vt 0.606157 0.760924
vt 0.590005 0.749315
vt 0.590051 0.760924
vt 0.590624 0.749311
vt 0.589459 0.760931
vt 0.589378 0.749303
vt 0.591236 0.749292
vt 0.591225 0.760869
vt 0.591836 0.749261
vt 0.590640 0.760902
vt 0.592422 0.749221
vt 0.592384 0.760772
vt 0.592992 0.749174
vt 0.591806 0.760824
vt 0.593548 0.749123
vt 0.593529 0.760653
vt 0.594089 0.749072
vt 0.592958 0.760714
vt 0.594617 0.749023
vt 0.594669 0.760533
vt 0.595133 0.748978
vt 0.594099 0.760592
vt 0.595641 0.748940
vt 0.595809 0.760432
vt 0.596141 0.748908
vt 0.595239 0.760479
vt 0.596637 0.748883
vt 0.596955 0.760365
vt 0.597128 0.748866
vt 0.596382 0.760394
vt 0.598104 0.745549
vt 0.597616 0.748856
vt 0.598104 0.760342
vt 0.598104 0.748853
vt 0.597529 0.760348
vt 0.599081 0.748866
vt 0.598679 0.760348
vt 0.598592 0.748856
vt 0.600067 0.748908
vt 0.599827 0.760394
vt 0.599572 0.748883
vt 0.599253 0.760365
vt 0.601075 0.748978
vt 0.600970 0.760479
vt 0.600567 0.748940
vt 0.600399 0.760432
vt 0.602109 0.760592
vt 0.601592 0.749023
vt 0.601540 0.760533
vt 0.603359 0.784795
vt 0.603825 0.808818
vt 0.603941 0.784795
vt 0.603251 0.808876
vt 0.602778 0.784795
vt 0.604524 0.784795
vt 0.604983 0.808721
vt 0.605109 0.784795
vt 0.604402 0.808765
vt 0.605696 0.784795
vt 0.606157 0.808666
vt 0.606285 0.784795
vt 0.605568 0.808687
vt 0.607344 0.760924
vt 0.606875 0.784795
vt 0.607344 0.808666
vt 0.607466 0.784795
vt 0.606749 0.808659
vt 0.589923 0.784795
vt 0.589459 0.808658
vt 0.589333 0.784795
vt 0.588865 0.808666
vt 0.588742 0.784795
vt 0.588865 0.760924
vt 0.591099 0.784795
vt 0.590640 0.808687
vt 0.590512 0.784795
vt 0.590051 0.808666
vt 0.592267 0.784795
vt 0.591806 0.808765
vt 0.591684 0.784795
vt 0.591225 0.808721
vt 0.593430 0.784795
vt 0.592958 0.808876
vt 0.592849 0.784795
vt 0.592384 0.808818
vt 0.594592 0.784795
vt 0.594099 0.808998
vt 0.594011 0.784795
vt 0.593529 0.808937
vt 0.595758 0.784795
vt 0.595239 0.809111
vt 0.595174 0.784795
vt 0.594669 0.809057
vt 0.596929 0.784795
vt 0.596382 0.809196
vt 0.596343 0.784795
vt 0.595809 0.809158
vt 0.598104 0.784795
vt 0.597529 0.809242
vt 0.597516 0.784795
vt 0.596955 0.809224
vt 0.598692 0.784795
vt 0.599253 0.809224
vt 0.599279 0.784795
vt 0.598679 0.809242
vt 0.599865 0.784795
vt 0.600399 0.809158
vt 0.600450 0.784795
vt 0.599827 0.809196
vt 0.601034 0.784795
vt 0.601539 0.809057
vt 0.601616 0.784795
vt 0.600970 0.809111
vt 0.602197 0.784795
vt 0.602679 0.808937
vt 0.602109 0.808998
vt 0.603216 0.820416
vt 0.602291 0.823936
vt 0.602660 0.820467
vt 0.601761 0.823958
vt 0.602120 0.820518
vt 0.604373 0.820328
vt 0.603440 0.823887
vt 0.603787 0.820369
vt 0.602850 0.823912
vt 0.605584 0.820279
vt 0.604711 0.823837
vt 0.604973 0.820298
vt 0.604062 0.823862
vt 0.606830 0.820286
vt 0.606064 0.823789
vt 0.606204 0.820275
vt 0.605382 0.823812
vt 0.590005 0.820275
vt 0.590826 0.823812
vt 0.590624 0.820279
vt 0.590144 0.823789
vt 0.589378 0.820286
vt 0.591236 0.820298
vt 0.592147 0.823862
vt 0.591836 0.820328
vt 0.591497 0.823837
vt 0.592422 0.820369
vt 0.593358 0.823912
vt 0.592992 0.820416
vt 0.592768 0.823887
vt 0.593548 0.820466
vt 0.594447 0.823958
vt 0.594089 0.820518
vt 0.593917 0.823936
vt 0.594616 0.820567
vt 0.595435 0.823995
vt 0.595133 0.820611
vt 0.594951 0.823978
vt 0.595641 0.820650
vt 0.596355 0.824019
vt 0.596141 0.820682
vt 0.595901 0.824008
vt 0.596636 0.820706
vt 0.597238 0.824034
vt 0.597128 0.820724
vt 0.596800 0.824028
vt 0.598104 0.809247
vt 0.597616 0.820734
vt 0.598104 0.824041
vt 0.598104 0.820737
vt 0.597672 0.824038
vt 0.599081 0.820724
vt 0.598536 0.824038
vt 0.598592 0.820734
vt 0.600067 0.820682
vt 0.599408 0.824028
vt 0.599572 0.820706
vt 0.598970 0.824034
vt 0.601075 0.820611
vt 0.600307 0.824008
vt 0.600567 0.820650
vt 0.599853 0.824019
vt 0.601257 0.823978
vt 0.601592 0.820567
vt 0.600773 0.823995
vt 0.602367 0.826153
vt 0.602934 0.826116
vt 0.602541 0.828408
vt 0.601985 0.828459
vt 0.601829 0.826185
vt 0.603533 0.826074
vt 0.604164 0.826026
vt 0.603737 0.828283
vt 0.603124 0.828349
vt 0.604824 0.825973
vt 0.605507 0.825916
vt 0.605051 0.828126
vt 0.604381 0.828208
vt 0.606745 0.823767
vt 0.606203 0.825853
vt 0.606899 0.825787
vt 0.606446 0.827941
vt 0.605743 0.828037
vt 0.590701 0.825916
vt 0.590465 0.828037
vt 0.590005 0.825853
vt 0.589762 0.827941
vt 0.589309 0.825787
vt 0.589463 0.823767
vt 0.592044 0.826026
vt 0.591827 0.828208
vt 0.591384 0.825973
vt 0.591157 0.828126
vt 0.593274 0.826116
vt 0.593084 0.828349
vt 0.592675 0.826074
vt 0.592471 0.828283
vt 0.594379 0.826185
vt 0.594223 0.828459
vt 0.593841 0.826153
vt 0.593667 0.828408
vt 0.595384 0.826234
vt 0.595265 0.828541
vt 0.594892 0.826212
vt 0.594754 0.828503
vt 0.596322 0.826268
vt 0.596242 0.828597
vt 0.595860 0.826253
vt 0.595760 0.828572
vt 0.597222 0.826287
vt 0.597181 0.828629
vt 0.596776 0.826279
vt 0.596715 0.828616
vt 0.598104 0.826292
vt 0.598104 0.828638
vt 0.597664 0.826291
vt 0.597644 0.828637
vt 0.598544 0.826291
vt 0.598986 0.826287
vt 0.598564 0.828637
vt 0.599432 0.826279
vt 0.599886 0.826268
vt 0.599493 0.828616
vt 0.599027 0.828629
vt 0.600349 0.826253
vt 0.600824 0.826234
vt 0.600448 0.828572
vt 0.599966 0.828597
vt 0.601316 0.826212
vt 0.601454 0.828503
vt 0.600943 0.828541
vt 0.602865 0.830752
vt 0.603472 0.830672
vt 0.603307 0.833250
vt 0.602688 0.833342
vt 0.602281 0.830823
vt 0.604102 0.830583
vt 0.604756 0.830484
vt 0.605430 0.830377
vt 0.606120 0.830262
vt 0.605934 0.832789
vt 0.607153 0.827840
vt 0.606819 0.830139
vt 0.607520 0.830011
vt 0.607312 0.832511
vt 0.606621 0.832654
vt 0.590088 0.830262
vt 0.589587 0.832654
vt 0.589389 0.830139
vt 0.588897 0.832511
vt 0.588688 0.830011
vt 0.589055 0.827840
vt 0.591452 0.830484
vt 0.590951 0.832917
vt 0.590778 0.830377
vt 0.590274 0.832789
vt 0.592736 0.830672
vt 0.592266 0.833148
vt 0.592106 0.830583
vt 0.591616 0.833037
vt 0.593927 0.830823
vt 0.593520 0.833342
vt 0.593343 0.830752
vt 0.592901 0.833250
vt 0.595037 0.830939
vt 0.594717 0.833495
vt 0.594491 0.830885
vt 0.594125 0.833424
vt 0.596088 0.831021
vt 0.595870 0.833606
vt 0.595568 0.830984
vt 0.595298 0.833556
vt 0.597104 0.831069
vt 0.596994 0.833673
vt 0.596599 0.831049
vt 0.596434 0.833646
vt 0.598104 0.831084
vt 0.598104 0.833695
vt 0.597605 0.831080
vt 0.597550 0.833690
vt 0.598603 0.831080
vt 0.599104 0.831069
vt 0.598658 0.833690
vt 0.599609 0.831049
vt 0.600120 0.831021
vt 0.599774 0.833646
vt 0.599214 0.833673
vt 0.600640 0.830984
vt 0.601172 0.830939
vt 0.600910 0.833556
vt 0.600338 0.833606
vt 0.601717 0.830885
vt 0.602083 0.833424
vt 0.601491 0.833495
vt 0.778970 0.899923
vt 0.778311 0.900051
vt 0.778348 0.899859
vt 0.779593 0.899880
vt 0.778966 0.900119
vt 0.779623 0.900073
vt 0.778963 0.900313
vt 0.778274 0.900242
vt 0.780199 0.899730
vt 0.780771 0.899478
vt 0.780262 0.899915
vt 0.780865 0.899650
vt 0.780325 0.900099
vt 0.779653 0.900265
vt 0.781290 0.899132
vt 0.781743 0.898701
vt 0.781412 0.899285
vt 0.781889 0.898831
vt 0.781533 0.899436
vt 0.780958 0.899820
vt 0.782114 0.898199
vt 0.782392 0.897643
vt 0.782280 0.898301
vt 0.782574 0.897712
vt 0.782446 0.898403
vt 0.782035 0.898959
vt 0.782391 0.894970
vt 0.782282 0.894311
vt 0.782574 0.894901
vt 0.782115 0.894413
vt 0.781892 0.893781
vt 0.782038 0.893653
vt 0.782447 0.894211
vt 0.782756 0.894832
vt 0.781745 0.893910
vt 0.781417 0.893326
vt 0.781294 0.893479
vt 0.780870 0.892960
vt 0.780964 0.892789
vt 0.781538 0.893175
vt 0.780776 0.893131
vt 0.780269 0.892692
vt 0.780205 0.892877
vt 0.779630 0.892533
vt 0.779661 0.892341
vt 0.780332 0.892509
vt 0.779599 0.892726
vt 0.778974 0.892485
vt 0.778355 0.892744
vt 0.778976 0.892681
vt 0.778282 0.892360
vt 0.778971 0.892291
vt 0.777753 0.892912
vt 0.778318 0.892551
vt 0.777189 0.893181
vt 0.777684 0.892729
vt 0.777089 0.893012
vt 0.777616 0.892547
vt 0.776679 0.893544
vt 0.776240 0.893988
vt 0.776552 0.893395
vt 0.776089 0.893863
vt 0.776426 0.893247
vt 0.776991 0.892845
vt 0.775883 0.894502
vt 0.775621 0.895069
vt 0.775714 0.894405
vt 0.775437 0.895003
vt 0.775545 0.894308
vt 0.775940 0.893739
vt 0.775460 0.895673
vt 0.775405 0.896295
vt 0.775267 0.895639
vt 0.775015 0.896295
vt 0.775076 0.895605
vt 0.775254 0.894937
vt 0.775265 0.896951
vt 0.775209 0.896295
vt 0.775458 0.896918
vt 0.775433 0.897589
vt 0.775250 0.897654
vt 0.775074 0.896985
vt 0.775617 0.897523
vt 0.775708 0.898188
vt 0.775878 0.898091
vt 0.776083 0.898731
vt 0.775932 0.898855
vt 0.775539 0.898284
vt 0.776234 0.898606
vt 0.776545 0.899202
vt 0.776672 0.899053
vt 0.777082 0.899586
vt 0.776982 0.899753
vt 0.776419 0.899350
vt 0.777182 0.899417
vt 0.777676 0.899872
vt 0.777745 0.899688
vt 0.777607 0.900054
vt 0.599348 0.733262
vt 0.598790 0.731107
vt 0.599476 0.731139
vt 0.598726 0.733240
vt 0.598104 0.733233
vt 0.598104 0.731097
vt 0.591732 0.835670
vt 0.591285 0.837626
vt 0.591061 0.835540
vt 0.590603 0.837476
vt 0.590384 0.835402
vt 0.605824 0.734188
vt 0.605605 0.732114
vt 0.606289 0.732269
vt 0.605147 0.734050
vt 0.604477 0.733920
vt 0.604923 0.731964
vt 0.602509 0.836006
vt 0.603157 0.835904
vt 0.602883 0.838029
vt 0.602203 0.838143
vt 0.601867 0.836096
vt 0.589920 0.732269
vt 0.589703 0.734332
vt 0.589236 0.732428
vt 0.590385 0.734187
vt 0.589018 0.734483
vt 0.588551 0.732591
vt 0.608562 0.734800
vt 0.608341 0.732758
vt 0.609023 0.732928
vt 0.607877 0.734639
vt 0.607191 0.734483
vt 0.607657 0.732591
vt 0.596860 0.836328
vt 0.596733 0.838451
vt 0.596236 0.836291
vt 0.596049 0.838400
vt 0.595609 0.836240
vt 0.595367 0.731259
vt 0.594978 0.733415
vt 0.594685 0.731345
vt 0.595609 0.733350
vt 0.594342 0.733493
vt 0.594005 0.731446
vt 0.592646 0.731686
vt 0.592395 0.733798
vt 0.591966 0.731821
vt 0.593051 0.733686
vt 0.591732 0.733919
vt 0.591285 0.731964
vt 0.600600 0.733350
vt 0.600160 0.731190
vt 0.600842 0.731260
vt 0.599973 0.733299
vt 0.589920 0.837321
vt 0.589703 0.835257
vt 0.589236 0.837162
vt 0.589018 0.835107
vt 0.588551 0.836999
vt 0.588332 0.834951
vt 0.587867 0.836832
vt 0.587646 0.834790
vt 0.588204 0.832364
vt 0.597483 0.733240
vt 0.597418 0.731107
vt 0.596860 0.733262
vt 0.596733 0.731139
vt 0.601231 0.836174
vt 0.601523 0.838244
vt 0.600842 0.838330
vt 0.600600 0.836240
vt 0.604243 0.731821
vt 0.603813 0.733798
vt 0.603157 0.733686
vt 0.603563 0.731686
vt 0.602883 0.731561
vt 0.602509 0.733584
vt 0.601867 0.733494
vt 0.602204 0.731447
vt 0.606505 0.835257
vt 0.607190 0.835107
vt 0.606972 0.837162
vt 0.606288 0.837321
vt 0.595366 0.838330
vt 0.594977 0.836174
vt 0.594685 0.838244
vt 0.594341 0.836096
vt 0.594005 0.838143
vt 0.593699 0.836006
vt 0.593325 0.838029
vt 0.593051 0.835904
vt 0.606973 0.732428
vt 0.606506 0.734332
vt 0.591061 0.734050
vt 0.590603 0.732114
vt 0.599972 0.836291
vt 0.600159 0.838400
vt 0.599475 0.838451
vt 0.599348 0.836328
vt 0.598726 0.836350
vt 0.598790 0.838482
vt 0.598104 0.838493
vt 0.598104 0.836357
vt 0.608004 0.832364
vt 0.607876 0.834951
vt 0.608562 0.834790
vt 0.608341 0.836832
vt 0.607657 0.836999
vt 0.596236 0.733299
vt 0.596049 0.731190
vt 0.601523 0.731346
vt 0.601231 0.733415
vt 0.697019 0.874978
vt 0.697543 0.875741
vt 0.696972 0.875701
vt 0.697634 0.874287
vt 0.697591 0.875014
vt 0.698403 0.874330
vt 0.698360 0.875061
vt 0.698313 0.875793
vt 0.592646 0.837904
vt 0.592395 0.835792
vt 0.591966 0.837769
vt 0.588332 0.734639
vt 0.587867 0.732758
vt 0.587646 0.734800
vt 0.587186 0.732928
vt 0.603813 0.835792
vt 0.604243 0.837769
vt 0.603562 0.837904
vt 0.593700 0.733584
vt 0.593326 0.731560
vt 0.597483 0.836350
vt 0.597418 0.838482
vt 0.697216 0.870635
vt 0.697765 0.871378
vt 0.697193 0.871359
vt 0.697806 0.869923
vt 0.697788 0.870651
vt 0.698558 0.870673
vt 0.698535 0.871405
vt 0.781493 0.860968
vt 0.782088 0.860259
vt 0.782065 0.860988
vt 0.781533 0.859518
vt 0.781515 0.860243
vt 0.782106 0.859530
vt 0.782859 0.860282
vt 0.782836 0.861014
vt 0.781463 0.851517
vt 0.782063 0.852224
vt 0.781490 0.852243
vt 0.782006 0.850765
vt 0.782036 0.851494
vt 0.782777 0.850731
vt 0.782808 0.851464
vt 0.782835 0.852197
vt 0.696864 0.877149
vt 0.697492 0.876467
vt 0.697436 0.877195
vt 0.696920 0.876425
vt 0.698261 0.876524
vt 0.698205 0.877255
vt 0.781545 0.854424
vt 0.782130 0.855145
vt 0.781555 0.855152
vt 0.781531 0.853697
vt 0.782119 0.854414
vt 0.782878 0.853665
vt 0.782893 0.854400
vt 0.782905 0.855136
vt 0.696864 0.856829
vt 0.697376 0.856056
vt 0.697436 0.856783
vt 0.696804 0.856105
vt 0.697313 0.855326
vt 0.698085 0.855261
vt 0.698146 0.855992
vt 0.698205 0.856723
vt 0.781399 0.850065
vt 0.781433 0.850791
vt 0.781932 0.849309
vt 0.781971 0.850037
vt 0.782703 0.849266
vt 0.782742 0.849998
vt 0.697189 0.862637
vt 0.697737 0.861887
vt 0.697764 0.862617
vt 0.697133 0.861182
vt 0.697163 0.861909
vt 0.697706 0.861156
vt 0.698510 0.861857
vt 0.698537 0.862591
vt 0.781271 0.865312
vt 0.781890 0.864625
vt 0.781843 0.865351
vt 0.781319 0.864589
vt 0.781933 0.863898
vt 0.782660 0.864672
vt 0.782612 0.865403
vt 0.697257 0.868458
vt 0.697836 0.867734
vt 0.697830 0.868464
vt 0.697264 0.867004
vt 0.697262 0.867731
vt 0.697838 0.867004
vt 0.698609 0.867739
vt 0.698602 0.868473
vt 0.781546 0.858791
vt 0.782130 0.858070
vt 0.782120 0.858801
vt 0.782904 0.858079
vt 0.782893 0.858814
vt 0.782879 0.859548
vt 0.781318 0.848617
vt 0.781361 0.849341
vt 0.781842 0.847854
vt 0.781889 0.848581
vt 0.782660 0.848534
vt 0.781512 0.852970
vt 0.782105 0.853683
vt 0.782086 0.852953
vt 0.782858 0.852931
vt 0.781103 0.867486
vt 0.781614 0.868265
vt 0.781038 0.868214
vt 0.781735 0.866806
vt 0.781676 0.867535
vt 0.782506 0.866867
vt 0.782447 0.867599
vt 0.782385 0.868330
vt 0.781270 0.847893
vt 0.781790 0.847126
vt 0.781218 0.847168
vt 0.781735 0.846397
vt 0.782505 0.846337
vt 0.782561 0.847069
vt 0.782613 0.847801
vt 0.781435 0.862418
vt 0.782038 0.861716
vt 0.782007 0.862444
vt 0.781466 0.861693
vt 0.782808 0.861747
vt 0.782777 0.862479
vt 0.696738 0.878603
vt 0.697376 0.877923
vt 0.697314 0.878653
vt 0.696804 0.877874
vt 0.698147 0.877987
vt 0.698086 0.878718
vt 0.781564 0.856608
vt 0.782136 0.855877
vt 0.782139 0.856608
vt 0.781562 0.855880
vt 0.782910 0.855872
vt 0.782912 0.856608
vt 0.697672 0.860426
vt 0.697060 0.859729
vt 0.697098 0.860455
vt 0.697633 0.859697
vt 0.698444 0.860387
vt 0.698479 0.861122
vt 0.697836 0.866273
vt 0.697255 0.865549
vt 0.697262 0.866277
vt 0.698603 0.865534
vt 0.698610 0.866269
vt 0.698611 0.867004
vt 0.696920 0.857553
vt 0.697543 0.858239
vt 0.696970 0.858278
vt 0.697491 0.857511
vt 0.698262 0.857454
vt 0.698314 0.858187
vt 0.697167 0.872083
vt 0.697707 0.872832
vt 0.697136 0.872806
vt 0.697738 0.872105
vt 0.698508 0.872136
vt 0.698477 0.872867
vt 0.697101 0.873531
vt 0.697062 0.874255
vt 0.697673 0.873560
vt 0.698442 0.873599
vt 0.697230 0.864093
vt 0.697787 0.863348
vt 0.697805 0.864080
vt 0.697212 0.863364
vt 0.698560 0.863326
vt 0.698579 0.864062
vt 0.781162 0.846443
vt 0.781675 0.845668
vt 0.781037 0.844989
vt 0.781102 0.845717
vt 0.781612 0.844938
vt 0.782446 0.845604
vt 0.697590 0.858968
vt 0.697017 0.859003
vt 0.698361 0.858920
vt 0.698405 0.859653
vt 0.697233 0.869910
vt 0.697820 0.869194
vt 0.697247 0.869185
vt 0.698592 0.869207
vt 0.698577 0.869940
vt 0.781362 0.863866
vt 0.781972 0.863171
vt 0.781401 0.863142
vt 0.782742 0.863210
vt 0.782703 0.863941
vt 0.697819 0.864811
vt 0.697830 0.865542
vt 0.697245 0.864821
vt 0.698593 0.864798
vt 0.781220 0.866036
vt 0.781163 0.866761
vt 0.781791 0.866079
vt 0.782561 0.866135
vt 0.781562 0.857335
vt 0.781556 0.858064
vt 0.782136 0.857339
vt 0.782911 0.857343
vt 0.923629 0.507928
vt 0.923005 0.507879
vt 0.924158 0.508263
vt 0.923598 0.508021
vt 0.924143 0.508290
vt 0.923588 0.508050
vt 0.923000 0.507909
vt 0.922997 0.507930
vt 0.923582 0.508069
vt 0.924124 0.508326
vt 0.923575 0.508089
vt 0.922994 0.507950
vt 0.605152 0.730991
vt 0.605805 0.731291
vt 0.605120 0.731130
vt 0.605838 0.731154
vt 0.606489 0.731455
vt 0.925132 0.513670
vt 0.924196 0.514435
vt 0.924697 0.514093
vt 0.924677 0.514069
vt 0.925108 0.513650
vt 0.925093 0.513637
vt 0.924171 0.514390
vt 0.924665 0.514054
vt 0.924161 0.514372
vt 0.924652 0.514038
vt 0.925077 0.513624
vt 0.589001 0.731488
vt 0.588350 0.731791
vt 0.588317 0.731658
vt 0.589686 0.731320
vt 0.589035 0.731622
vt 0.589719 0.731455
vt 0.920212 0.514063
vt 0.920710 0.514411
vt 0.919782 0.513634
vt 0.920232 0.514040
vt 0.920725 0.514385
vt 0.920245 0.514024
vt 0.920735 0.514367
vt 0.919821 0.513601
vt 0.920258 0.514008
vt 0.920746 0.514350
vt 0.594524 0.730288
vt 0.593849 0.730554
vt 0.593823 0.730406
vt 0.595250 0.730338
vt 0.594547 0.730438
vt 0.919151 0.510200
vt 0.919400 0.509645
vt 0.919742 0.509142
vt 0.919427 0.509660
vt 0.919180 0.510210
vt 0.919199 0.510217
vt 0.919782 0.509174
vt 0.919445 0.509670
vt 0.919798 0.509187
vt 0.919463 0.509680
vt 0.919219 0.510224
vt 0.600267 0.730101
vt 0.599539 0.730195
vt 0.599550 0.730037
vt 0.600978 0.730185
vt 0.600251 0.730256
vt 0.604433 0.730974
vt 0.603745 0.730824
vt 0.603776 0.730682
vt 0.604465 0.730833
vt 0.922397 0.507913
vt 0.921803 0.507979
vt 0.922397 0.507892
vt 0.921799 0.507959
vt 0.922396 0.507872
vt 0.922396 0.507841
vt 0.921789 0.507908
vt 0.605120 0.838460
vt 0.605805 0.838299
vt 0.606489 0.838135
vt 0.605838 0.838436
vt 0.605152 0.838598
vt 0.780145 0.899570
vt 0.779570 0.899733
vt 0.779567 0.899713
vt 0.780689 0.899330
vt 0.780151 0.899590
vt 0.780699 0.899348
vt 0.780158 0.899609
vt 0.779573 0.899753
vt 0.779578 0.899784
vt 0.780724 0.899393
vt 0.780168 0.899638
vt 0.589035 0.837968
vt 0.588350 0.837799
vt 0.589719 0.838135
vt 0.589686 0.838270
vt 0.589001 0.838102
vt 0.588317 0.837932
vt 0.781188 0.893610
vt 0.781634 0.894008
vt 0.781618 0.894022
vt 0.780694 0.893279
vt 0.781201 0.893594
vt 0.780714 0.893243
vt 0.781214 0.893578
vt 0.781649 0.893995
vt 0.781233 0.893554
vt 0.781672 0.893974
vt 0.594547 0.839151
vt 0.593848 0.839035
vt 0.595250 0.839252
vt 0.594523 0.839302
vt 0.593822 0.839184
vt 0.776789 0.893672
vt 0.777264 0.893309
vt 0.777275 0.893327
vt 0.776354 0.894083
vt 0.776775 0.893657
vt 0.776762 0.893641
vt 0.777254 0.893292
vt 0.776742 0.893618
vt 0.777238 0.893265
vt 0.776315 0.894051
vt 0.599539 0.839395
vt 0.600251 0.839334
vt 0.600978 0.839405
vt 0.600266 0.839489
vt 0.599550 0.839553
vt 0.776026 0.898008
vt 0.775757 0.897473
vt 0.775777 0.897466
vt 0.776364 0.898499
vt 0.776008 0.898018
vt 0.776333 0.898525
vt 0.775990 0.898028
vt 0.775738 0.897479
vt 0.775963 0.898043
vt 0.775709 0.897490
vt 0.776309 0.898544
vt 0.778366 0.899763
vt 0.778971 0.899826
vt 0.778972 0.899795
vt 0.778972 0.899775
vt 0.778376 0.899713
vt 0.778973 0.899754
vt 0.604465 0.838757
vt 0.603775 0.838908
vt 0.604433 0.838616
vt 0.603745 0.838766
vt 0.924204 0.508177
vt 0.924668 0.508597
vt 0.925089 0.509034
vt 0.924649 0.508621
vt 0.924133 0.508308
vt 0.925074 0.509048
vt 0.924636 0.508637
vt 0.924623 0.508653
vt 0.606523 0.731320
vt 0.607174 0.731622
vt 0.607207 0.731488
vt 0.607858 0.731791
vt 0.923056 0.514836
vt 0.923644 0.514685
vt 0.923633 0.514656
vt 0.924181 0.514408
vt 0.923627 0.514637
vt 0.923048 0.514786
vt 0.923044 0.514766
vt 0.923620 0.514618
vt 0.590370 0.731154
vt 0.591056 0.730991
vt 0.590403 0.731290
vt 0.591089 0.731129
vt 0.919432 0.513138
vt 0.919172 0.512588
vt 0.919201 0.512577
vt 0.919458 0.513122
vt 0.919806 0.513614
vt 0.919476 0.513112
vt 0.919240 0.512563
vt 0.919494 0.513102
vt 0.919837 0.513588
vt 0.595230 0.730185
vt 0.595958 0.730256
vt 0.595942 0.730101
vt 0.596670 0.730195
vt 0.920165 0.508704
vt 0.920673 0.508373
vt 0.920185 0.508728
vt 0.919766 0.509161
vt 0.920199 0.508743
vt 0.920684 0.508390
vt 0.920212 0.508759
vt 0.601685 0.730288
vt 0.600959 0.730338
vt 0.602360 0.730555
vt 0.601662 0.730438
vt 0.607173 0.837968
vt 0.607858 0.837799
vt 0.607207 0.838102
vt 0.606522 0.838270
vt 0.781198 0.899016
vt 0.781185 0.899000
vt 0.781631 0.898603
vt 0.781210 0.899032
vt 0.780709 0.899366
vt 0.781230 0.899056
vt 0.781647 0.898616
vt 0.781670 0.898637
vt 0.590403 0.838299
vt 0.591088 0.838460
vt 0.591056 0.838598
vt 0.590370 0.838436
vt 0.780150 0.893037
vt 0.780704 0.893261
vt 0.779576 0.892872
vt 0.780157 0.893017
vt 0.780163 0.892998
vt 0.780173 0.892969
vt 0.780729 0.893216
vt 0.779584 0.892822
vt 0.595957 0.839334
vt 0.596669 0.839395
vt 0.595942 0.839489
vt 0.595230 0.839405
vt 0.776370 0.894096
vt 0.776012 0.894576
vt 0.775780 0.895127
vt 0.776030 0.894586
vt 0.775761 0.895120
vt 0.775995 0.894566
vt 0.776339 0.894070
vt 0.775968 0.894550
vt 0.775741 0.895113
vt 0.775712 0.895102
vt 0.600958 0.839252
vt 0.601661 0.839151
vt 0.602360 0.839035
vt 0.601685 0.839302
vt 0.776769 0.898940
vt 0.776349 0.898512
vt 0.776783 0.898924
vt 0.777257 0.899289
vt 0.776756 0.898956
vt 0.777247 0.899307
vt 0.776736 0.898979
vt 0.925112 0.509014
vt 0.925478 0.509500
vt 0.925724 0.510051
vt 0.925452 0.509516
vt 0.925706 0.510059
vt 0.925434 0.509527
vt 0.925417 0.509538
vt 0.925058 0.509062
vt 0.607891 0.731658
vt 0.608542 0.731962
vt 0.608576 0.731830
vt 0.609225 0.732137
vt 0.922451 0.514885
vt 0.921846 0.514828
vt 0.922451 0.514854
vt 0.923051 0.514806
vt 0.921851 0.514798
vt 0.922451 0.514834
vt 0.921859 0.514758
vt 0.922451 0.514813
vt 0.591743 0.730833
vt 0.592433 0.730681
vt 0.591775 0.730973
vt 0.592463 0.730824
vt 0.919011 0.512002
vt 0.918953 0.511396
vt 0.918984 0.511396
vt 0.919041 0.511996
vt 0.919061 0.511992
vt 0.919220 0.512570
vt 0.919025 0.511395
vt 0.919081 0.511989
vt 0.596659 0.730037
vt 0.597386 0.730156
vt 0.598104 0.729982
vt 0.597380 0.729997
vt 0.598104 0.730141
vt 0.920658 0.508347
vt 0.921204 0.508078
vt 0.921795 0.507939
vt 0.921215 0.508107
vt 0.921222 0.508126
vt 0.921230 0.508145
vt 0.920695 0.508408
vt 0.602386 0.730406
vt 0.603054 0.730684
vt 0.603083 0.730539
vt 0.609022 0.836662
vt 0.608542 0.837628
vt 0.609224 0.837453
vt 0.608576 0.837760
vt 0.607891 0.837932
vt 0.781970 0.898111
vt 0.781616 0.898589
vt 0.782254 0.897590
vt 0.781988 0.898122
vt 0.782005 0.898133
vt 0.782273 0.897597
vt 0.782031 0.898149
vt 0.591775 0.838616
vt 0.592463 0.838766
vt 0.592433 0.838908
vt 0.591743 0.838757
vt 0.779572 0.892893
vt 0.778978 0.892829
vt 0.778979 0.892849
vt 0.778382 0.892889
vt 0.778378 0.892869
vt 0.778978 0.892809
vt 0.779579 0.892852
vt 0.778978 0.892778
vt 0.778373 0.892839
vt 0.597385 0.839434
vt 0.598104 0.839449
vt 0.598104 0.839608
vt 0.597380 0.839593
vt 0.596658 0.839553
vt 0.775606 0.895699
vt 0.775574 0.896296
vt 0.775626 0.895702
vt 0.775533 0.896296
vt 0.775586 0.895695
vt 0.775555 0.895690
vt 0.775502 0.896296
vt 0.603054 0.838906
vt 0.603083 0.839051
vt 0.602386 0.839184
vt 0.777268 0.899272
vt 0.777798 0.899550
vt 0.777805 0.899530
vt 0.777791 0.899569
vt 0.777231 0.899333
vt 0.778372 0.899733
vt 0.777780 0.899597
vt 0.925752 0.512638
vt 0.925487 0.513180
vt 0.925461 0.513164
vt 0.925723 0.512627
vt 0.925443 0.513153
vt 0.925704 0.512620
vt 0.925426 0.513143
vt 0.925685 0.512612
vt 0.586949 0.732005
vt 0.587666 0.731962
vt 0.586984 0.732137
vt 0.587632 0.731830
vt 0.921259 0.514669
vt 0.921270 0.514640
vt 0.921277 0.514621
vt 0.921855 0.514778
vt 0.921284 0.514602
vt 0.593126 0.730538
vt 0.593154 0.730684
vt 0.919000 0.510789
vt 0.919030 0.510794
vt 0.919004 0.511395
vt 0.919050 0.510798
vt 0.919071 0.510801
vt 0.598829 0.729997
vt 0.598823 0.730156
vt 0.587186 0.836662
vt 0.587666 0.837628
vt 0.586984 0.837453
vt 0.587632 0.837760
vt 0.586949 0.837584
vt 0.782235 0.895031
vt 0.781988 0.894490
vt 0.782254 0.895023
vt 0.781971 0.894501
vt 0.782006 0.894480
vt 0.782272 0.895016
vt 0.782032 0.894463
vt 0.782301 0.895005
vt 0.593154 0.838906
vt 0.593125 0.839051
vt 0.777812 0.893070
vt 0.778386 0.892910
vt 0.777805 0.893051
vt 0.777798 0.893032
vt 0.777787 0.893003
vt 0.598823 0.839434
vt 0.598829 0.839593
vt 0.775624 0.896889
vt 0.775553 0.896296
vt 0.775604 0.896893
vt 0.775584 0.896896
vt 0.775554 0.896902
vt 0.696772 0.874963
vt 0.696816 0.874241
vt 0.696674 0.875681
vt 0.696721 0.874960
vt 0.696764 0.874238
vt 0.923805 0.507399
vt 0.923099 0.507250
vt 0.923102 0.507230
vt 0.924469 0.507685
vt 0.923798 0.507418
vt 0.924450 0.507721
vt 0.923792 0.507437
vt 0.923096 0.507270
vt 0.923091 0.507300
vt 0.924435 0.507748
vt 0.923782 0.507466
vt 0.923752 0.507557
vt 0.696618 0.856848
vt 0.696723 0.858294
vt 0.696672 0.857571
vt 0.696620 0.857575
vt 0.696566 0.856853
vt 0.925625 0.514097
vt 0.925096 0.514582
vt 0.925610 0.514084
vt 0.925109 0.514598
vt 0.924505 0.514985
vt 0.925083 0.514567
vt 0.925594 0.514071
vt 0.925572 0.514051
vt 0.924481 0.514941
vt 0.925064 0.514543
vt 0.696942 0.862645
vt 0.696982 0.864098
vt 0.696963 0.863371
vt 0.696911 0.863373
vt 0.696890 0.862646
vt 0.920383 0.514977
vt 0.919806 0.514548
vt 0.920393 0.514959
vt 0.919793 0.514563
vt 0.919298 0.514042
vt 0.919314 0.514030
vt 0.919819 0.514532
vt 0.920403 0.514942
vt 0.920418 0.514915
vt 0.919337 0.514010
vt 0.919839 0.514509
vt 0.697009 0.868455
vt 0.696987 0.869905
vt 0.696999 0.869181
vt 0.696948 0.869180
vt 0.696957 0.868455
vt 0.918830 0.509326
vt 0.918552 0.509991
vt 0.918533 0.509984
vt 0.919250 0.508742
vt 0.918848 0.509336
vt 0.918865 0.509346
vt 0.918571 0.509997
vt 0.918600 0.510007
vt 0.919266 0.508755
vt 0.918892 0.509361
vt 0.922381 0.507257
vt 0.921675 0.507335
vt 0.922381 0.507226
vt 0.921669 0.507305
vt 0.922380 0.507206
vt 0.921665 0.507285
vt 0.922380 0.507186
vt 0.696802 0.873516
vt 0.696837 0.872793
vt 0.696854 0.873518
vt 0.696889 0.872795
vt 0.780356 0.900189
vt 0.779668 0.900360
vt 0.781004 0.899904
vt 0.780366 0.900218
vt 0.779673 0.900390
vt 0.780372 0.900237
vt 0.779676 0.900409
vt 0.781019 0.899930
vt 0.781038 0.899966
vt 0.780379 0.900256
vt 0.779679 0.900429
vt 0.781019 0.848635
vt 0.781114 0.849354
vt 0.781062 0.849357
vt 0.780972 0.847913
vt 0.781070 0.848632
vt 0.782110 0.893590
vt 0.781010 0.892706
vt 0.781598 0.893101
vt 0.781025 0.892679
vt 0.781617 0.893077
vt 0.782133 0.893570
vt 0.782148 0.893557
vt 0.781630 0.893061
vt 0.781035 0.892662
vt 0.781642 0.893046
vt 0.782163 0.893543
vt 0.780864 0.866737
vt 0.780972 0.866018
vt 0.780916 0.866741
vt 0.780920 0.866014
vt 0.781025 0.865295
vt 0.776365 0.893174
vt 0.776942 0.892762
vt 0.775866 0.893678
vt 0.776345 0.893151
vt 0.776927 0.892736
vt 0.776332 0.893135
vt 0.776917 0.892719
vt 0.775827 0.893646
vt 0.776319 0.893120
vt 0.776906 0.892701
vt 0.781194 0.860958
vt 0.781268 0.860236
vt 0.781246 0.860960
vt 0.781216 0.860235
vt 0.781285 0.859513
vt 0.775160 0.897687
vt 0.775456 0.898331
vt 0.775835 0.898935
vt 0.775430 0.898346
vt 0.775131 0.897697
vt 0.775112 0.897704
vt 0.775819 0.898948
vt 0.775412 0.898356
vt 0.775394 0.898366
vt 0.775093 0.897711
vt 0.781245 0.854429
vt 0.781307 0.855154
vt 0.781255 0.855155
vt 0.781283 0.853702
vt 0.781297 0.854428
vt 0.781185 0.850802
vt 0.781151 0.850077
vt 0.781133 0.850804
vt 0.781099 0.850080
vt 0.778960 0.900479
vt 0.778243 0.900406
vt 0.778961 0.900459
vt 0.778250 0.900366
vt 0.778961 0.900439
vt 0.778256 0.900336
vt 0.778962 0.900409
vt 0.696726 0.875685
vt 0.696617 0.877129
vt 0.696674 0.876406
vt 0.696622 0.876403
vt 0.925073 0.508083
vt 0.924459 0.507703
vt 0.925584 0.508590
vt 0.925060 0.508099
vt 0.925569 0.508603
vt 0.925048 0.508114
vt 0.925029 0.508138
vt 0.925547 0.508624
vt 0.696770 0.859018
vt 0.696761 0.859745
vt 0.696718 0.859021
vt 0.696671 0.858298
vt 0.923860 0.515299
vt 0.924515 0.515003
vt 0.923164 0.515480
vt 0.923854 0.515280
vt 0.923158 0.515440
vt 0.923847 0.515261
vt 0.924496 0.514968
vt 0.923837 0.515233
vt 0.923153 0.515411
vt 0.696996 0.864825
vt 0.696955 0.865553
vt 0.696944 0.864826
vt 0.696930 0.864100
vt 0.918868 0.513467
vt 0.919283 0.514056
vt 0.918578 0.512808
vt 0.918885 0.513456
vt 0.918597 0.512801
vt 0.918903 0.513446
vt 0.918929 0.513431
vt 0.918625 0.512791
vt 0.696969 0.870628
vt 0.696947 0.871350
vt 0.696917 0.870626
vt 0.696935 0.869904
vt 0.919235 0.508729
vt 0.919750 0.508226
vt 0.919736 0.508211
vt 0.920330 0.507803
vt 0.919763 0.508242
vt 0.919289 0.508774
vt 0.920356 0.507847
vt 0.919783 0.508264
vt 0.781593 0.899511
vt 0.782107 0.899023
vt 0.781612 0.899534
vt 0.781028 0.899948
vt 0.782144 0.899056
vt 0.781624 0.899550
vt 0.781637 0.899566
vt 0.780919 0.847191
vt 0.781023 0.847910
vt 0.780914 0.846462
vt 0.780971 0.847187
vt 0.780363 0.892419
vt 0.779680 0.892217
vt 0.780373 0.892390
vt 0.780379 0.892371
vt 0.779687 0.892177
vt 0.780386 0.892352
vt 0.781044 0.892644
vt 0.780973 0.865292
vt 0.781072 0.864573
vt 0.781064 0.863849
vt 0.781021 0.864570
vt 0.781116 0.863852
vt 0.775164 0.894904
vt 0.775462 0.894261
vt 0.775436 0.894246
vt 0.775842 0.893659
vt 0.775418 0.894236
vt 0.775116 0.894887
vt 0.775401 0.894226
vt 0.775811 0.893633
vt 0.781246 0.858787
vt 0.781233 0.859512
vt 0.781255 0.858060
vt 0.781298 0.858787
vt 0.781308 0.858061
vt 0.775858 0.898916
vt 0.776356 0.899422
vt 0.776918 0.899862
vt 0.776337 0.899445
vt 0.776323 0.899461
vt 0.776908 0.899879
vt 0.776310 0.899476
vt 0.775804 0.898961
vt 0.781231 0.853703
vt 0.781264 0.852977
vt 0.781213 0.852978
vt 0.781242 0.852252
vt 0.696489 0.878580
vt 0.696556 0.877853
vt 0.696437 0.878574
vt 0.696504 0.877848
vt 0.696565 0.877125
vt 0.925599 0.508576
vt 0.926016 0.509165
vt 0.926033 0.509154
vt 0.926344 0.509808
vt 0.925998 0.509175
vt 0.925973 0.509192
vt 0.926297 0.509827
vt 0.696813 0.859742
vt 0.696850 0.860467
vt 0.696885 0.861193
vt 0.696798 0.860470
vt 0.922447 0.515517
vt 0.923161 0.515460
vt 0.922447 0.515537
vt 0.921733 0.515451
vt 0.921737 0.515432
vt 0.922447 0.515497
vt 0.922447 0.515467
vt 0.921742 0.515402
vt 0.697014 0.866278
vt 0.697007 0.865552
vt 0.697016 0.867004
vt 0.696962 0.866279
vt 0.918368 0.512120
vt 0.918559 0.512815
vt 0.918319 0.511402
vt 0.918388 0.512116
vt 0.918339 0.511401
vt 0.918408 0.512113
vt 0.918437 0.512107
vt 0.918369 0.511401
vt 0.696920 0.872073
vt 0.696868 0.872071
vt 0.696895 0.871349
vt 0.920967 0.507468
vt 0.920320 0.507786
vt 0.921661 0.507265
vt 0.920975 0.507487
vt 0.920982 0.507506
vt 0.920340 0.507821
vt 0.920993 0.507534
vt 0.782528 0.898453
vt 0.782846 0.897816
vt 0.782553 0.898468
vt 0.782129 0.899043
vt 0.782570 0.898479
vt 0.782893 0.897835
vt 0.782912 0.897843
vt 0.782588 0.898489
vt 0.782160 0.899069
vt 0.780862 0.846467
vt 0.780855 0.845738
vt 0.780737 0.845017
vt 0.780803 0.845743
vt 0.780788 0.845012
vt 0.778969 0.892196
vt 0.779676 0.892246
vt 0.778265 0.892266
vt 0.778969 0.892166
vt 0.779684 0.892197
vt 0.778259 0.892236
vt 0.778969 0.892145
vt 0.778252 0.892197
vt 0.778968 0.892125
vt 0.781102 0.863127
vt 0.781137 0.862405
vt 0.781154 0.863129
vt 0.774982 0.895589
vt 0.774919 0.896294
vt 0.774952 0.895584
vt 0.775135 0.894894
vt 0.774889 0.896294
vt 0.774932 0.895580
vt 0.774868 0.896294
vt 0.774912 0.895577
vt 0.775097 0.894880
vt 0.781313 0.857334
vt 0.781261 0.857333
vt 0.781316 0.856608
vt 0.777573 0.900143
vt 0.776933 0.899836
vt 0.777563 0.900171
vt 0.777556 0.900190
vt 0.777548 0.900209
vt 0.776897 0.899897
vt 0.781190 0.852254
vt 0.781215 0.851527
vt 0.781163 0.851529
vt 0.696738 0.855377
vt 0.696557 0.856126
vt 0.696489 0.855401
vt 0.696505 0.856131
vt 0.696437 0.855406
vt 0.926046 0.513514
vt 0.926344 0.512858
vt 0.926363 0.512866
vt 0.926029 0.513504
vt 0.926011 0.513493
vt 0.926326 0.512850
vt 0.926297 0.512840
vt 0.925986 0.513478
vt 0.926207 0.512806
vt 0.696915 0.861919
vt 0.696863 0.861921
vt 0.696832 0.861196
vt 0.921729 0.515471
vt 0.921042 0.515263
vt 0.921035 0.515282
vt 0.921049 0.515244
vt 0.921059 0.515215
vt 0.697014 0.867730
vt 0.696962 0.867729
vt 0.696964 0.867004
vt 0.918355 0.510682
vt 0.918298 0.511402
vt 0.918375 0.510686
vt 0.918395 0.510689
vt 0.918425 0.510694
vt 0.782529 0.894161
vt 0.782846 0.894798
vt 0.782555 0.894145
vt 0.782875 0.894787
vt 0.782572 0.894135
vt 0.782893 0.894779
vt 0.782589 0.894124
vt 0.782912 0.894772
vt 0.780804 0.867460
vt 0.780789 0.868191
vt 0.780737 0.868186
vt 0.780856 0.867465
vt 0.777582 0.892457
vt 0.777572 0.892429
vt 0.777565 0.892410
vt 0.778255 0.892217
vt 0.777557 0.892391
vt 0.781167 0.861682
vt 0.781188 0.862407
vt 0.781219 0.861684
vt 0.774979 0.897001
vt 0.774950 0.897006
vt 0.774930 0.897010
vt 0.774910 0.897013
vt 0.774848 0.896294
vt 0.781264 0.856608
vt 0.781313 0.855882
vt 0.781261 0.855882
vt 0.923691 0.507742
vt 0.919463 0.541127
vt 0.919790 0.540542
vt 0.919913 0.540694
vt 0.920336 0.540174
vt 0.920431 0.540345
vt 0.920241 0.540004
vt 0.919316 0.540998
vt 0.919668 0.540391
vt 0.921607 0.539936
vt 0.922232 0.539693
vt 0.922230 0.539889
vt 0.922887 0.539757
vt 0.922852 0.539950
vt 0.922234 0.539499
vt 0.921575 0.539743
vt 0.918637 0.542121
vt 0.919095 0.541631
vt 0.918820 0.542189
vt 0.918928 0.541530
vt 0.919170 0.540871
vt 0.918762 0.541429
vt 0.919327 0.546040
vt 0.919100 0.545408
vt 0.919473 0.545910
vt 0.918933 0.545511
vt 0.918819 0.544851
vt 0.918767 0.545613
vt 0.918637 0.544922
vt 0.920355 0.546857
vt 0.919927 0.546340
vt 0.920448 0.546685
vt 0.919805 0.546493
vt 0.919685 0.546646
vt 0.920262 0.547028
vt 0.921599 0.547278
vt 0.921021 0.546936
vt 0.921629 0.547084
vt 0.920959 0.547121
vt 0.920896 0.547305
vt 0.921569 0.547470
vt 0.922913 0.547252
vt 0.922253 0.547126
vt 0.922875 0.547059
vt 0.922257 0.547322
vt 0.922261 0.547516
vt 0.922950 0.547443
vt 0.924040 0.546615
vt 0.923547 0.547070
vt 0.923477 0.546887
vt 0.924140 0.546783
vt 0.923616 0.547252
vt 0.924984 0.545802
vt 0.924675 0.546398
vt 0.924547 0.546249
vt 0.924240 0.546950
vt 0.925136 0.545926
vt 0.924802 0.546545
vt 0.925598 0.544716
vt 0.925509 0.545382
vt 0.925338 0.545286
vt 0.925286 0.546050
vt 0.925782 0.544782
vt 0.925678 0.545478
vt 0.925807 0.543489
vt 0.925949 0.544144
vt 0.925756 0.544111
vt 0.925966 0.544847
vt 0.926003 0.543488
vt 0.926140 0.544177
vt 0.925771 0.542197
vt 0.925750 0.542867
vt 0.925587 0.542264
vt 0.926134 0.542798
vt 0.925943 0.542832
vt 0.925953 0.542130
vt 0.925116 0.541061
vt 0.925323 0.541698
vt 0.924966 0.541187
vt 0.925493 0.541601
vt 0.925661 0.541504
vt 0.925265 0.540937
vt 0.924116 0.540215
vt 0.924527 0.540744
vt 0.924017 0.540384
vt 0.924653 0.540595
vt 0.924778 0.540447
vt 0.924214 0.540047
vt 0.923453 0.540116
vt 0.923522 0.539933
vt 0.923589 0.539751
vt 0.654333 0.910943
vt 0.654443 0.913566
vt 0.653767 0.913428
vt 0.653985 0.915502
vt 0.653302 0.915347
vt 0.654667 0.915652
vt 0.654998 0.911063
vt 0.655114 0.913696
vt 0.656283 0.814366
vt 0.656119 0.816944
vt 0.655648 0.814468
vt 0.656725 0.816864
vt 0.656466 0.819267
vt 0.657309 0.816792
vt 0.657050 0.819208
vt 0.656903 0.814274
vt 0.654998 0.814579
vt 0.654834 0.817131
vt 0.654333 0.814699
vt 0.655488 0.817033
vt 0.655210 0.819407
vt 0.655853 0.819333
vt 0.653656 0.814827
vt 0.653470 0.817354
vt 0.652970 0.814962
vt 0.654160 0.817239
vt 0.653848 0.819579
vt 0.654539 0.819489
vt 0.652279 0.815104
vt 0.652070 0.817605
vt 0.651587 0.815252
vt 0.652771 0.817476
vt 0.652438 0.819776
vt 0.653144 0.819675
vt 0.670003 0.814962
vt 0.670201 0.817476
vt 0.669503 0.817354
vt 0.669829 0.819675
vt 0.669125 0.819579
vt 0.670535 0.819776
vt 0.670694 0.815104
vt 0.670903 0.817605
vt 0.668639 0.814699
vt 0.668813 0.817239
vt 0.668138 0.817132
vt 0.668433 0.819490
vt 0.667763 0.819407
vt 0.669317 0.814827
vt 0.667324 0.814468
vt 0.667485 0.817033
vt 0.666854 0.816944
vt 0.667120 0.819333
vt 0.666506 0.819267
vt 0.667975 0.814579
vt 0.666070 0.814274
vt 0.666247 0.816864
vt 0.665663 0.816793
vt 0.665923 0.819208
vt 0.665367 0.819157
vt 0.666690 0.814366
vt 0.664873 0.814120
vt 0.665100 0.816730
vt 0.664554 0.816677
vt 0.664836 0.819113
vt 0.664325 0.819075
vt 0.665465 0.814192
vt 0.663721 0.814009
vt 0.664023 0.816632
vt 0.663503 0.816595
vt 0.663830 0.819044
vt 0.663348 0.819019
vt 0.664293 0.814059
vt 0.662597 0.813942
vt 0.662992 0.816567
vt 0.662487 0.816547
vt 0.662875 0.819000
vt 0.662409 0.818987
vt 0.663156 0.813970
vt 0.661486 0.813921
vt 0.661986 0.816535
vt 0.661486 0.816532
vt 0.661947 0.818979
vt 0.661486 0.818977
vt 0.662041 0.813926
vt 0.660932 0.813926
vt 0.660486 0.816547
vt 0.660376 0.813942
vt 0.660987 0.816535
vt 0.660564 0.818987
vt 0.661026 0.818979
vt 0.659817 0.813970
vt 0.659470 0.816595
vt 0.659252 0.814009
vt 0.659981 0.816567
vt 0.659624 0.819019
vt 0.660097 0.819000
vt 0.658680 0.814059
vt 0.658419 0.816677
vt 0.658099 0.814120
vt 0.658950 0.816632
vt 0.658648 0.819075
vt 0.659142 0.819044
vt 0.657507 0.814192
vt 0.657873 0.816730
vt 0.657605 0.819157
vt 0.658137 0.819113
vt 0.656656 0.821500
vt 0.657223 0.821463
vt 0.656741 0.823703
vt 0.657761 0.821431
vt 0.657299 0.823679
vt 0.655426 0.821589
vt 0.656057 0.821542
vt 0.655529 0.823754
vt 0.656150 0.823728
vt 0.654083 0.821700
vt 0.654766 0.821642
vt 0.654208 0.823803
vt 0.654879 0.823779
vt 0.652691 0.821828
vt 0.653387 0.821762
vt 0.652845 0.823848
vt 0.653526 0.823827
vt 0.669586 0.821762
vt 0.668890 0.821700
vt 0.669446 0.823827
vt 0.668764 0.823803
vt 0.670127 0.823848
vt 0.670282 0.821829
vt 0.668207 0.821642
vt 0.667546 0.821589
vt 0.668094 0.823779
vt 0.667444 0.823754
vt 0.666916 0.821542
vt 0.666317 0.821500
vt 0.666822 0.823728
vt 0.666232 0.823703
vt 0.665750 0.821463
vt 0.665211 0.821431
vt 0.665673 0.823679
vt 0.665144 0.823657
vt 0.664699 0.821404
vt 0.664206 0.821381
vt 0.664639 0.823638
vt 0.664156 0.823621
vt 0.663731 0.821363
vt 0.663268 0.821348
vt 0.663689 0.823607
vt 0.663235 0.823596
vt 0.662815 0.821337
vt 0.662368 0.821329
vt 0.662791 0.823588
vt 0.662353 0.823581
vt 0.661926 0.821325
vt 0.661486 0.821324
vt 0.661919 0.823577
vt 0.661486 0.823575
vt 0.660605 0.821329
vt 0.661047 0.821325
vt 0.660620 0.823581
vt 0.661054 0.823577
vt 0.659705 0.821348
vt 0.660158 0.821337
vt 0.659738 0.823596
vt 0.660182 0.823588
vt 0.658766 0.821381
vt 0.659242 0.821363
vt 0.658817 0.823621
vt 0.659284 0.823607
vt 0.658274 0.821404
vt 0.657829 0.823657
vt 0.658334 0.823638
vt 0.656375 0.827200
vt 0.656340 0.838740
vt 0.655766 0.838798
vt 0.656930 0.827149
vt 0.656911 0.838679
vt 0.655218 0.827287
vt 0.655188 0.838850
vt 0.654607 0.838895
vt 0.655804 0.827247
vt 0.654006 0.827337
vt 0.654022 0.838928
vt 0.653433 0.838950
vt 0.654618 0.827318
vt 0.652761 0.827329
vt 0.652842 0.838957
vt 0.652247 0.838950
vt 0.653387 0.827341
vt 0.669586 0.827341
vt 0.668966 0.827337
vt 0.669539 0.838950
vt 0.670212 0.827329
vt 0.670131 0.838957
vt 0.668355 0.827318
vt 0.667755 0.827287
vt 0.668365 0.838895
vt 0.668951 0.838928
vt 0.667169 0.827247
vt 0.666598 0.827200
vt 0.667207 0.838798
vt 0.667784 0.838850
vt 0.666043 0.827149
vt 0.665502 0.827098
vt 0.666061 0.838679
vt 0.666633 0.838740
vt 0.664974 0.827049
vt 0.664457 0.827004
vt 0.664922 0.838559
vt 0.665491 0.838618
vt 0.663950 0.826966
vt 0.663449 0.826934
vt 0.663781 0.838458
vt 0.664352 0.838505
vt 0.662954 0.826909
vt 0.662463 0.826892
vt 0.662636 0.838391
vt 0.663209 0.838420
vt 0.661974 0.826882
vt 0.661486 0.826879
vt 0.661486 0.838368
vt 0.662061 0.838374
vt 0.660510 0.826892
vt 0.660911 0.838374
vt 0.660337 0.838391
vt 0.660999 0.826882
vt 0.659524 0.826934
vt 0.659764 0.838420
vt 0.659192 0.838458
vt 0.660019 0.826909
vt 0.658515 0.827004
vt 0.658621 0.838505
vt 0.658051 0.838559
vt 0.659023 0.826966
vt 0.657471 0.827098
vt 0.657481 0.838618
vt 0.657999 0.827049
vt 0.656231 0.862821
vt 0.655649 0.862821
vt 0.655766 0.886844
vt 0.656812 0.862821
vt 0.656340 0.886902
vt 0.655066 0.862821
vt 0.654481 0.862821
vt 0.654607 0.886747
vt 0.655188 0.886791
vt 0.653894 0.862821
vt 0.653306 0.862821
vt 0.653433 0.886692
vt 0.654022 0.886713
vt 0.652716 0.862821
vt 0.652124 0.862821
vt 0.652247 0.886692
vt 0.652842 0.886684
vt 0.669667 0.862821
vt 0.670131 0.886685
vt 0.669539 0.886692
vt 0.670257 0.862821
vt 0.670726 0.886692
vt 0.670726 0.838950
vt 0.668491 0.862821
vt 0.668950 0.886713
vt 0.668365 0.886747
vt 0.669078 0.862821
vt 0.667323 0.862821
vt 0.667784 0.886791
vt 0.667207 0.886844
vt 0.667906 0.862821
vt 0.666160 0.862821
vt 0.666633 0.886902
vt 0.666061 0.886963
vt 0.666741 0.862821
vt 0.664998 0.862821
vt 0.665491 0.887024
vt 0.664922 0.887083
vt 0.665579 0.862821
vt 0.663833 0.862821
vt 0.664352 0.887137
vt 0.663781 0.887184
vt 0.664416 0.862821
vt 0.662661 0.862821
vt 0.663209 0.887222
vt 0.662635 0.887250
vt 0.663248 0.862821
vt 0.661486 0.862821
vt 0.662061 0.887268
vt 0.661486 0.887273
vt 0.662074 0.862821
vt 0.660898 0.862821
vt 0.660311 0.862821
vt 0.660337 0.887250
vt 0.660911 0.887268
vt 0.659725 0.862821
vt 0.659140 0.862821
vt 0.659192 0.887184
vt 0.659764 0.887222
vt 0.658556 0.862821
vt 0.657974 0.862821
vt 0.658051 0.887083
vt 0.658621 0.887137
vt 0.657393 0.862821
vt 0.656911 0.886963
vt 0.657481 0.887024
vt 0.656375 0.898442
vt 0.657299 0.901962
vt 0.656740 0.901938
vt 0.656930 0.898492
vt 0.657829 0.901984
vt 0.655218 0.898354
vt 0.656150 0.901913
vt 0.655529 0.901888
vt 0.655804 0.898395
vt 0.654006 0.898305
vt 0.654879 0.901863
vt 0.654208 0.901838
vt 0.654618 0.898324
vt 0.652761 0.898312
vt 0.653526 0.901815
vt 0.652845 0.901793
vt 0.653387 0.898301
vt 0.669586 0.898301
vt 0.668966 0.898305
vt 0.668764 0.901838
vt 0.670212 0.898312
vt 0.669446 0.901815
vt 0.668355 0.898324
vt 0.667755 0.898354
vt 0.667444 0.901888
vt 0.668093 0.901863
vt 0.667169 0.898395
vt 0.666598 0.898442
vt 0.666232 0.901938
vt 0.666822 0.901913
vt 0.666043 0.898492
vt 0.665502 0.898544
vt 0.665143 0.901984
vt 0.665673 0.901962
vt 0.664974 0.898593
vt 0.664457 0.898637
vt 0.664156 0.902021
vt 0.664639 0.902004
vt 0.663949 0.898676
vt 0.663449 0.898708
vt 0.663235 0.902045
vt 0.663689 0.902034
vt 0.662954 0.898732
vt 0.662463 0.898750
vt 0.662352 0.902060
vt 0.662790 0.902054
vt 0.661974 0.898760
vt 0.661486 0.898763
vt 0.661486 0.902067
vt 0.661918 0.902064
vt 0.660510 0.898750
vt 0.661054 0.902064
vt 0.660620 0.902060
vt 0.660999 0.898760
vt 0.659523 0.898708
vt 0.660182 0.902054
vt 0.659737 0.902045
vt 0.660019 0.898732
vt 0.658515 0.898637
vt 0.659283 0.902034
vt 0.658817 0.902021
vt 0.659023 0.898676
vt 0.657471 0.898544
vt 0.658333 0.902004
vt 0.657999 0.898593
vt 0.657223 0.904179
vt 0.656656 0.904142
vt 0.657049 0.906434
vt 0.656466 0.906375
vt 0.657605 0.906485
vt 0.657761 0.904211
vt 0.656057 0.904100
vt 0.655426 0.904052
vt 0.655853 0.906309
vt 0.655209 0.906234
vt 0.654766 0.903999
vt 0.654083 0.903942
vt 0.654539 0.906152
vt 0.653848 0.906063
vt 0.653387 0.903879
vt 0.652691 0.903813
vt 0.653144 0.905967
vt 0.652437 0.905866
vt 0.668890 0.903942
vt 0.669586 0.903879
vt 0.669125 0.906063
vt 0.670281 0.903813
vt 0.669828 0.905967
vt 0.670127 0.901793
vt 0.667546 0.904052
vt 0.668207 0.903999
vt 0.667763 0.906234
vt 0.668433 0.906152
vt 0.666317 0.904142
vt 0.666915 0.904100
vt 0.666506 0.906375
vt 0.667120 0.906309
vt 0.665211 0.904211
vt 0.665749 0.904179
vt 0.665367 0.906485
vt 0.665923 0.906434
vt 0.664206 0.904260
vt 0.664698 0.904238
vt 0.664325 0.906567
vt 0.664836 0.906529
vt 0.663268 0.904294
vt 0.663731 0.904279
vt 0.663348 0.906623
vt 0.663830 0.906598
vt 0.662368 0.904313
vt 0.662815 0.904305
vt 0.662409 0.906655
vt 0.662875 0.906642
vt 0.661486 0.904318
vt 0.661926 0.904317
vt 0.661486 0.906664
vt 0.661947 0.906663
vt 0.661047 0.904317
vt 0.660604 0.904313
vt 0.661026 0.906663
vt 0.660563 0.906655
vt 0.660158 0.904305
vt 0.659704 0.904294
vt 0.660097 0.906642
vt 0.659624 0.906623
vt 0.659242 0.904279
vt 0.658766 0.904260
vt 0.659142 0.906598
vt 0.658647 0.906567
vt 0.658274 0.904238
vt 0.658136 0.906529
vt 0.656725 0.908778
vt 0.656118 0.908698
vt 0.656283 0.911276
vt 0.655648 0.911174
vt 0.656902 0.911368
vt 0.657309 0.908849
vt 0.655488 0.908608
vt 0.654834 0.908510
vt 0.654160 0.908403
vt 0.653470 0.908288
vt 0.653656 0.910815
vt 0.652970 0.910680
vt 0.652771 0.908165
vt 0.652070 0.908037
vt 0.652279 0.910537
vt 0.651587 0.910390
vt 0.669502 0.908288
vt 0.670201 0.908165
vt 0.670003 0.910680
vt 0.670903 0.908037
vt 0.670694 0.910538
vt 0.670535 0.905866
vt 0.668138 0.908510
vt 0.668812 0.908403
vt 0.668639 0.910943
vt 0.669317 0.910815
vt 0.666854 0.908698
vt 0.667484 0.908609
vt 0.667324 0.911174
vt 0.667974 0.911063
vt 0.665663 0.908849
vt 0.666247 0.908778
vt 0.666070 0.911368
vt 0.666689 0.911276
vt 0.664554 0.908965
vt 0.665100 0.908911
vt 0.664873 0.911521
vt 0.665465 0.911450
vt 0.663502 0.909047
vt 0.664022 0.909010
vt 0.663721 0.911632
vt 0.664292 0.911582
vt 0.662486 0.909095
vt 0.662991 0.909075
vt 0.662597 0.911699
vt 0.663156 0.911672
vt 0.661486 0.909110
vt 0.661985 0.909106
vt 0.661486 0.911721
vt 0.662040 0.911716
vt 0.660987 0.909106
vt 0.660486 0.909095
vt 0.660932 0.911716
vt 0.660376 0.911699
vt 0.659981 0.909075
vt 0.659470 0.909047
vt 0.659816 0.911671
vt 0.659252 0.911632
vt 0.658950 0.909010
vt 0.658419 0.908965
vt 0.658680 0.911582
vt 0.658099 0.911521
vt 0.657873 0.908911
vt 0.657507 0.911450
vt 0.922915 0.579395
vt 0.922256 0.579269
vt 0.922878 0.579202
vt 0.922260 0.579464
vt 0.921632 0.579227
vt 0.922263 0.579659
vt 0.921602 0.579421
vt 0.921024 0.579079
vt 0.920962 0.579265
vt 0.920451 0.578828
vt 0.920899 0.579449
vt 0.920357 0.579001
vt 0.921572 0.579613
vt 0.919929 0.578483
vt 0.919807 0.578636
vt 0.919474 0.578053
vt 0.919686 0.578789
vt 0.919328 0.578183
vt 0.920264 0.579172
vt 0.919100 0.577551
vt 0.918637 0.577063
vt 0.918820 0.576993
vt 0.918768 0.577756
vt 0.918934 0.577653
vt 0.919182 0.578313
vt 0.918819 0.574334
vt 0.918927 0.573675
vt 0.919094 0.573776
vt 0.919315 0.573144
vt 0.919462 0.573272
vt 0.918761 0.573575
vt 0.918454 0.574197
vt 0.918637 0.574266
vt 0.919789 0.572687
vt 0.919912 0.572839
vt 0.920335 0.572318
vt 0.920430 0.572490
vt 0.920240 0.572149
vt 0.919667 0.572536
vt 0.920936 0.572049
vt 0.921000 0.572234
vt 0.921575 0.571888
vt 0.921606 0.572081
vt 0.921543 0.571696
vt 0.920872 0.571866
vt 0.922231 0.571838
vt 0.922229 0.572034
vt 0.922887 0.571902
vt 0.922851 0.572095
vt 0.922922 0.571711
vt 0.922234 0.571644
vt 0.923453 0.572262
vt 0.923521 0.572078
vt 0.924017 0.572529
vt 0.923589 0.571896
vt 0.924116 0.572360
vt 0.924653 0.572740
vt 0.924527 0.572889
vt 0.924967 0.573332
vt 0.924778 0.572592
vt 0.925117 0.573207
vt 0.924214 0.572192
vt 0.925324 0.573843
vt 0.925493 0.573746
vt 0.925588 0.574409
vt 0.925661 0.573649
vt 0.925771 0.574342
vt 0.925266 0.573082
vt 0.925751 0.575011
vt 0.925943 0.574977
vt 0.925807 0.575633
vt 0.926134 0.574942
vt 0.926003 0.575632
vt 0.925954 0.574275
vt 0.925756 0.576255
vt 0.925783 0.576926
vt 0.925599 0.576860
vt 0.925949 0.576288
vt 0.925966 0.576991
vt 0.926140 0.576321
vt 0.925510 0.577525
vt 0.925339 0.577429
vt 0.925137 0.578069
vt 0.924986 0.577944
vt 0.925288 0.578192
vt 0.925679 0.577621
vt 0.924677 0.578540
vt 0.924549 0.578392
vt 0.924142 0.578925
vt 0.924042 0.578757
vt 0.924242 0.579092
vt 0.924804 0.578687
vt 0.923549 0.579213
vt 0.923479 0.579030
vt 0.923619 0.579394
vt 0.660800 0.809133
vt 0.660242 0.811288
vt 0.660115 0.809165
vt 0.660865 0.811265
vt 0.661486 0.811258
vt 0.661487 0.809123
vt 0.667858 0.913696
vt 0.668529 0.913566
vt 0.668305 0.915652
vt 0.669206 0.913428
vt 0.668987 0.915502
vt 0.653985 0.810140
vt 0.653767 0.812213
vt 0.653302 0.810295
vt 0.654444 0.812076
vt 0.655114 0.811945
vt 0.654667 0.809990
vt 0.657082 0.914032
vt 0.656433 0.913930
vt 0.656707 0.916055
vt 0.656028 0.915930
vt 0.657387 0.916169
vt 0.657723 0.914122
vt 0.669671 0.810295
vt 0.669888 0.812358
vt 0.669206 0.812214
vt 0.670355 0.810454
vt 0.670573 0.812509
vt 0.651250 0.810784
vt 0.651029 0.812826
vt 0.650568 0.810954
vt 0.651714 0.812665
vt 0.652400 0.812509
vt 0.651933 0.810617
vt 0.662730 0.914354
vt 0.663354 0.914317
vt 0.662857 0.916477
vt 0.663982 0.914266
vt 0.663541 0.916426
vt 0.664224 0.809285
vt 0.664613 0.811441
vt 0.663982 0.811376
vt 0.664905 0.809371
vt 0.665249 0.811520
vt 0.666945 0.809712
vt 0.667195 0.811824
vt 0.666540 0.811712
vt 0.667625 0.809847
vt 0.667859 0.811946
vt 0.659431 0.809216
vt 0.658991 0.811376
vt 0.658749 0.809285
vt 0.659618 0.811325
vt 0.669888 0.913284
vt 0.669671 0.915347
vt 0.670573 0.913133
vt 0.670355 0.915188
vt 0.671259 0.912977
vt 0.671039 0.915025
vt 0.671944 0.912816
vt 0.671723 0.914858
vt 0.671386 0.910390
vt 0.662108 0.811265
vt 0.662172 0.809133
vt 0.662730 0.811288
vt 0.658360 0.914200
vt 0.658067 0.916270
vt 0.658748 0.916356
vt 0.658991 0.914266
vt 0.655348 0.809847
vt 0.655777 0.811824
vt 0.656433 0.811712
vt 0.656028 0.809712
vt 0.656708 0.809586
vt 0.657082 0.811610
vt 0.657724 0.811519
vt 0.657387 0.809472
vt 0.653085 0.913283
vt 0.652400 0.913133
vt 0.652618 0.915188
vt 0.651933 0.915024
vt 0.664613 0.914200
vt 0.664224 0.916356
vt 0.665249 0.914122
vt 0.664905 0.916270
vt 0.665891 0.914032
vt 0.665585 0.916169
vt 0.666539 0.913930
vt 0.666265 0.916055
vt 0.652618 0.810454
vt 0.653085 0.812358
vt 0.668306 0.809990
vt 0.668529 0.812076
vt 0.668988 0.810140
vt 0.659618 0.914317
vt 0.659431 0.916426
vt 0.660115 0.916477
vt 0.660242 0.914354
vt 0.660865 0.914376
vt 0.660800 0.916508
vt 0.661486 0.916519
vt 0.661486 0.914383
vt 0.651714 0.912976
vt 0.651029 0.912816
vt 0.651250 0.914858
vt 0.650568 0.914688
vt 0.662858 0.809165
vt 0.663355 0.811325
vt 0.663542 0.809216
vt 0.658068 0.809371
vt 0.658360 0.811441
vt 0.782380 0.818062
vt 0.781761 0.817374
vt 0.782333 0.817338
vt 0.782290 0.816614
vt 0.780991 0.817422
vt 0.781718 0.816646
vt 0.781039 0.818154
vt 0.781809 0.818101
vt 0.667195 0.913818
vt 0.666944 0.915930
vt 0.667625 0.915795
vt 0.671039 0.810617
vt 0.671259 0.812665
vt 0.671386 0.815252
vt 0.671723 0.810784
vt 0.671944 0.812826
vt 0.655777 0.913818
vt 0.655348 0.915795
vt 0.665586 0.809472
vt 0.665891 0.811610
vt 0.666265 0.809587
vt 0.662108 0.914376
vt 0.662172 0.916508
vt 0.782157 0.813715
vt 0.781562 0.813007
vt 0.782134 0.812991
vt 0.782116 0.812265
vt 0.780791 0.813030
vt 0.781543 0.812278
vt 0.781585 0.813735
vt 0.697857 0.824109
vt 0.697262 0.823400
vt 0.697835 0.823384
vt 0.697244 0.822671
vt 0.697817 0.822658
vt 0.696490 0.823423
vt 0.697285 0.824128
vt 0.697286 0.815356
vt 0.697886 0.814649
vt 0.697859 0.815375
vt 0.697343 0.813896
vt 0.697916 0.813922
vt 0.697312 0.814626
vt 0.696572 0.813861
vt 0.696512 0.815330
vt 0.782488 0.819509
vt 0.781860 0.818828
vt 0.782432 0.818785
vt 0.781147 0.819615
vt 0.781916 0.819555
vt 0.697796 0.818288
vt 0.697231 0.817549
vt 0.697806 0.817559
vt 0.697245 0.816817
vt 0.697820 0.816830
vt 0.696471 0.816800
vt 0.696446 0.818272
vt 0.697220 0.818281
vt 0.781914 0.799145
vt 0.782547 0.798463
vt 0.782488 0.799189
vt 0.782036 0.797685
vt 0.782612 0.797735
vt 0.781202 0.798351
vt 0.781974 0.798415
vt 0.697951 0.813196
vt 0.697417 0.812439
vt 0.697989 0.812471
vt 0.697378 0.813167
vt 0.696646 0.812395
vt 0.781583 0.804978
vt 0.782182 0.804273
vt 0.782155 0.804998
vt 0.781641 0.803522
vt 0.782213 0.803548
vt 0.781610 0.804250
vt 0.780869 0.803487
vt 0.780839 0.804219
vt 0.698079 0.828454
vt 0.697461 0.827766
vt 0.698032 0.827730
vt 0.697418 0.827039
vt 0.697989 0.827006
vt 0.696692 0.827814
vt 0.696739 0.828545
vt 0.697509 0.828493
vt 0.781518 0.810818
vt 0.782086 0.810085
vt 0.782092 0.810812
vt 0.781510 0.809357
vt 0.782084 0.809358
vt 0.781512 0.810088
vt 0.780736 0.809358
vt 0.780738 0.810092
vt 0.697804 0.821931
vt 0.697220 0.821209
vt 0.697795 0.821203
vt 0.697230 0.821940
vt 0.696446 0.821218
vt 0.696470 0.822688
vt 0.698031 0.811747
vt 0.697460 0.811711
vt 0.698079 0.811024
vt 0.696737 0.810932
vt 0.697507 0.810984
vt 0.696690 0.811664
vt 0.697837 0.816102
vt 0.697263 0.816086
vt 0.696489 0.816065
vt 0.697737 0.831400
vt 0.698246 0.830624
vt 0.698311 0.831349
vt 0.697615 0.829946
vt 0.698186 0.829901
vt 0.696906 0.830736
vt 0.697675 0.830672
vt 0.698130 0.810300
vt 0.697559 0.810257
vt 0.698186 0.809575
vt 0.696845 0.809469
vt 0.697614 0.809530
vt 0.697343 0.825584
vt 0.697884 0.824833
vt 0.697915 0.825557
vt 0.697312 0.824856
vt 0.696514 0.824155
vt 0.696573 0.825619
vt 0.782039 0.821011
vt 0.782548 0.820234
vt 0.782614 0.820960
vt 0.781206 0.820346
vt 0.781976 0.820282
vt 0.781268 0.821077
vt 0.697212 0.819745
vt 0.697789 0.819017
vt 0.697787 0.819745
vt 0.696439 0.819009
vt 0.697214 0.819013
vt 0.696437 0.819745
vt 0.782249 0.802823
vt 0.781716 0.802064
vt 0.782289 0.802097
vt 0.781676 0.802793
vt 0.780943 0.802020
vt 0.782086 0.808630
vt 0.781518 0.807896
vt 0.782092 0.807902
vt 0.780738 0.808622
vt 0.781512 0.808627
vt 0.781807 0.800605
vt 0.782433 0.799916
vt 0.782381 0.800644
vt 0.781086 0.799818
vt 0.781859 0.799874
vt 0.781035 0.800552
vt 0.781643 0.815190
vt 0.782184 0.814440
vt 0.782215 0.815164
vt 0.780842 0.814493
vt 0.781612 0.814463
vt 0.780873 0.815225
vt 0.782250 0.815889
vt 0.781679 0.815918
vt 0.780948 0.816690
vt 0.781542 0.806436
vt 0.782133 0.805723
vt 0.782115 0.806448
vt 0.781560 0.805707
vt 0.780811 0.804952
vt 0.780789 0.805685
vt 0.698246 0.808851
vt 0.697736 0.808073
vt 0.698311 0.808124
vt 0.697673 0.808802
vt 0.696965 0.808008
vt 0.696904 0.808739
vt 0.781760 0.801335
vt 0.782333 0.801371
vt 0.780987 0.801286
vt 0.782102 0.811539
vt 0.781529 0.811549
vt 0.780745 0.810827
vt 0.780771 0.812297
vt 0.697378 0.826311
vt 0.697950 0.826282
vt 0.696648 0.827082
vt 0.781527 0.807166
vt 0.782101 0.807175
vt 0.780770 0.806419
vt 0.780744 0.807887
vt 0.698131 0.829177
vt 0.697560 0.829219
vt 0.696791 0.829276
vt 0.697789 0.820474
vt 0.696439 0.820481
vt 0.697214 0.820477
vt 0.921622 0.540032
vt 0.921001 0.540089
vt 0.921033 0.540181
vt 0.920493 0.540456
vt 0.920478 0.540430
vt 0.921043 0.540210
vt 0.921627 0.540062
vt 0.921050 0.540229
vt 0.920513 0.540492
vt 0.920503 0.540474
vt 0.921631 0.540083
vt 0.921056 0.540249
vt 0.654438 0.809017
vt 0.653786 0.809316
vt 0.653753 0.809180
vt 0.653101 0.809481
vt 0.653068 0.809346
vt 0.654471 0.809155
vt 0.919546 0.545845
vt 0.920495 0.546600
vt 0.920007 0.546240
vt 0.919988 0.546264
vt 0.919584 0.545811
vt 0.919569 0.545825
vt 0.920520 0.546555
vt 0.920510 0.546573
vt 0.920032 0.546208
vt 0.920020 0.546224
vt 0.919600 0.545798
vt 0.671240 0.809817
vt 0.670589 0.809514
vt 0.671274 0.809684
vt 0.670556 0.809648
vt 0.669905 0.809346
vt 0.669872 0.809481
vt 0.924484 0.546175
vt 0.924909 0.545740
vt 0.924885 0.545720
vt 0.923974 0.546505
vt 0.923990 0.546531
vt 0.924450 0.546137
vt 0.924464 0.546152
vt 0.924869 0.545707
vt 0.924853 0.545694
vt 0.923953 0.546469
vt 0.923963 0.546487
vt 0.665769 0.808432
vt 0.665044 0.808464
vt 0.665067 0.808314
vt 0.664341 0.808364
vt 0.664361 0.808211
vt 0.665742 0.808580
vt 0.925239 0.541747
vt 0.925213 0.541762
vt 0.924892 0.541249
vt 0.925467 0.542308
vt 0.925496 0.542297
vt 0.925448 0.542315
vt 0.925195 0.541772
vt 0.924868 0.541269
vt 0.924837 0.541295
vt 0.924852 0.541282
vt 0.925429 0.542322
vt 0.660052 0.808221
vt 0.659324 0.808127
vt 0.660041 0.808063
vt 0.659340 0.808282
vt 0.658613 0.808211
vt 0.658632 0.808364
vt 0.655157 0.808999
vt 0.655846 0.808850
vt 0.655815 0.808707
vt 0.655125 0.808859
vt 0.922228 0.540058
vt 0.921634 0.540103
vt 0.922228 0.540037
vt 0.922821 0.540116
vt 0.922228 0.540017
vt 0.922825 0.540096
vt 0.922229 0.539986
vt 0.922834 0.540045
vt 0.922828 0.540076
vt 0.654471 0.916486
vt 0.653785 0.916325
vt 0.653752 0.916461
vt 0.653101 0.916161
vt 0.654438 0.916624
vt 0.921654 0.579080
vt 0.921078 0.578919
vt 0.921658 0.579060
vt 0.921072 0.578938
vt 0.920532 0.578680
vt 0.921065 0.578958
vt 0.920522 0.578698
vt 0.921647 0.579131
vt 0.921651 0.579100
vt 0.921055 0.578987
vt 0.920512 0.578716
vt 0.920498 0.578743
vt 0.670556 0.915994
vt 0.669871 0.916161
vt 0.669905 0.916296
vt 0.671240 0.915825
vt 0.670589 0.916128
vt 0.919590 0.573383
vt 0.920005 0.572954
vt 0.920018 0.572970
vt 0.920502 0.572619
vt 0.920512 0.572637
vt 0.920492 0.572601
vt 0.919574 0.573370
vt 0.919993 0.572939
vt 0.919536 0.573336
vt 0.919559 0.573357
vt 0.919973 0.572915
vt 0.920477 0.572575
vt 0.665043 0.917177
vt 0.664340 0.917277
vt 0.664360 0.917431
vt 0.665742 0.917062
vt 0.665066 0.917328
vt 0.923942 0.572657
vt 0.924418 0.573018
vt 0.923932 0.572675
vt 0.924431 0.573002
vt 0.924837 0.573440
vt 0.924444 0.572987
vt 0.924853 0.573427
vt 0.923953 0.572639
vt 0.924464 0.572963
vt 0.924869 0.573414
vt 0.924892 0.573394
vt 0.923968 0.572613
vt 0.660051 0.917421
vt 0.659339 0.917359
vt 0.658612 0.917431
vt 0.658632 0.917277
vt 0.659324 0.917515
vt 0.925439 0.576804
vt 0.925210 0.577356
vt 0.925192 0.577346
vt 0.924855 0.577837
vt 0.924887 0.577863
vt 0.924871 0.577850
vt 0.925459 0.576810
vt 0.925228 0.577366
vt 0.925478 0.576817
vt 0.925255 0.577381
vt 0.924911 0.577883
vt 0.925507 0.576828
vt 0.922859 0.579107
vt 0.922253 0.579141
vt 0.922254 0.579171
vt 0.922253 0.579120
vt 0.922849 0.579056
vt 0.922853 0.579076
vt 0.922252 0.579100
vt 0.655125 0.916783
vt 0.655157 0.916642
vt 0.655815 0.916934
vt 0.655845 0.916791
vt 0.919974 0.540769
vt 0.919560 0.541211
vt 0.919537 0.541191
vt 0.919994 0.540793
vt 0.920006 0.540809
vt 0.919575 0.541225
vt 0.919591 0.541238
vt 0.920019 0.540825
vt 0.652417 0.809648
vt 0.652384 0.809514
vt 0.651733 0.809816
vt 0.651699 0.809684
vt 0.921644 0.546988
vt 0.921062 0.546815
vt 0.921052 0.546844
vt 0.921069 0.546795
vt 0.921651 0.546937
vt 0.921648 0.546957
vt 0.921655 0.546917
vt 0.920529 0.546537
vt 0.669220 0.809180
vt 0.669187 0.809317
vt 0.668535 0.809017
vt 0.668502 0.809156
vt 0.925253 0.545238
vt 0.925506 0.544684
vt 0.925227 0.545223
vt 0.925458 0.544667
vt 0.925477 0.544674
vt 0.925209 0.545213
vt 0.925438 0.544660
vt 0.925191 0.545202
vt 0.663633 0.808282
vt 0.663649 0.808127
vt 0.662932 0.808063
vt 0.662921 0.808221
vt 0.923968 0.540468
vt 0.924464 0.540818
vt 0.923953 0.540494
vt 0.924444 0.540842
vt 0.924431 0.540857
vt 0.924418 0.540873
vt 0.923942 0.540512
vt 0.657906 0.808314
vt 0.657231 0.808580
vt 0.657205 0.808432
vt 0.657929 0.808464
vt 0.652417 0.915994
vt 0.652383 0.916127
vt 0.651732 0.915825
vt 0.653068 0.916296
vt 0.920022 0.578367
vt 0.920035 0.578351
vt 0.919586 0.577954
vt 0.919601 0.577940
vt 0.920009 0.578383
vt 0.919990 0.578407
vt 0.919570 0.577967
vt 0.919547 0.577988
vt 0.669187 0.916325
vt 0.668502 0.916486
vt 0.668534 0.916625
vt 0.669220 0.916462
vt 0.921049 0.572374
vt 0.921056 0.572394
vt 0.921630 0.572227
vt 0.921633 0.572248
vt 0.921042 0.572355
vt 0.921032 0.572326
vt 0.921622 0.572177
vt 0.921627 0.572207
vt 0.663633 0.917359
vt 0.662921 0.917421
vt 0.662932 0.917578
vt 0.925178 0.573928
vt 0.925196 0.573917
vt 0.925429 0.574467
vt 0.925213 0.573907
vt 0.925448 0.574459
vt 0.925496 0.574442
vt 0.925468 0.574453
vt 0.925240 0.573892
vt 0.657929 0.917177
vt 0.657906 0.917328
vt 0.657230 0.917061
vt 0.924452 0.578279
vt 0.924439 0.578264
vt 0.923966 0.578630
vt 0.923955 0.578612
vt 0.923976 0.578647
vt 0.924466 0.578295
vt 0.924486 0.578318
vt 0.923992 0.578674
vt 0.918910 0.542223
vt 0.919178 0.541681
vt 0.918939 0.542234
vt 0.919204 0.541697
vt 0.919222 0.541708
vt 0.918958 0.542242
vt 0.919239 0.541718
vt 0.651048 0.809988
vt 0.651015 0.809855
vt 0.650366 0.810163
vt 0.650331 0.810031
vt 0.922251 0.547029
vt 0.922856 0.546964
vt 0.922250 0.546998
vt 0.922847 0.546914
vt 0.922851 0.546934
vt 0.922250 0.546977
vt 0.922843 0.546893
vt 0.922249 0.546957
vt 0.667847 0.808859
vt 0.667816 0.809000
vt 0.667158 0.808707
vt 0.667127 0.808850
vt 0.925660 0.544095
vt 0.925709 0.543489
vt 0.925629 0.544090
vt 0.925609 0.544087
vt 0.925658 0.543489
vt 0.925679 0.543489
vt 0.925638 0.543489
vt 0.925589 0.544083
vt 0.662211 0.808023
vt 0.661487 0.808167
vt 0.661487 0.808008
vt 0.662205 0.808182
vt 0.923420 0.540207
vt 0.923409 0.540236
vt 0.923395 0.540274
vt 0.923402 0.540255
vt 0.923932 0.540529
vt 0.656508 0.808564
vt 0.656537 0.808710
vt 0.651048 0.915654
vt 0.651014 0.915786
vt 0.650366 0.915478
vt 0.651699 0.915958
vt 0.919227 0.577472
vt 0.919244 0.577462
vt 0.918958 0.576939
vt 0.918976 0.576931
vt 0.919209 0.577483
vt 0.919183 0.577499
vt 0.918939 0.576947
vt 0.918910 0.576958
vt 0.667815 0.916643
vt 0.667127 0.916792
vt 0.667157 0.916935
vt 0.667847 0.916783
vt 0.922227 0.572182
vt 0.922227 0.572203
vt 0.922824 0.572241
vt 0.922820 0.572261
vt 0.922228 0.572162
vt 0.922228 0.572131
vt 0.922833 0.572191
vt 0.922828 0.572221
vt 0.662205 0.917460
vt 0.661486 0.917474
vt 0.662211 0.917619
vt 0.925584 0.575041
vt 0.925605 0.575037
vt 0.925638 0.575634
vt 0.925625 0.575034
vt 0.925659 0.575634
vt 0.925655 0.575028
vt 0.925710 0.575633
vt 0.925679 0.575633
vt 0.656536 0.916932
vt 0.656507 0.917077
vt 0.657204 0.917209
vt 0.923426 0.578891
vt 0.923419 0.578872
vt 0.922845 0.579036
vt 0.923434 0.578910
vt 0.923445 0.578939
vt 0.918910 0.544817
vt 0.919182 0.545357
vt 0.919208 0.545341
vt 0.918957 0.544798
vt 0.918938 0.544805
vt 0.919226 0.545330
vt 0.919243 0.545320
vt 0.918976 0.544790
vt 0.672607 0.810163
vt 0.671958 0.809856
vt 0.672642 0.810031
vt 0.671924 0.809988
vt 0.672405 0.810954
vt 0.923431 0.546768
vt 0.923442 0.546797
vt 0.923424 0.546749
vt 0.923416 0.546730
vt 0.666465 0.808564
vt 0.666437 0.808710
vt 0.925624 0.542889
vt 0.925655 0.542884
vt 0.925604 0.542893
vt 0.925584 0.542896
vt 0.660762 0.808023
vt 0.660768 0.808182
vt 0.672405 0.914688
vt 0.671924 0.915654
vt 0.671273 0.915958
vt 0.672607 0.915479
vt 0.671958 0.915786
vt 0.918976 0.574394
vt 0.919221 0.573853
vt 0.919239 0.573864
vt 0.918957 0.574387
vt 0.919203 0.573842
vt 0.918910 0.574368
vt 0.918939 0.574379
vt 0.919177 0.573826
vt 0.666436 0.916932
vt 0.665768 0.917210
vt 0.666464 0.917078
vt 0.923394 0.572420
vt 0.923402 0.572400
vt 0.923409 0.572381
vt 0.923419 0.572353
vt 0.660767 0.917460
vt 0.660040 0.917578
vt 0.660762 0.917619
vt 0.925590 0.576227
vt 0.925610 0.576231
vt 0.925630 0.576234
vt 0.925660 0.576239
vt 0.782580 0.817323
vt 0.782631 0.817320
vt 0.782627 0.818045
vt 0.782589 0.816597
vt 0.782537 0.816600
vt 0.921517 0.539387
vt 0.920825 0.539584
vt 0.920819 0.539564
vt 0.920161 0.539858
vt 0.920180 0.539894
vt 0.920170 0.539876
vt 0.921524 0.539427
vt 0.921520 0.539407
vt 0.921528 0.539457
vt 0.920832 0.539603
vt 0.920842 0.539631
vt 0.920195 0.539920
vt 0.920873 0.539721
vt 0.782681 0.799934
vt 0.782681 0.800664
vt 0.782629 0.800661
vt 0.782735 0.799209
vt 0.782733 0.799938
vt 0.919072 0.546267
vt 0.919581 0.546776
vt 0.919057 0.546280
vt 0.919594 0.546760
vt 0.920182 0.547174
vt 0.919606 0.546744
vt 0.920192 0.547157
vt 0.919087 0.546253
vt 0.919625 0.546720
vt 0.920201 0.547139
vt 0.920216 0.547112
vt 0.919181 0.546170
vt 0.919109 0.546233
vt 0.782380 0.805730
vt 0.782362 0.806454
vt 0.782432 0.805731
vt 0.782454 0.805007
vt 0.782403 0.805006
vt 0.924325 0.547093
vt 0.924897 0.546656
vt 0.924910 0.546671
vt 0.925399 0.546143
vt 0.925415 0.546155
vt 0.924884 0.546640
vt 0.924315 0.547076
vt 0.924289 0.547032
vt 0.924304 0.547058
vt 0.925360 0.546111
vt 0.925384 0.546130
vt 0.924864 0.546618
vt 0.782350 0.811535
vt 0.782416 0.812259
vt 0.782364 0.812260
vt 0.782392 0.810808
vt 0.782340 0.810809
vt 0.926091 0.542080
vt 0.925804 0.541421
vt 0.926110 0.542073
vt 0.925377 0.540843
vt 0.925393 0.540830
vt 0.925787 0.541431
vt 0.925362 0.540856
vt 0.926072 0.542087
vt 0.926043 0.542097
vt 0.925769 0.541441
vt 0.925743 0.541456
vt 0.925339 0.540876
vt 0.921544 0.539551
vt 0.922235 0.539404
vt 0.922940 0.539472
vt 0.922923 0.539566
vt 0.922235 0.539374
vt 0.922949 0.539423
vt 0.922946 0.539442
vt 0.922236 0.539333
vt 0.922236 0.539353
vt 0.782550 0.815874
vt 0.782498 0.815876
vt 0.782514 0.815150
vt 0.782462 0.815153
vt 0.920869 0.579539
vt 0.920859 0.579568
vt 0.920219 0.579256
vt 0.921553 0.579738
vt 0.921558 0.579708
vt 0.920853 0.579587
vt 0.920204 0.579283
vt 0.920185 0.579318
vt 0.920194 0.579300
vt 0.921550 0.579758
vt 0.920846 0.579606
vt 0.698236 0.812485
vt 0.698330 0.811765
vt 0.698288 0.812487
vt 0.698278 0.811762
vt 0.698377 0.811044
vt 0.698325 0.811041
vt 0.919169 0.573016
vt 0.919607 0.572462
vt 0.920194 0.572065
vt 0.920179 0.572038
vt 0.919097 0.572953
vt 0.919588 0.572438
vt 0.919059 0.572920
vt 0.919074 0.572933
vt 0.919575 0.572423
vt 0.920159 0.572003
vt 0.920169 0.572021
vt 0.919562 0.572407
vt 0.698433 0.829881
vt 0.698429 0.829155
vt 0.698484 0.829877
vt 0.698378 0.829159
vt 0.698378 0.828433
vt 0.698326 0.828437
vt 0.924840 0.572519
vt 0.925339 0.573021
vt 0.924860 0.572496
vt 0.924278 0.572084
vt 0.924262 0.572110
vt 0.924288 0.572066
vt 0.925378 0.572989
vt 0.925362 0.573002
vt 0.924886 0.572465
vt 0.924873 0.572481
vt 0.924298 0.572049
vt 0.698156 0.824099
vt 0.698082 0.823378
vt 0.698134 0.823376
vt 0.698065 0.822653
vt 0.698117 0.822652
vt 0.698104 0.824101
vt 0.925762 0.577668
vt 0.925362 0.578253
vt 0.925385 0.578272
vt 0.926057 0.577023
vt 0.925788 0.577682
vt 0.926104 0.577040
vt 0.926085 0.577033
vt 0.925806 0.577692
vt 0.925824 0.577702
vt 0.925401 0.578285
vt 0.698097 0.818292
vt 0.698055 0.817563
vt 0.698107 0.817564
vt 0.698120 0.816836
vt 0.698068 0.816835
vt 0.698045 0.818291
vt 0.698198 0.813208
vt 0.698216 0.813936
vt 0.698164 0.813933
vt 0.698250 0.813211
vt 0.922267 0.579825
vt 0.921547 0.579778
vt 0.922266 0.579805
vt 0.922984 0.579749
vt 0.922266 0.579785
vt 0.922981 0.579729
vt 0.922971 0.579680
vt 0.922977 0.579709
vt 0.922265 0.579754
vt 0.922953 0.579586
vt 0.782678 0.818767
vt 0.782730 0.818763
vt 0.782735 0.819489
vt 0.782678 0.818041
vt 0.919564 0.540262
vt 0.919576 0.540278
vt 0.919044 0.540761
vt 0.919075 0.540788
vt 0.919060 0.540775
vt 0.919589 0.540293
vt 0.919098 0.540808
vt 0.919608 0.540317
vt 0.782581 0.801387
vt 0.782588 0.802115
vt 0.782536 0.802112
vt 0.782633 0.801390
vt 0.920843 0.547463
vt 0.920850 0.547444
vt 0.921544 0.547635
vt 0.921550 0.547595
vt 0.921547 0.547615
vt 0.920856 0.547425
vt 0.920866 0.547396
vt 0.921555 0.547565
vt 0.782350 0.807179
vt 0.782401 0.807180
vt 0.782340 0.807905
vt 0.782414 0.806455
vt 0.925805 0.545549
vt 0.925823 0.545559
vt 0.926104 0.544896
vt 0.926123 0.544903
vt 0.926085 0.544889
vt 0.925761 0.545525
vt 0.925788 0.545539
vt 0.926056 0.544879
vt 0.782382 0.812984
vt 0.782403 0.813707
vt 0.782455 0.813705
vt 0.782433 0.812982
vt 0.924872 0.540336
vt 0.924885 0.540320
vt 0.924288 0.539921
vt 0.924298 0.539904
vt 0.924859 0.540351
vt 0.924262 0.539965
vt 0.924278 0.539939
vt 0.924840 0.540374
vt 0.919627 0.578864
vt 0.919608 0.578888
vt 0.919111 0.578376
vt 0.919595 0.578903
vt 0.919073 0.578410
vt 0.919088 0.578396
vt 0.919583 0.578919
vt 0.698429 0.810322
vt 0.698377 0.810318
vt 0.698484 0.809599
vt 0.698433 0.809595
vt 0.920841 0.571776
vt 0.921523 0.571571
vt 0.921528 0.571601
vt 0.920831 0.571747
vt 0.920824 0.571728
vt 0.921517 0.571531
vt 0.921520 0.571551
vt 0.920818 0.571709
vt 0.698331 0.827711
vt 0.698236 0.826992
vt 0.698288 0.826989
vt 0.698280 0.827715
vt 0.925743 0.573601
vt 0.925770 0.573586
vt 0.926043 0.574242
vt 0.925787 0.573576
vt 0.926091 0.574225
vt 0.926072 0.574232
vt 0.925804 0.573566
vt 0.925393 0.572976
vt 0.698052 0.821927
vt 0.698104 0.821927
vt 0.698043 0.821201
vt 0.698096 0.821200
vt 0.924866 0.578760
vt 0.924307 0.579201
vt 0.924291 0.579175
vt 0.924886 0.578782
vt 0.924899 0.578798
vt 0.924317 0.579218
vt 0.924912 0.578813
vt 0.925416 0.578297
vt 0.698137 0.816110
vt 0.698085 0.816109
vt 0.698159 0.815385
vt 0.698107 0.815383
vt 0.782795 0.820212
vt 0.782862 0.820937
vt 0.782847 0.820208
vt 0.782787 0.819485
vt 0.918637 0.541354
vt 0.918620 0.541343
vt 0.918317 0.542000
vt 0.918298 0.541992
vt 0.918654 0.541364
vt 0.918680 0.541380
vt 0.918365 0.542018
vt 0.918336 0.542007
vt 0.918455 0.542052
vt 0.782496 0.802835
vt 0.782512 0.803561
vt 0.782460 0.803559
vt 0.782548 0.802838
vt 0.922264 0.547682
vt 0.922978 0.547587
vt 0.922982 0.547606
vt 0.922263 0.547662
vt 0.922974 0.547567
vt 0.922263 0.547642
vt 0.922262 0.547612
vt 0.922968 0.547537
vt 0.782331 0.809358
vt 0.782334 0.808631
vt 0.782383 0.809358
vt 0.782386 0.808631
vt 0.926284 0.544201
vt 0.926304 0.544205
vt 0.926363 0.543486
vt 0.926323 0.543486
vt 0.926343 0.543486
vt 0.926264 0.544198
vt 0.926234 0.544193
vt 0.926293 0.543486
vt 0.782431 0.814430
vt 0.923647 0.539596
vt 0.923640 0.539615
vt 0.922953 0.539403
vt 0.923633 0.539634
vt 0.923623 0.539662
vt 0.918686 0.577806
vt 0.918454 0.577134
vt 0.918661 0.577822
vt 0.918364 0.577168
vt 0.918643 0.577833
vt 0.918317 0.577187
vt 0.918336 0.577180
vt 0.918626 0.577843
vt 0.919058 0.578423
vt 0.698493 0.808872
vt 0.698545 0.808877
vt 0.698559 0.808147
vt 0.698611 0.808152
vt 0.922235 0.571549
vt 0.922235 0.571518
vt 0.922940 0.571617
vt 0.922235 0.571498
vt 0.922945 0.571588
vt 0.922953 0.571548
vt 0.922949 0.571568
vt 0.922236 0.571478
vt 0.698249 0.826267
vt 0.698197 0.826269
vt 0.698214 0.825544
vt 0.698162 0.825546
vt 0.926228 0.574925
vt 0.926293 0.575631
vt 0.926197 0.575631
vt 0.926323 0.575630
vt 0.926258 0.574920
vt 0.926277 0.574916
vt 0.926364 0.575630
vt 0.926343 0.575630
vt 0.926110 0.574218
vt 0.698090 0.820472
vt 0.698038 0.820473
vt 0.698088 0.819745
vt 0.698036 0.819745
vt 0.923653 0.579484
vt 0.923664 0.579512
vt 0.923671 0.579531
vt 0.923678 0.579550
vt 0.698134 0.814658
vt 0.698186 0.814660
vt 0.782861 0.797759
vt 0.782846 0.798489
vt 0.782794 0.798485
vt 0.782913 0.797764
vt 0.918298 0.545054
vt 0.918643 0.545690
vt 0.918626 0.545701
vt 0.918660 0.545679
vt 0.918336 0.545038
vt 0.918317 0.545046
vt 0.918686 0.545664
vt 0.918454 0.544992
vt 0.918364 0.545027
vt 0.782429 0.804283
vt 0.782481 0.804285
vt 0.923668 0.547388
vt 0.923675 0.547407
vt 0.923661 0.547370
vt 0.923650 0.547341
vt 0.782334 0.810083
vt 0.782386 0.810083
vt 0.926297 0.542768
vt 0.926277 0.542772
vt 0.926257 0.542776
vt 0.926228 0.542781
vt 0.926197 0.543487
vt 0.918679 0.573525
vt 0.918654 0.573510
vt 0.918336 0.574152
vt 0.918364 0.574163
vt 0.918636 0.573499
vt 0.919043 0.572907
vt 0.918298 0.574137
vt 0.918317 0.574145
vt 0.698611 0.831321
vt 0.698492 0.830602
vt 0.698544 0.830597
vt 0.698559 0.831327
vt 0.923622 0.571807
vt 0.923633 0.571779
vt 0.923640 0.571760
vt 0.923647 0.571741
vt 0.698182 0.824821
vt 0.698131 0.824823
vt 0.926235 0.576337
vt 0.926264 0.576342
vt 0.926284 0.576345
vt 0.926123 0.577046
vt 0.926304 0.576349
vt 0.698089 0.819019
vt 0.698037 0.819018
vt 0.920937 0.539905
vt 0.877514 0.898434
vt 0.299423 0.988102
vt 0.275627 0.988102
vt 0.806709 0.479516
vt 0.854541 0.011898
vt 0.662349 0.520483
vt 0.686144 0.784212
vt 0.895325 0.011898
vt 0.743321 0.895018
vt 0.895325 0.391289
vt 0.586949 0.902508
vt 0.586949 0.520484
vt 0.878337 0.462094
vt 0.894503 0.692888
vt 0.743321 0.871222
vt 0.782756 0.897782
vt 0.782385 0.844873
vt 0.778379 0.899693
vt 0.925753 0.510040
vt 0.925687 0.510067
vt 0.609259 0.732006
vt 0.609259 0.837584
vt 0.782236 0.897581
vt 0.782302 0.897608
vt 0.778247 0.900386
vt 0.926363 0.509800
vt 0.926326 0.509816
vt 0.782875 0.897827
vt 0.670848 0.862821
vt 0.780815 0.813762
vt 0.696540 0.814595
vt 0.781092 0.818885
vt 0.696457 0.817536
vt 0.781264 0.797619
vt 0.781143 0.799084
vt 0.696607 0.813128
vt 0.696456 0.821953
vt 0.696847 0.830006
vt 0.696967 0.831465
vt 0.696789 0.810201
vt 0.696542 0.824887
vt 0.780905 0.802754
vt 0.780908 0.815958
vt 0.780755 0.811562
vt 0.696609 0.826351
vt 0.780755 0.807153
vt 0.924437 0.546121
vt 0.925177 0.541782
vt 0.921075 0.546776
vt 0.663648 0.917515
vt 0.918977 0.542249
vt 0.650331 0.915610
vt 0.661486 0.917634
vt 0.672642 0.915610
vt 0.782787 0.799213
vt 0.782402 0.811534
vt 0.782392 0.807905
vt 0.924327 0.579235
vt 0.782913 0.820931
vt 0.782482 0.814428
vt 0.918298 0.577195
vt 0.926297 0.574913
vt 0.918619 0.573489
s 1
usemtl Material.001
f 4/1/1 1/2/1 2/3/1
f 8/4/1 24/5/1 22/6/1
f 47/7/1 20/8/1 48/9/1
f 46/10/1 5/11/1 45/12/1
f 19/13/1 13/14/1 15/15/1
f 15/15/1 18/16/1 19/13/1
f 19/13/1 24/5/1 23/17/1
f 10/18/1 14/19/1 7/20/1
f 16/21/1 21/22/1 23/17/1
f 23/17/1 17/23/1 16/21/1
f 48/9/1 9/24/1 46/10/1
f 22/6/1 18/16/1 10/18/1
f 44/25/2 28/26/2 42/27/2
f 40/28/2 51/29/2 52/30/2
f 25/31/2 50/32/2 49/33/2
f 33/34/2 39/35/2 35/36/2
f 38/37/2 35/36/2 39/35/2
f 44/25/2 39/35/2 43/38/2
f 34/39/2 30/40/2 27/41/2
f 41/42/2 36/43/2 43/38/2
f 37/44/2 43/38/2 36/43/2
f 29/45/2 52/30/2 50/32/2
f 38/37/2 42/27/2 30/40/2
f 6/46/3 40/47/3 20/48/3
f 7/49/4 30/50/4 10/51/4
f 22/52/4 28/53/4 8/54/4
f 9/55/3 25/56/3 5/57/3
f 10/51/4 42/58/4 22/52/4
f 5/59/5 49/60/5 45/61/5
f 20/48/3 29/62/3 9/55/3
f 16/63/6 31/64/6 11/65/6
f 15/66/5 34/67/5 14/68/5
f 16/63/6 37/69/6 36/70/6
f 7/71/5 34/67/5 27/72/5
f 15/66/5 33/73/5 35/74/5
f 47/75/6 31/64/6 51/76/6
f 8/77/6 37/69/6 17/78/6
f 6/79/6 51/76/6 26/80/6
f 45/61/5 33/73/5 13/81/5
f 50/32/2 41/42/2 32/82/2
f 49/33/2 32/82/2 33/34/2
f 52/30/2 31/83/2 41/42/2
f 21/22/1 46/10/1 12/84/1
f 12/84/1 45/12/1 13/14/1
f 11/85/1 48/9/1 21/22/1
f 57/86/4 55/87/4 58/88/4
f 60/89/6 53/90/6 57/91/6
f 60/92/3 56/93/3 54/94/3
f 58/95/5 56/96/5 59/97/5
f 63/98/3 65/99/3 66/100/3
f 65/101/5 62/102/5 68/103/5
f 62/104/4 67/105/4 68/106/4
f 64/107/6 66/108/6 67/109/6
f 53/110/2 63/111/2 55/112/2
f 54/113/2 61/114/2 53/110/2
f 56/115/2 62/116/2 54/113/2
f 55/112/2 64/117/2 56/115/2
f 58/118/1 65/119/1 57/120/1
f 58/118/1 67/121/1 66/122/1
f 60/123/1 65/119/1 68/124/1
f 60/123/1 67/121/1 59/125/1
f 237/126/7 1301/127/8 1211/128/9
f 851/129/10 1205/130/11 1301/127/8
f 1301/127/8 362/131/12 1081/132/13
f 1211/128/9 1081/132/13 366/133/14
f 230/134/15 1302/135/16 1206/136/17
f 803/137/18 1209/138/19 1302/135/16
f 1209/138/19 1021/139/20 1302/135/16
f 1206/136/17 1021/139/20 357/140/21
f 241/141/22 1303/142/23 1213/143/24
f 907/144/25 1211/128/9 1303/142/23
f 1303/142/23 366/133/14 1137/145/26
f 1213/143/24 1137/145/26 370/146/27
f 957/147/28 1215/148/29 246/149/30
f 241/150/22 1304/151/31 957/147/28
f 1213/152/24 1184/153/32 1304/151/31
f 1304/151/31 373/154/33 1215/148/29
f 768/155/34 1217/156/35 249/157/36
f 246/149/30 1305/158/37 768/155/34
f 1215/148/29 1000/159/38 1305/158/37
f 1305/158/37 378/160/39 1217/156/35
f 858/161/40 1219/162/41 253/163/42
f 249/157/36 1306/164/43 858/161/40
f 1217/156/35 1088/165/44 1306/164/43
f 1306/164/43 382/166/45 1219/162/41
f 257/167/46 1307/168/47 1221/169/48
f 253/163/42 1307/168/47 914/170/49
f 1219/162/41 1144/171/50 1307/168/47
f 1307/168/47 386/172/51 1221/169/48
f 262/173/52 1308/174/53 1223/175/54
f 257/167/46 1308/174/53 961/176/55
f 1308/174/53 386/172/51 1188/177/56
f 1223/175/54 1188/177/56 389/178/57
f 265/179/58 1309/180/59 1225/181/60
f 778/182/61 1223/175/54 1309/180/59
f 1309/180/59 389/178/57 1010/183/62
f 1225/181/60 1010/183/62 394/184/63
f 269/185/64 1310/186/65 1227/187/66
f 865/188/67 1225/181/60 1310/186/65
f 1310/186/65 394/184/63 1095/189/68
f 1227/187/66 1095/189/68 398/190/69
f 273/191/70 1311/192/71 1229/193/72
f 921/194/73 1227/187/66 1311/192/71
f 1311/192/71 398/190/69 1151/195/74
f 1311/192/71 402/196/75 1229/193/72
f 965/197/76 1231/198/77 278/199/78
f 273/191/70 1312/200/79 965/197/76
f 1229/193/72 1192/201/80 1312/200/79
f 1312/200/79 405/202/81 1231/198/77
f 788/203/82 1233/204/83 281/205/84
f 278/199/78 1313/206/85 788/203/82
f 1231/198/77 1020/207/86 1313/206/85
f 1313/206/85 410/208/87 1233/204/83
f 872/209/88 1235/210/89 285/211/90
f 281/205/84 1314/212/91 872/209/88
f 1233/204/83 1102/213/92 1314/212/91
f 1235/210/89 1102/213/92 414/214/93
f 290/215/94 1315/216/95 1209/138/19
f 285/211/90 1315/216/95 928/217/96
f 1235/210/89 1155/218/97 1315/216/95
f 1209/138/19 1155/218/97 417/219/98
f 182/220/99 1316/221/100 545/222/101
f 1237/223/102 805/224/103 1316/221/100
f 1316/221/100 294/225/104 1238/226/105
f 545/222/101 1238/226/105 181/227/106
f 490/228/107 489/229/108 69/230/109
f 85/231/110 1317/232/111 490/228/107
f 498/233/112 682/234/113 1317/232/111
f 1317/232/111 84/235/114 489/229/108
f 557/236/115 485/237/116 70/238/117
f 86/239/118 1318/240/119 557/236/115
f 491/241/120 490/228/107 1318/240/119
f 1318/240/119 69/230/109 485/237/116
f 617/242/121 553/243/122 71/244/123
f 87/245/124 1319/246/125 617/242/121
f 558/247/126 557/236/115 1319/246/125
f 1319/246/125 70/238/117 553/243/122
f 676/248/127 613/249/128 72/250/129
f 88/251/130 1320/252/131 676/248/127
f 618/253/132 617/242/121 1320/252/131
f 1320/252/131 71/244/123 613/249/128
f 73/254/133 1321/255/134 673/256/135
f 492/257/136 677/258/137 1321/255/134
f 1321/255/134 88/259/130 676/260/127
f 673/256/135 676/260/127 72/261/129
f 74/262/138 1322/263/139 486/264/140
f 559/265/141 493/266/142 1322/263/139
f 1322/263/139 89/267/143 492/257/136
f 486/264/140 492/257/136 73/254/133
f 75/268/144 1323/269/145 554/270/146
f 619/271/147 560/272/148 1323/269/145
f 1323/269/145 90/273/149 559/265/141
f 554/270/146 559/265/141 74/262/138
f 76/274/150 1324/275/151 614/276/152
f 678/277/153 620/278/154 1324/275/151
f 1324/275/151 91/279/155 619/271/147
f 614/276/152 619/271/147 75/268/144
f 77/280/156 1325/281/157 674/282/158
f 494/283/159 679/284/160 1325/281/157
f 1325/281/157 92/285/161 678/277/153
f 674/282/158 678/277/153 76/274/150
f 78/286/162 1326/287/163 487/288/164
f 561/289/165 495/290/166 1326/287/163
f 1326/287/163 93/291/167 494/283/159
f 487/288/164 494/283/159 77/280/156
f 79/292/168 1327/293/169 555/294/170
f 621/295/171 562/296/172 1327/293/169
f 1327/293/169 94/297/173 561/289/165
f 555/294/170 561/289/165 78/286/162
f 80/298/174 1328/299/175 615/300/176
f 680/301/177 622/302/178 1328/299/175
f 1328/299/175 95/303/179 621/295/171
f 615/300/176 621/295/171 79/292/168
f 496/304/180 675/305/181 81/306/182
f 97/307/183 1329/308/184 496/304/180
f 681/309/185 680/301/177 1329/308/184
f 1329/308/184 80/298/174 675/305/181
f 563/310/186 488/311/187 82/312/188
f 98/313/189 1330/314/190 563/310/186
f 497/315/191 496/304/180 1330/314/190
f 1330/314/190 81/306/182 488/311/187
f 623/316/192 556/317/193 83/318/194
f 99/319/195 1331/320/196 623/316/192
f 564/321/197 563/310/186 1331/320/196
f 1331/320/196 82/312/188 556/317/193
f 682/234/113 616/322/198 84/235/114
f 100/323/199 1332/324/200 682/234/113
f 624/325/201 623/316/192 1332/324/200
f 1332/324/200 83/318/194 616/322/198
f 499/326/202 498/233/112 85/231/110
f 101/327/203 1333/328/204 499/326/202
f 507/329/205 689/330/206 1333/328/204
f 1333/328/204 100/323/199 498/233/112
f 565/331/207 491/241/120 86/239/118
f 102/332/208 1334/333/209 565/331/207
f 500/334/210 499/326/202 1334/333/209
f 1334/333/209 85/231/110 491/241/120
f 625/335/211 558/247/126 87/245/124
f 103/336/212 1335/337/213 625/335/211
f 566/338/214 565/331/207 1335/337/213
f 1335/337/213 86/239/118 558/247/126
f 683/339/215 618/253/132 88/251/130
f 104/340/216 1336/341/217 683/339/215
f 626/342/218 625/335/211 1336/341/217
f 1336/341/217 87/245/124 618/253/132
f 89/267/143 1337/343/219 677/258/137
f 501/344/220 684/345/221 1337/343/219
f 1337/343/219 104/346/216 683/347/215
f 677/258/137 683/347/215 88/259/130
f 90/273/149 1338/348/222 493/266/142
f 567/349/223 502/350/224 1338/348/222
f 1338/348/222 105/351/225 501/344/220
f 493/266/142 501/344/220 89/267/143
f 91/279/155 1339/352/226 560/272/148
f 627/353/227 568/354/228 1339/352/226
f 1339/352/226 106/355/229 567/349/223
f 560/272/148 567/349/223 90/273/149
f 92/285/161 1340/356/230 620/278/154
f 685/357/231 628/358/232 1340/356/230
f 1340/356/230 107/359/233 627/353/227
f 620/278/154 627/353/227 91/279/155
f 93/291/167 1341/360/234 679/284/160
f 503/361/235 686/362/236 1341/360/234
f 1341/360/234 108/363/237 685/357/231
f 679/284/160 685/357/231 92/285/161
f 94/297/173 1342/364/238 495/290/166
f 569/365/239 504/366/240 1342/364/238
f 1342/364/238 109/367/241 503/361/235
f 495/290/166 503/361/235 93/291/167
f 95/303/179 1343/368/242 562/296/172
f 629/369/243 570/370/244 1343/368/242
f 1343/368/242 110/371/245 569/365/239
f 562/296/172 569/365/239 94/297/173
f 96/372/246 1344/373/247 622/302/178
f 687/374/248 630/375/249 1344/373/247
f 1344/373/247 111/376/250 629/369/243
f 622/302/178 629/369/243 95/303/179
f 505/377/251 681/309/185 97/307/183
f 113/378/252 1345/379/253 505/377/251
f 688/380/254 687/374/248 1345/379/253
f 1345/379/253 96/372/246 681/309/185
f 571/381/255 497/315/191 98/313/189
f 114/382/256 1346/383/257 571/381/255
f 506/384/258 505/377/251 1346/383/257
f 1346/383/257 97/307/183 497/315/191
f 631/385/259 564/321/197 99/319/195
f 115/386/260 1347/387/261 631/385/259
f 572/388/262 571/381/255 1347/387/261
f 1347/387/261 98/313/189 564/321/197
f 689/330/206 624/325/201 100/323/199
f 116/389/263 1348/390/264 689/330/206
f 632/391/265 631/385/259 1348/390/264
f 1348/390/264 99/319/195 624/325/201
f 508/392/266 507/329/205 101/327/203
f 508/392/266 516/393/267 1349/394/268
f 1349/394/268 132/395/269 696/396/270
f 1349/394/268 116/389/263 507/329/205
f 573/397/271 500/334/210 102/332/208
f 573/397/271 509/398/272 1350/399/273
f 1350/399/273 117/400/274 508/392/266
f 1350/399/273 101/327/203 500/334/210
f 633/401/275 566/338/214 103/336/212
f 633/401/275 574/402/276 1351/403/277
f 1351/403/277 118/404/278 573/397/271
f 1351/403/277 102/332/208 566/338/214
f 690/405/279 626/342/218 104/340/216
f 690/405/279 634/406/280 1352/407/281
f 1352/407/281 119/408/282 633/401/275
f 1352/407/281 103/336/212 626/342/218
f 105/351/225 1353/409/283 684/345/221
f 121/410/284 1353/409/283 510/411/285
f 691/412/286 690/413/279 1353/409/283
f 684/345/221 690/413/279 104/346/216
f 106/355/229 1354/414/287 502/350/224
f 122/415/288 1354/414/287 575/416/289
f 511/417/290 510/411/285 1354/414/287
f 502/350/224 510/411/285 105/351/225
f 107/359/233 1355/418/291 568/354/228
f 123/419/292 1355/418/291 635/420/293
f 576/421/294 575/416/289 1355/418/291
f 568/354/228 575/416/289 106/355/229
f 108/363/237 1356/422/295 628/358/232
f 124/423/296 1356/422/295 692/424/297
f 636/425/298 635/420/293 1356/422/295
f 628/358/232 635/420/293 107/359/233
f 109/367/241 1357/426/299 686/362/236
f 125/427/300 1357/426/299 512/428/301
f 693/429/302 692/424/297 1357/426/299
f 686/362/236 692/424/297 108/363/237
f 110/371/245 1358/430/303 504/366/240
f 126/431/304 1358/430/303 577/432/305
f 513/433/306 512/428/301 1358/430/303
f 504/366/240 512/428/301 109/367/241
f 111/376/250 1359/434/307 570/370/244
f 127/435/308 1359/434/307 637/436/309
f 578/437/310 577/432/305 1359/434/307
f 570/370/244 577/432/305 110/371/245
f 112/438/311 1360/439/312 630/375/249
f 128/440/313 1360/439/312 694/441/314
f 638/442/315 637/436/309 1360/439/312
f 630/375/249 637/436/309 111/376/250
f 514/443/316 688/380/254 113/378/252
f 514/443/316 695/444/317 1361/445/318
f 1361/445/318 128/440/313 694/441/314
f 1361/445/318 112/438/311 688/380/254
f 579/446/319 506/384/258 114/382/256
f 579/446/319 515/447/320 1362/448/321
f 1362/448/321 129/449/322 514/443/316
f 1362/448/321 113/378/252 506/384/258
f 639/450/323 572/388/262 115/386/260
f 639/450/323 580/451/324 1363/452/325
f 1363/452/325 130/453/326 579/446/319
f 1363/452/325 114/382/256 572/388/262
f 696/396/270 632/391/265 116/389/263
f 696/396/270 640/454/327 1364/455/328
f 1364/455/328 131/456/329 639/450/323
f 1364/455/328 115/386/260 632/391/265
f 117/400/274 1365/457/330 516/393/267
f 133/458/331 1365/457/330 517/459/332
f 525/460/333 703/461/334 1365/457/330
f 516/393/267 703/461/334 132/395/269
f 118/404/278 1366/462/335 509/398/272
f 134/463/336 1366/462/335 581/464/337
f 518/465/338 517/459/332 1366/462/335
f 509/398/272 517/459/332 117/400/274
f 119/408/282 1367/466/339 574/402/276
f 135/467/340 1367/466/339 641/468/341
f 582/469/342 581/464/337 1367/466/339
f 574/402/276 581/464/337 118/404/278
f 120/470/343 1368/471/344 634/406/280
f 136/472/345 1368/471/344 697/473/346
f 642/474/347 641/468/341 1368/471/344
f 634/406/280 641/468/341 119/408/282
f 519/475/348 691/412/286 121/410/284
f 519/475/348 698/476/349 1369/477/350
f 1369/477/350 136/478/345 697/479/346
f 1369/477/350 120/480/343 691/412/286
f 583/481/351 511/417/290 122/415/288
f 583/481/351 520/482/352 1370/483/353
f 1370/483/353 137/484/354 519/475/348
f 1370/483/353 121/410/284 511/417/290
f 643/485/355 576/421/294 123/419/292
f 643/485/355 584/486/356 1371/487/357
f 1371/487/357 138/488/358 583/481/351
f 1371/487/357 122/415/288 576/421/294
f 699/489/359 636/425/298 124/423/296
f 699/489/359 644/490/360 1372/491/361
f 1372/491/361 139/492/362 643/485/355
f 1372/491/361 123/419/292 636/425/298
f 521/493/363 693/429/302 125/427/300
f 521/493/363 700/494/364 1373/495/365
f 1373/495/365 140/496/366 699/489/359
f 1373/495/365 124/423/296 693/429/302
f 585/497/367 513/433/306 126/431/304
f 585/497/367 522/498/368 1374/499/369
f 1374/499/369 141/500/370 521/493/363
f 1374/499/369 125/427/300 513/433/306
f 645/501/371 578/437/310 127/435/308
f 645/501/371 586/502/372 1375/503/373
f 1375/503/373 142/504/374 585/497/367
f 1375/503/373 126/431/304 578/437/310
f 701/505/375 638/442/315 128/440/313
f 701/505/375 646/506/376 1376/507/377
f 1376/507/377 143/508/378 645/501/371
f 1376/507/377 127/435/308 638/442/315
f 129/449/322 1377/509/379 695/444/317
f 145/510/380 1377/509/379 523/511/381
f 702/512/382 701/505/375 1377/509/379
f 695/444/317 701/505/375 128/440/313
f 130/453/326 1378/513/383 515/447/320
f 146/514/384 1378/513/383 587/515/385
f 524/516/386 523/511/381 1378/513/383
f 515/447/320 523/511/381 129/449/322
f 131/456/329 1379/517/387 580/451/324
f 147/518/388 1379/517/387 647/519/389
f 588/520/390 587/515/385 1379/517/387
f 580/451/324 587/515/385 130/453/326
f 132/395/269 1380/521/391 640/454/327
f 148/522/392 1380/521/391 703/461/334
f 648/523/393 647/519/389 1380/521/391
f 640/454/327 647/519/389 131/456/329
f 526/524/394 525/460/333 133/458/331
f 526/524/394 534/525/395 1381/526/396
f 1381/526/396 164/527/397 710/528/398
f 1381/526/396 148/522/392 525/460/333
f 589/529/399 518/465/338 134/463/336
f 589/529/399 527/530/400 1382/531/401
f 1382/531/401 149/532/402 526/524/394
f 1382/531/401 133/458/331 518/465/338
f 649/533/403 582/469/342 135/467/340
f 649/533/403 590/534/404 1383/535/405
f 1383/535/405 150/536/406 589/529/399
f 1383/535/405 134/463/336 582/469/342
f 704/537/407 642/474/347 136/472/345
f 704/537/407 650/538/408 1384/539/409
f 1384/539/409 151/540/410 649/533/403
f 1384/539/409 135/467/340 642/474/347
f 137/484/354 1385/541/411 698/476/349
f 153/542/412 1385/541/411 528/543/413
f 705/544/414 704/545/407 1385/541/411
f 698/476/349 704/545/407 136/478/345
f 138/488/358 1386/546/415 520/482/352
f 154/547/416 1386/546/415 591/548/417
f 529/549/418 528/543/413 1386/546/415
f 520/482/352 528/543/413 137/484/354
f 139/492/362 1387/550/419 584/486/356
f 155/551/420 1387/550/419 651/552/421
f 592/553/422 591/548/417 1387/550/419
f 584/486/356 591/548/417 138/488/358
f 140/496/366 1388/554/423 644/490/360
f 156/555/424 1388/554/423 706/556/425
f 652/557/426 651/552/421 1388/554/423
f 644/490/360 651/552/421 139/492/362
f 141/500/370 1389/558/427 700/494/364
f 157/559/428 1389/558/427 530/560/429
f 707/561/430 706/556/425 1389/558/427
f 700/494/364 706/556/425 140/496/366
f 142/504/374 1390/562/431 522/498/368
f 158/563/432 1390/562/431 593/564/433
f 531/565/434 530/560/429 1390/562/431
f 522/498/368 530/560/429 141/500/370
f 143/508/378 1391/566/435 586/502/372
f 159/567/436 1391/566/435 653/568/437
f 594/569/438 593/564/433 1391/566/435
f 586/502/372 593/564/433 142/504/374
f 144/570/439 1392/571/440 646/506/376
f 160/572/441 1392/571/440 708/573/442
f 654/574/443 653/568/437 1392/571/440
f 646/506/376 653/568/437 143/508/378
f 532/575/444 702/512/382 145/510/380
f 532/575/444 709/576/445 1393/577/446
f 1393/577/446 160/572/441 708/573/442
f 1393/577/446 144/570/439 702/512/382
f 595/578/447 524/516/386 146/514/384
f 595/578/447 533/579/448 1394/580/449
f 1394/580/449 161/581/450 532/575/444
f 1394/580/449 145/510/380 524/516/386
f 655/582/451 588/520/390 147/518/388
f 655/582/451 596/583/452 1395/584/453
f 1395/584/453 162/585/454 595/578/447
f 1395/584/453 146/514/384 588/520/390
f 710/528/398 648/523/393 148/522/392
f 710/528/398 656/586/455 1396/587/456
f 1396/587/456 163/588/457 655/582/451
f 1396/587/456 147/518/388 648/523/393
f 149/532/402 1397/589/458 534/525/395
f 535/590/459 543/591/460 1397/589/458
f 1397/589/458 180/592/461 717/593/462
f 534/525/395 717/593/462 164/527/397
f 150/536/406 1398/594/463 527/530/400
f 597/595/464 536/596/465 1398/594/463
f 1398/594/463 165/597/466 535/590/459
f 527/530/400 535/590/459 149/532/402
f 151/540/410 1399/598/467 590/534/404
f 657/599/468 598/600/469 1399/598/467
f 1399/598/467 166/601/470 597/595/464
f 590/534/404 597/595/464 150/536/406
f 152/602/471 1400/603/472 650/538/408
f 711/604/473 658/605/474 1400/603/472
f 1400/603/472 167/606/475 657/599/468
f 650/538/408 657/599/468 151/540/410
f 537/607/476 705/544/414 153/542/412
f 169/608/477 1401/609/478 537/607/476
f 712/610/479 711/611/473 1401/609/478
f 1401/609/478 152/612/471 705/544/414
f 599/613/480 529/549/418 154/547/416
f 170/614/481 1402/615/482 599/613/480
f 538/616/483 537/607/476 1402/615/482
f 1402/615/482 153/542/412 529/549/418
f 659/617/484 592/553/422 155/551/420
f 171/618/485 1403/619/486 659/617/484
f 600/620/487 599/613/480 1403/619/486
f 1403/619/486 154/547/416 592/553/422
f 713/621/488 652/557/426 156/555/424
f 172/622/489 1404/623/490 713/621/488
f 660/624/491 659/617/484 1404/623/490
f 1404/623/490 155/551/420 652/557/426
f 539/625/492 707/561/430 157/559/428
f 173/626/493 1405/627/494 539/625/492
f 714/628/495 713/621/488 1405/627/494
f 1405/627/494 156/555/424 707/561/430
f 601/629/496 531/565/434 158/563/432
f 174/630/497 1406/631/498 601/629/496
f 540/632/499 539/625/492 1406/631/498
f 1406/631/498 157/559/428 531/565/434
f 661/633/500 594/569/438 159/567/436
f 175/634/501 1407/635/502 661/633/500
f 602/636/503 601/629/496 1407/635/502
f 1407/635/502 158/563/432 594/569/438
f 715/637/504 654/574/443 160/572/441
f 176/638/505 1408/639/506 715/637/504
f 662/640/507 661/633/500 1408/639/506
f 1408/639/506 159/567/436 654/574/443
f 161/581/450 1409/641/508 709/576/445
f 541/642/509 716/643/510 1409/641/508
f 1409/641/508 176/638/505 715/637/504
f 709/576/445 715/637/504 160/572/441
f 162/585/454 1410/644/511 533/579/448
f 603/645/512 542/646/513 1410/644/511
f 1410/644/511 177/647/514 541/642/509
f 533/579/448 541/642/509 161/581/450
f 163/588/457 1411/648/515 596/583/452
f 663/649/516 604/650/517 1411/648/515
f 1411/648/515 178/651/518 603/645/512
f 596/583/452 603/645/512 162/585/454
f 164/527/397 1412/652/519 656/586/455
f 717/593/462 664/653/520 1412/652/519
f 1412/652/519 179/654/521 663/649/516
f 656/586/455 663/649/516 163/588/457
f 165/597/466 1413/655/522 543/591/460
f 544/656/523 552/657/524 1413/655/522
f 1413/655/522 196/658/525 724/659/526
f 543/591/460 724/659/526 180/592/461
f 166/601/470 1414/660/527 536/596/465
f 605/661/528 545/222/101 1414/660/527
f 1414/660/527 181/227/106 544/656/523
f 536/596/465 544/656/523 165/597/466
f 167/606/475 1415/662/529 598/600/469
f 665/663/530 606/664/531 1415/662/529
f 1415/662/529 182/220/99 605/661/528
f 598/600/469 605/661/528 166/601/470
f 168/665/532 1416/666/533 658/605/474
f 718/667/534 666/668/535 1416/666/533
f 1416/666/533 183/669/536 665/663/530
f 658/605/474 665/663/530 167/606/475
f 546/670/537 712/610/479 169/608/477
f 185/671/538 1417/672/539 546/670/537
f 719/673/540 718/674/534 1417/672/539
f 1417/672/539 168/675/532 712/610/479
f 607/676/541 538/616/483 170/614/481
f 186/677/542 1418/678/543 607/676/541
f 547/679/544 546/670/537 1418/678/543
f 1418/678/543 169/608/477 538/616/483
f 667/680/545 600/620/487 171/618/485
f 187/681/546 1419/682/547 667/680/545
f 608/683/548 607/676/541 1419/682/547
f 1419/682/547 170/614/481 600/620/487
f 720/684/549 660/624/491 172/622/489
f 188/685/550 1420/686/551 720/684/549
f 668/687/552 667/680/545 1420/686/551
f 1420/686/551 171/618/485 660/624/491
f 548/688/553 714/628/495 173/626/493
f 189/689/554 1421/690/555 548/688/553
f 721/691/556 720/684/549 1421/690/555
f 1421/690/555 172/622/489 714/628/495
f 609/692/557 540/632/499 174/630/497
f 190/693/558 1422/694/559 609/692/557
f 549/695/560 548/688/553 1422/694/559
f 1422/694/559 173/626/493 540/632/499
f 669/696/561 602/636/503 175/634/501
f 191/697/562 1423/698/563 669/696/561
f 610/699/564 609/692/557 1423/698/563
f 1423/698/563 174/630/497 602/636/503
f 722/700/565 662/640/507 176/638/505
f 192/701/566 1424/702/567 722/700/565
f 670/703/568 669/696/561 1424/702/567
f 1424/702/567 175/634/501 662/640/507
f 177/647/514 1425/704/569 716/643/510
f 550/705/570 723/706/571 1425/704/569
f 1425/704/569 192/701/566 722/700/565
f 716/643/510 722/700/565 176/638/505
f 178/651/518 1426/707/572 542/646/513
f 611/708/573 551/709/574 1426/707/572
f 1426/707/572 193/710/575 550/705/570
f 542/646/513 550/705/570 177/647/514
f 179/654/521 1427/711/576 604/650/517
f 671/712/577 612/713/578 1427/711/576
f 1427/711/576 194/714/579 611/708/573
f 604/650/517 611/708/573 178/651/518
f 180/592/461 1428/715/580 664/653/520
f 724/659/526 672/716/581 1428/715/580
f 1428/715/580 195/717/582 671/712/577
f 664/653/520 671/712/577 179/654/521
f 844/718/583 1242/719/584 353/720/585
f 293/721/586 1429/722/587 844/718/583
f 1239/723/588 1074/724/589 1429/722/587
f 1242/719/584 1074/724/589 482/725/590
f 813/726/591 1239/723/588 293/721/586
f 298/727/592 1430/728/91 813/726/591
f 1240/729/83 1029/730/593 1430/728/91
f 1239/723/588 1029/730/593 422/731/594
f 885/732/82 1240/729/83 298/727/592
f 302/733/595 1431/734/596 885/732/82
f 1244/735/77 1103/736/597 1431/734/596
f 1431/734/596 425/737/598 1240/729/83
f 938/738/76 1244/735/77 302/733/595
f 306/739/599 1432/740/79 938/738/76
f 1246/741/600 1156/742/601 1432/740/79
f 1432/740/79 429/743/602 1244/735/77
f 306/744/599 1433/745/71 1246/746/600
f 972/747/603 1248/748/604 1433/745/71
f 1433/745/71 438/749/605 1193/750/606
f 1433/745/71 433/751/607 1246/746/600
f 309/752/608 1434/753/609 1248/748/604
f 823/754/610 1250/755/60 1434/753/609
f 1434/753/609 441/756/63 1039/757/611
f 1248/748/604 1039/757/611 438/749/605
f 314/758/612 1435/759/59 1250/755/60
f 892/760/613 1252/761/54 1435/759/59
f 1435/759/59 445/762/614 1110/763/615
f 1250/755/60 1110/763/615 441/756/63
f 318/764/52 1436/765/53 1252/761/54
f 322/766/46 1436/765/53 945/767/616
f 1436/765/53 449/768/617 1163/769/618
f 1252/761/54 1163/769/618 445/762/614
f 976/770/619 1254/771/48 322/766/46
f 325/772/620 1437/773/621 976/770/619
f 1256/774/622 1197/775/50 1437/773/621
f 1437/773/621 449/768/617 1254/771/48
f 833/776/623 1256/774/622 325/772/620
f 330/777/624 1438/778/43 833/776/623
f 1258/779/35 1049/780/625 1438/778/43
f 1438/778/43 454/781/626 1256/774/622
f 899/782/627 1258/779/35 330/777/624
f 334/783/628 1439/784/629 899/782/627
f 1260/785/630 1117/786/631 1439/784/629
f 1439/784/629 457/787/39 1258/779/35
f 952/788/632 1260/785/630 334/783/628
f 338/789/633 1440/790/634 952/788/632
f 1440/790/634 465/791/635 1170/792/636
f 1440/790/634 461/793/637 1260/785/630
f 338/789/633 1441/794/638 1262/795/639
f 980/796/640 1264/797/9 1441/794/638
f 1441/794/638 470/798/641 1201/799/642
f 1262/795/639 1201/799/642 465/791/635
f 341/800/643 1442/801/644 1264/797/9
f 843/802/10 1266/803/11 1442/801/644
f 1442/801/644 473/804/645 1059/805/646
f 1264/797/9 1059/805/646 470/798/641
f 346/806/647 1443/807/648 1266/803/11
f 906/808/649 1268/809/650 1443/807/648
f 1443/807/648 477/810/651 1124/811/652
f 1266/803/11 1124/811/652 473/804/645
f 350/812/653 1444/813/654 1268/809/650
f 956/814/655 1242/719/584 1444/813/654
f 1242/719/584 1177/815/656 1444/813/654
f 1268/809/650 1177/815/656 477/810/651
f 1232/816/657 968/817/658 277/818/659
f 81/306/182 1445/819/660 1232/816/657
f 675/305/181 1230/820/661 1445/819/660
f 1445/819/660 274/821/662 968/817/658
f 1251/822/663 608/683/548 187/681/546
f 317/823/664 1446/824/665 1251/822/663
f 886/825/666 1249/826/667 1446/824/665
f 1446/824/665 186/677/542 608/683/548
f 1207/827/668 766/828/669 234/829/670
f 70/238/117 1447/830/671 1207/827/668
f 485/237/116 1208/831/672 1447/830/671
f 1447/830/671 229/832/673 766/828/669
f 196/658/525 1448/833/674 672/716/581
f 1241/834/675 953/835/676 1448/833/674
f 1448/833/674 349/836/677 1267/837/678
f 672/716/581 1267/837/678 195/717/582
f 250/838/679 1449/839/680 776/840/681
f 1218/841/682 486/264/140 1449/839/680
f 1449/839/680 73/254/133 1216/842/683
f 776/840/681 1216/842/683 245/843/684
f 1214/844/685 913/845/686 242/846/687
f 72/250/129 1450/847/688 1214/844/685
f 613/249/128 1212/848/689 1450/847/688
f 1450/847/688 238/849/690 913/845/686
f 1259/850/691 610/699/564 191/697/562
f 333/851/692 1451/852/693 1259/850/691
f 893/853/694 1257/854/695 1451/852/693
f 1451/852/693 190/693/558 610/699/564
f 266/855/696 1452/856/697 786/857/698
f 1226/858/699 487/288/164 1452/856/697
f 1452/856/697 77/280/156 1224/859/700
f 786/857/698 1224/859/700 261/860/701
f 258/861/702 1453/862/703 920/863/704
f 1222/864/705 614/276/152 1453/862/703
f 1453/862/703 75/268/144 1220/865/706
f 920/863/704 1220/865/706 254/866/707
f 1234/867/708 796/868/709 282/869/710
f 82/312/188 1454/870/711 1234/867/708
f 488/311/187 1232/816/657 1454/870/711
f 1454/870/711 277/818/659 796/868/709
f 1249/826/667 547/679/544 186/677/542
f 313/871/712 1455/872/713 1249/826/667
f 815/873/714 1247/874/715 1455/872/713
f 1455/872/713 185/671/538 547/679/544
f 1247/874/715 719/673/540 185/671/538
f 310/875/716 1456/876/717 1247/874/715
f 969/877/718 1245/878/719 1456/876/717
f 1456/876/717 184/879/720 719/673/540
f 274/821/662 1457/880/721 927/881/722
f 1230/820/661 615/300/176 1457/880/721
f 1457/880/721 79/292/168 1228/882/723
f 927/881/722 1228/882/723 270/883/724
f 195/717/582 1458/884/725 612/713/578
f 1267/837/678 900/885/726 1458/884/725
f 1458/884/725 345/886/727 1265/887/728
f 612/713/578 1265/887/728 194/714/579
f 1208/831/672 797/888/729 229/832/673
f 69/230/109 1459/889/730 1208/831/672
f 489/229/108 1210/890/731 1459/889/730
f 1459/889/730 289/891/732 797/888/729
f 1210/890/731 931/892/733 289/891/732
f 84/235/114 1460/893/734 1210/890/731
f 616/322/198 1236/894/735 1460/893/734
f 1460/893/734 286/895/736 931/892/733
f 183/669/536 1461/896/737 606/664/531
f 1243/897/738 879/898/739 1461/896/737
f 1461/896/737 297/899/740 1237/223/102
f 606/664/531 1237/223/102 182/220/99
f 1257/854/695 549/695/560 190/693/558
f 329/900/741 1462/901/742 1257/854/695
f 825/902/743 1255/903/744 1462/901/742
f 1462/901/742 189/689/554 549/695/560
f 1255/903/744 721/691/556 189/689/554
f 326/904/745 1463/905/746 1255/903/744
f 973/906/747 1253/907/748 1463/905/746
f 1463/905/746 188/685/550 721/691/556
f 1212/848/689 857/908/749 238/849/690
f 71/244/123 1464/909/750 1212/848/689
f 553/243/122 1207/827/668 1464/909/750
f 1464/909/750 234/829/670 857/908/749
f 254/866/707 1465/910/751 864/911/752
f 1220/865/706 554/270/146 1465/910/751
f 1465/910/751 74/262/138 1218/841/682
f 864/911/752 1218/841/682 250/838/679
f 194/714/579 1466/912/753 551/709/574
f 1265/887/728 835/913/754 1466/912/753
f 1466/912/753 342/914/755 1263/915/756
f 551/709/574 1263/915/756 193/710/575
f 193/710/575 1467/916/757 723/706/571
f 1263/915/756 977/917/758 1467/916/757
f 1467/916/757 337/918/759 1261/919/760
f 723/706/571 1261/919/760 192/701/566
f 184/920/720 1468/921/761 666/668/535
f 1245/922/719 932/923/762 1468/921/761
f 1468/921/761 301/924/763 1243/897/738
f 666/668/535 1243/897/738 183/669/536
f 270/883/724 1469/925/764 871/926/765
f 1228/882/723 555/294/170 1469/925/764
f 1469/925/764 78/286/162 1226/858/699
f 871/926/765 1226/858/699 266/855/696
f 1236/894/735 878/927/766 286/895/736
f 83/318/194 1470/928/767 1236/894/735
f 556/317/193 1234/867/708 1470/928/767
f 1470/928/767 282/869/710 878/927/766
f 982/929/768 1269/930/769 361/931/770
f 982/929/768 1270/932/771 1471/933/772
f 1471/933/772 197/934/773 725/935/774
f 1269/930/769 725/935/774 198/936/775
f 1253/907/748 668/687/552 188/685/550
f 321/937/776 1472/938/777 1253/907/748
f 939/939/778 1251/822/663 1472/938/777
f 1472/938/777 187/681/546 668/687/552
f 245/843/684 1473/940/779 960/941/780
f 1216/842/683 673/256/135 1473/940/779
f 1473/940/779 72/261/129 1214/942/685
f 960/941/780 1214/942/685 242/943/687
f 181/227/106 1474/944/781 552/657/524
f 1238/226/105 850/945/782 1474/944/781
f 1474/944/781 354/946/783 1241/834/675
f 552/657/524 1241/834/675 196/658/525
f 261/860/701 1475/947/784 964/948/785
f 1224/859/700 674/282/158 1475/947/784
f 1475/947/784 76/274/150 1222/864/705
f 964/948/785 1222/864/705 258/861/702
f 1261/919/760 670/703/568 192/701/566
f 337/918/759 1476/949/786 1261/919/760
f 946/950/787 1259/850/691 1476/949/786
f 1476/949/786 191/697/562 670/703/568
f 1096/951/788 1284/952/789 413/953/790
f 1096/951/788 1283/954/791 1477/955/792
f 1283/954/791 738/956/793 1477/955/792
f 1477/955/792 211/957/794 1284/952/789
f 453/958/795 1478/959/796 1294/960/797
f 458/961/798 1478/959/796 1057/962/799
f 1295/963/800 732/964/801 1478/959/796
f 1294/960/797 732/964/801 221/965/802
f 1180/966/803 1300/967/804 478/968/805
f 1180/966/803 1287/969/806 1479/970/807
f 1479/970/807 228/971/808 750/972/809
f 1479/970/807 227/973/773 1300/967/804
f 365/974/810 1480/975/811 1272/976/812
f 361/931/770 1480/975/811 1075/977/813
f 1480/975/811 198/936/775 735/978/814
f 1480/975/811 199/979/815 1272/976/812
f 1067/980/816 1298/981/812 469/982/810
f 474/983/817 1481/984/818 1067/980/816
f 1481/984/818 226/985/819 733/986/814
f 1481/984/818 225/987/820 1298/981/812
f 374/988/821 1482/989/822 1274/990/823
f 1181/991/824 1273/992/825 1482/989/822
f 1482/989/822 200/993/826 751/994/827
f 1482/989/822 201/995/828 1274/990/823
f 1068/996/829 1287/969/806 481/997/830
f 1068/996/829 1285/998/831 1483/999/832
f 1483/999/832 213/1000/833 734/1001/834
f 1483/999/832 228/971/808 1287/969/806
f 390/1002/835 1484/1003/836 1278/1004/837
f 385/1005/838 1484/1003/836 1185/1006/839
f 1277/1007/840 752/1008/841 1484/1003/836
f 1278/1004/837 752/1008/841 205/1009/842
f 442/1010/843 1485/1011/844 1291/1012/845
f 1116/1013/846 1292/1014/847 1485/1011/844
f 1292/1014/847 740/1015/848 1485/1011/844
f 1485/1011/844 218/1016/849 1291/1012/845
f 406/1017/850 1486/1018/851 1282/1019/852
f 401/1020/853 1486/1018/851 1189/1021/854
f 1281/1022/855 753/1023/856 1486/1018/851
f 1282/1019/852 753/1023/856 209/1024/857
f 1123/1025/858 1295/963/800 458/961/798
f 1123/1025/858 1296/1026/859 1487/1027/860
f 1487/1027/860 223/1028/828 741/1029/861
f 1487/1027/860 222/1030/862 1295/963/800
f 1037/1031/863 1285/998/831 421/1032/864
f 1037/1031/863 1286/1033/865 1488/1034/866
f 1286/1033/865 730/1035/867 1488/1034/866
f 1488/1034/866 213/1000/833 1285/998/831
f 1130/1036/768 1299/1037/868 474/983/817
f 1130/1036/768 1300/967/804 1489/1038/869
f 1489/1038/869 227/973/773 742/1039/870
f 1299/1037/868 742/1039/870 226/985/819
f 1196/1040/871 1289/1041/872 434/1042/873
f 1196/1040/871 1290/1043/874 1490/1044/875
f 1490/1044/875 217/1045/876 754/1046/877
f 1490/1044/875 216/1047/878 1289/1041/872
f 426/1048/879 1491/1049/880 1286/1033/865
f 1109/1050/881 1288/1051/882 1491/1049/880
f 1491/1049/880 215/1052/883 739/1053/884
f 1491/1049/880 214/1054/885 1286/1033/865
f 450/1055/886 1492/1056/887 1293/1057/840
f 453/958/795 1492/1056/887 1200/1058/888
f 1294/960/797 755/1059/889 1492/1056/887
f 1293/1057/840 755/1059/889 220/1060/359
f 369/1061/890 1493/1062/891 1273/1063/825
f 365/974/810 1493/1062/891 1131/1064/892
f 1272/976/812 743/1065/893 1493/1062/891
f 1273/1063/825 743/1065/893 200/1066/826
f 466/1067/894 1494/1068/891 1297/1069/895
f 469/982/810 1494/1068/891 1204/1070/896
f 1298/981/812 756/1071/897 1494/1068/891
f 1297/1069/895 756/1071/897 224/1072/898
f 385/1005/838 1495/1073/887 1277/1007/840
f 381/1074/899 1495/1073/887 1138/1075/900
f 1276/1076/901 744/1077/889 1495/1073/887
f 1277/1007/840 744/1077/889 204/1078/359
f 401/1020/853 1496/1079/902 1281/1022/855
f 397/1080/903 1496/1079/902 1145/1081/904
f 1496/1079/902 207/1082/905 745/1083/906
f 1496/1079/902 208/1084/878 1281/1022/855
f 992/1085/907 1275/1086/908 377/1087/909
f 374/988/821 1497/1088/910 992/1085/907
f 1497/1088/910 201/995/828 726/1089/911
f 1497/1088/910 202/1090/912 1275/1086/908
f 1152/1091/913 1271/1092/806 418/1093/914
f 1152/1091/913 1284/952/789 1498/1094/832
f 1498/1094/832 211/957/794 746/1095/834
f 1498/1094/832 212/1096/808 1271/1092/806
f 1027/1097/915 1270/932/771 358/1098/916
f 1027/1097/915 1271/1092/806 1499/1099/807
f 1499/1099/807 212/1096/808 729/1100/809
f 1499/1099/807 197/934/773 1270/932/771
f 393/1101/843 1500/1102/917 1279/1103/918
f 390/1002/835 1500/1102/917 1002/1104/919
f 1500/1102/917 205/1009/842 727/1105/920
f 1279/1103/918 727/1105/920 206/1106/921
f 430/1107/922 1501/1108/923 1288/1051/882
f 434/1109/873 1501/1108/923 1162/1110/924
f 1289/1111/872 747/1112/925 1501/1108/923
f 1288/1051/882 747/1112/925 215/1052/883
f 381/1074/899 1502/1113/926 1276/1076/901
f 377/1087/909 1502/1113/926 1082/1114/799
f 1502/1113/926 202/1090/912 736/1115/927
f 1276/1076/901 736/1115/927 203/1116/802
f 409/1117/928 1503/1118/929 1283/954/791
f 406/1017/850 1503/1118/929 1012/1119/930
f 1503/1118/929 209/1024/857 728/1120/931
f 1503/1118/929 210/1121/932 1283/954/791
f 446/1122/933 1504/1123/836 1292/1014/847
f 450/1055/886 1504/1123/836 1169/1124/839
f 1293/1057/840 748/1125/934 1504/1123/836
f 1292/1014/847 748/1125/934 219/1126/935
f 397/1080/903 1505/1127/936 1280/1128/937
f 1089/1129/938 1279/1103/918 1505/1127/936
f 1505/1127/936 206/1106/921 737/1130/939
f 1505/1127/936 207/1082/905 1280/1128/937
f 1047/1131/940 1290/1043/874 437/1132/941
f 1047/1131/940 1291/1012/845 1506/1133/942
f 1506/1133/942 218/1016/849 731/1134/943
f 1506/1133/942 217/1045/876 1290/1043/874
f 1176/1135/824 1296/1026/859 462/1136/944
f 1176/1135/824 1297/1069/895 1507/1137/945
f 1507/1137/945 224/1072/898 749/1138/946
f 1507/1137/945 223/1028/828 1296/1026/859
f 758/1139/947 757/1140/948 230/134/15
f 758/1139/947 759/1141/949 1508/1142/950
f 1508/1142/950 235/1143/951 760/1144/952
f 757/1140/948 760/1144/952 232/1145/953
f 760/1144/952 761/1146/954 232/1145/953
f 235/1143/951 1509/1147/955 760/1144/952
f 1509/1147/955 236/1148/956 763/1149/957
f 761/1146/954 763/1149/957 231/1150/958
f 231/1151/958 1510/1152/959 764/1153/960
f 763/1154/957 765/1155/961 1510/1152/959
f 1510/1152/959 234/829/670 766/828/669
f 764/1153/960 766/828/669 229/832/673
f 768/155/34 767/1156/962 246/149/30
f 768/155/34 769/1157/963 1511/1158/964
f 769/1157/963 770/1159/965 1511/1158/964
f 1511/1158/964 248/1160/966 767/1156/962
f 770/1159/965 771/1161/967 248/1160/966
f 770/1159/965 772/1162/968 1512/1163/969
f 1512/1163/969 252/1164/970 773/1165/971
f 1512/1163/969 247/1166/972 771/1161/967
f 773/1167/971 774/1168/973 247/1169/972
f 252/1170/970 1513/1171/974 773/1167/971
f 775/1172/975 776/840/681 1513/1171/974
f 1513/1171/974 245/843/684 774/1168/973
f 262/173/52 1514/1173/976 777/1174/977
f 778/182/61 779/1175/978 1514/1173/976
f 779/1175/978 780/1176/979 1514/1173/976
f 1514/1173/976 264/1177/980 777/1174/977
f 264/1177/980 1515/1178/981 781/1179/982
f 780/1176/979 782/1180/983 1515/1178/981
f 782/1180/983 783/1181/984 1515/1178/981
f 1515/1178/981 263/1182/985 781/1179/982
f 783/1183/984 784/1184/986 263/1185/985
f 783/1183/984 785/1186/987 1516/1187/988
f 785/1186/987 786/857/698 1516/1187/988
f 1516/1187/988 261/860/701 784/1184/986
f 788/203/82 787/1188/989 278/199/78
f 281/205/84 1517/1189/990 788/203/82
f 789/1190/991 790/1191/992 1517/1189/990
f 1517/1189/990 280/1192/993 787/1188/989
f 790/1191/992 791/1193/994 280/1192/993
f 790/1191/992 792/1194/995 1518/1195/996
f 1518/1195/996 284/1196/997 793/1197/998
f 791/1193/994 793/1197/998 279/1198/999
f 793/1199/998 794/1200/1000 279/1201/999
f 284/1202/997 1519/1203/1001 793/1199/998
f 1519/1203/1001 282/869/710 796/868/709
f 794/1200/1000 796/868/709 277/818/659
f 229/832/673 1520/1204/1002 764/1153/960
f 797/888/729 798/1205/1003 1520/1204/1002
f 1520/1204/1002 291/1206/1004 799/1207/1005
f 764/1153/960 799/1207/1005 231/1151/958
f 799/1208/1005 761/1146/954 231/1150/958
f 291/1209/1004 1521/1210/1006 799/1208/1005
f 800/1211/1007 801/1212/1008 1521/1210/1006
f 761/1146/954 801/1212/1008 232/1145/953
f 232/1145/953 1522/1213/1009 757/1140/948
f 801/1212/1008 802/1214/1010 1522/1213/1009
f 802/1214/1010 803/137/18 1522/1213/1009
f 1522/1213/1009 230/134/15 757/1140/948
f 805/224/103 804/1215/1011 294/225/104
f 297/899/740 1523/1216/1012 805/224/103
f 806/1217/1013 807/1218/1014 1523/1216/1012
f 1523/1216/1012 296/1219/1015 804/1215/1011
f 807/1220/1014 808/1221/1016 296/1222/1015
f 299/1223/1017 1524/1224/1018 807/1220/1014
f 809/1225/1019 810/1226/1020 1524/1224/1018
f 808/1221/1016 810/1226/1020 295/1227/1021
f 810/1226/1020 811/1228/1022 295/1227/1021
f 810/1226/1020 812/1229/1023 1525/1230/1024
f 812/1229/1023 813/726/591 1525/1230/1024
f 811/1228/1022 813/726/591 293/721/586
f 310/875/716 1526/1231/1025 814/1232/1026
f 815/873/714 816/1233/1027 1526/1231/1025
f 1526/1231/1025 315/1234/1028 817/1235/1029
f 814/1232/1026 817/1235/1029 312/1236/1030
f 817/1237/1029 818/1238/1031 312/1239/1030
f 315/1240/1028 1527/1241/1032 817/1237/1029
f 1527/1241/1032 316/1242/1033 820/1243/1034
f 818/1238/1031 820/1243/1034 311/1244/1035
f 311/1244/1035 1528/1245/1036 821/1246/1037
f 316/1242/1033 1528/1245/1036 820/1243/1034
f 1528/1245/1036 314/758/612 823/754/610
f 821/1246/1037 823/754/610 309/752/608
f 326/904/745 1529/1247/1038 824/1248/1039
f 825/902/743 826/1249/1040 1529/1247/1038
f 826/1249/1040 827/1250/1041 1529/1247/1038
f 824/1248/1039 827/1250/1041 328/1251/1042
f 827/1252/1041 828/1253/1043 328/1254/1042
f 827/1252/1041 829/1255/1044 1530/1256/1045
f 829/1255/1044 830/1257/1046 1530/1256/1045
f 828/1253/1043 830/1257/1046 327/1258/1047
f 327/1258/1047 1531/1259/1048 831/1260/1049
f 830/1257/1046 832/1261/1050 1531/1259/1048
f 832/1261/1050 833/776/623 1531/1259/1048
f 1531/1259/1048 325/772/620 831/1260/1049
f 835/913/754 834/1262/1051 342/914/755
f 345/886/727 1532/1263/1052 835/913/754
f 1532/1263/1052 347/1264/1053 837/1265/1054
f 834/1262/1051 837/1265/1054 344/1266/1055
f 837/1267/1054 838/1268/1056 344/1269/1055
f 347/1270/1053 1533/1271/1057 837/1267/1054
f 1533/1271/1057 348/1272/1058 840/1273/1059
f 838/1268/1056 840/1273/1059 343/1274/1060
f 343/1274/1060 1534/1275/1061 841/1276/1062
f 840/1273/1059 842/1277/1063 1534/1275/1061
f 1534/1275/1061 346/806/647 843/802/10
f 841/1276/1062 843/802/10 341/800/643
f 844/718/583 811/1228/1022 293/721/586
f 844/718/583 845/1278/1064 1535/1279/1065
f 845/1278/1064 846/1280/1066 1535/1279/1065
f 1535/1279/1065 295/1227/1021 811/1228/1022
f 295/1227/1021 1536/1281/1067 808/1221/1016
f 846/1280/1066 847/1282/1068 1536/1281/1067
f 847/1282/1068 848/1283/1069 1536/1281/1067
f 1536/1281/1067 296/1222/1015 808/1221/1016
f 848/1284/1069 804/1215/1011 296/1219/1015
f 356/1285/1070 1537/1286/1071 848/1284/1069
f 849/1287/1072 850/945/782 1537/1286/1071
f 1537/1286/1071 294/225/104 804/1215/1011
f 233/1288/1073 1538/1289/1074 759/1141/949
f 237/126/7 1538/1289/1074 851/129/10
f 1538/1289/1074 239/1290/1075 853/1291/1076
f 759/1141/949 853/1291/1076 235/1143/951
f 853/1291/1076 762/1292/1077 235/1143/951
f 853/1291/1076 854/1293/1078 1539/1294/1079
f 854/1293/1078 855/1295/1080 1539/1294/1079
f 762/1292/1077 855/1295/1080 236/1148/956
f 236/1296/956 1540/1297/1081 765/1155/961
f 855/1298/1080 856/1299/1082 1540/1297/1081
f 1540/1297/1081 238/849/690 857/908/749
f 765/1155/961 857/908/749 234/829/670
f 858/161/40 769/1157/963 249/157/36
f 858/161/40 859/1300/1083 1541/1301/1084
f 859/1300/1083 860/1302/1085 1541/1301/1084
f 1541/1301/1084 251/1303/1086 769/1157/963
f 251/1303/1086 1542/1304/1087 772/1162/968
f 860/1302/1085 861/1305/1088 1542/1304/1087
f 1542/1304/1087 256/1306/1089 862/1307/1090
f 772/1162/968 862/1307/1090 252/1164/970
f 862/1308/1090 775/1172/975 252/1170/970
f 256/1309/1089 1543/1310/1091 862/1308/1090
f 863/1311/1092 864/911/752 1543/1310/1091
f 1543/1310/1091 250/838/679 775/1172/975
f 265/179/58 1544/1312/1093 779/1175/978
f 865/188/67 866/1313/1094 1544/1312/1093
f 1544/1312/1093 271/1314/1095 867/1315/1096
f 779/1175/978 867/1315/1096 267/1316/1097
f 867/1315/1096 782/1180/983 267/1316/1097
f 271/1314/1095 1545/1317/1098 867/1315/1096
f 1545/1317/1098 272/1318/1099 869/1319/1100
f 1545/1317/1098 268/1320/1101 782/1180/983
f 268/1321/1101 1546/1322/1102 785/1186/987
f 869/1323/1100 870/1324/1103 1546/1322/1102
f 870/1324/1103 871/926/765 1546/1322/1102
f 1546/1322/1102 266/855/696 785/1186/987
f 872/209/88 789/1190/991 281/205/84
f 285/211/90 1547/1325/1104 872/209/88
f 1547/1325/1104 287/1326/1105 874/1327/1106
f 789/1190/991 874/1327/1106 283/1328/1107
f 874/1327/1106 792/1194/995 283/1328/1107
f 287/1326/1105 1548/1329/1108 874/1327/1106
f 875/1330/1109 876/1331/1110 1548/1329/1108
f 1548/1329/1108 284/1196/997 792/1194/995
f 876/1332/1110 795/1333/1111 284/1202/997
f 876/1332/1110 877/1334/1112 1549/1335/1113
f 1549/1335/1113 286/895/736 878/927/766
f 795/1333/1111 878/927/766 282/869/710
f 879/898/739 806/1217/1013 297/899/740
f 301/924/763 1550/1336/1114 879/898/739
f 880/1337/1115 881/1338/1116 1550/1336/1114
f 1550/1336/1114 299/1339/1017 806/1217/1013
f 299/1223/1017 1551/1340/1117 809/1225/1019
f 881/1341/1116 882/1342/1118 1551/1340/1117
f 882/1342/1118 883/1343/1119 1551/1340/1117
f 1551/1340/1117 300/1344/1120 809/1225/1019
f 300/1344/1120 1552/1345/1121 812/1229/1023
f 304/1346/1122 1552/1345/1121 883/1343/1119
f 884/1347/1123 885/732/82 1552/1345/1121
f 1552/1345/1121 298/727/592 812/1229/1023
f 313/871/712 1553/1348/1124 816/1233/1027
f 886/825/666 887/1349/1125 1553/1348/1124
f 1553/1348/1124 319/1350/1126 888/1351/1127
f 816/1233/1027 888/1351/1127 315/1234/1028
f 888/1352/1127 819/1353/1128 315/1240/1028
f 888/1352/1127 889/1354/1129 1554/1355/1130
f 889/1354/1129 890/1356/1131 1554/1355/1130
f 1554/1355/1130 316/1242/1033 819/1353/1128
f 316/1242/1033 1555/1357/1132 822/1358/1133
f 890/1356/1131 891/1359/1134 1555/1357/1132
f 891/1359/1134 892/760/613 1555/1357/1132
f 822/1358/1133 892/760/613 314/758/612
f 329/900/741 1556/1360/1135 826/1249/1040
f 893/853/694 894/1361/1136 1556/1360/1135
f 894/1361/1136 895/1362/1137 1556/1360/1135
f 1556/1360/1135 331/1363/1138 826/1249/1040
f 331/1364/1138 1557/1365/1139 829/1255/1044
f 335/1366/1140 1557/1365/1139 895/1367/1137
f 896/1368/1141 897/1369/1142 1557/1365/1139
f 1557/1365/1139 332/1370/1143 829/1255/1044
f 332/1370/1143 1558/1371/1144 832/1261/1050
f 336/1372/1145 1558/1371/1144 897/1369/1142
f 898/1373/1146 899/782/627 1558/1371/1144
f 1558/1371/1144 330/777/624 832/1261/1050
f 900/885/726 836/1374/1147 345/886/727
f 349/836/677 1559/1375/1148 900/885/726
f 901/1376/1149 902/1377/1150 1559/1375/1148
f 1559/1375/1148 347/1264/1053 836/1374/1147
f 347/1270/1053 1560/1378/1151 839/1379/1152
f 902/1380/1150 903/1381/1153 1560/1378/1151
f 903/1381/1153 904/1382/1154 1560/1378/1151
f 839/1379/1152 904/1382/1154 348/1272/1058
f 904/1382/1154 842/1277/1063 348/1272/1058
f 352/1383/1155 1561/1384/1156 904/1382/1154
f 1561/1384/1156 350/812/653 906/808/649
f 842/1277/1063 906/808/649 346/806/647
f 907/144/25 852/1385/1157 237/126/7
f 241/141/22 1562/1386/1158 907/144/25
f 1562/1386/1158 243/1387/1159 909/1388/1160
f 852/1385/1157 909/1388/1160 239/1290/1075
f 909/1388/1160 854/1293/1078 239/1290/1075
f 909/1388/1160 910/1389/1161 1563/1390/1162
f 910/1389/1161 911/1391/1163 1563/1390/1162
f 854/1293/1078 911/1391/1163 240/1392/1164
f 240/1393/1164 1564/1394/1165 856/1299/1082
f 911/1395/1163 912/1396/1166 1564/1394/1165
f 1564/1394/1165 242/846/687 913/845/686
f 856/1299/1082 913/845/686 238/849/690
f 253/163/42 1565/1397/1167 859/1300/1083
f 914/170/49 915/1398/1168 1565/1397/1167
f 915/1398/1168 916/1399/1169 1565/1397/1167
f 1565/1397/1167 255/1400/1170 859/1300/1083
f 916/1399/1169 861/1305/1088 255/1400/1170
f 259/1401/1171 1566/1402/1172 916/1399/1169
f 1566/1402/1172 260/1403/1173 918/1404/1174
f 861/1305/1088 918/1404/1174 256/1306/1089
f 918/1405/1174 863/1311/1092 256/1309/1089
f 260/1406/1173 1567/1407/1175 918/1405/1174
f 919/1408/1176 920/863/704 1567/1407/1175
f 1567/1407/1175 254/866/707 863/1311/1092
f 269/185/64 1568/1409/1177 866/1313/1094
f 921/194/73 922/1410/1178 1568/1409/1177
f 1568/1409/1177 275/1411/1179 923/1412/1180
f 866/1313/1094 923/1412/1180 271/1314/1095
f 271/1314/1095 1569/1413/1181 868/1414/1182
f 275/1411/1179 1569/1413/1181 923/1412/1180
f 1569/1413/1181 276/1415/1183 925/1416/1184
f 868/1414/1182 925/1416/1184 272/1318/1099
f 272/1417/1099 1570/1418/1185 870/1324/1103
f 276/1419/1183 1570/1418/1185 925/1420/1184
f 926/1421/1186 927/881/722 1570/1418/1185
f 1570/1418/1185 270/883/724 870/1324/1103
f 928/217/96 873/1422/1187 285/211/90
f 928/217/96 802/1214/1010 1571/1423/1188
f 1571/1423/1188 292/1424/1189 929/1425/1190
f 873/1422/1187 929/1425/1190 287/1326/1105
f 929/1425/1190 875/1330/1109 287/1326/1105
f 929/1425/1190 800/1211/1007 1572/1426/1191
f 800/1211/1007 930/1427/1192 1572/1426/1191
f 1572/1426/1191 288/1428/1193 875/1330/1109
f 288/1429/1193 1573/1430/1194 877/1334/1112
f 930/1431/1192 798/1205/1003 1573/1430/1194
f 1573/1430/1194 289/891/732 931/892/733
f 877/1334/1112 931/892/733 286/895/736
f 932/923/762 880/1337/1115 301/924/763
f 305/1432/1195 1574/1433/1196 932/923/762
f 933/1434/1197 934/1435/1198 1574/1433/1196
f 1574/1433/1196 303/1436/1199 880/1337/1115
f 934/1437/1198 882/1342/1118 303/1438/1199
f 934/1437/1198 935/1439/1200 1575/1440/1201
f 935/1439/1200 936/1441/1202 1575/1440/1201
f 882/1342/1118 936/1441/1202 304/1346/1122
f 936/1441/1202 884/1347/1123 304/1346/1122
f 308/1442/1203 1576/1443/1204 936/1441/1202
f 1576/1443/1204 306/739/599 938/738/76
f 884/1347/1123 938/738/76 302/733/595
f 317/823/664 1577/1444/1205 887/1349/1125
f 939/939/778 940/1445/1206 1577/1444/1205
f 1577/1444/1205 323/1446/1207 941/1447/1208
f 887/1349/1125 941/1447/1208 319/1350/1126
f 319/1448/1126 1578/1449/1209 889/1354/1129
f 941/1450/1208 942/1451/1210 1578/1449/1209
f 1578/1449/1209 324/1452/1211 943/1453/1212
f 1578/1449/1209 320/1454/1213 889/1354/1129
f 320/1454/1213 1579/1455/1214 891/1359/1134
f 943/1453/1212 944/1456/1215 1579/1455/1214
f 944/1456/1215 945/767/616 1579/1455/1214
f 891/1359/1134 945/767/616 318/764/52
f 333/851/692 1580/1457/1216 894/1361/1136
f 946/950/787 947/1458/1217 1580/1457/1216
f 1580/1457/1216 339/1459/1218 948/1460/1219
f 894/1361/1136 948/1460/1219 335/1461/1140
f 335/1366/1140 1581/1462/1220 896/1368/1141
f 339/1463/1218 1581/1462/1220 948/1464/1219
f 1581/1462/1220 340/1465/1221 950/1466/1222
f 1581/1462/1220 336/1372/1145 896/1368/1141
f 950/1466/1222 898/1373/1146 336/1372/1145
f 340/1465/1221 1582/1467/1223 950/1466/1222
f 951/1468/1224 952/788/632 1582/1467/1223
f 1582/1467/1223 334/783/628 898/1373/1146
f 953/835/676 901/1376/1149 349/836/677
f 354/946/783 1583/1469/1225 953/835/676
f 849/1287/1072 954/1470/1226 1583/1469/1225
f 1583/1469/1225 351/1471/1227 901/1376/1149
f 351/1472/1227 1584/1473/1228 903/1381/1153
f 954/1474/1226 847/1282/1068 1584/1473/1228
f 847/1282/1068 955/1475/1229 1584/1473/1228
f 1584/1473/1228 352/1383/1155 903/1381/1153
f 955/1475/1229 905/1476/1230 352/1383/1155
f 355/1477/1231 1585/1478/1232 955/1475/1229
f 845/1278/1064 956/814/655 1585/1478/1232
f 905/1476/1230 956/814/655 350/812/653
f 957/147/28 908/1479/1233 241/150/22
f 246/149/30 1586/1480/1234 957/147/28
f 767/1156/962 958/1481/1235 1586/1480/1234
f 1586/1480/1234 243/1482/1159 908/1479/1233
f 243/1482/1159 1587/1483/1236 910/1484/1161
f 248/1160/966 1587/1483/1236 958/1481/1235
f 1587/1483/1236 247/1166/972 959/1485/1237
f 1587/1483/1236 244/1486/1238 910/1484/1161
f 244/1487/1238 1588/1488/1239 912/1489/1166
f 247/1169/972 1588/1488/1239 959/1490/1237
f 774/1168/973 960/941/780 1588/1488/1239
f 1588/1488/1239 242/943/687 912/1489/1166
f 961/176/55 915/1398/1168 257/167/46
f 961/176/55 777/1174/977 1589/1491/1240
f 777/1174/977 962/1492/1241 1589/1491/1240
f 1589/1491/1240 259/1401/1171 915/1398/1168
f 259/1401/1171 1590/1493/1242 917/1494/1243
f 962/1492/1241 781/1179/982 1590/1493/1242
f 781/1179/982 963/1495/1244 1590/1493/1242
f 917/1494/1243 963/1495/1244 260/1403/1173
f 963/1496/1244 919/1408/1176 260/1406/1173
f 263/1185/985 1591/1497/1245 963/1496/1244
f 784/1184/986 964/948/785 1591/1497/1245
f 1591/1497/1245 258/861/702 919/1408/1176
f 273/191/70 1592/1498/1246 922/1410/1178
f 965/197/76 787/1188/989 1592/1498/1246
f 787/1188/989 966/1499/1247 1592/1498/1246
f 1592/1498/1246 275/1411/1179 922/1410/1178
f 966/1499/1247 924/1500/1248 275/1411/1179
f 280/1192/993 1593/1501/1249 966/1499/1247
f 791/1193/994 967/1502/1250 1593/1501/1249
f 924/1500/1248 967/1502/1250 276/1415/1183
f 967/1503/1250 926/1421/1186 276/1419/1183
f 279/1201/999 1594/1504/1251 967/1503/1250
f 1594/1504/1251 277/818/659 968/817/658
f 926/1421/1186 968/817/658 274/821/662
f 305/1505/1195 1595/1506/1252 933/1507/1197
f 969/877/718 814/1232/1026 1595/1506/1252
f 1595/1506/1252 312/1236/1030 970/1508/1253
f 1595/1506/1252 307/1509/1254 933/1507/1197
f 307/1510/1254 1596/1511/1255 935/1512/1200
f 312/1239/1030 1596/1511/1255 970/1513/1253
f 1596/1511/1255 311/1244/1035 971/1514/1256
f 1596/1511/1255 308/1515/1203 935/1512/1200
f 308/1515/1203 1597/1516/1257 937/1517/1258
f 971/1514/1256 821/1246/1037 1597/1516/1257
f 1597/1516/1257 309/752/608 972/747/603
f 937/1517/1258 972/747/603 306/744/599
f 321/937/776 1598/1518/1259 940/1445/1206
f 973/906/747 824/1248/1039 1598/1518/1259
f 1598/1518/1259 328/1251/1042 974/1519/1260
f 940/1445/1206 974/1519/1260 323/1446/1207
f 974/1520/1260 942/1451/1210 323/1521/1207
f 328/1254/1042 1599/1522/1261 974/1520/1260
f 1599/1522/1261 327/1258/1047 975/1523/1262
f 1599/1522/1261 324/1452/1211 942/1451/1210
f 324/1452/1211 1600/1524/1263 944/1456/1215
f 975/1523/1262 831/1260/1049 1600/1524/1263
f 831/1260/1049 976/770/619 1600/1524/1263
f 944/1456/1215 976/770/619 322/766/46
f 977/917/758 947/1458/1217 337/918/759
f 342/914/755 1601/1525/1264 977/917/758
f 1601/1525/1264 344/1266/1055 978/1526/1265
f 947/1458/1217 978/1526/1265 339/1459/1218
f 978/1527/1265 949/1528/1266 339/1463/1218
f 978/1527/1265 838/1268/1056 1602/1529/1267
f 838/1268/1056 979/1530/1268 1602/1529/1267
f 949/1528/1266 979/1530/1268 340/1465/1221
f 340/1465/1221 1603/1531/1269 951/1468/1224
f 979/1530/1268 841/1276/1062 1603/1531/1269
f 841/1276/1062 980/796/640 1603/1531/1269
f 1603/1531/1269 338/789/633 951/1468/1224
f 358/1098/916 1604/1532/1270 981/1533/1271
f 361/931/770 1604/1532/1270 982/929/768
f 1604/1532/1270 363/1534/1272 984/1535/1273
f 981/1533/1271 984/1535/1273 360/1536/1274
f 984/1537/1273 985/1538/1275 360/1539/1274
f 363/1540/1272 1605/1541/1276 984/1537/1273
f 1605/1541/1276 364/1542/1277 987/1543/1278
f 1605/1541/1276 359/1544/1279 985/1538/1275
f 987/1543/1278 988/1545/1280 359/1544/1279
f 987/1543/1278 989/1546/1281 1606/1547/1282
f 1606/1547/1282 362/131/12 990/1548/1283
f 988/1545/1280 990/1548/1283 357/140/21
f 992/1085/907 991/1549/1284 374/988/821
f 992/1085/907 993/1550/1285 1607/1551/1286
f 993/1550/1285 994/1552/1287 1607/1551/1286
f 991/1549/1284 994/1552/1287 376/1553/1288
f 376/1554/1288 1608/1555/1289 995/1556/1290
f 994/1557/1287 996/1558/1291 1608/1555/1289
f 996/1558/1291 997/1559/1292 1608/1555/1289
f 1608/1555/1289 375/1560/1293 995/1556/1290
f 997/1559/1292 998/1561/1294 375/1560/1293
f 997/1559/1292 999/1562/1295 1609/1563/1296
f 999/1562/1295 1000/159/38 1609/1563/1296
f 1609/1563/1296 373/154/33 998/1561/1294
f 1002/1104/919 1001/1564/1297 390/1002/835
f 1002/1104/919 1003/1565/1298 1610/1566/1299
f 1003/1565/1298 1004/1567/1300 1610/1566/1299
f 1610/1566/1299 392/1568/1301 1001/1564/1297
f 392/1569/1301 1611/1570/1302 1005/1571/1303
f 1004/1572/1300 1006/1573/1304 1611/1570/1302
f 1611/1570/1302 396/1574/1305 1007/1575/1306
f 1005/1571/1303 1007/1575/1306 391/1576/1307
f 1007/1575/1306 1008/1577/1308 391/1576/1307
f 1007/1575/1306 1009/1578/1309 1612/1579/1310
f 1612/1579/1310 394/184/63 1010/183/62
f 1008/1577/1308 1010/183/62 389/178/57
f 1012/1119/930 1011/1580/1311 406/1017/850
f 1012/1119/930 1013/1581/1312 1613/1582/1313
f 1013/1581/1312 1014/1583/1314 1613/1582/1313
f 1011/1580/1311 1014/1583/1314 408/1584/1315
f 1014/1585/1314 1015/1586/1316 408/1587/1315
f 1014/1585/1314 1016/1588/1317 1614/1589/1318
f 1016/1588/1317 1017/1590/1319 1614/1589/1318
f 1614/1589/1318 407/1591/1320 1015/1586/1316
f 1017/1590/1319 1018/1592/1321 407/1591/1320
f 412/1593/1322 1615/1594/1323 1017/1590/1319
f 1615/1594/1323 410/208/87 1020/207/86
f 1615/1594/1323 405/202/81 1018/1592/1321
f 357/140/21 1616/1595/1324 988/1545/1280
f 1021/139/20 1022/1596/1325 1616/1595/1324
f 1022/1596/1325 1023/1597/1326 1616/1595/1324
f 1616/1595/1324 359/1544/1279 988/1545/1280
f 1023/1597/1326 985/1538/1275 359/1544/1279
f 419/1598/1327 1617/1599/1328 1023/1597/1326
f 1024/1600/1329 1025/1601/1330 1617/1599/1328
f 985/1538/1275 1025/1601/1330 360/1539/1274
f 1025/1602/1330 981/1533/1271 360/1536/1274
f 420/1603/1331 1618/1604/1332 1025/1602/1330
f 1026/1605/1333 1027/1097/915 1618/1604/1332
f 981/1533/1271 1027/1097/915 358/1098/916
f 422/731/594 1619/1606/1334 1028/1607/1335
f 1029/730/593 1030/1608/1336 1619/1606/1334
f 1030/1608/1336 1031/1609/1337 1619/1606/1334
f 1619/1606/1334 424/1610/1338 1028/1607/1335
f 424/1610/1338 1620/1611/1339 1032/1612/1340
f 427/1613/1341 1620/1611/1339 1031/1609/1337
f 1620/1611/1339 428/1614/1342 1034/1615/1343
f 1032/1612/1340 1034/1615/1343 423/1616/1344
f 1034/1617/1343 1035/1618/1345 423/1619/1344
f 428/1620/1342 1621/1621/1346 1034/1617/1343
f 1621/1621/1346 426/1048/879 1037/1031/863
f 1035/1618/1345 1037/1031/863 421/1032/864
f 1039/757/611 1038/1622/1347 438/749/605
f 1039/757/611 1040/1623/1348 1622/1624/1349
f 1622/1624/1349 443/1625/1350 1041/1626/1351
f 1038/1622/1347 1041/1626/1351 440/1627/1352
f 1041/1626/1351 1042/1628/1353 440/1627/1352
f 443/1625/1350 1623/1629/1354 1041/1626/1351
f 1043/1630/1355 1044/1631/1356 1623/1629/1354
f 1042/1628/1353 1044/1631/1356 439/1632/1357
f 439/1633/1357 1624/1634/1358 1045/1635/1359
f 1044/1636/1356 1046/1637/1360 1624/1634/1358
f 1046/1637/1360 1047/1131/940 1624/1634/1358
f 1045/1635/1359 1047/1131/940 437/1132/941
f 454/781/626 1625/1638/1361 1048/1639/1362
f 457/787/39 1625/1638/1361 1049/780/625
f 1050/1640/1363 1051/1641/1364 1625/1638/1361
f 1625/1638/1361 456/1642/1365 1048/1639/1362
f 456/1642/1365 1626/1643/1366 1052/1644/1367
f 1051/1641/1364 1053/1645/1368 1626/1643/1366
f 1053/1645/1368 1054/1646/1369 1626/1643/1366
f 1626/1643/1366 455/1647/1370 1052/1644/1367
f 455/1648/1370 1627/1649/1371 1055/1650/1372
f 1054/1651/1369 1056/1652/1373 1627/1649/1371
f 1056/1652/1373 1057/962/799 1627/1649/1371
f 1627/1649/1371 453/958/795 1055/1650/1372
f 1059/805/646 1058/1653/1374 470/798/641
f 473/804/645 1628/1654/1375 1059/805/646
f 1628/1654/1375 475/1655/1376 1061/1656/1377
f 1058/1653/1374 1061/1656/1377 472/1657/1378
f 1061/1656/1377 1062/1658/1379 472/1657/1378
f 1061/1656/1377 1063/1659/1380 1629/1660/1381
f 1063/1659/1380 1064/1661/1382 1629/1660/1381
f 1062/1658/1379 1064/1661/1382 471/1662/1383
f 1064/1663/1382 1065/1664/1384 471/1665/1383
f 1064/1663/1382 1066/1666/1385 1630/1667/1386
f 1630/1667/1386 474/983/817 1067/980/816
f 1065/1664/1384 1067/980/816 469/982/810
f 1068/996/829 1035/1618/1345 421/1032/864
f 1068/996/829 1069/1668/1387 1631/1669/1388
f 1631/1669/1388 483/1670/1389 1070/1671/1390
f 1035/1618/1345 1070/1671/1390 423/1619/1344
f 1070/1672/1390 1032/1612/1340 423/1616/1344
f 483/1673/1389 1632/1674/1391 1070/1672/1390
f 1632/1674/1391 484/1675/1392 1072/1676/1393
f 1032/1612/1340 1072/1676/1393 424/1610/1338
f 1072/1676/1393 1028/1607/1335 424/1610/1338
f 1072/1676/1393 1073/1677/1394 1633/1678/1395
f 1633/1678/1395 482/725/590 1074/724/589
f 1633/1678/1395 422/731/594 1028/1607/1335
f 1075/977/813 983/1679/1396 361/931/770
f 1075/977/813 1076/1680/1397 1634/1681/1398
f 1076/1680/1397 1077/1682/1399 1634/1681/1398
f 983/1679/1396 1077/1682/1399 363/1534/1272
f 1077/1683/1399 986/1684/1400 363/1540/1272
f 1077/1683/1399 1078/1685/1401 1635/1686/1402
f 1635/1686/1402 368/1687/1403 1079/1688/1404
f 986/1684/1400 1079/1688/1404 364/1542/1277
f 364/1542/1277 1636/1689/1405 989/1546/1281
f 1079/1688/1404 1080/1690/1406 1636/1689/1405
f 1636/1689/1405 366/133/14 1081/132/13
f 989/1546/1281 1081/132/13 362/131/12
f 1082/1114/799 993/1550/1285 377/1087/909
f 381/1074/899 1637/1691/1407 1082/1114/799
f 1637/1691/1407 383/1692/1408 1084/1693/1409
f 1637/1691/1407 379/1694/1410 993/1550/1285
f 1084/1695/1409 996/1558/1291 379/1696/1410
f 383/1697/1408 1638/1698/1411 1084/1695/1409
f 1638/1698/1411 384/1699/1412 1086/1700/1413
f 996/1558/1291 1086/1700/1413 380/1701/1414
f 1086/1700/1413 999/1562/1295 380/1701/1414
f 384/1699/1412 1639/1702/1415 1086/1700/1413
f 1087/1703/1416 1088/165/44 1639/1702/1415
f 1639/1702/1415 378/160/39 999/1562/1295
f 1089/1129/938 1003/1565/1298 393/1101/843
f 397/1080/903 1640/1704/1417 1089/1129/938
f 1640/1704/1417 399/1705/1418 1091/1706/1419
f 1003/1565/1298 1091/1706/1419 395/1707/1420
f 1091/1708/1419 1006/1573/1304 395/1709/1420
f 1091/1708/1419 1092/1710/1421 1641/1711/1422
f 1641/1711/1422 400/1712/1423 1093/1713/1424
f 1641/1711/1422 396/1574/1305 1006/1573/1304
f 396/1574/1305 1642/1714/1425 1009/1578/1309
f 1093/1713/1424 1094/1715/1426 1642/1714/1425
f 1642/1714/1425 398/190/69 1095/189/68
f 1009/1578/1309 1095/189/68 394/184/63
f 409/1117/928 1643/1716/1427 1013/1581/1312
f 1096/951/788 1097/1717/1428 1643/1716/1427
f 1097/1717/1428 1098/1718/1429 1643/1716/1427
f 1643/1716/1427 411/1719/1430 1013/1581/1312
f 411/1720/1430 1644/1721/1431 1016/1588/1317
f 1098/1722/1429 1099/1723/1432 1644/1721/1431
f 1099/1723/1432 1100/1724/1433 1644/1721/1431
f 1644/1721/1431 412/1593/1322 1016/1588/1317
f 1100/1724/1433 1019/1725/1434 412/1593/1322
f 1100/1724/1433 1101/1726/1435 1645/1727/1436
f 1101/1726/1435 1102/213/92 1645/1727/1436
f 1645/1727/1436 410/208/87 1019/1725/1434
f 425/737/598 1646/1728/1437 1030/1608/1336
f 1103/736/597 1104/1729/1438 1646/1728/1437
f 1104/1729/1438 1105/1730/1439 1646/1728/1437
f 1646/1728/1437 427/1613/1341 1030/1608/1336
f 1105/1730/1439 1033/1731/1440 427/1613/1341
f 1105/1730/1439 1106/1732/1441 1647/1733/1442
f 1106/1732/1441 1107/1734/1443 1647/1733/1442
f 1033/1731/1440 1107/1734/1443 428/1614/1342
f 1107/1735/1443 1036/1736/1444 428/1620/1342
f 1107/1735/1443 1108/1737/1311 1648/1738/1445
f 1108/1737/1311 1109/1050/881 1648/1738/1445
f 1036/1736/1444 1109/1050/881 426/1048/879
f 441/756/63 1649/1739/1446 1040/1623/1348
f 445/762/614 1649/1739/1446 1110/763/615
f 1649/1739/1446 447/1740/1447 1112/1741/1448
f 1040/1623/1348 1112/1741/1448 443/1625/1350
f 1112/1741/1448 1043/1630/1355 443/1625/1350
f 447/1740/1447 1650/1742/1449 1112/1741/1448
f 1650/1742/1449 448/1743/1301 1114/1744/1450
f 1043/1630/1355 1114/1744/1450 444/1745/1451
f 444/1746/1451 1651/1747/1452 1046/1637/1360
f 448/1748/1301 1651/1747/1452 1114/1749/1450
f 1115/1750/1453 1116/1013/846 1651/1747/1452
f 1046/1637/1360 1116/1013/846 442/1010/843
f 1117/786/631 1050/1640/1363 457/787/39
f 1117/786/631 1118/1751/1454 1652/1752/1455
f 1118/1751/1454 1119/1753/1456 1652/1752/1455
f 1652/1752/1455 459/1754/1457 1050/1640/1363
f 459/1754/1457 1653/1755/1458 1053/1645/1368
f 1119/1753/1456 1120/1756/1459 1653/1755/1458
f 1120/1756/1459 1121/1757/1460 1653/1755/1458
f 1053/1645/1368 1121/1757/1460 460/1758/1461
f 1121/1759/1460 1056/1652/1373 460/1760/1461
f 464/1761/1462 1654/1762/1463 1121/1759/1460
f 1122/1763/1464 1123/1025/858 1654/1762/1463
f 1056/1652/1373 1123/1025/858 458/961/798
f 1124/811/652 1060/1764/1465 473/804/645
f 477/810/651 1655/1765/1466 1124/811/652
f 1655/1765/1466 479/1766/1467 1126/1767/1468
f 1060/1764/1465 1126/1767/1468 475/1655/1376
f 475/1655/1376 1656/1768/1469 1063/1659/1380
f 1126/1767/1468 1127/1769/1470 1656/1768/1469
f 1127/1769/1470 1128/1770/1471 1656/1768/1469
f 1656/1768/1469 476/1771/1472 1063/1659/1380
f 476/1772/1472 1657/1773/1473 1066/1666/1385
f 1128/1774/1471 1129/1775/1474 1657/1773/1473
f 1657/1773/1473 478/968/805 1130/1036/768
f 1066/1666/1385 1130/1036/768 474/983/817
f 1131/1064/892 1076/1680/1397 365/974/810
f 1131/1064/892 1132/1776/1475 1658/1777/1476
f 1658/1777/1476 371/1778/1477 1133/1779/1478
f 1658/1777/1476 367/1780/1479 1076/1680/1397
f 367/1781/1479 1659/1782/1480 1078/1685/1401
f 1133/1783/1478 1134/1784/1481 1659/1782/1480
f 1134/1784/1481 1135/1785/1482 1659/1782/1480
f 1659/1782/1480 368/1687/1403 1078/1685/1401
f 368/1687/1403 1660/1786/1483 1080/1690/1406
f 1135/1785/1482 1136/1787/1484 1660/1786/1483
f 1136/1787/1484 1137/145/26 1660/1786/1483
f 1660/1786/1483 366/133/14 1080/1690/1406
f 1138/1075/900 1083/1788/1485 381/1074/899
f 385/1005/838 1661/1789/1486 1138/1075/900
f 1139/1790/1487 1140/1791/1488 1661/1789/1486
f 1083/1788/1485 1140/1791/1488 383/1692/1408
f 383/1697/1408 1662/1792/1489 1085/1793/1490
f 1140/1794/1488 1141/1795/1491 1662/1792/1489
f 1662/1792/1489 388/1796/1492 1142/1797/1493
f 1085/1793/1490 1142/1797/1493 384/1699/1412
f 384/1699/1412 1663/1798/1494 1087/1703/1416
f 1142/1797/1493 1143/1799/1495 1663/1798/1494
f 1143/1799/1495 1144/171/50 1663/1798/1494
f 1663/1798/1494 382/166/45 1087/1703/1416
f 397/1080/903 1664/1800/1496 1090/1801/1497
f 401/1020/853 1664/1800/1496 1145/1081/904
f 1146/1802/1498 1147/1803/1499 1664/1800/1496
f 1664/1800/1496 399/1705/1418 1090/1801/1497
f 1147/1804/1499 1092/1710/1421 399/1805/1418
f 1147/1804/1499 1148/1806/1500 1665/1807/1501
f 1665/1807/1501 404/1808/1502 1149/1809/1503
f 1092/1710/1421 1149/1809/1503 400/1712/1423
f 400/1712/1423 1666/1810/1504 1094/1715/1426
f 1149/1809/1503 1150/1811/1505 1666/1810/1504
f 1666/1810/1504 402/196/75 1151/195/74
f 1666/1810/1504 398/190/69 1094/1715/1426
f 413/953/790 1667/1812/1506 1097/1717/1428
f 1152/1091/913 1026/1605/1333 1667/1812/1506
f 1667/1812/1506 420/1603/1331 1153/1813/1507
f 1667/1812/1506 415/1814/1508 1097/1717/1428
f 1153/1815/1507 1099/1723/1432 415/1816/1508
f 420/1817/1331 1668/1818/1509 1153/1815/1507
f 1668/1818/1509 419/1598/1327 1154/1819/1510
f 1668/1818/1509 416/1820/1511 1099/1723/1432
f 416/1820/1511 1669/1821/1512 1101/1726/1435
f 1154/1819/1510 1022/1596/1325 1669/1821/1512
f 1022/1596/1325 1155/218/97 1669/1821/1512
f 1669/1821/1512 414/214/93 1101/1726/1435
f 429/743/602 1670/1822/1513 1104/1729/1438
f 1156/742/601 1157/1823/1514 1670/1822/1513
f 1157/1823/1514 1158/1824/1515 1670/1822/1513
f 1670/1822/1513 431/1825/1516 1104/1729/1438
f 431/1825/1516 1671/1826/1517 1106/1732/1441
f 1158/1824/1515 1159/1827/1518 1671/1826/1517
f 1671/1826/1517 436/1828/1519 1160/1829/1520
f 1671/1826/1517 432/1830/1521 1106/1732/1441
f 432/1831/1521 1672/1832/1522 1108/1737/1311
f 436/1833/1519 1672/1832/1522 1160/1834/1520
f 1161/1835/1523 1162/1110/924 1672/1832/1522
f 1108/1737/1311 1162/1110/924 430/1107/922
f 445/762/614 1673/1836/1524 1111/1837/1525
f 449/768/617 1673/1836/1524 1163/769/618
f 1164/1838/1526 1165/1839/1527 1673/1836/1524
f 1111/1837/1525 1165/1839/1527 447/1740/1447
f 1165/1839/1527 1113/1840/1528 447/1740/1447
f 451/1841/1529 1674/1842/1530 1165/1839/1527
f 1674/1842/1530 452/1843/1531 1167/1844/1532
f 1113/1840/1528 1167/1844/1532 448/1743/1301
f 1167/1845/1532 1115/1750/1453 448/1748/1301
f 452/1846/1531 1675/1847/1533 1167/1845/1532
f 1675/1847/1533 450/1055/886 1169/1124/839
f 1115/1750/1453 1169/1124/839 446/1122/933
f 461/793/637 1676/1848/1534 1118/1751/1454
f 465/791/635 1676/1848/1534 1170/792/636
f 1171/1849/1535 1172/1850/1536 1676/1848/1534
f 1676/1848/1534 463/1851/1537 1118/1751/1454
f 1172/1850/1536 1120/1756/1459 463/1851/1537
f 467/1852/1538 1677/1853/1539 1172/1850/1536
f 1173/1854/1540 1174/1855/1541 1677/1853/1539
f 1120/1756/1459 1174/1855/1541 464/1856/1462
f 464/1761/1462 1678/1857/1542 1122/1763/1464
f 1174/1858/1541 1175/1859/1543 1678/1857/1542
f 1678/1857/1542 466/1067/894 1176/1135/824
f 1678/1857/1542 462/1136/944 1122/1763/1464
f 477/810/651 1679/1860/1544 1125/1861/1545
f 482/725/590 1679/1860/1544 1177/815/656
f 1073/1677/1394 1178/1862/1546 1679/1860/1544
f 1679/1860/1544 479/1766/1467 1125/1861/1545
f 479/1766/1467 1680/1863/1547 1127/1769/1470
f 484/1675/1392 1680/1863/1547 1178/1862/1546
f 1680/1863/1547 483/1673/1389 1179/1864/1548
f 1127/1769/1470 1179/1864/1548 480/1865/1549
f 480/1866/1549 1681/1867/1550 1129/1775/1474
f 1179/1868/1548 1069/1668/1387 1681/1867/1550
f 1069/1668/1387 1180/966/803 1681/1867/1550
f 1681/1867/1550 478/968/805 1129/1775/1474
f 369/1869/890 1682/1870/1551 1132/1871/1475
f 374/988/821 1682/1870/1551 1181/991/824
f 1682/1870/1551 376/1553/1288 1182/1872/1552
f 1132/1871/1475 1182/1872/1552 371/1873/1477
f 1182/1874/1552 1134/1875/1481 371/1876/1477
f 1182/1874/1552 995/1556/1290 1683/1877/1553
f 995/1556/1290 1183/1878/1554 1683/1877/1553
f 1683/1877/1553 372/1879/1555 1134/1875/1481
f 1183/1878/1554 1136/1880/1484 372/1879/1555
f 375/1560/1293 1684/1881/1556 1183/1878/1554
f 1684/1881/1556 373/154/33 1184/153/32
f 1684/1881/1556 370/1882/27 1136/1880/1484
f 385/1005/838 1685/1883/1557 1139/1790/1487
f 1185/1006/839 1001/1564/1297 1685/1883/1557
f 1001/1564/1297 1186/1884/1558 1685/1883/1557
f 1139/1790/1487 1186/1884/1558 387/1885/1559
f 387/1886/1559 1686/1887/1560 1141/1795/1491
f 1186/1888/1558 1005/1571/1303 1686/1887/1560
f 1686/1887/1560 391/1576/1307 1187/1889/1561
f 1686/1887/1560 388/1796/1492 1141/1795/1491
f 1187/1889/1561 1143/1799/1495 388/1796/1492
f 391/1576/1307 1687/1890/1562 1187/1889/1561
f 1687/1890/1562 389/178/57 1188/177/56
f 1143/1799/1495 1188/177/56 386/172/51
f 1189/1021/854 1146/1802/1498 401/1020/853
f 1189/1021/854 1011/1580/1311 1688/1891/1563
f 1688/1891/1563 408/1584/1315 1190/1892/1564
f 1688/1891/1563 403/1893/1565 1146/1802/1498
f 1190/1894/1564 1148/1806/1500 403/1895/1565
f 408/1587/1315 1689/1896/1566 1190/1894/1564
f 1689/1896/1566 407/1591/1320 1191/1897/1567
f 1148/1806/1500 1191/1897/1567 404/1808/1502
f 1191/1897/1567 1150/1811/1505 404/1808/1502
f 407/1591/1320 1690/1898/1568 1191/1897/1567
f 1690/1898/1568 405/202/81 1192/201/80
f 1150/1811/1505 1192/201/80 402/196/75
f 433/751/607 1691/1899/1569 1157/1900/1514
f 438/749/605 1691/1899/1569 1193/750/606
f 1691/1899/1569 440/1627/1352 1194/1901/1570
f 1157/1900/1514 1194/1901/1570 435/1902/1571
f 435/1902/1571 1692/1903/1572 1159/1904/1518
f 1194/1901/1570 1042/1628/1353 1692/1903/1572
f 1042/1628/1353 1195/1905/1573 1692/1903/1572
f 1159/1904/1518 1195/1905/1573 436/1906/1519
f 1195/1907/1573 1161/1908/1523 436/1909/1519
f 439/1633/1357 1693/1910/1574 1195/1907/1573
f 1693/1910/1574 437/1132/941 1196/1040/871
f 1693/1910/1574 434/1042/873 1161/1908/1523
f 449/768/617 1694/1911/1494 1164/1838/1526
f 454/781/626 1694/1911/1494 1197/775/50
f 1694/1911/1494 456/1642/1365 1198/1912/1575
f 1164/1838/1526 1198/1912/1575 451/1841/1529
f 451/1841/1529 1695/1913/1576 1166/1914/1577
f 456/1642/1365 1695/1913/1576 1198/1912/1575
f 1052/1644/1367 1199/1915/1578 1695/1913/1576
f 1695/1913/1576 452/1843/1531 1166/1914/1577
f 1199/1916/1578 1168/1917/1579 452/1846/1531
f 455/1648/1370 1696/1918/1580 1199/1916/1578
f 1055/1650/1372 1200/1058/888 1696/1918/1580
f 1168/1917/1579 1200/1058/888 450/1055/886
f 1201/799/642 1171/1849/1535 465/791/635
f 470/798/641 1697/1919/1581 1201/799/642
f 1697/1919/1581 472/1657/1378 1202/1920/1582
f 1171/1849/1535 1202/1920/1582 467/1852/1538
f 1202/1920/1582 1173/1854/1540 467/1852/1538
f 472/1657/1378 1698/1921/1583 1202/1920/1582
f 1698/1921/1583 471/1662/1383 1203/1922/1584
f 1173/1854/1540 1203/1922/1584 468/1923/1585
f 468/1924/1585 1699/1925/1586 1175/1859/1543
f 471/1665/1383 1699/1925/1586 1203/1926/1584
f 1065/1664/1384 1204/1070/896 1699/1925/1586
f 1175/1859/1543 1204/1070/896 466/1067/894
f 233/1288/1073 1700/1927/1587 1205/130/11
f 758/1139/947 1206/136/17 1700/1927/1587
f 1206/136/17 990/1548/1283 1700/1927/1587
f 1205/130/11 990/1548/1283 362/131/12
f 1869/1928/1588 2933/1929/1589 2483/1930/1590
f 2483/1930/1590 2837/1931/1591 1865/1932/1592
f 2933/1929/1589 1994/1933/1593 2837/1931/1591
f 2843/1934/1594 2713/1935/1595 2933/1929/1589
f 1862/1936/1596 2934/1937/1597 2435/1938/1598
f 2435/1938/1598 2841/1939/1599 1922/1940/1600
f 2653/1941/1601 2841/1939/1599 2934/1937/1597
f 2838/1942/1602 2653/1941/1601 2934/1937/1597
f 2845/1943/1603 2539/1944/1604 1873/1945/1605
f 2539/1944/1604 2843/1934/1594 1869/1928/1588
f 2935/1946/1606 1998/1947/1607 2843/1934/1594
f 2845/1943/1603 2769/1948/1608 2935/1946/1606
f 2847/1949/1609 2589/1950/1610 1878/1951/1611
f 2936/1952/1612 1873/1953/1605 2589/1950/1610
f 2816/1954/1613 2845/1955/1603 2936/1952/1612
f 2847/1949/1609 2816/1954/1613 2936/1952/1612
f 2849/1956/1614 2400/1957/1615 1881/1958/1616
f 2937/1959/1617 1878/1951/1611 2400/1957/1615
f 2632/1960/1618 2847/1949/1609 2937/1959/1617
f 2010/1961/1619 2937/1959/1617 2849/1956/1614
f 2851/1962/1620 2490/1963/1621 1885/1964/1622
f 2938/1965/1623 1881/1958/1616 2490/1963/1621
f 2720/1966/1624 2849/1956/1614 2938/1965/1623
f 2014/1967/1625 2938/1965/1623 2851/1962/1620
f 2853/1968/1626 2546/1969/1627 1889/1970/1628
f 2939/1971/1629 1885/1964/1622 2546/1969/1627
f 2776/1972/1630 2851/1962/1620 2939/1971/1629
f 2018/1973/1631 2939/1971/1629 2853/1968/1626
f 1894/1974/1632 2940/1975/1633 2593/1976/1634
f 2940/1975/1633 1889/1970/1628 2593/1976/1634
f 2940/1975/1633 2018/1973/1631 2853/1968/1626
f 2855/1977/1635 2820/1978/1636 2940/1975/1633
f 1897/1979/1637 2941/1980/1638 2410/1981/1639
f 2410/1981/1639 2855/1977/1635 1894/1974/1632
f 2941/1980/1638 2021/1982/1640 2855/1977/1635
f 2857/1983/1641 2642/1984/1642 2941/1980/1638
f 1901/1985/1643 2942/1986/1644 2497/1987/1645
f 2497/1987/1645 2857/1983/1641 1897/1979/1637
f 2942/1986/1644 2026/1988/1646 2857/1983/1641
f 2859/1989/1647 2727/1990/1648 2942/1986/1644
f 1905/1991/1649 2943/1992/1650 2553/1993/1651
f 2553/1993/1651 2859/1989/1647 1901/1985/1643
f 2943/1992/1650 2030/1994/1652 2859/1989/1647
f 2861/1995/1653 2783/1996/1654 2943/1992/1650
f 2863/1997/1655 2597/1998/1656 1910/1999/1657
f 2597/1998/1656 2861/1995/1653 1905/1991/1649
f 2824/2000/1658 2861/1995/1653 2944/2001/1659
f 2037/2002/1660 2944/2001/1659 2863/1997/1655
f 2865/2003/1661 2420/2004/1662 1913/2005/1663
f 2945/2006/1664 1910/1999/1657 2420/2004/1662
f 2652/2007/1665 2863/1997/1655 2945/2006/1664
f 2042/2008/1666 2945/2006/1664 2865/2003/1661
f 2867/2009/1667 2504/2010/1668 1917/2011/1669
f 2946/2012/1670 1913/2005/1663 2504/2010/1668
f 2734/2013/1671 2865/2003/1661 2946/2012/1670
f 2046/2014/1672 2946/2012/1670 2867/2009/1667
f 2841/1939/1599 2560/2015/1673 1922/1940/1600
f 2947/2016/1674 1917/2011/1669 2560/2015/1673
f 2787/2017/1675 2867/2009/1667 2947/2016/1674
f 2841/1939/1599 2787/2017/1675 2947/2016/1674
f 1814/2018/1676 2948/2019/1677 2869/2020/1678
f 2869/2020/1678 2437/2021/1679 1929/2022/1680
f 2948/2019/1677 1926/2023/1681 2437/2021/1679
f 2177/2024/1682 2870/2025/1683 2948/2019/1677
f 2121/2026/1684 2122/2027/1685 1701/2028/1686
f 2949/2029/1687 1717/2030/1688 2122/2027/1685
f 2314/2031/1689 2130/2032/1690 2949/2029/1687
f 1716/2033/1691 2949/2029/1687 2121/2026/1684
f 2117/2034/1692 2189/2035/1693 1702/2036/1694
f 2950/2037/1695 1718/2038/1696 2189/2035/1693
f 2122/2027/1685 2123/2039/1697 2950/2037/1695
f 1701/2028/1686 2950/2037/1695 2117/2034/1692
f 2185/2040/1698 2249/2041/1699 1703/2042/1700
f 2951/2043/1701 1719/2044/1702 2249/2041/1699
f 2189/2035/1693 2190/2045/1703 2951/2043/1701
f 1702/2036/1694 2951/2043/1701 2185/2040/1698
f 2245/2046/1704 2308/2047/1705 1704/2048/1706
f 2952/2049/1707 1720/2050/1708 2308/2047/1705
f 2249/2041/1699 2250/2051/1709 2952/2049/1707
f 1703/2042/1700 2952/2049/1707 2245/2046/1704
f 1705/2052/1710 2953/2053/1711 2124/2054/1712
f 2124/2054/1712 2309/2055/1713 1721/2056/1714
f 2953/2053/1711 1720/2057/1708 2309/2055/1713
f 2305/2058/1715 2308/2059/1705 2953/2053/1711
f 1706/2060/1716 2954/2061/1717 2191/2062/1718
f 2191/2062/1718 2125/2063/1719 1722/2064/1720
f 2954/2061/1717 1721/2056/1714 2125/2063/1719
f 2118/2065/1721 2124/2054/1712 2954/2061/1717
f 1707/2066/1722 2955/2067/1723 2251/2068/1724
f 2251/2068/1724 2192/2069/1725 1723/2070/1726
f 2955/2067/1723 1722/2064/1720 2192/2069/1725
f 2186/2071/1727 2191/2062/1718 2955/2067/1723
f 1708/2072/1728 2956/2073/1729 2310/2074/1730
f 2310/2074/1730 2252/2075/1731 1724/2076/1732
f 2956/2073/1729 1723/2070/1726 2252/2075/1731
f 2246/2077/1733 2251/2068/1724 2956/2073/1729
f 1709/2078/1734 2957/2079/1735 2126/2080/1736
f 2126/2080/1736 2311/2081/1737 1725/2082/1738
f 2957/2079/1735 1724/2076/1732 2311/2081/1737
f 2306/2083/1739 2310/2074/1730 2957/2079/1735
f 1710/2084/1740 2958/2085/1741 2193/2086/1742
f 2193/2086/1742 2127/2087/1743 1726/2088/1744
f 2958/2085/1741 1725/2082/1738 2127/2087/1743
f 2119/2089/1745 2126/2080/1736 2958/2085/1741
f 1711/2090/1746 2959/2091/1747 2253/2092/1748
f 2253/2092/1748 2194/2093/1749 1727/2094/1750
f 2959/2091/1747 1726/2088/1744 2194/2093/1749
f 2187/2095/1751 2193/2086/1742 2959/2091/1747
f 1712/2096/1752 2960/2097/1753 2312/2098/1754
f 2312/2098/1754 2254/2099/1755 1728/2100/1756
f 2960/2097/1753 1727/2094/1750 2254/2099/1755
f 2247/2101/1757 2253/2092/1748 2960/2097/1753
f 2307/2102/1758 2128/2103/1759 1713/2104/1760
f 2961/2105/1761 1729/2106/1762 2128/2103/1759
f 2312/2098/1754 2313/2107/1763 2961/2105/1761
f 1712/2096/1752 2961/2105/1761 2307/2102/1758
f 2120/2108/1764 2195/2109/1765 1714/2110/1766
f 2962/2111/1767 1730/2112/1768 2195/2109/1765
f 2128/2103/1759 2129/2113/1769 2962/2111/1767
f 1713/2104/1760 2962/2111/1767 2120/2108/1764
f 2188/2114/1770 2255/2115/1771 1715/2116/1772
f 2963/2117/1773 1731/2118/1774 2255/2115/1771
f 2195/2109/1765 2196/2119/1775 2963/2117/1773
f 1714/2110/1766 2963/2117/1773 2188/2114/1770
f 2248/2120/1776 2314/2031/1689 1716/2033/1691
f 2964/2121/1777 1732/2122/1778 2314/2031/1689
f 2255/2115/1771 2256/2123/1779 2964/2121/1777
f 1715/2116/1772 2964/2121/1777 2248/2120/1776
f 2130/2032/1690 2131/2124/1780 1717/2030/1688
f 2965/2125/1781 1733/2126/1782 2131/2124/1780
f 2321/2127/1783 2139/2128/1784 2965/2125/1781
f 1732/2122/1778 2965/2125/1781 2130/2032/1690
f 2123/2039/1697 2197/2129/1785 1718/2038/1696
f 2966/2130/1786 1734/2131/1787 2197/2129/1785
f 2131/2124/1780 2132/2132/1788 2966/2130/1786
f 1717/2030/1688 2966/2130/1786 2123/2039/1697
f 2190/2045/1703 2257/2133/1789 1719/2044/1702
f 2967/2134/1790 1735/2135/1791 2257/2133/1789
f 2197/2129/1785 2198/2136/1792 2967/2134/1790
f 1718/2038/1696 2967/2134/1790 2190/2045/1703
f 2250/2051/1709 2315/2137/1793 1720/2050/1708
f 2968/2138/1794 1736/2139/1795 2315/2137/1793
f 2257/2133/1789 2258/2140/1796 2968/2138/1794
f 1719/2044/1702 2968/2138/1794 2250/2051/1709
f 1721/2056/1714 2969/2141/1797 2133/2142/1798
f 2133/2142/1798 2316/2143/1799 1737/2144/1800
f 2969/2141/1797 1736/2145/1795 2316/2143/1799
f 2309/2055/1713 2315/2146/1793 2969/2141/1797
f 1722/2064/1720 2970/2147/1801 2199/2148/1802
f 2199/2148/1802 2134/2149/1803 1738/2150/1804
f 2970/2147/1801 1737/2144/1800 2134/2149/1803
f 2125/2063/1719 2133/2142/1798 2970/2147/1801
f 1723/2070/1726 2971/2151/1805 2259/2152/1806
f 2259/2152/1806 2200/2153/1807 1739/2154/1808
f 2971/2151/1805 1738/2150/1804 2200/2153/1807
f 2192/2069/1725 2199/2148/1802 2971/2151/1805
f 1724/2076/1732 2972/2155/1809 2317/2156/1810
f 2317/2156/1810 2260/2157/1811 1740/2158/1812
f 2972/2155/1809 1739/2154/1808 2260/2157/1811
f 2252/2075/1731 2259/2152/1806 2972/2155/1809
f 1725/2082/1738 2973/2159/1813 2135/2160/1814
f 2135/2160/1814 2318/2161/1815 1741/2162/1816
f 2973/2159/1813 1740/2158/1812 2318/2161/1815
f 2311/2081/1737 2317/2156/1810 2973/2159/1813
f 1726/2088/1744 2974/2163/1817 2201/2164/1818
f 2201/2164/1818 2136/2165/1819 1742/2166/1820
f 2974/2163/1817 1741/2162/1816 2136/2165/1819
f 2127/2087/1743 2135/2160/1814 2974/2163/1817
f 1727/2094/1750 2975/2167/1821 2261/2168/1822
f 2261/2168/1822 2202/2169/1823 1743/2170/1824
f 2975/2167/1821 1742/2166/1820 2202/2169/1823
f 2194/2093/1749 2201/2164/1818 2975/2167/1821
f 1728/2100/1756 2976/2171/1825 2319/2172/1826
f 2319/2172/1826 2262/2173/1827 1744/2174/1828
f 2976/2171/1825 1743/2170/1824 2262/2173/1827
f 2254/2099/1755 2261/2168/1822 2976/2171/1825
f 2313/2107/1763 2137/2175/1829 1729/2106/1762
f 2977/2176/1830 1745/2177/1831 2137/2175/1829
f 2319/2172/1826 2320/2178/1832 2977/2176/1830
f 1728/2100/1756 2977/2176/1830 2313/2107/1763
f 2129/2113/1769 2203/2179/1833 1730/2112/1768
f 2978/2180/1834 1746/2181/1835 2203/2179/1833
f 2137/2175/1829 2138/2182/1836 2978/2180/1834
f 1729/2106/1762 2978/2180/1834 2129/2113/1769
f 2196/2119/1775 2263/2183/1837 1731/2118/1774
f 2979/2184/1838 1747/2185/1839 2263/2183/1837
f 2203/2179/1833 2204/2186/1840 2979/2184/1838
f 1730/2112/1768 2979/2184/1838 2196/2119/1775
f 2256/2123/1779 2321/2127/1783 1732/2122/1778
f 2980/2187/1841 1748/2188/1842 2321/2127/1783
f 2263/2183/1837 2264/2189/1843 2980/2187/1841
f 1731/2118/1774 2980/2187/1841 2256/2123/1779
f 2139/2128/1784 2140/2190/1844 1733/2126/1782
f 2140/2190/1844 2148/2191/1845 1749/2192/1846
f 2981/2193/1847 1764/2194/1848 2148/2191/1845
f 1748/2188/1842 2981/2193/1847 2139/2128/1784
f 2132/2132/1788 2205/2195/1849 1734/2131/1787
f 2205/2195/1849 2141/2196/1850 1750/2197/1851
f 2982/2198/1852 1749/2192/1846 2141/2196/1850
f 1733/2126/1782 2982/2198/1852 2132/2132/1788
f 2198/2136/1792 2265/2199/1853 1735/2135/1791
f 2265/2199/1853 2206/2200/1854 1751/2201/1855
f 2983/2202/1856 1750/2197/1851 2206/2200/1854
f 1734/2131/1787 2983/2202/1856 2198/2136/1792
f 2258/2140/1796 2322/2203/1857 1736/2139/1795
f 2322/2203/1857 2266/2204/1858 1752/2205/1859
f 2984/2206/1860 1751/2201/1855 2266/2204/1858
f 1735/2135/1791 2984/2206/1860 2258/2140/1796
f 1737/2144/1800 2985/2207/1861 2142/2208/1862
f 2985/2207/1861 1753/2209/1863 2142/2208/1862
f 2322/2210/1857 2323/2211/1864 2985/2207/1861
f 2316/2143/1799 2322/2210/1857 2985/2207/1861
f 1738/2150/1804 2986/2212/1865 2207/2213/1866
f 2986/2212/1865 1754/2214/1867 2207/2213/1866
f 2142/2208/1862 2143/2215/1868 2986/2212/1865
f 2134/2149/1803 2142/2208/1862 2986/2212/1865
f 1739/2154/1808 2987/2216/1869 2267/2217/1870
f 2987/2216/1869 1755/2218/1871 2267/2217/1870
f 2207/2213/1866 2208/2219/1872 2987/2216/1869
f 2200/2153/1807 2207/2213/1866 2987/2216/1869
f 1740/2158/1812 2988/2220/1873 2324/2221/1874
f 2988/2220/1873 1756/2222/1875 2324/2221/1874
f 2267/2217/1870 2268/2223/1876 2988/2220/1873
f 2260/2157/1811 2267/2217/1870 2988/2220/1873
f 1741/2162/1816 2989/2224/1877 2144/2225/1878
f 2989/2224/1877 1757/2226/1879 2144/2225/1878
f 2324/2221/1874 2325/2227/1880 2989/2224/1877
f 2318/2161/1815 2324/2221/1874 2989/2224/1877
f 1742/2166/1820 2990/2228/1881 2209/2229/1882
f 2990/2228/1881 1758/2230/1883 2209/2229/1882
f 2144/2225/1878 2145/2231/1884 2990/2228/1881
f 2136/2165/1819 2144/2225/1878 2990/2228/1881
f 1743/2170/1824 2991/2232/1885 2269/2233/1886
f 2991/2232/1885 1759/2234/1887 2269/2233/1886
f 2209/2229/1882 2210/2235/1888 2991/2232/1885
f 2202/2169/1823 2209/2229/1882 2991/2232/1885
f 1744/2174/1828 2992/2236/1889 2326/2237/1890
f 2992/2236/1889 1760/2238/1891 2326/2237/1890
f 2269/2233/1886 2270/2239/1892 2992/2236/1889
f 2262/2173/1827 2269/2233/1886 2992/2236/1889
f 2320/2178/1832 2146/2240/1893 1745/2177/1831
f 2146/2240/1893 2327/2241/1894 1761/2242/1895
f 2993/2243/1896 1760/2238/1891 2327/2241/1894
f 1744/2174/1828 2993/2243/1896 2320/2178/1832
f 2138/2182/1836 2211/2244/1897 1746/2181/1835
f 2211/2244/1897 2147/2245/1898 1762/2246/1899
f 2994/2247/1900 1761/2242/1895 2147/2245/1898
f 1745/2177/1831 2994/2247/1900 2138/2182/1836
f 2204/2186/1840 2271/2248/1901 1747/2185/1839
f 2271/2248/1901 2212/2249/1902 1763/2250/1903
f 2995/2251/1904 1762/2246/1899 2212/2249/1902
f 1746/2181/1835 2995/2251/1904 2204/2186/1840
f 2264/2189/1843 2328/2252/1905 1748/2188/1842
f 2328/2252/1905 2272/2253/1906 1764/2194/1848
f 2996/2254/1907 1763/2250/1903 2272/2253/1906
f 1747/2185/1839 2996/2254/1907 2264/2189/1843
f 1749/2192/1846 2997/2255/1908 2149/2256/1909
f 2997/2255/1908 1765/2257/1910 2149/2256/1909
f 2335/2258/1911 2157/2259/1912 2997/2255/1908
f 2148/2191/1845 2335/2258/1911 2997/2255/1908
f 1750/2197/1851 2998/2260/1913 2213/2261/1914
f 2998/2260/1913 1766/2262/1915 2213/2261/1914
f 2149/2256/1909 2150/2263/1916 2998/2260/1913
f 2141/2196/1850 2149/2256/1909 2998/2260/1913
f 1751/2201/1855 2999/2264/1917 2273/2265/1918
f 2999/2264/1917 1767/2266/1919 2273/2265/1918
f 2213/2261/1914 2214/2267/1920 2999/2264/1917
f 2206/2200/1854 2213/2261/1914 2999/2264/1917
f 1752/2205/1859 3000/2268/1921 2329/2269/1922
f 3000/2268/1921 1768/2270/1923 2329/2269/1922
f 2273/2265/1918 2274/2271/1924 3000/2268/1921
f 2266/2204/1858 2273/2265/1918 3000/2268/1921
f 2323/2211/1864 2151/2272/1925 1753/2209/1863
f 2151/2272/1925 2330/2273/1926 1769/2274/1927
f 3001/2275/1928 1768/2276/1923 2330/2273/1926
f 1752/2277/1859 3001/2275/1928 2323/2211/1864
f 2143/2215/1868 2215/2278/1929 1754/2214/1867
f 2215/2278/1929 2152/2279/1930 1770/2280/1931
f 3002/2281/1932 1769/2274/1927 2152/2279/1930
f 1753/2209/1863 3002/2281/1932 2143/2215/1868
f 2208/2219/1872 2275/2282/1933 1755/2218/1871
f 2275/2282/1933 2216/2283/1934 1771/2284/1935
f 3003/2285/1936 1770/2280/1931 2216/2283/1934
f 1754/2214/1867 3003/2285/1936 2208/2219/1872
f 2268/2223/1876 2331/2286/1937 1756/2222/1875
f 2331/2286/1937 2276/2287/1938 1772/2288/1939
f 3004/2289/1940 1771/2284/1935 2276/2287/1938
f 1755/2218/1871 3004/2289/1940 2268/2223/1876
f 2325/2227/1880 2153/2290/1941 1757/2226/1879
f 2153/2290/1941 2332/2291/1942 1773/2292/1943
f 3005/2293/1944 1772/2288/1939 2332/2291/1942
f 1756/2222/1875 3005/2293/1944 2325/2227/1880
f 2145/2231/1884 2217/2294/1945 1758/2230/1883
f 2217/2294/1945 2154/2295/1946 1774/2296/1947
f 3006/2297/1948 1773/2292/1943 2154/2295/1946
f 1757/2226/1879 3006/2297/1948 2145/2231/1884
f 2210/2235/1888 2277/2298/1949 1759/2234/1887
f 2277/2298/1949 2218/2299/1950 1775/2300/1951
f 3007/2301/1952 1774/2296/1947 2218/2299/1950
f 1758/2230/1883 3007/2301/1952 2210/2235/1888
f 2270/2239/1892 2333/2302/1953 1760/2238/1891
f 2333/2302/1953 2278/2303/1954 1776/2304/1955
f 3008/2305/1956 1775/2300/1951 2278/2303/1954
f 1759/2234/1887 3008/2305/1956 2270/2239/1892
f 1761/2242/1895 3009/2306/1957 2155/2307/1958
f 3009/2306/1957 1777/2308/1959 2155/2307/1958
f 2333/2302/1953 2334/2309/1960 3009/2306/1957
f 2327/2241/1894 2333/2302/1953 3009/2306/1957
f 1762/2246/1899 3010/2310/1961 2219/2311/1962
f 3010/2310/1961 1778/2312/1963 2219/2311/1962
f 2155/2307/1958 2156/2313/1964 3010/2310/1961
f 2147/2245/1898 2155/2307/1958 3010/2310/1961
f 1763/2250/1903 3011/2314/1965 2279/2315/1966
f 3011/2314/1965 1779/2316/1967 2279/2315/1966
f 2219/2311/1962 2220/2317/1968 3011/2314/1965
f 2212/2249/1902 2219/2311/1962 3011/2314/1965
f 1764/2194/1848 3012/2318/1969 2335/2258/1911
f 3012/2318/1969 1780/2319/1970 2335/2258/1911
f 2279/2315/1966 2280/2320/1971 3012/2318/1969
f 2272/2253/1906 2279/2315/1966 3012/2318/1969
f 2157/2259/1912 2158/2321/1972 1765/2257/1910
f 2158/2321/1972 2166/2322/1973 1781/2323/1974
f 3013/2324/1975 1796/2325/1976 2166/2322/1973
f 1780/2319/1970 3013/2324/1975 2157/2259/1912
f 2150/2263/1916 2221/2326/1977 1766/2262/1915
f 2221/2326/1977 2159/2327/1978 1782/2328/1979
f 3014/2329/1980 1781/2323/1974 2159/2327/1978
f 1765/2257/1910 3014/2329/1980 2150/2263/1916
f 2214/2267/1920 2281/2330/1981 1767/2266/1919
f 2281/2330/1981 2222/2331/1982 1783/2332/1983
f 3015/2333/1984 1782/2328/1979 2222/2331/1982
f 1766/2262/1915 3015/2333/1984 2214/2267/1920
f 2274/2271/1924 2336/2334/1985 1768/2270/1923
f 2336/2334/1985 2282/2335/1986 1784/2336/1987
f 3016/2337/1988 1783/2332/1983 2282/2335/1986
f 1767/2266/1919 3016/2337/1988 2274/2271/1924
f 1769/2274/1927 3017/2338/1989 2160/2339/1990
f 3017/2338/1989 1785/2340/1991 2160/2339/1990
f 2336/2341/1985 2337/2342/1992 3017/2338/1989
f 2330/2273/1926 2336/2341/1985 3017/2338/1989
f 1770/2280/1931 3018/2343/1993 2223/2344/1994
f 3018/2343/1993 1786/2345/1995 2223/2344/1994
f 2160/2339/1990 2161/2346/1996 3018/2343/1993
f 2152/2279/1930 2160/2339/1990 3018/2343/1993
f 1771/2284/1935 3019/2347/1997 2283/2348/1998
f 3019/2347/1997 1787/2349/1999 2283/2348/1998
f 2223/2344/1994 2224/2350/2000 3019/2347/1997
f 2216/2283/1934 2223/2344/1994 3019/2347/1997
f 1772/2288/1939 3020/2351/2001 2338/2352/1874
f 3020/2351/2001 1788/2353/2002 2338/2352/1874
f 2283/2348/1998 2284/2354/2003 3020/2351/2001
f 2276/2287/1938 2283/2348/1998 3020/2351/2001
f 1773/2292/1943 3021/2355/2004 2162/2356/2005
f 3021/2355/2004 1789/2357/2006 2162/2356/2005
f 2338/2352/1874 2339/2358/2007 3021/2355/2004
f 2332/2291/1942 2338/2352/1874 3021/2355/2004
f 1774/2296/1947 3022/2359/2008 2225/2360/2009
f 3022/2359/2008 1790/2361/2010 2225/2360/2009
f 2162/2356/2005 2163/2362/2011 3022/2359/2008
f 2154/2295/1946 2162/2356/2005 3022/2359/2008
f 1775/2300/1951 3023/2363/2012 2285/2364/2013
f 3023/2363/2012 1791/2365/2014 2285/2364/2013
f 2225/2360/2009 2226/2366/2015 3023/2363/2012
f 2218/2299/1950 2225/2360/2009 3023/2363/2012
f 1776/2304/1955 3024/2367/2016 2340/2368/2017
f 3024/2367/2016 1792/2369/2018 2340/2368/2017
f 2285/2364/2013 2286/2370/2019 3024/2367/2016
f 2278/2303/1954 2285/2364/2013 3024/2367/2016
f 2334/2309/1960 2164/2371/2020 1777/2308/1959
f 2164/2371/2020 2341/2372/2021 1793/2373/2022
f 3025/2374/2023 1792/2369/2018 2341/2372/2021
f 1776/2304/1955 3025/2374/2023 2334/2309/1960
f 2156/2313/1964 2227/2375/2024 1778/2312/1963
f 2227/2375/2024 2165/2376/2025 1794/2377/2026
f 3026/2378/2027 1793/2373/2022 2165/2376/2025
f 1777/2308/1959 3026/2378/2027 2156/2313/1964
f 2220/2317/1968 2287/2379/2028 1779/2316/1967
f 2287/2379/2028 2228/2380/2029 1795/2381/2030
f 3027/2382/2031 1794/2377/2026 2228/2380/2029
f 1778/2312/1963 3027/2382/2031 2220/2317/1968
f 2280/2320/1971 2342/2383/2032 1780/2319/1970
f 2342/2383/2032 2288/2384/2033 1796/2325/1976
f 3028/2385/2034 1795/2381/2030 2288/2384/2033
f 1779/2316/1967 3028/2385/2034 2280/2320/1971
f 1781/2323/1974 3029/2386/2035 2167/2387/2036
f 2167/2387/2036 2175/2388/2037 1797/2389/2038
f 3029/2386/2035 1812/2390/2039 2175/2388/2037
f 2166/2322/1973 2349/2391/2040 3029/2386/2035
f 1782/2328/1979 3030/2392/2041 2229/2393/2042
f 2229/2393/2042 2168/2394/2043 1798/2395/2044
f 3030/2392/2041 1797/2389/2038 2168/2394/2043
f 2159/2327/1978 2167/2387/2036 3030/2392/2041
f 1783/2332/1983 3031/2396/2045 2289/2397/2046
f 2289/2397/2046 2230/2398/2047 1799/2399/2048
f 3031/2396/2045 1798/2395/2044 2230/2398/2047
f 2222/2331/1982 2229/2393/2042 3031/2396/2045
f 1784/2336/1987 3032/2400/2049 2343/2401/2050
f 2343/2401/2050 2290/2402/2051 1800/2403/2052
f 3032/2400/2049 1799/2399/2048 2290/2402/2051
f 2282/2335/1986 2289/2397/2046 3032/2400/2049
f 2337/2342/1992 2169/2404/2053 1785/2340/1991
f 3033/2405/2054 1801/2406/2055 2169/2404/2053
f 2343/2407/2050 2344/2408/2056 3033/2405/2054
f 1784/2409/1987 3033/2405/2054 2337/2342/1992
f 2161/2346/1996 2231/2410/2057 1786/2345/1995
f 3034/2411/2058 1802/2412/2059 2231/2410/2057
f 2169/2404/2053 2170/2413/2060 3034/2411/2058
f 1785/2340/1991 3034/2411/2058 2161/2346/1996
f 2224/2350/2000 2291/2414/2061 1787/2349/1999
f 3035/2415/2062 1803/2416/2063 2291/2414/2061
f 2231/2410/2057 2232/2417/2064 3035/2415/2062
f 1786/2345/1995 3035/2415/2062 2224/2350/2000
f 2284/2354/2003 2345/2418/2065 1788/2353/2002
f 3036/2419/2066 1804/2420/2067 2345/2418/2065
f 2291/2414/2061 2292/2421/2068 3036/2419/2066
f 1787/2349/1999 3036/2419/2066 2284/2354/2003
f 2339/2358/2007 2171/2422/2069 1789/2357/2006
f 3037/2423/2070 1805/2424/2071 2171/2422/2069
f 2345/2418/2065 2346/2425/2072 3037/2423/2070
f 1788/2353/2002 3037/2423/2070 2339/2358/2007
f 2163/2362/2011 2233/2426/2073 1790/2361/2010
f 3038/2427/2074 1806/2428/2075 2233/2426/2073
f 2171/2422/2069 2172/2429/2076 3038/2427/2074
f 1789/2357/2006 3038/2427/2074 2163/2362/2011
f 2226/2366/2015 2293/2430/2077 1791/2365/2014
f 3039/2431/2078 1807/2432/2079 2293/2430/2077
f 2233/2426/2073 2234/2433/2080 3039/2431/2078
f 1790/2361/2010 3039/2431/2078 2226/2366/2015
f 2286/2370/2019 2347/2434/2081 1792/2369/2018
f 3040/2435/2082 1808/2436/2083 2347/2434/2081
f 2293/2430/2077 2294/2437/2084 3040/2435/2082
f 1791/2365/2014 3040/2435/2082 2286/2370/2019
f 1793/2373/2022 3041/2438/2085 2173/2439/2086
f 2173/2439/2086 2348/2440/2087 1809/2441/2088
f 3041/2438/2085 1808/2436/2083 2348/2440/2087
f 2341/2372/2021 2347/2434/2081 3041/2438/2085
f 1794/2377/2026 3042/2442/2089 2235/2443/2090
f 2235/2443/2090 2174/2444/2091 1810/2445/2092
f 3042/2442/2089 1809/2441/2088 2174/2444/2091
f 2165/2376/2025 2173/2439/2086 3042/2442/2089
f 1795/2381/2030 3043/2446/2093 2295/2447/2094
f 2295/2447/2094 2236/2448/2095 1811/2449/2096
f 3043/2446/2093 1810/2445/2092 2236/2448/2095
f 2228/2380/2029 2235/2443/2090 3043/2446/2093
f 1796/2325/1976 3044/2450/2097 2349/2391/2040
f 2349/2391/2040 2296/2451/2098 1812/2390/2039
f 3044/2450/2097 1811/2449/2096 2296/2451/2098
f 2288/2384/2033 2295/2447/2094 3044/2450/2097
f 1797/2389/2038 3045/2452/2099 2176/2453/2100
f 2176/2453/2100 2184/2454/2101 1813/2455/2102
f 3045/2452/2099 1828/2456/2103 2184/2454/2101
f 2175/2388/2037 2356/2457/2104 3045/2452/2099
f 1798/2395/2044 3046/2458/2105 2237/2459/2106
f 2237/2459/2106 2177/2024/1682 1814/2018/1676
f 3046/2458/2105 1813/2455/2102 2177/2024/1682
f 2168/2394/2043 2176/2453/2100 3046/2458/2105
f 1799/2399/2048 3047/2460/2107 2297/2461/2108
f 2297/2461/2108 2238/2462/2109 1815/2463/2110
f 3047/2460/2107 1814/2018/1676 2238/2462/2109
f 2230/2398/2047 2237/2459/2106 3047/2460/2107
f 1800/2403/2052 3048/2464/2111 2350/2465/2112
f 2350/2465/2112 2298/2466/2113 1816/2467/2114
f 3048/2464/2111 1815/2463/2110 2298/2466/2113
f 2290/2402/2051 2297/2461/2108 3048/2464/2111
f 2344/2408/2056 2178/2468/2115 1801/2406/2055
f 3049/2469/2116 1817/2470/2117 2178/2468/2115
f 2350/2471/2112 2351/2472/2118 3049/2469/2116
f 1800/2473/2052 3049/2469/2116 2344/2408/2056
f 2170/2413/2060 2239/2474/2119 1802/2412/2059
f 3050/2475/2120 1818/2476/2121 2239/2474/2119
f 2178/2468/2115 2179/2477/2122 3050/2475/2120
f 1801/2406/2055 3050/2475/2120 2170/2413/2060
f 2232/2417/2064 2299/2478/2123 1803/2416/2063
f 3051/2479/2124 1819/2480/2125 2299/2478/2123
f 2239/2474/2119 2240/2481/2126 3051/2479/2124
f 1802/2412/2059 3051/2479/2124 2232/2417/2064
f 2292/2421/2068 2352/2482/2127 1804/2420/2067
f 3052/2483/2128 1820/2484/2129 2352/2482/2127
f 2299/2478/2123 2300/2485/2130 3052/2483/2128
f 1803/2416/2063 3052/2483/2128 2292/2421/2068
f 2346/2425/2072 2180/2486/2131 1805/2424/2071
f 3053/2487/2132 1821/2488/2133 2180/2486/2131
f 2352/2482/2127 2353/2489/2134 3053/2487/2132
f 1804/2420/2067 3053/2487/2132 2346/2425/2072
f 2172/2429/2076 2241/2490/2135 1806/2428/2075
f 3054/2491/2136 1822/2492/2137 2241/2490/2135
f 2180/2486/2131 2181/2493/2138 3054/2491/2136
f 1805/2424/2071 3054/2491/2136 2172/2429/2076
f 2234/2433/2080 2301/2494/2139 1807/2432/2079
f 3055/2495/2140 1823/2496/2141 2301/2494/2139
f 2241/2490/2135 2242/2497/2142 3055/2495/2140
f 1806/2428/2075 3055/2495/2140 2234/2433/2080
f 2294/2437/2084 2354/2498/2143 1808/2436/2083
f 3056/2499/2144 1824/2500/2145 2354/2498/2143
f 2301/2494/2139 2302/2501/2146 3056/2499/2144
f 1807/2432/2079 3056/2499/2144 2294/2437/2084
f 1809/2441/2088 3057/2502/2147 2182/2503/2148
f 2182/2503/2148 2355/2504/2149 1825/2505/2150
f 3057/2502/2147 1824/2500/2145 2355/2504/2149
f 2348/2440/2087 2354/2498/2143 3057/2502/2147
f 1810/2445/2092 3058/2506/2151 2243/2507/2152
f 2243/2507/2152 2183/2508/2153 1826/2509/2154
f 3058/2506/2151 1825/2505/2150 2183/2508/2153
f 2174/2444/2091 2182/2503/2148 3058/2506/2151
f 1811/2449/2096 3059/2510/2155 2303/2511/2156
f 2303/2511/2156 2244/2512/2157 1827/2513/2158
f 3059/2510/2155 1826/2509/2154 2244/2512/2157
f 2236/2448/2095 2243/2507/2152 3059/2510/2155
f 1812/2390/2039 3060/2514/2159 2356/2457/2104
f 2356/2457/2104 2304/2515/2160 1828/2456/2103
f 3060/2514/2159 1827/2513/2158 2304/2515/2160
f 2296/2451/2098 2303/2511/2156 3060/2514/2159
f 2874/2516/2161 2476/2517/2162 1985/2518/1600
f 3061/2519/2163 1925/2520/2164 2476/2517/2162
f 2706/2521/2165 2871/2522/1667 3061/2519/2163
f 2874/2516/2161 2706/2521/2165 3061/2519/2163
f 2871/2522/1667 2445/2523/2166 1925/2520/2164
f 3062/2524/1670 1930/2525/2167 2445/2523/2166
f 2661/2526/2168 2872/2527/1661 3062/2524/1670
f 2054/2528/2169 3062/2524/1670 2871/2522/1667
f 2872/2527/1661 2517/2529/2170 1930/2525/2167
f 3063/2530/2171 1934/2531/2172 2517/2529/2170
f 2735/2532/2173 2876/2533/2174 3063/2530/2171
f 2057/2534/2175 3063/2530/2171 2872/2527/1661
f 2876/2533/2174 2570/2535/2176 1934/2531/2172
f 2570/2535/2176 2878/2536/2177 1938/2537/2178
f 2788/2538/2179 2878/2536/2177 3064/2539/1659
f 2061/2540/2180 3064/2539/1659 2876/2533/2174
f 1938/2541/2178 3065/2542/2181 2604/2543/1651
f 2604/2543/1651 2880/2544/2182 1941/2545/2183
f 2825/2546/2184 2880/2544/2182 3065/2542/2181
f 2065/2547/2185 3065/2542/2181 2878/2548/2177
f 1941/2545/2183 3066/2549/2186 2455/2550/1645
f 2455/2550/1645 2882/2551/1641 1946/2552/2187
f 3066/2549/2186 2073/2553/2188 2882/2551/1641
f 2880/2544/2182 2671/2554/2189 3066/2549/2186
f 1946/2552/2187 3067/2555/1638 2524/2556/2190
f 2524/2556/2190 2884/2557/2191 1950/2558/2192
f 3067/2555/1638 2077/2559/2193 2884/2557/2191
f 2882/2551/1641 2742/2560/2194 3067/2555/1638
f 1950/2558/2192 3068/2561/2195 2577/2562/2196
f 2577/2562/2196 2886/2563/2197 1954/2564/2198
f 3068/2561/2195 2081/2565/2199 2886/2563/2197
f 2884/2557/2191 2795/2566/2200 3068/2561/2195
f 2886/2563/2197 2608/2567/2201 1954/2564/2198
f 3069/2568/2202 1957/2569/2203 2608/2567/2201
f 2829/2570/2204 2888/2571/2205 3069/2568/2202
f 2081/2565/2199 3069/2568/2202 2886/2563/2197
f 1957/2569/2203 3070/2572/1623 2465/2573/2206
f 3070/2572/1623 1962/2574/2207 2465/2573/2206
f 2681/2575/1624 2890/2576/2208 3070/2572/1623
f 2086/2577/2209 3070/2572/1623 2888/2571/2205
f 2890/2576/2208 2531/2578/2210 1962/2574/2207
f 3071/2579/2211 1966/2580/2212 2531/2578/2210
f 2749/2581/2213 2892/2582/2214 3071/2579/2211
f 2089/2583/1619 3071/2579/2211 2890/2576/2208
f 2892/2582/2214 2584/2584/2215 1966/2580/2212
f 3072/2585/2216 1970/2586/1605 2584/2584/2215
f 2802/2587/2217 2894/2588/2218 3072/2585/2216
f 2093/2589/2219 3072/2585/2216 2892/2582/2214
f 2894/2588/2218 2612/2590/2220 1970/2586/1605
f 2612/2590/2220 2896/2591/1594 1973/2592/2221
f 3073/2593/2222 2102/2594/2223 2896/2591/1594
f 2894/2588/2218 2833/2595/1608 3073/2593/2222
f 1973/2592/2221 3074/2596/2224 2475/2597/1590
f 2475/2597/1590 2898/2598/1591 1978/2599/2225
f 3074/2596/2224 2105/2600/2226 2898/2598/1591
f 2896/2591/1594 2691/2601/2227 3074/2596/2224
f 1978/2599/2225 3075/2602/2228 2538/2603/2229
f 2538/2603/2229 2900/2604/1602 1982/2605/2230
f 3075/2602/2228 2109/2606/2231 2900/2604/1602
f 2898/2598/1591 2756/2607/2232 3075/2602/2228
f 1982/2605/2230 3076/2608/2233 2588/2609/2234
f 2588/2609/2234 2874/2516/2161 1985/2518/1600
f 2809/2610/1601 2874/2516/2161 3076/2608/2233
f 2900/2604/1602 2809/2610/1601 3076/2608/2233
f 2600/2611/2235 2864/2612/2236 1909/2613/2237
f 3077/2614/2238 1713/2104/1760 2864/2612/2236
f 2862/2615/2239 2307/2102/1758 3077/2614/2238
f 1906/2616/2240 3077/2614/2238 2600/2611/2235
f 2240/2481/2126 2883/2617/2241 1819/2480/2125
f 3078/2618/2242 1949/2619/2243 2883/2617/2241
f 2881/2620/2244 2518/2621/2245 3078/2618/2242
f 1818/2476/2121 3078/2618/2242 2240/2481/2126
f 2398/2622/2246 2839/2623/2247 1866/2624/2248
f 3079/2625/2249 1702/2036/1694 2839/2623/2247
f 2840/2626/2250 2117/2034/1692 3079/2625/2249
f 1861/2627/2251 3079/2625/2249 2398/2622/2246
f 1828/2456/2103 3080/2628/2252 2873/2629/2253
f 2873/2629/2253 2585/2630/2254 1986/2631/2255
f 3080/2628/2252 1981/2632/2256 2585/2630/2254
f 2304/2515/2160 2899/2633/2257 3080/2628/2252
f 1882/2634/2258 3081/2635/2259 2850/2636/2260
f 2850/2636/2260 2118/2065/1721 1706/2060/1716
f 3081/2635/2259 1705/2052/1710 2118/2065/1721
f 2408/2637/2261 2848/2638/2262 3081/2635/2259
f 2545/2639/2263 2846/2640/2264 1874/2641/2265
f 3082/2642/2266 1704/2048/1706 2846/2640/2264
f 2844/2643/2267 2245/2046/1704 3082/2642/2266
f 1870/2644/2268 3082/2642/2266 2545/2639/2263
f 2242/2497/2142 2891/2645/2269 1823/2496/2141
f 3083/2646/2270 1965/2647/2271 2891/2645/2269
f 2889/2648/2272 2525/2649/2273 3083/2646/2270
f 1822/2492/2137 3083/2646/2270 2242/2497/2142
f 1898/2650/2274 3084/2651/2275 2858/2652/2276
f 2858/2652/2276 2119/2089/1745 1710/2084/1740
f 3084/2651/2275 1709/2078/1734 2119/2089/1745
f 2418/2653/2277 2856/2654/2278 3084/2651/2275
f 1890/2655/2279 3085/2656/2280 2854/2657/2281
f 2854/2657/2281 2246/2077/1733 1708/2072/1728
f 3085/2656/2280 1707/2066/1722 2246/2077/1733
f 2552/2658/2282 2852/2659/2283 3085/2656/2280
f 2428/2660/2284 2866/2661/2285 1914/2662/2286
f 3086/2663/2287 1714/2110/1766 2866/2661/2285
f 2864/2612/2236 2120/2108/1764 3086/2663/2287
f 1909/2613/2237 3086/2663/2287 2428/2660/2284
f 2179/2477/2122 2881/2620/2244 1818/2476/2121
f 3087/2664/2288 1945/2665/2289 2881/2620/2244
f 2879/2666/2290 2447/2667/2291 3087/2664/2288
f 1817/2470/2117 3087/2664/2288 2179/2477/2122
f 2351/2472/2118 2879/2666/2290 1817/2470/2117
f 3088/2668/2292 1942/2669/2293 2879/2666/2290
f 2877/2670/2294 2601/2671/2295 3088/2668/2292
f 1816/2672/2114 3088/2668/2292 2351/2472/2118
f 1906/2616/2240 3089/2673/2296 2862/2615/2239
f 2862/2615/2239 2247/2101/1757 1712/2096/1752
f 3089/2673/2296 1711/2090/1746 2247/2101/1757
f 2559/2674/2297 2860/2675/2298 3089/2673/2296
f 1827/2513/2158 3090/2676/2299 2899/2633/2257
f 2899/2633/2257 2532/2677/2300 1981/2632/2256
f 3090/2676/2299 1977/2678/2301 2532/2677/2300
f 2244/2512/2157 2897/2679/2302 3090/2676/2299
f 2429/2680/2303 2840/2626/2250 1861/2627/2251
f 3091/2681/2304 1701/2028/1686 2840/2626/2250
f 2842/2682/2305 2121/2026/1684 3091/2681/2304
f 1921/2683/2255 3091/2681/2304 2429/2680/2303
f 2563/2684/2306 2842/2682/2305 1921/2683/2255
f 3092/2685/2307 1716/2033/1691 2842/2682/2305
f 2868/2686/2308 2248/2120/1776 3092/2685/2307
f 1918/2687/2309 3092/2685/2307 2563/2684/2306
f 1815/2463/2110 3093/2688/2310 2875/2689/2311
f 2875/2689/2311 2511/2690/2312 1933/2691/2313
f 3093/2688/2310 1929/2022/1680 2511/2690/2312
f 2238/2462/2109 2869/2020/1678 3093/2688/2310
f 2181/2493/2138 2889/2648/2272 1822/2492/2137
f 3094/2692/2314 1961/2693/2315 2889/2648/2272
f 2887/2694/2316 2457/2695/2317 3094/2692/2314
f 1821/2488/2133 3094/2692/2314 2181/2493/2138
f 2353/2489/2134 2887/2694/2316 1821/2488/2133
f 3095/2696/2318 1958/2697/2319 2887/2694/2316
f 2885/2698/2320 2605/2699/2321 3095/2696/2318
f 1820/2484/2129 3095/2696/2318 2353/2489/2134
f 2489/2700/2322 2844/2643/2267 1870/2644/2268
f 3096/2701/2323 1703/2042/1700 2844/2643/2267
f 2839/2623/2247 2185/2040/1698 3096/2701/2323
f 1866/2624/2248 3096/2701/2323 2489/2700/2322
f 1886/2702/2324 3097/2703/2325 2852/2659/2283
f 2852/2659/2283 2186/2071/1727 1707/2066/1722
f 3097/2703/2325 1706/2060/1716 2186/2071/1727
f 2496/2704/2326 2850/2636/2260 3097/2703/2325
f 1826/2509/2154 3098/2705/2327 2897/2679/2302
f 2897/2679/2302 2467/2706/2328 1977/2678/2301
f 3098/2705/2327 1974/2707/2329 2467/2706/2328
f 2183/2508/2153 2895/2708/2330 3098/2705/2327
f 1825/2505/2150 3099/2709/2331 2895/2708/2330
f 2895/2708/2330 2609/2710/2332 1974/2707/2329
f 3099/2709/2331 1969/2711/2333 2609/2710/2332
f 2355/2504/2149 2893/2712/2334 3099/2709/2331
f 1816/2467/2114 3100/2713/2335 2877/2714/2294
f 2877/2714/2294 2564/2715/2336 1937/2716/2337
f 3100/2713/2335 1933/2691/2313 2564/2715/2336
f 2298/2466/2113 2875/2689/2311 3100/2713/2335
f 1902/2717/2338 3101/2718/2339 2860/2675/2298
f 2860/2675/2298 2187/2095/1751 1711/2090/1746
f 3101/2718/2339 1710/2084/1740 2187/2095/1751
f 2503/2719/2340 2858/2652/2276 3101/2718/2339
f 2510/2720/2341 2868/2686/2308 1918/2687/2309
f 3102/2721/2342 1715/2116/1772 2868/2686/2308
f 2866/2661/2285 2188/2114/1770 3102/2721/2342
f 1914/2662/2286 3102/2721/2342 2510/2720/2341
f 1993/2722/2343 3103/2723/2344 2614/2724/2345
f 3103/2723/2344 1990/2725/2346 2614/2724/2345
f 2357/2726/2347 2902/2727/2348 3103/2723/2344
f 1830/2728/2349 3103/2723/2344 2901/2729/2350
f 2300/2485/2130 2885/2698/2320 1820/2484/2129
f 3104/2730/2351 1953/2731/2352 2885/2698/2320
f 2883/2617/2241 2571/2732/2353 3104/2730/2351
f 1819/2480/2125 3104/2730/2351 2300/2485/2130
f 1877/2733/2354 3105/2734/2355 2848/2638/2262
f 2848/2638/2262 2305/2058/1715 1705/2052/1710
f 3105/2734/2355 1704/2735/1706 2305/2058/1715
f 2592/2736/2356 2846/2737/2264 3105/2734/2355
f 1813/2455/2102 3106/2738/2357 2870/2025/1683
f 2870/2025/1683 2482/2739/2358 1926/2023/1681
f 3106/2738/2357 1986/2631/2255 2482/2739/2358
f 2184/2454/2101 2873/2629/2253 3106/2738/2357
f 1893/2740/2359 3107/2741/2360 2856/2654/2278
f 2856/2654/2278 2306/2083/1739 1709/2078/1734
f 3107/2741/2360 1708/2072/1728 2306/2083/1739
f 2596/2742/2361 2854/2657/2281 3107/2741/2360
f 2302/2501/2146 2893/2712/2334 1824/2500/2145
f 3108/2743/2362 1969/2711/2333 2893/2712/2334
f 2891/2645/2269 2578/2744/2363 3108/2743/2362
f 1823/2496/2141 3108/2743/2362 2302/2501/2146
f 2045/2745/2364 3109/2746/2365 2728/2747/2366
f 3109/2746/2365 2041/2748/2367 2728/2747/2366
f 2370/2749/2368 2915/2750/2369 3109/2746/2365
f 2916/2751/2370 2370/2749/2368 3109/2746/2365
f 2085/2752/2371 3110/2753/2372 2689/2754/2373
f 2689/2754/2373 2927/2755/2374 2090/2756/2375
f 2364/2757/2376 2927/2755/2374 3110/2753/2372
f 2926/2758/2377 2364/2757/2376 3110/2753/2372
f 2932/2759/2378 2812/2760/2379 2110/2761/2380
f 2812/2760/2379 2919/2762/2381 2113/2763/2382
f 3111/2764/2383 1860/2765/2384 2919/2762/2381
f 1859/2766/2385 3111/2764/2383 2932/2759/2378
f 1997/2767/2386 3112/2768/2387 2707/2769/2388
f 2707/2769/2388 2901/2729/2350 1993/2722/2343
f 3112/2768/2387 1830/2728/2349 2901/2729/2350
f 1831/2770/2389 3112/2768/2387 2904/2771/2390
f 2101/2772/2386 3113/2773/2391 2699/2774/2388
f 2699/2774/2388 2931/2775/2392 2106/2776/2393
f 3113/2773/2391 1858/2777/2394 2931/2775/2392
f 1857/2778/2389 3113/2773/2391 2930/2779/2390
f 2906/2780/2395 2813/2781/2396 2006/2782/2397
f 2813/2781/2396 2905/2783/2398 2001/2784/2399
f 2383/2785/2400 2905/2783/2398 3114/2786/2401
f 2906/2780/2395 2383/2785/2400 3114/2786/2401
f 2919/2762/2381 2700/2787/2402 2113/2763/2382
f 2700/2787/2402 2917/2788/2403 2053/2789/2404
f 3115/2790/2405 1845/2791/2406 2917/2788/2403
f 1860/2765/2384 3115/2790/2405 2919/2762/2381
f 2910/2792/2407 2817/2793/2408 2022/2794/2409
f 2817/2793/2408 2909/2795/2410 2017/2796/2411
f 3116/2797/2412 1836/2798/2413 2909/2795/2410
f 2910/2792/2407 2384/2799/2414 3116/2797/2412
f 2074/2800/2415 3117/2801/2416 2748/2802/2417
f 2748/2802/2417 2924/2803/2418 2078/2804/2419
f 2372/2805/2420 2924/2803/2418 3117/2801/2416
f 1850/2806/2421 3117/2801/2416 2923/2807/2422
f 2914/2808/2423 2821/2809/2424 2038/2810/2425
f 2821/2809/2424 2913/2811/2426 2033/2812/2427
f 3118/2813/2428 1840/2814/2429 2913/2811/2426
f 2914/2808/2423 2385/2815/2430 3118/2813/2428
f 2927/2755/2374 2755/2816/2431 2090/2756/2375
f 2755/2816/2431 2928/2817/2432 2094/2818/2433
f 3119/2819/2434 1855/2820/2435 2928/2817/2432
f 1854/2821/2436 3119/2819/2434 2927/2755/2374
f 2917/2788/2403 2669/2822/2366 2053/2789/2404
f 3120/2823/2437 2058/2824/2438 2669/2822/2366
f 3120/2823/2437 1846/2825/2439 2918/2826/2440
f 2917/2788/2403 2362/2827/2441 3120/2823/2437
f 2931/2775/2392 2762/2828/2442 2106/2776/2393
f 3121/2829/2443 2110/2761/2380 2762/2828/2442
f 2374/2830/2444 2932/2759/2378 3121/2829/2443
f 2931/2775/2392 2374/2830/2444 3121/2829/2443
f 2921/2831/2445 2828/2832/2446 2066/2833/2427
f 2828/2832/2446 2922/2834/2447 2069/2835/2448
f 2386/2836/2449 2922/2834/2447 3122/2837/2450
f 2921/2831/2445 2386/2836/2449 3122/2837/2450
f 2918/2826/2440 2741/2838/2451 2058/2824/2438
f 3123/2839/2452 2062/2840/2453 2741/2838/2451
f 3123/2839/2452 1847/2841/2454 2920/2842/2455
f 1846/2825/2439 3123/2839/2452 2918/2826/2440
f 2925/2843/2410 2832/2844/2456 2082/2845/2411
f 3124/2846/2457 2085/2752/2371 2832/2844/2456
f 3124/2846/2457 1853/2847/2458 2926/2758/2377
f 1852/2848/2413 3124/2846/2457 2925/2843/2410
f 2905/2849/2398 2763/2850/2459 2001/2851/2399
f 2763/2850/2459 2904/2771/2390 1997/2767/2386
f 2375/2852/2460 2904/2771/2390 3125/2853/2461
f 1832/2854/2462 3125/2853/2461 2905/2849/2398
f 2929/2855/2463 2836/2856/2464 2098/2857/2465
f 2836/2856/2464 2930/2779/2390 2101/2772/2386
f 2388/2858/2466 2930/2779/2390 3126/2859/2467
f 1856/2860/2468 3126/2859/2467 2929/2855/2463
f 2909/2795/2410 2770/2861/2469 2017/2796/2411
f 2770/2861/2469 2908/2862/2470 2013/2863/2471
f 3127/2864/2472 1835/2865/2473 2908/2862/2470
f 1836/2798/2413 3127/2864/2472 2909/2795/2410
f 2913/2811/2426 2777/2866/2474 2033/2812/2427
f 2777/2866/2474 2912/2867/2447 2029/2868/2475
f 2377/2869/2476 2912/2867/2447 3128/2870/2450
f 2913/2811/2426 2377/2869/2476 3128/2870/2450
f 2907/2871/2477 2624/2872/2478 2009/2873/2479
f 2624/2872/2478 2906/2780/2395 2006/2782/2397
f 2358/2874/2480 2906/2780/2395 3129/2875/2434
f 1834/2876/2481 3129/2875/2434 2907/2871/2477
f 2903/2877/2381 2784/2878/2402 2050/2879/2482
f 2784/2878/2402 2916/2751/2370 2045/2745/2364
f 2378/2880/2483 2916/2751/2370 3130/2881/2484
f 1844/2882/2384 3130/2881/2484 2903/2877/2381
f 2902/2727/2348 2659/2883/2485 1990/2725/2346
f 2659/2883/2485 2903/2877/2381 2050/2879/2482
f 3131/2884/2383 1844/2882/2384 2903/2877/2381
f 1829/2885/2385 3131/2884/2383 2902/2727/2348
f 2911/2886/2486 2634/2887/2487 2025/2888/2488
f 3132/2889/2489 2022/2794/2409 2634/2887/2487
f 3132/2889/2489 1837/2890/2490 2910/2792/2407
f 2911/2886/2486 2359/2891/2491 3132/2889/2489
f 2920/2842/2455 2794/2892/2492 2062/2840/2453
f 2794/2892/2492 2921/2893/2445 2066/2894/2427
f 3133/2895/2493 1848/2896/2429 2921/2893/2445
f 2920/2842/2455 2379/2897/2494 3133/2895/2493
f 2013/2863/2471 3134/2898/2495 2714/2899/2496
f 3134/2898/2495 2009/2873/2479 2714/2899/2496
f 3134/2898/2495 1834/2876/2481 2907/2871/2477
f 2908/2862/2470 2368/2900/2497 3134/2898/2495
f 2915/2750/2369 2644/2901/2498 2041/2748/2367
f 3135/2902/2499 2038/2810/2425 2644/2901/2498
f 3135/2902/2499 1841/2903/2500 2914/2808/2423
f 1842/2904/2501 3135/2902/2499 2915/2750/2369
f 2078/2804/2419 3136/2905/2502 2801/2906/2503
f 2801/2906/2503 2925/2843/2410 2082/2845/2411
f 3136/2905/2502 1852/2848/2413 2925/2843/2410
f 1851/2907/2504 3136/2905/2502 2924/2803/2418
f 2029/2868/2475 3137/2908/2505 2721/2909/2506
f 2721/2909/2506 2911/2886/2486 2025/2888/2488
f 3137/2908/2505 1838/2910/2507 2911/2886/2486
f 1839/2911/2508 3137/2908/2505 2912/2867/2447
f 2922/2834/2447 2679/2912/2509 2069/2835/2448
f 2679/2912/2509 2923/2807/2422 2074/2800/2415
f 3138/2913/2510 1850/2806/2421 2923/2807/2422
f 2922/2834/2447 2363/2914/2511 3138/2913/2510
f 2928/2817/2432 2808/2915/2512 2094/2818/2433
f 2808/2915/2512 2929/2855/2463 2098/2857/2465
f 2381/2916/2513 2929/2855/2463 3139/2917/2401
f 2928/2817/2432 2381/2916/2513 3139/2917/2401
f 2389/2918/2514 2390/2919/2515 1862/1936/1596
f 3140/2920/2516 1865/1932/1592 2390/2919/2515
f 3140/2920/2516 1867/2921/2517 2391/2922/2518
f 2389/2918/2514 2392/2923/2519 3140/2920/2516
f 1864/2924/2520 3141/2925/2521 2392/2923/2519
f 3141/2925/2521 1867/2921/2517 2392/2923/2519
f 3141/2925/2521 1868/2926/2522 2394/2927/2523
f 2393/2928/2524 2395/2929/2525 3141/2925/2521
f 1863/2930/2526 3142/2931/2527 2395/2932/2525
f 2395/2932/2525 2397/2933/2528 1868/2934/2522
f 3142/2931/2527 1866/2624/2248 2397/2933/2528
f 2396/2935/2529 2398/2622/2246 3142/2931/2527
f 2399/2936/2530 2400/1957/1615 1878/1951/1611
f 2400/1957/1615 2401/2937/2531 1881/1958/1616
f 2402/2938/2532 2401/2937/2531 3143/2939/2533
f 2399/2936/2530 2402/2938/2532 3143/2939/2533
f 2403/2940/2534 2402/2938/2532 1880/2941/2535
f 2402/2938/2532 2404/2942/2536 1883/2943/2537
f 2405/2944/2538 2404/2942/2536 3144/2945/2539
f 1879/2946/2540 3144/2945/2539 2403/2940/2534
f 2406/2947/2541 2405/2948/2538 1879/2949/2540
f 3145/2950/2542 1884/2951/2543 2405/2948/2538
f 2408/2637/2261 2407/2952/2544 3145/2950/2542
f 1877/2733/2354 3145/2950/2542 2406/2947/2541
f 1894/1974/1632 3146/2953/2545 2410/1981/1639
f 2410/1981/1639 2411/2954/2546 1897/1979/1637
f 3146/2953/2545 1899/2955/2547 2411/2954/2546
f 1896/2956/2548 3146/2953/2545 2409/2957/2549
f 1896/2956/2548 3147/2958/2550 2412/2959/2551
f 2412/2959/2551 2414/2960/2552 1899/2955/2547
f 3147/2958/2550 1900/2961/2553 2414/2960/2552
f 1895/2962/2554 3147/2958/2550 2413/2963/2555
f 1895/2964/2554 3148/2965/2556 2415/2966/2557
f 2415/2966/2557 2417/2967/2558 1900/2968/2553
f 2418/2653/2277 2417/2967/2558 3148/2965/2556
f 1893/2740/2359 3148/2965/2556 2416/2969/2559
f 1910/1999/1657 3149/2970/2560 2420/2004/1662
f 3149/2970/2560 1913/2005/1663 2420/2004/1662
f 2422/2971/2561 2421/2972/2562 3149/2970/2560
f 1912/2973/2563 3149/2970/2560 2419/2974/2564
f 2423/2975/2565 2422/2971/2561 1912/2973/2563
f 3150/2976/2566 1915/2977/2567 2422/2971/2561
f 3150/2976/2566 1916/2978/2568 2424/2979/2569
f 1911/2980/2570 3150/2976/2566 2423/2975/2565
f 2426/2981/2571 2425/2982/2572 1911/2983/2570
f 3151/2984/2573 1916/2985/2568 2425/2982/2572
f 3151/2984/2573 1914/2662/2286 2427/2986/2574
f 2426/2981/2571 2428/2660/2284 3151/2984/2573
f 1861/2627/2251 3152/2987/2575 2429/2680/2303
f 2429/2680/2303 2430/2988/2576 1921/2683/2255
f 3152/2987/2575 1923/2989/2577 2430/2988/2576
f 2396/2935/2529 2431/2990/2578 3152/2987/2575
f 2393/2928/2524 2431/2991/2578 1863/2992/2526
f 3153/2993/2579 1923/2994/2577 2431/2991/2578
f 2433/2995/2580 2432/2996/2581 3153/2993/2579
f 2393/2928/2524 2433/2995/2580 3153/2993/2579
f 1864/2924/2520 3154/2997/2582 2433/2995/2580
f 2433/2995/2580 2434/2998/2583 1924/2999/2584
f 2435/1938/1598 2434/2998/2583 3154/2997/2582
f 1862/1936/1596 3154/2997/2582 2389/2918/2514
f 2436/3000/2585 2437/2021/1679 1926/2023/1681
f 3155/3001/2586 1929/2022/1680 2437/2021/1679
f 2439/3002/2587 2438/3003/2588 3155/3001/2586
f 1928/3004/2589 3155/3001/2586 2436/3000/2585
f 2440/3005/2590 2439/3006/2587 1928/3007/2589
f 3156/3008/2591 1931/3009/2592 2439/3006/2587
f 2442/3010/2593 2441/3011/2594 3156/3008/2591
f 2440/3005/2590 2442/3010/2593 3156/3008/2591
f 2443/3012/2595 2442/3010/2593 1927/3013/2596
f 3157/3014/2597 1932/3015/2598 2442/3010/2593
f 2445/2523/2166 2444/3016/2599 3157/3014/2597
f 2443/3012/2595 2445/2523/2166 3157/3014/2597
f 1942/2669/2293 3158/3017/2600 2447/2667/2291
f 2447/2667/2291 2448/3018/2601 1945/2665/2289
f 3158/3017/2600 1947/3019/2602 2448/3018/2601
f 2446/3020/2603 2449/3021/2604 3158/3017/2600
f 1944/3022/2605 3159/3023/2606 2449/3024/2604
f 2449/3024/2604 2451/3025/2607 1947/3026/2602
f 3159/3023/2606 1948/3027/2608 2451/3025/2607
f 2450/3028/2609 2452/3029/2610 3159/3023/2606
f 2453/3030/2611 2452/3029/2610 1943/3031/2612
f 3160/3032/2613 1948/3027/2608 2452/3029/2610
f 3160/3032/2613 1946/2552/2187 2454/3033/2614
f 2453/3030/2611 2455/2550/1645 3160/3032/2613
f 1958/2697/2319 3161/3034/2615 2457/2695/2317
f 2457/2695/2317 2458/3035/2616 1961/2693/2315
f 3161/3034/2615 1963/3036/2617 2458/3035/2616
f 2456/3037/2618 2459/3038/2619 3161/3034/2615
f 2460/3039/2620 2459/3040/2619 1960/3041/2621
f 3162/3042/2622 1963/3043/2617 2459/3040/2619
f 2462/3044/2623 2461/3045/2624 3162/3042/2622
f 2460/3039/2620 2462/3044/2623 3162/3042/2622
f 1959/3046/2625 3163/3047/2626 2462/3044/2623
f 3163/3047/2626 1964/3048/2627 2462/3044/2623
f 2465/2573/2206 2464/3049/2628 3163/3047/2626
f 1957/2569/2203 3163/3047/2626 2463/3050/2629
f 2466/3051/2630 2467/2706/2328 1974/2707/2329
f 3164/3052/2631 1977/2678/2301 2467/2706/2328
f 3164/3052/2631 1979/3053/2632 2468/3054/2633
f 2466/3051/2630 2469/3055/2634 3164/3052/2631
f 1976/3056/2635 3165/3057/2636 2469/3058/2634
f 3165/3057/2636 1979/3059/2632 2469/3058/2634
f 3165/3057/2636 1980/3060/2637 2471/3061/2638
f 2470/3062/2639 2472/3063/2640 3165/3057/2636
f 1975/3064/2641 3166/3065/2642 2472/3063/2640
f 3166/3065/2642 1980/3060/2637 2472/3063/2640
f 3166/3065/2642 1978/2599/2225 2474/3066/2643
f 1973/2592/2221 3166/3065/2642 2473/3067/2644
f 2443/3012/2595 2476/2517/2162 1925/2520/2164
f 2476/2517/2162 2477/3068/2645 1985/2518/1600
f 2478/3069/2646 2477/3068/2645 3167/3070/2647
f 1927/3013/2596 3167/3070/2647 2443/3012/2595
f 1927/3013/2596 3168/3071/2648 2478/3069/2646
f 2478/3069/2646 2479/3072/2649 1987/3073/2650
f 2480/3074/2651 2479/3072/2649 3168/3071/2648
f 1928/3007/2589 3168/3071/2648 2440/3005/2590
f 2436/3000/2585 2480/3075/2651 1928/3004/2589
f 3169/3076/2652 1988/3077/2653 2480/3075/2651
f 2482/2739/2358 2481/3078/2654 3169/3076/2652
f 1926/2023/1681 3169/3076/2652 2436/3000/2585
f 1865/1932/1592 3170/3079/2655 2483/1930/1590
f 3170/3079/2655 1869/1928/1588 2483/1930/1590
f 3170/3079/2655 1871/3080/2656 2484/3081/2657
f 2391/2922/2518 2485/3082/2658 3170/3079/2655
f 1867/2921/2517 3171/3083/2659 2485/3082/2658
f 2485/3082/2658 2486/3084/2660 1871/3080/2656
f 3171/3083/2659 1872/3085/2661 2486/3084/2660
f 2394/2927/2523 2487/3086/2662 3171/3083/2659
f 1868/2934/2522 3172/3087/2663 2487/3088/2662
f 2487/3088/2662 2488/3089/2664 1872/3090/2661
f 3172/3087/2663 1870/2644/2268 2488/3089/2664
f 2397/2933/2528 2489/2700/2322 3172/3087/2663
f 2401/2937/2531 2490/1963/1621 1881/1958/1616
f 2490/1963/1621 2491/3091/2665 1885/1964/1622
f 2492/3092/2666 2491/3091/2665 3173/3093/2667
f 1883/2943/2537 3173/3093/2667 2401/2937/2531
f 1883/2943/2537 3174/3094/2668 2492/3092/2666
f 2492/3092/2666 2493/3095/2669 1887/3096/2670
f 3174/3094/2668 1888/3097/2671 2493/3095/2669
f 1884/3098/2543 3174/3094/2668 2404/2942/2536
f 2407/2952/2544 2494/3099/2672 1884/2951/2543
f 3175/3100/2673 1888/3101/2671 2494/3099/2672
f 2496/2704/2326 2495/3102/2674 3175/3100/2673
f 1882/2634/2258 3175/3100/2673 2407/2952/2544
f 1897/1979/1637 3176/3103/2675 2497/1987/1645
f 2497/1987/1645 2498/3104/2676 1901/1985/1643
f 2499/3105/2677 2498/3104/2676 3176/3103/2675
f 2411/2954/2546 2499/3105/2677 3176/3103/2675
f 2414/2960/2552 2499/3105/2677 1899/2955/2547
f 2499/3105/2677 2500/3106/2678 1903/3107/2679
f 3177/3108/2680 1904/3109/2681 2500/3106/2678
f 2414/2960/2552 2501/3110/2682 3177/3108/2680
f 1900/2968/2553 3178/3111/2683 2501/3112/2682
f 3178/3111/2683 1904/3113/2681 2501/3112/2682
f 2503/2719/2340 2502/3114/2684 3178/3111/2683
f 1898/2650/2274 3178/3111/2683 2417/2967/2558
f 2421/2972/2562 2504/2010/1668 1913/2005/1663
f 2504/2010/1668 2505/3115/2685 1917/2011/1669
f 3179/3116/2686 1919/3117/2687 2505/3115/2685
f 1915/2977/2567 3179/3116/2686 2421/2972/2562
f 2424/2979/2569 2506/3118/2688 1915/2977/2567
f 3180/3119/2689 1919/3117/2687 2506/3118/2688
f 2508/3120/2690 2507/3121/2691 3180/3119/2689
f 1916/2978/2568 3180/3119/2689 2424/2979/2569
f 2427/2986/2574 2508/3122/2690 1916/2985/2568
f 2508/3122/2690 2509/3123/2692 1920/3124/2693
f 3181/3125/2694 1918/2687/2309 2509/3123/2692
f 2427/2986/2574 2510/2720/2341 3181/3125/2694
f 2438/3003/2588 2511/2690/2312 1929/2022/1680
f 3182/3126/2695 1933/2691/2313 2511/2690/2312
f 2513/3127/2696 2512/3128/2697 3182/3126/2695
f 1931/3129/2592 3182/3126/2695 2438/3003/2588
f 1931/3009/2592 3183/3130/2698 2513/3131/2696
f 2513/3131/2696 2514/3132/2699 1935/3133/2700
f 2515/3134/2701 2514/3132/2699 3183/3130/2698
f 1932/3015/2598 3183/3130/2698 2441/3011/2594
f 1932/3015/2598 3184/3135/2702 2515/3134/2701
f 3184/3135/2702 1936/3136/2703 2515/3134/2701
f 2517/2529/2170 2516/3137/2704 3184/3135/2702
f 1930/2525/2167 3184/3135/2702 2444/3016/2599
f 1945/2665/2289 3185/3138/2705 2518/2621/2245
f 2518/2621/2245 2519/3139/2706 1949/2619/2243
f 3185/3138/2705 1951/3140/2707 2519/3139/2706
f 2448/3018/2601 2520/3141/2708 3185/3138/2705
f 1947/3026/2602 3186/3142/2709 2520/3143/2708
f 2520/3143/2708 2521/3144/2710 1951/3145/2707
f 2522/3146/2711 2521/3144/2710 3186/3142/2709
f 2451/3025/2607 2522/3146/2711 3186/3142/2709
f 1948/3027/2608 3187/3147/2712 2522/3146/2711
f 2522/3146/2711 2523/3148/2713 1952/3149/2714
f 3187/3147/2712 1950/2558/2192 2523/3148/2713
f 2454/3033/2614 2524/2556/2190 3187/3147/2712
f 1961/2693/2315 3188/3150/2715 2525/2649/2273
f 2525/2649/2273 2526/3151/2716 1965/2647/2271
f 3188/3150/2715 1967/3152/2717 2526/3151/2716
f 1963/3036/2617 3188/3150/2715 2458/3035/2616
f 2461/3045/2624 2527/3153/2718 1963/3043/2617
f 3189/3154/2719 1967/3155/2717 2527/3153/2718
f 2529/3156/2720 2528/3157/2721 3189/3154/2719
f 2461/3045/2624 2529/3156/2720 3189/3154/2719
f 2464/3049/2628 2529/3156/2720 1964/3048/2627
f 2529/3156/2720 2530/3158/2722 1968/3159/2723
f 2531/2578/2210 2530/3158/2722 3190/3160/2724
f 1962/2574/2207 3190/3160/2724 2464/3049/2628
f 2468/3054/2633 2532/2677/2300 1977/2678/2301
f 3191/3161/2725 1981/2632/2256 2532/2677/2300
f 2534/3162/2726 2533/3163/2727 3191/3161/2725
f 1979/3053/2632 3191/3161/2725 2468/3054/2633
f 1979/3059/2632 3192/3164/2728 2534/3165/2726
f 2534/3165/2726 2535/3166/2729 1983/3167/2730
f 3192/3164/2728 1984/3168/2731 2535/3166/2729
f 2471/3061/2638 2536/3169/2732 3192/3164/2728
f 1980/3060/2637 3193/3170/2733 2536/3169/2732
f 3193/3170/2733 1984/3168/2731 2536/3169/2732
f 3193/3170/2733 1982/2605/2230 2537/3171/2734
f 2474/3066/2643 2538/2603/2229 3193/3170/2733
f 2484/3081/2657 2539/1944/1604 1869/1928/1588
f 2539/1944/1604 2540/3172/2735 1873/1945/1605
f 3194/3173/2736 1875/3174/2737 2540/3172/2735
f 2484/3081/2657 2541/3175/2738 3194/3173/2736
f 1871/3080/2656 3195/3176/2739 2541/3175/2738
f 2541/3175/2738 2542/3177/2740 1875/3174/2737
f 2543/3178/2741 2542/3177/2740 3195/3176/2739
f 1872/3085/2661 3195/3176/2739 2486/3084/2660
f 1872/3090/2661 3196/3179/2742 2543/3180/2741
f 2543/3180/2741 2544/3181/2743 1876/3182/2744
f 3196/3179/2742 1874/2641/2265 2544/3181/2743
f 2488/3089/2664 2545/2639/2263 3196/3179/2742
f 1885/1964/1622 3197/3183/2745 2546/1969/1627
f 2546/1969/1627 2547/3184/2746 1889/1970/1628
f 2548/3185/2747 2547/3184/2746 3197/3183/2745
f 1887/3096/2670 3197/3183/2745 2491/3091/2665
f 2493/3095/2669 2548/3185/2747 1887/3096/2670
f 2548/3185/2747 2549/3186/2748 1891/3187/2749
f 3198/3188/2750 1892/3189/2751 2549/3186/2748
f 2493/3095/2669 2550/3190/2752 3198/3188/2750
f 2495/3102/2674 2550/3191/2752 1888/3101/2671
f 3199/3192/2753 1892/3193/2751 2550/3191/2752
f 2552/2658/2282 2551/3194/2754 3199/3192/2753
f 1886/2702/2324 3199/3192/2753 2495/3102/2674
f 1901/1985/1643 3200/3195/2755 2553/1993/1651
f 2553/1993/1651 2554/3196/2756 1905/1991/1649
f 2555/3197/2757 2554/3196/2756 3200/3195/2755
f 1903/3107/2679 3200/3195/2755 2498/3104/2676
f 1903/3107/2679 3201/3198/2758 2555/3197/2757
f 2555/3197/2757 2556/3199/2759 1907/3200/2760
f 3201/3198/2758 1908/3201/2761 2556/3199/2759
f 2500/3106/2678 2557/3202/2762 3201/3198/2758
f 2502/3114/2684 2557/3203/2762 1904/3113/2681
f 2557/3203/2762 2558/3204/2763 1908/3205/2761
f 2559/2674/2297 2558/3204/2763 3202/3206/2764
f 1902/2717/2338 3202/3206/2764 2502/3114/2684
f 2505/3115/2685 2560/2015/1673 1917/2011/1669
f 2560/2015/1673 2434/2998/2583 1922/1940/1600
f 3203/3207/2765 1924/2999/2584 2434/2998/2583
f 2505/3115/2685 2561/3208/2766 3203/3207/2765
f 2507/3121/2691 2561/3208/2766 1919/3117/2687
f 2561/3208/2766 2432/2996/2581 1924/2999/2584
f 2562/3209/2767 2432/2996/2581 3204/3210/2768
f 1920/3211/2693 3204/3210/2768 2507/3121/2691
f 2509/3123/2692 2562/3212/2767 1920/3124/2693
f 2562/3212/2767 2430/2988/2576 1923/2989/2577
f 3205/3213/2769 1921/2683/2255 2430/2988/2576
f 2509/3123/2692 2563/2684/2306 3205/3213/2769
f 2512/3128/2697 2564/2715/2336 1933/2691/2313
f 3206/3214/2770 1937/2716/2337 2564/2715/2336
f 2566/3215/2771 2565/3216/2772 3206/3214/2770
f 1935/3217/2700 3206/3214/2770 2512/3128/2697
f 1935/3133/2700 3207/3218/2773 2566/3219/2771
f 2566/3219/2771 2567/3220/2774 1939/3221/2775
f 2568/3222/2776 2567/3220/2774 3207/3218/2773
f 1936/3136/2703 3207/3218/2773 2514/3132/2699
f 2516/3137/2704 2568/3222/2776 1936/3136/2703
f 3208/3223/2777 1940/3224/2778 2568/3222/2776
f 2570/2535/2176 2569/3225/2779 3208/3223/2777
f 2516/3137/2704 2570/2535/2176 3208/3223/2777
f 1949/2619/2243 3209/3226/2780 2571/2732/2353
f 2571/2732/2353 2572/3227/2781 1953/2731/2352
f 3209/3226/2780 1955/3228/2782 2572/3227/2781
f 2519/3139/2706 2573/3229/2783 3209/3226/2780
f 1951/3145/2707 3210/3230/2784 2573/3231/2783
f 2573/3231/2783 2574/3232/2785 1955/3233/2782
f 2575/3234/2786 2574/3232/2785 3210/3230/2784
f 1952/3149/2714 3210/3230/2784 2521/3144/2710
f 1952/3149/2714 3211/3235/2787 2575/3234/2786
f 2575/3234/2786 2576/3236/2788 1956/3237/2789
f 2577/2562/2196 2576/3236/2788 3211/3235/2787
f 2523/3148/2713 2577/2562/2196 3211/3235/2787
f 1965/2647/2271 3212/3238/2790 2578/2744/2363
f 2578/2744/2363 2579/3239/2791 1969/2711/2333
f 2580/3240/2792 2579/3239/2791 3212/3238/2790
f 2526/3151/2716 2580/3240/2792 3212/3238/2790
f 2528/3157/2721 2580/3241/2792 1967/3155/2717
f 3213/3242/2793 1971/3243/2794 2580/3241/2792
f 2582/3244/2795 2581/3245/2796 3213/3242/2793
f 1968/3159/2723 3213/3242/2793 2528/3157/2721
f 1968/3159/2723 3214/3246/2797 2582/3244/2795
f 2582/3244/2795 2583/3247/2798 1972/3248/2799
f 2584/2584/2215 2583/3247/2798 3214/3246/2797
f 1966/2580/2212 3214/3246/2797 2530/3158/2722
f 2533/3163/2727 2585/2630/2254 1981/2632/2256
f 3215/3249/2800 1986/2631/2255 2585/2630/2254
f 2586/3250/2801 2481/3078/2654 3215/3249/2800
f 1983/3251/2730 3215/3249/2800 2533/3163/2727
f 1983/3167/2730 3216/3252/2802 2586/3253/2801
f 2586/3253/2801 2479/3072/2649 1988/3254/2653
f 2587/3255/2803 2479/3072/2649 3216/3252/2802
f 1984/3168/2731 3216/3252/2802 2535/3166/2729
f 2537/3171/2734 2587/3255/2803 1984/3168/2731
f 3217/3256/2804 1987/3073/2650 2587/3255/2803
f 2588/2609/2234 2477/3068/2645 3217/3256/2804
f 2537/3171/2734 2588/2609/2234 3217/3256/2804
f 2540/3257/2735 2589/1950/1610 1873/1953/1605
f 3218/3258/2805 1878/1951/1611 2589/1950/1610
f 3218/3258/2805 1880/2941/2535 2399/2936/2530
f 2540/3257/2735 2590/3259/2806 3218/3258/2805
f 2542/3260/2740 2590/3259/2806 1875/3261/2737
f 3219/3262/2807 1880/2941/2535 2590/3259/2806
f 2591/3263/2808 2403/2940/2534 3219/3262/2807
f 1876/3264/2744 3219/3262/2807 2542/3260/2740
f 2544/3265/2743 2591/3266/2808 1876/3267/2744
f 3220/3268/2809 1879/2949/2540 2591/3266/2808
f 2592/2736/2356 2406/2947/2541 3220/3268/2809
f 1874/3269/2265 3220/3268/2809 2544/3265/2743
f 2547/3184/2746 2593/1976/1634 1889/1970/1628
f 2593/1976/1634 2409/2957/2549 1894/1974/1632
f 2594/3270/2810 2409/2957/2549 3221/3271/2811
f 1891/3187/2749 3221/3271/2811 2547/3184/2746
f 2549/3186/2748 2594/3270/2810 1891/3187/2749
f 2594/3270/2810 2413/2963/2555 1896/2956/2548
f 3222/3272/2812 1895/2962/2554 2413/2963/2555
f 2549/3186/2748 2595/3273/2813 3222/3272/2812
f 2551/3194/2754 2595/3274/2813 1892/3193/2751
f 3223/3275/2814 1895/2964/2554 2595/3274/2813
f 2596/2742/2361 2416/2969/2559 3223/3275/2814
f 1890/2655/2279 3223/3275/2814 2551/3194/2754
f 2554/3196/2756 2597/1998/1656 1905/1991/1649
f 2597/1998/1656 2419/2974/2564 1910/1999/1657
f 2598/3276/2815 2419/2974/2564 3224/3277/2816
f 1907/3200/2760 3224/3277/2816 2554/3196/2756
f 2556/3199/2759 2598/3276/2815 1907/3200/2760
f 3225/3278/2817 1912/2973/2563 2598/3276/2815
f 2599/3279/2818 2423/2975/2565 3225/3278/2817
f 2556/3199/2759 2599/3279/2818 3225/3278/2817
f 2558/3204/2763 2599/3280/2818 1908/3205/2761
f 3226/3281/2819 1911/2983/2570 2599/3280/2818
f 3226/3281/2819 1909/2613/2237 2426/2981/2571
f 2558/3204/2763 2600/2611/2235 3226/3281/2819
f 1937/3282/2337 3227/3283/2820 2601/2671/2295
f 2601/2671/2295 2446/3020/2603 1942/2669/2293
f 3227/3283/2820 1944/3284/2605 2446/3020/2603
f 2565/3285/2772 2602/3286/2821 3227/3283/2820
f 1939/3287/2775 3228/3288/2822 2602/3289/2821
f 2602/3289/2821 2450/3028/2609 1944/3022/2605
f 3228/3288/2822 1943/3031/2612 2450/3028/2609
f 2567/3290/2774 2603/3291/2823 3228/3288/2822
f 2569/3292/2779 2603/3291/2823 1940/3293/2778
f 3229/3294/2824 1943/3031/2612 2603/3291/2823
f 3229/3294/2824 1941/2545/2183 2453/3030/2611
f 2569/3292/2779 2604/2543/1651 3229/3294/2824
f 1953/2731/2352 3230/3295/2825 2605/2699/2321
f 2605/2699/2321 2456/3037/2618 1958/2697/2319
f 3230/3295/2825 1960/3296/2621 2456/3037/2618
f 2572/3227/2781 2606/3297/2826 3230/3295/2825
f 2574/3232/2785 2606/3298/2826 1955/3233/2782
f 3231/3299/2827 1960/3041/2621 2606/3298/2826
f 3231/3299/2827 1959/3046/2625 2460/3039/2620
f 2574/3232/2785 2607/3300/2828 3231/3299/2827
f 1956/3237/2789 3232/3301/2829 2607/3300/2828
f 2607/3300/2828 2463/3050/2629 1959/3046/2625
f 2608/2567/2201 2463/3050/2629 3232/3301/2829
f 2576/3236/2788 2608/2567/2201 3232/3301/2829
f 2579/3239/2791 2609/2710/2332 1969/2711/2333
f 3233/3302/2830 1974/2707/2329 2609/2710/2332
f 3233/3302/2830 1976/3303/2635 2466/3051/2630
f 2579/3239/2791 2610/3304/2831 3233/3302/2830
f 2581/3245/2796 2610/3305/2831 1971/3243/2794
f 3234/3306/2832 1976/3056/2635 2610/3305/2831
f 3234/3306/2832 1975/3064/2641 2470/3062/2639
f 2581/3245/2796 2611/3307/2833 3234/3306/2832
f 1972/3248/2799 3235/3308/2834 2611/3307/2833
f 2611/3307/2833 2473/3067/2644 1975/3064/2641
f 2612/2590/2220 2473/3067/2644 3235/3308/2834
f 2583/3247/2798 2612/2590/2220 3235/3308/2834
f 1990/2725/2346 3236/3309/2835 2614/2724/2345
f 3236/3309/2835 1993/2722/2343 2614/2724/2345
f 2616/3310/2836 2615/3311/2837 3236/3309/2835
f 1992/3312/2838 3236/3309/2835 2613/3313/2839
f 1992/3314/2838 3237/3315/2840 2616/3316/2836
f 3237/3315/2840 1995/3317/2841 2616/3316/2836
f 3237/3315/2840 1996/3318/2842 2618/3319/2843
f 1991/3320/2844 3237/3315/2840 2617/3321/2845
f 2620/3322/2846 2619/3323/2847 1991/3320/2844
f 3238/3324/2848 1996/3318/2842 2619/3323/2847
f 3238/3324/2848 1994/1933/1593 2621/3325/2849
f 2620/3322/2846 2622/3326/2850 3238/3324/2848
f 2006/2782/2397 3239/3327/2851 2624/2872/2478
f 3239/3327/2851 2009/2873/2479 2624/2872/2478
f 3239/3327/2851 2011/3328/2852 2625/3329/2853
f 2623/3330/2854 2626/3331/2855 3239/3327/2851
f 2627/3332/2856 2626/3333/2855 2008/3334/2857
f 3240/3335/2858 2011/3336/2852 2626/3333/2855
f 2629/3337/2859 2628/3338/2860 3240/3335/2858
f 2007/3339/2861 3240/3335/2858 2627/3332/2856
f 2007/3339/2861 3241/3340/2862 2629/3337/2859
f 3241/3340/2862 2012/3341/2863 2629/3337/2859
f 2632/1960/1618 2631/3342/2864 3241/3340/2862
f 2005/3343/2865 3241/3340/2862 2630/3344/2866
f 2022/2794/2409 3242/3345/2867 2634/2887/2487
f 2634/2887/2487 2635/3346/2868 2025/2888/2488
f 2636/3347/2869 2635/3346/2868 3242/3345/2867
f 2024/3348/2870 3242/3345/2867 2633/3349/2871
f 2024/3350/2870 3243/3351/2872 2636/3352/2869
f 2636/3352/2869 2638/3353/2873 2027/3354/2874
f 2639/3355/2875 2638/3353/2873 3243/3351/2872
f 2637/3356/2876 2639/3355/2875 3243/3351/2872
f 2640/3357/2877 2639/3355/2875 2023/3358/2878
f 2639/3355/2875 2641/3359/2879 2028/3360/2880
f 3244/3361/2881 2026/1988/1646 2641/3359/2879
f 2640/3357/2877 2642/1984/1642 3244/3361/2881
f 2038/2810/2425 3245/3362/2882 2644/2901/2498
f 3245/3362/2882 2041/2748/2367 2644/2901/2498
f 3245/3362/2882 2043/3363/2883 2645/3364/2884
f 2040/3365/2885 3245/3362/2882 2643/3366/2886
f 2647/3367/2887 2646/3368/2888 2040/3369/2885
f 2646/3368/2888 2648/3370/2889 2043/3371/2883
f 3246/3372/2890 2044/3373/2891 2648/3370/2889
f 2039/3374/2892 3246/3372/2890 2647/3367/2887
f 2650/3375/2893 2649/3376/2894 2039/3374/2892
f 3247/3377/2895 2044/3373/2891 2649/3376/2894
f 2652/2007/1665 2651/3378/2896 3247/3377/2895
f 2037/2002/1660 3247/3377/2895 2650/3375/2893
f 1989/3379/2897 3248/3380/2898 2653/1941/1601
f 2653/1941/1601 2654/3381/2899 2049/3382/2900
f 2655/3383/2901 2654/3381/2899 3248/3380/2898
f 1991/3320/2844 3248/3380/2898 2620/3322/2846
f 2617/3321/2845 2655/3383/2901 1991/3320/2844
f 2655/3383/2901 2656/3384/2902 2051/3385/2903
f 2657/3386/2904 2656/3384/2902 3249/3387/2905
f 2617/3321/2845 2657/3386/2904 3249/3387/2905
f 2613/3313/2839 2657/3388/2904 1992/3312/2838
f 3250/3389/2906 2052/3390/2907 2657/3388/2904
f 3250/3389/2906 2050/2879/2482 2658/3391/2908
f 2613/3313/2839 2659/2883/2485 3250/3389/2906
f 2054/2528/2169 3251/3392/2909 2661/2526/2168
f 3251/3392/2909 2057/2534/2175 2661/2526/2168
f 2663/3393/2910 2662/3394/2911 3251/3392/2909
f 2056/3395/2912 3251/3392/2909 2660/3396/2913
f 2056/3395/2912 3252/3397/2914 2663/3393/2910
f 3252/3397/2914 2059/3398/2915 2663/3393/2910
f 3252/3397/2914 2060/3399/2916 2665/3400/2917
f 2664/3401/2918 2666/3402/2919 3252/3397/2914
f 2667/3403/2920 2666/3404/2919 2055/3405/2921
f 3253/3406/2922 2060/3407/2916 2666/3404/2919
f 3253/3406/2922 2058/2824/2438 2668/3408/2923
f 2667/3403/2920 2669/2822/2366 3253/3406/2922
f 2070/3409/2924 3254/3410/2925 2671/2554/2189
f 2671/2554/2189 2672/3411/2926 2073/2553/2188
f 3254/3410/2925 2075/3412/2927 2672/3411/2926
f 2670/3413/2928 2673/3414/2929 3254/3410/2925
f 2674/3415/2930 2673/3414/2929 2072/3416/2931
f 3255/3417/2932 2075/3412/2927 2673/3414/2929
f 3255/3417/2932 2076/3418/2933 2675/3419/2934
f 2674/3415/2930 2676/3420/2935 3255/3417/2932
f 2677/3421/2936 2676/3422/2935 2071/3423/2937
f 3256/3424/2938 2076/3425/2933 2676/3422/2935
f 3256/3424/2938 2074/2800/2415 2678/3426/2939
f 2069/2835/2448 3256/3424/2938 2677/3421/2936
f 2086/2577/2209 3257/3427/2940 2681/2575/1624
f 2681/2575/1624 2682/3428/2941 2089/2583/1619
f 2683/3429/2942 2682/3428/2941 3257/3427/2940
f 2088/3430/2943 3257/3427/2940 2680/3431/2944
f 2684/3432/2945 2683/3429/2942 2088/3430/2943
f 2683/3429/2942 2685/3433/2946 2091/3434/2947
f 2686/3435/2948 2685/3433/2946 3258/3436/2949
f 2087/3437/2950 3258/3436/2949 2684/3432/2945
f 2087/3438/2950 3259/3439/2951 2686/3440/2948
f 2686/3440/2948 2688/3441/2952 2092/3442/2953
f 2689/2754/2373 2688/3441/2952 3259/3439/2951
f 2085/2752/2371 3259/3439/2951 2687/3443/2954
f 2102/2594/2223 3260/3444/2955 2691/2601/2227
f 2691/2601/2227 2692/3445/2956 2105/2600/2226
f 3260/3444/2955 2107/3446/2957 2692/3445/2956
f 2690/3447/2958 2693/3448/2959 3260/3444/2955
f 2694/3449/2960 2693/3448/2959 2104/3450/2961
f 3261/3451/2962 2107/3446/2957 2693/3448/2959
f 2696/3452/2963 2695/3453/2964 3261/3451/2962
f 2694/3449/2960 2696/3452/2963 3261/3451/2962
f 2103/3454/2965 3262/3455/2966 2696/3456/2963
f 3262/3455/2966 2108/3457/2967 2696/3456/2963
f 3262/3455/2966 2106/2776/2393 2698/3458/2968
f 2101/2772/2386 3262/3455/2966 2697/3459/2969
f 2053/2789/2404 3263/3460/2970 2700/2787/2402
f 3263/3460/2970 2113/2763/2382 2700/2787/2402
f 3263/3460/2970 2115/3461/2971 2701/3462/2972
f 2667/3403/2920 2702/3463/2973 3263/3460/2970
f 2664/3401/2918 2702/3464/2973 2055/3465/2921
f 3264/3466/2974 2115/3467/2971 2702/3464/2973
f 2704/3468/2975 2703/3469/2976 3264/3466/2974
f 2664/3401/2918 2704/3468/2975 3264/3466/2974
f 2660/3396/2913 2704/3468/2975 2056/3395/2912
f 2704/3468/2975 2705/3470/2899 2116/3471/2977
f 3265/3472/2978 2114/3473/2979 2705/3470/2899
f 2054/2528/2169 3265/3472/2978 2660/3396/2913
f 1993/2722/2343 3266/3474/2980 2707/2769/2388
f 3266/3474/2980 1997/2767/2386 2707/2769/2388
f 2709/3475/2981 2708/3476/2982 3266/3474/2980
f 1995/3477/2841 3266/3474/2980 2615/3311/2837
f 2618/3319/2843 2709/3478/2981 1995/3317/2841
f 3267/3479/2983 1999/3480/2984 2709/3478/2981
f 3267/3479/2983 2000/3481/2985 2710/3482/2986
f 2618/3319/2843 2711/3483/2987 3267/3479/2983
f 2621/3325/2849 2711/3483/2987 1996/3318/2842
f 2711/3483/2987 2712/3484/2988 2000/3481/2985
f 3268/3485/2989 1998/1947/1607 2712/3484/2988
f 2621/3325/2849 2713/1935/1595 3268/3485/2989
f 2009/2873/2479 3269/3486/2990 2714/2899/2496
f 3269/3486/2990 2013/2863/2471 2714/2899/2496
f 3269/3486/2990 2015/3487/2991 2715/3488/2992
f 2625/3329/2853 2716/3489/2993 3269/3486/2990
f 2628/3338/2860 2716/3490/2993 2011/3336/2852
f 3270/3491/2994 2015/3492/2991 2716/3490/2993
f 3270/3491/2994 2016/3493/2995 2717/3494/2996
f 2628/3338/2860 2718/3495/2997 3270/3491/2994
f 2631/3342/2864 2718/3495/2997 2012/3341/2863
f 3271/3496/2998 2016/3493/2995 2718/3495/2997
f 2720/1966/1624 2719/3497/2999 3271/3496/2998
f 2631/3342/2864 2720/1966/1624 3271/3496/2998
f 2025/2888/2488 3272/3498/3000 2721/2909/2506
f 3272/3498/3000 2029/2868/2475 2721/2909/2506
f 2723/3499/3001 2722/3500/3002 3272/3498/3000
f 2027/3501/2874 3272/3498/3000 2635/3346/2868
f 2027/3354/2874 3273/3502/3003 2723/3503/3001
f 2723/3503/3001 2724/3504/3004 2031/3505/3005
f 3273/3502/3003 2032/3506/3006 2724/3504/3004
f 2028/3360/2880 3273/3502/3003 2638/3353/2873
f 2028/3360/2880 3274/3507/3007 2725/3508/3008
f 3274/3507/3007 2032/3506/3006 2725/3508/3008
f 3274/3507/3007 2030/1994/1652 2726/3509/3009
f 2641/3359/2879 2727/1990/1648 3274/3507/3007
f 2041/2748/2367 3275/3510/3010 2728/2747/2366
f 2728/2747/2366 2729/3511/3011 2045/2745/2364
f 3275/3510/3010 2047/3512/3012 2729/3511/3011
f 2645/3364/2884 2730/3513/3013 3275/3510/3010
f 2043/3371/2883 3276/3514/3014 2730/3515/3013
f 2730/3515/3013 2731/3516/3015 2047/3517/3012
f 2732/3518/3016 2731/3516/3015 3276/3514/3014
f 2044/3373/2891 3276/3514/3014 2648/3370/2889
f 2651/3378/2896 2732/3518/3016 2044/3373/2891
f 2732/3518/3016 2733/3519/3017 2048/3520/3018
f 3277/3521/3019 2046/2014/1672 2733/3519/3017
f 2042/2008/1666 3277/3521/3019 2651/3378/2896
f 2662/3394/2911 2735/2532/2173 2057/2534/2175
f 3278/3522/3020 2061/2540/2180 2735/2532/2173
f 2737/3523/3021 2736/3524/3022 3278/3522/3020
f 2059/3398/2915 3278/3522/3020 2662/3394/2911
f 2059/3398/2915 3279/3525/3023 2737/3523/3021
f 2737/3523/3021 2738/3526/3024 2063/3527/3025
f 2739/3528/3026 2738/3526/3024 3279/3525/3023
f 2665/3400/2917 2739/3528/3026 3279/3525/3023
f 2668/3408/2923 2739/3529/3026 2060/3407/2916
f 3280/3530/3027 2064/3531/3028 2739/3529/3026
f 3280/3530/3027 2062/2840/2453 2740/3532/3029
f 2058/2824/2438 3280/3530/3027 2668/3408/2923
f 2672/3411/2926 2742/2560/2194 2073/2553/2188
f 3281/3533/3030 2077/2559/2193 2742/2560/2194
f 3281/3533/3030 2079/3534/3031 2743/3535/3032
f 2672/3411/2926 2744/3536/3033 3281/3533/3030
f 2675/3419/2934 2744/3536/3033 2075/3412/2927
f 3282/3537/3034 2079/3534/3031 2744/3536/3033
f 3282/3537/3034 2080/3538/3035 2745/3539/3036
f 2675/3419/2934 2746/3540/3037 3282/3537/3034
f 2678/3426/2939 2746/3541/3037 2076/3425/2933
f 2746/3541/3037 2747/3542/3038 2080/3543/3035
f 2748/2802/2417 2747/3542/3038 3283/3544/3039
f 2074/2800/2415 3283/3544/3039 2678/3426/2939
f 2682/3428/2941 2749/2581/2213 2089/2583/1619
f 3284/3545/3040 2093/2589/2219 2749/2581/2213
f 2751/3546/3041 2750/3547/3042 3284/3545/3040
f 2091/3434/2947 3284/3545/3040 2682/3428/2941
f 2091/3434/2947 3285/3548/3043 2751/3546/3041
f 2751/3546/3041 2752/3549/3044 2095/3550/3045
f 2753/3551/3046 2752/3549/3044 3285/3548/3043
f 2092/3552/2953 3285/3548/3043 2685/3433/2946
f 2092/3442/2953 3286/3553/3047 2753/3554/3046
f 2753/3554/3046 2754/3555/3048 2096/3556/3049
f 3286/3553/3047 2094/2818/2433 2754/3555/3048
f 2090/2756/2375 3286/3553/3047 2688/3441/2952
f 2105/2600/2226 3287/3557/3050 2756/2607/2232
f 3287/3557/3050 2109/2606/2231 2756/2607/2232
f 3287/3557/3050 2111/3558/3051 2757/3559/3052
f 2692/3445/2956 2758/3560/3053 3287/3557/3050
f 2107/3446/2957 3288/3561/3054 2758/3560/3053
f 2758/3560/3053 2759/3562/3055 2111/3558/3051
f 2760/3563/3056 2759/3562/3055 3288/3561/3054
f 2108/3564/2967 3288/3561/3054 2695/3453/2964
f 2698/3458/2968 2760/3565/3056 2108/3457/2967
f 3289/3566/3057 2112/3567/3058 2760/3565/3056
f 3289/3566/3057 2110/2761/2380 2761/3568/3059
f 2698/3458/2968 2762/2828/2442 3289/3566/3057
f 1997/2767/2386 3290/3569/3060 2763/2850/2459
f 2763/2850/2459 2764/3570/3061 2001/2851/2399
f 2765/3571/3062 2764/3570/3061 3290/3569/3060
f 1999/3572/2984 3290/3569/3060 2708/3476/2982
f 1999/3480/2984 3291/3573/3063 2765/3574/3062
f 2765/3574/3062 2766/3575/3064 2003/3576/3065
f 2767/3577/3066 2766/3575/3064 3291/3573/3063
f 2000/3481/2985 3291/3573/3063 2710/3482/2986
f 2000/3481/2985 3292/3578/3067 2767/3577/3066
f 2767/3577/3066 2768/3579/3068 2004/3580/3069
f 3292/3578/3067 2002/3581/3070 2768/3579/3068
f 2712/3484/2988 2769/1948/1608 3292/3578/3067
f 2715/3488/2992 2770/2861/2469 2013/2863/2471
f 3293/3582/3071 2017/2796/2411 2770/2861/2469
f 3293/3582/3071 2019/3583/3072 2771/3584/3073
f 2715/3488/2992 2772/3585/3074 3293/3582/3071
f 2717/3494/2996 2772/3586/3074 2015/3492/2991
f 2772/3586/3074 2773/3587/3075 2019/3588/3072
f 3294/3589/3076 2020/3590/3077 2773/3587/3075
f 2717/3494/2996 2774/3591/3078 3294/3589/3076
f 2016/3493/2995 3295/3592/3079 2774/3591/3078
f 2774/3591/3078 2775/3593/3080 2020/3590/3077
f 2776/1972/1630 2775/3593/3080 3295/3592/3079
f 2014/1967/1625 3295/3592/3079 2719/3497/2999
f 2722/3500/3002 2777/2866/2474 2029/2868/2475
f 2777/2866/2474 2778/3594/3081 2033/2812/2427
f 3296/3595/3082 2035/3596/3083 2778/3594/3081
f 2722/3500/3002 2779/3597/3084 3296/3595/3082
f 2031/3505/3005 3297/3598/3085 2779/3599/3084
f 3297/3598/3085 2035/3600/3083 2779/3599/3084
f 3297/3598/3085 2036/3601/3086 2780/3602/3087
f 2724/3504/3004 2781/3603/3088 3297/3598/3085
f 2726/3509/3009 2781/3603/3088 2032/3506/3006
f 3298/3604/3089 2036/3601/3086 2781/3603/3088
f 2783/1996/1654 2782/3605/3090 3298/3604/3089
f 2030/1994/1652 3298/3604/3089 2726/3509/3009
f 2045/2745/2364 3299/3606/3091 2784/2878/2402
f 3299/3606/3091 2050/2879/2482 2784/2878/2402
f 3299/3606/3091 2052/3390/2907 2658/3391/2908
f 2047/3512/3012 3299/3606/3091 2729/3511/3011
f 2731/3516/3015 2785/3607/3092 2047/3517/3012
f 3300/3608/3093 2052/3609/2907 2785/3607/3092
f 2786/3610/2975 2656/3384/2902 3300/3608/3093
f 2048/3520/3018 3300/3608/3093 2731/3516/3015
f 2048/3520/3018 3301/3611/3094 2786/3610/2975
f 2786/3610/2975 2654/3381/2899 2051/3385/2903
f 2787/2017/1675 2654/3381/2899 3301/3611/3094
f 2046/2014/1672 3301/3611/3094 2733/3519/3017
f 2736/3524/3022 2788/2538/2179 2061/2540/2180
f 3302/3612/3095 2065/3613/2185 2788/2538/2179
f 2790/3614/3096 2789/3615/3097 3302/3612/3095
f 2063/3527/3025 3302/3612/3095 2736/3524/3022
f 2063/3527/3025 3303/3616/3098 2790/3614/3096
f 2790/3614/3096 2791/3617/3099 2067/3618/3100
f 2792/3619/3101 2791/3617/3099 3303/3616/3098
f 2064/3620/3028 3303/3616/3098 2738/3526/3024
f 2064/3531/3028 3304/3621/3102 2792/3622/3101
f 2792/3622/3101 2793/3623/3103 2068/3624/3104
f 2794/2892/2492 2793/3623/3103 3304/3621/3102
f 2062/2840/2453 3304/3621/3102 2740/3532/3029
f 2743/3535/3032 2795/2566/2200 2077/2559/2193
f 3305/3625/3105 2081/2565/2199 2795/2566/2200
f 2797/3626/3106 2796/3627/3107 3305/3625/3105
f 2743/3535/3032 2797/3626/3106 3305/3625/3105
f 2745/3539/3036 2797/3626/3106 2079/3534/3031
f 3306/3628/3108 2083/3629/3109 2797/3626/3106
f 3306/3628/3108 2084/3630/3110 2798/3631/3111
f 2745/3539/3036 2799/3632/3112 3306/3628/3108
f 2747/3542/3038 2799/3633/3112 2080/3543/3035
f 3307/3634/3113 2084/3635/3110 2799/3633/3112
f 3307/3634/3113 2082/2845/2411 2800/3636/3114
f 2078/2804/2419 3307/3634/3113 2747/3542/3038
f 2093/2589/2219 3308/3637/3115 2802/2587/2217
f 2802/2587/2217 2803/3638/3116 2097/3639/3117
f 3308/3637/3115 2099/3640/3118 2803/3638/3116
f 2750/3547/3042 2804/3641/3119 3308/3637/3115
f 2752/3549/3044 2804/3641/3119 2095/3550/3045
f 3309/3642/3120 2099/3640/3118 2804/3641/3119
f 3309/3642/3120 2100/3643/3121 2805/3644/3122
f 2096/3645/3049 3309/3642/3120 2752/3549/3044
f 2754/3555/3048 2806/3646/3123 2096/3556/3049
f 3310/3647/3124 2100/3648/3121 2806/3646/3123
f 2808/2915/2512 2807/3649/3125 3310/3647/3124
f 2754/3555/3048 2808/2915/2512 3310/3647/3124
f 2109/2606/2231 3311/3650/3126 2809/2610/1601
f 3311/3650/3126 2114/3473/2979 2809/2610/1601
f 2810/3651/3127 2705/3470/2899 3311/3650/3126
f 2111/3558/3051 3311/3650/3126 2757/3559/3052
f 2111/3558/3051 3312/3652/3128 2810/3651/3127
f 2810/3651/3127 2703/3469/2976 2116/3471/2977
f 3312/3652/3128 2115/3467/2971 2703/3469/2976
f 2759/3562/3055 2811/3653/3129 3312/3652/3128
f 2112/3567/3058 3313/3654/3130 2811/3655/3129
f 2811/3655/3129 2701/3462/2972 2115/3461/2971
f 2812/2760/2379 2701/3462/2972 3313/3654/3130
f 2110/2761/2380 3313/3654/3130 2761/3568/3059
f 2764/3656/3061 2813/2781/2396 2001/2784/2399
f 2813/2781/2396 2623/3330/2854 2006/2782/2397
f 2814/3657/3131 2623/3330/2854 3314/3658/3132
f 2003/3659/3065 3314/3658/3132 2764/3656/3061
f 2003/3660/3065 3315/3661/3133 2814/3662/3131
f 3315/3661/3133 2008/3334/2857 2814/3662/3131
f 2815/3663/3134 2627/3332/2856 3315/3661/3133
f 2004/3664/3069 3315/3661/3133 2766/3665/3064
f 2004/3664/3069 3316/3666/3135 2815/3663/3134
f 2815/3663/3134 2630/3344/2866 2007/3339/2861
f 2816/1954/1613 2630/3344/2866 3316/3666/3135
f 2002/3667/3070 3316/3666/3135 2768/3668/3068
f 2017/2796/2411 3317/3669/3136 2817/2793/2408
f 3317/3669/3136 2022/2794/2409 2817/2793/2408
f 2818/3670/3137 2633/3349/2871 3317/3669/3136
f 2019/3583/3072 3317/3669/3136 2771/3584/3073
f 2019/3588/3072 3318/3671/3138 2818/3672/3137
f 2818/3672/3137 2637/3356/2876 2024/3350/2870
f 3318/3671/3138 2023/3358/2878 2637/3356/2876
f 2020/3590/3077 3318/3671/3138 2773/3587/3075
f 2775/3593/3080 2819/3673/3139 2020/3590/3077
f 3319/3674/3140 2023/3358/2878 2819/3673/3139
f 3319/3674/3140 2021/1982/1640 2640/3357/2877
f 2775/3593/3080 2820/1978/1636 3319/3674/3140
f 2778/3594/3081 2821/2809/2424 2033/2812/2427
f 3320/3675/3141 2038/2810/2425 2821/2809/2424
f 3320/3675/3141 2040/3365/2885 2643/3366/2886
f 2778/3594/3081 2822/3676/3142 3320/3675/3141
f 2780/3602/3087 2822/3677/3142 2035/3600/3083
f 3321/3678/3143 2040/3369/2885 2822/3677/3142
f 3321/3678/3143 2039/3374/2892 2647/3367/2887
f 2780/3602/3087 2823/3679/3144 3321/3678/3143
f 2782/3605/3090 2823/3679/3144 2036/3601/3086
f 3322/3680/3145 2039/3374/2892 2823/3679/3144
f 2824/2000/1658 2650/3375/2893 3322/3680/3145
f 2034/3681/3146 3322/3680/3145 2782/3605/3090
f 2065/2547/2185 3323/3682/3147 2825/2546/2184
f 2825/2546/2184 2670/3413/2928 2070/3409/2924
f 2826/3683/3148 2670/3413/2928 3323/3682/3147
f 2067/3684/3100 3323/3682/3147 2789/3685/3097
f 2067/3684/3100 3324/3686/3149 2826/3683/3148
f 2826/3683/3148 2674/3415/2930 2072/3416/2931
f 3324/3686/3149 2071/3687/2937 2674/3415/2930
f 2068/3688/3104 3324/3686/3149 2791/3689/3099
f 2068/3690/3104 3325/3691/3150 2827/3692/3151
f 2827/3692/3151 2677/3421/2936 2071/3423/2937
f 2828/2832/2446 2677/3421/2936 3325/3691/3150
f 2793/3693/3103 2828/2832/2446 3325/3691/3150
f 2081/2565/2199 3326/3694/3152 2829/2570/2204
f 2829/2570/2204 2680/3431/2944 2086/2577/2209
f 3326/3694/3152 2088/3430/2943 2680/3431/2944
f 2796/3627/3107 2830/3695/3153 3326/3694/3152
f 2083/3629/3109 3327/3696/3154 2830/3695/3153
f 3327/3696/3154 2088/3430/2943 2830/3695/3153
f 2831/3697/3155 2684/3432/2945 3327/3696/3154
f 2084/3630/3110 3327/3696/3154 2798/3631/3111
f 2800/3636/3114 2831/3698/3155 2084/3635/3110
f 3328/3699/3156 2087/3438/2950 2831/3698/3155
f 3328/3699/3156 2085/2752/2371 2687/3443/2954
f 2800/3636/3114 2832/2844/2456 3328/3699/3156
f 2097/3639/3117 3329/3700/3157 2833/2595/1608
f 2833/2595/1608 2690/3447/2958 2102/2594/2223
f 3329/3700/3157 2104/3450/2961 2690/3447/2958
f 2803/3638/3116 2834/3701/3158 3329/3700/3157
f 2805/3644/3122 2834/3701/3158 2099/3640/3118
f 3330/3702/3159 2104/3450/2961 2834/3701/3158
f 3330/3702/3159 2103/3703/2965 2694/3449/2960
f 2805/3644/3122 2835/3704/3160 3330/3702/3159
f 2807/3649/3125 2835/3705/3160 2100/3648/3121
f 3331/3706/3161 2103/3454/2965 2835/3705/3160
f 3331/3706/3161 2101/2772/2386 2697/3459/2969
f 2807/3649/3125 2836/2856/2464 3331/3706/3161
f 1865/1932/1592 3332/3707/2228 2390/2919/2515
f 2390/2919/2515 2838/1942/1602 1862/1936/1596
f 3332/3707/2228 1989/3379/2897 2838/1942/1602
f 2837/1931/1591 2622/3326/2850 3332/3707/2228
f 4/1/1 3/3708/1 1/2/1
f 8/4/1 17/23/1 24/5/1
f 47/7/1 6/3709/1 20/8/1
f 46/10/1 9/24/1 5/11/1
f 19/13/1 12/84/1 13/14/1
f 15/15/1 14/19/1 18/16/1
f 19/13/1 18/16/1 24/5/1
f 10/18/1 18/16/1 14/19/1
f 16/21/1 11/85/1 21/22/1
f 23/17/1 24/5/1 17/23/1
f 48/9/1 20/8/1 9/24/1
f 22/6/1 24/5/1 18/16/1
f 44/25/2 37/44/2 28/26/2
f 40/28/2 26/3710/2 51/29/2
f 25/31/2 29/45/2 50/32/2
f 33/34/2 32/82/2 39/35/2
f 38/37/2 34/39/2 35/36/2
f 44/25/2 38/37/2 39/35/2
f 34/39/2 38/37/2 30/40/2
f 41/42/2 31/83/2 36/43/2
f 37/44/2 44/25/2 43/38/2
f 29/45/2 40/28/2 52/30/2
f 38/37/2 44/25/2 42/27/2
f 6/46/3 26/3711/3 40/47/3
f 7/49/4 27/3712/4 30/50/4
f 22/52/4 42/58/4 28/53/4
f 9/55/3 29/62/3 25/56/3
f 10/51/4 30/50/4 42/58/4
f 5/59/5 25/3713/5 49/60/5
f 20/48/3 40/47/3 29/62/3
f 16/63/6 36/70/6 31/64/6
f 15/66/5 35/74/5 34/67/5
f 16/63/6 17/78/6 37/69/6
f 7/71/5 14/68/5 34/67/5
f 15/66/5 13/81/5 33/73/5
f 47/75/6 11/65/6 31/64/6
f 8/77/6 28/3714/6 37/69/6
f 6/79/6 47/75/6 51/76/6
f 45/61/5 49/60/5 33/73/5
f 50/32/2 52/30/2 41/42/2
f 49/33/2 50/32/2 32/82/2
f 52/30/2 51/29/2 31/83/2
f 21/22/1 48/9/1 46/10/1
f 12/84/1 46/10/1 45/12/1
f 11/85/1 47/7/1 48/9/1
f 57/86/4 53/3715/4 55/87/4
f 60/89/6 54/3716/6 53/90/6
f 60/92/3 59/3717/3 56/93/3
f 58/95/5 55/3718/5 56/96/5
f 63/98/3 61/3719/3 65/99/3
f 65/101/5 61/3720/5 62/102/5
f 62/104/4 64/3721/4 67/105/4
f 64/107/6 63/3722/6 66/108/6
f 53/110/2 61/114/2 63/111/2
f 54/113/2 62/116/2 61/114/2
f 56/115/2 64/117/2 62/116/2
f 55/112/2 63/111/2 64/117/2
f 58/118/1 66/122/1 65/119/1
f 58/118/1 59/125/1 67/121/1
f 60/123/1 57/120/1 65/119/1
f 60/123/1 68/124/1 67/121/1
f 237/126/7 851/129/10 1301/127/8
f 851/129/10 233/1288/1073 1205/130/11
f 1301/127/8 1205/130/11 362/131/12
f 1211/128/9 1301/127/8 1081/132/13
f 230/134/15 803/137/18 1302/135/16
f 803/137/18 290/215/94 1209/138/19
f 1209/138/19 417/219/98 1021/139/20
f 1206/136/17 1302/135/16 1021/139/20
f 241/141/22 907/144/25 1303/142/23
f 907/144/25 237/126/7 1211/128/9
f 1303/142/23 1211/128/9 366/133/14
f 1213/143/24 1303/142/23 1137/145/26
f 957/147/28 1304/151/31 1215/148/29
f 241/150/22 1213/152/24 1304/151/31
f 1213/152/24 370/1882/27 1184/153/32
f 1304/151/31 1184/153/32 373/154/33
f 768/155/34 1305/158/37 1217/156/35
f 246/149/30 1215/148/29 1305/158/37
f 1215/148/29 373/154/33 1000/159/38
f 1305/158/37 1000/159/38 378/160/39
f 858/161/40 1306/164/43 1219/162/41
f 249/157/36 1217/156/35 1306/164/43
f 1217/156/35 378/160/39 1088/165/44
f 1306/164/43 1088/165/44 382/166/45
f 257/167/46 914/170/49 1307/168/47
f 253/163/42 1219/162/41 1307/168/47
f 1219/162/41 382/166/45 1144/171/50
f 1307/168/47 1144/171/50 386/172/51
f 262/173/52 961/176/55 1308/174/53
f 257/167/46 1221/169/48 1308/174/53
f 1308/174/53 1221/169/48 386/172/51
f 1223/175/54 1308/174/53 1188/177/56
f 265/179/58 778/182/61 1309/180/59
f 778/182/61 262/173/52 1223/175/54
f 1309/180/59 1223/175/54 389/178/57
f 1225/181/60 1309/180/59 1010/183/62
f 269/185/64 865/188/67 1310/186/65
f 865/188/67 265/179/58 1225/181/60
f 1310/186/65 1225/181/60 394/184/63
f 1227/187/66 1310/186/65 1095/189/68
f 273/191/70 921/194/73 1311/192/71
f 921/194/73 269/185/64 1227/187/66
f 1311/192/71 1227/187/66 398/190/69
f 1311/192/71 1151/195/74 402/196/75
f 965/197/76 1312/200/79 1231/198/77
f 273/191/70 1229/193/72 1312/200/79
f 1229/193/72 402/196/75 1192/201/80
f 1312/200/79 1192/201/80 405/202/81
f 788/203/82 1313/206/85 1233/204/83
f 278/199/78 1231/198/77 1313/206/85
f 1231/198/77 405/202/81 1020/207/86
f 1313/206/85 1020/207/86 410/208/87
f 872/209/88 1314/212/91 1235/210/89
f 281/205/84 1233/204/83 1314/212/91
f 1233/204/83 410/208/87 1102/213/92
f 1235/210/89 1314/212/91 1102/213/92
f 290/215/94 928/217/96 1315/216/95
f 285/211/90 1235/210/89 1315/216/95
f 1235/210/89 414/214/93 1155/218/97
f 1209/138/19 1315/216/95 1155/218/97
f 182/220/99 1237/223/102 1316/221/100
f 1237/223/102 297/899/740 805/224/103
f 1316/221/100 805/224/103 294/225/104
f 545/222/101 1316/221/100 1238/226/105
f 490/228/107 1317/232/111 489/229/108
f 85/231/110 498/233/112 1317/232/111
f 498/233/112 100/323/199 682/234/113
f 1317/232/111 682/234/113 84/235/114
f 557/236/115 1318/240/119 485/237/116
f 86/239/118 491/241/120 1318/240/119
f 491/241/120 85/231/110 490/228/107
f 1318/240/119 490/228/107 69/230/109
f 617/242/121 1319/246/125 553/243/122
f 87/245/124 558/247/126 1319/246/125
f 558/247/126 86/239/118 557/236/115
f 1319/246/125 557/236/115 70/238/117
f 676/248/127 1320/252/131 613/249/128
f 88/251/130 618/253/132 1320/252/131
f 618/253/132 87/245/124 617/242/121
f 1320/252/131 617/242/121 71/244/123
f 73/254/133 492/257/136 1321/255/134
f 492/257/136 89/267/143 677/258/137
f 1321/255/134 677/258/137 88/259/130
f 673/256/135 1321/255/134 676/260/127
f 74/262/138 559/265/141 1322/263/139
f 559/265/141 90/273/149 493/266/142
f 1322/263/139 493/266/142 89/267/143
f 486/264/140 1322/263/139 492/257/136
f 75/268/144 619/271/147 1323/269/145
f 619/271/147 91/279/155 560/272/148
f 1323/269/145 560/272/148 90/273/149
f 554/270/146 1323/269/145 559/265/141
f 76/274/150 678/277/153 1324/275/151
f 678/277/153 92/285/161 620/278/154
f 1324/275/151 620/278/154 91/279/155
f 614/276/152 1324/275/151 619/271/147
f 77/280/156 494/283/159 1325/281/157
f 494/283/159 93/291/167 679/284/160
f 1325/281/157 679/284/160 92/285/161
f 674/282/158 1325/281/157 678/277/153
f 78/286/162 561/289/165 1326/287/163
f 561/289/165 94/297/173 495/290/166
f 1326/287/163 495/290/166 93/291/167
f 487/288/164 1326/287/163 494/283/159
f 79/292/168 621/295/171 1327/293/169
f 621/295/171 95/303/179 562/296/172
f 1327/293/169 562/296/172 94/297/173
f 555/294/170 1327/293/169 561/289/165
f 80/298/174 680/301/177 1328/299/175
f 680/301/177 96/372/246 622/302/178
f 1328/299/175 622/302/178 95/303/179
f 615/300/176 1328/299/175 621/295/171
f 496/304/180 1329/308/184 675/305/181
f 97/307/183 681/309/185 1329/308/184
f 681/309/185 96/372/246 680/301/177
f 1329/308/184 680/301/177 80/298/174
f 563/310/186 1330/314/190 488/311/187
f 98/313/189 497/315/191 1330/314/190
f 497/315/191 97/307/183 496/304/180
f 1330/314/190 496/304/180 81/306/182
f 623/316/192 1331/320/196 556/317/193
f 99/319/195 564/321/197 1331/320/196
f 564/321/197 98/313/189 563/310/186
f 1331/320/196 563/310/186 82/312/188
f 682/234/113 1332/324/200 616/322/198
f 100/323/199 624/325/201 1332/324/200
f 624/325/201 99/319/195 623/316/192
f 1332/324/200 623/316/192 83/318/194
f 499/326/202 1333/328/204 498/233/112
f 101/327/203 507/329/205 1333/328/204
f 507/329/205 116/389/263 689/330/206
f 1333/328/204 689/330/206 100/323/199
f 565/331/207 1334/333/209 491/241/120
f 102/332/208 500/334/210 1334/333/209
f 500/334/210 101/327/203 499/326/202
f 1334/333/209 499/326/202 85/231/110
f 625/335/211 1335/337/213 558/247/126
f 103/336/212 566/338/214 1335/337/213
f 566/338/214 102/332/208 565/331/207
f 1335/337/213 565/331/207 86/239/118
f 683/339/215 1336/341/217 618/253/132
f 104/340/216 626/342/218 1336/341/217
f 626/342/218 103/336/212 625/335/211
f 1336/341/217 625/335/211 87/245/124
f 89/267/143 501/344/220 1337/343/219
f 501/344/220 105/351/225 684/345/221
f 1337/343/219 684/345/221 104/346/216
f 677/258/137 1337/343/219 683/347/215
f 90/273/149 567/349/223 1338/348/222
f 567/349/223 106/355/229 502/350/224
f 1338/348/222 502/350/224 105/351/225
f 493/266/142 1338/348/222 501/344/220
f 91/279/155 627/353/227 1339/352/226
f 627/353/227 107/359/233 568/354/228
f 1339/352/226 568/354/228 106/355/229
f 560/272/148 1339/352/226 567/349/223
f 92/285/161 685/357/231 1340/356/230
f 685/357/231 108/363/237 628/358/232
f 1340/356/230 628/358/232 107/359/233
f 620/278/154 1340/356/230 627/353/227
f 93/291/167 503/361/235 1341/360/234
f 503/361/235 109/367/241 686/362/236
f 1341/360/234 686/362/236 108/363/237
f 679/284/160 1341/360/234 685/357/231
f 94/297/173 569/365/239 1342/364/238
f 569/365/239 110/371/245 504/366/240
f 1342/364/238 504/366/240 109/367/241
f 495/290/166 1342/364/238 503/361/235
f 95/303/179 629/369/243 1343/368/242
f 629/369/243 111/376/250 570/370/244
f 1343/368/242 570/370/244 110/371/245
f 562/296/172 1343/368/242 569/365/239
f 96/372/246 687/374/248 1344/373/247
f 687/374/248 112/438/311 630/375/249
f 1344/373/247 630/375/249 111/376/250
f 622/302/178 1344/373/247 629/369/243
f 505/377/251 1345/379/253 681/309/185
f 113/378/252 688/380/254 1345/379/253
f 688/380/254 112/438/311 687/374/248
f 1345/379/253 687/374/248 96/372/246
f 571/381/255 1346/383/257 497/315/191
f 114/382/256 506/384/258 1346/383/257
f 506/384/258 113/378/252 505/377/251
f 1346/383/257 505/377/251 97/307/183
f 631/385/259 1347/387/261 564/321/197
f 115/386/260 572/388/262 1347/387/261
f 572/388/262 114/382/256 571/381/255
f 1347/387/261 571/381/255 98/313/189
f 689/330/206 1348/390/264 624/325/201
f 116/389/263 632/391/265 1348/390/264
f 632/391/265 115/386/260 631/385/259
f 1348/390/264 631/385/259 99/319/195
f 508/392/266 1349/394/268 507/329/205
f 508/392/266 117/400/274 516/393/267
f 1349/394/268 516/393/267 132/395/269
f 1349/394/268 696/396/270 116/389/263
f 573/397/271 1350/399/273 500/334/210
f 573/397/271 118/404/278 509/398/272
f 1350/399/273 509/398/272 117/400/274
f 1350/399/273 508/392/266 101/327/203
f 633/401/275 1351/403/277 566/338/214
f 633/401/275 119/408/282 574/402/276
f 1351/403/277 574/402/276 118/404/278
f 1351/403/277 573/397/271 102/332/208
f 690/405/279 1352/407/281 626/342/218
f 690/405/279 120/470/343 634/406/280
f 1352/407/281 634/406/280 119/408/282
f 1352/407/281 633/401/275 103/336/212
f 105/351/225 510/411/285 1353/409/283
f 121/410/284 691/412/286 1353/409/283
f 691/412/286 120/480/343 690/413/279
f 684/345/221 1353/409/283 690/413/279
f 106/355/229 575/416/289 1354/414/287
f 122/415/288 511/417/290 1354/414/287
f 511/417/290 121/410/284 510/411/285
f 502/350/224 1354/414/287 510/411/285
f 107/359/233 635/420/293 1355/418/291
f 123/419/292 576/421/294 1355/418/291
f 576/421/294 122/415/288 575/416/289
f 568/354/228 1355/418/291 575/416/289
f 108/363/237 692/424/297 1356/422/295
f 124/423/296 636/425/298 1356/422/295
f 636/425/298 123/419/292 635/420/293
f 628/358/232 1356/422/295 635/420/293
f 109/367/241 512/428/301 1357/426/299
f 125/427/300 693/429/302 1357/426/299
f 693/429/302 124/423/296 692/424/297
f 686/362/236 1357/426/299 692/424/297
f 110/371/245 577/432/305 1358/430/303
f 126/431/304 513/433/306 1358/430/303
f 513/433/306 125/427/300 512/428/301
f 504/366/240 1358/430/303 512/428/301
f 111/376/250 637/436/309 1359/434/307
f 127/435/308 578/437/310 1359/434/307
f 578/437/310 126/431/304 577/432/305
f 570/370/244 1359/434/307 577/432/305
f 112/438/311 694/441/314 1360/439/312
f 128/440/313 638/442/315 1360/439/312
f 638/442/315 127/435/308 637/436/309
f 630/375/249 1360/439/312 637/436/309
f 514/443/316 1361/445/318 688/380/254
f 514/443/316 129/449/322 695/444/317
f 1361/445/318 695/444/317 128/440/313
f 1361/445/318 694/441/314 112/438/311
f 579/446/319 1362/448/321 506/384/258
f 579/446/319 130/453/326 515/447/320
f 1362/448/321 515/447/320 129/449/322
f 1362/448/321 514/443/316 113/378/252
f 639/450/323 1363/452/325 572/388/262
f 639/450/323 131/456/329 580/451/324
f 1363/452/325 580/451/324 130/453/326
f 1363/452/325 579/446/319 114/382/256
f 696/396/270 1364/455/328 632/391/265
f 696/396/270 132/395/269 640/454/327
f 1364/455/328 640/454/327 131/456/329
f 1364/455/328 639/450/323 115/386/260
f 117/400/274 517/459/332 1365/457/330
f 133/458/331 525/460/333 1365/457/330
f 525/460/333 148/522/392 703/461/334
f 516/393/267 1365/457/330 703/461/334
f 118/404/278 581/464/337 1366/462/335
f 134/463/336 518/465/338 1366/462/335
f 518/465/338 133/458/331 517/459/332
f 509/398/272 1366/462/335 517/459/332
f 119/408/282 641/468/341 1367/466/339
f 135/467/340 582/469/342 1367/466/339
f 582/469/342 134/463/336 581/464/337
f 574/402/276 1367/466/339 581/464/337
f 120/470/343 697/473/346 1368/471/344
f 136/472/345 642/474/347 1368/471/344
f 642/474/347 135/467/340 641/468/341
f 634/406/280 1368/471/344 641/468/341
f 519/475/348 1369/477/350 691/412/286
f 519/475/348 137/484/354 698/476/349
f 1369/477/350 698/476/349 136/478/345
f 1369/477/350 697/479/346 120/480/343
f 583/481/351 1370/483/353 511/417/290
f 583/481/351 138/488/358 520/482/352
f 1370/483/353 520/482/352 137/484/354
f 1370/483/353 519/475/348 121/410/284
f 643/485/355 1371/487/357 576/421/294
f 643/485/355 139/492/362 584/486/356
f 1371/487/357 584/486/356 138/488/358
f 1371/487/357 583/481/351 122/415/288
f 699/489/359 1372/491/361 636/425/298
f 699/489/359 140/496/366 644/490/360
f 1372/491/361 644/490/360 139/492/362
f 1372/491/361 643/485/355 123/419/292
f 521/493/363 1373/495/365 693/429/302
f 521/493/363 141/500/370 700/494/364
f 1373/495/365 700/494/364 140/496/366
f 1373/495/365 699/489/359 124/423/296
f 585/497/367 1374/499/369 513/433/306
f 585/497/367 142/504/374 522/498/368
f 1374/499/369 522/498/368 141/500/370
f 1374/499/369 521/493/363 125/427/300
f 645/501/371 1375/503/373 578/437/310
f 645/501/371 143/508/378 586/502/372
f 1375/503/373 586/502/372 142/504/374
f 1375/503/373 585/497/367 126/431/304
f 701/505/375 1376/507/377 638/442/315
f 701/505/375 144/570/439 646/506/376
f 1376/507/377 646/506/376 143/508/378
f 1376/507/377 645/501/371 127/435/308
f 129/449/322 523/511/381 1377/509/379
f 145/510/380 702/512/382 1377/509/379
f 702/512/382 144/570/439 701/505/375
f 695/444/317 1377/509/379 701/505/375
f 130/453/326 587/515/385 1378/513/383
f 146/514/384 524/516/386 1378/513/383
f 524/516/386 145/510/380 523/511/381
f 515/447/320 1378/513/383 523/511/381
f 131/456/329 647/519/389 1379/517/387
f 147/518/388 588/520/390 1379/517/387
f 588/520/390 146/514/384 587/515/385
f 580/451/324 1379/517/387 587/515/385
f 132/395/269 703/461/334 1380/521/391
f 148/522/392 648/523/393 1380/521/391
f 648/523/393 147/518/388 647/519/389
f 640/454/327 1380/521/391 647/519/389
f 526/524/394 1381/526/396 525/460/333
f 526/524/394 149/532/402 534/525/395
f 1381/526/396 534/525/395 164/527/397
f 1381/526/396 710/528/398 148/522/392
f 589/529/399 1382/531/401 518/465/338
f 589/529/399 150/536/406 527/530/400
f 1382/531/401 527/530/400 149/532/402
f 1382/531/401 526/524/394 133/458/331
f 649/533/403 1383/535/405 582/469/342
f 649/533/403 151/540/410 590/534/404
f 1383/535/405 590/534/404 150/536/406
f 1383/535/405 589/529/399 134/463/336
f 704/537/407 1384/539/409 642/474/347
f 704/537/407 152/602/471 650/538/408
f 1384/539/409 650/538/408 151/540/410
f 1384/539/409 649/533/403 135/467/340
f 137/484/354 528/543/413 1385/541/411
f 153/542/412 705/544/414 1385/541/411
f 705/544/414 152/612/471 704/545/407
f 698/476/349 1385/541/411 704/545/407
f 138/488/358 591/548/417 1386/546/415
f 154/547/416 529/549/418 1386/546/415
f 529/549/418 153/542/412 528/543/413
f 520/482/352 1386/546/415 528/543/413
f 139/492/362 651/552/421 1387/550/419
f 155/551/420 592/553/422 1387/550/419
f 592/553/422 154/547/416 591/548/417
f 584/486/356 1387/550/419 591/548/417
f 140/496/366 706/556/425 1388/554/423
f 156/555/424 652/557/426 1388/554/423
f 652/557/426 155/551/420 651/552/421
f 644/490/360 1388/554/423 651/552/421
f 141/500/370 530/560/429 1389/558/427
f 157/559/428 707/561/430 1389/558/427
f 707/561/430 156/555/424 706/556/425
f 700/494/364 1389/558/427 706/556/425
f 142/504/374 593/564/433 1390/562/431
f 158/563/432 531/565/434 1390/562/431
f 531/565/434 157/559/428 530/560/429
f 522/498/368 1390/562/431 530/560/429
f 143/508/378 653/568/437 1391/566/435
f 159/567/436 594/569/438 1391/566/435
f 594/569/438 158/563/432 593/564/433
f 586/502/372 1391/566/435 593/564/433
f 144/570/439 708/573/442 1392/571/440
f 160/572/441 654/574/443 1392/571/440
f 654/574/443 159/567/436 653/568/437
f 646/506/376 1392/571/440 653/568/437
f 532/575/444 1393/577/446 702/512/382
f 532/575/444 161/581/450 709/576/445
f 1393/577/446 709/576/445 160/572/441
f 1393/577/446 708/573/442 144/570/439
f 595/578/447 1394/580/449 524/516/386
f 595/578/447 162/585/454 533/579/448
f 1394/580/449 533/579/448 161/581/450
f 1394/580/449 532/575/444 145/510/380
f 655/582/451 1395/584/453 588/520/390
f 655/582/451 163/588/457 596/583/452
f 1395/584/453 596/583/452 162/585/454
f 1395/584/453 595/578/447 146/514/384
f 710/528/398 1396/587/456 648/523/393
f 710/528/398 164/527/397 656/586/455
f 1396/587/456 656/586/455 163/588/457
f 1396/587/456 655/582/451 147/518/388
f 149/532/402 535/590/459 1397/589/458
f 535/590/459 165/597/466 543/591/460
f 1397/589/458 543/591/460 180/592/461
f 534/525/395 1397/589/458 717/593/462
f 150/536/406 597/595/464 1398/594/463
f 597/595/464 166/601/470 536/596/465
f 1398/594/463 536/596/465 165/597/466
f 527/530/400 1398/594/463 535/590/459
f 151/540/410 657/599/468 1399/598/467
f 657/599/468 167/606/475 598/600/469
f 1399/598/467 598/600/469 166/601/470
f 590/534/404 1399/598/467 597/595/464
f 152/602/471 711/604/473 1400/603/472
f 711/604/473 168/665/532 658/605/474
f 1400/603/472 658/605/474 167/606/475
f 650/538/408 1400/603/472 657/599/468
f 537/607/476 1401/609/478 705/544/414
f 169/608/477 712/610/479 1401/609/478
f 712/610/479 168/675/532 711/611/473
f 1401/609/478 711/611/473 152/612/471
f 599/613/480 1402/615/482 529/549/418
f 170/614/481 538/616/483 1402/615/482
f 538/616/483 169/608/477 537/607/476
f 1402/615/482 537/607/476 153/542/412
f 659/617/484 1403/619/486 592/553/422
f 171/618/485 600/620/487 1403/619/486
f 600/620/487 170/614/481 599/613/480
f 1403/619/486 599/613/480 154/547/416
f 713/621/488 1404/623/490 652/557/426
f 172/622/489 660/624/491 1404/623/490
f 660/624/491 171/618/485 659/617/484
f 1404/623/490 659/617/484 155/551/420
f 539/625/492 1405/627/494 707/561/430
f 173/626/493 714/628/495 1405/627/494
f 714/628/495 172/622/489 713/621/488
f 1405/627/494 713/621/488 156/555/424
f 601/629/496 1406/631/498 531/565/434
f 174/630/497 540/632/499 1406/631/498
f 540/632/499 173/626/493 539/625/492
f 1406/631/498 539/625/492 157/559/428
f 661/633/500 1407/635/502 594/569/438
f 175/634/501 602/636/503 1407/635/502
f 602/636/503 174/630/497 601/629/496
f 1407/635/502 601/629/496 158/563/432
f 715/637/504 1408/639/506 654/574/443
f 176/638/505 662/640/507 1408/639/506
f 662/640/507 175/634/501 661/633/500
f 1408/639/506 661/633/500 159/567/436
f 161/581/450 541/642/509 1409/641/508
f 541/642/509 177/647/514 716/643/510
f 1409/641/508 716/643/510 176/638/505
f 709/576/445 1409/641/508 715/637/504
f 162/585/454 603/645/512 1410/644/511
f 603/645/512 178/651/518 542/646/513
f 1410/644/511 542/646/513 177/647/514
f 533/579/448 1410/644/511 541/642/509
f 163/588/457 663/649/516 1411/648/515
f 663/649/516 179/654/521 604/650/517
f 1411/648/515 604/650/517 178/651/518
f 596/583/452 1411/648/515 603/645/512
f 164/527/397 717/593/462 1412/652/519
f 717/593/462 180/592/461 664/653/520
f 1412/652/519 664/653/520 179/654/521
f 656/586/455 1412/652/519 663/649/516
f 165/597/466 544/656/523 1413/655/522
f 544/656/523 181/227/106 552/657/524
f 1413/655/522 552/657/524 196/658/525
f 543/591/460 1413/655/522 724/659/526
f 166/601/470 605/661/528 1414/660/527
f 605/661/528 182/220/99 545/222/101
f 1414/660/527 545/222/101 181/227/106
f 536/596/465 1414/660/527 544/656/523
f 167/606/475 665/663/530 1415/662/529
f 665/663/530 183/669/536 606/664/531
f 1415/662/529 606/664/531 182/220/99
f 598/600/469 1415/662/529 605/661/528
f 168/665/532 718/667/534 1416/666/533
f 718/667/534 184/920/720 666/668/535
f 1416/666/533 666/668/535 183/669/536
f 658/605/474 1416/666/533 665/663/530
f 546/670/537 1417/672/539 712/610/479
f 185/671/538 719/673/540 1417/672/539
f 719/673/540 184/879/720 718/674/534
f 1417/672/539 718/674/534 168/675/532
f 607/676/541 1418/678/543 538/616/483
f 186/677/542 547/679/544 1418/678/543
f 547/679/544 185/671/538 546/670/537
f 1418/678/543 546/670/537 169/608/477
f 667/680/545 1419/682/547 600/620/487
f 187/681/546 608/683/548 1419/682/547
f 608/683/548 186/677/542 607/676/541
f 1419/682/547 607/676/541 170/614/481
f 720/684/549 1420/686/551 660/624/491
f 188/685/550 668/687/552 1420/686/551
f 668/687/552 187/681/546 667/680/545
f 1420/686/551 667/680/545 171/618/485
f 548/688/553 1421/690/555 714/628/495
f 189/689/554 721/691/556 1421/690/555
f 721/691/556 188/685/550 720/684/549
f 1421/690/555 720/684/549 172/622/489
f 609/692/557 1422/694/559 540/632/499
f 190/693/558 549/695/560 1422/694/559
f 549/695/560 189/689/554 548/688/553
f 1422/694/559 548/688/553 173/626/493
f 669/696/561 1423/698/563 602/636/503
f 191/697/562 610/699/564 1423/698/563
f 610/699/564 190/693/558 609/692/557
f 1423/698/563 609/692/557 174/630/497
f 722/700/565 1424/702/567 662/640/507
f 192/701/566 670/703/568 1424/702/567
f 670/703/568 191/697/562 669/696/561
f 1424/702/567 669/696/561 175/634/501
f 177/647/514 550/705/570 1425/704/569
f 550/705/570 193/710/575 723/706/571
f 1425/704/569 723/706/571 192/701/566
f 716/643/510 1425/704/569 722/700/565
f 178/651/518 611/708/573 1426/707/572
f 611/708/573 194/714/579 551/709/574
f 1426/707/572 551/709/574 193/710/575
f 542/646/513 1426/707/572 550/705/570
f 179/654/521 671/712/577 1427/711/576
f 671/712/577 195/717/582 612/713/578
f 1427/711/576 612/713/578 194/714/579
f 604/650/517 1427/711/576 611/708/573
f 180/592/461 724/659/526 1428/715/580
f 724/659/526 196/658/525 672/716/581
f 1428/715/580 672/716/581 195/717/582
f 664/653/520 1428/715/580 671/712/577
f 844/718/583 1429/722/587 1242/719/584
f 293/721/586 1239/723/588 1429/722/587
f 1239/723/588 422/731/594 1074/724/589
f 1242/719/584 1429/722/587 1074/724/589
f 813/726/591 1430/728/91 1239/723/588
f 298/727/592 1240/729/83 1430/728/91
f 1240/729/83 425/737/598 1029/730/593
f 1239/723/588 1430/728/91 1029/730/593
f 885/732/82 1431/734/596 1240/729/83
f 302/733/595 1244/735/77 1431/734/596
f 1244/735/77 429/743/602 1103/736/597
f 1431/734/596 1103/736/597 425/737/598
f 938/738/76 1432/740/79 1244/735/77
f 306/739/599 1246/741/600 1432/740/79
f 1246/741/600 433/3723/607 1156/742/601
f 1432/740/79 1156/742/601 429/743/602
f 306/744/599 972/747/603 1433/745/71
f 972/747/603 309/752/608 1248/748/604
f 1433/745/71 1248/748/604 438/749/605
f 1433/745/71 1193/750/606 433/751/607
f 309/752/608 823/754/610 1434/753/609
f 823/754/610 314/758/612 1250/755/60
f 1434/753/609 1250/755/60 441/756/63
f 1248/748/604 1434/753/609 1039/757/611
f 314/758/612 892/760/613 1435/759/59
f 892/760/613 318/764/52 1252/761/54
f 1435/759/59 1252/761/54 445/762/614
f 1250/755/60 1435/759/59 1110/763/615
f 318/764/52 945/767/616 1436/765/53
f 322/766/46 1254/771/48 1436/765/53
f 1436/765/53 1254/771/48 449/768/617
f 1252/761/54 1436/765/53 1163/769/618
f 976/770/619 1437/773/621 1254/771/48
f 325/772/620 1256/774/622 1437/773/621
f 1256/774/622 454/781/626 1197/775/50
f 1437/773/621 1197/775/50 449/768/617
f 833/776/623 1438/778/43 1256/774/622
f 330/777/624 1258/779/35 1438/778/43
f 1258/779/35 457/787/39 1049/780/625
f 1438/778/43 1049/780/625 454/781/626
f 899/782/627 1439/784/629 1258/779/35
f 334/783/628 1260/785/630 1439/784/629
f 1260/785/630 461/793/637 1117/786/631
f 1439/784/629 1117/786/631 457/787/39
f 952/788/632 1440/790/634 1260/785/630
f 338/789/633 1262/795/639 1440/790/634
f 1440/790/634 1262/795/639 465/791/635
f 1440/790/634 1170/792/636 461/793/637
f 338/789/633 980/796/640 1441/794/638
f 980/796/640 341/800/643 1264/797/9
f 1441/794/638 1264/797/9 470/798/641
f 1262/795/639 1441/794/638 1201/799/642
f 341/800/643 843/802/10 1442/801/644
f 843/802/10 346/806/647 1266/803/11
f 1442/801/644 1266/803/11 473/804/645
f 1264/797/9 1442/801/644 1059/805/646
f 346/806/647 906/808/649 1443/807/648
f 906/808/649 350/812/653 1268/809/650
f 1443/807/648 1268/809/650 477/810/651
f 1266/803/11 1443/807/648 1124/811/652
f 350/812/653 956/814/655 1444/813/654
f 956/814/655 353/720/585 1242/719/584
f 1242/719/584 482/725/590 1177/815/656
f 1268/809/650 1444/813/654 1177/815/656
f 1232/816/657 1445/819/660 968/817/658
f 81/306/182 675/305/181 1445/819/660
f 675/305/181 80/298/174 1230/820/661
f 1445/819/660 1230/820/661 274/821/662
f 1251/822/663 1446/824/665 608/683/548
f 317/823/664 886/825/666 1446/824/665
f 886/825/666 313/871/712 1249/826/667
f 1446/824/665 1249/826/667 186/677/542
f 1207/827/668 1447/830/671 766/828/669
f 70/238/117 485/237/116 1447/830/671
f 485/237/116 69/230/109 1208/831/672
f 1447/830/671 1208/831/672 229/832/673
f 196/658/525 1241/834/675 1448/833/674
f 1241/834/675 354/946/783 953/835/676
f 1448/833/674 953/835/676 349/836/677
f 672/716/581 1448/833/674 1267/837/678
f 250/838/679 1218/841/682 1449/839/680
f 1218/841/682 74/262/138 486/264/140
f 1449/839/680 486/264/140 73/254/133
f 776/840/681 1449/839/680 1216/842/683
f 1214/844/685 1450/847/688 913/845/686
f 72/250/129 613/249/128 1450/847/688
f 613/249/128 71/244/123 1212/848/689
f 1450/847/688 1212/848/689 238/849/690
f 1259/850/691 1451/852/693 610/699/564
f 333/851/692 893/853/694 1451/852/693
f 893/853/694 329/900/741 1257/854/695
f 1451/852/693 1257/854/695 190/693/558
f 266/855/696 1226/858/699 1452/856/697
f 1226/858/699 78/286/162 487/288/164
f 1452/856/697 487/288/164 77/280/156
f 786/857/698 1452/856/697 1224/859/700
f 258/861/702 1222/864/705 1453/862/703
f 1222/864/705 76/274/150 614/276/152
f 1453/862/703 614/276/152 75/268/144
f 920/863/704 1453/862/703 1220/865/706
f 1234/867/708 1454/870/711 796/868/709
f 82/312/188 488/311/187 1454/870/711
f 488/311/187 81/306/182 1232/816/657
f 1454/870/711 1232/816/657 277/818/659
f 1249/826/667 1455/872/713 547/679/544
f 313/871/712 815/873/714 1455/872/713
f 815/873/714 310/875/716 1247/874/715
f 1455/872/713 1247/874/715 185/671/538
f 1247/874/715 1456/876/717 719/673/540
f 310/875/716 969/877/718 1456/876/717
f 969/877/718 305/1505/1195 1245/878/719
f 1456/876/717 1245/878/719 184/879/720
f 274/821/662 1230/820/661 1457/880/721
f 1230/820/661 80/298/174 615/300/176
f 1457/880/721 615/300/176 79/292/168
f 927/881/722 1457/880/721 1228/882/723
f 195/717/582 1267/837/678 1458/884/725
f 1267/837/678 349/836/677 900/885/726
f 1458/884/725 900/885/726 345/886/727
f 612/713/578 1458/884/725 1265/887/728
f 1208/831/672 1459/889/730 797/888/729
f 69/230/109 489/229/108 1459/889/730
f 489/229/108 84/235/114 1210/890/731
f 1459/889/730 1210/890/731 289/891/732
f 1210/890/731 1460/893/734 931/892/733
f 84/235/114 616/322/198 1460/893/734
f 616/322/198 83/318/194 1236/894/735
f 1460/893/734 1236/894/735 286/895/736
f 183/669/536 1243/897/738 1461/896/737
f 1243/897/738 301/924/763 879/898/739
f 1461/896/737 879/898/739 297/899/740
f 606/664/531 1461/896/737 1237/223/102
f 1257/854/695 1462/901/742 549/695/560
f 329/900/741 825/902/743 1462/901/742
f 825/902/743 326/904/745 1255/903/744
f 1462/901/742 1255/903/744 189/689/554
f 1255/903/744 1463/905/746 721/691/556
f 326/904/745 973/906/747 1463/905/746
f 973/906/747 321/937/776 1253/907/748
f 1463/905/746 1253/907/748 188/685/550
f 1212/848/689 1464/909/750 857/908/749
f 71/244/123 553/243/122 1464/909/750
f 553/243/122 70/238/117 1207/827/668
f 1464/909/750 1207/827/668 234/829/670
f 254/866/707 1220/865/706 1465/910/751
f 1220/865/706 75/268/144 554/270/146
f 1465/910/751 554/270/146 74/262/138
f 864/911/752 1465/910/751 1218/841/682
f 194/714/579 1265/887/728 1466/912/753
f 1265/887/728 345/886/727 835/913/754
f 1466/912/753 835/913/754 342/914/755
f 551/709/574 1466/912/753 1263/915/756
f 193/710/575 1263/915/756 1467/916/757
f 1263/915/756 342/914/755 977/917/758
f 1467/916/757 977/917/758 337/918/759
f 723/706/571 1467/916/757 1261/919/760
f 184/920/720 1245/922/719 1468/921/761
f 1245/922/719 305/1432/1195 932/923/762
f 1468/921/761 932/923/762 301/924/763
f 666/668/535 1468/921/761 1243/897/738
f 270/883/724 1228/882/723 1469/925/764
f 1228/882/723 79/292/168 555/294/170
f 1469/925/764 555/294/170 78/286/162
f 871/926/765 1469/925/764 1226/858/699
f 1236/894/735 1470/928/767 878/927/766
f 83/318/194 556/317/193 1470/928/767
f 556/317/193 82/312/188 1234/867/708
f 1470/928/767 1234/867/708 282/869/710
f 982/929/768 1471/933/772 1269/930/769
f 982/929/768 358/1098/916 1270/932/771
f 1471/933/772 1270/932/771 197/934/773
f 1269/930/769 1471/933/772 725/935/774
f 1253/907/748 1472/938/777 668/687/552
f 321/937/776 939/939/778 1472/938/777
f 939/939/778 317/823/664 1251/822/663
f 1472/938/777 1251/822/663 187/681/546
f 245/843/684 1216/842/683 1473/940/779
f 1216/842/683 73/254/133 673/256/135
f 1473/940/779 673/256/135 72/261/129
f 960/941/780 1473/940/779 1214/942/685
f 181/227/106 1238/226/105 1474/944/781
f 1238/226/105 294/225/104 850/945/782
f 1474/944/781 850/945/782 354/946/783
f 552/657/524 1474/944/781 1241/834/675
f 261/860/701 1224/859/700 1475/947/784
f 1224/859/700 77/280/156 674/282/158
f 1475/947/784 674/282/158 76/274/150
f 964/948/785 1475/947/784 1222/864/705
f 1261/919/760 1476/949/786 670/703/568
f 337/918/759 946/950/787 1476/949/786
f 946/950/787 333/851/692 1259/850/691
f 1476/949/786 1259/850/691 191/697/562
f 1096/951/788 1477/955/792 1284/952/789
f 1096/951/788 409/1117/928 1283/954/791
f 1283/954/791 210/1121/932 738/956/793
f 1477/955/792 738/956/793 211/957/794
f 453/958/795 1057/962/799 1478/959/796
f 458/961/798 1295/963/800 1478/959/796
f 1295/963/800 222/1030/862 732/964/801
f 1294/960/797 1478/959/796 732/964/801
f 1180/966/803 1479/970/807 1300/967/804
f 1180/966/803 481/997/830 1287/969/806
f 1479/970/807 1287/969/806 228/971/808
f 1479/970/807 750/972/809 227/973/773
f 365/974/810 1075/977/813 1480/975/811
f 361/931/770 1269/930/769 1480/975/811
f 1480/975/811 1269/930/769 198/936/775
f 1480/975/811 735/978/814 199/979/815
f 1067/980/816 1481/984/818 1298/981/812
f 474/983/817 1299/1037/868 1481/984/818
f 1481/984/818 1299/1037/868 226/985/819
f 1481/984/818 733/986/814 225/987/820
f 374/988/821 1181/991/824 1482/989/822
f 1181/991/824 369/1869/890 1273/992/825
f 1482/989/822 1273/992/825 200/993/826
f 1482/989/822 751/994/827 201/995/828
f 1068/996/829 1483/999/832 1287/969/806
f 1068/996/829 421/1032/864 1285/998/831
f 1483/999/832 1285/998/831 213/1000/833
f 1483/999/832 734/1001/834 228/971/808
f 390/1002/835 1185/1006/839 1484/1003/836
f 385/1005/838 1277/1007/840 1484/1003/836
f 1277/1007/840 204/1078/359 752/1008/841
f 1278/1004/837 1484/1003/836 752/1008/841
f 442/1010/843 1116/1013/846 1485/1011/844
f 1116/1013/846 446/1122/933 1292/1014/847
f 1292/1014/847 219/1126/935 740/1015/848
f 1485/1011/844 740/1015/848 218/1016/849
f 406/1017/850 1189/1021/854 1486/1018/851
f 401/1020/853 1281/1022/855 1486/1018/851
f 1281/1022/855 208/1084/878 753/1023/856
f 1282/1019/852 1486/1018/851 753/1023/856
f 1123/1025/858 1487/1027/860 1295/963/800
f 1123/1025/858 462/1136/944 1296/1026/859
f 1487/1027/860 1296/1026/859 223/1028/828
f 1487/1027/860 741/1029/861 222/1030/862
f 1037/1031/863 1488/1034/866 1285/998/831
f 1037/1031/863 426/1048/879 1286/1033/865
f 1286/1033/865 214/1054/885 730/1035/867
f 1488/1034/866 730/1035/867 213/1000/833
f 1130/1036/768 1489/1038/869 1299/1037/868
f 1130/1036/768 478/968/805 1300/967/804
f 1489/1038/869 1300/967/804 227/973/773
f 1299/1037/868 1489/1038/869 742/1039/870
f 1196/1040/871 1490/1044/875 1289/1041/872
f 1196/1040/871 437/1132/941 1290/1043/874
f 1490/1044/875 1290/1043/874 217/1045/876
f 1490/1044/875 754/1046/877 216/1047/878
f 426/1048/879 1109/1050/881 1491/1049/880
f 1109/1050/881 430/1107/922 1288/1051/882
f 1491/1049/880 1288/1051/882 215/1052/883
f 1491/1049/880 739/1053/884 214/1054/885
f 450/1055/886 1200/1058/888 1492/1056/887
f 453/958/795 1294/960/797 1492/1056/887
f 1294/960/797 221/965/802 755/1059/889
f 1293/1057/840 1492/1056/887 755/1059/889
f 369/1061/890 1131/1064/892 1493/1062/891
f 365/974/810 1272/976/812 1493/1062/891
f 1272/976/812 199/979/815 743/1065/893
f 1273/1063/825 1493/1062/891 743/1065/893
f 466/1067/894 1204/1070/896 1494/1068/891
f 469/982/810 1298/981/812 1494/1068/891
f 1298/981/812 225/987/820 756/1071/897
f 1297/1069/895 1494/1068/891 756/1071/897
f 385/1005/838 1138/1075/900 1495/1073/887
f 381/1074/899 1276/1076/901 1495/1073/887
f 1276/1076/901 203/1116/802 744/1077/889
f 1277/1007/840 1495/1073/887 744/1077/889
f 401/1020/853 1145/1081/904 1496/1079/902
f 397/1080/903 1280/1128/937 1496/1079/902
f 1496/1079/902 1280/1128/937 207/1082/905
f 1496/1079/902 745/1083/906 208/1084/878
f 992/1085/907 1497/1088/910 1275/1086/908
f 374/988/821 1274/990/823 1497/1088/910
f 1497/1088/910 1274/990/823 201/995/828
f 1497/1088/910 726/1089/911 202/1090/912
f 1152/1091/913 1498/1094/832 1271/1092/806
f 1152/1091/913 413/953/790 1284/952/789
f 1498/1094/832 1284/952/789 211/957/794
f 1498/1094/832 746/1095/834 212/1096/808
f 1027/1097/915 1499/1099/807 1270/932/771
f 1027/1097/915 418/1093/914 1271/1092/806
f 1499/1099/807 1271/1092/806 212/1096/808
f 1499/1099/807 729/1100/809 197/934/773
f 393/1101/843 1002/1104/919 1500/1102/917
f 390/1002/835 1278/1004/837 1500/1102/917
f 1500/1102/917 1278/1004/837 205/1009/842
f 1279/1103/918 1500/1102/917 727/1105/920
f 430/1107/922 1162/1110/924 1501/1108/923
f 434/1109/873 1289/1111/872 1501/1108/923
f 1289/1111/872 216/3724/878 747/1112/925
f 1288/1051/882 1501/1108/923 747/1112/925
f 381/1074/899 1082/1114/799 1502/1113/926
f 377/1087/909 1275/1086/908 1502/1113/926
f 1502/1113/926 1275/1086/908 202/1090/912
f 1276/1076/901 1502/1113/926 736/1115/927
f 409/1117/928 1012/1119/930 1503/1118/929
f 406/1017/850 1282/1019/852 1503/1118/929
f 1503/1118/929 1282/1019/852 209/1024/857
f 1503/1118/929 728/1120/931 210/1121/932
f 446/1122/933 1169/1124/839 1504/1123/836
f 450/1055/886 1293/1057/840 1504/1123/836
f 1293/1057/840 220/1060/359 748/1125/934
f 1292/1014/847 1504/1123/836 748/1125/934
f 397/1080/903 1089/1129/938 1505/1127/936
f 1089/1129/938 393/1101/843 1279/1103/918
f 1505/1127/936 1279/1103/918 206/1106/921
f 1505/1127/936 737/1130/939 207/1082/905
f 1047/1131/940 1506/1133/942 1290/1043/874
f 1047/1131/940 442/1010/843 1291/1012/845
f 1506/1133/942 1291/1012/845 218/1016/849
f 1506/1133/942 731/1134/943 217/1045/876
f 1176/1135/824 1507/1137/945 1296/1026/859
f 1176/1135/824 466/1067/894 1297/1069/895
f 1507/1137/945 1297/1069/895 224/1072/898
f 1507/1137/945 749/1138/946 223/1028/828
f 758/1139/947 1508/1142/950 757/1140/948
f 758/1139/947 233/1288/1073 759/1141/949
f 1508/1142/950 759/1141/949 235/1143/951
f 757/1140/948 1508/1142/950 760/1144/952
f 760/1144/952 1509/1147/955 761/1146/954
f 235/1143/951 762/1292/1077 1509/1147/955
f 1509/1147/955 762/1292/1077 236/1148/956
f 761/1146/954 1509/1147/955 763/1149/957
f 231/1151/958 763/1154/957 1510/1152/959
f 763/1154/957 236/1296/956 765/1155/961
f 1510/1152/959 765/1155/961 234/829/670
f 764/1153/960 1510/1152/959 766/828/669
f 768/155/34 1511/1158/964 767/1156/962
f 768/155/34 249/157/36 769/1157/963
f 769/1157/963 251/1303/1086 770/1159/965
f 1511/1158/964 770/1159/965 248/1160/966
f 770/1159/965 1512/1163/969 771/1161/967
f 770/1159/965 251/1303/1086 772/1162/968
f 1512/1163/969 772/1162/968 252/1164/970
f 1512/1163/969 773/1165/971 247/1166/972
f 773/1167/971 1513/1171/974 774/1168/973
f 252/1170/970 775/1172/975 1513/1171/974
f 775/1172/975 250/838/679 776/840/681
f 1513/1171/974 776/840/681 245/843/684
f 262/173/52 778/182/61 1514/1173/976
f 778/182/61 265/179/58 779/1175/978
f 779/1175/978 267/1316/1097 780/1176/979
f 1514/1173/976 780/1176/979 264/1177/980
f 264/1177/980 780/1176/979 1515/1178/981
f 780/1176/979 267/1316/1097 782/1180/983
f 782/1180/983 268/1320/1101 783/1181/984
f 1515/1178/981 783/1181/984 263/1182/985
f 783/1183/984 1516/1187/988 784/1184/986
f 783/1183/984 268/1321/1101 785/1186/987
f 785/1186/987 266/855/696 786/857/698
f 1516/1187/988 786/857/698 261/860/701
f 788/203/82 1517/1189/990 787/1188/989
f 281/205/84 789/1190/991 1517/1189/990
f 789/1190/991 283/1328/1107 790/1191/992
f 1517/1189/990 790/1191/992 280/1192/993
f 790/1191/992 1518/1195/996 791/1193/994
f 790/1191/992 283/1328/1107 792/1194/995
f 1518/1195/996 792/1194/995 284/1196/997
f 791/1193/994 1518/1195/996 793/1197/998
f 793/1199/998 1519/1203/1001 794/1200/1000
f 284/1202/997 795/1333/1111 1519/1203/1001
f 1519/1203/1001 795/1333/1111 282/869/710
f 794/1200/1000 1519/1203/1001 796/868/709
f 229/832/673 797/888/729 1520/1204/1002
f 797/888/729 289/891/732 798/1205/1003
f 1520/1204/1002 798/1205/1003 291/1206/1004
f 764/1153/960 1520/1204/1002 799/1207/1005
f 799/1208/1005 1521/1210/1006 761/1146/954
f 291/1209/1004 800/1211/1007 1521/1210/1006
f 800/1211/1007 292/1424/1189 801/1212/1008
f 761/1146/954 1521/1210/1006 801/1212/1008
f 232/1145/953 801/1212/1008 1522/1213/1009
f 801/1212/1008 292/1424/1189 802/1214/1010
f 802/1214/1010 290/215/94 803/137/18
f 1522/1213/1009 803/137/18 230/134/15
f 805/224/103 1523/1216/1012 804/1215/1011
f 297/899/740 806/1217/1013 1523/1216/1012
f 806/1217/1013 299/1339/1017 807/1218/1014
f 1523/1216/1012 807/1218/1014 296/1219/1015
f 807/1220/1014 1524/1224/1018 808/1221/1016
f 299/1223/1017 809/1225/1019 1524/1224/1018
f 809/1225/1019 300/1344/1120 810/1226/1020
f 808/1221/1016 1524/1224/1018 810/1226/1020
f 810/1226/1020 1525/1230/1024 811/1228/1022
f 810/1226/1020 300/1344/1120 812/1229/1023
f 812/1229/1023 298/727/592 813/726/591
f 811/1228/1022 1525/1230/1024 813/726/591
f 310/875/716 815/873/714 1526/1231/1025
f 815/873/714 313/871/712 816/1233/1027
f 1526/1231/1025 816/1233/1027 315/1234/1028
f 814/1232/1026 1526/1231/1025 817/1235/1029
f 817/1237/1029 1527/1241/1032 818/1238/1031
f 315/1240/1028 819/1353/1128 1527/1241/1032
f 1527/1241/1032 819/1353/1128 316/1242/1033
f 818/1238/1031 1527/1241/1032 820/1243/1034
f 311/1244/1035 820/1243/1034 1528/1245/1036
f 316/1242/1033 822/1358/1133 1528/1245/1036
f 1528/1245/1036 822/1358/1133 314/758/612
f 821/1246/1037 1528/1245/1036 823/754/610
f 326/904/745 825/902/743 1529/1247/1038
f 825/902/743 329/900/741 826/1249/1040
f 826/1249/1040 331/1363/1138 827/1250/1041
f 824/1248/1039 1529/1247/1038 827/1250/1041
f 827/1252/1041 1530/1256/1045 828/1253/1043
f 827/1252/1041 331/1364/1138 829/1255/1044
f 829/1255/1044 332/1370/1143 830/1257/1046
f 828/1253/1043 1530/1256/1045 830/1257/1046
f 327/1258/1047 830/1257/1046 1531/1259/1048
f 830/1257/1046 332/1370/1143 832/1261/1050
f 832/1261/1050 330/777/624 833/776/623
f 1531/1259/1048 833/776/623 325/772/620
f 835/913/754 1532/1263/1052 834/1262/1051
f 345/886/727 836/1374/1147 1532/1263/1052
f 1532/1263/1052 836/1374/1147 347/1264/1053
f 834/1262/1051 1532/1263/1052 837/1265/1054
f 837/1267/1054 1533/1271/1057 838/1268/1056
f 347/1270/1053 839/1379/1152 1533/1271/1057
f 1533/1271/1057 839/1379/1152 348/1272/1058
f 838/1268/1056 1533/1271/1057 840/1273/1059
f 343/1274/1060 840/1273/1059 1534/1275/1061
f 840/1273/1059 348/1272/1058 842/1277/1063
f 1534/1275/1061 842/1277/1063 346/806/647
f 841/1276/1062 1534/1275/1061 843/802/10
f 844/718/583 1535/1279/1065 811/1228/1022
f 844/718/583 353/720/585 845/1278/1064
f 845/1278/1064 355/1477/1231 846/1280/1066
f 1535/1279/1065 846/1280/1066 295/1227/1021
f 295/1227/1021 846/1280/1066 1536/1281/1067
f 846/1280/1066 355/1477/1231 847/1282/1068
f 847/1282/1068 356/3725/1070 848/1283/1069
f 1536/1281/1067 848/1283/1069 296/1222/1015
f 848/1284/1069 1537/1286/1071 804/1215/1011
f 356/1285/1070 849/1287/1072 1537/1286/1071
f 849/1287/1072 354/946/783 850/945/782
f 1537/1286/1071 850/945/782 294/225/104
f 233/1288/1073 851/129/10 1538/1289/1074
f 237/126/7 852/1385/1157 1538/1289/1074
f 1538/1289/1074 852/1385/1157 239/1290/1075
f 759/1141/949 1538/1289/1074 853/1291/1076
f 853/1291/1076 1539/1294/1079 762/1292/1077
f 853/1291/1076 239/1290/1075 854/1293/1078
f 854/1293/1078 240/1392/1164 855/1295/1080
f 762/1292/1077 1539/1294/1079 855/1295/1080
f 236/1296/956 855/1298/1080 1540/1297/1081
f 855/1298/1080 240/1393/1164 856/1299/1082
f 1540/1297/1081 856/1299/1082 238/849/690
f 765/1155/961 1540/1297/1081 857/908/749
f 858/161/40 1541/1301/1084 769/1157/963
f 858/161/40 253/163/42 859/1300/1083
f 859/1300/1083 255/1400/1170 860/1302/1085
f 1541/1301/1084 860/1302/1085 251/1303/1086
f 251/1303/1086 860/1302/1085 1542/1304/1087
f 860/1302/1085 255/1400/1170 861/1305/1088
f 1542/1304/1087 861/1305/1088 256/1306/1089
f 772/1162/968 1542/1304/1087 862/1307/1090
f 862/1308/1090 1543/1310/1091 775/1172/975
f 256/1309/1089 863/1311/1092 1543/1310/1091
f 863/1311/1092 254/866/707 864/911/752
f 1543/1310/1091 864/911/752 250/838/679
f 265/179/58 865/188/67 1544/1312/1093
f 865/188/67 269/185/64 866/1313/1094
f 1544/1312/1093 866/1313/1094 271/1314/1095
f 779/1175/978 1544/1312/1093 867/1315/1096
f 867/1315/1096 1545/1317/1098 782/1180/983
f 271/1314/1095 868/1414/1182 1545/1317/1098
f 1545/1317/1098 868/1414/1182 272/1318/1099
f 1545/1317/1098 869/1319/1100 268/1320/1101
f 268/1321/1101 869/1323/1100 1546/1322/1102
f 869/1323/1100 272/1417/1099 870/1324/1103
f 870/1324/1103 270/883/724 871/926/765
f 1546/1322/1102 871/926/765 266/855/696
f 872/209/88 1547/1325/1104 789/1190/991
f 285/211/90 873/1422/1187 1547/1325/1104
f 1547/1325/1104 873/1422/1187 287/1326/1105
f 789/1190/991 1547/1325/1104 874/1327/1106
f 874/1327/1106 1548/1329/1108 792/1194/995
f 287/1326/1105 875/1330/1109 1548/1329/1108
f 875/1330/1109 288/1428/1193 876/1331/1110
f 1548/1329/1108 876/1331/1110 284/1196/997
f 876/1332/1110 1549/1335/1113 795/1333/1111
f 876/1332/1110 288/1429/1193 877/1334/1112
f 1549/1335/1113 877/1334/1112 286/895/736
f 795/1333/1111 1549/1335/1113 878/927/766
f 879/898/739 1550/1336/1114 806/1217/1013
f 301/924/763 880/1337/1115 1550/1336/1114
f 880/1337/1115 303/1436/1199 881/1338/1116
f 1550/1336/1114 881/1338/1116 299/1339/1017
f 299/1223/1017 881/1341/1116 1551/1340/1117
f 881/1341/1116 303/1438/1199 882/1342/1118
f 882/1342/1118 304/1346/1122 883/1343/1119
f 1551/1340/1117 883/1343/1119 300/1344/1120
f 300/1344/1120 883/1343/1119 1552/1345/1121
f 304/1346/1122 884/1347/1123 1552/1345/1121
f 884/1347/1123 302/733/595 885/732/82
f 1552/1345/1121 885/732/82 298/727/592
f 313/871/712 886/825/666 1553/1348/1124
f 886/825/666 317/823/664 887/1349/1125
f 1553/1348/1124 887/1349/1125 319/1350/1126
f 816/1233/1027 1553/1348/1124 888/1351/1127
f 888/1352/1127 1554/1355/1130 819/1353/1128
f 888/1352/1127 319/1448/1126 889/1354/1129
f 889/1354/1129 320/1454/1213 890/1356/1131
f 1554/1355/1130 890/1356/1131 316/1242/1033
f 316/1242/1033 890/1356/1131 1555/1357/1132
f 890/1356/1131 320/1454/1213 891/1359/1134
f 891/1359/1134 318/764/52 892/760/613
f 822/1358/1133 1555/1357/1132 892/760/613
f 329/900/741 893/853/694 1556/1360/1135
f 893/853/694 333/851/692 894/1361/1136
f 894/1361/1136 335/1461/1140 895/1362/1137
f 1556/1360/1135 895/1362/1137 331/1363/1138
f 331/1364/1138 895/1367/1137 1557/1365/1139
f 335/1366/1140 896/1368/1141 1557/1365/1139
f 896/1368/1141 336/1372/1145 897/1369/1142
f 1557/1365/1139 897/1369/1142 332/1370/1143
f 332/1370/1143 897/1369/1142 1558/1371/1144
f 336/1372/1145 898/1373/1146 1558/1371/1144
f 898/1373/1146 334/783/628 899/782/627
f 1558/1371/1144 899/782/627 330/777/624
f 900/885/726 1559/1375/1148 836/1374/1147
f 349/836/677 901/1376/1149 1559/1375/1148
f 901/1376/1149 351/1471/1227 902/1377/1150
f 1559/1375/1148 902/1377/1150 347/1264/1053
f 347/1270/1053 902/1380/1150 1560/1378/1151
f 902/1380/1150 351/1472/1227 903/1381/1153
f 903/1381/1153 352/1383/1155 904/1382/1154
f 839/1379/1152 1560/1378/1151 904/1382/1154
f 904/1382/1154 1561/1384/1156 842/1277/1063
f 352/1383/1155 905/1476/1230 1561/1384/1156
f 1561/1384/1156 905/1476/1230 350/812/653
f 842/1277/1063 1561/1384/1156 906/808/649
f 907/144/25 1562/1386/1158 852/1385/1157
f 241/141/22 908/3726/1233 1562/1386/1158
f 1562/1386/1158 908/3726/1233 243/1387/1159
f 852/1385/1157 1562/1386/1158 909/1388/1160
f 909/1388/1160 1563/1390/1162 854/1293/1078
f 909/1388/1160 243/1387/1159 910/1389/1161
f 910/1389/1161 244/3727/1238 911/1391/1163
f 854/1293/1078 1563/1390/1162 911/1391/1163
f 240/1393/1164 911/1395/1163 1564/1394/1165
f 911/1395/1163 244/3728/1238 912/1396/1166
f 1564/1394/1165 912/1396/1166 242/846/687
f 856/1299/1082 1564/1394/1165 913/845/686
f 253/163/42 914/170/49 1565/1397/1167
f 914/170/49 257/167/46 915/1398/1168
f 915/1398/1168 259/1401/1171 916/1399/1169
f 1565/1397/1167 916/1399/1169 255/1400/1170
f 916/1399/1169 1566/1402/1172 861/1305/1088
f 259/1401/1171 917/1494/1243 1566/1402/1172
f 1566/1402/1172 917/1494/1243 260/1403/1173
f 861/1305/1088 1566/1402/1172 918/1404/1174
f 918/1405/1174 1567/1407/1175 863/1311/1092
f 260/1406/1173 919/1408/1176 1567/1407/1175
f 919/1408/1176 258/861/702 920/863/704
f 1567/1407/1175 920/863/704 254/866/707
f 269/185/64 921/194/73 1568/1409/1177
f 921/194/73 273/191/70 922/1410/1178
f 1568/1409/1177 922/1410/1178 275/1411/1179
f 866/1313/1094 1568/1409/1177 923/1412/1180
f 271/1314/1095 923/1412/1180 1569/1413/1181
f 275/1411/1179 924/1500/1248 1569/1413/1181
f 1569/1413/1181 924/1500/1248 276/1415/1183
f 868/1414/1182 1569/1413/1181 925/1416/1184
f 272/1417/1099 925/1420/1184 1570/1418/1185
f 276/1419/1183 926/1421/1186 1570/1418/1185
f 926/1421/1186 274/821/662 927/881/722
f 1570/1418/1185 927/881/722 270/883/724
f 928/217/96 1571/1423/1188 873/1422/1187
f 928/217/96 290/215/94 802/1214/1010
f 1571/1423/1188 802/1214/1010 292/1424/1189
f 873/1422/1187 1571/1423/1188 929/1425/1190
f 929/1425/1190 1572/1426/1191 875/1330/1109
f 929/1425/1190 292/1424/1189 800/1211/1007
f 800/1211/1007 291/1209/1004 930/1427/1192
f 1572/1426/1191 930/1427/1192 288/1428/1193
f 288/1429/1193 930/1431/1192 1573/1430/1194
f 930/1431/1192 291/1206/1004 798/1205/1003
f 1573/1430/1194 798/1205/1003 289/891/732
f 877/1334/1112 1573/1430/1194 931/892/733
f 932/923/762 1574/1433/1196 880/1337/1115
f 305/1432/1195 933/1434/1197 1574/1433/1196
f 933/1434/1197 307/3729/1254 934/1435/1198
f 1574/1433/1196 934/1435/1198 303/1436/1199
f 934/1437/1198 1575/1440/1201 882/1342/1118
f 934/1437/1198 307/3730/1254 935/1439/1200
f 935/1439/1200 308/1442/1203 936/1441/1202
f 882/1342/1118 1575/1440/1201 936/1441/1202
f 936/1441/1202 1576/1443/1204 884/1347/1123
f 308/1442/1203 937/3731/1258 1576/1443/1204
f 1576/1443/1204 937/3731/1258 306/739/599
f 884/1347/1123 1576/1443/1204 938/738/76
f 317/823/664 939/939/778 1577/1444/1205
f 939/939/778 321/937/776 940/1445/1206
f 1577/1444/1205 940/1445/1206 323/1446/1207
f 887/1349/1125 1577/1444/1205 941/1447/1208
f 319/1448/1126 941/1450/1208 1578/1449/1209
f 941/1450/1208 323/1521/1207 942/1451/1210
f 1578/1449/1209 942/1451/1210 324/1452/1211
f 1578/1449/1209 943/1453/1212 320/1454/1213
f 320/1454/1213 943/1453/1212 1579/1455/1214
f 943/1453/1212 324/1452/1211 944/1456/1215
f 944/1456/1215 322/766/46 945/767/616
f 891/1359/1134 1579/1455/1214 945/767/616
f 333/851/692 946/950/787 1580/1457/1216
f 946/950/787 337/918/759 947/1458/1217
f 1580/1457/1216 947/1458/1217 339/1459/1218
f 894/1361/1136 1580/1457/1216 948/1460/1219
f 335/1366/1140 948/1464/1219 1581/1462/1220
f 339/1463/1218 949/1528/1266 1581/1462/1220
f 1581/1462/1220 949/1528/1266 340/1465/1221
f 1581/1462/1220 950/1466/1222 336/1372/1145
f 950/1466/1222 1582/1467/1223 898/1373/1146
f 340/1465/1221 951/1468/1224 1582/1467/1223
f 951/1468/1224 338/789/633 952/788/632
f 1582/1467/1223 952/788/632 334/783/628
f 953/835/676 1583/1469/1225 901/1376/1149
f 354/946/783 849/1287/1072 1583/1469/1225
f 849/1287/1072 356/1285/1070 954/1470/1226
f 1583/1469/1225 954/1470/1226 351/1471/1227
f 351/1472/1227 954/1474/1226 1584/1473/1228
f 954/1474/1226 356/3725/1070 847/1282/1068
f 847/1282/1068 355/1477/1231 955/1475/1229
f 1584/1473/1228 955/1475/1229 352/1383/1155
f 955/1475/1229 1585/1478/1232 905/1476/1230
f 355/1477/1231 845/1278/1064 1585/1478/1232
f 845/1278/1064 353/720/585 956/814/655
f 905/1476/1230 1585/1478/1232 956/814/655
f 957/147/28 1586/1480/1234 908/1479/1233
f 246/149/30 767/1156/962 1586/1480/1234
f 767/1156/962 248/1160/966 958/1481/1235
f 1586/1480/1234 958/1481/1235 243/1482/1159
f 243/1482/1159 958/1481/1235 1587/1483/1236
f 248/1160/966 771/1161/967 1587/1483/1236
f 1587/1483/1236 771/1161/967 247/1166/972
f 1587/1483/1236 959/1485/1237 244/1486/1238
f 244/1487/1238 959/1490/1237 1588/1488/1239
f 247/1169/972 774/1168/973 1588/1488/1239
f 774/1168/973 245/843/684 960/941/780
f 1588/1488/1239 960/941/780 242/943/687
f 961/176/55 1589/1491/1240 915/1398/1168
f 961/176/55 262/173/52 777/1174/977
f 777/1174/977 264/1177/980 962/1492/1241
f 1589/1491/1240 962/1492/1241 259/1401/1171
f 259/1401/1171 962/1492/1241 1590/1493/1242
f 962/1492/1241 264/1177/980 781/1179/982
f 781/1179/982 263/1182/985 963/1495/1244
f 917/1494/1243 1590/1493/1242 963/1495/1244
f 963/1496/1244 1591/1497/1245 919/1408/1176
f 263/1185/985 784/1184/986 1591/1497/1245
f 784/1184/986 261/860/701 964/948/785
f 1591/1497/1245 964/948/785 258/861/702
f 273/191/70 965/197/76 1592/1498/1246
f 965/197/76 278/199/78 787/1188/989
f 787/1188/989 280/1192/993 966/1499/1247
f 1592/1498/1246 966/1499/1247 275/1411/1179
f 966/1499/1247 1593/1501/1249 924/1500/1248
f 280/1192/993 791/1193/994 1593/1501/1249
f 791/1193/994 279/1198/999 967/1502/1250
f 924/1500/1248 1593/1501/1249 967/1502/1250
f 967/1503/1250 1594/1504/1251 926/1421/1186
f 279/1201/999 794/1200/1000 1594/1504/1251
f 1594/1504/1251 794/1200/1000 277/818/659
f 926/1421/1186 1594/1504/1251 968/817/658
f 305/1505/1195 969/877/718 1595/1506/1252
f 969/877/718 310/875/716 814/1232/1026
f 1595/1506/1252 814/1232/1026 312/1236/1030
f 1595/1506/1252 970/1508/1253 307/1509/1254
f 307/1510/1254 970/1513/1253 1596/1511/1255
f 312/1239/1030 818/1238/1031 1596/1511/1255
f 1596/1511/1255 818/1238/1031 311/1244/1035
f 1596/1511/1255 971/1514/1256 308/1515/1203
f 308/1515/1203 971/1514/1256 1597/1516/1257
f 971/1514/1256 311/1244/1035 821/1246/1037
f 1597/1516/1257 821/1246/1037 309/752/608
f 937/1517/1258 1597/1516/1257 972/747/603
f 321/937/776 973/906/747 1598/1518/1259
f 973/906/747 326/904/745 824/1248/1039
f 1598/1518/1259 824/1248/1039 328/1251/1042
f 940/1445/1206 1598/1518/1259 974/1519/1260
f 974/1520/1260 1599/1522/1261 942/1451/1210
f 328/1254/1042 828/1253/1043 1599/1522/1261
f 1599/1522/1261 828/1253/1043 327/1258/1047
f 1599/1522/1261 975/1523/1262 324/1452/1211
f 324/1452/1211 975/1523/1262 1600/1524/1263
f 975/1523/1262 327/1258/1047 831/1260/1049
f 831/1260/1049 325/772/620 976/770/619
f 944/1456/1215 1600/1524/1263 976/770/619
f 977/917/758 1601/1525/1264 947/1458/1217
f 342/914/755 834/1262/1051 1601/1525/1264
f 1601/1525/1264 834/1262/1051 344/1266/1055
f 947/1458/1217 1601/1525/1264 978/1526/1265
f 978/1527/1265 1602/1529/1267 949/1528/1266
f 978/1527/1265 344/1269/1055 838/1268/1056
f 838/1268/1056 343/1274/1060 979/1530/1268
f 949/1528/1266 1602/1529/1267 979/1530/1268
f 340/1465/1221 979/1530/1268 1603/1531/1269
f 979/1530/1268 343/1274/1060 841/1276/1062
f 841/1276/1062 341/800/643 980/796/640
f 1603/1531/1269 980/796/640 338/789/633
f 358/1098/916 982/929/768 1604/1532/1270
f 361/931/770 983/1679/1396 1604/1532/1270
f 1604/1532/1270 983/1679/1396 363/1534/1272
f 981/1533/1271 1604/1532/1270 984/1535/1273
f 984/1537/1273 1605/1541/1276 985/1538/1275
f 363/1540/1272 986/1684/1400 1605/1541/1276
f 1605/1541/1276 986/1684/1400 364/1542/1277
f 1605/1541/1276 987/1543/1278 359/1544/1279
f 987/1543/1278 1606/1547/1282 988/1545/1280
f 987/1543/1278 364/1542/1277 989/1546/1281
f 1606/1547/1282 989/1546/1281 362/131/12
f 988/1545/1280 1606/1547/1282 990/1548/1283
f 992/1085/907 1607/1551/1286 991/1549/1284
f 992/1085/907 377/1087/909 993/1550/1285
f 993/1550/1285 379/1694/1410 994/1552/1287
f 991/1549/1284 1607/1551/1286 994/1552/1287
f 376/1554/1288 994/1557/1287 1608/1555/1289
f 994/1557/1287 379/1696/1410 996/1558/1291
f 996/1558/1291 380/1701/1414 997/1559/1292
f 1608/1555/1289 997/1559/1292 375/1560/1293
f 997/1559/1292 1609/1563/1296 998/1561/1294
f 997/1559/1292 380/1701/1414 999/1562/1295
f 999/1562/1295 378/160/39 1000/159/38
f 1609/1563/1296 1000/159/38 373/154/33
f 1002/1104/919 1610/1566/1299 1001/1564/1297
f 1002/1104/919 393/1101/843 1003/1565/1298
f 1003/1565/1298 395/1707/1420 1004/1567/1300
f 1610/1566/1299 1004/1567/1300 392/1568/1301
f 392/1569/1301 1004/1572/1300 1611/1570/1302
f 1004/1572/1300 395/1709/1420 1006/1573/1304
f 1611/1570/1302 1006/1573/1304 396/1574/1305
f 1005/1571/1303 1611/1570/1302 1007/1575/1306
f 1007/1575/1306 1612/1579/1310 1008/1577/1308
f 1007/1575/1306 396/1574/1305 1009/1578/1309
f 1612/1579/1310 1009/1578/1309 394/184/63
f 1008/1577/1308 1612/1579/1310 1010/183/62
f 1012/1119/930 1613/1582/1313 1011/1580/1311
f 1012/1119/930 409/1117/928 1013/1581/1312
f 1013/1581/1312 411/1719/1430 1014/1583/1314
f 1011/1580/1311 1613/1582/1313 1014/1583/1314
f 1014/1585/1314 1614/1589/1318 1015/1586/1316
f 1014/1585/1314 411/1720/1430 1016/1588/1317
f 1016/1588/1317 412/1593/1322 1017/1590/1319
f 1614/1589/1318 1017/1590/1319 407/1591/1320
f 1017/1590/1319 1615/1594/1323 1018/1592/1321
f 412/1593/1322 1019/1725/1434 1615/1594/1323
f 1615/1594/1323 1019/1725/1434 410/208/87
f 1615/1594/1323 1020/207/86 405/202/81
f 357/140/21 1021/139/20 1616/1595/1324
f 1021/139/20 417/219/98 1022/1596/1325
f 1022/1596/1325 419/1598/1327 1023/1597/1326
f 1616/1595/1324 1023/1597/1326 359/1544/1279
f 1023/1597/1326 1617/1599/1328 985/1538/1275
f 419/1598/1327 1024/1600/1329 1617/1599/1328
f 1024/1600/1329 420/1817/1331 1025/1601/1330
f 985/1538/1275 1617/1599/1328 1025/1601/1330
f 1025/1602/1330 1618/1604/1332 981/1533/1271
f 420/1603/1331 1026/1605/1333 1618/1604/1332
f 1026/1605/1333 418/1093/914 1027/1097/915
f 981/1533/1271 1618/1604/1332 1027/1097/915
f 422/731/594 1029/730/593 1619/1606/1334
f 1029/730/593 425/737/598 1030/1608/1336
f 1030/1608/1336 427/1613/1341 1031/1609/1337
f 1619/1606/1334 1031/1609/1337 424/1610/1338
f 424/1610/1338 1031/1609/1337 1620/1611/1339
f 427/1613/1341 1033/1731/1440 1620/1611/1339
f 1620/1611/1339 1033/1731/1440 428/1614/1342
f 1032/1612/1340 1620/1611/1339 1034/1615/1343
f 1034/1617/1343 1621/1621/1346 1035/1618/1345
f 428/1620/1342 1036/1736/1444 1621/1621/1346
f 1621/1621/1346 1036/1736/1444 426/1048/879
f 1035/1618/1345 1621/1621/1346 1037/1031/863
f 1039/757/611 1622/1624/1349 1038/1622/1347
f 1039/757/611 441/756/63 1040/1623/1348
f 1622/1624/1349 1040/1623/1348 443/1625/1350
f 1038/1622/1347 1622/1624/1349 1041/1626/1351
f 1041/1626/1351 1623/1629/1354 1042/1628/1353
f 443/1625/1350 1043/1630/1355 1623/1629/1354
f 1043/1630/1355 444/1745/1451 1044/1631/1356
f 1042/1628/1353 1623/1629/1354 1044/1631/1356
f 439/1633/1357 1044/1636/1356 1624/1634/1358
f 1044/1636/1356 444/1746/1451 1046/1637/1360
f 1046/1637/1360 442/1010/843 1047/1131/940
f 1045/1635/1359 1624/1634/1358 1047/1131/940
f 454/781/626 1049/780/625 1625/1638/1361
f 457/787/39 1050/1640/1363 1625/1638/1361
f 1050/1640/1363 459/1754/1457 1051/1641/1364
f 1625/1638/1361 1051/1641/1364 456/1642/1365
f 456/1642/1365 1051/1641/1364 1626/1643/1366
f 1051/1641/1364 459/1754/1457 1053/1645/1368
f 1053/1645/1368 460/1758/1461 1054/1646/1369
f 1626/1643/1366 1054/1646/1369 455/1647/1370
f 455/1648/1370 1054/1651/1369 1627/1649/1371
f 1054/1651/1369 460/1760/1461 1056/1652/1373
f 1056/1652/1373 458/961/798 1057/962/799
f 1627/1649/1371 1057/962/799 453/958/795
f 1059/805/646 1628/1654/1375 1058/1653/1374
f 473/804/645 1060/1764/1465 1628/1654/1375
f 1628/1654/1375 1060/1764/1465 475/1655/1376
f 1058/1653/1374 1628/1654/1375 1061/1656/1377
f 1061/1656/1377 1629/1660/1381 1062/1658/1379
f 1061/1656/1377 475/1655/1376 1063/1659/1380
f 1063/1659/1380 476/1771/1472 1064/1661/1382
f 1062/1658/1379 1629/1660/1381 1064/1661/1382
f 1064/1663/1382 1630/1667/1386 1065/1664/1384
f 1064/1663/1382 476/1772/1472 1066/1666/1385
f 1630/1667/1386 1066/1666/1385 474/983/817
f 1065/1664/1384 1630/1667/1386 1067/980/816
f 1068/996/829 1631/1669/1388 1035/1618/1345
f 1068/996/829 481/997/830 1069/1668/1387
f 1631/1669/1388 1069/1668/1387 483/1670/1389
f 1035/1618/1345 1631/1669/1388 1070/1671/1390
f 1070/1672/1390 1632/1674/1391 1032/1612/1340
f 483/1673/1389 1071/3732/3162 1632/1674/1391
f 1632/1674/1391 1071/3732/3162 484/1675/1392
f 1032/1612/1340 1632/1674/1391 1072/1676/1393
f 1072/1676/1393 1633/1678/1395 1028/1607/1335
f 1072/1676/1393 484/1675/1392 1073/1677/1394
f 1633/1678/1395 1073/1677/1394 482/725/590
f 1633/1678/1395 1074/724/589 422/731/594
f 1075/977/813 1634/1681/1398 983/1679/1396
f 1075/977/813 365/974/810 1076/1680/1397
f 1076/1680/1397 367/1780/1479 1077/1682/1399
f 983/1679/1396 1634/1681/1398 1077/1682/1399
f 1077/1683/1399 1635/1686/1402 986/1684/1400
f 1077/1683/1399 367/1781/1479 1078/1685/1401
f 1635/1686/1402 1078/1685/1401 368/1687/1403
f 986/1684/1400 1635/1686/1402 1079/1688/1404
f 364/1542/1277 1079/1688/1404 1636/1689/1405
f 1079/1688/1404 368/1687/1403 1080/1690/1406
f 1636/1689/1405 1080/1690/1406 366/133/14
f 989/1546/1281 1636/1689/1405 1081/132/13
f 1082/1114/799 1637/1691/1407 993/1550/1285
f 381/1074/899 1083/1788/1485 1637/1691/1407
f 1637/1691/1407 1083/1788/1485 383/1692/1408
f 1637/1691/1407 1084/1693/1409 379/1694/1410
f 1084/1695/1409 1638/1698/1411 996/1558/1291
f 383/1697/1408 1085/1793/1490 1638/1698/1411
f 1638/1698/1411 1085/1793/1490 384/1699/1412
f 996/1558/1291 1638/1698/1411 1086/1700/1413
f 1086/1700/1413 1639/1702/1415 999/1562/1295
f 384/1699/1412 1087/1703/1416 1639/1702/1415
f 1087/1703/1416 382/166/45 1088/165/44
f 1639/1702/1415 1088/165/44 378/160/39
f 1089/1129/938 1640/1704/1417 1003/1565/1298
f 397/1080/903 1090/1801/1497 1640/1704/1417
f 1640/1704/1417 1090/1801/1497 399/1705/1418
f 1003/1565/1298 1640/1704/1417 1091/1706/1419
f 1091/1708/1419 1641/1711/1422 1006/1573/1304
f 1091/1708/1419 399/1805/1418 1092/1710/1421
f 1641/1711/1422 1092/1710/1421 400/1712/1423
f 1641/1711/1422 1093/1713/1424 396/1574/1305
f 396/1574/1305 1093/1713/1424 1642/1714/1425
f 1093/1713/1424 400/1712/1423 1094/1715/1426
f 1642/1714/1425 1094/1715/1426 398/190/69
f 1009/1578/1309 1642/1714/1425 1095/189/68
f 409/1117/928 1096/951/788 1643/1716/1427
f 1096/951/788 413/953/790 1097/1717/1428
f 1097/1717/1428 415/1814/1508 1098/1718/1429
f 1643/1716/1427 1098/1718/1429 411/1719/1430
f 411/1720/1430 1098/1722/1429 1644/1721/1431
f 1098/1722/1429 415/1816/1508 1099/1723/1432
f 1099/1723/1432 416/1820/1511 1100/1724/1433
f 1644/1721/1431 1100/1724/1433 412/1593/1322
f 1100/1724/1433 1645/1727/1436 1019/1725/1434
f 1100/1724/1433 416/1820/1511 1101/1726/1435
f 1101/1726/1435 414/214/93 1102/213/92
f 1645/1727/1436 1102/213/92 410/208/87
f 425/737/598 1103/736/597 1646/1728/1437
f 1103/736/597 429/743/602 1104/1729/1438
f 1104/1729/1438 431/1825/1516 1105/1730/1439
f 1646/1728/1437 1105/1730/1439 427/1613/1341
f 1105/1730/1439 1647/1733/1442 1033/1731/1440
f 1105/1730/1439 431/1825/1516 1106/1732/1441
f 1106/1732/1441 432/1830/1521 1107/1734/1443
f 1033/1731/1440 1647/1733/1442 1107/1734/1443
f 1107/1735/1443 1648/1738/1445 1036/1736/1444
f 1107/1735/1443 432/1831/1521 1108/1737/1311
f 1108/1737/1311 430/1107/922 1109/1050/881
f 1036/1736/1444 1648/1738/1445 1109/1050/881
f 441/756/63 1110/763/615 1649/1739/1446
f 445/762/614 1111/1837/1525 1649/1739/1446
f 1649/1739/1446 1111/1837/1525 447/1740/1447
f 1040/1623/1348 1649/1739/1446 1112/1741/1448
f 1112/1741/1448 1650/1742/1449 1043/1630/1355
f 447/1740/1447 1113/1840/1528 1650/1742/1449
f 1650/1742/1449 1113/1840/1528 448/1743/1301
f 1043/1630/1355 1650/1742/1449 1114/1744/1450
f 444/1746/1451 1114/1749/1450 1651/1747/1452
f 448/1748/1301 1115/1750/1453 1651/1747/1452
f 1115/1750/1453 446/1122/933 1116/1013/846
f 1046/1637/1360 1651/1747/1452 1116/1013/846
f 1117/786/631 1652/1752/1455 1050/1640/1363
f 1117/786/631 461/793/637 1118/1751/1454
f 1118/1751/1454 463/1851/1537 1119/1753/1456
f 1652/1752/1455 1119/1753/1456 459/1754/1457
f 459/1754/1457 1119/1753/1456 1653/1755/1458
f 1119/1753/1456 463/1851/1537 1120/1756/1459
f 1120/1756/1459 464/1856/1462 1121/1757/1460
f 1053/1645/1368 1653/1755/1458 1121/1757/1460
f 1121/1759/1460 1654/1762/1463 1056/1652/1373
f 464/1761/1462 1122/1763/1464 1654/1762/1463
f 1122/1763/1464 462/1136/944 1123/1025/858
f 1056/1652/1373 1654/1762/1463 1123/1025/858
f 1124/811/652 1655/1765/1466 1060/1764/1465
f 477/810/651 1125/1861/1545 1655/1765/1466
f 1655/1765/1466 1125/1861/1545 479/1766/1467
f 1060/1764/1465 1655/1765/1466 1126/1767/1468
f 475/1655/1376 1126/1767/1468 1656/1768/1469
f 1126/1767/1468 479/1766/1467 1127/1769/1470
f 1127/1769/1470 480/1865/1549 1128/1770/1471
f 1656/1768/1469 1128/1770/1471 476/1771/1472
f 476/1772/1472 1128/1774/1471 1657/1773/1473
f 1128/1774/1471 480/1866/1549 1129/1775/1474
f 1657/1773/1473 1129/1775/1474 478/968/805
f 1066/1666/1385 1657/1773/1473 1130/1036/768
f 1131/1064/892 1658/1777/1476 1076/1680/1397
f 1131/1064/892 369/1061/890 1132/1776/1475
f 1658/1777/1476 1132/1776/1475 371/1778/1477
f 1658/1777/1476 1133/1779/1478 367/1780/1479
f 367/1781/1479 1133/1783/1478 1659/1782/1480
f 1133/1783/1478 371/3733/1477 1134/1784/1481
f 1134/1784/1481 372/3734/1555 1135/1785/1482
f 1659/1782/1480 1135/1785/1482 368/1687/1403
f 368/1687/1403 1135/1785/1482 1660/1786/1483
f 1135/1785/1482 372/3734/1555 1136/1787/1484
f 1136/1787/1484 370/146/27 1137/145/26
f 1660/1786/1483 1137/145/26 366/133/14
f 1138/1075/900 1661/1789/1486 1083/1788/1485
f 385/1005/838 1139/1790/1487 1661/1789/1486
f 1139/1790/1487 387/1885/1559 1140/1791/1488
f 1083/1788/1485 1661/1789/1486 1140/1791/1488
f 383/1697/1408 1140/1794/1488 1662/1792/1489
f 1140/1794/1488 387/1886/1559 1141/1795/1491
f 1662/1792/1489 1141/1795/1491 388/1796/1492
f 1085/1793/1490 1662/1792/1489 1142/1797/1493
f 384/1699/1412 1142/1797/1493 1663/1798/1494
f 1142/1797/1493 388/1796/1492 1143/1799/1495
f 1143/1799/1495 386/172/51 1144/171/50
f 1663/1798/1494 1144/171/50 382/166/45
f 397/1080/903 1145/1081/904 1664/1800/1496
f 401/1020/853 1146/1802/1498 1664/1800/1496
f 1146/1802/1498 403/1893/1565 1147/1803/1499
f 1664/1800/1496 1147/1803/1499 399/1705/1418
f 1147/1804/1499 1665/1807/1501 1092/1710/1421
f 1147/1804/1499 403/1895/1565 1148/1806/1500
f 1665/1807/1501 1148/1806/1500 404/1808/1502
f 1092/1710/1421 1665/1807/1501 1149/1809/1503
f 400/1712/1423 1149/1809/1503 1666/1810/1504
f 1149/1809/1503 404/1808/1502 1150/1811/1505
f 1666/1810/1504 1150/1811/1505 402/196/75
f 1666/1810/1504 1151/195/74 398/190/69
f 413/953/790 1152/1091/913 1667/1812/1506
f 1152/1091/913 418/1093/914 1026/1605/1333
f 1667/1812/1506 1026/1605/1333 420/1603/1331
f 1667/1812/1506 1153/1813/1507 415/1814/1508
f 1153/1815/1507 1668/1818/1509 1099/1723/1432
f 420/1817/1331 1024/1600/1329 1668/1818/1509
f 1668/1818/1509 1024/1600/1329 419/1598/1327
f 1668/1818/1509 1154/1819/1510 416/1820/1511
f 416/1820/1511 1154/1819/1510 1669/1821/1512
f 1154/1819/1510 419/1598/1327 1022/1596/1325
f 1022/1596/1325 417/219/98 1155/218/97
f 1669/1821/1512 1155/218/97 414/214/93
f 429/743/602 1156/742/601 1670/1822/1513
f 1156/742/601 433/3723/607 1157/1823/1514
f 1157/1823/1514 435/3735/1571 1158/1824/1515
f 1670/1822/1513 1158/1824/1515 431/1825/1516
f 431/1825/1516 1158/1824/1515 1671/1826/1517
f 1158/1824/1515 435/3735/1571 1159/1827/1518
f 1671/1826/1517 1159/1827/1518 436/1828/1519
f 1671/1826/1517 1160/1829/1520 432/1830/1521
f 432/1831/1521 1160/1834/1520 1672/1832/1522
f 436/1833/1519 1161/1835/1523 1672/1832/1522
f 1161/1835/1523 434/1109/873 1162/1110/924
f 1108/1737/1311 1672/1832/1522 1162/1110/924
f 445/762/614 1163/769/618 1673/1836/1524
f 449/768/617 1164/1838/1526 1673/1836/1524
f 1164/1838/1526 451/1841/1529 1165/1839/1527
f 1111/1837/1525 1673/1836/1524 1165/1839/1527
f 1165/1839/1527 1674/1842/1530 1113/1840/1528
f 451/1841/1529 1166/1914/1577 1674/1842/1530
f 1674/1842/1530 1166/1914/1577 452/1843/1531
f 1113/1840/1528 1674/1842/1530 1167/1844/1532
f 1167/1845/1532 1675/1847/1533 1115/1750/1453
f 452/1846/1531 1168/1917/1579 1675/1847/1533
f 1675/1847/1533 1168/1917/1579 450/1055/886
f 1115/1750/1453 1675/1847/1533 1169/1124/839
f 461/793/637 1170/792/636 1676/1848/1534
f 465/791/635 1171/1849/1535 1676/1848/1534
f 1171/1849/1535 467/1852/1538 1172/1850/1536
f 1676/1848/1534 1172/1850/1536 463/1851/1537
f 1172/1850/1536 1677/1853/1539 1120/1756/1459
f 467/1852/1538 1173/1854/1540 1677/1853/1539
f 1173/1854/1540 468/1923/1585 1174/1855/1541
f 1120/1756/1459 1677/1853/1539 1174/1855/1541
f 464/1761/1462 1174/1858/1541 1678/1857/1542
f 1174/1858/1541 468/1924/1585 1175/1859/1543
f 1678/1857/1542 1175/1859/1543 466/1067/894
f 1678/1857/1542 1176/1135/824 462/1136/944
f 477/810/651 1177/815/656 1679/1860/1544
f 482/725/590 1073/1677/1394 1679/1860/1544
f 1073/1677/1394 484/1675/1392 1178/1862/1546
f 1679/1860/1544 1178/1862/1546 479/1766/1467
f 479/1766/1467 1178/1862/1546 1680/1863/1547
f 484/1675/1392 1071/3732/3162 1680/1863/1547
f 1680/1863/1547 1071/3732/3162 483/1673/1389
f 1127/1769/1470 1680/1863/1547 1179/1864/1548
f 480/1866/1549 1179/1868/1548 1681/1867/1550
f 1179/1868/1548 483/1670/1389 1069/1668/1387
f 1069/1668/1387 481/997/830 1180/966/803
f 1681/1867/1550 1180/966/803 478/968/805
f 369/1869/890 1181/991/824 1682/1870/1551
f 374/988/821 991/1549/1284 1682/1870/1551
f 1682/1870/1551 991/1549/1284 376/1553/1288
f 1132/1871/1475 1682/1870/1551 1182/1872/1552
f 1182/1874/1552 1683/1877/1553 1134/1875/1481
f 1182/1874/1552 376/1554/1288 995/1556/1290
f 995/1556/1290 375/1560/1293 1183/1878/1554
f 1683/1877/1553 1183/1878/1554 372/1879/1555
f 1183/1878/1554 1684/1881/1556 1136/1880/1484
f 375/1560/1293 998/1561/1294 1684/1881/1556
f 1684/1881/1556 998/1561/1294 373/154/33
f 1684/1881/1556 1184/153/32 370/1882/27
f 385/1005/838 1185/1006/839 1685/1883/1557
f 1185/1006/839 390/1002/835 1001/1564/1297
f 1001/1564/1297 392/1568/1301 1186/1884/1558
f 1139/1790/1487 1685/1883/1557 1186/1884/1558
f 387/1886/1559 1186/1888/1558 1686/1887/1560
f 1186/1888/1558 392/1569/1301 1005/1571/1303
f 1686/1887/1560 1005/1571/1303 391/1576/1307
f 1686/1887/1560 1187/1889/1561 388/1796/1492
f 1187/1889/1561 1687/1890/1562 1143/1799/1495
f 391/1576/1307 1008/1577/1308 1687/1890/1562
f 1687/1890/1562 1008/1577/1308 389/178/57
f 1143/1799/1495 1687/1890/1562 1188/177/56
f 1189/1021/854 1688/1891/1563 1146/1802/1498
f 1189/1021/854 406/1017/850 1011/1580/1311
f 1688/1891/1563 1011/1580/1311 408/1584/1315
f 1688/1891/1563 1190/1892/1564 403/1893/1565
f 1190/1894/1564 1689/1896/1566 1148/1806/1500
f 408/1587/1315 1015/1586/1316 1689/1896/1566
f 1689/1896/1566 1015/1586/1316 407/1591/1320
f 1148/1806/1500 1689/1896/1566 1191/1897/1567
f 1191/1897/1567 1690/1898/1568 1150/1811/1505
f 407/1591/1320 1018/1592/1321 1690/1898/1568
f 1690/1898/1568 1018/1592/1321 405/202/81
f 1150/1811/1505 1690/1898/1568 1192/201/80
f 433/751/607 1193/750/606 1691/1899/1569
f 438/749/605 1038/1622/1347 1691/1899/1569
f 1691/1899/1569 1038/1622/1347 440/1627/1352
f 1157/1900/1514 1691/1899/1569 1194/1901/1570
f 435/1902/1571 1194/1901/1570 1692/1903/1572
f 1194/1901/1570 440/1627/1352 1042/1628/1353
f 1042/1628/1353 439/1632/1357 1195/1905/1573
f 1159/1904/1518 1692/1903/1572 1195/1905/1573
f 1195/1907/1573 1693/1910/1574 1161/1908/1523
f 439/1633/1357 1045/1635/1359 1693/1910/1574
f 1693/1910/1574 1045/1635/1359 437/1132/941
f 1693/1910/1574 1196/1040/871 434/1042/873
f 449/768/617 1197/775/50 1694/1911/1494
f 454/781/626 1048/1639/1362 1694/1911/1494
f 1694/1911/1494 1048/1639/1362 456/1642/1365
f 1164/1838/1526 1694/1911/1494 1198/1912/1575
f 451/1841/1529 1198/1912/1575 1695/1913/1576
f 456/1642/1365 1052/1644/1367 1695/1913/1576
f 1052/1644/1367 455/1647/1370 1199/1915/1578
f 1695/1913/1576 1199/1915/1578 452/1843/1531
f 1199/1916/1578 1696/1918/1580 1168/1917/1579
f 455/1648/1370 1055/1650/1372 1696/1918/1580
f 1055/1650/1372 453/958/795 1200/1058/888
f 1168/1917/1579 1696/1918/1580 1200/1058/888
f 1201/799/642 1697/1919/1581 1171/1849/1535
f 470/798/641 1058/1653/1374 1697/1919/1581
f 1697/1919/1581 1058/1653/1374 472/1657/1378
f 1171/1849/1535 1697/1919/1581 1202/1920/1582
f 1202/1920/1582 1698/1921/1583 1173/1854/1540
f 472/1657/1378 1062/1658/1379 1698/1921/1583
f 1698/1921/1583 1062/1658/1379 471/1662/1383
f 1173/1854/1540 1698/1921/1583 1203/1922/1584
f 468/1924/1585 1203/1926/1584 1699/1925/1586
f 471/1665/1383 1065/1664/1384 1699/1925/1586
f 1065/1664/1384 469/982/810 1204/1070/896
f 1175/1859/1543 1699/1925/1586 1204/1070/896
f 233/1288/1073 758/1139/947 1700/1927/1587
f 758/1139/947 230/134/15 1206/136/17
f 1206/136/17 357/140/21 990/1548/1283
f 1205/130/11 1700/1927/1587 990/1548/1283
f 1869/1928/1588 2843/1934/1594 2933/1929/1589
f 2483/1930/1590 2933/1929/1589 2837/1931/1591
f 2933/1929/1589 2713/1935/1595 1994/1933/1593
f 2843/1934/1594 1998/1947/1607 2713/1935/1595
f 1862/1936/1596 2838/1942/1602 2934/1937/1597
f 2435/1938/1598 2934/1937/1597 2841/1939/1599
f 2653/1941/1601 2049/3382/2900 2841/1939/1599
f 2838/1942/1602 1989/3379/2897 2653/1941/1601
f 2845/1943/1603 2935/1946/1606 2539/1944/1604
f 2539/1944/1604 2935/1946/1606 2843/1934/1594
f 2935/1946/1606 2769/1948/1608 1998/1947/1607
f 2845/1943/1603 2002/3581/3070 2769/1948/1608
f 2847/1949/1609 2936/1952/1612 2589/1950/1610
f 2936/1952/1612 2845/1955/1603 1873/1953/1605
f 2816/1954/1613 2002/3667/3070 2845/1955/1603
f 2847/1949/1609 2005/3343/2865 2816/1954/1613
f 2849/1956/1614 2937/1959/1617 2400/1957/1615
f 2937/1959/1617 2847/1949/1609 1878/1951/1611
f 2632/1960/1618 2005/3343/2865 2847/1949/1609
f 2010/1961/1619 2632/1960/1618 2937/1959/1617
f 2851/1962/1620 2938/1965/1623 2490/1963/1621
f 2938/1965/1623 2849/1956/1614 1881/1958/1616
f 2720/1966/1624 2010/1961/1619 2849/1956/1614
f 2014/1967/1625 2720/1966/1624 2938/1965/1623
f 2853/1968/1626 2939/1971/1629 2546/1969/1627
f 2939/1971/1629 2851/1962/1620 1885/1964/1622
f 2776/1972/1630 2014/1967/1625 2851/1962/1620
f 2018/1973/1631 2776/1972/1630 2939/1971/1629
f 1894/1974/1632 2855/1977/1635 2940/1975/1633
f 2940/1975/1633 2853/1968/1626 1889/1970/1628
f 2940/1975/1633 2820/1978/1636 2018/1973/1631
f 2855/1977/1635 2021/1982/1640 2820/1978/1636
f 1897/1979/1637 2857/1983/1641 2941/1980/1638
f 2410/1981/1639 2941/1980/1638 2855/1977/1635
f 2941/1980/1638 2642/1984/1642 2021/1982/1640
f 2857/1983/1641 2026/1988/1646 2642/1984/1642
f 1901/1985/1643 2859/1989/1647 2942/1986/1644
f 2497/1987/1645 2942/1986/1644 2857/1983/1641
f 2942/1986/1644 2727/1990/1648 2026/1988/1646
f 2859/1989/1647 2030/1994/1652 2727/1990/1648
f 1905/1991/1649 2861/1995/1653 2943/1992/1650
f 2553/1993/1651 2943/1992/1650 2859/1989/1647
f 2943/1992/1650 2783/1996/1654 2030/1994/1652
f 2861/1995/1653 2034/3681/3146 2783/1996/1654
f 2863/1997/1655 2944/2001/1659 2597/1998/1656
f 2597/1998/1656 2944/2001/1659 2861/1995/1653
f 2824/2000/1658 2034/3681/3146 2861/1995/1653
f 2037/2002/1660 2824/2000/1658 2944/2001/1659
f 2865/2003/1661 2945/2006/1664 2420/2004/1662
f 2945/2006/1664 2863/1997/1655 1910/1999/1657
f 2652/2007/1665 2037/2002/1660 2863/1997/1655
f 2042/2008/1666 2652/2007/1665 2945/2006/1664
f 2867/2009/1667 2946/2012/1670 2504/2010/1668
f 2946/2012/1670 2865/2003/1661 1913/2005/1663
f 2734/2013/1671 2042/2008/1666 2865/2003/1661
f 2046/2014/1672 2734/2013/1671 2946/2012/1670
f 2841/1939/1599 2947/2016/1674 2560/2015/1673
f 2947/2016/1674 2867/2009/1667 1917/2011/1669
f 2787/2017/1675 2046/2014/1672 2867/2009/1667
f 2841/1939/1599 2049/3382/2900 2787/2017/1675
f 1814/2018/1676 2177/2024/1682 2948/2019/1677
f 2869/2020/1678 2948/2019/1677 2437/2021/1679
f 2948/2019/1677 2870/2025/1683 1926/2023/1681
f 2177/2024/1682 1813/2455/2102 2870/2025/1683
f 2121/2026/1684 2949/2029/1687 2122/2027/1685
f 2949/2029/1687 2130/2032/1690 1717/2030/1688
f 2314/2031/1689 1732/2122/1778 2130/2032/1690
f 1716/2033/1691 2314/2031/1689 2949/2029/1687
f 2117/2034/1692 2950/2037/1695 2189/2035/1693
f 2950/2037/1695 2123/2039/1697 1718/2038/1696
f 2122/2027/1685 1717/2030/1688 2123/2039/1697
f 1701/2028/1686 2122/2027/1685 2950/2037/1695
f 2185/2040/1698 2951/2043/1701 2249/2041/1699
f 2951/2043/1701 2190/2045/1703 1719/2044/1702
f 2189/2035/1693 1718/2038/1696 2190/2045/1703
f 1702/2036/1694 2189/2035/1693 2951/2043/1701
f 2245/2046/1704 2952/2049/1707 2308/2047/1705
f 2952/2049/1707 2250/2051/1709 1720/2050/1708
f 2249/2041/1699 1719/2044/1702 2250/2051/1709
f 1703/2042/1700 2249/2041/1699 2952/2049/1707
f 1705/2052/1710 2305/2058/1715 2953/2053/1711
f 2124/2054/1712 2953/2053/1711 2309/2055/1713
f 2953/2053/1711 2308/2059/1705 1720/2057/1708
f 2305/2058/1715 1704/2735/1706 2308/2059/1705
f 1706/2060/1716 2118/2065/1721 2954/2061/1717
f 2191/2062/1718 2954/2061/1717 2125/2063/1719
f 2954/2061/1717 2124/2054/1712 1721/2056/1714
f 2118/2065/1721 1705/2052/1710 2124/2054/1712
f 1707/2066/1722 2186/2071/1727 2955/2067/1723
f 2251/2068/1724 2955/2067/1723 2192/2069/1725
f 2955/2067/1723 2191/2062/1718 1722/2064/1720
f 2186/2071/1727 1706/2060/1716 2191/2062/1718
f 1708/2072/1728 2246/2077/1733 2956/2073/1729
f 2310/2074/1730 2956/2073/1729 2252/2075/1731
f 2956/2073/1729 2251/2068/1724 1723/2070/1726
f 2246/2077/1733 1707/2066/1722 2251/2068/1724
f 1709/2078/1734 2306/2083/1739 2957/2079/1735
f 2126/2080/1736 2957/2079/1735 2311/2081/1737
f 2957/2079/1735 2310/2074/1730 1724/2076/1732
f 2306/2083/1739 1708/2072/1728 2310/2074/1730
f 1710/2084/1740 2119/2089/1745 2958/2085/1741
f 2193/2086/1742 2958/2085/1741 2127/2087/1743
f 2958/2085/1741 2126/2080/1736 1725/2082/1738
f 2119/2089/1745 1709/2078/1734 2126/2080/1736
f 1711/2090/1746 2187/2095/1751 2959/2091/1747
f 2253/2092/1748 2959/2091/1747 2194/2093/1749
f 2959/2091/1747 2193/2086/1742 1726/2088/1744
f 2187/2095/1751 1710/2084/1740 2193/2086/1742
f 1712/2096/1752 2247/2101/1757 2960/2097/1753
f 2312/2098/1754 2960/2097/1753 2254/2099/1755
f 2960/2097/1753 2253/2092/1748 1727/2094/1750
f 2247/2101/1757 1711/2090/1746 2253/2092/1748
f 2307/2102/1758 2961/2105/1761 2128/2103/1759
f 2961/2105/1761 2313/2107/1763 1729/2106/1762
f 2312/2098/1754 1728/2100/1756 2313/2107/1763
f 1712/2096/1752 2312/2098/1754 2961/2105/1761
f 2120/2108/1764 2962/2111/1767 2195/2109/1765
f 2962/2111/1767 2129/2113/1769 1730/2112/1768
f 2128/2103/1759 1729/2106/1762 2129/2113/1769
f 1713/2104/1760 2128/2103/1759 2962/2111/1767
f 2188/2114/1770 2963/2117/1773 2255/2115/1771
f 2963/2117/1773 2196/2119/1775 1731/2118/1774
f 2195/2109/1765 1730/2112/1768 2196/2119/1775
f 1714/2110/1766 2195/2109/1765 2963/2117/1773
f 2248/2120/1776 2964/2121/1777 2314/2031/1689
f 2964/2121/1777 2256/2123/1779 1732/2122/1778
f 2255/2115/1771 1731/2118/1774 2256/2123/1779
f 1715/2116/1772 2255/2115/1771 2964/2121/1777
f 2130/2032/1690 2965/2125/1781 2131/2124/1780
f 2965/2125/1781 2139/2128/1784 1733/2126/1782
f 2321/2127/1783 1748/2188/1842 2139/2128/1784
f 1732/2122/1778 2321/2127/1783 2965/2125/1781
f 2123/2039/1697 2966/2130/1786 2197/2129/1785
f 2966/2130/1786 2132/2132/1788 1734/2131/1787
f 2131/2124/1780 1733/2126/1782 2132/2132/1788
f 1717/2030/1688 2131/2124/1780 2966/2130/1786
f 2190/2045/1703 2967/2134/1790 2257/2133/1789
f 2967/2134/1790 2198/2136/1792 1735/2135/1791
f 2197/2129/1785 1734/2131/1787 2198/2136/1792
f 1718/2038/1696 2197/2129/1785 2967/2134/1790
f 2250/2051/1709 2968/2138/1794 2315/2137/1793
f 2968/2138/1794 2258/2140/1796 1736/2139/1795
f 2257/2133/1789 1735/2135/1791 2258/2140/1796
f 1719/2044/1702 2257/2133/1789 2968/2138/1794
f 1721/2056/1714 2309/2055/1713 2969/2141/1797
f 2133/2142/1798 2969/2141/1797 2316/2143/1799
f 2969/2141/1797 2315/2146/1793 1736/2145/1795
f 2309/2055/1713 1720/2057/1708 2315/2146/1793
f 1722/2064/1720 2125/2063/1719 2970/2147/1801
f 2199/2148/1802 2970/2147/1801 2134/2149/1803
f 2970/2147/1801 2133/2142/1798 1737/2144/1800
f 2125/2063/1719 1721/2056/1714 2133/2142/1798
f 1723/2070/1726 2192/2069/1725 2971/2151/1805
f 2259/2152/1806 2971/2151/1805 2200/2153/1807
f 2971/2151/1805 2199/2148/1802 1738/2150/1804
f 2192/2069/1725 1722/2064/1720 2199/2148/1802
f 1724/2076/1732 2252/2075/1731 2972/2155/1809
f 2317/2156/1810 2972/2155/1809 2260/2157/1811
f 2972/2155/1809 2259/2152/1806 1739/2154/1808
f 2252/2075/1731 1723/2070/1726 2259/2152/1806
f 1725/2082/1738 2311/2081/1737 2973/2159/1813
f 2135/2160/1814 2973/2159/1813 2318/2161/1815
f 2973/2159/1813 2317/2156/1810 1740/2158/1812
f 2311/2081/1737 1724/2076/1732 2317/2156/1810
f 1726/2088/1744 2127/2087/1743 2974/2163/1817
f 2201/2164/1818 2974/2163/1817 2136/2165/1819
f 2974/2163/1817 2135/2160/1814 1741/2162/1816
f 2127/2087/1743 1725/2082/1738 2135/2160/1814
f 1727/2094/1750 2194/2093/1749 2975/2167/1821
f 2261/2168/1822 2975/2167/1821 2202/2169/1823
f 2975/2167/1821 2201/2164/1818 1742/2166/1820
f 2194/2093/1749 1726/2088/1744 2201/2164/1818
f 1728/2100/1756 2254/2099/1755 2976/2171/1825
f 2319/2172/1826 2976/2171/1825 2262/2173/1827
f 2976/2171/1825 2261/2168/1822 1743/2170/1824
f 2254/2099/1755 1727/2094/1750 2261/2168/1822
f 2313/2107/1763 2977/2176/1830 2137/2175/1829
f 2977/2176/1830 2320/2178/1832 1745/2177/1831
f 2319/2172/1826 1744/2174/1828 2320/2178/1832
f 1728/2100/1756 2319/2172/1826 2977/2176/1830
f 2129/2113/1769 2978/2180/1834 2203/2179/1833
f 2978/2180/1834 2138/2182/1836 1746/2181/1835
f 2137/2175/1829 1745/2177/1831 2138/2182/1836
f 1729/2106/1762 2137/2175/1829 2978/2180/1834
f 2196/2119/1775 2979/2184/1838 2263/2183/1837
f 2979/2184/1838 2204/2186/1840 1747/2185/1839
f 2203/2179/1833 1746/2181/1835 2204/2186/1840
f 1730/2112/1768 2203/2179/1833 2979/2184/1838
f 2256/2123/1779 2980/2187/1841 2321/2127/1783
f 2980/2187/1841 2264/2189/1843 1748/2188/1842
f 2263/2183/1837 1747/2185/1839 2264/2189/1843
f 1731/2118/1774 2263/2183/1837 2980/2187/1841
f 2139/2128/1784 2981/2193/1847 2140/2190/1844
f 2140/2190/1844 2981/2193/1847 2148/2191/1845
f 2981/2193/1847 2328/2252/1905 1764/2194/1848
f 1748/2188/1842 2328/2252/1905 2981/2193/1847
f 2132/2132/1788 2982/2198/1852 2205/2195/1849
f 2205/2195/1849 2982/2198/1852 2141/2196/1850
f 2982/2198/1852 2140/2190/1844 1749/2192/1846
f 1733/2126/1782 2140/2190/1844 2982/2198/1852
f 2198/2136/1792 2983/2202/1856 2265/2199/1853
f 2265/2199/1853 2983/2202/1856 2206/2200/1854
f 2983/2202/1856 2205/2195/1849 1750/2197/1851
f 1734/2131/1787 2205/2195/1849 2983/2202/1856
f 2258/2140/1796 2984/2206/1860 2322/2203/1857
f 2322/2203/1857 2984/2206/1860 2266/2204/1858
f 2984/2206/1860 2265/2199/1853 1751/2201/1855
f 1735/2135/1791 2265/2199/1853 2984/2206/1860
f 1737/2144/1800 2316/2143/1799 2985/2207/1861
f 2985/2207/1861 2323/2211/1864 1753/2209/1863
f 2322/2210/1857 1752/2277/1859 2323/2211/1864
f 2316/2143/1799 1736/2145/1795 2322/2210/1857
f 1738/2150/1804 2134/2149/1803 2986/2212/1865
f 2986/2212/1865 2143/2215/1868 1754/2214/1867
f 2142/2208/1862 1753/2209/1863 2143/2215/1868
f 2134/2149/1803 1737/2144/1800 2142/2208/1862
f 1739/2154/1808 2200/2153/1807 2987/2216/1869
f 2987/2216/1869 2208/2219/1872 1755/2218/1871
f 2207/2213/1866 1754/2214/1867 2208/2219/1872
f 2200/2153/1807 1738/2150/1804 2207/2213/1866
f 1740/2158/1812 2260/2157/1811 2988/2220/1873
f 2988/2220/1873 2268/2223/1876 1756/2222/1875
f 2267/2217/1870 1755/2218/1871 2268/2223/1876
f 2260/2157/1811 1739/2154/1808 2267/2217/1870
f 1741/2162/1816 2318/2161/1815 2989/2224/1877
f 2989/2224/1877 2325/2227/1880 1757/2226/1879
f 2324/2221/1874 1756/2222/1875 2325/2227/1880
f 2318/2161/1815 1740/2158/1812 2324/2221/1874
f 1742/2166/1820 2136/2165/1819 2990/2228/1881
f 2990/2228/1881 2145/2231/1884 1758/2230/1883
f 2144/2225/1878 1757/2226/1879 2145/2231/1884
f 2136/2165/1819 1741/2162/1816 2144/2225/1878
f 1743/2170/1824 2202/2169/1823 2991/2232/1885
f 2991/2232/1885 2210/2235/1888 1759/2234/1887
f 2209/2229/1882 1758/2230/1883 2210/2235/1888
f 2202/2169/1823 1742/2166/1820 2209/2229/1882
f 1744/2174/1828 2262/2173/1827 2992/2236/1889
f 2992/2236/1889 2270/2239/1892 1760/2238/1891
f 2269/2233/1886 1759/2234/1887 2270/2239/1892
f 2262/2173/1827 1743/2170/1824 2269/2233/1886
f 2320/2178/1832 2993/2243/1896 2146/2240/1893
f 2146/2240/1893 2993/2243/1896 2327/2241/1894
f 2993/2243/1896 2326/2237/1890 1760/2238/1891
f 1744/2174/1828 2326/2237/1890 2993/2243/1896
f 2138/2182/1836 2994/2247/1900 2211/2244/1897
f 2211/2244/1897 2994/2247/1900 2147/2245/1898
f 2994/2247/1900 2146/2240/1893 1761/2242/1895
f 1745/2177/1831 2146/2240/1893 2994/2247/1900
f 2204/2186/1840 2995/2251/1904 2271/2248/1901
f 2271/2248/1901 2995/2251/1904 2212/2249/1902
f 2995/2251/1904 2211/2244/1897 1762/2246/1899
f 1746/2181/1835 2211/2244/1897 2995/2251/1904
f 2264/2189/1843 2996/2254/1907 2328/2252/1905
f 2328/2252/1905 2996/2254/1907 2272/2253/1906
f 2996/2254/1907 2271/2248/1901 1763/2250/1903
f 1747/2185/1839 2271/2248/1901 2996/2254/1907
f 1749/2192/1846 2148/2191/1845 2997/2255/1908
f 2997/2255/1908 2157/2259/1912 1765/2257/1910
f 2335/2258/1911 1780/2319/1970 2157/2259/1912
f 2148/2191/1845 1764/2194/1848 2335/2258/1911
f 1750/2197/1851 2141/2196/1850 2998/2260/1913
f 2998/2260/1913 2150/2263/1916 1766/2262/1915
f 2149/2256/1909 1765/2257/1910 2150/2263/1916
f 2141/2196/1850 1749/2192/1846 2149/2256/1909
f 1751/2201/1855 2206/2200/1854 2999/2264/1917
f 2999/2264/1917 2214/2267/1920 1767/2266/1919
f 2213/2261/1914 1766/2262/1915 2214/2267/1920
f 2206/2200/1854 1750/2197/1851 2213/2261/1914
f 1752/2205/1859 2266/2204/1858 3000/2268/1921
f 3000/2268/1921 2274/2271/1924 1768/2270/1923
f 2273/2265/1918 1767/2266/1919 2274/2271/1924
f 2266/2204/1858 1751/2201/1855 2273/2265/1918
f 2323/2211/1864 3001/2275/1928 2151/2272/1925
f 2151/2272/1925 3001/2275/1928 2330/2273/1926
f 3001/2275/1928 2329/3736/1922 1768/2276/1923
f 1752/2277/1859 2329/3736/1922 3001/2275/1928
f 2143/2215/1868 3002/2281/1932 2215/2278/1929
f 2215/2278/1929 3002/2281/1932 2152/2279/1930
f 3002/2281/1932 2151/2272/1925 1769/2274/1927
f 1753/2209/1863 2151/2272/1925 3002/2281/1932
f 2208/2219/1872 3003/2285/1936 2275/2282/1933
f 2275/2282/1933 3003/2285/1936 2216/2283/1934
f 3003/2285/1936 2215/2278/1929 1770/2280/1931
f 1754/2214/1867 2215/2278/1929 3003/2285/1936
f 2268/2223/1876 3004/2289/1940 2331/2286/1937
f 2331/2286/1937 3004/2289/1940 2276/2287/1938
f 3004/2289/1940 2275/2282/1933 1771/2284/1935
f 1755/2218/1871 2275/2282/1933 3004/2289/1940
f 2325/2227/1880 3005/2293/1944 2153/2290/1941
f 2153/2290/1941 3005/2293/1944 2332/2291/1942
f 3005/2293/1944 2331/2286/1937 1772/2288/1939
f 1756/2222/1875 2331/2286/1937 3005/2293/1944
f 2145/2231/1884 3006/2297/1948 2217/2294/1945
f 2217/2294/1945 3006/2297/1948 2154/2295/1946
f 3006/2297/1948 2153/2290/1941 1773/2292/1943
f 1757/2226/1879 2153/2290/1941 3006/2297/1948
f 2210/2235/1888 3007/2301/1952 2277/2298/1949
f 2277/2298/1949 3007/2301/1952 2218/2299/1950
f 3007/2301/1952 2217/2294/1945 1774/2296/1947
f 1758/2230/1883 2217/2294/1945 3007/2301/1952
f 2270/2239/1892 3008/2305/1956 2333/2302/1953
f 2333/2302/1953 3008/2305/1956 2278/2303/1954
f 3008/2305/1956 2277/2298/1949 1775/2300/1951
f 1759/2234/1887 2277/2298/1949 3008/2305/1956
f 1761/2242/1895 2327/2241/1894 3009/2306/1957
f 3009/2306/1957 2334/2309/1960 1777/2308/1959
f 2333/2302/1953 1776/2304/1955 2334/2309/1960
f 2327/2241/1894 1760/2238/1891 2333/2302/1953
f 1762/2246/1899 2147/2245/1898 3010/2310/1961
f 3010/2310/1961 2156/2313/1964 1778/2312/1963
f 2155/2307/1958 1777/2308/1959 2156/2313/1964
f 2147/2245/1898 1761/2242/1895 2155/2307/1958
f 1763/2250/1903 2212/2249/1902 3011/2314/1965
f 3011/2314/1965 2220/2317/1968 1779/2316/1967
f 2219/2311/1962 1778/2312/1963 2220/2317/1968
f 2212/2249/1902 1762/2246/1899 2219/2311/1962
f 1764/2194/1848 2272/2253/1906 3012/2318/1969
f 3012/2318/1969 2280/2320/1971 1780/2319/1970
f 2279/2315/1966 1779/2316/1967 2280/2320/1971
f 2272/2253/1906 1763/2250/1903 2279/2315/1966
f 2157/2259/1912 3013/2324/1975 2158/2321/1972
f 2158/2321/1972 3013/2324/1975 2166/2322/1973
f 3013/2324/1975 2342/2383/2032 1796/2325/1976
f 1780/2319/1970 2342/2383/2032 3013/2324/1975
f 2150/2263/1916 3014/2329/1980 2221/2326/1977
f 2221/2326/1977 3014/2329/1980 2159/2327/1978
f 3014/2329/1980 2158/2321/1972 1781/2323/1974
f 1765/2257/1910 2158/2321/1972 3014/2329/1980
f 2214/2267/1920 3015/2333/1984 2281/2330/1981
f 2281/2330/1981 3015/2333/1984 2222/2331/1982
f 3015/2333/1984 2221/2326/1977 1782/2328/1979
f 1766/2262/1915 2221/2326/1977 3015/2333/1984
f 2274/2271/1924 3016/2337/1988 2336/2334/1985
f 2336/2334/1985 3016/2337/1988 2282/2335/1986
f 3016/2337/1988 2281/2330/1981 1783/2332/1983
f 1767/2266/1919 2281/2330/1981 3016/2337/1988
f 1769/2274/1927 2330/2273/1926 3017/2338/1989
f 3017/2338/1989 2337/2342/1992 1785/2340/1991
f 2336/2341/1985 1784/2409/1987 2337/2342/1992
f 2330/2273/1926 1768/2276/1923 2336/2341/1985
f 1770/2280/1931 2152/2279/1930 3018/2343/1993
f 3018/2343/1993 2161/2346/1996 1786/2345/1995
f 2160/2339/1990 1785/2340/1991 2161/2346/1996
f 2152/2279/1930 1769/2274/1927 2160/2339/1990
f 1771/2284/1935 2216/2283/1934 3019/2347/1997
f 3019/2347/1997 2224/2350/2000 1787/2349/1999
f 2223/2344/1994 1786/2345/1995 2224/2350/2000
f 2216/2283/1934 1770/2280/1931 2223/2344/1994
f 1772/2288/1939 2276/2287/1938 3020/2351/2001
f 3020/2351/2001 2284/2354/2003 1788/2353/2002
f 2283/2348/1998 1787/2349/1999 2284/2354/2003
f 2276/2287/1938 1771/2284/1935 2283/2348/1998
f 1773/2292/1943 2332/2291/1942 3021/2355/2004
f 3021/2355/2004 2339/2358/2007 1789/2357/2006
f 2338/2352/1874 1788/2353/2002 2339/2358/2007
f 2332/2291/1942 1772/2288/1939 2338/2352/1874
f 1774/2296/1947 2154/2295/1946 3022/2359/2008
f 3022/2359/2008 2163/2362/2011 1790/2361/2010
f 2162/2356/2005 1789/2357/2006 2163/2362/2011
f 2154/2295/1946 1773/2292/1943 2162/2356/2005
f 1775/2300/1951 2218/2299/1950 3023/2363/2012
f 3023/2363/2012 2226/2366/2015 1791/2365/2014
f 2225/2360/2009 1790/2361/2010 2226/2366/2015
f 2218/2299/1950 1774/2296/1947 2225/2360/2009
f 1776/2304/1955 2278/2303/1954 3024/2367/2016
f 3024/2367/2016 2286/2370/2019 1792/2369/2018
f 2285/2364/2013 1791/2365/2014 2286/2370/2019
f 2278/2303/1954 1775/2300/1951 2285/2364/2013
f 2334/2309/1960 3025/2374/2023 2164/2371/2020
f 2164/2371/2020 3025/2374/2023 2341/2372/2021
f 3025/2374/2023 2340/2368/2017 1792/2369/2018
f 1776/2304/1955 2340/2368/2017 3025/2374/2023
f 2156/2313/1964 3026/2378/2027 2227/2375/2024
f 2227/2375/2024 3026/2378/2027 2165/2376/2025
f 3026/2378/2027 2164/2371/2020 1793/2373/2022
f 1777/2308/1959 2164/2371/2020 3026/2378/2027
f 2220/2317/1968 3027/2382/2031 2287/2379/2028
f 2287/2379/2028 3027/2382/2031 2228/2380/2029
f 3027/2382/2031 2227/2375/2024 1794/2377/2026
f 1778/2312/1963 2227/2375/2024 3027/2382/2031
f 2280/2320/1971 3028/2385/2034 2342/2383/2032
f 2342/2383/2032 3028/2385/2034 2288/2384/2033
f 3028/2385/2034 2287/2379/2028 1795/2381/2030
f 1779/2316/1967 2287/2379/2028 3028/2385/2034
f 1781/2323/1974 2166/2322/1973 3029/2386/2035
f 2167/2387/2036 3029/2386/2035 2175/2388/2037
f 3029/2386/2035 2349/2391/2040 1812/2390/2039
f 2166/2322/1973 1796/2325/1976 2349/2391/2040
f 1782/2328/1979 2159/2327/1978 3030/2392/2041
f 2229/2393/2042 3030/2392/2041 2168/2394/2043
f 3030/2392/2041 2167/2387/2036 1797/2389/2038
f 2159/2327/1978 1781/2323/1974 2167/2387/2036
f 1783/2332/1983 2222/2331/1982 3031/2396/2045
f 2289/2397/2046 3031/2396/2045 2230/2398/2047
f 3031/2396/2045 2229/2393/2042 1798/2395/2044
f 2222/2331/1982 1782/2328/1979 2229/2393/2042
f 1784/2336/1987 2282/2335/1986 3032/2400/2049
f 2343/2401/2050 3032/2400/2049 2290/2402/2051
f 3032/2400/2049 2289/2397/2046 1799/2399/2048
f 2282/2335/1986 1783/2332/1983 2289/2397/2046
f 2337/2342/1992 3033/2405/2054 2169/2404/2053
f 3033/2405/2054 2344/2408/2056 1801/2406/2055
f 2343/2407/2050 1800/2473/2052 2344/2408/2056
f 1784/2409/1987 2343/2407/2050 3033/2405/2054
f 2161/2346/1996 3034/2411/2058 2231/2410/2057
f 3034/2411/2058 2170/2413/2060 1802/2412/2059
f 2169/2404/2053 1801/2406/2055 2170/2413/2060
f 1785/2340/1991 2169/2404/2053 3034/2411/2058
f 2224/2350/2000 3035/2415/2062 2291/2414/2061
f 3035/2415/2062 2232/2417/2064 1803/2416/2063
f 2231/2410/2057 1802/2412/2059 2232/2417/2064
f 1786/2345/1995 2231/2410/2057 3035/2415/2062
f 2284/2354/2003 3036/2419/2066 2345/2418/2065
f 3036/2419/2066 2292/2421/2068 1804/2420/2067
f 2291/2414/2061 1803/2416/2063 2292/2421/2068
f 1787/2349/1999 2291/2414/2061 3036/2419/2066
f 2339/2358/2007 3037/2423/2070 2171/2422/2069
f 3037/2423/2070 2346/2425/2072 1805/2424/2071
f 2345/2418/2065 1804/2420/2067 2346/2425/2072
f 1788/2353/2002 2345/2418/2065 3037/2423/2070
f 2163/2362/2011 3038/2427/2074 2233/2426/2073
f 3038/2427/2074 2172/2429/2076 1806/2428/2075
f 2171/2422/2069 1805/2424/2071 2172/2429/2076
f 1789/2357/2006 2171/2422/2069 3038/2427/2074
f 2226/2366/2015 3039/2431/2078 2293/2430/2077
f 3039/2431/2078 2234/2433/2080 1807/2432/2079
f 2233/2426/2073 1806/2428/2075 2234/2433/2080
f 1790/2361/2010 2233/2426/2073 3039/2431/2078
f 2286/2370/2019 3040/2435/2082 2347/2434/2081
f 3040/2435/2082 2294/2437/2084 1808/2436/2083
f 2293/2430/2077 1807/2432/2079 2294/2437/2084
f 1791/2365/2014 2293/2430/2077 3040/2435/2082
f 1793/2373/2022 2341/2372/2021 3041/2438/2085
f 2173/2439/2086 3041/2438/2085 2348/2440/2087
f 3041/2438/2085 2347/2434/2081 1808/2436/2083
f 2341/2372/2021 1792/2369/2018 2347/2434/2081
f 1794/2377/2026 2165/2376/2025 3042/2442/2089
f 2235/2443/2090 3042/2442/2089 2174/2444/2091
f 3042/2442/2089 2173/2439/2086 1809/2441/2088
f 2165/2376/2025 1793/2373/2022 2173/2439/2086
f 1795/2381/2030 2228/2380/2029 3043/2446/2093
f 2295/2447/2094 3043/2446/2093 2236/2448/2095
f 3043/2446/2093 2235/2443/2090 1810/2445/2092
f 2228/2380/2029 1794/2377/2026 2235/2443/2090
f 1796/2325/1976 2288/2384/2033 3044/2450/2097
f 2349/2391/2040 3044/2450/2097 2296/2451/2098
f 3044/2450/2097 2295/2447/2094 1811/2449/2096
f 2288/2384/2033 1795/2381/2030 2295/2447/2094
f 1797/2389/2038 2175/2388/2037 3045/2452/2099
f 2176/2453/2100 3045/2452/2099 2184/2454/2101
f 3045/2452/2099 2356/2457/2104 1828/2456/2103
f 2175/2388/2037 1812/2390/2039 2356/2457/2104
f 1798/2395/2044 2168/2394/2043 3046/2458/2105
f 2237/2459/2106 3046/2458/2105 2177/2024/1682
f 3046/2458/2105 2176/2453/2100 1813/2455/2102
f 2168/2394/2043 1797/2389/2038 2176/2453/2100
f 1799/2399/2048 2230/2398/2047 3047/2460/2107
f 2297/2461/2108 3047/2460/2107 2238/2462/2109
f 3047/2460/2107 2237/2459/2106 1814/2018/1676
f 2230/2398/2047 1798/2395/2044 2237/2459/2106
f 1800/2403/2052 2290/2402/2051 3048/2464/2111
f 2350/2465/2112 3048/2464/2111 2298/2466/2113
f 3048/2464/2111 2297/2461/2108 1815/2463/2110
f 2290/2402/2051 1799/2399/2048 2297/2461/2108
f 2344/2408/2056 3049/2469/2116 2178/2468/2115
f 3049/2469/2116 2351/2472/2118 1817/2470/2117
f 2350/2471/2112 1816/2672/2114 2351/2472/2118
f 1800/2473/2052 2350/2471/2112 3049/2469/2116
f 2170/2413/2060 3050/2475/2120 2239/2474/2119
f 3050/2475/2120 2179/2477/2122 1818/2476/2121
f 2178/2468/2115 1817/2470/2117 2179/2477/2122
f 1801/2406/2055 2178/2468/2115 3050/2475/2120
f 2232/2417/2064 3051/2479/2124 2299/2478/2123
f 3051/2479/2124 2240/2481/2126 1819/2480/2125
f 2239/2474/2119 1818/2476/2121 2240/2481/2126
f 1802/2412/2059 2239/2474/2119 3051/2479/2124
f 2292/2421/2068 3052/2483/2128 2352/2482/2127
f 3052/2483/2128 2300/2485/2130 1820/2484/2129
f 2299/2478/2123 1819/2480/2125 2300/2485/2130
f 1803/2416/2063 2299/2478/2123 3052/2483/2128
f 2346/2425/2072 3053/2487/2132 2180/2486/2131
f 3053/2487/2132 2353/2489/2134 1821/2488/2133
f 2352/2482/2127 1820/2484/2129 2353/2489/2134
f 1804/2420/2067 2352/2482/2127 3053/2487/2132
f 2172/2429/2076 3054/2491/2136 2241/2490/2135
f 3054/2491/2136 2181/2493/2138 1822/2492/2137
f 2180/2486/2131 1821/2488/2133 2181/2493/2138
f 1805/2424/2071 2180/2486/2131 3054/2491/2136
f 2234/2433/2080 3055/2495/2140 2301/2494/2139
f 3055/2495/2140 2242/2497/2142 1823/2496/2141
f 2241/2490/2135 1822/2492/2137 2242/2497/2142
f 1806/2428/2075 2241/2490/2135 3055/2495/2140
f 2294/2437/2084 3056/2499/2144 2354/2498/2143
f 3056/2499/2144 2302/2501/2146 1824/2500/2145
f 2301/2494/2139 1823/2496/2141 2302/2501/2146
f 1807/2432/2079 2301/2494/2139 3056/2499/2144
f 1809/2441/2088 2348/2440/2087 3057/2502/2147
f 2182/2503/2148 3057/2502/2147 2355/2504/2149
f 3057/2502/2147 2354/2498/2143 1824/2500/2145
f 2348/2440/2087 1808/2436/2083 2354/2498/2143
f 1810/2445/2092 2174/2444/2091 3058/2506/2151
f 2243/2507/2152 3058/2506/2151 2183/2508/2153
f 3058/2506/2151 2182/2503/2148 1825/2505/2150
f 2174/2444/2091 1809/2441/2088 2182/2503/2148
f 1811/2449/2096 2236/2448/2095 3059/2510/2155
f 2303/2511/2156 3059/2510/2155 2244/2512/2157
f 3059/2510/2155 2243/2507/2152 1826/2509/2154
f 2236/2448/2095 1810/2445/2092 2243/2507/2152
f 1812/2390/2039 2296/2451/2098 3060/2514/2159
f 2356/2457/2104 3060/2514/2159 2304/2515/2160
f 3060/2514/2159 2303/2511/2156 1827/2513/2158
f 2296/2451/2098 1811/2449/2096 2303/2511/2156
f 2874/2516/2161 3061/2519/2163 2476/2517/2162
f 3061/2519/2163 2871/2522/1667 1925/2520/2164
f 2706/2521/2165 2054/2528/2169 2871/2522/1667
f 2874/2516/2161 2114/3473/2979 2706/2521/2165
f 2871/2522/1667 3062/2524/1670 2445/2523/2166
f 3062/2524/1670 2872/2527/1661 1930/2525/2167
f 2661/2526/2168 2057/2534/2175 2872/2527/1661
f 2054/2528/2169 2661/2526/2168 3062/2524/1670
f 2872/2527/1661 3063/2530/2171 2517/2529/2170
f 3063/2530/2171 2876/2533/2174 1934/2531/2172
f 2735/2532/2173 2061/2540/2180 2876/2533/2174
f 2057/2534/2175 2735/2532/2173 3063/2530/2171
f 2876/2533/2174 3064/2539/1659 2570/2535/2176
f 2570/2535/2176 3064/2539/1659 2878/2536/2177
f 2788/2538/2179 2065/3613/2185 2878/2536/2177
f 2061/2540/2180 2788/2538/2179 3064/2539/1659
f 1938/2541/2178 2878/2548/2177 3065/2542/2181
f 2604/2543/1651 3065/2542/2181 2880/2544/2182
f 2825/2546/2184 2070/3409/2924 2880/2544/2182
f 2065/2547/2185 2825/2546/2184 3065/2542/2181
f 1941/2545/2183 2880/2544/2182 3066/2549/2186
f 2455/2550/1645 3066/2549/2186 2882/2551/1641
f 3066/2549/2186 2671/2554/2189 2073/2553/2188
f 2880/2544/2182 2070/3409/2924 2671/2554/2189
f 1946/2552/2187 2882/2551/1641 3067/2555/1638
f 2524/2556/2190 3067/2555/1638 2884/2557/2191
f 3067/2555/1638 2742/2560/2194 2077/2559/2193
f 2882/2551/1641 2073/2553/2188 2742/2560/2194
f 1950/2558/2192 2884/2557/2191 3068/2561/2195
f 2577/2562/2196 3068/2561/2195 2886/2563/2197
f 3068/2561/2195 2795/2566/2200 2081/2565/2199
f 2884/2557/2191 2077/2559/2193 2795/2566/2200
f 2886/2563/2197 3069/2568/2202 2608/2567/2201
f 3069/2568/2202 2888/2571/2205 1957/2569/2203
f 2829/2570/2204 2086/2577/2209 2888/2571/2205
f 2081/2565/2199 2829/2570/2204 3069/2568/2202
f 1957/2569/2203 2888/2571/2205 3070/2572/1623
f 3070/2572/1623 2890/2576/2208 1962/2574/2207
f 2681/2575/1624 2089/2583/1619 2890/2576/2208
f 2086/2577/2209 2681/2575/1624 3070/2572/1623
f 2890/2576/2208 3071/2579/2211 2531/2578/2210
f 3071/2579/2211 2892/2582/2214 1966/2580/2212
f 2749/2581/2213 2093/2589/2219 2892/2582/2214
f 2089/2583/1619 2749/2581/2213 3071/2579/2211
f 2892/2582/2214 3072/2585/2216 2584/2584/2215
f 3072/2585/2216 2894/2588/2218 1970/2586/1605
f 2802/2587/2217 2097/3639/3117 2894/2588/2218
f 2093/2589/2219 2802/2587/2217 3072/2585/2216
f 2894/2588/2218 3073/2593/2222 2612/2590/2220
f 2612/2590/2220 3073/2593/2222 2896/2591/1594
f 3073/2593/2222 2833/2595/1608 2102/2594/2223
f 2894/2588/2218 2097/3639/3117 2833/2595/1608
f 1973/2592/2221 2896/2591/1594 3074/2596/2224
f 2475/2597/1590 3074/2596/2224 2898/2598/1591
f 3074/2596/2224 2691/2601/2227 2105/2600/2226
f 2896/2591/1594 2102/2594/2223 2691/2601/2227
f 1978/2599/2225 2898/2598/1591 3075/2602/2228
f 2538/2603/2229 3075/2602/2228 2900/2604/1602
f 3075/2602/2228 2756/2607/2232 2109/2606/2231
f 2898/2598/1591 2105/2600/2226 2756/2607/2232
f 1982/2605/2230 2900/2604/1602 3076/2608/2233
f 2588/2609/2234 3076/2608/2233 2874/2516/2161
f 2809/2610/1601 2114/3473/2979 2874/2516/2161
f 2900/2604/1602 2109/2606/2231 2809/2610/1601
f 2600/2611/2235 3077/2614/2238 2864/2612/2236
f 3077/2614/2238 2307/2102/1758 1713/2104/1760
f 2862/2615/2239 1712/2096/1752 2307/2102/1758
f 1906/2616/2240 2862/2615/2239 3077/2614/2238
f 2240/2481/2126 3078/2618/2242 2883/2617/2241
f 3078/2618/2242 2518/2621/2245 1949/2619/2243
f 2881/2620/2244 1945/2665/2289 2518/2621/2245
f 1818/2476/2121 2881/2620/2244 3078/2618/2242
f 2398/2622/2246 3079/2625/2249 2839/2623/2247
f 3079/2625/2249 2117/2034/1692 1702/2036/1694
f 2840/2626/2250 1701/2028/1686 2117/2034/1692
f 1861/2627/2251 2840/2626/2250 3079/2625/2249
f 1828/2456/2103 2304/2515/2160 3080/2628/2252
f 2873/2629/2253 3080/2628/2252 2585/2630/2254
f 3080/2628/2252 2899/2633/2257 1981/2632/2256
f 2304/2515/2160 1827/2513/2158 2899/2633/2257
f 1882/2634/2258 2408/2637/2261 3081/2635/2259
f 2850/2636/2260 3081/2635/2259 2118/2065/1721
f 3081/2635/2259 2848/2638/2262 1705/2052/1710
f 2408/2637/2261 1877/2733/2354 2848/2638/2262
f 2545/2639/2263 3082/2642/2266 2846/2640/2264
f 3082/2642/2266 2245/2046/1704 1704/2048/1706
f 2844/2643/2267 1703/2042/1700 2245/2046/1704
f 1870/2644/2268 2844/2643/2267 3082/2642/2266
f 2242/2497/2142 3083/2646/2270 2891/2645/2269
f 3083/2646/2270 2525/2649/2273 1965/2647/2271
f 2889/2648/2272 1961/2693/2315 2525/2649/2273
f 1822/2492/2137 2889/2648/2272 3083/2646/2270
f 1898/2650/2274 2418/2653/2277 3084/2651/2275
f 2858/2652/2276 3084/2651/2275 2119/2089/1745
f 3084/2651/2275 2856/2654/2278 1709/2078/1734
f 2418/2653/2277 1893/2740/2359 2856/2654/2278
f 1890/2655/2279 2552/2658/2282 3085/2656/2280
f 2854/2657/2281 3085/2656/2280 2246/2077/1733
f 3085/2656/2280 2852/2659/2283 1707/2066/1722
f 2552/2658/2282 1886/2702/2324 2852/2659/2283
f 2428/2660/2284 3086/2663/2287 2866/2661/2285
f 3086/2663/2287 2120/2108/1764 1714/2110/1766
f 2864/2612/2236 1713/2104/1760 2120/2108/1764
f 1909/2613/2237 2864/2612/2236 3086/2663/2287
f 2179/2477/2122 3087/2664/2288 2881/2620/2244
f 3087/2664/2288 2447/2667/2291 1945/2665/2289
f 2879/2666/2290 1942/2669/2293 2447/2667/2291
f 1817/2470/2117 2879/2666/2290 3087/2664/2288
f 2351/2472/2118 3088/2668/2292 2879/2666/2290
f 3088/2668/2292 2601/2671/2295 1942/2669/2293
f 2877/2670/2294 1937/3282/2337 2601/2671/2295
f 1816/2672/2114 2877/2670/2294 3088/2668/2292
f 1906/2616/2240 2559/2674/2297 3089/2673/2296
f 2862/2615/2239 3089/2673/2296 2247/2101/1757
f 3089/2673/2296 2860/2675/2298 1711/2090/1746
f 2559/2674/2297 1902/2717/2338 2860/2675/2298
f 1827/2513/2158 2244/2512/2157 3090/2676/2299
f 2899/2633/2257 3090/2676/2299 2532/2677/2300
f 3090/2676/2299 2897/2679/2302 1977/2678/2301
f 2244/2512/2157 1826/2509/2154 2897/2679/2302
f 2429/2680/2303 3091/2681/2304 2840/2626/2250
f 3091/2681/2304 2121/2026/1684 1701/2028/1686
f 2842/2682/2305 1716/2033/1691 2121/2026/1684
f 1921/2683/2255 2842/2682/2305 3091/2681/2304
f 2563/2684/2306 3092/2685/2307 2842/2682/2305
f 3092/2685/2307 2248/2120/1776 1716/2033/1691
f 2868/2686/2308 1715/2116/1772 2248/2120/1776
f 1918/2687/2309 2868/2686/2308 3092/2685/2307
f 1815/2463/2110 2238/2462/2109 3093/2688/2310
f 2875/2689/2311 3093/2688/2310 2511/2690/2312
f 3093/2688/2310 2869/2020/1678 1929/2022/1680
f 2238/2462/2109 1814/2018/1676 2869/2020/1678
f 2181/2493/2138 3094/2692/2314 2889/2648/2272
f 3094/2692/2314 2457/2695/2317 1961/2693/2315
f 2887/2694/2316 1958/2697/2319 2457/2695/2317
f 1821/2488/2133 2887/2694/2316 3094/2692/2314
f 2353/2489/2134 3095/2696/2318 2887/2694/2316
f 3095/2696/2318 2605/2699/2321 1958/2697/2319
f 2885/2698/2320 1953/2731/2352 2605/2699/2321
f 1820/2484/2129 2885/2698/2320 3095/2696/2318
f 2489/2700/2322 3096/2701/2323 2844/2643/2267
f 3096/2701/2323 2185/2040/1698 1703/2042/1700
f 2839/2623/2247 1702/2036/1694 2185/2040/1698
f 1866/2624/2248 2839/2623/2247 3096/2701/2323
f 1886/2702/2324 2496/2704/2326 3097/2703/2325
f 2852/2659/2283 3097/2703/2325 2186/2071/1727
f 3097/2703/2325 2850/2636/2260 1706/2060/1716
f 2496/2704/2326 1882/2634/2258 2850/2636/2260
f 1826/2509/2154 2183/2508/2153 3098/2705/2327
f 2897/2679/2302 3098/2705/2327 2467/2706/2328
f 3098/2705/2327 2895/2708/2330 1974/2707/2329
f 2183/2508/2153 1825/2505/2150 2895/2708/2330
f 1825/2505/2150 2355/2504/2149 3099/2709/2331
f 2895/2708/2330 3099/2709/2331 2609/2710/2332
f 3099/2709/2331 2893/2712/2334 1969/2711/2333
f 2355/2504/2149 1824/2500/2145 2893/2712/2334
f 1816/2467/2114 2298/2466/2113 3100/2713/2335
f 2877/2714/2294 3100/2713/2335 2564/2715/2336
f 3100/2713/2335 2875/2689/2311 1933/2691/2313
f 2298/2466/2113 1815/2463/2110 2875/2689/2311
f 1902/2717/2338 2503/2719/2340 3101/2718/2339
f 2860/2675/2298 3101/2718/2339 2187/2095/1751
f 3101/2718/2339 2858/2652/2276 1710/2084/1740
f 2503/2719/2340 1898/2650/2274 2858/2652/2276
f 2510/2720/2341 3102/2721/2342 2868/2686/2308
f 3102/2721/2342 2188/2114/1770 1715/2116/1772
f 2866/2661/2285 1714/2110/1766 2188/2114/1770
f 1914/2662/2286 2866/2661/2285 3102/2721/2342
f 1993/2722/2343 2901/2729/2350 3103/2723/2344
f 3103/2723/2344 2902/2727/2348 1990/2725/2346
f 2357/2726/2347 1829/2885/2385 2902/2727/2348
f 1830/2728/2349 2357/2726/2347 3103/2723/2344
f 2300/2485/2130 3104/2730/2351 2885/2698/2320
f 3104/2730/2351 2571/2732/2353 1953/2731/2352
f 2883/2617/2241 1949/2619/2243 2571/2732/2353
f 1819/2480/2125 2883/2617/2241 3104/2730/2351
f 1877/2733/2354 2592/2736/2356 3105/2734/2355
f 2848/2638/2262 3105/2734/2355 2305/2058/1715
f 3105/2734/2355 2846/2737/2264 1704/2735/1706
f 2592/2736/2356 1874/3269/2265 2846/2737/2264
f 1813/2455/2102 2184/2454/2101 3106/2738/2357
f 2870/2025/1683 3106/2738/2357 2482/2739/2358
f 3106/2738/2357 2873/2629/2253 1986/2631/2255
f 2184/2454/2101 1828/2456/2103 2873/2629/2253
f 1893/2740/2359 2596/2742/2361 3107/2741/2360
f 2856/2654/2278 3107/2741/2360 2306/2083/1739
f 3107/2741/2360 2854/2657/2281 1708/2072/1728
f 2596/2742/2361 1890/2655/2279 2854/2657/2281
f 2302/2501/2146 3108/2743/2362 2893/2712/2334
f 3108/2743/2362 2578/2744/2363 1969/2711/2333
f 2891/2645/2269 1965/2647/2271 2578/2744/2363
f 1823/2496/2141 2891/2645/2269 3108/2743/2362
f 2045/2745/2364 2916/2751/2370 3109/2746/2365
f 3109/2746/2365 2915/2750/2369 2041/2748/2367
f 2370/2749/2368 1842/2904/2501 2915/2750/2369
f 2916/2751/2370 1843/3737/3163 2370/2749/2368
f 2085/2752/2371 2926/2758/2377 3110/2753/2372
f 2689/2754/2373 3110/2753/2372 2927/2755/2374
f 2364/2757/2376 1854/2821/2436 2927/2755/2374
f 2926/2758/2377 1853/2847/2458 2364/2757/2376
f 2932/2759/2378 3111/2764/2383 2812/2760/2379
f 2812/2760/2379 3111/2764/2383 2919/2762/2381
f 3111/2764/2383 2382/3738/809 1860/2765/2384
f 1859/2766/2385 2382/3738/809 3111/2764/2383
f 1997/2767/2386 2904/2771/2390 3112/2768/2387
f 2707/2769/2388 3112/2768/2387 2901/2729/2350
f 3112/2768/2387 2367/3739/3164 1830/2728/2349
f 1831/2770/2389 2367/3739/3164 3112/2768/2387
f 2101/2772/2386 2930/2779/2390 3113/2773/2391
f 2699/2774/2388 3113/2773/2391 2931/2775/2392
f 3113/2773/2391 2365/3740/3165 1858/2777/2394
f 1857/2778/2389 2365/3740/3165 3113/2773/2391
f 2906/2780/2395 3114/2786/2401 2813/2781/2396
f 2813/2781/2396 3114/2786/2401 2905/2783/2398
f 2383/2785/2400 1832/3741/2462 2905/2783/2398
f 2906/2780/2395 1833/3742/3166 2383/2785/2400
f 2919/2762/2381 3115/2790/2405 2700/2787/2402
f 2700/2787/2402 3115/2790/2405 2917/2788/2403
f 3115/2790/2405 2366/3743/834 1845/2791/2406
f 1860/2765/2384 2366/3743/834 3115/2790/2405
f 2910/2792/2407 3116/2797/2412 2817/2793/2408
f 2817/2793/2408 3116/2797/2412 2909/2795/2410
f 3116/2797/2412 2384/2799/2414 1836/2798/2413
f 2910/2792/2407 1837/2890/2490 2384/2799/2414
f 2074/2800/2415 2923/2807/2422 3117/2801/2416
f 2748/2802/2417 3117/2801/2416 2924/2803/2418
f 2372/2805/2420 1851/2907/2504 2924/2803/2418
f 1850/2806/2421 2372/2805/2420 3117/2801/2416
f 2914/2808/2423 3118/2813/2428 2821/2809/2424
f 2821/2809/2424 3118/2813/2428 2913/2811/2426
f 3118/2813/2428 2385/2815/2430 1840/2814/2429
f 2914/2808/2423 1841/2903/2500 2385/2815/2430
f 2927/2755/2374 3119/2819/2434 2755/2816/2431
f 2755/2816/2431 3119/2819/2434 2928/2817/2432
f 3119/2819/2434 2373/3744/3167 1855/2820/2435
f 1854/2821/2436 2373/3744/3167 3119/2819/2434
f 2917/2788/2403 3120/2823/2437 2669/2822/2366
f 3120/2823/2437 2918/2826/2440 2058/2824/2438
f 3120/2823/2437 2362/2827/2441 1846/2825/2439
f 2917/2788/2403 1845/2791/2406 2362/2827/2441
f 2931/2775/2392 3121/2829/2443 2762/2828/2442
f 3121/2829/2443 2932/2759/2378 2110/2761/2380
f 2374/2830/2444 1859/2766/2385 2932/2759/2378
f 2931/2775/2392 1858/2777/2394 2374/2830/2444
f 2921/2831/2445 3122/2837/2450 2828/2832/2446
f 2828/2832/2446 3122/2837/2450 2922/2834/2447
f 2386/2836/2449 1849/3745/3168 2922/2834/2447
f 2921/2831/2445 1848/3746/2429 2386/2836/2449
f 2918/2826/2440 3123/2839/2452 2741/2838/2451
f 3123/2839/2452 2920/2842/2455 2062/2840/2453
f 3123/2839/2452 2371/3747/3169 1847/2841/2454
f 1846/2825/2439 2371/3747/3169 3123/2839/2452
f 2925/2843/2410 3124/2846/2457 2832/2844/2456
f 3124/2846/2457 2926/2758/2377 2085/2752/2371
f 3124/2846/2457 2387/3748/3170 1853/2847/2458
f 1852/2848/2413 2387/3748/3170 3124/2846/2457
f 2905/2849/2398 3125/2853/2461 2763/2850/2459
f 2763/2850/2459 3125/2853/2461 2904/2771/2390
f 2375/2852/2460 1831/2770/2389 2904/2771/2390
f 1832/2854/2462 2375/2852/2460 3125/2853/2461
f 2929/2855/2463 3126/2859/2467 2836/2856/2464
f 2836/2856/2464 3126/2859/2467 2930/2779/2390
f 2388/2858/2466 1857/2778/2389 2930/2779/2390
f 1856/2860/2468 2388/2858/2466 3126/2859/2467
f 2909/2795/2410 3127/2864/2472 2770/2861/2469
f 2770/2861/2469 3127/2864/2472 2908/2862/2470
f 3127/2864/2472 2376/3749/3170 1835/2865/2473
f 1836/2798/2413 2376/3749/3170 3127/2864/2472
f 2913/2811/2426 3128/2870/2450 2777/2866/2474
f 2777/2866/2474 3128/2870/2450 2912/2867/2447
f 2377/2869/2476 1839/2911/2508 2912/2867/2447
f 2913/2811/2426 1840/2814/2429 2377/2869/2476
f 2907/2871/2477 3129/2875/2434 2624/2872/2478
f 2624/2872/2478 3129/2875/2434 2906/2780/2395
f 2358/2874/2480 1833/3742/3166 2906/2780/2395
f 1834/2876/2481 2358/2874/2480 3129/2875/2434
f 2903/2877/2381 3130/2881/2484 2784/2878/2402
f 2784/2878/2402 3130/2881/2484 2916/2751/2370
f 2378/2880/2483 1843/3737/3163 2916/2751/2370
f 1844/2882/2384 2378/2880/2483 3130/2881/2484
f 2902/2727/2348 3131/2884/2383 2659/2883/2485
f 2659/2883/2485 3131/2884/2383 2903/2877/2381
f 3131/2884/2383 2361/3750/809 1844/2882/2384
f 1829/2885/2385 2361/3750/809 3131/2884/2383
f 2911/2886/2486 3132/2889/2489 2634/2887/2487
f 3132/2889/2489 2910/2792/2407 2022/2794/2409
f 3132/2889/2489 2359/2891/2491 1837/2890/2490
f 2911/2886/2486 1838/2910/2507 2359/2891/2491
f 2920/2842/2455 3133/2895/2493 2794/2892/2492
f 2794/2892/2492 3133/2895/2493 2921/2893/2445
f 3133/2895/2493 2379/2897/2494 1848/2896/2429
f 2920/2842/2455 1847/2841/2454 2379/2897/2494
f 2013/2863/2471 2908/2862/2470 3134/2898/2495
f 3134/2898/2495 2907/2871/2477 2009/2873/2479
f 3134/2898/2495 2368/2900/2497 1834/2876/2481
f 2908/2862/2470 1835/2865/2473 2368/2900/2497
f 2915/2750/2369 3135/2902/2499 2644/2901/2498
f 3135/2902/2499 2914/2808/2423 2038/2810/2425
f 3135/2902/2499 2360/3751/3171 1841/2903/2500
f 1842/2904/2501 2360/3751/3171 3135/2902/2499
f 2078/2804/2419 2924/2803/2418 3136/2905/2502
f 2801/2906/2503 3136/2905/2502 2925/2843/2410
f 3136/2905/2502 2380/3752/3172 1852/2848/2413
f 1851/2907/2504 2380/3752/3172 3136/2905/2502
f 2029/2868/2475 2912/2867/2447 3137/2908/2505
f 2721/2909/2506 3137/2908/2505 2911/2886/2486
f 3137/2908/2505 2369/3753/3173 1838/2910/2507
f 1839/2911/2508 2369/3753/3173 3137/2908/2505
f 2922/2834/2447 3138/2913/2510 2679/2912/2509
f 2679/2912/2509 3138/2913/2510 2923/2807/2422
f 3138/2913/2510 2363/2914/2511 1850/2806/2421
f 2922/2834/2447 1849/3745/3168 2363/2914/2511
f 2928/2817/2432 3139/2917/2401 2808/2915/2512
f 2808/2915/2512 3139/2917/2401 2929/2855/2463
f 2381/2916/2513 1856/2860/2468 2929/2855/2463
f 2928/2817/2432 1855/2820/2435 2381/2916/2513
f 2389/2918/2514 3140/2920/2516 2390/2919/2515
f 3140/2920/2516 2391/2922/2518 1865/1932/1592
f 3140/2920/2516 2392/2923/2519 1867/2921/2517
f 2389/2918/2514 1864/2924/2520 2392/2923/2519
f 1864/2924/2520 2393/2928/2524 3141/2925/2521
f 3141/2925/2521 2394/2927/2523 1867/2921/2517
f 3141/2925/2521 2395/2929/2525 1868/2926/2522
f 2393/2928/2524 1863/2992/2526 2395/2929/2525
f 1863/2930/2526 2396/2935/2529 3142/2931/2527
f 2395/2932/2525 3142/2931/2527 2397/2933/2528
f 3142/2931/2527 2398/2622/2246 1866/2624/2248
f 2396/2935/2529 1861/2627/2251 2398/2622/2246
f 2399/2936/2530 3143/2939/2533 2400/1957/1615
f 2400/1957/1615 3143/2939/2533 2401/2937/2531
f 2402/2938/2532 1883/2943/2537 2401/2937/2531
f 2399/2936/2530 1880/2941/2535 2402/2938/2532
f 2403/2940/2534 3144/2945/2539 2402/2938/2532
f 2402/2938/2532 3144/2945/2539 2404/2942/2536
f 2405/2944/2538 1884/3098/2543 2404/2942/2536
f 1879/2946/2540 2405/2944/2538 3144/2945/2539
f 2406/2947/2541 3145/2950/2542 2405/2948/2538
f 3145/2950/2542 2407/2952/2544 1884/2951/2543
f 2408/2637/2261 1882/2634/2258 2407/2952/2544
f 1877/2733/2354 2408/2637/2261 3145/2950/2542
f 1894/1974/1632 2409/2957/2549 3146/2953/2545
f 2410/1981/1639 3146/2953/2545 2411/2954/2546
f 3146/2953/2545 2412/2959/2551 1899/2955/2547
f 1896/2956/2548 2412/2959/2551 3146/2953/2545
f 1896/2956/2548 2413/2963/2555 3147/2958/2550
f 2412/2959/2551 3147/2958/2550 2414/2960/2552
f 3147/2958/2550 2415/3754/2557 1900/2961/2553
f 1895/2962/2554 2415/3754/2557 3147/2958/2550
f 1895/2964/2554 2416/2969/2559 3148/2965/2556
f 2415/2966/2557 3148/2965/2556 2417/2967/2558
f 2418/2653/2277 1898/2650/2274 2417/2967/2558
f 1893/2740/2359 2418/2653/2277 3148/2965/2556
f 1910/1999/1657 2419/2974/2564 3149/2970/2560
f 3149/2970/2560 2421/2972/2562 1913/2005/1663
f 2422/2971/2561 1915/2977/2567 2421/2972/2562
f 1912/2973/2563 2422/2971/2561 3149/2970/2560
f 2423/2975/2565 3150/2976/2566 2422/2971/2561
f 3150/2976/2566 2424/2979/2569 1915/2977/2567
f 3150/2976/2566 2425/3755/2572 1916/2978/2568
f 1911/2980/2570 2425/3755/2572 3150/2976/2566
f 2426/2981/2571 3151/2984/2573 2425/2982/2572
f 3151/2984/2573 2427/2986/2574 1916/2985/2568
f 3151/2984/2573 2428/2660/2284 1914/2662/2286
f 2426/2981/2571 1909/2613/2237 2428/2660/2284
f 1861/2627/2251 2396/2935/2529 3152/2987/2575
f 2429/2680/2303 3152/2987/2575 2430/2988/2576
f 3152/2987/2575 2431/2990/2578 1923/2989/2577
f 2396/2935/2529 1863/2930/2526 2431/2990/2578
f 2393/2928/2524 3153/2993/2579 2431/2991/2578
f 3153/2993/2579 2432/2996/2581 1923/2994/2577
f 2433/2995/2580 1924/2999/2584 2432/2996/2581
f 2393/2928/2524 1864/2924/2520 2433/2995/2580
f 1864/2924/2520 2389/2918/2514 3154/2997/2582
f 2433/2995/2580 3154/2997/2582 2434/2998/2583
f 2435/1938/1598 1922/1940/1600 2434/2998/2583
f 1862/1936/1596 2435/1938/1598 3154/2997/2582
f 2436/3000/2585 3155/3001/2586 2437/2021/1679
f 3155/3001/2586 2438/3003/2588 1929/2022/1680
f 2439/3002/2587 1931/3129/2592 2438/3003/2588
f 1928/3004/2589 2439/3002/2587 3155/3001/2586
f 2440/3005/2590 3156/3008/2591 2439/3006/2587
f 3156/3008/2591 2441/3011/2594 1931/3009/2592
f 2442/3010/2593 1932/3015/2598 2441/3011/2594
f 2440/3005/2590 1927/3013/2596 2442/3010/2593
f 2443/3012/2595 3157/3014/2597 2442/3010/2593
f 3157/3014/2597 2444/3016/2599 1932/3015/2598
f 2445/2523/2166 1930/2525/2167 2444/3016/2599
f 2443/3012/2595 1925/2520/2164 2445/2523/2166
f 1942/2669/2293 2446/3020/2603 3158/3017/2600
f 2447/2667/2291 3158/3017/2600 2448/3018/2601
f 3158/3017/2600 2449/3021/2604 1947/3019/2602
f 2446/3020/2603 1944/3284/2605 2449/3021/2604
f 1944/3022/2605 2450/3028/2609 3159/3023/2606
f 2449/3024/2604 3159/3023/2606 2451/3025/2607
f 3159/3023/2606 2452/3029/2610 1948/3027/2608
f 2450/3028/2609 1943/3031/2612 2452/3029/2610
f 2453/3030/2611 3160/3032/2613 2452/3029/2610
f 3160/3032/2613 2454/3033/2614 1948/3027/2608
f 3160/3032/2613 2455/2550/1645 1946/2552/2187
f 2453/3030/2611 1941/2545/2183 2455/2550/1645
f 1958/2697/2319 2456/3037/2618 3161/3034/2615
f 2457/2695/2317 3161/3034/2615 2458/3035/2616
f 3161/3034/2615 2459/3038/2619 1963/3036/2617
f 2456/3037/2618 1960/3296/2621 2459/3038/2619
f 2460/3039/2620 3162/3042/2622 2459/3040/2619
f 3162/3042/2622 2461/3045/2624 1963/3043/2617
f 2462/3044/2623 1964/3048/2627 2461/3045/2624
f 2460/3039/2620 1959/3046/2625 2462/3044/2623
f 1959/3046/2625 2463/3050/2629 3163/3047/2626
f 3163/3047/2626 2464/3049/2628 1964/3048/2627
f 2465/2573/2206 1962/2574/2207 2464/3049/2628
f 1957/2569/2203 2465/2573/2206 3163/3047/2626
f 2466/3051/2630 3164/3052/2631 2467/2706/2328
f 3164/3052/2631 2468/3054/2633 1977/2678/2301
f 3164/3052/2631 2469/3055/2634 1979/3053/2632
f 2466/3051/2630 1976/3303/2635 2469/3055/2634
f 1976/3056/2635 2470/3062/2639 3165/3057/2636
f 3165/3057/2636 2471/3061/2638 1979/3059/2632
f 3165/3057/2636 2472/3063/2640 1980/3060/2637
f 2470/3062/2639 1975/3064/2641 2472/3063/2640
f 1975/3064/2641 2473/3067/2644 3166/3065/2642
f 3166/3065/2642 2474/3066/2643 1980/3060/2637
f 3166/3065/2642 2475/2597/1590 1978/2599/2225
f 1973/2592/2221 2475/2597/1590 3166/3065/2642
f 2443/3012/2595 3167/3070/2647 2476/2517/2162
f 2476/2517/2162 3167/3070/2647 2477/3068/2645
f 2478/3069/2646 1987/3073/2650 2477/3068/2645
f 1927/3013/2596 2478/3069/2646 3167/3070/2647
f 1927/3013/2596 2440/3005/2590 3168/3071/2648
f 2478/3069/2646 3168/3071/2648 2479/3072/2649
f 2480/3074/2651 1988/3254/2653 2479/3072/2649
f 1928/3007/2589 2480/3074/2651 3168/3071/2648
f 2436/3000/2585 3169/3076/2652 2480/3075/2651
f 3169/3076/2652 2481/3078/2654 1988/3077/2653
f 2482/2739/2358 1986/2631/2255 2481/3078/2654
f 1926/2023/1681 2482/2739/2358 3169/3076/2652
f 1865/1932/1592 2391/2922/2518 3170/3079/2655
f 3170/3079/2655 2484/3081/2657 1869/1928/1588
f 3170/3079/2655 2485/3082/2658 1871/3080/2656
f 2391/2922/2518 1867/2921/2517 2485/3082/2658
f 1867/2921/2517 2394/2927/2523 3171/3083/2659
f 2485/3082/2658 3171/3083/2659 2486/3084/2660
f 3171/3083/2659 2487/3086/2662 1872/3085/2661
f 2394/2927/2523 1868/2926/2522 2487/3086/2662
f 1868/2934/2522 2397/2933/2528 3172/3087/2663
f 2487/3088/2662 3172/3087/2663 2488/3089/2664
f 3172/3087/2663 2489/2700/2322 1870/2644/2268
f 2397/2933/2528 1866/2624/2248 2489/2700/2322
f 2401/2937/2531 3173/3093/2667 2490/1963/1621
f 2490/1963/1621 3173/3093/2667 2491/3091/2665
f 2492/3092/2666 1887/3096/2670 2491/3091/2665
f 1883/2943/2537 2492/3092/2666 3173/3093/2667
f 1883/2943/2537 2404/2942/2536 3174/3094/2668
f 2492/3092/2666 3174/3094/2668 2493/3095/2669
f 3174/3094/2668 2494/3756/2672 1888/3097/2671
f 1884/3098/2543 2494/3756/2672 3174/3094/2668
f 2407/2952/2544 3175/3100/2673 2494/3099/2672
f 3175/3100/2673 2495/3102/2674 1888/3101/2671
f 2496/2704/2326 1886/2702/2324 2495/3102/2674
f 1882/2634/2258 2496/2704/2326 3175/3100/2673
f 1897/1979/1637 2411/2954/2546 3176/3103/2675
f 2497/1987/1645 3176/3103/2675 2498/3104/2676
f 2499/3105/2677 1903/3107/2679 2498/3104/2676
f 2411/2954/2546 1899/2955/2547 2499/3105/2677
f 2414/2960/2552 3177/3108/2680 2499/3105/2677
f 2499/3105/2677 3177/3108/2680 2500/3106/2678
f 3177/3108/2680 2501/3110/2682 1904/3109/2681
f 2414/2960/2552 1900/2961/2553 2501/3110/2682
f 1900/2968/2553 2417/2967/2558 3178/3111/2683
f 3178/3111/2683 2502/3114/2684 1904/3113/2681
f 2503/2719/2340 1902/2717/2338 2502/3114/2684
f 1898/2650/2274 2503/2719/2340 3178/3111/2683
f 2421/2972/2562 3179/3116/2686 2504/2010/1668
f 2504/2010/1668 3179/3116/2686 2505/3115/2685
f 3179/3116/2686 2506/3118/2688 1919/3117/2687
f 1915/2977/2567 2506/3118/2688 3179/3116/2686
f 2424/2979/2569 3180/3119/2689 2506/3118/2688
f 3180/3119/2689 2507/3121/2691 1919/3117/2687
f 2508/3120/2690 1920/3211/2693 2507/3121/2691
f 1916/2978/2568 2508/3120/2690 3180/3119/2689
f 2427/2986/2574 3181/3125/2694 2508/3122/2690
f 2508/3122/2690 3181/3125/2694 2509/3123/2692
f 3181/3125/2694 2510/2720/2341 1918/2687/2309
f 2427/2986/2574 1914/2662/2286 2510/2720/2341
f 2438/3003/2588 3182/3126/2695 2511/2690/2312
f 3182/3126/2695 2512/3128/2697 1933/2691/2313
f 2513/3127/2696 1935/3217/2700 2512/3128/2697
f 1931/3129/2592 2513/3127/2696 3182/3126/2695
f 1931/3009/2592 2441/3011/2594 3183/3130/2698
f 2513/3131/2696 3183/3130/2698 2514/3132/2699
f 2515/3134/2701 1936/3136/2703 2514/3132/2699
f 1932/3015/2598 2515/3134/2701 3183/3130/2698
f 1932/3015/2598 2444/3016/2599 3184/3135/2702
f 3184/3135/2702 2516/3137/2704 1936/3136/2703
f 2517/2529/2170 1934/2531/2172 2516/3137/2704
f 1930/2525/2167 2517/2529/2170 3184/3135/2702
f 1945/2665/2289 2448/3018/2601 3185/3138/2705
f 2518/2621/2245 3185/3138/2705 2519/3139/2706
f 3185/3138/2705 2520/3141/2708 1951/3140/2707
f 2448/3018/2601 1947/3019/2602 2520/3141/2708
f 1947/3026/2602 2451/3025/2607 3186/3142/2709
f 2520/3143/2708 3186/3142/2709 2521/3144/2710
f 2522/3146/2711 1952/3149/2714 2521/3144/2710
f 2451/3025/2607 1948/3027/2608 2522/3146/2711
f 1948/3027/2608 2454/3033/2614 3187/3147/2712
f 2522/3146/2711 3187/3147/2712 2523/3148/2713
f 3187/3147/2712 2524/2556/2190 1950/2558/2192
f 2454/3033/2614 1946/2552/2187 2524/2556/2190
f 1961/2693/2315 2458/3035/2616 3188/3150/2715
f 2525/2649/2273 3188/3150/2715 2526/3151/2716
f 3188/3150/2715 2527/3757/2718 1967/3152/2717
f 1963/3036/2617 2527/3757/2718 3188/3150/2715
f 2461/3045/2624 3189/3154/2719 2527/3153/2718
f 3189/3154/2719 2528/3157/2721 1967/3155/2717
f 2529/3156/2720 1968/3159/2723 2528/3157/2721
f 2461/3045/2624 1964/3048/2627 2529/3156/2720
f 2464/3049/2628 3190/3160/2724 2529/3156/2720
f 2529/3156/2720 3190/3160/2724 2530/3158/2722
f 2531/2578/2210 1966/2580/2212 2530/3158/2722
f 1962/2574/2207 2531/2578/2210 3190/3160/2724
f 2468/3054/2633 3191/3161/2725 2532/2677/2300
f 3191/3161/2725 2533/3163/2727 1981/2632/2256
f 2534/3162/2726 1983/3251/2730 2533/3163/2727
f 1979/3053/2632 2534/3162/2726 3191/3161/2725
f 1979/3059/2632 2471/3061/2638 3192/3164/2728
f 2534/3165/2726 3192/3164/2728 2535/3166/2729
f 3192/3164/2728 2536/3169/2732 1984/3168/2731
f 2471/3061/2638 1980/3060/2637 2536/3169/2732
f 1980/3060/2637 2474/3066/2643 3193/3170/2733
f 3193/3170/2733 2537/3171/2734 1984/3168/2731
f 3193/3170/2733 2538/2603/2229 1982/2605/2230
f 2474/3066/2643 1978/2599/2225 2538/2603/2229
f 2484/3081/2657 3194/3173/2736 2539/1944/1604
f 2539/1944/1604 3194/3173/2736 2540/3172/2735
f 3194/3173/2736 2541/3175/2738 1875/3174/2737
f 2484/3081/2657 1871/3080/2656 2541/3175/2738
f 1871/3080/2656 2486/3084/2660 3195/3176/2739
f 2541/3175/2738 3195/3176/2739 2542/3177/2740
f 2543/3178/2741 1876/3758/2744 2542/3177/2740
f 1872/3085/2661 2543/3178/2741 3195/3176/2739
f 1872/3090/2661 2488/3089/2664 3196/3179/2742
f 2543/3180/2741 3196/3179/2742 2544/3181/2743
f 3196/3179/2742 2545/2639/2263 1874/2641/2265
f 2488/3089/2664 1870/2644/2268 2545/2639/2263
f 1885/1964/1622 2491/3091/2665 3197/3183/2745
f 2546/1969/1627 3197/3183/2745 2547/3184/2746
f 2548/3185/2747 1891/3187/2749 2547/3184/2746
f 1887/3096/2670 2548/3185/2747 3197/3183/2745
f 2493/3095/2669 3198/3188/2750 2548/3185/2747
f 2548/3185/2747 3198/3188/2750 2549/3186/2748
f 3198/3188/2750 2550/3190/2752 1892/3189/2751
f 2493/3095/2669 1888/3097/2671 2550/3190/2752
f 2495/3102/2674 3199/3192/2753 2550/3191/2752
f 3199/3192/2753 2551/3194/2754 1892/3193/2751
f 2552/2658/2282 1890/2655/2279 2551/3194/2754
f 1886/2702/2324 2552/2658/2282 3199/3192/2753
f 1901/1985/1643 2498/3104/2676 3200/3195/2755
f 2553/1993/1651 3200/3195/2755 2554/3196/2756
f 2555/3197/2757 1907/3200/2760 2554/3196/2756
f 1903/3107/2679 2555/3197/2757 3200/3195/2755
f 1903/3107/2679 2500/3106/2678 3201/3198/2758
f 2555/3197/2757 3201/3198/2758 2556/3199/2759
f 3201/3198/2758 2557/3202/2762 1908/3201/2761
f 2500/3106/2678 1904/3109/2681 2557/3202/2762
f 2502/3114/2684 3202/3206/2764 2557/3203/2762
f 2557/3203/2762 3202/3206/2764 2558/3204/2763
f 2559/2674/2297 1906/2616/2240 2558/3204/2763
f 1902/2717/2338 2559/2674/2297 3202/3206/2764
f 2505/3115/2685 3203/3207/2765 2560/2015/1673
f 2560/2015/1673 3203/3207/2765 2434/2998/2583
f 3203/3207/2765 2561/3208/2766 1924/2999/2584
f 2505/3115/2685 1919/3117/2687 2561/3208/2766
f 2507/3121/2691 3204/3210/2768 2561/3208/2766
f 2561/3208/2766 3204/3210/2768 2432/2996/2581
f 2562/3209/2767 1923/2994/2577 2432/2996/2581
f 1920/3211/2693 2562/3209/2767 3204/3210/2768
f 2509/3123/2692 3205/3213/2769 2562/3212/2767
f 2562/3212/2767 3205/3213/2769 2430/2988/2576
f 3205/3213/2769 2563/2684/2306 1921/2683/2255
f 2509/3123/2692 1918/2687/2309 2563/2684/2306
f 2512/3128/2697 3206/3214/2770 2564/2715/2336
f 3206/3214/2770 2565/3216/2772 1937/2716/2337
f 2566/3215/2771 1939/3759/2775 2565/3216/2772
f 1935/3217/2700 2566/3215/2771 3206/3214/2770
f 1935/3133/2700 2514/3132/2699 3207/3218/2773
f 2566/3219/2771 3207/3218/2773 2567/3220/2774
f 2568/3222/2776 1940/3224/2778 2567/3220/2774
f 1936/3136/2703 2568/3222/2776 3207/3218/2773
f 2516/3137/2704 3208/3223/2777 2568/3222/2776
f 3208/3223/2777 2569/3225/2779 1940/3224/2778
f 2570/2535/2176 1938/2537/2178 2569/3225/2779
f 2516/3137/2704 1934/2531/2172 2570/2535/2176
f 1949/2619/2243 2519/3139/2706 3209/3226/2780
f 2571/2732/2353 3209/3226/2780 2572/3227/2781
f 3209/3226/2780 2573/3229/2783 1955/3228/2782
f 2519/3139/2706 1951/3140/2707 2573/3229/2783
f 1951/3145/2707 2521/3144/2710 3210/3230/2784
f 2573/3231/2783 3210/3230/2784 2574/3232/2785
f 2575/3234/2786 1956/3237/2789 2574/3232/2785
f 1952/3149/2714 2575/3234/2786 3210/3230/2784
f 1952/3149/2714 2523/3148/2713 3211/3235/2787
f 2575/3234/2786 3211/3235/2787 2576/3236/2788
f 2577/2562/2196 1954/2564/2198 2576/3236/2788
f 2523/3148/2713 1950/2558/2192 2577/2562/2196
f 1965/2647/2271 2526/3151/2716 3212/3238/2790
f 2578/2744/2363 3212/3238/2790 2579/3239/2791
f 2580/3240/2792 1971/3760/2794 2579/3239/2791
f 2526/3151/2716 1967/3152/2717 2580/3240/2792
f 2528/3157/2721 3213/3242/2793 2580/3241/2792
f 3213/3242/2793 2581/3245/2796 1971/3243/2794
f 2582/3244/2795 1972/3248/2799 2581/3245/2796
f 1968/3159/2723 2582/3244/2795 3213/3242/2793
f 1968/3159/2723 2530/3158/2722 3214/3246/2797
f 2582/3244/2795 3214/3246/2797 2583/3247/2798
f 2584/2584/2215 1970/2586/1605 2583/3247/2798
f 1966/2580/2212 2584/2584/2215 3214/3246/2797
f 2533/3163/2727 3215/3249/2800 2585/2630/2254
f 3215/3249/2800 2481/3078/2654 1986/2631/2255
f 2586/3250/2801 1988/3077/2653 2481/3078/2654
f 1983/3251/2730 2586/3250/2801 3215/3249/2800
f 1983/3167/2730 2535/3166/2729 3216/3252/2802
f 2586/3253/2801 3216/3252/2802 2479/3072/2649
f 2587/3255/2803 1987/3073/2650 2479/3072/2649
f 1984/3168/2731 2587/3255/2803 3216/3252/2802
f 2537/3171/2734 3217/3256/2804 2587/3255/2803
f 3217/3256/2804 2477/3068/2645 1987/3073/2650
f 2588/2609/2234 1985/2518/1600 2477/3068/2645
f 2537/3171/2734 1982/2605/2230 2588/2609/2234
f 2540/3257/2735 3218/3258/2805 2589/1950/1610
f 3218/3258/2805 2399/2936/2530 1878/1951/1611
f 3218/3258/2805 2590/3259/2806 1880/2941/2535
f 2540/3257/2735 1875/3261/2737 2590/3259/2806
f 2542/3260/2740 3219/3262/2807 2590/3259/2806
f 3219/3262/2807 2403/2940/2534 1880/2941/2535
f 2591/3263/2808 1879/2946/2540 2403/2940/2534
f 1876/3264/2744 2591/3263/2808 3219/3262/2807
f 2544/3265/2743 3220/3268/2809 2591/3266/2808
f 3220/3268/2809 2406/2947/2541 1879/2949/2540
f 2592/2736/2356 1877/2733/2354 2406/2947/2541
f 1874/3269/2265 2592/2736/2356 3220/3268/2809
f 2547/3184/2746 3221/3271/2811 2593/1976/1634
f 2593/1976/1634 3221/3271/2811 2409/2957/2549
f 2594/3270/2810 1896/2956/2548 2409/2957/2549
f 1891/3187/2749 2594/3270/2810 3221/3271/2811
f 2549/3186/2748 3222/3272/2812 2594/3270/2810
f 2594/3270/2810 3222/3272/2812 2413/2963/2555
f 3222/3272/2812 2595/3273/2813 1895/2962/2554
f 2549/3186/2748 1892/3189/2751 2595/3273/2813
f 2551/3194/2754 3223/3275/2814 2595/3274/2813
f 3223/3275/2814 2416/2969/2559 1895/2964/2554
f 2596/2742/2361 1893/2740/2359 2416/2969/2559
f 1890/2655/2279 2596/2742/2361 3223/3275/2814
f 2554/3196/2756 3224/3277/2816 2597/1998/1656
f 2597/1998/1656 3224/3277/2816 2419/2974/2564
f 2598/3276/2815 1912/2973/2563 2419/2974/2564
f 1907/3200/2760 2598/3276/2815 3224/3277/2816
f 2556/3199/2759 3225/3278/2817 2598/3276/2815
f 3225/3278/2817 2423/2975/2565 1912/2973/2563
f 2599/3279/2818 1911/2980/2570 2423/2975/2565
f 2556/3199/2759 1908/3201/2761 2599/3279/2818
f 2558/3204/2763 3226/3281/2819 2599/3280/2818
f 3226/3281/2819 2426/2981/2571 1911/2983/2570
f 3226/3281/2819 2600/2611/2235 1909/2613/2237
f 2558/3204/2763 1906/2616/2240 2600/2611/2235
f 1937/3282/2337 2565/3285/2772 3227/3283/2820
f 2601/2671/2295 3227/3283/2820 2446/3020/2603
f 3227/3283/2820 2602/3286/2821 1944/3284/2605
f 2565/3285/2772 1939/3761/2775 2602/3286/2821
f 1939/3287/2775 2567/3290/2774 3228/3288/2822
f 2602/3289/2821 3228/3288/2822 2450/3028/2609
f 3228/3288/2822 2603/3291/2823 1943/3031/2612
f 2567/3290/2774 1940/3293/2778 2603/3291/2823
f 2569/3292/2779 3229/3294/2824 2603/3291/2823
f 3229/3294/2824 2453/3030/2611 1943/3031/2612
f 3229/3294/2824 2604/2543/1651 1941/2545/2183
f 2569/3292/2779 1938/2541/2178 2604/2543/1651
f 1953/2731/2352 2572/3227/2781 3230/3295/2825
f 2605/2699/2321 3230/3295/2825 2456/3037/2618
f 3230/3295/2825 2606/3297/2826 1960/3296/2621
f 2572/3227/2781 1955/3228/2782 2606/3297/2826
f 2574/3232/2785 3231/3299/2827 2606/3298/2826
f 3231/3299/2827 2460/3039/2620 1960/3041/2621
f 3231/3299/2827 2607/3300/2828 1959/3046/2625
f 2574/3232/2785 1956/3237/2789 2607/3300/2828
f 1956/3237/2789 2576/3236/2788 3232/3301/2829
f 2607/3300/2828 3232/3301/2829 2463/3050/2629
f 2608/2567/2201 1957/2569/2203 2463/3050/2629
f 2576/3236/2788 1954/2564/2198 2608/2567/2201
f 2579/3239/2791 3233/3302/2830 2609/2710/2332
f 3233/3302/2830 2466/3051/2630 1974/2707/2329
f 3233/3302/2830 2610/3304/2831 1976/3303/2635
f 2579/3239/2791 1971/3760/2794 2610/3304/2831
f 2581/3245/2796 3234/3306/2832 2610/3305/2831
f 3234/3306/2832 2470/3062/2639 1976/3056/2635
f 3234/3306/2832 2611/3307/2833 1975/3064/2641
f 2581/3245/2796 1972/3248/2799 2611/3307/2833
f 1972/3248/2799 2583/3247/2798 3235/3308/2834
f 2611/3307/2833 3235/3308/2834 2473/3067/2644
f 2612/2590/2220 1973/2592/2221 2473/3067/2644
f 2583/3247/2798 1970/2586/1605 2612/2590/2220
f 1990/2725/2346 2613/3313/2839 3236/3309/2835
f 3236/3309/2835 2615/3311/2837 1993/2722/2343
f 2616/3310/2836 1995/3477/2841 2615/3311/2837
f 1992/3312/2838 2616/3310/2836 3236/3309/2835
f 1992/3314/2838 2617/3321/2845 3237/3315/2840
f 3237/3315/2840 2618/3319/2843 1995/3317/2841
f 3237/3315/2840 2619/3323/2847 1996/3318/2842
f 1991/3320/2844 2619/3323/2847 3237/3315/2840
f 2620/3322/2846 3238/3324/2848 2619/3323/2847
f 3238/3324/2848 2621/3325/2849 1996/3318/2842
f 3238/3324/2848 2622/3326/2850 1994/1933/1593
f 2620/3322/2846 1989/3379/2897 2622/3326/2850
f 2006/2782/2397 2623/3330/2854 3239/3327/2851
f 3239/3327/2851 2625/3329/2853 2009/2873/2479
f 3239/3327/2851 2626/3331/2855 2011/3328/2852
f 2623/3330/2854 2008/3762/2857 2626/3331/2855
f 2627/3332/2856 3240/3335/2858 2626/3333/2855
f 3240/3335/2858 2628/3338/2860 2011/3336/2852
f 2629/3337/2859 2012/3341/2863 2628/3338/2860
f 2007/3339/2861 2629/3337/2859 3240/3335/2858
f 2007/3339/2861 2630/3344/2866 3241/3340/2862
f 3241/3340/2862 2631/3342/2864 2012/3341/2863
f 2632/1960/1618 2010/1961/1619 2631/3342/2864
f 2005/3343/2865 2632/1960/1618 3241/3340/2862
f 2022/2794/2409 2633/3349/2871 3242/3345/2867
f 2634/2887/2487 3242/3345/2867 2635/3346/2868
f 2636/3347/2869 2027/3501/2874 2635/3346/2868
f 2024/3348/2870 2636/3347/2869 3242/3345/2867
f 2024/3350/2870 2637/3356/2876 3243/3351/2872
f 2636/3352/2869 3243/3351/2872 2638/3353/2873
f 2639/3355/2875 2028/3360/2880 2638/3353/2873
f 2637/3356/2876 2023/3358/2878 2639/3355/2875
f 2640/3357/2877 3244/3361/2881 2639/3355/2875
f 2639/3355/2875 3244/3361/2881 2641/3359/2879
f 3244/3361/2881 2642/1984/1642 2026/1988/1646
f 2640/3357/2877 2021/1982/1640 2642/1984/1642
f 2038/2810/2425 2643/3366/2886 3245/3362/2882
f 3245/3362/2882 2645/3364/2884 2041/2748/2367
f 3245/3362/2882 2646/3763/2888 2043/3363/2883
f 2040/3365/2885 2646/3763/2888 3245/3362/2882
f 2647/3367/2887 3246/3372/2890 2646/3368/2888
f 2646/3368/2888 3246/3372/2890 2648/3370/2889
f 3246/3372/2890 2649/3376/2894 2044/3373/2891
f 2039/3374/2892 2649/3376/2894 3246/3372/2890
f 2650/3375/2893 3247/3377/2895 2649/3376/2894
f 3247/3377/2895 2651/3378/2896 2044/3373/2891
f 2652/2007/1665 2042/2008/1666 2651/3378/2896
f 2037/2002/1660 2652/2007/1665 3247/3377/2895
f 1989/3379/2897 2620/3322/2846 3248/3380/2898
f 2653/1941/1601 3248/3380/2898 2654/3381/2899
f 2655/3383/2901 2051/3385/2903 2654/3381/2899
f 1991/3320/2844 2655/3383/2901 3248/3380/2898
f 2617/3321/2845 3249/3387/2905 2655/3383/2901
f 2655/3383/2901 3249/3387/2905 2656/3384/2902
f 2657/3386/2904 2052/3609/2907 2656/3384/2902
f 2617/3321/2845 1992/3314/2838 2657/3386/2904
f 2613/3313/2839 3250/3389/2906 2657/3388/2904
f 3250/3389/2906 2658/3391/2908 2052/3390/2907
f 3250/3389/2906 2659/2883/2485 2050/2879/2482
f 2613/3313/2839 1990/2725/2346 2659/2883/2485
f 2054/2528/2169 2660/3396/2913 3251/3392/2909
f 3251/3392/2909 2662/3394/2911 2057/2534/2175
f 2663/3393/2910 2059/3398/2915 2662/3394/2911
f 2056/3395/2912 2663/3393/2910 3251/3392/2909
f 2056/3395/2912 2664/3401/2918 3252/3397/2914
f 3252/3397/2914 2665/3400/2917 2059/3398/2915
f 3252/3397/2914 2666/3402/2919 2060/3399/2916
f 2664/3401/2918 2055/3465/2921 2666/3402/2919
f 2667/3403/2920 3253/3406/2922 2666/3404/2919
f 3253/3406/2922 2668/3408/2923 2060/3407/2916
f 3253/3406/2922 2669/2822/2366 2058/2824/2438
f 2667/3403/2920 2053/2789/2404 2669/2822/2366
f 2070/3409/2924 2670/3413/2928 3254/3410/2925
f 2671/2554/2189 3254/3410/2925 2672/3411/2926
f 3254/3410/2925 2673/3414/2929 2075/3412/2927
f 2670/3413/2928 2072/3416/2931 2673/3414/2929
f 2674/3415/2930 3255/3417/2932 2673/3414/2929
f 3255/3417/2932 2675/3419/2934 2075/3412/2927
f 3255/3417/2932 2676/3420/2935 2076/3418/2933
f 2674/3415/2930 2071/3687/2937 2676/3420/2935
f 2677/3421/2936 3256/3424/2938 2676/3422/2935
f 3256/3424/2938 2678/3426/2939 2076/3425/2933
f 3256/3424/2938 2679/2912/2509 2074/2800/2415
f 2069/2835/2448 2679/2912/2509 3256/3424/2938
f 2086/2577/2209 2680/3431/2944 3257/3427/2940
f 2681/2575/1624 3257/3427/2940 2682/3428/2941
f 2683/3429/2942 2091/3434/2947 2682/3428/2941
f 2088/3430/2943 2683/3429/2942 3257/3427/2940
f 2684/3432/2945 3258/3436/2949 2683/3429/2942
f 2683/3429/2942 3258/3436/2949 2685/3433/2946
f 2686/3435/2948 2092/3552/2953 2685/3433/2946
f 2087/3437/2950 2686/3435/2948 3258/3436/2949
f 2087/3438/2950 2687/3443/2954 3259/3439/2951
f 2686/3440/2948 3259/3439/2951 2688/3441/2952
f 2689/2754/2373 2090/2756/2375 2688/3441/2952
f 2085/2752/2371 2689/2754/2373 3259/3439/2951
f 2102/2594/2223 2690/3447/2958 3260/3444/2955
f 2691/2601/2227 3260/3444/2955 2692/3445/2956
f 3260/3444/2955 2693/3448/2959 2107/3446/2957
f 2690/3447/2958 2104/3450/2961 2693/3448/2959
f 2694/3449/2960 3261/3451/2962 2693/3448/2959
f 3261/3451/2962 2695/3453/2964 2107/3446/2957
f 2696/3452/2963 2108/3564/2967 2695/3453/2964
f 2694/3449/2960 2103/3703/2965 2696/3452/2963
f 2103/3454/2965 2697/3459/2969 3262/3455/2966
f 3262/3455/2966 2698/3458/2968 2108/3457/2967
f 3262/3455/2966 2699/2774/2388 2106/2776/2393
f 2101/2772/2386 2699/2774/2388 3262/3455/2966
f 2053/2789/2404 2667/3403/2920 3263/3460/2970
f 3263/3460/2970 2701/3462/2972 2113/2763/2382
f 3263/3460/2970 2702/3463/2973 2115/3461/2971
f 2667/3403/2920 2055/3405/2921 2702/3463/2973
f 2664/3401/2918 3264/3466/2974 2702/3464/2973
f 3264/3466/2974 2703/3469/2976 2115/3467/2971
f 2704/3468/2975 2116/3471/2977 2703/3469/2976
f 2664/3401/2918 2056/3395/2912 2704/3468/2975
f 2660/3396/2913 3265/3472/2978 2704/3468/2975
f 2704/3468/2975 3265/3472/2978 2705/3470/2899
f 3265/3472/2978 2706/2521/2165 2114/3473/2979
f 2054/2528/2169 2706/2521/2165 3265/3472/2978
f 1993/2722/2343 2615/3311/2837 3266/3474/2980
f 3266/3474/2980 2708/3476/2982 1997/2767/2386
f 2709/3475/2981 1999/3572/2984 2708/3476/2982
f 1995/3477/2841 2709/3475/2981 3266/3474/2980
f 2618/3319/2843 3267/3479/2983 2709/3478/2981
f 3267/3479/2983 2710/3482/2986 1999/3480/2984
f 3267/3479/2983 2711/3483/2987 2000/3481/2985
f 2618/3319/2843 1996/3318/2842 2711/3483/2987
f 2621/3325/2849 3268/3485/2989 2711/3483/2987
f 2711/3483/2987 3268/3485/2989 2712/3484/2988
f 3268/3485/2989 2713/1935/1595 1998/1947/1607
f 2621/3325/2849 1994/1933/1593 2713/1935/1595
f 2009/2873/2479 2625/3329/2853 3269/3486/2990
f 3269/3486/2990 2715/3488/2992 2013/2863/2471
f 3269/3486/2990 2716/3489/2993 2015/3487/2991
f 2625/3329/2853 2011/3328/2852 2716/3489/2993
f 2628/3338/2860 3270/3491/2994 2716/3490/2993
f 3270/3491/2994 2717/3494/2996 2015/3492/2991
f 3270/3491/2994 2718/3495/2997 2016/3493/2995
f 2628/3338/2860 2012/3341/2863 2718/3495/2997
f 2631/3342/2864 3271/3496/2998 2718/3495/2997
f 3271/3496/2998 2719/3497/2999 2016/3493/2995
f 2720/1966/1624 2014/1967/1625 2719/3497/2999
f 2631/3342/2864 2010/1961/1619 2720/1966/1624
f 2025/2888/2488 2635/3346/2868 3272/3498/3000
f 3272/3498/3000 2722/3500/3002 2029/2868/2475
f 2723/3499/3001 2031/3764/3005 2722/3500/3002
f 2027/3501/2874 2723/3499/3001 3272/3498/3000
f 2027/3354/2874 2638/3353/2873 3273/3502/3003
f 2723/3503/3001 3273/3502/3003 2724/3504/3004
f 3273/3502/3003 2725/3508/3008 2032/3506/3006
f 2028/3360/2880 2725/3508/3008 3273/3502/3003
f 2028/3360/2880 2641/3359/2879 3274/3507/3007
f 3274/3507/3007 2726/3509/3009 2032/3506/3006
f 3274/3507/3007 2727/1990/1648 2030/1994/1652
f 2641/3359/2879 2026/1988/1646 2727/1990/1648
f 2041/2748/2367 2645/3364/2884 3275/3510/3010
f 2728/2747/2366 3275/3510/3010 2729/3511/3011
f 3275/3510/3010 2730/3513/3013 2047/3512/3012
f 2645/3364/2884 2043/3363/2883 2730/3513/3013
f 2043/3371/2883 2648/3370/2889 3276/3514/3014
f 2730/3515/3013 3276/3514/3014 2731/3516/3015
f 2732/3518/3016 2048/3520/3018 2731/3516/3015
f 2044/3373/2891 2732/3518/3016 3276/3514/3014
f 2651/3378/2896 3277/3521/3019 2732/3518/3016
f 2732/3518/3016 3277/3521/3019 2733/3519/3017
f 3277/3521/3019 2734/2013/1671 2046/2014/1672
f 2042/2008/1666 2734/2013/1671 3277/3521/3019
f 2662/3394/2911 3278/3522/3020 2735/2532/2173
f 3278/3522/3020 2736/3524/3022 2061/2540/2180
f 2737/3523/3021 2063/3527/3025 2736/3524/3022
f 2059/3398/2915 2737/3523/3021 3278/3522/3020
f 2059/3398/2915 2665/3400/2917 3279/3525/3023
f 2737/3523/3021 3279/3525/3023 2738/3526/3024
f 2739/3528/3026 2064/3620/3028 2738/3526/3024
f 2665/3400/2917 2060/3399/2916 2739/3528/3026
f 2668/3408/2923 3280/3530/3027 2739/3529/3026
f 3280/3530/3027 2740/3532/3029 2064/3531/3028
f 3280/3530/3027 2741/2838/2451 2062/2840/2453
f 2058/2824/2438 2741/2838/2451 3280/3530/3027
f 2672/3411/2926 3281/3533/3030 2742/2560/2194
f 3281/3533/3030 2743/3535/3032 2077/2559/2193
f 3281/3533/3030 2744/3536/3033 2079/3534/3031
f 2672/3411/2926 2075/3412/2927 2744/3536/3033
f 2675/3419/2934 3282/3537/3034 2744/3536/3033
f 3282/3537/3034 2745/3539/3036 2079/3534/3031
f 3282/3537/3034 2746/3540/3037 2080/3538/3035
f 2675/3419/2934 2076/3418/2933 2746/3540/3037
f 2678/3426/2939 3283/3544/3039 2746/3541/3037
f 2746/3541/3037 3283/3544/3039 2747/3542/3038
f 2748/2802/2417 2078/2804/2419 2747/3542/3038
f 2074/2800/2415 2748/2802/2417 3283/3544/3039
f 2682/3428/2941 3284/3545/3040 2749/2581/2213
f 3284/3545/3040 2750/3547/3042 2093/2589/2219
f 2751/3546/3041 2095/3550/3045 2750/3547/3042
f 2091/3434/2947 2751/3546/3041 3284/3545/3040
f 2091/3434/2947 2685/3433/2946 3285/3548/3043
f 2751/3546/3041 3285/3548/3043 2752/3549/3044
f 2753/3551/3046 2096/3645/3049 2752/3549/3044
f 2092/3552/2953 2753/3551/3046 3285/3548/3043
f 2092/3442/2953 2688/3441/2952 3286/3553/3047
f 2753/3554/3046 3286/3553/3047 2754/3555/3048
f 3286/3553/3047 2755/2816/2431 2094/2818/2433
f 2090/2756/2375 2755/2816/2431 3286/3553/3047
f 2105/2600/2226 2692/3445/2956 3287/3557/3050
f 3287/3557/3050 2757/3559/3052 2109/2606/2231
f 3287/3557/3050 2758/3560/3053 2111/3558/3051
f 2692/3445/2956 2107/3446/2957 2758/3560/3053
f 2107/3446/2957 2695/3453/2964 3288/3561/3054
f 2758/3560/3053 3288/3561/3054 2759/3562/3055
f 2760/3563/3056 2112/3765/3058 2759/3562/3055
f 2108/3564/2967 2760/3563/3056 3288/3561/3054
f 2698/3458/2968 3289/3566/3057 2760/3565/3056
f 3289/3566/3057 2761/3568/3059 2112/3567/3058
f 3289/3566/3057 2762/2828/2442 2110/2761/2380
f 2698/3458/2968 2106/2776/2393 2762/2828/2442
f 1997/2767/2386 2708/3476/2982 3290/3569/3060
f 2763/2850/2459 3290/3569/3060 2764/3570/3061
f 2765/3571/3062 2003/3766/3065 2764/3570/3061
f 1999/3572/2984 2765/3571/3062 3290/3569/3060
f 1999/3480/2984 2710/3482/2986 3291/3573/3063
f 2765/3574/3062 3291/3573/3063 2766/3575/3064
f 2767/3577/3066 2004/3580/3069 2766/3575/3064
f 2000/3481/2985 2767/3577/3066 3291/3573/3063
f 2000/3481/2985 2712/3484/2988 3292/3578/3067
f 2767/3577/3066 3292/3578/3067 2768/3579/3068
f 3292/3578/3067 2769/1948/1608 2002/3581/3070
f 2712/3484/2988 1998/1947/1607 2769/1948/1608
f 2715/3488/2992 3293/3582/3071 2770/2861/2469
f 3293/3582/3071 2771/3584/3073 2017/2796/2411
f 3293/3582/3071 2772/3585/3074 2019/3583/3072
f 2715/3488/2992 2015/3487/2991 2772/3585/3074
f 2717/3494/2996 3294/3589/3076 2772/3586/3074
f 2772/3586/3074 3294/3589/3076 2773/3587/3075
f 3294/3589/3076 2774/3591/3078 2020/3590/3077
f 2717/3494/2996 2016/3493/2995 2774/3591/3078
f 2016/3493/2995 2719/3497/2999 3295/3592/3079
f 2774/3591/3078 3295/3592/3079 2775/3593/3080
f 2776/1972/1630 2018/1973/1631 2775/3593/3080
f 2014/1967/1625 2776/1972/1630 3295/3592/3079
f 2722/3500/3002 3296/3595/3082 2777/2866/2474
f 2777/2866/2474 3296/3595/3082 2778/3594/3081
f 3296/3595/3082 2779/3597/3084 2035/3596/3083
f 2722/3500/3002 2031/3764/3005 2779/3597/3084
f 2031/3505/3005 2724/3504/3004 3297/3598/3085
f 3297/3598/3085 2780/3602/3087 2035/3600/3083
f 3297/3598/3085 2781/3603/3088 2036/3601/3086
f 2724/3504/3004 2032/3506/3006 2781/3603/3088
f 2726/3509/3009 3298/3604/3089 2781/3603/3088
f 3298/3604/3089 2782/3605/3090 2036/3601/3086
f 2783/1996/1654 2034/3681/3146 2782/3605/3090
f 2030/1994/1652 2783/1996/1654 3298/3604/3089
f 2045/2745/2364 2729/3511/3011 3299/3606/3091
f 3299/3606/3091 2658/3391/2908 2050/2879/2482
f 3299/3606/3091 2785/3767/3092 2052/3390/2907
f 2047/3512/3012 2785/3767/3092 3299/3606/3091
f 2731/3516/3015 3300/3608/3093 2785/3607/3092
f 3300/3608/3093 2656/3384/2902 2052/3609/2907
f 2786/3610/2975 2051/3385/2903 2656/3384/2902
f 2048/3520/3018 2786/3610/2975 3300/3608/3093
f 2048/3520/3018 2733/3519/3017 3301/3611/3094
f 2786/3610/2975 3301/3611/3094 2654/3381/2899
f 2787/2017/1675 2049/3382/2900 2654/3381/2899
f 2046/2014/1672 2787/2017/1675 3301/3611/3094
f 2736/3524/3022 3302/3612/3095 2788/2538/2179
f 3302/3612/3095 2789/3615/3097 2065/3613/2185
f 2790/3614/3096 2067/3618/3100 2789/3615/3097
f 2063/3527/3025 2790/3614/3096 3302/3612/3095
f 2063/3527/3025 2738/3526/3024 3303/3616/3098
f 2790/3614/3096 3303/3616/3098 2791/3617/3099
f 2792/3619/3101 2068/3768/3104 2791/3617/3099
f 2064/3620/3028 2792/3619/3101 3303/3616/3098
f 2064/3531/3028 2740/3532/3029 3304/3621/3102
f 2792/3622/3101 3304/3621/3102 2793/3623/3103
f 2794/2892/2492 2066/2894/2427 2793/3623/3103
f 2062/2840/2453 2794/2892/2492 3304/3621/3102
f 2743/3535/3032 3305/3625/3105 2795/2566/2200
f 3305/3625/3105 2796/3627/3107 2081/2565/2199
f 2797/3626/3106 2083/3629/3109 2796/3627/3107
f 2743/3535/3032 2079/3534/3031 2797/3626/3106
f 2745/3539/3036 3306/3628/3108 2797/3626/3106
f 3306/3628/3108 2798/3631/3111 2083/3629/3109
f 3306/3628/3108 2799/3632/3112 2084/3630/3110
f 2745/3539/3036 2080/3538/3035 2799/3632/3112
f 2747/3542/3038 3307/3634/3113 2799/3633/3112
f 3307/3634/3113 2800/3636/3114 2084/3635/3110
f 3307/3634/3113 2801/2906/2503 2082/2845/2411
f 2078/2804/2419 2801/2906/2503 3307/3634/3113
f 2093/2589/2219 2750/3547/3042 3308/3637/3115
f 2802/2587/2217 3308/3637/3115 2803/3638/3116
f 3308/3637/3115 2804/3641/3119 2099/3640/3118
f 2750/3547/3042 2095/3550/3045 2804/3641/3119
f 2752/3549/3044 3309/3642/3120 2804/3641/3119
f 3309/3642/3120 2805/3644/3122 2099/3640/3118
f 3309/3642/3120 2806/3769/3123 2100/3643/3121
f 2096/3645/3049 2806/3769/3123 3309/3642/3120
f 2754/3555/3048 3310/3647/3124 2806/3646/3123
f 3310/3647/3124 2807/3649/3125 2100/3648/3121
f 2808/2915/2512 2098/2857/2465 2807/3649/3125
f 2754/3555/3048 2094/2818/2433 2808/2915/2512
f 2109/2606/2231 2757/3559/3052 3311/3650/3126
f 3311/3650/3126 2705/3470/2899 2114/3473/2979
f 2810/3651/3127 2116/3471/2977 2705/3470/2899
f 2111/3558/3051 2810/3651/3127 3311/3650/3126
f 2111/3558/3051 2759/3562/3055 3312/3652/3128
f 2810/3651/3127 3312/3652/3128 2703/3469/2976
f 3312/3652/3128 2811/3653/3129 2115/3467/2971
f 2759/3562/3055 2112/3765/3058 2811/3653/3129
f 2112/3567/3058 2761/3568/3059 3313/3654/3130
f 2811/3655/3129 3313/3654/3130 2701/3462/2972
f 2812/2760/2379 2113/2763/2382 2701/3462/2972
f 2110/2761/2380 2812/2760/2379 3313/3654/3130
f 2764/3656/3061 3314/3658/3132 2813/2781/2396
f 2813/2781/2396 3314/3658/3132 2623/3330/2854
f 2814/3657/3131 2008/3762/2857 2623/3330/2854
f 2003/3659/3065 2814/3657/3131 3314/3658/3132
f 2003/3660/3065 2766/3665/3064 3315/3661/3133
f 3315/3661/3133 2627/3332/2856 2008/3334/2857
f 2815/3663/3134 2007/3339/2861 2627/3332/2856
f 2004/3664/3069 2815/3663/3134 3315/3661/3133
f 2004/3664/3069 2768/3668/3068 3316/3666/3135
f 2815/3663/3134 3316/3666/3135 2630/3344/2866
f 2816/1954/1613 2005/3343/2865 2630/3344/2866
f 2002/3667/3070 2816/1954/1613 3316/3666/3135
f 2017/2796/2411 2771/3584/3073 3317/3669/3136
f 3317/3669/3136 2633/3349/2871 2022/2794/2409
f 2818/3670/3137 2024/3348/2870 2633/3349/2871
f 2019/3583/3072 2818/3670/3137 3317/3669/3136
f 2019/3588/3072 2773/3587/3075 3318/3671/3138
f 2818/3672/3137 3318/3671/3138 2637/3356/2876
f 3318/3671/3138 2819/3673/3139 2023/3358/2878
f 2020/3590/3077 2819/3673/3139 3318/3671/3138
f 2775/3593/3080 3319/3674/3140 2819/3673/3139
f 3319/3674/3140 2640/3357/2877 2023/3358/2878
f 3319/3674/3140 2820/1978/1636 2021/1982/1640
f 2775/3593/3080 2018/1973/1631 2820/1978/1636
f 2778/3594/3081 3320/3675/3141 2821/2809/2424
f 3320/3675/3141 2643/3366/2886 2038/2810/2425
f 3320/3675/3141 2822/3676/3142 2040/3365/2885
f 2778/3594/3081 2035/3596/3083 2822/3676/3142
f 2780/3602/3087 3321/3678/3143 2822/3677/3142
f 3321/3678/3143 2647/3367/2887 2040/3369/2885
f 3321/3678/3143 2823/3679/3144 2039/3374/2892
f 2780/3602/3087 2036/3601/3086 2823/3679/3144
f 2782/3605/3090 3322/3680/3145 2823/3679/3144
f 3322/3680/3145 2650/3375/2893 2039/3374/2892
f 2824/2000/1658 2037/2002/1660 2650/3375/2893
f 2034/3681/3146 2824/2000/1658 3322/3680/3145
f 2065/2547/2185 2789/3685/3097 3323/3682/3147
f 2825/2546/2184 3323/3682/3147 2670/3413/2928
f 2826/3683/3148 2072/3416/2931 2670/3413/2928
f 2067/3684/3100 2826/3683/3148 3323/3682/3147
f 2067/3684/3100 2791/3689/3099 3324/3686/3149
f 2826/3683/3148 3324/3686/3149 2674/3415/2930
f 3324/3686/3149 2827/3770/3151 2071/3687/2937
f 2068/3688/3104 2827/3770/3151 3324/3686/3149
f 2068/3690/3104 2793/3693/3103 3325/3691/3150
f 2827/3692/3151 3325/3691/3150 2677/3421/2936
f 2828/2832/2446 2069/2835/2448 2677/3421/2936
f 2793/3693/3103 2066/2833/2427 2828/2832/2446
f 2081/2565/2199 2796/3627/3107 3326/3694/3152
f 2829/2570/2204 3326/3694/3152 2680/3431/2944
f 3326/3694/3152 2830/3695/3153 2088/3430/2943
f 2796/3627/3107 2083/3629/3109 2830/3695/3153
f 2083/3629/3109 2798/3631/3111 3327/3696/3154
f 3327/3696/3154 2684/3432/2945 2088/3430/2943
f 2831/3697/3155 2087/3437/2950 2684/3432/2945
f 2084/3630/3110 2831/3697/3155 3327/3696/3154
f 2800/3636/3114 3328/3699/3156 2831/3698/3155
f 3328/3699/3156 2687/3443/2954 2087/3438/2950
f 3328/3699/3156 2832/2844/2456 2085/2752/2371
f 2800/3636/3114 2082/2845/2411 2832/2844/2456
f 2097/3639/3117 2803/3638/3116 3329/3700/3157
f 2833/2595/1608 3329/3700/3157 2690/3447/2958
f 3329/3700/3157 2834/3701/3158 2104/3450/2961
f 2803/3638/3116 2099/3640/3118 2834/3701/3158
f 2805/3644/3122 3330/3702/3159 2834/3701/3158
f 3330/3702/3159 2694/3449/2960 2104/3450/2961
f 3330/3702/3159 2835/3704/3160 2103/3703/2965
f 2805/3644/3122 2100/3643/3121 2835/3704/3160
f 2807/3649/3125 3331/3706/3161 2835/3705/3160
f 3331/3706/3161 2697/3459/2969 2103/3454/2965
f 3331/3706/3161 2836/2856/2464 2101/2772/2386
f 2807/3649/3125 2098/2857/2465 2836/2856/2464
f 1865/1932/1592 2837/1931/1591 3332/3707/2228
f 2390/2919/2515 3332/3707/2228 2838/1942/1602
f 3332/3707/2228 2622/3326/2850 1989/3379/2897
f 2837/1931/1591 1994/1933/1593 2622/3326/2850
