# Blender 5.1.2
# www.blender.org
mtllib camillas.mtl
o Maca
v 1.007922 -1.023709 -0.451700
v 1.007922 -1.023709 -0.428764
v 1.038831 -1.033751 -0.451700
v 1.038831 -1.033751 -0.428764
v 1.057934 -1.060045 -0.451700
v 1.057934 -1.060045 -0.428764
v 1.057934 -1.092544 -0.451700
v 1.057934 -1.092544 -0.428764
v 1.038831 -1.118837 -0.451700
v 1.038831 -1.118837 -0.428764
v 1.007922 -1.128881 -0.451700
v 1.007922 -1.128881 -0.428764
v 0.977013 -1.118837 -0.451700
v 0.977013 -1.118837 -0.428764
v 0.957910 -1.092544 -0.451700
v 0.957910 -1.092544 -0.428764
v 0.957910 -1.060045 -0.451700
v 0.957910 -1.060045 -0.428764
v 0.977013 -1.033751 -0.451700
v 0.977013 -1.033751 -0.428764
v 0.937601 -1.043091 -0.410442
v 0.937601 -0.997793 -0.410442
v 0.937601 -1.043091 -0.470021
v 0.937601 -0.997793 -0.470021
v 1.078243 -1.109498 -0.410442
v 1.078243 -0.997793 -0.410442
v 1.078243 -1.109498 -0.470022
v 1.078243 -0.997793 -0.470022
v 0.937601 -1.027047 -0.410442
v 0.937601 -1.027047 -0.470021
v 1.086812 -1.027047 -0.470022
v 1.086812 -1.027047 -0.410442
v 0.975687 -0.985117 -0.415743
v 0.975687 -0.985117 -0.464721
v 1.040156 -0.985117 -0.464721
v 1.040156 -0.985117 -0.415743
v -1.039714 -1.023709 -0.428762
v -1.039714 -1.023709 -0.451698
v -1.070623 -1.033751 -0.428762
v -1.070623 -1.033751 -0.451698
v -1.089726 -1.060045 -0.428762
v -1.089726 -1.060045 -0.451698
v -1.089726 -1.092544 -0.428762
v -1.089726 -1.092544 -0.451698
v -1.070623 -1.118837 -0.428762
v -1.070623 -1.118837 -0.451698
v -1.039714 -1.128881 -0.428762
v -1.039714 -1.128881 -0.451698
v -1.008804 -1.118837 -0.428762
v -1.008804 -1.118837 -0.451698
v -0.989701 -1.092544 -0.428762
v -0.989701 -1.092544 -0.451698
v -0.989701 -1.060045 -0.428762
v -0.989701 -1.060045 -0.451698
v -1.008804 -1.033751 -0.428762
v -1.008804 -1.033751 -0.451698
v -0.966945 -1.043091 -0.470020
v -0.966945 -0.997793 -0.470020
v -0.966945 -1.043091 -0.410441
v -0.966945 -0.997793 -0.410441
v -1.107587 -1.109498 -0.470020
v -1.107587 -0.997793 -0.470020
v -1.107587 -1.109498 -0.410441
v -1.107587 -0.997793 -0.410441
v -0.966945 -1.027047 -0.470020
v -0.966945 -1.027047 -0.410441
v -1.116155 -1.027047 -0.410441
v -1.116155 -1.027047 -0.470020
v -1.005031 -0.985117 -0.464719
v -1.005031 -0.985117 -0.415741
v -1.069500 -0.985117 -0.415741
v -1.069500 -0.985117 -0.464719
v 1.007922 -1.023709 0.495738
v 1.007922 -1.023709 0.518674
v 1.038831 -1.033752 0.495738
v 1.038831 -1.033752 0.518674
v 1.057934 -1.060045 0.495738
v 1.057934 -1.060045 0.518674
v 1.057934 -1.092544 0.495738
v 1.057934 -1.092544 0.518674
v 1.038831 -1.118837 0.495738
v 1.038831 -1.118837 0.518674
v 1.007922 -1.128881 0.495738
v 1.007922 -1.128881 0.518674
v 0.977013 -1.118837 0.495738
v 0.977013 -1.118837 0.518674
v 0.957910 -1.092544 0.495738
v 0.957910 -1.092544 0.518674
v 0.957910 -1.060045 0.495738
v 0.957910 -1.060045 0.518674
v 0.977013 -1.033752 0.495738
v 0.977013 -1.033752 0.518674
v 0.937601 -1.043091 0.536996
v 0.937601 -0.997793 0.536996
v 0.937601 -1.043091 0.477417
v 0.937601 -0.997793 0.477417
v 1.078243 -1.109498 0.536996
v 1.078243 -0.997793 0.536996
v 1.078243 -1.109498 0.477417
v 1.078243 -0.997793 0.477417
v 0.937601 -1.027047 0.536996
v 0.937601 -1.027047 0.477417
v 1.086812 -1.027047 0.477417
v 1.086812 -1.027047 0.536996
v 0.975687 -0.985117 0.531695
v 0.975687 -0.985117 0.482717
v 1.040156 -0.985117 0.482717
v 1.040156 -0.985117 0.531695
v -1.039714 -1.023709 0.518675
v -1.039714 -1.023709 0.495739
v -1.070623 -1.033752 0.518675
v -1.070623 -1.033752 0.495739
v -1.089726 -1.060045 0.518675
v -1.089726 -1.060045 0.495739
v -1.089726 -1.092544 0.518675
v -1.089726 -1.092544 0.495739
v -1.070623 -1.118837 0.518675
v -1.070623 -1.118837 0.495739
v -1.039714 -1.128881 0.518675
v -1.039714 -1.128881 0.495739
v -1.008804 -1.118837 0.518675
v -1.008804 -1.118837 0.495739
v -0.989701 -1.092544 0.518675
v -0.989701 -1.092544 0.495739
v -0.989701 -1.060045 0.518675
v -0.989701 -1.060045 0.495739
v -1.008804 -1.033752 0.518675
v -1.008804 -1.033752 0.495739
v -0.966945 -1.043091 0.477418
v -0.966945 -0.997793 0.477418
v -0.966945 -1.043091 0.536997
v -0.966945 -0.997793 0.536997
v -1.107587 -1.109498 0.477418
v -1.107587 -0.997793 0.477418
v -1.107587 -1.109498 0.536997
v -1.107587 -0.997793 0.536997
v -0.966945 -1.027047 0.477418
v -0.966945 -1.027047 0.536997
v -1.116155 -1.027047 0.536997
v -1.116155 -1.027047 0.477418
v -1.005031 -0.985117 0.482718
v -1.005031 -0.985117 0.531696
v -1.069500 -0.985117 0.531696
v -1.069500 -0.985117 0.482718
v -1.036474 -0.907033 -0.438678
v -1.036474 -0.909623 -0.448344
v -1.036474 -0.916699 -0.455421
v -1.036474 -0.926365 -0.458011
v -1.036474 -0.936032 -0.455421
v -1.036474 -0.943108 -0.448344
v -1.036474 -0.945699 -0.438678
v -1.036474 -0.943108 -0.429011
v -1.036474 -0.936032 -0.421935
v -1.036474 -0.926365 -0.419345
v -1.036474 -0.916699 -0.421935
v -1.036474 -0.909623 -0.429011
v 1.009002 -0.907033 -0.438678
v 1.009002 -0.909623 -0.448345
v 1.009002 -0.916699 -0.455421
v 1.009002 -0.926365 -0.458011
v 1.009002 -0.936032 -0.455421
v 1.009002 -0.943108 -0.448345
v 1.009002 -0.945699 -0.438678
v 1.009002 -0.943108 -0.429012
v 1.009002 -0.936032 -0.421935
v 1.009002 -0.926365 -0.419345
v 1.009002 -0.916699 -0.421935
v 1.009002 -0.909623 -0.429012
v -1.036474 -0.907033 0.505855
v -1.036474 -0.909623 0.496189
v -1.036474 -0.916699 0.489112
v -1.036474 -0.926366 0.486522
v -1.036474 -0.936032 0.489112
v -1.036474 -0.943109 0.496189
v -1.036474 -0.945699 0.505855
v -1.036474 -0.943109 0.515522
v -1.036474 -0.936032 0.522598
v -1.036474 -0.926366 0.525188
v -1.036474 -0.916699 0.522598
v -1.036474 -0.909623 0.515522
v 1.009002 -0.907033 0.505854
v 1.009002 -0.909623 0.496188
v 1.009002 -0.916699 0.489111
v 1.009002 -0.926366 0.486521
v 1.009002 -0.936032 0.489111
v 1.009002 -0.943109 0.496188
v 1.009002 -0.945699 0.505854
v 1.009002 -0.943109 0.515521
v 1.009002 -0.936032 0.522597
v 1.009002 -0.926366 0.525187
v 1.009002 -0.916699 0.522597
v 1.009002 -0.909623 0.515521
v 1.010374 -0.907033 0.505854
v 1.000708 -0.909623 0.505854
v 0.993631 -0.916699 0.505854
v 0.991041 -0.926366 0.505854
v 0.993631 -0.936032 0.505854
v 1.000708 -0.943109 0.505854
v 1.010374 -0.945699 0.505854
v 1.020040 -0.943109 0.505854
v 1.027117 -0.936032 0.505854
v 1.029707 -0.926366 0.505854
v 1.027117 -0.916699 0.505854
v 1.020040 -0.909623 0.505854
v 1.010374 -0.907033 -0.450841
v 1.000708 -0.909623 -0.450841
v 0.993631 -0.916699 -0.450841
v 0.991041 -0.926365 -0.450841
v 0.993631 -0.936032 -0.450841
v 1.000708 -0.943108 -0.450841
v 1.010374 -0.945699 -0.450841
v 1.020040 -0.943108 -0.450841
v 1.027117 -0.936032 -0.450841
v 1.029707 -0.926365 -0.450841
v 1.027117 -0.916699 -0.450841
v 1.020040 -0.909623 -0.450841
v -1.036802 -0.907033 0.505855
v -1.046468 -0.909623 0.505855
v -1.053545 -0.916699 0.505855
v -1.056135 -0.926366 0.505855
v -1.053545 -0.936032 0.505855
v -1.046468 -0.943109 0.505855
v -1.036802 -0.945699 0.505855
v -1.027135 -0.943109 0.505855
v -1.020059 -0.936032 0.505855
v -1.017469 -0.926366 0.505855
v -1.020059 -0.916699 0.505855
v -1.027135 -0.909623 0.505855
v -1.036802 -0.907033 -0.450840
v -1.046468 -0.909623 -0.450840
v -1.053545 -0.916699 -0.450840
v -1.056135 -0.926365 -0.450840
v -1.053545 -0.936032 -0.450840
v -1.046468 -0.943108 -0.450840
v -1.036802 -0.945699 -0.450840
v -1.027135 -0.943108 -0.450840
v -1.020059 -0.936032 -0.450840
v -1.017469 -0.926365 -0.450840
v -1.020059 -0.916699 -0.450840
v -1.027135 -0.909623 -0.450840
v -1.060859 -0.010797 0.505855
v -1.057592 -0.010797 0.493663
v -1.048667 -0.010797 0.484737
v -1.036474 -0.010797 0.481470
v -1.024281 -0.010797 0.484737
v -1.015356 -0.010797 0.493663
v -1.012089 -0.010797 0.505855
v -1.015356 -0.010797 0.518048
v -1.024281 -0.010797 0.526973
v -1.036474 -0.010797 0.530241
v -1.048667 -0.010797 0.526973
v -1.057592 -0.010797 0.518048
v -1.063140 0.000203 0.490460
v -1.067266 0.000203 0.505855
v -1.051870 0.000203 0.479189
v -1.036474 0.000203 0.475064
v -1.021078 0.000203 0.479189
v -1.009808 0.000203 0.490460
v -1.005683 0.000203 0.505855
v -1.009808 0.000203 0.521251
v -1.021078 0.000203 0.532521
v -1.036474 0.000203 0.536647
v -1.051870 0.000203 0.532521
v -1.063140 0.000203 0.521251
v -1.063140 0.054057 0.490460
v -1.067266 0.054057 0.505855
v -1.051870 0.054057 0.479189
v -1.036474 0.054057 0.475064
v -1.021078 0.054057 0.479189
v -1.009808 0.054057 0.490460
v -1.005683 0.054057 0.505855
v -1.009808 0.054057 0.521251
v -1.021078 0.054057 0.532521
v -1.036474 0.054057 0.536647
v -1.051870 0.054057 0.532521
v -1.063140 0.054057 0.521251
v -1.052652 0.061989 0.496515
v -1.055155 0.061989 0.505855
v -1.045815 0.061989 0.489677
v -1.036474 0.061989 0.487174
v -1.027134 0.061989 0.489677
v -1.020296 0.061989 0.496515
v -1.017793 0.061989 0.505855
v -1.020296 0.061989 0.515196
v -1.027134 0.061989 0.522033
v -1.036474 0.061989 0.524536
v -1.045815 0.061989 0.522033
v -1.052652 0.061989 0.515196
v -1.060859 -1.010797 0.505855
v -1.057592 -1.010797 0.493662
v -1.048667 -1.010797 0.484737
v -1.036474 -1.010797 0.481470
v -1.024281 -1.010797 0.484737
v -1.015356 -1.010797 0.493662
v -1.012089 -1.010797 0.505855
v -1.015356 -1.010797 0.518048
v -1.024281 -1.010797 0.526973
v -1.036474 -1.010797 0.530240
v -1.048667 -1.010797 0.526973
v -1.057592 -1.010797 0.518048
v 0.983853 -0.010797 0.505854
v 0.987120 -0.010797 0.493661
v 0.996046 -0.010797 0.484736
v 1.008239 -0.010797 0.481469
v 1.020431 -0.010797 0.484736
v 1.029357 -0.010797 0.493661
v 1.032624 -0.010797 0.505854
v 1.029357 -0.010797 0.518047
v 1.020431 -0.010797 0.526972
v 1.008239 -0.010797 0.530239
v 0.996046 -0.010797 0.526972
v 0.987120 -0.010797 0.518047
v 0.981572 0.000203 0.490458
v 0.977447 0.000203 0.505854
v 0.992843 0.000203 0.479188
v 1.008239 0.000203 0.475063
v 1.023635 0.000203 0.479188
v 1.034905 0.000203 0.490458
v 1.039030 0.000203 0.505854
v 1.034905 0.000203 0.521250
v 1.023635 0.000203 0.532520
v 1.008239 0.000203 0.536646
v 0.992843 0.000203 0.532520
v 0.981572 0.000203 0.521250
v 0.981572 0.054057 0.490458
v 0.977447 0.054057 0.505854
v 0.992843 0.054057 0.479188
v 1.008239 0.054057 0.475063
v 1.023635 0.054057 0.479188
v 1.034905 0.054057 0.490458
v 1.039030 0.054057 0.505854
v 1.034905 0.054057 0.521250
v 1.023635 0.054057 0.532520
v 1.008239 0.054057 0.536646
v 0.992843 0.054057 0.532520
v 0.981572 0.054057 0.521250
v 0.992061 0.061989 0.496514
v 0.989558 0.061989 0.505854
v 0.998898 0.061989 0.489676
v 1.008239 0.061989 0.487173
v 1.017579 0.061989 0.489676
v 1.024417 0.061989 0.496514
v 1.026920 0.061989 0.505854
v 1.024417 0.061989 0.515195
v 1.017579 0.061989 0.522032
v 1.008239 0.061989 0.524535
v 0.998898 0.061989 0.522032
v 0.992061 0.061989 0.515195
v 0.983853 -1.010797 0.505854
v 0.987120 -1.010797 0.493661
v 0.996046 -1.010797 0.484736
v 1.008239 -1.010797 0.481469
v 1.020431 -1.010797 0.484736
v 1.029357 -1.010797 0.493661
v 1.032624 -1.010797 0.505854
v 1.029357 -1.010797 0.518047
v 1.020431 -1.010797 0.526972
v 1.008239 -1.010797 0.530239
v 0.996046 -1.010797 0.526972
v 0.987120 -1.010797 0.518047
v -1.060859 -0.010797 -0.440265
v -1.057592 -0.010797 -0.452458
v -1.048667 -0.010797 -0.461383
v -1.036474 -0.010797 -0.464650
v -1.024281 -0.010797 -0.461383
v -1.015356 -0.010797 -0.452458
v -1.012089 -0.010797 -0.440265
v -1.015356 -0.010797 -0.428072
v -1.024281 -0.010797 -0.419147
v -1.036474 -0.010797 -0.415880
v -1.048667 -0.010797 -0.419147
v -1.057592 -0.010797 -0.428072
v -1.063140 0.000203 -0.455661
v -1.067266 0.000203 -0.440265
v -1.051870 0.000203 -0.466931
v -1.036474 0.000203 -0.471057
v -1.021078 0.000203 -0.466931
v -1.009808 0.000203 -0.455661
v -1.005683 0.000203 -0.440265
v -1.009808 0.000203 -0.424869
v -1.021078 0.000203 -0.413599
v -1.036474 0.000203 -0.409474
v -1.051870 0.000203 -0.413599
v -1.063140 0.000203 -0.424869
v -1.063140 0.054057 -0.455661
v -1.067266 0.054057 -0.440265
v -1.051870 0.054057 -0.466931
v -1.036474 0.054057 -0.471057
v -1.021078 0.054057 -0.466931
v -1.009808 0.054057 -0.455661
v -1.005683 0.054057 -0.440265
v -1.009808 0.054057 -0.424869
v -1.021078 0.054057 -0.413599
v -1.036474 0.054057 -0.409474
v -1.051870 0.054057 -0.413599
v -1.063140 0.054057 -0.424869
v -1.052652 0.061989 -0.449606
v -1.055155 0.061989 -0.440265
v -1.045815 0.061989 -0.456443
v -1.036474 0.061989 -0.458946
v -1.027133 0.061989 -0.456443
v -1.020296 0.061989 -0.449606
v -1.017793 0.061989 -0.440265
v -1.020296 0.061989 -0.430925
v -1.027133 0.061989 -0.424087
v -1.036474 0.061989 -0.421584
v -1.045815 0.061989 -0.424087
v -1.052652 0.061989 -0.430925
v -1.060859 -1.010797 -0.440265
v -1.057592 -1.010797 -0.452458
v -1.048667 -1.010797 -0.461384
v -1.036474 -1.010797 -0.464651
v -1.024281 -1.010797 -0.461384
v -1.015356 -1.010797 -0.452458
v -1.012089 -1.010797 -0.440265
v -1.015356 -1.010797 -0.428073
v -1.024281 -1.010797 -0.419147
v -1.036474 -1.010797 -0.415880
v -1.048667 -1.010797 -0.419147
v -1.057592 -1.010797 -0.428073
v 0.983853 -0.010797 -0.440266
v 0.987120 -0.010797 -0.452459
v 0.996046 -0.010797 -0.461384
v 1.008239 -0.010797 -0.464652
v 1.020431 -0.010797 -0.461384
v 1.029357 -0.010797 -0.452459
v 1.032624 -0.010797 -0.440266
v 1.029357 -0.010797 -0.428074
v 1.020431 -0.010797 -0.419148
v 1.008239 -0.010797 -0.415881
v 0.996046 -0.010797 -0.419148
v 0.987120 -0.010797 -0.428074
v 0.981572 0.000203 -0.455662
v 0.977447 0.000203 -0.440266
v 0.992843 0.000203 -0.466932
v 1.008239 0.000203 -0.471058
v 1.023635 0.000203 -0.466932
v 1.034905 0.000203 -0.455662
v 1.039030 0.000203 -0.440266
v 1.034905 0.000203 -0.424870
v 1.023635 0.000203 -0.413600
v 1.008239 0.000203 -0.409475
v 0.992843 0.000203 -0.413600
v 0.981572 0.000203 -0.424870
v 0.981572 0.054057 -0.455662
v 0.977447 0.054057 -0.440266
v 0.992843 0.054057 -0.466932
v 1.008239 0.054057 -0.471058
v 1.023635 0.054057 -0.466932
v 1.034905 0.054057 -0.455662
v 1.039030 0.054057 -0.440266
v 1.034905 0.054057 -0.424870
v 1.023635 0.054057 -0.413600
v 1.008239 0.054057 -0.409475
v 0.992843 0.054057 -0.413600
v 0.981572 0.054057 -0.424870
v 0.992061 0.061989 -0.449607
v 0.989558 0.061989 -0.440266
v 0.998898 0.061989 -0.456444
v 1.008239 0.061989 -0.458947
v 1.017579 0.061989 -0.456444
v 1.024417 0.061989 -0.449607
v 1.026920 0.061989 -0.440266
v 1.024417 0.061989 -0.430926
v 1.017579 0.061989 -0.424088
v 1.008239 0.061989 -0.421585
v 0.998898 0.061989 -0.424088
v 0.992061 0.061989 -0.430926
v 0.983853 -1.010797 -0.440266
v 0.987120 -1.010797 -0.452459
v 0.996046 -1.010797 -0.461385
v 1.008239 -1.010797 -0.464652
v 1.020431 -1.010797 -0.461385
v 1.029357 -1.010797 -0.452459
v 1.032624 -1.010797 -0.440266
v 1.029357 -1.010797 -0.428074
v 1.020431 -1.010797 -0.419148
v 1.008239 -1.010797 -0.415881
v 0.996046 -1.010797 -0.419148
v 0.987120 -1.010797 -0.428074
v 1.017072 0.004558 0.505786
v 1.017072 0.007479 0.516689
v 1.017072 0.015460 0.524670
v 1.017072 0.026363 0.527591
v 1.017072 0.037265 0.524670
v 1.017072 0.045247 0.516689
v 1.017072 0.048168 0.505786
v 1.017072 0.045247 0.494883
v 1.017072 0.037265 0.486902
v 1.017072 0.026363 0.483981
v 1.017072 0.015460 0.486902
v 1.017072 0.007479 0.494883
v 1.052263 0.004558 0.495992
v 1.056436 0.007479 0.506065
v 1.059490 0.015460 0.513439
v 1.060608 0.026363 0.516138
v 1.059490 0.037265 0.513439
v 1.056436 0.045247 0.506065
v 1.052263 0.048168 0.495992
v 1.048091 0.045247 0.485920
v 1.045037 0.037265 0.478546
v 1.043919 0.026363 0.475847
v 1.045037 0.015460 0.478546
v 1.048091 0.007479 0.485920
v 1.081028 0.004558 0.473477
v 1.088738 0.007479 0.481187
v 1.094381 0.015460 0.486830
v 1.096447 0.026363 0.488896
v 1.094381 0.037265 0.486830
v 1.088738 0.045247 0.481187
v 1.081028 0.048168 0.473477
v 1.073319 0.045247 0.465768
v 1.067675 0.037265 0.460124
v 1.065609 0.026363 0.458059
v 1.067675 0.015460 0.460124
v 1.073319 0.007479 0.465768
v 1.098987 0.004558 0.441668
v 1.109060 0.007479 0.445840
v 1.116434 0.015460 0.448895
v 1.119133 0.026363 0.450013
v 1.116434 0.037265 0.448895
v 1.109060 0.045247 0.445840
v 1.098987 0.048168 0.441668
v 1.088915 0.045247 0.437496
v 1.081541 0.037265 0.434442
v 1.078842 0.026363 0.433324
v 1.081541 0.015460 0.434442
v 1.088915 0.007479 0.437496
v 1.103406 0.004558 0.405408
v 1.114309 0.007479 0.405408
v 1.122290 0.015460 0.405408
v 1.125212 0.026363 0.405408
v 1.122290 0.037265 0.405408
v 1.114309 0.045247 0.405408
v 1.103406 0.048168 0.405408
v 1.092504 0.045247 0.405408
v 1.084522 0.037265 0.405408
v 1.081601 0.026363 0.405408
v 1.084522 0.015460 0.405408
v 1.092504 0.007479 0.405408
v 1.017072 0.048168 -0.440266
v 1.017072 0.045247 -0.451169
v 1.017072 0.037266 -0.459150
v 1.017072 0.026363 -0.462071
v 1.017072 0.015460 -0.459150
v 1.017072 0.007479 -0.451169
v 1.017072 0.004558 -0.440266
v 1.017072 0.007479 -0.429364
v 1.017072 0.015460 -0.421382
v 1.017072 0.026363 -0.418461
v 1.017072 0.037266 -0.421382
v 1.017072 0.045247 -0.429364
v 1.052263 0.048168 -0.430473
v 1.056435 0.045247 -0.440545
v 1.059490 0.037266 -0.447919
v 1.060608 0.026363 -0.450618
v 1.059490 0.015460 -0.447919
v 1.056435 0.007479 -0.440545
v 1.052263 0.004558 -0.430473
v 1.048091 0.007479 -0.420400
v 1.045037 0.015460 -0.413026
v 1.043919 0.026363 -0.410327
v 1.045037 0.037266 -0.413026
v 1.048091 0.045247 -0.420400
v 1.081028 0.048168 -0.407957
v 1.088737 0.045247 -0.415667
v 1.094381 0.037266 -0.421310
v 1.096447 0.026363 -0.423376
v 1.094381 0.015460 -0.421310
v 1.088737 0.007479 -0.415667
v 1.081028 0.004558 -0.407958
v 1.073319 0.007479 -0.400248
v 1.067675 0.015460 -0.394604
v 1.065609 0.026363 -0.392539
v 1.067675 0.037266 -0.394604
v 1.073319 0.045247 -0.400248
v 1.098987 0.048168 -0.376148
v 1.109060 0.045247 -0.380321
v 1.116434 0.037266 -0.383375
v 1.119132 0.026363 -0.384493
v 1.116434 0.015460 -0.383375
v 1.109060 0.007479 -0.380321
v 1.098987 0.004558 -0.376148
v 1.088914 0.007479 -0.371976
v 1.081540 0.015460 -0.368922
v 1.078842 0.026363 -0.367804
v 1.081540 0.037266 -0.368922
v 1.088914 0.045247 -0.371976
v 1.103406 0.048168 -0.339888
v 1.114309 0.045247 -0.339888
v 1.122290 0.037266 -0.339888
v 1.125211 0.026363 -0.339888
v 1.122290 0.015460 -0.339888
v 1.114309 0.007479 -0.339888
v 1.103406 0.004558 -0.339888
v 1.092504 0.007479 -0.339888
v 1.084522 0.015460 -0.339888
v 1.081601 0.026363 -0.339888
v 1.084522 0.037266 -0.339888
v 1.092503 0.045247 -0.339888
v 0.003606 0.007479 0.494884
v -1.009861 0.004558 0.505787
v 0.003606 0.015460 0.486903
v -1.009861 0.007479 0.516690
v 0.003606 0.026363 0.483981
v -1.009861 0.015460 0.524671
v 0.003606 0.037265 0.486903
v -1.009861 0.026363 0.527592
v 0.003606 0.045247 0.494884
v -1.009861 0.037266 0.524671
v 0.003606 0.048168 0.505786
v -1.009861 0.045247 0.516690
v 0.003606 0.045247 0.516689
v -1.009861 0.048168 0.505787
v 0.003606 0.037265 0.524670
v -1.009861 0.045247 0.494884
v 0.003606 0.026363 0.527592
v -1.009861 0.037266 0.486903
v 0.003606 0.015460 0.524670
v -1.009861 0.026363 0.483982
v 0.003606 0.007479 0.516689
v -1.009861 0.015460 0.486903
v 0.003606 0.004558 0.505786
v -1.009861 0.007479 0.494884
v -1.045052 0.004558 0.495994
v -1.049224 0.007479 0.506066
v -1.052279 0.015460 0.513440
v -1.053397 0.026363 0.516139
v -1.052279 0.037266 0.513440
v -1.049224 0.045247 0.506066
v -1.045052 0.048168 0.495994
v -1.040880 0.045247 0.485921
v -1.037826 0.037266 0.478547
v -1.036708 0.026363 0.475848
v -1.037826 0.015460 0.478547
v -1.040880 0.007479 0.485921
v -1.073817 0.004558 0.473478
v -1.081526 0.007479 0.481188
v -1.087170 0.015460 0.486831
v -1.089236 0.026363 0.488897
v -1.087170 0.037266 0.486831
v -1.081526 0.045247 0.481188
v -1.073817 0.048168 0.473478
v -1.066108 0.045247 0.465769
v -1.060464 0.037266 0.460125
v -1.058398 0.026363 0.458060
v -1.060464 0.015460 0.460125
v -1.066108 0.007479 0.465769
v -1.091776 0.004558 0.441669
v -1.101849 0.007479 0.445841
v -1.109223 0.015460 0.448896
v -1.111922 0.026363 0.450014
v -1.109223 0.037266 0.448896
v -1.101849 0.045247 0.445841
v -1.091776 0.048168 0.441669
v -1.081703 0.045247 0.437497
v -1.074329 0.037266 0.434443
v -1.071630 0.026363 0.433325
v -1.074329 0.015460 0.434443
v -1.081703 0.007479 0.437497
v -1.096195 0.004558 0.405409
v -1.107098 0.007479 0.405409
v -1.115079 0.015460 0.405409
v -1.118001 0.026363 0.405409
v -1.115079 0.037266 0.405409
v -1.107098 0.045247 0.405409
v -1.096195 0.048168 0.405409
v -1.085292 0.045247 0.405409
v -1.077311 0.037266 0.405409
v -1.074390 0.026363 0.405409
v -1.077311 0.015460 0.405409
v -1.085292 0.007479 0.405409
v 0.003606 0.045247 -0.429363
v -1.009861 0.048168 -0.440265
v 0.003606 0.037266 -0.421382
v -1.009861 0.045247 -0.451168
v 0.003606 0.026363 -0.418460
v -1.009861 0.037266 -0.459149
v 0.003606 0.015460 -0.421382
v -1.009861 0.026363 -0.462070
v 0.003606 0.007479 -0.429363
v -1.009861 0.015460 -0.459149
v 0.003606 0.004558 -0.440266
v -1.009861 0.007479 -0.451168
v 0.003606 0.007479 -0.451168
v -1.009861 0.004558 -0.440265
v 0.003606 0.015460 -0.459150
v -1.009861 0.007479 -0.429363
v 0.003606 0.026363 -0.462071
v -1.009861 0.015460 -0.421381
v 0.003606 0.037266 -0.459150
v -1.009861 0.026363 -0.418460
v 0.003606 0.045247 -0.451168
v -1.009861 0.037266 -0.421381
v 0.003606 0.048168 -0.440266
v -1.009861 0.045247 -0.429363
v -1.045052 0.048168 -0.430472
v -1.049224 0.045247 -0.440544
v -1.052279 0.037266 -0.447918
v -1.053397 0.026363 -0.450617
v -1.052279 0.015460 -0.447918
v -1.049224 0.007479 -0.440544
v -1.045052 0.004558 -0.430472
v -1.040880 0.007479 -0.420399
v -1.037825 0.015460 -0.413025
v -1.036708 0.026363 -0.410326
v -1.037825 0.037266 -0.413025
v -1.040880 0.045247 -0.420399
v -1.073817 0.048168 -0.407956
v -1.081526 0.045247 -0.415666
v -1.087170 0.037266 -0.421309
v -1.089235 0.026363 -0.423375
v -1.087170 0.015460 -0.421309
v -1.081526 0.007479 -0.415666
v -1.073817 0.004558 -0.407956
v -1.066107 0.007479 -0.400247
v -1.060464 0.015460 -0.394603
v -1.058398 0.026363 -0.392538
v -1.060464 0.037266 -0.394603
v -1.066107 0.045247 -0.400247
v -1.091776 0.048168 -0.376147
v -1.101849 0.045247 -0.380319
v -1.109222 0.037266 -0.383374
v -1.111921 0.026363 -0.384492
v -1.109222 0.015460 -0.383374
v -1.101849 0.007479 -0.380319
v -1.091776 0.004558 -0.376147
v -1.081703 0.007479 -0.371975
v -1.074329 0.015460 -0.368921
v -1.071630 0.026363 -0.367803
v -1.074329 0.037266 -0.368921
v -1.081703 0.045247 -0.371975
v -1.096195 0.048168 -0.339887
v -1.107098 0.045247 -0.339887
v -1.115079 0.037266 -0.339887
v -1.118000 0.026363 -0.339887
v -1.115079 0.015460 -0.339887
v -1.107098 0.007479 -0.339887
v -1.096195 0.004558 -0.339887
v -1.085292 0.007479 -0.339887
v -1.077311 0.015460 -0.339887
v -1.074390 0.026363 -0.339887
v -1.077311 0.037266 -0.339887
v -1.085292 0.045247 -0.339887
v 1.093190 0.111564 0.468339
v 1.076190 0.128564 0.468339
v 1.076190 0.111564 0.485339
v 1.088211 0.123584 0.468339
v 1.086005 0.121378 0.478154
v 1.076190 0.123584 0.480360
v 1.088211 0.111564 0.480360
v -1.089810 0.111564 -0.412903
v -1.106810 0.111564 -0.395903
v -1.089810 0.128564 -0.395903
v -1.101831 0.111564 -0.407924
v -1.099625 0.121379 -0.405718
v -1.101831 0.123584 -0.395903
v -1.089810 0.123584 -0.407924
v 1.076190 0.111564 -0.412903
v 1.076190 0.128564 -0.395903
v 1.093190 0.111564 -0.395903
v 1.076190 0.123584 -0.407924
v 1.086005 0.121379 -0.405718
v 1.088211 0.123584 -0.395903
v 1.088211 0.111564 -0.407924
v -1.106810 0.111564 0.468339
v -1.089810 0.111564 0.485339
v -1.089810 0.128564 0.468339
v -1.101831 0.111564 0.480360
v -1.099625 0.121378 0.478154
v -1.089810 0.123584 0.480360
v -1.101831 0.123584 0.468339
v 1.093190 0.066752 0.468339
v 1.076190 0.066752 0.485339
v 1.076190 0.049752 0.468339
v 1.088211 0.066752 0.480360
v 1.086005 0.056937 0.478154
v 1.076190 0.054732 0.480360
v 1.088211 0.054732 0.468339
v -1.089810 0.066752 -0.412903
v -1.089810 0.049752 -0.395903
v -1.106810 0.066752 -0.395903
v -1.089810 0.054732 -0.407924
v -1.099625 0.056937 -0.405718
v -1.101831 0.054732 -0.395903
v -1.101831 0.066752 -0.407924
v 1.076190 0.066752 -0.412903
v 1.093190 0.066752 -0.395903
v 1.076190 0.049752 -0.395903
v 1.088211 0.066752 -0.407924
v 1.086005 0.056937 -0.405718
v 1.088211 0.054732 -0.395903
v 1.076190 0.054732 -0.407924
v -1.106810 0.066752 0.468339
v -1.089810 0.049752 0.468339
v -1.089810 0.066752 0.485339
v -1.101831 0.054732 0.468339
v -1.099625 0.056937 0.478154
v -1.089810 0.054732 0.480360
v -1.101831 0.066752 0.480360
v -1.159590 -0.211295 0.240302
v 1.116095 -0.078892 0.486660
v -1.160201 -0.258891 -0.359438
v 1.156439 -0.148291 -0.416586
v -1.211399 -0.008626 0.054062
v -0.101628 0.159199 0.487925
v 1.161461 -0.000220 0.056911
v -0.070175 0.035757 -0.496301
v -0.092288 0.404848 -0.031069
v -1.163933 -0.046775 -0.015772
v 0.588459 0.124120 0.514904
v 1.159683 -0.068199 -0.192953
v -0.796645 0.050613 -0.493990
v -1.159705 -0.113640 -0.090043
v -0.801549 0.158885 0.442740
v 1.164497 -0.037553 0.259361
v 0.641942 0.041838 -0.490536
v -0.079315 0.250468 -0.283133
v -0.104220 0.349744 0.270512
v -0.804601 0.266996 -0.013354
v 0.625862 0.348894 0.001342
v 0.613230 0.243369 0.251951
v -0.794599 0.216685 0.168188
v -0.785344 0.171401 -0.238899
v 0.637824 0.216025 -0.256647
v -1.147026 -0.135959 0.105734
v 0.952612 0.101326 0.523975
v 1.219137 -0.076857 -0.319176
v -1.146630 0.059596 -0.495435
v -1.143434 -0.038100 0.018997
v -0.442351 0.159145 0.446408
v 1.176129 -0.017891 0.108373
v 0.285697 0.047849 -0.485216
v -0.072397 0.161022 -0.407383
v -0.097915 0.404613 0.123962
v -1.002873 0.252701 -0.003649
v 0.275845 0.402244 -0.018480
v -1.149953 -0.017396 0.001138
v 0.243572 0.159435 0.481528
v 1.177719 -0.032101 -0.053156
v -0.432788 0.036302 -0.495449
v -1.169855 -0.194131 -0.221652
v -1.149610 0.127549 0.386193
v 1.187960 -0.036520 0.394206
v 0.995025 0.078863 -0.518385
v -0.090100 0.364759 -0.182986
v -0.099466 0.220548 0.359971
v -0.438521 0.294050 -0.013167
v 0.978630 0.295527 0.015093
v 0.616242 0.330213 0.128886
v 0.601089 0.160545 0.375670
v 0.256697 0.291157 0.238710
v 0.956128 0.178975 0.268660
v -0.816702 0.286298 0.113885
v -0.784292 0.159303 0.298445
v -1.027271 0.175034 0.140179
v -0.436643 0.248419 0.191780
v -0.790368 0.161993 -0.394582
v -0.786169 0.252989 -0.108778
v -1.092893 0.187746 -0.235279
v -0.423064 0.175163 -0.252377
v 0.639912 0.161852 -0.399891
v 0.632852 0.308207 -0.131209
v 0.277549 0.222855 -0.252074
v 0.987173 0.174034 -0.249810
v 0.975222 0.222985 -0.107145
v 0.277982 0.335791 -0.145329
v 0.283241 0.162885 -0.390752
v -0.425889 0.241889 -0.131118
v -1.029180 0.216605 -0.108960
v -1.146890 0.140934 -0.378250
v -0.432396 0.162633 0.291487
v -1.126018 0.170585 0.250861
v -0.987629 0.250699 0.025530
v 0.959002 0.161136 0.422542
v 0.244572 0.164667 0.326574
v 0.268190 0.385160 0.131965
v 0.958571 0.242804 0.136934
v -0.450024 0.322823 0.111612
v -0.428989 0.160492 -0.407594
v 1.003804 0.163544 -0.400692
v -1.151015 -0.177066 0.171244
v 1.113763 0.076726 0.549437
v 1.165389 -0.110778 -0.352165
v -1.179827 -0.093231 -0.416229
v -1.176051 -0.032385 -0.010647
v -0.271919 0.159246 0.450730
v 1.214748 0.016226 0.064345
v 0.108593 0.043858 -0.488777
v -0.072340 0.102408 -0.456584
v -0.095758 0.417274 0.046980
v -1.129276 0.153136 0.026769
v 0.091594 0.404643 -0.025233
v -1.162188 -0.010618 -0.070101
v 0.414651 0.152366 0.501304
v 1.156630 -0.048428 -0.118218
v -0.614617 0.041020 -0.495593
v -1.166254 -0.160734 -0.151553
v -0.985408 0.159317 0.428163
v 1.156577 -0.041885 0.336496
v 0.823622 0.039293 -0.492651
v -0.086025 0.318357 -0.246694
v -0.103413 0.285345 0.318212
v -0.620870 0.269729 -0.007626
v 0.810894 0.364454 -0.000856
v 0.624428 0.355522 0.069435
v 0.605061 0.185913 0.303582
v 0.078312 0.327988 0.262971
v 0.785697 0.206682 0.255154
v -0.807289 0.299385 0.055950
v -0.786079 0.163337 0.219960
v -1.157033 0.114846 0.071248
v -0.618500 0.231061 0.165682
v -0.793249 0.112260 -0.448131
v -0.784676 0.202896 -0.167884
v -1.160482 0.038328 -0.163964
v -0.606905 0.166010 -0.247697
v 0.642011 0.109496 -0.452309
v 0.633857 0.261327 -0.193464
v 0.096290 0.237122 -0.263298
v 0.812509 0.195352 -0.253696
v -1.146222 -0.085277 0.049316
v 0.769032 0.105573 0.522898
v 1.162137 -0.081849 -0.268114
v -0.970839 0.063045 -0.494892
v -1.163368 -0.069276 -0.027389
v -0.618245 0.158857 0.445848
v 1.168939 -0.029985 0.182229
v 0.463103 0.048087 -0.484783
v -0.073814 0.197080 -0.339170
v -0.101304 0.389152 0.200556
v -0.918231 0.391603 -0.012190
v 0.459716 0.418636 -0.012031
v -1.156302 -0.011403 0.078039
v 0.074981 0.159406 0.474425
v 1.172215 -0.016537 0.002142
v -0.251418 0.032518 -0.498050
v -1.157080 -0.227552 -0.288918
v -1.155289 -0.046747 0.322241
v 1.165316 -0.050046 0.443240
v 1.157615 0.018021 -0.491993
v -0.090564 0.392989 -0.108717
v -0.096527 0.164867 0.413190
v -0.258382 0.331636 -0.019541
v 1.102357 0.166574 0.022719
v 0.618598 0.301299 0.200493
v 0.595669 0.161084 0.453296
v 0.438104 0.270822 0.235291
v 1.131454 0.142122 0.270408
v -0.808298 0.269204 0.112413
v -0.792826 0.159070 0.374938
v -0.920153 0.277204 0.226798
v -0.255443 0.274816 0.216237
v -0.787733 0.160931 -0.316568
v -0.795610 0.279590 -0.063961
v -0.941663 0.243275 -0.275599
v -0.240908 0.198793 -0.263593
v 0.639711 0.177626 -0.324262
v 0.626696 0.337768 -0.059331
v 0.460189 0.227762 -0.253327
v 1.149486 0.112979 -0.225335
v 0.977504 0.185464 -0.173793
v 0.960035 0.254513 -0.037914
v 0.803075 0.261517 -0.113752
v 1.119118 0.139485 -0.078139
v 0.277240 0.276298 -0.195753
v 0.277998 0.382431 -0.093459
v 0.096367 0.355245 -0.170078
v 0.457017 0.341668 -0.145904
v 0.284665 0.116476 -0.448786
v 0.279725 0.176652 -0.314650
v 0.104032 0.162749 -0.396008
v 0.462212 0.162973 -0.390297
v -0.423609 0.211625 -0.188275
v -0.434356 0.273621 -0.078484
v -0.608663 0.233265 -0.116547
v -0.249230 0.290372 -0.150829
v -1.056501 0.195727 -0.166871
v -1.002914 0.241240 -0.048726
v -1.143144 0.129011 -0.055444
v -0.927299 0.343429 -0.159379
v -1.132893 0.087501 -0.429087
v -1.125380 0.166442 -0.307014
v -1.162638 -0.028282 -0.300849
v -0.971173 0.161594 -0.390518
v -0.430789 0.192113 0.222869
v -0.438738 0.159380 0.368791
v -0.611285 0.159595 0.290590
v -0.253396 0.163697 0.296652
v -1.084233 0.179719 0.186037
v -1.142352 0.146422 0.319300
v -1.189095 0.017017 0.185813
v -0.956746 0.163303 0.302592
v -0.948325 0.235176 0.037783
v -0.985340 0.208515 0.091394
v -1.119072 0.158658 -0.012749
v -0.944343 0.400222 0.137003
v 0.957820 0.163661 0.344907
v 0.955607 0.158629 0.487576
v 0.778527 0.160249 0.398721
v 1.133638 0.136254 0.424259
v 0.249430 0.227143 0.280718
v 0.246550 0.159400 0.403858
v 0.069988 0.187246 0.327692
v 0.426460 0.167008 0.347651
v 0.272649 0.406132 0.059902
v 0.263211 0.346359 0.189706
v 0.085776 0.399571 0.130614
v 0.451233 0.397568 0.149208
v 0.972381 0.288908 0.085334
v 0.954689 0.201240 0.199267
v 0.794588 0.302567 0.136869
v 1.110552 0.151564 0.127888
v -0.443364 0.299033 0.048443
v -0.442059 0.278510 0.146325
v -0.633206 0.303375 0.108647
v -0.266666 0.340182 0.112624
v -0.430664 0.101285 -0.451528
v -0.425438 0.159531 -0.329219
v -0.609830 0.161344 -0.403582
v -0.248547 0.158511 -0.410435
v 1.005343 0.109317 -0.448346
v 0.996463 0.160741 -0.323079
v 0.820970 0.161149 -0.404482
v 1.157295 0.088589 -0.370763
v 1.151199 0.098630 -0.301750
v 0.818381 0.168231 -0.326133
v 0.821945 0.106752 -0.453772
v -0.248189 0.163588 -0.331946
v -0.608183 0.159397 -0.325253
v -0.611209 0.104423 -0.450488
v -0.262853 0.315002 0.169717
v -0.624875 0.265164 0.127423
v -0.626604 0.283770 0.053141
v 1.125096 0.146569 0.195568
v 0.786180 0.243964 0.186979
v 0.804916 0.355244 0.079487
v 0.445950 0.337987 0.196928
v 0.081858 0.372850 0.201833
v 0.088992 0.406647 0.053169
v 0.418364 0.159457 0.424471
v 0.072810 0.159483 0.396714
v 0.071952 0.258872 0.297600
v 1.126505 0.120323 0.500595
v 0.774327 0.161443 0.475038
v 0.785216 0.175764 0.325686
v -0.951651 0.347902 0.201142
v -1.129553 0.148278 0.013544
v -1.116169 0.162724 0.064964
v -0.973055 0.159654 0.358372
v -1.177821 -0.017857 0.254092
v -1.168325 0.061772 0.126119
v -0.263974 0.159316 0.373420
v -0.616458 0.159377 0.368146
v -0.612648 0.171169 0.213963
v -0.959252 0.189999 -0.327515
v -1.160181 0.004129 -0.232770
v -1.142718 -0.060281 -0.357737
v -0.927322 0.397150 -0.099033
v -1.132462 0.144615 -0.015624
v -1.148196 0.085785 -0.103158
v -0.258935 0.327115 -0.093918
v -0.615033 0.246316 -0.068654
v -0.606880 0.199725 -0.178139
v 0.460761 0.181537 -0.315615
v 0.099002 0.187526 -0.323652
v 0.105876 0.111004 -0.449042
v 0.460912 0.404307 -0.095494
v 0.094295 0.388310 -0.101121
v 0.097122 0.301086 -0.224109
v 1.110387 0.154092 -0.024594
v 0.806318 0.319079 -0.063301
v 0.806692 0.225150 -0.182176
v 1.143864 0.125300 -0.148855
v 0.459454 0.281947 -0.196227
v 0.462903 0.116793 -0.448600
v -0.242924 0.244225 -0.201126
v -0.923736 0.292145 -0.217921
v -0.976175 0.117030 -0.447332
v -0.250405 0.220767 0.243658
v -0.948553 0.221986 0.264821
v -0.902283 0.377044 0.062744
v 1.133554 0.138867 0.346357
v 0.432370 0.209542 0.282963
v 0.456358 0.415967 0.068589
v 1.103825 0.162264 0.072115
v -0.266032 0.347228 0.041585
v -0.250785 0.097464 -0.455554
v 1.135034 0.050023 -0.428111
v -1.152709 -0.193676 0.206349
v 1.132472 -0.006871 0.515882
v 1.151155 -0.127195 -0.384382
v -1.164925 -0.172164 -0.389624
v -1.191302 -0.021399 0.023351
v -0.184049 0.159380 0.460227
v 1.178319 0.002678 0.066161
v 0.019627 0.043193 -0.490009
v -0.070415 0.068765 -0.475754
v -0.094834 0.418322 0.005233
v -1.176012 0.075457 0.042185
v -0.000188 0.402189 -0.027328
v -1.184180 -0.022381 -0.038817
v 0.501491 0.146071 0.511120
v 1.160368 -0.061376 -0.154703
v -0.705673 0.041684 -0.490214
v -1.163292 -0.137290 -0.120681
v -0.893769 0.158875 0.436009
v 1.160653 -0.039980 0.297925
v 0.733459 0.043213 -0.493609
v -0.086157 0.278949 -0.255915
v -0.104900 0.318992 0.298472
v -0.712043 0.258144 -0.011738
v 0.717343 0.352782 0.002195
v 0.626540 0.354820 0.039744
v 0.610201 0.213864 0.277073
v -0.011447 0.347698 0.274512
v 0.697529 0.227923 0.256922
v -0.803189 0.276777 0.024366
v -0.794064 0.182294 0.186850
v -1.151267 0.031911 0.026660
v -0.709210 0.217050 0.158811
v -0.795282 0.077760 -0.466130
v -0.785032 0.185336 -0.202588
v -1.157308 -0.037803 -0.126506
v -0.696459 0.163310 -0.243032
v 0.641550 0.075062 -0.470385
v 0.635953 0.237277 -0.224046
v 0.006005 0.240668 -0.268353
v 0.725656 0.205061 -0.253725
v -1.145360 -0.104264 0.083232
v 0.860699 0.099181 0.525437
v 1.194756 -0.078446 -0.288961
v -1.059145 0.085832 -0.506546
v -1.158383 -0.052273 0.007366
v -0.530357 0.159145 0.447087
v 1.170767 -0.026742 0.145011
v 0.375732 0.048340 -0.485435
v -0.073319 0.174564 -0.370836
v -0.100010 0.396932 0.162145
v -0.976250 0.341981 -0.010486
v 0.367088 0.398446 -0.014359
v -1.149874 -0.014286 0.039890
v 0.157670 0.159397 0.472666
v 1.183693 -0.021740 -0.023396
v -0.342226 0.036411 -0.500305
v -1.170955 -0.210505 -0.256875
v -1.150360 0.037042 0.359877
v 1.184683 -0.038144 0.423346
v 1.086177 0.074435 -0.507171
v -0.088719 0.384600 -0.147828
v -0.097500 0.187470 0.381104
v -0.348048 0.310898 -0.016147
v 1.020145 0.211322 0.017535
v 0.619719 0.321968 0.167046
v 0.598685 0.159496 0.414441
v 0.346481 0.274106 0.228592
v 1.046745 0.177929 0.270622
v -0.813676 0.284685 0.101984
v -0.787995 0.159317 0.337114
v -1.027219 0.243907 0.201292
v -0.345908 0.259968 0.204374
v -0.789150 0.159304 -0.355373
v -0.787614 0.272208 -0.074950
v -1.045674 0.229892 -0.261013
v -0.332001 0.187042 -0.258343
v 0.639683 0.164196 -0.360777
v 0.627394 0.321745 -0.094943
v 0.369757 0.224290 -0.252114
v 1.078550 0.170271 -0.237844
v 0.982751 0.182852 -0.212214
v 0.968366 0.236809 -0.071478
v 0.716299 0.280406 -0.118048
v 1.054124 0.193048 -0.098277
v 0.277401 0.249197 -0.223676
v 0.277907 0.356089 -0.122687
v 0.005434 0.362092 -0.178517
v 0.369200 0.327300 -0.137102
v 0.284971 0.081622 -0.466009
v 0.280768 0.164649 -0.351671
v 0.012669 0.162824 -0.397733
v 0.372496 0.162985 -0.391266
v -0.423327 0.193464 -0.218555
v -0.431046 0.254635 -0.107555
v -0.699397 0.242820 -0.112404
v -0.337583 0.265958 -0.140941
v -1.074005 0.190971 -0.201353
v -1.004085 0.227218 -0.082467
v -1.151462 0.037798 -0.032335
v -0.992272 0.298924 -0.126190
v -1.143023 0.076788 -0.458818
v -1.134446 0.153102 -0.342404
v -1.167802 -0.111328 -0.261594
v -1.062875 0.174859 -0.390861
v -0.432857 0.217999 0.202299
v -0.434834 0.159485 0.330135
v -0.698583 0.159456 0.292717
v -0.341302 0.163673 0.295572
v -1.064446 0.177786 0.152907
v -1.140334 0.159167 0.285699
v -1.164616 -0.061324 0.144366
v -1.043149 0.166375 0.290431
v -1.002308 0.256110 0.036219
v -1.001640 0.228231 0.057954
v -1.157124 0.074335 -0.005979
v -0.981893 0.334123 0.072741
v 0.956843 0.171654 0.306823
v 0.960256 0.159634 0.449850
v 0.686909 0.160089 0.391121
v 1.051267 0.172443 0.421790
v 0.252887 0.258700 0.258832
v 0.243686 0.159861 0.365104
v -0.010898 0.206158 0.341965
v 0.334925 0.165752 0.338388
v 0.274452 0.409254 0.020512
v 0.266780 0.364950 0.165235
v -0.006012 0.403680 0.127683
v 0.360523 0.380131 0.132462
v 0.971198 0.291361 0.055957
v 0.955022 0.221938 0.169569
v 0.703378 0.302748 0.120894
v 1.033552 0.202053 0.138956
v -0.440787 0.296493 0.017970
v -0.446180 0.289655 0.125721
v -0.724646 0.291905 0.111752
v -0.358297 0.330931 0.112883
v -0.431702 0.068493 -0.473723
v -0.425193 0.159267 -0.368202
v -0.700374 0.162823 -0.401384
v -0.340171 0.159771 -0.409325
v 0.993763 0.094678 -0.482791
v 1.000185 0.160083 -0.361309
v 0.731872 0.161468 -0.399363
v 1.100639 0.159119 -0.394217
v -1.148730 -0.159564 0.136596
v 1.034779 0.123079 0.558969
v 1.200377 -0.094300 -0.348408
v -1.183965 -0.005080 -0.441785
v -1.139762 -0.042964 -0.019454
v -0.353546 0.158939 0.449603
v 1.206873 0.004670 0.100816
v 0.198185 0.047838 -0.490022
v -0.071880 0.137057 -0.438996
v -0.096132 0.411184 0.085518
v -1.049189 0.198034 0.024822
v 0.183655 0.404141 -0.021666
v -1.148113 -0.015554 -0.036884
v 0.329282 0.158056 0.492438
v 1.155583 -0.042001 -0.081131
v -0.523010 0.037975 -0.494696
v -1.167800 -0.177301 -0.186682
v -1.076638 0.175444 0.415406
v 1.154841 -0.044507 0.375249
v 0.915523 0.041588 -0.491233
v -0.089742 0.345440 -0.216882
v -0.099640 0.251605 0.336627
v -0.529536 0.280872 -0.009224
v 0.905078 0.350701 0.003809
v 0.617603 0.344700 0.093436
v 0.603051 0.166665 0.337307
v 0.166819 0.308056 0.248189
v 0.870975 0.192832 0.260371
v -0.814535 0.296101 0.081465
v -0.781950 0.159865 0.258603
v -1.099148 0.168271 0.113759
v -0.527497 0.238990 0.178476
v -0.791727 0.148233 -0.431091
v -0.784902 0.225133 -0.135947
v -1.142759 0.118817 -0.200432
v -0.515081 0.170018 -0.250167
v 0.640119 0.144955 -0.435227
v 0.633813 0.286342 -0.163714
v 0.185924 0.228847 -0.258494
v 0.901661 0.184472 -0.248776
v -1.155529 -0.067021 0.016200
v 0.677339 0.111837 0.520109
v 1.153853 -0.074748 -0.230820
v -0.888499 0.048028 -0.484513
v -1.159519 -0.086979 -0.061770
v -0.709672 0.158990 0.445543
v 1.168591 -0.033521 0.220918
v 0.554755 0.050447 -0.489101
v -0.074880 0.222824 -0.310080
v -0.102873 0.372987 0.239262
v -0.846810 0.343867 -0.006814
v 0.543848 0.391057 -0.002310
v -1.193724 -0.010645 0.088669
v -0.010774 0.160001 0.473667
v 1.165007 -0.012585 0.024228
v -0.160179 0.030885 -0.498946
v -1.154306 -0.243667 -0.324169
v -1.156577 -0.129975 0.283108
v 1.131009 -0.064281 0.454012
v 1.167662 -0.064366 -0.452389
v -0.090638 0.397599 -0.068863
v -0.099384 0.159813 0.451629
v -0.169221 0.354684 -0.021952
v 1.146169 0.085548 0.026832
v 0.613664 0.273679 0.227627
v 0.591899 0.156292 0.491694
v 0.526381 0.259974 0.242053
v 1.158390 0.054048 0.264455
v -0.804150 0.239981 0.137448
v -0.797352 0.159239 0.410027
v -0.857698 0.257750 0.195682
v -0.164772 0.289845 0.224490
v -0.785716 0.162804 -0.276803
v -0.802499 0.271261 -0.052126
v -0.862016 0.209148 -0.248555
v -0.157082 0.215652 -0.271199
v 0.639370 0.195403 -0.289626
v 0.624822 0.340033 -0.033760
v 0.552135 0.231108 -0.256708
v 1.160884 0.022377 -0.208827
v 0.975515 0.198367 -0.137203
v 0.977729 0.285408 -0.017791
v 0.893855 0.247734 -0.107818
v 1.158984 0.056802 -0.066247
v 0.277477 0.305703 -0.170050
v 0.277077 0.394236 -0.056556
v 0.187007 0.341685 -0.159026
v 0.549298 0.335132 -0.142080
v 0.285646 0.149874 -0.427996
v 0.278068 0.198812 -0.282692
v 0.192630 0.162716 -0.393586
v 0.552881 0.164144 -0.391001
v -0.423953 0.228279 -0.159558
v -0.437446 0.286061 -0.047467
v -0.516925 0.231002 -0.123344
v -0.159435 0.310787 -0.153136
v -1.033177 0.206527 -0.137525
v -1.004869 0.255268 -0.015434
v -1.072463 0.182372 -0.081235
v -0.842280 0.307231 -0.131682
v -1.146952 0.125126 -0.415849
v -1.110335 0.178012 -0.268822
v -1.146839 0.053375 -0.340114
v -0.879611 0.162490 -0.391536
v -0.430327 0.167513 0.253034
v -0.440138 0.159326 0.407620
v -0.522458 0.160306 0.290886
v -0.165676 0.181368 0.309292
v -1.107103 0.175827 0.217274
v -1.144944 0.133631 0.355927
v -1.168522 0.097466 0.224736
v -0.866357 0.160372 0.302434
v -0.947701 0.246205 0.025771
v -0.998821 0.189365 0.122326
v -1.032224 0.188110 0.003436
v -0.842795 0.379509 0.148440
v 0.958480 0.161659 0.383646
v 0.955465 0.127986 0.513174
v 0.870126 0.160234 0.407239
v 1.158861 0.045528 0.419975
v 0.246327 0.195745 0.303279
v 0.244375 0.159403 0.442663
v 0.154495 0.171738 0.321860
v 0.515572 0.164423 0.359366
v 0.270900 0.393337 0.096824
v 0.260321 0.320692 0.215426
v 0.177306 0.390532 0.131947
v 0.542140 0.383460 0.149376
v 0.964034 0.269590 0.114884
v 0.953733 0.186742 0.235298
v 0.880112 0.277087 0.131601
v 1.151384 0.069226 0.124855
v -0.448042 0.308206 0.075557
v -0.439132 0.267338 0.169466
v -0.541678 0.313882 0.109714
v -0.175572 0.353560 0.110298
v -0.428933 0.139219 -0.440232
v -0.423438 0.163307 -0.290573
v -0.517948 0.161179 -0.405589
v -0.158952 0.159067 -0.412815
v 1.005545 0.142783 -0.434892
v 0.991811 0.164791 -0.287276
v 0.912691 0.161636 -0.402524
v 1.182767 0.003831 -0.344222
v 1.152384 0.092173 -0.340373
v 1.149832 0.105113 -0.263561
v 1.090712 0.166539 -0.314951
v 1.162522 0.008513 -0.285363
v 0.819755 0.162562 -0.365362
v 0.815455 0.179545 -0.289073
v 0.729878 0.168991 -0.322425
v 0.907811 0.163554 -0.323405
v 0.822558 0.072449 -0.472404
v 0.821680 0.143116 -0.439281
v 0.731987 0.108919 -0.451617
v 0.913611 0.104727 -0.447806
v -0.248296 0.161697 -0.370791
v -0.245868 0.177088 -0.295552
v -0.336240 0.163062 -0.331412
v -0.156956 0.171777 -0.334986
v -0.609001 0.159305 -0.364095
v -0.606407 0.159773 -0.286434
v -0.700010 0.159399 -0.323056
v -0.516257 0.159551 -0.327164
v -0.613218 0.070531 -0.470357
v -0.609629 0.141764 -0.437401
v -0.703063 0.108329 -0.450435
v -0.521155 0.103640 -0.452138
v -0.265784 0.324424 0.137384
v -0.258115 0.294865 0.192522
v -0.351944 0.293796 0.158139
v -0.172768 0.334287 0.173580
v -0.629574 0.279494 0.111725
v -0.621727 0.253046 0.148463
v -0.716768 0.267384 0.120820
v -0.533209 0.269524 0.136028
v -0.624050 0.280306 0.023083
v -0.630709 0.287444 0.078302
v -0.718569 0.286302 0.055028
v -0.534668 0.287619 0.050881
v 1.115912 0.146915 0.157677
v 1.127015 0.143699 0.233276
v 1.042691 0.187057 0.202201
v 1.153615 0.059143 0.186964
v 0.789955 0.268442 0.157045
v 0.785165 0.225997 0.221429
v 0.699640 0.266609 0.189567
v 0.873134 0.223284 0.188988
v 0.810001 0.368816 0.042058
v 0.799353 0.332411 0.111862
v 0.712926 0.351045 0.066497
v 0.897898 0.339697 0.085573
v 0.447938 0.376295 0.181951
v 0.440885 0.303574 0.214257
v 0.354301 0.336715 0.185478
v 0.533085 0.327071 0.202546
v 0.084154 0.388753 0.168211
v 0.079226 0.347717 0.230825
v -0.008869 0.388768 0.205780
v 0.171975 0.356495 0.195516
v 0.090286 0.407017 0.014399
v 0.087409 0.405590 0.092199
v -0.002892 0.405883 0.050268
v 0.180479 0.406370 0.055720
v 0.422647 0.160222 0.385699
v 0.415048 0.161118 0.463451
v 0.330260 0.159415 0.414983
v 0.508648 0.159383 0.436460
v 0.071399 0.163227 0.357968
v 0.074598 0.159383 0.435553
v -0.016609 0.161496 0.396427
v 0.163879 0.159360 0.395359
v 0.073561 0.293821 0.280958
v 0.069006 0.222313 0.310738
v -0.014793 0.276644 0.310108
v 0.158614 0.240693 0.286038
v 1.134873 0.135329 0.464622
v 1.106256 0.087457 0.513650
v 1.048322 0.169388 0.500651
v 1.146833 0.033990 0.468547
v 0.776566 0.159384 0.435495
v 0.771954 0.142527 0.509456
v 0.682492 0.162189 0.468879
v 0.866174 0.160384 0.481148
v 0.784945 0.193666 0.291102
v 0.781201 0.162973 0.361956
v 0.693851 0.177227 0.315757
v 0.872117 0.170907 0.334314
v -0.948834 0.378258 0.174506
v -0.944099 0.312789 0.221346
v -1.020225 0.290832 0.138339
v -0.855025 0.319655 0.182003
v -1.120099 0.156748 0.005539
v -1.148329 0.130987 0.043090
v -1.156311 0.073830 -0.033027
v -1.068730 0.190112 0.055207
v -1.122076 0.156769 0.064162
v -1.117952 0.160779 0.026051
v -1.157316 0.080684 0.070963
v -1.024734 0.182007 0.058738
v -0.964539 0.161239 0.320492
v -0.980045 0.159451 0.389675
v -1.060021 0.183879 0.339959
v -0.882115 0.159400 0.370371
v -1.186702 -0.000605 0.220398
v -1.163258 -0.030775 0.287768
v -1.161970 -0.097035 0.213125
v -1.150824 0.059427 0.288585
v -1.166726 0.095256 0.103835
v -1.180282 0.036845 0.153528
v -1.148917 -0.005057 0.094218
v -1.153611 0.133626 0.159709
v -0.259738 0.163389 0.334983
v -0.268043 0.159365 0.412068
v -0.352275 0.159393 0.372303
v -0.172345 0.163603 0.383622
v -0.614641 0.159404 0.329316
v -0.617598 0.159156 0.406993
v -0.706258 0.159315 0.369091
v -0.525157 0.159364 0.369356
v -0.615006 0.198039 0.185888
v -0.611136 0.163082 0.251869
v -0.703973 0.166663 0.215360
v -0.521692 0.179847 0.216196
v -0.971097 0.163362 -0.351415
v -0.949470 0.211525 -0.296666
v -1.042452 0.185870 -0.322392
v -0.877733 0.171136 -0.314625
v -1.163833 -0.012880 -0.267510
v -1.154890 0.019735 -0.197595
v -1.161665 -0.078387 -0.192198
v -1.145594 0.084517 -0.270080
v -1.158497 -0.072548 -0.391176
v -1.151455 -0.044822 -0.334202
v -1.145888 -0.144164 -0.325986
v -1.147755 0.026455 -0.382991
v -0.926861 0.373679 -0.132391
v -0.926314 0.402191 -0.048723
v -0.991680 0.329951 -0.089509
v -0.829256 0.369446 -0.085874
v -1.137636 0.137410 -0.042569
v -1.127989 0.150414 0.022561
v -1.148209 0.054485 0.001048
v -1.047542 0.181763 -0.029642
v -1.151392 0.061651 -0.133707
v -1.145763 0.113489 -0.074923
v -1.153777 0.012456 -0.068526
v -1.121979 0.157294 -0.136096
v -0.256415 0.309078 -0.128546
v -0.258914 0.329818 -0.057063
v -0.347089 0.301450 -0.087192
v -0.168905 0.345876 -0.097630
v -0.613161 0.233775 -0.097200
v -0.619264 0.258315 -0.043051
v -0.706374 0.257605 -0.070363
v -0.523160 0.251418 -0.069201
v -0.606525 0.179128 -0.211118
v -0.607411 0.221619 -0.145987
v -0.697410 0.193677 -0.172388
v -0.515180 0.205436 -0.181163
v 0.461122 0.166320 -0.351382
v 0.460007 0.201960 -0.282553
v 0.369701 0.178414 -0.314847
v 0.551646 0.182111 -0.316845
v 0.099573 0.168724 -0.357663
v 0.098563 0.213701 -0.294881
v 0.007062 0.187756 -0.325401
v 0.188613 0.179819 -0.318911
v 0.106214 0.076353 -0.467607
v 0.105228 0.146366 -0.431495
v 0.013957 0.109977 -0.450560
v 0.194860 0.113594 -0.449273
v 0.457289 0.371477 -0.120342
v 0.459893 0.415614 -0.054502
v 0.370024 0.375786 -0.087799
v 0.551625 0.389690 -0.085954
v 0.095339 0.372122 -0.136905
v 0.092897 0.397013 -0.063193
v 0.002738 0.392050 -0.105720
v 0.185910 0.381379 -0.095853
v 0.094774 0.264398 -0.238490
v 0.096981 0.328735 -0.198567
v 0.006588 0.313205 -0.237919
v 0.186617 0.287093 -0.207021
v 1.115352 0.146509 -0.053961
v 1.106669 0.159795 0.013446
v 1.036612 0.207627 -0.040359
v 1.147752 0.071554 -0.008871
v 0.804374 0.283923 -0.081325
v 0.810504 0.348536 -0.037113
v 0.715571 0.314487 -0.048243
v 0.898832 0.308648 -0.060488
v 0.810096 0.210110 -0.217838
v 0.803561 0.241626 -0.147128
v 0.721335 0.243916 -0.186571
v 0.894015 0.210843 -0.176031
v 1.147748 0.119425 -0.186969
v 1.130240 0.130145 -0.113132
v 1.069003 0.177050 -0.165810
v 1.159517 0.035900 -0.132561
v 0.460661 0.254934 -0.224246
v 0.458730 0.310854 -0.170009
v 0.369127 0.272916 -0.192233
v 0.549530 0.276082 -0.192583
v 0.463005 0.081593 -0.465161
v 0.462786 0.149942 -0.427531
v 0.370949 0.116384 -0.448528
v 0.554795 0.117437 -0.449123
v -0.242205 0.222808 -0.232978
v -0.243818 0.264302 -0.172286
v -0.332747 0.224995 -0.194855
v -0.153997 0.265206 -0.212069
v -0.933545 0.267282 -0.246140
v -0.924199 0.318667 -0.189462
v -1.028147 0.263687 -0.194456
v -0.854957 0.254603 -0.185821
v -0.978079 0.088022 -0.465333
v -0.971877 0.151868 -0.428743
v -1.066989 0.136145 -0.459148
v -0.885099 0.115822 -0.447577
v -0.252567 0.248813 0.224097
v -0.249276 0.193824 0.271985
v -0.339714 0.200974 0.233056
v -0.162206 0.241414 0.259693
v -0.948066 0.250546 0.238173
v -0.952109 0.189639 0.286274
v -1.020135 0.183374 0.221800
v -0.868171 0.190557 0.232260
v -0.909233 0.372491 0.028247
v -0.937118 0.395619 0.086379
v -0.927963 0.314520 0.021810
v -0.837091 0.359766 0.070225
v 1.131211 0.139962 0.307945
v 1.133668 0.137615 0.385302
v 1.049649 0.172490 0.344027
v 1.158833 0.049842 0.342176
v 0.435288 0.239105 0.257782
v 0.429425 0.185755 0.313641
v 0.340643 0.215656 0.279185
v 0.520995 0.200481 0.291498
v 0.458250 0.414559 0.026802
v 0.452608 0.412141 0.111024
v 0.364851 0.398468 0.062099
v 0.546100 0.405641 0.074242
v 1.099539 0.168191 0.058534
v 1.108545 0.158478 0.112231
v 1.034524 0.221238 0.088209
v 1.156009 0.086270 0.073978
v -0.262162 0.340192 0.010898
v -0.267906 0.344939 0.076466
v -0.353568 0.319030 0.045572
v -0.180575 0.381239 0.044359
v -0.251351 0.065877 -0.478123
v -0.248914 0.134188 -0.441363
v -0.342211 0.100062 -0.453185
v -0.161241 0.096363 -0.457151
v 1.140019 0.031396 -0.458730
v 1.150795 0.072975 -0.400739
v 1.081518 0.112379 -0.447700
v 1.154676 -0.027589 -0.389938
v 1.162841 -0.011638 -0.363602
v 1.100868 0.145488 -0.431733
v 1.081735 0.078779 -0.467812
v -0.161966 0.132972 -0.442103
v -0.337912 0.137614 -0.441494
v -0.341974 0.067615 -0.477041
v -0.180800 0.374349 0.077741
v -0.357327 0.323469 0.074275
v -0.350586 0.314781 0.014963
v 1.151168 0.078381 0.098373
v 1.035558 0.213137 0.101753
v 1.016609 0.209918 0.055226
v 0.545321 0.402796 0.114727
v 0.362455 0.388929 0.099077
v 0.366290 0.407689 0.025103
v 0.518142 0.177866 0.322982
v 0.337776 0.189375 0.307664
v 0.343571 0.244275 0.253374
v 1.157959 0.047465 0.380945
v 1.050313 0.172754 0.382902
v 1.049006 0.172395 0.305125
v -0.838477 0.387675 0.103215
v -0.954597 0.341637 0.041406
v -0.964917 0.326953 0.009783
v -0.867137 0.169672 0.264347
v -1.028980 0.163798 0.254253
v -1.002033 0.215295 0.210859
v -0.166334 0.213138 0.286733
v -0.339044 0.177339 0.259372
v -0.342256 0.230812 0.213082
v -0.883613 0.150931 -0.428744
v -1.065123 0.164600 -0.431350
v -1.058586 0.099607 -0.468929
v -0.849729 0.275152 -0.152986
v -1.019693 0.273541 -0.157818
v -1.031186 0.243627 -0.227632
v -0.155102 0.286734 -0.180534
v -0.333298 0.243270 -0.166100
v -0.332161 0.205527 -0.223776
v 0.554098 0.150172 -0.427755
v 0.370851 0.150057 -0.428119
v 0.373251 0.081492 -0.465373
v 0.547792 0.303488 -0.165057
v 0.368786 0.297819 -0.162345
v 0.369246 0.246521 -0.220394
v 1.158155 0.048879 -0.095777
v 1.063647 0.181043 -0.127496
v 1.074305 0.173250 -0.199331
v 0.892739 0.226445 -0.140399
v 0.718958 0.262344 -0.152393
v 0.723071 0.225404 -0.220707
v 0.902935 0.337908 -0.032947
v 0.719081 0.329882 -0.029716
v 0.716150 0.301912 -0.085627
v 1.147961 0.078081 0.023648
v 1.030391 0.210474 -0.002079
v 1.038721 0.197666 -0.062895
v 0.186961 0.316198 -0.182243
v 0.006437 0.341494 -0.209746
v 0.005648 0.273669 -0.247421
v 0.184876 0.395214 -0.059526
v 0.001270 0.398400 -0.066804
v 0.004134 0.379686 -0.142959
v 0.549670 0.394512 -0.041866
v 0.368782 0.386928 -0.049405
v 0.369757 0.357224 -0.111972
v 0.196976 0.147823 -0.429826
v 0.013321 0.145402 -0.432680
v 0.017051 0.075909 -0.469133
v 0.187439 0.204919 -0.289125
v 0.006575 0.212962 -0.295821
v 0.011369 0.168995 -0.359166
v 0.551943 0.203561 -0.284431
v 0.368978 0.199079 -0.281911
v 0.371321 0.163160 -0.352223
v -0.515433 0.222244 -0.150564
v -0.698559 0.220324 -0.144094
v -0.697073 0.173316 -0.205493
v -0.527857 0.269156 -0.043837
v -0.711226 0.259869 -0.047661
v -0.702917 0.251970 -0.089101
v -0.170172 0.353719 -0.060851
v -0.347679 0.305616 -0.053027
v -0.343887 0.281405 -0.120118
v -1.100491 0.174151 -0.107853
v -1.151386 0.029437 -0.034559
v -1.153667 -0.014222 -0.096788
v -1.046654 0.192393 0.007289
v -1.154001 0.062079 0.013171
v -1.151711 0.046394 -0.028903
v -0.837295 0.358517 -0.042305
v -0.976314 0.345608 -0.052589
v -0.987044 0.317824 -0.124285
v -1.148166 0.038279 -0.374060
v -1.159110 -0.127960 -0.295618
v -1.155894 -0.159173 -0.360405
v -1.146255 0.103194 -0.235846
v -1.160207 -0.061267 -0.157347
v -1.164327 -0.095445 -0.226983
v -0.871055 0.188837 -0.280549
v -1.032832 0.205250 -0.290050
v -1.051829 0.164812 -0.354766
v -0.520679 0.165844 0.252352
v -0.700507 0.162336 0.254003
v -0.705984 0.185387 0.181619
v -0.526329 0.159267 0.408256
v -0.708016 0.159303 0.407907
v -0.702368 0.159196 0.331409
v -0.176650 0.159544 0.422075
v -0.349017 0.159311 0.411028
v -0.345151 0.160550 0.334118
v -1.154390 0.108825 0.190345
v -1.155653 -0.036988 0.115397
v -1.151115 0.013073 0.060808
v -1.149613 0.046322 0.325149
v -1.156578 -0.113428 0.247951
v -1.166168 -0.079852 0.178511
v -0.888942 0.159173 0.401952
v -1.069645 0.181686 0.377701
v -1.055658 0.172446 0.313689
v -1.030856 0.193616 0.021591
v -1.156877 0.077752 0.032183
v -1.160718 0.074332 0.076621
v -1.081729 0.180036 0.080471
v -1.150350 0.051278 -0.002847
v -1.155382 0.075164 -0.018578
v -0.856780 0.293778 0.181359
v -1.030797 0.270731 0.171204
v -0.988414 0.309842 0.109058
v 0.872582 0.164815 0.372664
v 0.689772 0.162784 0.352678
v 0.697470 0.201685 0.285626
v 0.863705 0.135332 0.511919
v 0.680214 0.148123 0.505441
v 0.684834 0.159376 0.429951
v 1.135285 0.018921 0.487006
v 1.047121 0.136219 0.523771
v 1.051340 0.174560 0.460465
v 0.156626 0.206612 0.304629
v -0.014704 0.239875 0.323257
v -0.012932 0.310916 0.291906
v 0.163261 0.159386 0.434211
v -0.016832 0.159637 0.435260
v -0.013102 0.170838 0.358424
v 0.504440 0.161181 0.475431
v 0.332983 0.159959 0.453800
v 0.331119 0.159792 0.376133
v 0.178852 0.400346 0.094276
v -0.004350 0.406023 0.088837
v -0.001193 0.409806 0.011272
v 0.169738 0.334812 0.223040
v -0.010460 0.368587 0.240111
v -0.007545 0.396566 0.166588
v 0.531927 0.292717 0.221657
v 0.351485 0.309460 0.213238
v 0.358461 0.356387 0.161198
v 0.888471 0.307396 0.109215
v 0.708286 0.328005 0.091720
v 0.717002 0.376528 0.034090
v 0.871142 0.206737 0.224087
v 0.698768 0.245750 0.222390
v 0.700329 0.283438 0.154512
v 1.155024 0.055952 0.225727
v 1.044907 0.174185 0.232408
v 1.040786 0.189268 0.163429
v -0.538952 0.294131 0.076953
v -0.722781 0.288071 0.079907
v -0.715998 0.277738 0.021624
v -0.530206 0.258170 0.158356
v -0.713189 0.249888 0.138378
v -0.721722 0.279703 0.107884
v -0.167546 0.311291 0.199326
v -0.348258 0.279006 0.180362
v -0.355423 0.303594 0.133421
v -0.518673 0.140879 -0.438944
v -0.701507 0.145268 -0.436257
v -0.704313 0.074155 -0.468865
v -0.515336 0.162595 -0.288391
v -0.699178 0.161241 -0.284218
v -0.700944 0.159389 -0.362120
v -0.157262 0.190755 -0.301063
v -0.332231 0.170413 -0.293504
v -0.340218 0.160152 -0.369961
v 0.913671 0.142884 -0.437074
v 0.731987 0.144554 -0.434940
v 0.732807 0.074288 -0.470291
v 0.904656 0.174362 -0.286196
v 0.727986 0.186313 -0.287688
v 0.731510 0.161028 -0.360057
v 1.161796 0.015464 -0.247054
v 1.082460 0.166592 -0.276379
v 1.094972 0.160897 -0.353343
v 1.163710 0.002355 -0.319615
v 0.910871 0.160780 -0.363008
v 0.914365 0.072317 -0.467147
v -0.157401 0.162851 -0.373431
v -0.517102 0.159294 -0.366047
v -0.521698 0.070521 -0.473501
v -0.176656 0.345553 0.147791
v -0.537683 0.281191 0.118590
v -0.532183 0.285753 0.020577
v 1.150647 0.062236 0.148319
v 0.876278 0.248766 0.159829
v 0.903773 0.353492 0.048353
v 0.539210 0.357465 0.178578
v 0.175311 0.375729 0.167318
v 0.182190 0.408278 0.016505
v 0.512516 0.159800 0.397799
v 0.161225 0.160516 0.357416
v 0.162804 0.275272 0.268689
v 1.151467 0.048270 0.431995
v 0.868864 0.159424 0.442379
v 0.871893 0.177204 0.295958
v -0.848145 0.353947 0.168780
v -1.034710 0.179563 0.038518
v -1.035384 0.182385 0.043899
v -0.875053 0.159395 0.339998
v -1.154473 0.074953 0.253138
v -1.125331 0.151760 0.139926
v -0.169286 0.164189 0.344826
v -0.524304 0.159421 0.329705
v -0.524225 0.210992 0.192800
v -0.880986 0.161864 -0.352236
v -1.143137 0.068298 -0.305420
v -1.159377 0.004424 -0.413216
v -0.832614 0.343978 -0.117336
v -1.060664 0.185473 -0.059062
v -1.135374 0.133132 -0.162931
v -0.168032 0.334260 -0.134809
v -0.521378 0.237970 -0.102244
v -0.514855 0.185136 -0.214323
v 0.552322 0.165238 -0.351832
v 0.190122 0.163932 -0.354389
v 0.196107 0.078893 -0.466777
v 0.551196 0.366127 -0.118139
v 0.186171 0.361438 -0.126949
v 0.185955 0.255961 -0.230632
v 1.151885 0.063251 -0.038467
v 0.895030 0.274015 -0.079469
v 0.897541 0.196467 -0.212009
v 1.160062 0.029165 -0.170819
v 0.550786 0.250865 -0.222137
v 0.554883 0.082890 -0.467060
v -0.153664 0.243788 -0.244558
v -0.861262 0.232555 -0.217380
v -0.886644 0.079579 -0.461740
v -0.164217 0.271097 0.237864
v -0.866067 0.221897 0.208534
v -0.841060 0.348486 0.032317
v 1.158735 0.051773 0.303318
v 0.523576 0.228268 0.264437
v 0.542888 0.393629 0.035044
v 1.146763 0.088984 0.059890
v -0.175264 0.370427 0.006964
v -0.160610 0.064241 -0.479000
v 1.148518 -0.048894 -0.422007
vn 0.3090 0.9511 -0.0000
vn 0.8090 0.5878 -0.0000
vn 1.0000 -0.0000 -0.0000
vn 0.8090 -0.5878 -0.0000
vn 0.3090 -0.9511 -0.0000
vn -0.3090 -0.9511 -0.0000
vn -0.8090 -0.5878 -0.0000
vn -1.0000 -0.0000 -0.0000
vn -0.0000 -0.0000 1.0000
vn -0.8090 0.5878 -0.0000
vn -0.3090 0.9511 -0.0000
vn -0.0000 -0.0000 -1.0000
vn 0.9597 0.2811 -0.0000
vn -0.4270 -0.9043 -0.0000
vn -0.0000 0.3858 -0.9226
vn 0.9946 -0.1034 -0.0000
vn -0.0000 1.0000 -0.0000
vn 0.3158 0.9488 -0.0000
vn -0.3158 0.9488 -0.0000
vn -0.0000 0.3858 0.9226
vn -0.9597 0.2811 -0.0000
vn 0.4270 -0.9043 -0.0000
vn -0.9946 -0.1034 -0.0000
vn -0.2594 -0.4829 -0.8364
vn -0.2594 -0.4829 0.8364
vn -0.2594 0.4829 -0.8364
vn 0.2594 0.4829 0.8364
vn 0.2594 -0.4829 -0.8364
vn 0.2594 0.4829 -0.8364
vn 0.2594 -0.0000 0.9658
vn -0.2594 0.4829 0.8364
vn -0.2594 -0.0000 0.9658
vn -0.2594 -0.9658 -0.0000
vn 0.2594 -0.8364 0.4829
vn -0.2594 -0.8364 0.4829
vn 0.2594 -0.0000 -0.9658
vn -0.2594 -0.0000 -0.9658
vn -0.2594 0.8364 0.4829
vn 0.2594 0.9658 -0.0000
vn -0.2594 0.8364 -0.4829
vn -0.2594 0.9658 -0.0000
vn -0.2594 -0.8364 -0.4829
vn 0.2594 0.8364 0.4829
vn 0.2594 0.8364 -0.4829
vn 0.2594 -0.4829 0.8364
vn 0.2594 -0.9658 -0.0000
vn 0.2594 -0.8364 -0.4829
vn 0.3114 -0.0000 0.9503
vn 0.3047 0.1908 0.9332
vn -0.3114 -0.0000 0.9503
vn 0.3047 -0.1908 -0.9332
vn -0.3114 -0.0000 -0.9503
vn 0.3114 -0.0000 -0.9503
vn -0.2481 0.5232 -0.8153
vn -0.3047 0.1908 0.9331
vn -0.2481 0.5232 0.8153
vn 0.3047 -0.1908 0.9331
vn -0.2481 -0.5232 -0.8153
vn -0.0000 -0.8106 0.5856
vn -0.2481 -0.5232 0.8153
vn -0.3047 0.1908 -0.9331
vn -0.0000 -0.8106 -0.5856
vn 0.2481 -0.5232 0.8153
vn -0.3047 -0.1908 0.9331
vn 0.3047 0.1908 -0.9331
vn 0.2481 0.5232 0.8153
vn -0.0000 0.8106 -0.5856
vn -0.0000 0.8106 0.5856
vn 0.2481 -0.5232 -0.8153
vn -0.3047 -0.1908 -0.9331
vn 0.2481 0.5232 -0.8153
vn 0.3047 0.1908 -0.9332
vn 0.3047 -0.1908 -0.9331
vn 0.4369 -0.2708 -0.8578
vn -0.0000 -0.5856 -0.8106
vn -0.0000 -0.2929 -0.9561
vn -0.0000 -0.2368 -0.9715
vn 0.3420 0.5255 -0.7790
vn 0.3943 -0.2694 -0.8786
vn 0.8252 -0.2759 -0.4929
vn 0.9611 -0.2763 -0.0000
vn 0.9604 -0.2787 -0.0000
vn -0.3943 -0.2694 -0.8786
vn -0.0000 -0.2929 0.9561
vn -0.3943 -0.2694 0.8786
vn -0.4369 -0.2708 0.8578
vn 0.8252 -0.2759 0.4929
vn 0.8043 -0.2770 0.5256
vn -0.8043 -0.2770 0.5256
vn -0.8252 -0.2759 0.4929
vn -0.8252 -0.2759 -0.4929
vn -0.9611 -0.2763 -0.0000
vn -0.8043 -0.2770 -0.5256
vn 0.4369 -0.2708 0.8578
vn 0.3943 -0.2694 0.8786
vn 0.8043 -0.2770 -0.5256
vn -0.9604 -0.2787 -0.0000
vn -0.4369 -0.2708 -0.8578
vn -0.0000 -0.2368 0.9715
vn -0.0000 0.9192 -0.3937
vn 0.1530 0.9591 -0.2383
vn -0.6742 0.5791 0.4583
vn -0.6742 0.5791 -0.4584
vn 0.3420 0.5255 0.7790
vn 0.6742 0.5791 -0.4583
vn -0.8130 0.5822 -0.0000
vn -0.3420 0.5255 -0.7790
vn -0.0000 0.4079 0.9130
vn 0.8130 0.5822 -0.0000
vn -0.0000 0.4079 -0.9130
vn -0.3420 0.5255 0.7790
vn 0.6742 0.5791 0.4584
vn 0.1943 0.9762 0.0968
vn 0.2028 0.9792 -0.0000
vn -0.1943 0.9762 0.0968
vn -0.1530 0.9591 0.2383
vn -0.1943 0.9762 -0.0968
vn 0.1530 0.9591 0.2383
vn 0.1943 0.9762 -0.0968
vn -0.2028 0.9792 -0.0000
vn -0.1530 0.9591 -0.2383
vn -0.0000 0.9192 0.3937
vn 0.3047 -0.9331 0.1908
vn -0.3047 -0.9331 0.1908
vn -0.3114 -0.9503 -0.0000
vn -0.2481 -0.8153 0.5232
vn 0.2481 -0.8153 -0.5232
vn -0.3047 -0.9331 -0.1908
vn 0.2481 -0.8153 0.5232
vn 0.3047 -0.9331 -0.1908
vn -0.2481 -0.8153 -0.5232
vn -0.0000 -0.5856 0.8106
vn 0.3114 -0.9503 -0.0000
vn 0.6742 0.5791 0.4583
vn -0.0000 -0.2369 -0.9715
vn -0.0000 -0.2369 0.9715
vn -0.6742 0.5791 -0.4583
vn -0.3420 0.5256 -0.7790
vn -0.1331 -0.0000 -0.9911
vn -0.1136 0.5266 -0.8425
vn -0.1339 -0.0000 -0.9910
vn 0.0984 -0.4806 0.8714
vn -0.1331 -0.8584 0.4955
vn 0.0698 -0.8432 0.5330
vn -0.0566 -0.8922 -0.4481
vn -0.1331 -0.4955 -0.8583
vn -0.1136 -0.5266 -0.8425
vn 0.1070 -0.0000 0.9943
vn -0.1331 -0.4955 0.8583
vn -0.1331 -0.9911 -0.0000
vn 0.0156 -0.9982 0.0580
vn -0.1331 -0.8583 -0.4955
vn -0.1331 0.4956 0.8583
vn 0.0984 0.4806 0.8714
vn -0.1331 0.8583 0.4956
vn 0.0698 0.8432 0.5330
vn -0.1331 0.9911 -0.0000
vn 0.0156 0.9982 0.0579
vn -0.1331 0.8583 -0.4955
vn -0.0566 0.8922 -0.4481
vn 0.0365 0.9992 0.0161
vn -0.1958 0.8891 -0.4136
vn -0.1331 0.4955 -0.8583
vn -0.1958 -0.8891 -0.4136
vn 0.0257 -0.9995 -0.0161
vn 0.0365 -0.9992 0.0161
vn 0.2095 0.8727 0.4409
vn 0.3311 0.5131 0.7919
vn 0.3765 -0.0000 0.9264
vn 0.2095 -0.8727 0.4409
vn 0.3311 -0.5131 0.7919
vn -0.3820 -0.5179 -0.7655
vn -0.3820 0.5179 -0.7655
vn -0.4482 -0.0000 -0.8939
vn 0.3300 0.8951 0.2999
vn 0.7957 0.5293 0.2943
vn 0.4089 0.9008 0.1461
vn 0.6098 -0.5292 0.5900
vn -0.6535 0.5234 -0.5468
vn -0.7679 -0.0000 -0.6405
vn 0.0257 0.9995 -0.0161
vn 0.7164 -0.0000 0.6977
vn -0.6535 -0.5234 -0.5468
vn -0.3351 0.8962 -0.2908
vn 0.6098 0.5292 0.5900
vn -0.3351 -0.8962 -0.2908
vn 0.3300 -0.8951 0.2999
vn 0.8469 0.5289 0.0561
vn 0.4300 0.9024 0.0272
vn 0.0136 -0.9997 -0.0185
vn 0.7957 -0.5293 0.2943
vn -0.8116 0.5291 -0.2477
vn -0.9568 -0.0000 -0.2909
vn 0.0136 0.9997 -0.0185
vn 0.9378 -0.0000 0.3473
vn -0.8116 -0.5291 -0.2477
vn -0.4103 0.9029 -0.1286
vn -0.4103 -0.9029 -0.1286
vn 0.4089 -0.9008 0.1461
vn 0.8469 -0.5288 -0.0561
vn 0.9977 -0.0000 0.0672
vn 0.8469 -0.5288 0.0561
vn 0.0024 -1.0000 0.0009
vn -0.8467 0.5303 -0.0429
vn -0.9988 -0.0000 -0.0494
vn 0.0024 1.0000 0.0009
vn -0.8467 -0.5303 -0.0429
vn -0.4274 0.9038 -0.0230
vn -0.4274 -0.9038 -0.0230
vn 0.4300 -0.9024 0.0272
vn -0.1339 -0.0000 0.9910
vn 0.1331 -0.4955 0.8584
vn -0.1136 -0.5266 0.8425
vn 0.1331 0.4955 -0.8583
vn 0.0698 0.8432 -0.5330
vn 0.0984 0.4806 -0.8714
vn 0.1331 0.8584 0.4954
vn -0.1136 0.5266 0.8425
vn -0.0566 0.8922 0.4481
vn 0.1331 -0.0000 -0.9911
vn 0.1070 -0.0000 -0.9943
vn 0.1331 0.8584 -0.4955
vn 0.0156 0.9982 -0.0580
vn 0.1331 0.9911 -0.0000
vn 0.0984 -0.4806 -0.8714
vn 0.0698 -0.8432 -0.5330
vn 0.1331 -0.4955 -0.8583
vn 0.0156 -0.9982 -0.0580
vn 0.1331 -0.8583 -0.4956
vn -0.0566 -0.8922 0.4481
vn 0.1331 -0.9911 -0.0000
vn 0.0365 -0.9992 -0.0161
vn -0.1958 -0.8891 0.4136
vn 0.1331 0.4955 0.8583
vn 0.1331 -0.8583 0.4955
vn -0.1958 0.8892 0.4136
vn 0.0257 0.9995 0.0161
vn 0.0365 0.9992 -0.0161
vn 0.2095 -0.8727 -0.4409
vn 0.3311 -0.5131 -0.7919
vn 0.3765 -0.0000 -0.9264
vn 0.2095 0.8727 -0.4409
vn 0.3311 0.5131 -0.7919
vn -0.3820 0.5179 0.7655
vn -0.3820 -0.5179 0.7655
vn -0.4482 -0.0000 0.8939
vn 0.3300 -0.8951 -0.2999
vn 0.7957 -0.5293 -0.2943
vn 0.4089 -0.9008 -0.1461
vn 0.6098 0.5292 -0.5900
vn -0.6535 -0.5234 0.5468
vn -0.7679 -0.0000 0.6406
vn 0.0257 -0.9995 0.0161
vn 0.7164 -0.0000 -0.6977
vn -0.6535 0.5234 0.5468
vn -0.3351 -0.8962 0.2908
vn 0.6098 -0.5292 -0.5900
vn -0.3351 0.8962 0.2908
vn 0.3300 0.8951 -0.2999
vn 0.4300 -0.9024 -0.0272
vn 0.0136 0.9997 0.0185
vn 0.7957 0.5293 -0.2943
vn -0.8116 -0.5291 0.2477
vn -0.9568 -0.0000 0.2909
vn 0.0136 -0.9997 0.0185
vn 0.9378 -0.0000 -0.3473
vn -0.8116 0.5291 0.2477
vn -0.4103 -0.9029 0.1286
vn -0.4103 0.9029 0.1286
vn 0.4089 0.9008 -0.1461
vn 0.0024 1.0000 -0.0009
vn 0.8469 0.5288 -0.0561
vn -0.8467 -0.5303 0.0429
vn -0.9988 -0.0000 0.0494
vn 0.0023 -1.0000 -0.0009
vn 0.9977 -0.0000 -0.0672
vn -0.8467 0.5303 0.0429
vn -0.4274 -0.9038 0.0230
vn -0.4274 0.9038 0.0230
vn 0.4300 0.9024 -0.0272
vn 0.1339 -0.0000 -0.9910
vn -0.1331 0.4956 -0.8583
vn -0.0698 -0.8432 0.5330
vn -0.0984 -0.4806 0.8714
vn 0.1136 -0.5266 -0.8425
vn 0.0566 -0.8922 -0.4481
vn -0.1331 -0.0000 0.9911
vn -0.1070 -0.0000 0.9943
vn -0.0156 -0.9982 0.0580
vn -0.0984 0.4806 0.8714
vn -0.1331 0.4955 0.8583
vn -0.0698 0.8432 0.5330
vn -0.0156 0.9982 0.0580
vn 0.0566 0.8922 -0.4481
vn -0.0365 0.9992 0.0161
vn -0.1331 -0.4956 0.8583
vn 0.1136 0.5266 -0.8425
vn -0.0257 -0.9995 -0.0161
vn 0.1958 -0.8892 -0.4136
vn -0.0365 -0.9992 0.0161
vn -0.2095 0.8727 0.4409
vn -0.3311 0.5131 0.7919
vn -0.3765 -0.0000 0.9264
vn -0.2095 -0.8727 0.4409
vn -0.3311 -0.5131 0.7919
vn 0.3820 -0.5179 -0.7655
vn 0.3820 0.5179 -0.7655
vn 0.1958 0.8892 -0.4136
vn -0.3300 0.8951 0.2999
vn -0.7957 0.5293 0.2943
vn -0.6098 0.5292 0.5900
vn -0.6098 -0.5292 0.5900
vn 0.4482 -0.0000 -0.8939
vn 0.6535 0.5234 -0.5468
vn -0.7164 -0.0000 0.6977
vn 0.6535 -0.5234 -0.5468
vn -0.0257 0.9995 -0.0161
vn 0.3351 -0.8962 -0.2908
vn -0.3300 -0.8951 0.2999
vn 0.3351 0.8962 -0.2908
vn -0.4089 0.9008 0.1461
vn -0.8469 0.5288 0.0561
vn -0.0136 -0.9997 -0.0185
vn -0.7957 -0.5293 0.2943
vn 0.7679 -0.0000 -0.6405
vn 0.8116 0.5291 -0.2478
vn -0.9378 -0.0000 0.3473
vn 0.8116 -0.5291 -0.2478
vn -0.0136 0.9997 -0.0185
vn 0.4103 -0.9029 -0.1286
vn -0.4089 -0.9008 0.1461
vn 0.4103 0.9029 -0.1286
vn -0.9977 -0.0000 0.0672
vn -0.8469 -0.5288 -0.0561
vn -0.8469 -0.5288 0.0561
vn -0.0023 -1.0000 0.0009
vn 0.9568 -0.0000 -0.2909
vn 0.8467 0.5303 -0.0429
vn -0.4300 0.9024 0.0272
vn 0.8467 -0.5303 -0.0429
vn -0.0023 1.0000 0.0009
vn 0.4274 -0.9038 -0.0230
vn -0.4300 -0.9024 0.0272
vn 0.4274 0.9038 -0.0230
vn 0.1136 -0.5266 0.8425
vn 0.1331 -0.0000 0.9911
vn 0.1339 -0.0000 0.9910
vn -0.0984 0.4806 -0.8714
vn 0.0566 0.8922 0.4481
vn 0.1331 0.8583 0.4955
vn -0.1070 -0.0000 -0.9943
vn -0.0698 0.8432 -0.5330
vn -0.0156 0.9982 -0.0580
vn -0.0984 -0.4806 -0.8714
vn 0.1331 -0.8583 -0.4955
vn -0.0698 -0.8432 -0.5330
vn -0.0156 -0.9982 -0.0579
vn 0.0566 -0.8922 0.4481
vn -0.0365 -0.9992 -0.0161
vn 0.1331 0.4956 0.8583
vn 0.1331 -0.9911 0.0001
vn 0.1136 0.5266 0.8425
vn 0.1331 -0.4955 0.8583
vn -0.0257 0.9995 0.0161
vn 0.1958 0.8892 0.4136
vn -0.0365 0.9992 -0.0161
vn -0.2095 -0.8727 -0.4409
vn -0.3311 -0.5131 -0.7919
vn -0.3765 -0.0000 -0.9264
vn -0.2095 0.8727 -0.4409
vn -0.3311 0.5131 -0.7919
vn 0.3820 0.5179 0.7655
vn 0.3820 -0.5179 0.7655
vn 0.1958 -0.8892 0.4136
vn -0.3300 -0.8951 -0.2999
vn -0.7957 -0.5293 -0.2943
vn -0.6098 -0.5292 -0.5900
vn -0.6098 0.5292 -0.5900
vn 0.4482 -0.0000 0.8939
vn 0.6535 -0.5234 0.5468
vn -0.7164 -0.0000 -0.6977
vn 0.6535 0.5234 0.5468
vn -0.0257 -0.9995 0.0161
vn 0.3351 0.8962 0.2908
vn -0.3300 0.8951 -0.2999
vn 0.3351 -0.8962 0.2908
vn -0.4089 -0.9008 -0.1461
vn -0.0136 0.9997 0.0185
vn -0.7957 0.5293 -0.2943
vn 0.7679 -0.0000 0.6406
vn 0.8116 -0.5291 0.2477
vn -0.9378 -0.0000 -0.3473
vn 0.8116 0.5291 0.2477
vn -0.0136 -0.9997 0.0185
vn 0.4103 0.9029 0.1286
vn -0.4089 0.9008 -0.1461
vn 0.4103 -0.9029 0.1286
vn -0.4300 -0.9024 -0.0272
vn -0.0023 1.0000 -0.0009
vn -0.8469 0.5288 -0.0561
vn 0.9568 -0.0000 0.2909
vn 0.8467 -0.5303 0.0429
vn -0.9977 -0.0000 -0.0672
vn 0.8467 0.5303 0.0429
vn -0.0023 -1.0000 -0.0009
vn 0.4274 0.9038 0.0230
vn -0.4300 0.9024 -0.0272
vn 0.4274 -0.9038 0.0230
vn 0.9988 -0.0000 0.0494
vn 0.9988 -0.0000 -0.0494
vn -0.0000 -1.0000 -0.0000
vn 0.8865 0.2817 0.3672
vn 0.3672 0.8865 0.2817
vn 0.2818 0.3672 0.8865
vn -0.2818 0.3672 -0.8865
vn -0.8865 0.2818 -0.3672
vn -0.3672 0.8865 -0.2817
vn 0.3672 0.2817 -0.8865
vn 0.2817 0.8865 -0.3672
vn 0.8865 0.3672 -0.2817
vn -0.8865 0.3671 0.2818
vn -0.3672 0.2817 0.8865
vn -0.2817 0.8865 0.3672
vn 0.8865 -0.3672 0.2817
vn 0.3672 -0.2817 0.8865
vn 0.2817 -0.8865 0.3672
vn -0.3672 -0.2818 -0.8865
vn -0.2818 -0.8864 -0.3672
vn -0.8865 -0.3671 -0.2818
vn 0.2817 -0.3672 -0.8865
vn 0.8865 -0.2817 -0.3672
vn 0.3672 -0.8865 -0.2817
vn -0.8865 -0.2818 0.3672
vn -0.3672 -0.8865 0.2817
vn -0.2817 -0.3672 0.8865
vn -0.0000 0.3827 -0.9239
vn -0.0000 0.9239 -0.3827
vn 0.3827 0.9239 -0.0000
vn 0.9239 0.3827 -0.0000
vn -0.3827 0.9239 -0.0000
vn -0.9239 0.3827 -0.0000
vn -0.0000 0.9239 0.3827
vn -0.0000 0.3827 0.9239
vn -0.0000 -0.9239 -0.3827
vn -0.0000 -0.3827 -0.9239
vn 0.9239 -0.3827 -0.0000
vn 0.3827 -0.9239 -0.0000
vn -0.9239 -0.3827 -0.0000
vn -0.3827 -0.9239 -0.0000
vn -0.0000 -0.3827 0.9239
vn -0.0000 -0.9239 0.3827
vn -0.9239 -0.0000 0.3827
vn -0.3827 -0.0000 0.9239
vn 0.9239 -0.0000 0.3827
vn 0.3827 -0.0000 0.9239
vn 0.3827 -0.0000 -0.9239
vn 0.9239 -0.0000 -0.3827
vn -0.3827 -0.0000 -0.9239
vn -0.9239 -0.0000 -0.3827
vn 0.9977 -0.0569 -0.0374
vn 0.8944 0.2243 0.3870
vn 0.9816 0.1457 0.1237
vn 0.0015 0.5385 -0.8426
vn 0.0065 0.5231 -0.8522
vn -0.0008 0.5132 -0.8583
vn -0.4085 0.8270 -0.3862
vn -0.1722 0.9519 -0.2534
vn -0.3749 0.8951 -0.2411
vn 0.8319 0.4599 -0.3105
vn 0.8189 0.1641 -0.5499
vn 0.9172 0.3493 -0.1917
vn 0.1101 0.9939 -0.0063
vn 0.3755 0.9266 0.0196
vn 0.3219 0.9398 -0.1142
vn 0.0098 0.6391 0.7691
vn 0.0785 0.6739 0.7346
vn 0.0199 0.5698 0.8215
vn 0.9867 0.1614 0.0177
vn 0.9948 0.0438 0.0924
vn 0.9790 0.2021 -0.0259
vn 0.2353 0.9169 -0.3225
vn 0.6911 0.7052 0.1584
vn 0.5440 0.8107 -0.2165
vn 0.4708 0.3864 0.7931
vn 0.2545 0.6292 0.7344
vn 0.5454 0.2608 0.7966
vn -0.1766 0.5224 0.8342
vn -0.4011 0.6125 0.6812
vn -0.4176 0.4686 0.7785
vn -0.0222 0.5758 -0.8173
vn 0.0476 0.6298 -0.7753
vn 0.0419 0.5285 -0.8479
vn 0.2489 0.8665 -0.4328
vn 0.4590 0.6849 -0.5658
vn 0.5478 0.6484 -0.5287
vn -0.3387 0.7154 -0.6111
vn -0.0562 0.6938 -0.7179
vn -0.2866 0.7112 -0.6420
vn 0.0124 0.5039 -0.8636
vn -0.0078 0.5478 -0.8366
vn -0.0072 0.4943 -0.8693
vn 0.1383 0.8308 -0.5391
vn 0.0405 0.8019 -0.5961
vn 0.0746 0.7950 -0.6020
vn 0.9991 0.0043 0.0417
vn 0.9988 0.0490 0.0006
vn 0.9972 0.0729 0.0164
vn 0.1239 0.9835 -0.1315
vn 0.1309 0.9539 -0.2701
vn 0.1762 0.9455 -0.2740
vn 0.4405 0.8279 -0.3472
vn 0.2319 0.8004 -0.5528
vn 0.2642 0.6498 -0.7127
vn 0.9503 0.3037 0.0681
vn 0.9420 0.3351 0.0205
vn 0.9209 0.3781 0.0951
vn 0.1183 0.6712 -0.7318
vn 0.0429 0.7540 -0.6554
vn 0.1011 0.7541 -0.6489
vn 0.1141 0.8411 -0.5287
vn 0.1291 0.7098 -0.6924
vn 0.1674 0.7573 -0.6312
vn 0.3416 0.8600 -0.3791
vn 0.2018 0.6343 -0.7463
vn 0.2284 0.7098 -0.6663
vn -0.0029 0.5131 -0.8583
vn 0.0120 0.5351 -0.8447
vn 0.0074 0.5828 -0.8126
vn 0.0334 0.9715 -0.2348
vn 0.0020 0.9845 -0.1756
vn 0.0088 0.9755 -0.2197
vn 0.0200 0.9882 -0.1519
vn -0.0034 0.9836 -0.1801
vn 0.0010 0.9691 -0.2466
vn -0.0801 0.8843 -0.4600
vn -0.0997 0.9290 -0.3564
vn -0.0534 0.9570 -0.2850
vn -0.2436 0.8333 -0.4963
vn -0.0793 0.9342 -0.3478
vn -0.1075 0.9401 -0.3236
vn -0.4006 0.7289 -0.5552
vn -0.1723 0.8380 -0.5178
vn -0.3567 0.6183 -0.7004
vn -0.7151 0.6637 0.2194
vn -0.8871 0.4613 -0.0167
vn -0.8373 0.5454 -0.0375
vn -0.7736 0.6252 0.1034
vn -0.5235 0.8224 0.2229
vn -0.5756 0.7949 0.1919
vn 0.3688 0.8491 -0.3782
vn 0.5982 0.3371 -0.7270
vn 0.5267 0.4868 -0.6969
vn -0.5245 0.8296 -0.1913
vn -0.8088 0.3352 0.4832
vn -0.8736 0.2511 0.4169
vn -0.4936 0.8407 -0.2227
vn -0.9952 0.0950 0.0235
vn -0.9861 0.1634 -0.0308
vn 0.0139 0.9999 0.0096
vn -0.0023 0.9916 -0.1293
vn 0.0527 0.9825 -0.1787
vn -0.1493 0.4776 0.8658
vn -0.1610 0.5668 0.8079
vn -0.1385 0.5237 0.8405
vn -0.0098 0.9994 0.0338
vn -0.0170 0.9964 0.0827
vn -0.0012 1.0000 0.0094
vn -0.2018 0.9460 0.2539
vn -0.0851 0.5785 0.8112
vn -0.3558 0.7893 0.5005
vn -0.4756 0.8793 -0.0259
vn -0.3274 0.9250 -0.1928
vn -0.3817 0.9057 0.1844
vn -0.3932 0.9075 0.1477
vn -0.9485 0.3066 0.0797
vn -0.9487 0.1167 0.2938
vn 0.0021 1.0000 0.0062
vn 0.0518 0.9741 0.2200
vn 0.0057 0.9998 0.0200
vn -0.2395 0.3332 0.9120
vn -0.6628 0.6862 0.2997
vn -0.3615 0.8109 0.4601
vn -0.8683 0.4936 0.0491
vn -0.1031 -0.3072 0.9460
vn -0.3253 0.8327 -0.4480
vn 0.4351 0.4355 0.7881
vn -0.1917 -0.2358 0.9527
vn 0.3682 0.7817 0.5034
vn 0.0880 0.9519 0.2933
vn 0.0697 0.9792 0.1905
vn 0.1364 0.9296 0.3424
vn -0.0015 1.0000 -0.0008
vn -0.0646 0.9973 0.0337
vn -0.0053 0.9983 0.0582
vn 0.8858 0.1458 0.4406
vn 0.9265 0.2818 0.2494
vn 0.9132 0.2360 0.3322
vn 0.1964 0.4606 0.8656
vn 0.1746 0.5169 0.8381
vn 0.2148 0.5610 0.7995
vn 0.0227 0.9894 0.1433
vn -0.0096 0.8699 0.4932
vn 0.0864 0.7362 0.6712
vn 0.0011 0.9987 0.0514
vn 0.0073 0.9956 0.0933
vn 0.0116 0.9769 0.2134
vn -0.0054 0.9988 -0.0489
vn 0.0400 0.9799 -0.1954
vn 0.0152 0.9876 -0.1565
vn 0.1222 0.8678 0.4817
vn 0.0574 0.9306 0.3615
vn 0.0793 0.9496 0.3031
vn 0.2477 0.6213 0.7434
vn 0.3846 0.8513 0.3569
vn 0.3002 0.7831 0.5446
vn 0.3012 0.9344 0.1903
vn 0.7443 0.6669 -0.0367
vn 0.3042 0.9290 -0.2109
vn 0.1787 0.7345 0.6546
vn 0.3360 0.7015 0.6285
vn 0.2015 0.5805 0.7889
vn 0.9521 0.3026 0.0437
vn 0.7512 0.0761 0.6556
vn 0.8889 0.4086 0.2072
vn -0.1645 0.9802 -0.1103
vn -0.1359 0.9653 -0.2229
vn -0.0993 0.9843 -0.1460
vn -0.1349 0.6313 0.7638
vn -0.1256 0.9168 0.3791
vn -0.0935 0.5559 0.8260
vn -0.3574 0.8730 0.3320
vn -0.1766 0.9678 0.1792
vn -0.3112 0.9011 0.3021
vn -0.0061 0.5631 -0.8263
vn 0.0158 0.5495 -0.8353
vn -0.0020 0.5635 -0.8261
vn -0.0073 1.0000 0.0043
vn -0.0006 0.9694 -0.2457
vn 0.0008 0.9998 0.0210
vn -0.0569 0.9792 -0.1946
vn -0.0055 0.9098 -0.4149
vn -0.0066 0.9148 -0.4038
vn -0.1175 0.5903 -0.7986
vn -0.1155 0.8703 -0.4788
vn -0.1422 0.5675 -0.8110
vn 0.0147 0.9996 -0.0247
vn 0.0145 0.9765 -0.2152
vn -0.0026 0.9676 -0.2526
vn 0.8696 0.3435 0.3547
vn 0.8976 0.4408 -0.0002
vn 0.9756 0.2060 -0.0755
vn 0.2275 0.9731 -0.0371
vn 0.8860 0.4477 -0.1208
vn 0.2562 0.9582 -0.1276
vn 0.2310 0.9705 -0.0689
vn 0.8840 0.4668 -0.0248
vn 0.1976 0.9782 -0.0636
vn 0.9987 0.0431 0.0262
vn 0.7877 0.0836 0.6103
vn 0.9864 0.1533 0.0588
vn -0.0003 0.9977 -0.0679
vn -0.0006 0.9757 -0.2192
vn 0.0091 0.9955 -0.0939
vn 0.0566 0.9285 -0.3670
vn 0.0464 0.9450 -0.3239
vn 0.0847 0.8896 -0.4487
vn 0.0347 0.9848 -0.1704
vn 0.0501 0.9886 -0.1418
vn 0.0919 0.9556 -0.2799
vn 0.0190 0.5299 -0.8479
vn -0.0085 0.5758 -0.8175
vn -0.0060 0.5250 -0.8511
vn 0.0049 0.6515 -0.7587
vn -0.0039 0.4386 -0.8987
vn -0.0096 0.7129 -0.7013
vn 0.0137 0.6383 -0.7696
vn 0.0116 0.5995 -0.8003
vn -0.0172 0.5000 -0.8659
vn -0.0217 0.9964 -0.0816
vn 0.0034 0.9508 -0.3096
vn -0.0111 0.9995 -0.0310
vn -0.0706 0.9458 -0.3170
vn -0.0573 0.9824 -0.1778
vn -0.0215 0.9926 -0.1199
vn -0.2387 0.7996 -0.5511
vn -0.0408 0.8132 -0.5806
vn -0.1578 0.9264 -0.3418
vn 0.0026 0.9996 0.0295
vn -0.0023 0.9821 -0.1883
vn 0.0010 0.9991 0.0422
vn -0.0128 0.9954 -0.0945
vn 0.0069 0.9997 -0.0242
vn 0.0090 0.9978 -0.0660
vn -0.0519 0.9759 -0.2119
vn -0.0024 0.9990 -0.0448
vn -0.0243 0.9897 -0.1410
vn -0.0136 0.5707 -0.8211
vn 0.0278 0.5828 -0.8121
vn 0.0142 0.5471 -0.8369
vn 0.0041 0.6335 -0.7737
vn 0.0039 0.4115 -0.9114
vn -0.0014 0.6668 -0.7452
vn 0.0008 0.6013 -0.7991
vn -0.0021 0.4275 -0.9040
vn -0.0049 0.6280 -0.7782
vn -0.2153 0.8462 0.4874
vn -0.1243 0.9206 0.3703
vn -0.1767 0.7384 0.6508
vn -0.2023 0.7364 0.6456
vn -0.2174 0.8553 0.4704
vn -0.1957 0.7777 0.5973
vn -0.1980 0.8338 0.5153
vn -0.3846 0.7777 0.4973
vn -0.3790 0.6723 0.6359
vn -0.0444 0.4283 0.9025
vn -0.0722 0.5374 0.8403
vn -0.0535 0.2474 0.9674
vn -0.0822 0.6570 0.7494
vn -0.0655 0.7897 0.6100
vn -0.0456 0.7017 0.7110
vn -0.1370 0.7904 0.5970
vn -0.1671 0.8721 0.4600
vn -0.1129 0.8502 0.5142
vn -0.0113 0.9524 -0.3046
vn -0.0925 0.9373 -0.3359
vn 0.0115 0.9620 -0.2727
vn -0.0318 0.9537 -0.2990
vn 0.0581 0.9732 -0.2227
vn 0.0369 0.9923 -0.1185
vn -0.1026 0.9203 -0.3777
vn -0.1714 0.9634 -0.2063
vn -0.0869 0.9819 -0.1685
vn 0.4014 0.8923 0.2067
vn 0.7170 0.6871 0.1171
vn 0.4679 0.8211 0.3270
vn 0.2368 0.9598 0.1506
vn 0.6552 0.7554 -0.0026
vn 0.2582 0.9414 0.2172
vn 0.9710 0.2355 -0.0421
vn 0.9864 0.1601 0.0364
vn 0.9628 0.2677 -0.0374
vn 0.2002 0.7937 0.5745
vn 0.0583 0.6393 0.7667
vn 0.0735 0.8077 0.5850
vn 0.2230 0.8176 0.5309
vn 0.1931 0.7994 0.5690
vn 0.2747 0.8000 0.5335
vn 0.1721 0.8973 0.4065
vn 0.1850 0.9020 0.3902
vn 0.1734 0.8196 0.5460
vn -0.0855 0.9955 0.0406
vn 0.0329 0.9422 -0.3334
vn -0.1092 0.8601 -0.4982
vn 0.0136 0.7919 0.6104
vn -0.0018 0.8791 0.4765
vn -0.0287 0.8693 0.4935
vn 0.2446 0.5731 0.7821
vn 0.5421 0.7340 0.4092
vn 0.2640 0.7805 0.5666
vn -0.0562 0.7448 0.6649
vn -0.0524 0.8741 0.4829
vn -0.0880 0.8950 0.4372
vn 0.0545 0.5471 0.8353
vn -0.0360 0.5485 0.8354
vn 0.0081 0.7463 0.6656
vn 0.0513 0.5469 0.8356
vn 0.2734 0.6992 0.6605
vn 0.1151 0.5710 0.8128
vn 0.0317 0.9784 0.2044
vn 0.0645 0.9739 0.2174
vn 0.0169 0.9902 0.1389
vn 0.1164 0.8293 0.5466
vn 0.1796 0.8214 0.5413
vn 0.0697 0.9265 0.3697
vn 0.1724 0.7332 0.6578
vn 0.1210 0.7490 0.6514
vn 0.1493 0.7811 0.6063
vn 0.0598 0.9977 -0.0327
vn 0.0018 0.9878 -0.1557
vn 0.0185 0.9827 -0.1845
vn 0.0220 0.9984 0.0515
vn -0.0036 0.9998 0.0196
vn 0.0496 0.9970 0.0588
vn 0.0556 0.9745 0.2174
vn 0.0351 0.9786 0.2028
vn 0.0038 0.9963 0.0858
vn -0.0126 0.9964 0.0843
vn -0.0195 0.9510 0.3084
vn -0.0435 0.9338 0.3551
vn -0.0063 1.0000 0.0027
vn -0.0000 1.0000 -0.0071
vn -0.0018 1.0000 0.0020
vn -0.0007 0.9860 0.1665
vn -0.0041 1.0000 0.0031
vn -0.0020 0.9997 -0.0258
vn 0.1943 0.7899 0.5816
vn 0.1831 0.5580 0.8094
vn 0.2551 0.4551 0.8531
vn 0.0162 0.9993 0.0349
vn 0.0100 0.9985 0.0547
vn 0.0905 0.9755 0.2005
vn -0.0000 1.0000 0.0001
vn -0.0008 1.0000 0.0056
vn 0.0040 0.9997 0.0230
vn 0.1522 0.4475 0.8812
vn 0.2314 0.6180 0.7513
vn 0.1082 0.7027 0.7033
vn 0.2128 0.4202 0.8821
vn 0.2037 0.3686 0.9070
vn 0.1707 0.4178 0.8924
vn 0.1132 0.4715 0.8745
vn 0.1091 0.5670 0.8165
vn 0.1611 0.4451 0.8808
vn 0.0803 0.9963 0.0311
vn 0.6601 0.7511 0.0105
vn 0.0892 0.9960 -0.0037
vn 0.0746 0.6461 0.7596
vn 0.5475 0.3631 0.7539
vn 0.0643 0.8468 0.5279
vn 0.9159 0.0549 0.3977
vn 0.5501 -0.2446 0.7985
vn 0.8842 0.1290 0.4490
vn 0.0017 0.9997 -0.0246
vn -0.0085 0.9983 0.0568
vn -0.0045 0.9990 0.0440
vn -0.0093 0.7051 0.7091
vn 0.0012 0.9786 0.2057
vn -0.0036 0.9922 0.1247
vn 0.0170 0.5527 0.8332
vn -0.0799 0.9011 0.4262
vn 0.0005 0.9538 0.3005
vn 0.0513 0.7840 0.6187
vn 0.1548 0.8813 0.4466
vn 0.1387 0.7860 0.6025
vn -0.0126 0.9757 0.2186
vn 0.0127 0.9370 0.3490
vn -0.0093 0.8728 0.4880
vn 0.0034 0.9935 0.1142
vn -0.0217 0.9913 0.1297
vn 0.0345 0.9792 0.1999
vn -0.8599 0.4579 -0.2257
vn -0.1430 0.9643 0.2228
vn -0.8568 0.4342 -0.2781
vn -0.8903 0.3043 0.3389
vn -0.0920 0.5577 0.8249
vn -0.8813 0.4242 -0.2082
vn 0.6300 0.1513 0.7617
vn 0.2067 0.6344 0.7448
vn 0.5211 0.1809 0.8341
vn -0.5170 0.8439 0.1431
vn 0.9826 -0.1727 0.0689
vn 0.9877 -0.1549 0.0192
vn -0.8081 0.5890 -0.0047
vn -0.0311 -0.0679 0.9972
vn -0.9919 0.1044 0.0726
vn -0.4216 0.8904 0.1715
vn -0.7230 0.6126 0.3194
vn -0.3902 0.8634 -0.3198
vn -0.5847 0.6687 0.4592
vn -0.8946 0.3964 -0.2062
vn -0.0023 0.3827 0.9239
vn 0.9803 -0.1970 0.0139
vn 0.0876 -0.3024 -0.9491
vn 0.9547 -0.2682 0.1292
vn 0.4950 -0.8530 -0.1654
vn 0.3888 -0.2966 0.8723
vn 0.3202 0.5959 0.7364
vn -0.0496 0.9750 -0.2164
vn 0.0228 0.8837 0.4674
vn -0.0675 0.9977 0.0078
vn -0.0752 0.9934 0.0861
vn 0.1109 0.9926 0.0495
vn -0.0508 0.9950 -0.0858
vn 0.0014 1.0000 0.0054
vn -0.0001 1.0000 0.0021
vn 0.0029 1.0000 0.0043
vn -0.9785 -0.1941 -0.0705
vn -0.9963 0.0578 -0.0641
vn -0.9639 -0.1245 -0.2354
vn -0.9951 -0.0903 0.0392
vn -0.9549 -0.0507 0.2925
vn -0.9824 -0.1818 0.0430
vn -0.7869 0.6152 0.0490
vn -0.9802 0.1300 0.1496
vn -0.9965 0.0708 0.0450
vn -0.9515 0.3008 -0.0641
vn -0.9968 0.0573 0.0555
vn -0.9963 -0.0855 0.0025
vn -0.9623 0.1233 -0.2425
vn -0.9769 -0.0882 -0.1949
vn -0.9547 -0.0374 -0.2952
vn -0.2740 0.9556 0.1081
vn -0.7529 0.6578 -0.0226
vn -0.9077 0.4196 0.0006
vn -0.0515 0.9899 0.1320
vn -0.0394 0.9608 0.2743
vn -0.0193 0.9980 0.0598
vn -0.0000 1.0000 0.0046
vn -0.0232 0.9993 0.0281
vn -0.0000 0.9999 0.0156
vn -0.0243 0.9975 0.0656
vn -0.0072 0.9712 0.2383
vn -0.1249 0.9849 0.1203
vn -0.0012 1.0000 0.0031
vn -0.0035 0.9995 0.0308
vn -0.0006 1.0000 0.0013
vn 0.0001 1.0000 0.0054
vn -0.0010 1.0000 0.0009
vn 0.0002 1.0000 0.0034
vn -0.0003 1.0000 0.0032
vn -0.0002 1.0000 0.0023
vn -0.0011 1.0000 0.0037
vn -0.1292 0.6035 0.7869
vn -0.0441 0.5965 0.8014
vn -0.0349 0.7013 0.7120
vn -0.0204 0.9894 0.1438
vn -0.0254 0.9439 0.3293
vn -0.0159 0.9955 0.0932
vn -0.0859 0.9313 0.3539
vn -0.1123 0.7780 0.6182
vn -0.0329 0.9731 0.2281
vn -0.0838 0.9726 -0.2169
vn 0.0569 0.9928 -0.1053
vn -0.0771 0.9970 -0.0114
vn 0.0982 0.7268 -0.6798
vn -0.1487 0.8422 -0.5182
vn -0.2294 0.7807 -0.5813
vn 0.1235 0.9792 -0.1607
vn 0.2082 0.9229 -0.3239
vn 0.3296 0.8094 -0.4861
vn -0.9913 0.1302 -0.0197
vn -0.9963 0.0224 -0.0824
vn -0.9967 0.0534 0.0619
vn -0.9980 0.0543 -0.0319
vn -0.9976 0.0589 0.0376
vn -0.9975 0.0642 0.0286
vn -0.6705 0.7393 -0.0626
vn -0.9774 0.1893 -0.0943
vn -0.9495 0.3001 -0.0911
vn -0.9629 0.0717 0.2603
vn -0.8308 0.1302 0.5411
vn -0.9607 0.0035 0.2777
vn -0.9513 -0.0355 -0.3063
vn -0.9983 0.0236 0.0535
vn -0.9968 0.0425 -0.0681
vn -0.9965 0.0313 -0.0773
vn -0.8006 0.3464 -0.4889
vn -0.9934 0.1107 0.0311
vn -0.7524 0.3898 -0.5310
vn -0.0403 0.6512 -0.7579
vn -0.8394 0.5309 -0.1163
vn -0.8223 0.5618 0.0902
vn -0.0706 0.9370 -0.3422
vn -0.8717 0.4816 -0.0907
vn 0.6236 0.7048 0.3384
vn 0.5231 0.8188 0.2365
vn 0.5187 0.8282 -0.2121
vn -0.9884 0.1218 -0.0907
vn -0.8522 0.5233 -0.0015
vn -0.9984 -0.0246 0.0503
vn -0.8059 0.2127 -0.5526
vn -0.6732 0.7345 -0.0860
vn -0.9285 0.2321 -0.2898
vn -0.6133 0.7511 -0.2443
vn -0.8918 0.4420 -0.0965
vn -0.5784 0.8153 0.0270
vn -0.9982 0.0568 0.0165
vn -0.9968 0.0789 0.0085
vn -0.9979 0.0486 0.0420
vn -0.9967 0.0557 0.0598
vn -0.9852 0.1692 -0.0270
vn -0.9968 0.0793 -0.0095
vn -0.7148 0.6953 0.0751
vn -0.6899 0.7176 -0.0953
vn -0.5742 0.8157 0.0695
vn -0.2998 0.7551 -0.5831
vn -0.2269 0.6733 -0.7037
vn -0.2653 0.7081 -0.6544
vn -0.2647 0.9625 -0.0593
vn -0.3018 0.9010 -0.3117
vn -0.2513 0.9560 -0.1514
vn -0.1849 0.9681 -0.1688
vn -0.3368 0.9120 -0.2343
vn -0.3627 0.9258 -0.1064
vn 0.0379 0.9713 -0.2350
vn 0.0817 0.8791 -0.4696
vn 0.1378 0.9253 -0.3532
vn -0.0388 0.9521 -0.3032
vn 0.1480 0.9622 -0.2286
vn 0.0826 0.9957 0.0410
vn -0.1572 0.8893 -0.4295
vn -0.2649 0.8474 -0.4601
vn -0.1441 0.8615 -0.4870
vn -0.0750 0.9043 -0.4203
vn 0.0073 0.9809 -0.1945
vn 0.0071 0.9139 -0.4059
vn -0.0297 0.8776 -0.4786
vn -0.0050 0.8218 -0.5698
vn -0.0001 0.8063 -0.5915
vn -0.1365 0.8716 -0.4707
vn -0.0847 0.8602 -0.5029
vn -0.0749 0.9011 -0.4271
vn -0.0068 0.9780 -0.2084
vn -0.0071 0.9824 -0.1869
vn -0.0000 0.9850 -0.1725
vn -0.0153 0.8113 -0.5845
vn -0.0242 0.8843 -0.4663
vn -0.0205 0.8903 -0.4549
vn 0.0708 0.8640 -0.4985
vn 0.0044 0.8797 -0.4756
vn 0.0205 0.7976 -0.6029
vn 0.0636 0.9345 -0.3503
vn 0.0054 0.9587 -0.2842
vn 0.0220 0.9464 -0.3221
vn 0.0948 0.7277 -0.6793
vn 0.0529 0.8245 -0.5634
vn 0.0948 0.8175 -0.5681
vn 0.1002 0.7797 -0.6181
vn 0.0208 0.8887 -0.4581
vn 0.0711 0.8569 -0.5105
vn 0.0164 0.5109 -0.8595
vn -0.0125 0.5427 -0.8398
vn 0.0129 0.5352 -0.8446
vn 0.0029 0.7059 -0.7083
vn -0.0022 0.4559 -0.8900
vn 0.0156 0.4631 -0.8861
vn -0.0017 0.7487 -0.6629
vn -0.0019 0.4819 -0.8762
vn -0.0100 0.4630 -0.8863
vn -0.0453 0.7173 -0.6953
vn -0.0471 0.6260 -0.7784
vn -0.0246 0.6524 -0.7575
vn -0.0833 0.9573 -0.2770
vn -0.0302 0.8365 -0.5471
vn -0.0727 0.8667 -0.4936
vn 0.3796 0.9251 -0.0017
vn 0.4078 0.8874 -0.2152
vn 0.3160 0.8473 -0.4268
vn 0.0795 0.9291 -0.3612
vn 0.1512 0.8100 -0.5667
vn 0.0894 0.8477 -0.5229
vn 0.0149 0.9882 -0.1526
vn 0.0752 0.9428 -0.3247
vn 0.0373 0.9685 -0.2464
vn 0.0206 0.9600 -0.2792
vn 0.0458 0.8681 -0.4943
vn 0.0487 0.8897 -0.4539
vn 0.1352 0.5373 -0.8325
vn 0.1197 0.6814 -0.7220
vn 0.1270 0.4003 -0.9075
vn 0.1980 0.7092 -0.6766
vn 0.1423 0.4926 -0.8585
vn 0.1237 0.7781 -0.6158
vn 0.1374 0.6632 -0.7358
vn 0.1887 0.5883 -0.7863
vn 0.1940 0.6565 -0.7290
vn 0.5271 0.8382 -0.1397
vn 0.7473 0.6643 0.0161
vn 0.4457 0.8835 -0.1443
vn 0.6128 0.7882 0.0575
vn 0.7253 0.6866 -0.0500
vn 0.5492 0.8212 -0.1550
vn 0.9629 0.2363 0.1305
vn 0.9456 0.3252 -0.0026
vn 0.9611 0.2743 -0.0329
vn 0.1277 0.6574 -0.7427
vn 0.2614 0.8247 -0.5015
vn 0.1844 0.8318 -0.5236
vn -0.0487 0.8065 -0.5893
vn 0.0092 0.6797 -0.7335
vn 0.0388 0.8902 -0.4538
vn 0.6684 0.5002 -0.5505
vn 0.2415 0.5269 -0.8149
vn 0.2643 0.7966 -0.5437
vn 0.1582 0.9119 -0.3787
vn 0.1165 0.8700 -0.4791
vn 0.1555 0.8648 -0.4775
vn 0.2037 0.8625 -0.4633
vn 0.2052 0.8582 -0.4706
vn 0.2518 0.8435 -0.4745
vn 0.2543 0.8894 -0.3799
vn 0.2280 0.9056 -0.3575
vn 0.2305 0.8445 -0.4834
vn 0.2864 0.9567 -0.0526
vn 0.8289 0.5553 -0.0674
vn 0.2663 0.9587 -0.0999
vn 0.3781 0.9166 -0.1298
vn 0.7794 0.6235 0.0611
vn 0.2925 0.9492 -0.1164
vn 0.9491 -0.0782 -0.3053
vn 0.9977 0.0670 0.0073
vn 0.9845 0.1662 -0.0567
vn -0.0176 0.7615 -0.6479
vn -0.0407 0.7765 -0.6288
vn -0.0185 0.7769 -0.6293
vn -0.0107 0.6992 -0.7148
vn -0.0169 0.7158 -0.6981
vn -0.0166 0.7307 -0.6825
vn 0.2215 0.7770 -0.5892
vn 0.1005 0.7347 -0.6709
vn 0.1409 0.6754 -0.7239
vn -0.0110 0.4679 -0.8837
vn 0.0003 0.5139 -0.8579
vn 0.0027 0.4719 -0.8816
vn 0.0002 0.7777 -0.6286
vn -0.0060 0.4856 -0.8741
vn 0.0001 0.4798 -0.8774
vn -0.0006 0.7011 -0.7131
vn -0.0051 0.4862 -0.8738
vn -0.0081 0.7894 -0.6139
vn -0.1695 0.8350 -0.5235
vn -0.1759 0.8050 -0.5666
vn -0.1290 0.8857 -0.4460
vn -0.2092 0.7908 -0.5753
vn -0.2356 0.8032 -0.5471
vn -0.1877 0.8231 -0.5360
vn -0.3947 0.6781 -0.6200
vn -0.1284 0.5155 -0.8472
vn -0.3927 0.7312 -0.5579
vn 0.0556 0.8027 -0.5938
vn -0.3614 0.8087 -0.4641
vn -0.4730 0.8366 -0.2762
vn 0.0139 0.7987 -0.6016
vn -0.5667 0.7647 -0.3068
vn -0.7047 0.7094 0.0118
vn 0.1994 0.7722 -0.6033
vn 0.5941 0.6182 -0.5146
vn 0.6091 0.5036 -0.6128
vn 0.1168 0.6681 -0.7348
vn -0.0285 0.8998 -0.4353
vn -0.0862 0.7397 -0.6674
vn 0.0835 0.7978 -0.5971
vn -0.0816 0.4500 -0.8893
vn -0.0899 0.8746 -0.4764
vn -0.0081 0.7356 -0.6773
vn 0.0124 0.4361 -0.8998
vn 0.0020 0.7779 -0.6284
vn -0.2152 0.4082 0.8872
vn -0.1901 0.5201 0.8327
vn -0.1817 0.4141 0.8919
vn -0.2231 0.7101 0.6678
vn -0.1840 0.6557 0.7323
vn -0.1580 0.8645 0.4771
vn -0.1225 0.5103 0.8513
vn -0.4486 0.5618 0.6951
vn -0.4428 0.5932 0.6723
vn -0.0325 0.4802 0.8766
vn -0.6645 0.2548 0.7025
vn -0.6644 0.3288 0.6712
vn -0.1397 0.9755 0.1702
vn -0.0222 0.6842 0.7289
vn -0.3259 0.8218 0.4674
vn 0.0693 0.9896 0.1263
vn 0.4072 0.7536 0.5160
vn 0.2112 0.8998 0.3817
vn -0.0716 0.9733 0.2183
vn -0.7513 0.5498 0.3649
vn -0.4914 0.2706 0.8279
vn -0.2656 0.5384 -0.7998
vn 0.0326 0.8137 -0.5804
vn -0.5841 0.5343 0.6110
vn 0.3351 0.9311 0.1445
vn 0.5545 0.7366 -0.3872
vn 0.3542 0.9209 -0.1630
vn 0.1516 0.9861 0.0677
vn 0.6251 0.7804 0.0148
vn 0.1511 0.9877 0.0401
vn 0.0910 0.9958 0.0131
vn 0.6259 0.7799 -0.0017
vn 0.1077 0.9936 0.0335
vn 0.9776 0.2046 -0.0500
vn 0.9982 -0.0145 0.0576
vn 0.9910 0.1332 0.0132
vn 0.0583 0.6243 0.7790
vn -0.0144 0.5676 0.8232
vn 0.0668 0.5254 0.8482
vn -0.0067 0.7440 0.6681
vn 0.0124 0.7169 0.6971
vn 0.0434 0.6724 0.7389
vn 0.0291 0.8747 0.4838
vn 0.0221 0.7911 0.6113
vn 0.0191 0.7468 0.6648
vn -0.0358 0.9987 0.0377
vn 0.0353 0.9993 -0.0134
vn -0.0801 0.9699 -0.2301
vn -0.0880 0.9716 0.2198
vn -0.0239 0.9997 0.0002
vn -0.0462 0.9752 0.2166
vn 0.3040 0.8393 0.4506
vn 0.2689 0.9603 -0.0748
vn 0.2684 0.9239 0.2728
vn 0.6402 0.7398 -0.2070
vn 0.6460 0.7613 -0.0553
vn 0.6347 0.7543 0.1679
vn 0.5813 0.7424 0.3330
vn 0.6994 0.7141 -0.0286
vn 0.7066 0.7076 0.0014
vn 0.8208 0.5123 0.2527
vn 0.2603 0.1365 -0.9558
vn 0.8133 0.5797 -0.0499
vn -0.2333 0.9579 -0.1671
vn -0.2511 0.9543 -0.1618
vn -0.2108 0.9658 -0.1509
vn -0.2430 0.9665 0.0826
vn -0.2404 0.9582 -0.1552
vn -0.1833 0.9597 -0.2129
vn -0.1196 0.9843 0.1299
vn -0.4029 0.9149 -0.0248
vn -0.3886 0.8710 0.3007
vn 0.0050 0.5578 -0.8299
vn -0.0066 0.5716 -0.8205
vn -0.0140 0.5873 -0.8092
vn 0.0061 0.5746 -0.8184
vn -0.0090 0.4529 -0.8915
vn 0.0078 0.5851 -0.8109
vn -0.0034 0.5728 -0.8197
vn 0.0024 0.4597 -0.8881
vn -0.0127 0.4725 -0.8812
vn 0.8219 0.5697 -0.0008
vn 0.2813 0.9374 -0.2054
vn 0.4086 0.8200 -0.4008
vn 0.8218 0.2092 -0.5299
vn 0.2004 0.3894 -0.8990
vn 0.2244 0.6833 -0.6948
vn 0.4456 -0.2126 -0.8696
vn 0.9332 0.0968 -0.3460
vn 0.8094 0.0646 -0.5836
vn 0.8345 0.3428 -0.4313
vn 0.0077 0.6534 -0.7570
vn -0.0307 0.9008 -0.4331
vn -0.0078 0.4817 -0.8763
vn -0.0012 0.9345 -0.3559
vn 0.0030 0.6195 -0.7850
vn 0.0027 0.4266 -0.9044
vn 0.0015 0.9622 -0.2723
vn -0.0172 0.5716 -0.8203
vn -0.3233 0.9415 -0.0953
vn -0.1330 0.9468 0.2931
vn -0.1530 0.9182 -0.3654
vn -0.1187 0.9157 0.3838
vn -0.1691 0.9715 -0.1663
vn 0.6975 0.7039 0.1343
vn 0.4865 0.1108 0.8666
vn 0.3632 0.6108 0.7036
vn 0.7223 0.6836 0.1047
vn -0.0639 0.9771 0.2029
vn 0.0550 0.9610 0.2710
vn 0.0101 0.9980 -0.0631
vn 0.0643 0.9959 0.0630
vn -0.0005 0.8226 0.5686
vn 0.0203 0.9403 0.3397
vn 0.0435 0.5910 0.8055
vn 0.1609 0.5291 0.8331
vn 0.0072 0.6148 0.7886
vn 0.6394 0.7687 0.0181
vn 0.7813 0.1641 -0.6022
vn -0.0506 0.9974 0.0518
vn 0.0120 0.9880 0.1539
vn 0.6162 0.7874 0.0164
vn -0.1360 0.9201 -0.3673
vn 0.2844 -0.0902 -0.9544
vn -0.2445 0.2171 -0.9450
vn -0.8446 0.5193 0.1304
vn -0.0219 0.7364 0.6762
vn 0.0190 0.9987 0.0475
vn -0.3746 0.9206 -0.1101
vn -0.2169 0.9753 0.0424
vn -0.2241 0.8669 -0.4453
vn -0.2485 0.6157 0.7478
vn -0.1014 0.9003 0.4234
vn -0.1440 0.6842 0.7150
vn -0.0328 0.9893 0.1418
vn -0.1760 0.5342 0.8268
vn 0.0845 0.4615 -0.8831
vn -0.0046 0.9922 -0.1244
vn -0.6858 0.4721 -0.5539
vn -0.6163 0.7847 -0.0661
vn -0.5144 0.7946 -0.3224
vn 0.0540 0.7443 -0.6656
vn 0.2976 0.7710 -0.5631
vn -0.6939 0.6958 0.1853
vn -0.6917 0.7029 0.1660
vn -0.7096 0.6772 0.1947
vn -0.2363 0.7134 -0.6597
vn -0.1619 0.7777 -0.6075
vn -0.1265 0.8493 -0.5125
vn -0.1864 0.8574 -0.4796
vn -0.1214 0.8624 -0.4915
vn -0.2281 0.7742 -0.5904
vn -0.0010 0.7829 -0.6222
vn 0.0065 0.9669 -0.2552
vn -0.0008 0.7804 -0.6253
vn -0.0006 0.4681 -0.8837
vn -0.0313 0.6418 -0.7662
vn 0.2978 0.8162 -0.4951
vn 0.1009 0.6718 -0.7338
vn 0.0687 0.7383 -0.6710
vn -0.0200 0.7331 -0.6798
vn 0.7551 0.6449 0.1177
vn 0.9101 0.0299 -0.4134
vn 0.1734 0.9611 -0.2148
vn 0.3289 0.8460 -0.4196
vn 0.0798 0.9758 -0.2035
vn 0.8084 0.5880 -0.0287
vn 0.1908 0.8982 -0.3961
vn 0.1784 0.8203 -0.5434
vn 0.1712 0.7812 -0.6003
vn 0.1203 0.8201 -0.5595
vn -0.0215 0.8073 -0.5898
vn 0.3054 0.9294 -0.2074
vn 0.1740 0.9455 -0.2750
vn 0.7469 0.6608 -0.0740
vn 0.5682 0.5644 -0.5989
vn 0.2068 0.4919 -0.8457
vn -0.1312 0.4653 -0.8754
vn 0.0270 0.9764 -0.2143
vn 0.0563 0.9655 -0.2543
vn -0.1693 0.9672 -0.1895
vn -0.1418 0.9268 -0.3477
vn 0.1252 0.8980 -0.4218
vn -0.0175 0.9838 -0.1782
vn 0.0741 0.7415 -0.6669
vn -0.0522 0.6863 -0.7255
vn 0.0001 0.7181 -0.6959
vn 0.0086 0.5261 -0.8504
vn -0.0007 0.5199 -0.8542
vn 0.0627 0.7552 -0.6525
vn 0.0880 0.7451 -0.6611
vn 0.0461 0.8089 -0.5862
vn -0.0461 0.7325 -0.6792
vn -0.0312 0.9278 -0.3717
vn 0.0291 0.9523 -0.3038
vn -0.0315 0.7984 -0.6013
vn 0.0084 0.9773 -0.2115
vn -0.0136 0.9680 -0.2506
vn -0.0762 0.8433 -0.5320
vn 0.0201 0.9626 -0.2703
vn 0.2222 0.8053 -0.5497
vn 0.2098 0.9293 -0.3038
vn 0.0354 0.9167 -0.3981
vn -0.1948 0.9318 -0.3063
vn 0.3059 0.8467 0.4353
vn 0.2983 0.9436 -0.1435
vn -0.2602 0.9281 -0.2664
vn -0.2585 0.7551 -0.6025
vn -0.9568 0.2807 -0.0761
vn -0.9964 0.0812 -0.0235
vn -0.9145 0.2440 0.3228
vn -0.3850 0.5370 0.7506
vn -0.9979 0.0333 -0.0560
vn -0.9984 0.0490 0.0282
vn -0.9842 0.1645 0.0650
vn -0.6852 0.6342 -0.3582
vn -0.5912 0.7838 -0.1904
vn -0.7898 0.2963 -0.5370
vn -0.4670 -0.0192 -0.8841
vn -0.9181 0.3701 -0.1422
vn 0.3831 -0.0360 -0.9230
vn -0.7150 0.6981 -0.0385
vn -0.0589 0.9865 0.1530
vn -0.0261 0.9346 0.3549
vn -0.9173 0.3981 0.0095
vn -0.0605 0.7542 -0.6539
vn -0.9612 -0.0543 -0.2704
vn -0.9802 0.0456 -0.1925
vn -0.9740 -0.0092 -0.2265
vn -0.9812 -0.0118 -0.1926
vn -0.9986 0.0454 0.0288
vn -0.9978 -0.0102 0.0651
vn -0.9865 0.0032 0.1635
vn -0.8654 0.1396 0.4813
vn -0.9895 0.1356 0.0502
vn -0.9965 0.0693 0.0461
vn -0.9973 0.0684 0.0259
vn -0.9978 0.0604 0.0265
vn 0.0531 0.7926 -0.6074
vn 0.0791 0.6842 -0.7250
vn -0.5609 0.8113 -0.1649
vn 0.0086 0.9156 -0.4021
vn -0.0707 0.8876 0.4552
vn -0.0043 0.9988 0.0487
vn 0.1197 0.9545 0.2730
vn 0.1670 0.7047 0.6896
vn -0.0005 1.0000 0.0026
vn -0.0005 1.0000 0.0064
vn 0.0005 1.0000 0.0058
vn -0.0017 1.0000 0.0030
vn -0.0008 1.0000 0.0031
vn 0.0002 1.0000 0.0090
vn -0.0012 0.9999 0.0107
vn -0.0091 0.9998 0.0194
vn -0.0029 1.0000 0.0031
vn -0.0033 1.0000 0.0077
vn -0.0039 0.9992 0.0395
vn -0.0017 1.0000 0.0061
vn -0.0004 1.0000 0.0075
vn -0.9878 0.0679 -0.1404
vn -0.9962 -0.0722 0.0492
vn -0.9811 -0.1032 -0.1639
vn -0.9752 -0.1285 -0.1799
vn -0.9273 -0.0899 0.3632
vn -0.9723 -0.0706 0.2230
vn -0.9633 -0.0268 0.2672
vn -0.9818 -0.0106 0.1895
vn -0.9981 0.0576 -0.0207
vn -0.9938 -0.0248 -0.1085
vn -0.9888 -0.1184 -0.0907
vn -0.9909 0.0405 -0.1283
vn -0.9996 -0.0201 0.0199
vn -0.9797 -0.1378 -0.1456
vn -0.9885 0.0115 0.1508
vn 0.0979 0.9941 0.0462
vn 0.0668 0.9977 0.0146
vn 0.0011 1.0000 0.0095
vn -0.6360 0.7618 0.1233
vn -0.7727 0.6347 -0.0035
vn -0.0117 0.9955 0.0936
vn 0.0871 0.9954 0.0404
vn 0.5273 -0.8493 -0.0258
vn 0.0925 0.3344 0.9379
vn 0.9967 0.0568 0.0582
vn 0.5615 0.0325 0.8268
vn 0.9969 0.0744 0.0245
vn -0.0931 0.1751 0.9801
vn -0.6472 0.7555 -0.1016
vn -0.8780 0.4787 -0.0048
vn -0.5575 0.8277 0.0642
vn -0.1605 0.6733 -0.7217
vn -0.9607 0.2604 0.0956
vn 0.9812 0.0883 -0.1716
vn -0.0358 0.2936 0.9552
vn 0.0520 0.2866 0.9566
vn 0.1952 0.6698 0.7165
vn -0.1354 0.7537 0.6432
vn -0.0202 0.9848 0.1727
vn 0.0248 0.6874 0.7259
vn 0.0825 0.8921 0.4442
vn 0.0092 0.6318 0.7751
vn -0.0024 0.3448 0.9387
vn 0.0047 0.3564 0.9343
vn -0.0587 0.4999 0.8641
vn 0.0064 0.8863 0.4630
vn 0.0143 0.5026 0.8644
vn -0.0072 0.3633 0.9317
vn -0.0004 1.0000 0.0011
vn 0.0018 0.9999 -0.0170
vn 0.7344 0.3618 0.5742
vn 0.7175 0.6893 0.1003
vn 0.9893 -0.0267 0.1435
vn 0.7046 -0.3412 0.6222
vn -0.1022 0.5196 0.8483
vn 0.1570 0.9354 0.3168
vn -0.0717 0.9974 0.0115
vn 0.6736 0.7157 0.1845
vn 0.1891 0.4109 0.8918
vn -0.1584 0.4692 0.8688
vn -0.2262 0.7437 0.6291
vn 0.2111 0.4386 0.8736
vn 0.0018 1.0000 -0.0005
vn -0.0001 1.0000 -0.0006
vn 0.0036 1.0000 -0.0006
vn -0.0022 1.0000 -0.0029
vn 0.0005 1.0000 0.0010
vn -0.0051 0.9998 0.0166
vn -0.0384 0.7953 0.6050
vn 0.0636 0.9449 0.3210
vn -0.0046 0.9984 0.0557
vn 0.0164 0.9576 0.2876
vn 0.0427 0.8283 0.5587
vn 0.0019 0.9998 0.0177
vn 0.0150 0.9931 0.1161
vn -0.0071 0.9969 0.0784
vn -0.0070 0.9962 0.0874
vn 0.0265 0.9949 0.0973
vn -0.0935 0.9906 0.0999
vn -0.1177 0.9790 -0.1663
vn 0.0067 0.9998 -0.0175
vn 0.2022 0.7901 0.5786
vn 0.1359 0.6611 0.7379
vn -0.2114 0.9384 0.2734
vn -0.2054 0.9593 0.1937
vn 0.1111 0.9357 0.3349
vn -0.0011 0.4754 0.8798
vn 0.1650 0.6413 0.7494
vn 0.1010 0.8090 0.5790
vn 0.0008 0.7172 0.6969
vn 0.2352 0.9474 0.2170
vn 0.0811 0.9761 0.2015
vn 0.1954 0.8654 0.4614
vn 0.1502 0.9393 0.3085
vn 0.3846 0.8207 0.4226
vn 0.1459 0.6912 0.7078
vn 0.6067 0.7946 -0.0231
vn 0.9923 0.1156 0.0439
vn 0.2549 0.7908 0.5565
vn -0.0209 0.9862 -0.1645
vn -0.0852 0.8865 0.4547
vn 0.4286 0.8857 -0.1783
vn -0.1036 0.7470 0.6567
vn -0.1394 0.5500 0.8235
vn -0.1703 0.8022 0.5723
vn 0.1950 -0.2861 0.9382
vn -0.2318 0.8215 0.5210
vn -0.1961 0.5473 0.8137
vn 0.0006 0.4176 -0.9086
vn 0.0062 0.9737 -0.2277
vn -0.0056 0.4184 -0.9082
vn -0.0109 0.6656 -0.7462
vn -0.0041 0.9999 -0.0161
vn -0.0417 0.9709 -0.2357
vn 0.0518 0.9956 -0.0778
vn -0.1185 0.8885 -0.4434
vn -0.0249 0.9976 -0.0651
vn 0.0262 0.4318 -0.9016
vn -0.0031 0.9633 -0.2683
vn 0.0084 0.4487 -0.8937
vn 0.0058 0.5462 -0.8376
vn 0.0214 0.9772 -0.2111
vn 0.1056 0.9194 -0.3788
vn 0.0481 0.9105 -0.4107
vn 0.8559 0.5134 -0.0620
vn 0.9967 -0.0480 0.0652
vn -0.0037 0.9966 -0.0827
vn 0.0083 0.9999 0.0086
vn 0.8804 0.4715 0.0516
vn 0.6416 0.2986 0.7065
vn 0.0158 0.5215 -0.8531
vn -0.0160 0.6183 -0.7858
vn -0.0414 0.9760 -0.2140
vn 0.6942 0.7166 -0.0672
vn 0.9751 0.1949 0.1061
vn -0.0531 0.6451 0.7622
vn 0.7281 0.6818 -0.0708
vn 0.9087 0.3279 0.2584
vn 0.9984 -0.0094 0.0560
vn -0.0169 0.5224 -0.8526
vn 0.2066 0.7099 -0.6733
vn 0.5910 0.8002 0.1018
vn -0.2887 0.9101 -0.2974
vn 0.0210 0.5128 -0.8583
vn 0.7833 0.5966 0.1745
vn 0.6407 -0.2788 -0.7154
vn -0.1331 -0.9911 -0.0001
vn -0.1331 -0.8583 0.4955
vn -0.1331 -0.0001 0.9911
vn -0.1331 0.9911 0.0001
vn -0.1331 0.0001 -0.9911
vn -0.1331 -0.8583 -0.4956
vn 0.1331 0.8583 -0.4956
vn 0.1331 0.9911 -0.0001
vn 0.1331 0.0001 0.9911
vn 0.1331 -0.8583 0.4956
vn 0.1331 -0.4956 -0.8583
vn 0.1331 -0.0001 -0.9911
vn 0.8865 0.3672 0.2817
vn 0.2817 0.8865 0.3672
vn 0.3672 0.2817 0.8865
vn -0.3672 0.2818 -0.8865
vn -0.8865 0.3671 -0.2818
vn -0.2818 0.8864 -0.3672
vn 0.2817 0.3672 -0.8865
vn 0.3672 0.8865 -0.2817
vn 0.8865 0.2817 -0.3672
vn -0.8865 0.2818 0.3672
vn -0.2817 0.3672 0.8865
vn -0.3672 0.8865 0.2817
vn 0.8865 -0.2817 0.3672
vn 0.2818 -0.3672 0.8865
vn 0.3672 -0.8865 0.2817
vn -0.2818 -0.3672 -0.8865
vn -0.3672 -0.8865 -0.2817
vn -0.8865 -0.2818 -0.3672
vn 0.3672 -0.2817 -0.8865
vn 0.8865 -0.3672 -0.2817
vn 0.2817 -0.8865 -0.3672
vn -0.8865 -0.3671 0.2818
vn -0.2817 -0.8865 0.3672
vn -0.3672 -0.2817 0.8865
vn 0.9800 -0.0488 0.1928
vn 0.2561 0.0234 -0.9664
vn 0.9946 0.0147 0.1029
vn 0.9964 -0.0274 -0.0808
vn 0.8296 0.0065 -0.5583
vn 0.9082 -0.3173 0.2729
vt 0.596829 0.347108
vt 0.600249 0.339068
vt 0.600249 0.347330
vt 0.452963 0.777726
vt 0.457691 0.788142
vt 0.451628 0.787353
vt 0.451628 0.798955
vt 0.457691 0.799744
vt 0.452963 0.808101
vt 0.576804 0.347125
vt 0.573466 0.338847
vt 0.576804 0.338846
vt 0.573466 0.347125
vt 0.570129 0.338847
vt 0.132585 0.775262
vt 0.124604 0.784543
vt 0.124631 0.775260
vt 0.132558 0.784544
vt 0.124594 0.796233
vt 0.090910 0.794199
vt 0.101186 0.786830
vt 0.101186 0.796258
vt 0.132558 0.805868
vt 0.124604 0.805867
vt 0.124631 0.809763
vt 0.734153 0.259279
vt 0.744952 0.270539
vt 0.734153 0.270487
vt 0.652901 0.332633
vt 0.632204 0.322206
vt 0.652863 0.322110
vt 0.685120 0.322250
vt 0.669936 0.332267
vt 0.669010 0.322173
vt 0.701829 0.293741
vt 0.716981 0.306340
vt 0.701230 0.304293
vt 0.709230 0.250749
vt 0.723679 0.262130
vt 0.708350 0.259058
vt 0.632183 0.316435
vt 0.652901 0.293741
vt 0.652843 0.316339
vt 0.685120 0.332339
vt 0.674019 0.337222
vt 0.723679 0.266784
vt 0.709230 0.283152
vt 0.717579 0.335666
vt 0.701829 0.333618
vt 0.685120 0.316716
vt 0.669936 0.293741
vt 0.132585 0.794543
vt 0.139544 0.776890
vt 0.139544 0.794532
vt 0.143760 0.775260
vt 0.632241 0.332729
vt 0.651118 0.337551
vt 0.634134 0.337629
vt 0.720332 0.248100
vt 0.723679 0.253644
vt 0.765123 0.281275
vt 0.773050 0.277380
vt 0.773077 0.281276
vt 0.765096 0.277379
vt 0.773040 0.267747
vt 0.765086 0.267746
vt 0.773050 0.256057
vt 0.765096 0.256055
vt 0.773077 0.246774
vt 0.590154 0.338846
vt 0.593492 0.347124
vt 0.590154 0.347124
vt 0.593492 0.338846
vt 0.596829 0.347124
vt 0.442894 0.778515
vt 0.438166 0.786872
vt 0.436831 0.777726
vt 0.444229 0.787660
vt 0.438166 0.798474
vt 0.728809 0.317456
vt 0.739608 0.306299
vt 0.739608 0.317507
vt 0.442894 0.808889
vt 0.436831 0.808101
vt 0.607089 0.338846
vt 0.610509 0.347330
vt 0.607089 0.347108
vt 0.080634 0.784771
vt 0.090910 0.796258
vt 0.080634 0.794199
vt 0.116603 0.775260
vt 0.106646 0.793075
vt 0.106646 0.776555
vt 0.648410 0.279117
vt 0.633961 0.284708
vt 0.633081 0.276046
vt 0.611465 0.333923
vt 0.590797 0.323337
vt 0.611457 0.323321
vt 0.676816 0.251689
vt 0.692000 0.261850
vt 0.675891 0.261773
vt 0.065447 0.796763
vt 0.080634 0.775260
vt 0.080634 0.796763
vt 0.648410 0.287603
vt 0.637308 0.290252
vt 0.692000 0.267383
vt 0.676816 0.290214
vt 0.590805 0.293757
vt 0.611465 0.293741
vt 0.648410 0.274463
vt 0.633961 0.252304
vt 0.101186 0.777265
vt 0.101186 0.793785
vt 0.411057 0.779356
vt 0.404098 0.797009
vt 0.404098 0.779367
vt 0.592681 0.338846
vt 0.590805 0.333939
vt 0.415274 0.799187
vt 0.415274 0.777726
vt 0.687917 0.246806
vt 0.692000 0.251761
vt 0.600249 0.338846
vt 0.603669 0.347330
vt 0.600249 0.347108
vt 0.460361 0.777726
vt 0.465090 0.788142
vt 0.459026 0.787353
vt 0.459026 0.798955
vt 0.465090 0.799744
vt 0.460361 0.808101
vt 0.576804 0.338846
vt 0.580141 0.347124
vt 0.580141 0.338846
vt 0.583479 0.347124
vt 0.124594 0.775262
vt 0.116613 0.784543
vt 0.116640 0.775260
vt 0.124567 0.784544
vt 0.116603 0.796233
vt 0.765086 0.258343
vt 0.754810 0.265711
vt 0.754810 0.256284
vt 0.124557 0.796235
vt 0.116613 0.805867
vt 0.124594 0.809764
vt 0.116640 0.809763
vt 0.739608 0.306247
vt 0.750407 0.317507
vt 0.739608 0.317456
vt 0.632183 0.332633
vt 0.611486 0.322206
vt 0.632146 0.322110
vt 0.669010 0.322250
vt 0.653826 0.332267
vt 0.652901 0.322173
vt 0.692599 0.246773
vt 0.707751 0.259372
vt 0.692000 0.257324
vt 0.649290 0.256280
vt 0.663739 0.267662
vt 0.648410 0.264590
vt 0.611465 0.316435
vt 0.632183 0.293741
vt 0.632125 0.316339
vt 0.669010 0.332339
vt 0.657909 0.337222
vt 0.663739 0.272316
vt 0.649290 0.288684
vt 0.692599 0.286650
vt 0.708350 0.288698
vt 0.669010 0.316716
vt 0.653826 0.293741
vt 0.404098 0.779905
vt 0.397139 0.797558
vt 0.397139 0.779916
vt 0.392922 0.777726
vt 0.392922 0.799187
vt 0.611523 0.332729
vt 0.630400 0.337551
vt 0.613416 0.337629
vt 0.663739 0.259176
vt 0.653769 0.252304
vt 0.660392 0.253632
vt 0.767681 0.328244
vt 0.775608 0.324349
vt 0.775635 0.328245
vt 0.767644 0.314714
vt 0.775597 0.314716
vt 0.775608 0.303025
vt 0.767654 0.303024
vt 0.775635 0.293743
vt 0.583479 0.338846
vt 0.586816 0.347124
vt 0.583479 0.347124
vt 0.586816 0.338846
vt 0.450293 0.778515
vt 0.445564 0.786872
vt 0.444229 0.777726
vt 0.451628 0.787660
vt 0.445564 0.798474
vt 0.663739 0.276019
vt 0.674538 0.264862
vt 0.674538 0.276071
vt 0.450293 0.808889
vt 0.444229 0.808101
vt 0.603669 0.338846
vt 0.607089 0.347330
vt 0.603669 0.347108
vt 0.757368 0.303252
vt 0.767644 0.314739
vt 0.757368 0.312680
vt 0.728809 0.348538
vt 0.738766 0.330723
vt 0.738766 0.347244
vt 0.633081 0.279117
vt 0.618632 0.284708
vt 0.617751 0.276046
vt 0.590797 0.333923
vt 0.570129 0.323337
vt 0.590789 0.323321
vt 0.686045 0.298657
vt 0.701230 0.308819
vt 0.685120 0.308742
vt 0.533320 0.341369
vt 0.548507 0.319866
vt 0.548507 0.341369
vt 0.633081 0.287603
vt 0.621979 0.290252
vt 0.701230 0.314352
vt 0.686045 0.337183
vt 0.570137 0.293757
vt 0.590797 0.293741
vt 0.633081 0.274463
vt 0.618632 0.252304
vt 0.744226 0.330013
vt 0.744226 0.346534
vt 0.422233 0.779356
vt 0.415274 0.797009
vt 0.415274 0.779367
vt 0.572013 0.338846
vt 0.570137 0.333939
vt 0.426450 0.799187
vt 0.426450 0.777726
vt 0.697146 0.293774
vt 0.701230 0.298729
vt 0.001729 0.808138
vt 0.004725 0.796462
vt 0.008184 0.809937
vt 0.157526 0.805355
vt 0.167295 0.801536
vt 0.165986 0.808302
vt 0.914635 0.958434
vt 0.911438 0.736058
vt 0.914635 0.735710
vt 0.861616 0.964869
vt 0.864969 0.734998
vt 0.864969 0.964869
vt 0.905056 0.735026
vt 0.907995 0.964844
vt 0.905056 0.964872
vt 0.911438 0.958781
vt 0.907995 0.735947
vt 0.920019 0.735025
vt 0.923421 0.964814
vt 0.920019 0.964831
vt 0.867422 0.964869
vt 0.855810 0.734998
vt 0.858264 0.964869
vt 0.855810 0.964869
vt 0.916730 0.734998
vt 0.916730 0.964804
vt 0.898520 0.735003
vt 0.901588 0.964874
vt 0.898520 0.964849
vt 0.916730 0.957721
vt 0.861616 0.734998
vt 0.901588 0.735028
vt 0.014638 0.808138
vt 0.024088 0.798261
vt 0.025818 0.804998
vt 0.056611 0.801315
vt 0.050417 0.809990
vt 0.048151 0.798368
vt 0.657822 0.870358
vt 0.654625 0.647982
vt 0.657822 0.647634
vt 0.873229 0.964869
vt 0.876581 0.734998
vt 0.876581 0.964869
vt 0.895423 0.735026
vt 0.898361 0.964844
vt 0.895423 0.964872
vt 0.654625 0.870705
vt 0.651181 0.647871
vt 0.471280 0.669590
vt 0.474682 0.899379
vt 0.471280 0.899396
vt 0.879035 0.734998
vt 0.879035 0.964869
vt 0.867423 0.964869
vt 0.869876 0.734998
vt 0.869876 0.964869
vt 0.467991 0.669562
vt 0.467991 0.899368
vt 0.888887 0.735003
vt 0.891955 0.964874
vt 0.888887 0.964849
vt 0.659916 0.869645
vt 0.659916 0.646921
vt 0.873229 0.734998
vt 0.891955 0.735028
vt 0.624743 0.342615
vt 0.625263 0.339904
vt 0.628623 0.343807
vt 0.112786 0.796934
vt 0.116386 0.800626
vt 0.112229 0.800229
vt 0.875895 0.000005
vt 0.878403 0.345270
vt 0.875895 0.345275
vt 0.889731 0.000856
vt 0.892967 0.265519
vt 0.889730 0.266129
vt 0.922468 0.000000
vt 0.923512 0.345284
vt 0.922468 0.345284
vt 0.878403 0.000000
vt 0.881767 0.345270
vt 0.892967 0.000245
vt 0.896311 0.265274
vt 0.923512 0.000000
vt 0.924555 0.345284
vt 0.881767 0.000000
vt 0.885085 0.345275
vt 0.896311 0.000000
vt 0.898865 0.265460
vt 0.929752 0.344607
vt 0.928730 0.000060
vt 0.929752 0.000000
vt 0.887468 0.001668
vt 0.887468 0.266942
vt 0.885085 0.000005
vt 0.887468 0.345284
vt 0.930817 0.344664
vt 0.930817 0.000057
vt 0.624743 0.343807
vt 0.624223 0.346518
vt 0.620863 0.342616
vt 0.716050 0.339160
vt 0.711893 0.342110
vt 0.712450 0.338815
vt 0.864322 0.000005
vt 0.866830 0.345270
vt 0.864322 0.345275
vt 0.213154 0.675894
vt 0.216391 0.940558
vt 0.213154 0.941168
vt 0.924555 0.000000
vt 0.925599 0.345284
vt 0.866830 0.000000
vt 0.870193 0.345270
vt 0.216391 0.675284
vt 0.219734 0.940313
vt 0.925599 0.000000
vt 0.926643 0.345284
vt 0.873512 0.000005
vt 0.873512 0.345275
vt 0.219734 0.675039
vt 0.222289 0.940499
vt 0.927665 0.344607
vt 0.926643 0.000060
vt 0.927665 0.000000
vt 0.210892 0.676707
vt 0.210892 0.941981
vt 0.875895 0.345284
vt 0.928730 0.344664
vt 0.928730 0.000057
vt 0.996992 0.694194
vt 0.998326 0.348969
vt 0.998326 0.693852
vt 0.998360 0.696965
vt 0.996676 0.715969
vt 0.996676 0.697396
vt 0.986600 0.706985
vt 0.984053 0.710371
vt 0.983605 0.706525
vt 0.879389 0.708902
vt 0.878581 0.712717
vt 0.877165 0.712858
vt 0.896301 0.708902
vt 0.897074 0.712717
vt 0.895156 0.708790
vt 0.980154 0.706147
vt 0.979694 0.709893
vt 0.893155 0.712614
vt 0.892053 0.708708
vt 0.883597 0.708708
vt 0.887812 0.712576
vt 0.882478 0.712614
vt 0.977170 0.705952
vt 0.975927 0.709648
vt 0.988336 0.707404
vt 0.987835 0.710952
vt 0.887821 0.708678
vt 0.880510 0.708790
vt 0.975454 0.705994
vt 0.973761 0.709700
vt 0.168685 0.798089
vt 0.170280 0.801220
vt 0.169234 0.802075
vt 0.893141 0.731985
vt 0.882464 0.731985
vt 0.975927 0.728873
vt 0.990027 0.711481
vt 0.987835 0.730177
vt 0.887799 0.731948
vt 0.878567 0.732089
vt 0.973761 0.728925
vt 0.984053 0.729595
vt 1.000000 0.697412
vt 0.998360 0.715538
vt 0.567704 0.331519
vt 0.569328 0.315322
vt 0.569713 0.330939
vt 0.979694 0.729118
vt 0.168102 0.811224
vt 0.167976 0.807851
vt 0.171591 0.811381
vt 0.893428 0.734998
vt 0.891050 0.734935
vt 0.884572 0.734935
vt 0.978277 0.732141
vt 0.167295 0.802090
vt 0.168390 0.804502
vt 0.887808 0.734912
vt 0.882207 0.734998
vt 0.976963 0.732173
vt 0.985501 0.732932
vt 0.983207 0.732580
vt 0.172005 0.798239
vt 0.170409 0.796680
vt 0.568494 0.311094
vt 0.569713 0.310742
vt 0.980562 0.732290
vt 0.071398 0.800951
vt 0.075943 0.801346
vt 0.075943 0.805762
vt 0.895413 0.349080
vt 0.888079 0.348969
vt 0.980154 0.349163
vt 0.988336 0.350420
vt 0.892310 0.348999
vt 0.883854 0.348999
vt 0.977170 0.348969
vt 0.986600 0.350001
vt 0.999624 0.349322
vt 0.999624 0.694206
vt 0.930817 0.290498
vt 0.932418 0.000000
vt 0.932418 0.290081
vt 0.983605 0.349541
vt 0.990343 0.694194
vt 0.991677 0.348969
vt 0.991677 0.693852
vt 0.991711 0.696965
vt 0.990027 0.715969
vt 0.990027 0.697396
vt 0.944656 0.374916
vt 0.947203 0.371530
vt 0.947651 0.375376
vt 0.900744 0.708901
vt 0.899935 0.712717
vt 0.898520 0.712858
vt 0.917656 0.708901
vt 0.918429 0.712717
vt 0.916511 0.708790
vt 0.951102 0.375754
vt 0.951562 0.372008
vt 0.914510 0.712614
vt 0.913407 0.708708
vt 0.904951 0.708708
vt 0.909167 0.712576
vt 0.903832 0.712614
vt 0.954086 0.375949
vt 0.955329 0.372253
vt 0.942920 0.374497
vt 0.943421 0.370949
vt 0.909176 0.708678
vt 0.901865 0.708790
vt 0.955802 0.375907
vt 0.957495 0.372200
vt 0.780205 0.266085
vt 0.781800 0.269215
vt 0.780754 0.270071
vt 0.914496 0.731985
vt 0.903819 0.731985
vt 0.955329 0.353028
vt 0.941229 0.370420
vt 0.943421 0.351724
vt 0.909153 0.731948
vt 0.899921 0.732089
vt 0.957495 0.352976
vt 0.947203 0.352305
vt 0.993351 0.697411
vt 0.991711 0.715538
vt 0.782830 0.314518
vt 0.784454 0.298321
vt 0.784839 0.313938
vt 0.951562 0.352783
vt 0.779622 0.279220
vt 0.779497 0.275847
vt 0.783112 0.279377
vt 0.914782 0.734997
vt 0.912405 0.734935
vt 0.905927 0.734935
vt 0.952979 0.349759
vt 0.778816 0.270086
vt 0.779911 0.272498
vt 0.909163 0.734912
vt 0.903562 0.734997
vt 0.954294 0.349728
vt 0.945755 0.348969
vt 0.948049 0.349321
vt 0.783526 0.266235
vt 0.781930 0.264676
vt 0.783620 0.294093
vt 0.784839 0.293741
vt 0.950694 0.349611
vt 0.066150 0.800951
vt 0.070695 0.801346
vt 0.070695 0.805762
vt 0.916768 0.349080
vt 0.909433 0.348969
vt 0.951103 0.732738
vt 0.942920 0.731481
vt 0.913664 0.348999
vt 0.905208 0.348999
vt 0.954086 0.732932
vt 0.944656 0.731900
vt 0.992976 0.349322
vt 0.992976 0.694206
vt 0.935621 0.290498
vt 0.937223 0.000000
vt 0.937223 0.290081
vt 0.947651 0.732360
vt 0.993667 0.694194
vt 0.995001 0.348969
vt 0.995001 0.693852
vt 0.995036 0.696965
vt 0.993351 0.715969
vt 0.993351 0.697396
vt 0.960922 0.374916
vt 0.963469 0.371530
vt 0.963917 0.375376
vt 0.922099 0.708902
vt 0.921290 0.712717
vt 0.919875 0.712858
vt 0.939011 0.708902
vt 0.939784 0.712717
vt 0.937866 0.708790
vt 0.967368 0.375754
vt 0.967827 0.372007
vt 0.935865 0.712614
vt 0.934762 0.708708
vt 0.926306 0.708708
vt 0.930522 0.712576
vt 0.925187 0.712614
vt 0.970352 0.375949
vt 0.971595 0.372253
vt 0.959186 0.374497
vt 0.959687 0.370949
vt 0.930531 0.708678
vt 0.923220 0.708790
vt 0.972067 0.375907
vt 0.973761 0.372200
vt 0.178727 0.798917
vt 0.180322 0.802047
vt 0.179276 0.802902
vt 0.935851 0.731986
vt 0.925173 0.731986
vt 0.971594 0.353028
vt 0.957495 0.370420
vt 0.959687 0.351724
vt 0.930508 0.731948
vt 0.921276 0.732089
vt 0.973761 0.352976
vt 0.963469 0.352305
vt 0.996676 0.697412
vt 0.995036 0.715538
vt 0.140586 0.817498
vt 0.142209 0.801301
vt 0.142594 0.816918
vt 0.967827 0.352783
vt 0.178144 0.812052
vt 0.178019 0.808679
vt 0.181634 0.812209
vt 0.936137 0.734998
vt 0.933759 0.734935
vt 0.927281 0.734935
vt 0.969245 0.349759
vt 0.177338 0.802918
vt 0.178433 0.805330
vt 0.930518 0.734912
vt 0.924917 0.734998
vt 0.970559 0.349728
vt 0.962021 0.348969
vt 0.964315 0.349321
vt 0.182048 0.799066
vt 0.180452 0.797507
vt 0.141376 0.797073
vt 0.142594 0.796721
vt 0.966959 0.349611
vt 0.744929 0.334201
vt 0.749474 0.334596
vt 0.749474 0.339012
vt 0.938122 0.349080
vt 0.930787 0.348969
vt 0.967368 0.732738
vt 0.959186 0.731481
vt 0.935018 0.348999
vt 0.926562 0.348999
vt 0.970352 0.732932
vt 0.960922 0.731900
vt 0.996300 0.349322
vt 0.996300 0.694206
vt 0.932418 0.290498
vt 0.934020 0.000000
vt 0.934020 0.290081
vt 0.963917 0.732360
vt 0.235472 0.700299
vt 0.236805 0.355074
vt 0.236805 0.699958
vt 0.236840 0.703071
vt 0.235155 0.722075
vt 0.235155 0.703501
vt 0.812459 0.958370
vt 0.809912 0.961756
vt 0.809464 0.957909
vt 0.858035 0.708902
vt 0.857226 0.712717
vt 0.855810 0.712858
vt 0.874946 0.708902
vt 0.875720 0.712717
vt 0.873802 0.708790
vt 0.806012 0.957532
vt 0.805553 0.961278
vt 0.871800 0.712614
vt 0.870698 0.708708
vt 0.862242 0.708708
vt 0.866458 0.712576
vt 0.861123 0.712614
vt 0.803029 0.957337
vt 0.801786 0.961033
vt 0.814195 0.958789
vt 0.813693 0.962337
vt 0.866467 0.708678
vt 0.859156 0.708790
vt 0.801313 0.957379
vt 0.799620 0.961085
vt 0.779997 0.329655
vt 0.781592 0.332785
vt 0.780546 0.333640
vt 0.871787 0.731985
vt 0.861109 0.731985
vt 0.801786 0.980258
vt 0.815885 0.962866
vt 0.813693 0.981562
vt 0.866444 0.731948
vt 0.857212 0.732089
vt 0.799620 0.980310
vt 0.809912 0.980981
vt 0.238480 0.703517
vt 0.236840 0.721644
vt 0.780437 0.314518
vt 0.782060 0.298321
vt 0.782445 0.313938
vt 0.805553 0.980503
vt 0.779414 0.342790
vt 0.779288 0.339417
vt 0.782903 0.342947
vt 0.872073 0.734998
vt 0.869695 0.734935
vt 0.863217 0.734935
vt 0.804136 0.983526
vt 0.778607 0.333656
vt 0.779703 0.336068
vt 0.866454 0.734912
vt 0.860853 0.734998
vt 0.802821 0.983558
vt 0.811360 0.984317
vt 0.809065 0.983965
vt 0.783318 0.329804
vt 0.781721 0.328245
vt 0.781227 0.294093
vt 0.782445 0.293741
vt 0.806421 0.983675
vt 0.172090 0.802090
vt 0.176635 0.801695
vt 0.177338 0.806050
vt 0.874058 0.349080
vt 0.866723 0.348969
vt 0.806012 0.600548
vt 0.814195 0.601805
vt 0.870955 0.348999
vt 0.862499 0.348999
vt 0.803029 0.600353
vt 0.812459 0.601386
vt 0.238104 0.355428
vt 0.238104 0.700312
vt 0.934020 0.290498
vt 0.935621 0.000000
vt 0.935621 0.290081
vt 0.809464 0.600926
vt 0.918732 0.117372
vt 0.915242 0.003478
vt 0.919153 0.003492
vt 0.229367 0.355074
vt 0.119933 0.352193
vt 0.229367 0.352193
vt 0.229367 0.344323
vt 0.119933 0.341443
vt 0.229367 0.341443
vt 0.903447 0.000353
vt 0.899971 0.111477
vt 0.901077 0.001131
vt 0.119933 0.348259
vt 0.229367 0.348258
vt 0.119933 0.344324
vt 0.905951 0.110346
vt 0.907057 0.000000
vt 0.909833 0.110513
vt 0.910939 0.000167
vt 0.359789 0.344937
vt 0.250363 0.348969
vt 0.250387 0.345107
vt 0.359765 0.340944
vt 0.250363 0.341114
vt 0.246588 0.341586
vt 0.247014 0.337891
vt 0.922468 0.003473
vt 0.914821 0.117359
vt 0.911782 0.003436
vt 0.232716 0.341088
vt 0.236273 0.336598
vt 0.233167 0.344724
vt 0.246114 0.345149
vt 0.864322 0.270477
vt 0.860738 0.266923
vt 0.863525 0.264750
vt 0.861597 0.273034
vt 0.857001 0.268062
vt 0.233617 0.348359
vt 0.854173 0.273975
vt 0.857883 0.274315
vt 0.851462 0.272106
vt 0.853314 0.267863
vt 0.842374 0.001057
vt 0.838852 0.002987
vt 0.838606 0.000000
vt 0.916108 0.000382
vt 0.919996 0.000520
vt 0.912710 0.000000
vt 0.862885 0.255568
vt 0.859627 0.245001
vt 0.862498 0.244331
vt 0.850665 0.266379
vt 0.852622 0.258019
vt 0.842610 0.003965
vt 0.846588 0.009618
vt 0.842802 0.010363
vt 0.242627 0.336193
vt 0.243483 0.333480
vt 0.856290 0.257976
vt 0.839052 0.009613
vt 0.244291 0.330636
vt 0.860047 0.257079
vt 0.836343 0.007568
vt 0.836121 0.000321
vt 0.237105 0.339380
vt 0.846388 0.002993
vt 0.849396 0.007578
vt 0.859544 0.232529
vt 0.862425 0.232749
vt 0.235440 0.333815
vt 0.238212 0.325117
vt 0.850025 0.257197
vt 0.852203 0.245942
vt 0.846710 0.018873
vt 0.842918 0.019277
vt 0.240433 0.323464
vt 0.241544 0.322026
vt 0.855859 0.245591
vt 0.839174 0.018867
vt 0.242607 0.320455
vt 0.836480 0.017755
vt 0.239299 0.326623
vt 0.849534 0.017766
vt 0.852747 0.026814
vt 0.855772 0.232793
vt 0.852119 0.233470
vt 0.237124 0.323611
vt 0.238689 0.312030
vt 0.849639 0.245960
vt 0.846736 0.029348
vt 0.842943 0.029349
vt 0.239866 0.308901
vt 0.241067 0.308965
vt 0.839200 0.029343
vt 0.242220 0.308897
vt 0.836512 0.029332
vt 0.239866 0.312030
vt 0.849565 0.029343
vt 0.886525 0.956506
vt 0.888887 0.845350
vt 0.888887 0.955702
vt 0.226836 0.793873
vt 0.223375 0.679964
vt 0.226836 0.679992
vt 0.879035 0.846421
vt 0.882919 0.956898
vt 0.879035 0.956773
vt 0.230747 0.793871
vt 0.230747 0.679990
vt 0.359765 0.000170
vt 0.250387 0.004334
vt 0.250363 0.000341
vt 0.359789 0.004164
vt 0.250363 0.008195
vt 0.234061 0.679957
vt 0.229367 0.002881
vt 0.119933 0.000000
vt 0.229367 0.000000
vt 0.229367 0.006815
vt 0.119933 0.002881
vt 0.229367 0.010750
vt 0.119933 0.006816
vt 0.233167 0.010350
vt 0.232716 0.013985
vt 0.882919 0.846545
vt 0.229367 0.013631
vt 0.119933 0.010751
vt 0.247014 0.011429
vt 0.243483 0.015983
vt 0.246588 0.007868
vt 0.233617 0.006715
vt 0.233947 0.004053
vt 0.229577 0.675039
vt 0.232914 0.675134
vt 0.246114 0.004174
vt 0.880943 0.960782
vt 0.225688 0.675168
vt 0.884698 0.960531
vt 0.842374 0.326747
vt 0.838852 0.324754
vt 0.842610 0.323784
vt 0.232386 0.016647
vt 0.850780 0.008518
vt 0.852903 0.015170
vt 0.850334 0.016882
vt 0.864322 0.002273
vt 0.860811 0.005269
vt 0.861548 0.000357
vt 0.839052 0.318083
vt 0.842802 0.317342
vt 0.237105 0.015694
vt 0.236273 0.018476
vt 0.857058 0.005021
vt 0.857815 0.000000
vt 0.846588 0.318089
vt 0.846389 0.324760
vt 0.235440 0.021258
vt 0.854123 0.001298
vt 0.853387 0.006210
vt 0.849396 0.320122
vt 0.849174 0.327420
vt 0.242627 0.013141
vt 0.836343 0.320112
vt 0.237714 0.013657
vt 0.850193 0.027723
vt 0.244291 0.018692
vt 0.241544 0.027443
vt 0.863639 0.006889
vt 0.860328 0.014230
vt 0.839174 0.308800
vt 0.842918 0.308402
vt 0.239299 0.028451
vt 0.238212 0.029956
vt 0.856561 0.014199
vt 0.846710 0.308806
vt 0.237124 0.031462
vt 0.849534 0.309903
vt 0.240433 0.025876
vt 0.836480 0.309893
vt 0.849565 0.234378
vt 0.242608 0.028879
vt 0.241067 0.040505
vt 0.863194 0.015253
vt 0.860171 0.025874
vt 0.839200 0.298319
vt 0.842943 0.298325
vt 0.239866 0.043043
vt 0.238689 0.043043
vt 0.856399 0.026138
vt 0.846736 0.298324
vt 0.237512 0.043043
vt 0.849565 0.298319
vt 0.239866 0.040441
vt 0.836512 0.298308
vt 0.863052 0.026094
vt 0.237512 0.312030
vt 0.918311 0.231253
vt 0.010500 0.352194
vt 0.119933 0.355074
vt 0.010500 0.355074
vt 0.010500 0.341443
vt 0.010500 0.344324
vt 0.898865 0.221823
vt 0.902341 0.110699
vt 0.901235 0.221045
vt 0.010500 0.348259
vt 0.904845 0.220692
vt 0.908728 0.220859
vt 0.469191 0.344767
vt 0.359765 0.348798
vt 0.469167 0.340773
vt 0.472990 0.341233
vt 0.170142 0.783514
vt 0.166751 0.796680
vt 0.162864 0.781478
vt 0.922047 0.117353
vt 0.921626 0.231234
vt 0.914400 0.231239
vt 0.911360 0.117317
vt 0.003594 0.336598
vt 0.007150 0.341089
vt 0.006700 0.344724
vt 0.473416 0.344795
vt 0.469167 0.348628
vt 0.907182 0.226128
vt 0.903619 0.226619
vt 0.006249 0.348360
vt 0.627566 0.995822
vt 0.630951 0.998949
vt 0.627183 1.000000
vt 0.005919 0.351021
vt 0.922468 0.234422
vt 0.915242 0.234428
vt 0.911842 0.234732
vt 0.910939 0.231197
vt 0.621287 0.983175
vt 0.624290 0.971495
vt 0.624096 0.985208
vt 0.631632 0.985214
vt 0.634056 0.992196
vt 0.631325 0.994852
vt 0.205072 0.677323
vt 0.200856 0.680467
vt 0.201340 0.676960
vt 0.476903 0.335828
vt 0.627882 0.985954
vt 0.208282 0.679539
vt 0.208766 0.676032
vt 0.472515 0.337539
vt 0.476095 0.333118
vt 0.623788 0.994846
vt 0.004426 0.333816
vt 0.007480 0.338428
vt 0.002761 0.339381
vt 0.198030 0.678843
vt 0.198569 0.675039
vt 0.621003 0.992186
vt 0.621467 0.970398
vt 0.624342 0.955794
vt 0.001654 0.325118
vt 0.631826 0.971500
vt 0.634341 0.983185
vt 0.204608 0.680722
vt 0.200541 0.686608
vt 0.479097 0.323092
vt 0.628082 0.971898
vt 0.207967 0.685680
vt 0.475239 0.330276
vt 0.478034 0.321657
vt 0.210538 0.683972
vt 0.210892 0.677236
vt 0.000567 0.326624
vt 0.197676 0.685579
vt 0.628136 0.955794
vt 0.631878 0.686824
vt 0.631878 0.955800
vt 0.001177 0.312031
vt 0.002742 0.323612
vt 0.634520 0.970408
vt 0.204307 0.686645
vt 0.200443 0.694448
vt 0.479664 0.308527
vt 0.207869 0.693520
vt 0.476922 0.320090
vt 0.478511 0.308595
vt 0.210424 0.692616
vt 0.000000 0.312031
vt 0.197562 0.694223
vt 0.888887 0.734998
vt 0.886525 0.846153
vt 0.886525 0.735801
vt 0.226836 0.907755
vt 0.223375 0.793845
vt 0.879035 0.736068
vt 0.230747 0.907752
vt 0.469167 0.000000
vt 0.469167 0.007854
vt 0.469191 0.003993
vt 0.234061 0.793839
vt 0.234061 0.907720
vt 0.010500 0.000000
vt 0.010500 0.002881
vt 0.010500 0.006816
vt 0.010500 0.010751
vt 0.006700 0.010351
vt 0.025818 0.806243
vt 0.032803 0.796458
vt 0.035360 0.809567
vt 0.882919 0.736193
vt 0.119933 0.013631
vt 0.010500 0.013631
vt 0.476095 0.015620
vt 0.472515 0.011078
vt 0.472990 0.007515
vt 0.006249 0.006715
vt 0.005919 0.004054
vt 0.229576 0.912586
vt 0.473416 0.003820
vt 0.197410 0.926342
vt 0.200758 0.928468
vt 0.198030 0.931020
vt 0.225688 0.912464
vt 0.223375 0.907726
vt 0.200200 0.924174
vt 0.204475 0.927194
vt 0.207626 0.923246
vt 0.208184 0.927540
vt 0.210272 0.924735
vt 0.210892 0.929413
vt 0.634341 0.659512
vt 0.631826 0.671136
vt 0.631632 0.657467
vt 0.624096 0.657461
vt 0.621003 0.650556
vt 0.623788 0.647894
vt 0.203939 0.923040
vt 0.207188 0.916537
vt 0.002761 0.015694
vt 0.627882 0.656717
vt 0.627566 0.646921
vt 0.199762 0.917465
vt 0.007150 0.013986
vt 0.003594 0.018477
vt 0.631325 0.647900
vt 0.196922 0.918970
vt 0.476903 0.012776
vt 0.209784 0.917363
vt 0.634056 0.650566
vt 0.634520 0.672248
vt 0.478034 0.027075
vt 0.475239 0.018333
vt 0.624290 0.671130
vt 0.621287 0.659502
vt 0.203520 0.916574
vt 0.206939 0.908435
vt 0.000567 0.028451
vt 0.628082 0.670727
vt 0.199513 0.909363
vt 0.004426 0.021259
vt 0.001654 0.029957
vt 0.196641 0.910028
vt 0.479097 0.025505
vt 0.209503 0.908421
vt 0.634566 0.686834
vt 0.634566 0.955810
vt 0.478511 0.040136
vt 0.476922 0.028514
vt 0.624342 0.686818
vt 0.621467 0.672237
vt 0.203282 0.908780
vt 0.206915 0.900174
vt 0.000000 0.043044
vt 0.628136 0.686818
vt 0.199489 0.901102
vt 0.002742 0.031463
vt 0.001177 0.043044
vt 0.196609 0.900877
vt 0.479664 0.040068
vt 0.209471 0.899270
vt 0.621513 0.955800
vt 0.477310 0.308531
vt 0.203262 0.900845
vt 0.204215 0.694190
vt 0.002355 0.043044
vt 0.002355 0.312031
vt 0.638917 0.649379
vt 0.651181 0.882768
vt 0.638917 0.885226
vt 0.835503 0.591120
vt 0.834371 0.352938
vt 0.849711 0.351938
vt 0.817797 0.001447
vt 0.832646 0.244766
vt 0.817797 0.244836
vt 0.241164 0.353307
vt 0.475048 0.665224
vt 0.241164 0.665224
vt 0.792091 0.006118
vt 0.807579 0.318034
vt 0.792091 0.318022
vt 0.838820 0.594133
vt 0.835387 0.594804
vt 0.841602 0.591961
vt 0.839700 0.591209
vt 0.835503 0.597045
vt 0.839700 0.595399
vt 0.791941 0.000000
vt 0.788635 0.002580
vt 0.787786 0.001794
vt 0.792047 0.001785
vt 0.786066 0.006131
vt 0.787892 0.006120
vt 0.813810 0.000323
vt 0.817288 0.000071
vt 0.233817 0.670596
vt 0.234931 0.674294
vt 0.233852 0.675039
vt 0.853351 0.349518
vt 0.853908 0.352027
vt 0.788635 0.321569
vt 0.787892 0.318024
vt 0.634700 0.648342
vt 0.637856 0.647719
vt 0.786066 0.318035
vt 0.787787 0.322374
vt 0.820163 0.592120
vt 0.816759 0.595571
vt 0.816129 0.592745
vt 0.820163 0.598045
vt 0.820047 0.595804
vt 0.240104 0.349765
vt 0.241164 0.348969
vt 0.807429 0.000012
vt 0.810908 0.002598
vt 0.807535 0.001797
vt 0.813304 0.006152
vt 0.811584 0.001812
vt 0.807579 0.006130
vt 0.811689 0.006138
vt 0.832646 0.001376
vt 0.835164 0.000221
vt 0.836120 0.001332
vt 0.831290 0.350956
vt 0.834650 0.349968
vt 0.240104 0.668766
vt 0.239866 0.665224
vt 0.810908 0.321586
vt 0.807535 0.322377
vt 0.813304 0.318056
vt 0.811689 0.318042
vt 0.807429 0.324186
vt 0.811584 0.322393
vt 0.813304 0.001440
vt 0.000035 0.675039
vt 0.855810 0.352779
vt 0.000448 0.359292
vt 0.234312 0.355074
vt 0.234265 0.359292
vt 0.634566 0.649687
vt 0.634566 0.885534
vt 0.241164 0.669562
vt 0.836121 0.244721
vt 0.830337 0.353563
vt 0.239866 0.353307
vt 0.855810 0.753560
vt 0.816130 0.596935
vt 0.475048 0.348969
vt 0.792047 0.322365
vt 0.791941 0.324174
vt 0.832137 0.000000
vt 0.849990 0.348969
vt 0.000000 0.670596
vt 0.653697 0.615580
vt 0.630545 0.636050
vt 0.625796 0.626409
vt 0.760346 0.701890
vt 0.749025 0.711870
vt 0.747255 0.701728
vt 0.677390 0.724404
vt 0.664915 0.710601
vt 0.682894 0.714044
vt 0.591483 0.494475
vt 0.622194 0.495631
vt 0.591762 0.503523
vt 0.492648 0.464532
vt 0.477954 0.470441
vt 0.478066 0.460088
vt 0.044846 0.712004
vt 0.055922 0.715375
vt 0.049811 0.725015
vt 0.610970 0.427886
vt 0.640495 0.439698
vt 0.609138 0.438600
vt 0.285554 0.763371
vt 0.262006 0.772453
vt 0.260334 0.762249
vt 0.301689 0.705048
vt 0.305283 0.720971
vt 0.289785 0.711066
vt 0.693374 0.829893
vt 0.704273 0.803270
vt 0.710693 0.808180
vt 0.766948 0.630693
vt 0.755336 0.620028
vt 0.768115 0.620460
vt 0.318331 0.822792
vt 0.308815 0.831378
vt 0.300704 0.824009
vt 0.721976 0.634217
vt 0.719166 0.620334
vt 0.731837 0.624724
vt 0.763792 0.792102
vt 0.753834 0.782170
vt 0.766836 0.782405
vt 0.599192 0.052300
vt 0.610558 0.061775
vt 0.598163 0.061976
vt 0.637445 0.553427
vt 0.607273 0.569080
vt 0.605959 0.558591
vt 0.596579 0.012840
vt 0.609128 0.022088
vt 0.596139 0.022527
vt 0.546685 0.014434
vt 0.558960 0.023020
vt 0.548578 0.023013
vt 0.627713 0.519218
vt 0.599286 0.529892
vt 0.597726 0.521768
vt 0.114893 0.710673
vt 0.105450 0.696680
vt 0.115340 0.698367
vt 0.353541 0.790240
vt 0.363586 0.797544
vt 0.353664 0.802243
vt 0.500370 0.501478
vt 0.493438 0.508935
vt 0.483481 0.502721
vt 0.765996 0.742085
vt 0.753712 0.751957
vt 0.753329 0.742093
vt 0.645518 0.102211
vt 0.658205 0.091864
vt 0.659112 0.102052
vt 0.648107 0.051729
vt 0.658494 0.061583
vt 0.644914 0.061522
vt 0.595979 0.181115
vt 0.609445 0.170848
vt 0.608713 0.181135
vt 0.557587 0.171923
vt 0.563492 0.181426
vt 0.556034 0.181913
vt 0.690395 0.673408
vt 0.679361 0.655958
vt 0.698505 0.666906
vt 0.703038 0.483140
vt 0.724888 0.469366
vt 0.727485 0.483620
vt 0.713631 0.526864
vt 0.727511 0.518359
vt 0.730570 0.525814
vt 0.288039 0.791756
vt 0.275278 0.805476
vt 0.262938 0.804092
vt 0.690009 0.382162
vt 0.717464 0.371647
vt 0.719721 0.382349
vt 0.688804 0.432366
vt 0.718613 0.414111
vt 0.720544 0.427598
vt 0.645122 0.212191
vt 0.657491 0.222504
vt 0.643902 0.222520
vt 0.426991 0.740188
vt 0.436822 0.728379
vt 0.437543 0.739505
vt 0.737291 0.167344
vt 0.750768 0.177348
vt 0.737351 0.177396
vt 0.747255 0.847249
vt 0.727101 0.852528
vt 0.741429 0.834353
vt 0.132585 0.805002
vt 0.140201 0.797616
vt 0.140201 0.810186
vt 0.579130 0.774589
vt 0.569184 0.744898
vt 0.581374 0.742063
vt 0.734524 0.206990
vt 0.746424 0.215938
vt 0.733436 0.216760
vt 0.726824 0.568745
vt 0.742132 0.553984
vt 0.750122 0.556949
vt 0.497098 0.763254
vt 0.485998 0.741553
vt 0.498272 0.744144
vt 0.257515 0.724208
vt 0.281493 0.738104
vt 0.249080 0.731554
vt 0.750048 0.020823
vt 0.759542 0.011481
vt 0.762023 0.021196
vt 0.699760 0.020443
vt 0.706678 0.010409
vt 0.711904 0.020446
vt 0.645396 0.395918
vt 0.616258 0.395663
vt 0.615541 0.391834
vt 0.175950 0.740728
vt 0.185529 0.753314
vt 0.174603 0.754364
vt 0.728427 0.100283
vt 0.739094 0.091074
vt 0.740481 0.101271
vt 0.714821 0.060654
vt 0.722552 0.050796
vt 0.728024 0.060499
vt 0.353296 0.737504
vt 0.363317 0.750345
vt 0.353337 0.751348
vt 0.353406 0.683914
vt 0.363217 0.696537
vt 0.353363 0.696321
vt 0.494286 0.419931
vt 0.503348 0.438994
vt 0.484625 0.428411
vt 0.497137 0.482224
vt 0.517144 0.496346
vt 0.496911 0.494583
vt 0.535677 0.448624
vt 0.538233 0.460851
vt 0.525257 0.456920
vt 0.603093 0.470143
vt 0.629842 0.482352
vt 0.600073 0.476727
vt 0.513224 0.172944
vt 0.522900 0.182875
vt 0.512478 0.183113
vt 0.427921 0.702703
vt 0.437183 0.691738
vt 0.438450 0.702963
vt 0.685433 0.775333
vt 0.664423 0.766544
vt 0.682807 0.761769
vt 0.762639 0.671474
vt 0.750500 0.661005
vt 0.763448 0.661368
vt 0.649874 0.171346
vt 0.662692 0.181909
vt 0.649049 0.181664
vt 0.651834 0.141309
vt 0.663697 0.131859
vt 0.665546 0.141585
vt 0.144638 0.794464
vt 0.157526 0.781478
vt 0.157526 0.798638
vt 0.649185 0.021241
vt 0.662246 0.010951
vt 0.662844 0.021178
vt 0.611191 0.599683
vt 0.639125 0.602928
vt 0.610282 0.607863
vt 0.554973 0.605306
vt 0.580153 0.614033
vt 0.554558 0.616977
vt 0.554923 0.583215
vt 0.578487 0.594636
vt 0.554015 0.594453
vt 0.608625 0.579635
vt 0.641432 0.584673
vt 0.609986 0.590198
vt 0.649883 0.031500
vt 0.661599 0.041480
vt 0.648005 0.041383
vt 0.623107 0.031868
vt 0.634807 0.041506
vt 0.622406 0.041747
vt 0.622958 0.011925
vt 0.635416 0.021474
vt 0.622301 0.021793
vt 0.762489 0.812421
vt 0.750749 0.802202
vt 0.763429 0.802355
vt 0.789291 0.812709
vt 0.776813 0.802467
vt 0.790325 0.802662
vt 0.789322 0.823058
vt 0.776931 0.833203
vt 0.775582 0.822888
vt 0.650868 0.151502
vt 0.664168 0.161938
vt 0.650536 0.161813
vt 0.623859 0.160743
vt 0.637383 0.151374
vt 0.637135 0.161260
vt 0.740562 0.614057
vt 0.737793 0.600353
vt 0.747255 0.601900
vt 0.648295 0.191982
vt 0.661045 0.202404
vt 0.647531 0.202305
vt 0.621409 0.191431
vt 0.634012 0.202068
vt 0.620531 0.201859
vt 0.622921 0.170919
vt 0.635587 0.181440
vt 0.622103 0.181230
vt 0.763889 0.651105
vt 0.752419 0.640519
vt 0.765358 0.640888
vt 0.790855 0.651895
vt 0.778563 0.641231
vt 0.792250 0.641587
vt 0.789493 0.672174
vt 0.776604 0.661647
vt 0.790289 0.662103
vt 0.406088 0.696559
vt 0.416704 0.688689
vt 0.417071 0.701025
vt 0.404146 0.717333
vt 0.415965 0.709365
vt 0.415312 0.718551
vt 0.674933 0.808288
vt 0.689189 0.784693
vt 0.696986 0.794091
vt 0.448552 0.701376
vt 0.457654 0.697347
vt 0.458383 0.699930
vt 0.457761 0.715235
vt 0.448132 0.708970
vt 0.457958 0.706338
vt 0.436960 0.718436
vt 0.427070 0.710501
vt 0.437777 0.710198
vt 0.512133 0.203692
vt 0.522512 0.193037
vt 0.524109 0.203196
vt 0.492379 0.194000
vt 0.500384 0.203940
vt 0.491731 0.204344
vt 0.492779 0.183753
vt 0.502621 0.173152
vt 0.501948 0.183305
vt 0.558433 0.459058
vt 0.571360 0.473606
vt 0.553289 0.465390
vt 0.565521 0.440205
vt 0.575097 0.455949
vt 0.560262 0.448482
vt 0.607394 0.449055
vt 0.635881 0.461359
vt 0.605236 0.459672
vt 0.561831 0.305529
vt 0.551785 0.296603
vt 0.562245 0.292548
vt 0.535964 0.418486
vt 0.536820 0.434570
vt 0.527938 0.427774
vt 0.774277 0.021436
vt 0.783070 0.012100
vt 0.786066 0.021488
vt 0.506892 0.043492
vt 0.519330 0.032961
vt 0.518448 0.043362
vt 0.561822 0.278894
vt 0.550691 0.268904
vt 0.561338 0.266751
vt 0.514375 0.463949
vt 0.521221 0.476462
vt 0.502790 0.471418
vt 0.047639 0.774046
vt 0.062723 0.783697
vt 0.051452 0.786575
vt 0.039857 0.750497
vt 0.053346 0.757931
vt 0.044235 0.763647
vt 0.517551 0.406990
vt 0.515226 0.419175
vt 0.505271 0.412627
vt 0.333497 0.683503
vt 0.343405 0.696495
vt 0.333453 0.697356
vt 0.153746 0.769349
vt 0.167032 0.779791
vt 0.157377 0.781478
vt 0.175231 0.766940
vt 0.186257 0.778775
vt 0.177218 0.778365
vt 0.333468 0.739152
vt 0.343382 0.752520
vt 0.333486 0.753229
vt 0.333461 0.711297
vt 0.343392 0.724233
vt 0.333469 0.725194
vt 0.353304 0.709669
vt 0.363247 0.722022
vt 0.353280 0.723421
vt 0.722136 0.081117
vt 0.731932 0.070578
vt 0.735073 0.080887
vt 0.695256 0.080606
vt 0.705503 0.071124
vt 0.708699 0.081059
vt 0.687916 0.061270
vt 0.695670 0.051107
vt 0.701446 0.060934
vt 0.164409 0.688613
vt 0.173339 0.701193
vt 0.161647 0.702272
vt 0.701327 0.119975
vt 0.714760 0.110054
vt 0.714726 0.120117
vt 0.701877 0.099745
vt 0.712465 0.090506
vt 0.715324 0.099827
vt 0.153146 0.742763
vt 0.162119 0.755457
vt 0.150268 0.757009
vt 0.159243 0.715667
vt 0.166887 0.728254
vt 0.155381 0.729132
vt 0.005306 0.710760
vt 0.017558 0.718026
vt 0.010497 0.723513
vt 0.571629 0.377762
vt 0.584917 0.393397
vt 0.571311 0.388408
vt 0.586425 0.359679
vt 0.592340 0.371692
vt 0.574444 0.366416
vt 0.626866 0.375247
vt 0.649748 0.388930
vt 0.621359 0.381298
vt 0.703876 0.041166
vt 0.714759 0.030769
vt 0.717301 0.041090
vt 0.677991 0.041296
vt 0.688318 0.030954
vt 0.690340 0.041301
vt 0.536883 0.274930
vt 0.549351 0.266688
vt 0.550163 0.276929
vt 0.752915 0.040664
vt 0.763441 0.030913
vt 0.762277 0.040990
vt 0.730550 0.040941
vt 0.739704 0.030433
vt 0.743016 0.040748
vt 0.723773 0.020343
vt 0.733489 0.010865
vt 0.736911 0.020596
vt 0.501058 0.797777
vt 0.496370 0.831861
vt 0.486065 0.800149
vt 0.526444 0.794237
vt 0.524229 0.824637
vt 0.513139 0.795816
vt 0.277665 0.716979
vt 0.287488 0.738210
vt 0.268920 0.718272
vt 0.491535 0.730907
vt 0.500181 0.702001
vt 0.496101 0.700349
vt 0.507196 0.728053
vt 0.491767 0.697686
vt 0.504544 0.695041
vt 0.511499 0.750338
vt 0.510449 0.762124
vt 0.502050 0.749845
vt 0.761957 0.557818
vt 0.782209 0.535372
vt 0.788727 0.545807
vt 0.498912 0.285743
vt 0.494634 0.314730
vt 0.488630 0.286059
vt 0.507819 0.330321
vt 0.498989 0.324345
vt 0.507342 0.316906
vt 0.742075 0.237262
vt 0.746214 0.226117
vt 0.750269 0.235897
vt 0.719707 0.238662
vt 0.726973 0.227701
vt 0.732730 0.237746
vt 0.711986 0.218077
vt 0.721434 0.207384
vt 0.722918 0.217435
vt 0.580824 0.680126
vt 0.568896 0.712562
vt 0.567375 0.680917
vt 0.607533 0.679962
vt 0.595427 0.711812
vt 0.594205 0.679894
vt 0.604941 0.777038
vt 0.594774 0.742493
vt 0.608174 0.743862
vt 0.531575 0.725607
vt 0.516660 0.693269
vt 0.530151 0.692392
vt 0.555818 0.714126
vt 0.543300 0.691649
vt 0.554672 0.684459
vt 0.555111 0.769779
vt 0.543409 0.746794
vt 0.556679 0.743429
vt 0.735704 0.147687
vt 0.749255 0.157006
vt 0.735980 0.157262
vt 0.709386 0.157386
vt 0.722487 0.147979
vt 0.722783 0.157904
vt 0.705731 0.137980
vt 0.708770 0.129058
vt 0.718955 0.137681
vt 0.737395 0.187546
vt 0.749976 0.197120
vt 0.736587 0.197392
vt 0.710515 0.187574
vt 0.723539 0.197683
vt 0.710105 0.197729
vt 0.710473 0.167636
vt 0.723629 0.177337
vt 0.710168 0.177316
vt 0.448284 0.741083
vt 0.458386 0.729103
vt 0.458877 0.743169
vt 0.764121 0.187485
vt 0.776585 0.198088
vt 0.763309 0.197511
vt 0.427234 0.765834
vt 0.438038 0.753554
vt 0.436824 0.765639
vt 0.644568 0.241746
vt 0.657080 0.232779
vt 0.656831 0.243194
vt 0.623530 0.230443
vt 0.632913 0.240761
vt 0.621306 0.239733
vt 0.617857 0.211569
vt 0.630686 0.222105
vt 0.618514 0.221388
vt 0.751471 0.423732
vt 0.781508 0.406879
vt 0.783143 0.420522
vt 0.754605 0.451402
vt 0.784471 0.434436
vt 0.785800 0.448374
vt 0.694767 0.459787
vt 0.722255 0.441494
vt 0.723029 0.455526
vt 0.777422 0.367582
vt 0.748008 0.362814
vt 0.775961 0.356109
vt 0.780115 0.393344
vt 0.748759 0.387204
vt 0.779233 0.381037
vt 0.716853 0.400833
vt 0.692225 0.393366
vt 0.718692 0.395857
vt 0.679245 0.531296
vt 0.664889 0.525723
vt 0.684487 0.527103
vt 0.684111 0.558607
vt 0.660135 0.554404
vt 0.682071 0.544232
vt 0.257456 0.783722
vt 0.285291 0.788534
vt 0.254184 0.796933
vt 0.777585 0.508204
vt 0.748398 0.515760
vt 0.779482 0.505525
vt 0.780683 0.524065
vt 0.751017 0.530988
vt 0.780658 0.518942
vt 0.740568 0.547553
vt 0.715670 0.539875
vt 0.736946 0.534209
vt 0.783001 0.475894
vt 0.755328 0.465206
vt 0.784523 0.462293
vt 0.781531 0.503260
vt 0.752412 0.492912
vt 0.780329 0.489614
vt 0.709850 0.505894
vt 0.725197 0.496503
vt 0.725256 0.508479
vt 0.606810 0.262825
vt 0.598430 0.254985
vt 0.608149 0.253626
vt 0.601490 0.291488
vt 0.605986 0.276675
vt 0.610207 0.288291
vt 0.667558 0.696996
vt 0.686239 0.686773
vt 0.683392 0.700010
vt 0.554301 0.192172
vt 0.559293 0.201988
vt 0.551025 0.202381
vt 0.535022 0.192881
vt 0.544415 0.202754
vt 0.536505 0.203241
vt 0.535136 0.182705
vt 0.547109 0.172356
vt 0.544304 0.182114
vt 0.594922 0.191352
vt 0.606235 0.201431
vt 0.593024 0.201457
vt 0.479664 0.327274
vt 0.489440 0.314805
vt 0.489493 0.327005
vt 0.576164 0.171080
vt 0.584061 0.181210
vt 0.573104 0.181276
vt 0.644940 0.081840
vt 0.658198 0.071757
vt 0.658457 0.081839
vt 0.619822 0.082168
vt 0.631947 0.071823
vt 0.631671 0.082024
vt 0.622803 0.051786
vt 0.632437 0.061621
vt 0.620753 0.061659
vt 0.646908 0.122352
vt 0.659873 0.112014
vt 0.660391 0.122284
vt 0.135121 0.689519
vt 0.125576 0.677489
vt 0.135510 0.677686
vt 0.622036 0.102636
vt 0.631564 0.092117
vt 0.632892 0.102394
vt 0.764995 0.721943
vt 0.752251 0.732024
vt 0.752018 0.722019
vt 0.791751 0.721929
vt 0.778563 0.732139
vt 0.778185 0.721799
vt 0.792611 0.742589
vt 0.780175 0.752243
vt 0.779284 0.742142
vt 0.093285 0.757579
vt 0.084264 0.748324
vt 0.093790 0.744595
vt 0.767826 0.329504
vt 0.778607 0.343581
vt 0.767644 0.343920
vt 0.475783 0.481803
vt 0.495826 0.491735
vt 0.476275 0.494067
vt 0.333681 0.795392
vt 0.343728 0.805816
vt 0.333824 0.808600
vt 0.333520 0.767535
vt 0.343508 0.780227
vt 0.333577 0.781698
vt 0.353393 0.765189
vt 0.363415 0.777803
vt 0.353474 0.778588
vt 0.124726 0.713049
vt 0.134737 0.701989
vt 0.134339 0.715591
vt 0.123643 0.739463
vt 0.133837 0.730228
vt 0.133398 0.742974
vt 0.104127 0.733953
vt 0.114378 0.723912
vt 0.113906 0.736576
vt 0.549423 0.521410
vt 0.570065 0.530962
vt 0.550264 0.532249
vt 0.546556 0.504135
vt 0.566380 0.515678
vt 0.546586 0.515123
vt 0.625601 0.504803
vt 0.595620 0.513372
vt 0.594261 0.504470
vt 0.548927 0.033288
vt 0.561637 0.043277
vt 0.549948 0.043365
vt 0.588601 0.293741
vt 0.583884 0.282684
vt 0.592378 0.287596
vt 0.570600 0.267297
vt 0.576652 0.274751
vt 0.570129 0.285875
vt 0.597784 0.032486
vt 0.610241 0.042051
vt 0.598369 0.042401
vt 0.572621 0.033246
vt 0.586151 0.042637
vt 0.573919 0.042943
vt 0.570274 0.013529
vt 0.583371 0.022922
vt 0.570699 0.023076
vt 0.554605 0.561425
vt 0.575603 0.573550
vt 0.554647 0.572332
vt 0.553723 0.540900
vt 0.573363 0.552146
vt 0.554133 0.551825
vt 0.632719 0.532943
vt 0.604673 0.548053
vt 0.601195 0.537914
vt 0.095109 0.707900
vt 0.085709 0.697635
vt 0.095487 0.696866
vt 0.094277 0.731752
vt 0.084891 0.722382
vt 0.094682 0.719991
vt 0.065780 0.726774
vt 0.075189 0.720450
vt 0.074933 0.732827
vt 0.766717 0.772090
vt 0.753738 0.762073
vt 0.766776 0.762004
vt 0.793304 0.762142
vt 0.780073 0.772272
vt 0.780061 0.761939
vt 0.790545 0.792339
vt 0.780116 0.782595
vt 0.793147 0.782734
vt 0.598963 0.160794
vt 0.612967 0.150621
vt 0.611328 0.160738
vt 0.578179 0.161044
vt 0.590357 0.151018
vt 0.588529 0.160926
vt 0.706889 0.657130
vt 0.695617 0.633177
vt 0.714446 0.645846
vt 0.173438 0.785205
vt 0.183562 0.794056
vt 0.172090 0.797507
vt 0.666645 0.511825
vt 0.682612 0.499289
vt 0.686355 0.512439
vt 0.304434 0.806401
vt 0.293176 0.816852
vt 0.286124 0.809187
vt 0.046842 0.796458
vt 0.036836 0.810473
vt 0.038000 0.796665
vt 0.795548 0.611273
vt 0.787353 0.600353
vt 0.799620 0.600811
vt 0.793875 0.631490
vt 0.781569 0.620814
vt 0.795125 0.621188
vt 0.404861 0.737437
vt 0.414982 0.729329
vt 0.416058 0.739519
vt 0.405487 0.763715
vt 0.416659 0.752430
vt 0.416681 0.765011
vt 0.716463 0.843966
vt 0.720846 0.816191
vt 0.730546 0.826070
vt 0.550193 0.798689
vt 0.539828 0.790168
vt 0.546977 0.782550
vt 0.568262 0.772233
vt 0.562766 0.793490
vt 0.555168 0.773690
vt 0.761689 0.206622
vt 0.770050 0.216669
vt 0.759402 0.216252
vt 0.690520 0.588872
vt 0.692873 0.570833
vt 0.700914 0.574268
vt 0.239583 0.758966
vt 0.235155 0.773921
vt 0.235788 0.747839
vt 0.278407 0.747754
vt 0.256369 0.752607
vt 0.246673 0.744819
vt 0.568151 0.420427
vt 0.578727 0.435727
vt 0.565292 0.429827
vt 0.570143 0.399069
vt 0.581919 0.414902
vt 0.569176 0.409743
vt 0.614530 0.406380
vt 0.643952 0.417811
vt 0.612681 0.417158
vt 0.029487 0.725193
vt 0.042715 0.732542
vt 0.034215 0.738290
vt 0.020670 0.699087
vt 0.033052 0.706380
vt 0.024920 0.712159
vt 0.036669 0.686019
vt 0.046530 0.689338
vt 0.040422 0.698875
vt 0.373206 0.734624
vt 0.383057 0.747854
vt 0.373212 0.749048
vt 0.373233 0.708401
vt 0.383032 0.718872
vt 0.373270 0.721506
vt 0.497443 0.448991
vt 0.475048 0.449606
vt 0.477104 0.438358
vt 0.548103 0.487325
vt 0.563266 0.502147
vt 0.546654 0.497990
vt 0.548513 0.475888
vt 0.566095 0.488592
vt 0.545356 0.479616
vt 0.596217 0.484091
vt 0.617485 0.497574
vt 0.592920 0.491236
vt 0.513944 0.162975
vt 0.525597 0.152875
vt 0.524797 0.162763
vt 0.686737 0.749514
vt 0.696571 0.738402
vt 0.694955 0.748737
vt 0.662291 0.752643
vt 0.673550 0.737845
vt 0.675799 0.749923
vt 0.761093 0.691703
vt 0.749179 0.681278
vt 0.761895 0.681532
vt 0.787481 0.692381
vt 0.775084 0.681738
vt 0.788716 0.682389
vt 0.786892 0.702143
vt 0.775171 0.712045
vt 0.773223 0.702037
vt 0.597157 0.636581
vt 0.580354 0.646396
vt 0.579864 0.635253
vt 0.584610 0.621704
vt 0.568882 0.629964
vt 0.558224 0.627231
vt 0.644061 0.609490
vt 0.619439 0.618183
vt 0.614791 0.611640
vt 0.591526 0.627926
vt 0.789395 0.833395
vt 0.777915 0.841774
vt 0.673465 0.000000
vt 0.674536 0.010697
vt 0.757576 0.328921
vt 0.767380 0.338534
vt 0.757368 0.342100
vt 0.764727 0.841587
vt 0.768577 0.831647
vt 0.773865 0.691989
vt 0.798527 0.702733
vt 0.798700 0.692679
vt 0.788449 0.712295
vt 0.775771 0.671813
vt 0.675236 0.171841
vt 0.663477 0.171916
vt 0.664658 0.151637
vt 0.675785 0.161606
vt 0.749754 0.671133
vt 0.686069 0.736917
vt 0.396246 0.682771
vt 0.408382 0.677063
vt 0.406526 0.686546
vt 0.493033 0.173663
vt 0.503256 0.163242
vt 0.480235 0.173886
vt 0.493222 0.163604
vt 0.479697 0.163645
vt 0.492073 0.153732
vt 0.524056 0.172775
vt 0.698136 0.727377
vt 0.568540 0.477837
vt 0.622323 0.486848
vt 0.528528 0.467548
vt 0.519572 0.484501
vt 0.382824 0.703671
vt 0.392825 0.717170
vt 0.382943 0.690247
vt 0.392922 0.702652
vt 0.363306 0.709012
vt 0.065243 0.796157
vt 0.053166 0.796458
vt 0.363262 0.736141
vt 0.383084 0.733958
vt 0.029131 0.693423
vt 0.740325 0.060465
vt 0.743297 0.070535
vt 0.735697 0.050776
vt 0.012606 0.705061
vt 0.007826 0.691956
vt 0.016780 0.686156
vt 0.186910 0.739849
vt 0.196609 0.752325
vt 0.187786 0.726361
vt 0.196609 0.738877
vt 0.037747 0.719503
vt 0.583400 0.404156
vt 0.644098 0.404207
vt 0.720235 0.000403
vt 0.720127 0.010623
vt 0.706785 0.000141
vt 0.746494 0.011191
vt 0.758977 0.001285
vt 0.733694 0.000627
vt 0.580476 0.425337
vt 0.728768 0.309852
vt 0.721568 0.324474
vt 0.717898 0.315435
vt 0.717579 0.297080
vt 0.235792 0.724605
vt 0.235566 0.722091
vt 0.483572 0.765701
vt 0.475048 0.798014
vt 0.484196 0.764625
vt 0.481146 0.822643
vt 0.720542 0.555869
vt 0.751924 0.298638
vt 0.756481 0.320468
vt 0.750407 0.325293
vt 0.706509 0.575812
vt 0.319056 0.686779
vt 0.299495 0.683666
vt 0.310266 0.675784
vt 0.322004 0.675790
vt 0.319003 0.669562
vt 0.747910 0.206725
vt 0.775317 0.243446
vt 0.773674 0.233721
vt 0.786066 0.241031
vt 0.763788 0.245396
vt 0.762860 0.234424
vt 0.704872 0.346725
vt 0.711893 0.335666
vt 0.711893 0.347713
vt 0.530812 0.758366
vt 0.534506 0.760893
vt 0.544672 0.766443
vt 0.394696 0.762065
vt 0.405405 0.749748
vt 0.395476 0.776091
vt 0.406537 0.777726
vt 0.427343 0.752117
vt 0.750600 0.167247
vt 0.761488 0.157008
vt 0.763804 0.167205
vt 0.415784 0.776991
vt 0.425947 0.729233
vt 0.782111 0.610585
vt 0.670616 0.222982
vt 0.670520 0.232906
vt 0.658632 0.212484
vt 0.683687 0.404472
vt 0.671977 0.393735
vt 0.673055 0.422033
vt 0.685914 0.418997
vt 0.671065 0.243498
vt 0.678042 0.369715
vt 0.688392 0.367655
vt 0.680866 0.383864
vt 0.774236 0.601145
vt 0.269922 0.816346
vt 0.279101 0.822885
vt 0.261273 0.809080
vt 0.294793 0.800233
vt 0.707822 0.494716
vt 0.712082 0.516586
vt 0.682464 0.485298
vt 0.697916 0.472017
vt 0.671449 0.484657
vt 0.715392 0.660125
vt 0.722438 0.649807
vt 0.560305 0.329348
vt 0.550691 0.334656
vt 0.551574 0.322654
vt 0.686170 0.643812
vt 0.586465 0.170999
vt 0.566023 0.171316
vt 0.560777 0.317066
vt 0.552714 0.310742
vt 0.597340 0.170917
vt 0.601848 0.150865
vt 0.793209 0.772475
vt 0.671369 0.071709
vt 0.661695 0.051816
vt 0.671519 0.061453
vt 0.793365 0.752568
vt 0.671380 0.091610
vt 0.671491 0.082040
vt 0.766866 0.752081
vt 0.084524 0.735135
vt 0.074329 0.746172
vt 0.065447 0.737767
vt 0.104598 0.721087
vt 0.103630 0.746950
vt 0.105025 0.708777
vt 0.085204 0.710090
vt 0.572477 0.541344
vt 0.630382 0.526911
vt 0.580719 0.002944
vt 0.583220 0.013321
vt 0.556986 0.004521
vt 0.559336 0.013668
vt 0.605805 0.002059
vt 0.609786 0.012397
vt 0.592407 0.002430
vt 0.574403 0.562893
vt 0.585111 0.032874
vt 0.560636 0.033355
vt 0.588082 0.052634
vt 0.577242 0.052749
vt 0.565515 0.052931
vt 0.610939 0.052021
vt 0.577394 0.293741
vt 0.518095 0.022248
vt 0.532224 0.032993
vt 0.500278 0.504463
vt 0.531090 0.053771
vt 0.536736 0.043410
vt 0.539991 0.053628
vt 0.518750 0.053610
vt 0.529992 0.043082
vt 0.552665 0.053535
vt 0.596334 0.280373
vt 0.565399 0.504962
vt 0.529524 0.509286
vt 0.519715 0.505269
vt 0.538677 0.529226
vt 0.534804 0.519003
vt 0.124057 0.727217
vt 0.123265 0.751630
vt 0.113508 0.747829
vt 0.143801 0.743894
vt 0.143859 0.731379
vt 0.323473 0.810044
vt 0.333976 0.820317
vt 0.323534 0.822691
vt 0.343896 0.816680
vt 0.144270 0.716813
vt 0.143981 0.704081
vt 0.343435 0.766367
vt 0.363365 0.764243
vt 0.323597 0.768194
vt 0.323486 0.782653
vt 0.323509 0.754414
vt 0.323600 0.796932
vt 0.343611 0.793484
vt 0.382935 0.763220
vt 0.392922 0.775237
vt 0.382975 0.778242
vt 0.392845 0.759246
vt 0.495713 0.484563
vt 0.373424 0.776017
vt 0.373351 0.761934
vt 0.103292 0.756353
vt 0.102834 0.768538
vt 0.092912 0.766544
vt 0.083788 0.761315
vt 0.792074 0.732266
vt 0.671982 0.101561
vt 0.672513 0.111862
vt 0.672865 0.122183
vt 0.675160 0.131706
vt 0.762062 0.712056
vt 0.765184 0.731973
vt 0.115615 0.686859
vt 0.125180 0.689569
vt 0.610913 0.102904
vt 0.623761 0.112715
vt 0.612319 0.113060
vt 0.620020 0.092381
vt 0.143943 0.691674
vt 0.144270 0.679706
vt 0.650753 0.131952
vt 0.639303 0.132090
vt 0.634810 0.122879
vt 0.646469 0.112435
vt 0.620059 0.071967
vt 0.075785 0.698126
vt 0.086172 0.685637
vt 0.066661 0.692649
vt 0.076252 0.685686
vt 0.096014 0.685012
vt 0.105834 0.685137
vt 0.644639 0.092024
vt 0.644657 0.071775
vt 0.583060 0.191454
vt 0.571455 0.191589
vt 0.561012 0.191728
vt 0.498862 0.318441
vt 0.498788 0.329508
vt 0.489487 0.338135
vt 0.498862 0.342005
vt 0.570751 0.201812
vt 0.604552 0.211471
vt 0.591682 0.211430
vt 0.581124 0.201554
vt 0.579290 0.211420
vt 0.544147 0.192391
vt 0.536101 0.172703
vt 0.541644 0.212942
vt 0.537724 0.213606
vt 0.524397 0.213675
vt 0.557742 0.211810
vt 0.545615 0.212019
vt 0.539488 0.143292
vt 0.551436 0.153152
vt 0.538622 0.153047
vt 0.526006 0.143061
vt 0.616554 0.274376
vt 0.617751 0.286350
vt 0.537676 0.162802
vt 0.617673 0.261935
vt 0.617751 0.252304
vt 0.596334 0.265188
vt 0.749416 0.506832
vt 0.811931 0.486696
vt 0.813253 0.500603
vt 0.811110 0.506940
vt 0.810822 0.472821
vt 0.813489 0.459100
vt 0.753942 0.478954
vt 0.756262 0.543823
vt 0.756240 0.545622
vt 0.807333 0.511165
vt 0.804240 0.498745
vt 0.809334 0.522888
vt 0.744952 0.277527
vt 0.752909 0.249168
vt 0.754810 0.281075
vt 0.805485 0.494247
vt 0.748244 0.521331
vt 0.240699 0.781537
vt 0.242686 0.795150
vt 0.244255 0.771424
vt 0.287894 0.784336
vt 0.717647 0.552730
vt 0.677575 0.580039
vt 0.660931 0.539731
vt 0.748580 0.397300
vt 0.749894 0.410598
vt 0.811535 0.389525
vt 0.810590 0.376549
vt 0.813154 0.403435
vt 0.808862 0.362702
vt 0.806930 0.348969
vt 0.746361 0.374536
vt 0.752798 0.437629
vt 0.814863 0.445204
vt 0.816129 0.431279
vt 0.814587 0.417359
vt 0.634667 0.231466
vt 0.523357 0.321324
vt 0.529749 0.330027
vt 0.517245 0.332378
vt 0.607006 0.220435
vt 0.682342 0.458877
vt 0.691290 0.445798
vt 0.680499 0.472376
vt 0.533320 0.338702
vt 0.522847 0.342855
vt 0.653134 0.252304
vt 0.640474 0.250887
vt 0.627943 0.249861
vt 0.065415 0.807230
vt 0.056718 0.797317
vt 0.065415 0.796458
vt 0.763985 0.177344
vt 0.777062 0.187871
vt 0.750796 0.187322
vt 0.774983 0.207266
vt 0.466802 0.730831
vt 0.467991 0.744718
vt 0.458011 0.756045
vt 0.466552 0.757551
vt 0.448248 0.754980
vt 0.723956 0.187599
vt 0.697074 0.187492
vt 0.697051 0.167732
vt 0.696728 0.177616
vt 0.709282 0.207757
vt 0.697085 0.197766
vt 0.697964 0.208098
vt 0.709106 0.148285
vt 0.695725 0.148569
vt 0.692524 0.138662
vt 0.695575 0.129187
vt 0.723911 0.167631
vt 0.696039 0.157741
vt 0.543508 0.718125
vt 0.541035 0.658672
vt 0.554473 0.657717
vt 0.566211 0.650851
vt 0.514988 0.661036
vt 0.527980 0.659439
vt 0.607855 0.712914
vt 0.621003 0.713088
vt 0.620440 0.746176
vt 0.606304 0.647493
vt 0.592836 0.647515
vt 0.619574 0.646921
vt 0.621003 0.679984
vt 0.579379 0.647902
vt 0.582337 0.712167
vt 0.716137 0.228362
vt 0.702815 0.228813
vt 0.700202 0.218484
vt 0.592278 0.791672
vt 0.591557 0.775591
vt 0.615347 0.779672
vt 0.604470 0.796677
vt 0.706786 0.239248
vt 0.751966 0.246773
vt 0.585710 0.783952
vt 0.740057 0.226905
vt 0.517245 0.328851
vt 0.517245 0.314805
vt 0.507877 0.336875
vt 0.517174 0.342855
vt 0.239716 0.806744
vt 0.237868 0.786166
vt 0.236902 0.782462
vt 0.495589 0.252675
vt 0.485060 0.253085
vt 0.508973 0.285254
vt 0.505825 0.252304
vt 0.504817 0.314805
vt 0.816129 0.533220
vt 0.486769 0.283744
vt 0.479664 0.253776
vt 0.494325 0.312721
vt 0.495323 0.729299
vt 0.518435 0.727054
vt 0.764481 0.281002
vt 0.756369 0.291323
vt 0.754810 0.277281
vt 0.492607 0.664462
vt 0.504219 0.665253
vt 0.512457 0.285760
vt 0.516093 0.253653
vt 0.516208 0.285575
vt 0.524044 0.256277
vt 0.238480 0.357254
vt 0.239119 0.386031
vt 0.239191 0.388034
vt 0.269040 0.700763
vt 0.257077 0.707665
vt 0.281614 0.699076
vt 0.297348 0.730037
vt 0.523016 0.760531
vt 0.542613 0.805856
vt 0.511388 0.830441
vt 0.727427 0.030635
vt 0.746951 0.050844
vt 0.051225 0.702285
vt 0.061987 0.707264
vt 0.058018 0.694047
vt 0.053939 0.681073
vt 0.065447 0.687554
vt 0.538369 0.284919
vt 0.550691 0.287420
vt 0.525324 0.284879
vt 0.524044 0.274872
vt 0.535602 0.265056
vt 0.682482 0.051340
vt 0.530111 0.304726
vt 0.539729 0.295091
vt 0.543833 0.305740
vt 0.526619 0.294915
vt 0.709155 0.050906
vt 0.702050 0.030839
vt 0.603684 0.366355
vt 0.608432 0.356939
vt 0.636450 0.366866
vt 0.654449 0.383358
vt 0.536735 0.253940
vt 0.525956 0.265005
vt 0.591711 0.348969
vt 0.697261 0.010149
vt 0.684222 0.010516
vt 0.693354 0.000000
vt 0.586339 0.382344
vt 0.170514 0.714774
vt 0.178264 0.727087
vt 0.180375 0.713443
vt 0.000000 0.698130
vt 0.148760 0.714606
vt 0.146294 0.727959
vt 0.149482 0.701118
vt 0.734152 0.288543
vt 0.723679 0.275725
vt 0.733438 0.273604
vt 0.144270 0.741576
vt 0.164190 0.741815
vt 0.701323 0.109700
vt 0.688562 0.100223
vt 0.687870 0.109506
vt 0.699033 0.090600
vt 0.688033 0.119148
vt 0.683025 0.129293
vt 0.151145 0.687446
vt 0.157945 0.679095
vt 0.148585 0.675039
vt 0.728087 0.110395
vt 0.727678 0.119950
vt 0.691973 0.071359
vt 0.679063 0.071182
vt 0.536019 0.313961
vt 0.547550 0.316611
vt 0.685581 0.090538
vt 0.681922 0.080855
vt 0.725864 0.090983
vt 0.718909 0.070801
vt 0.343383 0.710197
vt 0.323499 0.712274
vt 0.323340 0.726017
vt 0.323510 0.698574
vt 0.323268 0.741031
vt 0.343377 0.738190
vt 0.165332 0.767051
vt 0.185317 0.766432
vt 0.733358 0.260035
vt 0.724246 0.248701
vt 0.734152 0.246773
vt 0.723971 0.262103
vt 0.323496 0.684993
vt 0.323569 0.671333
vt 0.333571 0.669562
vt 0.343465 0.683197
vt 0.047815 0.745502
vt 0.060329 0.750695
vt 0.055177 0.737723
vt 0.060471 0.728577
vt 0.032458 0.756146
vt 0.036601 0.768423
vt 0.193795 0.765879
vt 0.039795 0.778618
vt 0.043078 0.791342
vt 0.504646 0.456970
vt 0.496020 0.466490
vt 0.515489 0.449482
vt 0.570129 0.274150
vt 0.570129 0.265740
vt 0.504365 0.455895
vt 0.550838 0.282589
vt 0.505331 0.053453
vt 0.496228 0.043626
vt 0.495038 0.053596
vt 0.551484 0.256697
vt 0.561177 0.252304
vt 0.543896 0.424847
vt 0.545158 0.440144
vt 0.774691 0.031267
vt 0.770916 0.011946
vt 0.525361 0.411107
vt 0.536404 0.404117
vt 0.542991 0.408725
vt 0.507252 0.428652
vt 0.513745 0.447285
vt 0.521231 0.437632
vt 0.527671 0.443301
vt 0.577124 0.445662
vt 0.638132 0.450632
vt 0.782453 0.002084
vt 0.772281 0.001609
vt 0.546219 0.451420
vt 0.554113 0.443034
vt 0.501171 0.193593
vt 0.481528 0.194312
vt 0.481008 0.184114
vt 0.499704 0.214014
vt 0.490939 0.214714
vt 0.480625 0.204478
vt 0.479931 0.214765
vt 0.511131 0.213471
vt 0.447424 0.717134
vt 0.447583 0.727218
vt 0.426203 0.718870
vt 0.467980 0.717300
vt 0.467875 0.703415
vt 0.616723 0.348099
vt 0.619340 0.337846
vt 0.620863 0.348099
vt 0.467991 0.696678
vt 0.393200 0.714751
vt 0.404584 0.706504
vt 0.392922 0.726468
vt 0.403867 0.728330
vt 0.682853 0.819668
vt 0.426902 0.690167
vt 0.777147 0.651541
vt 0.674046 0.192154
vt 0.661915 0.192226
vt 0.674677 0.181933
vt 0.780216 0.631122
vt 0.671566 0.212644
vt 0.673495 0.202501
vt 0.755108 0.630295
vt 0.634851 0.191759
vt 0.607867 0.191408
vt 0.631658 0.211914
vt 0.624496 0.151103
vt 0.638335 0.141204
vt 0.626181 0.141283
vt 0.728789 0.610736
vt 0.636376 0.171243
vt 0.775760 0.812556
vt 0.663454 0.031485
vt 0.675210 0.021027
vt 0.675891 0.031371
vt 0.777048 0.792355
vt 0.674280 0.041445
vt 0.674292 0.051770
vt 0.750724 0.791936
vt 0.636182 0.031570
vt 0.610517 0.032212
vt 0.635177 0.051715
vt 0.577274 0.584056
vt 0.639889 0.573843
vt 0.632582 0.000922
vt 0.635441 0.011489
vt 0.619224 0.001719
vt 0.648689 0.011195
vt 0.660185 0.000013
vt 0.645995 0.000526
vt 0.579676 0.605323
vt 0.640150 0.592814
vt 0.750222 0.822670
vt 0.749433 0.812329
vt 0.762866 0.822770
vt 0.751534 0.650714
vt 0.394775 0.693456
vt 0.666943 0.780355
vt 0.447509 0.693937
vt 0.511651 0.193379
vt 0.573831 0.465739
vt 0.633791 0.471785
vt 0.504382 0.032952
vt 0.491720 0.033282
vt 0.502617 0.022267
vt 0.486669 0.412544
vt 0.478536 0.421990
vt 0.065447 0.763626
vt 0.059107 0.770899
vt 0.343477 0.671445
vt 0.029009 0.772959
vt 0.032302 0.784190
vt 0.738040 0.110873
vt 0.686319 0.020603
vt 0.751283 0.030748
vt 0.246997 0.716828
vt 0.239866 0.728684
vt 0.282178 0.741531
vt 0.485513 0.728725
vt 0.778816 0.266797
vt 0.773077 0.279706
vt 0.776964 0.264676
vt 0.616273 0.338133
vt 0.611465 0.348386
vt 0.615746 0.337629
vt 0.757368 0.344238
vt 0.754489 0.346945
vt 0.523727 0.751476
vt 0.534446 0.749899
vt 0.744298 0.137370
vt 0.748969 0.147126
vt 0.732371 0.137493
vt 0.102756 0.800820
vt 0.112229 0.807382
vt 0.101186 0.809752
vt 0.643508 0.232653
vt 0.426450 0.791937
vt 0.436831 0.787161
vt 0.436831 0.800466
vt 0.183562 0.797927
vt 0.194456 0.781478
vt 0.194456 0.794026
vt 0.567320 0.334353
vt 0.559281 0.341430
vt 0.565509 0.143138
vt 0.563815 0.152834
vt 0.672350 0.668559
vt 0.634288 0.112542
vt 0.073680 0.759394
vt 0.073185 0.770934
vt 0.082930 0.775260
vt 0.363503 0.788928
vt 0.124983 0.701005
vt 0.568257 0.524077
vt 0.626460 0.511385
vt 0.583542 0.262760
vt 0.596061 0.260875
vt 0.590630 0.270521
vt 0.520825 0.516201
vt 0.509513 0.511524
vt 0.633937 0.543198
vt 0.609383 0.072065
vt 0.598727 0.072142
vt 0.066217 0.714990
vt 0.075495 0.708613
vt 0.753609 0.771893
vt 0.773077 0.253146
vt 0.782322 0.259319
vt 0.773524 0.264676
vt 0.729961 0.638408
vt 0.709274 0.630024
vt 0.287487 0.828724
vt 0.295628 0.835070
vt 0.312174 0.814112
vt 0.759357 0.610748
vt 0.770662 0.610184
vt 0.393362 0.734760
vt 0.393902 0.748042
vt 0.704910 0.837167
vt 0.289973 0.692576
vt 0.312137 0.696690
vt 0.316854 0.714043
vt 0.250700 0.759849
vt 0.728095 0.336266
vt 0.720514 0.336978
vt 0.277604 0.755506
vt 0.392399 0.745071
vt 0.392421 0.731557
vt 0.493179 0.456194
vt 0.563638 0.492077
vt 0.775635 0.297670
vt 0.780052 0.323076
vt 0.778921 0.323493
vt 0.688590 0.725878
vt 0.691636 0.714935
vt 0.660135 0.723640
vt 0.748004 0.691486
vt 0.601088 0.646921
vt 0.649131 0.607858
vt 0.596829 0.338846
vt 0.459026 0.778515
vt 0.459026 0.808889
vt 0.570129 0.347125
vt 0.132547 0.796235
vt 0.099223 0.803492
vt 0.092872 0.802219
vt 0.096048 0.805769
vt 0.090910 0.784771
vt 0.092872 0.777537
vt 0.096048 0.775260
vt 0.099223 0.778810
vt 0.132585 0.809764
vt 0.742889 0.279597
vt 0.739552 0.283045
vt 0.736215 0.279565
vt 0.736215 0.250220
vt 0.744952 0.259330
vt 0.739552 0.246773
vt 0.742889 0.250252
vt 0.717579 0.295789
vt 0.632241 0.293837
vt 0.680980 0.337255
vt 0.132585 0.776901
vt 0.143760 0.796721
vt 0.713709 0.246773
vt 0.765123 0.246773
vt 0.444229 0.799262
vt 0.737546 0.326566
vt 0.730871 0.326534
vt 0.734208 0.330013
vt 0.728809 0.306247
vt 0.730871 0.297189
vt 0.734208 0.293741
vt 0.737546 0.297221
vt 0.610509 0.339068
vt 0.088947 0.803492
vt 0.085772 0.805769
vt 0.082596 0.802219
vt 0.082596 0.777537
vt 0.088947 0.778810
vt 0.085772 0.775260
vt 0.090910 0.786830
vt 0.116603 0.791781
vt 0.065447 0.775260
vt 0.643931 0.291579
vt 0.411057 0.796998
vt 0.609665 0.338833
vt 0.680956 0.246773
vt 0.603669 0.339068
vt 0.466425 0.778515
vt 0.466425 0.808889
vt 0.583479 0.338846
vt 0.756773 0.249050
vt 0.763124 0.250322
vt 0.759948 0.246773
vt 0.765086 0.267770
vt 0.763124 0.275004
vt 0.759948 0.277281
vt 0.756773 0.273732
vt 0.124567 0.805868
vt 0.748345 0.326566
vt 0.745008 0.330013
vt 0.741670 0.326534
vt 0.741670 0.297189
vt 0.750407 0.306299
vt 0.745008 0.293741
vt 0.748345 0.297221
vt 0.708350 0.248821
vt 0.611523 0.293837
vt 0.664870 0.337255
vt 0.404098 0.797547
vt 0.767654 0.324348
vt 0.767681 0.293741
vt 0.451628 0.799262
vt 0.672476 0.285129
vt 0.665801 0.285097
vt 0.669138 0.288577
vt 0.663739 0.264810
vt 0.665801 0.255752
vt 0.669139 0.252304
vt 0.672476 0.255784
vt 0.607089 0.339068
vt 0.765681 0.321973
vt 0.762506 0.324250
vt 0.759330 0.320700
vt 0.759330 0.296018
vt 0.765681 0.297291
vt 0.762506 0.293741
vt 0.767644 0.305311
vt 0.728809 0.332018
vt 0.533320 0.319866
vt 0.628602 0.291579
vt 0.422233 0.796998
vt 0.588996 0.338833
vt 0.690186 0.293741
vt 0.012909 0.804998
vt 0.011179 0.808128
vt 0.004725 0.809940
vt 0.000000 0.805012
vt 0.000000 0.801400
vt 0.001729 0.798271
vt 0.008184 0.796458
vt 0.011179 0.798261
vt 0.012909 0.801387
vt 0.163719 0.810155
vt 0.161102 0.810211
vt 0.158835 0.808454
vt 0.157526 0.801744
vt 0.158835 0.798589
vt 0.161102 0.796735
vt 0.163719 0.796680
vt 0.165986 0.798437
vt 0.167295 0.805147
vt 0.907994 0.734998
vt 0.907995 0.958670
vt 0.923421 0.735008
vt 0.867423 0.734998
vt 0.858264 0.734998
vt 0.024088 0.808128
vt 0.021093 0.809937
vt 0.017634 0.809940
vt 0.012909 0.805012
vt 0.012909 0.801400
vt 0.014638 0.798271
vt 0.017634 0.796462
vt 0.021093 0.796458
vt 0.025818 0.801387
vt 0.050417 0.796514
vt 0.053035 0.796458
vt 0.055302 0.798215
vt 0.056611 0.804925
vt 0.055302 0.808080
vt 0.053035 0.809934
vt 0.048151 0.808233
vt 0.046842 0.805134
vt 0.046842 0.801523
vt 0.898361 0.734998
vt 0.651181 0.870594
vt 0.474682 0.669573
vt 0.627203 0.337629
vt 0.628103 0.338675
vt 0.626163 0.338079
vt 0.628623 0.340936
vt 0.628103 0.346518
vt 0.627202 0.348343
vt 0.624743 0.345486
vt 0.626163 0.348793
vt 0.625262 0.347747
vt 0.115829 0.803921
vt 0.114864 0.806279
vt 0.112229 0.803577
vt 0.113750 0.807070
vt 0.112786 0.806081
vt 0.113750 0.794576
vt 0.115829 0.794774
vt 0.114864 0.793785
vt 0.116386 0.797278
vt 0.924555 0.000000
vt 0.898865 0.000186
vt 0.928730 0.344667
vt 0.887468 0.000014
vt 0.622283 0.348793
vt 0.621382 0.347747
vt 0.623322 0.348343
vt 0.620863 0.345486
vt 0.621382 0.339904
vt 0.622283 0.338079
vt 0.624743 0.340936
vt 0.623322 0.337629
vt 0.624223 0.338675
vt 0.713415 0.336457
vt 0.714529 0.335666
vt 0.715494 0.336656
vt 0.716050 0.342507
vt 0.715494 0.345802
vt 0.714529 0.348161
vt 0.712450 0.347962
vt 0.713415 0.348951
vt 0.711893 0.345458
vt 0.870193 0.000000
vt 0.926643 0.000000
vt 0.222289 0.675225
vt 0.926643 0.344667
vt 0.875895 0.000014
vt 0.996992 0.349310
vt 0.898520 0.712858
vt 0.897061 0.732089
vt 0.990027 0.730706
vt 1.000000 0.715985
vt 0.567320 0.315902
vt 0.171248 0.802166
vt 0.171880 0.804659
vt 0.172005 0.808032
vt 0.170748 0.813809
vt 0.169702 0.814664
vt 0.168733 0.813718
vt 0.075240 0.810116
vt 0.070695 0.809722
vt 0.074022 0.813243
vt 0.072616 0.814304
vt 0.071398 0.813015
vt 0.070695 0.805306
vt 0.072616 0.797824
vt 0.074022 0.796763
vt 0.075240 0.798052
vt 0.880767 0.349080
vt 0.975454 0.349010
vt 0.930817 0.000417
vt 0.990343 0.349310
vt 0.919875 0.712858
vt 0.918415 0.732089
vt 0.941229 0.351195
vt 0.993351 0.715985
vt 0.782445 0.298901
vt 0.782769 0.270161
vt 0.783401 0.272655
vt 0.783526 0.276028
vt 0.782269 0.281805
vt 0.781223 0.282660
vt 0.780254 0.281714
vt 0.069992 0.810116
vt 0.065447 0.809722
vt 0.068774 0.813243
vt 0.067368 0.814304
vt 0.066150 0.813015
vt 0.065447 0.805306
vt 0.067368 0.797824
vt 0.068774 0.796763
vt 0.069992 0.798052
vt 0.902122 0.349080
vt 0.955802 0.732891
vt 0.935621 0.000416
vt 0.993667 0.349310
vt 0.941229 0.712858
vt 0.939770 0.732089
vt 0.957495 0.351195
vt 0.996676 0.715985
vt 0.140201 0.801881
vt 0.181291 0.802993
vt 0.181923 0.805487
vt 0.182048 0.808860
vt 0.180791 0.814636
vt 0.179745 0.815491
vt 0.178776 0.814546
vt 0.748771 0.343367
vt 0.744226 0.342972
vt 0.747553 0.346493
vt 0.746147 0.347555
vt 0.744929 0.346266
vt 0.744226 0.338556
vt 0.746147 0.331075
vt 0.747553 0.330013
vt 0.748771 0.331302
vt 0.923476 0.349081
vt 0.972067 0.732891
vt 0.932418 0.000416
vt 0.235471 0.355415
vt 0.877165 0.712858
vt 0.875706 0.732089
vt 0.815885 0.982091
vt 0.238480 0.722090
vt 0.780052 0.298901
vt 0.782560 0.333731
vt 0.783192 0.336225
vt 0.783318 0.339598
vt 0.782060 0.345374
vt 0.781014 0.346230
vt 0.780045 0.345284
vt 0.177338 0.810465
vt 0.172793 0.810860
vt 0.176634 0.813759
vt 0.175417 0.815048
vt 0.174010 0.813987
vt 0.172090 0.806505
vt 0.172793 0.798796
vt 0.174011 0.797507
vt 0.175417 0.798568
vt 0.859412 0.349080
vt 0.801313 0.600395
vt 0.934020 0.000416
vt 0.232386 0.338427
vt 0.849174 0.000331
vt 0.359765 0.008025
vt 0.222289 0.675486
vt 0.888257 0.960002
vt 0.838606 0.327798
vt 0.836121 0.327410
vt 0.242220 0.040438
vt 0.157530 0.787042
vt 0.159484 0.783514
vt 0.166766 0.781478
vt 0.172090 0.787042
vt 0.172086 0.791115
vt 0.170132 0.794643
vt 0.162850 0.796680
vt 0.159473 0.794643
vt 0.157526 0.791115
vt 0.910939 0.225919
vt 0.919131 0.234314
vt 0.005035 0.331779
vt 0.032803 0.811657
vt 0.029851 0.811720
vt 0.027294 0.809739
vt 0.025818 0.802171
vt 0.027294 0.798612
vt 0.029851 0.796521
vt 0.035360 0.798440
vt 0.036836 0.801936
vt 0.036836 0.806008
vt 0.232913 0.912429
vt 0.222289 0.912095
vt 0.477310 0.040071
vt 0.621513 0.686824
vt 0.651181 0.646921
vt 0.475048 0.353307
vt 0.235155 0.670709
vt 0.813305 0.244830
vt 0.000496 0.355074
vt 0.475048 0.669562
vt 0.851777 0.752450
vt 0.660135 0.624674
vt 0.621681 0.494324
vt 0.493635 0.475028
vt 0.642314 0.428762
vt 0.289065 0.773218
vt 0.323268 0.832109
vt 0.638744 0.563873
vt 0.504110 0.511767
vt 0.738430 0.860303
vt 0.134248 0.796721
vt 0.566476 0.773072
vt 0.363358 0.685010
vt 0.144270 0.784079
vt 0.669488 0.794250
vt 0.553277 0.310742
vt 0.171438 0.688681
vt 0.676816 0.030927
vt 0.535724 0.816386
vt 0.498862 0.328679
vt 0.667843 0.570794
vt 0.596394 0.279252
vt 0.669310 0.682634
vt 0.479706 0.316303
vt 0.778607 0.328245
vt 0.578269 0.257089
vt 0.579938 0.151190
vt 0.183562 0.781478
vt 0.669233 0.498077
vt 0.046842 0.807716
vt 0.574277 0.786234
vt 0.239583 0.782462
vt 0.645872 0.406973
vt 0.043320 0.676770
vt 0.514873 0.153269
vt 0.660338 0.738709
vt 0.790493 0.844132
vt 0.767380 0.324250
vt 0.799620 0.712497
vt 0.675891 0.151579
vt 0.397243 0.669562
vt 0.479664 0.153430
vt 0.392870 0.690606
vt 0.373226 0.696574
vt 0.025896 0.680949
vt 0.196176 0.725619
vt 0.747159 0.000850
vt 0.728809 0.322371
vt 0.728809 0.293741
vt 0.757368 0.293741
vt 0.695440 0.600353
vt 0.701230 0.336709
vt 0.668684 0.407660
vt 0.568974 0.161632
vt 0.567368 0.003449
vt 0.531093 0.022506
vt 0.115931 0.675039
vt 0.608900 0.092538
vt 0.066925 0.682032
vt 0.552389 0.143208
vt 0.754810 0.246773
vt 0.533320 0.319866
vt 0.682192 0.445233
vt 0.056611 0.809129
vt 0.776192 0.177717
vt 0.617240 0.800382
vt 0.235155 0.806744
vt 0.515012 0.314805
vt 0.764481 0.291801
vt 0.239191 0.355074
vt 0.062646 0.675039
vt 0.660135 0.373152
vt 0.550691 0.255164
vt 0.525748 0.252304
vt 0.679556 0.000139
vt 0.182903 0.699788
vt 0.725470 0.289968
vt 0.675891 0.061335
vt 0.551751 0.430182
vt 0.551436 0.415424
vt 0.617978 0.337629
vt 0.393664 0.702453
vt 0.615304 0.141371
vt 0.490031 0.022685
vt 0.353311 0.674191
vt 0.778816 0.284022
vt 0.616723 0.348386
vt 0.112229 0.793785
vt 0.427365 0.777726
vt 0.183945 0.786025
vt 0.567320 0.347062
vt 0.589359 0.252304
vt 0.066430 0.703444
vt 0.782322 0.246773
vt 0.323268 0.704436
vt 0.780052 0.293741
s 1
usemtl MetalBranco
f 149/249/24 153/250/25 147/251/26
f 167/252/27 161/253/28 159/254/29
f 166/255/30 155/256/31 154/257/32
f 151/258/33 164/259/34 152/260/35
f 160/261/36 149/262/24 148/263/37
f 167/264/27 156/265/38 155/256/31
f 157/266/39 146/267/40 145/268/41
f 164/259/34 153/269/25 152/260/35
f 161/270/28 150/271/42 149/272/24
f 168/273/43 145/268/41 156/274/38
f 158/275/44 147/276/26 146/277/40
f 165/278/45 154/257/32 153/273/25
f 150/271/42 163/279/46 151/258/33
f 159/280/29 148/263/37 147/276/26
f 173/281/24 179/282/31 169/283/41
f 191/284/27 187/285/46 183/286/29
f 190/287/30 179/288/31 178/289/32
f 175/290/33 188/291/34 176/292/35
f 184/293/36 173/294/24 172/295/37
f 191/296/27 180/297/38 179/288/31
f 181/298/39 170/299/40 169/300/41
f 176/292/35 189/301/45 177/302/25
f 173/303/24 186/304/47 174/305/42
f 192/306/43 169/300/41 180/307/38
f 182/308/44 171/309/26 170/310/40
f 189/311/45 178/289/32 177/312/25
f 174/305/42 187/313/46 175/290/33
f 183/314/29 172/295/37 171/309/26
f 202/315/48 203/316/49 196/317/50
f 213/318/51 208/319/52 214/320/53
f 206/321/54 195/322/55 194/323/56
f 213/324/51 202/325/48 201/326/57
f 210/327/58 199/328/59 198/329/60
f 207/330/61 196/331/50 195/322/55
f 214/332/53 203/333/49 202/325/48
f 211/334/62 200/335/63 199/328/59
f 208/336/52 197/337/64 196/331/50
f 215/338/65 204/339/66 203/333/49
f 205/340/67 194/341/56 193/342/68
f 212/343/69 201/326/57 200/344/63
f 209/345/70 198/346/60 197/337/64
f 216/347/71 193/342/68 204/348/66
f 226/349/48 227/350/49 220/351/50
f 239/352/72 232/353/52 231/354/61
f 230/355/54 219/356/55 218/357/56
f 237/358/73 226/359/48 225/360/57
f 234/361/58 223/362/59 222/335/60
f 231/363/61 220/364/50 219/356/55
f 238/365/53 227/366/49 226/359/48
f 235/367/62 224/368/63 223/362/59
f 220/364/50 233/369/70 221/370/64
f 239/371/72 228/372/66 227/366/49
f 229/373/67 218/374/56 217/375/68
f 236/376/69 225/360/57 224/377/63
f 233/369/70 222/378/60 221/370/64
f 240/379/71 217/375/68 228/380/66
f 245/381/74 292/382/75 244/383/76
f 296/448/123 300/449/124 289/450/125
f 252/399/90 299/451/126 251/395/86
f 242/400/91 289/452/125 241/407/97
f 249/403/94 296/453/123 248/396/87
f 246/387/80 293/454/127 245/405/74
f 241/407/97 300/455/124 252/399/90
f 243/408/98 290/456/128 242/400/91
f 250/409/84 297/457/129 249/403/94
f 247/389/82 294/458/130 246/387/80
f 244/383/76 291/459/131 243/460/98
f 251/461/86 298/462/132 250/463/84
f 248/396/87 295/464/133 247/389/82
f 305/465/74 352/466/75 304/467/76
f 356/532/123 360/533/124 349/534/125
f 312/483/90 359/535/126 311/479/86
f 302/484/91 349/536/125 301/491/97
f 309/487/94 356/537/123 308/480/87
f 306/471/80 353/538/127 305/489/74
f 301/491/97 360/539/124 312/483/90
f 303/492/98 350/540/128 302/484/91
f 310/493/84 357/541/129 309/487/94
f 307/473/82 354/542/130 306/471/80
f 304/467/76 351/543/131 303/544/98
f 311/545/86 358/546/132 310/547/84
f 308/480/87 355/548/133 307/473/82
f 365/549/74 412/550/75 364/551/76
f 416/616/123 420/617/124 409/618/125
f 372/567/90 419/619/126 371/563/86
f 362/568/91 409/620/125 361/575/97
f 369/571/94 416/621/123 368/564/87
f 366/555/80 413/622/127 365/573/74
f 361/575/97 420/623/124 372/567/90
f 363/576/98 410/624/128 362/568/91
f 370/577/84 417/625/129 369/571/94
f 367/557/82 414/626/130 366/555/80
f 364/551/76 411/627/131 363/628/98
f 371/629/86 418/630/132 370/631/84
f 368/564/87 415/632/133 367/557/82
f 425/633/74 472/634/75 424/635/76
f 476/700/123 480/701/124 469/702/125
f 432/651/90 479/703/126 431/647/86
f 422/652/91 469/704/125 421/659/97
f 429/655/94 476/705/123 428/648/87
f 426/639/80 473/706/127 425/657/74
f 421/659/97 480/707/124 432/651/90
f 423/660/98 470/708/128 422/652/91
f 430/661/84 477/709/129 429/655/94
f 427/641/82 474/710/130 426/639/80
f 424/635/76 471/711/131 423/712/98
f 431/713/86 478/714/132 430/715/84
f 428/648/87 475/716/133 427/641/82
f 605/717/139 489/718/140 490/719/141
f 483/720/142 621/721/143 482/722/144
f 492/723/145 603/724/146 491/725/147
f 484/726/148 619/727/149 483/728/142
f 482/722/144 623/729/150 481/730/151
f 481/730/151 601/731/152 492/723/145
f 615/732/153 484/726/148 485/733/154
f 613/734/155 485/733/154 486/735/156
f 611/736/157 486/737/156 487/738/158
f 609/739/159 487/738/158 488/740/160
f 488/740/160 499/741/161 500/742/162
f 491/743/147 605/717/139 490/719/141
f 607/744/163 488/745/160 489/718/140
f 504/746/164 505/747/165 493/748/166
f 487/738/158 498/749/167 499/741/161
f 486/750/156 497/751/168 498/752/167
f 485/753/154 496/754/169 497/751/168
f 492/723/145 493/748/166 481/730/151
f 481/730/151 494/755/170 482/722/144
f 483/756/142 496/754/169 484/757/148
f 491/725/147 504/746/164 492/723/145
f 482/758/144 495/759/171 483/756/142
f 490/760/141 503/761/172 491/762/147
f 490/719/141 501/763/173 502/764/174
f 489/718/140 500/765/162 501/763/173
f 510/766/175 521/767/176 522/768/177
f 494/769/170 507/770/178 495/759/171
f 502/771/174 513/772/179 514/773/180
f 499/741/161 510/774/175 511/775/181
f 495/759/171 508/776/182 496/754/169
f 502/771/174 515/777/183 503/761/172
f 500/742/162 511/775/181 512/778/184
f 497/751/168 508/776/182 509/779/185
f 503/761/172 516/780/186 504/781/164
f 493/748/166 506/782/187 494/755/170
f 501/783/173 512/784/184 513/772/179
f 498/752/167 509/779/185 510/766/175
f 522/768/177 533/785/188 534/786/189
f 516/787/186 517/788/190 505/747/165
f 506/789/187 519/790/191 507/770/178
f 514/773/180 525/791/192 526/792/193
f 511/775/181 522/793/177 523/794/194
f 507/770/178 520/795/195 508/776/182
f 514/773/180 527/796/196 515/777/183
f 512/778/184 523/794/194 524/797/197
f 509/779/185 520/795/195 521/767/176
f 515/777/183 528/798/198 516/780/186
f 505/747/165 518/799/199 506/782/187
f 513/772/179 524/800/197 525/791/192
f 593/801/200 532/802/201 531/803/202
f 528/804/198 529/805/203 517/788/190
f 518/806/199 531/803/202 519/790/191
f 526/792/193 537/807/204 538/808/205
f 523/794/194 534/809/189 535/810/206
f 519/790/191 532/802/201 520/795/195
f 526/792/193 539/811/207 527/796/196
f 524/797/197 535/810/206 536/812/208
f 521/767/176 532/802/201 533/785/188
f 527/796/196 540/813/209 528/798/198
f 517/788/190 530/814/210 518/799/199
f 525/791/192 536/815/208 537/807/204
f 550/816/211 679/817/212 549/818/213
f 691/819/214 542/820/215 543/821/216
f 673/822/217 551/823/218 552/824/219
f 689/825/220 543/821/216 544/826/221
f 693/827/222 541/828/223 542/829/215
f 695/830/224 552/831/219 541/828/223
f 545/832/225 689/825/220 544/826/221
f 546/833/226 687/834/227 545/835/225
f 547/836/228 685/837/229 546/833/226
f 548/838/230 683/839/231 547/836/228
f 548/838/230 559/840/232 560/841/233
f 675/842/234 550/816/211 551/823/218
f 549/843/213 681/844/235 548/838/230
f 564/845/236 565/846/237 553/847/238
f 547/836/228 558/848/239 559/840/232
f 546/833/226 557/849/240 558/848/239
f 545/832/225 556/850/241 557/851/240
f 552/831/219 553/847/238 541/828/223
f 541/828/223 554/852/242 542/829/215
f 543/821/216 556/850/241 544/826/221
f 551/823/218 564/853/236 552/824/219
f 542/820/215 555/854/243 543/821/216
f 550/816/211 563/855/244 551/823/218
f 550/856/211 561/857/245 562/858/246
f 549/843/213 560/841/233 561/859/245
f 570/860/247 581/861/248 582/862/249
f 554/863/242 567/864/250 555/865/243
f 562/858/246 573/866/251 574/867/252
f 559/840/232 570/868/247 571/869/253
f 555/865/243 568/870/254 556/871/241
f 562/858/246 575/872/255 563/873/244
f 560/841/233 571/869/253 572/874/256
f 557/875/240 568/870/254 569/876/257
f 563/873/244 576/877/258 564/878/236
f 553/847/238 566/879/259 554/852/242
f 561/857/245 572/880/256 573/866/251
f 558/848/239 569/881/257 570/868/247
f 582/862/249 593/801/200 594/882/260
f 576/883/258 577/884/261 565/846/237
f 566/885/259 579/886/262 567/864/250
f 574/867/252 585/887/263 586/888/264
f 571/869/253 582/889/249 583/890/265
f 567/864/250 580/891/266 568/870/254
f 574/867/252 587/892/267 575/872/255
f 572/874/256 583/890/265 584/893/268
f 569/876/257 580/891/266 581/861/248
f 575/872/255 588/894/269 576/877/258
f 565/846/237 578/895/270 566/879/259
f 573/866/251 584/896/268 585/887/263
f 594/882/260 531/803/202 530/897/210
f 588/898/269 589/899/271 577/884/261
f 578/900/270 591/901/272 579/886/262
f 586/888/264 597/902/273 598/903/274
f 583/890/265 594/904/260 595/905/275
f 579/886/262 592/906/276 580/891/266
f 586/888/264 599/907/277 587/892/267
f 584/893/268 595/905/275 596/908/278
f 581/861/248 592/906/276 593/801/200
f 587/892/267 600/909/279 588/894/269
f 577/884/261 590/910/280 578/895/270
f 585/887/263 596/911/278 597/902/273
f 592/906/276 533/785/188 532/802/201
f 533/785/188 590/912/280 534/786/189
f 590/910/280 535/810/206 534/809/189
f 589/899/271 536/812/208 535/810/206
f 600/909/279 537/807/204 536/815/208
f 599/907/277 538/808/205 537/807/204
f 598/903/274 539/811/207 538/808/205
f 597/902/273 540/813/209 539/811/207
f 596/908/278 529/805/203 540/913/209
f 595/905/275 530/814/210 529/805/203
f 620/914/281 607/744/282 605/717/139
f 604/915/283 619/916/149 606/917/284
f 622/918/285 601/731/152 624/919/286
f 606/920/284 617/921/287 608/922/288
f 602/923/289 621/721/143 604/915/283
f 624/919/286 623/729/150 602/923/289
f 610/924/290 617/921/287 615/732/291
f 612/925/292 615/732/291 613/734/155
f 614/926/293 613/927/155 611/736/157
f 616/928/294 611/736/157 609/739/159
f 615/930/291 607/931/282 619/932/296
f 620/914/281 603/933/146 622/934/285
f 618/935/297 609/936/159 607/744/282
f 637/937/298 636/938/299 625/939/300
f 642/953/309 653/954/310 641/955/311
f 639/956/312 626/957/304 627/958/305
f 631/929/295 642/962/309 630/940/301
f 640/963/315 627/958/305 628/945/303
f 632/966/308 643/967/317 631/929/295
f 629/968/302 640/963/315 628/945/303
f 638/971/319 625/939/300 626/944/304
f 630/974/301 641/955/311 629/968/302
f 654/975/321 665/976/322 653/954/310
f 649/977/323 648/969/318 637/937/298
f 651/978/324 638/979/319 639/956/312
f 646/980/325 657/981/326 645/960/314
f 643/967/317 654/982/321 642/962/309
f 652/983/327 639/956/312 640/963/315
f 659/984/328 646/980/325 647/964/316
f 644/985/320 655/986/329 643/967/317
f 641/955/311 652/983/327 640/963/315
f 660/987/330 647/964/316 648/988/318
f 650/989/331 637/937/298 638/971/319
f 645/960/314 656/990/332 644/972/320
f 664/991/333 737/992/334 663/993/335
f 661/994/336 660/995/330 649/977/323
f 663/993/335 650/996/331 651/978/324
f 658/997/337 669/998/338 657/981/326
f 655/986/329 666/999/339 654/982/321
f 664/991/333 651/978/324 652/983/327
f 671/1000/340 658/997/337 659/984/328
f 656/1001/332 667/1002/341 655/986/329
f 653/954/310 664/991/333 652/983/327
f 672/1003/342 659/984/328 660/987/330
f 662/1004/343 649/977/323 650/989/331
f 657/981/326 668/1005/344 656/990/332
f 690/1006/345 677/1007/346 692/1008/347
f 678/1009/348 693/1010/222 691/819/214
f 696/1011/349 675/842/234 673/822/350
f 680/1012/351 691/819/214 689/825/220
f 676/1013/352 695/830/224 693/827/222
f 696/1014/349 695/830/224 674/1015/353
f 680/1012/351 687/1016/227 682/1017/354
f 682/1018/354 685/837/355 684/1019/356
f 684/1019/356 683/839/231 686/1020/357
f 686/1020/357 681/844/235 688/1021/358
f 675/1023/360 683/1024/361 691/1025/214
f 694/1026/362 677/1007/346 675/842/234
f 688/1021/358 679/1027/363 690/1028/345
f 709/1029/364 708/1030/365 697/1031/366
f 714/1047/375 725/1048/376 713/1049/377
f 711/1050/378 698/1051/370 699/1052/371
f 703/1022/359 714/1055/375 702/1032/367
f 712/1056/381 699/1052/371 700/1057/369
f 704/1059/374 715/1060/383 703/1022/359
f 701/1061/368 712/1056/381 700/1057/369
f 710/1063/385 697/1031/366 698/1035/370
f 702/1065/367 713/1049/377 701/1061/368
f 726/1066/387 737/992/334 725/1048/376
f 721/1067/388 720/1068/384 709/1029/364
f 723/1069/389 710/1070/385 711/1050/378
f 718/1071/390 729/1072/391 717/1054/380
f 715/1060/383 726/1073/387 714/1055/375
f 724/1074/392 711/1050/378 712/1056/381
f 731/1075/393 718/1071/390 719/1058/382
f 716/1076/386 727/1077/394 715/1060/383
f 713/1049/377 724/1074/392 712/1056/381
f 732/1078/395 719/1058/382 720/1062/384
f 722/1079/396 709/1029/364 710/1063/385
f 717/1054/380 728/1080/397 716/1064/386
f 663/993/335 738/1081/398 662/1082/343
f 733/1083/399 732/1084/395 721/1067/388
f 735/1085/400 722/1086/396 723/1069/389
f 730/1087/401 741/1088/402 729/1072/391
f 727/1077/394 738/1089/398 726/1073/387
f 736/1090/403 723/1069/389 724/1074/392
f 743/1091/404 730/1087/401 731/1075/393
f 728/1092/397 739/1093/405 727/1077/394
f 725/1048/376 736/1090/403 724/1074/392
f 744/1094/406 731/1075/393 732/1078/395
f 734/1095/407 721/1067/388 722/1079/396
f 729/1072/391 740/1096/408 728/1080/397
f 665/976/322 736/1090/403 664/991/333
f 666/1097/339 735/1085/400 665/976/322
f 667/1002/341 734/1095/407 666/999/339
f 668/1098/344 733/1083/399 667/1002/341
f 669/998/338 744/1094/406 668/1005/344
f 669/998/338 742/1099/409 743/1091/404
f 671/1000/340 742/1099/409 670/1100/410
f 672/1003/342 741/1088/402 671/1000/340
f 661/994/336 740/1101/408 672/1102/342
f 661/994/336 738/1089/398 739/1093/405
f 145/2748/41 146/2749/40 147/251/26
f 147/251/26 148/2750/37 149/249/24
f 149/249/24 150/2751/42 153/250/25
f 151/2752/33 152/2753/35 153/250/25
f 153/250/25 154/2754/32 155/2755/31
f 155/2755/31 156/2756/38 153/250/25
f 145/2748/41 147/251/26 153/250/25
f 150/2751/42 151/2752/33 153/250/25
f 153/250/25 156/2756/38 145/2748/41
f 159/254/29 158/2757/44 157/2758/39
f 157/2758/39 168/2759/43 167/252/27
f 167/252/27 166/2760/30 165/2761/45
f 165/2761/45 164/2762/34 163/2763/46
f 163/2763/46 162/2764/47 161/253/28
f 161/253/28 160/2765/36 159/254/29
f 159/254/29 157/2758/39 167/252/27
f 167/252/27 165/2761/45 163/2763/46
f 163/2763/46 161/253/28 167/252/27
f 166/255/30 167/264/27 155/256/31
f 151/258/33 163/279/46 164/259/34
f 160/261/36 161/2766/28 149/262/24
f 167/264/27 168/2767/43 156/265/38
f 157/266/39 158/2768/44 146/267/40
f 164/259/34 165/2769/45 153/269/25
f 161/270/28 162/2770/47 150/271/42
f 168/273/43 157/266/39 145/268/41
f 158/275/44 159/280/29 147/276/26
f 165/278/45 166/255/30 154/257/32
f 150/271/42 162/2770/47 163/279/46
f 159/280/29 160/261/36 148/263/37
f 169/283/41 170/2771/40 171/2772/26
f 171/2772/26 172/2773/37 173/281/24
f 173/281/24 174/2774/42 175/2775/33
f 175/2775/33 176/2776/35 173/281/24
f 177/2777/25 178/2778/32 179/282/31
f 179/282/31 180/2779/38 169/283/41
f 169/283/41 171/2772/26 173/281/24
f 173/281/24 176/2776/35 177/2777/25
f 177/2777/25 179/282/31 173/281/24
f 183/286/29 182/2780/44 181/2781/39
f 181/2781/39 192/2782/43 183/286/29
f 191/284/27 190/2783/30 189/2784/45
f 189/2784/45 188/2785/34 191/284/27
f 187/285/46 186/2786/47 183/286/29
f 185/2787/28 184/2788/36 183/286/29
f 183/286/29 192/2782/43 191/284/27
f 191/284/27 188/2785/34 187/285/46
f 186/2786/47 185/2787/28 183/286/29
f 190/287/30 191/296/27 179/288/31
f 175/290/33 187/313/46 188/291/34
f 184/293/36 185/2789/28 173/294/24
f 191/296/27 192/2790/43 180/297/38
f 181/298/39 182/2791/44 170/299/40
f 176/292/35 188/291/34 189/301/45
f 173/303/24 185/2769/28 186/304/47
f 192/306/43 181/298/39 169/300/41
f 182/308/44 183/314/29 171/309/26
f 189/311/45 190/287/30 178/289/32
f 174/305/42 186/304/47 187/313/46
f 183/314/29 184/293/36 172/295/37
f 193/2792/68 194/2793/56 204/2794/66
f 195/2795/55 196/317/50 203/316/49
f 197/2796/64 198/2797/60 201/2798/57
f 199/2799/59 200/2800/63 198/2797/60
f 201/2798/57 202/315/48 197/2796/64
f 203/316/49 204/2794/66 194/2793/56
f 194/2793/56 195/2795/55 203/316/49
f 198/2797/60 200/2800/63 201/2798/57
f 202/315/48 196/317/50 197/2796/64
f 207/2801/61 206/2802/54 215/2803/65
f 205/2804/67 216/2805/71 206/2802/54
f 215/2803/65 214/320/53 207/2801/61
f 213/318/51 212/2806/69 210/2807/58
f 211/2808/62 210/2807/58 212/2806/69
f 209/2809/70 208/319/52 213/318/51
f 206/2802/54 216/2805/71 215/2803/65
f 214/320/53 208/319/52 207/2801/61
f 210/2807/58 209/2809/70 213/318/51
f 206/321/54 207/330/61 195/322/55
f 213/324/51 214/332/53 202/325/48
f 210/327/58 211/334/62 199/328/59
f 207/330/61 208/336/52 196/331/50
f 214/332/53 215/338/65 203/333/49
f 211/334/62 212/2810/69 200/335/63
f 208/336/52 209/345/70 197/337/64
f 215/338/65 216/2811/71 204/339/66
f 205/340/67 206/2812/54 194/341/56
f 212/343/69 213/324/51 201/326/57
f 209/345/70 210/2813/58 198/346/60
f 216/347/71 205/340/67 193/342/68
f 217/2814/68 218/2815/56 228/2816/66
f 219/2817/55 220/351/50 227/350/49
f 221/2818/64 222/2819/60 225/2820/57
f 223/2821/59 224/2822/63 222/2819/60
f 225/2820/57 226/349/48 221/2818/64
f 227/350/49 228/2816/66 218/2815/56
f 218/2815/56 219/2817/55 227/350/49
f 222/2819/60 224/2822/63 225/2820/57
f 226/349/48 220/351/50 221/2818/64
f 231/354/61 230/2823/54 239/352/72
f 229/2824/67 240/2825/71 230/2823/54
f 239/352/72 238/2826/53 232/353/52
f 237/2827/73 236/2828/69 234/2829/58
f 235/2830/62 234/2829/58 236/2828/69
f 233/2831/70 232/353/52 238/2826/53
f 230/2823/54 240/2825/71 239/352/72
f 238/2826/53 237/2827/73 233/2831/70
f 234/2829/58 233/2831/70 237/2827/73
f 230/355/54 231/363/61 219/356/55
f 237/358/73 238/365/53 226/359/48
f 234/361/58 235/367/62 223/362/59
f 231/363/61 232/2832/52 220/364/50
f 238/365/53 239/371/72 227/366/49
f 235/367/62 236/2833/69 224/368/63
f 220/364/50 232/2832/52 233/369/70
f 239/371/72 240/2834/71 228/372/66
f 229/373/67 230/2835/54 218/374/56
f 236/376/69 237/358/73 225/360/57
f 233/369/70 234/2836/58 222/378/60
f 240/379/71 229/373/67 217/375/68
f 245/381/74 293/2837/127 292/382/75
f 289/450/125 290/2849/128 294/2850/130
f 291/2851/131 292/2852/75 293/2853/127
f 293/2853/127 294/2850/130 290/2849/128
f 295/2854/133 296/448/123 289/450/125
f 297/2855/129 298/2856/132 299/2857/126
f 299/2857/126 300/449/124 297/2855/129
f 290/2849/128 291/2851/131 293/2853/127
f 294/2850/130 295/2854/133 289/450/125
f 297/2855/129 300/449/124 296/448/123
f 252/399/90 300/455/124 299/451/126
f 242/400/91 290/456/128 289/452/125
f 249/403/94 297/457/129 296/453/123
f 246/387/80 294/458/130 293/454/127
f 241/407/97 289/452/125 300/455/124
f 243/408/98 291/2858/131 290/456/128
f 250/409/84 298/2859/132 297/457/129
f 247/389/82 295/464/133 294/458/130
f 244/383/76 292/382/75 291/459/131
f 251/461/86 299/2860/126 298/462/132
f 248/396/87 296/453/123 295/464/133
f 305/465/74 353/2861/127 352/466/75
f 349/534/125 350/2873/128 354/2874/130
f 351/2875/131 352/2876/75 353/2877/127
f 353/2877/127 354/2874/130 350/2873/128
f 355/2878/133 356/532/123 349/534/125
f 357/2879/129 358/2880/132 359/2881/126
f 359/2881/126 360/533/124 357/2879/129
f 350/2873/128 351/2875/131 353/2877/127
f 354/2874/130 355/2878/133 349/534/125
f 357/2879/129 360/533/124 356/532/123
f 312/483/90 360/539/124 359/535/126
f 302/484/91 350/540/128 349/536/125
f 309/487/94 357/541/129 356/537/123
f 306/471/80 354/542/130 353/538/127
f 301/491/97 349/536/125 360/539/124
f 303/492/98 351/2882/131 350/540/128
f 310/493/84 358/2883/132 357/541/129
f 307/473/82 355/548/133 354/542/130
f 304/467/76 352/466/75 351/543/131
f 311/545/86 359/2884/126 358/546/132
f 308/480/87 356/537/123 355/548/133
f 365/549/74 413/2885/127 412/550/75
f 409/618/125 410/2897/128 414/2898/130
f 411/2899/131 412/2900/75 413/2901/127
f 413/2901/127 414/2898/130 410/2897/128
f 415/2902/133 416/616/123 409/618/125
f 417/2903/129 418/2904/132 419/2905/126
f 419/2905/126 420/617/124 417/2903/129
f 410/2897/128 411/2899/131 413/2901/127
f 414/2898/130 415/2902/133 409/618/125
f 417/2903/129 420/617/124 416/616/123
f 372/567/90 420/623/124 419/619/126
f 362/568/91 410/624/128 409/620/125
f 369/571/94 417/625/129 416/621/123
f 366/555/80 414/626/130 413/622/127
f 361/575/97 409/620/125 420/623/124
f 363/576/98 411/2906/131 410/624/128
f 370/577/84 418/2907/132 417/625/129
f 367/557/82 415/632/133 414/626/130
f 364/551/76 412/550/75 411/627/131
f 371/629/86 419/2908/126 418/630/132
f 368/564/87 416/621/123 415/632/133
f 425/633/74 473/2909/127 472/634/75
f 469/702/125 470/2921/128 474/2922/130
f 471/2923/131 472/2924/75 473/2925/127
f 473/2925/127 474/2922/130 470/2921/128
f 475/2926/133 476/700/123 469/702/125
f 477/2927/129 478/2928/132 479/2929/126
f 479/2929/126 480/701/124 477/2927/129
f 470/2921/128 471/2923/131 473/2925/127
f 474/2922/130 475/2926/133 469/702/125
f 477/2927/129 480/701/124 476/700/123
f 432/651/90 480/707/124 479/703/126
f 422/652/91 470/708/128 469/704/125
f 429/655/94 477/709/129 476/705/123
f 426/639/80 474/710/130 473/706/127
f 421/659/97 469/704/125 480/707/124
f 423/660/98 471/2930/131 470/708/128
f 430/661/84 478/2931/132 477/709/129
f 427/641/82 475/716/133 474/710/130
f 424/635/76 472/634/75 471/711/131
f 431/713/86 479/2932/126 478/714/132
f 428/648/87 476/705/123 475/716/133
f 605/717/139 607/744/163 489/718/140
f 483/720/142 619/916/149 621/721/143
f 492/723/145 601/731/152 603/724/146
f 484/726/148 617/921/287 619/727/149
f 482/722/144 621/721/143 623/729/150
f 481/730/151 623/729/150 601/731/152
f 615/732/153 617/921/287 484/726/148
f 613/734/155 615/732/153 485/733/154
f 611/736/157 613/927/155 486/737/156
f 609/739/159 611/736/157 487/738/158
f 488/740/160 487/738/158 499/741/161
f 491/743/147 603/933/146 605/717/139
f 607/744/163 609/936/159 488/745/160
f 504/746/164 516/787/186 505/747/165
f 487/738/158 486/737/156 498/749/167
f 486/750/156 485/753/154 497/751/168
f 485/753/154 484/757/148 496/754/169
f 492/723/145 504/746/164 493/748/166
f 481/730/151 493/748/166 494/755/170
f 483/756/142 495/759/171 496/754/169
f 491/725/147 503/2933/172 504/746/164
f 482/758/144 494/769/170 495/759/171
f 490/760/141 502/771/174 503/761/172
f 490/719/141 489/718/140 501/763/173
f 489/718/140 488/745/160 500/765/162
f 510/766/175 509/779/185 521/767/176
f 494/769/170 506/789/187 507/770/178
f 502/771/174 501/783/173 513/772/179
f 499/741/161 498/749/167 510/774/175
f 495/759/171 507/770/178 508/776/182
f 502/771/174 514/773/180 515/777/183
f 500/742/162 499/741/161 511/775/181
f 497/751/168 496/754/169 508/776/182
f 503/761/172 515/777/183 516/780/186
f 493/748/166 505/747/165 506/782/187
f 501/783/173 500/2934/162 512/784/184
f 498/752/167 497/751/168 509/779/185
f 522/768/177 521/767/176 533/785/188
f 516/787/186 528/804/198 517/788/190
f 506/789/187 518/806/199 519/790/191
f 514/773/180 513/772/179 525/791/192
f 511/775/181 510/774/175 522/793/177
f 507/770/178 519/790/191 520/795/195
f 514/773/180 526/792/193 527/796/196
f 512/778/184 511/775/181 523/794/194
f 509/779/185 508/776/182 520/795/195
f 515/777/183 527/796/196 528/798/198
f 505/747/165 517/788/190 518/799/199
f 513/772/179 512/784/184 524/800/197
f 593/801/200 592/906/276 532/802/201
f 528/804/198 540/913/209 529/805/203
f 518/806/199 530/897/210 531/803/202
f 526/792/193 525/791/192 537/807/204
f 523/794/194 522/793/177 534/809/189
f 519/790/191 531/803/202 532/802/201
f 526/792/193 538/808/205 539/811/207
f 524/797/197 523/794/194 535/810/206
f 521/767/176 520/795/195 532/802/201
f 527/796/196 539/811/207 540/813/209
f 517/788/190 529/805/203 530/814/210
f 525/791/192 524/800/197 536/815/208
f 550/816/211 677/1007/346 679/817/212
f 691/819/214 693/1010/222 542/820/215
f 673/822/217 675/842/234 551/823/218
f 689/825/220 691/819/214 543/821/216
f 693/827/222 695/830/224 541/828/223
f 695/830/224 673/2935/217 552/831/219
f 545/832/225 687/1016/227 689/825/220
f 546/833/226 685/837/229 687/834/227
f 547/836/228 683/839/231 685/837/229
f 548/838/230 681/844/235 683/839/231
f 548/838/230 547/836/228 559/840/232
f 675/842/234 677/1007/346 550/816/211
f 549/843/213 679/1027/212 681/844/235
f 564/845/236 576/883/258 565/846/237
f 547/836/228 546/833/226 558/848/239
f 546/833/226 545/835/225 557/849/240
f 545/832/225 544/826/221 556/850/241
f 552/831/219 564/845/236 553/847/238
f 541/828/223 553/847/238 554/852/242
f 543/821/216 555/854/243 556/850/241
f 551/823/218 563/855/244 564/853/236
f 542/820/215 554/2936/242 555/854/243
f 550/816/211 562/2937/246 563/855/244
f 550/856/211 549/2938/213 561/857/245
f 549/843/213 548/838/230 560/841/233
f 570/860/247 569/876/257 581/861/248
f 554/863/242 566/885/259 567/864/250
f 562/858/246 561/857/245 573/866/251
f 559/840/232 558/848/239 570/868/247
f 555/865/243 567/864/250 568/870/254
f 562/858/246 574/867/252 575/872/255
f 560/841/233 559/840/232 571/869/253
f 557/875/240 556/871/241 568/870/254
f 563/873/244 575/872/255 576/877/258
f 553/847/238 565/846/237 566/879/259
f 561/857/245 560/2939/233 572/880/256
f 558/848/239 557/849/240 569/881/257
f 582/862/249 581/861/248 593/801/200
f 576/883/258 588/898/269 577/884/261
f 566/885/259 578/900/270 579/886/262
f 574/867/252 573/866/251 585/887/263
f 571/869/253 570/868/247 582/889/249
f 567/864/250 579/886/262 580/891/266
f 574/867/252 586/888/264 587/892/267
f 572/874/256 571/869/253 583/890/265
f 569/876/257 568/870/254 580/891/266
f 575/872/255 587/892/267 588/894/269
f 565/846/237 577/884/261 578/895/270
f 573/866/251 572/880/256 584/896/268
f 594/882/260 593/801/200 531/803/202
f 588/898/269 600/2940/279 589/899/271
f 578/900/270 590/912/280 591/901/272
f 586/888/264 585/887/263 597/902/273
f 583/890/265 582/889/249 594/904/260
f 579/886/262 591/901/272 592/906/276
f 586/888/264 598/903/274 599/907/277
f 584/893/268 583/890/265 595/905/275
f 581/861/248 580/891/266 592/906/276
f 587/892/267 599/907/277 600/909/279
f 577/884/261 589/899/271 590/910/280
f 585/887/263 584/896/268 596/911/278
f 592/906/276 591/901/272 533/785/188
f 533/785/188 591/901/272 590/912/280
f 590/910/280 589/899/271 535/810/206
f 589/899/271 600/2940/279 536/812/208
f 600/909/279 599/907/277 537/807/204
f 599/907/277 598/903/274 538/808/205
f 598/903/274 597/902/273 539/811/207
f 597/902/273 596/911/278 540/813/209
f 596/908/278 595/905/275 529/805/203
f 595/905/275 594/904/260 530/814/210
f 620/914/281 618/935/297 607/744/282
f 604/915/283 621/721/143 619/916/149
f 622/918/285 603/724/146 601/731/152
f 606/920/284 619/727/149 617/921/287
f 602/923/289 623/729/150 621/721/143
f 624/919/286 601/731/152 623/729/150
f 610/924/290 608/922/288 617/921/287
f 612/925/292 610/924/290 615/732/291
f 614/926/293 612/941/292 613/927/155
f 616/928/294 614/926/293 611/736/157
f 623/2941/1543 621/2942/1544 619/932/296
f 619/932/296 617/2943/1545 615/930/291
f 615/930/291 613/2944/155 611/2945/1546
f 611/2945/1546 609/2946/159 615/930/291
f 607/931/282 605/2947/1547 603/2948/146
f 603/2948/146 601/2949/1548 623/2941/1543
f 623/2941/1543 619/932/296 607/931/282
f 615/930/291 609/2946/159 607/931/282
f 607/931/282 603/2948/146 623/2941/1543
f 620/914/281 605/717/139 603/933/146
f 618/935/297 616/952/294 609/936/159
f 637/937/298 648/969/318 636/938/299
f 642/953/309 654/975/321 653/954/310
f 639/956/312 638/979/319 626/957/304
f 631/929/295 643/967/317 642/962/309
f 640/963/315 639/956/312 627/958/305
f 632/966/308 644/985/320 643/967/317
f 629/968/302 641/955/311 640/963/315
f 638/971/319 637/937/298 625/939/300
f 630/974/301 642/953/309 641/955/311
f 654/975/321 666/1097/339 665/976/322
f 649/977/323 660/995/330 648/969/318
f 651/978/324 650/996/331 638/979/319
f 646/980/325 658/997/337 657/981/326
f 643/967/317 655/986/329 654/982/321
f 652/983/327 651/978/324 639/956/312
f 659/984/328 658/997/337 646/980/325
f 644/985/320 656/1001/332 655/986/329
f 641/955/311 653/954/310 652/983/327
f 660/987/330 659/984/328 647/964/316
f 650/989/331 649/977/323 637/937/298
f 645/960/314 657/981/326 656/990/332
f 664/991/333 736/1090/403 737/992/334
f 661/994/336 672/1102/342 660/995/330
f 663/993/335 662/1082/343 650/996/331
f 658/997/337 670/1100/410 669/998/338
f 655/986/329 667/1002/341 666/999/339
f 664/991/333 663/993/335 651/978/324
f 671/1000/340 670/1100/410 658/997/337
f 656/1001/332 668/1098/344 667/1002/341
f 653/954/310 665/976/322 664/991/333
f 672/1003/342 671/1000/340 659/984/328
f 662/1004/343 661/994/336 649/977/323
f 657/981/326 669/998/338 668/1005/344
f 690/1006/345 679/817/363 677/1007/346
f 678/1009/348 676/1040/352 693/1010/222
f 696/1011/349 694/1026/362 675/842/234
f 680/1012/351 678/1009/348 691/819/214
f 676/1013/352 674/1015/353 695/830/224
f 696/1014/349 673/2935/350 695/830/224
f 680/1012/351 689/825/220 687/1016/227
f 682/1018/354 687/834/227 685/837/355
f 684/1019/356 685/837/355 683/839/231
f 686/1020/357 683/839/231 681/844/235
f 691/1025/214 693/2953/1549 695/2954/1550
f 695/2954/1550 673/2955/350 691/1025/214
f 675/1023/360 677/2956/1551 679/2957/363
f 679/2957/363 681/2958/1552 675/1023/360
f 683/1024/361 685/2959/355 687/2960/1553
f 687/2960/1553 689/2961/1554 683/1024/361
f 691/1025/214 673/2955/350 675/1023/360
f 675/1023/360 681/2958/1552 683/1024/361
f 683/1024/361 689/2961/1554 691/1025/214
f 694/1026/362 692/1008/347 677/1007/346
f 688/1021/358 681/844/235 679/1027/363
f 709/1029/364 720/1068/384 708/1030/365
f 714/1047/375 726/1066/387 725/1048/376
f 711/1050/378 710/1070/385 698/1051/370
f 703/1022/359 715/1060/383 714/1055/375
f 712/1056/381 711/1050/378 699/1052/371
f 704/1059/374 716/1076/386 715/1060/383
f 701/1061/368 713/1049/377 712/1056/381
f 710/1063/385 709/1029/364 697/1031/366
f 702/1065/367 714/1047/375 713/1049/377
f 726/1066/387 738/1081/398 737/992/334
f 721/1067/388 732/1084/395 720/1068/384
f 723/1069/389 722/1086/396 710/1070/385
f 718/1071/390 730/1087/401 729/1072/391
f 715/1060/383 727/1077/394 726/1073/387
f 724/1074/392 723/1069/389 711/1050/378
f 731/1075/393 730/1087/401 718/1071/390
f 716/1076/386 728/1092/397 727/1077/394
f 713/1049/377 725/1048/376 724/1074/392
f 732/1078/395 731/1075/393 719/1058/382
f 722/1079/396 721/1067/388 709/1029/364
f 717/1054/380 729/1072/391 728/1080/397
f 663/993/335 737/992/334 738/1081/398
f 733/1083/399 744/2964/406 732/1084/395
f 735/1085/400 734/2965/407 722/1086/396
f 730/1087/401 742/1099/409 741/1088/402
f 727/1077/394 739/1093/405 738/1089/398
f 736/1090/403 735/1085/400 723/1069/389
f 743/1091/404 742/1099/409 730/1087/401
f 728/1092/397 740/1101/408 739/1093/405
f 725/1048/376 737/992/334 736/1090/403
f 744/1094/406 743/1091/404 731/1075/393
f 734/1095/407 733/1083/399 721/1067/388
f 729/1072/391 741/1088/402 740/1096/408
f 665/976/322 735/1085/400 736/1090/403
f 666/1097/339 734/2965/407 735/1085/400
f 667/1002/341 733/1083/399 734/1095/407
f 668/1098/344 744/2964/406 733/1083/399
f 669/998/338 743/1091/404 744/1094/406
f 669/998/338 670/1100/410 742/1099/409
f 671/1000/340 741/1088/402 742/1099/409
f 672/1003/342 740/1096/408 741/1088/402
f 661/994/336 739/1093/405 740/1101/408
f 661/994/336 662/1004/343 738/1089/398
usemtl Lencol
f 1092/1190/460 1293/1191/461 1889/1192/462
f 1888/1193/463 808/1194/464 1289/1195/465
f 1887/1196/466 809/1197/467 1296/1198/468
f 1886/1199/469 807/1200/470 1297/1201/471
f 1114/1202/472 1285/1203/473 1885/1204/474
f 1884/1205/475 822/1206/476 1300/1207/477
f 1883/1208/478 816/1209/479 1301/1210/480
f 1118/1211/481 1284/1212/482 1882/1213/483
f 1881/1214/484 823/1215/485 1304/1216/486
f 1111/1217/487 1305/1218/488 1880/1219/489
f 1122/1220/490 1277/1221/491 1879/1222/492
f 1123/1223/493 1308/1224/494 1878/1225/495
f 1877/1226/496 818/1227/497 1309/1228/498
f 1126/1229/499 1281/1230/500 1876/1231/501
f 1127/1232/502 1312/1233/503 1875/1234/504
f 1104/1235/505 1313/1236/506 1874/1237/507
f 1170/1238/508 1273/1239/509 1873/1240/510
f 1171/1241/511 1316/1242/512 1872/1243/513
f 1144/1244/514 1317/1245/515 1871/1246/516
f 1870/1247/517 864/1248/518 1272/1249/519
f 1869/1250/520 867/1251/521 1320/1252/522
f 1167/1253/523 1321/1254/524 1868/1255/525
f 1867/1256/526 833/1257/527 1241/1258/528
f 1866/1259/529 868/1260/530 1324/1261/531
f 1166/1262/532 1325/1263/533 1865/1264/534
f 1864/1265/535 861/1266/536 1269/1267/537
f 1183/1268/538 1328/1269/539 1863/1270/540
f 1862/1271/541 846/1272/542 1329/1273/543
f 1186/1274/544 1268/1275/545 1861/1276/546
f 1187/1277/547 1332/1278/548 1860/1279/549
f 1163/1280/550 1333/1281/551 1859/1282/552
f 1190/1283/553 1237/1284/554 1858/1285/555
f 1191/1286/556 1336/1287/557 1857/1288/558
f 1162/1289/559 1337/1290/560 1856/1291/561
f 1194/1292/562 1265/1293/563 1855/1294/564
f 1195/1295/565 1340/1296/566 1854/1297/567
f 1853/1298/568 847/1299/569 1341/1300/570
f 1852/1301/571 856/1302/572 1264/1303/573
f 1199/1304/574 1344/1305/575 1851/1306/576
f 1159/1307/577 1345/1308/578 1850/1309/579
f 1202/1310/580 1244/1311/581 1849/1312/582
f 1203/1313/583 1348/1314/584 1848/1315/585
f 1847/1316/586 854/1317/587 1349/1318/588
f 1846/1319/589 853/1320/590 1261/1321/591
f 1845/1322/592 875/1323/593 1352/1324/594
f 1148/1325/595 1353/1326/596 1844/1327/597
f 1843/1328/598 852/1329/599 1260/1330/600
f 1842/1331/601 876/1332/602 1356/1333/603
f 1841/1334/604 851/1335/605 1357/1336/606
f 1840/1337/607 837/1338/608 1245/1339/609
f 1839/1340/610 877/1341/611 1360/1342/612
f 1838/1343/613 850/1344/614 1361/1345/615
f 1837/1346/616 849/1347/617 1257/1348/618
f 1836/1349/619 878/1350/620 1364/1351/621
f 1835/1352/622 832/1353/623 1365/1354/624
f 1222/1355/625 1256/1356/626 1834/1357/627
f 1223/1358/628 1368/1359/629 1833/1360/630
f 1832/1361/631 835/1362/632 1369/1363/633
f 1226/1364/634 1249/1365/635 1831/1366/636
f 1227/1367/637 1372/1368/638 1830/1369/639
f 1829/1370/640 834/1371/641 1373/1372/642
f 1828/1373/643 845/1374/644 1253/1375/645
f 1827/1376/646 881/1377/647 1376/1378/648
f 1826/1379/649 828/1380/650 1377/1381/651
f 1825/1382/652 1025/1383/653 1233/1384/654
f 1824/1385/655 1026/1386/656 1380/1387/657
f 1823/1388/658 924/1389/659 1381/1390/660
f 1382/1391/661 1232/1392/662 1822/1393/663
f 1383/1394/664 1384/1395/665 1821/1396/666
f 1375/1397/667 1385/1398/668 1820/1399/669
f 1386/1400/670 1109/1401/671 1819/1402/672
f 1387/1403/673 1388/1404/674 1818/1405/675
f 1817/1406/676 1022/1407/677 1389/1408/678
f 1390/1409/679 1229/1410/680 1816/1411/681
f 1815/1412/682 1029/1413/683 1392/1414/684
f 1814/1415/685 930/1416/686 1393/1417/687
f 1394/1418/688 1228/1419/689 1813/1420/690
f 1395/1421/691 1396/1422/692 1812/1423/693
f 1371/1424/694 1397/1425/695 1811/1426/696
f 1398/1427/697 1105/1428/698 1810/1429/699
f 1399/1430/700 1400/1431/701 1809/1432/702
f 1370/1433/703 1401/1434/704 1808/1435/705
f 1402/1436/706 1225/1437/707 1807/1438/708
f 1403/1439/709 1404/1440/710 1806/1441/711
f 1283/1442/712 1405/1443/713 1805/1444/714
f 1406/1445/715 1224/1446/716 1804/1447/717
f 1803/1448/718 1033/1449/719 1408/1450/720
f 1802/1451/721 1015/1452/722 1409/1453/723
f 1801/1454/724 904/1455/725 1112/1456/726
f 1411/1457/727 1412/1458/728 1800/1459/729
f 1799/1460/730 1014/1461/731 1413/1462/732
f 1798/1463/733 1013/1464/734 1221/1465/735
f 1797/1466/736 1035/1467/737 1416/1468/738
f 1796/1469/739 928/1470/740 1417/1471/741
f 1795/1472/742 1012/1473/743 1220/1474/744
f 1794/1475/745 1036/1476/746 1420/1477/747
f 1793/1478/748 1011/1479/749 1421/1480/750
f 1792/1481/751 905/1482/752 1113/1483/753
f 1791/1484/754 1037/1485/755 1424/1486/756
f 1790/1487/757 1010/1488/758 1425/1489/759
f 1789/1490/760 1009/1491/761 1217/1492/762
f 1788/1493/763 1038/1494/764 1428/1495/765
f 1787/1496/766 946/1497/767 1429/1498/768
f 1786/1499/769 1008/1500/770 1216/1501/771
f 1785/1502/772 1039/1503/773 1432/1504/774
f 1784/1505/775 1007/1506/776 1433/1507/777
f 1783/1508/778 893/1509/779 1101/1510/780
f 1782/1511/781 1040/1512/782 1436/1513/783
f 1781/1514/784 1006/1515/785 1437/1516/786
f 1780/1517/787 1005/1518/788 1213/1519/789
f 1779/1520/790 1041/1521/791 1440/1522/792
f 1778/1523/793 947/1524/794 1441/1525/795
f 1777/1526/796 1004/1527/797 1212/1528/798
f 1776/1529/799 1042/1530/800 1444/1531/801
f 1775/1532/802 1003/1533/803 1445/1534/804
f 1774/1535/805 908/1536/806 1116/1537/807
f 1773/1538/808 1043/1539/809 1448/1540/810
f 1772/1541/811 1002/1542/812 1449/1543/813
f 1771/1544/814 1001/1545/815 1209/1546/816
f 1770/1547/817 1044/1548/818 1452/1549/819
f 1769/1550/820 940/1551/821 1453/1552/822
f 1768/1553/823 1000/1554/824 1208/1555/825
f 1767/1556/826 1045/1557/827 1456/1558/828
f 1766/1559/829 999/1560/830 1457/1561/831
f 1765/1562/832 909/1563/833 1117/1564/834
f 1764/1565/835 1046/1566/836 1460/1567/837
f 1763/1568/838 998/1569/839 1461/1570/840
f 1762/1571/841 997/1572/842 1205/1573/843
f 1761/1574/844 1047/1575/845 1464/1576/846
f 1760/1577/847 950/1578/848 1465/1579/849
f 1466/1580/850 1204/1581/851 1759/1582/852
f 1467/1583/853 1468/1584/854 1758/1585/855
f 1757/1586/856 995/1587/857 1469/1588/858
f 1470/1589/859 1100/1590/860 1756/1591/861
f 1755/1592/862 1049/1593/863 1472/1594/864
f 1754/1595/865 994/1596/866 1473/1597/867
f 1753/1598/868 993/1599/869 1201/1600/870
f 1752/1601/871 1050/1602/872 1476/1603/873
f 1751/1604/874 951/1605/875 1477/1606/876
f 1750/1607/877 992/1608/878 1200/1609/879
f 1749/1610/880 1051/1611/881 1480/1612/882
f 1343/1613/883 1481/1614/884 1748/1615/885
f 1482/1616/886 1120/1617/887 1747/1618/888
f 1483/1619/889 1484/1620/890 1746/1621/891
f 1342/1622/892 1485/1623/893 1745/1624/894
f 1486/1625/895 1197/1626/896 1744/1627/897
f 1743/1628/898 1053/1629/899 1488/1630/900
f 1742/1631/901 943/1632/902 1489/1633/903
f 1490/1634/904 1196/1635/905 1741/1636/906
f 1491/1637/907 1492/1638/908 1740/1639/909
f 1339/1640/910 1493/1641/911 1739/1642/912
f 1494/1643/913 1121/1644/914 1738/1645/915
f 1495/1646/916 1496/1647/917 1737/1648/918
f 1338/1649/919 1497/1650/920 1736/1651/921
f 1735/1652/922 985/1653/923 1193/1654/924
f 1499/1655/925 1500/1656/926 1734/1657/927
f 1306/1658/928 1501/1659/929 1733/1660/930
f 1502/1661/931 1192/1662/932 1732/1663/933
f 1503/1664/934 1504/1665/935 1731/1666/936
f 1335/1667/937 1505/1668/938 1730/1669/939
f 1729/1670/940 885/1671/941 1093/1672/942
f 1728/1673/943 1058/1674/944 1508/1675/945
f 1727/1676/946 982/1677/947 1509/1678/948
f 1726/1679/949 981/1680/950 1189/1681/951
f 1725/1682/952 1059/1683/953 1512/1684/954
f 1724/1685/955 955/1686/956 1513/1687/957
f 1723/1688/958 980/1689/959 1188/1690/960
f 1722/1691/961 1060/1692/962 1516/1693/963
f 1721/1694/964 979/1695/965 1517/1696/966
f 1720/1697/967 916/1698/968 1124/1699/969
f 1719/1700/970 1061/1701/971 1520/1702/972
f 1330/1703/973 1521/1704/974 1718/1705/975
f 1717/1706/976 977/1707/977 1185/1708/978
f 1523/1709/979 1524/1710/980 1716/1711/981
f 1294/1712/982 1525/1713/983 1715/1714/984
f 1526/1715/985 1184/1716/986 1714/1717/987
f 1527/1718/988 1528/1719/989 1713/1720/990
f 1712/1721/991 975/1722/992 1529/1723/993
f 1530/1724/994 1125/1725/995 1711/1726/996
f 1531/1727/997 1532/1728/998 1710/1729/999
f 1326/1730/1000 1533/1731/1001 1709/1732/1002
f 1708/1733/1003 973/1734/1004 1181/1735/1005
f 1707/1736/1006 1065/1737/1007 1536/1738/1008
f 1310/1739/1009 1537/1740/1010 1706/1741/1011
f 1705/1742/1012 972/1743/1013 1180/1744/1014
f 1704/1745/1015 1066/1746/1016 1540/1747/1017
f 1703/1748/1018 971/1749/1019 1541/1750/1020
f 1702/1751/1021 889/1752/1022 1097/1753/1023
f 1701/1754/1024 1067/1755/1025 1544/1756/1026
f 1700/1757/1027 970/1758/1028 1545/1759/1029
f 1699/1760/1030 969/1761/1031 1177/1762/1032
f 1698/1763/1033 1068/1764/1034 1548/1765/1035
f 1697/1766/1036 959/1767/1037 1549/1768/1038
f 1696/1769/1039 968/1770/1040 1176/1771/1041
f 1695/1772/1042 1069/1773/1043 1552/1774/1044
f 1694/1775/1045 967/1776/1046 1553/1777/1047
f 1554/1778/1048 1128/1779/1049 1693/1780/1050
f 1555/1781/1051 1556/1782/1052 1692/1783/1053
f 1318/1784/1054 1557/1785/1055 1691/1786/1056
f 1690/1787/1057 965/1788/1058 1173/1789/1059
f 1689/1790/1060 1071/1791/1061 1560/1792/1062
f 1288/1793/1063 1561/1794/1064 1688/1795/1065
f 1562/1796/1066 1172/1797/1067 1687/1798/1068
f 1686/1799/1069 1072/1800/1070 1564/1801/1071
f 1315/1802/1072 1565/1803/1073 1685/1804/1074
f 1566/1805/1075 1129/1806/1076 1684/1807/1077
f 1567/1808/1078 1568/1809/1079 1683/1810/1080
f 1314/1811/1081 1569/1812/1082 1682/1813/1083
f 1681/1814/1084 961/1815/1085 1169/1816/1086
f 1680/1817/1087 1074/1818/1088 1572/1819/1089
f 1248/1820/1090 1573/1821/1091 1679/1822/1092
f 1678/1823/1093 960/1824/1094 1168/1825/1095
f 1677/1826/1096 1075/1827/1097 1576/1828/1098
f 1271/1829/1099 1577/1830/1100 1676/1831/1101
f 1578/1832/1102 1137/1833/1103 1675/1834/1104
f 1674/1835/1105 1076/1836/1106 1580/1837/1107
f 1270/1838/1108 1581/1839/1109 1673/1840/1110
f 1672/1841/1111 957/1842/1112 1165/1843/1113
f 1671/1844/1114 1077/1845/1115 1584/1846/1116
f 1670/1847/1117 902/1848/1118 1585/1849/1119
f 1586/1850/1120 1164/1851/1121 1669/1852/1122
f 1587/1853/1123 1588/1854/1124 1668/1855/1125
f 1267/1856/1126 1589/1857/1127 1667/1858/1128
f 1590/1859/1129 1133/1860/1130 1666/1861/1131
f 1591/1862/1132 1592/1863/1133 1665/1864/1134
f 1266/1865/1135 1593/1866/1136 1664/1867/1137
f 1594/1868/1138 1161/1869/1139 1663/1870/1140
f 1595/1871/1141 1596/1872/1142 1662/1873/1143
f 1255/1874/1144 1597/1875/1145 1661/1876/1146
f 1598/1877/1147 1160/1878/1148 1660/1879/1149
f 1659/1880/1150 1081/1881/1151 1600/1882/1152
f 1263/1883/1153 1601/1884/1154 1658/1885/1155
f 1602/1886/1156 1140/1887/1157 1657/1888/1158
f 1656/1889/1159 1082/1890/1160 1604/1891/1161
f 1262/1892/1162 1605/1893/1163 1655/1894/1164
f 1654/1895/1165 949/1896/1166 1157/1897/1167
f 1653/1898/1168 1083/1899/1169 1608/1900/1170
f 1652/1901/1171 900/1902/1172 1609/1903/1173
f 1651/1904/1174 948/1905/1175 1156/1906/1176
f 1650/1907/1177 1084/1908/1178 1612/1909/1179
f 1649/1910/1180 907/1911/1181 1613/1912/1182
f 1648/1913/1183 933/1914/1184 1141/1915/1185
f 1647/1916/1186 1085/1917/1187 1616/1918/1188
f 1258/1919/1189 1617/1920/1190 1646/1921/1191
f 1645/1922/1192 945/1923/1193 1153/1924/1194
f 1644/1925/1195 1086/1926/1196 1620/1927/1197
f 1643/1928/1198 888/1929/1199 1621/1930/1200
f 1642/1931/1201 944/1932/1202 1152/1933/1203
f 1623/1934/1204 1624/1935/1205 1641/1936/1206
f 1243/1937/1207 1625/1938/1208 1640/1939/1209
f 1626/1940/1210 1145/1941/1211 1639/1942/1212
f 1627/1943/1213 1628/1944/1214 1638/1945/1215
f 1637/1946/1216 890/1947/1217 1629/1948/1218
f 1630/1949/1219 1149/1950/1220 1636/1951/1221
f 1631/1952/1222 1632/1953/1223 1635/1954/1224
f 1236/1955/1225 1633/1956/1226 1634/1957/1227
f 1634/1957/1227 1089/1958/1228 1631/1952/1222
f 1377/1381/651 1631/1952/1222 1025/1383/653
f 828/1380/650 1634/1957/1227 1377/1381/651
f 1374/1959/1229 1632/1960/1223 1022/1407/677
f 881/1377/647 1635/1961/1224 1374/1962/1229
f 1025/1383/653 1635/1954/1224 1233/1384/654
f 1230/1963/1230 1149/1964/1220 845/1965/644
f 1022/1407/677 1636/1966/1221 1230/1967/1230
f 1089/1958/1228 1636/1951/1221 1632/1953/1223
f 1637/1946/1216 1088/1968/1231 1627/1943/1213
f 1373/1969/642 1627/1943/1213 1021/1970/1232
f 1373/1969/642 1242/1971/1233 1637/1946/1216
f 1638/1945/1215 1018/1972/1234 1370/1433/703
f 1229/1410/680 1370/1973/703 880/1974/1235
f 1021/1975/1232 1638/1976/1215 1229/1410/680
f 1639/1942/1212 841/1977/1236 1226/1364/634
f 1628/1944/1214 1226/1364/634 1018/1972/1234
f 1088/1968/1231 1639/1942/1212 1628/1944/1214
f 1640/1939/1209 1087/1978/1237 1623/1934/1204
f 1369/1979/633 1623/1980/1204 1017/1981/1238
f 835/1362/632 1640/1939/1209 1369/1363/633
f 1366/1982/1239 1624/1983/1205 1014/1461/731
f 879/1984/1240 1641/1985/1206 1366/1982/1239
f 1225/1986/707 1623/1987/1204 1641/1985/1206
f 1642/1931/1201 848/1988/1241 1222/1355/625
f 1624/1983/1205 1222/1355/625 1014/1461/731
f 1087/1978/1237 1642/1989/1201 1624/1935/1205
f 1619/1990/1242 1621/1930/1200 1086/1926/1196
f 1013/1464/734 1643/1928/1198 1619/1990/1242
f 1365/1354/624 1240/1991/1243 1643/1928/1198
f 1362/1992/1244 1620/1927/1197 1010/1488/758
f 878/1350/620 1644/1925/1195 1362/1992/1244
f 1221/1465/735 1619/1990/1242 1644/1925/1195
f 1218/1993/1245 1153/1924/1194 849/1347/617
f 1620/1927/1197 1218/1993/1245 1010/1488/758
f 1086/1926/1196 1645/1922/1192 1620/1927/1197
f 1615/1994/1246 1617/1995/1190 1085/1917/1187
f 1009/1996/761 1646/1997/1191 1615/1994/1246
f 1361/1345/615 1258/1919/1189 1646/1921/1191
f 1358/1998/1247 1616/1918/1188 1006/1515/785
f 877/1341/611 1647/1916/1186 1358/1998/1247
f 1217/1492/762 1615/1999/1246 1647/2000/1186
f 1214/2001/1248 1141/1915/1185 837/1338/608
f 1006/1515/785 1648/1913/1183 1214/2001/1248
f 1616/1918/1188 1614/2002/1249 1648/1913/1183
f 1611/2003/1250 1613/1912/1182 1084/1908/1178
f 1005/1518/788 1649/2004/1180 1611/2005/1250
f 1357/1336/606 1259/2006/1251 1649/2004/1180
f 1354/2007/1252 1612/1909/1179 1002/1542/812
f 876/2008/602 1650/1907/1177 1354/2007/1252
f 1213/2009/789 1611/2003/1250 1650/1907/1177
f 1210/2010/1253 1156/2011/1176 852/1329/599
f 1002/2012/812 1651/2013/1174 1210/2010/1253
f 1612/1909/1179 1610/2014/1254 1651/1904/1174
f 1652/1901/1171 1083/1899/1169 1607/2015/1255
f 1353/1326/596 1607/2015/1255 1001/1545/815
f 844/2016/1256 1652/1901/1171 1353/1326/596
f 1653/2017/1168 998/1569/839 1350/2018/1257
f 1209/2019/816 1350/2018/1257 875/1323/593
f 1209/1546/816 1607/2015/1255 1653/1898/1168
f 1206/2020/1258 1157/2021/1167 853/1320/590
f 1608/2022/1170 1206/2020/1258 998/1569/839
f 1608/1900/1170 1606/2023/1259 1654/1895/1165
f 1655/2024/1164 1082/2025/1160 1603/2026/1260
f 997/2027/842 1655/2024/1164 1603/2026/1260
f 854/1317/587 1655/1894/1164 1349/1318/588
f 1346/2028/1261 1604/1891/1161 994/2029/866
f 874/2030/1262 1656/2031/1159 1346/2032/1261
f 1205/1573/843 1603/2033/1260 1656/2031/1159
f 1657/1888/1158 836/2034/1263 1202/1310/580
f 1604/2035/1161 1202/2036/580 994/2037/866
f 1604/2038/1161 1602/1886/1156 1657/1888/1158
f 1658/2039/1155 1081/2040/1151 1599/2041/1264
f 1345/2042/578 1599/2041/1264 993/2043/869
f 855/2044/1265 1658/1885/1155 1345/1308/578
f 1342/2045/892 1600/2046/1152 990/2047/1266
f 873/2048/1267 1659/2049/1150 1342/2045/892
f 1201/2050/870 1599/2051/1264 1659/2052/1150
f 1660/1879/1149 856/2053/572 1198/2054/1268
f 990/2055/1266 1660/1879/1149 1198/2054/1268
f 1081/1881/1151 1660/1879/1149 1600/1882/1152
f 1661/2056/1146 1080/2057/1269 1595/1871/1141
f 1341/2058/570 1595/1871/1141 989/2059/1270
f 847/1299/569 1661/1876/1146 1341/1300/570
f 1338/1649/919 1596/1872/1142 986/2060/1271
f 872/2061/1272 1662/2062/1143 1338/2063/919
f 1197/2064/896 1595/1871/1141 1662/1873/1143
f 1663/1870/1140 857/2065/1273 1194/1292/562
f 1596/1872/1142 1194/1292/562 986/2060/1271
f 1080/2057/1269 1663/1870/1140 1596/1872/1142
f 1664/1867/1137 1079/2066/1274 1591/1862/1132
f 985/1653/923 1664/2067/1137 1591/2068/1132
f 858/2069/1275 1664/2067/1137 1337/1290/560
f 1334/2070/1276 1592/2071/1133 982/1677/947
f 1193/2072/924 1334/2070/1276 871/2073/1277
f 985/1653/923 1665/2074/1134 1193/1654/924
f 1190/1283/553 1133/2075/1130 829/2076/1278
f 982/1677/947 1666/2077/1131 1190/1283/553
f 1079/2066/1274 1666/2078/1131 1592/1863/1133
f 1587/2079/1123 1589/1857/1127 1078/2080/1279
f 1333/1281/551 1587/2079/1123 981/2081/950
f 859/2082/1280 1667/1858/1128 1333/1281/551
f 1668/1855/1125 978/2083/1281 1330/1703/973
f 870/2084/1282 1668/1855/1125 1330/1703/973
f 1189/1681/951 1587/1853/1123 1668/1855/1125
f 1669/2085/1122 860/2086/1283 1186/1274/544
f 1588/1854/1124 1186/1274/544 978/2083/1281
f 1588/1854/1124 1586/2087/1120 1669/2085/1122
f 1583/2088/1284 1585/1849/1119 1077/2089/1115
f 977/2090/977 1670/2091/1117 1583/2092/1284
f 1329/1273/543 1254/2093/1285 1670/1847/1117
f 1326/1730/1000 1584/1846/1116 974/2094/1286
f 869/2095/1287 1671/1844/1114 1326/1730/1000
f 1185/2096/978 1583/2092/1284 1671/2097/1114
f 1182/2098/1288 1165/1843/1113 861/1266/536
f 974/2094/1286 1672/1841/1111 1182/2098/1288
f 1584/1846/1116 1582/2099/1289 1672/1841/1111
f 1579/2100/1290 1581/1839/1109 1076/1836/1106
f 1325/1263/533 1579/2101/1290 973/1734/1004
f 862/2102/1291 1673/2103/1110 1325/1263/533
f 1322/2104/1292 1580/1837/1107 970/1758/1028
f 1181/1735/1005 1322/2105/1292 868/1260/530
f 1181/1735/1005 1579/2101/1290 1674/2106/1105
f 1675/1834/1104 833/1257/527 1178/2107/1293
f 1580/1837/1107 1178/2107/1293 970/1758/1028
f 1076/1836/1106 1675/1834/1104 1580/1837/1107
f 1676/1831/1101 1075/1827/1097 1575/2108/1294
f 1321/2109/524 1575/2108/1294 969/1761/1031
f 863/2110/1295 1676/1831/1101 1321/2109/524
f 1318/1784/1054 1576/1828/1098 966/2111/1296
f 1177/1762/1032 1318/1784/1054 867/2112/521
f 1177/1762/1032 1575/2108/1294 1677/1826/1096
f 1174/2113/1297 1168/1825/1095 864/1248/518
f 966/2111/1296 1678/1823/1093 1174/2113/1297
f 1576/1828/1098 1574/2114/1298 1678/1823/1093
f 1679/1822/1092 1074/1818/1088 1571/2115/1299
f 1317/1245/515 1571/2115/1299 965/1788/1058
f 840/2116/1300 1679/1822/1092 1317/1245/515
f 1314/1811/1081 1572/2117/1089 962/2118/1301
f 1173/2119/1059 1314/1811/1081 866/2120/1302
f 965/1788/1058 1680/1817/1087 1173/1789/1059
f 1170/1238/508 1169/2121/1086 865/2122/1303
f 962/2118/1301 1681/2123/1084 1170/1238/508
f 1572/1819/1089 1570/2124/1304 1681/1814/1084
f 1682/1813/1083 1073/2125/1305 1567/1808/1078
f 1316/1242/512 1567/1808/1078 964/2126/1306
f 866/2120/1302 1682/1813/1083 1316/1242/512
f 1683/1810/1080 919/2127/1307 1271/2128/1099
f 1172/1797/1067 1271/2128/1099 863/2129/1295
f 964/2126/1306 1683/1810/1080 1172/1797/1067
f 1684/1807/1077 825/2130/1308 1127/1232/502
f 1568/1809/1079 1127/1232/502 919/2127/1307
f 1073/2125/1305 1684/1807/1077 1568/1809/1079
f 1685/1804/1074 1072/1800/1070 1563/2131/1309
f 1257/2132/618 1563/2133/1309 905/1482/752
f 849/1347/617 1685/2134/1074 1257/1348/618
f 1311/2135/1310 1564/2136/1071 959/2137/1037
f 821/2138/1311 1686/2139/1069 1311/2135/1310
f 1113/1483/753 1563/2133/1309 1686/2139/1069
f 1687/1798/1068 863/2129/1295 1167/2140/523
f 959/2137/1037 1687/1798/1068 1167/2140/523
f 1072/1800/1070 1687/2141/1068 1564/1801/1071
f 1688/1795/1065 1071/1791/1061 1559/2142/1312
f 1297/1201/471 1559/2142/1312 945/1923/1193
f 807/1200/470 1688/1795/1065 1297/1201/471
f 1689/1790/1060 963/2143/1313 1315/2144/1072
f 1153/1924/1194 1315/2144/1072 849/1347/617
f 945/1923/1193 1689/1790/1060 1153/1924/1194
f 1690/1787/1057 866/2145/1302 1171/2146/511
f 1560/1792/1062 1171/2146/511 963/2143/1313
f 1071/1791/1061 1690/1787/1057 1560/1792/1062
f 1555/1781/1051 1557/1785/1055 1070/2147/1314
f 968/2148/1040 1691/1786/1056 1555/1781/1051
f 1320/2149/522 1318/1784/1054 1691/1786/1056
f 1254/2150/1285 1556/1782/1052 902/2151/1118
f 846/2152/542 1692/2153/1053 1254/2154/1285
f 1176/1771/1041 1555/2155/1051 1692/2153/1053
f 1110/2156/1315 1128/1779/1049 818/2157/497
f 1556/1782/1052 1110/2156/1315 902/2151/1118
f 1070/2147/1314 1693/1780/1050 1556/1782/1052
f 1551/2158/1316 1553/1777/1047 1069/1773/1043
f 893/1509/779 1694/1775/1045 1551/2158/1316
f 1245/1339/609 1319/2159/1317 1694/1775/1045
f 1294/2160/982 1552/1774/1044 942/2161/1318
f 809/2162/467 1695/1772/1042 1294/2160/982
f 1101/1510/780 1551/2158/1316 1695/1772/1042
f 1150/2163/1319 1176/1771/1041 846/2152/542
f 942/2161/1318 1696/1769/1039 1150/2163/1319
f 1552/1774/1044 1550/2164/1320 1696/1769/1039
f 1547/2165/1321 1549/2166/1038 1068/2167/1034
f 933/1914/1184 1697/2168/1036 1547/2165/1321
f 1285/1203/473 1311/2169/1310 1697/1766/1036
f 1319/2159/1317 1548/2170/1035 967/1776/1046
f 837/1338/608 1698/2171/1033 1319/2159/1317
f 1141/1915/1185 1547/2165/1321 1698/2171/1033
f 1175/2172/1322 1177/1762/1032 867/2112/521
f 967/2173/1046 1699/1760/1030 1175/2172/1322
f 1548/2174/1035 1546/2175/1323 1699/1760/1030
f 1543/2176/1324 1545/1759/1029 1067/1755/1025
f 972/1743/1013 1700/2177/1027 1543/2178/1324
f 1324/1261/531 1322/2105/1292 1700/2177/1027
f 1242/1971/1233 1544/1756/1026 890/1947/1217
f 834/1371/641 1701/2179/1024 1242/2180/1233
f 1180/1744/1014 1543/2178/1324 1701/2179/1024
f 1098/2181/1325 1097/1753/1023 808/1194/464
f 890/1947/1217 1702/1751/1021 1098/2181/1325
f 1544/1756/1026 1542/2182/1326 1702/1751/1021
f 1703/2183/1018 1066/1746/1016 1539/2184/1327
f 1272/2185/519 1539/2186/1327 920/2187/1328
f 1272/2185/519 1323/2188/1329 1703/1748/1018
f 1282/2189/1330 1540/1747/1017 930/2190/686
f 818/2157/497 1704/1745/1015 1282/2189/1330
f 1128/1779/1049 1539/2184/1327 1704/1745/1015
f 1138/2191/1331 1180/1744/1014 834/1371/641
f 930/2192/686 1705/1742/1012 1138/2191/1331
f 1540/2193/1017 1538/2194/1332 1705/1742/1012
f 1706/1741/1011 1065/1737/1007 1535/2195/1333
f 1312/2196/503 1535/2197/1333 960/1824/1094
f 825/2198/1308 1706/2199/1011 1312/2196/503
f 1323/2188/1329 1536/1738/1008 971/1749/1019
f 864/1248/518 1707/2200/1006 1323/2201/1329
f 1168/1825/1095 1535/2197/1333 1707/2200/1006
f 1708/1733/1003 868/1260/530 1179/2202/1334
f 1536/1738/1008 1179/2202/1334 971/1749/1019
f 1536/1738/1008 1534/2203/1335 1708/1733/1003
f 1709/1732/1002 1064/2204/1336 1531/2205/997
f 1328/1269/539 1531/2205/997 976/2206/1337
f 869/2095/1287 1709/1732/1002 1328/1269/539
f 1710/1729/999 915/2207/1338 1267/2208/1126
f 1184/2209/986 1267/2208/1126 859/2210/1280
f 976/2206/1337 1710/2211/999 1184/1716/986
f 1711/1726/996 824/2212/1339 1123/2213/493
f 1532/2214/998 1123/2213/493 915/2215/1338
f 1064/2204/1336 1711/1726/996 1532/2214/998
f 1527/1718/988 1529/1723/993 1063/2216/1340
f 904/1455/725 1712/1721/991 1527/1718/988
f 1256/1356/626 1327/2217/1341 1712/1721/991
f 1713/1720/990 955/2218/956 1307/2219/1342
f 820/2220/1343 1713/1720/990 1307/2219/1342
f 1112/1456/726 1527/1718/988 1713/1720/990
f 1714/1717/987 859/2221/1280 1163/2222/550
f 1528/1719/989 1163/2222/550 955/2218/956
f 1063/2216/1340 1714/1717/987 1528/1719/989
f 1715/2223/984 1062/2224/1344 1523/2225/979
f 1296/2226/468 1523/2225/979 944/1932/1202
f 809/1197/467 1715/1714/984 1296/1198/468
f 1716/1711/981 975/2227/992 1327/2228/1341
f 1152/1933/1203 1327/2217/1341 848/1988/1241
f 944/1932/1202 1716/2229/981 1152/1933/1203
f 1183/2230/538 1185/1708/978 869/2231/1287
f 975/2227/992 1717/1706/976 1183/2230/538
f 1524/1710/980 1522/2232/1345 1717/1706/976
f 1519/2233/1346 1521/1704/974 1061/1701/971
f 980/1689/959 1718/1705/975 1519/2233/1346
f 870/2084/1282 1718/1705/975 1332/1278/548
f 1719/1700/970 926/2234/1347 1134/2235/1348
f 830/2236/1349 1719/1700/970 1134/2235/1348
f 1188/1690/960 1519/2233/1346 1719/1700/970
f 1278/2237/1350 1124/1699/969 814/2238/1351
f 926/2234/1347 1720/1697/967 1278/2237/1350
f 1520/1702/972 1518/2239/1352 1720/1697/967
f 1721/1694/964 1060/1692/962 1515/2240/1353
f 892/2241/1354 1721/1694/964 1515/2240/1353
f 836/2034/1263 1721/1694/964 1244/1311/581
f 1094/2242/1355 1516/1693/963 886/2243/1356
f 805/2244/1357 1722/1691/961 1094/2242/1355
f 1100/1590/860 1515/2240/1353 1722/1691/961
f 1238/2245/1358 1188/2246/960 830/2247/1349
f 886/2243/1356 1723/1688/958 1238/2248/1358
f 1516/1693/963 1514/2249/1359 1723/1688/958
f 1511/2250/1360 1513/1687/957 1059/2251/953
f 932/2252/1361 1724/1685/955 1511/2250/1360
f 1284/1212/482 1307/2253/1342 1724/1685/955
f 1725/1682/952 979/1695/965 1331/2254/1362
f 1140/1887/1157 1331/2254/1362 836/2034/1263
f 932/2255/1361 1725/1682/952 1140/1887/1157
f 1187/1277/547 1189/1681/951 870/2084/1282
f 1512/1684/954 1187/1277/547 979/1695/965
f 1512/1684/954 1510/2256/1363 1726/1679/949
f 1507/2257/1364 1509/1678/948 1058/1674/944
f 1336/1287/557 1507/2257/1364 984/2258/1365
f 871/2073/1277 1727/1676/946 1336/1287/557
f 1146/2259/1366 1508/1675/945 938/2260/1367
f 1192/1662/932 1146/2259/1366 842/2261/1368
f 1192/1662/932 1507/2257/1364 1728/1673/943
f 1290/2262/1369 1093/1672/942 803/2263/1370
f 938/2260/1367 1729/1670/940 1290/2262/1369
f 1508/1675/945 1506/2264/1371 1729/1670/940
f 1503/1664/934 1505/1668/938 1057/2265/1372
f 916/1698/968 1730/1669/939 1503/1664/934
f 860/2086/1283 1730/1669/939 1268/1275/545
f 1106/2266/1373 1504/1665/935 898/2267/1374
f 814/2238/1351 1731/1666/936 1106/2266/1373
f 1124/1699/969 1503/1664/934 1731/1666/936
f 1732/1663/933 842/2261/1368 1250/2268/1375
f 1504/1665/935 1250/2268/1375 898/2267/1374
f 1057/2265/1372 1732/1663/933 1504/1665/935
f 1499/1655/925 1501/1659/929 1056/2269/1376
f 1308/2270/494 1499/2271/925 956/2272/1377
f 824/2212/1339 1733/1660/930 1308/2273/494
f 1734/2274/927 983/2275/1378 1335/1667/937
f 1164/2276/1121 1335/1667/937 860/2086/1283
f 956/2272/1377 1734/2277/927 1164/2278/1121
f 1735/1652/922 871/2279/1277 1191/2280/556
f 1500/1656/926 1191/2280/556 983/2281/1378
f 1500/2282/926 1498/2283/1379 1735/2284/922
f 1736/2285/921 1055/2286/1380 1495/1646/916
f 1340/1296/566 1495/1646/916 988/2287/1381
f 872/2061/1272 1736/2285/921 1340/1296/566
f 1737/1648/918 911/2288/1382 1263/1883/1153
f 1196/1635/905 1263/1883/1153 855/2044/1265
f 988/2287/1381 1737/1648/918 1196/1635/905
f 1738/1645/915 823/2289/485 1119/2290/1383
f 1496/2291/917 1119/2290/1383 911/2292/1382
f 1055/2293/1380 1738/1645/915 1496/2291/917
f 1491/1637/907 1493/1641/911 1054/2294/1384
f 927/2295/1385 1739/1642/912 1491/1637/907
f 831/2296/1386 1739/1642/912 1135/2297/1387
f 1740/1639/909 951/1605/875 1303/2298/1388
f 1279/2299/1389 1303/2298/1388 815/2300/1390
f 927/2295/1385 1740/1639/909 1279/2299/1389
f 1741/1636/906 855/2044/1265 1159/1307/577
f 1492/1638/908 1159/1307/577 951/1605/875
f 1054/2294/1384 1741/1636/906 1492/1638/908
f 1487/2301/1391 1489/1633/903 1053/1629/899
f 887/2302/1392 1742/1631/901 1487/2301/1391
f 1095/2303/1393 1295/2304/1394 1742/1631/901
f 1339/1640/910 1488/1630/900 987/2305/1395
f 831/2296/1386 1743/1628/898 1339/1640/910
f 1239/2306/1396 1487/2301/1391 1743/1628/898
f 1195/1295/565 1197/1626/896 872/2061/1272
f 987/2305/1395 1744/1627/897 1195/1295/565
f 1053/1629/899 1744/1627/897 1488/1630/900
f 1745/1624/894 1052/2307/1397 1483/1619/889
f 992/1608/878 1745/1624/894 1483/1619/889
f 1344/1305/575 1342/1622/892 1745/1624/894
f 1746/1621/891 922/2308/1398 1130/2309/1399
f 1200/1609/879 1130/2309/1399 826/2310/1400
f 992/1608/878 1746/1621/891 1200/1609/879
f 1747/1618/888 810/2311/1401 1274/2312/1402
f 922/2308/1398 1747/1618/888 1274/2312/1402
f 1052/2307/1397 1747/1618/888 1484/1620/890
f 1479/2313/1403 1481/1614/884 1051/1611/881
f 939/2314/1404 1748/1615/885 1479/2313/1403
f 1147/2315/1405 1343/1613/883 1748/1615/885
f 1090/2316/1406 1480/1612/882 882/2317/1407
f 801/2318/1408 1749/1610/880 1090/2316/1406
f 1291/2319/1409 1479/2313/1403 1749/1610/880
f 1750/1607/877 826/2310/1400 1234/2320/1410
f 882/2317/1407 1750/1607/877 1234/2320/1410
f 1480/1612/882 1478/2321/1411 1750/1607/877
f 1475/2322/1412 1477/1606/876 1050/1602/872
f 899/2323/1413 1751/1604/874 1475/2322/1412
f 1107/2324/1414 1303/2298/1388 1751/1604/874
f 1343/1613/883 1476/2325/873 991/2326/1415
f 843/2327/1416 1752/2328/871 1343/1613/883
f 1251/2329/1417 1475/2322/1412 1752/1601/871
f 1199/2330/574 1201/1600/870 873/2048/1267
f 991/2326/1415 1753/2331/868 1199/1304/574
f 1476/1603/873 1474/2332/1418 1753/1598/868
f 1471/2333/1419 1473/1597/867 1049/2334/863
f 1348/2335/584 1471/2333/1419 996/2336/1420
f 874/2337/1262 1754/2338/865 1348/2339/584
f 1142/2340/1421 1472/1594/864 934/2341/1422
f 1204/2342/851 1142/2340/1421 838/2343/1423
f 1204/2342/851 1471/2344/1419 1755/1592/862
f 1756/1591/861 805/2244/1357 1286/2345/1424
f 934/2341/1422 1756/2346/861 1286/2347/1424
f 1472/1594/864 1470/2348/859 1756/2346/861
f 1467/1583/853 1469/1588/858 1048/2349/1425
f 912/2350/1426 1757/1586/856 1467/1583/853
f 1264/2351/573 1347/2352/1427 1757/2353/856
f 1758/1585/855 894/2354/1428 1102/2355/1429
f 1120/1617/887 1102/2355/1429 810/2311/1401
f 912/2350/1426 1758/1585/855 1120/1617/887
f 1759/2356/852 838/2343/1423 1246/2357/1430
f 1468/2358/854 1246/2357/1430 894/2359/1428
f 1048/2360/1425 1759/2361/852 1468/2362/854
f 1463/2363/1431 1465/1579/849 1047/2364/845
f 952/2365/1432 1760/1577/847 1463/2363/1431
f 1304/1216/486 1302/2366/1433 1760/1577/847
f 1761/1574/844 995/1587/857 1347/2367/1427
f 1160/1878/1148 1347/2367/1427 856/2053/572
f 952/2368/1432 1761/1574/844 1160/1878/1148
f 1762/1571/841 874/2030/1262 1203/1313/583
f 1464/1576/846 1203/1313/583 995/1587/857
f 1464/1576/846 1462/2369/1434 1762/1571/841
f 1459/2370/1435 1461/1570/840 1046/1566/836
f 1000/1554/824 1763/1568/838 1459/2370/1435
f 1352/1324/594 1350/2018/1257 1763/1568/838
f 1259/2006/1251 1460/1567/837 907/2371/1181
f 851/1335/605 1764/1565/835 1259/2006/1251
f 1208/1555/825 1459/2370/1435 1764/1565/835
f 1115/2372/1436 1117/2373/834 822/1206/476
f 907/1911/1181 1765/2374/832 1115/2372/1436
f 1460/2375/837 1458/2376/1437 1765/2374/832
f 1455/2377/1438 1457/1561/831 1045/2378/827
f 923/2379/1439 1766/1559/829 1455/2377/1438
f 1131/2380/1440 1351/2381/1441 1766/1559/829
f 1299/2382/1442 1456/1558/828 947/1524/794
f 811/2383/1443 1767/2384/826 1299/2385/1442
f 1275/2386/1444 1455/2377/1438 1767/2384/826
f 1155/2387/1445 1208/1555/825 851/1335/605
f 947/1524/794 1768/1553/823 1155/2387/1445
f 1456/1558/828 1454/2388/1446 1768/1553/823
f 1451/2389/1447 1453/1552/822 1044/1548/818
f 883/2390/1448 1769/1550/820 1451/2389/1447
f 1091/2391/1449 1292/2392/1450 1769/1550/820
f 1770/2393/817 999/1560/830 1351/2381/1441
f 827/2394/1451 1770/2393/817 1351/2381/1441
f 1235/2395/1452 1451/2389/1447 1770/1547/817
f 1207/2396/1453 1209/2019/816 875/1323/593
f 999/2397/830 1771/2398/814 1207/2396/1453
f 1452/1549/819 1450/2399/1454 1771/1544/814
f 1447/2400/1455 1449/2401/813 1043/1539/809
f 1004/1527/797 1772/2402/811 1447/2400/1455
f 1356/2403/603 1354/2007/1252 1772/1541/811
f 1255/2404/1144 1448/1540/810 903/2405/1456
f 847/2406/569 1773/1538/808 1255/2404/1144
f 1212/1528/798 1447/2400/1455 1773/1538/808
f 1111/2407/487 1116/2408/807 819/2409/1457
f 903/2405/1456 1774/1535/805 1111/2410/487
f 1448/1540/810 1446/2411/1458 1774/1535/805
f 1775/1532/802 1042/1530/800 1443/2412/1459
f 1143/2413/1460 1443/2412/1459 935/2414/1461
f 1143/2413/1460 1355/2415/1462 1775/1532/802
f 1776/1529/799 943/1632/902 1295/2304/1394
f 1287/2416/1463 1295/2304/1394 806/2417/1464
f 1287/2416/1463 1443/2412/1459 1776/1529/799
f 1151/2418/1465 1212/1528/798 847/2406/569
f 1444/2419/801 1151/2418/1465 943/2420/902
f 1444/1531/801 1442/2421/1466 1777/2422/796
f 1439/2423/1467 1441/1525/795 1041/1521/791
f 895/2424/1468 1778/1523/793 1439/2423/1467
f 1103/2425/1469 1299/2385/1442 1778/2426/793
f 1355/2415/1462 1440/1522/792 1003/1533/803
f 839/2427/1470 1779/1520/790 1355/2415/1462
f 1247/2428/1471 1439/2423/1467 1779/1520/790
f 1211/2429/1472 1213/1519/789 876/1332/602
f 1003/1533/803 1780/1517/787 1211/2429/1472
f 1440/1522/792 1438/2430/1473 1780/1517/787
f 1435/2431/1474 1437/1516/786 1040/1512/782
f 1008/1500/770 1781/1514/784 1435/2431/1474
f 1360/1342/612 1358/1998/1247 1781/1514/784
f 1243/2432/1207 1436/1513/783 891/2433/1475
f 835/2434/632 1782/1511/781 1243/2432/1207
f 1216/1501/771 1435/2431/1474 1782/1511/781
f 1099/2435/1476 1101/1510/780 809/2162/467
f 891/2433/1475 1783/1508/778 1099/2435/1476
f 1436/1513/783 1434/2436/1477 1783/1508/778
f 1431/2437/1478 1433/1507/777 1039/1503/773
f 908/1536/806 1784/1505/775 1431/2437/1478
f 1260/1330/600 1359/2438/1479 1784/1505/775
f 1283/2439/712 1432/2440/774 931/2441/1480
f 819/2409/1457 1785/2442/772 1283/2439/712
f 1116/1537/807 1431/2437/1478 1785/1502/772
f 1139/2443/1481 1216/1501/771 835/2434/632
f 931/2444/1480 1786/1499/769 1139/2443/1481
f 1432/2445/774 1430/2446/1482 1786/1499/769
f 1427/2447/1483 1429/2448/768 1038/1494/764
f 948/1905/1175 1787/2449/766 1427/2447/1483
f 1300/1207/477 1298/2450/1484 1787/2449/766
f 1359/2451/1479 1428/1495/765 1007/2452/776
f 852/1329/599 1788/2453/763 1359/2438/1479
f 1156/1906/1176 1427/2447/1483 1788/1493/763
f 1215/2454/1485 1217/1492/762 877/2455/611
f 1007/2452/776 1789/1490/760 1215/2454/1485
f 1038/1494/764 1789/1490/760 1428/1495/765
f 1423/2456/1486 1425/1489/759 1037/2457/755
f 1012/2458/743 1790/1487/757 1423/2456/1486
f 1364/1351/621 1362/1992/1244 1790/1487/757
f 1258/2459/1189 1424/1486/756 906/2460/1487
f 850/1344/614 1791/2461/754 1258/1919/1189
f 1220/1474/744 1423/2462/1486 1791/1484/754
f 1114/2463/472 1113/1483/753 821/2138/1311
f 1424/2464/756 1114/2463/472 906/2465/1487
f 1424/1486/756 1422/2466/1488 1792/2467/751
f 1419/2468/1489 1421/2469/750 1036/1476/746
f 909/1563/833 1793/1478/748 1419/2470/1489
f 1261/1321/591 1363/2471/1490 1793/1478/748
f 1298/2472/1484 1420/1477/747 946/1497/767
f 822/2473/476 1794/1475/745 1298/2472/1484
f 1117/2474/834 1419/2468/1489 1794/1475/745
f 1154/2475/1491 1220/2476/744 850/1344/614
f 946/1497/767 1795/2477/742 1154/2475/1491
f 1420/1477/747 1418/2478/1492 1795/2477/742
f 1796/1469/739 1035/1467/737 1415/2479/1493
f 1301/1210/480 1415/2479/1493 949/1896/1166
f 1301/1210/480 1280/2480/1494 1796/1469/739
f 1363/2471/1490 1416/2481/738 1011/1479/749
f 853/1320/590 1797/2482/736 1363/2471/1490
f 1157/1897/1167 1415/2479/1493 1797/1466/736
f 1219/2483/1495 1221/1465/735 878/1350/620
f 1011/2484/749 1798/1463/733 1219/2483/1495
f 1035/1467/737 1798/1463/733 1416/1468/738
f 1799/1460/730 1034/2485/1496 1411/1457/727
f 1016/2486/1497 1799/1460/730 1411/1457/727
f 1368/2487/629 1366/1982/1239 1799/1460/730
f 1800/1459/729 910/2488/1498 1262/2489/1162
f 1224/2490/716 1262/2489/1162 854/2491/587
f 1016/2486/1497 1800/1459/729 1224/2490/716
f 1801/1454/724 820/2220/1343 1118/2492/481
f 1412/1458/728 1118/2492/481 910/2488/1498
f 1034/2485/1496 1801/1454/724 1412/1458/728
f 1407/2493/1499 1409/1453/723 1033/1449/719
f 913/2494/1500 1802/1451/721 1407/2493/1499
f 1265/1293/563 1367/2495/1501 1802/1451/721
f 1302/2496/1433 1408/1450/720 950/2497/848
f 1121/1644/914 1302/2496/1433 823/2289/485
f 913/2494/1500 1803/1448/718 1121/1644/914
f 1158/2498/1502 1224/2499/716 854/2500/587
f 950/2497/848 1804/1447/717 1158/2501/1502
f 1408/1450/720 1406/1445/715 1804/1447/717
f 1805/2502/714 1032/2503/1503 1403/1439/709
f 1305/2504/488 1403/1439/709 953/2505/1504
f 819/2506/1457 1805/1444/714 1305/1218/488
f 1367/2495/1501 1404/1440/710 1015/1452/722
f 857/2065/1273 1806/1441/711 1367/2495/1501
f 1161/1869/1139 1403/1439/709 1806/1441/711
f 1807/1438/708 879/2507/1240 1223/1358/628
f 1015/1452/722 1807/1438/708 1223/1358/628
f 1404/1440/710 1402/1436/706 1807/1438/708
f 1808/1435/705 1031/2508/1505 1399/1430/700
f 1372/1368/638 1399/2509/700 1020/2510/1506
f 880/1974/1235 1808/2511/705 1372/1368/638
f 1809/1432/702 914/2512/1507 1266/1865/1135
f 1228/1419/689 1266/2513/1135 858/2069/1275
f 1020/2510/1506 1809/2514/702 1228/1419/689
f 1810/1429/699 813/2515/1508 1122/1220/490
f 1400/1431/701 1122/1220/490 914/2512/1507
f 1031/2508/1505 1810/1429/699 1400/1431/701
f 1811/1426/696 1030/2516/1509 1395/1421/691
f 1269/1267/537 1395/1421/691 917/2517/1510
f 861/1266/536 1811/1426/696 1269/1267/537
f 1812/1423/693 954/2518/1511 1306/1658/928
f 1125/1725/995 1306/1658/928 824/2212/1339
f 917/2517/1510 1812/1423/693 1125/1725/995
f 1813/1420/690 858/2069/1275 1162/1289/559
f 1396/1422/692 1162/1289/559 954/2518/1511
f 1030/2516/1509 1813/1420/690 1396/1422/692
f 1391/2519/1512 1393/2520/687 1029/1413/683
f 957/1842/1112 1814/2521/685 1391/2519/1512
f 1309/1228/498 1282/2522/1330 1814/1415/685
f 1815/1412/682 1019/2523/1513 1371/1424/694
f 1165/1843/1113 1371/1424/694 861/1266/536
f 1165/1843/1113 1391/2519/1512 1815/1412/682
f 1816/1411/681 880/1974/1235 1227/1367/637
f 1392/1414/684 1227/1367/637 1019/2523/1513
f 1029/1413/683 1816/1411/681 1392/1414/684
f 1387/1403/673 1389/1408/678 1028/2524/1514
f 1024/2525/1515 1817/2526/676 1387/2527/673
f 1376/1378/648 1374/1962/1229 1817/2526/676
f 1818/1405/675 918/2528/1516 1270/1838/1108
f 862/2102/1291 1818/2529/675 1270/2530/1108
f 1024/2525/1515 1818/2529/675 1232/1392/662
f 1819/1402/672 817/2531/1517 1126/1229/499
f 1388/1404/674 1126/1229/499 918/2528/1516
f 1028/2524/1514 1819/1402/672 1388/1404/674
f 1383/1394/664 1385/1398/668 1027/2532/1518
f 921/2533/1519 1820/1399/669 1383/1394/664
f 865/2122/1303 1820/1399/669 1273/1239/509
f 1821/1396/666 958/2534/1520 1310/1739/1009
f 1129/1806/1076 1310/1739/1009 825/2130/1308
f 921/2533/1519 1821/1396/666 1129/1806/1076
f 1166/1262/532 1232/1392/662 862/2102/1291
f 1384/1395/665 1166/1262/532 958/2534/1520
f 1027/2532/1518 1822/1393/663 1384/1395/665
f 1379/2535/1521 1381/1390/660 1026/1386/656
f 1313/1236/506 1379/2535/1521 961/1815/1085
f 1313/1236/506 1276/2536/1522 1823/1388/658
f 1375/1397/667 1380/2537/657 1023/2538/1523
f 865/2122/1303 1824/2539/655 1375/1397/667
f 1169/1816/1086 1379/2535/1521 1824/1385/655
f 1231/2540/1524 1233/2541/654 881/1377/647
f 1023/2538/1523 1825/2542/652 1231/2540/1524
f 1380/1387/657 1378/2543/1525 1825/1382/652
f 1378/2543/1525 1377/1381/651 1025/1383/653
f 1026/1386/656 1826/1379/649 1378/2543/1525
f 1381/1390/660 1132/2544/1526 1826/1379/649
f 1382/1391/661 1376/1378/648 1024/2525/1515
f 1027/2532/1518 1827/1376/646 1382/1391/661
f 1385/1398/668 1231/2540/1524 1827/1376/646
f 1386/1400/670 1253/2545/645 901/2546/1527
f 1028/2524/1514 1828/2547/643 1386/1400/670
f 1389/1408/678 1230/1967/1230 1828/2547/643
f 1829/1370/640 1021/1975/1232 1390/1409/679
f 1393/2520/687 1390/1409/679 1029/1413/683
f 1393/2520/687 1138/2191/1331 1829/1370/640
f 1830/1369/639 1020/2510/1506 1394/1418/688
f 1397/1425/695 1394/1418/688 1030/2516/1509
f 1019/2523/1513 1830/1369/639 1397/1425/695
f 1831/1366/636 897/2548/1528 1398/1427/697
f 1401/1434/704 1398/1427/697 1031/2508/1505
f 1018/1972/1234 1831/1366/636 1401/1434/704
f 1832/2549/631 1017/1981/1238 1402/1436/706
f 1032/2503/1503 1832/2549/631 1402/1436/706
f 1405/1443/713 1139/2550/1481 1832/1361/631
f 1833/1360/630 1016/2551/1497 1406/1445/715
f 1033/1449/719 1833/1360/630 1406/1445/715
f 1409/1453/723 1223/1358/628 1833/1360/630
f 1834/1357/627 904/1455/725 1410/2552/1529
f 1413/1462/732 1410/2552/1529 1034/2485/1496
f 1014/1461/731 1834/1357/627 1413/1462/732
f 1414/2553/1530 1365/1354/624 1013/1464/734
f 1417/1471/741 1414/2553/1530 1035/1467/737
f 1417/1471/741 1136/2554/1531 1835/1352/622
f 1418/2478/1492 1364/1351/621 1012/2458/743
f 1036/1476/746 1836/1349/619 1418/2478/1492
f 1421/2469/750 1219/2483/1495 1836/1349/619
f 1422/2555/1488 1257/2132/618 905/1482/752
f 1037/2556/755 1837/2557/616 1422/2555/1488
f 1425/1489/759 1218/1993/1245 1837/1346/616
f 1426/2558/1532 1361/1345/615 1009/2559/761
f 1038/1494/764 1838/2560/613 1426/2561/1532
f 1429/1498/768 1154/2475/1491 1838/1343/613
f 1430/2446/1482 1360/1342/612 1008/1500/770
f 1039/2562/773 1839/1340/610 1430/2446/1482
f 1433/2563/777 1215/2454/1485 1839/2564/610
f 1434/2436/1477 1245/1339/609 893/1509/779
f 1040/1512/782 1840/1337/607 1434/2436/1477
f 1437/1516/786 1214/2001/1248 1840/1337/607
f 1438/2430/1473 1357/1336/606 1005/1518/788
f 1041/1521/791 1841/1334/604 1438/2430/1473
f 1441/1525/795 1155/2387/1445 1841/1334/604
f 1442/2421/1466 1356/1333/603 1004/2565/797
f 1445/1534/804 1442/2421/1466 1042/1530/800
f 1445/1534/804 1211/2429/1472 1842/1331/601
f 1446/2411/1458 1260/1330/600 908/1536/806
f 1043/1539/809 1843/1328/598 1446/2411/1458
f 1449/2401/813 1210/2010/1253 1843/1328/598
f 1844/1327/597 1001/1545/815 1450/2399/1454
f 1044/1548/818 1844/1327/597 1450/2399/1454
f 1453/1552/822 1148/1325/595 1844/1327/597
f 1454/2388/1446 1352/1324/594 1000/1554/824
f 1045/1557/827 1845/1322/592 1454/2388/1446
f 1457/2566/831 1207/2396/1453 1845/1322/592
f 1458/2567/1437 1261/1321/591 909/1563/833
f 1046/1566/836 1846/1319/589 1458/2567/1437
f 1461/1570/840 1206/2020/1258 1846/1319/589
f 1462/2568/1434 1349/1318/588 997/2569/842
f 1047/2364/845 1847/1316/586 1462/2568/1434
f 1465/1579/849 1158/2570/1502 1847/1316/586
f 1466/1580/850 1348/1314/584 996/2571/1420
f 1048/2572/1425 1848/2573/585 1466/2574/850
f 1469/1588/858 1203/1313/583 1848/1315/585
f 1849/1312/582 892/2241/1354 1470/1589/859
f 1049/2575/863 1849/2576/582 1470/2577/859
f 994/2037/866 1849/2578/582 1473/2579/867
f 1474/2332/1418 1345/1308/578 993/1599/869
f 1050/1602/872 1850/1309/579 1474/2332/1418
f 951/1605/875 1850/1309/579 1477/1606/876
f 1851/1306/576 992/1608/878 1478/2321/1411
f 1481/1614/884 1478/2321/1411 1051/1611/881
f 991/2326/1415 1851/1306/576 1481/1614/884
f 1482/1616/886 1264/2580/573 912/2350/1426
f 1485/1623/893 1482/1616/886 1052/2307/1397
f 1485/1623/893 1198/2054/1268 1852/2581/571
f 1486/1625/895 1341/2582/570 989/2583/1270
f 1053/1629/899 1853/2584/568 1486/1625/895
f 1489/2585/903 1151/2586/1465 1853/2587/568
f 1854/1297/567 988/2287/1381 1490/1634/904
f 1054/2294/1384 1854/1297/567 1490/1634/904
f 987/2305/1395 1854/1297/567 1493/1641/911
f 1855/1294/564 913/2494/1500 1494/1643/913
f 1497/1650/920 1494/1643/913 1055/2293/1380
f 986/2060/1271 1855/1294/564 1497/1650/920
f 1856/1291/561 985/1653/923 1498/2588/1379
f 1056/2269/1376 1856/1291/561 1498/2588/1379
f 954/2518/1511 1856/1291/561 1501/1659/929
f 1857/1288/558 984/2258/1365 1502/1661/931
f 1057/2265/1372 1857/1288/558 1502/1661/931
f 983/2275/1378 1857/1288/558 1505/1668/938
f 1506/2264/1371 1237/1284/554 885/1671/941
f 1058/1674/944 1858/1285/555 1506/2264/1371
f 982/1677/947 1858/1285/555 1509/1678/948
f 1859/2589/552 981/2590/950 1510/2591/1363
f 1513/2592/957 1510/2593/1363 1059/2594/953
f 955/1686/956 1859/1282/552 1513/1687/957
f 1860/1279/549 980/1689/959 1514/2249/1359
f 1517/1696/966 1514/2249/1359 1060/1692/962
f 979/1695/965 1860/1279/549 1517/1696/966
f 1518/2239/1352 1268/1275/545 916/1698/968
f 1061/1701/971 1861/1276/546 1518/2239/1352
f 978/2083/1281 1861/1276/546 1521/1704/974
f 1522/2595/1345 1329/2596/543 977/2090/977
f 1062/2224/1344 1862/2597/541 1522/2598/1345
f 1525/1713/983 1150/2599/1319 1862/1271/541
f 1863/1270/540 976/2206/1337 1526/1715/985
f 1529/1723/993 1526/1715/985 1063/2216/1340
f 1529/1723/993 1183/1268/538 1863/1270/540
f 1864/1265/535 917/2517/1510 1530/1724/994
f 1064/2204/1336 1864/1265/535 1530/1724/994
f 974/2094/1286 1864/1265/535 1533/1731/1001
f 1865/1264/534 973/1734/1004 1534/2203/1335
f 1537/1740/1010 1534/2203/1335 1065/1737/1007
f 958/2534/1520 1865/1264/534 1537/1740/1010
f 1538/2194/1332 1324/1261/531 972/1743/1013
f 1066/2600/1016 1866/1259/529 1538/2194/1332
f 1541/1750/1020 1179/2202/1334 1866/1259/529
f 1542/2182/1326 1241/1258/528 889/1752/1022
f 1067/1755/1025 1867/1256/526 1542/2182/1326
f 1545/1759/1029 1178/2107/1293 1867/1256/526
f 1868/2601/525 969/1761/1031 1546/2175/1323
f 1549/2602/1038 1546/2175/1323 1068/2603/1034
f 959/1767/1037 1868/1255/525 1549/1768/1038
f 1550/2164/1320 1320/1252/522 968/1770/1040
f 1069/1773/1043 1869/1250/520 1550/2164/1320
f 1553/1777/1047 1175/2604/1322 1869/1250/520
f 1870/1247/517 920/2605/1328 1554/1778/1048
f 1557/1785/1055 1554/1778/1048 1070/2147/1314
f 966/2111/1296 1870/1247/517 1557/1785/1055
f 1871/1246/516 965/1788/1058 1558/2606/1533
f 1561/1794/1064 1558/2606/1533 1071/1791/1061
f 936/2607/1534 1871/1246/516 1561/1794/1064
f 1872/2608/513 964/2609/1306 1562/2610/1066
f 1565/1803/1073 1562/2610/1066 1072/1800/1070
f 963/2143/1313 1872/2611/513 1565/2612/1073
f 1566/1805/1075 1273/1239/509 921/2533/1519
f 1569/1812/1082 1566/1805/1075 1073/2125/1305
f 962/2118/1301 1873/1240/510 1569/1812/1082
f 1570/2124/1304 1313/1236/506 961/1815/1085
f 1074/1818/1088 1874/1237/507 1570/2124/1304
f 896/2613/1535 1874/1237/507 1573/1821/1091
f 1875/1234/504 960/2614/1094 1574/2615/1298
f 1577/1830/1100 1574/2114/1298 1075/1827/1097
f 919/2616/1307 1875/2617/504 1577/1830/1100
f 1876/1231/501 929/2618/1536 1578/1832/1102
f 1076/1836/1106 1876/1231/501 1578/1832/1102
f 918/2528/1516 1876/1231/501 1581/1839/1109
f 1582/2619/1289 1309/2620/498 957/2621/1112
f 1077/2089/1115 1877/1226/496 1582/2622/1289
f 1585/1849/1119 1110/2623/1315 1877/1226/496
f 1586/2624/1120 1308/1224/494 956/2625/1377
f 1078/2080/1279 1878/1225/495 1586/2624/1120
f 915/2626/1338 1878/1225/495 1589/1857/1127
f 1879/1222/492 925/2627/1537 1590/2628/1129
f 1593/1866/1136 1590/2628/1129 1079/2066/1274
f 914/2512/1507 1879/1222/492 1593/1866/1136
f 1880/2629/489 953/2505/1504 1594/1868/1138
f 1597/2630/1145 1594/1868/1138 1080/2057/1269
f 903/2631/1456 1880/1219/489 1597/1875/1145
f 1598/2632/1147 1304/1216/486 952/2365/1432
f 1081/2040/1151 1881/1214/484 1598/2632/1147
f 1601/2633/1154 1119/2634/1383 1881/1214/484
f 1602/2635/1156 1284/1212/482 932/2252/1361
f 1082/2025/1160 1882/2636/483 1602/2637/1156
f 910/2638/1498 1882/1213/483 1605/1893/1163
f 1883/1208/478 949/1896/1166 1606/2023/1259
f 1609/1903/1173 1606/2023/1259 1083/1899/1169
f 900/1902/1172 1883/1208/478 1609/1903/1173
f 1610/2014/1254 1300/1207/477 948/1905/1175
f 1084/1908/1178 1884/1205/475 1610/2014/1254
f 1613/1912/1182 1115/2372/1436 1884/1205/475
f 1614/2002/1249 1285/2639/473 933/1914/1184
f 1085/1917/1187 1885/2640/474 1614/2002/1249
f 906/2641/1487 1885/1204/474 1617/1920/1190
f 1886/1199/469 945/1923/1193 1618/2642/1538
f 1086/1926/1196 1886/1199/469 1618/2642/1538
f 888/2643/1199 1886/2644/469 1621/2645/1200
f 1622/2646/1539 1296/1198/468 944/2647/1202
f 1087/1978/1237 1887/1196/466 1622/2646/1539
f 1625/1938/1208 1099/2648/1476 1887/1196/466
f 1888/1193/463 937/2649/1540 1626/1940/1210
f 1629/1948/1218 1626/1940/1210 1088/1968/1231
f 1629/1948/1218 1098/2181/1325 1888/1193/463
f 1630/1949/1219 1293/1191/461 941/2650/1541
f 1633/1956/1226 1630/1949/1219 1089/1958/1228
f 884/2651/1542 1889/1192/462 1633/1956/1226
f 1092/1190/460 804/2973/1579 1293/1191/461
f 1888/1193/463 1098/2181/1325 808/1194/464
f 1887/1196/466 1099/2648/1476 809/1197/467
f 1886/1199/469 1096/2974/1580 807/1200/470
f 1114/1202/472 821/2975/1311 1285/1203/473
f 1884/1205/475 1115/2372/1436 822/1206/476
f 1883/1208/478 1108/2976/1581 816/1209/479
f 1118/1211/481 820/2977/1343 1284/1212/482
f 1881/1214/484 1119/2634/1383 823/1215/485
f 1111/1217/487 819/2506/1457 1305/1218/488
f 1122/1220/490 813/2515/1508 1277/1221/491
f 1123/1223/493 824/2978/1339 1308/1224/494
f 1877/1226/496 1110/2623/1315 818/1227/497
f 1126/1229/499 817/2531/1517 1281/1230/500
f 1127/1232/502 825/2130/1308 1312/1233/503
f 1104/1235/505 812/2979/1582 1313/1236/506
f 1170/1238/508 865/2122/1303 1273/1239/509
f 1171/1241/511 866/2120/1302 1316/1242/512
f 1144/1244/514 840/2116/1300 1317/1245/515
f 1870/1247/517 1174/2113/1297 864/1248/518
f 1869/1250/520 1175/2604/1322 867/1251/521
f 1167/1253/523 863/2980/1295 1321/1254/524
f 1867/1256/526 1178/2107/1293 833/1257/527
f 1866/1259/529 1179/2202/1334 868/1260/530
f 1166/1262/532 862/2102/1291 1325/1263/533
f 1864/1265/535 1182/2098/1288 861/1266/536
f 1183/1268/538 869/2095/1287 1328/1269/539
f 1862/1271/541 1150/2599/1319 846/1272/542
f 1186/1274/544 860/2086/1283 1268/1275/545
f 1187/1277/547 870/2084/1282 1332/1278/548
f 1163/1280/550 859/2082/1280 1333/1281/551
f 1190/1283/553 829/2076/1278 1237/1284/554
f 1191/1286/556 871/2073/1277 1336/1287/557
f 1162/1289/559 858/2069/1275 1337/1290/560
f 1194/1292/562 857/2065/1273 1265/1293/563
f 1195/1295/565 872/2061/1272 1340/1296/566
f 1853/1298/568 1151/2981/1465 847/1299/569
f 1852/1301/571 1198/2982/1268 856/1302/572
f 1199/1304/574 873/2983/1267 1344/1305/575
f 1159/1307/577 855/2044/1265 1345/1308/578
f 1202/1310/580 836/2034/1263 1244/1311/581
f 1203/1313/583 874/2030/1262 1348/1314/584
f 1847/1316/586 1158/2570/1502 854/1317/587
f 1846/1319/589 1206/2020/1258 853/1320/590
f 1845/1322/592 1207/2396/1453 875/1323/593
f 1148/1325/595 844/2016/1256 1353/1326/596
f 1843/1328/598 1210/2010/1253 852/1329/599
f 1842/1331/601 1211/2429/1472 876/1332/602
f 1841/1334/604 1155/2387/1445 851/1335/605
f 1840/1337/607 1214/2001/1248 837/1338/608
f 1839/1340/610 1215/2984/1485 877/1341/611
f 1838/1343/613 1154/2475/1491 850/1344/614
f 1837/1346/616 1218/1993/1245 849/1347/617
f 1836/1349/619 1219/2483/1495 878/1350/620
f 1835/1352/622 1136/2554/1531 832/1353/623
f 1222/1355/625 848/1988/1241 1256/1356/626
f 1223/1358/628 879/2507/1240 1368/1359/629
f 1832/1361/631 1139/2550/1481 835/1362/632
f 1226/1364/634 841/1977/1236 1249/1365/635
f 1227/1367/637 880/1974/1235 1372/1368/638
f 1829/1370/640 1138/2191/1331 834/1371/641
f 1828/1373/643 1230/2985/1230 845/1374/644
f 1827/1376/646 1231/2540/1524 881/1377/647
f 1826/1379/649 1132/2544/1526 828/1380/650
f 1825/1382/652 1378/2543/1525 1025/1383/653
f 1824/1385/655 1379/2535/1521 1026/1386/656
f 1823/1388/658 1276/2536/1522 924/1389/659
f 1382/1391/661 1024/2525/1515 1232/1392/662
f 1383/1394/664 1027/2532/1518 1384/1395/665
f 1375/1397/667 1023/2538/1523 1385/1398/668
f 1386/1400/670 901/2546/1527 1109/1401/671
f 1387/1403/673 1028/2524/1514 1388/1404/674
f 1817/1406/676 1374/1959/1229 1022/1407/677
f 1390/1409/679 1021/1975/1232 1229/1410/680
f 1815/1412/682 1391/2519/1512 1029/1413/683
f 1814/1415/685 1282/2522/1330 930/1416/686
f 1394/1418/688 1020/2510/1506 1228/1419/689
f 1395/1421/691 1030/2516/1509 1396/1422/692
f 1371/1424/694 1019/2523/1513 1397/1425/695
f 1398/1427/697 897/2548/1528 1105/1428/698
f 1399/1430/700 1031/2508/1505 1400/1431/701
f 1370/1433/703 1018/1972/1234 1401/1434/704
f 1402/1436/706 1017/1981/1238 1225/1437/707
f 1403/1439/709 1032/2503/1503 1404/1440/710
f 1283/1442/712 931/2986/1480 1405/1443/713
f 1406/1445/715 1016/2551/1497 1224/1446/716
f 1803/1448/718 1407/2493/1499 1033/1449/719
f 1802/1451/721 1367/2495/1501 1015/1452/722
f 1801/1454/724 1410/2552/1529 904/1455/725
f 1411/1457/727 1034/2485/1496 1412/1458/728
f 1799/1460/730 1366/1982/1239 1014/1461/731
f 1798/1463/733 1414/2553/1530 1013/1464/734
f 1797/1466/736 1415/2479/1493 1035/1467/737
f 1796/1469/739 1280/2480/1494 928/1470/740
f 1795/1472/742 1418/2987/1492 1012/1473/743
f 1794/1475/745 1419/2468/1489 1036/1476/746
f 1793/1478/748 1363/2471/1490 1011/1479/749
f 1792/1481/751 1422/2555/1488 905/1482/752
f 1791/1484/754 1423/2462/1486 1037/1485/755
f 1790/1487/757 1362/1992/1244 1010/1488/758
f 1789/1490/760 1426/2561/1532 1009/1491/761
f 1788/1493/763 1427/2447/1483 1038/1494/764
f 1787/1496/766 1298/2472/1484 946/1497/767
f 1786/1499/769 1430/2446/1482 1008/1500/770
f 1785/1502/772 1431/2437/1478 1039/1503/773
f 1784/1505/775 1359/2438/1479 1007/1506/776
f 1783/1508/778 1434/2436/1477 893/1509/779
f 1782/1511/781 1435/2431/1474 1040/1512/782
f 1781/1514/784 1358/1998/1247 1006/1515/785
f 1780/1517/787 1438/2430/1473 1005/1518/788
f 1779/1520/790 1439/2423/1467 1041/1521/791
f 1778/1523/793 1299/2382/1442 947/1524/794
f 1777/1526/796 1442/2988/1466 1004/1527/797
f 1776/1529/799 1443/2412/1459 1042/1530/800
f 1775/1532/802 1355/2415/1462 1003/1533/803
f 1774/1535/805 1446/2411/1458 908/1536/806
f 1773/1538/808 1447/2400/1455 1043/1539/809
f 1772/1541/811 1354/2007/1252 1002/1542/812
f 1771/1544/814 1450/2399/1454 1001/1545/815
f 1770/1547/817 1451/2389/1447 1044/1548/818
f 1769/1550/820 1292/2392/1450 940/1551/821
f 1768/1553/823 1454/2388/1446 1000/1554/824
f 1767/1556/826 1455/2989/1438 1045/1557/827
f 1766/1559/829 1351/2381/1441 999/1560/830
f 1765/1562/832 1458/2567/1437 909/1563/833
f 1764/1565/835 1459/2370/1435 1046/1566/836
f 1763/1568/838 1350/2018/1257 998/1569/839
f 1762/1571/841 1462/2369/1434 997/1572/842
f 1761/1574/844 1463/2990/1431 1047/1575/845
f 1760/1577/847 1302/2366/1433 950/1578/848
f 1466/1580/850 996/2571/1420 1204/1581/851
f 1467/1583/853 1048/2349/1425 1468/1584/854
f 1757/1586/856 1347/2367/1427 995/1587/857
f 1470/1589/859 892/2241/1354 1100/1590/860
f 1755/1592/862 1471/2344/1419 1049/1593/863
f 1754/1595/865 1346/2991/1261 994/1596/866
f 1753/1598/868 1474/2332/1418 993/1599/869
f 1752/1601/871 1475/2322/1412 1050/1602/872
f 1751/1604/874 1303/2298/1388 951/1605/875
f 1750/1607/877 1478/2321/1411 992/1608/878
f 1749/1610/880 1479/2313/1403 1051/1611/881
f 1343/1613/883 991/2326/1415 1481/1614/884
f 1482/1616/886 912/2350/1426 1120/1617/887
f 1483/1619/889 1052/2307/1397 1484/1620/890
f 1342/1622/892 990/2055/1266 1485/1623/893
f 1486/1625/895 989/2583/1270 1197/1626/896
f 1743/1628/898 1487/2301/1391 1053/1629/899
f 1742/1631/901 1295/2304/1394 943/1632/902
f 1490/1634/904 988/2287/1381 1196/1635/905
f 1491/1637/907 1054/2294/1384 1492/1638/908
f 1339/1640/910 987/2305/1395 1493/1641/911
f 1494/1643/913 913/2494/1500 1121/1644/914
f 1495/1646/916 1055/2286/1380 1496/1647/917
f 1338/1649/919 986/2060/1271 1497/1650/920
f 1735/1652/922 1498/2588/1379 985/1653/923
f 1499/1655/925 1056/2269/1376 1500/1656/926
f 1306/1658/928 954/2518/1511 1501/1659/929
f 1502/1661/931 984/2258/1365 1192/1662/932
f 1503/1664/934 1057/2265/1372 1504/1665/935
f 1335/1667/937 983/2275/1378 1505/1668/938
f 1729/1670/940 1506/2264/1371 885/1671/941
f 1728/1673/943 1507/2257/1364 1058/1674/944
f 1727/1676/946 1334/2070/1276 982/1677/947
f 1726/1679/949 1510/2256/1363 981/1680/950
f 1725/1682/952 1511/2992/1360 1059/1683/953
f 1724/1685/955 1307/2253/1342 955/1686/956
f 1723/1688/958 1514/2249/1359 980/1689/959
f 1722/1691/961 1515/2240/1353 1060/1692/962
f 1721/1694/964 1331/2254/1362 979/1695/965
f 1720/1697/967 1518/2239/1352 916/1698/968
f 1719/1700/970 1519/2233/1346 1061/1701/971
f 1330/1703/973 978/2083/1281 1521/1704/974
f 1717/1706/976 1522/2232/1345 977/1707/977
f 1523/1709/979 1062/2993/1344 1524/1710/980
f 1294/1712/982 942/2994/1318 1525/1713/983
f 1526/1715/985 976/2206/1337 1184/1716/986
f 1527/1718/988 1063/2216/1340 1528/1719/989
f 1712/1721/991 1327/2217/1341 975/1722/992
f 1530/1724/994 917/2517/1510 1125/1725/995
f 1531/1727/997 1064/2995/1336 1532/1728/998
f 1326/1730/1000 974/2094/1286 1533/1731/1001
f 1708/1733/1003 1534/2203/1335 973/1734/1004
f 1707/1736/1006 1535/2195/1333 1065/1737/1007
f 1310/1739/1009 958/2534/1520 1537/1740/1010
f 1705/1742/1012 1538/2194/1332 972/1743/1013
f 1704/1745/1015 1539/2184/1327 1066/1746/1016
f 1703/1748/1018 1323/2188/1329 971/1749/1019
f 1702/1751/1021 1542/2182/1326 889/1752/1022
f 1701/1754/1024 1543/2176/1324 1067/1755/1025
f 1700/1757/1027 1322/2104/1292 970/1758/1028
f 1699/1760/1030 1546/2175/1323 969/1761/1031
f 1698/1763/1033 1547/2996/1321 1068/1764/1034
f 1697/1766/1036 1311/2169/1310 959/1767/1037
f 1696/1769/1039 1550/2164/1320 968/1770/1040
f 1695/1772/1042 1551/2158/1316 1069/1773/1043
f 1694/1775/1045 1319/2159/1317 967/1776/1046
f 1554/1778/1048 920/2605/1328 1128/1779/1049
f 1555/1781/1051 1070/2147/1314 1556/1782/1052
f 1318/1784/1054 966/2111/1296 1557/1785/1055
f 1690/1787/1057 1558/2606/1533 965/1788/1058
f 1689/1790/1060 1559/2142/1312 1071/1791/1061
f 1288/1793/1063 936/2607/1534 1561/1794/1064
f 1562/1796/1066 964/2126/1306 1172/1797/1067
f 1686/1799/1069 1563/2131/1309 1072/1800/1070
f 1315/1802/1072 963/2997/1313 1565/1803/1073
f 1566/1805/1075 921/2533/1519 1129/1806/1076
f 1567/1808/1078 1073/2125/1305 1568/1809/1079
f 1314/1811/1081 962/2118/1301 1569/1812/1082
f 1681/1814/1084 1570/2124/1304 961/1815/1085
f 1680/1817/1087 1571/2115/1299 1074/1818/1088
f 1248/1820/1090 896/2613/1535 1573/1821/1091
f 1678/1823/1093 1574/2114/1298 960/1824/1094
f 1677/1826/1096 1575/2108/1294 1075/1827/1097
f 1271/1829/1099 919/2616/1307 1577/1830/1100
f 1578/1832/1102 929/2618/1536 1137/1833/1103
f 1674/1835/1105 1579/2100/1290 1076/1836/1106
f 1270/1838/1108 918/2528/1516 1581/1839/1109
f 1672/1841/1111 1582/2099/1289 957/1842/1112
f 1671/1844/1114 1583/2998/1284 1077/1845/1115
f 1670/1847/1117 1254/2093/1285 902/1848/1118
f 1586/1850/1120 956/2999/1377 1164/1851/1121
f 1587/1853/1123 1078/3000/1279 1588/1854/1124
f 1267/1856/1126 915/2626/1338 1589/1857/1127
f 1590/1859/1129 925/3001/1537 1133/1860/1130
f 1591/1862/1132 1079/2066/1274 1592/1863/1133
f 1266/1865/1135 914/2512/1507 1593/1866/1136
f 1594/1868/1138 953/2505/1504 1161/1869/1139
f 1595/1871/1141 1080/2057/1269 1596/1872/1142
f 1255/1874/1144 903/2631/1456 1597/1875/1145
f 1598/1877/1147 952/2368/1432 1160/1878/1148
f 1659/1880/1150 1599/3002/1264 1081/1881/1151
f 1263/1883/1153 911/2288/1382 1601/1884/1154
f 1602/1886/1156 932/2255/1361 1140/1887/1157
f 1656/1889/1159 1603/3003/1260 1082/1890/1160
f 1262/1892/1162 910/2638/1498 1605/1893/1163
f 1654/1895/1165 1606/2023/1259 949/1896/1166
f 1653/1898/1168 1607/2015/1255 1083/1899/1169
f 1652/1901/1171 1252/3004/1583 900/1902/1172
f 1651/1904/1174 1610/2014/1254 948/1905/1175
f 1650/1907/1177 1611/2003/1250 1084/1908/1178
f 1649/1910/1180 1259/3005/1251 907/1911/1181
f 1648/1913/1183 1614/2002/1249 933/1914/1184
f 1647/1916/1186 1615/1994/1246 1085/1917/1187
f 1258/1919/1189 906/2641/1487 1617/1920/1190
f 1645/1922/1192 1618/2642/1538 945/1923/1193
f 1644/1925/1195 1619/1990/1242 1086/1926/1196
f 1643/1928/1198 1240/1991/1243 888/1929/1199
f 1642/1931/1201 1622/3006/1539 944/1932/1202
f 1623/1934/1204 1087/1978/1237 1624/1935/1205
f 1243/1937/1207 891/3007/1475 1625/1938/1208
f 1626/1940/1210 937/2649/1540 1145/1941/1211
f 1627/1943/1213 1088/1968/1231 1628/1944/1214
f 1637/1946/1216 1242/1971/1233 890/1947/1217
f 1630/1949/1219 941/2650/1541 1149/1950/1220
f 1631/1952/1222 1089/1958/1228 1632/1953/1223
f 1236/1955/1225 884/2651/1542 1633/1956/1226
f 1634/1957/1227 1633/1956/1226 1089/1958/1228
f 1377/1381/651 1634/1957/1227 1631/1952/1222
f 828/1380/650 1236/1955/1225 1634/1957/1227
f 1374/1959/1229 1635/3008/1224 1632/1960/1223
f 881/1377/647 1233/2541/654 1635/1961/1224
f 1025/1383/653 1631/1952/1222 1635/1954/1224
f 1230/1963/1230 1636/3009/1221 1149/1964/1220
f 1022/1407/677 1632/1960/1223 1636/1966/1221
f 1089/1958/1228 1630/1949/1219 1636/1951/1221
f 1637/1946/1216 1629/1948/1218 1088/1968/1231
f 1373/1969/642 1637/1946/1216 1627/1943/1213
f 1373/1969/642 834/3010/641 1242/1971/1233
f 1638/1945/1215 1628/1944/1214 1018/1972/1234
f 1229/1410/680 1638/1976/1215 1370/1973/703
f 1021/1975/1232 1627/3011/1213 1638/1976/1215
f 1639/1942/1212 1145/1941/1211 841/1977/1236
f 1628/1944/1214 1639/1942/1212 1226/1364/634
f 1088/1968/1231 1626/1940/1210 1639/1942/1212
f 1640/1939/1209 1625/1938/1208 1087/1978/1237
f 1369/1979/633 1640/3012/1209 1623/1980/1204
f 835/1362/632 1243/1937/1207 1640/1939/1209
f 1366/1982/1239 1641/1985/1206 1624/1983/1205
f 879/1984/1240 1225/1986/707 1641/1985/1206
f 1225/1986/707 1017/3013/1238 1623/1987/1204
f 1642/1931/1201 1152/1933/1203 848/1988/1241
f 1624/1983/1205 1642/1931/1201 1222/1355/625
f 1087/1978/1237 1622/2646/1539 1642/1989/1201
f 1619/1990/1242 1643/1928/1198 1621/1930/1200
f 1013/1464/734 1365/1354/624 1643/1928/1198
f 1365/1354/624 832/1353/623 1240/1991/1243
f 1362/1992/1244 1644/1925/1195 1620/1927/1197
f 878/1350/620 1221/1465/735 1644/1925/1195
f 1221/1465/735 1013/1464/734 1619/1990/1242
f 1218/1993/1245 1645/1922/1192 1153/1924/1194
f 1620/1927/1197 1645/1922/1192 1218/1993/1245
f 1086/1926/1196 1618/2642/1538 1645/1922/1192
f 1615/1994/1246 1646/1997/1191 1617/1995/1190
f 1009/1996/761 1361/3014/615 1646/1997/1191
f 1361/1345/615 850/1344/614 1258/1919/1189
f 1358/1998/1247 1647/1916/1186 1616/1918/1188
f 877/1341/611 1217/3015/762 1647/1916/1186
f 1217/1492/762 1009/1491/761 1615/1999/1246
f 1214/2001/1248 1648/1913/1183 1141/1915/1185
f 1006/1515/785 1616/1918/1188 1648/1913/1183
f 1616/1918/1188 1085/1917/1187 1614/2002/1249
f 1611/2003/1250 1649/1910/1180 1613/1912/1182
f 1005/1518/788 1357/1336/606 1649/2004/1180
f 1357/1336/606 851/1335/605 1259/2006/1251
f 1354/2007/1252 1650/1907/1177 1612/1909/1179
f 876/2008/602 1213/2009/789 1650/1907/1177
f 1213/2009/789 1005/3016/788 1611/2003/1250
f 1210/2010/1253 1651/2013/1174 1156/2011/1176
f 1002/2012/812 1612/3017/1179 1651/2013/1174
f 1612/1909/1179 1084/1908/1178 1610/2014/1254
f 1652/1901/1171 1609/1903/1173 1083/1899/1169
f 1353/1326/596 1652/1901/1171 1607/2015/1255
f 844/2016/1256 1252/3004/1583 1652/1901/1171
f 1653/2017/1168 1608/2022/1170 998/1569/839
f 1209/2019/816 1653/2017/1168 1350/2018/1257
f 1209/1546/816 1001/1545/815 1607/2015/1255
f 1206/2020/1258 1654/3018/1165 1157/2021/1167
f 1608/2022/1170 1654/3018/1165 1206/2020/1258
f 1608/1900/1170 1083/1899/1169 1606/2023/1259
f 1655/2024/1164 1605/3019/1163 1082/2025/1160
f 997/2027/842 1349/3020/588 1655/2024/1164
f 854/1317/587 1262/1892/1162 1655/1894/1164
f 1346/2028/1261 1656/1889/1159 1604/1891/1161
f 874/2030/1262 1205/1573/843 1656/2031/1159
f 1205/1573/843 997/1572/842 1603/2033/1260
f 1657/1888/1158 1140/1887/1157 836/2034/1263
f 1604/2035/1161 1657/3021/1158 1202/2036/580
f 1604/2038/1161 1082/3022/1160 1602/1886/1156
f 1658/2039/1155 1601/2633/1154 1081/2040/1151
f 1345/2042/578 1658/2039/1155 1599/2041/1264
f 855/2044/1265 1263/1883/1153 1658/1885/1155
f 1342/2045/892 1659/2049/1150 1600/2046/1152
f 873/2048/1267 1201/1600/870 1659/2049/1150
f 1201/2050/870 993/3023/869 1599/2051/1264
f 1660/1879/1149 1160/1878/1148 856/2053/572
f 990/2055/1266 1600/1882/1152 1660/1879/1149
f 1081/1881/1151 1598/1877/1147 1660/1879/1149
f 1661/2056/1146 1597/2630/1145 1080/2057/1269
f 1341/2058/570 1661/2056/1146 1595/1871/1141
f 847/1299/569 1255/1874/1144 1661/1876/1146
f 1338/1649/919 1662/1873/1143 1596/1872/1142
f 872/2061/1272 1197/1626/896 1662/2062/1143
f 1197/2064/896 989/2059/1270 1595/1871/1141
f 1663/1870/1140 1161/1869/1139 857/2065/1273
f 1596/1872/1142 1663/1870/1140 1194/1292/562
f 1080/2057/1269 1594/1868/1138 1663/1870/1140
f 1664/1867/1137 1593/1866/1136 1079/2066/1274
f 985/1653/923 1337/1290/560 1664/2067/1137
f 858/2069/1275 1266/2513/1135 1664/2067/1137
f 1334/2070/1276 1665/3024/1134 1592/2071/1133
f 1193/2072/924 1665/3024/1134 1334/2070/1276
f 985/1653/923 1591/2068/1132 1665/2074/1134
f 1190/1283/553 1666/2077/1131 1133/2075/1130
f 982/1677/947 1592/2071/1133 1666/2077/1131
f 1079/2066/1274 1590/2628/1129 1666/2078/1131
f 1587/2079/1123 1667/1858/1128 1589/1857/1127
f 1333/1281/551 1667/1858/1128 1587/2079/1123
f 859/2082/1280 1267/1856/1126 1667/1858/1128
f 1668/1855/1125 1588/1854/1124 978/2083/1281
f 870/2084/1282 1189/1681/951 1668/1855/1125
f 1189/1681/951 981/1680/950 1587/1853/1123
f 1669/2085/1122 1164/2276/1121 860/2086/1283
f 1588/1854/1124 1669/2085/1122 1186/1274/544
f 1588/1854/1124 1078/3000/1279 1586/2087/1120
f 1583/2088/1284 1670/1847/1117 1585/1849/1119
f 977/2090/977 1329/2596/543 1670/2091/1117
f 1329/1273/543 846/1272/542 1254/2093/1285
f 1326/1730/1000 1671/1844/1114 1584/1846/1116
f 869/2095/1287 1185/3025/978 1671/1844/1114
f 1185/2096/978 977/2090/977 1583/2092/1284
f 1182/2098/1288 1672/1841/1111 1165/1843/1113
f 974/2094/1286 1584/1846/1116 1672/1841/1111
f 1584/1846/1116 1077/1845/1115 1582/2099/1289
f 1579/2100/1290 1673/1840/1110 1581/1839/1109
f 1325/1263/533 1673/2103/1110 1579/2101/1290
f 862/2102/1291 1270/2530/1108 1673/2103/1110
f 1322/2104/1292 1674/1835/1105 1580/1837/1107
f 1181/1735/1005 1674/2106/1105 1322/2105/1292
f 1181/1735/1005 973/1734/1004 1579/2101/1290
f 1675/1834/1104 1137/1833/1103 833/1257/527
f 1580/1837/1107 1675/1834/1104 1178/2107/1293
f 1076/1836/1106 1578/1832/1102 1675/1834/1104
f 1676/1831/1101 1577/1830/1100 1075/1827/1097
f 1321/2109/524 1676/1831/1101 1575/2108/1294
f 863/2110/1295 1271/1829/1099 1676/1831/1101
f 1318/1784/1054 1677/1826/1096 1576/1828/1098
f 1177/1762/1032 1677/1826/1096 1318/1784/1054
f 1177/1762/1032 969/1761/1031 1575/2108/1294
f 1174/2113/1297 1678/1823/1093 1168/1825/1095
f 966/2111/1296 1576/1828/1098 1678/1823/1093
f 1576/1828/1098 1075/1827/1097 1574/2114/1298
f 1679/1822/1092 1573/1821/1091 1074/1818/1088
f 1317/1245/515 1679/1822/1092 1571/2115/1299
f 840/2116/1300 1248/1820/1090 1679/1822/1092
f 1314/1811/1081 1680/3026/1087 1572/2117/1089
f 1173/2119/1059 1680/3026/1087 1314/1811/1081
f 965/1788/1058 1571/2115/1299 1680/1817/1087
f 1170/1238/508 1681/2123/1084 1169/2121/1086
f 962/2118/1301 1572/2117/1089 1681/2123/1084
f 1572/1819/1089 1074/1818/1088 1570/2124/1304
f 1682/1813/1083 1569/1812/1082 1073/2125/1305
f 1316/1242/512 1682/1813/1083 1567/1808/1078
f 866/2120/1302 1314/1811/1081 1682/1813/1083
f 1683/1810/1080 1568/1809/1079 919/2127/1307
f 1172/1797/1067 1683/1810/1080 1271/2128/1099
f 964/2126/1306 1567/1808/1078 1683/1810/1080
f 1684/1807/1077 1129/1806/1076 825/2130/1308
f 1568/1809/1079 1684/1807/1077 1127/1232/502
f 1073/2125/1305 1566/1805/1075 1684/1807/1077
f 1685/1804/1074 1565/1803/1073 1072/1800/1070
f 1257/2132/618 1685/3027/1074 1563/2133/1309
f 849/1347/617 1315/2144/1072 1685/2134/1074
f 1311/2135/1310 1686/2139/1069 1564/2136/1071
f 821/2138/1311 1113/1483/753 1686/2139/1069
f 1113/1483/753 905/1482/752 1563/2133/1309
f 1687/1798/1068 1172/1797/1067 863/2129/1295
f 959/2137/1037 1564/2136/1071 1687/1798/1068
f 1072/1800/1070 1562/2610/1066 1687/2141/1068
f 1688/1795/1065 1561/1794/1064 1071/1791/1061
f 1297/1201/471 1688/1795/1065 1559/2142/1312
f 807/1200/470 1288/1793/1063 1688/1795/1065
f 1689/1790/1060 1560/1792/1062 963/2143/1313
f 1153/1924/1194 1689/1790/1060 1315/2144/1072
f 945/1923/1193 1559/2142/1312 1689/1790/1060
f 1690/1787/1057 1173/1789/1059 866/2145/1302
f 1560/1792/1062 1690/1787/1057 1171/2146/511
f 1071/1791/1061 1558/2606/1533 1690/1787/1057
f 1555/1781/1051 1691/1786/1056 1557/1785/1055
f 968/2148/1040 1320/2149/522 1691/1786/1056
f 1320/2149/522 867/2112/521 1318/1784/1054
f 1254/2150/1285 1692/1783/1053 1556/1782/1052
f 846/2152/542 1176/1771/1041 1692/2153/1053
f 1176/1771/1041 968/1770/1040 1555/2155/1051
f 1110/2156/1315 1693/1780/1050 1128/1779/1049
f 1556/1782/1052 1693/1780/1050 1110/2156/1315
f 1070/2147/1314 1554/1778/1048 1693/1780/1050
f 1551/2158/1316 1694/1775/1045 1553/1777/1047
f 893/1509/779 1245/1339/609 1694/1775/1045
f 1245/1339/609 837/1338/608 1319/2159/1317
f 1294/2160/982 1695/1772/1042 1552/1774/1044
f 809/2162/467 1101/1510/780 1695/1772/1042
f 1101/1510/780 893/1509/779 1551/2158/1316
f 1150/2163/1319 1696/1769/1039 1176/1771/1041
f 942/2161/1318 1552/1774/1044 1696/1769/1039
f 1552/1774/1044 1069/1773/1043 1550/2164/1320
f 1547/2165/1321 1697/2168/1036 1549/2166/1038
f 933/1914/1184 1285/2639/473 1697/2168/1036
f 1285/1203/473 821/2975/1311 1311/2169/1310
f 1319/2159/1317 1698/2171/1033 1548/2170/1035
f 837/1338/608 1141/1915/1185 1698/2171/1033
f 1141/1915/1185 933/1914/1184 1547/2165/1321
f 1175/2172/1322 1699/1760/1030 1177/1762/1032
f 967/2173/1046 1548/2174/1035 1699/1760/1030
f 1548/2174/1035 1068/2603/1034 1546/2175/1323
f 1543/2176/1324 1700/1757/1027 1545/1759/1029
f 972/1743/1013 1324/1261/531 1700/2177/1027
f 1324/1261/531 868/1260/530 1322/2105/1292
f 1242/1971/1233 1701/1754/1024 1544/1756/1026
f 834/1371/641 1180/1744/1014 1701/2179/1024
f 1180/1744/1014 972/1743/1013 1543/2178/1324
f 1098/2181/1325 1702/1751/1021 1097/1753/1023
f 890/1947/1217 1544/1756/1026 1702/1751/1021
f 1544/1756/1026 1067/1755/1025 1542/2182/1326
f 1703/2183/1018 1541/3028/1020 1066/1746/1016
f 1272/2185/519 1703/1748/1018 1539/2186/1327
f 1272/2185/519 864/3029/518 1323/2188/1329
f 1282/2189/1330 1704/1745/1015 1540/1747/1017
f 818/2157/497 1128/1779/1049 1704/1745/1015
f 1128/1779/1049 920/2605/1328 1539/2184/1327
f 1138/2191/1331 1705/1742/1012 1180/1744/1014
f 930/2192/686 1540/2193/1017 1705/1742/1012
f 1540/2193/1017 1066/2600/1016 1538/2194/1332
f 1706/1741/1011 1537/1740/1010 1065/1737/1007
f 1312/2196/503 1706/2199/1011 1535/2197/1333
f 825/2198/1308 1310/3030/1009 1706/2199/1011
f 1323/2188/1329 1707/1736/1006 1536/1738/1008
f 864/1248/518 1168/1825/1095 1707/2200/1006
f 1168/1825/1095 960/1824/1094 1535/2197/1333
f 1708/1733/1003 1181/1735/1005 868/1260/530
f 1536/1738/1008 1708/1733/1003 1179/2202/1334
f 1536/1738/1008 1065/1737/1007 1534/2203/1335
f 1709/1732/1002 1533/1731/1001 1064/2204/1336
f 1328/1269/539 1709/1732/1002 1531/2205/997
f 869/2095/1287 1326/1730/1000 1709/1732/1002
f 1710/1729/999 1532/1728/998 915/2207/1338
f 1184/2209/986 1710/1729/999 1267/2208/1126
f 976/2206/1337 1531/2205/997 1710/2211/999
f 1711/1726/996 1125/1725/995 824/2212/1339
f 1532/2214/998 1711/1726/996 1123/2213/493
f 1064/2204/1336 1530/1724/994 1711/1726/996
f 1527/1718/988 1712/1721/991 1529/1723/993
f 904/1455/725 1256/1356/626 1712/1721/991
f 1256/1356/626 848/1988/1241 1327/2217/1341
f 1713/1720/990 1528/1719/989 955/2218/956
f 820/2220/1343 1112/1456/726 1713/1720/990
f 1112/1456/726 904/1455/725 1527/1718/988
f 1714/1717/987 1184/1716/986 859/2221/1280
f 1528/1719/989 1714/1717/987 1163/2222/550
f 1063/2216/1340 1526/1715/985 1714/1717/987
f 1715/2223/984 1525/3031/983 1062/2224/1344
f 1296/2226/468 1715/2223/984 1523/2225/979
f 809/1197/467 1294/1712/982 1715/1714/984
f 1716/1711/981 1524/1710/980 975/2227/992
f 1152/1933/1203 1716/2229/981 1327/2217/1341
f 944/1932/1202 1523/2225/979 1716/2229/981
f 1183/2230/538 1717/1706/976 1185/1708/978
f 975/2227/992 1524/1710/980 1717/1706/976
f 1524/1710/980 1062/2993/1344 1522/2232/1345
f 1519/2233/1346 1718/1705/975 1521/1704/974
f 980/1689/959 1332/1278/548 1718/1705/975
f 870/2084/1282 1330/1703/973 1718/1705/975
f 1719/1700/970 1520/1702/972 926/2234/1347
f 830/2236/1349 1188/1690/960 1719/1700/970
f 1188/1690/960 980/1689/959 1519/2233/1346
f 1278/2237/1350 1720/1697/967 1124/1699/969
f 926/2234/1347 1520/1702/972 1720/1697/967
f 1520/1702/972 1061/1701/971 1518/2239/1352
f 1721/1694/964 1517/1696/966 1060/1692/962
f 892/2241/1354 1244/1311/581 1721/1694/964
f 836/2034/1263 1331/2254/1362 1721/1694/964
f 1094/2242/1355 1722/1691/961 1516/1693/963
f 805/2244/1357 1100/1590/860 1722/1691/961
f 1100/1590/860 892/2241/1354 1515/2240/1353
f 1238/2245/1358 1723/3032/958 1188/2246/960
f 886/2243/1356 1516/1693/963 1723/1688/958
f 1516/1693/963 1060/1692/962 1514/2249/1359
f 1511/2250/1360 1724/1685/955 1513/1687/957
f 932/2252/1361 1284/1212/482 1724/1685/955
f 1284/1212/482 820/2977/1343 1307/2253/1342
f 1725/1682/952 1512/1684/954 979/1695/965
f 1140/1887/1157 1725/1682/952 1331/2254/1362
f 932/2255/1361 1511/2992/1360 1725/1682/952
f 1187/1277/547 1726/1679/949 1189/1681/951
f 1512/1684/954 1726/1679/949 1187/1277/547
f 1512/1684/954 1059/1683/953 1510/2256/1363
f 1507/2257/1364 1727/1676/946 1509/1678/948
f 1336/1287/557 1727/1676/946 1507/2257/1364
f 871/2073/1277 1334/2070/1276 1727/1676/946
f 1146/2259/1366 1728/1673/943 1508/1675/945
f 1192/1662/932 1728/1673/943 1146/2259/1366
f 1192/1662/932 984/2258/1365 1507/2257/1364
f 1290/2262/1369 1729/1670/940 1093/1672/942
f 938/2260/1367 1508/1675/945 1729/1670/940
f 1508/1675/945 1058/1674/944 1506/2264/1371
f 1503/1664/934 1730/1669/939 1505/1668/938
f 916/1698/968 1268/1275/545 1730/1669/939
f 860/2086/1283 1335/1667/937 1730/1669/939
f 1106/2266/1373 1731/1666/936 1504/1665/935
f 814/2238/1351 1124/1699/969 1731/1666/936
f 1124/1699/969 916/1698/968 1503/1664/934
f 1732/1663/933 1192/1662/932 842/2261/1368
f 1504/1665/935 1732/1663/933 1250/2268/1375
f 1057/2265/1372 1502/1661/931 1732/1663/933
f 1499/1655/925 1733/1660/930 1501/1659/929
f 1308/2270/494 1733/3033/930 1499/2271/925
f 824/2212/1339 1306/1658/928 1733/1660/930
f 1734/2274/927 1500/3034/926 983/2275/1378
f 1164/2276/1121 1734/2274/927 1335/1667/937
f 956/2272/1377 1499/2271/925 1734/2277/927
f 1735/1652/922 1193/1654/924 871/2279/1277
f 1500/1656/926 1735/1652/922 1191/2280/556
f 1500/2282/926 1056/3035/1376 1498/2283/1379
f 1736/2285/921 1497/3036/920 1055/2286/1380
f 1340/1296/566 1736/2285/921 1495/1646/916
f 872/2061/1272 1338/2063/919 1736/2285/921
f 1737/1648/918 1496/1647/917 911/2288/1382
f 1196/1635/905 1737/1648/918 1263/1883/1153
f 988/2287/1381 1495/1646/916 1737/1648/918
f 1738/1645/915 1121/1644/914 823/2289/485
f 1496/2291/917 1738/1645/915 1119/2290/1383
f 1055/2293/1380 1494/1643/913 1738/1645/915
f 1491/1637/907 1739/1642/912 1493/1641/911
f 927/2295/1385 1135/2297/1387 1739/1642/912
f 831/2296/1386 1339/1640/910 1739/1642/912
f 1740/1639/909 1492/1638/908 951/1605/875
f 1279/2299/1389 1740/1639/909 1303/2298/1388
f 927/2295/1385 1491/1637/907 1740/1639/909
f 1741/1636/906 1196/1635/905 855/2044/1265
f 1492/1638/908 1741/1636/906 1159/1307/577
f 1054/2294/1384 1490/1634/904 1741/1636/906
f 1487/2301/1391 1742/1631/901 1489/1633/903
f 887/2302/1392 1095/2303/1393 1742/1631/901
f 1095/2303/1393 806/2417/1464 1295/2304/1394
f 1339/1640/910 1743/1628/898 1488/1630/900
f 831/2296/1386 1239/2306/1396 1743/1628/898
f 1239/2306/1396 887/2302/1392 1487/2301/1391
f 1195/1295/565 1744/1627/897 1197/1626/896
f 987/2305/1395 1488/1630/900 1744/1627/897
f 1053/1629/899 1486/1625/895 1744/1627/897
f 1745/1624/894 1485/1623/893 1052/2307/1397
f 992/1608/878 1344/1305/575 1745/1624/894
f 1344/1305/575 873/2983/1267 1342/1622/892
f 1746/1621/891 1484/1620/890 922/2308/1398
f 1200/1609/879 1746/1621/891 1130/2309/1399
f 992/1608/878 1483/1619/889 1746/1621/891
f 1747/1618/888 1120/1617/887 810/2311/1401
f 922/2308/1398 1484/1620/890 1747/1618/888
f 1052/2307/1397 1482/1616/886 1747/1618/888
f 1479/2313/1403 1748/1615/885 1481/1614/884
f 939/2314/1404 1147/2315/1405 1748/1615/885
f 1147/2315/1405 843/2327/1416 1343/1613/883
f 1090/2316/1406 1749/1610/880 1480/1612/882
f 801/2318/1408 1291/2319/1409 1749/1610/880
f 1291/2319/1409 939/2314/1404 1479/2313/1403
f 1750/1607/877 1200/1609/879 826/2310/1400
f 882/2317/1407 1480/1612/882 1750/1607/877
f 1480/1612/882 1051/1611/881 1478/2321/1411
f 1475/2322/1412 1751/1604/874 1477/1606/876
f 899/2323/1413 1107/2324/1414 1751/1604/874
f 1107/2324/1414 815/2300/1390 1303/2298/1388
f 1343/1613/883 1752/2328/871 1476/2325/873
f 843/2327/1416 1251/3037/1417 1752/2328/871
f 1251/2329/1417 899/2323/1413 1475/2322/1412
f 1199/2330/574 1753/1598/868 1201/1600/870
f 991/2326/1415 1476/2325/873 1753/2331/868
f 1476/1603/873 1050/1602/872 1474/2332/1418
f 1471/2333/1419 1754/1595/865 1473/1597/867
f 1348/2335/584 1754/1595/865 1471/2333/1419
f 874/2337/1262 1346/3038/1261 1754/2338/865
f 1142/2340/1421 1755/1592/862 1472/1594/864
f 1204/2342/851 1755/1592/862 1142/2340/1421
f 1204/2342/851 996/3039/1420 1471/2344/1419
f 1756/1591/861 1100/1590/860 805/2244/1357
f 934/2341/1422 1472/1594/864 1756/2346/861
f 1472/1594/864 1049/1593/863 1470/2348/859
f 1467/1583/853 1757/1586/856 1469/1588/858
f 912/2350/1426 1264/2580/573 1757/1586/856
f 1264/2351/573 856/3040/572 1347/2352/1427
f 1758/1585/855 1468/1584/854 894/2354/1428
f 1120/1617/887 1758/1585/855 1102/2355/1429
f 912/2350/1426 1467/1583/853 1758/1585/855
f 1759/2356/852 1204/2342/851 838/2343/1423
f 1468/2358/854 1759/2356/852 1246/2357/1430
f 1048/2360/1425 1466/3041/850 1759/2361/852
f 1463/2363/1431 1760/1577/847 1465/1579/849
f 952/2365/1432 1304/1216/486 1760/1577/847
f 1304/1216/486 823/1215/485 1302/2366/1433
f 1761/1574/844 1464/1576/846 995/1587/857
f 1160/1878/1148 1761/1574/844 1347/2367/1427
f 952/2368/1432 1463/2990/1431 1761/1574/844
f 1762/1571/841 1205/1573/843 874/2030/1262
f 1464/1576/846 1762/1571/841 1203/1313/583
f 1464/1576/846 1047/1575/845 1462/2369/1434
f 1459/2370/1435 1763/1568/838 1461/1570/840
f 1000/1554/824 1352/1324/594 1763/1568/838
f 1352/1324/594 875/1323/593 1350/2018/1257
f 1259/2006/1251 1764/1565/835 1460/1567/837
f 851/1335/605 1208/1555/825 1764/1565/835
f 1208/1555/825 1000/1554/824 1459/2370/1435
f 1115/2372/1436 1765/2374/832 1117/2373/834
f 907/1911/1181 1460/2375/837 1765/2374/832
f 1460/2375/837 1046/3042/836 1458/2376/1437
f 1455/2377/1438 1766/1559/829 1457/1561/831
f 923/2379/1439 1131/2380/1440 1766/1559/829
f 1131/2380/1440 827/2394/1451 1351/2381/1441
f 1299/2382/1442 1767/1556/826 1456/1558/828
f 811/2383/1443 1275/2386/1444 1767/2384/826
f 1275/2386/1444 923/2379/1439 1455/2377/1438
f 1155/2387/1445 1768/1553/823 1208/1555/825
f 947/1524/794 1456/1558/828 1768/1553/823
f 1456/1558/828 1045/1557/827 1454/2388/1446
f 1451/2389/1447 1769/1550/820 1453/1552/822
f 883/2390/1448 1091/2391/1449 1769/1550/820
f 1091/2391/1449 802/3043/1584 1292/2392/1450
f 1770/2393/817 1452/3044/819 999/1560/830
f 827/2394/1451 1235/3045/1452 1770/2393/817
f 1235/2395/1452 883/2390/1448 1451/2389/1447
f 1207/2396/1453 1771/2398/814 1209/2019/816
f 999/2397/830 1452/3046/819 1771/2398/814
f 1452/1549/819 1044/1548/818 1450/2399/1454
f 1447/2400/1455 1772/2402/811 1449/2401/813
f 1004/1527/797 1356/3047/603 1772/2402/811
f 1356/2403/603 876/2008/602 1354/2007/1252
f 1255/2404/1144 1773/1538/808 1448/1540/810
f 847/2406/569 1212/1528/798 1773/1538/808
f 1212/1528/798 1004/1527/797 1447/2400/1455
f 1111/2407/487 1774/3048/805 1116/2408/807
f 903/2405/1456 1448/1540/810 1774/1535/805
f 1448/1540/810 1043/1539/809 1446/2411/1458
f 1775/1532/802 1445/1534/804 1042/1530/800
f 1143/2413/1460 1775/1532/802 1443/2412/1459
f 1143/2413/1460 839/2427/1470 1355/2415/1462
f 1776/1529/799 1444/1531/801 943/1632/902
f 1287/2416/1463 1776/1529/799 1295/2304/1394
f 1287/2416/1463 935/2414/1461 1443/2412/1459
f 1151/2418/1465 1777/1526/796 1212/1528/798
f 1444/2419/801 1777/1526/796 1151/2418/1465
f 1444/1531/801 1042/1530/800 1442/2421/1466
f 1439/2423/1467 1778/1523/793 1441/1525/795
f 895/2424/1468 1103/3049/1469 1778/1523/793
f 1103/2425/1469 811/2383/1443 1299/2385/1442
f 1355/2415/1462 1779/1520/790 1440/1522/792
f 839/2427/1470 1247/2428/1471 1779/1520/790
f 1247/2428/1471 895/2424/1468 1439/2423/1467
f 1211/2429/1472 1780/1517/787 1213/1519/789
f 1003/1533/803 1440/1522/792 1780/1517/787
f 1440/1522/792 1041/1521/791 1438/2430/1473
f 1435/2431/1474 1781/1514/784 1437/1516/786
f 1008/1500/770 1360/1342/612 1781/1514/784
f 1360/1342/612 877/1341/611 1358/1998/1247
f 1243/2432/1207 1782/1511/781 1436/1513/783
f 835/2434/632 1216/1501/771 1782/1511/781
f 1216/1501/771 1008/1500/770 1435/2431/1474
f 1099/2435/1476 1783/1508/778 1101/1510/780
f 891/2433/1475 1436/1513/783 1783/1508/778
f 1436/1513/783 1040/1512/782 1434/2436/1477
f 1431/2437/1478 1784/1505/775 1433/1507/777
f 908/1536/806 1260/1330/600 1784/1505/775
f 1260/1330/600 852/1329/599 1359/2438/1479
f 1283/2439/712 1785/2442/772 1432/2440/774
f 819/2409/1457 1116/2408/807 1785/2442/772
f 1116/1537/807 908/1536/806 1431/2437/1478
f 1139/2443/1481 1786/1499/769 1216/1501/771
f 931/2444/1480 1432/2445/774 1786/1499/769
f 1432/2445/774 1039/2562/773 1430/2446/1482
f 1427/2447/1483 1787/2449/766 1429/2448/768
f 948/1905/1175 1300/1207/477 1787/2449/766
f 1300/1207/477 822/1206/476 1298/2450/1484
f 1359/2451/1479 1788/1493/763 1428/1495/765
f 852/1329/599 1156/2011/1176 1788/2453/763
f 1156/1906/1176 948/1905/1175 1427/2447/1483
f 1215/2454/1485 1789/1490/760 1217/1492/762
f 1007/2452/776 1428/1495/765 1789/1490/760
f 1038/1494/764 1426/2561/1532 1789/1490/760
f 1423/2456/1486 1790/1487/757 1425/1489/759
f 1012/2458/743 1364/1351/621 1790/1487/757
f 1364/1351/621 878/1350/620 1362/1992/1244
f 1258/2459/1189 1791/1484/754 1424/1486/756
f 850/1344/614 1220/2476/744 1791/2461/754
f 1220/1474/744 1012/1473/743 1423/2462/1486
f 1114/2463/472 1792/1481/751 1113/1483/753
f 1424/2464/756 1792/1481/751 1114/2463/472
f 1424/1486/756 1037/1485/755 1422/2466/1488
f 1419/2468/1489 1793/3050/748 1421/2469/750
f 909/1563/833 1261/1321/591 1793/1478/748
f 1261/1321/591 853/1320/590 1363/2471/1490
f 1298/2472/1484 1794/1475/745 1420/1477/747
f 822/2473/476 1117/2474/834 1794/1475/745
f 1117/2474/834 909/3051/833 1419/2468/1489
f 1154/2475/1491 1795/2477/742 1220/2476/744
f 946/1497/767 1420/1477/747 1795/2477/742
f 1420/1477/747 1036/1476/746 1418/2478/1492
f 1796/1469/739 1417/1471/741 1035/1467/737
f 1301/1210/480 1796/1469/739 1415/2479/1493
f 1301/1210/480 816/1209/479 1280/2480/1494
f 1363/2471/1490 1797/2482/736 1416/2481/738
f 853/1320/590 1157/2021/1167 1797/2482/736
f 1157/1897/1167 949/1896/1166 1415/2479/1493
f 1219/2483/1495 1798/1463/733 1221/1465/735
f 1011/2484/749 1416/1468/738 1798/1463/733
f 1035/1467/737 1414/2553/1530 1798/1463/733
f 1799/1460/730 1413/1462/732 1034/2485/1496
f 1016/2486/1497 1368/2487/629 1799/1460/730
f 1368/2487/629 879/1984/1240 1366/1982/1239
f 1800/1459/729 1412/1458/728 910/2488/1498
f 1224/2490/716 1800/1459/729 1262/2489/1162
f 1016/2486/1497 1411/1457/727 1800/1459/729
f 1801/1454/724 1112/1456/726 820/2220/1343
f 1412/1458/728 1801/1454/724 1118/2492/481
f 1034/2485/1496 1410/2552/1529 1801/1454/724
f 1407/2493/1499 1802/1451/721 1409/1453/723
f 913/2494/1500 1265/1293/563 1802/1451/721
f 1265/1293/563 857/2065/1273 1367/2495/1501
f 1302/2496/1433 1803/1448/718 1408/1450/720
f 1121/1644/914 1803/1448/718 1302/2496/1433
f 913/2494/1500 1407/2493/1499 1803/1448/718
f 1158/2498/1502 1804/3052/717 1224/2499/716
f 950/2497/848 1408/1450/720 1804/1447/717
f 1408/1450/720 1033/1449/719 1406/1445/715
f 1805/2502/714 1405/3053/713 1032/2503/1503
f 1305/2504/488 1805/2502/714 1403/1439/709
f 819/2506/1457 1283/1442/712 1805/1444/714
f 1367/2495/1501 1806/1441/711 1404/1440/710
f 857/2065/1273 1161/1869/1139 1806/1441/711
f 1161/1869/1139 953/2505/1504 1403/1439/709
f 1807/1438/708 1225/1437/707 879/2507/1240
f 1015/1452/722 1404/1440/710 1807/1438/708
f 1404/1440/710 1032/2503/1503 1402/1436/706
f 1808/1435/705 1401/1434/704 1031/2508/1505
f 1372/1368/638 1808/2511/705 1399/2509/700
f 880/1974/1235 1370/1973/703 1808/2511/705
f 1809/1432/702 1400/1431/701 914/2512/1507
f 1228/1419/689 1809/2514/702 1266/2513/1135
f 1020/2510/1506 1399/2509/700 1809/2514/702
f 1810/1429/699 1105/1428/698 813/2515/1508
f 1400/1431/701 1810/1429/699 1122/1220/490
f 1031/2508/1505 1398/1427/697 1810/1429/699
f 1811/1426/696 1397/1425/695 1030/2516/1509
f 1269/1267/537 1811/1426/696 1395/1421/691
f 861/1266/536 1371/1424/694 1811/1426/696
f 1812/1423/693 1396/1422/692 954/2518/1511
f 1125/1725/995 1812/1423/693 1306/1658/928
f 917/2517/1510 1395/1421/691 1812/1423/693
f 1813/1420/690 1228/1419/689 858/2069/1275
f 1396/1422/692 1813/1420/690 1162/1289/559
f 1030/2516/1509 1394/1418/688 1813/1420/690
f 1391/2519/1512 1814/2521/685 1393/2520/687
f 957/1842/1112 1309/3054/498 1814/2521/685
f 1309/1228/498 818/1227/497 1282/2522/1330
f 1815/1412/682 1392/1414/684 1019/2523/1513
f 1165/1843/1113 1815/1412/682 1371/1424/694
f 1165/1843/1113 957/1842/1112 1391/2519/1512
f 1816/1411/681 1229/1410/680 880/1974/1235
f 1392/1414/684 1816/1411/681 1227/1367/637
f 1029/1413/683 1390/1409/679 1816/1411/681
f 1387/1403/673 1817/1406/676 1389/1408/678
f 1024/2525/1515 1376/1378/648 1817/2526/676
f 1376/1378/648 881/1377/647 1374/1962/1229
f 1818/1405/675 1388/1404/674 918/2528/1516
f 862/2102/1291 1232/1392/662 1818/2529/675
f 1024/2525/1515 1387/2527/673 1818/2529/675
f 1819/1402/672 1109/1401/671 817/2531/1517
f 1388/1404/674 1819/1402/672 1126/1229/499
f 1028/2524/1514 1386/1400/670 1819/1402/672
f 1383/1394/664 1820/1399/669 1385/1398/668
f 921/2533/1519 1273/1239/509 1820/1399/669
f 865/2122/1303 1375/1397/667 1820/1399/669
f 1821/1396/666 1384/1395/665 958/2534/1520
f 1129/1806/1076 1821/1396/666 1310/1739/1009
f 921/2533/1519 1383/1394/664 1821/1396/666
f 1166/1262/532 1822/1393/663 1232/1392/662
f 1384/1395/665 1822/1393/663 1166/1262/532
f 1027/2532/1518 1382/1391/661 1822/1393/663
f 1379/2535/1521 1823/1388/658 1381/1390/660
f 1313/1236/506 1823/1388/658 1379/2535/1521
f 1313/1236/506 812/2979/1582 1276/2536/1522
f 1375/1397/667 1824/2539/655 1380/2537/657
f 865/2122/1303 1169/2121/1086 1824/2539/655
f 1169/1816/1086 961/1815/1085 1379/2535/1521
f 1231/2540/1524 1825/2542/652 1233/2541/654
f 1023/2538/1523 1380/2537/657 1825/2542/652
f 1380/1387/657 1026/1386/656 1378/2543/1525
f 1378/2543/1525 1826/1379/649 1377/1381/651
f 1026/1386/656 1381/1390/660 1826/1379/649
f 1381/1390/660 924/1389/659 1132/2544/1526
f 1382/1391/661 1827/1376/646 1376/1378/648
f 1027/2532/1518 1385/1398/668 1827/1376/646
f 1385/1398/668 1023/2538/1523 1231/2540/1524
f 1386/1400/670 1828/2547/643 1253/2545/645
f 1028/2524/1514 1389/1408/678 1828/2547/643
f 1389/1408/678 1022/1407/677 1230/1967/1230
f 1829/1370/640 1373/1372/642 1021/1975/1232
f 1393/2520/687 1829/1370/640 1390/1409/679
f 1393/2520/687 930/2192/686 1138/2191/1331
f 1830/1369/639 1372/1368/638 1020/2510/1506
f 1397/1425/695 1830/1369/639 1394/1418/688
f 1019/2523/1513 1227/1367/637 1830/1369/639
f 1831/1366/636 1249/1365/635 897/2548/1528
f 1401/1434/704 1831/1366/636 1398/1427/697
f 1018/1972/1234 1226/1364/634 1831/1366/636
f 1832/2549/631 1369/1979/633 1017/1981/1238
f 1032/2503/1503 1405/3053/713 1832/2549/631
f 1405/1443/713 931/2986/1480 1139/2550/1481
f 1833/1360/630 1368/1359/629 1016/2551/1497
f 1033/1449/719 1409/1453/723 1833/1360/630
f 1409/1453/723 1015/1452/722 1223/1358/628
f 1834/1357/627 1256/1356/626 904/1455/725
f 1413/1462/732 1834/1357/627 1410/2552/1529
f 1014/1461/731 1222/1355/625 1834/1357/627
f 1414/2553/1530 1835/1352/622 1365/1354/624
f 1417/1471/741 1835/1352/622 1414/2553/1530
f 1417/1471/741 928/1470/740 1136/2554/1531
f 1418/2478/1492 1836/1349/619 1364/1351/621
f 1036/1476/746 1421/2469/750 1836/1349/619
f 1421/2469/750 1011/2484/749 1219/2483/1495
f 1422/2555/1488 1837/2557/616 1257/2132/618
f 1037/2556/755 1425/3055/759 1837/2557/616
f 1425/1489/759 1010/1488/758 1218/1993/1245
f 1426/2558/1532 1838/1343/613 1361/1345/615
f 1038/1494/764 1429/2448/768 1838/2560/613
f 1429/1498/768 946/1497/767 1154/2475/1491
f 1430/2446/1482 1839/1340/610 1360/1342/612
f 1039/2562/773 1433/3056/777 1839/1340/610
f 1433/2563/777 1007/2452/776 1215/2454/1485
f 1434/2436/1477 1840/1337/607 1245/1339/609
f 1040/1512/782 1437/1516/786 1840/1337/607
f 1437/1516/786 1006/1515/785 1214/2001/1248
f 1438/2430/1473 1841/1334/604 1357/1336/606
f 1041/1521/791 1441/1525/795 1841/1334/604
f 1441/1525/795 947/1524/794 1155/2387/1445
f 1442/2421/1466 1842/1331/601 1356/1333/603
f 1445/1534/804 1842/1331/601 1442/2421/1466
f 1445/1534/804 1003/1533/803 1211/2429/1472
f 1446/2411/1458 1843/1328/598 1260/1330/600
f 1043/1539/809 1449/2401/813 1843/1328/598
f 1449/2401/813 1002/2012/812 1210/2010/1253
f 1844/1327/597 1353/1326/596 1001/1545/815
f 1044/1548/818 1453/1552/822 1844/1327/597
f 1453/1552/822 940/1551/821 1148/1325/595
f 1454/2388/1446 1845/1322/592 1352/1324/594
f 1045/1557/827 1457/2566/831 1845/1322/592
f 1457/2566/831 999/2397/830 1207/2396/1453
f 1458/2567/1437 1846/1319/589 1261/1321/591
f 1046/1566/836 1461/1570/840 1846/1319/589
f 1461/1570/840 998/1569/839 1206/2020/1258
f 1462/2568/1434 1847/1316/586 1349/1318/588
f 1047/2364/845 1465/1579/849 1847/1316/586
f 1465/1579/849 950/1578/848 1158/2570/1502
f 1466/1580/850 1848/1315/585 1348/1314/584
f 1048/2572/1425 1469/3057/858 1848/2573/585
f 1469/1588/858 995/1587/857 1203/1313/583
f 1849/1312/582 1244/1311/581 892/2241/1354
f 1049/2575/863 1473/3058/867 1849/2576/582
f 994/2037/866 1202/2036/580 1849/2578/582
f 1474/2332/1418 1850/1309/579 1345/1308/578
f 1050/1602/872 1477/1606/876 1850/1309/579
f 951/1605/875 1159/1307/577 1850/1309/579
f 1851/1306/576 1344/1305/575 992/1608/878
f 1481/1614/884 1851/1306/576 1478/2321/1411
f 991/2326/1415 1199/1304/574 1851/1306/576
f 1482/1616/886 1852/2581/571 1264/2580/573
f 1485/1623/893 1852/2581/571 1482/1616/886
f 1485/1623/893 990/2055/1266 1198/2054/1268
f 1486/1625/895 1853/2584/568 1341/2582/570
f 1053/1629/899 1489/1633/903 1853/2584/568
f 1489/2585/903 943/3059/902 1151/2586/1465
f 1854/1297/567 1340/1296/566 988/2287/1381
f 1054/2294/1384 1493/1641/911 1854/1297/567
f 987/2305/1395 1195/1295/565 1854/1297/567
f 1855/1294/564 1265/1293/563 913/2494/1500
f 1497/1650/920 1855/1294/564 1494/1643/913
f 986/2060/1271 1194/1292/562 1855/1294/564
f 1856/1291/561 1337/1290/560 985/1653/923
f 1056/2269/1376 1501/1659/929 1856/1291/561
f 954/2518/1511 1162/1289/559 1856/1291/561
f 1857/1288/558 1336/1287/557 984/2258/1365
f 1057/2265/1372 1505/1668/938 1857/1288/558
f 983/2275/1378 1191/1286/556 1857/1288/558
f 1506/2264/1371 1858/1285/555 1237/1284/554
f 1058/1674/944 1509/1678/948 1858/1285/555
f 982/1677/947 1190/1283/553 1858/1285/555
f 1859/2589/552 1333/3060/551 981/2590/950
f 1513/2592/957 1859/3061/552 1510/2593/1363
f 955/1686/956 1163/1280/550 1859/1282/552
f 1860/1279/549 1332/1278/548 980/1689/959
f 1517/1696/966 1860/1279/549 1514/2249/1359
f 979/1695/965 1187/1277/547 1860/1279/549
f 1518/2239/1352 1861/1276/546 1268/1275/545
f 1061/1701/971 1521/1704/974 1861/1276/546
f 978/2083/1281 1186/1274/544 1861/1276/546
f 1522/2595/1345 1862/3062/541 1329/2596/543
f 1062/2224/1344 1525/3031/983 1862/2597/541
f 1525/1713/983 942/2994/1318 1150/2599/1319
f 1863/1270/540 1328/1269/539 976/2206/1337
f 1529/1723/993 1863/1270/540 1526/1715/985
f 1529/1723/993 975/1722/992 1183/1268/538
f 1864/1265/535 1269/1267/537 917/2517/1510
f 1064/2204/1336 1533/1731/1001 1864/1265/535
f 974/2094/1286 1182/2098/1288 1864/1265/535
f 1865/1264/534 1325/1263/533 973/1734/1004
f 1537/1740/1010 1865/1264/534 1534/2203/1335
f 958/2534/1520 1166/1262/532 1865/1264/534
f 1538/2194/1332 1866/1259/529 1324/1261/531
f 1066/2600/1016 1541/1750/1020 1866/1259/529
f 1541/1750/1020 971/1749/1019 1179/2202/1334
f 1542/2182/1326 1867/1256/526 1241/1258/528
f 1067/1755/1025 1545/1759/1029 1867/1256/526
f 1545/1759/1029 970/1758/1028 1178/2107/1293
f 1868/2601/525 1321/2109/524 969/1761/1031
f 1549/2602/1038 1868/2601/525 1546/2175/1323
f 959/1767/1037 1167/1253/523 1868/1255/525
f 1550/2164/1320 1869/1250/520 1320/1252/522
f 1069/1773/1043 1553/1777/1047 1869/1250/520
f 1553/1777/1047 967/1776/1046 1175/2604/1322
f 1870/1247/517 1272/1249/519 920/2605/1328
f 1557/1785/1055 1870/1247/517 1554/1778/1048
f 966/2111/1296 1174/2113/1297 1870/1247/517
f 1871/1246/516 1317/1245/515 965/1788/1058
f 1561/1794/1064 1871/1246/516 1558/2606/1533
f 936/2607/1534 1144/1244/514 1871/1246/516
f 1872/2608/513 1316/3063/512 964/2609/1306
f 1565/1803/1073 1872/2608/513 1562/2610/1066
f 963/2143/1313 1171/2146/511 1872/2611/513
f 1566/1805/1075 1873/1240/510 1273/1239/509
f 1569/1812/1082 1873/1240/510 1566/1805/1075
f 962/2118/1301 1170/1238/508 1873/1240/510
f 1570/2124/1304 1874/1237/507 1313/1236/506
f 1074/1818/1088 1573/1821/1091 1874/1237/507
f 896/2613/1535 1104/1235/505 1874/1237/507
f 1875/1234/504 1312/1233/503 960/2614/1094
f 1577/1830/1100 1875/2617/504 1574/2114/1298
f 919/2616/1307 1127/3064/502 1875/2617/504
f 1876/1231/501 1281/1230/500 929/2618/1536
f 1076/1836/1106 1581/1839/1109 1876/1231/501
f 918/2528/1516 1126/1229/499 1876/1231/501
f 1582/2619/1289 1877/3065/496 1309/2620/498
f 1077/2089/1115 1585/1849/1119 1877/1226/496
f 1585/1849/1119 902/1848/1118 1110/2623/1315
f 1586/2624/1120 1878/1225/495 1308/1224/494
f 1078/2080/1279 1589/1857/1127 1878/1225/495
f 915/2626/1338 1123/1223/493 1878/1225/495
f 1879/1222/492 1277/1221/491 925/2627/1537
f 1593/1866/1136 1879/1222/492 1590/2628/1129
f 914/2512/1507 1122/1220/490 1879/1222/492
f 1880/2629/489 1305/2504/488 953/2505/1504
f 1597/2630/1145 1880/2629/489 1594/1868/1138
f 903/2631/1456 1111/1217/487 1880/1219/489
f 1598/2632/1147 1881/1214/484 1304/1216/486
f 1081/2040/1151 1601/2633/1154 1881/1214/484
f 1601/2633/1154 911/3066/1382 1119/2634/1383
f 1602/2635/1156 1882/1213/483 1284/1212/482
f 1082/2025/1160 1605/3019/1163 1882/2636/483
f 910/2638/1498 1118/1211/481 1882/1213/483
f 1883/1208/478 1301/1210/480 949/1896/1166
f 1609/1903/1173 1883/1208/478 1606/2023/1259
f 900/1902/1172 1108/2976/1581 1883/1208/478
f 1610/2014/1254 1884/1205/475 1300/1207/477
f 1084/1908/1178 1613/1912/1182 1884/1205/475
f 1613/1912/1182 907/1911/1181 1115/2372/1436
f 1614/2002/1249 1885/2640/474 1285/2639/473
f 1085/1917/1187 1617/1995/1190 1885/2640/474
f 906/2641/1487 1114/1202/472 1885/1204/474
f 1886/1199/469 1297/1201/471 945/1923/1193
f 1086/1926/1196 1621/1930/1200 1886/1199/469
f 888/2643/1199 1096/3067/1580 1886/2644/469
f 1622/2646/1539 1887/1196/466 1296/1198/468
f 1087/1978/1237 1625/1938/1208 1887/1196/466
f 1625/1938/1208 891/3007/1475 1099/2648/1476
f 1888/1193/463 1289/1195/465 937/2649/1540
f 1629/1948/1218 1888/1193/463 1626/1940/1210
f 1629/1948/1218 890/1947/1217 1098/2181/1325
f 1630/1949/1219 1889/1192/462 1293/1191/461
f 1633/1956/1226 1889/1192/462 1630/1949/1219
f 884/2651/1542 1092/1190/460 1889/1192/462
usemtl MetalEscuro
f 1/1/1 4/2/1 3/3/1
f 3/4/2 6/5/2 5/6/2
f 6/5/3 7/7/3 5/6/3
f 8/8/4 9/9/4 7/7/4
f 10/10/5 11/11/5 9/12/5
f 12/13/6 13/14/6 11/11/6
f 14/15/7 15/16/7 13/17/7
f 16/18/8 17/19/8 15/16/8
f 18/20/9 8/21/9 6/22/9
f 17/19/10 20/23/10 19/24/10
f 20/23/11 1/25/11 19/24/11
f 7/26/12 17/27/12 5/28/12
f 22/29/8 30/30/8 29/31/8
f 30/32/12 28/33/12 31/34/12
f 28/35/13 32/36/13 31/37/13
f 26/38/9 29/39/9 32/40/9
f 23/41/14 25/42/14 21/43/14
f 24/44/15 35/45/15 28/33/15
f 32/40/9 21/46/9 25/47/9
f 31/37/16 25/48/16 27/49/16
f 23/50/12 31/34/12 27/51/12
f 29/31/8 23/41/8 21/43/8
f 34/52/17 36/53/17 35/54/17
f 26/55/18 35/54/18 36/53/18
f 24/56/19 33/57/19 34/58/19
f 26/38/20 33/59/20 22/60/20
f 38/61/11 39/62/11 37/63/11
f 40/64/10 41/65/10 39/62/10
f 42/66/8 43/67/8 41/65/8
f 44/68/7 45/69/7 43/67/7
f 46/70/6 47/71/6 45/72/6
f 48/73/5 49/74/5 47/71/5
f 50/75/4 51/76/4 49/77/4
f 52/78/3 53/79/3 51/76/3
f 54/80/12 44/81/12 42/82/12
f 53/79/2 56/83/2 55/84/2
f 56/85/1 37/86/1 55/87/1
f 43/88/9 53/89/9 41/90/9
f 58/91/3 66/92/3 65/93/3
f 66/94/9 64/95/9 67/96/9
f 64/97/21 68/98/21 67/99/21
f 62/100/12 65/101/12 68/102/12
f 63/103/22 57/104/22 59/105/22
f 60/106/20 71/107/20 64/95/20
f 68/102/12 57/108/12 61/109/12
f 67/99/23 61/110/23 63/111/23
f 59/112/9 67/96/9 63/113/9
f 57/114/3 66/92/3 59/115/3
f 70/116/17 72/117/17 71/118/17
f 64/97/19 72/119/19 62/120/19
f 58/121/18 70/116/18 60/122/18
f 62/100/15 69/123/15 58/124/15
f 74/125/1 75/126/1 73/127/1
f 75/128/2 78/129/2 77/130/2
f 78/129/3 79/131/3 77/130/3
f 80/132/4 81/133/4 79/131/4
f 82/134/5 83/135/5 81/10/5
f 84/136/6 85/137/6 83/135/6
f 86/138/7 87/139/7 85/140/7
f 88/141/8 89/142/8 87/139/8
f 90/143/9 80/144/9 78/145/9
f 90/146/10 91/147/10 89/142/10
f 91/147/11 74/148/11 73/149/11
f 79/150/12 89/151/12 77/152/12
f 94/153/8 102/154/8 101/155/8
f 102/156/12 100/157/12 103/158/12
f 100/159/13 104/160/13 103/161/13
f 98/162/9 101/163/9 104/164/9
f 95/165/14 97/166/14 93/167/14
f 96/168/15 107/169/15 100/157/15
f 104/164/9 93/170/9 97/171/9
f 99/172/16 104/160/16 97/173/16
f 95/174/12 103/158/12 99/175/12
f 101/155/8 95/165/8 93/167/8
f 106/176/17 108/177/17 107/178/17
f 100/179/18 108/177/18 98/180/18
f 96/181/19 105/182/19 106/183/19
f 94/184/20 108/185/20 105/186/20
f 110/187/11 111/188/11 109/189/11
f 111/188/10 114/190/10 113/191/10
f 114/190/8 115/192/8 113/191/8
f 116/193/7 117/194/7 115/192/7
f 118/195/6 119/196/6 117/197/6
f 120/198/5 121/72/5 119/196/5
f 122/199/4 123/200/4 121/201/4
f 124/202/3 125/203/3 123/200/3
f 126/204/12 116/205/12 114/206/12
f 125/203/2 128/207/2 127/208/2
f 128/209/1 109/210/1 127/211/1
f 115/212/9 125/213/9 113/214/9
f 130/215/3 138/216/3 137/217/3
f 138/218/9 136/219/9 139/220/9
f 136/221/21 140/222/21 139/223/21
f 134/224/12 137/225/12 140/226/12
f 135/227/22 129/228/22 131/229/22
f 132/230/20 143/231/20 136/219/20
f 140/226/12 129/232/12 133/233/12
f 139/223/23 133/234/23 135/235/23
f 131/236/9 139/220/9 135/237/9
f 137/217/3 131/238/3 129/239/3
f 142/240/17 144/241/17 143/242/17
f 136/221/19 144/243/19 134/244/19
f 130/245/18 142/240/18 132/246/18
f 134/224/15 141/247/15 130/248/15
f 256/384/77 269/385/78 257/386/79
f 246/387/80 259/388/81 247/389/82
f 244/390/76 255/391/83 256/392/77
f 250/393/84 263/394/85 251/395/86
f 248/396/87 259/388/81 260/397/88
f 244/383/76 257/386/79 245/381/74
f 251/395/86 264/398/89 252/399/90
f 242/400/91 254/401/92 253/402/93
f 249/403/94 260/397/88 261/404/95
f 245/405/74 258/406/96 246/387/80
f 252/399/90 254/401/92 241/407/97
f 243/408/98 253/402/93 255/391/83
f 250/409/84 261/404/95 262/410/99
f 269/411/78 280/412/100 281/413/101
f 263/394/85 276/414/102 264/398/89
f 254/401/92 265/415/103 253/402/93
f 260/397/88 273/416/104 261/404/95
f 257/417/79 270/418/105 258/406/96
f 264/398/89 266/419/106 254/401/92
f 253/402/93 267/420/107 255/391/83
f 261/404/95 274/421/108 262/410/99
f 258/406/96 271/422/109 259/388/81
f 255/423/83 268/424/110 256/384/77
f 262/425/99 275/426/111 263/427/85
f 259/388/81 272/428/112 260/397/88
f 284/429/113 283/430/114 288/431/115
f 276/414/102 287/432/116 288/433/115
f 266/419/106 277/434/117 265/415/103
f 272/428/112 285/435/118 273/416/104
f 270/436/105 281/413/101 282/437/119
f 266/419/106 288/433/115 278/438/120
f 265/415/103 279/439/121 267/420/107
f 273/416/104 286/440/122 274/421/108
f 271/422/109 282/441/119 283/442/114
f 267/443/107 280/412/100 268/444/110
f 275/426/111 286/445/122 287/446/116
f 271/422/109 284/447/113 272/428/112
f 316/468/77 329/469/78 317/470/79
f 306/471/80 319/472/81 307/473/82
f 304/474/76 315/475/83 316/476/77
f 310/477/84 323/478/85 311/479/86
f 308/480/87 319/472/81 320/481/88
f 304/467/76 317/470/79 305/465/74
f 311/479/86 324/482/89 312/483/90
f 302/484/91 314/485/92 313/486/93
f 309/487/94 320/481/88 321/488/95
f 305/489/74 318/490/96 306/471/80
f 312/483/90 314/485/92 301/491/97
f 303/492/98 313/486/93 315/475/83
f 310/493/84 321/488/95 322/494/99
f 329/495/78 340/496/100 341/497/101
f 323/478/85 336/498/102 324/482/89
f 314/485/92 325/499/103 313/486/93
f 320/481/88 333/500/104 321/488/95
f 317/501/79 330/502/105 318/490/96
f 324/482/89 326/503/106 314/485/92
f 313/486/93 327/504/107 315/475/83
f 321/488/95 334/505/108 322/494/99
f 318/490/96 331/506/109 319/472/81
f 315/507/83 328/508/110 316/468/77
f 322/509/99 335/510/111 323/511/85
f 319/472/81 332/512/134 320/481/88
f 344/513/113 343/514/114 348/515/115
f 336/498/102 347/516/116 348/517/115
f 326/503/106 337/518/117 325/499/103
f 332/512/134 345/519/118 333/500/104
f 330/520/105 341/497/101 342/521/119
f 326/503/106 348/517/115 338/522/120
f 325/499/103 339/523/121 327/504/107
f 333/500/104 346/524/122 334/505/108
f 331/506/109 342/525/119 343/526/114
f 327/527/107 340/496/100 328/528/110
f 335/510/111 346/529/122 347/530/116
f 331/506/109 344/531/113 332/512/134
f 376/552/135 389/553/78 377/554/79
f 366/555/80 379/556/81 367/557/82
f 364/558/76 375/559/83 376/560/135
f 370/561/84 383/562/85 371/563/86
f 368/564/87 379/556/81 380/565/88
f 364/551/76 377/554/79 365/549/74
f 371/563/86 384/566/89 372/567/90
f 362/568/91 374/569/92 373/570/93
f 369/571/94 380/565/88 381/572/95
f 365/573/74 378/574/96 366/555/80
f 372/567/90 374/569/92 361/575/97
f 363/576/98 373/570/93 375/559/83
f 370/577/84 381/572/95 382/578/99
f 389/579/78 400/580/100 401/581/101
f 383/562/85 396/582/102 384/566/89
f 374/569/92 385/583/103 373/570/93
f 380/565/88 393/584/104 381/572/95
f 377/585/79 390/586/105 378/574/96
f 384/566/89 386/587/106 374/569/92
f 373/570/93 387/588/107 375/559/83
f 381/572/95 394/589/108 382/578/99
f 378/574/96 391/590/109 379/556/81
f 375/591/83 388/592/110 376/552/135
f 382/593/99 395/594/111 383/595/85
f 379/556/81 392/596/112 380/565/88
f 404/597/113 403/598/114 408/599/115
f 396/582/102 407/600/116 408/601/115
f 386/587/106 397/602/117 385/583/103
f 392/596/112 405/603/118 393/584/104
f 390/604/105 401/581/101 402/605/119
f 386/587/106 408/601/115 398/606/120
f 385/583/103 399/607/121 387/588/107
f 393/584/104 406/608/122 394/589/108
f 391/590/109 402/609/119 403/610/114
f 387/611/107 400/580/100 388/612/110
f 395/594/111 406/613/122 407/614/116
f 391/590/109 404/615/113 392/596/112
f 436/636/135 449/637/78 437/638/79
f 426/639/80 439/640/81 427/641/82
f 424/642/76 435/643/83 436/644/135
f 430/645/84 443/646/85 431/647/86
f 428/648/87 439/640/81 440/649/88
f 424/635/76 437/638/79 425/633/74
f 431/647/86 444/650/89 432/651/90
f 422/652/91 434/653/92 433/654/93
f 429/655/94 440/649/88 441/656/95
f 425/657/74 438/658/96 426/639/80
f 432/651/90 434/653/92 421/659/97
f 423/660/98 433/654/93 435/643/83
f 430/661/84 441/656/95 442/662/136
f 449/663/78 460/664/100 461/665/101
f 443/646/85 456/666/102 444/650/89
f 434/653/92 445/667/137 433/654/93
f 440/649/88 453/668/104 441/656/95
f 437/669/79 450/670/105 438/658/96
f 444/650/89 446/671/106 434/653/92
f 433/654/93 447/672/138 435/643/83
f 441/656/95 454/673/108 442/662/136
f 438/658/96 451/674/109 439/640/81
f 435/675/83 448/676/110 436/636/135
f 442/677/136 455/678/111 443/679/85
f 439/640/81 452/680/134 440/649/88
f 464/681/113 463/682/114 468/683/115
f 456/666/102 467/684/116 468/685/115
f 446/671/106 457/686/117 445/667/137
f 452/680/134 465/687/118 453/668/104
f 450/688/105 461/665/101 462/689/119
f 446/671/106 468/685/115 458/690/120
f 445/667/137 459/691/121 447/672/138
f 453/668/104 466/692/122 454/673/108
f 451/674/109 462/693/119 463/694/114
f 447/695/138 460/664/100 448/696/110
f 455/678/111 466/697/122 467/698/116
f 451/674/109 464/699/113 452/680/134
f 616/928/294 631/929/295 614/926/293
f 614/926/293 630/940/301 612/941/292
f 612/925/292 629/942/302 610/924/290
f 610/924/290 628/943/303 608/922/288
f 625/939/300 624/919/286 602/923/289
f 626/944/304 602/923/289 604/915/283
f 628/945/303 606/946/284 608/947/288
f 636/938/299 622/918/285 624/919/286
f 627/948/305 604/915/283 606/917/284
f 635/949/306 620/914/281 622/934/285
f 620/914/281 633/950/307 618/935/297
f 618/935/297 632/951/308 616/952/294
f 634/959/313 645/960/314 633/961/307
f 647/964/316 634/959/313 635/965/306
f 648/969/318 635/970/306 636/938/299
f 633/961/307 644/972/320 632/973/308
f 688/1021/358 703/1022/359 686/1020/357
f 686/1020/357 702/1032/367 684/1019/356
f 684/1019/356 701/1033/368 682/1018/354
f 682/1017/354 700/1034/369 680/1012/351
f 697/1031/366 696/1014/349 674/1015/353
f 698/1035/370 674/1015/353 676/1013/352
f 700/1034/369 678/1009/348 680/1012/351
f 708/1036/365 694/1037/362 696/1038/349
f 699/1039/371 676/1040/352 678/1009/348
f 707/1041/372 692/1042/347 694/1037/362
f 692/1042/347 705/1043/373 690/1044/345
f 690/1044/345 704/1045/374 688/1046/358
f 706/1053/379 717/1054/380 705/1043/373
f 719/1058/382 706/1053/379 707/1041/372
f 720/1062/384 707/1041/372 708/1036/365
f 705/1043/373 716/1064/386 704/1045/374
f 1/1/1 2/2652/1 4/2/1
f 3/4/2 4/2653/2 6/5/2
f 6/5/3 8/8/3 7/7/3
f 8/8/4 10/2654/4 9/9/4
f 10/10/5 12/13/5 11/11/5
f 12/13/6 14/2655/6 13/14/6
f 14/15/7 16/18/7 15/16/7
f 16/18/8 18/2656/8 17/19/8
f 6/22/9 4/2657/9 20/2658/9
f 2/2659/9 20/2658/9 4/2657/9
f 18/20/9 16/2660/9 8/21/9
f 14/2661/9 12/2662/9 10/2663/9
f 10/2663/9 8/21/9 16/2660/9
f 6/22/9 20/2658/9 18/20/9
f 16/2660/9 14/2661/9 10/2663/9
f 17/19/10 18/2656/10 20/23/10
f 20/23/11 2/2664/11 1/25/11
f 19/2665/12 1/2666/12 3/2667/12
f 3/2667/12 5/28/12 19/2665/12
f 7/26/12 9/2668/12 15/2669/12
f 11/2670/12 13/2671/12 9/2668/12
f 15/2669/12 17/27/12 7/26/12
f 19/2665/12 5/28/12 17/27/12
f 9/2668/12 13/2671/12 15/2669/12
f 22/29/8 24/56/8 30/30/8
f 30/32/12 24/44/12 28/33/12
f 28/35/13 26/2672/13 32/36/13
f 26/38/9 22/60/9 29/39/9
f 23/41/14 27/2673/14 25/42/14
f 24/44/15 34/2674/15 35/45/15
f 32/40/9 29/39/9 21/46/9
f 31/37/16 32/36/16 25/48/16
f 23/50/12 30/32/12 31/34/12
f 29/31/8 30/30/8 23/41/8
f 34/52/17 33/2675/17 36/53/17
f 26/55/18 28/2676/18 35/54/18
f 24/56/19 22/29/19 33/57/19
f 26/38/20 36/2677/20 33/59/20
f 38/61/11 40/64/11 39/62/11
f 40/64/10 42/66/10 41/65/10
f 42/66/8 44/68/8 43/67/8
f 44/68/7 46/2678/7 45/69/7
f 46/70/6 48/73/6 47/71/6
f 48/73/5 50/2652/5 49/74/5
f 50/75/4 52/78/4 51/76/4
f 52/78/3 54/2679/3 53/79/3
f 42/82/12 40/2680/12 56/2681/12
f 38/2682/12 56/2681/12 40/2680/12
f 54/80/12 52/2683/12 44/81/12
f 50/2684/12 48/2685/12 46/2686/12
f 46/2686/12 44/81/12 52/2683/12
f 42/82/12 56/2681/12 54/80/12
f 52/2683/12 50/2684/12 46/2686/12
f 53/79/2 54/2679/2 56/83/2
f 56/85/1 38/2687/1 37/86/1
f 55/2688/9 37/2689/9 39/2690/9
f 39/2690/9 41/90/9 55/2688/9
f 43/88/9 45/2691/9 49/2692/9
f 47/2693/9 49/2692/9 45/2691/9
f 51/2694/9 53/89/9 43/88/9
f 55/2688/9 41/90/9 53/89/9
f 43/88/9 49/2692/9 51/2694/9
f 58/91/3 60/2695/3 66/92/3
f 66/94/9 60/106/9 64/95/9
f 64/97/21 62/120/21 68/98/21
f 62/100/12 58/124/12 65/101/12
f 63/103/22 61/2696/22 57/104/22
f 60/106/20 70/2697/20 71/107/20
f 68/102/12 65/101/12 57/108/12
f 67/99/23 68/98/23 61/110/23
f 59/112/9 66/94/9 67/96/9
f 57/114/3 65/93/3 66/92/3
f 70/116/17 69/2698/17 72/117/17
f 64/97/19 71/2699/19 72/119/19
f 58/121/18 69/2698/18 70/116/18
f 62/100/15 72/2700/15 69/123/15
f 74/125/1 76/2701/1 75/126/1
f 75/128/2 76/2702/2 78/129/2
f 78/129/3 80/132/3 79/131/3
f 80/132/4 82/2703/4 81/133/4
f 82/134/5 84/136/5 83/135/5
f 84/136/6 86/2704/6 85/137/6
f 86/138/7 88/141/7 87/139/7
f 88/141/8 90/146/8 89/142/8
f 78/145/9 76/2705/9 92/2706/9
f 74/2707/9 92/2706/9 76/2705/9
f 90/143/9 88/2708/9 80/144/9
f 86/2709/9 84/2710/9 82/2711/9
f 82/2711/9 80/144/9 88/2708/9
f 78/145/9 92/2706/9 90/143/9
f 88/2708/9 86/2709/9 82/2711/9
f 90/146/10 92/2712/10 91/147/10
f 91/147/11 92/2712/11 74/148/11
f 91/2713/12 73/2714/12 75/2715/12
f 75/2715/12 77/152/12 91/2713/12
f 79/150/12 81/2716/12 87/2717/12
f 83/2718/12 85/2719/12 81/2716/12
f 87/2717/12 89/151/12 79/150/12
f 91/2713/12 77/152/12 89/151/12
f 81/2716/12 85/2719/12 87/2717/12
f 94/153/8 96/181/8 102/154/8
f 102/156/12 96/168/12 100/157/12
f 100/159/13 98/2720/13 104/160/13
f 98/162/9 94/184/9 101/163/9
f 95/165/14 99/2721/14 97/166/14
f 96/168/15 106/2722/15 107/169/15
f 104/164/9 101/163/9 93/170/9
f 99/172/16 103/161/16 104/160/16
f 95/174/12 102/156/12 103/158/12
f 101/155/8 102/154/8 95/165/8
f 106/176/17 105/2723/17 108/177/17
f 100/179/18 107/178/18 108/177/18
f 96/181/19 94/153/19 105/182/19
f 94/184/20 98/162/20 108/185/20
f 110/187/11 112/2724/11 111/188/11
f 111/188/10 112/2724/10 114/190/10
f 114/190/8 116/193/8 115/192/8
f 116/193/7 118/2725/7 117/194/7
f 118/195/6 120/198/6 119/196/6
f 120/198/5 122/70/5 121/72/5
f 122/199/4 124/202/4 123/200/4
f 124/202/3 126/2726/3 125/203/3
f 114/206/12 112/2727/12 128/2728/12
f 110/2729/12 128/2728/12 112/2727/12
f 126/204/12 124/2730/12 116/205/12
f 122/2731/12 120/2732/12 118/2733/12
f 118/2733/12 116/205/12 124/2730/12
f 114/206/12 128/2728/12 126/204/12
f 124/2730/12 122/2731/12 118/2733/12
f 125/203/2 126/2726/2 128/207/2
f 128/209/1 110/2734/1 109/210/1
f 127/2735/9 109/2736/9 111/2737/9
f 111/2737/9 113/214/9 127/2735/9
f 115/212/9 117/2738/9 121/2739/9
f 119/2740/9 121/2739/9 117/2738/9
f 123/2741/9 125/213/9 115/212/9
f 127/2735/9 113/214/9 125/213/9
f 115/212/9 121/2739/9 123/2741/9
f 130/215/3 132/2742/3 138/216/3
f 138/218/9 132/230/9 136/219/9
f 136/221/21 134/244/21 140/222/21
f 134/224/12 130/248/12 137/225/12
f 135/227/22 133/2743/22 129/228/22
f 132/230/20 142/2744/20 143/231/20
f 140/226/12 137/225/12 129/232/12
f 139/223/23 140/222/23 133/234/23
f 131/236/9 138/218/9 139/220/9
f 137/217/3 138/216/3 131/238/3
f 142/240/17 141/2745/17 144/241/17
f 136/221/19 143/2746/19 144/243/19
f 130/245/18 141/2745/18 142/240/18
f 134/224/15 144/2747/15 141/247/15
f 256/384/77 268/424/110 269/385/78
f 246/387/80 258/406/96 259/388/81
f 244/390/76 243/408/98 255/391/83
f 250/393/84 262/2838/99 263/394/85
f 248/396/87 247/389/82 259/388/81
f 244/383/76 256/384/77 257/386/79
f 251/395/86 263/394/85 264/398/89
f 242/400/91 241/407/97 254/401/92
f 249/403/94 248/396/87 260/397/88
f 245/405/74 257/417/79 258/406/96
f 252/399/90 264/398/89 254/401/92
f 243/408/98 242/400/91 253/402/93
f 250/409/84 249/403/94 261/404/95
f 269/411/78 268/444/110 280/412/100
f 263/394/85 275/2839/111 276/414/102
f 254/401/92 266/419/106 265/415/103
f 260/397/88 272/428/112 273/416/104
f 257/417/79 269/2840/78 270/418/105
f 264/398/89 276/414/102 266/419/106
f 253/402/93 265/415/103 267/420/107
f 261/404/95 273/416/104 274/421/108
f 258/406/96 270/418/105 271/422/109
f 255/423/83 267/2841/107 268/424/110
f 262/425/99 274/2842/108 275/426/111
f 259/388/81 271/422/109 272/428/112
f 279/2843/121 277/2844/117 282/437/119
f 278/2845/120 288/431/115 283/430/114
f 287/2846/116 286/2847/122 285/2848/118
f 285/2848/118 284/429/113 287/2846/116
f 283/430/114 282/437/119 277/2844/117
f 281/413/101 280/412/100 279/2843/121
f 277/2844/117 278/2845/120 283/430/114
f 287/2846/116 284/429/113 288/431/115
f 282/437/119 281/413/101 279/2843/121
f 276/414/102 275/2839/111 287/432/116
f 266/419/106 278/438/120 277/434/117
f 272/428/112 284/447/113 285/435/118
f 270/436/105 269/411/78 281/413/101
f 266/419/106 276/414/102 288/433/115
f 265/415/103 277/434/117 279/439/121
f 273/416/104 285/435/118 286/440/122
f 271/422/109 270/418/105 282/441/119
f 267/443/107 279/2843/121 280/412/100
f 275/426/111 274/2842/108 286/445/122
f 271/422/109 283/442/114 284/447/113
f 316/468/77 328/508/110 329/469/78
f 306/471/80 318/490/96 319/472/81
f 304/474/76 303/492/98 315/475/83
f 310/477/84 322/2862/99 323/478/85
f 308/480/87 307/473/82 319/472/81
f 304/467/76 316/468/77 317/470/79
f 311/479/86 323/478/85 324/482/89
f 302/484/91 301/491/97 314/485/92
f 309/487/94 308/480/87 320/481/88
f 305/489/74 317/501/79 318/490/96
f 312/483/90 324/482/89 314/485/92
f 303/492/98 302/484/91 313/486/93
f 310/493/84 309/487/94 321/488/95
f 329/495/78 328/528/110 340/496/100
f 323/478/85 335/2863/111 336/498/102
f 314/485/92 326/503/106 325/499/103
f 320/481/88 332/512/134 333/500/104
f 317/501/79 329/2864/78 330/502/105
f 324/482/89 336/498/102 326/503/106
f 313/486/93 325/499/103 327/504/107
f 321/488/95 333/500/104 334/505/108
f 318/490/96 330/502/105 331/506/109
f 315/507/83 327/2865/107 328/508/110
f 322/509/99 334/2866/108 335/510/111
f 319/472/81 331/506/109 332/512/134
f 339/2867/121 337/2868/117 342/521/119
f 338/2869/120 348/515/115 343/514/114
f 347/2870/116 346/2871/122 345/2872/118
f 345/2872/118 344/513/113 347/2870/116
f 343/514/114 342/521/119 337/2868/117
f 341/497/101 340/496/100 339/2867/121
f 337/2868/117 338/2869/120 343/514/114
f 347/2870/116 344/513/113 348/515/115
f 342/521/119 341/497/101 339/2867/121
f 336/498/102 335/2863/111 347/516/116
f 326/503/106 338/522/120 337/518/117
f 332/512/134 344/531/113 345/519/118
f 330/520/105 329/495/78 341/497/101
f 326/503/106 336/498/102 348/517/115
f 325/499/103 337/518/117 339/523/121
f 333/500/104 345/519/118 346/524/122
f 331/506/109 330/502/105 342/525/119
f 327/527/107 339/2867/121 340/496/100
f 335/510/111 334/2866/108 346/529/122
f 331/506/109 343/526/114 344/531/113
f 376/552/135 388/592/110 389/553/78
f 366/555/80 378/574/96 379/556/81
f 364/558/76 363/576/98 375/559/83
f 370/561/84 382/2886/99 383/562/85
f 368/564/87 367/557/82 379/556/81
f 364/551/76 376/552/135 377/554/79
f 371/563/86 383/562/85 384/566/89
f 362/568/91 361/575/97 374/569/92
f 369/571/94 368/564/87 380/565/88
f 365/573/74 377/585/79 378/574/96
f 372/567/90 384/566/89 374/569/92
f 363/576/98 362/568/91 373/570/93
f 370/577/84 369/571/94 381/572/95
f 389/579/78 388/612/110 400/580/100
f 383/562/85 395/2887/111 396/582/102
f 374/569/92 386/587/106 385/583/103
f 380/565/88 392/596/112 393/584/104
f 377/585/79 389/2888/78 390/586/105
f 384/566/89 396/582/102 386/587/106
f 373/570/93 385/583/103 387/588/107
f 381/572/95 393/584/104 394/589/108
f 378/574/96 390/586/105 391/590/109
f 375/591/83 387/2889/107 388/592/110
f 382/593/99 394/2890/108 395/594/111
f 379/556/81 391/590/109 392/596/112
f 399/2891/121 397/2892/117 402/605/119
f 398/2893/120 408/599/115 403/598/114
f 407/2894/116 406/2895/122 405/2896/118
f 405/2896/118 404/597/113 407/2894/116
f 403/598/114 402/605/119 397/2892/117
f 401/581/101 400/580/100 399/2891/121
f 397/2892/117 398/2893/120 403/598/114
f 407/2894/116 404/597/113 408/599/115
f 402/605/119 401/581/101 399/2891/121
f 396/582/102 395/2887/111 407/600/116
f 386/587/106 398/606/120 397/602/117
f 392/596/112 404/615/113 405/603/118
f 390/604/105 389/579/78 401/581/101
f 386/587/106 396/582/102 408/601/115
f 385/583/103 397/602/117 399/607/121
f 393/584/104 405/603/118 406/608/122
f 391/590/109 390/586/105 402/609/119
f 387/611/107 399/2891/121 400/580/100
f 395/594/111 394/2890/108 406/613/122
f 391/590/109 403/610/114 404/615/113
f 436/636/135 448/676/110 449/637/78
f 426/639/80 438/658/96 439/640/81
f 424/642/76 423/660/98 435/643/83
f 430/645/84 442/2910/136 443/646/85
f 428/648/87 427/641/82 439/640/81
f 424/635/76 436/636/135 437/638/79
f 431/647/86 443/646/85 444/650/89
f 422/652/91 421/659/97 434/653/92
f 429/655/94 428/648/87 440/649/88
f 425/657/74 437/669/79 438/658/96
f 432/651/90 444/650/89 434/653/92
f 423/660/98 422/652/91 433/654/93
f 430/661/84 429/655/94 441/656/95
f 449/663/78 448/696/110 460/664/100
f 443/646/85 455/2911/111 456/666/102
f 434/653/92 446/671/106 445/667/137
f 440/649/88 452/680/134 453/668/104
f 437/669/79 449/2912/78 450/670/105
f 444/650/89 456/666/102 446/671/106
f 433/654/93 445/667/137 447/672/138
f 441/656/95 453/668/104 454/673/108
f 438/658/96 450/670/105 451/674/109
f 435/675/83 447/2913/138 448/676/110
f 442/677/136 454/2914/108 455/678/111
f 439/640/81 451/674/109 452/680/134
f 459/2915/121 457/2916/117 462/689/119
f 458/2917/120 468/683/115 463/682/114
f 467/2918/116 466/2919/122 465/2920/118
f 465/2920/118 464/681/113 467/2918/116
f 463/682/114 462/689/119 457/2916/117
f 461/665/101 460/664/100 459/2915/121
f 457/2916/117 458/2917/120 463/682/114
f 467/2918/116 464/681/113 468/683/115
f 462/689/119 461/665/101 459/2915/121
f 456/666/102 455/2911/111 467/684/116
f 446/671/106 458/690/120 457/686/117
f 452/680/134 464/699/113 465/687/118
f 450/688/105 449/663/78 461/665/101
f 446/671/106 456/666/102 468/685/115
f 445/667/137 457/686/117 459/691/121
f 453/668/104 465/687/118 466/692/122
f 451/674/109 450/670/105 462/693/119
f 447/695/138 459/2915/121 460/664/100
f 455/678/111 454/2914/108 466/697/122
f 451/674/109 463/694/114 464/699/113
f 616/928/294 632/966/308 631/929/295
f 614/926/293 631/929/295 630/940/301
f 612/925/292 630/2950/301 629/942/302
f 610/924/290 629/942/302 628/943/303
f 625/939/300 636/938/299 624/919/286
f 626/944/304 625/939/300 602/923/289
f 628/945/303 627/958/305 606/946/284
f 636/938/299 635/970/306 622/918/285
f 627/948/305 626/944/304 604/915/283
f 635/949/306 634/2951/313 620/914/281
f 620/914/281 634/2951/313 633/950/307
f 618/935/297 633/950/307 632/951/308
f 634/959/313 646/980/325 645/960/314
f 647/964/316 646/980/325 634/959/313
f 648/969/318 647/2952/316 635/970/306
f 633/961/307 645/960/314 644/972/320
f 688/1021/358 704/1059/374 703/1022/359
f 686/1020/357 703/1022/359 702/1032/367
f 684/1019/356 702/1032/367 701/1033/368
f 682/1017/354 701/2962/368 700/1034/369
f 697/1031/366 708/1030/365 696/1014/349
f 698/1035/370 697/1031/366 674/1015/353
f 700/1034/369 699/1039/371 678/1009/348
f 708/1036/365 707/1041/372 694/1037/362
f 699/1039/371 698/2963/370 676/1040/352
f 707/1041/372 706/1053/379 692/1042/347
f 692/1042/347 706/1053/379 705/1043/373
f 690/1044/345 705/1043/373 704/1045/374
f 706/1053/379 718/1071/390 717/1054/380
f 719/1058/382 718/1071/390 706/1053/379
f 720/1062/384 719/1058/382 707/1041/372
f 705/1043/373 717/1054/380 716/1064/386
usemtl Colchao
f 767/1103/9 774/1104/9 747/1105/9
f 745/1106/3 788/1107/3 761/1108/3
f 759/1109/12 780/1110/12 752/1111/12
f 775/1112/411 781/1113/411 789/1114/411
f 753/1115/8 794/1116/8 766/1117/8
f 745/1106/412 749/1118/412 751/1119/412
f 746/1120/413 749/1118/413 748/1121/413
f 747/1122/414 749/1118/414 750/1123/414
f 752/1124/415 756/1125/415 758/1126/415
f 753/1115/416 756/1125/416 755/1127/416
f 754/1128/417 756/1125/417 757/1129/417
f 759/1109/418 763/1130/418 765/1131/418
f 760/1132/419 763/1133/419 762/1134/419
f 761/1108/420 763/1135/420 764/1136/420
f 766/1117/421 770/1137/421 772/1138/421
f 767/1103/422 770/1139/422 769/1140/422
f 768/1141/423 770/1137/423 771/1142/423
f 773/1143/424 777/1144/424 779/1145/424
f 774/1146/425 777/1144/425 776/1147/425
f 775/1112/426 777/1148/426 778/1149/426
f 780/1150/427 784/1151/427 786/1152/427
f 781/1153/428 784/1151/428 783/1154/428
f 782/1155/429 784/1151/429 785/1156/429
f 787/1157/430 791/1158/430 793/1159/430
f 788/1107/431 791/1160/431 790/1161/431
f 789/1114/432 791/1162/432 792/1163/432
f 794/1116/433 798/1164/433 800/1165/433
f 795/1166/434 798/1164/434 797/1167/434
f 796/1168/435 798/1164/435 799/1169/435
f 752/1111/436 762/1170/436 759/1109/436
f 758/1171/437 760/1132/437 762/1134/437
f 746/1120/438 764/1136/438 760/1172/438
f 748/1121/439 761/1108/439 764/1136/439
f 754/1128/440 772/1138/440 768/1141/440
f 757/1129/441 766/1117/441 772/1138/441
f 768/1173/442 750/1174/442 746/1175/442
f 771/1176/443 747/1105/443 750/1177/443
f 781/1113/444 793/1178/444 789/1114/444
f 783/1179/445 787/1157/445 793/1159/445
f 773/1143/446 792/1180/446 788/1107/446
f 779/1181/447 789/1114/447 792/1163/447
f 782/1155/448 797/1167/448 794/1116/448
f 785/1156/449 795/1166/449 797/1167/449
f 796/1182/450 778/1183/450 774/1146/450
f 799/1184/451 775/1112/451 778/1149/451
f 794/1116/452 769/1185/452 766/1117/452
f 800/1165/453 767/1186/453 769/1185/453
f 745/1106/454 776/1147/454 773/1143/454
f 751/1119/455 774/1146/455 776/1147/455
f 759/1109/456 790/1187/456 787/1157/456
f 765/1188/457 788/1107/457 790/1161/457
f 780/1150/458 755/1127/458 752/1124/458
f 786/1152/459 753/1115/459 755/1127/459
f 746/1175/17 754/1189/17 768/1173/17
f 767/1103/9 796/2966/9 774/1104/9
f 745/1106/3 773/1143/3 788/1107/3
f 759/1109/12 787/1157/12 780/1110/12
f 775/1112/411 795/2967/411 781/1113/411
f 753/1115/8 782/1155/8 794/1116/8
f 745/1106/1555 748/1121/1555 749/1118/1555
f 746/1120/1556 750/1123/1556 749/1118/1556
f 747/1122/1557 751/1119/1557 749/1118/1557
f 752/1124/1558 755/1127/1558 756/1125/1558
f 753/1115/1559 757/1129/1559 756/1125/1559
f 754/1128/1560 758/1126/1560 756/1125/1560
f 759/1109/1561 762/1170/1561 763/1130/1561
f 760/1132/1562 764/2968/1562 763/1133/1562
f 761/1108/1563 765/1188/1563 763/1135/1563
f 766/1117/1564 769/1185/1564 770/1137/1564
f 767/1103/1565 771/1176/1565 770/1139/1565
f 768/1141/1566 772/1138/1566 770/1137/1566
f 773/1143/1567 776/1147/1567 777/1144/1567
f 774/1146/1568 778/1183/1568 777/1144/1568
f 775/1112/1569 779/1181/1569 777/1148/1569
f 780/1150/1570 783/1154/1570 784/1151/1570
f 781/1153/1571 785/1156/1571 784/1151/1571
f 782/1155/1572 786/1152/1572 784/1151/1572
f 787/1157/1573 790/1187/1573 791/1158/1573
f 788/1107/1574 792/1180/1574 791/1160/1574
f 789/1114/1575 793/1178/1575 791/1162/1575
f 794/1116/1576 797/1167/1576 798/1164/1576
f 795/1166/1577 799/1169/1577 798/1164/1577
f 796/1168/1578 800/1165/1578 798/1164/1578
f 752/1111/436 758/2969/436 762/1170/436
f 758/1171/437 754/1189/437 760/1132/437
f 746/1120/438 748/1121/438 764/1136/438
f 748/1121/439 745/1106/439 761/1108/439
f 754/1128/440 757/1129/440 772/1138/440
f 757/1129/441 753/1115/441 766/1117/441
f 768/1173/442 771/2970/442 750/1174/442
f 771/1176/443 767/1103/443 747/1105/443
f 781/1113/444 783/2971/444 793/1178/444
f 783/1179/445 780/1110/445 787/1157/445
f 773/1143/446 779/1145/446 792/1180/446
f 779/1181/447 775/1112/447 789/1114/447
f 782/1155/448 785/1156/448 797/1167/448
f 785/1156/449 781/1153/449 795/1166/449
f 796/1182/450 799/2972/450 778/1183/450
f 799/1184/451 795/2967/451 775/1112/451
f 794/1116/452 800/1165/452 769/1185/452
f 800/1165/453 796/1168/453 767/1186/453
f 745/1106/454 751/1119/454 776/1147/454
f 751/1119/455 747/1122/455 774/1146/455
f 759/1109/456 765/1131/456 790/1187/456
f 765/1188/457 761/1108/457 788/1107/457
f 780/1150/458 786/1152/458 755/1127/458
f 786/1152/459 782/1155/459 753/1115/459
f 746/1175/17 760/1132/17 754/1189/17
