# File generated by ImageToStl.com - Free Image and 3D model conversion tools

mtllib scene.mtl

o obj1
v 0.41348892 3.76275992 0.27745115
v 0.41348892 3.76275992 0.97030084
v 0.60857925 3.74354517 0.97030084
v 0.60857925 3.74354517 0.27745109
v 0.79617238 3.68663943 0.97030084
v 0.79617238 3.68663943 0.27745109
v 0.96905917 3.59422952 0.97030084
v 0.96905917 3.59422952 0.27745109
v 1.12059569 3.46986669 0.97030084
v 1.12059569 3.46986669 0.27745109
v 1.24495852 3.31833017 0.97030084
v 1.24495852 3.31833017 0.27745109
v 1.33736843 3.14544338 0.97030084
v 1.33736843 3.14544338 0.27745109
v 1.39427418 2.95785025 0.97030084
v 1.39427418 2.95785026 0.27745109
v 1.41348892 2.76275992 0.97030084
v 1.41348892 2.76275994 0.27745109
v 1.39427418 2.5676696 0.97030084
v 1.39427418 2.56766962 0.27745109
v 1.33736843 2.38007647 0.97030084
v 1.33736843 2.38007647 0.27745109
v 1.24495852 2.20718968 0.97030084
v 1.24495852 2.20718968 0.27745109
v 1.12059569 2.05565315 0.97030084
v 1.12059569 2.05565315 0.27745109
v 0.96905917 1.93129033 0.97030084
v 0.96905917 1.93129033 0.27745109
v 0.79617238 1.83888042 0.97030084
v 0.79617238 1.83888042 0.27745109
v 0.60857925 1.78197467 0.97030084
v 0.60857925 1.78197467 0.27745109
v 0.41348892 1.76275992 0.97030084
v 0.41348892 1.76275992 0.27745109
v 0.2183986 1.78197467 0.97030084
v 0.2183986 1.78197467 0.27745109
v 0.03080547 1.83888042 0.97030084
v 0.03080547 1.83888042 0.27745109
v -0.14208132 1.93129033 0.97030084
v -0.14208132 1.93129033 0.27745109
v -0.29361784 2.05565315 0.97030084
v -0.29361784 2.05565315 0.27745109
v -0.41798067 2.20718968 0.97030084
v -0.41798067 2.20718968 0.27745109
v -0.51039058 2.38007647 0.97030084
v -0.51039058 2.38007647 0.27745109
v -0.56729633 2.5676696 0.97030084
v -0.56729633 2.56766962 0.27745109
v -0.58651108 2.76275992 0.97030084
v -0.58651108 2.76275994 0.27745109
v -0.56729633 2.95785025 0.97030084
v -0.56729633 2.95785026 0.27745109
v -0.51039058 3.14544338 0.97030084
v -0.51039058 3.14544338 0.27745109
v -0.41798067 3.31833017 0.97030084
v -0.41798067 3.31833017 0.27745109
v -0.29361784 3.46986669 0.97030084
v -0.29361784 3.46986669 0.27745109
v -0.14208132 3.59422952 0.97030084
v -0.14208132 3.59422952 0.27745109
v 0.03080547 3.68663943 0.97030084
v 0.03080547 3.68663943 0.27745109
v 0.71455836 2.03591406 1.34541528
v 0.56697281 1.99114442 1.34541528
v 0.55989203 2.02674186 1.32474654
v 0.70066893 2.06944615 1.32474654
v 0.2183986 3.74354517 0.97030084
v 0.2183986 3.74354517 0.27745109
v 0.41348892 3.76275992 0.97030084
v 0.41348892 3.76275992 0.27745115
v 0.96905917 3.59422952 -0.29456164
v 0.96905917 3.59422952 -0.06897376
v 1.12059569 3.46986669 -0.06897376
v 1.12059569 3.46986669 -0.29456164
v -0.16576886 3.14980763 -0.70348258
v -0.07912934 3.25537816 -0.70348258
v -0.07912934 3.25537816 -0.61456568
v -0.16576886 3.14980763 -0.61456568
v 1.12059569 2.05565315 -0.29456164
v 1.12059569 2.05565315 -0.06897376
v 0.96905917 1.93129033 -0.06897376
v 0.96905917 1.93129033 -0.29456164
v -0.41798067 2.20718968 -0.29456164
v -0.41798067 2.20718968 -0.06897376
v -0.51039058 2.38007647 -0.06897376
v -0.51039058 2.3800765 -0.29456164
v 0.03080547 3.68663943 -0.29456164
v 0.03080547 3.68663943 -0.06897376
v 0.2183986 3.74354517 -0.06897376
v 0.2183986 3.74354517 -0.29456164
v 1.41348892 2.76275995 -0.29456164
v 1.41348892 2.76275994 -0.06897376
v 1.39427418 2.56766963 -0.06897376
v 1.39427418 2.56766963 -0.29456164
v 0.2183986 1.78197467 -0.29456164
v 0.2183986 1.78197467 -0.06897376
v 0.03080547 1.83888042 -0.06897376
v 0.03080547 1.83888042 -0.29456164
v -0.51039058 3.14544341 -0.29456164
v -0.51039058 3.14544338 -0.06897376
v -0.41798067 3.31833017 -0.06897376
v -0.41798067 3.31833017 -0.29456164
v 1.24495852 3.31833017 -0.06897376
v 1.24495852 3.31833017 -0.29456164
v 0.79617238 1.83888042 -0.06897376
v 0.79617238 1.83888042 -0.29456164
v -0.56729633 2.56766963 -0.06897376
v -0.56729633 2.56766963 -0.29456164
v 1.33736843 2.38007647 -0.06897376
v 1.33736843 2.3800765 -0.29456164
v -0.14208132 1.93129033 -0.06897376
v -0.14208132 1.93129033 -0.29456164
v -0.29361784 3.46986669 -0.06897376
v -0.29361784 3.46986669 -0.29456164
v 1.24495852 3.31833017 -0.29456164
v 1.33736843 3.14544338 -0.06897376
v 1.33736843 3.14544341 -0.29456164
v 0.60857925 1.78197467 -0.06897376
v 0.60857925 1.78197467 -0.29456164
v -0.58651108 2.76275994 -0.06897376
v -0.58651108 2.76275995 -0.29456164
v 0.41348892 3.76275992 -0.06897373
v 0.41348892 3.76275992 -0.29456164
v 0.60857925 3.74354517 -0.29456164
v 0.60857925 3.74354517 -0.06897376
v 0.79617238 3.68663943 -0.06897376
v 0.79617238 3.68663943 -0.29456164
v 1.33736843 2.3800765 -0.29456164
v 1.24495852 2.20718968 -0.06897376
v 1.24495852 2.20718968 -0.29456164
v -0.29361784 2.05565315 -0.06897376
v -0.29361784 2.05565315 -0.29456164
v -0.14208132 3.59422952 -0.06897376
v -0.14208132 3.59422952 -0.29456164
v 1.39427418 2.95785028 -0.06897376
v 1.39427418 2.95785028 -0.29456164
v 0.41348892 1.76275992 -0.06897376
v 0.41348892 1.76275992 -0.29456164
v -0.56729633 2.95785028 -0.06897376
v -0.56729633 2.95785028 -0.29456164
v -0.41798067 2.20718968 -0.29456164
v 1.39427418 2.95785028 -0.29456164
v -0.56729633 2.95785028 -0.29456164
v -0.51039058 3.14544341 -0.29456164
v -0.39382023 3.30218667 -0.06897376
v -0.27307105 3.4493199 -0.06897376
v -0.27307105 2.07619995 0.27745109
v -0.12593782 1.95545077 0.27745109
v 0.41348892 3.76275992 -0.06897373
v 0.41348892 3.73370242 -0.06897373
v 0.6029104 3.71504599 -0.06897376
v -0.48354495 3.13432354 -0.06897376
v -0.39382023 2.22333318 0.27745109
v -0.53879714 2.95218143 -0.06897376
v -0.48354495 2.39119631 0.27745109
v -0.55745357 2.76275994 -0.06897376
v -0.53879714 2.57333846 0.27745109
v -0.53879714 2.57333848 -0.06897376
v -0.55745357 2.76275994 0.27745109
v -0.48354495 2.39119631 -0.06897376
v -0.53879714 2.95218141 0.27745109
v -0.39382023 2.22333318 -0.06897376
v -0.48354495 3.13432354 0.27745109
v -0.27307105 2.07619995 -0.06897376
v -0.39382023 3.30218667 0.27745109
v 0.6029104 3.71504599 0.27745109
v 0.41348892 3.73370242 0.27745115
v -0.12593782 1.95545077 -0.06897376
v -0.27307105 3.4493199 0.27745109
v 0.78505254 3.65979379 0.27745109
v 0.04192531 1.86572605 -0.06897376
v -0.12593782 3.57006907 0.27745109
v 0.95291567 3.57006907 0.27745109
v 0.22406745 1.81047386 -0.06897376
v 0.04192531 3.65979379 0.27745109
v 1.1000489 3.4493199 0.27745109
v 0.41348892 1.79181743 -0.06897376
v 0.22406745 3.71504599 0.27745109
v 1.22079808 3.30218667 0.27745109
v 0.6029104 1.81047386 -0.06897376
v 0.41348892 3.73370242 0.27745115
v 0.68009204 3.40639663 -0.70348258
v 0.8005366 3.34201771 -0.70348258
v 0.8005366 3.34201771 -0.61456568
v 0.68009204 3.40639663 -0.61456568
v 0.8005366 3.34201771 -0.70348258
v 0.90610719 3.25537816 -0.70348258
v 0.90610719 3.25537816 -0.61456568
v 0.99274671 3.14980763 -0.70348258
v 0.99274671 3.14980763 -0.61456568
v 0.99274671 3.14980763 -0.70348258
v 1.05712563 3.02936307 -0.70348258
v 1.05712563 3.02936307 -0.61456568
v 1.05712563 3.02936307 -0.70348258
v 1.09676999 2.89867301 -0.70348258
v 1.09676999 2.89867301 -0.61456568
v 1.11015636 2.76275995 -0.70348258
v 1.11015636 2.76275995 -0.61456568
v 1.09676999 2.62684689 -0.70348258
v 1.09676999 2.62684689 -0.61456568
v 1.05712563 2.49615684 -0.70348258
v 1.05712563 2.49615684 -0.61456568
v 0.99274671 2.37571228 -0.70348258
v 0.99274671 2.37571228 -0.61456568
v 0.90610716 2.27014169 -0.70348258
v 0.90610716 2.27014169 -0.61456568
v 0.8005366 2.18350214 -0.70348258
v 0.8005366 2.18350214 -0.61456568
v 0.8005366 2.18350214 -0.70348258
v 0.68009204 2.11912322 -0.70348258
v 0.68009204 2.11912322 -0.61456568
v 0.54940198 2.07947886 -0.70348258
v 0.54940198 2.07947886 -0.61456568
v 0.41348892 2.06609249 -0.70348258
v 0.41348892 2.06609249 -0.61456568
v 0.27757587 2.07947886 -0.70348258
v 0.27757587 2.07947886 -0.61456568
v 0.14688581 2.11912322 -0.70348258
v 0.14688581 2.11912322 -0.61456568
v 0.02644125 2.18350214 -0.70348258
v 0.02644125 2.18350214 -0.61456568
v -0.07912931 2.27014166 -0.70348258
v -0.07912931 2.27014166 -0.61456568
v -0.16576886 2.37571228 -0.70348258
v -0.16576886 2.37571228 -0.61456568
v -0.23014778 2.49615684 -0.70348258
v -0.23014778 2.49615684 -0.61456568
v -0.26979214 2.62684689 -0.70348258
v -0.26979214 2.62684689 -0.61456568
v -0.28317851 2.76275995 -0.70348258
v -0.28317851 2.76275995 -0.61456568
v -0.26979214 2.89867301 -0.70348258
v -0.26979214 2.89867301 -0.61456568
v -0.23014778 3.02936307 -0.70348258
v -0.23014778 3.02936307 -0.61456568
v -0.20613885 3.17678195 -0.75180132
v -0.27500451 3.04794332 -0.75180132
v -0.295515 3.05643904 -0.75180132
v -0.22459781 3.18911585 -0.75180132
v 0.02644125 3.34201771 -0.70348258
v 0.02644125 3.34201771 -0.61456568
v 0.14688581 3.40639663 -0.70348258
v 0.14688581 3.40639663 -0.61456568
v 0.27757587 3.44604099 -0.70348258
v 0.27757587 3.44604099 -0.61456568
v 0.41348892 3.45942736 -0.70348258
v 0.41348892 3.45942736 -0.61456568
v 0.6029104 3.71504599 -0.005151
v 0.41348892 3.73370242 -0.00515097
v 0.41348892 3.76275897 -0.00515097
v 0.60857905 3.74354422 -0.005151
v -0.39382023 3.30218667 -0.00515099
v -0.48354495 3.13432354 -0.005151
v -0.51038969 3.14544299 -0.005151
v -0.4179799 3.31832963 -0.00515099
v -0.48354495 3.13432354 0.21362833
v -0.39382023 3.30218667 0.21362831
v -0.4179799 3.31832963 0.21362831
v -0.51038969 3.14544299 0.21362833
v 0.41348892 3.73370242 0.21362839
v 0.60291038 3.71504599 0.21362833
v 0.60857904 3.74354422 0.21362833
v 0.41348892 3.76275897 0.21362839
v -0.53879714 2.95218143 -0.005151
v -0.56729537 2.95785008 -0.005151
v -0.27307105 3.4493199 0.21362831
v -0.29361713 3.46986598 0.21362831
v 0.78505254 3.65979379 0.21362833
v 0.79617199 3.68663853 0.21362833
v -0.55745357 2.76275994 -0.00515099
v -0.58651012 2.76275994 -0.00515099
v -0.12593782 3.57006907 0.21362831
v -0.14208078 3.59422874 0.21362831
v 0.95291567 3.57006907 0.21362831
v 0.96905863 3.59422874 0.21362831
v -0.53879714 2.57333848 -0.005151
v -0.56729537 2.56766982 -0.005151
v 0.04192531 3.65979379 0.21362831
v 0.03080586 3.68663853 0.21362831
v 1.1000489 3.4493199 0.21362831
v 1.12059498 3.46986598 0.21362831
v -0.48354495 2.39119631 -0.00515099
v -0.51038969 2.38007686 -0.00515099
v 0.22406746 3.71504599 0.21362833
v 0.21839881 3.74354422 0.21362833
v 1.22079808 3.30218667 0.21362831
v 1.24495775 3.31832963 0.21362831
v -0.39382023 2.22333318 -0.00515099
v -0.4179799 2.20719022 -0.00515099
v 0.41348892 3.73370242 0.21362839
v 0.41348892 3.76275897 0.21362839
v 1.31052279 3.13432354 0.21362831
v 1.33736753 3.14544299 0.21362831
v -0.27307105 2.07619995 -0.00515099
v -0.29361713 2.05565387 -0.00515099
v 1.36577499 2.95218141 0.21362833
v 1.39427322 2.95785007 0.21362833
v -0.12593782 1.95545077 -0.00515099
v -0.14208078 1.9312911 -0.00515099
v 1.38443142 2.76275994 0.21362833
v 1.41348797 2.76275994 0.21362833
v 0.04192531 1.86572605 -0.005151
v 0.03080586 1.83888131 -0.005151
v 1.36577499 2.57333846 0.21362833
v 1.39427322 2.56766981 0.21362833
v 0.22406745 1.81047386 -0.005151
v 0.21839879 1.78197563 -0.005151
v 1.31052279 2.39119631 0.21362833
v 1.33736753 2.38007686 0.21362833
v 0.41348892 1.79181743 -0.005151
v 0.41348892 1.76276088 -0.005151
v 1.22079808 2.22333318 0.21362831
v 1.24495775 2.20719022 0.21362831
v 0.6029104 1.81047386 -0.005151
v 0.60857905 1.78197563 -0.005151
v 1.1000489 2.07619995 0.21362831
v 1.12059498 2.05565387 0.21362831
v 0.78505254 1.86572605 -0.00515099
v 0.79617199 1.83888131 -0.00515099
v 0.78505254 3.65979379 -0.06897376
v 0.04192531 1.86572605 0.27745109
v -0.12593782 3.57006907 -0.06897376
v 0.95291567 3.57006907 -0.06897376
v 0.22406745 1.81047386 0.27745109
v 0.04192531 3.65979379 -0.06897376
v 1.1000489 3.4493199 -0.06897376
v 0.41348892 1.79181743 0.27745109
v 0.22406745 3.71504599 -0.06897376
v 1.22079808 3.30218667 -0.06897376
v 0.6029104 1.81047386 0.27745109
v 0.41348892 3.73370242 -0.06897373
v 1.31052279 3.13432354 -0.06897376
v 0.78505254 1.86572605 0.27745109
v 1.36577499 2.95218143 -0.06897376
v 0.95291567 1.95545077 0.27745109
v 1.38443142 2.76275994 -0.06897376
v 1.1000489 2.07619995 0.27745109
v 1.36577499 2.57333848 -0.06897376
v 1.22079808 2.22333318 0.27745109
v 1.31052279 2.39119631 -0.06897376
v 1.31052279 2.39119631 0.27745109
v 1.22079808 2.22333318 -0.06897376
v 1.36577499 2.57333846 0.27745109
v 1.1000489 2.07619995 -0.06897376
v 1.38443142 2.76275994 0.27745109
v 0.95291567 1.95545077 -0.06897376
v 1.36577499 2.95218141 0.27745109
v 0.78505254 1.86572605 -0.06897376
v 1.31052279 3.13432354 0.27745109
v -0.53879714 2.95218141 0.21362833
v -0.55745357 2.76275994 0.21362833
v -0.53879714 2.57333846 0.21362833
v -0.48354495 2.39119631 0.21362831
v -0.39382023 2.22333318 0.21362831
v -0.27307105 2.07619995 0.21362831
v -0.12593782 1.95545077 0.21362831
v 0.04192531 1.86572605 0.21362833
v 0.22406745 1.81047386 0.21362833
v 0.41348892 1.79181743 0.21362833
v 0.6029104 1.81047386 0.21362833
v 0.78505254 1.86572605 0.21362831
v 0.95291567 1.95545077 0.21362831
v 0.78505254 3.65979379 -0.005151
v 0.95291567 3.57006907 -0.00515099
v 1.1000489 3.4493199 -0.00515099
v 1.22079808 3.30218667 -0.00515099
v 1.31052279 3.13432354 -0.00515099
v 1.36577499 2.95218143 -0.005151
v 1.38443142 2.76275994 -0.005151
v 1.36577499 2.57333848 -0.00515099
v 1.31052279 2.39119631 -0.005151
v 1.22079808 2.22333318 -0.00515099
v 1.1000489 2.07619995 -0.00515099
v 0.95291567 1.95545077 -0.00515099
v -0.27307105 3.4493199 -0.00515099
v -0.12593782 3.57006907 -0.00515099
v 0.04192531 3.65979379 -0.00515099
v 0.22406745 3.71504599 -0.005151
v 0.41348892 3.73370242 -0.00515097
v -0.56729537 2.95785007 0.21362833
v -0.29361713 3.46986598 -0.00515099
v 0.79617199 3.68663853 -0.005151
v -0.58651012 2.76275994 0.21362833
v -0.14208078 3.59422874 -0.00515099
v 0.96905863 3.59422874 -0.00515099
v -0.56729537 2.56766981 0.21362833
v 0.03080586 3.68663853 -0.00515099
v 1.12059498 3.46986598 -0.00515099
v -0.51038969 2.38007686 0.21362831
v 0.21839879 3.74354422 -0.005151
v 1.24495775 3.31832963 -0.00515099
v -0.4179799 2.20719022 0.21362831
v 0.41348892 3.76275897 -0.00515097
v 1.33736753 3.14544299 -0.00515099
v -0.29361713 2.05565387 0.21362831
v 1.39427322 2.95785008 -0.005151
v -0.14208078 1.9312911 0.21362831
v 1.41348797 2.76275994 -0.005151
v 0.03080586 1.83888131 0.21362833
v 1.39427322 2.56766982 -0.00515099
v 0.21839879 1.78197563 0.21362833
v 1.33736753 2.38007686 -0.005151
v 0.41348892 1.76276088 0.21362833
v 1.24495775 2.20719022 -0.00515099
v 0.60857905 1.78197563 0.21362833
v 1.12059498 2.05565387 -0.00515099
v 0.79617199 1.83888131 0.21362831
v 0.96905863 1.9312911 -0.00515099
v 0.96905863 1.9312911 0.21362831
v 0.7040033 2.0613963 5.79790847
v 0.83525038 2.1315493 5.79790895
v 0.83525041 2.1315493 6.53181665
v 0.7040033 2.0613963 6.53181665
v -0.27411461 2.07515639 1.01934629
v -0.12675768 1.95422375 1.01934629
v -0.10659337 1.98440182 0.99867754
v -0.24845028 2.10082072 0.99867754
v 0.85057399 2.10861588 1.34541528
v 0.83040965 2.13879395 1.32474654
v 0.04136056 1.86436266 1.01934629
v 0.05524999 1.89789474 0.99867754
v 0.96979266 2.20645618 1.34541528
v 0.94412833 2.23212051 1.32474654
v 0.22377954 1.80902648 1.01934629
v 0.23086032 1.84462392 0.99867754
v 1.06763297 2.32567486 1.34541528
v 1.0374549 2.3458392 1.32474654
v 0.41348892 1.79034168 1.01934629
v 0.41348892 1.82663649 0.99867754
v 1.14033478 2.46169049 1.34541528
v 1.1068027 2.47557992 1.32474654
v 0.6031983 1.80902648 1.01934629
v 0.59611753 1.84462392 0.99867754
v 1.18510443 2.60927604 1.34541528
v 1.14950699 2.61635682 1.32474654
v 0.78561729 1.86436266 1.01934629
v 0.77172786 1.89789474 0.99867754
v 1.20022124 2.76275992 1.34541528
v 1.16392642 2.76275992 1.32474654
v 0.95373553 1.95422375 1.01934629
v 0.93357122 1.98440182 0.99867754
v 1.18510443 2.91624379 1.34541528
v 1.14950699 2.90916301 1.32474654
v 1.10109246 2.07515639 1.01934629
v 1.07542813 2.10082072 0.99867754
v 1.14033478 3.06382936 1.34541528
v 1.1068027 3.04993993 1.32474654
v 1.2220251 2.22251332 1.01934629
v 1.19184703 2.24267763 0.99867754
v 1.06763297 3.19984499 1.34541528
v 1.0374549 3.17968065 1.32474654
v 0.26000507 3.53437543 1.34541528
v 0.41348893 3.54949224 1.34541528
v 0.41348893 3.51319742 1.32474654
v 0.26708585 3.49877799 1.32474654
v 1.31188619 2.39063156 1.01934629
v 1.27835411 2.40452099 0.99867754
v 0.96979266 3.31906366 1.34541528
v 0.94412833 3.29339933 1.32474654
v 0.11241949 3.48960578 1.34541528
v 0.12630892 3.4560737 1.32474654
v 1.36722237 2.57305054 1.01934629
v 1.33162493 2.58013132 0.99867754
v 0.85057399 3.41690397 1.34541528
v 0.83040965 3.3867259 1.32474654
v -0.02359614 3.41690397 1.34541528
v -0.0034318 3.3867259 1.32474654
v 1.38590717 2.76275992 1.01934629
v 1.34961236 2.76275992 0.99867754
v 0.71455836 3.48960578 1.34541528
v 0.70066893 3.4560737 1.32474654
v -0.14281482 3.31906372 1.34541528
v -0.11715049 3.29339939 1.32474654
v 1.36722237 2.9524693 1.01934629
v 1.33162493 2.94538853 0.99867754
v 0.56697281 3.53437543 1.34541528
v 0.55989203 3.49877799 1.32474654
v -0.24065512 3.19984502 1.34541516
v -0.21047705 3.17968068 1.32474642
v 0.05045849 1.88632679 6.90953415
v 0.22841769 1.8323434 6.90953415
v 0.22841768 1.8323434 7.00668113
v 0.05045849 1.88632679 7.00668113
v 0.56159191 3.50732362 5.79790847
v 0.41348897 3.52191049 5.79790895
v 0.41348898 3.52191049 6.53181665
v 0.56159191 3.50732362 6.53181665
v -0.12331152 3.29956043 5.79790847
v -0.21772164 3.18452138 5.79790895
v -0.21772164 3.18452138 6.53181665
v -0.12331152 3.29956043 6.53181665
v 0.56159191 2.01819623 5.79790847
v 0.56159191 2.01819623 6.53181665
v 0.7040033 3.46412355 5.79790847
v 0.7040033 3.46412355 6.53181665
v -0.0082725 3.39397055 5.79790847
v -0.0082725 3.39397055 6.53181665
v 0.41348897 2.00360936 5.79790847
v 0.41348898 2.00360936 6.53181665
v 0.83525041 3.39397055 5.79790847
v 0.83525041 3.39397055 6.53181665
v 0.1229746 3.46412355 5.79790847
v 0.1229746 3.46412355 6.53181665
v 0.26538606 2.01819623 5.79790847
v 0.26538606 2.01819623 6.53181665
v 0.95028949 3.29956043 5.79790847
v 0.95028949 3.29956043 6.53181665
v 0.26538606 3.50732362 5.79790847
v 0.26538606 3.50732362 6.53181665
v 0.1229746 2.0613963 5.79790847
v 0.1229746 2.0613963 6.53181665
v 1.04469961 3.18452138 5.79790847
v 1.04469961 3.18452138 6.53181665
v 0.41348897 3.52191049 5.79790895
v 0.41348898 3.52191049 6.53181665
v -0.0082725 2.1315493 5.79790847
v -0.0082725 2.1315493 6.53181665
v 1.11485261 3.05327427 5.79790847
v 1.11485261 3.05327427 6.53181665
v -0.12331152 2.22595942 5.79790847
v -0.12331152 2.22595942 6.53181665
v 1.15805268 2.91086285 5.79790847
v 1.15805268 2.91086285 6.53181665
v -0.21772164 2.34099847 5.79790847
v -0.21772164 2.34099847 6.53181665
v 1.17263955 2.76275992 5.79790847
v 1.17263955 2.76275992 6.53181665
v -0.28787464 2.47224557 5.79790847
v -0.28787464 2.47224557 6.53181665
v 1.15805268 2.61465698 5.79790847
v 1.15805268 2.61465698 6.53181665
v -0.33107471 2.61465698 5.79790847
v -0.33107471 2.61465698 6.53181665
v 1.11485261 2.47224557 5.79790847
v 1.11485261 2.47224557 6.53181665
v -0.34566158 2.76275992 5.79790847
v -0.34566158 2.76275992 6.53181665
v 1.04469961 2.34099847 5.79790847
v 1.04469961 2.34099847 6.53181665
v -0.33107471 2.91086285 5.79790847
v -0.33107471 2.91086285 6.53181665
v 0.95028949 2.22595942 5.79790847
v 0.95028949 2.22595942 6.53181665
v -0.28787464 3.05327427 5.79790847
v -0.28787464 3.05327427 6.53181665
v -0.37527996 2.23572135 6.90953415
v -0.25730389 2.09196699 6.90953415
v -0.25730395 2.09196699 7.00668113
v -0.37528002 2.23572135 7.00668113
v 1.20225805 3.28979856 6.90953415
v 1.08428198 3.43355286 6.90953415
v 1.08428192 3.43355286 7.00668113
v 1.20225799 3.28979856 7.00668113
v 0.57510585 3.57526273 7.21116893
v 0.41348899 3.59118062 7.21116893
v 0.41348898 3.32054293 7.36253851
v 0.52230705 3.30982524 7.36253851
v -0.11354959 1.97399092 6.90953415
v -0.11354965 1.97399092 7.00668113
v 1.28992218 3.12579045 6.90953415
v 1.28992212 3.12579045 7.00668113
v 0.77651954 3.63919306 6.90953415
v 0.59856039 3.69317645 6.90953415
v 0.59856038 3.69317645 7.00668113
v 0.77651954 3.63919306 7.00668113
v -0.06626895 2.04475141 6.66429107
v -0.19712704 2.15214384 6.66429107
v 1.34390557 2.94783127 6.90953415
v 1.28992218 3.12579045 6.90953415
v 1.28992212 3.12579045 7.00668113
v 1.34390551 2.94783127 7.00668113
v -0.11354959 1.97399092 6.90953415
v -0.11354965 1.97399092 7.00668113
v 1.3621335 2.76275993 6.90953415
v 1.36213344 2.76275993 7.00668113
v -0.46294409 2.3997294 6.90953415
v -0.46294415 2.3997294 7.00668113
v 1.34390557 2.57768856 6.90953415
v 1.34390551 2.57768856 7.00668113
v -0.51692748 2.57768856 6.90953415
v -0.51692754 2.57768856 7.00668113
v 1.28992218 2.3997294 6.90953415
v 1.28992212 2.3997294 7.00668113
v -0.53515542 2.76275993 6.90953415
v -0.53515548 2.76275993 7.00668113
v 1.20225805 2.23572135 6.90953415
v 1.20225799 2.23572135 7.00668113
v -0.51692748 2.94783127 6.90953415
v -0.51692754 2.94783127 7.00668113
v 1.08428198 2.09196699 6.90953415
v 1.08428192 2.09196699 7.00668113
v -0.46294409 3.12579045 6.90953415
v -0.46294415 3.12579045 7.00668113
v 0.94052762 1.97399092 6.90953415
v 0.94052756 1.97399092 7.00668113
v -0.37527996 3.28979856 6.90953415
v -0.37528002 3.28979856 7.00668113
v 0.77651954 1.88632679 6.90953415
v 0.77651954 1.88632679 7.00668113
v -0.25730389 3.43355286 6.90953415
v -0.25730395 3.43355286 7.00668113
v 0.59856039 1.8323434 6.90953415
v 0.59856038 1.8323434 7.00668113
v 0.41348903 3.71140438 6.90953415
v 0.22841769 3.69317645 6.90953415
v 0.22841768 3.69317645 7.00668113
v 0.41348901 3.71140438 7.00668113
v -0.11354959 3.55152893 6.90953415
v -0.11354965 3.55152893 7.00668113
v 0.41348903 1.81411546 6.90953415
v 0.41348901 1.81411546 7.00668113
v 0.94052762 3.55152893 6.90953415
v 0.94052756 3.55152893 7.00668113
v 0.05045849 3.63919306 6.90953415
v 0.05045849 3.63919306 7.00668113
v -0.41493171 2.76275993 7.21116893
v -0.39901382 2.60114306 7.21116893
v -0.13357633 2.65394187 7.36253851
v -0.14429402 2.76275994 7.36253851
v 1.21129727 3.09322298 6.66429107
v 1.26043785 2.93122852 6.66429107
v -0.30451947 2.28300199 6.66429107
v 1.27703053 2.76275992 6.66429107
v -0.38431925 2.4322969 6.66429107
v 1.26043785 2.59429131 6.66429107
v -0.43345976 2.59429133 6.66429107
v 1.21129727 2.43229687 6.66429107
v -0.4500525 2.76275992 6.66429107
v 1.1314975 2.28300199 6.66429107
v -0.43345976 2.9312285 6.66429107
v 1.02410507 2.15214384 6.66429107
v -0.38431925 3.09322295 6.66429107
v 0.89324692 2.04475141 6.66429107
v -0.30451947 3.24251789 6.66429107
v 0.74395204 1.96495163 6.66429107
v 0.41348902 3.62630141 6.66429107
v 0.58195762 3.60970873 6.66429107
v -0.19712704 3.37337601 6.66429107
v 0.58195762 1.91581112 6.66429107
v 0.74395204 3.56056821 6.66429107
v -0.06626895 3.48076844 6.66429107
v 0.41348902 1.89921844 6.66429107
v 0.89324692 3.48076844 6.66429107
v 0.08302596 3.56056821 6.66429107
v 0.24502045 1.91581112 6.66429107
v 1.02410507 3.37337601 6.66429107
v 0.24502045 3.60970873 6.66429107
v 0.08302596 1.96495163 6.66429107
v 1.13149756 3.24251789 6.66429107
v 0.41348902 3.62630141 6.66429107
v 0.7918188 2.50996804 7.33386152
v 0.83386654 2.58863385 7.33386152
v 0.83386651 2.58863385 7.29207294
v 0.79181877 2.50996804 7.29207294
v 1.10229558 2.30251411 7.21116893
v 1.17884988 2.44573706 7.21116893
v 0.92881322 2.54930563 7.36253851
v 0.87726855 2.45287237 7.36253851
v -0.39901382 2.92437679 7.21116893
v -0.13357633 2.87157799 7.36253851
v 0.99927086 2.17697805 7.21116893
v 0.80790111 2.36834782 7.36253851
v -0.35187191 3.07978281 7.21116893
v -0.10183525 2.97621424 7.36253851
v 0.87373483 2.07395333 7.21116893
v 0.72337657 2.29898039 7.36253851
v -0.27531761 3.22300583 7.21116893
v -0.05029058 3.07264757 7.36253851
v 0.73051184 1.99739909 7.21116893
v 0.62694329 2.24743569 7.36253851
v -0.17229289 3.34854186 7.21116893
v 0.01907685 3.15717208 7.36253851
v 0.57510585 1.95025712 7.21116893
v 0.52230705 2.21569461 7.36253851
v 0.41348899 3.59118062 7.21116893
v 0.25187214 3.57526273 7.21116893
v 0.30467092 3.30982524 7.36253851
v 0.41348898 3.32054293 7.36253851
v -0.04675689 3.45156652 7.21116893
v 0.10360137 3.22653952 7.36253851
v 0.41348899 1.93433923 7.21116893
v 0.41348898 2.20497692 7.36253851
v 0.87373483 3.45156652 7.21116893
v 0.73051184 3.52812076 7.21116893
v 0.62694329 3.27808416 7.36253851
v 0.72337657 3.22653952 7.36253851
v 0.09646612 3.52812076 7.21116893
v 0.20003468 3.27808416 7.36253851
v 0.25187214 1.95025712 7.21116893
v 0.30467092 2.21569461 7.36253851
v 0.99927086 3.34854186 7.21116893
v 0.80790111 3.15717208 7.36253851
v 0.09646612 1.99739909 7.21116893
v 0.20003468 2.24743569 7.36253851
v 1.10229558 3.22300583 7.21116893
v 0.87726855 3.07264757 7.36253851
v -0.04675689 2.07395333 7.21116893
v 0.10360137 2.29898039 7.36253851
v 1.17884988 3.07978281 7.21116893
v 0.92881322 2.97621424 7.36253851
v -0.17229289 2.17697805 7.21116893
v 0.01907685 2.36834782 7.36253851
v 1.22599179 2.92437679 7.21116893
v 0.9605543 2.87157799 7.36253851
v -0.27531761 2.30251411 7.21116893
v -0.05029058 2.45287237 7.36253851
v 1.24190968 2.76275993 7.21116893
v 1.22599179 2.92437679 7.21116893
v 0.97127199 2.76275994 7.36253851
v -0.35187191 2.44573706 7.21116893
v -0.10183525 2.54930563 7.36253851
v 1.22599179 2.60114306 7.21116893
v 0.9605543 2.65394187 7.36253851
v 0.41348897 3.21777338 7.33386152
v 0.32472028 3.20903039 7.33386152
v 0.32472026 3.20903039 7.29207294
v 0.41348895 3.21777338 7.29207294
v 0.6662809 3.14108977 7.33386152
v 0.58761507 3.18313748 7.33386152
v 0.58761506 3.18313748 7.29207294
v 0.66628087 3.14108977 7.29207294
v 0.73523208 3.08450305 7.33386152
v 0.73523206 3.08450305 7.29207294
v 0.7918188 3.01555189 7.33386152
v 0.79181877 3.01555189 7.29207294
v 0.83386654 2.93688604 7.33386152
v 0.83386651 2.93688604 7.29207294
v 0.85975945 2.85152861 7.33386152
v 0.85975942 2.85152861 7.29207294
v 0.86850244 2.76275994 7.33386152
v 0.86850241 2.76275994 7.29207294
v 0.85975945 2.67399125 7.33386152
v 0.85975942 2.67399125 7.29207294
v 0.88802135 2.6683696 7.36253851
v 0.86048868 2.5776066 7.36253851
v 0.92881322 2.54930563 7.36253851
v 0.9605543 2.65394187 7.36253851
v 0.73523206 2.44101685 7.33386152
v 0.73523203 2.44101685 7.29207294
v 0.6662809 2.38443014 7.33386152
v 0.66628087 2.38443014 7.29207294
v 0.58761506 2.34238237 7.33386152
v 0.58761504 2.34238237 7.29207294
v 0.50225766 2.31648946 7.33386152
v 0.50225765 2.31648946 7.29207294
v 0.41348897 2.30774647 7.33386152
v 0.41348895 2.30774647 7.29207294
v 0.32472028 2.31648946 7.33386152
v 0.32472026 2.31648946 7.29207294
v 0.23936288 2.34238237 7.33386152
v 0.23936287 2.34238237 7.29207294
v 0.16069704 2.38443014 7.33386152
v 0.16069701 2.38443014 7.29207294
v 0.09174591 2.44101685 7.33386152
v 0.09174588 2.44101685 7.29207294
v 0.03515917 2.50996804 7.33386152
v 0.03515914 2.50996804 7.29207294
v -0.00688857 2.58863385 7.33386152
v -0.0068886 2.58863385 7.29207294
v -0.03278148 2.67399125 7.33386152
v -0.03278151 2.67399125 7.29207294
v -0.04152447 2.76275994 7.33386152
v -0.0415245 2.76275994 7.29207294
v -0.03278148 2.85152861 7.33386152
v -0.03278151 2.85152861 7.29207294
v -0.00688857 2.93688604 7.33386152
v -0.0068886 2.93688604 7.29207294
v 0.03515917 3.01555189 7.33386152
v 0.03515914 3.01555189 7.29207294
v 0.09174591 3.08450302 7.33386152
v 0.09174588 3.08450302 7.29207294
v 0.16069704 3.14108974 7.33386152
v 0.16069701 3.14108974 7.29207294
v 0.23936285 3.18313748 7.33386152
v 0.23936284 3.18313748 7.29207294
v 0.50225766 3.20903039 7.33386152
v 0.50225765 3.20903039 7.29207294
v -0.06104338 2.6683696 7.36253851
v -0.07034007 2.76275994 7.36253851
v -0.14429402 2.76275994 7.36253851
v -0.13357633 2.65394187 7.36253851
v 0.81577808 2.49395895 7.36253851
v 0.87726855 2.45287237 7.36253851
v -0.06104338 2.85715026 7.36253851
v -0.13357633 2.87157799 7.36253851
v 0.75560775 2.42064115 7.36253851
v 0.80790111 2.36834782 7.36253851
v -0.06104338 2.85715026 7.36253851
v -0.03351071 2.94791329 7.36253851
v -0.10183525 2.97621424 7.36253851
v 0.75560775 2.42064115 7.36253851
v 0.68228996 2.36047086 7.36253851
v 0.72337657 2.29898039 7.36253851
v 0.01119989 3.03156099 7.36253851
v -0.05029058 3.07264757 7.36253851
v 0.68228996 2.36047086 7.36253851
v 0.59864232 2.31576023 7.36253851
v 0.62694329 2.24743569 7.36253851
v 0.41348898 3.24658898 7.36253851
v 0.50787932 3.23729229 7.36253851
v 0.52230705 3.30982524 7.36253851
v 0.41348898 3.32054293 7.36253851
v 0.07137021 3.10487872 7.36253851
v 0.01907685 3.15717208 7.36253851
v 0.59864232 2.31576023 7.36253851
v 0.50787932 2.28822756 7.36253851
v 0.52230705 2.21569461 7.36253851
v 0.50787932 3.23729229 7.36253851
v 0.59864233 3.20975959 7.36253851
v 0.62694329 3.27808416 7.36253851
v 0.07137021 3.10487872 7.36253851
v 0.14468798 3.16504902 7.36253851
v 0.10360137 3.22653952 7.36253851
v 0.50787932 2.28822756 7.36253851
v 0.41348898 2.27893087 7.36253851
v 0.41348898 2.20497692 7.36253851
v 0.68228996 3.16504905 7.36253851
v 0.72337657 3.22653952 7.36253851
v 0.22833562 3.20975959 7.36253851
v 0.20003468 3.27808416 7.36253851
v 0.31909864 2.28822756 7.36253851
v 0.30467092 2.21569461 7.36253851
v 0.75560778 3.10487875 7.36253851
v 0.80790111 3.15717208 7.36253851
v 0.22833562 3.20975959 7.36253851
v 0.31909864 3.23729229 7.36253851
v 0.30467092 3.30982524 7.36253851
v 0.22833565 2.31576023 7.36253851
v 0.20003468 2.24743569 7.36253851
v 0.75560778 3.10487875 7.36253851
v 0.81577808 3.03156099 7.36253851
v 0.87726855 3.07264757 7.36253851
v 0.41348898 3.24658898 7.36253851
v 0.14468795 2.36047086 7.36253851
v 0.10360137 2.29898039 7.36253851
v 0.86048868 2.94791329 7.36253851
v 0.92881322 2.97621424 7.36253851
v 0.07137021 2.42064115 7.36253851
v 0.01907685 2.36834782 7.36253851
v 0.86048868 2.94791329 7.36253851
v 0.88802135 2.85715026 7.36253851
v 0.9605543 2.87157799 7.36253851
v 0.07137021 2.42064115 7.36253851
v 0.01119989 2.49395895 7.36253851
v -0.05029058 2.45287237 7.36253851
v 0.88802135 2.85715026 7.36253851
v 0.89731804 2.76275994 7.36253851
v 0.97127199 2.76275994 7.36253851
v -0.03351071 2.5776066 7.36253851
v -0.10183525 2.54930563 7.36253851
v -0.06104338 2.6683696 7.36253851
v 0.22880186 3.69124442 -0.52395872
v 0.41348892 3.70943457 -0.52395872
v 0.41348892 3.62708956 -0.69159723
v 0.24486658 3.61048162 -0.69159723
v 0.59817599 3.69124442 -0.52395872
v 0.77576566 3.63737321 -0.52395872
v 0.74425358 3.56129634 -0.69159723
v 0.58211127 3.61048162 -0.69159723
v 0.93943316 3.54989111 -0.52395872
v 0.89368474 3.48142374 -0.69159723
v 1.08288896 3.43215996 -0.52395872
v 1.02466226 3.37393326 -0.69159723
v 1.20062011 3.28870422 -0.52395872
v 1.13215274 3.24295577 -0.69159723
v 1.20062011 3.28870422 -0.52395872
v 1.28810221 3.12503666 -0.52395872
v 1.21202534 3.09352458 -0.69159723
v 1.34197342 2.94744702 -0.52395872
v 1.26121062 2.9313823 -0.69159723
v 1.36016357 2.76275995 -0.52395872
v 1.27781856 2.76275995 -0.69159723
v 1.34197342 2.57807289 -0.52395872
v 1.26121062 2.59413761 -0.69159723
v 1.28810221 2.40048325 -0.52395872
v 1.21202534 2.43199533 -0.69159723
v 1.20062011 2.23681569 -0.52395872
v 1.13215274 2.28256413 -0.69159723
v 1.08288896 2.09335989 -0.52395872
v 1.02466226 2.15158659 -0.69159723
v 0.93943316 1.97562873 -0.52395872
v 0.89368474 2.04409611 -0.69159723
v 0.77576566 1.88814664 -0.52395872
v 0.74425358 1.9642235 -0.69159723
v 0.59817599 1.83427542 -0.52395872
v 0.58211127 1.91503823 -0.69159723
v 0.41348892 1.81608528 -0.52395872
v 0.41348892 1.89843029 -0.69159723
v 0.22880186 1.83427542 -0.52395872
v 0.24486658 1.91503823 -0.69159723
v 0.05121219 1.88814664 -0.52395872
v 0.08272427 1.9642235 -0.69159723
v -0.11245531 1.97562873 -0.52395872
v -0.0667069 2.04409611 -0.69159723
v 0.08272427 1.9642235 -0.69159723
v -0.25591111 2.09335989 -0.52395872
v -0.19768441 2.15158659 -0.69159723
v -0.0667069 2.04409611 -0.69159723
v -0.37364227 2.23681569 -0.52395872
v -0.30517489 2.28256413 -0.69159723
v -0.46112436 2.40048325 -0.52395872
v -0.3850475 2.43199533 -0.69159723
v -0.51499557 2.57807289 -0.52395872
v -0.43423277 2.59413761 -0.69159723
v -0.53318572 2.76275995 -0.52395872
v -0.45084071 2.76275995 -0.69159723
v -0.51499557 2.94744702 -0.52395872
v -0.43423277 2.9313823 -0.69159723
v -0.46112436 3.12503666 -0.52395872
v -0.3850475 3.09352458 -0.69159723
v -0.37364227 3.28870422 -0.52395872
v -0.30517489 3.24295577 -0.69159723
v -0.25591111 3.43215996 -0.52395872
v -0.19768441 3.37393326 -0.69159723
v -0.11245531 3.54989111 -0.52395872
v -0.0667069 3.48142374 -0.69159723
v 0.05121219 3.63737321 -0.52395872
v 0.08272427 3.56129634 -0.69159723
v 0.41348892 3.70943457 -0.52395872
v 0.59817599 3.69124442 -0.52395872
v 0.41348892 3.62708956 -0.69159723
v 0.69867229 2.07426649 -0.75180132
v 0.82751095 2.14313221 -0.75180132
v 0.83984482 2.12467325 -0.75180132
v 0.70716801 2.053756 -0.75180132
v 0.41348892 3.50797987 -0.75180132
v 0.26810373 3.49366057 -0.75180132
v 0.26377264 3.51543444 -0.75180132
v 0.41348892 3.53018028 -0.75180132
v -0.11346114 3.28970999 -0.75180132
v -0.12915921 3.30540806 -0.75180132
v 0.55887412 2.03185928 -0.75180132
v 0.69867229 2.07426649 -0.75180132
v 0.56320521 2.0100854 -0.75180132
v 0.69867229 3.45125329 -0.75180132
v 0.55887412 3.49366057 -0.75180132
v 0.56320521 3.51543444 -0.75180132
v 0.70716801 3.47176385 -0.75180132
v -0.0005331 3.38238764 -0.75180132
v -0.01286697 3.4008466 -0.75180132
v 0.41348892 2.01753998 -0.75180132
v 0.56320521 2.0100854 -0.75180132
v 0.41348892 1.99533957 -0.75180132
v 0.82751095 3.38238764 -0.75180132
v 0.83984482 3.4008466 -0.75180132
v 0.12830555 3.45125335 -0.75180132
v -0.0005331 3.38238764 -0.75180132
v -0.01286697 3.4008466 -0.75180132
v 0.11980984 3.47176385 -0.75180132
v 0.26810373 2.03185928 -0.75180132
v 0.41348892 1.99533957 -0.75180132
v 0.26377264 2.0100854 -0.75180132
v 0.94043899 3.28970999 -0.75180132
v 0.82751095 3.38238764 -0.75180132
v 0.83984482 3.4008466 -0.75180132
v 0.95613706 3.30540806 -0.75180132
v 0.26810373 3.49366057 -0.75180132
v 0.26377264 3.51543444 -0.75180132
v 0.12830555 2.07426649 -0.75180132
v 0.11980984 2.053756 -0.75180132
v 1.0331167 3.17678195 -0.75180132
v 0.94043899 3.28970999 -0.75180132
v 1.05157566 3.18911585 -0.75180132
v 0.54940198 3.44604099 -0.70348258
v 0.68009204 3.40639663 -0.70348258
v 0.54940198 3.44604099 -0.61456568
v -0.00053307 2.14313215 -0.75180132
v -0.01286697 2.12467319 -0.75180132
v 1.10198236 3.04794332 -0.75180132
v 1.12249285 3.05643904 -0.75180132
v -0.11346114 2.23580986 -0.75180132
v -0.12915921 2.22011179 -0.75180132
v 1.14438963 2.90814514 -0.75180132
v 1.10198236 3.04794332 -0.75180132
v 1.16616344 2.91247624 -0.75180132
v -0.20613879 2.34873793 -0.75180132
v -0.22459775 2.33640406 -0.75180132
v 1.15870887 2.76275995 -0.75180132
v 1.14438963 2.90814514 -0.75180132
v 1.18090928 2.76275995 -0.75180132
v -0.27500445 2.47757661 -0.75180132
v -0.295515 2.46908087 -0.75180132
v 1.14438963 2.61737476 -0.75180132
v 1.16616344 2.61304367 -0.75180132
v -0.31741172 2.61737476 -0.75180132
v -0.27500445 2.47757661 -0.75180132
v -0.3391856 2.61304367 -0.75180132
v 1.10198236 2.47757658 -0.75180132
v 1.14438963 2.61737476 -0.75180132
v 1.12249285 2.46908087 -0.75180132
v -0.33173102 2.76275995 -0.75180132
v -0.3391856 2.61304367 -0.75180132
v -0.35393143 2.76275995 -0.75180132
v 1.0331167 2.34873796 -0.75180132
v 1.10198236 2.47757658 -0.75180132
v 1.05157566 2.33640406 -0.75180132
v -0.31741172 2.90814514 -0.75180132
v -0.3391856 2.91247624 -0.75180132
v 0.94043899 2.23580986 -0.75180132
v 0.95613706 2.22011179 -0.75180132
v -0.27500451 3.04794332 -0.75180132
v -0.31741172 2.90814514 -0.75180132
v 0.94043899 2.23580986 -0.75180132
v 0.41348903 3.71140438 6.90953415
v 0.41348901 3.71140438 7.00668113
v -0.2177217 3.18452138 1.39446061
v -0.2878747 3.05327427 1.39446061
v -0.28787464 3.05327427 2.12836855
v -0.2177217 3.18452138 2.12836855
v 1.11485261 3.05327427 3.59618466
v 1.04469961 3.18452138 3.59618466
v 1.01303744 3.16336539 3.59618466
v 1.0796715 3.03870177 3.59618466
v -0.2177217 3.18452138 2.86227672
v -0.28787464 3.05327427 2.86227672
v -0.28787464 3.05327427 3.59618466
v -0.2177217 3.18452138 3.59618466
v 0.13754711 3.42894244 5.79790847
v 0.01288348 3.36230838 5.79790847
v -0.2177217 3.18452138 4.3300926
v -0.28787464 3.05327427 4.3300926
v -0.28787464 3.05327427 5.0640003
v -0.2177217 3.18452138 5.06400077
v -0.34566158 2.76275992 5.0640003
v -0.33107471 2.61465698 5.0640003
v -0.29372662 2.62208597 5.0640003
v -0.30758184 2.76275992 5.0640003
v 0.83525038 2.1315493 1.39446073
v 0.95028943 2.22595942 1.39446073
v 0.95028943 2.22595942 2.12836878
v 0.83525038 2.1315493 2.12836878
v 1.04469961 3.18452138 2.86227672
v 1.11485261 3.05327427 2.86227672
v 1.0796715 3.03870177 2.86227672
v 1.01303744 3.16336539 2.86227672
v 0.83525038 2.1315493 2.86227672
v 0.95028949 2.22595942 2.86227672
v 0.95028949 2.22595942 3.59618466
v 0.83525038 2.1315493 3.59618466
v 0.1229746 3.46412355 5.0640003
v -0.0082725 3.39397055 5.0640003
v 0.01288348 3.36230838 5.0640003
v 0.13754711 3.42894244 5.0640003
v 0.83525038 2.1315493 4.3300926
v 0.95028949 2.22595942 4.3300926
v 0.95028949 2.22595942 5.0640003
v 0.83525038 2.1315493 5.06400077
v -0.33107471 2.61465698 4.3300926
v -0.34566158 2.76275992 4.3300926
v -0.30758184 2.76275992 4.3300926
v -0.29372662 2.62208599 4.3300926
v -0.33107477 2.91086285 1.39446073
v -0.33107477 2.91086285 2.12836878
v 1.11485261 3.05327427 2.12836878
v 1.04469961 3.18452138 2.12836878
v 1.01303744 3.16336539 2.12836878
v 1.0796715 3.03870177 2.12836878
v -0.33107471 2.91086285 2.86227672
v -0.33107471 2.91086285 3.59618466
v -0.0082725 3.39397055 4.3300926
v 0.1229746 3.46412355 4.3300926
v 0.13754711 3.42894244 4.3300926
v 0.01288348 3.36230838 4.3300926
v -0.33107471 2.91086285 4.3300926
v -0.33107471 2.91086285 5.0640003
v -0.34566158 2.76275992 3.59618466
v -0.33107471 2.61465698 3.59618466
v -0.29372662 2.62208599 3.59618466
v -0.30758184 2.76275992 3.59618466
v 1.04469955 2.34099847 1.39446073
v 1.04469961 2.34099847 2.12836878
v -0.09638506 2.25288588 5.79790847
v 0.01288348 2.16321146 5.79790847
v 1.04469961 2.34099847 2.86227672
v 1.04469961 2.34099847 3.59618466
v 0.1229746 3.46412355 3.59618466
v -0.0082725 3.39397055 3.59618466
v 0.01288348 3.36230838 3.59618466
v 0.13754711 3.42894244 3.59618466
v 1.04469961 2.34099847 4.3300926
v 1.04469961 2.34099847 5.0640003
v -0.33107471 2.61465698 2.86227672
v -0.34566158 2.76275992 2.86227672
v -0.30758184 2.76275992 2.86227672
v -0.29372662 2.62208597 2.86227672
v -0.34566164 2.76275992 1.39446073
v -0.34566158 2.76275992 2.12836878
v 0.6894308 2.09657741 5.79790847
v 0.81409439 2.16321146 5.79790895
v -0.12331152 2.22595942 5.0640003
v -0.0082725 2.1315493 5.0640003
v 0.01288348 2.16321146 5.0640003
v -0.09638506 2.25288588 5.0640003
v -0.0082725 3.39397055 2.86227672
v 0.1229746 3.46412355 2.86227672
v 0.13754711 3.42894244 2.86227672
v 0.01288348 3.36230838 2.86227672
v 1.11485255 2.47224557 1.39446073
v 1.11485261 2.47224557 2.12836878
v -0.33107477 2.61465698 2.12836878
v -0.29372674 2.62208597 2.12836878
v -0.30758184 2.76275992 2.12836878
v 1.11485261 2.47224557 2.86227672
v 1.11485261 2.47224557 3.59618466
v 0.7040033 2.0613963 5.0640003
v 0.81409439 2.16321146 5.06400077
v 0.6894308 2.09657741 5.0640003
v 1.11485261 2.47224557 4.3300926
v 1.11485261 2.47224557 5.0640003
v -0.0082725 2.1315493 4.3300926
v -0.12331152 2.22595942 4.3300926
v -0.09638506 2.25288588 4.3300926
v 0.01288348 2.16321146 4.3300926
v -0.33107477 2.61465698 1.39446073
v 0.12297457 3.46412355 2.12836878
v -0.00827253 3.39397055 2.12836878
v 0.01288345 3.36230838 2.12836878
v 0.13754708 3.42894244 2.12836878
v 1.01303744 2.36215445 5.79790847
v 1.0796715 2.48681808 5.79790847
v 0.7040033 2.0613963 4.3300926
v 0.6894308 2.09657741 4.3300926
v 0.81409439 2.16321146 4.3300926
v 1.15805262 2.61465698 1.39446073
v 1.15805262 2.61465698 2.12836878
v -0.12331152 2.22595942 3.59618466
v -0.0082725 2.1315493 3.59618466
v 0.01288348 2.16321146 3.59618466
v -0.09638506 2.25288588 3.59618466
v 1.15805268 2.61465698 2.86227672
v 1.15805268 2.61465698 3.59618466
v 0.27281505 2.05554426 5.79790847
v 0.41348897 2.0416891 5.79790847
v 1.15805268 2.61465698 4.3300926
v 1.15805268 2.61465698 5.0640003
v 1.0796715 2.48681808 5.0640003
v 1.01303744 2.36215445 5.0640003
v -0.2878747 2.47224557 1.39446073
v -0.28787464 2.47224557 2.12836878
v 0.7040033 2.0613963 3.59618466
v 0.81409439 2.16321146 3.59618466
v 0.6894308 2.09657741 3.59618466
v -0.28787464 2.47224557 2.86227672
v -0.28787464 2.47224557 3.59618466
v -0.0082725 2.1315493 2.86227672
v -0.12331152 2.22595942 2.86227672
v -0.09638506 2.25288588 2.86227672
v 0.01288348 2.16321146 2.86227672
v -0.28787464 2.47224557 4.3300926
v -0.28787464 2.47224557 5.0640003
v 0.26538604 2.01819623 5.0640003
v 0.41348896 2.00360936 5.0640003
v 0.41348896 2.0416891 5.0640003
v 0.27281503 2.05554426 5.0640003
v 1.17263949 2.76275992 1.39446073
v 1.17263955 2.76275992 2.12836878
v 1.01303744 2.36215445 4.3300926
v 1.0796715 2.48681808 4.3300926
v 1.17263955 2.76275992 2.86227672
v 1.17263955 2.76275992 3.59618466
v 0.7040033 2.0613963 2.86227672
v 0.6894308 2.09657741 2.86227672
v 0.81409439 2.16321146 2.86227672
v 1.17263955 2.76275992 4.3300926
v 1.17263955 2.76275992 5.0640003
v -0.12331158 2.22595942 2.12836878
v -0.00827253 2.1315493 2.12836878
v 0.01288345 2.16321146 2.12836878
v -0.09638512 2.25288588 2.12836878
v -0.2177217 2.34099847 1.39446073
v -0.21772164 2.34099847 2.12836878
v 0.41348896 2.00360936 4.3300926
v 0.26538604 2.01819623 4.3300926
v 0.27281503 2.05554426 4.3300926
v 0.41348896 2.0416891 4.3300926
v -0.21772164 2.34099847 2.86227672
v -0.21772164 2.34099847 3.59618466
v 1.0796715 2.48681808 3.59618466
v 1.01303744 2.36215445 3.59618466
v -0.21772164 2.34099847 4.3300926
v -0.21772164 2.34099847 5.0640003
v 0.70400327 2.0613963 2.12836878
v 0.81409439 2.16321146 2.12836878
v 0.68943077 2.09657741 2.12836878
v 1.15805262 2.91086285 1.39446073
v 1.15805262 2.91086285 2.12836878
v 1.12070459 2.90343386 5.79790847
v 1.0796715 3.03870177 5.79790847
v 1.15805268 2.91086285 2.86227672
v 1.15805268 2.91086285 3.59618466
v 0.26538604 2.01819623 3.59618466
v 0.41348895 2.00360936 3.59618466
v 0.41348895 2.0416891 3.59618466
v 0.27281503 2.05554426 3.59618466
v 1.15805268 2.91086285 4.3300926
v 1.15805268 2.91086285 5.0640003
v 1.01303744 2.36215445 2.86227672
v 1.0796715 2.48681808 2.86227672
v -0.12331158 2.22595942 1.39446073
v 0.55416292 3.46997559 5.79790847
v 0.41348897 3.48383075 5.79790895
v 1.11485261 3.05327427 5.0640003
v 1.0796715 3.03870177 5.0640003
v 1.12070459 2.90343386 5.0640003
v 0.41348895 2.00360936 2.86227672
v 0.26538603 2.01819623 2.86227672
v 0.27281503 2.05554426 2.86227672
v 0.41348895 2.0416891 2.86227672
v 1.11485255 3.05327427 1.39446073
v 1.0796715 2.48681808 2.12836878
v 1.01303744 2.36215445 2.12836878
v 0.56159189 3.50732362 5.0640003
v 0.41348896 3.52191049 5.06400077
v 0.41348896 3.48383075 5.06400077
v 0.55416289 3.46997559 5.0640003
v 1.11485261 3.05327427 4.3300926
v 1.12070459 2.90343386 4.3300926
v 1.0796715 3.03870177 4.3300926
v -0.00827253 2.1315493 1.39446073
v 0.26538602 2.01819623 2.12836878
v 0.41348894 2.00360936 2.12836878
v 0.41348894 2.0416891 2.12836878
v 0.27281502 2.05554426 2.12836878
v -0.29372662 2.90343386 5.79790847
v -0.30758184 2.76275992 5.79790847
v 0.41348896 3.52191049 4.3300926
v 0.56159189 3.50732362 4.3300926
v 0.55416289 3.46997559 4.3300926
v 0.41348896 3.48383075 4.3300926
v 1.04469955 3.18452138 1.39446073
v 1.12070459 2.90343386 3.59618466
v 0.92336303 3.27263397 5.79790847
v 0.81409442 3.36230838 5.79790847
v 1.04469961 3.18452138 4.3300926
v 1.04469961 3.18452138 5.0640003
v -0.29372662 2.90343386 5.0640003
v 0.12297457 2.0613963 1.39446073
v 0.12297457 2.0613963 2.12836878
v 0.56159189 3.50732362 3.59618466
v 0.41348895 3.52191049 3.59618466
v 0.41348895 3.48383075 3.59618466
v 0.55416289 3.46997559 3.59618466
v 0.1229746 2.0613963 2.86227672
v 0.1229746 2.0613963 3.59618466
v 1.12070465 2.90343384 2.86227672
v 0.1229746 2.0613963 4.3300926
v 0.1229746 2.0613963 5.0640003
v 0.95028949 3.29956043 5.0640003
v 0.83525041 3.39397055 5.0640003
v 0.81409442 3.36230838 5.0640003
v 0.92336303 3.27263397 5.0640003
v 0.41348893 3.52191049 1.39446073
v 0.26538602 3.50732362 1.39446073
v 0.26538602 3.50732362 2.12836878
v 0.41348894 3.52191049 2.12836878
v -0.29372662 2.90343386 4.3300926
v 0.41348895 3.52191049 2.86227672
v 0.26538603 3.50732362 2.86227672
v 0.26538604 3.50732362 3.59618466
v 0.41348895 3.52191049 3.59618466
v 0.41348895 3.52191049 2.86227672
v 0.56159188 3.50732362 2.86227672
v 0.55416287 3.46997559 2.86227672
v 0.41348895 3.48383075 2.86227672
v 0.41348896 3.52191049 4.3300926
v 0.26538604 3.50732362 4.3300926
v 0.26538604 3.50732362 5.0640003
v 0.41348896 3.52191049 5.06400077
v 1.12070459 2.90343384 2.12836878
v 0.95028943 3.29956043 1.39446073
v 0.95028943 3.29956043 2.12836878
v 0.83525041 3.39397055 4.3300926
v 0.95028949 3.29956043 4.3300926
v 0.92336303 3.27263397 4.3300926
v 0.81409442 3.36230838 4.3300926
v 0.95028949 3.29956043 2.86227672
v 0.95028949 3.29956043 3.59618466
v -0.29372662 2.90343386 3.59618466
v 0.56159186 3.50732362 2.12836878
v 0.41348894 3.52191049 2.12836878
v 0.41348894 3.48383075 2.12836878
v 0.55416286 3.46997559 2.12836878
v 0.26538602 2.01819623 1.39446073
v -0.18605947 2.36215445 5.79790847
v 0.83525041 3.39397055 3.59618466
v 0.81409442 3.36230838 3.59618466
v 0.92336303 3.27263397 3.59618466
v -0.29372662 2.90343386 2.86227672
v 0.12297457 3.46412355 1.39446073
v -0.09638506 3.27263397 5.79790847
v -0.18605947 3.16336539 5.79790895
v -0.18605947 2.36215445 5.0640003
v 0.83525041 3.39397055 2.86227672
v 0.92336303 3.27263397 2.86227672
v 0.81409442 3.36230838 2.86227672
v 0.83525038 3.39397055 1.39446073
v 0.83525038 3.39397055 2.12836878
v -0.29372674 2.90343384 2.12836878
v -0.12331152 3.29956043 5.0640003
v -0.18605953 3.16336539 5.06400077
v -0.09638506 3.27263397 5.0640003
v -0.18605947 2.36215445 4.3300926
v 0.41348893 2.00360936 1.39446073
v 0.81409439 3.36230838 2.12836878
v 0.92336297 3.27263397 2.12836878
v 0.92336303 2.25288588 5.79790847
v -0.12331152 3.29956043 4.3300926
v -0.09638506 3.27263397 4.3300926
v -0.18605953 3.16336539 4.3300926
v -0.00827253 3.39397055 1.39446073
v -0.18605947 2.36215445 3.59618466
v 0.27281505 3.46997559 5.79790847
v 0.92336303 2.25288588 5.0640003
v 0.70400327 3.46412355 1.39446073
v 0.70400327 3.46412355 2.12836878
v -0.12331152 3.29956043 3.59618466
v -0.18605953 3.16336539 3.59618466
v -0.09638506 3.27263397 3.59618466
v 0.7040033 3.46412355 2.86227672
v 0.7040033 3.46412355 3.59618466
v -0.18605947 2.36215445 2.86227672
v 0.7040033 3.46412355 4.3300926
v 0.7040033 3.46412355 5.0640003
v 0.27281505 3.46997559 5.0640003
v 0.56159186 2.01819623 1.39446073
v 0.56159186 2.01819623 2.12836878
v 0.92336303 2.25288588 4.3300926
v 0.56159188 2.01819623 2.86227672
v 0.56159189 2.01819623 3.59618466
v -0.12331152 3.29956043 2.86227672
v -0.09638506 3.27263397 2.86227672
v -0.18605953 3.16336539 2.86227672
v 0.56159189 2.01819623 4.3300926
v 0.56159189 2.01819623 5.0640003
v -0.18605947 2.36215445 2.12836878
v -0.12331158 3.29956043 1.39446073
v -0.12331158 3.29956043 2.12836878
v 0.27281503 3.46997559 4.3300926
v 0.92336303 2.25288588 3.59618466
v -0.18605953 3.16336542 2.12836855
v -0.09638512 3.27263397 2.12836878
v 0.56159186 3.50732362 1.39446073
v 1.13455981 2.76275992 5.79790847
v 0.27281503 3.46997559 3.59618466
v 0.92336303 2.25288588 2.86227672
v 0.70400327 2.0613963 1.39446073
v 0.5541629 2.05554426 5.79790847
v 1.13455981 2.76275992 5.0640003
v 0.27281503 3.46997559 2.86227672
v 0.92336297 2.25288588 2.12836878
v 0.55416289 2.05554426 5.0640003
v 1.13455981 2.76275992 4.3300926
v 0.41348893 3.52191049 1.39446073
v 0.27281502 3.46997559 2.12836878
v -0.25269353 3.03870177 5.79790847
v 0.55416289 2.05554426 4.3300926
v 1.13455981 2.76275992 3.59618466
v 0.13754711 2.09657741 5.79790847
v -0.25269353 3.0387018 5.0640003
v 0.81409436 2.16321146 5.14545219
v 0.92336315 2.25288594 5.14545171
v 0.97721589 2.1990332 5.14545171
v 0.85640618 2.09988737 5.14545219
v 0.6894308 3.42894244 3.67763608
v 0.55416289 3.46997559 3.67763608
v 0.56902084 3.54467148 3.67763608
v 0.71857569 3.49930441 3.67763608
v -0.18605947 2.36215445 2.78082531
v -0.25269353 2.48681808 2.78082531
v -0.32305551 2.45767319 2.78082531
v -0.24938357 2.31984264 2.78082531
v 1.01303744 3.16336539 5.14545171
v 0.92336303 3.27263397 5.14545171
v 0.97721577 3.32648671 5.14545171
v 1.07636154 3.20567721 5.14545171
v 0.92336303 2.25288588 4.24864118
v 0.81409439 2.16321146 4.24864118
v 0.85640621 2.09988737 4.24864118
v 0.97721577 2.19903314 4.24864118
v 0.55416287 3.46997559 2.78082531
v 0.6894308 3.42894244 2.78082531
v 0.71857569 3.49930441 2.78082531
v 0.56902082 3.54467148 2.78082531
v -0.25269353 2.48681808 2.2098202
v -0.18605947 2.36215445 2.2098202
v -0.24938357 2.31984264 2.2098202
v -0.32305551 2.45767319 2.2098202
v 0.92336303 3.27263397 4.24864118
v 1.01303744 3.16336539 4.24864118
v 1.07636154 3.20567721 4.24864118
v 0.97721577 3.32648671 4.24864118
v 0.81409439 2.16321146 3.67763608
v 0.92336303 2.25288588 3.67763608
v 0.97721577 2.19903314 3.67763608
v 0.85640621 2.09988737 3.67763608
v 0.68943077 3.42894244 2.2098202
v 0.55416286 3.46997559 2.2098202
v 0.56902081 3.54467148 2.2098202
v 0.71857566 3.49930441 2.2098202
v 1.13455981 2.76275992 5.71645706
v 1.12070459 2.62208597 5.71645706
v 1.19540048 2.60722803 5.71645706
v 1.21071905 2.76275992 5.71645706
v 1.01303744 3.16336539 3.67763608
v 0.92336303 3.27263397 3.67763608
v 0.97721577 3.32648671 3.67763608
v 1.07636154 3.20567721 3.67763608
v 0.92336303 2.25288588 2.78082531
v 0.81409439 2.16321146 2.78082531
v 0.85640621 2.09988737 2.78082531
v 0.97721577 2.19903314 2.78082531
v -0.09638512 3.27263385 5.71645706
v 0.01288348 3.36230838 5.71645706
v -0.02942833 3.42563248 5.71645706
v -0.15023786 3.32648659 5.71645706
v 1.12070459 2.62208597 5.14545171
v 1.13455981 2.76275992 5.14545171
v 1.21071905 2.76275992 5.14545171
v 1.19540048 2.60722803 5.14545171
v 0.92336303 3.27263397 2.78082531
v 1.01303744 3.16336539 2.78082531
v 1.07636154 3.20567721 2.78082531
v 0.97721577 3.32648671 2.78082531
v 0.81409439 2.16321146 2.2098202
v 0.92336297 2.25288588 2.2098202
v 0.97721571 2.19903314 2.2098202
v 0.85640621 2.09988737 2.2098202
v 0.01288348 3.36230838 5.14545171
v -0.096385 3.27263409 5.14545171
v -0.15023774 3.32648683 5.14545171
v -0.02942833 3.42563248 5.14545171
v 1.13455981 2.76275992 4.24864118
v 1.12070459 2.62208599 4.24864118
v 1.19540048 2.60722804 4.24864118
v 1.21071905 2.76275992 4.24864118
v 1.01303744 3.16336539 2.2098202
v 0.92336297 3.27263397 2.2098202
v 0.97721571 3.32648671 2.2098202
v 1.07636154 3.20567721 2.2098202
v -0.25269347 3.03870189 5.71645706
v -0.18605947 3.16336542 5.71645753
v -0.24938357 3.20567724 5.71645753
v -0.32305545 3.06784678 5.71645706
v -0.09638506 3.27263397 4.24864118
v 0.01288348 3.36230838 4.24864118
v -0.02942833 3.42563248 4.24864118
v -0.1502378 3.32648671 4.24864118
v 1.12070459 2.62208599 3.67763608
v 1.13455981 2.76275992 3.67763608
v 1.21071905 2.76275992 3.67763608
v 1.19540048 2.60722804 3.67763608
v 0.27281518 3.46997559 5.71645706
v 0.41348897 3.48383075 5.71645753
v 0.41348897 3.55998999 5.71645753
v 0.25795725 3.54467148 5.71645706
v -0.18605953 3.16336536 5.14545219
v -0.25269359 3.03870168 5.14545171
v -0.32305557 3.06784654 5.14545171
v -0.24938363 3.20567718 5.14545219
v 0.01288348 3.36230838 3.67763608
v -0.09638506 3.27263397 3.67763608
v -0.1502378 3.32648671 3.67763608
v -0.02942833 3.42563248 3.67763608
v 1.13455981 2.76275992 2.78082531
v 1.12070459 2.62208599 2.78082531
v 1.19540048 2.60722804 2.78082531
v 1.21071905 2.76275991 2.78082531
v 0.41348896 3.48383075 5.14545219
v 0.27281491 3.46997559 5.14545171
v 0.25795695 3.54467148 5.14545171
v 0.41348896 3.55998999 5.14545219
v -0.25269353 3.03870177 4.24864118
v -0.18605953 3.16336539 4.24864118
v -0.24938363 3.20567721 4.24864118
v -0.32305551 3.06784666 4.24864118
v -0.09638506 3.27263397 2.78082531
v 0.01288348 3.36230838 2.78082531
v -0.02942833 3.42563248 2.78082531
v -0.1502378 3.32648671 2.78082531
v 1.12070459 2.62208599 2.2098202
v 1.13455981 2.76275992 2.2098202
v 1.21071905 2.76275991 2.2098202
v 1.19540048 2.60722804 2.2098202
v 0.27281503 3.46997559 4.24864118
v 0.41348896 3.48383075 4.24864118
v 0.41348896 3.55998999 4.24864118
v 0.25795709 3.54467148 4.24864118
v -0.18605953 3.16336539 3.67763608
v -0.25269353 3.03870177 3.67763608
v -0.32305551 3.06784666 3.67763608
v -0.24938363 3.20567721 3.67763608
v 0.01288345 3.36230838 2.2098202
v -0.09638518 3.27263391 2.2098202
v -0.15023792 3.32648665 2.2098202
v -0.02942836 3.42563248 2.2098202
v -0.25269353 2.48681808 5.71645706
v -0.29372662 2.62208597 5.71645706
v -0.36842251 2.60722803 5.71645706
v -0.32305551 2.45767319 5.71645706
v 0.41348895 3.48383075 3.67763608
v 0.27281503 3.46997559 3.67763608
v 0.25795709 3.54467148 3.67763608
v 0.41348895 3.55998999 3.67763608
v -0.25269353 3.03870177 2.78082531
v -0.18605953 3.16336539 2.78082531
v -0.24938363 3.20567721 2.78082531
v -0.32305551 3.06784666 2.78082531
v 0.5541629 2.05554426 5.71645706
v 0.41348897 2.0416891 5.71645706
v 0.41348897 1.96552986 5.71645706
v 0.56902085 1.98084837 5.71645706
v -0.29372662 2.62208597 5.14545171
v -0.25269353 2.48681808 5.14545171
v -0.32305551 2.45767319 5.14545171
v -0.36842251 2.60722803 5.14545171
v 0.27281503 3.46997559 2.78082531
v 0.41348895 3.48383075 2.78082531
v 0.41348895 3.55998999 2.78082531
v 0.25795709 3.54467148 2.78082531
v -0.18605959 3.16336536 2.20981996
v -0.25269353 3.03870183 2.20981996
v -0.32305551 3.06784672 2.20981996
v -0.24938369 3.20567715 2.20981996
v 0.41348896 2.0416891 5.14545171
v 0.55416289 2.05554426 5.14545171
v 0.56902084 1.98084837 5.14545171
v 0.41348896 1.96552986 5.14545171
v -0.25269353 2.48681808 4.24864118
v -0.29372662 2.62208599 4.24864118
v -0.36842251 2.60722804 4.24864118
v -0.32305551 2.45767319 4.24864118
v 0.41348894 3.48383075 2.2098202
v 0.27281502 3.46997559 2.2098202
v 0.25795707 3.54467148 2.2098202
v 0.41348894 3.55998999 2.2098202
v 0.55416289 2.05554426 4.24864118
v 0.41348896 2.0416891 4.24864118
v 0.41348896 1.96552986 4.24864118
v 0.56902084 1.98084837 4.24864118
v -0.29372662 2.62208599 3.67763608
v -0.25269353 2.48681808 3.67763608
v -0.32305551 2.45767319 3.67763608
v -0.36842251 2.60722804 3.67763608
v 0.13754711 2.09657741 5.71645706
v 0.01288348 2.16321146 5.71645706
v -0.02942833 2.09988737 5.71645706
v 0.10840222 2.02621543 5.71645706
v 0.41348895 2.0416891 3.67763608
v 0.55416289 2.05554426 3.67763608
v 0.56902084 1.98084837 3.67763608
v 0.41348895 1.96552986 3.67763608
v -0.29372662 2.62208597 2.78082531
v -0.36842251 2.60722803 2.78082531
v 0.01288348 2.16321146 5.14545171
v 0.13754711 2.09657741 5.14545171
v 0.10840222 2.02621543 5.14545171
v -0.02942833 2.09988737 5.14545171
v 0.55416287 2.05554426 2.78082531
v 0.41348895 2.0416891 2.78082531
v 0.41348895 1.96552986 2.78082531
v 0.56902082 1.98084837 2.78082531
v -0.29372674 2.62208597 2.2098202
v -0.36842263 2.60722803 2.2098202
v 0.13754711 2.09657741 4.24864118
v 0.01288348 2.16321146 4.24864118
v -0.02942833 2.09988737 4.24864118
v 0.10840222 2.02621543 4.24864118
v 0.41348894 2.0416891 2.2098202
v 0.55416286 2.05554426 2.2098202
v 0.56902081 1.98084837 2.2098202
v 0.41348894 1.96552986 2.2098202
v 1.0796715 2.48681808 5.71645706
v 1.15003347 2.45767319 5.71645706
v 0.01288348 2.16321146 3.67763608
v 0.13754711 2.09657741 3.67763608
v 0.10840222 2.02621543 3.67763608
v -0.02942833 2.09988737 3.67763608
v 0.6894308 3.42894244 5.71645706
v 0.81409442 3.36230838 5.71645706
v 0.85640624 3.42563248 5.71645706
v 0.71857572 3.49930441 5.71645706
v 1.0796715 2.48681808 5.14545171
v 1.15003347 2.45767319 5.14545171
v 0.13754711 2.09657741 2.78082531
v 0.01288348 2.16321146 2.78082531
v -0.02942833 2.09988737 2.78082531
v 0.10840222 2.02621543 2.78082531
v 0.81409442 3.36230838 5.14545171
v 0.6894308 3.42894244 5.14545171
v 0.71857572 3.49930441 5.14545171
v 0.85640624 3.42563248 5.14545171
v 1.0796715 2.48681808 4.24864118
v 1.15003347 2.45767319 4.24864118
v 0.01288345 2.16321146 2.2098202
v 0.13754708 2.09657741 2.2098202
v 0.10840219 2.02621543 2.2098202
v -0.02942836 2.09988737 2.2098202
v 0.6894308 3.42894244 4.24864118
v 0.81409442 3.36230838 4.24864118
v 0.85640624 3.42563248 4.24864118
v 0.71857569 3.49930441 4.24864118
v 1.0796715 2.48681808 3.67763608
v 1.15003347 2.45767319 3.67763608
v 1.01303744 3.16336539 5.71645706
v 1.0796715 3.03870177 5.71645706
v 1.15003347 3.06784666 5.71645706
v 1.07636154 3.20567721 5.71645706
v 0.81409442 3.36230838 3.67763608
v 0.85640624 3.42563248 3.67763608
v 1.0796715 2.48681808 2.78082531
v 1.15003347 2.45767319 2.78082531
v 1.0796715 3.03870177 5.14545171
v 1.15003347 3.06784666 5.14545171
v 0.81409442 3.36230838 2.78082531
v 0.85640624 3.42563248 2.78082531
v 1.0796715 2.48681808 2.2098202
v 1.15003347 2.45767319 2.2098202
v 1.0796715 3.03870177 4.24864118
v 1.15003347 3.06784666 4.24864118
v 0.81409439 3.36230838 2.2098202
v 0.85640621 3.42563248 2.2098202
v -0.30758184 2.76275992 5.71645706
v -0.38374108 2.76275992 5.71645706
v 1.0796715 3.03870177 3.67763608
v 1.15003347 3.06784666 3.67763608
v 0.13754711 3.42894244 5.71645706
v 0.10840222 3.49930441 5.71645706
v -0.30758184 2.76275992 5.14545171
v -0.38374108 2.76275992 5.14545171
v 1.0796715 3.03870177 2.78082531
v 1.15003347 3.06784666 2.78082531
v 0.13754711 3.42894244 5.14545171
v 0.10840222 3.49930441 5.14545171
v -0.30758184 2.76275992 4.24864118
v -0.38374108 2.76275992 4.24864118
v 1.0796715 3.03870177 2.2098202
v 1.15003347 3.06784666 2.2098202
v 0.13754711 3.42894244 4.24864118
v 0.10840222 3.49930441 4.24864118
v -0.30758184 2.76275992 3.67763608
v -0.38374108 2.76275992 3.67763608
v -0.09638506 2.25288588 5.71645706
v -0.1502378 2.19903314 5.71645706
v 0.13754711 3.42894244 3.67763608
v 0.10840222 3.49930441 3.67763608
v -0.30758184 2.76275992 2.78082531
v -0.38374108 2.76275992 2.78082531
v 0.81409442 2.16321146 5.71645753
v 0.68943092 2.09657747 5.71645706
v 0.71857584 2.02621549 5.71645706
v 0.85640624 2.09988737 5.71645753
v -0.09638506 2.25288588 5.14545171
v -0.1502378 2.19903314 5.14545171
v 0.13754711 3.42894244 2.78082531
v 0.10840222 3.49930441 2.78082531
v -0.30758184 2.76275992 2.2098202
v -0.38374108 2.76275992 2.2098202
v 0.68943068 2.09657735 5.14545171
v 0.71857557 2.02621537 5.14545171
v -0.09638506 2.25288588 4.24864118
v -0.1502378 2.19903314 4.24864118
v 0.13754708 3.42894244 2.2098202
v 0.10840219 3.49930441 2.2098202
v 1.01303744 2.36215445 5.71645706
v 1.07636154 2.31984264 5.71645706
v 0.6894308 2.09657741 4.24864118
v 0.71857572 2.02621543 4.24864118
v -0.09638506 2.25288588 3.67763608
v -0.1502378 2.19903314 3.67763608
v 0.27281505 2.05554426 5.71645706
v 0.2579571 1.98084837 5.71645706
v -0.29372662 2.62208597 5.79790847
v 0.68943077 3.42894244 2.12836878
v 1.01303744 3.16336539 4.3300926
v 1.12070459 2.62208599 2.12836878
v 0.6894308 3.42894244 2.86227672
v 1.01303744 3.16336539 5.0640003
v 1.12070459 2.62208599 2.86227672
v 0.6894308 3.42894244 3.59618466
v 1.01303744 3.16336539 5.79790847
v 1.12070459 2.62208599 3.59618466
v 0.6894308 3.42894244 4.3300926
v 0.13754708 2.09657741 2.12836878
v 1.12070459 2.62208599 4.3300926
v 0.6894308 3.42894244 5.0640003
v 0.13754711 2.09657741 2.86227672
v 1.12070459 2.62208597 5.0640003
v 0.6894308 3.42894244 5.79790847
v 0.13754711 2.09657741 3.59618466
v 1.12070459 2.62208597 5.79790847
v 0.55416286 2.05554426 2.12836878
v 0.13754711 2.09657741 4.3300926
v -0.25269353 2.48681808 2.12836878
v 0.55416287 2.05554426 2.86227672
v 0.13754711 2.09657741 5.0640003
v -0.25269353 2.48681808 2.86227672
v 0.55416289 2.05554426 3.59618466
v -0.25269353 2.48681808 3.59618466
v 0.41348894 3.48383075 2.12836878
v -0.25269353 2.48681808 4.3300926
v -0.25269353 3.03870177 2.12836855
v 0.41348895 3.48383075 2.86227672
v -0.25269353 2.48681808 5.0640003
v -0.25269353 3.03870177 2.86227672
v 0.41348895 3.48383075 3.59618466
v -0.25269353 2.48681808 5.79790847
v -0.25269353 3.03870177 3.59618466
v 0.41348896 3.48383075 4.3300926
v 1.13455981 2.76275992 2.12836878
v -0.25269353 3.03870177 4.3300926
v 0.41348896 3.48383075 5.06400077
v 1.13455981 2.76275992 2.86227672
v 0.41348897 3.48383075 5.79790895
v 0.92336291 2.25288582 5.71645706
v -0.29372674 2.9034339 2.2098202
v -0.29372662 2.90343386 2.78082531
v -0.29372662 2.90343386 3.67763608
v -0.29372662 2.90343386 4.24864118
v -0.29372662 2.90343386 5.14545171
v -0.29372662 2.90343386 5.71645706
v 1.01303744 2.36215445 2.2098202
v 1.01303744 2.36215445 2.78082531
v 1.01303744 2.36215445 3.67763608
v 1.01303744 2.36215445 4.24864118
v 1.01303744 2.36215445 5.14545171
v -0.18605947 2.36215445 3.67763608
v -0.18605947 2.36215445 4.24864118
v -0.18605947 2.36215445 5.14545171
v -0.18605947 2.36215445 5.71645706
v 1.12070459 2.90343384 2.2098202
v 1.12070465 2.90343384 2.78082531
v 1.12070459 2.90343386 3.67763608
v 1.12070459 2.90343386 4.24864118
v 1.12070459 2.90343386 5.14545171
v 1.12070459 2.90343386 5.71645706
v -0.09638512 2.25288588 2.2098202
v -0.09638506 2.25288588 2.78082531
v 0.92336303 3.27263397 5.71645706
v 0.27281502 2.05554426 2.2098202
v 0.27281503 2.05554426 2.78082531
v 0.27281503 2.05554426 3.67763608
v 0.27281503 2.05554426 4.24864118
v 0.27281503 2.05554426 5.14545171
v 0.55416289 3.46997559 4.24864118
v 0.55416302 3.46997559 5.14545171
v 0.55416279 3.46997559 5.71645706
v 0.68943077 2.09657741 2.2098202
v 0.6894308 2.09657741 2.78082531
v 0.6894308 2.09657741 3.67763608
v 0.41348894 3.48383075 2.2098202
v 0.41348895 3.48383075 2.78082531
v 0.41348895 3.48383075 3.67763608
v 0.41348896 3.48383075 4.24864118
v 0.41348896 3.48383075 5.14545219
v 0.41348897 3.48383075 5.71645753
v 0.97721577 3.32648671 5.71645706
v -0.24938357 2.31984264 3.67763608
v 0.56902084 3.54467148 4.24864118
v 0.97721565 2.19903308 5.71645706
v 0.25795707 1.98084837 2.2098202
v -0.24938357 2.31984264 4.24864118
v 0.56902099 3.54467148 5.14545171
v -0.36842263 2.91829185 2.2098202
v 0.25795709 1.98084837 2.78082531
v -0.24938357 2.31984264 5.14545171
v 0.56902072 3.54467148 5.71645706
v -0.36842251 2.91829181 2.78082531
v 0.25795709 1.98084837 3.67763608
v -0.24938357 2.31984264 5.71645706
v 0.71857566 2.02621543 2.2098202
v -0.36842251 2.91829181 3.67763608
v 0.25795709 1.98084837 4.24864118
v 1.19540048 2.91829179 2.2098202
v 0.71857572 2.02621543 2.78082531
v -0.36842251 2.91829181 4.24864118
v 0.25795709 1.98084837 5.14545171
v 1.19540054 2.91829179 2.78082531
v 0.71857572 2.02621543 3.67763608
v -0.36842251 2.91829181 5.14545171
v 1.19540048 2.91829181 3.67763608
v -0.36842251 2.91829181 5.71645706
v 1.19540048 2.91829181 4.24864118
v 1.07636154 2.31984264 2.2098202
v 1.19540048 2.91829181 5.14545171
v 1.07636154 2.31984264 2.78082531
v 1.19540048 2.91829181 5.71645706
v 1.07636154 2.31984264 3.67763608
v -0.15023786 2.19903314 2.2098202
v 1.07636154 2.31984264 4.24864118
v -0.1502378 2.19903314 2.78082531
v 1.07636154 2.31984264 5.14545171
v 0.41348894 3.55998999 2.2098202
v 0.41348895 3.55998999 2.78082531
v 0.41348895 3.55998999 3.67763608
v 0.41348896 3.55998999 4.24864118
v 0.41348896 3.55998999 5.14545219
v 0.41348897 3.55998999 5.71645753
v 0.41348892 3.73517817 1.01934629
v 0.6031983 3.71649337 1.01934629
v 0.78561729 3.66115719 1.01934629
v 0.95373553 3.5712961 1.01934629
v 1.10109246 3.45036346 1.01934629
v 1.2220251 3.30300653 1.01934629
v 1.31188619 3.13488829 1.01934629
v -0.39504725 2.22251332 1.01934629
v -0.48490834 2.39063156 1.01934629
v -0.54024452 2.57305054 1.01934629
v -0.55892932 2.76275992 1.01934629
v -0.54024452 2.9524693 1.01934629
v -0.48490834 3.13488829 1.01934629
v -0.39504725 3.30300653 1.01934629
v -0.27411455 3.45036346 1.01934629
v -0.12675768 3.5712961 1.01934629
v 0.04136056 3.66115719 1.01934629
v 0.22377954 3.71649337 1.01934629
v 0.41348892 3.73517817 1.01934629
v 0.41348893 3.54949224 1.34541528
v 0.41348893 1.97602761 1.34541528
v 0.26000507 1.99114442 1.34541528
v 0.11241949 2.03591406 1.34541528
v -0.02359614 2.10861588 1.34541528
v -0.14281482 2.20645618 1.34541528
v -0.24065512 2.32567486 1.34541528
v -0.31335694 2.46169049 1.34541528
v -0.35812658 2.60927604 1.34541528
v -0.37324339 2.76275992 1.34541528
v -0.35812658 2.91624378 1.34541528
v -0.31335694 3.06382936 1.34541516
v -0.36486918 2.24267763 0.99867754
v 0.41348893 2.01232243 1.32474654
v -0.45137626 2.40452099 0.99867754
v 0.26708585 2.02674186 1.32474654
v -0.50464708 2.58013132 0.99867754
v 0.12630892 2.06944615 1.32474654
v -0.52263451 2.76275992 0.99867754
v -0.0034318 2.13879395 1.32474654
v -0.50464708 2.94538853 0.99867754
v -0.11715049 2.23212051 1.32474654
v -0.45137626 3.12099886 0.99867754
v -0.21047705 2.3458392 1.32474654
v -0.36486918 3.28284222 0.99867754
v 0.41348892 3.69888335 0.99867754
v 0.59611753 3.68089592 0.99867754
v -0.27982485 2.47557992 1.32474654
v -0.24845022 3.42469913 0.99867754
v 0.77172786 3.62762511 0.99867754
v -0.32252914 2.61635682 1.32474654
v -0.10659337 3.54111803 0.99867754
v 0.93357122 3.54111803 0.99867754
v -0.33694857 2.76275992 1.32474654
v 0.05524999 3.62762511 0.99867754
v 1.07542813 3.42469913 0.99867754
v -0.32252914 2.909163 1.32474654
v 0.23086032 3.68089592 0.99867754
v 1.19184703 3.28284222 0.99867754
v -0.27982485 3.04993993 1.32474642
v 0.41348892 3.69888335 0.99867754
v 1.27835411 3.12099886 0.99867754
v 0.41348893 3.51319742 1.32474654
v 0.41348892 3.76275992 -0.29456164
v 0.56320521 3.51543444 -0.75180132
v 0.41348892 3.53018028 -0.75180132
v 0.70716801 3.47176385 -0.75180132
v 0.56320521 3.51543444 -0.75180132
v 0.83984482 3.4008466 -0.75180132
v 0.70716801 3.47176385 -0.75180132
v 0.95613706 3.30540806 -0.75180132
v 0.83984482 3.4008466 -0.75180132
v 1.05157566 3.18911585 -0.75180132
v 0.95613706 3.30540806 -0.75180132
v 1.12249285 3.05643904 -0.75180132
v 1.05157566 3.18911585 -0.75180132
v 1.16616344 2.91247624 -0.75180132
v 1.12249285 3.05643904 -0.75180132
v 1.18090928 2.76275995 -0.75180132
v 1.16616344 2.91247624 -0.75180132
v 1.16616344 2.61304367 -0.75180132
v 1.18090928 2.76275995 -0.75180132
v 1.12249285 2.46908087 -0.75180132
v 1.16616344 2.61304367 -0.75180132
v 1.05157566 2.33640406 -0.75180132
v 1.12249285 2.46908087 -0.75180132
v 0.95613706 2.22011179 -0.75180132
v 1.05157566 2.33640406 -0.75180132
v 0.83984482 2.12467325 -0.75180132
v 0.95613706 2.22011179 -0.75180132
v 0.70716801 2.053756 -0.75180132
v 0.83984482 2.12467325 -0.75180132
v 0.56320521 2.0100854 -0.75180132
v 0.70716801 2.053756 -0.75180132
v 0.41348892 1.99533957 -0.75180132
v 0.56320521 2.0100854 -0.75180132
v 0.26377264 2.0100854 -0.75180132
v 0.41348892 1.99533957 -0.75180132
v 0.11980984 2.053756 -0.75180132
v 0.26377264 2.0100854 -0.75180132
v -0.01286697 2.12467319 -0.75180132
v 0.11980984 2.053756 -0.75180132
v -0.12915921 2.22011179 -0.75180132
v -0.01286697 2.12467319 -0.75180132
v -0.22459775 2.33640406 -0.75180132
v -0.12915921 2.22011179 -0.75180132
v -0.295515 2.46908087 -0.75180132
v -0.22459775 2.33640406 -0.75180132
v -0.3391856 2.61304367 -0.75180132
v -0.295515 2.46908087 -0.75180132
v -0.35393143 2.76275995 -0.75180132
v -0.3391856 2.61304367 -0.75180132
v -0.3391856 2.91247624 -0.75180132
v -0.35393143 2.76275995 -0.75180132
v -0.295515 3.05643904 -0.75180132
v -0.3391856 2.91247624 -0.75180132
v -0.22459781 3.18911585 -0.75180132
v -0.295515 3.05643904 -0.75180132
v -0.12915921 3.30540806 -0.75180132
v -0.22459781 3.18911585 -0.75180132
v -0.01286697 3.4008466 -0.75180132
v -0.12915921 3.30540806 -0.75180132
v 0.11980984 3.47176385 -0.75180132
v -0.01286697 3.4008466 -0.75180132
v 0.26377264 3.51543444 -0.75180132
v 0.11980984 3.47176385 -0.75180132
v 0.41348892 3.53018028 -0.75180132
v 0.26377264 3.51543444 -0.75180132
v 0.54940198 3.44604099 -0.70348258
v 0.41348892 3.50797987 -0.75180132
v 0.55887412 3.49366057 -0.75180132
v 0.41348892 3.53018028 -0.75180132
v 0.56320521 3.51543444 -0.75180132
vn 0.098 0 -0.99519
vn 0.29031 0 -0.95693
vn 0.47141 0 -0.88192
vn 0.6344 0 -0.773
vn 0.773 0 -0.6344
vn 0.88192 0 -0.47141
vn 0.95693 0 -0.29031
vn 0.99519 0 -0.098
vn 0.99519 -0 0.098
vn 0.95693 -0 0.29031
vn 0.88192 0 0.47141
vn 0.773 0 0.6344
vn 0.6344 0 0.773
vn 0.47141 0 0.88192
vn 0.29031 0 0.95693
vn 0.098 0 0.99519
vn -0.098 0 0.99519
vn -0.29031 0 0.95693
vn -0.47141 0 0.88192
vn -0.6344 0 0.773
vn -0.773 0 0.6344
vn -0.88192 0 0.47141
vn -0.95693 -0 0.29031
vn -0.99519 -0 0.098
vn -0.99519 0 -0.098
vn -0.95693 0 -0.29031
vn -0.88192 0 -0.47141
vn -0.773 0 -0.6344
vn -0.6344 0 -0.773
vn -0.47141 0 -0.88192
vn 0.1442 -0.86792 0.47531
vn -0.29031 0 -0.95693
vn -0.098 0 -0.99519
vn 0 1 -0
vn -0 -1 -0
vn 0.31511 0.86794 -0.38392
vn 0.23411 -0.86794 0.43802
vn 0.23411 0.86794 -0.43802
vn 0.31511 -0.86794 0.38392
vn 0.1442 0.86792 -0.47531
vn 0.38392 -0.86794 0.31511
vn 0.0487 0.86792 -0.49431
vn 0.43802 -0.86794 0.23411
vn -0.0487 0.86792 -0.49431
vn 0.47531 -0.86792 0.1442
vn -0.1442 0.86792 -0.47531
vn 0.49431 -0.86792 0.0487
vn -0.23411 0.86794 -0.43802
vn 0.49431 -0.86792 -0.0487
vn -0.31511 0.86794 -0.38392
vn 0.47531 -0.86792 -0.1442
vn -0.38392 0.86794 -0.31511
vn 0.43802 -0.86794 -0.23411
vn -0.0487 -0.86792 -0.49431
vn -0.43802 0.86794 -0.23411
vn 0.38392 -0.86794 -0.31511
vn -0.1442 -0.86792 -0.47531
vn -0.47531 0.86792 -0.1442
vn 0.31511 -0.86794 -0.38392
vn -0.23411 -0.86794 -0.43802
vn -0.49431 0.86792 -0.0487
vn 0.23411 -0.86794 -0.43802
vn -0.31511 -0.86794 -0.38392
vn -0.49431 0.86792 0.0487
vn 0.1442 -0.86792 -0.47531
vn -0.38392 -0.86794 -0.31511
vn 0.048 0.87176 -0.48758
vn -0.49919 -0.61709 0.60829
vn -0.48758 0.87176 0.048
vn 0.753 -0.6171 -0.2284
vn -0.60829 -0.61709 0.49919
vn 0.7831 -0.6171 -0.0771
vn -0.69399 -0.6171 0.3709
vn 0.7831 -0.6171 0.0771
vn -0.753 -0.6171 0.2284
vn 0.753 -0.6171 0.2284
vn -0.7831 -0.6171 0.0771
vn 0.69399 -0.6171 0.3709
vn -0.7831 -0.6171 -0.0771
vn 0.60829 -0.61709 0.49919
vn -0.753 -0.6171 -0.2284
vn 0.49919 -0.61709 0.60829
vn -0.69399 -0.6171 -0.3709
vn 0.3709 -0.6171 0.69399
vn 0.0771 -0.6171 -0.7831
vn -0.60829 -0.61709 -0.49919
vn 0.2284 -0.6171 0.753
vn 0.2284 -0.6171 -0.753
vn -0.49919 -0.61709 -0.60829
vn 0.0771 -0.6171 0.7831
vn 0.3709 -0.6171 -0.69399
vn -0.3709 -0.6171 -0.69399
vn -0.0771 -0.6171 0.7831
vn 0.49919 -0.61709 -0.60829
vn -0.2284 -0.6171 -0.753
vn -0.2284 -0.6171 0.753
vn 0.60829 -0.61709 -0.49919
vn -0.0771 -0.6171 -0.7831
vn -0.3709 -0.6171 0.69399
vn 0.69399 -0.6171 -0.3709
vn 0.43208 0.87175 0.23099
vn -0.48758 0.87176 -0.048
vn 0.37869 0.87178 0.31079
vn -0.46879 0.87179 -0.1422
vn 0.31079 0.87178 0.37869
vn -0.43208 0.87175 -0.23099
vn 0.23099 0.87175 0.43208
vn -0.37869 0.87178 -0.31079
vn 0.1422 0.87179 0.46879
vn -0.048 0.87176 -0.48758
vn -0.31079 0.87178 -0.37869
vn 0.048 0.87176 0.48758
vn 0.23099 0.87175 -0.43208
vn -0.23099 0.87175 -0.43208
vn -0.048 0.87176 0.48758
vn 0.31079 0.87178 -0.37869
vn -0.1422 0.87179 -0.46879
vn -0.1422 0.87179 0.46879
vn 0.37869 0.87178 -0.31079
vn -0.23099 0.87175 0.43208
vn 0.43208 0.87175 -0.23099
vn 0.1422 0.87179 -0.46879
vn -0.31079 0.87178 0.37869
vn 0.46879 0.87179 -0.1422
vn -0.37869 0.87178 0.31079
vn 0.48758 0.87176 -0.048
vn -0.43208 0.87175 0.23099
vn 0.48758 0.87176 0.048
vn -0.46879 0.87179 0.1422
vn 0.46879 0.87179 0.1422
vn -0.0881 -0.43918 -0.89407
vn 0.2608 -0.4392 -0.8597
vn 0.4235 -0.4392 -0.7923
vn 0.5699 -0.4392 -0.6945
vn 0.6945 -0.4392 -0.5699
vn 0.7923 -0.4392 -0.4235
vn 0.8597 -0.4392 -0.2608
vn 0.89407 -0.43918 -0.0881
vn 0.89407 -0.43918 0.0881
vn 0.8597 -0.4392 0.2608
vn 0.7923 -0.4392 0.4235
vn 0.6945 -0.4392 0.5699
vn 0.5699 -0.4392 0.6945
vn 0.4235 -0.4392 0.7923
vn 0.2608 -0.4392 0.8597
vn 0.0881 -0.43918 0.89407
vn -0.0881 -0.43918 0.89407
vn -0.2608 -0.4392 0.8597
vn -0.4235 -0.4392 0.7923
vn -0.5699 -0.4392 0.6945
vn -0.6945 -0.4392 0.5699
vn -0.7923 -0.4392 0.4235
vn -0.8597 -0.4392 0.2608
vn -0.89407 -0.43918 0.0881
vn -0.89407 -0.43918 -0.0881
vn -0.8597 -0.4392 -0.2608
vn -0.7923 -0.4392 -0.4235
vn -0.6945 -0.4392 -0.5699
vn -0.5699 -0.4392 -0.6945
vn -0.4235 -0.4392 -0.7923
vn -0.2608 -0.4392 -0.8597
vn 0.0881 -0.43918 -0.89407
vn 0.0926 -0.3264 -0.94069
vn 0.27441 -0.32641 -0.90452
vn 0.4456 -0.3264 -0.83361
vn 0.59961 -0.3264 -0.73071
vn 0.73071 -0.3264 -0.59961
vn 0.83361 -0.3264 -0.4456
vn 0.90452 -0.32641 -0.27441
vn 0.94069 -0.3264 -0.0926
vn 0.94069 -0.3264 0.0926
vn 0.90452 -0.32641 0.27441
vn 0.83361 -0.3264 0.4456
vn 0.73071 -0.3264 0.59961
vn 0.59961 -0.3264 0.73071
vn 0.4456 -0.3264 0.83361
vn 0.27441 -0.32641 0.90452
vn 0.0926 -0.3264 0.94069
vn -0.0926 -0.3264 0.94069
vn -0.27441 -0.32641 0.90452
vn -0.4456 -0.3264 0.83361
vn -0.59961 -0.3264 0.73071
vn -0.73071 -0.3264 0.59961
vn -0.83361 -0.3264 0.4456
vn -0.90452 -0.32641 0.27441
vn -0.94069 -0.3264 0.0926
vn -0.94069 -0.3264 -0.0926
vn -0.90452 -0.32641 -0.27441
vn -0.83361 -0.3264 -0.4456
vn -0.73071 -0.3264 -0.59961
vn -0.59961 -0.3264 -0.73071
vn -0.4456 -0.3264 -0.83361
vn -0.27441 -0.32641 -0.90452
vn -0.0926 -0.3264 -0.94069
vn 0.0846 0.50498 -0.85897
vn 0.25049 0.50499 -0.82598
vn 0.4069 0.505 -0.76119
vn 0.54759 0.50499 -0.66718
vn 0.66718 0.50499 -0.54759
vn 0.76119 0.505 -0.4069
vn 0.82593 0.50502 -0.25061
vn 0.85897 0.50498 -0.0846
vn 0.85897 0.50498 0.0846
vn 0.82598 0.50499 0.25049
vn 0.76119 0.505 0.4069
vn 0.66718 0.50499 0.54759
vn 0.54759 0.50499 0.66718
vn 0.4069 0.505 0.76119
vn 0.25049 0.50499 0.82598
vn 0.0846 0.50498 0.85897
vn -0.0846 0.50498 0.85897
vn -0.25049 0.50499 0.82598
vn -0.4069 0.505 0.76119
vn -0.54759 0.50499 0.66718
vn -0.66718 0.50499 0.54759
vn -0.76119 0.505 0.4069
vn -0.82593 0.50502 0.25061
vn -0.85897 0.50498 0.0846
vn -0.85897 0.50498 -0.0846
vn -0.82598 0.50499 -0.25049
vn -0.76119 0.505 -0.4069
vn -0.66718 0.50499 -0.54759
vn -0.54759 0.50499 -0.66718
vn -0.4069 0.505 -0.76119
vn -0.25049 0.50499 -0.82598
vn -0.0846 0.50498 -0.85897
vn 0.0855 0.48841 -0.86842
vn 0.25329 0.48838 -0.83506
vn 0.41139 0.48838 -0.76957
vn 0.55357 0.48838 -0.67457
vn 0.67457 0.48838 -0.55357
vn 0.76957 0.48838 -0.41139
vn 0.83506 0.48838 -0.25329
vn 0.86842 0.48841 -0.0855
vn 0.86842 0.48841 0.0855
vn 0.83506 0.48838 0.25329
vn 0.76957 0.48838 0.41139
vn 0.67457 0.48838 0.55357
vn 0.55357 0.48838 0.67457
vn 0.41139 0.48838 0.76957
vn 0.25329 0.48838 0.83506
vn 0.0855 0.48841 0.86842
vn -0.0855 0.48841 0.86842
vn -0.25329 0.48838 0.83506
vn -0.41139 0.48838 0.76957
vn -0.55357 0.48838 0.67457
vn -0.67457 0.48838 0.55357
vn -0.76957 0.48838 0.41139
vn -0.83506 0.48838 0.25329
vn -0.86842 0.48841 0.0855
vn -0.86842 0.48841 -0.0855
vn -0.83506 0.48838 -0.25329
vn -0.76957 0.48838 -0.41139
vn -0.67457 0.48838 -0.55357
vn -0.55357 0.48838 -0.67457
vn -0.41139 0.48838 -0.76957
vn -0.25329 0.48838 -0.83506
vn -0.0855 0.48841 -0.86842
vn 0.38392 0.86794 -0.31511
vn 0.0487 -0.86792 0.49431
vn 0.43802 0.86794 -0.23411
vn -0.0487 -0.86792 0.49431
vn 0.47531 0.86792 -0.1442
vn -0.1442 -0.86792 0.47531
vn 0.49431 0.86792 -0.0487
vn -0.23411 -0.86794 0.43802
vn 0.49431 0.86792 0.0487
vn -0.31511 -0.86794 0.38392
vn 0.47531 0.86792 0.1442
vn -0.38392 -0.86794 0.31511
vn 0.43802 0.86794 0.23411
vn -0.0487 0.86792 0.49431
vn -0.43802 -0.86794 0.23411
vn 0.38392 0.86794 0.31511
vn -0.1442 0.86792 0.47531
vn -0.47531 -0.86792 0.1442
vn 0.31511 0.86794 0.38392
vn -0.23411 0.86794 0.43802
vn -0.49431 -0.86792 0.0487
vn 0.23411 0.86794 0.43802
vn -0.31511 0.86794 0.38392
vn -0.49431 -0.86792 -0.0487
vn 0.1442 0.86792 0.47531
vn -0.38392 0.86794 0.31511
vn -0.47531 -0.86792 -0.1442
vn 0.0487 0.86792 0.49431
vn -0.43802 0.86794 0.23411
vn -0.43802 -0.86794 -0.23411
vn 0.0487 -0.86792 -0.49431
vn -0.47531 0.86792 0.1442
vn 0.0519 -0.84829 -0.52699
vn 0.1537 -0.84831 -0.5067
vn 0.2496 -0.8483 -0.467
vn 0.33591 -0.84831 -0.40931
vn 0.40931 -0.84831 -0.33591
vn 0.467 -0.8483 -0.2496
vn 0.5067 -0.84831 -0.1537
vn 0.52699 -0.84829 -0.0519
vn 0.52699 -0.84829 0.0519
vn 0.5067 -0.84831 0.1537
vn 0.467 -0.8483 0.2496
vn 0.40931 -0.84831 0.33591
vn 0.33591 -0.84831 0.40931
vn 0.2496 -0.8483 0.467
vn 0.1537 -0.84831 0.5067
vn 0.0519 -0.84829 0.52699
vn -0.0519 -0.84829 0.52699
vn -0.1537 -0.84831 0.5067
vn -0.2496 -0.8483 0.467
vn -0.33591 -0.84831 0.40931
vn -0.40931 -0.84831 0.33591
vn -0.467 -0.8483 0.2496
vn -0.5067 -0.84831 0.1537
vn -0.52699 -0.84829 0.0519
vn -0.52699 -0.84829 -0.0519
vn -0.5067 -0.84831 -0.1537
vn -0.467 -0.8483 -0.2496
vn -0.40931 -0.84831 -0.33591
vn -0.33591 -0.84831 -0.40931
vn -0.2496 -0.8483 -0.467
vn -0.1537 -0.84831 -0.5067
vn -0.0519 -0.84829 -0.52699
vn -0.0693 -0.7071 0.7037
vn -0.20529 -0.70708 0.67668
vn -0.33331 -0.70712 0.62361
vn -0.4486 -0.7071 0.5466
vn -0.5466 -0.7071 0.4486
vn -0.62361 -0.70712 0.33331
vn -0.67668 -0.70708 0.20529
vn -0.7037 -0.7071 0.0693
vn -0.7037 -0.7071 -0.0693
vn -0.67668 -0.70708 -0.20529
vn -0.62361 -0.70712 -0.33331
vn -0.5466 -0.7071 -0.4486
vn -0.4486 -0.7071 -0.5466
vn -0.33331 -0.70712 -0.62361
vn -0.20529 -0.70708 -0.67668
vn -0.0693 -0.7071 -0.7037
vn 0.0693 -0.7071 -0.7037
vn 0.20529 -0.70708 -0.67668
vn 0.33331 -0.70712 -0.62361
vn 0.4486 -0.7071 -0.5466
vn 0.5466 -0.7071 -0.4486
vn 0.62361 -0.70712 -0.33331
vn 0.67668 -0.70708 -0.20529
vn 0.7037 -0.7071 -0.0693
vn 0.7037 -0.7071 0.0693
vn 0.67668 -0.70708 0.20529
vn 0.62361 -0.70712 0.33331
vn 0.5466 -0.7071 0.4486
vn 0.4486 -0.7071 0.5466
vn 0.33331 -0.70712 0.62361
vn 0.20529 -0.70708 0.67668
vn 0.0693 -0.7071 0.7037
vn -0.0693 0.7071 0.7037
vn -0.20529 0.70708 0.67668
vn -0.33331 0.70712 0.62361
vn -0.4486 0.7071 0.5466
vn -0.5466 0.7071 0.4486
vn -0.62361 0.70712 0.33331
vn -0.67668 0.70708 0.20529
vn -0.7037 0.7071 0.0693
vn -0.7037 0.7071 -0.0693
vn -0.67668 0.70708 -0.20529
vn -0.62361 0.70712 -0.33331
vn -0.5466 0.7071 -0.4486
vn -0.4486 0.7071 -0.5466
vn -0.33331 0.70712 -0.62361
vn -0.20529 0.70708 -0.67668
vn -0.0693 0.7071 -0.7037
vn 0.0693 0.7071 -0.7037
vn 0.20529 0.70708 -0.67668
vn 0.33331 0.70712 -0.62361
vn 0.4486 0.7071 -0.5466
vn 0.5466 0.7071 -0.4486
vn 0.62361 0.70712 -0.33331
vn 0.67668 0.70708 -0.20529
vn 0.7037 0.7071 -0.0693
vn 0.7037 0.7071 0.0693
vn 0.67668 0.70708 0.20529
vn 0.62361 0.70712 0.33331
vn 0.5466 0.7071 0.4486
vn 0.4486 0.7071 0.5466
vn 0.33331 0.70712 0.62361
vn 0.20529 0.70708 0.67668
vn 0.0693 0.7071 0.7037
vt 1 0.75
vt 1 1
vt 0.96875 1
vt 0.96875 0.75
vt 0.9375 1
vt 0.9375 0.75
vt 0.90625 1
vt 0.90625 0.75
vt 0.875 1
vt 0.875 0.75
vt 0.84375 1
vt 0.84375 0.75
vt 0.8125 1
vt 0.8125 0.75
vt 0.78125 1
vt 0.78125 0.75
vt 0.75 1
vt 0.75 0.75
vt 0.71875 1
vt 0.71875 0.75
vt 0.6875 1
vt 0.6875 0.75
vt 0.65625 1
vt 0.65625 0.75
vt 0.625 1
vt 0.625 0.75
vt 0.59375 1
vt 0.59375 0.75
vt 0.5625 1
vt 0.5625 0.75
vt 0.53125 1
vt 0.53125 0.75
vt 0.5 1
vt 0.5 0.75
vt 0.46875 1
vt 0.46875 0.75
vt 0.4375 1
vt 0.4375 0.75
vt 0.40625 1
vt 0.40625 0.75
vt 0.375 1
vt 0.375 0.75
vt 0.34375 1
vt 0.34375 0.75
vt 0.3125 1
vt 0.3125 0.75
vt 0.28125 1
vt 0.28125 0.75
vt 0.25 1
vt 0.25 0.75
vt 0.21875 1
vt 0.21875 0.75
vt 0.1875 1
vt 0.1875 0.75
vt 0.15625 1
vt 0.15625 0.75
vt 0.125 1
vt 0.125 0.75
vt 0.09375 1
vt 0.09375 0.75
vt 0.0625 1
vt 0.0625 0.75
vt 0.5625 1
vt 0.53125 1
vt 0.03125 1
vt 0.03125 0.75
vt 0 1
vt 0 0.75
vt 0.90625 0.5436
vt 0.90625 0.625
vt 0.875 0.625
vt 0.875 0.5436
vt 0.58346 0.36128
vt 0.60837 0.39163
vt 0.625 0.5436
vt 0.625 0.625
vt 0.59375 0.625
vt 0.59375 0.5436
vt 0.34375 0.5436
vt 0.34375 0.625
vt 0.3125 0.625
vt 0.3125 0.5436
vt 0.0625 0.5436
vt 0.0625 0.625
vt 0.03125 0.625
vt 0.03125 0.5436
vt 0.75 0.5436
vt 0.75 0.625
vt 0.71875 0.625
vt 0.71875 0.5436
vt 0.46875 0.5436
vt 0.46875 0.625
vt 0.4375 0.625
vt 0.4375 0.5436
vt 0.1875 0.5436
vt 0.1875 0.625
vt 0.15625 0.625
vt 0.15625 0.5436
vt 0.84375 0.625
vt 0.84375 0.5436
vt 0.5625 0.625
vt 0.5625 0.5436
vt 0.28125 0.625
vt 0.28125 0.5436
vt 0.6875 0.625
vt 0.6875 0.5436
vt 0.40625 0.625
vt 0.40625 0.5436
vt 0.125 0.625
vt 0.125 0.5436
vt 0.84375 0.5436
vt 0.8125 0.625
vt 0.8125 0.5436
vt 0.53125 0.625
vt 0.53125 0.5436
vt 0.25 0.625
vt 0.25 0.5436
vt 0 0.625
vt 0 0.5436
vt 0.96875 0.5436
vt 0.96875 0.625
vt 0.9375 0.625
vt 0.9375 0.5436
vt 0.6875 0.5436
vt 0.65625 0.625
vt 0.65625 0.5436
vt 0.375 0.625
vt 0.375 0.5436
vt 0.09375 0.625
vt 0.09375 0.5436
vt 0.78125 0.625
vt 0.78125 0.5436
vt 0.5 0.625
vt 0.5 0.5436
vt 0.21875 0.625
vt 0.21875 0.5436
vt 0.34375 0.5436
vt 0.78125 0.5436
vt 0.21875 0.5436
vt 0.1875 0.5436
vt 1 0.625
vt 0.82665 0.43505
vt 0.86128 0.41654
vt 0.86128 0.41654
vt 0.82665 0.43505
vt 0.86128 0.41654
vt 0.89163 0.39163
vt 0.91654 0.36128
vt 0.91654 0.36128
vt 0.93505 0.32665
vt 0.93505 0.32665
vt 0.93505 0.32665
vt 0.94645 0.28908
vt 0.9503 0.25
vt 0.9503 0.25
vt 0.94645 0.21092
vt 0.93505 0.17335
vt 0.91654 0.13872
vt 0.89163 0.10837
vt 0.86128 0.08346
vt 0.86128 0.08346
vt 0.82665 0.06495
vt 0.78908 0.05355
vt 0.75 0.0497
vt 0.71092 0.05355
vt 0.67335 0.06495
vt 0.63872 0.08346
vt 0.60837 0.10837
vt 0.58346 0.13872
vt 0.56495 0.17335
vt 0.55355 0.21092
vt 0.5497 0.25
vt 0.55355 0.28908
vt 0.56495 0.32665
vt 0.57185 0.36903
vt 0.55205 0.33199
vt 0.54616 0.33444
vt 0.56654 0.37258
vt 0.63872 0.41654
vt 0.67335 0.43505
vt 0.71092 0.44645
vt 0.75 0.4503
vt 0.96875 0.64803
vt 1 0.64803
vt 0.15625 0.64803
vt 0.1875 0.64803
vt 0.1875 0.72697
vt 0.15625 0.72697
vt 1 0.72697
vt 0.96875 0.72697
vt 0.21875 0.64803
vt 0.125 0.72697
vt 0.9375 0.72697
vt 0.25 0.64803
vt 0.09375 0.72697
vt 0.90625 0.72697
vt 0.28125 0.64803
vt 0.0625 0.72697
vt 0.875 0.72697
vt 0.3125 0.64803
vt 0.03125 0.72697
vt 0.84375 0.72697
vt 0.34375 0.64803
vt 0 0.72697
vt 0.8125 0.72697
vt 0.375 0.64803
vt 0.78125 0.72697
vt 0.40625 0.64803
vt 0.75 0.72697
vt 0.4375 0.64803
vt 0.71875 0.72697
vt 0.46875 0.64803
vt 0.6875 0.72697
vt 0.5 0.64803
vt 0.65625 0.72697
vt 0.53125 0.64803
vt 0.625 0.72697
vt 0.5625 0.64803
vt 0.21875 0.72697
vt 0.25 0.72697
vt 0.28125 0.72697
vt 0.3125 0.72697
vt 0.34375 0.72697
vt 0.375 0.72697
vt 0.40625 0.72697
vt 0.4375 0.72697
vt 0.46875 0.72697
vt 0.5 0.72697
vt 0.53125 0.72697
vt 0.5625 0.72697
vt 0.59375 0.72697
vt 0.9375 0.64803
vt 0.90625 0.64803
vt 0.875 0.64803
vt 0.84375 0.64803
vt 0.8125 0.64803
vt 0.78125 0.64803
vt 0.75 0.64803
vt 0.71875 0.64803
vt 0.6875 0.64803
vt 0.65625 0.64803
vt 0.625 0.64803
vt 0.59375 0.64803
vt 0.125 0.64803
vt 0.09375 0.64803
vt 0.0625 0.64803
vt 0.03125 0.64803
vt 0 0.64803
vt 0.59375 1
vt 0.375 1
vt 0.40625 1
vt 0.59375 1
vt 0.4375 1
vt 0.625 1
vt 0.46875 1
vt 0.65625 1
vt 0.5 1
vt 0.6875 1
vt 0.53125 1
vt 0.71875 1
vt 0.5625 1
vt 0.75 1
vt 0.59375 1
vt 0.78125 1
vt 0.625 1
vt 0.8125 1
vt 0.65625 1
vt 0.84375 1
vt 0.03125 1
vt 0 1
vt 0.6875 1
vt 0.875 1
vt 0.0625 1
vt 0.71875 1
vt 0.90625 1
vt 0.09375 1
vt 0.75 1
vt 0.9375 1
vt 0.125 1
vt 0.78125 1
vt 0.96875 1
vt 0.15625 1
vt 0.96875 1
vt 0.46875 1
vt 0.71875 1
vt 0.1875 1
vt 0.40625 1
vt 0.8125 1
vt 0.41279 0.14123
vt 0.43088 0.17508
vt 0.78125 1
vt 0.25 0.44578
vt 0.21181 0.44202
vt 0.21181 0.44202
vt 0.35877 0.41279
vt 0.32492 0.43088
vt 0.38844 0.38844
vt 0.41279 0.35877
vt 0.43088 0.32492
vt 0.44202 0.28819
vt 0.44578 0.25
vt 0.44202 0.21181
vt 0.45418 0.20939
vt 0.44233 0.17033
vt 0.47173 0.15816
vt 0.48539 0.20318
vt 0.38844 0.11156
vt 0.35877 0.08721
vt 0.32492 0.06912
vt 0.28819 0.05798
vt 0.25 0.05422
vt 0.21181 0.05798
vt 0.17508 0.06912
vt 0.14123 0.08721
vt 0.11156 0.11156
vt 0.11156 0.11156
vt 0.08721 0.14123
vt 0.06912 0.17508
vt 0.05798 0.21181
vt 0.05422 0.25
vt 0.05422 0.25
vt 0.05798 0.28819
vt 0.06912 0.32492
vt 0.08721 0.35877
vt 0.11156 0.38844
vt 0.14123 0.41279
vt 0.17508 0.43088
vt 0.28819 0.44202
vt 0.04582 0.20939
vt 0.04182 0.25
vt 0.01 0.25
vt 0.01461 0.20318
vt 0.42309 0.13434
vt 0.44955 0.11666
vt 0.04582 0.29061
vt 0.01461 0.29682
vt 0.39721 0.10279
vt 0.41971 0.08029
vt 0.04582 0.29061
vt 0.05767 0.32967
vt 0.02827 0.34184
vt 0.39721 0.10279
vt 0.36566 0.07691
vt 0.38334 0.05045
vt 0.07691 0.36566
vt 0.05045 0.38334
vt 0.36566 0.07691
vt 0.32967 0.05767
vt 0.34184 0.02827
vt 0.25 0.45818
vt 0.29061 0.45418
vt 0.29682 0.48539
vt 0.25 0.49
vt 0.10279 0.39721
vt 0.08029 0.41971
vt 0.32967 0.05767
vt 0.29061 0.04582
vt 0.29682 0.01461
vt 0.29061 0.45418
vt 0.32967 0.44233
vt 0.34184 0.47173
vt 0.10279 0.39721
vt 0.13434 0.42309
vt 0.11666 0.44955
vt 0.29061 0.04582
vt 0.25 0.04182
vt 0.25 0.01
vt 0.36566 0.42309
vt 0.38334 0.44955
vt 0.17033 0.44233
vt 0.15816 0.47173
vt 0.20939 0.04582
vt 0.20318 0.01461
vt 0.39721 0.39721
vt 0.41971 0.41971
vt 0.17033 0.44233
vt 0.20939 0.45418
vt 0.20318 0.48539
vt 0.17033 0.05767
vt 0.15816 0.02827
vt 0.39721 0.39721
vt 0.42309 0.36566
vt 0.44955 0.38334
vt 0.25 0.45818
vt 0.13434 0.07691
vt 0.11666 0.05045
vt 0.44233 0.32967
vt 0.47173 0.34184
vt 0.10279 0.10279
vt 0.08029 0.08029
vt 0.44233 0.32967
vt 0.45418 0.29061
vt 0.48539 0.29682
vt 0.10279 0.10279
vt 0.07691 0.13434
vt 0.05045 0.11666
vt 0.45418 0.29061
vt 0.45818 0.25
vt 0.49 0.25
vt 0.05767 0.17033
vt 0.02827 0.15816
vt 0.04582 0.20939
vt 0.03125 0.5
vt 0 0.5
vt 0.96875 0.5
vt 0.9375 0.5
vt 0.90625 0.5
vt 0.875 0.5
vt 0.84375 0.5
vt 0.84375 0.5
vt 0.8125 0.5
vt 0.78125 0.5
vt 0.75 0.5
vt 0.71875 0.5
vt 0.6875 0.5
vt 0.65625 0.5
vt 0.625 0.5
vt 0.59375 0.5
vt 0.5625 0.5
vt 0.53125 0.5
vt 0.5 0.5
vt 0.46875 0.5
vt 0.4375 0.5
vt 0.40625 0.5
vt 0.4375 0.5
vt 0.375 0.5
vt 0.40625 0.5
vt 0.34375 0.5
vt 0.3125 0.5
vt 0.28125 0.5
vt 0.25 0.5
vt 0.21875 0.5
vt 0.1875 0.5
vt 0.15625 0.5
vt 0.125 0.5
vt 0.09375 0.5
vt 0.0625 0.5
vt 1 0.5
vt 0.96875 0.5
vt 0.83199 0.05205
vt 0.86903 0.07185
vt 0.87258 0.06654
vt 0.83444 0.04616
vt 0.75 0.46426
vt 0.7082 0.46014
vt 0.70696 0.4664
vt 0.75 0.47064
vt 0.5985 0.4015
vt 0.59398 0.40602
vt 0.7918 0.03986
vt 0.83199 0.05205
vt 0.79304 0.0336
vt 0.83199 0.44795
vt 0.7918 0.46014
vt 0.79304 0.4664
vt 0.83444 0.45384
vt 0.63096 0.42815
vt 0.62742 0.43346
vt 0.75 0.03574
vt 0.79304 0.0336
vt 0.75 0.02936
vt 0.86903 0.42815
vt 0.87258 0.43346
vt 0.66801 0.44795
vt 0.63097 0.42815
vt 0.62742 0.43346
vt 0.66556 0.45384
vt 0.7082 0.03986
vt 0.75 0.02936
vt 0.70696 0.0336
vt 0.9015 0.4015
vt 0.86903 0.42815
vt 0.87258 0.43346
vt 0.90602 0.40602
vt 0.7082 0.46014
vt 0.70696 0.4664
vt 0.66801 0.05205
vt 0.66556 0.04616
vt 0.92815 0.36903
vt 0.9015 0.4015
vt 0.93346 0.37258
vt 0.78908 0.44645
vt 0.63096 0.07185
vt 0.62742 0.06654
vt 0.94795 0.33199
vt 0.95384 0.33444
vt 0.5985 0.0985
vt 0.59398 0.09398
vt 0.96014 0.2918
vt 0.94795 0.33199
vt 0.9664 0.29304
vt 0.57185 0.13096
vt 0.56654 0.12742
vt 0.96426 0.25
vt 0.96014 0.2918
vt 0.97064 0.25
vt 0.55205 0.16801
vt 0.54616 0.16556
vt 0.96014 0.2082
vt 0.9664 0.20696
vt 0.53986 0.2082
vt 0.55205 0.16801
vt 0.5336 0.20696
vt 0.94795 0.16801
vt 0.96014 0.2082
vt 0.95384 0.16556
vt 0.53574 0.25
vt 0.5336 0.20696
vt 0.52936 0.25
vt 0.92815 0.13096
vt 0.94795 0.16801
vt 0.93346 0.12742
vt 0.53986 0.2918
vt 0.5336 0.29304
vt 0.9015 0.0985
vt 0.90602 0.09398
vt 0.55205 0.33199
vt 0.53986 0.2918
vt 0.9015 0.0985
vt 0.1875 1
vt 0.8125 1
vt 0.15625 1
vt 0.84375 1
vt 0.84375 1
vt 0.65625 1
vt 0.6875 1
vt 0.40625 1
vt 0.375 1
vt 0.34375 1
vt 0.96875 1
vt 0.9375 1
vt 0.3125 1
vt 0.625 1
vt 0.15625 1
vt 0.4375 1
vt 0.40625 1
vt 0.90625 1
vt 0.8125 1
vt 0.21875 1
vt 0.875 1
vt 1 1
vt 0.96875 1
vt 0.9375 1
vt 0.90625 1
vt 0.875 1
vt 0.84375 1
vt 0.8125 1
vt 0.34375 1
vt 0.3125 1
vt 0.28125 1
vt 0.25 1
vt 0.21875 1
vt 0.1875 1
vt 0.15625 1
vt 0.125 1
vt 0.09375 1
vt 0.0625 1
vt 0.03125 1
vt -0 1
vt 1 1
vt 0.5 1
vt 0.46875 1
vt 0.4375 1
vt 0.40625 1
vt 0.375 1
vt 0.34375 1
vt 0.3125 1
vt 0.28125 1
vt 0.25 1
vt 0.21875 1
vt 0.1875 1
vt 1 0.5436
vt 0.97001 0.5
vt 0.99874 0.5
vt 0.93876 0.5
vt 0.96749 0.5
vt 0.90751 0.5
vt 0.93624 0.5
vt 0.87626 0.5
vt 0.90499 0.5
vt 0.84501 0.5
vt 0.87374 0.5
vt 0.81376 0.5
vt 0.84249 0.5
vt 0.78251 0.5
vt 0.81124 0.5
vt 0.75126 0.5
vt 0.77999 0.5
vt 0.72001 0.5
vt 0.74874 0.5
vt 0.68876 0.5
vt 0.71749 0.5
vt 0.65751 0.5
vt 0.68624 0.5
vt 0.62626 0.5
vt 0.65499 0.5
vt 0.59501 0.5
vt 0.62374 0.5
vt 0.56376 0.5
vt 0.59249 0.5
vt 0.53251 0.5
vt 0.56124 0.5
vt 0.50126 0.5
vt 0.52999 0.5
vt 0.47001 0.5
vt 0.49874 0.5
vt 0.43876 0.5
vt 0.46749 0.5
vt 0.40751 0.5
vt 0.43624 0.5
vt 0.37626 0.5
vt 0.40499 0.5
vt 0.34501 0.5
vt 0.37374 0.5
vt 0.31376 0.5
vt 0.34249 0.5
vt 0.28251 0.5
vt 0.31124 0.5
vt 0.25126 0.5
vt 0.27999 0.5
vt 0.22001 0.5
vt 0.24874 0.5
vt 0.18876 0.5
vt 0.21749 0.5
vt 0.15751 0.5
vt 0.18624 0.5
vt 0.12626 0.5
vt 0.15499 0.5
vt 0.09501 0.5
vt 0.12374 0.5
vt 0.06376 0.5
vt 0.09249 0.5
vt 0.03251 0.5
vt 0.06124 0.5
vt 0.00126 0.5
vt 0.02999 0.5
vt 0.78908 0.44645
vt 0.75 0.46426
vt 0.7918 0.46014
vt 0.75 0.47064
vt 0.79304 0.4664
usemtl mat0
f 1/1/1 2/2/1 3/3/1
f 1/1/1 3/3/1 4/4/1
f 4/4/2 3/3/2 5/5/2
f 4/4/2 5/5/2 6/6/2
f 6/6/3 5/5/3 7/7/3
f 6/6/3 7/7/3 8/8/3
f 8/8/4 7/7/4 9/9/4
f 8/8/4 9/9/4 10/10/4
f 10/10/5 9/9/5 11/11/5
f 10/10/5 11/11/5 12/12/5
f 12/12/6 11/11/6 13/13/6
f 12/12/6 13/13/6 14/14/6
f 14/14/7 13/13/7 15/15/7
f 14/14/7 15/15/7 16/16/7
f 16/16/8 15/15/8 17/17/8
f 16/16/8 17/17/8 18/18/8
f 18/18/9 17/17/9 19/19/9
f 18/18/9 19/19/9 20/20/9
f 20/20/10 19/19/10 21/21/10
f 20/20/10 21/21/10 22/22/10
f 22/22/11 21/21/11 23/23/11
f 22/22/11 23/23/11 24/24/11
f 24/24/12 23/23/12 25/25/12
f 24/24/12 25/25/12 26/26/12
f 26/26/13 25/25/13 27/27/13
f 26/26/13 27/27/13 28/28/13
f 28/28/14 27/27/14 29/29/14
f 28/28/14 29/29/14 30/30/14
f 30/30/15 29/29/15 31/31/15
f 30/30/15 31/31/15 32/32/15
f 32/32/16 31/31/16 33/33/16
f 32/32/16 33/33/16 34/34/16
f 34/34/17 33/33/17 35/35/17
f 34/34/17 35/35/17 36/36/17
f 36/36/18 35/35/18 37/37/18
f 36/36/18 37/37/18 38/38/18
f 38/38/19 37/37/19 39/39/19
f 38/38/19 39/39/19 40/40/19
f 40/40/20 39/39/20 41/41/20
f 40/40/20 41/41/20 42/42/20
f 42/42/21 41/41/21 43/43/21
f 42/42/21 43/43/21 44/44/21
f 44/44/22 43/43/22 45/45/22
f 44/44/22 45/45/22 46/46/22
f 46/46/23 45/45/23 47/47/23
f 46/46/23 47/47/23 48/48/23
f 48/48/24 47/47/24 49/49/24
f 48/48/24 49/49/24 50/50/24
f 50/50/25 49/49/25 51/51/25
f 50/50/25 51/51/25 52/52/25
f 52/52/26 51/51/26 53/53/26
f 52/52/26 53/53/26 54/54/26
f 54/54/27 53/53/27 55/55/27
f 54/54/27 55/55/27 56/56/27
f 56/56/28 55/55/28 57/57/28
f 56/56/28 57/57/28 58/58/28
f 58/58/29 57/57/29 59/59/29
f 58/58/29 59/59/29 60/60/29
f 60/60/30 59/59/30 61/61/30
f 60/60/30 61/61/30 62/62/30
f 63/63/31 64/64/31 65/64/31
f 63/63/31 65/64/31 66/63/31
f 62/62/32 61/61/32 67/65/32
f 62/62/32 67/65/32 68/66/32
f 68/66/33 67/65/33 69/67/33
f 68/66/33 69/67/33 70/68/33
f 71/69/4 72/70/4 73/71/4
f 71/69/4 73/71/4 74/72/4
f 75/73/12 76/74/12 77/74/12
f 75/73/12 77/74/12 78/73/12
f 79/75/13 80/76/13 81/77/13
f 79/75/13 81/77/13 82/78/13
f 83/79/22 84/80/22 85/81/22
f 83/79/22 85/81/22 86/82/22
f 87/83/32 88/84/32 89/85/32
f 87/83/32 89/85/32 90/86/32
f 91/87/9 92/88/9 93/89/9
f 91/87/9 93/89/9 94/90/9
f 95/91/18 96/92/18 97/93/18
f 95/91/18 97/93/18 98/94/18
f 99/95/27 100/96/27 101/97/27
f 99/95/27 101/97/27 102/98/27
f 74/72/5 73/71/5 103/99/5
f 74/72/5 103/99/5 104/100/5
f 82/78/14 81/77/14 105/101/14
f 82/78/14 105/101/14 106/102/14
f 86/82/23 85/81/23 107/103/23
f 86/82/23 107/103/23 108/104/23
f 94/90/10 93/89/10 109/105/10
f 94/90/10 109/105/10 110/106/10
f 98/94/19 97/93/19 111/107/19
f 98/94/19 111/107/19 112/108/19
f 102/98/28 101/97/28 113/109/28
f 102/98/28 113/109/28 114/110/28
f 115/111/6 103/99/6 116/112/6
f 115/111/6 116/112/6 117/113/6
f 106/102/15 105/101/15 118/114/15
f 106/102/15 118/114/15 119/115/15
f 108/104/24 107/103/24 120/116/24
f 108/104/24 120/116/24 121/117/24
f 90/86/33 89/85/33 122/118/33
f 90/86/33 122/118/33 123/119/33
f 124/120/2 125/121/2 126/122/2
f 124/120/2 126/122/2 127/123/2
f 128/124/11 109/105/11 129/125/11
f 128/124/11 129/125/11 130/126/11
f 112/108/20 111/107/20 131/127/20
f 112/108/20 131/127/20 132/128/20
f 114/110/29 113/109/29 133/129/29
f 114/110/29 133/129/29 134/130/29
f 117/113/7 116/112/7 135/131/7
f 117/113/7 135/131/7 136/132/7
f 119/115/16 118/114/16 137/133/16
f 119/115/16 137/133/16 138/134/16
f 121/117/25 120/116/25 139/135/25
f 121/117/25 139/135/25 140/136/25
f 127/123/3 126/122/3 72/70/3
f 127/123/3 72/70/3 71/69/3
f 130/126/12 129/125/12 80/76/12
f 130/126/12 80/76/12 79/75/12
f 132/128/21 131/127/21 84/80/21
f 132/128/21 84/80/21 141/137/21
f 134/130/30 133/129/30 88/84/30
f 134/130/30 88/84/30 87/83/30
f 142/138/8 135/131/8 92/88/8
f 142/138/8 92/88/8 91/87/8
f 138/134/17 137/133/17 96/92/17
f 138/134/17 96/92/17 95/91/17
f 143/139/26 139/135/26 100/96/26
f 143/139/26 100/96/26 144/140/26
f 113/109/34 101/97/34 145/97/34
f 113/109/34 145/97/34 146/109/34
f 40/40/35 42/42/35 147/42/35
f 40/40/35 147/42/35 148/40/35
f 125/121/34 149/141/34 150/141/34
f 125/121/34 150/141/34 151/121/34
f 101/97/34 100/96/34 152/96/34
f 101/97/34 152/96/34 145/97/34
f 42/42/35 44/44/35 153/44/35
f 42/42/35 153/44/35 147/42/35
f 100/96/34 139/135/34 154/135/34
f 100/96/34 154/135/34 152/96/34
f 44/44/35 46/46/35 155/46/35
f 44/44/35 155/46/35 153/44/35
f 139/135/34 120/116/34 156/116/34
f 139/135/34 156/116/34 154/135/34
f 46/46/35 48/48/35 157/48/35
f 46/46/35 157/48/35 155/46/35
f 120/116/34 107/103/34 158/103/34
f 120/116/34 158/103/34 156/116/34
f 48/48/35 50/50/35 159/50/35
f 48/48/35 159/50/35 157/48/35
f 107/103/34 85/81/34 160/81/34
f 107/103/34 160/81/34 158/103/34
f 50/50/35 52/52/35 161/52/35
f 50/50/35 161/52/35 159/50/35
f 85/81/34 84/80/34 162/80/34
f 85/81/34 162/80/34 160/81/34
f 52/52/35 54/54/35 163/54/35
f 52/52/35 163/54/35 161/52/35
f 84/80/34 131/127/34 164/127/34
f 84/80/34 164/127/34 162/80/34
f 54/54/35 56/56/35 165/56/35
f 54/54/35 165/56/35 163/54/35
f 1/1/35 4/4/35 166/4/35
f 1/1/35 166/4/35 167/1/35
f 131/127/34 111/107/34 168/107/34
f 131/127/34 168/107/34 164/127/34
f 56/56/35 58/58/35 169/58/35
f 56/56/35 169/58/35 165/56/35
f 4/4/35 6/6/35 170/6/35
f 4/4/35 170/6/35 166/4/35
f 111/107/34 97/93/34 171/93/34
f 111/107/34 171/93/34 168/107/34
f 58/58/35 60/60/35 172/60/35
f 58/58/35 172/60/35 169/58/35
f 6/6/35 8/8/35 173/8/35
f 6/6/35 173/8/35 170/6/35
f 97/93/34 96/92/34 174/92/34
f 97/93/34 174/92/34 171/93/34
f 60/60/35 62/62/35 175/62/35
f 60/60/35 175/62/35 172/60/35
f 8/8/35 10/10/35 176/10/35
f 8/8/35 176/10/35 173/8/35
f 96/92/34 137/133/34 177/133/34
f 96/92/34 177/133/34 174/92/34
f 62/62/35 68/66/35 178/66/35
f 62/62/35 178/66/35 175/62/35
f 10/10/35 12/12/35 179/12/35
f 10/10/35 179/12/35 176/10/35
f 137/133/34 118/114/34 180/114/34
f 137/133/34 180/114/34 177/133/34
f 68/66/35 70/68/35 181/68/35
f 68/66/35 181/68/35 178/66/35
f 182/142/19 183/143/19 184/144/19
f 182/142/19 184/144/19 185/145/19
f 186/146/20 187/147/20 188/147/20
f 186/146/20 188/147/20 184/144/20
f 187/147/21 189/148/21 190/149/21
f 187/147/21 190/149/21 188/147/21
f 191/149/22 192/150/22 193/151/22
f 191/149/22 193/151/22 190/149/22
f 194/152/23 195/153/23 196/153/23
f 194/152/23 196/153/23 193/151/23
f 195/153/24 197/154/24 198/155/24
f 195/153/24 198/155/24 196/153/24
f 197/154/25 199/156/25 200/156/25
f 197/154/25 200/156/25 198/155/25
f 199/156/26 201/157/26 202/157/26
f 199/156/26 202/157/26 200/156/26
f 201/157/27 203/158/27 204/158/27
f 201/157/27 204/158/27 202/157/27
f 203/158/28 205/159/28 206/159/28
f 203/158/28 206/159/28 204/158/28
f 205/159/29 207/160/29 208/161/29
f 205/159/29 208/161/29 206/159/29
f 209/161/30 210/162/30 211/162/30
f 209/161/30 211/162/30 208/161/30
f 210/162/32 212/163/32 213/163/32
f 210/162/32 213/163/32 211/162/32
f 212/163/33 214/164/33 215/164/33
f 212/163/33 215/164/33 213/163/33
f 214/164/1 216/165/1 217/165/1
f 214/164/1 217/165/1 215/164/1
f 216/165/2 218/166/2 219/166/2
f 216/165/2 219/166/2 217/165/2
f 218/166/3 220/167/3 221/167/3
f 218/166/3 221/167/3 219/166/3
f 220/167/4 222/168/4 223/168/4
f 220/167/4 223/168/4 221/167/4
f 222/168/5 224/169/5 225/169/5
f 222/168/5 225/169/5 223/168/5
f 224/169/6 226/170/6 227/170/6
f 224/169/6 227/170/6 225/169/6
f 226/170/7 228/171/7 229/171/7
f 226/170/7 229/171/7 227/170/7
f 228/171/8 230/172/8 231/172/8
f 228/171/8 231/172/8 229/171/8
f 230/172/9 232/173/9 233/173/9
f 230/172/9 233/173/9 231/172/9
f 232/173/10 234/174/10 235/174/10
f 232/173/10 235/174/10 233/173/10
f 236/175/35 237/176/35 238/177/35
f 236/175/35 238/177/35 239/178/35
f 234/174/11 75/73/11 78/73/11
f 234/174/11 78/73/11 235/174/11
f 76/74/13 240/179/13 241/179/13
f 76/74/13 241/179/13 77/74/13
f 240/179/14 242/180/14 243/180/14
f 240/179/14 243/180/14 241/179/14
f 242/180/15 244/181/15 245/181/15
f 242/180/15 245/181/15 243/180/15
f 244/181/16 246/182/16 247/182/16
f 244/181/16 247/182/16 245/181/16
f 248/183/35 249/184/35 250/184/35
f 248/183/35 250/184/35 251/183/35
f 252/185/35 253/186/35 254/186/35
f 252/185/35 254/186/35 255/185/35
f 256/187/34 257/188/34 258/188/34
f 256/187/34 258/188/34 259/187/34
f 260/189/34 261/190/34 262/190/34
f 260/189/34 262/190/34 263/189/34
f 253/186/35 264/191/35 265/191/35
f 253/186/35 265/191/35 254/186/35
f 257/188/34 266/192/34 267/192/34
f 257/188/34 267/192/34 258/188/34
f 261/190/34 268/193/34 269/193/34
f 261/190/34 269/193/34 262/190/34
f 264/191/35 270/194/35 271/194/35
f 264/191/35 271/194/35 265/191/35
f 266/192/34 272/195/34 273/195/34
f 266/192/34 273/195/34 267/192/34
f 268/193/34 274/196/34 275/196/34
f 268/193/34 275/196/34 269/193/34
f 270/194/35 276/197/35 277/197/35
f 270/194/35 277/197/35 271/194/35
f 272/195/34 278/198/34 279/198/34
f 272/195/34 279/198/34 273/195/34
f 274/196/34 280/199/34 281/199/34
f 274/196/34 281/199/34 275/196/34
f 276/197/35 282/200/35 283/200/35
f 276/197/35 283/200/35 277/197/35
f 278/198/34 284/201/34 285/201/34
f 278/198/34 285/201/34 279/198/34
f 280/199/34 286/202/34 287/202/34
f 280/199/34 287/202/34 281/199/34
f 282/200/35 288/203/35 289/203/35
f 282/200/35 289/203/35 283/200/35
f 284/201/34 290/204/34 291/204/34
f 284/201/34 291/204/34 285/201/34
f 286/202/34 292/205/34 293/205/34
f 286/202/34 293/205/34 287/202/34
f 288/203/35 294/206/35 295/206/35
f 288/203/35 295/206/35 289/203/35
f 292/205/34 296/207/34 297/207/34
f 292/205/34 297/207/34 293/205/34
f 294/206/35 298/208/35 299/208/35
f 294/206/35 299/208/35 295/206/35
f 296/207/34 300/209/34 301/209/34
f 296/207/34 301/209/34 297/207/34
f 298/208/35 302/210/35 303/210/35
f 298/208/35 303/210/35 299/208/35
f 300/209/34 304/211/34 305/211/34
f 300/209/34 305/211/34 301/209/34
f 302/210/35 306/212/35 307/212/35
f 302/210/35 307/212/35 303/210/35
f 304/211/34 308/213/34 309/213/34
f 304/211/34 309/213/34 305/211/34
f 306/212/35 310/214/35 311/214/35
f 306/212/35 311/214/35 307/212/35
f 308/213/34 312/215/34 313/215/34
f 308/213/34 313/215/34 309/213/34
f 310/214/35 314/216/35 315/216/35
f 310/214/35 315/216/35 311/214/35
f 312/215/34 316/217/34 317/217/34
f 312/215/34 317/217/34 313/215/34
f 314/216/35 318/218/35 319/218/35
f 314/216/35 319/218/35 315/216/35
f 126/122/34 125/121/34 151/121/34
f 126/122/34 151/121/34 320/122/34
f 38/38/35 40/40/35 148/40/35
f 38/38/35 148/40/35 321/38/35
f 133/129/34 113/109/34 146/109/34
f 133/129/34 146/109/34 322/129/34
f 72/70/34 126/122/34 320/122/34
f 72/70/34 320/122/34 323/70/34
f 36/36/35 38/38/35 321/38/35
f 36/36/35 321/38/35 324/36/35
f 88/84/34 133/129/34 322/129/34
f 88/84/34 322/129/34 325/84/34
f 73/71/34 72/70/34 323/70/34
f 73/71/34 323/70/34 326/71/34
f 34/34/35 36/36/35 324/36/35
f 34/34/35 324/36/35 327/34/35
f 89/85/34 88/84/34 325/84/34
f 89/85/34 325/84/34 328/85/34
f 103/99/34 73/71/34 326/71/34
f 103/99/34 326/71/34 329/99/34
f 32/32/35 34/34/35 327/34/35
f 32/32/35 327/34/35 330/32/35
f 122/118/34 89/85/34 328/85/34
f 122/118/34 328/85/34 331/118/34
f 116/112/34 103/99/34 329/99/34
f 116/112/34 329/99/34 332/112/34
f 30/30/35 32/32/35 330/32/35
f 30/30/35 330/32/35 333/30/35
f 135/131/34 116/112/34 332/112/34
f 135/131/34 332/112/34 334/131/34
f 28/28/35 30/30/35 333/30/35
f 28/28/35 333/30/35 335/28/35
f 92/88/34 135/131/34 334/131/34
f 92/88/34 334/131/34 336/88/34
f 26/26/35 28/28/35 335/28/35
f 26/26/35 335/28/35 337/26/35
f 93/89/34 92/88/34 336/88/34
f 93/89/34 336/88/34 338/89/34
f 24/24/35 26/26/35 337/26/35
f 24/24/35 337/26/35 339/24/35
f 109/105/34 93/89/34 338/89/34
f 109/105/34 338/89/34 340/105/34
f 22/22/35 24/24/35 339/24/35
f 22/22/35 339/24/35 341/22/35
f 129/125/34 109/105/34 340/105/34
f 129/125/34 340/105/34 342/125/34
f 20/20/35 22/22/35 341/22/35
f 20/20/35 341/22/35 343/20/35
f 80/76/34 129/125/34 342/125/34
f 80/76/34 342/125/34 344/76/34
f 18/18/35 20/20/35 343/20/35
f 18/18/35 343/20/35 345/18/35
f 81/77/34 80/76/34 344/76/34
f 81/77/34 344/76/34 346/77/34
f 16/16/35 18/18/35 345/18/35
f 16/16/35 345/18/35 347/16/35
f 105/101/34 81/77/34 346/77/34
f 105/101/34 346/77/34 348/101/34
f 14/14/35 16/16/35 347/16/35
f 14/14/35 347/16/35 349/14/35
f 118/114/34 105/101/34 348/101/34
f 118/114/34 348/101/34 180/114/34
f 12/12/35 14/14/35 349/14/35
f 12/12/35 349/14/35 179/12/35
f 290/204/33 284/201/33 178/66/33
f 290/204/33 178/66/33 181/68/33
f 284/201/32 278/198/32 175/62/32
f 284/201/32 175/62/32 178/66/32
f 278/198/30 272/195/30 172/60/30
f 278/198/30 172/60/30 175/62/30
f 272/195/29 266/192/29 169/58/29
f 272/195/29 169/58/29 172/60/29
f 266/192/28 257/188/28 165/56/28
f 266/192/28 165/56/28 169/58/28
f 257/188/27 256/187/27 163/54/27
f 257/188/27 163/54/27 165/56/27
f 256/187/26 350/219/26 161/52/26
f 256/187/26 161/52/26 163/54/26
f 350/219/25 351/220/25 159/50/25
f 350/219/25 159/50/25 161/52/25
f 351/220/24 352/221/24 157/48/24
f 351/220/24 157/48/24 159/50/24
f 352/221/23 353/222/23 155/46/23
f 352/221/23 155/46/23 157/48/23
f 353/222/22 354/223/22 153/44/22
f 353/222/22 153/44/22 155/46/22
f 354/223/21 355/224/21 147/42/21
f 354/223/21 147/42/21 153/44/21
f 355/224/20 356/225/20 148/40/20
f 355/224/20 148/40/20 147/42/20
f 356/225/19 357/226/19 321/38/19
f 356/225/19 321/38/19 148/40/19
f 357/226/18 358/227/18 324/36/18
f 357/226/18 324/36/18 321/38/18
f 358/227/17 359/228/17 327/34/17
f 358/227/17 327/34/17 324/36/17
f 359/228/16 360/229/16 330/32/16
f 359/228/16 330/32/16 327/34/16
f 360/229/15 361/230/15 333/30/15
f 360/229/15 333/30/15 330/32/15
f 361/230/14 362/231/14 335/28/14
f 361/230/14 335/28/14 333/30/14
f 362/231/13 316/217/13 337/26/13
f 362/231/13 337/26/13 335/28/13
f 316/217/12 312/215/12 339/24/12
f 316/217/12 339/24/12 337/26/12
f 312/215/11 308/213/11 341/22/11
f 312/215/11 341/22/11 339/24/11
f 308/213/10 304/211/10 343/20/10
f 308/213/10 343/20/10 341/22/10
f 304/211/9 300/209/9 345/18/9
f 304/211/9 345/18/9 343/20/9
f 300/209/8 296/207/8 347/16/8
f 300/209/8 347/16/8 345/18/8
f 296/207/7 292/205/7 349/14/7
f 296/207/7 349/14/7 347/16/7
f 292/205/6 286/202/6 179/12/6
f 292/205/6 179/12/6 349/14/6
f 286/202/5 280/199/5 176/10/5
f 286/202/5 176/10/5 179/12/5
f 280/199/4 274/196/4 173/8/4
f 280/199/4 173/8/4 176/10/4
f 274/196/3 268/193/3 170/6/3
f 274/196/3 170/6/3 173/8/3
f 268/193/2 261/190/2 166/4/2
f 268/193/2 166/4/2 170/6/2
f 261/190/1 260/189/1 167/1/1
f 261/190/1 167/1/1 166/4/1
f 249/184/1 248/183/1 151/121/1
f 249/184/1 151/121/1 150/141/1
f 248/183/2 363/232/2 320/122/2
f 248/183/2 320/122/2 151/121/2
f 363/232/3 364/233/3 323/70/3
f 363/232/3 323/70/3 320/122/3
f 364/233/4 365/234/4 326/71/4
f 364/233/4 326/71/4 323/70/4
f 365/234/5 366/235/5 329/99/5
f 365/234/5 329/99/5 326/71/5
f 366/235/6 367/236/6 332/112/6
f 366/235/6 332/112/6 329/99/6
f 367/236/7 368/237/7 334/131/7
f 367/236/7 334/131/7 332/112/7
f 368/237/8 369/238/8 336/88/8
f 368/237/8 336/88/8 334/131/8
f 369/238/9 370/239/9 338/89/9
f 369/238/9 338/89/9 336/88/9
f 370/239/10 371/240/10 340/105/10
f 370/239/10 340/105/10 338/89/10
f 371/240/11 372/241/11 342/125/11
f 371/240/11 342/125/11 340/105/11
f 372/241/12 373/242/12 344/76/12
f 372/241/12 344/76/12 342/125/12
f 373/242/13 374/243/13 346/77/13
f 373/242/13 346/77/13 344/76/13
f 374/243/14 318/218/14 348/101/14
f 374/243/14 348/101/14 346/77/14
f 318/218/15 314/216/15 180/114/15
f 318/218/15 180/114/15 348/101/15
f 314/216/16 310/214/16 177/133/16
f 314/216/16 177/133/16 180/114/16
f 310/214/17 306/212/17 174/92/17
f 310/214/17 174/92/17 177/133/17
f 306/212/18 302/210/18 171/93/18
f 306/212/18 171/93/18 174/92/18
f 302/210/19 298/208/19 168/107/19
f 302/210/19 168/107/19 171/93/19
f 298/208/20 294/206/20 164/127/20
f 298/208/20 164/127/20 168/107/20
f 294/206/21 288/203/21 162/80/21
f 294/206/21 162/80/21 164/127/21
f 288/203/22 282/200/22 160/81/22
f 288/203/22 160/81/22 162/80/22
f 282/200/23 276/197/23 158/103/23
f 282/200/23 158/103/23 160/81/23
f 276/197/24 270/194/24 156/116/24
f 276/197/24 156/116/24 158/103/24
f 270/194/25 264/191/25 154/135/25
f 270/194/25 154/135/25 156/116/25
f 264/191/26 253/186/26 152/96/26
f 264/191/26 152/96/26 154/135/26
f 253/186/27 252/185/27 145/97/27
f 253/186/27 145/97/27 152/96/27
f 252/185/28 375/244/28 146/109/28
f 252/185/28 146/109/28 145/97/28
f 375/244/29 376/245/29 322/129/29
f 375/244/29 322/129/29 146/109/29
f 376/245/30 377/246/30 325/84/30
f 376/245/30 325/84/30 322/129/30
f 377/246/32 378/247/32 328/85/32
f 377/246/32 328/85/32 325/84/32
f 378/247/33 379/248/33 331/118/33
f 378/247/33 331/118/33 328/85/33
f 350/219/34 256/187/34 259/187/34
f 350/219/34 259/187/34 380/219/34
f 375/244/35 252/185/35 255/185/35
f 375/244/35 255/185/35 381/244/35
f 363/232/35 248/183/35 251/183/35
f 363/232/35 251/183/35 382/232/35
f 351/220/34 350/219/34 380/219/34
f 351/220/34 380/219/34 383/220/34
f 376/245/35 375/244/35 381/244/35
f 376/245/35 381/244/35 384/245/35
f 364/233/35 363/232/35 382/232/35
f 364/233/35 382/232/35 385/233/35
f 352/221/34 351/220/34 383/220/34
f 352/221/34 383/220/34 386/221/34
f 377/246/35 376/245/35 384/245/35
f 377/246/35 384/245/35 387/246/35
f 365/234/35 364/233/35 385/233/35
f 365/234/35 385/233/35 388/234/35
f 353/222/34 352/221/34 386/221/34
f 353/222/34 386/221/34 389/222/34
f 378/247/35 377/246/35 387/246/35
f 378/247/35 387/246/35 390/247/35
f 366/235/35 365/234/35 388/234/35
f 366/235/35 388/234/35 391/235/35
f 354/223/34 353/222/34 389/222/34
f 354/223/34 389/222/34 392/223/34
f 379/248/35 378/247/35 390/247/35
f 379/248/35 390/247/35 393/248/35
f 367/236/35 366/235/35 391/235/35
f 367/236/35 391/235/35 394/236/35
f 355/224/34 354/223/34 392/223/34
f 355/224/34 392/223/34 395/224/34
f 368/237/35 367/236/35 394/236/35
f 368/237/35 394/236/35 396/237/35
f 356/225/34 355/224/34 395/224/34
f 356/225/34 395/224/34 397/225/34
f 369/238/35 368/237/35 396/237/35
f 369/238/35 396/237/35 398/238/35
f 357/226/34 356/225/34 397/225/34
f 357/226/34 397/225/34 399/226/34
f 370/239/35 369/238/35 398/238/35
f 370/239/35 398/238/35 400/239/35
f 358/227/34 357/226/34 399/226/34
f 358/227/34 399/226/34 401/227/34
f 371/240/35 370/239/35 400/239/35
f 371/240/35 400/239/35 402/240/35
f 359/228/34 358/227/34 401/227/34
f 359/228/34 401/227/34 403/228/34
f 372/241/35 371/240/35 402/240/35
f 372/241/35 402/240/35 404/241/35
f 360/229/34 359/228/34 403/228/34
f 360/229/34 403/228/34 405/229/34
f 373/242/35 372/241/35 404/241/35
f 373/242/35 404/241/35 406/242/35
f 361/230/34 360/229/34 405/229/34
f 361/230/34 405/229/34 407/230/34
f 374/243/35 373/242/35 406/242/35
f 374/243/35 406/242/35 408/243/35
f 362/231/34 361/230/34 407/230/34
f 362/231/34 407/230/34 409/231/34
f 318/218/35 374/243/35 408/243/35
f 318/218/35 408/243/35 319/218/35
f 316/217/34 362/231/34 409/231/34
f 316/217/34 409/231/34 317/217/34
f 410/29/14 411/249/14 412/27/14
f 410/29/14 412/27/14 413/29/14
f 414/250/36 415/251/36 416/251/36
f 414/250/36 416/251/36 417/250/36
f 418/252/37 63/63/37 66/63/37
f 418/252/37 66/63/37 419/252/37
f 415/251/38 420/253/38 421/253/38
f 415/251/38 421/253/38 416/251/38
f 422/254/39 418/252/39 419/252/39
f 422/254/39 419/252/39 423/254/39
f 420/253/40 424/255/40 425/255/40
f 420/253/40 425/255/40 421/253/40
f 426/256/41 422/254/41 423/254/41
f 426/256/41 423/254/41 427/256/41
f 424/255/42 428/257/42 429/257/42
f 424/255/42 429/257/42 425/255/42
f 430/258/43 426/256/43 427/256/43
f 430/258/43 427/256/43 431/258/43
f 428/257/44 432/259/44 433/259/44
f 428/257/44 433/259/44 429/257/44
f 434/260/45 430/258/45 431/258/45
f 434/260/45 431/258/45 435/260/45
f 432/259/46 436/261/46 437/261/46
f 432/259/46 437/261/46 433/259/46
f 438/262/47 434/260/47 435/260/47
f 438/262/47 435/260/47 439/262/47
f 436/261/48 440/263/48 441/263/48
f 436/261/48 441/263/48 437/261/48
f 442/264/49 438/262/49 439/262/49
f 442/264/49 439/262/49 443/264/49
f 440/263/50 444/265/50 445/265/50
f 440/263/50 445/265/50 441/263/50
f 446/266/51 442/264/51 443/264/51
f 446/266/51 443/264/51 447/266/51
f 444/265/52 448/267/52 449/267/52
f 444/265/52 449/267/52 445/265/52
f 450/268/53 446/266/53 447/266/53
f 450/268/53 447/266/53 451/268/53
f 452/269/54 453/270/54 454/270/54
f 452/269/54 454/270/54 455/269/54
f 448/267/55 456/271/55 457/271/55
f 448/267/55 457/271/55 449/267/55
f 458/272/56 450/268/56 451/268/56
f 458/272/56 451/268/56 459/272/56
f 460/273/57 452/269/57 455/269/57
f 460/273/57 455/269/57 461/273/57
f 456/271/58 462/274/58 463/274/58
f 456/271/58 463/274/58 457/271/58
f 464/275/59 458/272/59 459/272/59
f 464/275/59 459/272/59 465/275/59
f 466/276/60 460/273/60 461/273/60
f 466/276/60 461/273/60 467/276/60
f 462/274/61 468/277/61 469/277/61
f 462/274/61 469/277/61 463/274/61
f 470/278/62 464/275/62 465/275/62
f 470/278/62 465/275/62 471/278/62
f 472/279/63 466/276/63 467/276/63
f 472/279/63 467/276/63 473/279/63
f 468/277/64 474/280/64 475/280/64
f 468/277/64 475/280/64 469/277/64
f 476/281/65 470/278/65 471/278/65
f 476/281/65 471/278/65 477/281/65
f 478/282/66 472/279/66 473/279/66
f 478/282/66 473/279/66 479/282/66
f 480/37/18 481/35/18 482/35/18
f 480/37/18 482/35/18 483/37/18
f 484/283/1 485/2/1 486/2/1
f 484/283/1 486/2/1 487/3/1
f 488/57/28 489/55/28 490/55/28
f 488/57/28 490/55/28 491/57/28
f 492/31/15 410/29/15 413/29/15
f 492/31/15 413/29/15 493/31/15
f 494/5/2 484/283/2 487/3/2
f 494/5/2 487/3/2 495/5/2
f 496/59/29 488/57/29 491/57/29
f 496/59/29 491/57/29 497/59/29
f 498/33/16 492/31/16 493/31/16
f 498/33/16 493/31/16 499/33/16
f 500/7/3 494/5/3 495/5/3
f 500/7/3 495/5/3 501/7/3
f 502/61/30 496/59/30 497/59/30
f 502/61/30 497/59/30 503/61/30
f 504/284/17 498/33/17 499/33/17
f 504/284/17 499/33/17 505/35/17
f 506/9/4 500/7/4 501/7/4
f 506/9/4 501/7/4 507/9/4
f 508/65/32 502/61/32 503/61/32
f 508/65/32 503/61/32 509/65/32
f 510/37/18 504/284/18 505/35/18
f 510/37/18 505/35/18 511/37/18
f 512/11/5 506/9/5 507/9/5
f 512/11/5 507/9/5 513/11/5
f 514/67/33 508/65/33 509/65/33
f 514/67/33 509/65/33 515/67/33
f 516/39/19 510/37/19 511/37/19
f 516/39/19 511/37/19 517/39/19
f 518/13/6 512/11/6 513/11/6
f 518/13/6 513/11/6 519/13/6
f 520/41/20 516/39/20 517/39/20
f 520/41/20 517/39/20 521/41/20
f 522/15/7 518/13/7 519/13/7
f 522/15/7 519/13/7 523/15/7
f 524/43/21 520/41/21 521/41/21
f 524/43/21 521/41/21 525/43/21
f 526/17/8 522/15/8 523/15/8
f 526/17/8 523/15/8 527/17/8
f 528/45/22 524/43/22 525/43/22
f 528/45/22 525/43/22 529/45/22
f 530/285/9 526/17/9 527/17/9
f 530/285/9 527/17/9 531/19/9
f 532/47/23 528/45/23 529/45/23
f 532/47/23 529/45/23 533/47/23
f 534/21/10 530/285/10 531/19/10
f 534/21/10 531/19/10 535/21/10
f 536/49/24 532/47/24 533/47/24
f 536/49/24 533/47/24 537/49/24
f 538/23/11 534/21/11 535/21/11
f 538/23/11 535/21/11 539/23/11
f 540/51/25 536/49/25 537/49/25
f 540/51/25 537/49/25 541/51/25
f 542/25/12 538/23/12 539/23/12
f 542/25/12 539/23/12 543/25/12
f 544/286/26 540/51/26 541/51/26
f 544/286/26 541/51/26 545/53/26
f 411/249/13 542/25/13 543/25/13
f 411/249/13 543/25/13 412/27/13
f 489/55/27 544/286/27 545/53/27
f 489/55/27 545/53/27 490/55/27
f 546/43/21 547/41/21 548/41/21
f 546/43/21 548/41/21 549/43/21
f 550/11/5 551/9/5 552/9/5
f 550/11/5 552/9/5 553/11/5
f 554/3/67 555/2/67 556/2/67
f 554/3/67 556/2/67 557/3/67
f 558/39/19 480/37/19 483/37/19
f 558/39/19 483/37/19 559/287/19
f 560/13/6 550/11/6 553/11/6
f 560/13/6 553/11/6 561/288/6
f 562/5/2 563/3/2 564/3/2
f 562/5/2 564/3/2 565/5/2
f 521/41/68 517/39/68 566/39/68
f 521/41/68 566/39/68 567/41/68
f 568/15/7 569/288/7 570/13/7
f 568/15/7 570/13/7 571/15/7
f 547/41/20 572/287/20 573/39/20
f 547/41/20 573/39/20 548/41/20
f 574/17/8 568/15/8 571/15/8
f 574/17/8 571/15/8 575/17/8
f 576/45/22 546/43/22 549/43/22
f 576/45/22 549/43/22 577/45/22
f 578/19/9 574/17/9 575/17/9
f 578/19/9 575/17/9 579/19/9
f 580/47/23 576/45/23 577/45/23
f 580/47/23 577/45/23 581/47/23
f 582/21/10 578/19/10 579/19/10
f 582/21/10 579/19/10 583/21/10
f 584/49/24 580/47/24 581/47/24
f 584/49/24 581/47/24 585/49/24
f 586/23/11 582/21/11 583/21/11
f 586/23/11 583/21/11 587/23/11
f 588/51/25 584/49/25 585/49/25
f 588/51/25 585/49/25 589/51/25
f 590/25/12 586/23/12 587/23/12
f 590/25/12 587/23/12 591/25/12
f 592/53/26 588/51/26 589/51/26
f 592/53/26 589/51/26 593/53/26
f 594/27/13 590/25/13 591/25/13
f 594/27/13 591/25/13 595/27/13
f 596/55/27 592/53/27 593/53/27
f 596/55/27 593/53/27 597/55/27
f 598/29/14 594/27/14 595/27/14
f 598/29/14 595/27/14 599/29/14
f 600/57/28 596/55/28 597/55/28
f 600/57/28 597/55/28 601/57/28
f 602/31/15 598/29/15 599/29/15
f 602/31/15 599/29/15 603/31/15
f 604/67/33 605/65/33 606/65/33
f 604/67/33 606/65/33 607/67/33
f 608/59/29 600/57/29 601/57/29
f 608/59/29 601/57/29 609/59/29
f 610/33/16 602/31/16 603/31/16
f 610/33/16 603/31/16 611/33/16
f 612/7/3 562/5/3 565/5/3
f 612/7/3 565/5/3 613/7/3
f 614/61/30 608/59/30 609/59/30
f 614/61/30 609/59/30 615/61/30
f 481/35/17 610/33/17 611/33/17
f 481/35/17 611/33/17 482/35/17
f 551/9/4 612/7/4 613/7/4
f 551/9/4 613/7/4 552/9/4
f 605/65/32 614/61/32 615/61/32
f 605/65/32 615/61/32 606/65/32
f 616/49/69 617/47/69 618/47/69
f 616/49/69 618/47/69 619/49/69
f 523/15/70 519/13/70 620/13/70
f 523/15/70 620/13/70 621/15/70
f 525/43/71 521/41/71 567/41/71
f 525/43/71 567/41/71 622/43/71
f 527/17/72 523/15/72 621/15/72
f 527/17/72 621/15/72 623/17/72
f 529/45/73 525/43/73 622/43/73
f 529/45/73 622/43/73 624/45/73
f 531/19/74 527/17/74 623/17/74
f 531/19/74 623/17/74 625/19/74
f 533/47/75 529/45/75 624/45/75
f 533/47/75 624/45/75 626/47/75
f 535/21/76 531/19/76 625/19/76
f 535/21/76 625/19/76 627/21/76
f 537/49/77 533/47/77 626/47/77
f 537/49/77 626/47/77 628/49/77
f 539/23/78 535/21/78 627/21/78
f 539/23/78 627/21/78 629/23/78
f 541/51/79 537/49/79 628/49/79
f 541/51/79 628/49/79 630/51/79
f 543/25/80 539/23/80 629/23/80
f 543/25/80 629/23/80 631/25/80
f 545/53/81 541/51/81 630/51/81
f 545/53/81 630/51/81 632/53/81
f 412/27/82 543/25/82 631/25/82
f 412/27/82 631/25/82 633/27/82
f 490/55/83 545/53/83 632/53/83
f 490/55/83 632/53/83 634/55/83
f 413/29/84 412/27/84 633/27/84
f 413/29/84 633/27/84 635/29/84
f 487/3/85 486/2/85 636/2/85
f 487/3/85 636/2/85 637/3/85
f 491/57/86 490/55/86 634/55/86
f 491/57/86 634/55/86 638/57/86
f 493/31/87 413/29/87 635/29/87
f 493/31/87 635/29/87 639/31/87
f 495/5/88 487/3/88 637/3/88
f 495/5/88 637/3/88 640/5/88
f 497/59/89 491/57/89 638/57/89
f 497/59/89 638/57/89 641/59/89
f 499/33/90 493/31/90 639/31/90
f 499/33/90 639/31/90 642/33/90
f 501/7/91 495/5/91 640/5/91
f 501/7/91 640/5/91 643/7/91
f 503/61/92 497/59/92 641/59/92
f 503/61/92 641/59/92 644/61/92
f 505/35/93 499/33/93 642/33/93
f 505/35/93 642/33/93 645/35/93
f 507/9/94 501/7/94 643/7/94
f 507/9/94 643/7/94 646/9/94
f 509/65/95 503/61/95 644/61/95
f 509/65/95 644/61/95 647/65/95
f 511/37/96 505/35/96 645/35/96
f 511/37/96 645/35/96 648/37/96
f 513/11/97 507/9/97 646/9/97
f 513/11/97 646/9/97 649/11/97
f 515/67/98 509/65/98 647/65/98
f 515/67/98 647/65/98 650/67/98
f 517/39/99 511/37/99 648/37/99
f 517/39/99 648/37/99 566/39/99
f 519/13/100 513/11/100 649/11/100
f 519/13/100 649/11/100 620/13/100
f 651/289/27 652/290/27 653/290/27
f 651/289/27 653/290/27 654/289/27
f 655/23/101 656/21/101 657/21/101
f 655/23/101 657/21/101 658/23/101
f 659/51/102 616/49/102 619/49/102
f 659/51/102 619/49/102 660/51/102
f 661/25/103 655/23/103 658/23/103
f 661/25/103 658/23/103 662/25/103
f 663/53/104 659/51/104 660/51/104
f 663/53/104 660/51/104 664/53/104
f 665/27/105 661/25/105 662/25/105
f 665/27/105 662/25/105 666/27/105
f 667/55/106 663/53/106 664/53/106
f 667/55/106 664/53/106 668/55/106
f 669/29/107 665/27/107 666/27/107
f 669/29/107 666/27/107 670/29/107
f 671/57/108 667/55/108 668/55/108
f 671/57/108 668/55/108 672/57/108
f 673/31/109 669/29/109 670/29/109
f 673/31/109 670/29/109 674/31/109
f 675/67/110 676/65/110 677/65/110
f 675/67/110 677/65/110 678/67/110
f 679/59/111 671/57/111 672/57/111
f 679/59/111 672/57/111 680/59/111
f 681/33/112 673/31/112 674/31/112
f 681/33/112 674/31/112 682/33/112
f 683/7/113 684/5/113 685/5/113
f 683/7/113 685/5/113 686/7/113
f 687/61/114 679/59/114 680/59/114
f 687/61/114 680/59/114 688/61/114
f 689/35/115 681/33/115 682/33/115
f 689/35/115 682/33/115 690/35/115
f 691/9/116 683/7/116 686/7/116
f 691/9/116 686/7/116 692/9/116
f 676/65/117 687/61/117 688/61/117
f 676/65/117 688/61/117 677/65/117
f 693/37/118 689/35/118 690/35/118
f 693/37/118 690/35/118 694/37/118
f 695/11/119 691/9/119 692/9/119
f 695/11/119 692/9/119 696/11/119
f 697/39/120 693/37/120 694/37/120
f 697/39/120 694/37/120 698/39/120
f 699/13/121 695/11/121 696/11/121
f 699/13/121 696/11/121 700/13/121
f 684/5/122 554/3/122 557/3/122
f 684/5/122 557/3/122 685/5/122
f 701/41/123 697/39/123 698/39/123
f 701/41/123 698/39/123 702/41/123
f 703/15/124 699/13/124 700/13/124
f 703/15/124 700/13/124 704/15/124
f 705/43/125 701/41/125 702/41/125
f 705/43/125 702/41/125 706/43/125
f 707/17/126 708/291/126 704/15/126
f 707/17/126 704/15/126 709/17/126
f 710/45/127 705/43/127 706/43/127
f 710/45/127 706/43/127 711/45/127
f 712/19/128 707/17/128 709/17/128
f 712/19/128 709/17/128 713/19/128
f 617/47/129 710/45/129 711/45/129
f 617/47/129 711/45/129 618/47/129
f 656/21/130 712/19/130 713/19/130
f 656/21/130 713/19/130 657/21/130
f 714/292/16 715/293/16 716/294/16
f 714/292/16 716/294/16 717/292/16
f 718/295/19 719/296/19 720/296/19
f 718/295/19 720/296/19 721/295/19
f 722/297/20 718/295/20 721/295/20
f 722/297/20 721/295/20 723/297/20
f 724/298/21 722/297/21 723/297/21
f 724/298/21 723/297/21 725/298/21
f 726/299/22 724/298/22 725/298/22
f 726/299/22 725/298/22 727/299/22
f 728/300/23 726/299/23 727/299/23
f 728/300/23 727/299/23 729/300/23
f 730/301/24 728/300/24 729/300/24
f 730/301/24 729/300/24 731/301/24
f 732/302/25 730/301/25 731/301/25
f 732/302/25 731/301/25 733/302/25
f 734/303/34 735/304/34 736/305/34
f 734/303/34 736/305/34 737/306/34
f 652/290/26 732/302/26 733/302/26
f 652/290/26 733/302/26 653/290/26
f 738/307/28 651/289/28 654/289/28
f 738/307/28 654/289/28 739/307/28
f 740/308/29 738/307/29 739/307/29
f 740/308/29 739/307/29 741/308/29
f 742/309/30 740/308/30 741/308/30
f 742/309/30 741/308/30 743/309/30
f 744/310/32 742/309/32 743/309/32
f 744/310/32 743/309/32 745/310/32
f 746/311/33 744/310/33 745/310/33
f 746/311/33 745/310/33 747/311/33
f 748/312/1 746/311/1 747/311/1
f 748/312/1 747/311/1 749/312/1
f 750/313/2 748/312/2 749/312/2
f 750/313/2 749/312/2 751/313/2
f 752/314/3 750/313/3 751/313/3
f 752/314/3 751/313/3 753/314/3
f 754/315/4 752/314/4 753/314/4
f 754/315/4 753/314/4 755/316/4
f 756/317/5 754/315/5 755/316/5
f 756/317/5 755/316/5 757/317/5
f 758/318/6 756/317/6 757/317/6
f 758/318/6 757/317/6 759/318/6
f 760/319/7 758/318/7 759/318/7
f 760/319/7 759/318/7 761/319/7
f 762/320/8 760/319/8 761/319/8
f 762/320/8 761/319/8 763/321/8
f 764/322/9 762/320/9 763/321/9
f 764/322/9 763/321/9 765/322/9
f 766/323/10 764/322/10 765/322/10
f 766/323/10 765/322/10 767/323/10
f 768/324/11 766/323/11 767/323/11
f 768/324/11 767/323/11 769/324/11
f 770/325/12 768/324/12 769/324/12
f 770/325/12 769/324/12 771/325/12
f 772/326/13 770/325/13 771/325/13
f 772/326/13 771/325/13 773/326/13
f 774/327/14 772/326/14 773/326/14
f 774/327/14 773/326/14 775/327/14
f 715/293/15 774/327/15 775/327/15
f 715/293/15 775/327/15 716/294/15
f 719/296/18 776/328/18 777/328/18
f 719/296/18 777/328/18 720/296/18
f 778/329/34 779/330/34 780/331/34
f 778/329/34 780/331/34 781/332/34
f 735/304/34 782/333/34 783/334/34
f 735/304/34 783/334/34 736/305/34
f 779/330/34 784/335/34 785/336/34
f 779/330/34 785/336/34 780/331/34
f 782/333/34 786/337/34 787/338/34
f 782/333/34 787/338/34 783/334/34
f 788/339/34 789/340/34 790/341/34
f 788/339/34 790/341/34 785/336/34
f 791/342/34 792/343/34 793/344/34
f 791/342/34 793/344/34 787/338/34
f 789/340/34 794/345/34 795/346/34
f 789/340/34 795/346/34 790/341/34
f 796/347/34 797/348/34 798/349/34
f 796/347/34 798/349/34 793/344/34
f 799/350/34 800/351/34 801/352/34
f 799/350/34 801/352/34 802/353/34
f 794/345/34 803/354/34 804/355/34
f 794/345/34 804/355/34 795/346/34
f 805/356/34 806/357/34 807/358/34
f 805/356/34 807/358/34 798/349/34
f 808/359/34 809/360/34 810/361/34
f 808/359/34 810/361/34 801/352/34
f 811/362/34 812/363/34 813/364/34
f 811/362/34 813/364/34 804/355/34
f 814/365/34 815/366/34 816/367/34
f 814/365/34 816/367/34 807/358/34
f 809/360/34 817/368/34 818/369/34
f 809/360/34 818/369/34 810/361/34
f 812/363/34 819/370/34 820/371/34
f 812/363/34 820/371/34 813/364/34
f 815/366/34 821/372/34 822/373/34
f 815/366/34 822/373/34 816/367/34
f 817/368/34 823/374/34 824/375/34
f 817/368/34 824/375/34 818/369/34
f 825/376/34 826/377/34 827/378/34
f 825/376/34 827/378/34 820/371/34
f 821/372/34 828/379/34 829/380/34
f 821/372/34 829/380/34 822/373/34
f 830/381/34 831/382/34 832/383/34
f 830/381/34 832/383/34 824/375/34
f 826/377/34 833/384/34 802/353/34
f 826/377/34 802/353/34 827/378/34
f 828/379/34 834/385/34 835/386/34
f 828/379/34 835/386/34 829/380/34
f 831/382/34 836/387/34 837/388/34
f 831/382/34 837/388/34 832/383/34
f 834/385/34 838/389/34 839/390/34
f 834/385/34 839/390/34 835/386/34
f 840/391/34 841/392/34 842/393/34
f 840/391/34 842/393/34 837/388/34
f 843/394/34 844/395/34 845/396/34
f 843/394/34 845/396/34 839/390/34
f 846/397/34 847/398/34 848/399/34
f 846/397/34 848/399/34 842/393/34
f 844/395/34 849/400/34 850/401/34
f 844/395/34 850/401/34 845/396/34
f 847/398/34 734/303/34 737/306/34
f 847/398/34 737/306/34 848/399/34
f 849/400/34 851/402/34 781/332/34
f 849/400/34 781/332/34 850/401/34
f 852/403/131 853/404/131 854/404/131
f 852/403/131 854/404/131 855/403/131
f 856/405/132 857/406/132 858/406/132
f 856/405/132 858/406/132 859/405/132
f 857/406/133 860/407/133 861/407/133
f 857/406/133 861/407/133 858/406/133
f 860/407/134 862/408/134 863/408/134
f 860/407/134 863/408/134 861/407/134
f 862/408/135 864/409/135 865/410/135
f 862/408/135 865/410/135 863/408/135
f 866/410/136 867/411/136 868/411/136
f 866/410/136 868/411/136 865/410/136
f 867/411/137 869/412/137 870/412/137
f 867/411/137 870/412/137 868/411/137
f 869/412/138 871/413/138 872/413/138
f 869/412/138 872/413/138 870/412/138
f 871/413/139 873/414/139 874/414/139
f 871/413/139 874/414/139 872/413/139
f 873/414/140 875/415/140 876/415/140
f 873/414/140 876/415/140 874/414/140
f 875/415/141 877/416/141 878/416/141
f 875/415/141 878/416/141 876/415/141
f 877/416/142 879/417/142 880/417/142
f 877/416/142 880/417/142 878/416/142
f 879/417/143 881/418/143 882/418/143
f 879/417/143 882/418/143 880/417/143
f 881/418/144 883/419/144 884/419/144
f 881/418/144 884/419/144 882/418/144
f 883/419/145 885/420/145 886/420/145
f 883/419/145 886/420/145 884/419/145
f 885/420/146 887/421/146 888/421/146
f 885/420/146 888/421/146 886/420/146
f 887/421/147 889/422/147 890/422/147
f 887/421/147 890/422/147 888/421/147
f 889/422/148 891/423/148 892/423/148
f 889/422/148 892/423/148 890/422/148
f 891/423/149 893/424/149 894/424/149
f 891/423/149 894/424/149 895/425/149
f 893/424/150 896/426/150 897/426/150
f 893/424/150 897/426/150 898/427/150
f 896/426/151 899/428/151 900/428/151
f 896/426/151 900/428/151 897/426/151
f 899/428/152 901/429/152 902/429/152
f 899/428/152 902/429/152 900/428/152
f 901/429/153 903/430/153 904/430/153
f 901/429/153 904/430/153 902/429/153
f 903/430/154 905/431/154 906/431/154
f 903/430/154 906/431/154 904/430/154
f 905/431/155 907/432/155 908/432/155
f 905/431/155 908/432/155 906/431/155
f 907/432/156 909/433/156 910/433/156
f 907/432/156 910/433/156 908/432/156
f 909/433/157 911/434/157 912/434/157
f 909/433/157 912/434/157 910/433/157
f 911/434/158 913/435/158 914/435/158
f 911/434/158 914/435/158 912/434/158
f 913/435/159 915/436/159 916/436/159
f 913/435/159 916/436/159 914/435/159
f 915/436/160 917/437/160 918/437/160
f 915/436/160 918/437/160 916/436/160
f 917/437/161 852/403/161 855/403/161
f 917/437/161 855/403/161 918/437/161
f 919/438/162 920/439/162 859/405/162
f 919/438/162 859/405/162 921/438/162
f 922/440/35 923/441/35 924/442/35
f 922/440/35 924/442/35 925/443/35
f 926/444/35 927/445/35 928/446/35
f 926/444/35 928/446/35 929/447/35
f 930/448/35 236/175/35 239/178/35
f 930/448/35 239/178/35 931/449/35
f 932/450/35 933/451/35 925/443/35
f 932/450/35 925/443/35 934/452/35
f 935/453/35 936/454/35 937/455/35
f 935/453/35 937/455/35 938/456/35
f 939/457/35 930/448/35 931/449/35
f 939/457/35 931/449/35 940/458/35
f 941/459/35 932/450/35 942/460/35
f 941/459/35 942/460/35 943/461/35
f 944/462/35 935/453/35 938/456/35
f 944/462/35 938/456/35 945/463/35
f 946/464/35 947/465/35 948/466/35
f 946/464/35 948/466/35 949/467/35
f 950/468/35 941/459/35 951/469/35
f 950/468/35 951/469/35 952/470/35
f 953/471/35 954/472/35 955/473/35
f 953/471/35 955/473/35 956/474/35
f 957/475/35 946/464/35 949/467/35
f 957/475/35 949/467/35 958/476/35
f 959/477/35 950/468/35 952/470/35
f 959/477/35 952/470/35 960/478/35
f 961/479/35 962/480/35 956/474/35
f 961/479/35 956/474/35 963/481/35
f 964/482/18 965/145/18 185/145/18
f 964/482/18 185/145/18 966/482/18
f 967/483/35 959/477/35 960/478/35
f 967/483/35 960/478/35 968/484/35
f 969/485/35 961/479/35 963/481/35
f 969/485/35 963/481/35 970/486/35
f 971/487/35 967/483/35 968/484/35
f 971/487/35 968/484/35 972/488/35
f 973/489/35 974/490/35 970/486/35
f 973/489/35 970/486/35 975/491/35
f 976/492/35 971/487/35 972/488/35
f 976/492/35 972/488/35 977/493/35
f 978/494/35 979/495/35 975/491/35
f 978/494/35 975/491/35 980/496/35
f 981/497/35 976/492/35 977/493/35
f 981/497/35 977/493/35 982/498/35
f 983/499/35 978/494/35 980/496/35
f 983/499/35 980/496/35 984/500/35
f 985/501/35 986/502/35 982/498/35
f 985/501/35 982/498/35 987/503/35
f 988/504/35 989/505/35 984/500/35
f 988/504/35 984/500/35 990/506/35
f 991/507/35 985/501/35 992/508/35
f 991/507/35 992/508/35 993/509/35
f 994/510/35 995/511/35 990/506/35
f 994/510/35 990/506/35 996/512/35
f 997/513/35 991/507/35 993/509/35
f 997/513/35 993/509/35 998/514/35
f 999/515/35 994/510/35 996/512/35
f 999/515/35 996/512/35 1000/516/35
f 1001/517/35 1002/518/35 998/514/35
f 1001/517/35 998/514/35 238/177/35
f 923/441/35 1003/519/35 1000/516/35
f 923/441/35 1000/516/35 924/442/35
f 637/3/163 636/2/163 1004/2/163
f 637/3/163 1004/2/163 563/3/163
f 640/5/164 637/3/164 563/3/164
f 640/5/164 563/3/164 562/5/164
f 643/7/165 640/5/165 562/5/165
f 643/7/165 562/5/165 612/7/165
f 646/9/166 643/7/166 612/7/166
f 646/9/166 612/7/166 551/9/166
f 649/11/167 646/9/167 551/9/167
f 649/11/167 551/9/167 550/11/167
f 620/13/168 649/11/168 550/11/168
f 620/13/168 550/11/168 560/13/168
f 621/15/169 620/13/169 569/288/169
f 621/15/169 569/288/169 568/15/169
f 623/17/170 621/15/170 568/15/170
f 623/17/170 568/15/170 574/17/170
f 625/19/171 623/17/171 574/17/171
f 625/19/171 574/17/171 578/19/171
f 627/21/172 625/19/172 578/19/172
f 627/21/172 578/19/172 582/21/172
f 629/23/173 627/21/173 582/21/173
f 629/23/173 582/21/173 586/23/173
f 631/25/174 629/23/174 586/23/174
f 631/25/174 586/23/174 590/25/174
f 633/27/175 631/25/175 590/25/175
f 633/27/175 590/25/175 594/27/175
f 635/29/176 633/27/176 594/27/176
f 635/29/176 594/27/176 598/29/176
f 639/31/177 635/29/177 598/29/177
f 639/31/177 598/29/177 602/31/177
f 642/33/178 639/31/178 602/31/178
f 642/33/178 602/31/178 610/33/178
f 645/35/179 642/33/179 610/33/179
f 645/35/179 610/33/179 481/35/179
f 648/37/180 645/35/180 481/35/180
f 648/37/180 481/35/180 480/37/180
f 566/39/181 648/37/181 480/37/181
f 566/39/181 480/37/181 558/39/181
f 567/41/182 566/39/182 572/287/182
f 567/41/182 572/287/182 547/41/182
f 622/43/183 567/41/183 547/41/183
f 622/43/183 547/41/183 546/43/183
f 624/45/184 622/43/184 546/43/184
f 624/45/184 546/43/184 576/45/184
f 626/47/185 624/45/185 576/45/185
f 626/47/185 576/45/185 580/47/185
f 628/49/186 626/47/186 580/47/186
f 628/49/186 580/47/186 584/49/186
f 630/51/187 628/49/187 584/49/187
f 630/51/187 584/49/187 588/51/187
f 632/53/188 630/51/188 588/51/188
f 632/53/188 588/51/188 592/53/188
f 634/55/189 632/53/189 592/53/189
f 634/55/189 592/53/189 596/55/189
f 638/57/190 634/55/190 596/55/190
f 638/57/190 596/55/190 600/57/190
f 641/59/191 638/57/191 600/57/191
f 641/59/191 600/57/191 608/59/191
f 644/61/192 641/59/192 608/59/192
f 644/61/192 608/59/192 614/61/192
f 647/65/193 644/61/193 614/61/193
f 647/65/193 614/61/193 605/65/193
f 650/67/194 647/65/194 605/65/194
f 650/67/194 605/65/194 604/67/194
f 564/3/195 1005/2/195 555/2/195
f 564/3/195 555/2/195 554/3/195
f 565/5/196 564/3/196 554/3/196
f 565/5/196 554/3/196 684/5/196
f 613/7/197 565/5/197 684/5/197
f 613/7/197 684/5/197 683/7/197
f 552/9/198 613/7/198 683/7/198
f 552/9/198 683/7/198 691/9/198
f 553/11/199 552/9/199 691/9/199
f 553/11/199 691/9/199 695/11/199
f 561/288/200 553/11/200 695/11/200
f 561/288/200 695/11/200 699/13/200
f 571/15/201 570/13/201 699/13/201
f 571/15/201 699/13/201 703/15/201
f 575/17/202 571/15/202 708/291/202
f 575/17/202 708/291/202 707/17/202
f 579/19/203 575/17/203 707/17/203
f 579/19/203 707/17/203 712/19/203
f 583/21/204 579/19/204 712/19/204
f 583/21/204 712/19/204 656/21/204
f 587/23/205 583/21/205 656/21/205
f 587/23/205 656/21/205 655/23/205
f 591/25/206 587/23/206 655/23/206
f 591/25/206 655/23/206 661/25/206
f 595/27/207 591/25/207 661/25/207
f 595/27/207 661/25/207 665/27/207
f 599/29/208 595/27/208 665/27/208
f 599/29/208 665/27/208 669/29/208
f 603/31/209 599/29/209 669/29/209
f 603/31/209 669/29/209 673/31/209
f 611/33/210 603/31/210 673/31/210
f 611/33/210 673/31/210 681/33/210
f 482/35/211 611/33/211 681/33/211
f 482/35/211 681/33/211 689/35/211
f 483/37/212 482/35/212 689/35/212
f 483/37/212 689/35/212 693/37/212
f 559/287/213 483/37/213 693/37/213
f 559/287/213 693/37/213 697/39/213
f 548/41/214 573/39/214 697/39/214
f 548/41/214 697/39/214 701/41/214
f 549/43/215 548/41/215 701/41/215
f 549/43/215 701/41/215 705/43/215
f 577/45/216 549/43/216 705/43/216
f 577/45/216 705/43/216 710/45/216
f 581/47/217 577/45/217 710/45/217
f 581/47/217 710/45/217 617/47/217
f 585/49/218 581/47/218 617/47/218
f 585/49/218 617/47/218 616/49/218
f 589/51/219 585/49/219 616/49/219
f 589/51/219 616/49/219 659/51/219
f 593/53/220 589/51/220 659/51/220
f 593/53/220 659/51/220 663/53/220
f 597/55/221 593/53/221 663/53/221
f 597/55/221 663/53/221 667/55/221
f 601/57/222 597/55/222 667/55/222
f 601/57/222 667/55/222 671/57/222
f 609/59/223 601/57/223 671/57/223
f 609/59/223 671/57/223 679/59/223
f 615/61/224 609/59/224 679/59/224
f 615/61/224 679/59/224 687/61/224
f 606/65/225 615/61/225 687/61/225
f 606/65/225 687/61/225 676/65/225
f 607/67/226 606/65/226 676/65/226
f 607/67/226 676/65/226 675/67/226
f 563/3/1 1004/2/1 1005/2/1
f 563/3/1 1005/2/1 564/3/1
f 1006/55/27 1007/53/27 1008/520/27
f 1006/55/27 1008/520/27 1009/55/27
f 1010/521/34 1011/11/34 1012/11/34
f 1010/521/34 1012/11/34 1013/521/34
f 1014/55/27 1015/53/27 1016/53/27
f 1014/55/27 1016/53/27 1017/55/27
f 496/59/35 502/61/35 1018/61/35
f 496/59/35 1018/61/35 1019/59/35
f 1020/55/27 1021/53/27 1022/286/27
f 1020/55/27 1022/286/27 1023/522/27
f 1024/49/34 1025/47/34 1026/47/34
f 1024/49/34 1026/47/34 1027/49/34
f 1028/27/13 1029/25/13 1030/25/13
f 1028/27/13 1030/25/13 1031/27/13
f 1032/523/35 1033/13/35 1034/13/35
f 1032/523/35 1034/13/35 1035/523/35
f 1036/27/13 1037/25/13 1038/25/13
f 1036/27/13 1038/25/13 1039/27/13
f 1040/61/34 1041/59/34 1042/59/34
f 1040/61/34 1042/59/34 1043/61/34
f 1044/27/13 1045/25/13 1046/25/13
f 1044/27/13 1046/25/13 1047/249/13
f 1048/47/35 1049/49/35 1050/49/35
f 1048/47/35 1050/49/35 1051/47/35
f 1007/53/26 1052/51/26 1053/51/26
f 1007/53/26 1053/51/26 1008/520/26
f 1054/13/34 1055/524/34 1056/524/34
f 1054/13/34 1056/524/34 1057/13/34
f 1015/53/26 1058/51/26 1059/51/26
f 1015/53/26 1059/51/26 1016/53/26
f 1060/59/35 1061/61/35 1062/61/35
f 1060/59/35 1062/61/35 1063/59/35
f 1021/53/26 1064/51/26 1065/51/26
f 1021/53/26 1065/51/26 1022/286/26
f 1066/49/34 1067/47/34 1068/47/34
f 1066/49/34 1068/47/34 1069/49/34
f 1029/25/12 1070/23/12 1071/525/12
f 1029/25/12 1071/525/12 1030/25/12
f 516/39/35 520/41/35 1072/41/35
f 516/39/35 1072/41/35 1073/39/35
f 1037/25/12 1074/23/12 1075/525/12
f 1037/25/12 1075/525/12 1038/25/12
f 1076/61/34 1077/59/34 1078/59/34
f 1076/61/34 1078/59/34 1079/61/34
f 1045/25/12 1080/525/12 1081/23/12
f 1045/25/12 1081/23/12 1046/25/12
f 1082/47/35 1083/49/35 1084/49/35
f 1082/47/35 1084/49/35 1085/47/35
f 1052/51/25 1086/49/25 1087/49/25
f 1052/51/25 1087/49/25 1053/51/25
f 411/249/35 410/29/35 1088/29/35
f 411/249/35 1088/29/35 1089/249/35
f 1058/51/25 1083/49/25 1066/49/25
f 1058/51/25 1066/49/25 1059/51/25
f 1090/41/34 1091/39/34 1092/39/34
f 1090/41/34 1092/39/34 1093/41/34
f 1064/51/25 1049/49/25 1024/49/25
f 1064/51/25 1024/49/25 1065/51/25
f 1094/59/35 1095/61/35 1096/61/35
f 1094/59/35 1096/61/35 1097/59/35
f 1070/23/11 1098/21/11 1099/21/11
f 1070/23/11 1099/21/11 1071/525/11
f 1087/49/34 1100/47/34 1101/47/34
f 1087/49/34 1101/47/34 1102/49/34
f 1074/23/11 1103/526/11 1104/526/11
f 1074/23/11 1104/526/11 1075/525/11
f 1105/29/34 1047/249/34 1106/249/34
f 1105/29/34 1106/249/34 1107/29/34
f 1080/525/11 1108/526/11 1109/526/11
f 1080/525/11 1109/526/11 1081/23/11
f 1110/527/35 1111/41/35 1112/41/35
f 1110/527/35 1112/41/35 1113/527/35
f 1086/49/24 1114/47/24 1100/47/24
f 1086/49/24 1100/47/24 1087/49/24
f 1115/61/34 1116/59/34 1117/59/34
f 1115/61/34 1117/59/34 1118/61/34
f 1083/49/24 1082/47/24 1067/47/24
f 1083/49/24 1067/47/24 1066/49/24
f 534/21/35 538/23/35 1119/23/35
f 534/21/35 1119/23/35 1120/21/35
f 1049/49/24 1048/47/24 1025/47/24
f 1049/49/24 1025/47/24 1024/49/24
f 1044/27/35 1121/29/35 1122/29/35
f 1044/27/35 1122/29/35 1123/27/35
f 1098/21/10 1124/19/10 1125/19/10
f 1098/21/10 1125/19/10 1099/21/10
f 1126/41/34 1127/527/34 1128/527/34
f 1126/41/34 1128/527/34 1129/41/34
f 1103/526/10 1130/19/10 1131/285/10
f 1103/526/10 1131/285/10 1104/526/10
f 498/33/35 504/284/35 1132/284/35
f 498/33/35 1132/284/35 1133/33/35
f 1108/526/10 1134/285/10 1135/285/10
f 1108/526/10 1135/285/10 1109/526/10
f 1081/23/34 1109/526/34 1136/526/34
f 1081/23/34 1136/526/34 1137/23/34
f 1114/47/23 1138/45/23 1139/45/23
f 1114/47/23 1139/45/23 1100/47/23
f 1140/29/34 1039/27/34 1141/27/34
f 1140/29/34 1141/27/34 1142/29/34
f 1082/47/23 1143/45/23 1144/45/23
f 1082/47/23 1144/45/23 1067/47/23
f 1145/39/35 1146/41/35 1147/41/35
f 1145/39/35 1147/41/35 1148/39/35
f 1048/47/23 1149/45/23 1150/45/23
f 1048/47/23 1150/45/23 1025/47/23
f 1151/284/34 1152/33/34 1153/33/34
f 1151/284/34 1153/33/34 1154/284/34
f 1124/19/9 1155/17/9 1156/17/9
f 1124/19/9 1156/17/9 1125/19/9
f 1108/526/35 1080/525/35 1157/525/35
f 1108/526/35 1157/525/35 1158/526/35
f 1130/19/9 1159/17/9 1160/17/9
f 1130/19/9 1160/17/9 1131/285/9
f 1036/27/35 1161/29/35 1162/29/35
f 1036/27/35 1162/29/35 1163/27/35
f 1134/285/9 1164/17/9 1165/17/9
f 1134/285/9 1165/17/9 1135/285/9
f 1166/528/34 1167/39/34 1168/39/34
f 1166/528/34 1168/39/34 1169/528/34
f 1138/45/22 1170/43/22 1171/43/22
f 1138/45/22 1171/43/22 1139/45/22
f 1172/33/35 1173/284/35 1174/284/35
f 1172/33/35 1174/284/35 1175/33/35
f 1143/45/22 1176/529/22 1177/529/22
f 1143/45/22 1177/529/22 1144/45/22
f 1075/525/34 1104/526/34 1178/526/34
f 1075/525/34 1178/526/34 1179/525/34
f 1149/45/22 1180/529/22 1181/529/22
f 1149/45/22 1181/529/22 1150/45/22
f 1182/29/34 1031/27/34 1183/27/34
f 1182/29/34 1183/27/34 1184/29/34
f 1155/17/8 1185/15/8 1186/15/8
f 1155/17/8 1186/15/8 1156/17/8
f 518/13/35 522/15/35 1187/15/35
f 518/13/35 1187/15/35 1188/13/35
f 1159/17/8 1189/291/8 1190/15/8
f 1159/17/8 1190/15/8 1160/17/8
f 1191/284/34 1192/33/34 1193/33/34
f 1191/284/34 1193/33/34 1194/284/34
f 1164/17/8 1195/15/8 1196/15/8
f 1164/17/8 1196/15/8 1165/17/8
f 1103/526/35 1074/23/35 1197/23/35
f 1103/526/35 1197/23/35 1198/526/35
f 1170/43/21 1199/41/21 1166/528/21
f 1170/43/21 1166/528/21 1171/43/21
f 485/2/35 484/283/35 1200/283/35
f 485/2/35 1200/283/35 1201/2/35
f 1176/529/21 1146/41/21 1126/41/21
f 1176/529/21 1126/41/21 1177/529/21
f 1196/15/34 1202/13/34 1203/13/34
f 1196/15/34 1203/13/34 1204/15/34
f 1180/529/21 1111/41/21 1090/41/21
f 1180/529/21 1090/41/21 1181/529/21
f 1205/33/35 1206/284/35 1207/284/35
f 1205/33/35 1207/284/35 1208/33/35
f 1185/15/7 1209/13/7 1054/13/7
f 1185/15/7 1054/13/7 1186/15/7
f 1071/525/34 1099/21/34 1210/21/34
f 1071/525/34 1210/21/34 1211/525/34
f 1189/291/7 1033/13/7 1010/521/7
f 1189/291/7 1010/521/7 1190/15/7
f 1212/530/34 1213/2/34 1214/2/34
f 1212/530/34 1214/2/34 1215/530/34
f 1195/15/7 1216/521/7 1202/13/7
f 1195/15/7 1202/13/7 1196/15/7
f 1216/521/35 1195/15/35 1217/15/35
f 1216/521/35 1217/15/35 1218/521/35
f 1199/41/20 1219/39/20 1167/39/20
f 1199/41/20 1167/39/20 1166/528/20
f 1220/35/34 1221/33/34 1222/33/34
f 1220/35/34 1222/33/34 1223/35/34
f 1146/41/20 1145/39/20 1127/527/20
f 1146/41/20 1127/527/20 1126/41/20
f 536/49/35 540/51/35 1224/51/35
f 536/49/35 1224/51/35 1225/49/35
f 1111/41/20 1110/527/20 1091/39/20
f 1111/41/20 1091/39/20 1090/41/20
f 1226/2/35 1227/530/35 1228/530/35
f 1226/2/35 1228/530/35 1229/2/35
f 1209/13/6 1230/11/6 1055/524/6
f 1209/13/6 1055/524/6 1054/13/6
f 1190/15/34 1010/521/34 1013/521/34
f 1190/15/34 1013/521/34 1231/15/34
f 1033/13/6 1032/523/6 1011/11/6
f 1033/13/6 1011/11/6 1010/521/6
f 500/7/35 506/9/35 1232/9/35
f 500/7/35 1232/9/35 1233/7/35
f 1216/521/6 1234/11/6 1235/11/6
f 1216/521/6 1235/11/6 1202/13/6
f 1065/51/34 1024/49/34 1027/49/34
f 1065/51/34 1027/49/34 1236/51/34
f 1219/39/19 1237/37/19 1238/37/19
f 1219/39/19 1238/37/19 1167/39/19
f 1239/530/34 1240/2/34 1241/2/34
f 1239/530/34 1241/2/34 1242/530/34
f 1145/39/19 1243/37/19 1244/37/19
f 1145/39/19 1244/37/19 1127/527/19
f 1033/13/35 1189/291/35 1245/291/35
f 1033/13/35 1245/291/35 1034/13/35
f 1110/527/19 1246/37/19 1247/37/19
f 1110/527/19 1247/37/19 1091/39/19
f 1248/9/34 1249/7/34 1250/7/34
f 1248/9/34 1250/7/34 1251/9/34
f 1252/67/33 1253/65/33 1254/65/33
f 1252/67/33 1254/65/33 1255/67/33
f 1049/49/35 1064/51/35 1256/51/35
f 1049/49/35 1256/51/35 1050/49/35
f 1257/67/33 1258/65/33 1259/65/33
f 1257/67/33 1259/65/33 1260/67/33
f 1261/2/35 1262/3/35 1263/3/35
f 1261/2/35 1263/3/35 1264/2/35
f 1265/67/33 1266/65/33 1267/65/33
f 1265/67/33 1267/65/33 1268/67/33
f 1186/15/34 1054/13/34 1057/13/34
f 1186/15/34 1057/13/34 1269/15/34
f 1230/11/5 1270/9/5 1271/9/5
f 1230/11/5 1271/9/5 1055/524/5
f 1272/7/35 1273/9/35 1274/9/35
f 1272/7/35 1274/9/35 1275/7/35
f 1032/523/5 1276/9/5 1277/9/5
f 1032/523/5 1277/9/5 1011/11/5
f 1059/51/34 1066/49/34 1069/49/34
f 1059/51/34 1069/49/34 1278/51/34
f 1234/11/5 1273/9/5 1248/9/5
f 1234/11/5 1248/9/5 1235/11/5
f 1279/3/34 1280/2/34 1281/2/34
f 1279/3/34 1281/2/34 1282/3/34
f 1237/37/18 1283/35/18 1220/35/18
f 1237/37/18 1220/35/18 1238/37/18
f 520/41/35 524/43/35 1284/43/35
f 520/41/35 1284/43/35 1072/41/35
f 1243/37/18 1206/284/18 1191/284/18
f 1243/37/18 1191/284/18 1244/37/18
f 1277/9/34 1285/7/34 1286/7/34
f 1277/9/34 1286/7/34 1287/9/34
f 1246/37/18 1173/284/18 1151/284/18
f 1246/37/18 1151/284/18 1247/37/18
f 1083/49/35 1058/51/35 1288/51/35
f 1083/49/35 1288/51/35 1084/49/35
f 1253/65/32 1289/61/32 1115/61/32
f 1253/65/32 1115/61/32 1254/65/32
f 489/55/35 488/57/35 1290/57/35
f 489/55/35 1290/57/35 1291/55/35
f 1258/65/32 1095/61/32 1076/61/32
f 1258/65/32 1076/61/32 1259/65/32
f 1181/529/34 1090/41/34 1093/41/34
f 1181/529/34 1093/41/34 1292/529/34
f 1266/65/32 1061/61/32 1040/61/32
f 1266/65/32 1040/61/32 1267/65/32
f 1293/7/35 1276/9/35 1294/9/35
f 1293/7/35 1294/9/35 1295/7/35
f 1270/9/4 1296/7/4 1297/7/4
f 1270/9/4 1297/7/4 1271/9/4
f 1053/51/34 1087/49/34 1102/49/34
f 1053/51/34 1102/49/34 1298/51/34
f 1276/9/4 1293/7/4 1285/7/4
f 1276/9/4 1285/7/4 1277/9/4
f 1299/57/34 1023/522/34 1300/522/34
f 1299/57/34 1300/522/34 1301/57/34
f 1273/9/4 1272/7/4 1249/7/4
f 1273/9/4 1249/7/4 1248/9/4
f 1111/41/35 1180/529/35 1302/529/35
f 1111/41/35 1302/529/35 1112/41/35
f 1283/35/17 1303/33/17 1221/33/17
f 1283/35/17 1221/33/17 1220/35/17
f 1271/9/34 1297/7/34 1304/7/34
f 1271/9/34 1304/7/34 1305/9/34
f 1206/284/17 1205/33/17 1192/33/17
f 1206/284/17 1192/33/17 1191/284/17
f 538/23/35 542/25/35 1306/25/35
f 538/23/35 1306/25/35 1119/23/35
f 1173/284/17 1172/33/17 1152/33/17
f 1173/284/17 1152/33/17 1151/284/17
f 1020/55/35 1307/57/35 1308/57/35
f 1020/55/35 1308/57/35 1309/55/35
f 1289/61/30 1310/59/30 1116/59/30
f 1289/61/30 1116/59/30 1115/61/30
f 1177/529/34 1126/41/34 1129/41/34
f 1177/529/34 1129/41/34 1311/529/34
f 1095/61/30 1094/59/30 1077/59/30
f 1095/61/30 1077/59/30 1076/61/30
f 502/61/35 508/65/35 1312/65/35
f 502/61/35 1312/65/35 1018/61/35
f 1061/61/30 1060/59/30 1041/59/30
f 1061/61/30 1041/59/30 1040/61/30
f 1046/25/34 1081/23/34 1137/23/34
f 1046/25/34 1137/23/34 1313/25/34
f 1296/7/3 1314/5/3 1315/5/3
f 1296/7/3 1315/5/3 1297/7/3
f 1316/57/34 1017/55/34 1317/55/34
f 1316/57/34 1317/55/34 1318/57/34
f 1293/7/3 1319/5/3 1320/531/3
f 1293/7/3 1320/531/3 1285/7/3
f 1146/41/35 1176/529/35 1321/529/35
f 1146/41/35 1321/529/35 1147/41/35
f 1272/7/3 1322/531/3 1323/531/3
f 1272/7/3 1323/531/3 1249/7/3
f 1267/65/34 1040/61/34 1043/61/34
f 1267/65/34 1043/61/34 1324/65/34
f 1303/33/16 1325/31/16 1326/31/16
f 1303/33/16 1326/31/16 1221/33/16
f 1080/525/35 1045/25/35 1327/25/35
f 1080/525/35 1327/25/35 1157/525/35
f 1205/33/16 1328/31/16 1329/31/16
f 1205/33/16 1329/31/16 1192/33/16
f 1014/55/35 1330/57/35 1331/57/35
f 1014/55/35 1331/57/35 1332/55/35
f 1172/33/16 1333/31/16 1334/31/16
f 1172/33/16 1334/31/16 1152/33/16
f 1171/43/34 1166/528/34 1169/528/34
f 1171/43/34 1169/528/34 1335/43/34
f 1310/59/29 1336/57/29 1337/57/29
f 1310/59/29 1337/57/29 1116/59/29
f 1061/61/35 1266/65/35 1338/65/35
f 1061/61/35 1338/65/35 1062/61/35
f 1094/59/29 1330/57/29 1316/57/29
f 1094/59/29 1316/57/29 1077/59/29
f 1038/25/34 1075/525/34 1179/525/34
f 1038/25/34 1179/525/34 1339/25/34
f 1060/59/29 1307/57/29 1299/57/29
f 1060/59/29 1299/57/29 1041/59/29
f 1337/57/34 1009/55/34 1340/55/34
f 1337/57/34 1340/55/34 1341/57/34
f 1314/5/2 1342/3/2 1279/3/2
f 1314/5/2 1279/3/2 1315/5/2
f 522/15/35 526/17/35 1343/17/35
f 522/15/35 1343/17/35 1187/15/35
f 1319/5/2 1262/3/2 1239/530/2
f 1319/5/2 1239/530/2 1320/531/2
f 1259/65/34 1076/61/34 1079/61/34
f 1259/65/34 1079/61/34 1344/65/34
f 1322/531/2 1227/530/2 1212/530/2
f 1322/531/2 1212/530/2 1323/531/2
f 1074/23/35 1037/25/35 1345/25/35
f 1074/23/35 1345/25/35 1197/23/35
f 1325/31/15 1346/29/15 1182/29/15
f 1325/31/15 1182/29/15 1326/31/15
f 410/29/35 492/31/35 1347/31/35
f 410/29/35 1347/31/35 1088/29/35
f 1328/31/15 1161/29/15 1140/29/15
f 1328/31/15 1140/29/15 1329/31/15
f 1165/17/34 1196/15/34 1204/15/34
f 1165/17/34 1204/15/34 1348/17/34
f 1333/31/15 1121/29/15 1105/29/15
f 1333/31/15 1105/29/15 1334/31/15
f 1095/61/35 1258/65/35 1349/65/35
f 1095/61/35 1349/65/35 1096/61/35
f 1336/57/28 1006/55/28 1009/55/28
f 1336/57/28 1009/55/28 1337/57/28
f 1030/25/34 1071/525/34 1211/525/34
f 1030/25/34 1211/525/34 1350/25/34
f 1330/57/28 1014/55/28 1017/55/28
f 1330/57/28 1017/55/28 1316/57/28
f 1334/31/34 1105/29/34 1107/29/34
f 1334/31/34 1107/29/34 1351/31/34
f 1307/57/28 1020/55/28 1023/522/28
f 1307/57/28 1023/522/28 1299/57/28
f 1195/15/35 1164/17/35 1352/17/35
f 1195/15/35 1352/17/35 1217/15/35
f 1342/3/1 1353/2/1 1280/2/1
f 1342/3/1 1280/2/1 1279/3/1
f 1254/65/34 1115/61/34 1118/61/34
f 1254/65/34 1118/61/34 1354/65/34
f 1262/3/1 1261/2/1 1240/2/1
f 1262/3/1 1240/2/1 1239/530/1
f 540/51/35 544/286/35 1355/286/35
f 540/51/35 1355/286/35 1224/51/35
f 1227/530/1 1226/2/1 1213/2/1
f 1227/530/1 1213/2/1 1212/530/1
f 1121/29/35 1333/31/35 1356/31/35
f 1121/29/35 1356/31/35 1122/29/35
f 1346/29/14 1028/27/14 1031/27/14
f 1346/29/14 1031/27/14 1182/29/14
f 1160/17/34 1190/15/34 1231/15/34
f 1160/17/34 1231/15/34 1357/17/34
f 1161/29/14 1036/27/14 1039/27/14
f 1161/29/14 1039/27/14 1140/29/14
f 504/284/35 510/37/35 1358/37/35
f 504/284/35 1358/37/35 1132/284/35
f 1121/29/14 1044/27/14 1047/249/14
f 1121/29/14 1047/249/14 1105/29/14
f 1022/286/34 1065/51/34 1236/51/34
f 1022/286/34 1236/51/34 1359/286/34
f 1360/249/35 1361/25/35 1362/25/35
f 1360/249/35 1362/25/35 1363/249/35
f 1364/531/35 1365/530/35 1366/530/35
f 1364/531/35 1366/530/35 1367/531/35
f 1368/529/34 1369/532/34 1370/532/34
f 1368/529/34 1370/532/34 1371/529/34
f 1372/11/35 1373/9/35 1374/9/35
f 1372/11/35 1374/9/35 1375/11/35
f 1376/533/34 1377/27/34 1378/27/34
f 1376/533/34 1378/27/34 1379/533/34
f 1380/3/34 1381/5/34 1382/5/34
f 1380/3/34 1382/5/34 1383/3/34
f 1384/45/35 1385/43/35 1386/43/35
f 1384/45/35 1386/43/35 1387/45/35
f 1388/9/34 1389/524/34 1390/524/34
f 1388/9/34 1390/524/34 1391/9/34
f 1392/27/35 1393/25/35 1394/25/35
f 1392/27/35 1394/25/35 1395/27/35
f 1396/5/35 1397/3/35 1398/3/35
f 1396/5/35 1398/3/35 1399/5/35
f 1400/17/34 1401/285/34 1402/285/34
f 1400/17/34 1402/285/34 1403/17/34
f 1404/11/35 1405/9/35 1406/9/35
f 1404/11/35 1406/9/35 1407/11/35
f 1408/533/34 1409/27/34 1410/27/34
f 1408/533/34 1410/27/34 1411/533/34
f 1412/57/34 1413/59/34 1414/59/34
f 1412/57/34 1414/59/34 1415/57/34
f 1416/285/35 1417/17/35 1418/17/35
f 1416/285/35 1418/17/35 1419/285/35
f 1420/9/34 1421/11/34 1422/11/34
f 1420/9/34 1422/11/34 1423/9/34
f 1424/27/35 1425/25/35 1426/25/35
f 1424/27/35 1426/25/35 1427/27/35
f 1428/59/35 1429/57/35 1430/57/35
f 1428/59/35 1430/57/35 1431/59/35
f 1432/17/34 1433/285/34 1434/285/34
f 1432/17/34 1434/285/34 1435/17/34
f 1436/524/35 1437/9/35 1438/9/35
f 1436/524/35 1438/9/35 1439/524/35
f 1440/286/34 1441/55/34 1442/55/34
f 1440/286/34 1442/55/34 1443/286/34
f 1444/57/34 1445/59/34 1446/59/34
f 1444/57/34 1446/59/34 1447/57/34
f 1448/285/35 1449/17/35 1450/17/35
f 1448/285/35 1450/17/35 1451/285/35
f 1452/65/34 1453/67/34 1454/67/34
f 1452/65/34 1454/67/34 1455/65/34
f 1456/522/35 1457/286/35 1458/286/35
f 1456/522/35 1458/286/35 1459/522/35
f 1460/59/35 1461/57/35 1462/57/35
f 1460/59/35 1462/57/35 1463/59/35
f 1464/17/34 1465/19/34 1466/19/34
f 1464/17/34 1466/19/34 1467/17/34
f 1468/67/35 1469/65/35 1470/65/35
f 1468/67/35 1470/65/35 1471/67/35
f 1472/53/34 1473/55/34 1474/55/34
f 1472/53/34 1474/55/34 1475/53/34
f 1476/57/34 1477/59/34 1478/59/34
f 1476/57/34 1478/59/34 1479/57/34
f 1480/19/35 1481/17/35 1482/17/35
f 1480/19/35 1482/17/35 1483/19/35
f 1484/65/34 1485/67/34 1486/67/34
f 1484/65/34 1486/67/34 1487/65/34
f 1488/534/35 1489/53/35 1490/53/35
f 1488/534/35 1490/53/35 1491/534/35
f 1492/59/35 1493/57/35 1494/57/35
f 1492/59/35 1494/57/35 1495/59/35
f 1496/45/34 1497/47/34 1498/47/34
f 1496/45/34 1498/47/34 1499/45/34
f 1500/67/35 1501/65/35 1502/65/35
f 1500/67/35 1502/65/35 1503/67/35
f 1504/53/34 1505/55/34 1506/55/34
f 1504/53/34 1506/55/34 1507/53/34
f 1508/31/34 1509/33/34 1510/33/34
f 1508/31/34 1510/33/34 1511/31/34
f 1512/47/35 1513/45/35 1514/45/35
f 1512/47/35 1514/45/35 1515/47/35
f 1516/65/34 1517/67/34 1518/67/34
f 1516/65/34 1518/67/34 1519/65/34
f 1520/55/35 1521/520/35 1522/520/35
f 1520/55/35 1522/520/35 1523/55/35
f 1524/33/35 1525/31/35 1526/31/35
f 1524/33/35 1526/31/35 1527/33/35
f 1528/532/34 1529/47/34 1530/47/34
f 1528/532/34 1530/47/34 1531/532/34
f 1532/67/35 1533/65/35 1534/65/35
f 1532/67/35 1534/65/35 1535/67/35
f 1536/31/34 1537/33/34 1538/33/34
f 1536/31/34 1538/33/34 1539/31/34
f 1540/47/35 1541/45/35 1542/45/35
f 1540/47/35 1542/45/35 1543/47/35
f 1544/535/34 1545/39/34 1546/39/34
f 1544/535/34 1546/39/34 1547/535/34
f 1548/33/35 1549/31/35 1550/31/35
f 1548/33/35 1550/31/35 1551/33/35
f 1369/532/34 1552/47/34 1553/47/34
f 1369/532/34 1553/47/34 1370/532/34
f 1554/39/35 1555/37/35 1556/37/35
f 1554/39/35 1556/37/35 1557/39/35
f 1558/31/34 1559/33/34 1560/33/34
f 1558/31/34 1560/33/34 1561/31/34
f 1562/47/35 1384/45/35 1387/45/35
f 1562/47/35 1387/45/35 1563/47/35
f 1564/37/34 1565/536/34 1566/536/34
f 1564/37/34 1566/536/34 1567/37/34
f 1568/33/35 1569/31/35 1570/31/35
f 1568/33/35 1570/31/35 1571/33/35
f 1401/285/34 1572/21/34 1573/21/34
f 1401/285/34 1573/21/34 1402/285/34
f 1574/527/35 1575/37/35 1576/37/35
f 1574/527/35 1576/37/35 1577/527/35
f 1578/5/34 1579/537/34 1580/537/34
f 1578/5/34 1580/537/34 1581/5/34
f 1582/526/35 1416/285/35 1419/285/35
f 1582/526/35 1419/285/35 1583/526/35
f 1584/37/34 1585/39/34 1586/39/34
f 1584/37/34 1586/39/34 1587/37/34
f 1588/7/35 1589/531/35 1590/531/35
f 1588/7/35 1590/531/35 1591/7/35
f 1433/285/34 1592/526/34 1593/526/34
f 1433/285/34 1593/526/34 1434/285/34
f 1594/39/35 1595/37/35 1596/37/35
f 1594/39/35 1596/37/35 1597/39/35
f 1598/531/34 1599/7/34 1600/7/34
f 1598/531/34 1600/7/34 1601/531/34
f 1602/526/35 1448/285/35 1451/285/35
f 1602/526/35 1451/285/35 1603/526/35
f 1604/11/34 1605/13/34 1606/13/34
f 1604/11/34 1606/13/34 1607/11/34
f 1608/7/35 1364/531/35 1367/531/35
f 1608/7/35 1367/531/35 1609/7/35
f 1465/19/34 1610/526/34 1611/526/34
f 1465/19/34 1611/526/34 1466/19/34
f 1612/13/35 1372/11/35 1375/11/35
f 1612/13/35 1375/11/35 1613/13/35
f 1381/5/34 1614/7/34 1615/7/34
f 1381/5/34 1615/7/34 1382/5/34
f 1616/21/35 1480/19/35 1483/19/35
f 1616/21/35 1483/19/35 1617/21/35
f 1389/524/34 1618/538/34 1619/538/34
f 1389/524/34 1619/538/34 1390/524/34
f 1620/7/35 1396/5/35 1399/5/35
f 1620/7/35 1399/5/35 1621/7/35
f 1497/47/34 1622/49/34 1623/49/34
f 1497/47/34 1623/49/34 1498/47/34
f 1624/521/35 1404/11/35 1407/11/35
f 1624/521/35 1407/11/35 1625/521/35
f 1413/59/34 1626/61/34 1627/61/34
f 1413/59/34 1627/61/34 1414/59/34
f 1628/49/35 1512/47/35 1515/47/35
f 1628/49/35 1515/47/35 1629/49/35
f 1421/11/34 1630/13/34 1631/13/34
f 1421/11/34 1631/13/34 1422/11/34
f 1632/61/35 1428/59/35 1431/59/35
f 1632/61/35 1431/59/35 1633/61/35
f 1529/47/34 1634/49/34 1635/49/34
f 1529/47/34 1635/49/34 1530/47/34
f 1636/13/35 1436/524/35 1439/524/35
f 1636/13/35 1439/524/35 1637/13/35
f 1445/59/34 1638/61/34 1639/61/34
f 1445/59/34 1639/61/34 1446/59/34
f 1640/49/35 1540/47/35 1543/47/35
f 1640/49/35 1543/47/35 1641/49/35
f 1545/39/34 1642/41/34 1643/41/34
f 1545/39/34 1643/41/34 1546/39/34
f 1644/61/35 1460/59/35 1463/59/35
f 1644/61/35 1463/59/35 1645/61/35
f 1552/47/34 1646/49/34 1647/49/34
f 1552/47/34 1647/49/34 1553/47/34
f 1648/249/34 1649/29/34 1650/29/34
f 1648/249/34 1650/29/34 1651/249/34
f 1652/41/35 1554/39/35 1557/39/35
f 1652/41/35 1557/39/35 1653/41/35
f 1477/59/34 1654/61/34 1655/61/34
f 1477/59/34 1655/61/34 1478/59/34
f 1656/49/35 1562/47/35 1563/47/35
f 1656/49/35 1563/47/35 1657/49/35
f 1658/29/35 1360/249/35 1363/249/35
f 1658/29/35 1363/249/35 1659/29/35
f 1565/536/34 1660/41/34 1661/41/34
f 1565/536/34 1661/41/34 1566/536/34
f 1662/61/35 1492/59/35 1495/59/35
f 1662/61/35 1495/59/35 1663/61/35
f 1572/21/34 1664/23/34 1665/23/34
f 1572/21/34 1665/23/34 1573/21/34
f 1377/27/34 1666/29/34 1667/29/34
f 1377/27/34 1667/29/34 1378/27/34
f 1668/41/35 1574/527/35 1577/527/35
f 1668/41/35 1577/527/35 1669/41/35
f 1509/33/34 1670/284/34 1671/284/34
f 1509/33/34 1671/284/34 1510/33/34
f 532/47/35 536/49/35 1225/49/35
f 532/47/35 1225/49/35 1672/47/35
f 1297/7/34 1315/5/34 1673/5/34
f 1297/7/34 1673/5/34 1304/7/34
f 1234/11/35 1216/521/35 1218/521/35
f 1234/11/35 1218/521/35 1674/11/35
f 1099/21/34 1125/19/34 1675/19/34
f 1099/21/34 1675/19/34 1210/21/34
f 1319/5/35 1293/7/35 1295/7/35
f 1319/5/35 1295/7/35 1676/5/35
f 1202/13/34 1235/11/34 1677/11/34
f 1202/13/34 1677/11/34 1203/13/34
f 1130/19/35 1103/526/35 1198/526/35
f 1130/19/35 1198/526/35 1678/19/35
f 1285/7/34 1320/531/34 1679/531/34
f 1285/7/34 1679/531/34 1286/7/34
f 512/11/35 518/13/35 1188/13/35
f 512/11/35 1188/13/35 1680/11/35
f 1104/526/34 1131/285/34 1681/285/34
f 1104/526/34 1681/285/34 1178/526/34
f 1322/531/35 1272/7/35 1275/7/35
f 1322/531/35 1275/7/35 1682/531/35
f 1167/39/34 1238/37/34 1683/37/34
f 1167/39/34 1683/37/34 1168/39/34
f 1134/285/35 1108/526/35 1158/526/35
f 1134/285/35 1158/526/35 1684/285/35
f 1249/7/34 1323/531/34 1685/531/34
f 1249/7/34 1685/531/34 1250/7/34
f 1243/37/35 1145/39/35 1148/39/35
f 1243/37/35 1148/39/35 1686/37/35
f 1109/526/34 1135/285/34 1687/285/34
f 1109/526/34 1687/285/34 1136/526/34
f 494/5/35 500/7/35 1233/7/35
f 494/5/35 1233/7/35 1688/5/35
f 1127/527/34 1244/37/34 1689/37/34
f 1127/527/34 1689/37/34 1128/527/34
f 530/285/35 534/21/35 1120/21/35
f 530/285/35 1120/21/35 1690/285/35
f 1221/33/34 1326/31/34 1691/31/34
f 1221/33/34 1691/31/34 1222/33/34
f 1246/37/35 1110/527/35 1113/527/35
f 1246/37/35 1113/527/35 1692/37/35
f 1100/47/34 1139/45/34 1693/45/34
f 1100/47/34 1693/45/34 1101/47/34
f 1328/31/35 1205/33/35 1208/33/35
f 1328/31/35 1208/33/35 1694/31/35
f 1091/39/34 1247/37/34 1695/37/34
f 1091/39/34 1695/37/34 1092/39/34
f 1143/45/35 1082/47/35 1085/47/35
f 1143/45/35 1085/47/35 1696/45/35
f 1192/33/34 1329/31/34 1697/31/34
f 1192/33/34 1697/31/34 1193/33/34
f 510/37/35 516/39/35 1073/39/35
f 510/37/35 1073/39/35 1358/37/35
f 1067/47/34 1144/45/34 1698/45/34
f 1067/47/34 1698/45/34 1068/47/34
f 1333/31/35 1172/33/35 1175/33/35
f 1333/31/35 1175/33/35 1356/31/35
f 1255/67/34 1254/65/34 1354/65/34
f 1255/67/34 1354/65/34 1699/67/34
f 1149/45/35 1048/47/35 1051/47/35
f 1149/45/35 1051/47/35 1700/45/35
f 1152/33/34 1334/31/34 1351/31/34
f 1152/33/34 1351/31/34 1153/33/34
f 1009/55/34 1008/520/34 1701/520/34
f 1009/55/34 1701/520/34 1340/55/34
f 1258/65/35 1257/67/35 1702/67/35
f 1258/65/35 1702/67/35 1349/65/35
f 1025/47/34 1150/45/34 1703/45/34
f 1025/47/34 1703/45/34 1026/47/34
f 492/31/35 498/33/35 1133/33/35
f 492/31/35 1133/33/35 1347/31/35
f 1015/53/35 1014/55/35 1332/55/35
f 1015/53/35 1332/55/35 1704/53/35
f 1260/67/34 1259/65/34 1344/65/34
f 1260/67/34 1344/65/34 1705/67/34
f 528/45/35 532/47/35 1672/47/35
f 528/45/35 1672/47/35 1706/45/35
f 1116/59/34 1337/57/34 1341/57/34
f 1116/59/34 1341/57/34 1117/59/34
f 1017/55/34 1016/53/34 1707/53/34
f 1017/55/34 1707/53/34 1317/55/34
f 1266/65/35 1265/67/35 1708/67/35
f 1266/65/35 1708/67/35 1338/65/35
f 1125/19/34 1156/17/34 1709/17/34
f 1125/19/34 1709/17/34 1675/19/34
f 1330/57/35 1094/59/35 1097/59/35
f 1330/57/35 1097/59/35 1331/57/35
f 1021/53/35 1020/55/35 1309/55/35
f 1021/53/35 1309/55/35 1710/53/35
f 1268/67/34 1267/65/34 1324/65/34
f 1268/67/34 1324/65/34 1711/67/34
f 1159/17/35 1130/19/35 1678/19/35
f 1159/17/35 1678/19/35 1712/17/35
f 1077/59/34 1316/57/34 1318/57/34
f 1077/59/34 1318/57/34 1078/59/34
f 1023/522/34 1022/286/34 1359/286/34
f 1023/522/34 1359/286/34 1300/522/34
f 508/65/35 514/67/35 1713/67/35
f 508/65/35 1713/67/35 1312/65/35
f 1131/285/34 1160/17/34 1357/17/34
f 1131/285/34 1357/17/34 1681/285/34
f 1307/57/35 1060/59/35 1063/59/35
f 1307/57/35 1063/59/35 1308/57/35
f 544/286/35 489/55/35 1291/55/35
f 544/286/35 1291/55/35 1355/286/35
f 1055/524/34 1271/9/34 1305/9/34
f 1055/524/34 1305/9/34 1056/524/34
f 1164/17/35 1134/285/35 1684/285/35
f 1164/17/35 1684/285/35 1352/17/35
f 1041/59/34 1299/57/34 1301/57/34
f 1041/59/34 1301/57/34 1042/59/34
f 1031/27/34 1030/25/34 1350/25/34
f 1031/27/34 1350/25/34 1183/27/34
f 1276/9/35 1032/523/35 1035/523/35
f 1276/9/35 1035/523/35 1294/9/35
f 1135/285/34 1165/17/34 1348/17/34
f 1135/285/34 1348/17/34 1687/285/34
f 488/57/35 496/59/35 1019/59/35
f 488/57/35 1019/59/35 1290/57/35
f 1037/25/35 1036/27/35 1163/27/35
f 1037/25/35 1163/27/35 1345/25/35
f 1011/11/34 1277/9/34 1287/9/34
f 1011/11/34 1287/9/34 1012/11/34
f 526/17/35 530/285/35 1690/285/35
f 526/17/35 1690/285/35 1343/17/35
f 1315/5/34 1279/3/34 1282/3/34
f 1315/5/34 1282/3/34 1673/5/34
f 1039/27/34 1038/25/34 1339/25/34
f 1039/27/34 1339/25/34 1141/27/34
f 1273/9/35 1234/11/35 1674/11/35
f 1273/9/35 1674/11/35 1274/9/35
f 1139/45/34 1171/43/34 1335/43/34
f 1139/45/34 1335/43/34 1693/45/34
f 1262/3/35 1319/5/35 1676/5/35
f 1262/3/35 1676/5/35 1263/3/35
f 1045/25/35 1044/27/35 1123/27/35
f 1045/25/35 1123/27/35 1327/25/35
f 1235/11/34 1248/9/34 1251/9/34
f 1235/11/34 1251/9/34 1677/11/34
f 1176/529/35 1143/45/35 1696/45/35
f 1176/529/35 1696/45/35 1321/529/35
f 1320/531/34 1239/530/34 1242/530/34
f 1320/531/34 1242/530/34 1679/531/34
f 1047/249/34 1046/25/34 1313/25/34
f 1047/249/34 1313/25/34 1106/249/34
f 506/9/35 512/11/35 1680/11/35
f 506/9/35 1680/11/35 1232/9/35
f 1144/45/34 1177/529/34 1311/529/34
f 1144/45/34 1311/529/34 1698/45/34
f 1227/530/35 1322/531/35 1682/531/35
f 1227/530/35 1682/531/35 1228/530/35
f 542/25/35 411/249/35 1089/249/35
f 542/25/35 1089/249/35 1306/25/35
f 1238/37/34 1220/35/34 1223/35/34
f 1238/37/34 1223/35/34 1683/37/34
f 1180/529/35 1149/45/35 1700/45/35
f 1180/529/35 1700/45/35 1302/529/35
f 1323/531/34 1212/530/34 1215/530/34
f 1323/531/34 1215/530/34 1685/531/34
f 1008/520/34 1053/51/34 1298/51/34
f 1008/520/34 1298/51/34 1701/520/34
f 1206/284/35 1243/37/35 1686/37/35
f 1206/284/35 1686/37/35 1207/284/35
f 1150/45/34 1181/529/34 1292/529/34
f 1150/45/34 1292/529/34 1703/45/34
f 484/283/35 494/5/35 1688/5/35
f 484/283/35 1688/5/35 1200/283/35
f 1058/51/35 1015/53/35 1704/53/35
f 1058/51/35 1704/53/35 1288/51/35
f 1244/37/34 1191/284/34 1194/284/34
f 1244/37/34 1194/284/34 1689/37/34
f 524/43/35 528/45/35 1706/45/35
f 524/43/35 1706/45/35 1284/43/35
f 1326/31/34 1182/29/34 1184/29/34
f 1326/31/34 1184/29/34 1691/31/34
f 1016/53/34 1059/51/34 1278/51/34
f 1016/53/34 1278/51/34 1707/53/34
f 1173/284/35 1246/37/35 1692/37/35
f 1173/284/35 1692/37/35 1174/284/35
f 1156/17/34 1186/15/34 1269/15/34
f 1156/17/34 1269/15/34 1709/17/34
f 1161/29/35 1328/31/35 1694/31/35
f 1161/29/35 1694/31/35 1162/29/35
f 1064/51/35 1021/53/35 1710/53/35
f 1064/51/35 1710/53/35 1256/51/35
f 1247/37/34 1151/284/34 1154/284/34
f 1247/37/34 1154/284/34 1695/37/34
f 1189/291/35 1159/17/35 1712/17/35
f 1189/291/35 1712/17/35 1245/291/35
f 1329/31/34 1140/29/34 1142/29/34
f 1329/31/34 1142/29/34 1697/31/34
f 1521/520/27 1520/55/27 1340/55/27
f 1521/520/27 1340/55/27 1701/520/27
f 1505/55/27 1504/53/27 1704/53/27
f 1505/55/27 1704/53/27 1332/55/27
f 1489/53/27 1488/534/27 1317/55/27
f 1489/53/27 1317/55/27 1707/53/27
f 1473/55/27 1472/53/27 1710/53/27
f 1473/55/27 1710/53/27 1309/55/27
f 1457/286/27 1456/522/27 1300/522/27
f 1457/286/27 1300/522/27 1359/286/27
f 1441/55/27 1440/286/27 1355/286/27
f 1441/55/27 1355/286/27 1291/55/27
f 1425/25/13 1424/27/13 1183/27/13
f 1425/25/13 1183/27/13 1350/25/13
f 1409/27/13 1408/533/13 1345/25/13
f 1409/27/13 1345/25/13 1163/27/13
f 1393/25/13 1392/27/13 1141/27/13
f 1393/25/13 1141/27/13 1339/25/13
f 1377/27/13 1376/533/13 1327/25/13
f 1377/27/13 1327/25/13 1123/27/13
f 1361/25/13 1360/249/13 1106/249/13
f 1361/25/13 1106/249/13 1313/25/13
f 1648/249/13 1714/25/13 1306/25/13
f 1648/249/13 1306/25/13 1089/249/13
f 1715/51/26 1521/520/26 1701/520/26
f 1715/51/26 1701/520/26 1298/51/26
f 1504/53/26 1716/51/26 1288/51/26
f 1504/53/26 1288/51/26 1704/53/26
f 1717/51/26 1489/53/26 1707/53/26
f 1717/51/26 1707/53/26 1278/51/26
f 1472/53/26 1718/51/26 1256/51/26
f 1472/53/26 1256/51/26 1710/53/26
f 1719/51/26 1457/286/26 1359/286/26
f 1719/51/26 1359/286/26 1236/51/26
f 1440/286/26 1720/539/26 1224/51/26
f 1440/286/26 1224/51/26 1355/286/26
f 1721/525/12 1425/25/12 1350/25/12
f 1721/525/12 1350/25/12 1211/525/12
f 1408/533/12 1722/23/12 1197/23/12
f 1408/533/12 1197/23/12 1345/25/12
f 1723/525/12 1393/25/12 1339/25/12
f 1723/525/12 1339/25/12 1179/525/12
f 1376/533/12 1724/525/12 1157/525/12
f 1376/533/12 1157/525/12 1327/25/12
f 1725/23/12 1361/25/12 1313/25/12
f 1725/23/12 1313/25/12 1137/23/12
f 1714/25/12 1664/23/12 1119/23/12
f 1714/25/12 1119/23/12 1306/25/12
f 1656/49/25 1715/51/25 1298/51/25
f 1656/49/25 1298/51/25 1102/49/25
f 1716/51/25 1646/49/25 1084/49/25
f 1716/51/25 1084/49/25 1288/51/25
f 1640/49/25 1717/51/25 1278/51/25
f 1640/49/25 1278/51/25 1069/49/25
f 1718/51/25 1634/49/25 1050/49/25
f 1718/51/25 1050/49/25 1256/51/25
f 1628/49/25 1719/51/25 1236/51/25
f 1628/49/25 1236/51/25 1027/49/25
f 1720/539/25 1622/49/25 1225/49/25
f 1720/539/25 1225/49/25 1224/51/25
f 1616/21/11 1721/525/11 1211/525/11
f 1616/21/11 1211/525/11 1210/21/11
f 1722/23/11 1610/526/11 1198/526/11
f 1722/23/11 1198/526/11 1197/23/11
f 1602/526/11 1723/525/11 1179/525/11
f 1602/526/11 1179/525/11 1178/526/11
f 1724/525/11 1592/526/11 1158/526/11
f 1724/525/11 1158/526/11 1157/525/11
f 1582/526/11 1725/23/11 1137/23/11
f 1582/526/11 1137/23/11 1136/526/11
f 1664/23/11 1572/21/11 1120/21/11
f 1664/23/11 1120/21/11 1119/23/11
f 1562/47/24 1656/49/24 1102/49/24
f 1562/47/24 1102/49/24 1101/47/24
f 1646/49/24 1552/47/24 1085/47/24
f 1646/49/24 1085/47/24 1084/49/24
f 1540/47/24 1640/49/24 1069/49/24
f 1540/47/24 1069/49/24 1068/47/24
f 1634/49/24 1529/47/24 1051/47/24
f 1634/49/24 1051/47/24 1050/49/24
f 1512/47/24 1628/49/24 1027/49/24
f 1512/47/24 1027/49/24 1026/47/24
f 1622/49/24 1497/47/24 1672/47/24
f 1622/49/24 1672/47/24 1225/49/24
f 1480/19/10 1616/21/10 1210/21/10
f 1480/19/10 1210/21/10 1675/19/10
f 1610/526/10 1465/19/10 1678/19/10
f 1610/526/10 1678/19/10 1198/526/10
f 1448/285/10 1602/526/10 1178/526/10
f 1448/285/10 1178/526/10 1681/285/10
f 1592/526/10 1433/285/10 1684/285/10
f 1592/526/10 1684/285/10 1158/526/10
f 1416/285/10 1582/526/10 1136/526/10
f 1416/285/10 1136/526/10 1687/285/10
f 1572/21/10 1401/285/10 1690/285/10
f 1572/21/10 1690/285/10 1120/21/10
f 1384/45/23 1562/47/23 1101/47/23
f 1384/45/23 1101/47/23 1693/45/23
f 1552/47/23 1369/532/23 1696/45/23
f 1552/47/23 1696/45/23 1085/47/23
f 1541/45/23 1540/47/23 1068/47/23
f 1541/45/23 1068/47/23 1698/45/23
f 1529/47/23 1528/532/23 1700/45/23
f 1529/47/23 1700/45/23 1051/47/23
f 1513/45/23 1512/47/23 1026/47/23
f 1513/45/23 1026/47/23 1703/45/23
f 1497/47/23 1496/45/23 1706/45/23
f 1497/47/23 1706/45/23 1672/47/23
f 1481/17/9 1480/19/9 1675/19/9
f 1481/17/9 1675/19/9 1709/17/9
f 1465/19/9 1464/17/9 1712/17/9
f 1465/19/9 1712/17/9 1678/19/9
f 1449/17/9 1448/285/9 1681/285/9
f 1449/17/9 1681/285/9 1357/17/9
f 1433/285/9 1432/17/9 1352/17/9
f 1433/285/9 1352/17/9 1684/285/9
f 1417/17/9 1416/285/9 1687/285/9
f 1417/17/9 1687/285/9 1348/17/9
f 1401/285/9 1400/17/9 1343/17/9
f 1401/285/9 1343/17/9 1690/285/9
f 1385/43/22 1384/45/22 1693/45/22
f 1385/43/22 1693/45/22 1335/43/22
f 1369/532/22 1368/529/22 1321/529/22
f 1369/532/22 1321/529/22 1696/45/22
f 1726/529/22 1541/45/22 1698/45/22
f 1726/529/22 1698/45/22 1311/529/22
f 1528/532/22 1727/529/22 1302/529/22
f 1528/532/22 1302/529/22 1700/45/22
f 1728/529/22 1513/45/22 1703/45/22
f 1728/529/22 1703/45/22 1292/529/22
f 1496/45/22 1729/43/22 1284/43/22
f 1496/45/22 1284/43/22 1706/45/22
f 1730/15/8 1481/17/8 1709/17/8
f 1730/15/8 1709/17/8 1269/15/8
f 1464/17/8 1731/291/8 1245/291/8
f 1464/17/8 1245/291/8 1712/17/8
f 1732/15/8 1449/17/8 1357/17/8
f 1732/15/8 1357/17/8 1231/15/8
f 1432/17/8 1733/15/8 1217/15/8
f 1432/17/8 1217/15/8 1352/17/8
f 1734/15/8 1417/17/8 1348/17/8
f 1734/15/8 1348/17/8 1204/15/8
f 1400/17/8 1735/15/8 1187/15/8
f 1400/17/8 1187/15/8 1343/17/8
f 1736/528/21 1385/43/21 1335/43/21
f 1736/528/21 1335/43/21 1169/528/21
f 1368/529/21 1737/41/21 1147/41/21
f 1368/529/21 1147/41/21 1321/529/21
f 1668/41/21 1726/529/21 1311/529/21
f 1668/41/21 1311/529/21 1129/41/21
f 1727/529/21 1660/41/21 1112/41/21
f 1727/529/21 1112/41/21 1302/529/21
f 1652/41/21 1728/529/21 1292/529/21
f 1652/41/21 1292/529/21 1093/41/21
f 1729/43/21 1642/41/21 1072/41/21
f 1729/43/21 1072/41/21 1284/43/21
f 1636/13/7 1730/15/7 1269/15/7
f 1636/13/7 1269/15/7 1057/13/7
f 1731/291/7 1630/13/7 1034/13/7
f 1731/291/7 1034/13/7 1245/291/7
f 1624/521/7 1732/15/7 1231/15/7
f 1624/521/7 1231/15/7 1013/521/7
f 1733/15/7 1618/538/7 1218/521/7
f 1733/15/7 1218/521/7 1217/15/7
f 1612/13/7 1734/15/7 1204/15/7
f 1612/13/7 1204/15/7 1203/13/7
f 1735/15/7 1605/13/7 1188/13/7
f 1735/15/7 1188/13/7 1187/15/7
f 1594/39/20 1736/528/20 1169/528/20
f 1594/39/20 1169/528/20 1168/39/20
f 1737/41/20 1585/39/20 1148/39/20
f 1737/41/20 1148/39/20 1147/41/20
f 1574/527/20 1668/41/20 1129/41/20
f 1574/527/20 1129/41/20 1128/527/20
f 1660/41/20 1565/536/20 1113/527/20
f 1660/41/20 1113/527/20 1112/41/20
f 1554/39/20 1652/41/20 1093/41/20
f 1554/39/20 1093/41/20 1092/39/20
f 1642/41/20 1545/39/20 1073/39/20
f 1642/41/20 1073/39/20 1072/41/20
f 1436/524/6 1636/13/6 1057/13/6
f 1436/524/6 1057/13/6 1056/524/6
f 1630/13/6 1421/11/6 1035/523/6
f 1630/13/6 1035/523/6 1034/13/6
f 1404/11/6 1624/521/6 1013/521/6
f 1404/11/6 1013/521/6 1012/11/6
f 1618/538/6 1389/524/6 1674/11/6
f 1618/538/6 1674/11/6 1218/521/6
f 1372/11/6 1612/13/6 1203/13/6
f 1372/11/6 1203/13/6 1677/11/6
f 1605/13/6 1604/11/6 1680/11/6
f 1605/13/6 1680/11/6 1188/13/6
f 1595/37/19 1594/39/19 1168/39/19
f 1595/37/19 1168/39/19 1683/37/19
f 1585/39/19 1584/37/19 1686/37/19
f 1585/39/19 1686/37/19 1148/39/19
f 1575/37/19 1574/527/19 1128/527/19
f 1575/37/19 1128/527/19 1689/37/19
f 1565/536/19 1564/37/19 1692/37/19
f 1565/536/19 1692/37/19 1113/527/19
f 1555/37/19 1554/39/19 1092/39/19
f 1555/37/19 1092/39/19 1695/37/19
f 1545/39/19 1544/535/19 1358/37/19
f 1545/39/19 1358/37/19 1073/39/19
f 1533/65/33 1532/67/33 1699/67/33
f 1533/65/33 1699/67/33 1354/65/33
f 1517/67/33 1516/65/33 1349/65/33
f 1517/67/33 1349/65/33 1702/67/33
f 1501/65/33 1500/67/33 1705/67/33
f 1501/65/33 1705/67/33 1344/65/33
f 1485/67/33 1484/65/33 1338/65/33
f 1485/67/33 1338/65/33 1708/67/33
f 1469/65/33 1468/67/33 1711/67/33
f 1469/65/33 1711/67/33 1324/65/33
f 1453/67/33 1452/65/33 1312/65/33
f 1453/67/33 1312/65/33 1713/67/33
f 1437/9/5 1436/524/5 1056/524/5
f 1437/9/5 1056/524/5 1305/9/5
f 1421/11/5 1420/9/5 1294/9/5
f 1421/11/5 1294/9/5 1035/523/5
f 1405/9/5 1404/11/5 1012/11/5
f 1405/9/5 1012/11/5 1287/9/5
f 1389/524/5 1388/9/5 1274/9/5
f 1389/524/5 1274/9/5 1674/11/5
f 1373/9/5 1372/11/5 1677/11/5
f 1373/9/5 1677/11/5 1251/9/5
f 1604/11/5 1738/540/5 1232/9/5
f 1604/11/5 1232/9/5 1680/11/5
f 1739/35/18 1595/37/18 1683/37/18
f 1739/35/18 1683/37/18 1223/35/18
f 1584/37/18 1740/284/18 1207/284/18
f 1584/37/18 1207/284/18 1686/37/18
f 1741/284/18 1575/37/18 1689/37/18
f 1741/284/18 1689/37/18 1194/284/18
f 1564/37/18 1742/284/18 1174/284/18
f 1564/37/18 1174/284/18 1692/37/18
f 1743/284/18 1555/37/18 1695/37/18
f 1743/284/18 1695/37/18 1154/284/18
f 1544/535/18 1670/284/18 1132/284/18
f 1544/535/18 1132/284/18 1358/37/18
f 1662/61/32 1533/65/32 1354/65/32
f 1662/61/32 1354/65/32 1118/61/32
f 1516/65/32 1654/61/32 1096/61/32
f 1516/65/32 1096/61/32 1349/65/32
f 1644/61/32 1501/65/32 1344/65/32
f 1644/61/32 1344/65/32 1079/61/32
f 1484/65/32 1638/61/32 1062/61/32
f 1484/65/32 1062/61/32 1338/65/32
f 1632/61/32 1469/65/32 1324/65/32
f 1632/61/32 1324/65/32 1043/61/32
f 1452/65/32 1626/61/32 1018/61/32
f 1452/65/32 1018/61/32 1312/65/32
f 1620/7/4 1437/9/4 1305/9/4
f 1620/7/4 1305/9/4 1304/7/4
f 1420/9/4 1614/7/4 1295/7/4
f 1420/9/4 1295/7/4 1294/9/4
f 1608/7/4 1405/9/4 1287/9/4
f 1608/7/4 1287/9/4 1286/7/4
f 1388/9/4 1599/7/4 1275/7/4
f 1388/9/4 1275/7/4 1274/9/4
f 1588/7/4 1373/9/4 1251/9/4
f 1588/7/4 1251/9/4 1250/7/4
f 1738/540/4 1579/537/4 1233/7/4
f 1738/540/4 1233/7/4 1232/9/4
f 1568/33/17 1739/35/17 1223/35/17
f 1568/33/17 1223/35/17 1222/33/17
f 1740/284/17 1559/33/17 1208/33/17
f 1740/284/17 1208/33/17 1207/284/17
f 1548/33/17 1741/284/17 1194/284/17
f 1548/33/17 1194/284/17 1193/33/17
f 1742/284/17 1537/33/17 1175/33/17
f 1742/284/17 1175/33/17 1174/284/17
f 1524/33/17 1743/284/17 1154/284/17
f 1524/33/17 1154/284/17 1153/33/17
f 1670/284/17 1509/33/17 1133/33/17
f 1670/284/17 1133/33/17 1132/284/17
f 1492/59/30 1662/61/30 1118/61/30
f 1492/59/30 1118/61/30 1117/59/30
f 1654/61/30 1477/59/30 1097/59/30
f 1654/61/30 1097/59/30 1096/61/30
f 1460/59/30 1644/61/30 1079/61/30
f 1460/59/30 1079/61/30 1078/59/30
f 1638/61/30 1445/59/30 1063/59/30
f 1638/61/30 1063/59/30 1062/61/30
f 1428/59/30 1632/61/30 1043/61/30
f 1428/59/30 1043/61/30 1042/59/30
f 1626/61/30 1413/59/30 1019/59/30
f 1626/61/30 1019/59/30 1018/61/30
f 1396/5/3 1620/7/3 1304/7/3
f 1396/5/3 1304/7/3 1673/5/3
f 1614/7/3 1381/5/3 1676/5/3
f 1614/7/3 1676/5/3 1295/7/3
f 1364/531/3 1608/7/3 1286/7/3
f 1364/531/3 1286/7/3 1679/531/3
f 1599/7/3 1598/531/3 1682/531/3
f 1599/7/3 1682/531/3 1275/7/3
f 1589/531/3 1588/7/3 1250/7/3
f 1589/531/3 1250/7/3 1685/531/3
f 1579/537/3 1578/5/3 1688/5/3
f 1579/537/3 1688/5/3 1233/7/3
f 1569/31/16 1568/33/16 1222/33/16
f 1569/31/16 1222/33/16 1691/31/16
f 1559/33/16 1558/31/16 1694/31/16
f 1559/33/16 1694/31/16 1208/33/16
f 1549/31/16 1548/33/16 1193/33/16
f 1549/31/16 1193/33/16 1697/31/16
f 1537/33/16 1536/31/16 1356/31/16
f 1537/33/16 1356/31/16 1175/33/16
f 1525/31/16 1524/33/16 1153/33/16
f 1525/31/16 1153/33/16 1351/31/16
f 1509/33/16 1508/31/16 1347/31/16
f 1509/33/16 1347/31/16 1133/33/16
f 1493/57/29 1492/59/29 1117/59/29
f 1493/57/29 1117/59/29 1341/57/29
f 1477/59/29 1476/57/29 1331/57/29
f 1477/59/29 1331/57/29 1097/59/29
f 1461/57/29 1460/59/29 1078/59/29
f 1461/57/29 1078/59/29 1318/57/29
f 1445/59/29 1444/57/29 1308/57/29
f 1445/59/29 1308/57/29 1063/59/29
f 1429/57/29 1428/59/29 1042/59/29
f 1429/57/29 1042/59/29 1301/57/29
f 1413/59/29 1412/57/29 1290/57/29
f 1413/59/29 1290/57/29 1019/59/29
f 1397/3/2 1396/5/2 1673/5/2
f 1397/3/2 1673/5/2 1282/3/2
f 1381/5/2 1380/3/2 1263/3/2
f 1381/5/2 1263/3/2 1676/5/2
f 1365/530/2 1364/531/2 1679/531/2
f 1365/530/2 1679/531/2 1242/530/2
f 1598/531/2 1744/530/2 1228/530/2
f 1598/531/2 1228/530/2 1682/531/2
f 1745/530/2 1589/531/2 1685/531/2
f 1745/530/2 1685/531/2 1215/530/2
f 1578/5/2 1746/283/2 1200/283/2
f 1578/5/2 1200/283/2 1688/5/2
f 1747/29/15 1569/31/15 1691/31/15
f 1747/29/15 1691/31/15 1184/29/15
f 1558/31/15 1748/29/15 1162/29/15
f 1558/31/15 1162/29/15 1694/31/15
f 1749/29/15 1549/31/15 1697/31/15
f 1749/29/15 1697/31/15 1142/29/15
f 1536/31/15 1666/29/15 1122/29/15
f 1536/31/15 1122/29/15 1356/31/15
f 1658/29/15 1525/31/15 1351/31/15
f 1658/29/15 1351/31/15 1107/29/15
f 1508/31/15 1649/29/15 1088/29/15
f 1508/31/15 1088/29/15 1347/31/15
f 1520/55/28 1493/57/28 1341/57/28
f 1520/55/28 1341/57/28 1340/55/28
f 1476/57/28 1505/55/28 1332/55/28
f 1476/57/28 1332/55/28 1331/57/28
f 1488/534/28 1461/57/28 1318/57/28
f 1488/534/28 1318/57/28 1317/55/28
f 1444/57/28 1473/55/28 1309/55/28
f 1444/57/28 1309/55/28 1308/57/28
f 1456/522/28 1429/57/28 1301/57/28
f 1456/522/28 1301/57/28 1300/522/28
f 1412/57/28 1441/55/28 1291/55/28
f 1412/57/28 1291/55/28 1290/57/28
f 1750/2/1 1397/3/1 1282/3/1
f 1750/2/1 1282/3/1 1281/2/1
f 1380/3/1 1751/2/1 1264/2/1
f 1380/3/1 1264/2/1 1263/3/1
f 1752/2/1 1365/530/1 1242/530/1
f 1752/2/1 1242/530/1 1241/2/1
f 1744/530/1 1753/2/1 1229/2/1
f 1744/530/1 1229/2/1 1228/530/1
f 1754/2/1 1745/530/1 1215/530/1
f 1754/2/1 1215/530/1 1214/2/1
f 1746/283/1 1755/2/1 1201/2/1
f 1746/283/1 1201/2/1 1200/283/1
f 1424/27/14 1747/29/14 1184/29/14
f 1424/27/14 1184/29/14 1183/27/14
f 1748/29/14 1409/27/14 1163/27/14
f 1748/29/14 1163/27/14 1162/29/14
f 1392/27/14 1749/29/14 1142/29/14
f 1392/27/14 1142/29/14 1141/27/14
f 1666/29/14 1377/27/14 1123/27/14
f 1666/29/14 1123/27/14 1122/29/14
f 1360/249/14 1658/29/14 1107/29/14
f 1360/249/14 1107/29/14 1106/249/14
f 1649/29/14 1648/249/14 1089/249/14
f 1649/29/14 1089/249/14 1088/29/14
f 1738/540/34 1604/11/34 1607/11/34
f 1738/540/34 1607/11/34 1756/540/34
f 1541/45/35 1726/529/35 1757/529/35
f 1541/45/35 1757/529/35 1542/45/35
f 1744/530/34 1598/531/34 1601/531/34
f 1744/530/34 1601/531/34 1758/530/34
f 1714/25/34 1648/249/34 1651/249/34
f 1714/25/34 1651/249/34 1759/25/34
f 1595/37/35 1739/35/35 1760/35/35
f 1595/37/35 1760/35/35 1596/37/35
f 1727/529/34 1528/532/34 1531/532/34
f 1727/529/34 1531/532/34 1761/529/34
f 1589/531/35 1745/530/35 1762/530/35
f 1589/531/35 1762/530/35 1590/531/35
f 1521/520/35 1715/51/35 1763/51/35
f 1521/520/35 1763/51/35 1522/520/35
f 1740/284/34 1584/37/34 1587/37/34
f 1740/284/34 1587/37/34 1764/284/34
f 1513/45/35 1728/529/35 1765/529/35
f 1513/45/35 1765/529/35 1514/45/35
f 1746/283/34 1578/5/34 1581/5/34
f 1746/283/34 1581/5/34 1766/283/34
f 1716/51/34 1504/53/34 1507/53/34
f 1716/51/34 1507/53/34 1767/51/34
f 1575/37/35 1741/284/35 1768/284/35
f 1575/37/35 1768/284/35 1576/37/35
f 1729/43/34 1496/45/34 1499/45/34
f 1729/43/34 1499/45/34 1769/43/34
f 1569/31/35 1747/29/35 1770/29/35
f 1569/31/35 1770/29/35 1570/31/35
f 1489/53/35 1717/51/35 1771/51/35
f 1489/53/35 1771/51/35 1490/53/35
f 1742/284/34 1564/37/34 1567/37/34
f 1742/284/34 1567/37/34 1772/284/34
f 1481/17/35 1730/15/35 1773/15/35
f 1481/17/35 1773/15/35 1482/17/35
f 1748/29/34 1558/31/34 1561/31/34
f 1748/29/34 1561/31/34 1774/29/34
f 1718/51/34 1472/53/34 1475/53/34
f 1718/51/34 1475/53/34 1775/51/34
f 1555/37/35 1743/284/35 1776/284/35
f 1555/37/35 1776/284/35 1556/37/35
f 1731/291/34 1464/17/34 1467/17/34
f 1731/291/34 1467/17/34 1777/291/34
f 1549/31/35 1749/29/35 1778/29/35
f 1549/31/35 1778/29/35 1550/31/35
f 1457/286/35 1719/51/35 1779/51/35
f 1457/286/35 1779/51/35 1458/286/35
f 1670/284/34 1544/535/34 1547/535/34
f 1670/284/34 1547/535/34 1671/284/34
f 1449/17/35 1732/15/35 1780/15/35
f 1449/17/35 1780/15/35 1450/17/35
f 1666/29/34 1536/31/34 1539/31/34
f 1666/29/34 1539/31/34 1667/29/34
f 1720/539/34 1440/286/34 1443/286/34
f 1720/539/34 1443/286/34 1781/539/34
f 1533/65/35 1662/61/35 1663/61/35
f 1533/65/35 1663/61/35 1534/65/35
f 1733/15/34 1432/17/34 1435/17/34
f 1733/15/34 1435/17/34 1782/15/34
f 1525/31/35 1658/29/35 1659/29/35
f 1525/31/35 1659/29/35 1526/31/35
f 1425/25/35 1721/525/35 1783/525/35
f 1425/25/35 1783/525/35 1426/25/35
f 1654/61/34 1516/65/34 1519/65/34
f 1654/61/34 1519/65/34 1655/61/34
f 1417/17/35 1734/15/35 1784/15/35
f 1417/17/35 1784/15/35 1418/17/35
f 1649/29/34 1508/31/34 1511/31/34
f 1649/29/34 1511/31/34 1650/29/34
f 1722/23/34 1408/533/34 1411/533/34
f 1722/23/34 1411/533/34 1785/23/34
f 1501/65/35 1644/61/35 1645/61/35
f 1501/65/35 1645/61/35 1502/65/35
f 1735/15/34 1400/17/34 1403/17/34
f 1735/15/34 1403/17/34 1786/15/34
f 1493/57/35 1520/55/35 1523/55/35
f 1493/57/35 1523/55/35 1494/57/35
f 1393/25/35 1723/525/35 1787/525/35
f 1393/25/35 1787/525/35 1394/25/35
f 1638/61/34 1484/65/34 1487/65/34
f 1638/61/34 1487/65/34 1639/61/34
f 1385/43/35 1736/528/35 1788/528/35
f 1385/43/35 1788/528/35 1386/43/35
f 1505/55/34 1476/57/34 1479/57/34
f 1505/55/34 1479/57/34 1506/55/34
f 1724/525/34 1376/533/34 1379/533/34
f 1724/525/34 1379/533/34 1789/525/34
f 1469/65/35 1632/61/35 1633/61/35
f 1469/65/35 1633/61/35 1470/65/35
f 1737/41/34 1368/529/34 1371/529/34
f 1737/41/34 1371/529/34 1790/41/34
f 1461/57/35 1488/534/35 1491/534/35
f 1461/57/35 1491/534/35 1462/57/35
f 1361/25/35 1725/23/35 1791/23/35
f 1361/25/35 1791/23/35 1362/25/35
f 1626/61/34 1452/65/34 1455/65/34
f 1626/61/34 1455/65/34 1627/61/34
f 1726/529/35 1668/41/35 1669/41/35
f 1726/529/35 1669/41/35 1757/529/35
f 1473/55/34 1444/57/34 1447/57/34
f 1473/55/34 1447/57/34 1474/55/34
f 1664/23/34 1714/25/34 1759/25/34
f 1664/23/34 1759/25/34 1665/23/34
f 1437/9/35 1620/7/35 1621/7/35
f 1437/9/35 1621/7/35 1438/9/35
f 1660/41/34 1727/529/34 1761/529/34
f 1660/41/34 1761/529/34 1661/41/34
f 1429/57/35 1456/522/35 1459/522/35
f 1429/57/35 1459/522/35 1430/57/35
f 1715/51/35 1656/49/35 1657/49/35
f 1715/51/35 1657/49/35 1763/51/35
f 1614/7/34 1420/9/34 1423/9/34
f 1614/7/34 1423/9/34 1615/7/34
f 1728/529/35 1652/41/35 1653/41/35
f 1728/529/35 1653/41/35 1765/529/35
f 1441/55/34 1412/57/34 1415/57/34
f 1441/55/34 1415/57/34 1442/55/34
f 1646/49/34 1716/51/34 1767/51/34
f 1646/49/34 1767/51/34 1647/49/34
f 1405/9/35 1608/7/35 1609/7/35
f 1405/9/35 1609/7/35 1406/9/35
f 1642/41/34 1729/43/34 1769/43/34
f 1642/41/34 1769/43/34 1643/41/34
f 1397/3/35 1750/2/35 1792/2/35
f 1397/3/35 1792/2/35 1398/3/35
f 1717/51/35 1640/49/35 1641/49/35
f 1717/51/35 1641/49/35 1771/51/35
f 1599/7/34 1388/9/34 1391/9/34
f 1599/7/34 1391/9/34 1600/7/34
f 1730/15/35 1636/13/35 1637/13/35
f 1730/15/35 1637/13/35 1773/15/35
f 1751/2/34 1380/3/34 1383/3/34
f 1751/2/34 1383/3/34 1793/2/34
f 1634/49/34 1718/51/34 1775/51/34
f 1634/49/34 1775/51/34 1635/49/34
f 1373/9/35 1588/7/35 1591/7/35
f 1373/9/35 1591/7/35 1374/9/35
f 1630/13/34 1731/291/34 1777/291/34
f 1630/13/34 1777/291/34 1631/13/34
f 1365/530/35 1752/2/35 1794/2/35
f 1365/530/35 1794/2/35 1366/530/35
f 1719/51/35 1628/49/35 1629/49/35
f 1719/51/35 1629/49/35 1779/51/35
f 1579/537/34 1738/540/34 1756/540/34
f 1579/537/34 1756/540/34 1580/537/34
f 1732/15/35 1624/521/35 1625/521/35
f 1732/15/35 1625/521/35 1780/15/35
f 1753/2/34 1744/530/34 1758/530/34
f 1753/2/34 1758/530/34 1795/2/34
f 1622/49/34 1720/539/34 1781/539/34
f 1622/49/34 1781/539/34 1623/49/34
f 1739/35/35 1568/33/35 1571/33/35
f 1739/35/35 1571/33/35 1760/35/35
f 1618/538/34 1733/15/34 1782/15/34
f 1618/538/34 1782/15/34 1619/538/34
f 1745/530/35 1754/2/35 1796/2/35
f 1745/530/35 1796/2/35 1762/530/35
f 1721/525/35 1616/21/35 1617/21/35
f 1721/525/35 1617/21/35 1783/525/35
f 1559/33/34 1740/284/34 1764/284/34
f 1559/33/34 1764/284/34 1560/33/34
f 1734/15/35 1612/13/35 1613/13/35
f 1734/15/35 1613/13/35 1784/15/35
f 1755/2/34 1746/283/34 1766/283/34
f 1755/2/34 1766/283/34 1797/2/34
f 1610/526/34 1722/23/34 1785/23/34
f 1610/526/34 1785/23/34 1611/526/34
f 1741/284/35 1548/33/35 1551/33/35
f 1741/284/35 1551/33/35 1768/284/35
f 1605/13/34 1735/15/34 1786/15/34
f 1605/13/34 1786/15/34 1606/13/34
f 1747/29/35 1424/27/35 1427/27/35
f 1747/29/35 1427/27/35 1770/29/35
f 1723/525/35 1602/526/35 1603/526/35
f 1723/525/35 1603/526/35 1787/525/35
f 1537/33/34 1742/284/34 1772/284/34
f 1537/33/34 1772/284/34 1538/33/34
f 1736/528/35 1594/39/35 1597/39/35
f 1736/528/35 1597/39/35 1788/528/35
f 1409/27/34 1748/29/34 1774/29/34
f 1409/27/34 1774/29/34 1410/27/34
f 1592/526/34 1724/525/34 1789/525/34
f 1592/526/34 1789/525/34 1593/526/34
f 1743/284/35 1524/33/35 1527/33/35
f 1743/284/35 1527/33/35 1776/284/35
f 1585/39/34 1737/41/34 1790/41/34
f 1585/39/34 1790/41/34 1586/39/34
f 1749/29/35 1392/27/35 1395/27/35
f 1749/29/35 1395/27/35 1778/29/35
f 1725/23/35 1582/526/35 1583/526/35
f 1725/23/35 1583/526/35 1791/23/35
f 1798/541/227 1799/542/227 3/3/227
f 1798/541/227 3/3/227 2/2/227
f 1799/542/228 1800/543/228 5/5/228
f 1799/542/228 5/5/228 3/3/228
f 1800/543/229 1801/544/229 7/7/229
f 1800/543/229 7/7/229 5/5/229
f 1801/544/230 1802/545/230 9/9/230
f 1801/544/230 9/9/230 7/7/230
f 1802/545/231 1803/546/231 11/11/231
f 1802/545/231 11/11/231 9/9/231
f 1803/546/232 1804/547/232 13/13/232
f 1803/546/232 13/13/232 11/11/232
f 1804/547/233 474/280/233 15/15/233
f 1804/547/233 15/15/233 13/13/233
f 474/280/234 468/277/234 17/17/234
f 474/280/234 17/17/234 15/15/234
f 468/277/235 462/274/235 19/19/235
f 468/277/235 19/19/235 17/17/235
f 462/274/236 456/271/236 21/21/236
f 462/274/236 21/21/236 19/19/236
f 456/271/237 448/267/237 23/23/237
f 456/271/237 23/23/237 21/21/237
f 448/267/238 444/265/238 25/25/238
f 448/267/238 25/25/238 23/23/238
f 444/265/239 440/263/239 27/27/239
f 444/265/239 27/27/239 25/25/239
f 440/263/240 436/261/240 29/29/240
f 440/263/240 29/29/240 27/27/240
f 436/261/241 432/259/241 31/31/241
f 436/261/241 31/31/241 29/29/241
f 432/259/242 428/257/242 33/33/242
f 432/259/242 33/33/242 31/31/242
f 428/257/243 424/255/243 35/35/243
f 428/257/243 35/35/243 33/33/243
f 424/255/244 420/253/244 37/37/244
f 424/255/244 37/37/244 35/35/244
f 420/253/245 415/251/245 39/39/245
f 420/253/245 39/39/245 37/37/245
f 415/251/246 414/250/246 41/41/246
f 415/251/246 41/41/246 39/39/246
f 414/250/247 1805/548/247 43/43/247
f 414/250/247 43/43/247 41/41/247
f 1805/548/248 1806/549/248 45/45/248
f 1805/548/248 45/45/248 43/43/248
f 1806/549/249 1807/550/249 47/47/249
f 1806/549/249 47/47/249 45/45/249
f 1807/550/250 1808/551/250 49/49/250
f 1807/550/250 49/49/250 47/47/250
f 1808/551/251 1809/552/251 51/51/251
f 1808/551/251 51/51/251 49/49/251
f 1809/552/252 1810/553/252 53/53/252
f 1809/552/252 53/53/252 51/51/252
f 1810/553/253 1811/554/253 55/55/253
f 1810/553/253 55/55/253 53/53/253
f 1811/554/254 1812/555/254 57/57/254
f 1811/554/254 57/57/254 55/55/254
f 1812/555/255 1813/556/255 59/59/255
f 1812/555/255 59/59/255 57/57/255
f 1813/556/256 1814/557/256 61/61/256
f 1813/556/256 61/61/256 59/59/256
f 1814/557/257 1815/558/257 67/65/257
f 1814/557/257 67/65/257 61/61/257
f 1815/558/258 1816/559/258 69/67/258
f 1815/558/258 69/67/258 67/65/258
f 476/281/227 1817/560/227 1353/2/227
f 476/281/227 1353/2/227 1342/3/227
f 470/278/228 476/281/228 1342/3/228
f 470/278/228 1342/3/228 1314/5/228
f 464/275/229 470/278/229 1314/5/229
f 464/275/229 1314/5/229 1296/7/229
f 458/272/230 464/275/230 1296/7/230
f 458/272/230 1296/7/230 1270/9/230
f 450/268/231 458/272/231 1270/9/231
f 450/268/231 1270/9/231 1230/11/231
f 446/266/232 450/268/232 1230/11/232
f 446/266/232 1230/11/232 1209/13/232
f 442/264/233 446/266/233 1209/13/233
f 442/264/233 1209/13/233 1185/15/233
f 438/262/234 442/264/234 1185/15/234
f 438/262/234 1185/15/234 1155/17/234
f 434/260/235 438/262/235 1155/17/235
f 434/260/235 1155/17/235 1124/19/235
f 430/258/236 434/260/236 1124/19/236
f 430/258/236 1124/19/236 1098/21/236
f 426/256/237 430/258/237 1098/21/237
f 426/256/237 1098/21/237 1070/23/237
f 422/254/238 426/256/238 1070/23/238
f 422/254/238 1070/23/238 1029/25/238
f 418/252/239 422/254/239 1029/25/239
f 418/252/239 1029/25/239 1028/27/239
f 63/63/240 418/252/240 1028/27/240
f 63/63/240 1028/27/240 1346/29/240
f 64/64/241 63/63/241 1346/29/241
f 64/64/241 1346/29/241 1325/31/241
f 1818/561/242 64/64/242 1325/31/242
f 1818/561/242 1325/31/242 1303/33/242
f 1819/562/243 1818/561/243 1303/33/243
f 1819/562/243 1303/33/243 1283/35/243
f 1820/563/244 1819/562/244 1283/35/244
f 1820/563/244 1283/35/244 1237/37/244
f 1821/564/245 1820/563/245 1237/37/245
f 1821/564/245 1237/37/245 1219/39/245
f 1822/565/246 1821/564/246 1219/39/246
f 1822/565/246 1219/39/246 1199/41/246
f 1823/566/247 1822/565/247 1199/41/247
f 1823/566/247 1199/41/247 1170/43/247
f 1824/567/248 1823/566/248 1170/43/248
f 1824/567/248 1170/43/248 1138/45/248
f 1825/568/249 1824/567/249 1138/45/249
f 1825/568/249 1138/45/249 1114/47/249
f 1826/569/250 1825/568/250 1114/47/250
f 1826/569/250 1114/47/250 1086/49/250
f 1827/570/251 1826/569/251 1086/49/251
f 1827/570/251 1086/49/251 1052/51/251
f 1828/571/252 1827/570/252 1052/51/252
f 1828/571/252 1052/51/252 1007/53/252
f 478/282/253 1828/571/253 1007/53/253
f 478/282/253 1007/53/253 1006/55/253
f 472/279/254 478/282/254 1006/55/254
f 472/279/254 1006/55/254 1336/57/254
f 466/276/255 472/279/255 1336/57/255
f 466/276/255 1336/57/255 1310/59/255
f 460/273/256 466/276/256 1310/59/256
f 460/273/256 1310/59/256 1289/61/256
f 452/269/257 460/273/257 1289/61/257
f 452/269/257 1289/61/257 1253/65/257
f 453/270/258 452/269/258 1253/65/258
f 453/270/258 1253/65/258 1252/67/258
f 1805/548/259 414/250/259 417/250/259
f 1805/548/259 417/250/259 1829/548/259
f 64/64/260 1818/561/260 1830/561/260
f 64/64/260 1830/561/260 65/64/260
f 1806/549/261 1805/548/261 1829/548/261
f 1806/549/261 1829/548/261 1831/549/261
f 1818/561/262 1819/562/262 1832/562/262
f 1818/561/262 1832/562/262 1830/561/262
f 1807/550/263 1806/549/263 1831/549/263
f 1807/550/263 1831/549/263 1833/550/263
f 1819/562/264 1820/563/264 1834/563/264
f 1819/562/264 1834/563/264 1832/562/264
f 1808/551/265 1807/550/265 1833/550/265
f 1808/551/265 1833/550/265 1835/551/265
f 1820/563/266 1821/564/266 1836/564/266
f 1820/563/266 1836/564/266 1834/563/266
f 1809/552/267 1808/551/267 1835/551/267
f 1809/552/267 1835/551/267 1837/552/267
f 1821/564/268 1822/565/268 1838/565/268
f 1821/564/268 1838/565/268 1836/564/268
f 1810/553/269 1809/552/269 1837/552/269
f 1810/553/269 1837/552/269 1839/553/269
f 1822/565/270 1823/566/270 1840/566/270
f 1822/565/270 1840/566/270 1838/565/270
f 1811/554/271 1810/553/271 1839/553/271
f 1811/554/271 1839/553/271 1841/554/271
f 1799/542/272 1798/541/272 1842/541/272
f 1799/542/272 1842/541/272 1843/542/272
f 1823/566/273 1824/567/273 1844/567/273
f 1823/566/273 1844/567/273 1840/566/273
f 1812/555/274 1811/554/274 1841/554/274
f 1812/555/274 1841/554/274 1845/555/274
f 1800/543/275 1799/542/275 1843/542/275
f 1800/543/275 1843/542/275 1846/543/275
f 1824/567/276 1825/568/276 1847/568/276
f 1824/567/276 1847/568/276 1844/567/276
f 1813/556/277 1812/555/277 1845/555/277
f 1813/556/277 1845/555/277 1848/556/277
f 1801/544/278 1800/543/278 1846/543/278
f 1801/544/278 1846/543/278 1849/544/278
f 1825/568/279 1826/569/279 1850/569/279
f 1825/568/279 1850/569/279 1847/568/279
f 1814/557/280 1813/556/280 1848/556/280
f 1814/557/280 1848/556/280 1851/557/280
f 1802/545/281 1801/544/281 1849/544/281
f 1802/545/281 1849/544/281 1852/545/281
f 1826/569/282 1827/570/282 1853/570/282
f 1826/569/282 1853/570/282 1850/569/282
f 1815/558/283 1814/557/283 1851/557/283
f 1815/558/283 1851/557/283 1854/558/283
f 1803/546/284 1802/545/284 1852/545/284
f 1803/546/284 1852/545/284 1855/546/284
f 1827/570/285 1828/571/285 1856/571/285
f 1827/570/285 1856/571/285 1853/570/285
f 1816/559/286 1815/558/286 1854/558/286
f 1816/559/286 1854/558/286 1857/559/286
f 1804/547/287 1803/546/287 1855/546/287
f 1804/547/287 1855/546/287 1858/547/287
f 1828/571/288 478/282/288 479/282/288
f 1828/571/288 479/282/288 1856/571/288
f 1817/560/289 476/281/289 477/281/289
f 1817/560/289 477/281/289 1859/560/289
f 474/280/290 1804/547/290 1858/547/290
f 474/280/290 1858/547/290 475/280/290
f 1860/572/1 149/141/1 125/121/1
f 1860/572/1 125/121/1 124/120/1
f 921/438/291 859/405/291 1861/573/291
f 921/438/291 1861/573/291 1862/574/291
f 859/405/292 858/406/292 1863/575/292
f 859/405/292 1863/575/292 1864/576/292
f 858/406/293 861/407/293 1865/577/293
f 858/406/293 1865/577/293 1866/578/293
f 861/407/294 863/408/294 1867/579/294
f 861/407/294 1867/579/294 1868/580/294
f 863/408/295 865/410/295 1869/581/295
f 863/408/295 1869/581/295 1870/582/295
f 865/410/296 868/411/296 1871/583/296
f 865/410/296 1871/583/296 1872/584/296
f 868/411/297 870/412/297 1873/585/297
f 868/411/297 1873/585/297 1874/586/297
f 870/412/298 872/413/298 1875/587/298
f 870/412/298 1875/587/298 1876/588/298
f 872/413/299 874/414/299 1877/589/299
f 872/413/299 1877/589/299 1878/590/299
f 874/414/300 876/415/300 1879/591/300
f 874/414/300 1879/591/300 1880/592/300
f 876/415/301 878/416/301 1881/593/301
f 876/415/301 1881/593/301 1882/594/301
f 878/416/302 880/417/302 1883/595/302
f 878/416/302 1883/595/302 1884/596/302
f 880/417/303 882/418/303 1885/597/303
f 880/417/303 1885/597/303 1886/598/303
f 882/418/304 884/419/304 1887/599/304
f 882/418/304 1887/599/304 1888/600/304
f 884/419/305 886/420/305 1889/601/305
f 884/419/305 1889/601/305 1890/602/305
f 886/420/306 888/421/306 1891/603/306
f 886/420/306 1891/603/306 1892/604/306
f 888/421/307 890/422/307 1893/605/307
f 888/421/307 1893/605/307 1894/606/307
f 890/422/308 892/423/308 1895/607/308
f 890/422/308 1895/607/308 1896/608/308
f 895/425/309 894/424/309 1897/609/309
f 895/425/309 1897/609/309 1898/610/309
f 898/427/310 897/426/310 1899/611/310
f 898/427/310 1899/611/310 1900/612/310
f 897/426/311 900/428/311 1901/613/311
f 897/426/311 1901/613/311 1902/614/311
f 900/428/312 902/429/312 1903/615/312
f 900/428/312 1903/615/312 1904/616/312
f 902/429/313 904/430/313 1905/617/313
f 902/429/313 1905/617/313 1906/618/313
f 904/430/314 906/431/314 1907/619/314
f 904/430/314 1907/619/314 1908/620/314
f 906/431/315 908/432/315 1909/621/315
f 906/431/315 1909/621/315 1910/622/315
f 908/432/316 910/433/316 1911/623/316
f 908/432/316 1911/623/316 1912/624/316
f 910/433/317 912/434/317 1913/625/317
f 910/433/317 1913/625/317 1914/626/317
f 912/434/318 914/435/318 1915/627/318
f 912/434/318 1915/627/318 1916/628/318
f 914/435/319 916/436/319 1917/629/319
f 914/435/319 1917/629/319 1918/630/319
f 916/436/320 918/437/320 1919/631/320
f 916/436/320 1919/631/320 1920/632/320
f 918/437/321 855/403/321 1921/633/321
f 918/437/321 1921/633/321 1922/634/321
f 855/403/322 854/404/322 1923/635/322
f 855/403/322 1923/635/322 1924/636/322
f 246/182/17 1925/637/17 966/482/17
f 246/182/17 966/482/17 247/182/17
f 1926/638/323 1927/639/323 1925/637/323
f 1926/638/323 1925/637/323 246/182/323
f 936/454/324 935/453/324 965/145/324
f 936/454/324 965/145/324 964/482/324
f 935/453/325 944/462/325 183/143/325
f 935/453/325 183/143/325 182/142/325
f 954/472/326 953/471/326 187/147/326
f 954/472/326 187/147/326 186/146/326
f 962/480/327 961/479/327 189/148/327
f 962/480/327 189/148/327 187/147/327
f 961/479/328 969/485/328 192/150/328
f 961/479/328 192/150/328 191/149/328
f 974/490/329 973/489/329 195/153/329
f 974/490/329 195/153/329 194/152/329
f 979/495/330 978/494/330 197/154/330
f 979/495/330 197/154/330 195/153/330
f 978/494/331 983/499/331 199/156/331
f 978/494/331 199/156/331 197/154/331
f 989/505/332 988/504/332 201/157/332
f 989/505/332 201/157/332 199/156/332
f 995/511/333 994/510/333 203/158/333
f 995/511/333 203/158/333 201/157/333
f 994/510/334 999/515/334 205/159/334
f 994/510/334 205/159/334 203/158/334
f 1003/519/335 923/441/335 207/160/335
f 1003/519/335 207/160/335 205/159/335
f 923/441/336 922/440/336 210/162/336
f 923/441/336 210/162/336 209/161/336
f 933/451/337 932/450/337 212/163/337
f 933/451/337 212/163/337 210/162/337
f 932/450/338 941/459/338 214/164/338
f 932/450/338 214/164/338 212/163/338
f 941/459/339 950/468/339 216/165/339
f 941/459/339 216/165/339 214/164/339
f 950/468/340 959/477/340 218/166/340
f 950/468/340 218/166/340 216/165/340
f 959/477/341 967/483/341 220/167/341
f 959/477/341 220/167/341 218/166/341
f 967/483/342 971/487/342 222/168/342
f 967/483/342 222/168/342 220/167/342
f 971/487/343 976/492/343 224/169/343
f 971/487/343 224/169/343 222/168/343
f 976/492/344 981/497/344 226/170/344
f 976/492/344 226/170/344 224/169/344
f 986/502/345 985/501/345 228/171/345
f 986/502/345 228/171/345 226/170/345
f 985/501/346 991/507/346 230/172/346
f 985/501/346 230/172/346 228/171/346
f 991/507/347 997/513/347 232/173/347
f 991/507/347 232/173/347 230/172/347
f 1002/518/348 1001/517/348 234/174/348
f 1002/518/348 234/174/348 232/173/348
f 237/176/349 236/175/349 75/73/349
f 237/176/349 75/73/349 234/174/349
f 236/175/350 930/448/350 76/74/350
f 236/175/350 76/74/350 75/73/350
f 930/448/351 939/457/351 240/179/351
f 930/448/351 240/179/351 76/74/351
f 947/465/352 946/464/352 242/180/352
f 947/465/352 242/180/352 240/179/352
f 946/464/353 957/475/353 244/181/353
f 946/464/353 244/181/353 242/180/353
f 927/445/354 926/444/354 246/182/354
f 927/445/354 246/182/354 244/181/354
f 1927/639/35 1926/638/35 1928/640/35
f 1927/639/35 1928/640/35 1929/641/35
f 800/351/355 799/350/355 714/292/355
f 800/351/355 714/292/355 776/328/355
f 809/360/356 808/359/356 776/328/356
f 809/360/356 776/328/356 719/296/356
f 817/368/357 809/360/357 719/296/357
f 817/368/357 719/296/357 718/295/357
f 823/374/358 817/368/358 718/295/358
f 823/374/358 718/295/358 722/297/358
f 831/382/359 830/381/359 722/297/359
f 831/382/359 722/297/359 724/298/359
f 836/387/360 831/382/360 724/298/360
f 836/387/360 724/298/360 726/299/360
f 841/392/361 840/391/361 726/299/361
f 841/392/361 726/299/361 728/300/361
f 847/398/362 846/397/362 728/300/362
f 847/398/362 728/300/362 730/301/362
f 734/303/363 847/398/363 730/301/363
f 734/303/363 730/301/363 732/302/363
f 735/304/364 734/303/364 732/302/364
f 735/304/364 732/302/364 652/290/364
f 782/333/365 735/304/365 652/290/365
f 782/333/365 652/290/365 651/289/365
f 786/337/366 782/333/366 651/289/366
f 786/337/366 651/289/366 738/307/366
f 792/343/367 791/342/367 738/307/367
f 792/343/367 738/307/367 740/308/367
f 797/348/368 796/347/368 740/308/368
f 797/348/368 740/308/368 742/309/368
f 806/357/369 805/356/369 742/309/369
f 806/357/369 742/309/369 744/310/369
f 815/366/370 814/365/370 744/310/370
f 815/366/370 744/310/370 746/311/370
f 821/372/371 815/366/371 746/311/371
f 821/372/371 746/311/371 748/312/371
f 828/379/372 821/372/372 748/312/372
f 828/379/372 748/312/372 750/313/372
f 834/385/373 828/379/373 750/313/373
f 834/385/373 750/313/373 752/314/373
f 838/389/374 834/385/374 752/314/374
f 838/389/374 752/314/374 754/315/374
f 844/395/375 843/394/375 754/315/375
f 844/395/375 754/315/375 756/317/375
f 849/400/376 844/395/376 756/317/376
f 849/400/376 756/317/376 758/318/376
f 851/402/377 849/400/377 758/318/377
f 851/402/377 758/318/377 760/319/377
f 779/330/378 778/329/378 760/319/378
f 779/330/378 760/319/378 762/320/378
f 784/335/379 779/330/379 762/320/379
f 784/335/379 762/320/379 764/322/379
f 789/340/380 788/339/380 764/322/380
f 789/340/380 764/322/380 766/323/380
f 794/345/381 789/340/381 766/323/381
f 794/345/381 766/323/381 768/324/381
f 803/354/382 794/345/382 768/324/382
f 803/354/382 768/324/382 770/325/382
f 812/363/383 811/362/383 770/325/383
f 812/363/383 770/325/383 772/326/383
f 819/370/384 812/363/384 772/326/384
f 819/370/384 772/326/384 774/327/384
f 826/377/385 825/376/385 774/327/385
f 826/377/385 774/327/385 715/293/385
f 833/384/386 826/377/386 715/293/386
f 833/384/386 715/293/386 714/292/386
f 776/328/17 714/292/17 717/292/17
f 776/328/17 717/292/17 777/328/17
# Vertices: 1929, normals: 386, texture coordinates: 641, faces: 3008

o obj2
v 0.21839879 3.74354422 -0.005151
v 0.21839881 3.74354422 0.21362833
v 0.41348892 3.76275897 0.21362839
v 0.41348892 3.76275897 -0.00515097
v 0.03080586 3.68663853 -0.00515099
v 0.03080586 3.68663853 0.21362831
v -0.14208078 3.59422874 -0.00515099
v -0.14208078 3.59422874 0.21362831
v -0.29361713 3.46986598 -0.00515099
v -0.29361713 3.46986598 0.21362831
v -0.4179799 3.31832963 -0.00515099
v -0.4179799 3.31832963 0.21362831
v -0.51038969 3.14544299 -0.005151
v -0.51038969 3.14544299 0.21362833
v -0.56729537 2.95785008 -0.005151
v -0.56729537 2.95785007 0.21362833
v -0.58651012 2.76275994 -0.00515099
v -0.58651012 2.76275994 0.21362833
v -0.56729537 2.56766982 -0.005151
v -0.56729537 2.56766981 0.21362833
v -0.51038969 2.38007686 -0.00515099
v -0.51038969 2.38007686 0.21362831
v -0.4179799 2.20719022 -0.00515099
v -0.4179799 2.20719022 0.21362831
v -0.29361713 2.05565387 -0.00515099
v -0.29361713 2.05565387 0.21362831
v -0.14208078 1.9312911 -0.00515099
v -0.14208078 1.9312911 0.21362831
v 0.03080586 1.83888131 -0.005151
v 0.03080586 1.83888131 0.21362833
v 0.21839879 1.78197563 -0.005151
v 0.21839879 1.78197563 0.21362833
v 0.41348892 1.76276088 -0.005151
v 0.41348892 1.76276088 0.21362833
v 0.60857905 1.78197563 -0.005151
v 0.60857905 1.78197563 0.21362833
v 0.79617199 1.83888131 -0.00515099
v 0.79617199 1.83888131 0.21362831
v 0.96905863 1.9312911 -0.00515099
v 0.96905863 1.9312911 0.21362831
v 1.12059498 2.05565387 -0.00515099
v 1.12059498 2.05565387 0.21362831
v 1.24495775 2.20719022 -0.00515099
v 1.24495775 2.20719022 0.21362831
v 1.33736753 2.38007686 -0.005151
v 1.33736753 2.38007686 0.21362833
v 1.39427322 2.56766982 -0.00515099
v 1.39427322 2.56766981 0.21362833
v 1.41348797 2.76275994 -0.005151
v 1.41348797 2.76275994 0.21362833
v 1.39427322 2.95785008 -0.005151
v 1.39427322 2.95785007 0.21362833
v 1.33736753 3.14544299 -0.00515099
v 1.33736753 3.14544299 0.21362831
v 1.24495775 3.31832963 -0.00515099
v 1.24495775 3.31832963 0.21362831
v 1.12059498 3.46986598 -0.00515099
v 1.12059498 3.46986598 0.21362831
v 0.96905863 3.59422874 -0.00515099
v 0.96905863 3.59422874 0.21362831
v 0.79617199 3.68663853 -0.005151
v 0.79617199 3.68663853 0.21362833
v 0.60857905 3.74354422 -0.005151
v 0.60857904 3.74354422 0.21362833
v 0.41348892 3.76275897 -0.00515097
v 0.41348892 3.76275897 0.21362839
v -0.24938369 3.20567715 2.20981996
v -0.32305551 3.06784672 2.20981996
v -0.32305551 3.06784666 2.78082531
v -0.24938363 3.20567721 2.78082531
v -0.24938363 3.20567721 3.67763608
v -0.32305551 3.06784666 3.67763608
v -0.32305551 3.06784666 4.24864118
v -0.24938363 3.20567721 4.24864118
v -0.24938363 3.20567718 5.14545219
v -0.32305557 3.06784654 5.14545171
v -0.32305545 3.06784678 5.71645706
v -0.24938357 3.20567724 5.71645753
v 0.85640621 2.09988737 2.2098202
v 0.97721571 2.19903314 2.2098202
v 0.97721577 2.19903314 2.78082531
v 0.85640621 2.09988737 2.78082531
v 0.85640621 2.09988737 3.67763608
v 0.97721577 2.19903314 3.67763608
v 0.97721577 2.19903314 4.24864118
v 0.85640621 2.09988737 4.24864118
v 0.85640618 2.09988737 5.14545219
v 0.97721589 2.1990332 5.14545171
v 0.97721565 2.19903308 5.71645706
v 0.85640624 2.09988737 5.71645753
v -0.36842263 2.91829185 2.2098202
v -0.36842251 2.91829181 2.78082531
v -0.36842251 2.91829181 3.67763608
v -0.36842251 2.91829181 4.24864118
v -0.36842251 2.91829181 5.14545171
v -0.36842251 2.91829181 5.71645706
v 1.07636154 2.31984264 2.2098202
v 1.07636154 2.31984264 2.78082531
v 1.07636154 2.31984264 3.67763608
v 1.07636154 2.31984264 4.24864118
v 1.07636154 2.31984264 5.14545171
v 1.07636154 2.31984264 5.71645706
v -0.38374108 2.76275992 2.2098202
v -0.38374108 2.76275992 2.78082531
v -0.38374108 2.76275992 3.67763608
v -0.38374108 2.76275992 4.24864118
v -0.38374108 2.76275992 5.14545171
v -0.38374108 2.76275992 5.71645706
v 1.15003347 2.45767319 2.2098202
v 1.15003347 2.45767319 2.78082531
v 1.15003347 2.45767319 3.67763608
v 1.15003347 2.45767319 4.24864118
v 1.15003347 2.45767319 5.14545171
v 1.15003347 2.45767319 5.71645706
v -0.36842263 2.60722803 2.2098202
v -0.36842251 2.60722803 2.78082531
v -0.36842251 2.60722804 3.67763608
v -0.36842251 2.60722804 4.24864118
v -0.36842251 2.60722803 5.14545171
v -0.36842251 2.60722803 5.71645706
v 1.19540048 2.60722804 2.2098202
v 1.19540048 2.60722804 2.78082531
v 1.19540048 2.60722804 3.67763608
v 1.19540048 2.60722804 4.24864118
v 1.19540048 2.60722803 5.14545171
v 1.19540048 2.60722803 5.71645706
v -0.32305551 2.45767319 2.2098202
v -0.32305551 2.45767319 2.78082531
v -0.32305551 2.45767319 3.67763608
v -0.32305551 2.45767319 4.24864118
v -0.32305551 2.45767319 5.14545171
v -0.32305551 2.45767319 5.71645706
v 1.21071905 2.76275991 2.2098202
v 1.21071905 2.76275991 2.78082531
v 1.21071905 2.76275992 3.67763608
v 1.21071905 2.76275992 4.24864118
v 1.21071905 2.76275992 5.14545171
v 1.21071905 2.76275992 5.71645706
v -0.24938357 2.31984264 2.2098202
v -0.24938357 2.31984264 2.78082531
v -0.24938357 2.31984264 3.67763608
v -0.24938357 2.31984264 4.24864118
v -0.24938357 2.31984264 5.14545171
v -0.24938357 2.31984264 5.71645706
v 1.19540048 2.91829179 2.2098202
v 1.19540054 2.91829179 2.78082531
v 1.19540048 2.91829181 3.67763608
v 1.19540048 2.91829181 4.24864118
v 1.19540048 2.91829181 5.14545171
v 1.19540048 2.91829181 5.71645706
v -0.15023786 2.19903314 2.2098202
v -0.1502378 2.19903314 2.78082531
v -0.1502378 2.19903314 3.67763608
v -0.1502378 2.19903314 4.24864118
v -0.1502378 2.19903314 5.14545171
v -0.1502378 2.19903314 5.71645706
v 1.15003347 3.06784666 2.2098202
v 1.15003347 3.06784666 2.78082531
v 1.15003347 3.06784666 3.67763608
v 1.15003347 3.06784666 4.24864118
v 1.15003347 3.06784666 5.14545171
v 1.15003347 3.06784666 5.71645706
v -0.02942836 2.09988737 2.2098202
v -0.02942833 2.09988737 2.78082531
v -0.02942833 2.09988737 3.67763608
v -0.02942833 2.09988737 4.24864118
v -0.02942833 2.09988737 5.14545171
v -0.02942833 2.09988737 5.71645706
v 1.07636154 3.20567721 2.2098202
v 1.07636154 3.20567721 2.78082531
v 1.07636154 3.20567721 3.67763608
v 1.07636154 3.20567721 4.24864118
v 1.07636154 3.20567721 5.14545171
v 1.07636154 3.20567721 5.71645706
v 0.10840219 2.02621543 2.2098202
v 0.10840222 2.02621543 2.78082531
v 0.10840222 2.02621543 3.67763608
v 0.10840222 2.02621543 4.24864118
v 0.10840222 2.02621543 5.14545171
v 0.10840222 2.02621543 5.71645706
v 0.41348894 3.55998999 2.2098202
v 0.25795707 3.54467148 2.2098202
v 0.25795709 3.54467148 2.78082531
v 0.41348895 3.55998999 2.78082531
v 0.41348895 3.55998999 3.67763608
v 0.25795709 3.54467148 3.67763608
v 0.25795709 3.54467148 4.24864118
v 0.41348896 3.55998999 4.24864118
v 0.41348896 3.55998999 5.14545219
v 0.25795695 3.54467148 5.14545171
v 0.25795725 3.54467148 5.71645706
v 0.41348897 3.55998999 5.71645753
v 0.97721571 3.32648671 2.2098202
v 0.97721577 3.32648671 2.78082531
v 0.97721577 3.32648671 3.67763608
v 0.97721577 3.32648671 4.24864118
v 0.97721577 3.32648671 5.14545171
v 0.97721577 3.32648671 5.71645706
v 0.25795707 1.98084837 2.2098202
v 0.25795709 1.98084837 2.78082531
v 0.25795709 1.98084837 3.67763608
v 0.25795709 1.98084837 4.24864118
v 0.25795709 1.98084837 5.14545171
v 0.2579571 1.98084837 5.71645706
v 0.10840219 3.49930441 2.2098202
v 0.10840222 3.49930441 2.78082531
v 0.10840222 3.49930441 3.67763608
v 0.10840222 3.49930441 4.24864118
v 0.10840222 3.49930441 5.14545171
v 0.10840222 3.49930441 5.71645706
v 0.85640621 3.42563248 2.2098202
v 0.85640624 3.42563248 2.78082531
v 0.85640624 3.42563248 3.67763608
v 0.85640624 3.42563248 4.24864118
v 0.85640624 3.42563248 5.14545171
v 0.85640624 3.42563248 5.71645706
v 0.41348894 1.96552986 2.2098202
v 0.41348895 1.96552986 2.78082531
v 0.41348895 1.96552986 3.67763608
v 0.41348896 1.96552986 4.24864118
v 0.41348896 1.96552986 5.14545171
v 0.41348897 1.96552986 5.71645706
v -0.02942836 3.42563248 2.2098202
v -0.02942833 3.42563248 2.78082531
v -0.02942833 3.42563248 3.67763608
v -0.02942833 3.42563248 4.24864118
v -0.02942833 3.42563248 5.14545171
v -0.02942833 3.42563248 5.71645706
v 0.71857566 3.49930441 2.2098202
v 0.71857569 3.49930441 2.78082531
v 0.71857569 3.49930441 3.67763608
v 0.71857569 3.49930441 4.24864118
v 0.71857572 3.49930441 5.14545171
v 0.71857572 3.49930441 5.71645706
v 0.56902081 1.98084837 2.2098202
v 0.56902082 1.98084837 2.78082531
v 0.56902084 1.98084837 3.67763608
v 0.56902084 1.98084837 4.24864118
v 0.56902084 1.98084837 5.14545171
v 0.56902085 1.98084837 5.71645706
v -0.15023792 3.32648665 2.2098202
v -0.1502378 3.32648671 2.78082531
v -0.1502378 3.32648671 3.67763608
v -0.1502378 3.32648671 4.24864118
v -0.15023774 3.32648683 5.14545171
v -0.15023786 3.32648659 5.71645706
v 0.56902081 3.54467148 2.2098202
v 0.56902082 3.54467148 2.78082531
v 0.56902084 3.54467148 3.67763608
v 0.56902084 3.54467148 4.24864118
v 0.56902099 3.54467148 5.14545171
v 0.56902072 3.54467148 5.71645706
v 0.71857566 2.02621543 2.2098202
v 0.71857572 2.02621543 2.78082531
v 0.71857572 2.02621543 3.67763608
v 0.71857572 2.02621543 4.24864118
v 0.71857557 2.02621537 5.14545171
v 0.71857584 2.02621549 5.71645706
v 0.41348894 3.55998999 2.2098202
v 0.41348895 3.55998999 2.78082531
v 0.41348895 3.55998999 3.67763608
v 0.41348896 3.55998999 4.24864118
v 0.41348896 3.55998999 5.14545219
v 0.41348897 3.55998999 5.71645753
vn -0.098 0 -0.99519
vn -0.29031 -0 -0.95693
vn -0.47141 0 -0.88192
vn -0.6344 0 -0.773
vn -0.773 0 -0.6344
vn -0.88192 0 -0.47141
vn -0.95693 0 -0.29031
vn -0.99519 0 -0.098
vn -0.99519 -0 0.098
vn -0.95693 -0 0.29031
vn -0.88192 0 0.47141
vn -0.773 0 0.6344
vn -0.6344 0 0.773
vn -0.47141 0 0.88192
vn -0.29031 0 0.95693
vn -0.098 0 0.99519
vn 0.098 0 0.99519
vn 0.29031 0 0.95693
vn 0.47141 0 0.88192
vn 0.6344 0 0.773
vn 0.773 0 0.6344
vn 0.88192 0 0.47141
vn 0.95693 -0 0.29031
vn 0.99519 -0 0.098
vn 0.99519 0 -0.098
vn 0.95693 0 -0.29031
vn 0.88192 0 -0.47141
vn 0.773 0 -0.6344
vn 0.6344 0 -0.773
vn 0.47141 0 -0.88192
vn 0.29031 0 -0.95693
vn 0.098 0 -0.99519
vt 0.03125 0.64803
vt 0.03125 0.72697
vt 0 0.72697
vt 0 0.64803
vt 0.0625 0.64803
vt 0.0625 0.72697
vt 0.09375 0.64803
vt 0.09375 0.72697
vt 0.125 0.64803
vt 0.125 0.72697
vt 0.15625 0.64803
vt 0.15625 0.72697
vt 0.1875 0.64803
vt 0.1875 0.72697
vt 0.21875 0.64803
vt 0.21875 0.72697
vt 0.25 0.64803
vt 0.25 0.72697
vt 0.28125 0.64803
vt 0.28125 0.72697
vt 0.3125 0.64803
vt 0.3125 0.72697
vt 0.34375 0.64803
vt 0.34375 0.72697
vt 0.375 0.64803
vt 0.375 0.72697
vt 0.40625 0.64803
vt 0.40625 0.72697
vt 0.4375 0.64803
vt 0.4375 0.72697
vt 0.46875 0.64803
vt 0.46875 0.72697
vt 0.5 0.64803
vt 0.5 0.72697
vt 0.53125 0.64803
vt 0.53125 0.72697
vt 0.5625 0.64803
vt 0.5625 0.72697
vt 0.59375 0.64803
vt 0.59375 0.72697
vt 0.625 0.64803
vt 0.625 0.72697
vt 0.65625 0.64803
vt 0.65625 0.72697
vt 0.6875 0.64803
vt 0.6875 0.72697
vt 0.71875 0.64803
vt 0.71875 0.72697
vt 0.75 0.64803
vt 0.75 0.72697
vt 0.78125 0.64803
vt 0.78125 0.72697
vt 0.8125 0.64803
vt 0.8125 0.72697
vt 0.84375 0.64803
vt 0.84375 0.72697
vt 0.875 0.64803
vt 0.875 0.72697
vt 0.90625 0.64803
vt 0.90625 0.72697
vt 0.9375 0.64803
vt 0.9375 0.72697
vt 0.96875 0.64803
vt 0.96875 0.72697
vt 1 0.64803
vt 1 0.72697
vt 0.15625 1
vt 0.1875 1
vt 0.1875 1
vt 0.15625 1
vt 0.15625 1
vt 0.1875 1
vt 0.59375 1
vt 0.625 1
vt 0.625 1
vt 0.59375 1
vt 0.21875 1
vt 0.21875 1
vt 0.65625 1
vt 0.65625 1
vt 0.25 1
vt 0.6875 1
vt 0.6875 1
vt 0.28125 1
vt 0.71875 1
vt 0.71875 1
vt 0.3125 1
vt 0.3125 1
vt 0.75 1
vt 0.34375 1
vt 0.34375 1
vt 0.78125 1
vt 0.78125 1
vt 0.375 1
vt 0.375 1
vt 0.8125 1
vt 0.8125 1
vt 0.8125 1
vt 0.40625 1
vt 0.40625 1
vt 0.40625 1
vt 0.84375 1
vt 0.84375 1
vt 0.4375 1
vt 0.4375 1
vt 0 1
vt 0.03125 1
vt 0.875 1
vt 0.875 1
vt 0.46875 1
vt 0.46875 1
vt 0.0625 1
vt 0.90625 1
vt 0.90625 1
vt 0.5 1
vt 0.09375 1
vt 0.9375 1
vt 0.9375 1
vt 0.53125 1
vt 0.125 1
vt 0.96875 1
vt 0.96875 1
vt 0.96875 1
vt 0.5625 1
vt 1 1
usemtl mat1
f 1930/642/387 1931/643/387 1932/644/387
f 1930/642/387 1932/644/387 1933/645/387
f 1934/646/388 1935/647/388 1931/643/388
f 1934/646/388 1931/643/388 1930/642/388
f 1936/648/389 1937/649/389 1935/647/389
f 1936/648/389 1935/647/389 1934/646/389
f 1938/650/390 1939/651/390 1937/649/390
f 1938/650/390 1937/649/390 1936/648/390
f 1940/652/391 1941/653/391 1939/651/391
f 1940/652/391 1939/651/391 1938/650/391
f 1942/654/392 1943/655/392 1941/653/392
f 1942/654/392 1941/653/392 1940/652/392
f 1944/656/393 1945/657/393 1943/655/393
f 1944/656/393 1943/655/393 1942/654/393
f 1946/658/394 1947/659/394 1945/657/394
f 1946/658/394 1945/657/394 1944/656/394
f 1948/660/395 1949/661/395 1947/659/395
f 1948/660/395 1947/659/395 1946/658/395
f 1950/662/396 1951/663/396 1949/661/396
f 1950/662/396 1949/661/396 1948/660/396
f 1952/664/397 1953/665/397 1951/663/397
f 1952/664/397 1951/663/397 1950/662/397
f 1954/666/398 1955/667/398 1953/665/398
f 1954/666/398 1953/665/398 1952/664/398
f 1956/668/399 1957/669/399 1955/667/399
f 1956/668/399 1955/667/399 1954/666/399
f 1958/670/400 1959/671/400 1957/669/400
f 1958/670/400 1957/669/400 1956/668/400
f 1960/672/401 1961/673/401 1959/671/401
f 1960/672/401 1959/671/401 1958/670/401
f 1962/674/402 1963/675/402 1961/673/402
f 1962/674/402 1961/673/402 1960/672/402
f 1964/676/403 1965/677/403 1963/675/403
f 1964/676/403 1963/675/403 1962/674/403
f 1966/678/404 1967/679/404 1965/677/404
f 1966/678/404 1965/677/404 1964/676/404
f 1968/680/405 1969/681/405 1967/679/405
f 1968/680/405 1967/679/405 1966/678/405
f 1970/682/406 1971/683/406 1969/681/406
f 1970/682/406 1969/681/406 1968/680/406
f 1972/684/407 1973/685/407 1971/683/407
f 1972/684/407 1971/683/407 1970/682/407
f 1974/686/408 1975/687/408 1973/685/408
f 1974/686/408 1973/685/408 1972/684/408
f 1976/688/409 1977/689/409 1975/687/409
f 1976/688/409 1975/687/409 1974/686/409
f 1978/690/410 1979/691/410 1977/689/410
f 1978/690/410 1977/689/410 1976/688/410
f 1980/692/411 1981/693/411 1979/691/411
f 1980/692/411 1979/691/411 1978/690/411
f 1982/694/412 1983/695/412 1981/693/412
f 1982/694/412 1981/693/412 1980/692/412
f 1984/696/413 1985/697/413 1983/695/413
f 1984/696/413 1983/695/413 1982/694/413
f 1986/698/414 1987/699/414 1985/697/414
f 1986/698/414 1985/697/414 1984/696/414
f 1988/700/415 1989/701/415 1987/699/415
f 1988/700/415 1987/699/415 1986/698/415
f 1990/702/416 1991/703/416 1989/701/416
f 1990/702/416 1989/701/416 1988/700/416
f 1992/704/417 1993/705/417 1991/703/417
f 1992/704/417 1991/703/417 1990/702/417
f 1994/706/418 1995/707/418 1993/705/418
f 1994/706/418 1993/705/418 1992/704/418
f 1996/708/392 1997/709/392 1998/710/392
f 1996/708/392 1998/710/392 1999/708/392
f 2000/711/392 2001/710/392 2002/710/392
f 2000/711/392 2002/710/392 2003/708/392
f 2004/712/392 2005/713/392 2006/713/392
f 2004/712/392 2006/713/392 2007/708/392
f 2008/714/406 2009/715/406 2010/716/406
f 2008/714/406 2010/716/406 2011/714/406
f 2012/714/406 2013/715/406 2014/716/406
f 2012/714/406 2014/716/406 2015/714/406
f 2016/717/406 2017/715/406 2018/715/406
f 2016/717/406 2018/715/406 2019/717/406
f 1997/709/393 2020/718/393 2021/718/393
f 1997/709/393 2021/718/393 1998/710/393
f 2001/710/393 2022/718/393 2023/718/393
f 2001/710/393 2023/718/393 2002/710/393
f 2005/713/393 2024/718/393 2025/719/393
f 2005/713/393 2025/719/393 2006/713/393
f 2009/715/407 2026/720/407 2027/721/407
f 2009/715/407 2027/721/407 2010/716/407
f 2013/715/407 2028/720/407 2029/720/407
f 2013/715/407 2029/720/407 2014/716/407
f 2017/715/407 2030/721/407 2031/721/407
f 2017/715/407 2031/721/407 2018/715/407
f 2020/718/394 2032/722/394 2033/722/394
f 2020/718/394 2033/722/394 2021/718/394
f 2022/718/394 2034/722/394 2035/722/394
f 2022/718/394 2035/722/394 2023/718/394
f 2024/718/394 2036/722/394 2037/722/394
f 2024/718/394 2037/722/394 2025/719/394
f 2026/720/408 2038/723/408 2039/724/408
f 2026/720/408 2039/724/408 2027/721/408
f 2028/720/408 2040/724/408 2041/724/408
f 2028/720/408 2041/724/408 2029/720/408
f 2030/721/408 2042/724/408 2043/723/408
f 2030/721/408 2043/723/408 2031/721/408
f 2032/722/395 2044/725/395 2045/725/395
f 2032/722/395 2045/725/395 2033/722/395
f 2034/722/395 2046/725/395 2047/725/395
f 2034/722/395 2047/725/395 2035/722/395
f 2036/722/395 2048/725/395 2049/725/395
f 2036/722/395 2049/725/395 2037/722/395
f 2038/723/409 2050/726/409 2051/726/409
f 2038/723/409 2051/726/409 2039/724/409
f 2040/724/409 2052/727/409 2053/727/409
f 2040/724/409 2053/727/409 2041/724/409
f 2042/724/409 2054/727/409 2055/727/409
f 2042/724/409 2055/727/409 2043/723/409
f 2044/725/396 2056/728/396 2057/729/396
f 2044/725/396 2057/729/396 2045/725/396
f 2046/725/396 2058/728/396 2059/729/396
f 2046/725/396 2059/729/396 2047/725/396
f 2048/725/396 2060/728/396 2061/728/396
f 2048/725/396 2061/728/396 2049/725/396
f 2050/726/410 2062/730/410 2063/730/410
f 2050/726/410 2063/730/410 2051/726/410
f 2052/727/410 2064/730/410 2065/730/410
f 2052/727/410 2065/730/410 2053/727/410
f 2054/727/410 2066/730/410 2067/730/410
f 2054/727/410 2067/730/410 2055/727/410
f 2056/728/397 2068/731/397 2069/732/397
f 2056/728/397 2069/732/397 2057/729/397
f 2058/728/397 2070/732/397 2071/732/397
f 2058/728/397 2071/732/397 2059/729/397
f 2060/728/397 2072/732/397 2073/731/397
f 2060/728/397 2073/731/397 2061/728/397
f 2062/730/411 2074/733/411 2075/734/411
f 2062/730/411 2075/734/411 2063/730/411
f 2064/730/411 2076/733/411 2077/733/411
f 2064/730/411 2077/733/411 2065/730/411
f 2066/730/411 2078/733/411 2079/733/411
f 2066/730/411 2079/733/411 2067/730/411
f 2068/731/398 2080/735/398 2081/736/398
f 2068/731/398 2081/736/398 2069/732/398
f 2070/732/398 2082/736/398 2083/736/398
f 2070/732/398 2083/736/398 2071/732/398
f 2072/732/398 2084/736/398 2085/736/398
f 2072/732/398 2085/736/398 2073/731/398
f 2074/733/412 2086/737/412 2087/737/412
f 2074/733/412 2087/737/412 2075/734/412
f 2076/733/412 2088/738/412 2089/739/412
f 2076/733/412 2089/739/412 2077/733/412
f 2078/733/412 2090/737/412 2091/737/412
f 2078/733/412 2091/737/412 2079/733/412
f 2080/735/399 2092/740/399 2093/740/399
f 2080/735/399 2093/740/399 2081/736/399
f 2082/736/399 2094/741/399 2095/742/399
f 2082/736/399 2095/742/399 2083/736/399
f 2084/736/399 2096/740/399 2097/740/399
f 2084/736/399 2097/740/399 2085/736/399
f 2086/737/413 2098/743/413 2099/744/413
f 2086/737/413 2099/744/413 2087/737/413
f 2088/738/413 2100/744/413 2101/743/413
f 2088/738/413 2101/743/413 2089/739/413
f 2090/737/413 2102/744/413 2103/744/413
f 2090/737/413 2103/744/413 2091/737/413
f 2092/740/400 2104/745/400 2105/745/400
f 2092/740/400 2105/745/400 2093/740/400
f 2094/741/400 2106/745/400 2107/745/400
f 2094/741/400 2107/745/400 2095/742/400
f 2096/740/400 2108/745/400 2109/746/400
f 2096/740/400 2109/746/400 2097/740/400
f 2110/747/387 2111/748/387 2112/748/387
f 2110/747/387 2112/748/387 2113/747/387
f 2114/747/387 2115/748/387 2116/748/387
f 2114/747/387 2116/748/387 2117/747/387
f 2118/747/387 2119/748/387 2120/748/387
f 2118/747/387 2120/748/387 2121/747/387
f 2098/743/414 2122/749/414 2123/749/414
f 2098/743/414 2123/749/414 2099/744/414
f 2100/744/414 2124/749/414 2125/749/414
f 2100/744/414 2125/749/414 2101/743/414
f 2102/744/414 2126/749/414 2127/750/414
f 2102/744/414 2127/750/414 2103/744/414
f 2104/745/401 2128/751/401 2129/752/401
f 2104/745/401 2129/752/401 2105/745/401
f 2106/745/401 2130/752/401 2131/752/401
f 2106/745/401 2131/752/401 2107/745/401
f 2108/745/401 2132/752/401 2133/752/401
f 2108/745/401 2133/752/401 2109/746/401
f 2111/748/388 2134/753/388 2135/753/388
f 2111/748/388 2135/753/388 2112/748/388
f 2115/748/388 2136/753/388 2137/753/388
f 2115/748/388 2137/753/388 2116/748/388
f 2119/748/388 2138/753/388 2139/753/388
f 2119/748/388 2139/753/388 2120/748/388
f 2122/749/415 2140/754/415 2141/754/415
f 2122/749/415 2141/754/415 2123/749/415
f 2124/749/415 2142/754/415 2143/754/415
f 2124/749/415 2143/754/415 2125/749/415
f 2126/749/415 2144/754/415 2145/755/415
f 2126/749/415 2145/755/415 2127/750/415
f 2128/751/402 2146/756/402 2147/756/402
f 2128/751/402 2147/756/402 2129/752/402
f 2130/752/402 2148/756/402 2149/756/402
f 2130/752/402 2149/756/402 2131/752/402
f 2132/752/402 2150/756/402 2151/756/402
f 2132/752/402 2151/756/402 2133/752/402
f 2134/753/389 2152/757/389 2153/757/389
f 2134/753/389 2153/757/389 2135/753/389
f 2136/753/389 2154/757/389 2155/757/389
f 2136/753/389 2155/757/389 2137/753/389
f 2138/753/389 2156/757/389 2157/757/389
f 2138/753/389 2157/757/389 2139/753/389
f 2140/754/416 2158/758/416 2159/758/416
f 2140/754/416 2159/758/416 2141/754/416
f 2142/754/416 2160/759/416 2161/759/416
f 2142/754/416 2161/759/416 2143/754/416
f 2144/754/416 2162/759/416 2163/758/416
f 2144/754/416 2163/758/416 2145/755/416
f 2146/756/403 2164/760/403 2165/760/403
f 2146/756/403 2165/760/403 2147/756/403
f 2148/756/403 2166/760/403 2167/760/403
f 2148/756/403 2167/760/403 2149/756/403
f 2150/756/403 2168/760/403 2169/760/403
f 2150/756/403 2169/760/403 2151/756/403
f 2152/757/390 2170/761/390 2171/761/390
f 2152/757/390 2171/761/390 2153/757/390
f 2154/757/390 2172/761/390 2173/761/390
f 2154/757/390 2173/761/390 2155/757/390
f 2156/757/390 2174/761/390 2175/761/390
f 2156/757/390 2175/761/390 2157/757/390
f 2158/758/417 2176/762/417 2177/762/417
f 2158/758/417 2177/762/417 2159/758/417
f 2160/759/417 2178/763/417 2179/763/417
f 2160/759/417 2179/763/417 2161/759/417
f 2162/759/417 2180/763/417 2181/764/417
f 2162/759/417 2181/764/417 2163/758/417
f 2164/760/404 2182/765/404 2183/765/404
f 2164/760/404 2183/765/404 2165/760/404
f 2166/760/404 2184/765/404 2185/765/404
f 2166/760/404 2185/765/404 2167/760/404
f 2168/760/404 2186/765/404 2187/765/404
f 2168/760/404 2187/765/404 2169/760/404
f 2170/761/391 1996/708/391 1999/708/391
f 2170/761/391 1999/708/391 2171/761/391
f 2172/761/391 2000/711/391 2003/708/391
f 2172/761/391 2003/708/391 2173/761/391
f 2174/761/391 2004/712/391 2007/708/391
f 2174/761/391 2007/708/391 2175/761/391
f 2176/762/418 2188/766/418 2189/766/418
f 2176/762/418 2189/766/418 2177/762/418
f 2178/763/418 2190/766/418 2191/766/418
f 2178/763/418 2191/766/418 2179/763/418
f 2180/763/418 2192/766/418 2193/766/418
f 2180/763/418 2193/766/418 2181/764/418
f 2182/765/405 2008/714/405 2011/714/405
f 2182/765/405 2011/714/405 2183/765/405
f 2184/765/405 2012/714/405 2015/714/405
f 2184/765/405 2015/714/405 2185/765/405
f 2186/765/405 2016/717/405 2019/717/405
f 2186/765/405 2019/717/405 2187/765/405
# Vertices: 264, normals: 32, texture coordinates: 125, faces: 256

o obj3
v 0.58761506 3.18313748 7.29207294
v 0.50225765 3.20903039 7.29207294
v 0.41348895 3.21777338 7.29207294
v 0.32472026 3.20903039 7.29207294
v 0.23936284 3.18313748 7.29207294
v 0.16069701 3.14108974 7.29207294
v 0.09174588 3.08450302 7.29207294
v 0.03515914 3.01555189 7.29207294
v -0.0068886 2.93688604 7.29207294
v -0.03278151 2.85152861 7.29207294
v -0.0415245 2.76275994 7.29207294
v -0.03278151 2.67399125 7.29207294
v -0.0068886 2.58863385 7.29207294
v 0.03515914 2.50996804 7.29207294
v 0.09174588 2.44101685 7.29207294
v 0.16069701 2.38443014 7.29207294
v 0.23936287 2.34238237 7.29207294
v 0.32472026 2.31648946 7.29207294
v 0.41348895 2.30774647 7.29207294
v 0.50225765 2.31648946 7.29207294
v 0.58761504 2.34238237 7.29207294
v 0.66628087 2.38443014 7.29207294
v 0.73523203 2.44101685 7.29207294
v 0.79181877 2.50996804 7.29207294
v 0.83386651 2.58863385 7.29207294
v 0.85975942 2.67399125 7.29207294
v 0.86850241 2.76275994 7.29207294
v 0.85975942 2.85152861 7.29207294
v 0.83386651 2.93688604 7.29207294
v 0.79181877 3.01555189 7.29207294
v 0.73523206 3.08450305 7.29207294
v 0.66628087 3.14108977 7.29207294
v -0.45137626 3.12099886 0.99867754
v -0.50464708 2.94538853 0.99867754
v -0.32252914 2.909163 1.32474654
v -0.27982485 3.04993993 1.32474642
v 1.07542813 3.42469913 0.99867754
v 0.93357122 3.54111803 0.99867754
v 0.83040965 3.3867259 1.32474654
v 0.94412833 3.29339933 1.32474654
v 0.93357122 1.98440182 0.99867754
v 1.07542813 2.10082072 0.99867754
v 0.94412833 2.23212051 1.32474654
v 0.83040965 2.13879395 1.32474654
v -0.45137626 2.40452099 0.99867754
v -0.36486918 2.24267763 0.99867754
v -0.21047705 2.3458392 1.32474654
v -0.27982485 2.47557992 1.32474654
v 0.23086032 3.68089592 0.99867754
v 0.05524999 3.62762511 0.99867754
v 0.12630892 3.4560737 1.32474654
v 0.26708585 3.49877799 1.32474654
v 1.33162493 2.58013132 0.99867754
v 1.34961236 2.76275992 0.99867754
v 1.16392642 2.76275992 1.32474654
v 1.14950699 2.61635682 1.32474654
v 0.05524999 1.89789474 0.99867754
v 0.23086032 1.84462392 0.99867754
v 0.26708585 2.02674186 1.32474654
v 0.12630892 2.06944615 1.32474654
v -0.36486918 3.28284222 0.99867754
v -0.21047705 3.17968068 1.32474642
v 1.19184703 3.28284222 0.99867754
v 1.0374549 3.17968065 1.32474654
v 0.77172786 1.89789474 0.99867754
v 0.70066893 2.06944615 1.32474654
v -0.50464708 2.58013132 0.99867754
v -0.32252914 2.61635682 1.32474654
v 0.59611753 3.68089592 0.99867754
v 0.41348892 3.69888335 0.99867754
v 0.41348893 3.51319742 1.32474654
v 0.55989203 3.49877799 1.32474654
v 0.41348892 3.69888335 0.99867754
v 0.41348893 3.51319742 1.32474654
v 1.27835411 2.40452099 0.99867754
v 1.1068027 2.47557992 1.32474654
v -0.10659337 1.98440182 0.99867754
v -0.0034318 2.13879395 1.32474654
v -0.24845022 3.42469913 0.99867754
v -0.11715049 3.29339939 1.32474654
v 1.27835411 3.12099886 0.99867754
v 1.1068027 3.04993993 1.32474654
v 0.59611753 1.84462392 0.99867754
v 0.55989203 2.02674186 1.32474654
v -0.52263451 2.76275992 0.99867754
v -0.33694857 2.76275992 1.32474654
v 0.77172786 3.62762511 0.99867754
v 0.70066893 3.4560737 1.32474654
v 1.19184703 2.24267763 0.99867754
v 1.0374549 2.3458392 1.32474654
v -0.24845028 2.10082072 0.99867754
v -0.11715049 2.23212051 1.32474654
v -0.10659337 3.54111803 0.99867754
v -0.0034318 3.3867259 1.32474654
v 1.33162493 2.94538853 0.99867754
v 1.14950699 2.90916301 1.32474654
v 0.41348892 1.82663649 0.99867754
v 0.41348893 2.01232243 1.32474654
v 0.41348892 3.76275992 -0.29456164
v 0.60857925 3.74354517 -0.29456164
v 0.59817599 3.69124442 -0.52395872
v 0.41348892 3.70943457 -0.52395872
v 0.79617238 3.68663943 -0.29456164
v 0.77576566 3.63737321 -0.52395872
v 0.59817599 3.69124442 -0.52395872
v 0.96905917 3.59422952 -0.29456164
v 0.93943316 3.54989111 -0.52395872
v 1.12059569 3.46986669 -0.29456164
v 1.08288896 3.43215996 -0.52395872
v 1.24495852 3.31833017 -0.29456164
v 1.20062011 3.28870422 -0.52395872
v 1.24495852 3.31833017 -0.29456164
v 1.33736843 3.14544341 -0.29456164
v 1.28810221 3.12503666 -0.52395872
v 1.20062011 3.28870422 -0.52395872
v 1.39427418 2.95785028 -0.29456164
v 1.34197342 2.94744702 -0.52395872
v 1.39427418 2.95785028 -0.29456164
v 1.41348892 2.76275995 -0.29456164
v 1.36016357 2.76275995 -0.52395872
v 1.39427418 2.56766963 -0.29456164
v 1.34197342 2.57807289 -0.52395872
v 1.33736843 2.3800765 -0.29456164
v 1.28810221 2.40048325 -0.52395872
v 1.33736843 2.3800765 -0.29456164
v 1.24495852 2.20718968 -0.29456164
v 1.20062011 2.23681569 -0.52395872
v 1.12059569 2.05565315 -0.29456164
v 1.08288896 2.09335989 -0.52395872
v 0.96905917 1.93129033 -0.29456164
v 0.93943316 1.97562873 -0.52395872
v 0.79617238 1.83888042 -0.29456164
v 0.77576566 1.88814664 -0.52395872
v 0.60857925 1.78197467 -0.29456164
v 0.59817599 1.83427542 -0.52395872
v 0.41348892 1.76275992 -0.29456164
v 0.41348892 1.81608528 -0.52395872
v 0.2183986 1.78197467 -0.29456164
v 0.22880186 1.83427542 -0.52395872
v 0.03080547 1.83888042 -0.29456164
v 0.05121219 1.88814664 -0.52395872
v -0.14208132 1.93129033 -0.29456164
v -0.11245531 1.97562873 -0.52395872
v -0.29361784 2.05565315 -0.29456164
v -0.25591111 2.09335989 -0.52395872
v -0.41798067 2.20718968 -0.29456164
v -0.37364227 2.23681569 -0.52395872
v -0.41798067 2.20718968 -0.29456164
v -0.51039058 2.3800765 -0.29456164
v -0.46112436 2.40048325 -0.52395872
v -0.56729633 2.56766963 -0.29456164
v -0.51499557 2.57807289 -0.52395872
v -0.58651108 2.76275995 -0.29456164
v -0.53318572 2.76275995 -0.52395872
v -0.56729633 2.95785028 -0.29456164
v -0.51499557 2.94744702 -0.52395872
v -0.56729633 2.95785028 -0.29456164
v -0.51039058 3.14544341 -0.29456164
v -0.46112436 3.12503666 -0.52395872
v -0.51039058 3.14544341 -0.29456164
v -0.41798067 3.31833017 -0.29456164
v -0.37364227 3.28870422 -0.52395872
v -0.29361784 3.46986669 -0.29456164
v -0.25591111 3.43215996 -0.52395872
v -0.14208132 3.59422952 -0.29456164
v -0.11245531 3.54989111 -0.52395872
v 0.03080547 3.68663943 -0.29456164
v 0.05121219 3.63737321 -0.52395872
v 0.2183986 3.74354517 -0.29456164
v 0.22880186 3.69124442 -0.52395872
v 0.41348892 3.76275992 -0.29456164
v 0.41348892 3.70943457 -0.52395872
vn -0 1 -0
vn -0.83252 0.49311 -0.25251
vn 0.5519 0.4931 -0.6725
vn 0.5519 0.4931 0.6725
vn -0.76727 0.49308 0.41008
vn -0.25251 0.49311 -0.83252
vn 0.86579 0.49309 0.0853
vn -0.25251 0.49311 0.83252
vn -0.76727 0.49308 -0.41008
vn 0.6725 0.4931 -0.5519
vn 0.41008 0.49308 0.76727
vn -0.83252 0.49311 0.25251
vn 0.0853 0.49309 -0.86579
vn -0.0853 0.49309 -0.86579
vn 0.83252 0.49311 0.25251
vn -0.41008 0.49308 0.76727
vn -0.6725 0.4931 -0.5519
vn 0.76727 0.49308 -0.41008
vn 0.25251 0.49311 0.83252
vn -0.86579 0.49309 0.0853
vn 0.25251 0.49311 -0.83252
vn 0.76727 0.49308 0.41008
vn -0.5519 0.4931 0.6725
vn -0.5519 0.4931 -0.6725
vn 0.83252 0.49311 -0.25251
vn 0.0853 0.49309 0.86579
vn -0.86579 0.49309 -0.0853
vn 0.41008 0.49308 -0.76727
vn 0.6725 0.4931 0.5519
vn -0.6725 0.4931 0.5519
vn -0.41008 0.49308 -0.76727
vn 0.86579 0.49309 -0.0853
vn -0.0853 0.49309 0.86579
vn 0.0955 -0.22539 -0.96958
vn 0.28281 -0.2254 -0.93232
vn 0.4593 -0.2254 -0.85921
vn 0.6181 -0.2254 -0.7531
vn 0.7531 -0.2254 -0.6181
vn 0.85921 -0.2254 -0.4593
vn 0.93232 -0.2254 -0.28281
vn 0.96958 -0.22539 -0.0955
vn 0.96958 -0.22539 0.0955
vn 0.93232 -0.2254 0.28281
vn 0.85921 -0.2254 0.4593
vn 0.7531 -0.2254 0.6181
vn 0.6181 -0.2254 0.7531
vn 0.4593 -0.2254 0.85921
vn 0.28281 -0.2254 0.93232
vn 0.0955 -0.22539 0.96958
vn -0.0955 -0.22539 0.96958
vn -0.28281 -0.2254 0.93232
vn -0.4593 -0.2254 0.85921
vn -0.6181 -0.2254 0.7531
vn -0.7531 -0.2254 0.6181
vn -0.85921 -0.2254 0.4593
vn -0.93232 -0.2254 0.28281
vn -0.96958 -0.22539 0.0955
vn -0.96958 -0.22539 -0.0955
vn -0.93232 -0.2254 -0.28281
vn -0.85921 -0.2254 -0.4593
vn -0.7531 -0.2254 -0.6181
vn -0.6181 -0.2254 -0.7531
vn -0.4593 -0.2254 -0.85921
vn -0.28281 -0.2254 -0.93232
vn -0.0955 -0.22539 -0.96958
vt 0.32492 0.43088
vt 0.28819 0.44202
vt 0.25 0.44578
vt 0.21181 0.44202
vt 0.17508 0.43088
vt 0.14123 0.41279
vt 0.11156 0.38844
vt 0.08721 0.35877
vt 0.06912 0.32492
vt 0.05798 0.28819
vt 0.05422 0.25
vt 0.05798 0.21181
vt 0.06912 0.17508
vt 0.08721 0.14123
vt 0.11156 0.11156
vt 0.14123 0.08721
vt 0.17508 0.06912
vt 0.21181 0.05798
vt 0.25 0.05422
vt 0.28819 0.05798
vt 0.32492 0.06912
vt 0.35877 0.08721
vt 0.38844 0.11156
vt 0.41279 0.14123
vt 0.43088 0.17508
vt 0.44202 0.21181
vt 0.44578 0.25
vt 0.44202 0.28819
vt 0.43088 0.32492
vt 0.41279 0.35877
vt 0.38844 0.38844
vt 0.35877 0.41279
vt 0.1875 1
vt 0.21875 1
vt 0.21875 1
vt 0.1875 1
vt 0.875 1
vt 0.90625 1
vt 0.90625 1
vt 0.875 1
vt 0.59375 1
vt 0.625 1
vt 0.625 1
vt 0.59375 1
vt 0.3125 1
vt 0.34375 1
vt 0.34375 1
vt 0.3125 1
vt 0.03125 1
vt 0.0625 1
vt 0.0625 1
vt 0.03125 1
vt 0.71875 1
vt 0.75 1
vt 0.75 1
vt 0.71875 1
vt 0.4375 1
vt 0.46875 1
vt 0.46875 1
vt 0.4375 1
vt 0.15625 1
vt 0.15625 1
vt 0.84375 1
vt 0.84375 1
vt 0.5625 1
vt 0.5625 1
vt 0.28125 1
vt 0.28125 1
vt 0.96875 1
vt 1 1
vt 1 1
vt 0.96875 1
vt -0 1
vt 0 1
vt 0.6875 1
vt 0.6875 1
vt 0.40625 1
vt 0.40625 1
vt 0.125 1
vt 0.125 1
vt 0.8125 1
vt 0.8125 1
vt 0.53125 1
vt 0.53125 1
vt 0.25 1
vt 0.25 1
vt 0.9375 1
vt 0.9375 1
vt 0.65625 1
vt 0.65625 1
vt 0.375 1
vt 0.375 1
vt 0.09375 1
vt 0.09375 1
vt 0.78125 1
vt 0.78125 1
vt 0.5 1
vt 0.5 1
vt 1 0.5436
vt 0.96875 0.5436
vt 0.96875 0.5
vt 1 0.5
vt 0.9375 0.5436
vt 0.9375 0.5
vt 0.96875 0.5
vt 0.90625 0.5436
vt 0.90625 0.5
vt 0.875 0.5436
vt 0.875 0.5
vt 0.84375 0.5436
vt 0.84375 0.5
vt 0.84375 0.5436
vt 0.8125 0.5436
vt 0.8125 0.5
vt 0.84375 0.5
vt 0.78125 0.5436
vt 0.78125 0.5
vt 0.78125 0.5436
vt 0.75 0.5436
vt 0.75 0.5
vt 0.71875 0.5436
vt 0.71875 0.5
vt 0.6875 0.5436
vt 0.6875 0.5
vt 0.6875 0.5436
vt 0.65625 0.5436
vt 0.65625 0.5
vt 0.625 0.5436
vt 0.625 0.5
vt 0.59375 0.5436
vt 0.59375 0.5
vt 0.5625 0.5436
vt 0.5625 0.5
vt 0.53125 0.5436
vt 0.53125 0.5
vt 0.5 0.5436
vt 0.5 0.5
vt 0.46875 0.5436
vt 0.46875 0.5
vt 0.4375 0.5436
vt 0.4375 0.5
vt 0.40625 0.5436
vt 0.40625 0.5
vt 0.375 0.5436
vt 0.375 0.5
vt 0.34375 0.5436
vt 0.34375 0.5
vt 0.34375 0.5436
vt 0.3125 0.5436
vt 0.3125 0.5
vt 0.28125 0.5436
vt 0.28125 0.5
vt 0.25 0.5436
vt 0.25 0.5
vt 0.21875 0.5436
vt 0.21875 0.5
vt 0.21875 0.5436
vt 0.1875 0.5436
vt 0.1875 0.5
vt 0.1875 0.5436
vt 0.15625 0.5436
vt 0.15625 0.5
vt 0.125 0.5436
vt 0.125 0.5
vt 0.09375 0.5436
vt 0.09375 0.5
vt 0.0625 0.5436
vt 0.0625 0.5
vt 0.03125 0.5436
vt 0.03125 0.5
vt 0 0.5436
vt 0 0.5
usemtl mat2
f 2194/767/419 2195/768/419 2196/769/419
f 2196/769/419 2197/770/419 2198/771/419
f 2198/771/419 2199/772/419 2200/773/419
f 2200/773/419 2201/774/419 2202/775/419
f 2202/775/419 2203/776/419 2204/777/419
f 2204/777/419 2205/778/419 2206/779/419
f 2206/779/419 2207/780/419 2208/781/419
f 2208/781/419 2209/782/419 2210/783/419
f 2210/783/419 2211/784/419 2212/785/419
f 2212/785/419 2213/786/419 2214/787/419
f 2214/787/419 2215/788/419 2216/789/419
f 2216/789/419 2217/790/419 2218/791/419
f 2218/791/419 2219/792/419 2220/793/419
f 2220/793/419 2221/794/419 2222/795/419
f 2222/795/419 2223/796/419 2224/797/419
f 2224/797/419 2225/798/419 2194/767/419
f 2194/767/419 2196/769/419 2198/771/419
f 2198/771/419 2200/773/419 2202/775/419
f 2202/775/419 2204/777/419 2206/779/419
f 2206/779/419 2208/781/419 2210/783/419
f 2210/783/419 2212/785/419 2214/787/419
f 2214/787/419 2216/789/419 2218/791/419
f 2218/791/419 2220/793/419 2222/795/419
f 2222/795/419 2224/797/419 2194/767/419
f 2194/767/419 2198/771/419 2202/775/419
f 2202/775/419 2206/779/419 2210/783/419
f 2210/783/419 2214/787/419 2218/791/419
f 2218/791/419 2222/795/419 2194/767/419
f 2194/767/419 2202/775/419 2210/783/419
f 2210/783/419 2218/791/419 2194/767/419
f 2226/799/420 2227/800/420 2228/801/420
f 2226/799/420 2228/801/420 2229/802/420
f 2230/803/421 2231/804/421 2232/805/421
f 2230/803/421 2232/805/421 2233/806/421
f 2234/807/422 2235/808/422 2236/809/422
f 2234/807/422 2236/809/422 2237/810/422
f 2238/811/423 2239/812/423 2240/813/423
f 2238/811/423 2240/813/423 2241/814/423
f 2242/815/424 2243/816/424 2244/817/424
f 2242/815/424 2244/817/424 2245/818/424
f 2246/819/425 2247/820/425 2248/821/425
f 2246/819/425 2248/821/425 2249/822/425
f 2250/823/426 2251/824/426 2252/825/426
f 2250/823/426 2252/825/426 2253/826/426
f 2254/827/427 2226/799/427 2229/802/427
f 2254/827/427 2229/802/427 2255/828/427
f 2256/829/428 2230/803/428 2233/806/428
f 2256/829/428 2233/806/428 2257/830/428
f 2258/831/429 2234/807/429 2237/810/429
f 2258/831/429 2237/810/429 2259/832/429
f 2260/833/430 2238/811/430 2241/814/430
f 2260/833/430 2241/814/430 2261/834/430
f 2262/835/431 2263/836/431 2264/837/431
f 2262/835/431 2264/837/431 2265/838/431
f 2266/839/432 2242/815/432 2245/818/432
f 2266/839/432 2245/818/432 2267/840/432
f 2268/841/433 2246/819/433 2249/822/433
f 2268/841/433 2249/822/433 2269/842/433
f 2270/843/434 2250/823/434 2253/826/434
f 2270/843/434 2253/826/434 2271/844/434
f 2272/845/435 2254/827/435 2255/828/435
f 2272/845/435 2255/828/435 2273/846/435
f 2274/847/436 2256/829/436 2257/830/436
f 2274/847/436 2257/830/436 2275/848/436
f 2276/849/437 2258/831/437 2259/832/437
f 2276/849/437 2259/832/437 2277/850/437
f 2278/851/438 2260/833/438 2261/834/438
f 2278/851/438 2261/834/438 2279/852/438
f 2280/853/439 2262/835/439 2265/838/439
f 2280/853/439 2265/838/439 2281/854/439
f 2282/855/440 2268/841/440 2269/842/440
f 2282/855/440 2269/842/440 2283/856/440
f 2284/857/441 2270/843/441 2271/844/441
f 2284/857/441 2271/844/441 2285/858/441
f 2286/859/442 2272/845/442 2273/846/442
f 2286/859/442 2273/846/442 2287/860/442
f 2288/861/443 2274/847/443 2275/848/443
f 2288/861/443 2275/848/443 2289/862/443
f 2290/863/444 2276/849/444 2277/850/444
f 2290/863/444 2277/850/444 2291/864/444
f 2227/800/445 2278/851/445 2279/852/445
f 2227/800/445 2279/852/445 2228/801/445
f 2231/804/446 2280/853/446 2281/854/446
f 2231/804/446 2281/854/446 2232/805/446
f 2235/808/447 2282/855/447 2283/856/447
f 2235/808/447 2283/856/447 2236/809/447
f 2239/812/448 2284/857/448 2285/858/448
f 2239/812/448 2285/858/448 2240/813/448
f 2243/816/449 2286/859/449 2287/860/449
f 2243/816/449 2287/860/449 2244/817/449
f 2247/820/450 2288/861/450 2289/862/450
f 2247/820/450 2289/862/450 2248/821/450
f 2251/824/451 2290/863/451 2291/864/451
f 2251/824/451 2291/864/451 2252/825/451
f 2292/865/452 2293/866/452 2294/867/452
f 2292/865/452 2294/867/452 2295/868/452
f 2293/866/453 2296/869/453 2297/870/453
f 2293/866/453 2297/870/453 2298/871/453
f 2296/869/454 2299/872/454 2300/873/454
f 2296/869/454 2300/873/454 2297/870/454
f 2299/872/455 2301/874/455 2302/875/455
f 2299/872/455 2302/875/455 2300/873/455
f 2301/874/456 2303/876/456 2304/877/456
f 2301/874/456 2304/877/456 2302/875/456
f 2305/878/457 2306/879/457 2307/880/457
f 2305/878/457 2307/880/457 2308/881/457
f 2306/879/458 2309/882/458 2310/883/458
f 2306/879/458 2310/883/458 2307/880/458
f 2311/884/459 2312/885/459 2313/886/459
f 2311/884/459 2313/886/459 2310/883/459
f 2312/885/460 2314/887/460 2315/888/460
f 2312/885/460 2315/888/460 2313/886/460
f 2314/887/461 2316/889/461 2317/890/461
f 2314/887/461 2317/890/461 2315/888/461
f 2318/891/462 2319/892/462 2320/893/462
f 2318/891/462 2320/893/462 2317/890/462
f 2319/892/463 2321/894/463 2322/895/463
f 2319/892/463 2322/895/463 2320/893/463
f 2321/894/464 2323/896/464 2324/897/464
f 2321/894/464 2324/897/464 2322/895/464
f 2323/896/465 2325/898/465 2326/899/465
f 2323/896/465 2326/899/465 2324/897/465
f 2325/898/466 2327/900/466 2328/901/466
f 2325/898/466 2328/901/466 2326/899/466
f 2327/900/467 2329/902/467 2330/903/467
f 2327/900/467 2330/903/467 2328/901/467
f 2329/902/468 2331/904/468 2332/905/468
f 2329/902/468 2332/905/468 2330/903/468
f 2331/904/469 2333/906/469 2334/907/469
f 2331/904/469 2334/907/469 2332/905/469
f 2333/906/470 2335/908/470 2336/909/470
f 2333/906/470 2336/909/470 2334/907/470
f 2335/908/471 2337/910/471 2338/911/471
f 2335/908/471 2338/911/471 2336/909/471
f 2337/910/472 2339/912/472 2340/913/472
f 2337/910/472 2340/913/472 2338/911/472
f 2341/914/473 2342/915/473 2343/916/473
f 2341/914/473 2343/916/473 2340/913/473
f 2342/915/474 2344/917/474 2345/918/474
f 2342/915/474 2345/918/474 2343/916/474
f 2344/917/475 2346/919/475 2347/920/475
f 2344/917/475 2347/920/475 2345/918/475
f 2346/919/476 2348/921/476 2349/922/476
f 2346/919/476 2349/922/476 2347/920/476
f 2350/923/477 2351/924/477 2352/925/477
f 2350/923/477 2352/925/477 2349/922/477
f 2353/926/478 2354/927/478 2355/928/478
f 2353/926/478 2355/928/478 2352/925/478
f 2354/927/479 2356/929/479 2357/930/479
f 2354/927/479 2357/930/479 2355/928/479
f 2356/929/480 2358/931/480 2359/932/480
f 2356/929/480 2359/932/480 2357/930/480
f 2358/931/481 2360/933/481 2361/934/481
f 2358/931/481 2361/934/481 2359/932/481
f 2360/933/482 2362/935/482 2363/936/482
f 2360/933/482 2363/936/482 2361/934/482
f 2362/935/483 2364/937/483 2365/938/483
f 2362/935/483 2365/938/483 2363/936/483
# Vertices: 172, normals: 65, texture coordinates: 172, faces: 158

o obj4
v 0.37631662 3.45695925 1.60945939
v 0.38765833 3.58064186 1.6664781
v 0.41348892 3.58064186 1.66393401
v 0.41348892 3.45695925 1.60579823
v 0.48640503 3.45695925 1.62030215
v 0.46415745 3.58064186 1.67401261
v 0.48704822 3.58064186 1.68624798
v 0.51934669 3.45695925 1.63790984
v 0.48704822 3.58064186 1.68624798
v 0.50711214 3.58064186 1.70271402
v 0.5482203 3.45695925 1.6616058
v 0.52357818 3.58064186 1.72277794
v 0.57191626 3.45695925 1.69047941
v 0.53581356 3.58064186 1.74566871
v 0.58952395 3.45695925 1.72342107
v 0.53581356 3.58064186 1.74566871
v 0.54334805 3.58064186 1.77050664
v 0.60036671 3.45695925 1.75916487
v 0.54334805 3.58064186 1.77050664
v 0.54589215 3.58064186 1.79633723
v 0.60402787 3.45695925 1.79633718
v 0.54589215 3.58064186 1.79633723
v 0.54334805 3.58064186 1.82216782
v 0.60036671 3.45695925 1.83350948
v 0.54334805 3.58064186 1.82216782
v 0.53581356 3.58064185 1.84700575
v 0.58952395 3.45695925 1.86925328
v 0.53581356 3.58064185 1.84700575
v 0.52357818 3.58064185 1.86989653
v 0.57191626 3.45695925 1.90219494
v 0.52357818 3.58064185 1.86989653
v 0.50711214 3.58064185 1.88996045
v 0.5482203 3.45695925 1.93106855
v 0.48704822 3.58064185 1.9064265
v 0.51934669 3.45695925 1.95476451
v 0.46415745 3.58064185 1.91866186
v 0.48640503 3.45695925 1.9723722
v 0.46415745 3.58064185 1.91866186
v 0.43931951 3.58064185 1.92619636
v 0.45066123 3.45695925 1.98321496
v 0.43931951 3.58064185 1.92619636
v 0.41348892 3.58064185 1.92874046
v 0.41348892 3.45695925 1.98687612
v 0.38765833 3.58064185 1.92619636
v 0.37631662 3.45695925 1.98321496
v 0.38765833 3.58064185 1.92619636
v 0.3628204 3.58064185 1.91866186
v 0.34057282 3.45695925 1.9723722
v 0.33992963 3.58064185 1.9064265
v 0.30763116 3.45695925 1.95476451
v 0.31986571 3.58064185 1.88996045
v 0.27875755 3.45695925 1.93106855
v 0.30339967 3.58064185 1.86989653
v 0.25506159 3.45695925 1.90219494
v 0.29116429 3.58064185 1.84700575
v 0.2374539 3.45695925 1.86925328
v 0.28362979 3.58064186 1.82216782
v 0.22661114 3.45695925 1.83350948
v 0.2810857 3.58064186 1.79633723
v 0.22294998 3.45695925 1.79633718
v 0.2810857 3.58064186 1.79633723
v 0.28362979 3.58064186 1.77050664
v 0.22661114 3.45695925 1.75916487
v 0.29116429 3.58064186 1.74566871
v 0.2374539 3.45695925 1.72342107
v 0.29116429 3.58064186 1.74566871
v 0.30339967 3.58064186 1.72277794
v 0.25506159 3.45695925 1.69047941
v 0.30339967 3.58064186 1.72277794
v 0.31986571 3.58064186 1.70271402
v 0.27875755 3.45695925 1.6616058
v 0.31986571 3.58064186 1.70271402
v 0.33992963 3.58064186 1.68624798
v 0.30763116 3.45695925 1.63790984
v 0.33992963 3.58064186 1.68624798
v 0.3628204 3.58064186 1.67401261
v 0.34057282 3.45695925 1.62030215
v 0.3628204 3.58064186 1.67401261
v 0.38765833 3.58064186 1.6664781
v 0.41348892 3.45695925 1.60579823
v 0.41348892 3.58064186 1.66393401
v 0.43931951 3.58064186 1.6664781
v 0.45066123 3.45695925 1.60945939
v 0.43931951 3.58064186 1.6664781
v 0.46415745 3.58064186 1.67401261
v 0.37631662 3.45695925 1.60945939
v 0.41348892 3.45695925 1.60579823
v 0.45066123 3.45695925 1.60945939
v 0.48640503 3.45695925 1.62030215
v 0.51934669 3.45695925 1.63790984
v 0.5482203 3.45695925 1.6616058
v 0.57191626 3.45695925 1.69047941
v 0.58952395 3.45695925 1.72342107
v 0.60036671 3.45695925 1.75916487
v 0.60402787 3.45695925 1.79633718
v 0.60036671 3.45695925 1.83350948
v 0.58952395 3.45695925 1.86925328
v 0.57191626 3.45695925 1.90219494
v 0.5482203 3.45695925 1.93106855
v 0.51934669 3.45695925 1.95476451
v 0.48640503 3.45695925 1.9723722
v 0.45066123 3.45695925 1.98321496
v 0.41348892 3.45695925 1.98687612
v 0.37631662 3.45695925 1.98321496
v 0.34057282 3.45695925 1.9723722
v 0.30763116 3.45695925 1.95476451
v 0.27875755 3.45695925 1.93106855
v 0.25506159 3.45695925 1.90219494
v 0.2374539 3.45695925 1.86925328
v 0.22661114 3.45695925 1.83350948
v 0.22294998 3.45695925 1.79633718
v 0.22661114 3.45695925 1.75916487
v 0.2374539 3.45695925 1.72342107
v 0.25506159 3.45695925 1.69047941
v 0.27875755 3.45695925 1.6616058
v 0.30763116 3.45695925 1.63790984
v 0.34057282 3.45695925 1.62030215
v 0.4287159 3.61520651 1.75957606
v 0.42125159 3.61520651 1.75731179
v 0.4134889 3.61520651 1.75654723
v 0.40572627 3.61520651 1.75731178
v 0.39826197 3.61520651 1.75957606
v 0.39138277 3.61520651 1.76325306
v 0.38535312 3.61520651 1.76820147
v 0.38040474 3.61520651 1.77423108
v 0.37672773 3.61520651 1.78111027
v 0.37446346 3.61520651 1.78857458
v 0.3736989 3.61520651 1.79633725
v 0.37446346 3.61520651 1.80409992
v 0.37672773 3.61520651 1.81156421
v 0.38040475 3.61520651 1.81844343
v 0.38535311 3.61520651 1.82447303
v 0.39138274 3.61520651 1.82942142
v 0.39826197 3.61520651 1.83309844
v 0.40572627 3.61520651 1.83536272
v 0.41348889 3.61520651 1.83612727
v 0.42125159 3.61520651 1.83536271
v 0.4287159 3.61520651 1.83309844
v 0.43559509 3.61520651 1.82942143
v 0.44162475 3.61520651 1.82447301
v 0.4465731 3.61520651 1.81844343
v 0.45025012 3.61520651 1.81156421
v 0.45251439 3.61520651 1.80409991
v 0.45327895 3.61520651 1.79633725
v 0.45251439 3.61520651 1.78857458
v 0.45025012 3.61520651 1.78111028
v 0.44657311 3.61520651 1.77423109
v 0.44162472 3.61520651 1.76820146
v 0.43559508 3.61520651 1.76325306
v 0.48704822 3.58064186 1.68624798
v 0.46415745 3.58064186 1.67401261
v 0.455543 3.59489469 1.69480973
v 0.47454198 3.59489469 1.7049649
v 0.50711214 3.58064186 1.70271402
v 0.47454198 3.59489469 1.7049649
v 0.49119472 3.59489469 1.71863145
v 0.52357818 3.58064186 1.72277794
v 0.50486126 3.59489469 1.73528418
v 0.53581356 3.58064186 1.74566871
v 0.51501645 3.59489469 1.75428317
v 0.54334805 3.58064186 1.77050664
v 0.51501645 3.59489469 1.75428317
v 0.52126996 3.59489468 1.77489824
v 0.54589215 3.58064186 1.79633723
v 0.52338152 3.59489468 1.79633724
v 0.54334805 3.58064186 1.82216782
v 0.52126996 3.59489468 1.81777623
v 0.53581356 3.58064185 1.84700575
v 0.52126996 3.59489468 1.81777623
v 0.51501645 3.59489467 1.83839131
v 0.52357818 3.58064185 1.86989653
v 0.51501645 3.59489467 1.83839131
v 0.50486126 3.59489467 1.8573903
v 0.50711214 3.58064185 1.88996045
v 0.49119473 3.59489467 1.87404303
v 0.48704822 3.58064185 1.9064265
v 0.474542 3.59489467 1.88770959
v 0.46415745 3.58064185 1.91866186
v 0.474542 3.59489467 1.88770959
v 0.455543 3.59489467 1.89786477
v 0.43931951 3.58064185 1.92619636
v 0.43492791 3.59489467 1.90411827
v 0.41348892 3.58064185 1.92874046
v 0.41348891 3.59489467 1.90622984
v 0.38765833 3.58064185 1.92619636
v 0.39204994 3.59489467 1.90411827
v 0.3628204 3.58064185 1.91866186
v 0.37143486 3.59489467 1.89786477
v 0.33992963 3.58064185 1.9064265
v 0.35243586 3.59489467 1.88770959
v 0.31986571 3.58064185 1.88996045
v 0.35243586 3.59489467 1.88770959
v 0.33578312 3.59489467 1.87404303
v 0.30339967 3.58064185 1.86989653
v 0.33578312 3.59489467 1.87404303
v 0.32211659 3.59489468 1.8573903
v 0.29116429 3.58064185 1.84700575
v 0.32211659 3.59489468 1.8573903
v 0.3119614 3.59489467 1.83839131
v 0.28362979 3.58064186 1.82216782
v 0.3119614 3.59489467 1.83839131
v 0.30570789 3.59489468 1.81777623
v 0.2810857 3.58064186 1.79633723
v 0.30570789 3.59489468 1.81777623
v 0.30359633 3.59489468 1.79633724
v 0.28362979 3.58064186 1.77050664
v 0.30359633 3.59489468 1.79633724
v 0.30570789 3.59489468 1.77489824
v 0.29116429 3.58064186 1.74566871
v 0.30570789 3.59489468 1.77489824
v 0.3119614 3.59489469 1.75428317
v 0.30339967 3.58064186 1.72277794
v 0.3119614 3.59489469 1.75428317
v 0.32211659 3.59489469 1.73528418
v 0.31986571 3.58064186 1.70271402
v 0.33578313 3.59489469 1.71863145
v 0.33992963 3.58064186 1.68624798
v 0.33578313 3.59489469 1.71863145
v 0.35243587 3.59489468 1.7049649
v 0.3628204 3.58064186 1.67401261
v 0.35243587 3.59489468 1.7049649
v 0.37143486 3.59489469 1.69480972
v 0.38765833 3.58064186 1.6664781
v 0.37143486 3.59489469 1.69480972
v 0.39204994 3.59489469 1.68855621
v 0.43931951 3.58064186 1.6664781
v 0.41348892 3.58064186 1.66393401
v 0.41348891 3.59489468 1.68644465
v 0.43492791 3.59489469 1.68855621
v 0.43492791 3.59489469 1.68855621
v 0.39204994 3.59489469 1.68855621
vn -0.0888 0.42372 -0.90143
vn 0.42701 0.42371 -0.79883
vn 0.57461 0.42371 -0.70021
vn 0.70021 0.42371 -0.57461
vn 0.79883 0.42371 -0.42701
vn 0.86681 0.4237 -0.2629
vn 0.90143 0.42372 -0.0888
vn 0.90143 0.42372 0.0888
vn 0.86681 0.4237 0.2629
vn 0.79883 0.42371 0.42701
vn 0.70021 0.42371 0.57461
vn 0.57461 0.42371 0.70021
vn 0.42701 0.42371 0.79883
vn 0.2629 0.4237 0.86681
vn 0.0888 0.42372 0.90143
vn -0.0888 0.42372 0.90143
vn -0.2629 0.4237 0.86681
vn -0.42701 0.42371 0.79883
vn -0.57461 0.42371 0.70021
vn -0.70021 0.42371 0.57461
vn -0.79883 0.42371 0.42701
vn -0.86681 0.4237 0.2629
vn -0.90143 0.42372 0.0888
vn -0.90143 0.42372 -0.0888
vn -0.86681 0.4237 -0.2629
vn -0.79883 0.42371 -0.42701
vn -0.70021 0.42371 -0.57461
vn -0.57461 0.42371 -0.70021
vn -0.42701 0.42371 -0.79883
vn -0.2629 0.4237 -0.86681
vn 0.0888 0.42372 -0.90143
vn 0.2629 0.4237 -0.86681
vn -0 -1 -0
vn -0 1 -0
vn 0.25301 0.84372 -0.47341
vn 0.34051 0.84374 -0.41492
vn 0.41492 0.84374 -0.34051
vn 0.47341 0.84372 -0.25301
vn 0.5137 0.8437 -0.1558
vn 0.53421 0.84371 -0.0526
vn 0.53421 0.84371 0.0526
vn 0.5137 0.8437 0.1558
vn 0.47341 0.84372 0.25301
vn 0.41492 0.84374 0.34051
vn 0.34051 0.84374 0.41492
vn 0.25301 0.84372 0.47341
vn 0.1558 0.8437 0.5137
vn 0.0526 0.84371 0.53421
vn -0.0526 0.84371 0.53421
vn -0.1558 0.8437 0.5137
vn -0.25301 0.84372 0.47341
vn -0.34051 0.84374 0.41492
vn -0.41492 0.84374 0.34051
vn -0.47341 0.84372 0.25301
vn -0.5137 0.8437 0.1558
vn -0.53421 0.84371 0.0526
vn -0.53421 0.84371 -0.0526
vn -0.5137 0.8437 -0.1558
vn -0.47341 0.84372 -0.25301
vn -0.41492 0.84374 -0.34051
vn -0.34051 0.84374 -0.41492
vn -0.25301 0.84372 -0.47341
vn -0.1558 0.8437 -0.5137
vn 0.0526 0.84371 -0.53421
vn 0.1558 0.8437 -0.5137
vn 0.0274 0.96013 -0.27821
vn 0.0811 0.96014 -0.26751
vn 0.1318 0.96014 -0.24651
vn 0.17731 0.96014 -0.21611
vn 0.21611 0.96014 -0.17731
vn 0.24651 0.96014 -0.1318
vn 0.26751 0.96014 -0.0811
vn 0.27821 0.96013 -0.0274
vn 0.27821 0.96013 0.0274
vn 0.26751 0.96014 0.0811
vn 0.24651 0.96014 0.1318
vn 0.21611 0.96014 0.17731
vn 0.17731 0.96014 0.21611
vn 0.1318 0.96014 0.24651
vn 0.0811 0.96014 0.26751
vn 0.0274 0.96013 0.27821
vn -0.0274 0.96013 0.27821
vn -0.0811 0.96014 0.26751
vn -0.1318 0.96014 0.24651
vn -0.17731 0.96014 0.21611
vn -0.21611 0.96014 0.17731
vn -0.24651 0.96014 0.1318
vn -0.26751 0.96014 0.0811
vn -0.27821 0.96013 0.0274
vn -0.27821 0.96013 -0.0274
vn -0.26751 0.96014 -0.0811
vn -0.24651 0.96014 -0.1318
vn -0.21611 0.96014 -0.17731
vn -0.17731 0.96014 -0.21611
vn -0.1318 0.96014 -0.24651
vn -0.0811 0.96014 -0.26751
vn -0.0274 0.96013 -0.27821
vn -0.0526 0.84371 -0.53421
vt 0.03125 0.5
vt 0.03125 0.89079
vt 0 0.89079
vt 0 0.5
vt 0.9375 0.5
vt 0.9375 0.89079
vt 0.90625 0.89079
vt 0.90625 0.5
vt 0.90625 0.89079
vt 0.875 0.89079
vt 0.875 0.5
vt 0.84375 0.89079
vt 0.84375 0.5
vt 0.8125 0.89079
vt 0.8125 0.5
vt 0.8125 0.89079
vt 0.78125 0.89079
vt 0.78125 0.5
vt 0.78125 0.89079
vt 0.75 0.89079
vt 0.75 0.5
vt 0.75 0.89079
vt 0.71875 0.89079
vt 0.71875 0.5
vt 0.71875 0.89079
vt 0.6875 0.89079
vt 0.6875 0.5
vt 0.6875 0.89079
vt 0.65625 0.89079
vt 0.65625 0.5
vt 0.65625 0.89079
vt 0.625 0.89079
vt 0.625 0.5
vt 0.59375 0.89079
vt 0.59375 0.5
vt 0.5625 0.89079
vt 0.5625 0.5
vt 0.5625 0.89079
vt 0.53125 0.89079
vt 0.53125 0.5
vt 0.53125 0.89079
vt 0.5 0.89079
vt 0.5 0.5
vt 0.46875 0.89079
vt 0.46875 0.5
vt 0.46875 0.89079
vt 0.4375 0.89079
vt 0.4375 0.5
vt 0.40625 0.89079
vt 0.40625 0.5
vt 0.375 0.89079
vt 0.375 0.5
vt 0.34375 0.89079
vt 0.34375 0.5
vt 0.3125 0.89079
vt 0.3125 0.5
vt 0.28125 0.89079
vt 0.28125 0.5
vt 0.25 0.89079
vt 0.25 0.5
vt 0.25 0.89079
vt 0.21875 0.89079
vt 0.21875 0.5
vt 0.1875 0.89079
vt 0.1875 0.5
vt 0.1875 0.89079
vt 0.15625 0.89079
vt 0.15625 0.5
vt 0.15625 0.89079
vt 0.125 0.89079
vt 0.125 0.5
vt 0.125 0.89079
vt 0.09375 0.89079
vt 0.09375 0.5
vt 0.09375 0.89079
vt 0.0625 0.89079
vt 0.0625 0.5
vt 0.0625 0.89079
vt 0.03125 0.89079
vt 1 0.5
vt 1 0.89079
vt 0.96875 0.89079
vt 0.96875 0.5
vt 0.96875 0.89079
vt 0.9375 0.89079
vt 0.70318 0.48539
vt 0.75 0.49
vt 0.79682 0.48539
vt 0.84184 0.47173
vt 0.88334 0.44955
vt 0.91971 0.41971
vt 0.94955 0.38334
vt 0.97173 0.34184
vt 0.98539 0.29682
vt 0.99 0.25
vt 0.98539 0.20318
vt 0.97173 0.15816
vt 0.94955 0.11666
vt 0.91971 0.08029
vt 0.88334 0.05045
vt 0.84184 0.02827
vt 0.79682 0.01461
vt 0.75 0.01
vt 0.70318 0.01461
vt 0.65816 0.02827
vt 0.61666 0.05045
vt 0.58029 0.08029
vt 0.55045 0.11666
vt 0.52827 0.15816
vt 0.51461 0.20318
vt 0.51 0.25
vt 0.51461 0.29682
vt 0.52827 0.34184
vt 0.55045 0.38334
vt 0.58029 0.41971
vt 0.61666 0.44955
vt 0.65816 0.47173
vt 0.28146 0.32596
vt 0.26604 0.33063
vt 0.25 0.33221
vt 0.23396 0.33063
vt 0.21854 0.32596
vt 0.20432 0.31836
vt 0.19187 0.30813
vt 0.18164 0.29568
vt 0.17404 0.28146
vt 0.16937 0.26604
vt 0.16779 0.25
vt 0.16937 0.23396
vt 0.17404 0.21854
vt 0.18164 0.20432
vt 0.19187 0.19187
vt 0.20432 0.18164
vt 0.21854 0.17404
vt 0.23396 0.16937
vt 0.25 0.16779
vt 0.26604 0.16937
vt 0.28146 0.17404
vt 0.29568 0.18164
vt 0.30813 0.19187
vt 0.31836 0.20432
vt 0.32596 0.21854
vt 0.33063 0.23396
vt 0.33221 0.25
vt 0.33063 0.26604
vt 0.32596 0.28146
vt 0.31836 0.29568
vt 0.30813 0.30813
vt 0.29568 0.31836
vt 0.38334 0.44955
vt 0.34184 0.47173
vt 0.32934 0.44155
vt 0.36519 0.42239
vt 0.41971 0.41971
vt 0.36519 0.42239
vt 0.39661 0.39661
vt 0.44955 0.38334
vt 0.42239 0.36519
vt 0.47173 0.34184
vt 0.44155 0.32934
vt 0.48539 0.29682
vt 0.44155 0.32934
vt 0.45335 0.29045
vt 0.49 0.25
vt 0.45733 0.25
vt 0.48539 0.20318
vt 0.45335 0.20955
vt 0.47173 0.15816
vt 0.45335 0.20955
vt 0.44155 0.17066
vt 0.44955 0.11666
vt 0.44155 0.17066
vt 0.42239 0.13481
vt 0.41971 0.08029
vt 0.39661 0.10339
vt 0.38334 0.05045
vt 0.36519 0.07761
vt 0.34184 0.02827
vt 0.36519 0.07761
vt 0.32934 0.05845
vt 0.29682 0.01461
vt 0.29045 0.04665
vt 0.25 0.01
vt 0.25 0.04267
vt 0.20318 0.01461
vt 0.20955 0.04665
vt 0.15816 0.02827
vt 0.17066 0.05845
vt 0.11666 0.05045
vt 0.13481 0.07761
vt 0.08029 0.08029
vt 0.13481 0.07761
vt 0.10339 0.10339
vt 0.05045 0.11666
vt 0.10339 0.10339
vt 0.07761 0.13481
vt 0.02827 0.15816
vt 0.07761 0.13481
vt 0.05845 0.17066
vt 0.01461 0.20318
vt 0.05845 0.17066
vt 0.04665 0.20955
vt 0.01 0.25
vt 0.04665 0.20955
vt 0.04267 0.25
vt 0.01461 0.29682
vt 0.04267 0.25
vt 0.04665 0.29045
vt 0.02827 0.34184
vt 0.04665 0.29045
vt 0.05845 0.32934
vt 0.05045 0.38334
vt 0.05845 0.32934
vt 0.07761 0.36519
vt 0.08029 0.41971
vt 0.10339 0.39661
vt 0.11666 0.44955
vt 0.10339 0.39661
vt 0.13481 0.42239
vt 0.15816 0.47173
vt 0.13481 0.42239
vt 0.17066 0.44155
vt 0.20318 0.48539
vt 0.17066 0.44155
vt 0.20955 0.45335
vt 0.29682 0.48539
vt 0.25 0.49
vt 0.25 0.45733
vt 0.29045 0.45335
vt 0.29045 0.45335
vt 0.20955 0.45335
usemtl mat2
f 2366/939/484 2367/940/484 2368/941/484
f 2366/939/484 2368/941/484 2369/942/484
f 2370/943/485 2371/944/485 2372/945/485
f 2370/943/485 2372/945/485 2373/946/485
f 2373/946/486 2374/947/486 2375/948/486
f 2373/946/486 2375/948/486 2376/949/486
f 2376/949/487 2375/948/487 2377/950/487
f 2376/949/487 2377/950/487 2378/951/487
f 2378/951/488 2377/950/488 2379/952/488
f 2378/951/488 2379/952/488 2380/953/488
f 2380/953/489 2381/954/489 2382/955/489
f 2380/953/489 2382/955/489 2383/956/489
f 2383/956/490 2384/957/490 2385/958/490
f 2383/956/490 2385/958/490 2386/959/490
f 2386/959/491 2387/960/491 2388/961/491
f 2386/959/491 2388/961/491 2389/962/491
f 2389/962/492 2390/963/492 2391/964/492
f 2389/962/492 2391/964/492 2392/965/492
f 2392/965/493 2393/966/493 2394/967/493
f 2392/965/493 2394/967/493 2395/968/493
f 2395/968/494 2396/969/494 2397/970/494
f 2395/968/494 2397/970/494 2398/971/494
f 2398/971/495 2397/970/495 2399/972/495
f 2398/971/495 2399/972/495 2400/973/495
f 2400/973/496 2399/972/496 2401/974/496
f 2400/973/496 2401/974/496 2402/975/496
f 2402/975/497 2403/976/497 2404/977/497
f 2402/975/497 2404/977/497 2405/978/497
f 2405/978/498 2406/979/498 2407/980/498
f 2405/978/498 2407/980/498 2408/981/498
f 2408/981/499 2407/980/499 2409/982/499
f 2408/981/499 2409/982/499 2410/983/499
f 2410/983/500 2411/984/500 2412/985/500
f 2410/983/500 2412/985/500 2413/986/500
f 2413/986/501 2412/985/501 2414/987/501
f 2413/986/501 2414/987/501 2415/988/501
f 2415/988/502 2414/987/502 2416/989/502
f 2415/988/502 2416/989/502 2417/990/502
f 2417/990/503 2416/989/503 2418/991/503
f 2417/990/503 2418/991/503 2419/992/503
f 2419/992/504 2418/991/504 2420/993/504
f 2419/992/504 2420/993/504 2421/994/504
f 2421/994/505 2420/993/505 2422/995/505
f 2421/994/505 2422/995/505 2423/996/505
f 2423/996/506 2422/995/506 2424/997/506
f 2423/996/506 2424/997/506 2425/998/506
f 2425/998/507 2426/999/507 2427/1000/507
f 2425/998/507 2427/1000/507 2428/1001/507
f 2428/1001/508 2427/1000/508 2429/1002/508
f 2428/1001/508 2429/1002/508 2430/1003/508
f 2430/1003/509 2431/1004/509 2432/1005/509
f 2430/1003/509 2432/1005/509 2433/1006/509
f 2433/1006/510 2434/1007/510 2435/1008/510
f 2433/1006/510 2435/1008/510 2436/1009/510
f 2436/1009/511 2437/1010/511 2438/1011/511
f 2436/1009/511 2438/1011/511 2439/1012/511
f 2439/1012/512 2440/1013/512 2441/1014/512
f 2439/1012/512 2441/1014/512 2442/1015/512
f 2442/1015/513 2443/1016/513 2444/1017/513
f 2442/1015/513 2444/1017/513 2366/939/513
f 2445/1018/514 2446/1019/514 2447/1020/514
f 2445/1018/514 2447/1020/514 2448/1021/514
f 2448/1021/515 2449/1022/515 2450/1023/515
f 2448/1021/515 2450/1023/515 2370/943/515
f 2451/1024/516 2452/1025/516 2453/1026/516
f 2453/1026/516 2454/1027/516 2455/1028/516
f 2455/1028/516 2456/1029/516 2457/1030/516
f 2457/1030/516 2458/1031/516 2459/1032/516
f 2459/1032/516 2460/1033/516 2461/1034/516
f 2461/1034/516 2462/1035/516 2463/1036/516
f 2463/1036/516 2464/1037/516 2465/1038/516
f 2465/1038/516 2466/1039/516 2467/1040/516
f 2467/1040/516 2468/1041/516 2469/1042/516
f 2469/1042/516 2470/1043/516 2471/1044/516
f 2471/1044/516 2472/1045/516 2473/1046/516
f 2473/1046/516 2474/1047/516 2475/1048/516
f 2475/1048/516 2476/1049/516 2477/1050/516
f 2477/1050/516 2478/1051/516 2479/1052/516
f 2479/1052/516 2480/1053/516 2481/1054/516
f 2481/1054/516 2482/1055/516 2451/1024/516
f 2451/1024/516 2453/1026/516 2455/1028/516
f 2455/1028/516 2457/1030/516 2459/1032/516
f 2459/1032/516 2461/1034/516 2463/1036/516
f 2463/1036/516 2465/1038/516 2467/1040/516
f 2467/1040/516 2469/1042/516 2471/1044/516
f 2471/1044/516 2473/1046/516 2475/1048/516
f 2475/1048/516 2477/1050/516 2479/1052/516
f 2479/1052/516 2481/1054/516 2451/1024/516
f 2451/1024/516 2455/1028/516 2459/1032/516
f 2459/1032/516 2463/1036/516 2467/1040/516
f 2467/1040/516 2471/1044/516 2475/1048/516
f 2475/1048/516 2479/1052/516 2451/1024/516
f 2451/1024/516 2459/1032/516 2467/1040/516
f 2467/1040/516 2475/1048/516 2451/1024/516
f 2483/1056/517 2484/1057/517 2485/1058/517
f 2485/1058/517 2486/1059/517 2487/1060/517
f 2487/1060/517 2488/1061/517 2489/1062/517
f 2489/1062/517 2490/1063/517 2491/1064/517
f 2491/1064/517 2492/1065/517 2493/1066/517
f 2493/1066/517 2494/1067/517 2495/1068/517
f 2495/1068/517 2496/1069/517 2497/1070/517
f 2497/1070/517 2498/1071/517 2499/1072/517
f 2499/1072/517 2500/1073/517 2501/1074/517
f 2501/1074/517 2502/1075/517 2503/1076/517
f 2503/1076/517 2504/1077/517 2505/1078/517
f 2505/1078/517 2506/1079/517 2507/1080/517
f 2507/1080/517 2508/1081/517 2509/1082/517
f 2509/1082/517 2510/1083/517 2511/1084/517
f 2511/1084/517 2512/1085/517 2513/1086/517
f 2513/1086/517 2514/1087/517 2483/1056/517
f 2483/1056/517 2485/1058/517 2487/1060/517
f 2487/1060/517 2489/1062/517 2491/1064/517
f 2491/1064/517 2493/1066/517 2495/1068/517
f 2495/1068/517 2497/1070/517 2499/1072/517
f 2499/1072/517 2501/1074/517 2503/1076/517
f 2503/1076/517 2505/1078/517 2507/1080/517
f 2507/1080/517 2509/1082/517 2511/1084/517
f 2511/1084/517 2513/1086/517 2483/1056/517
f 2483/1056/517 2487/1060/517 2491/1064/517
f 2491/1064/517 2495/1068/517 2499/1072/517
f 2499/1072/517 2503/1076/517 2507/1080/517
f 2507/1080/517 2511/1084/517 2483/1056/517
f 2483/1056/517 2491/1064/517 2499/1072/517
f 2499/1072/517 2507/1080/517 2483/1056/517
f 2515/1088/518 2516/1089/518 2517/1090/518
f 2515/1088/518 2517/1090/518 2518/1091/518
f 2519/1092/519 2515/1088/519 2520/1093/519
f 2519/1092/519 2520/1093/519 2521/1094/519
f 2522/1095/520 2519/1092/520 2521/1094/520
f 2522/1095/520 2521/1094/520 2523/1096/520
f 2524/1097/521 2522/1095/521 2523/1096/521
f 2524/1097/521 2523/1096/521 2525/1098/521
f 2526/1099/522 2524/1097/522 2527/1100/522
f 2526/1099/522 2527/1100/522 2528/1101/522
f 2529/1102/523 2526/1099/523 2528/1101/523
f 2529/1102/523 2528/1101/523 2530/1103/523
f 2531/1104/524 2529/1102/524 2530/1103/524
f 2531/1104/524 2530/1103/524 2532/1105/524
f 2533/1106/525 2531/1104/525 2534/1107/525
f 2533/1106/525 2534/1107/525 2535/1108/525
f 2536/1109/526 2533/1106/526 2537/1110/526
f 2536/1109/526 2537/1110/526 2538/1111/526
f 2539/1112/527 2536/1109/527 2538/1111/527
f 2539/1112/527 2538/1111/527 2540/1113/527
f 2541/1114/528 2539/1112/528 2540/1113/528
f 2541/1114/528 2540/1113/528 2542/1115/528
f 2543/1116/529 2541/1114/529 2544/1117/529
f 2543/1116/529 2544/1117/529 2545/1118/529
f 2546/1119/530 2543/1116/530 2545/1118/530
f 2546/1119/530 2545/1118/530 2547/1120/530
f 2548/1121/531 2546/1119/531 2547/1120/531
f 2548/1121/531 2547/1120/531 2549/1122/531
f 2550/1123/532 2548/1121/532 2549/1122/532
f 2550/1123/532 2549/1122/532 2551/1124/532
f 2552/1125/533 2550/1123/533 2551/1124/533
f 2552/1125/533 2551/1124/533 2553/1126/533
f 2554/1127/534 2552/1125/534 2553/1126/534
f 2554/1127/534 2553/1126/534 2555/1128/534
f 2556/1129/535 2554/1127/535 2557/1130/535
f 2556/1129/535 2557/1130/535 2558/1131/535
f 2559/1132/536 2556/1129/536 2560/1133/536
f 2559/1132/536 2560/1133/536 2561/1134/536
f 2562/1135/537 2559/1132/537 2563/1136/537
f 2562/1135/537 2563/1136/537 2564/1137/537
f 2565/1138/538 2562/1135/538 2566/1139/538
f 2565/1138/538 2566/1139/538 2567/1140/538
f 2568/1141/539 2565/1138/539 2569/1142/539
f 2568/1141/539 2569/1142/539 2570/1143/539
f 2571/1144/540 2568/1141/540 2572/1145/540
f 2571/1144/540 2572/1145/540 2573/1146/540
f 2574/1147/541 2571/1144/541 2575/1148/541
f 2574/1147/541 2575/1148/541 2576/1149/541
f 2577/1150/542 2574/1147/542 2578/1151/542
f 2577/1150/542 2578/1151/542 2579/1152/542
f 2580/1153/543 2577/1150/543 2579/1152/543
f 2580/1153/543 2579/1152/543 2581/1154/543
f 2582/1155/544 2580/1153/544 2583/1156/544
f 2582/1155/544 2583/1156/544 2584/1157/544
f 2585/1158/545 2582/1155/545 2586/1159/545
f 2585/1158/545 2586/1159/545 2587/1160/545
f 2588/1161/546 2585/1158/546 2589/1162/546
f 2588/1161/546 2589/1162/546 2590/1163/546
f 2591/1164/547 2592/1165/547 2593/1166/547
f 2591/1164/547 2593/1166/547 2594/1167/547
f 2516/1089/548 2591/1164/548 2595/1168/548
f 2516/1089/548 2595/1168/548 2517/1090/548
f 2485/1058/549 2484/1057/549 2594/1167/549
f 2485/1058/549 2594/1167/549 2593/1166/549
f 2484/1057/550 2483/1056/550 2517/1090/550
f 2484/1057/550 2517/1090/550 2595/1168/550
f 2483/1056/551 2514/1087/551 2518/1091/551
f 2483/1056/551 2518/1091/551 2517/1090/551
f 2514/1087/552 2513/1086/552 2521/1094/552
f 2514/1087/552 2521/1094/552 2520/1093/552
f 2513/1086/553 2512/1085/553 2523/1096/553
f 2513/1086/553 2523/1096/553 2521/1094/553
f 2512/1085/554 2511/1084/554 2525/1098/554
f 2512/1085/554 2525/1098/554 2523/1096/554
f 2511/1084/555 2510/1083/555 2528/1101/555
f 2511/1084/555 2528/1101/555 2527/1100/555
f 2510/1083/556 2509/1082/556 2530/1103/556
f 2510/1083/556 2530/1103/556 2528/1101/556
f 2509/1082/557 2508/1081/557 2532/1105/557
f 2509/1082/557 2532/1105/557 2530/1103/557
f 2508/1081/558 2507/1080/558 2535/1108/558
f 2508/1081/558 2535/1108/558 2534/1107/558
f 2507/1080/559 2506/1079/559 2538/1111/559
f 2507/1080/559 2538/1111/559 2537/1110/559
f 2506/1079/560 2505/1078/560 2540/1113/560
f 2506/1079/560 2540/1113/560 2538/1111/560
f 2505/1078/561 2504/1077/561 2542/1115/561
f 2505/1078/561 2542/1115/561 2540/1113/561
f 2504/1077/562 2503/1076/562 2545/1118/562
f 2504/1077/562 2545/1118/562 2544/1117/562
f 2503/1076/563 2502/1075/563 2547/1120/563
f 2503/1076/563 2547/1120/563 2545/1118/563
f 2502/1075/564 2501/1074/564 2549/1122/564
f 2502/1075/564 2549/1122/564 2547/1120/564
f 2501/1074/565 2500/1073/565 2551/1124/565
f 2501/1074/565 2551/1124/565 2549/1122/565
f 2500/1073/566 2499/1072/566 2553/1126/566
f 2500/1073/566 2553/1126/566 2551/1124/566
f 2499/1072/567 2498/1071/567 2555/1128/567
f 2499/1072/567 2555/1128/567 2553/1126/567
f 2498/1071/568 2497/1070/568 2558/1131/568
f 2498/1071/568 2558/1131/568 2557/1130/568
f 2497/1070/569 2496/1069/569 2561/1134/569
f 2497/1070/569 2561/1134/569 2560/1133/569
f 2496/1069/570 2495/1068/570 2564/1137/570
f 2496/1069/570 2564/1137/570 2563/1136/570
f 2495/1068/571 2494/1067/571 2567/1140/571
f 2495/1068/571 2567/1140/571 2566/1139/571
f 2494/1067/572 2493/1066/572 2570/1143/572
f 2494/1067/572 2570/1143/572 2569/1142/572
f 2493/1066/573 2492/1065/573 2573/1146/573
f 2493/1066/573 2573/1146/573 2572/1145/573
f 2492/1065/574 2491/1064/574 2576/1149/574
f 2492/1065/574 2576/1149/574 2575/1148/574
f 2491/1064/575 2490/1063/575 2579/1152/575
f 2491/1064/575 2579/1152/575 2578/1151/575
f 2490/1063/576 2489/1062/576 2581/1154/576
f 2490/1063/576 2581/1154/576 2579/1152/576
f 2489/1062/577 2488/1061/577 2584/1157/577
f 2489/1062/577 2584/1157/577 2583/1156/577
f 2488/1061/578 2487/1060/578 2587/1160/578
f 2488/1061/578 2587/1160/578 2586/1159/578
f 2487/1060/579 2486/1059/579 2590/1163/579
f 2487/1060/579 2590/1163/579 2589/1162/579
f 2486/1059/580 2485/1058/580 2593/1166/580
f 2486/1059/580 2593/1166/580 2596/1169/580
f 2592/1165/581 2588/1161/581 2596/1169/581
f 2592/1165/581 2596/1169/581 2593/1166/581
# Vertices: 231, normals: 98, texture coordinates: 231, faces: 252

o obj5
v 0.27757587 3.44604099 -0.61456568
v 0.41348892 3.45942736 -0.61456568
v 0.54940198 3.44604099 -0.61456568
v 0.68009204 3.40639663 -0.61456568
v 0.8005366 3.34201771 -0.61456568
v 0.90610719 3.25537816 -0.61456568
v 0.99274671 3.14980763 -0.61456568
v 1.05712563 3.02936307 -0.61456568
v 1.09676999 2.89867301 -0.61456568
v 1.11015636 2.76275995 -0.61456568
v 1.09676999 2.62684689 -0.61456568
v 1.05712563 2.49615684 -0.61456568
v 0.99274671 2.37571228 -0.61456568
v 0.90610716 2.27014169 -0.61456568
v 0.8005366 2.18350214 -0.61456568
v 0.68009204 2.11912322 -0.61456568
v 0.54940198 2.07947886 -0.61456568
v 0.41348892 2.06609249 -0.61456568
v 0.27757587 2.07947886 -0.61456568
v 0.14688581 2.11912322 -0.61456568
v 0.02644125 2.18350214 -0.61456568
v -0.07912931 2.27014166 -0.61456568
v -0.16576886 2.37571228 -0.61456568
v -0.23014778 2.49615684 -0.61456568
v -0.26979214 2.62684689 -0.61456568
v -0.28317851 2.76275995 -0.61456568
v -0.26979214 2.89867301 -0.61456568
v -0.23014778 3.02936307 -0.61456568
v -0.16576886 3.14980763 -0.61456568
v -0.07912934 3.25537816 -0.61456568
v 0.02644125 3.34201771 -0.61456568
v 0.14688581 3.40639663 -0.61456568
vn -0 -1 -0
vt 0.71092 0.44645
vt 0.75 0.4503
vt 0.78908 0.44645
vt 0.82665 0.43505
vt 0.86128 0.41654
vt 0.89163 0.39163
vt 0.91654 0.36128
vt 0.93505 0.32665
vt 0.94645 0.28908
vt 0.9503 0.25
vt 0.94645 0.21092
vt 0.93505 0.17335
vt 0.91654 0.13872
vt 0.89163 0.10837
vt 0.86128 0.08346
vt 0.82665 0.06495
vt 0.78908 0.05355
vt 0.75 0.0497
vt 0.71092 0.05355
vt 0.67335 0.06495
vt 0.63872 0.08346
vt 0.60837 0.10837
vt 0.58346 0.13872
vt 0.56495 0.17335
vt 0.55355 0.21092
vt 0.5497 0.25
vt 0.55355 0.28908
vt 0.56495 0.32665
vt 0.58346 0.36128
vt 0.60837 0.39163
vt 0.63872 0.41654
vt 0.67335 0.43505
usemtl mat3
f 2597/1170/582 2598/1171/582 2599/1172/582
f 2599/1172/582 2600/1173/582 2601/1174/582
f 2601/1174/582 2602/1175/582 2603/1176/582
f 2603/1176/582 2604/1177/582 2605/1178/582
f 2605/1178/582 2606/1179/582 2607/1180/582
f 2607/1180/582 2608/1181/582 2609/1182/582
f 2609/1182/582 2610/1183/582 2611/1184/582
f 2611/1184/582 2612/1185/582 2613/1186/582
f 2613/1186/582 2614/1187/582 2615/1188/582
f 2615/1188/582 2616/1189/582 2617/1190/582
f 2617/1190/582 2618/1191/582 2619/1192/582
f 2619/1192/582 2620/1193/582 2621/1194/582
f 2621/1194/582 2622/1195/582 2623/1196/582
f 2623/1196/582 2624/1197/582 2625/1198/582
f 2625/1198/582 2626/1199/582 2627/1200/582
f 2627/1200/582 2628/1201/582 2597/1170/582
f 2597/1170/582 2599/1172/582 2601/1174/582
f 2601/1174/582 2603/1176/582 2605/1178/582
f 2605/1178/582 2607/1180/582 2609/1182/582
f 2609/1182/582 2611/1184/582 2613/1186/582
f 2613/1186/582 2615/1188/582 2617/1190/582
f 2617/1190/582 2619/1192/582 2621/1194/582
f 2621/1194/582 2623/1196/582 2625/1198/582
f 2625/1198/582 2627/1200/582 2597/1170/582
f 2597/1170/582 2601/1174/582 2605/1178/582
f 2605/1178/582 2609/1182/582 2613/1186/582
f 2613/1186/582 2617/1190/582 2621/1194/582
f 2621/1194/582 2625/1198/582 2597/1170/582
f 2597/1170/582 2605/1178/582 2613/1186/582
f 2613/1186/582 2621/1194/582 2597/1170/582
# Vertices: 32, normals: 1, texture coordinates: 32, faces: 30

