# Blender 5.1.2
# www.blender.org
mtllib cadaver_1.mtl
o DeadBodyCovered
v -0.998966 0.005281 -0.015358
v -0.739707 0.000503 0.668571
v 1.138293 0.005162 -0.601049
v 1.001291 0.010639 0.279697
v -0.212267 0.010612 0.546316
v -0.326477 0.004623 -0.534956
v 1.370542 0.004489 -0.050003
v 0.825680 0.003895 -0.549854
v 0.644094 0.083002 -0.088799
v -0.143826 0.019526 0.608308
v 1.089621 0.004224 -0.549321
v -0.766491 0.036975 -0.182554
v -0.859698 0.014235 -0.017925
v 0.538676 0.132473 -0.044480
v 0.550769 0.186313 -0.138330
v 0.717690 0.019166 0.010499
v 0.805954 0.031298 0.209868
v 0.624267 0.014496 -0.566402
v -0.305743 0.006803 -0.539472
v -0.319819 0.004947 0.420040
v 0.093065 0.257785 -0.004879
v -0.558044 0.006739 0.243996
v -0.387829 0.024136 0.269887
v 0.625020 0.125325 0.326385
v 0.822884 0.091261 0.353075
v 0.968148 0.006775 -0.449483
v 1.035588 0.008343 -0.460887
v 0.893280 0.104152 0.477299
v 0.473524 0.187609 0.128896
v 1.119080 0.006309 -0.568675
v -0.636113 0.000532 0.658695
v -0.247972 0.007763 0.358396
v -0.441671 0.008405 -0.364104
v 0.735099 0.086131 -0.243757
v 0.601094 0.085346 -0.245010
v 0.375698 0.023595 -0.304658
v 0.610571 0.176328 0.247469
v 0.782365 0.008864 0.612125
v 0.913619 0.036776 0.269030
v -0.746937 0.179514 -0.022482
v 0.892417 0.082951 -0.264282
v 0.538511 0.022925 -0.260700
v -1.054096 0.003846 0.431614
v 1.091813 0.007580 -0.180109
v -0.685184 0.083484 -0.134604
v 1.071045 0.021776 0.508033
v -0.293351 0.016924 -0.488811
v -0.217361 0.013860 -0.417067
v -0.268921 0.010314 0.517492
v 0.825932 0.071679 0.269326
v 0.580802 0.095782 -0.050644
v -0.677642 0.227600 -0.017908
v 0.958319 0.002739 0.042887
v 0.956819 0.022644 -0.122406
v -0.261072 0.008687 -0.395004
v -0.328270 0.007525 -0.375774
v 0.240000 0.043828 -0.408052
v 0.809081 0.005725 -0.404736
v -0.254837 0.080667 -0.385459
v 1.090442 0.039813 -0.391106
v -0.083895 0.011890 0.431320
v -0.303379 0.006097 0.468806
v 0.843175 0.094574 0.351848
v 0.576838 0.107778 0.028663
v -0.486518 0.113125 0.181016
v -0.474968 0.106458 -0.274850
v 1.324039 0.004112 -0.319961
v -0.360381 0.224772 -0.179886
v 0.416821 0.098032 -0.253137
v 0.781456 0.047090 -0.287700
v 0.512342 0.135274 -0.024712
v 0.974452 0.018340 -0.114334
v -0.723179 0.013821 0.135874
v 0.536811 0.204656 0.247905
v 0.611058 0.064007 0.084353
v 0.840590 0.054404 0.263429
v 0.913330 0.007146 0.203247
v 0.199052 0.114937 0.337108
v 0.784954 0.128157 0.300462
v 0.973785 0.100563 0.362988
v 0.957617 0.008897 0.544153
v -0.336389 0.005931 -0.429472
v 0.218743 0.022235 -0.432108
v 0.312668 0.009953 -0.457108
v 1.070703 0.133945 -0.379804
v 1.166964 0.004261 -0.675594
v 1.232879 0.000361 -0.700887
v -1.034181 0.000000 -0.631806
v -0.997385 0.005769 0.013305
v 1.364325 0.001098 0.329114
v -0.193819 0.005969 0.602727
v -0.160985 0.008004 0.606851
v 0.897841 0.007038 0.564266
v 0.719199 0.009810 -0.555678
v -0.360603 0.002951 -0.537059
v -0.766234 0.007949 -0.600559
v 0.968279 0.141921 0.468114
v 0.744403 0.095900 0.265000
v -0.543816 0.033082 0.232269
v 0.340482 0.227208 -0.076657
v 0.724789 0.142131 -0.175899
v 0.472917 0.005221 -0.324880
v 0.479699 0.210727 -0.141466
v 0.242768 0.017440 0.439426
v -1.047131 0.003342 -0.503841
v -1.019384 0.003463 -0.235746
v -0.992468 0.010018 -0.081640
v -0.998386 0.012961 0.051709
v 0.807010 0.007320 0.584818
v 0.823885 0.005195 0.575121
v 0.435543 0.003886 -0.573917
v -0.101029 0.005191 -0.573833
v -0.449309 0.002677 -0.551034
v 0.690591 0.007773 0.389362
v 0.911058 0.038989 -0.390206
v 1.042655 0.030808 -0.409883
v 0.651579 0.003863 -0.541631
v 0.173389 0.015083 -0.452651
v -0.512208 0.003752 -0.455290
v 0.175824 0.022568 0.443055
v -0.626773 0.005109 0.267980
v 0.642120 0.065759 0.141104
v -0.275039 0.274074 -0.091819
v -0.918767 0.008752 -0.040083
v 0.851141 0.080460 -0.243316
v 0.168612 0.119542 -0.270304
v -1.048185 0.001747 -0.459684
v -0.996159 0.002905 -0.056184
v -0.998994 0.014526 -0.027378
v -1.007019 0.003966 0.085327
v -1.051048 0.003089 0.343035
v -1.054635 0.005106 0.390210
v 0.247134 0.003662 0.635695
v 0.846405 0.006723 0.567896
v 0.873988 0.007346 0.563732
v 1.011376 0.005332 0.649035
v 1.015447 0.003591 -0.537115
v 0.999300 0.007806 -0.535023
v 0.776744 0.000134 -0.554566
v -0.157063 0.006495 -0.569564
v -0.525365 0.002952 -0.566690
v -0.734635 0.004100 -0.592998
v 1.179731 0.003789 0.326404
v -0.517480 0.131748 -0.174723
v 0.353866 0.014031 -0.339604
v -0.780781 0.017360 -0.099937
v 0.354191 0.233241 -0.113737
v -0.162566 0.013954 -0.447855
v 1.074278 0.003197 0.715597
v -1.000979 0.005175 -0.144650
v -0.994809 0.014084 0.026629
v -0.995888 0.007569 0.038061
v -1.042829 0.003244 0.283298
v -0.855630 0.009629 -0.005695
v -1.038642 0.001018 0.686365
v -0.428432 0.003106 0.623116
v -0.315610 0.002552 0.599756
v -0.284748 0.011304 0.594845
v 0.796231 0.007994 0.594647
v 0.925922 0.007358 0.567422
v 1.100937 0.004083 -0.552806
v 0.864012 0.001958 -0.542046
v 0.697512 0.006533 -0.565448
v 0.675318 0.004831 -0.568695
v -0.228742 0.012775 -0.556618
v 0.477973 0.147920 0.050618
v 1.293644 0.005356 -0.448395
v -0.184314 0.211884 -0.232694
v 0.087585 0.069082 -0.406498
v 0.164108 0.005281 -0.497565
v 0.236859 0.009051 -0.468571
v 1.068264 0.006758 0.578829
v -0.070565 0.003484 0.520229
v 0.882114 0.097779 0.321250
v -0.105507 0.110091 0.344371
v 0.431727 0.222072 0.146394
v -0.255558 0.249254 0.136234
v -0.640516 0.103747 0.104242
v -1.032506 0.001864 -0.309084
v 1.170820 0.003469 0.527897
v 1.376136 0.002376 0.025990
v 1.123238 0.011633 -0.179326
v 1.225740 0.005069 -0.114243
v 1.143852 0.018107 -0.279950
v -1.040703 0.004055 -0.365028
v 0.275291 0.157710 -0.247294
v 0.678886 0.101723 -0.230813
v 0.599205 0.112310 -0.234293
v 0.561705 0.142240 -0.218710
v -0.827751 0.022078 -0.035176
v -0.897362 0.006403 -0.116046
v 0.113928 0.231159 -0.136489
v -0.655290 0.005522 0.178388
v -0.771056 0.047431 0.118473
v -0.582747 0.170615 0.075796
v -0.201303 0.199724 0.202048
v -0.281430 0.275481 0.091234
v -0.411988 0.007021 0.287389
v 0.616481 0.063783 0.359009
v 0.741907 0.135436 0.282335
v 1.019453 0.110907 0.461635
v 0.981876 0.067757 0.314020
v 0.968822 0.048798 0.285742
v 0.829780 0.017963 0.479092
v 1.031683 0.029013 0.599746
v 1.015865 0.122680 0.503427
v -0.308141 0.015248 -0.366042
v 0.004407 0.018629 -0.408198
v -0.142535 0.021664 -0.436922
v 0.382953 0.003606 -0.379408
v 0.874082 0.016552 -0.380831
v 0.782513 0.006339 -0.486614
v 0.668821 0.007183 -0.500120
v -0.644856 0.008195 -0.495417
v -0.660744 0.003829 -0.462635
v 0.231585 0.006510 0.461984
v -0.135660 0.005021 0.442806
v 1.106355 0.004017 0.353615
v 0.097099 0.249718 0.131114
v -0.068389 0.264633 0.024053
v 0.914640 0.091737 -0.165151
v -0.746237 0.077588 -0.168680
v -0.698553 0.153078 -0.112014
v 1.092134 0.088417 -0.350808
v 0.965504 0.123047 -0.313824
v 0.922300 0.115500 -0.319230
v -0.802092 0.005209 -0.126395
v -0.380088 0.259420 0.074446
v 0.902630 0.089004 0.311543
v 1.094417 0.004651 0.487743
v 0.048686 0.005992 -0.585181
v 0.569023 0.003962 -0.568831
v 0.301700 0.018966 -0.410381
v -0.502606 0.007592 -0.386808
v 0.840413 0.041746 0.460944
v 0.561224 0.165915 0.185631
v 0.658744 0.072363 0.176883
v -0.445417 0.167722 0.197380
v -0.578606 0.117860 -0.148574
v -0.737567 0.180918 -0.065501
v 0.893288 0.119516 -0.208043
v 0.695107 0.005031 -0.284398
v 1.120704 0.016484 -0.311490
v -0.931804 0.004534 -0.223537
v -0.982915 0.007947 -0.260497
v -0.773316 0.017648 -0.207614
v -0.108788 0.140830 -0.320030
v 0.017476 0.100389 -0.377876
v 0.172184 0.105372 -0.298970
v 0.352283 0.189881 -0.224848
v 0.768788 0.040380 -0.265954
v 1.118234 0.040213 -0.229037
v -0.926198 0.005516 -0.071881
v -0.756792 0.056546 -0.113125
v 0.428600 0.180954 0.020633
v 0.642693 0.044027 0.009636
v 0.572164 0.104774 -0.014042
v 0.860315 0.013290 -0.060402
v 0.792037 0.031641 -0.013508
v 0.788877 0.092383 -0.128606
v -0.362744 0.181810 0.237145
v 0.300794 0.234158 0.242436
v 0.802324 0.022514 0.139741
v 0.730857 0.007361 0.108806
v 0.943811 0.022437 0.223711
v -0.473246 0.007737 0.317019
v -0.501631 0.008208 0.260293
v -0.189086 0.011795 0.359010
v -0.122120 0.054740 0.386325
v -0.102830 0.010561 0.391440
v 0.111450 0.113757 0.317592
v 0.344473 0.172219 0.296903
v 0.465539 0.114219 0.317220
v 0.601078 0.154263 0.274084
v 0.843825 0.095391 0.397869
v -0.224829 0.014708 0.490084
v -0.024062 0.003158 0.624105
v 0.830364 0.014759 0.536516
v 0.968422 0.118229 0.545350
v -0.413087 0.007196 -0.352272
v -0.338497 0.013690 -0.480910
v 0.002461 0.044221 -0.411162
v 0.445253 0.006246 -0.383882
v 0.601888 0.002508 -0.510939
v 0.939419 0.071854 -0.388087
v 0.184205 0.012839 -0.544955
v -0.205657 0.006614 -0.460278
v -0.453082 0.004051 -0.465586
v -0.624684 0.004557 -0.513042
v 0.890518 0.093826 0.524788
v -0.461917 0.016498 0.293726
v 0.812757 0.004737 0.101698
v 0.440939 0.169127 0.072935
v -0.503021 0.156967 0.102513
v -0.793611 0.005386 0.065741
v 0.649046 0.156897 -0.148056
v 1.256415 0.001028 -0.621306
v 0.212866 0.087170 -0.362397
v -0.423366 0.121891 0.257496
v -0.164629 0.008040 0.406665
v 0.033812 0.009511 0.413681
v 0.267519 0.046506 0.411332
v 0.733121 0.027729 0.385844
v -0.406212 0.003205 -0.540864
v 0.998223 0.005725 -0.418971
v -0.166496 0.005748 -0.410607
v 0.535189 0.003295 0.516306
v 1.099675 0.008299 0.391066
v 0.822912 0.105473 0.297997
v 0.008899 0.091024 0.383023
v -0.295100 0.009888 0.306204
v 1.035739 0.004151 0.226955
v 0.134608 0.252589 0.082173
v -0.552334 0.109735 0.141967
v -0.895540 0.008338 0.037486
v 1.163096 0.001986 -0.100958
v -0.196594 0.266781 -0.073807
v 1.045773 0.125953 -0.409196
v 0.997349 0.133747 -0.265253
v 1.085601 0.064203 -0.266379
v 0.252739 0.123267 -0.258233
v -0.203500 0.143974 -0.298788
v -0.411104 0.164240 -0.278051
v 1.162377 0.004893 -0.496093
v 1.062980 0.011677 0.680886
v 1.175550 0.014334 0.493493
v 1.224401 0.005164 -0.229555
v 1.131054 0.025073 -0.254908
v -0.849771 0.007846 -0.269547
v -1.004369 0.003562 -0.176623
v -0.620171 0.103801 -0.149284
v -0.534807 0.006321 -0.279890
v -0.524499 0.013106 -0.275656
v -0.214132 0.105006 -0.362147
v 0.105679 0.174384 -0.207612
v 0.263566 0.073152 -0.316202
v 0.292836 0.038879 -0.377937
v 0.519654 0.050526 -0.243237
v 0.867954 0.115378 -0.183990
v 0.937468 0.116002 -0.228920
v -0.803612 0.064919 -0.001450
v -0.783524 0.105784 -0.067773
v -0.817922 0.038456 -0.035528
v -0.522191 0.176248 -0.118777
v -0.377534 0.267193 -0.006549
v -0.095674 0.238594 -0.154505
v 0.414662 0.223254 -0.113596
v 0.485312 0.197124 -0.183490
v 0.862639 0.060923 -0.103412
v 0.791614 0.006504 0.023379
v 0.937775 0.005425 -0.072117
v 0.774462 0.044898 -0.083819
v 0.834702 0.061390 -0.127547
v 0.923949 0.008887 0.003170
v 0.999015 0.005425 -0.106490
v -0.378478 0.271025 0.055730
v -0.077409 0.255717 0.124028
v 0.165319 0.234861 0.217829
v 0.124549 0.178117 0.249463
v 0.502194 0.206293 0.257817
v 0.506044 0.197543 0.169972
v 0.563356 0.194170 0.231652
v 0.848942 0.007202 0.167750
v 0.732297 0.023222 0.154393
v 0.748760 0.066836 0.217279
v 0.942102 0.003580 0.148158
v -0.593185 0.009812 0.226833
v -0.310191 0.005434 0.308043
v 0.264830 0.090126 0.331319
v 0.136663 0.054390 0.421630
v 0.380378 0.036630 0.346813
v 0.765399 0.095559 0.370271
v 1.089564 0.014659 0.435046
v 1.056393 0.062101 0.491222
v 1.049437 0.041418 0.459878
v 1.078407 0.008263 0.464755
v 0.996762 0.081340 0.377327
v 0.999791 0.117218 0.431648
v 1.035830 0.069385 0.442266
v -0.197759 0.006574 0.550054
v -0.338925 0.010926 0.605628
v -0.310388 0.005923 0.546647
v -0.281929 0.005622 0.551095
v 0.732735 0.002156 0.621874
v 0.882054 0.009632 0.530144
v 0.737220 0.025149 0.401897
v 0.982135 0.135781 0.516546
v -0.206265 0.073541 -0.391772
v 0.878967 0.017965 -0.410802
v 1.073601 0.083898 -0.424265
v 0.983240 0.005423 -0.535082
v 0.383484 0.003928 -0.575267
v 0.503849 0.007035 -0.472921
v 0.032788 0.004466 -0.471281
v -0.251206 0.013259 -0.487141
v -0.419708 0.012046 -0.429188
v -0.701950 0.005316 -0.592460
v 1.046786 0.027255 0.518461
v 0.345892 0.004802 0.525410
v 0.346108 0.005663 0.448529
v 0.040300 0.007361 0.473503
v -0.195122 0.004463 0.409348
v 0.638122 0.166736 0.237444
v 0.685626 0.154994 0.286207
v -0.503308 0.072810 0.221932
v 0.829182 0.008009 0.069881
v -0.793019 0.012792 0.031141
v 1.061529 0.006043 -0.150185
v 0.131757 0.234768 -0.094449
v -0.483650 0.174164 -0.138204
v -0.538720 0.212461 -0.089067
v 1.122099 0.015563 -0.362133
v 0.683201 0.065001 -0.258427
v -0.450439 0.112450 -0.288036
v -0.629025 0.005702 -0.224480
v 1.309127 0.005284 -0.385310
v -0.432360 0.052010 -0.326141
v -0.238501 0.100224 -0.379270
v -0.028272 0.187355 -0.205755
v 0.743989 0.014664 0.421637
v 1.087255 0.005889 0.541765
v -0.597205 0.005006 -0.579745
v 0.762128 0.001624 -0.389583
v 0.103997 0.016109 0.441467
v 0.145825 0.004715 0.491130
v -0.119307 0.003687 0.545539
v -0.626923 0.005381 0.602824
v 0.970657 0.005663 0.237887
v 0.793029 0.079991 0.269135
v 0.620429 0.098044 0.350592
v 0.157581 0.152598 0.281207
v 0.167005 0.109741 0.329243
v -0.279202 0.035338 0.321454
v -0.191521 0.034915 0.359928
v 0.602681 0.142315 0.211990
v 0.324436 0.248955 0.205033
v 0.203960 0.254993 0.181428
v -0.557673 0.186173 0.051759
v -0.714935 0.037089 0.113892
v 1.031154 0.051829 -0.160729
v 1.002023 0.086166 -0.182108
v 0.976449 0.006731 -0.053743
v 0.699839 0.042318 -0.063637
v 0.389888 0.198854 -0.008008
v 0.469991 0.191865 -0.078135
v -0.327955 0.252193 -0.146004
v -0.943407 0.009054 -0.158175
v -0.792546 0.034088 -0.057487
v 0.824273 0.118626 -0.170455
v 0.213536 0.129537 -0.250423
v 0.038130 0.157999 -0.265586
v -0.460503 0.016677 -0.288723
v -0.642705 0.032523 -0.195493
v 1.149743 0.005127 -0.301286
v 1.182848 0.007818 -0.204497
v 1.373143 0.001057 0.205188
v 1.353120 0.002765 0.431692
v 1.117104 0.020866 -0.470259
v 1.118344 0.002098 0.730212
v 1.200204 0.003095 0.449316
v 1.169565 0.015269 -0.160231
v 1.111655 0.009100 -0.396319
v -0.940434 0.011807 -0.204127
v -0.688416 0.018897 -0.178981
v -0.716929 0.037401 -0.161227
v -0.477158 0.131458 -0.238444
v -0.554218 0.026512 -0.261437
v -0.245772 0.182460 -0.249470
v -0.337062 0.196382 -0.240090
v 0.318883 0.169053 -0.244631
v 0.324731 0.101409 -0.262976
v 0.269109 0.088933 -0.287224
v 0.563275 0.169796 -0.190435
v 0.778844 0.134239 -0.165742
v 0.787449 0.078145 -0.246766
v 1.052661 0.138510 -0.302010
v 1.015239 0.121324 -0.251346
v 0.961326 0.131987 -0.352455
v 1.044593 0.151023 -0.350117
v -0.937481 0.011814 -0.056243
v -0.998380 0.007489 -0.095132
v -0.842912 0.012761 -0.046270
v -0.808671 0.095607 -0.031319
v -0.773810 0.142883 0.015638
v -0.615210 0.201961 -0.102510
v -0.383423 0.269104 -0.070787
v 0.172379 0.225138 -0.044714
v 0.217058 0.223419 0.037353
v 0.169105 0.226087 -0.180933
v 0.384572 0.207122 -0.063221
v 0.279082 0.215391 -0.028352
v 0.714697 0.009326 0.040271
v 0.601815 0.171473 -0.152860
v 0.505980 0.184476 -0.088427
v 0.849678 0.005973 0.033677
v 0.771423 0.031334 -0.061763
v -0.919304 0.004533 0.176274
v -0.841869 0.005309 0.069942
v -0.788733 0.104732 0.024894
v -0.767197 0.029921 0.072102
v -0.743148 0.136744 0.076754
v -0.470254 0.107245 0.215530
v -0.645092 0.193763 0.042050
v -0.409641 0.198305 0.188632
v -0.423973 0.169354 0.219837
v -0.177096 0.222460 0.149088
v -0.209939 0.274265 0.083080
v 0.252201 0.196981 0.280924
v 0.178639 0.251925 0.110177
v 0.393756 0.211553 0.108422
v 0.651735 0.120373 0.225400
v 0.534741 0.126395 0.114063
v 0.865565 0.052544 0.243252
v 0.930377 0.007899 0.097335
v 0.958107 0.004233 0.119601
v -0.985626 0.004407 0.379310
v -0.583629 0.004794 0.416787
v -0.633143 0.037193 0.158577
v -0.584392 0.010015 0.265441
v -0.344210 0.145738 0.266040
v -0.168957 0.092746 0.340008
v 0.218220 0.067429 0.410718
v 0.154504 0.084026 0.394133
v 0.131720 0.110693 0.329536
v 0.448921 0.028345 0.343496
v 0.725287 0.073229 0.380036
v 0.544153 0.118006 0.324463
v 0.568698 0.011217 0.361037
v 0.917981 0.108893 0.438597
v 0.875222 0.102154 0.404081
v 0.766490 0.081416 0.380082
v 0.834225 0.104997 0.328141
v 1.048821 0.045096 0.435740
v 1.006492 0.047827 0.324287
v -0.361754 0.004768 0.610775
v -0.119553 0.004778 0.614176
v 0.176669 0.004566 0.635460
v 0.477583 0.005621 0.623737
v 0.898681 0.048152 0.512868
v 0.894475 0.025112 0.513256
v 0.916971 0.015022 0.535750
v 0.923488 0.037826 0.516340
v 0.800616 0.006824 0.518994
v 1.003240 0.114244 0.541513
v -1.046981 0.003818 -0.426201
v -0.984278 0.003305 -0.627797
v -0.383432 0.010327 -0.329309
v -0.539834 0.004164 -0.411455
v -0.566490 0.004739 -0.326925
v -0.568831 0.005193 -0.516751
v -0.479464 0.011484 -0.468620
v -0.258440 0.030139 -0.382925
v -0.143718 0.079012 -0.396057
v -0.146196 0.016863 -0.404338
v 0.217199 0.026584 -0.423925
v 0.130312 0.004575 -0.590748
v 0.294363 0.019531 -0.396120
v 0.434858 0.009460 -0.306587
v 0.322288 0.004521 -0.581823
v 0.673423 0.002995 -0.336843
v 0.891005 0.049325 -0.346468
v 0.918892 0.010653 -0.411344
v 0.238812 0.007201 -0.505495
v -0.238624 0.018270 -0.467923
v -0.388269 0.004666 -0.422663
v -0.408761 0.004605 -0.471677
v 1.079934 0.015799 0.491442
v 0.946366 0.084367 0.548604
v 1.047952 0.017361 0.407644
v 0.172420 0.136015 0.309225
v -0.064510 0.136391 0.307829
v 0.020844 0.117110 0.328111
v -0.209834 0.085280 0.341594
v -0.439778 0.067430 0.273488
v -0.723504 0.186028 0.036398
v -0.713809 0.164876 0.059089
v -0.774812 0.021097 0.093293
v 0.640771 0.161641 -0.161600
v 0.715747 0.073785 -0.088096
v 0.702280 0.112993 -0.150400
v 0.206521 0.237423 -0.110285
v -0.190476 0.259322 -0.117968
v -0.737677 0.135690 -0.132185
v -0.717100 0.173127 -0.102572
v -0.814616 0.005606 -0.068446
v 0.824169 0.055545 -0.268264
v 0.461619 0.072825 -0.244256
v -0.290270 0.116623 -0.354916
v -0.468324 0.030209 -0.280551
v -0.434236 0.013773 -0.325860
v -0.574388 0.005143 -0.262644
v -0.932286 0.006429 -0.399471
v 1.174320 0.006385 -0.415831
v 1.226504 0.001943 -0.350785
v 1.156294 0.007607 -0.661860
v 1.351604 0.003946 -0.183726
v -0.674886 0.160984 -0.115290
v -0.806727 0.010333 0.020943
v -0.821719 0.025887 -0.004456
v -0.670871 0.169547 0.064997
v -0.513270 0.180421 0.069968
v -0.220492 0.155700 0.242367
v -0.009973 0.170474 0.245715
v 0.566269 0.144086 0.311844
v 0.934130 0.132139 0.487976
v 1.128892 0.015332 0.502427
v -0.819617 0.005106 -0.609868
v -0.394805 0.009664 -0.538599
v -0.255880 0.004620 -0.551458
v 0.891507 0.003278 -0.493538
v 1.018384 0.098229 -0.410164
v 1.054097 0.020419 -0.421719
v 1.104047 0.029674 -0.479165
v 0.589967 0.010148 -0.537717
v 0.512943 0.001479 -0.430868
v 0.141605 0.007052 -0.426625
v 0.234410 0.017604 -0.444618
v -0.066051 0.006055 -0.412079
v -0.277931 0.012547 -0.415384
v -0.295032 0.004035 -0.428918
v -0.323028 0.015662 -0.417317
v -0.224051 0.019195 -0.383884
v -0.235543 0.012758 -0.392811
v -0.386651 0.013057 -0.387919
v -0.098178 0.009007 0.563059
v 1.024573 0.036948 0.404331
v 1.113849 0.004720 0.439865
v 0.858684 0.115870 0.320486
v 0.923777 0.137306 0.411947
v 0.746077 0.103708 0.326255
v 0.518251 0.057954 0.331452
v 0.388328 0.243046 0.176560
v 0.500899 0.214304 0.208225
v -0.076138 0.252967 0.082985
v -0.305664 0.245232 0.143477
v 0.846159 0.111330 -0.157480
v 0.809047 0.115583 -0.147221
v 0.591036 0.138959 -0.102923
v -0.143613 0.256831 -0.110944
v -0.066161 0.259730 -0.047117
v -0.591271 0.229778 -0.075004
v -0.953905 0.004857 -0.186319
v 0.930841 0.135501 -0.256642
v -0.445417 0.146966 -0.272612
v 1.376757 0.002365 0.102850
v 1.236650 0.002565 0.463157
v 1.148268 0.005821 -0.644215
v 1.297531 0.000712 0.761611
v 1.329762 0.000525 0.579832
v 1.148404 0.001338 0.668188
v 1.172995 0.002269 0.584701
v 1.175505 0.000573 0.397278
v 1.129245 0.008516 -0.381288
v -0.824022 0.006784 -0.197751
v -1.012488 0.014423 -0.209150
v -0.796165 0.018167 -0.214773
v -0.537967 0.114057 -0.186273
v -0.472302 0.153872 -0.226260
v -0.540183 0.055094 -0.222706
v -0.519186 0.074428 -0.221444
v -0.515938 0.041061 -0.269347
v -0.234606 0.241769 -0.184865
v -0.403275 0.051498 -0.327995
v -0.340128 0.040876 -0.358744
v -0.395014 0.108842 -0.322857
v -0.110004 0.115457 -0.368333
v 0.432309 0.149545 -0.237945
v 0.652211 0.129958 -0.216409
v 0.679848 0.142387 -0.173092
v 0.671351 0.151327 -0.196444
v 0.546791 0.110569 -0.233505
v 0.619971 0.139331 -0.190164
v 0.905801 0.096141 -0.251590
v 0.756618 0.134650 -0.190833
v 0.817535 0.024641 -0.320016
v 1.069323 0.055807 -0.239989
v 1.013007 0.149375 -0.367936
v 0.987784 0.126050 -0.390551
v 0.939776 0.099271 -0.374177
v 1.017924 0.153575 -0.343824
v 0.991022 0.154010 -0.296904
v -0.965028 0.005978 -0.092217
v -0.936146 0.013740 -0.099619
v -0.795157 0.127293 -0.032660
v -0.773017 0.016707 -0.148204
v -0.751558 0.133077 -0.095603
v -0.534477 0.252698 -0.043912
v -0.666897 0.231088 -0.042062
v -0.611989 0.225486 0.010437
v -0.576346 0.176547 -0.126224
v -0.274781 0.282271 0.045212
v -0.406949 0.216013 -0.131254
v -0.163331 0.219755 -0.176708
v -0.071663 0.240880 -0.107657
v 0.499036 0.139358 0.013855
v 0.458207 0.187122 -0.025030
v 0.352419 0.216544 -0.187002
v 0.356519 0.230454 -0.148391
v 1.030545 0.001356 -0.006934
v 1.052190 0.005842 -0.076108
v -0.947184 0.010716 0.041478
v -0.787516 0.023120 0.138539
v -0.717558 0.004134 0.165286
v -0.773068 0.039200 0.046068
v -0.753420 0.109909 0.072251
v -0.511597 0.081761 0.190916
v -0.597832 0.095333 0.114938
v -0.349348 0.233869 0.153231
v -0.165669 0.258473 0.114206
v 0.337739 0.247376 0.144539
v 0.359328 0.246693 0.141906
v 0.367234 0.234472 0.080618
v 0.837040 0.036822 0.201041
v 0.869452 0.017454 0.211564
v -0.944577 0.006222 0.315424
v -0.485023 0.029653 0.242666
v -0.241903 0.007953 0.328808
v -0.387712 0.130577 0.256961
v -0.398517 0.079650 0.261115
v -0.323828 0.087681 0.295889
v -0.001555 0.045087 0.411081
v -0.173697 0.057185 0.362226
v 0.216556 0.017004 0.447026
v 0.356740 0.086910 0.318154
v 0.344259 0.005170 0.396350
v 0.447454 0.192663 0.282124
v 0.699045 0.096066 0.348143
v 0.775964 0.052122 0.384088
v 0.598509 0.020431 0.357078
v 0.758336 0.137677 0.303452
v 1.065441 0.010489 0.409874
v 1.146947 0.009344 0.482670
v 0.952384 0.116444 0.405015
v 0.954338 0.058916 0.299840
v 1.023129 0.006931 0.310923
v -0.735172 0.002208 0.565477
v -0.712154 0.004696 0.526113
v -0.212420 0.018620 0.596743
v -0.224963 0.008451 0.595324
v -0.267125 0.002035 0.594610
v -0.259780 0.005767 0.473599
v -0.043500 0.010200 0.535982
v 0.011520 0.008534 0.625658
v -0.069045 0.003585 0.621066
v -0.131972 0.013267 0.410940
v 0.190544 0.009526 0.508135
v 0.517293 0.001912 0.623021
v 0.686060 0.002548 0.464478
v 0.858535 0.038534 0.517590
v 0.917190 0.008780 0.562897
v 0.765232 0.004194 0.620355
v 1.051207 0.006250 0.699457
v 0.974365 0.040016 0.553334
v 0.967412 0.005395 0.606112
v 1.013624 0.063699 0.564147
v -0.746041 0.004398 -0.480641
v -0.469031 0.006097 -0.302472
v -0.171700 0.041556 -0.405252
v -0.370843 0.004201 -0.343287
v -0.360918 0.013866 -0.403240
v -0.356767 0.006954 -0.445167
v -0.088424 0.045050 -0.412681
v -0.190742 0.004237 -0.564309
v -0.171720 0.006522 -0.485568
v -0.119904 0.006110 -0.485619
v 0.275025 0.004133 -0.452318
v 0.191695 0.003465 -0.590782
v 1.087007 0.052510 -0.443717
v 1.068931 0.116529 -0.409818
v 0.991934 0.013885 -0.404617
v 1.063424 0.008254 -0.462197
v 1.139363 0.013302 -0.549496
v 0.444694 0.004218 -0.449103
v 0.201611 0.004339 -0.475770
v -0.067346 0.006597 -0.437103
v -0.279074 0.005798 -0.479096
v -0.286870 0.010583 -0.545626
v -0.426710 0.011500 -0.545764
v -0.602203 0.008151 -0.521801
v 0.910655 0.099539 0.533415
v 0.941112 0.123246 0.528819
v 0.182144 0.024844 0.462322
v -0.045643 0.009679 0.404612
v -0.029524 0.010038 0.427693
v -0.604110 0.003891 0.570576
v 1.068986 0.005589 0.322970
v 0.224557 0.153226 0.295739
v -0.248795 0.125960 0.301579
v -0.254617 0.071003 0.336127
v -0.454819 0.073364 0.233787
v -0.446099 0.015360 0.294245
v -0.812310 0.008854 0.168909
v 0.868520 0.003130 0.067085
v 0.910975 0.001684 0.069840
v 0.520149 0.145033 0.074023
v 0.052322 0.247911 0.176023
v -0.444929 0.214592 0.083900
v -0.698958 0.087261 0.089796
v 0.881498 0.094236 -0.170548
v 0.914211 0.028529 -0.118658
v 0.677488 0.100638 -0.110741
v -0.270261 0.255756 -0.163365
v 1.067904 0.135145 -0.331438
v 1.047307 0.142395 -0.392634
v 1.087346 0.070594 -0.301898
v 0.708023 0.019088 -0.266226
v 0.418789 0.037107 -0.275931
v 0.226490 0.103752 -0.315359
v 0.261616 0.103787 -0.280271
v -0.423504 0.107443 -0.315723
v -0.728329 0.005505 -0.201691
v 1.182147 0.004163 -0.685315
vn 0.0631 0.9980 -0.0104
vn 0.0250 0.9927 -0.1182
vn 0.0315 0.9987 -0.0398
vn 0.0069 0.9999 0.0085
vn 0.0386 0.9992 -0.0034
vn 0.0253 0.9996 0.0157
vn -0.0545 0.9983 0.0199
vn 0.0104 0.9999 0.0062
vn 0.0516 0.9984 0.0216
vn 0.0289 0.9943 -0.1030
vn 0.0704 0.9841 -0.1633
vn 0.0808 0.9947 -0.0643
vn -0.1022 0.3125 0.9444
vn -0.2177 0.1378 0.9662
vn -0.1483 0.3886 0.9094
vn -0.1864 0.9577 0.2193
vn -0.0584 0.8545 0.5161
vn -0.0470 0.9437 0.3273
vn 0.0412 0.9991 0.0103
vn 0.0055 1.0000 -0.0021
vn 0.4758 0.6116 0.6320
vn 0.1396 0.9463 0.2916
vn -0.1158 0.5937 0.7963
vn 0.1419 0.9426 -0.3023
vn 0.0047 0.9885 -0.1512
vn 0.0950 0.9904 -0.1004
vn -0.3714 0.8096 -0.4546
vn -0.3934 0.7667 -0.5073
vn -0.1166 0.6919 -0.7126
vn 0.1192 0.9874 0.1040
vn 0.0813 0.9716 -0.2220
vn 0.0197 0.9997 0.0144
vn 0.0750 0.9951 0.0649
vn 0.0682 0.9744 0.2142
vn -0.0019 0.9999 0.0149
vn 0.0083 0.9997 0.0227
vn 0.0047 0.9998 0.0169
vn 0.6599 0.7413 0.1223
vn 0.0550 0.9927 -0.1073
vn 0.4854 0.7924 -0.3695
vn 0.4457 0.8676 -0.2203
vn 0.7601 0.5158 -0.3952
vn 0.1827 0.9735 0.1373
vn 0.3171 0.9475 0.0419
vn 0.5072 0.7840 -0.3580
vn 0.6294 0.7438 -0.2250
vn 0.5477 0.7852 -0.2889
vn -0.2809 0.5723 0.7704
vn -0.0563 0.5771 0.8147
vn -0.4729 0.7233 0.5032
vn 0.0004 0.9997 0.0263
vn 0.1128 0.9786 -0.1720
vn 0.0410 0.9948 -0.0937
vn -0.0509 0.9984 0.0254
vn 0.3568 0.9226 -0.1464
vn 0.4906 0.8660 0.0969
vn 0.4766 0.8533 -0.2114
vn 0.2443 0.9645 0.0999
vn 0.4937 0.8596 0.1319
vn 0.5545 0.8244 -0.1135
vn -0.2298 0.9231 0.3084
vn -0.3775 0.6249 0.6834
vn -0.3824 0.6636 0.6430
vn -0.2152 0.9762 -0.0281
vn 0.0675 0.9954 0.0680
vn -0.1763 0.8873 -0.4261
vn 0.0149 0.9982 0.0577
vn -0.1006 0.9921 -0.0750
vn -0.0072 0.9999 -0.0108
vn -0.6726 0.7389 0.0408
vn -0.1707 0.9823 0.0773
vn -0.2173 0.9761 -0.0100
vn 0.2114 0.8347 -0.5085
vn 0.1165 0.7553 -0.6450
vn 0.1773 0.8039 -0.5678
vn 0.4355 0.8532 -0.2869
vn 0.3249 0.9324 -0.1586
vn 0.2847 0.8930 0.3485
vn -0.0443 0.9951 0.0882
vn -0.0583 0.9940 0.0928
vn -0.1160 0.9870 0.1116
vn 0.1940 0.7610 0.6191
vn 0.3868 0.6220 0.6808
vn 0.1987 0.8126 0.5479
vn -0.3903 0.9197 0.0429
vn -0.5252 0.8452 0.0985
vn -0.4183 0.5726 0.7051
vn -0.1248 0.9141 0.3859
vn -0.2202 0.9140 0.3409
vn -0.0023 0.9993 -0.0366
vn 0.1983 0.8848 -0.4216
vn 0.5658 0.8160 -0.1184
vn -0.0540 0.9985 -0.0085
vn 0.0081 0.9998 -0.0168
vn 0.0037 0.9998 -0.0172
vn -0.0506 0.9986 -0.0155
vn 0.1835 0.9830 -0.0061
vn -0.0577 0.9983 0.0071
vn -0.0124 0.9997 -0.0207
vn -0.1831 0.9827 -0.0273
vn 0.0524 0.9947 0.0888
vn -0.0737 0.9960 0.0506
vn 0.0011 0.9993 0.0367
vn 0.0713 0.9938 -0.0852
vn -0.2062 0.9683 -0.1411
vn -0.3123 0.8989 -0.3073
vn -0.1858 0.9750 -0.1218
vn -0.0596 0.9928 -0.1043
vn 0.1204 0.9885 -0.0910
vn 0.0135 0.9992 -0.0373
vn 0.3267 0.7016 0.6333
vn 0.5660 0.7713 0.2912
vn -0.2415 0.1523 -0.9584
vn 0.4205 0.3279 -0.8460
vn -0.3343 0.2580 -0.9065
vn -0.4376 0.5810 0.6863
vn -0.6130 0.3883 0.6881
vn -0.6391 0.4440 0.6280
vn 0.4753 0.8759 0.0833
vn -0.0277 0.9349 -0.3539
vn 0.1714 0.8456 -0.5056
vn -0.3599 0.9035 -0.2328
vn -0.1423 0.9676 -0.2087
vn -0.0820 0.9921 -0.0954
vn 0.3629 0.7633 0.5345
vn 0.6193 0.7074 0.3406
vn 0.5455 0.7465 0.3809
vn -0.0135 0.9971 0.0749
vn 0.0652 0.9807 0.1844
vn -0.1131 0.8526 -0.5103
vn -0.0512 0.9987 -0.0049
vn -0.0288 0.9990 -0.0351
vn 0.0742 0.7204 -0.6895
vn 0.2782 0.8976 -0.3419
vn 0.0120 0.9345 -0.3556
vn 0.9089 0.4070 0.0907
vn 0.3175 0.4526 0.8333
vn 0.6919 0.6086 0.3884
vn 0.0679 0.9536 -0.2934
vn 0.1911 0.9464 -0.2603
vn 0.0682 0.9827 -0.1725
vn 0.1124 0.9780 -0.1755
vn -0.0622 0.9980 -0.0085
vn 0.1635 0.9813 -0.1011
vn 0.0119 0.9999 -0.0039
vn 0.0035 0.9976 -0.0698
vn -0.5309 0.6629 0.5280
vn 0.0617 0.7316 -0.6789
vn -0.0020 0.9999 -0.0147
vn 0.0866 0.9960 -0.0222
vn -0.1867 0.9743 -0.1262
vn -0.0998 0.9774 -0.1862
vn 0.0116 0.9995 0.0295
vn -0.0930 0.7296 0.6776
vn -0.1882 0.5456 0.8166
vn -0.3269 0.5872 0.7405
vn -0.0115 0.9994 0.0336
vn 0.0424 0.9980 -0.0459
vn 0.0409 0.9886 -0.1451
vn 0.7257 0.6470 -0.2340
vn -0.3216 0.7296 0.6035
vn -0.3174 -0.1377 0.9383
vn -0.1202 0.8690 0.4799
vn -0.0764 0.9864 0.1454
vn 0.0177 0.9776 0.2099
vn 0.2693 0.6894 -0.6724
vn 0.4045 0.6537 -0.6395
vn 0.3001 0.7842 -0.5431
vn 0.0086 0.9999 0.0146
vn -0.1684 0.9850 0.0368
vn -0.0432 0.9977 0.0529
vn 0.0235 0.9989 0.0400
vn -0.1226 0.7418 0.6593
vn -0.1521 0.7492 0.6446
vn -0.0213 0.9997 0.0092
vn 0.0263 0.9995 0.0174
vn -0.0229 0.8337 0.5517
vn -0.0390 0.7434 0.6677
vn -0.0037 0.8186 0.5743
vn -0.6370 0.5876 0.4989
vn -0.4460 0.5797 0.6820
vn -0.0083 0.9999 0.0092
vn -0.0212 0.9998 -0.0040
vn 0.0083 0.9995 -0.0302
vn -0.0471 0.9976 -0.0499
vn 0.1650 0.9854 -0.0410
vn -0.2991 0.9529 -0.0507
vn -0.0054 0.9999 0.0097
vn -0.1174 0.9928 -0.0249
vn -0.0124 0.9999 0.0025
vn 0.1440 0.8460 0.5133
vn 0.0343 0.7058 0.7075
vn -0.0253 0.7866 0.6170
vn -0.0154 0.8526 0.5223
vn -0.0184 0.8086 0.5881
vn 0.7898 0.5180 -0.3286
vn 0.5314 0.7700 -0.3531
vn 0.8312 0.4254 -0.3579
vn 0.3313 0.6616 -0.6727
vn -0.3289 0.8439 0.4240
vn -0.1583 0.9874 -0.0045
vn 0.0116 0.9780 0.2084
vn -0.3766 0.8684 0.3225
vn -0.3753 0.0276 0.9265
vn 0.2791 0.8763 -0.3927
vn 0.4085 0.8267 -0.3868
vn 0.3201 0.7437 -0.5869
vn 0.1059 0.8903 0.4428
vn 0.2466 0.9171 0.3131
vn 0.1234 0.8137 0.5680
vn -0.1167 0.4744 0.8725
vn -0.1484 0.3459 0.9265
vn 0.0926 0.7897 0.6065
vn -0.0073 0.9943 -0.1063
vn -0.0005 0.9952 -0.0982
vn 0.0936 0.9941 0.0556
vn -0.4083 0.7128 -0.5702
vn -0.2477 0.5099 -0.8238
vn -0.3807 0.4736 -0.7942
vn -0.0361 0.3252 0.9450
vn 0.0577 0.6180 0.7841
vn -0.0839 0.8163 0.5714
vn -0.1008 0.8571 0.5052
vn 0.1458 0.8326 -0.5344
vn 0.1862 0.9073 -0.3771
vn 0.0753 0.9185 -0.3882
vn -0.1459 0.6788 0.7197
vn 0.0618 0.8596 0.5073
vn -0.8966 0.1680 0.4098
vn -0.8530 0.3572 -0.3804
vn -0.6448 0.6403 0.4173
vn -0.0206 0.9951 0.0965
vn -0.2291 0.7994 0.5554
vn 0.1196 0.8496 0.5137
vn -0.0725 0.4025 0.9125
vn 0.0455 -0.2522 0.9666
vn 0.0057 0.9998 0.0200
vn -0.0014 1.0000 0.0091
vn 0.3858 0.8809 -0.2743
vn 0.0214 0.9996 -0.0171
vn 0.0895 0.9960 -0.0071
vn 0.0524 0.9979 -0.0386
vn 0.0396 0.9984 0.0401
vn -0.1379 0.9526 -0.2710
vn 0.0564 0.9962 -0.0658
vn 0.0284 0.9972 -0.0686
vn 0.0386 0.9992 0.0035
vn 0.2158 0.9609 -0.1733
vn -0.9129 0.2852 -0.2919
vn -0.4298 0.5016 -0.7508
vn -0.2566 0.6002 -0.7576
vn 0.0095 0.9999 -0.0132
vn 0.1107 0.8039 0.5843
vn 0.4506 0.6678 0.5925
vn 0.3311 0.7583 0.5616
vn -0.4912 0.8184 0.2981
vn -0.1399 0.9718 0.1900
vn -0.3924 0.5565 0.7323
vn 0.3085 0.8586 -0.4095
vn 0.2228 0.9726 -0.0657
vn 0.4666 0.7629 -0.4476
vn -0.0181 0.9850 0.1715
vn -0.0180 0.9995 0.0259
vn -0.0730 0.9353 0.3462
vn -0.2281 0.8734 0.4303
vn -0.1632 0.7115 0.6835
vn 0.5535 0.4573 -0.6961
vn 0.2107 0.9285 0.3058
vn 0.0984 0.8924 0.4405
vn -0.1990 0.9443 -0.2620
vn -0.0070 0.9999 -0.0088
vn -0.1290 0.9001 -0.4161
vn 0.0010 1.0000 0.0058
vn 0.0326 0.9995 0.0022
vn -0.3900 0.9155 0.0987
vn 0.0051 0.9995 0.0304
vn -0.0461 0.9968 0.0655
vn 0.0327 0.9989 0.0344
vn 0.0093 0.9998 0.0176
vn -0.0562 0.9984 0.0078
vn -0.1549 0.9821 0.1070
vn 0.0105 0.9763 -0.2162
vn -0.1577 0.9476 0.2780
vn 0.1873 0.8248 0.5335
vn -0.0628 0.9648 0.2552
vn 0.0049 0.9500 0.3122
vn 0.1226 0.9912 0.0506
vn 0.0818 0.9865 0.1418
vn 0.3794 0.6402 0.6680
vn 0.4247 0.8176 0.3888
vn 0.3561 0.8790 0.3172
vn 0.5377 0.7662 0.3520
vn 0.5770 0.8163 -0.0277
vn 0.3774 0.8131 0.4431
vn 0.5631 0.8212 -0.0924
vn 0.4954 0.8676 -0.0430
vn 0.1129 0.9878 0.1070
vn 0.2422 0.9396 0.2419
vn 0.2444 0.9379 -0.2464
vn 0.0765 0.9951 -0.0621
vn 0.1179 0.9918 -0.0494
vn 0.0988 0.9951 0.0006
vn 0.1057 0.9917 0.0733
vn 0.0384 0.9991 0.0150
vn -0.1134 0.9927 -0.0418
vn 0.0060 0.9981 -0.0616
vn 0.0938 0.9503 -0.2969
vn 0.1101 0.9715 -0.2100
vn -0.2577 0.8858 -0.3860
vn -0.0213 0.9135 -0.4062
vn -0.2258 0.7516 -0.6197
vn -0.0396 0.9989 0.0253
vn -0.0159 0.9965 0.0818
vn -0.0325 0.9994 0.0144
vn 0.3723 0.8040 -0.4637
vn 0.2081 0.8369 -0.5062
vn -0.8597 0.4948 -0.1271
vn -0.6604 0.7506 0.0223
vn -0.6274 0.7086 -0.3230
vn 0.0214 0.9973 0.0700
vn -0.0234 0.9997 0.0001
vn -0.1044 0.5746 0.8117
vn -0.2473 0.9000 0.3590
vn -0.0198 0.9990 -0.0408
vn -0.1052 0.9665 -0.2340
vn -0.0454 0.9985 0.0301
vn 0.0001 0.9938 -0.1112
vn 0.1938 0.9809 -0.0169
vn 0.6057 0.7957 0.0048
vn 0.4747 0.8794 0.0362
vn 0.4954 0.8622 -0.1062
vn -0.5465 0.7981 -0.2536
vn -0.5980 0.6851 -0.4159
vn -0.2521 0.9672 0.0300
vn 0.1236 0.9211 -0.3693
vn -0.1238 0.9390 -0.3210
vn 0.0232 0.9967 -0.0772
vn 0.2939 0.7779 -0.5554
vn 0.3318 0.8980 -0.2890
vn 0.4801 0.7332 -0.4815
vn 0.1983 0.5921 -0.7811
vn 0.0252 0.2838 -0.9585
vn 0.1477 0.3877 -0.9099
vn 0.2009 0.2972 -0.9334
vn -0.3349 0.6788 -0.6535
vn -0.8041 0.3913 -0.4475
vn -0.0799 0.4919 -0.8670
vn -0.1452 0.6711 -0.7270
vn -0.0575 0.7440 -0.6657
vn 0.0379 0.8433 -0.5361
vn -0.3314 0.3302 -0.8838
vn -0.1319 0.5367 -0.8334
vn -0.2205 0.2127 -0.9519
vn -0.3869 -0.0431 -0.9211
vn -0.2544 0.4356 -0.8634
vn -0.3727 0.1782 -0.9107
vn -0.5331 0.5047 -0.6790
vn -0.2097 0.5130 -0.8324
vn 0.0908 0.9716 0.2187
vn -0.5374 0.6224 -0.5690
vn -0.6433 0.3358 -0.6880
vn -0.6214 0.6870 -0.3766
vn -0.4181 0.3562 -0.8356
vn -0.6100 0.2799 -0.7413
vn -0.3923 0.7605 -0.5174
vn -0.1343 0.6054 -0.7845
vn -0.0110 0.9998 -0.0159
vn -0.0389 0.9992 -0.0035
vn -0.0262 0.9996 0.0127
vn -0.0456 0.9989 0.0104
vn 0.0018 0.9989 -0.0468
vn -0.1329 0.9844 -0.1151
vn -0.0142 0.7923 0.6100
vn 0.4886 0.8426 -0.2263
vn 0.2654 0.9477 -0.1774
vn 0.6889 0.6982 -0.1949
vn 0.8410 0.5221 -0.1418
vn -0.0114 0.9999 -0.0010
vn -0.0335 0.9993 0.0166
vn 0.0129 0.9999 0.0099
vn -0.0060 0.9999 0.0111
vn -0.0037 0.9998 0.0174
vn -0.0003 0.9991 0.0427
vn 0.0237 0.9943 -0.1040
vn 0.2087 0.9780 -0.0044
vn -0.0060 0.9999 0.0162
vn 0.0016 0.9818 0.1897
vn 0.0181 0.9998 -0.0035
vn -0.4955 0.7727 0.3967
vn -0.3977 0.8201 0.4114
vn -0.3396 0.7633 0.5496
vn 0.0232 0.9997 -0.0121
vn 0.0761 0.9941 -0.0779
vn 0.1345 0.9908 0.0179
vn -0.0433 0.9720 -0.2310
vn 0.0243 0.9940 -0.1062
vn 0.0131 0.9999 0.0052
vn 0.0021 1.0000 0.0008
vn -0.0219 0.8454 0.5337
vn -0.0105 0.9999 0.0092
vn -0.0070 0.9987 0.0502
vn 0.0292 0.9994 0.0175
vn 0.0156 0.9999 -0.0055
vn 0.0285 0.9995 -0.0160
vn -0.0004 0.9621 0.2728
vn -0.1785 0.8884 0.4229
vn 0.0499 0.9987 -0.0089
vn 0.0083 1.0000 -0.0020
vn 0.8373 0.5252 0.1521
vn -0.3410 0.6156 0.7105
vn -0.3521 0.1953 0.9154
vn -0.4052 -0.1448 0.9027
vn 0.7642 0.6292 -0.1417
vn 0.8771 0.4301 -0.2138
vn 0.9281 0.3710 -0.0325
vn 0.5106 0.8583 -0.0511
vn 0.1667 0.9831 -0.0754
vn 0.0221 0.9989 -0.0405
vn 0.0375 0.9980 -0.0509
vn 0.2764 0.9282 -0.2490
vn -0.0559 0.9677 -0.2458
vn -0.0371 0.9917 -0.1230
vn 0.2358 0.7739 -0.5877
vn -0.8166 0.5771 -0.0024
vn -0.4044 0.7345 0.5449
vn -0.1592 0.7059 0.6902
vn -0.5941 0.4850 -0.6417
vn -0.3941 0.5757 -0.7164
vn -0.0231 0.8182 0.5745
vn 0.0515 0.8032 0.5935
vn -0.0489 0.9960 -0.0750
vn -0.2316 0.8804 -0.4138
vn -0.6530 0.4878 -0.5794
vn -0.4619 0.4543 -0.7618
vn 0.0025 0.7794 -0.6265
vn -0.1627 0.6751 -0.7196
vn -0.0308 0.7894 -0.6131
vn -0.1196 0.7741 -0.6217
vn 0.1044 0.8627 -0.4948
vn -0.4087 0.8606 -0.3039
vn -0.0577 0.9983 -0.0035
vn 0.1163 0.9722 -0.2032
vn 0.2970 0.9547 -0.0203
vn 0.7308 0.6541 -0.1953
vn 0.1492 0.8632 -0.4822
vn 0.0462 0.9187 -0.3922
vn 0.1881 0.8668 -0.4618
vn 0.1262 0.8583 -0.4973
vn -0.0654 0.4991 -0.8641
vn 0.1350 0.7995 -0.5854
vn -0.0319 0.7415 -0.6702
vn 0.0762 0.8777 -0.4731
vn 0.2556 0.8693 -0.4231
vn 0.1242 0.8636 -0.4887
vn -0.0334 0.8505 -0.5249
vn 0.0931 0.7054 -0.7027
vn 0.0189 0.4941 -0.8692
vn 0.0662 0.6705 -0.7390
vn 0.0564 0.7923 -0.6075
vn 0.2116 0.8524 -0.4782
vn 0.3478 0.6232 -0.7005
vn 0.4041 0.6347 -0.6587
vn 0.4767 0.7861 -0.3934
vn -0.0336 0.9988 -0.0367
vn -0.0079 0.6847 -0.7287
vn 0.1406 0.6178 -0.7737
vn -0.0130 0.3754 -0.9268
vn 0.0600 0.8858 0.4601
vn 0.1539 0.9429 0.2954
vn 0.1042 0.9083 -0.4052
vn 0.1024 0.5378 -0.8369
vn -0.0383 0.3172 -0.9476
vn 0.0480 0.3895 -0.9198
vn -0.1164 0.9782 -0.1718
vn -0.2888 0.9077 -0.3045
vn -0.3582 0.3853 0.8504
vn -0.4717 0.6189 0.6280
vn -0.5820 0.7183 0.3813
vn -0.8601 0.2747 0.4298
vn 0.1814 0.9781 0.1024
vn -0.4111 0.8985 -0.1541
vn 0.2137 0.8637 -0.4564
vn 0.3534 0.7107 0.6082
vn 0.1791 0.6757 0.7151
vn 0.2198 0.9523 -0.2119
vn 0.0779 0.6311 -0.7717
vn -0.1887 0.8450 -0.5004
vn -0.1890 0.8375 -0.5127
vn -0.3235 0.9411 -0.0987
vn -0.4783 0.8771 0.0444
vn -0.3726 0.8661 -0.3334
vn 0.2376 0.9643 -0.1171
vn 0.1935 0.9086 0.3701
vn 0.2888 0.9331 0.2143
vn 0.5440 0.8370 -0.0589
vn 0.5400 0.7013 0.4654
vn 0.2340 0.8075 0.5415
vn -0.0935 0.9869 0.1317
vn 0.1326 0.8362 0.5322
vn 0.0227 0.8293 0.5583
vn 0.1803 0.7333 0.6556
vn -0.0102 0.9994 0.0331
vn -0.0015 0.9987 0.0502
vn -0.0165 0.9978 0.0644
vn 0.0476 0.9922 0.1150
vn 0.2368 0.5379 -0.8091
vn -0.0272 0.3484 -0.9370
vn -0.1191 0.9907 -0.0662
vn -0.4472 0.8935 0.0422
vn -0.5175 0.7946 -0.3175
vn 0.2918 0.7985 -0.5265
vn 0.2583 0.9660 -0.0106
vn 0.2942 0.9328 -0.2079
vn -0.4866 0.6150 -0.6205
vn -0.5643 0.6037 -0.5631
vn 0.4332 0.8584 0.2748
vn 0.1914 0.9690 0.1564
vn 0.1732 0.9821 0.0743
vn -0.0296 0.9411 0.3369
vn -0.0020 0.9975 -0.0713
vn -0.0437 0.9990 -0.0096
vn -0.9631 0.2293 -0.1408
vn -0.8035 0.2200 -0.5532
vn -0.8625 0.2242 0.4537
vn -0.3718 0.6156 0.6948
vn -0.2709 0.3143 0.9099
vn -0.3858 0.0221 0.9223
vn -0.7678 0.5561 0.3182
vn 0.3074 0.8547 -0.4183
vn 0.4529 0.7398 -0.4976
vn -0.6852 0.6880 -0.2392
vn -0.7345 0.3540 -0.5789
vn -0.4156 0.7709 0.4828
vn -0.2075 0.7032 0.6801
vn -0.1416 0.9506 -0.2764
vn -0.0875 0.8105 -0.5792
vn -0.3083 0.9133 -0.2663
vn -0.1650 0.6464 -0.7450
vn -0.3638 0.9104 0.1972
vn -0.1494 0.6860 0.7122
vn -0.0792 0.6855 -0.7238
vn 0.0559 0.9425 0.3295
vn 0.0489 0.9920 0.1168
vn 0.0134 0.9703 0.2416
vn -0.0537 0.9981 0.0304
vn 0.0005 1.0000 0.0027
vn -0.1832 0.4749 -0.8608
vn -0.0888 0.4269 -0.8999
vn 0.1661 0.9060 -0.3893
vn 0.1036 0.9937 -0.0433
vn 0.1809 0.9832 0.0229
vn 0.1460 0.9862 -0.0779
vn 0.3953 0.8617 0.3182
vn -0.0900 0.8555 0.5099
vn 0.0340 0.9937 -0.1067
vn 0.0072 1.0000 -0.0058
vn 0.3552 0.8378 0.4146
vn 0.1991 0.8734 0.4444
vn 0.0332 0.9824 0.1839
vn 0.0470 0.9989 -0.0072
vn 0.2168 0.8168 0.5347
vn -0.9192 0.2576 0.2977
vn -0.4097 0.5457 0.7310
vn 0.0554 0.7948 0.6043
vn 0.2620 0.7475 0.6104
vn 0.1778 0.6281 0.7575
vn 0.0319 0.9991 0.0264
vn 0.3008 0.7232 0.6216
vn 0.0278 0.9942 -0.1035
vn -0.0674 0.9968 0.0433
vn 0.0097 0.9999 0.0097
vn 0.0833 0.9152 -0.3942
vn -0.6081 0.6145 0.5026
vn -0.7712 0.6208 -0.1412
vn -0.4104 0.8894 0.2013
vn 0.4317 0.7704 -0.4692
vn -0.8879 0.4455 0.1146
vn -0.0670 0.9963 -0.0547
vn -0.0094 0.9847 0.1739
vn -0.0085 0.9901 0.1401
vn -0.2903 0.6357 0.7153
vn 0.0933 0.9879 -0.1242
vn 0.0486 0.9940 -0.0982
vn -0.1596 0.7510 0.6407
vn 0.0674 0.9973 0.0296
vn 0.1065 0.9916 0.0733
vn 0.1655 0.7896 0.5909
vn 0.0605 0.9878 -0.1436
vn 0.1920 0.9653 -0.1772
vn 0.3376 0.8619 0.3783
vn 0.0710 0.9746 0.2124
vn -0.0015 0.8433 0.5375
vn 0.0549 0.8404 0.5392
vn 0.4940 0.6091 -0.6204
vn 0.7882 0.5242 -0.3225
vn 0.3905 0.7440 -0.5421
vn 0.4712 0.6959 -0.5420
vn 0.1248 0.9482 -0.2921
vn 0.5304 0.8130 -0.2401
vn 0.4046 0.7271 -0.5546
vn 0.1965 0.9041 -0.3796
vn 0.0457 0.9989 0.0126
vn -0.0369 0.9989 -0.0288
vn -0.0136 0.9999 0.0030
vn -0.0515 0.9981 0.0323
vn -0.0429 0.9946 0.0947
vn -0.1546 0.5520 0.8194
vn -0.0179 0.9998 0.0130
vn -0.0833 0.9358 0.3424
vn -0.2626 0.3680 0.8920
vn -0.2600 0.4728 0.8419
vn -0.0508 0.9986 0.0117
vn -0.4276 0.1799 0.8859
vn -0.0536 0.1779 0.9826
vn -0.1695 0.9562 -0.2385
vn -0.0978 0.7604 0.6421
vn -0.1260 0.2609 0.9571
vn -0.0888 0.5250 0.8465
vn 0.3035 0.7034 0.6428
vn 0.0211 0.7311 -0.6819
vn -0.1983 0.6069 -0.7697
vn 0.1355 0.6374 0.7585
vn 0.2642 0.7113 0.6513
vn -0.2237 0.7075 0.6704
vn -0.0720 0.9446 -0.3203
vn -0.0314 0.8297 0.5574
vn 0.1895 0.9111 0.3661
vn 0.0066 0.4059 0.9139
vn 0.1012 0.4013 0.9103
vn 0.0591 0.6364 0.7691
vn -0.1019 0.5964 0.7962
vn -0.0156 0.4068 0.9134
vn -0.1666 0.8763 0.4520
vn -0.3707 0.6768 0.6361
vn -0.1745 0.4370 0.8824
vn -0.1647 0.3395 0.9261
vn -0.3568 0.5085 0.7837
vn -0.1546 0.9879 -0.0154
vn 0.0405 0.7556 0.6538
vn -0.1819 0.9386 0.2933
vn -0.2157 0.8349 0.5064
vn 0.3490 0.6149 -0.7072
vn 0.3952 0.8839 -0.2503
vn 0.1777 0.9259 0.3333
vn -0.3376 0.6141 -0.7134
vn 0.6962 0.6395 -0.3261
vn 0.4048 0.9143 0.0116
vn 0.5383 0.8397 0.0709
vn -0.0874 0.9961 0.0135
vn -0.0931 0.6678 -0.7385
vn 0.0021 0.9999 0.0166
vn 0.0592 0.9980 -0.0229
vn -0.0235 0.9997 0.0027
vn -0.3441 0.9386 -0.0241
vn 0.0054 0.0273 -0.9996
vn -0.0286 0.2298 -0.9728
vn -0.0492 0.9987 -0.0091
vn 0.1057 0.9938 0.0335
vn -0.0103 0.9998 0.0142
vn 0.0090 0.9980 0.0618
vn 0.2173 0.9756 0.0312
vn 0.1019 0.9944 -0.0272
vn -0.0526 0.9974 0.0484
vn 0.0041 0.9998 0.0201
vn 0.0058 0.9937 0.1121
vn -0.0951 0.9840 0.1505
vn -0.0641 0.9918 0.1108
vn -0.0493 0.9923 0.1135
vn -0.3033 0.9525 0.0287
vn -0.0594 0.9972 0.0453
vn 0.0778 0.9905 -0.1135
vn 0.0133 0.9997 0.0205
vn 0.0306 0.9993 0.0200
vn 0.0561 0.8214 -0.5675
vn 0.0099 0.9011 0.4335
vn -0.0613 0.4494 0.8912
vn 0.0347 0.9991 -0.0232
vn -0.3743 0.1232 0.9191
vn -0.0903 0.9941 0.0596
vn 0.5481 0.7308 0.4069
vn 0.3160 0.9028 0.2918
vn 0.1883 0.9454 0.2658
vn -0.0513 0.9966 0.0644
vn -0.1910 0.9727 0.1319
vn -0.1190 0.9708 0.2083
vn -0.0013 0.9910 0.1339
vn 0.0650 0.9871 0.1461
vn 0.0415 0.9917 0.1221
vn -0.2595 0.9653 -0.0292
vn 0.1420 0.7092 0.6906
vn -0.0381 0.9992 -0.0113
vn -0.8534 0.5212 -0.0016
vn -0.0279 0.9995 -0.0152
vn -0.0634 0.9975 -0.0325
vn -0.0118 0.9989 -0.0463
vn -0.0466 0.9980 0.0430
vn -0.3552 0.7316 -0.5819
vn -0.0537 0.9983 0.0209
vn 0.0673 0.9976 -0.0136
vn -0.1490 0.7516 0.6425
vn -0.0850 0.9489 -0.3039
vn -0.1911 0.1847 -0.9640
vn -0.1483 0.3991 -0.9048
vn -0.0677 0.1650 -0.9840
vn -0.1169 0.3412 -0.9327
vn -0.1858 0.9821 -0.0317
vn -0.2047 0.9788 -0.0105
vn 0.1603 0.9871 -0.0053
vn 0.1375 0.9594 0.2462
vn -0.0021 1.0000 0.0017
vn 0.0716 0.9970 0.0300
vn 0.0539 0.6304 -0.7744
vn -0.0613 0.2190 -0.9738
vn 0.0382 0.9960 -0.0807
vn -0.1410 0.9805 -0.1366
vn 0.2905 0.6107 -0.7367
vn -0.0138 0.9997 0.0225
vn 0.0630 0.9973 -0.0386
vn 0.0053 0.9995 -0.0307
vn -0.3040 0.7862 -0.5380
vn -0.6141 0.5371 -0.5783
vn -0.3888 0.5949 -0.7035
vn -0.4721 0.8659 -0.1656
vn -0.1967 0.9311 -0.3071
vn -0.1103 0.9853 -0.1307
vn -0.0104 0.9999 -0.0037
vn 0.0135 0.9998 -0.0154
vn 0.0603 0.9936 -0.0959
vn -0.1753 0.9621 0.2091
vn 0.2037 0.8732 -0.4427
vn 0.1008 0.8400 -0.5331
vn 0.1734 0.4283 -0.8869
vn 0.2194 0.6038 -0.7663
vn -0.1237 0.9426 -0.3103
vn 0.2462 0.9691 -0.0156
vn -0.0201 0.4607 -0.8873
vn 0.0265 0.9992 -0.0302
vn -0.0749 0.9972 -0.0028
vn 0.0339 0.9983 -0.0483
vn -0.5086 0.6362 -0.5801
vn -0.0122 0.9988 -0.0483
vn -0.0006 0.9987 -0.0503
vn -0.0009 1.0000 -0.0064
vn 0.0329 0.9982 -0.0506
vn 0.0607 0.9897 -0.1297
vn 0.0487 0.9984 -0.0274
vn -0.8117 0.4209 -0.4049
vn -0.5488 0.4880 -0.6788
vn -0.0047 1.0000 -0.0019
vn -0.0165 0.9999 -0.0013
vn -0.0260 0.9995 0.0203
vn -0.6568 0.6056 0.4494
vn -0.2867 0.9014 0.3246
vn -0.0155 0.8288 0.5594
vn 0.2418 0.7474 0.6188
vn -0.1209 0.6817 0.7216
vn 0.0278 0.7272 0.6858
vn 0.4308 0.5473 -0.7175
vn 0.0533 0.9980 0.0351
vn 0.2060 0.2794 -0.9378
vn 0.5163 0.8122 0.2715
vn 0.3479 0.9372 -0.0268
vn -0.3361 0.8891 0.3107
vn -0.1299 0.4430 0.8871
vn 0.0420 0.9991 0.0016
vn 0.0281 0.9162 -0.3997
vn 0.7422 0.6467 0.1761
vn 0.0311 0.6451 -0.7634
vn -0.4791 0.1063 -0.8713
vn -0.2596 0.8723 -0.4143
vn 0.0087 1.0000 -0.0030
vn -0.6321 0.4429 0.6358
vn 0.3843 0.7294 -0.5659
vn -0.8585 0.3478 0.3769
vn -0.0004 0.9993 -0.0371
vn -0.0070 0.9988 -0.0483
vn -0.2354 0.0520 -0.9705
vn 0.0728 0.9819 -0.1750
vn -0.0016 1.0000 -0.0089
vn 0.1085 0.9226 -0.3701
vn -0.6314 0.4811 0.6082
vn -0.6604 0.6499 0.3762
vn -0.0110 -0.2126 0.9771
vn 0.7698 0.2576 -0.5840
vn -0.3338 0.3559 0.8729
vn -0.0898 0.9956 -0.0270
vn -0.1962 0.6788 0.7076
vn 0.0457 0.9983 -0.0363
vn -0.0169 0.9904 0.1370
vn 0.0367 0.6308 -0.7751
vn -0.6727 0.5106 0.5355
vn -0.1754 0.7432 -0.6457
vn -0.0030 1.0000 -0.0049
vn -0.4508 0.8855 -0.1123
vn -0.5068 0.8530 -0.1242
vn 0.0172 0.9997 -0.0180
vn 0.0738 0.8900 -0.4500
vn 0.1929 0.7866 0.5866
vn -0.0552 0.9479 0.3138
vn -0.0691 0.9974 -0.0210
vn -0.0126 0.9956 0.0927
vn 0.0511 0.9980 0.0366
vn 0.0042 0.9959 -0.0900
vn -0.0235 0.9997 -0.0057
vn -0.3451 0.3490 0.8713
vn 0.0113 0.9976 -0.0684
vn -0.3934 0.2881 0.8730
vn -0.0361 0.8996 0.4353
vn 0.0079 0.9996 0.0283
vn -0.2229 0.4666 -0.8559
vn 0.0456 0.9945 -0.0939
vn 0.3072 0.8753 0.3735
vt 0.591698 0.055802
vt 0.587484 0.076478
vt 0.579185 0.087643
vt 0.078167 0.007332
vt 0.122933 0.051770
vt 0.067218 0.073457
vt 0.024721 0.284203
vt 0.070241 0.359410
vt 0.029388 0.368004
vt 0.365198 0.506133
vt 0.332631 0.573770
vt 0.349227 0.499795
vt 0.148179 0.363918
vt 0.145176 0.327030
vt 0.169750 0.353152
vt 0.299127 0.686482
vt 0.266045 0.663058
vt 0.286046 0.653134
vt 0.029771 0.078616
vt 0.000977 0.008804
vt 0.094490 0.170060
vt 0.102374 0.177836
vt 0.092691 0.179977
vt 0.359182 0.618414
vt 0.349548 0.648610
vt 0.343182 0.620891
vt 0.370715 0.697743
vt 0.379697 0.727016
vt 0.372930 0.740055
vt 0.354916 0.417135
vt 0.367482 0.416390
vt 0.354703 0.471734
vt 0.306624 0.575360
vt 0.287317 0.627894
vt 0.053982 0.999023
vt 0.171462 0.960456
vt 0.155074 0.990224
vt 0.106267 0.167814
vt 0.116151 0.183331
vt 0.145157 0.132868
vt 0.184603 0.144045
vt 0.145890 0.144347
vt 0.082113 0.114062
vt 0.063767 0.121841
vt 0.257675 0.294822
vt 0.268226 0.339073
vt 0.237200 0.339283
vt 0.303419 0.805839
vt 0.297982 0.793063
vt 0.313177 0.804636
vt 0.301952 0.650121
vt 0.299918 0.469156
vt 0.257723 0.426976
vt 0.322888 0.445622
vt 0.292732 0.362704
vt 0.304391 0.384471
vt 0.284824 0.378231
vt 0.293743 0.262499
vt 0.305065 0.290686
vt 0.278797 0.303819
vt 0.209570 0.791156
vt 0.208954 0.769650
vt 0.240584 0.800761
vt 0.523541 0.613818
vt 0.511865 0.635658
vt 0.508718 0.616195
vt 0.530264 0.353136
vt 0.566917 0.327523
vt 0.569404 0.379224
vt 0.387945 0.856301
vt 0.411352 0.876328
vt 0.380393 0.869533
vt 0.175653 0.204510
vt 0.183622 0.180308
vt 0.201277 0.194243
vt 0.217260 0.345423
vt 0.228620 0.368174
vt 0.213067 0.356627
vt 0.106809 0.621238
vt 0.120089 0.619249
vt 0.121747 0.632524
vt 0.107494 0.468798
vt 0.123992 0.459685
vt 0.104925 0.479714
vt 0.107924 0.192968
vt 0.122595 0.203956
vt 0.199002 0.748805
vt 0.200630 0.778303
vt 0.191439 0.757562
vt 0.102274 0.097453
vt 0.109912 0.112132
vt 0.105813 0.120037
vt 0.552131 0.791684
vt 0.576106 0.790772
vt 0.548123 0.800869
vt 0.518033 0.716667
vt 0.534773 0.712040
vt 0.563787 0.720362
vt 0.561988 0.711479
vt 0.561072 0.706286
vt 0.554733 0.295441
vt 0.562869 0.277254
vt 0.564612 0.285706
vt 0.534442 0.099751
vt 0.544165 0.107249
vt 0.507146 0.141571
vt 0.539679 0.116688
vt 0.509909 0.152020
vt 0.540789 0.153085
vt 0.541214 0.159720
vt 0.342417 0.295444
vt 0.327457 0.318069
vt 0.470567 0.160582
vt 0.473579 0.142021
vt 0.490400 0.154450
vt 0.217796 0.749838
vt 0.209735 0.733603
vt 0.224765 0.733143
vt 0.501168 0.113214
vt 0.505162 0.120513
vt 0.486576 0.132358
vt 0.486145 0.215695
vt 0.496966 0.211226
vt 0.498465 0.238848
vt 0.418173 0.161914
vt 0.419329 0.128834
vt 0.435574 0.152920
vt 0.554616 0.319463
vt 0.565385 0.305793
vt 0.513556 0.496680
vt 0.540195 0.486155
vt 0.576630 0.497391
vt 0.506943 0.465768
vt 0.497473 0.433285
vt 0.510759 0.465008
vt 0.107307 0.143013
vt 0.074538 0.159729
vt 0.091655 0.134475
vt 0.516414 0.458188
vt 0.503277 0.430742
vt 0.527307 0.456916
vt 0.521228 0.440765
vt 0.530686 0.471504
vt 0.538537 0.595744
vt 0.572874 0.588365
vt 0.571076 0.610577
vt 0.229713 0.752772
vt 0.510188 0.575070
vt 0.532007 0.537089
vt 0.519737 0.575577
vt 0.559868 0.670423
vt 0.558759 0.678776
vt 0.538113 0.684230
vt 0.305219 0.781255
vt 0.270125 0.792817
vt 0.260868 0.780451
vt 0.502397 0.703745
vt 0.487897 0.713370
vt 0.515986 0.704228
vt 0.118972 0.164668
vt 0.056568 0.186734
vt 0.066896 0.178479
vt 0.057792 0.202644
vt 0.044356 0.210316
vt 0.045685 0.201555
vt 0.199979 0.247956
vt 0.189597 0.276253
vt 0.179825 0.240636
vt 0.575841 0.529333
vt 0.068242 0.255705
vt 0.087927 0.302733
vt 0.111427 0.599989
vt 0.122161 0.584244
vt 0.127665 0.607396
vt 0.058700 0.605609
vt 0.075598 0.594455
vt 0.173843 0.517002
vt 0.152143 0.557711
vt 0.140858 0.502880
vt 0.237437 0.739776
vt 0.253133 0.762648
vt 0.065176 0.683920
vt 0.078752 0.677440
vt 0.099531 0.689710
vt 0.096178 0.672456
vt 0.063634 0.648202
vt 0.041124 0.633522
vt 0.042221 0.748758
vt 0.044176 0.720139
vt 0.119349 0.694329
vt 0.210258 0.369488
vt 0.180575 0.344817
vt 0.216460 0.637507
vt 0.187324 0.582446
vt 0.236791 0.628393
vt 0.150924 0.165512
vt 0.128730 0.171433
vt 0.127005 0.149722
vt 0.198600 0.234687
vt 0.134154 0.234045
vt 0.133038 0.220303
vt 0.152079 0.243291
vt 0.153257 0.235117
vt 0.082942 0.186827
vt 0.139024 0.186561
vt 0.154209 0.177485
vt 0.171231 0.213836
vt 0.189632 0.298684
vt 0.208038 0.327241
vt 0.194513 0.330853
vt 0.157897 0.324318
vt 0.140203 0.284837
vt 0.156344 0.294244
vt 0.538740 0.648520
vt 0.561682 0.662517
vt 0.536104 0.659715
vt 0.427871 0.757419
vt 0.392548 0.780453
vt 0.392118 0.765310
vt 0.169414 0.382667
vt 0.137292 0.388993
vt 0.167380 0.496033
vt 0.168781 0.509617
vt 0.203576 0.226435
vt 0.229183 0.223075
vt 0.228308 0.235850
vt 0.208849 0.509548
vt 0.174401 0.551148
vt 0.323547 0.853419
vt 0.339068 0.865753
vt 0.324025 0.872490
vt 0.166748 0.747213
vt 0.176678 0.740270
vt 0.171703 0.720412
vt 0.177861 0.710113
vt 0.176142 0.733219
vt 0.194074 0.940391
vt 0.171281 0.987963
vt 0.213930 0.165321
vt 0.218596 0.139034
vt 0.250397 0.177406
vt 0.166958 0.109194
vt 0.312259 0.142428
vt 0.486293 0.697815
vt 0.507948 0.693908
vt 0.270413 0.227473
vt 0.282326 0.220693
vt 0.269714 0.257294
vt 0.371097 0.843497
vt 0.368220 0.815681
vt 0.388243 0.828807
vt 0.074565 0.819266
vt 0.357067 0.174156
vt 0.380074 0.150067
vt 0.391936 0.163961
vt 0.085826 0.245718
vt 0.061724 0.241079
vt 0.074525 0.225539
vt 0.254031 0.390558
vt 0.244590 0.409036
vt 0.242856 0.362795
vt 0.246194 0.476473
vt 0.265372 0.515375
vt 0.249061 0.532340
vt 0.262500 0.678689
vt 0.229751 0.686261
vt 0.463354 0.147801
vt 0.351204 0.156110
vt 0.354585 0.166931
vt 0.468199 0.736434
vt 0.474561 0.773480
vt 0.457074 0.759864
vt 0.069440 0.430735
vt 0.029841 0.383230
vt 0.292217 0.868972
vt 0.291566 0.888081
vt 0.247352 0.874678
vt 0.339892 0.134891
vt 0.330304 0.164451
vt 0.307721 0.184196
vt 0.331136 0.891555
vt 0.319418 0.951654
vt 0.325056 0.890422
vt 0.355035 0.213970
vt 0.333877 0.246638
vt 0.304809 0.262510
vt 0.107865 0.077266
vt 0.092013 0.077114
vt 0.352043 0.322093
vt 0.375165 0.305512
vt 0.368283 0.343906
vt 0.327498 0.338560
vt 0.314781 0.323455
vt 0.347650 0.358153
vt 0.281195 0.414392
vt 0.314977 0.400652
vt 0.340933 0.422294
vt 0.335362 0.403918
vt 0.144178 0.125620
vt 0.179556 0.124985
vt 0.047203 0.686912
vt 0.068135 0.695718
vt 0.046368 0.699936
vt 0.532654 0.741388
vt 0.565720 0.730033
vt 0.571642 0.760905
vt 0.356571 0.601481
vt 0.355822 0.574741
vt 0.369945 0.667018
vt 0.375005 0.646396
vt 0.422921 0.696334
vt 0.034843 0.575828
vt 0.094701 0.550746
vt 0.112427 0.577791
vt 0.226903 0.207976
vt 0.209495 0.215034
vt 0.334593 0.831947
vt 0.330816 0.810757
vt 0.343775 0.807877
vt 0.306031 0.931793
vt 0.248767 0.922689
vt 0.261822 0.827329
vt 0.230955 0.813138
vt 0.341747 0.918402
vt 0.345116 0.883873
vt 0.348811 0.926008
vt 0.349178 0.950331
vt 0.512043 0.092075
vt 0.299226 0.323243
vt 0.305856 0.353754
vt 0.282627 0.347904
vt 0.423014 0.190221
vt 0.425897 0.204802
vt 0.405855 0.206190
vt 0.468052 0.378865
vt 0.457960 0.285653
vt 0.474644 0.365067
vt 0.465192 0.400750
vt 0.478110 0.408749
vt 0.486973 0.435608
vt 0.403481 0.339171
vt 0.416960 0.343094
vt 0.410327 0.386690
vt 0.435047 0.371453
vt 0.356448 0.803725
vt 0.356602 0.821131
vt 0.415508 0.443557
vt 0.429403 0.452377
vt 0.425843 0.467547
vt 0.497863 0.195454
vt 0.474506 0.186178
vt 0.494190 0.170380
vt 0.474662 0.645555
vt 0.478105 0.681432
vt 0.447476 0.693811
vt 0.457006 0.734041
vt 0.462828 0.733127
vt 0.455104 0.755200
vt 0.300542 0.234689
vt 0.424390 0.708889
vt 0.432938 0.723563
vt 0.409894 0.719600
vt 0.444686 0.703587
vt 0.436122 0.714056
vt 0.397838 0.741545
vt 0.371766 0.758544
vt 0.443292 0.889332
vt 0.501320 0.977068
vt 0.477351 0.972400
vt 0.455584 0.967511
vt 0.435936 0.946170
vt 0.419355 0.861337
vt 0.164112 0.275224
vt 0.424861 0.099920
vt 0.434161 0.095609
vt 0.438162 0.107067
vt 0.120977 0.137117
vt 0.440434 0.027782
vt 0.466149 0.033283
vt 0.452991 0.065812
vt 0.305417 0.003494
vt 0.335436 0.007246
vt 0.358627 0.066266
vt 0.044557 0.655122
vt 0.042547 0.646246
vt 0.098564 0.859613
vt 0.240237 0.835212
vt 0.000977 0.085914
vt 0.283504 0.714458
vt 0.247761 0.700688
vt 0.096011 0.188352
vt 0.149619 0.079402
vt 0.151359 0.111890
vt 0.130371 0.105326
vt 0.112065 0.089886
vt 0.127861 0.067799
vt 0.179730 0.079011
vt 0.233712 0.000977
vt 0.212087 0.559887
vt 0.274695 0.001650
vt 0.351686 0.091336
vt 0.513985 0.349935
vt 0.521338 0.375793
vt 0.496619 0.375641
vt 0.376418 0.089910
vt 0.381915 0.109247
vt 0.404483 0.067636
vt 0.387317 0.016893
vt 0.432523 0.129245
vt 0.151498 0.663677
vt 0.172976 0.657171
vt 0.165926 0.671165
vt 0.457004 0.107367
vt 0.466792 0.122612
vt 0.449789 0.134070
vt 0.470434 0.110064
vt 0.464762 0.103766
vt 0.421008 0.924173
vt 0.270917 0.181551
vt 0.244820 0.214304
vt 0.229590 0.190023
vt 0.425284 0.961008
vt 0.416943 0.849747
vt 0.401423 0.845120
vt 0.270125 0.740578
vt 0.286331 0.764962
vt 0.446407 0.748111
vt 0.419372 0.795670
vt 0.274269 0.612241
vt 0.256546 0.617741
vt 0.449598 0.774858
vt 0.434339 0.794438
vt 0.424239 0.747959
vt 0.444905 0.763798
vt 0.414471 0.638924
vt 0.456598 0.656240
vt 0.407584 0.670699
vt 0.436878 0.624963
vt 0.383757 0.634021
vt 0.384660 0.678908
vt 0.511475 0.659524
vt 0.531013 0.644118
vt 0.448144 0.156085
vt 0.455018 0.149077
vt 0.457673 0.154618
vt 0.446175 0.483688
vt 0.444549 0.589274
vt 0.424657 0.534350
vt 0.480685 0.603566
vt 0.463178 0.629753
vt 0.464412 0.590389
vt 0.403906 0.616353
vt 0.452898 0.462980
vt 0.434074 0.484741
vt 0.381549 0.485286
vt 0.399002 0.416810
vt 0.410289 0.427923
vt 0.403353 0.508533
vt 0.399454 0.558283
vt 0.382980 0.369565
vt 0.440689 0.447609
vt 0.446431 0.443470
vt 0.459021 0.445541
vt 0.477304 0.291890
vt 0.403956 0.303533
vt 0.415469 0.292774
vt 0.432490 0.290631
vt 0.388121 0.275159
vt 0.387452 0.254526
vt 0.392841 0.296559
vt 0.414460 0.323416
vt 0.425412 0.321721
vt 0.439360 0.350200
vt 0.367343 0.925181
vt 0.357205 0.873846
vt 0.214371 0.712590
vt 0.234357 0.707449
vt 0.305076 0.867583
vt 0.300524 0.855604
vt 0.396031 0.217714
vt 0.431352 0.210500
vt 0.395855 0.263549
vt 0.385318 0.227081
vt 0.380077 0.241414
vt 0.390253 0.236220
vt 0.426084 0.250809
vt 0.442575 0.258143
vt 0.424770 0.226230
vt 0.438410 0.236323
vt 0.447894 0.193827
vt 0.449520 0.250524
vt 0.258195 0.418905
vt 0.380802 0.120904
vt 0.404388 0.113303
vt 0.414928 0.105643
vt 0.408010 0.133831
vt 0.410985 0.188090
vt 0.434445 0.170245
vt 0.423803 0.167991
vt 0.164874 0.483335
vt 0.130079 0.479111
vt 0.062750 0.830277
vt 0.084158 0.871212
vt 0.040437 0.837397
vt 0.543812 0.315113
vt 0.403258 0.819884
vt 0.365268 0.800332
vt 0.446928 0.162953
vt 0.441775 0.181114
vt 0.339599 0.875035
vt 0.388782 0.340017
vt 0.367106 0.371437
vt 0.375515 0.324255
vt 0.484465 0.198608
vt 0.469215 0.209331
vt 0.322686 0.375170
vt 0.355746 0.394871
vt 0.360085 0.948846
vt 0.363751 0.937194
vt 0.365969 0.950841
vt 0.355725 0.921363
vt 0.334717 0.843011
vt 0.347782 0.835171
vt 0.315769 0.837316
vt 0.141181 0.642828
vt 0.146510 0.609603
vt 0.150200 0.639370
vt 0.319527 0.824550
vt 0.252531 0.259519
vt 0.244006 0.290818
vt 0.369559 0.860647
vt 0.352137 0.860681
vt 0.291710 0.687902
vt 0.316818 0.766803
vt 0.335641 0.739771
vt 0.346742 0.759653
vt 0.335724 0.782274
vt 0.358034 0.769112
vt 0.328290 0.786048
vt 0.293590 0.754361
vt 0.356207 0.743212
vt 0.051979 0.142963
vt 0.045147 0.221399
vt 0.045023 0.234641
vt 0.526317 0.814533
vt 0.530589 0.849862
vt 0.365808 0.791944
vt 0.389733 0.803706
vt 0.384133 0.607498
vt 0.283269 0.501134
vt 0.330283 0.484630
vt 0.315617 0.516037
vt 0.342812 0.371506
vt 0.107711 0.496763
vt 0.413513 0.957960
vt 0.569983 0.399381
vt 0.331473 0.208725
vt 0.317286 0.236506
vt 0.336352 0.179579
vt 0.283110 0.205367
vt 0.331780 0.271800
vt 0.297466 0.828756
vt 0.298558 0.819170
vt 0.362354 0.226092
vt 0.343210 0.246662
vt 0.367697 0.246260
vt 0.292278 0.170614
vt 0.354904 0.190267
vt 0.312987 0.951158
vt 0.307729 0.951865
vt 0.306724 0.909903
vt 0.167479 0.225657
vt 0.272783 0.848071
vt 0.282545 0.859247
vt 0.261664 0.861958
vt 0.261087 0.370738
vt 0.290626 0.855968
vt 0.386418 0.952436
vt 0.404109 0.933312
vt 0.399576 0.954151
vt 0.284366 0.741050
vt 0.392382 0.928852
vt 0.375555 0.909119
vt 0.231512 0.491322
vt 0.269708 0.579787
vt 0.284713 0.578595
vt 0.384872 0.196856
vt 0.272474 0.485057
vt 0.380075 0.309050
vt 0.383892 0.292067
vt 0.235977 0.433073
vt 0.221540 0.442077
vt 0.267524 0.645392
vt 0.227627 0.321675
vt 0.174135 0.158909
vt 0.189260 0.173366
vt 0.175241 0.171327
vt 0.254794 0.233167
vt 0.271201 0.401051
vt 0.223560 0.261144
vt 0.218347 0.178938
vt 0.261923 0.170715
vt 0.189426 0.983773
vt 0.133613 0.800115
vt 0.194747 0.807059
vt 0.193664 0.789628
vt 0.172387 0.639998
vt 0.140664 0.665972
vt 0.159626 0.686781
vt 0.213460 0.699337
vt 0.213227 0.682685
vt 0.524505 0.691730
vt 0.189172 0.680559
vt 0.197230 0.708332
vt 0.343513 0.686963
vt 0.117662 0.553528
vt 0.132558 0.564060
vt 0.125832 0.511466
vt 0.355682 0.286831
vt 0.450202 0.342446
vt 0.449380 0.281474
vt 0.138653 0.413852
vt 0.158512 0.456635
vt 0.192495 0.498073
vt 0.503210 0.653080
vt 0.128038 0.347058
vt 0.117266 0.427425
vt 0.159971 0.422506
vt 0.186015 0.471705
vt 0.200534 0.389536
vt 0.202803 0.460067
vt 0.191823 0.426743
vt 0.116596 0.302564
vt 0.121691 0.285367
vt 0.130818 0.336098
vt 0.139708 0.268156
vt 0.127904 0.267555
vt 0.134347 0.197904
vt 0.171545 0.322406
vt 0.164653 0.237458
vt 0.146466 0.267385
vt 0.203863 0.267668
vt 0.179824 0.260056
vt 0.180018 0.271299
vt 0.492283 0.673205
vt 0.130691 0.139042
vt 0.132218 0.117052
vt 0.118664 0.119520
vt 0.519149 0.605326
vt 0.505870 0.606981
vt 0.043184 0.879441
vt 0.065375 0.654453
vt 0.088889 0.658518
vt 0.045848 0.661318
vt 0.496323 0.549370
vt 0.505674 0.548848
vt 0.045140 0.710195
vt 0.046861 0.678937
vt 0.069443 0.583538
vt 0.035828 0.593707
vt 0.038146 0.613873
vt 0.065527 0.614330
vt 0.120620 0.645114
vt 0.030425 0.498258
vt 0.080640 0.491453
vt 0.087669 0.509619
vt 0.107624 0.526174
vt 0.099826 0.494151
vt 0.538425 0.617840
vt 0.566375 0.639328
vt 0.528906 0.630868
vt 0.029351 0.471480
vt 0.098387 0.428822
vt 0.394223 0.316437
vt 0.059051 0.216678
vt 0.067042 0.211036
vt 0.550671 0.777900
vt 0.068945 0.200638
vt 0.028295 0.263987
vt 0.035099 0.257633
vt 0.039000 0.252773
vt 0.042585 0.245056
vt 0.032972 0.173702
vt 0.021416 0.145855
vt 0.006426 0.117948
vt 0.017014 0.115377
vt 0.002334 0.105936
vt 0.044409 0.197323
vt 0.513096 0.677534
vt 0.346967 0.269877
vt 0.531682 0.980487
vt 0.514323 0.979398
vt 0.583300 0.961914
vt 0.582452 0.981700
vt 0.491982 0.724698
vt 0.526725 0.754371
vt 0.475901 0.721309
vt 0.508629 0.764861
vt 0.499657 0.750056
vt 0.171819 0.599400
vt 0.502414 0.642815
vt 0.493305 0.651016
vt 0.498454 0.638219
vt 0.494565 0.616020
vt 0.479552 0.627946
vt 0.518068 0.683856
vt 0.496966 0.681417
vt 0.540033 0.666296
vt 0.097801 0.473656
vt 0.490984 0.039094
vt 0.478751 0.086642
vt 0.487860 0.518080
vt 0.495354 0.583147
vt 0.569161 0.623951
vt 0.521715 0.483259
vt 0.496476 0.457585
vt 0.523565 0.426137
vt 0.494080 0.398763
vt 0.542720 0.456089
vt 0.465625 0.238521
vt 0.464678 0.184934
vt 0.461762 0.168881
vt 0.453066 0.178142
vt 0.453295 0.163246
vt 0.494363 0.257369
vt 0.538310 0.289833
vt 0.530483 0.246787
vt 0.556990 0.246833
vt 0.558790 0.269078
vt 0.471840 0.468965
vt 0.471659 0.543832
vt 0.435177 0.422962
vt 0.453257 0.385305
vt 0.499359 0.167867
vt 0.394484 0.084171
vt 0.463111 0.154136
vt 0.510879 0.176802
vt 0.542295 0.165879
vt 0.549455 0.213311
vt 0.494864 0.150309
vt 0.529792 0.204215
vt 0.553656 0.227982
vt 0.572537 0.423110
vt 0.558265 0.477637
vt 0.575955 0.474168
vt 0.531865 0.730549
vt 0.417673 0.723927
vt 0.404324 0.749891
vt 0.540307 0.808776
vt 0.579208 0.835217
vt 0.582758 0.886707
vt 0.241201 0.715373
vt 0.106664 0.280502
vt 0.251940 0.834245
vt 0.372438 0.280122
vt 0.179748 0.492659
vt 0.194943 0.651184
vt 0.221920 0.301977
vt 0.296092 0.212598
vt 0.430166 0.389279
vt 0.319795 0.347964
vt 0.097054 0.124366
vt 0.309732 0.872052
vt 0.276571 0.813739
vt 0.578438 0.849096
vt 0.373005 0.583234
vt 0.443621 0.148998
vt 0.468120 0.638956
vt 0.462052 0.712980
vt 0.584386 0.082922
vt 0.182506 0.001716
vt 0.196394 0.724730
vt 0.210218 0.315739
vt 0.115722 0.282174
vt 0.564163 0.650271
vt 0.539445 0.121704
vt 0.465913 0.703215
vt 0.517746 0.665976
vt 0.494967 0.930618
vt 0.420128 0.828645
vt 0.096373 0.239668
vt 0.106003 0.210382
vt 0.074222 0.207941
vt 0.196141 0.154529
vt 0.155995 0.629471
vt 0.320965 0.685636
vt 0.171826 0.624342
vt 0.412232 0.927877
vt 0.336912 0.951726
vt 0.422895 0.271241
vt 0.090463 0.205191
vt 0.414344 0.812632
vt 0.139921 0.003648
vt 0.572695 0.091858
vt 0.556136 0.098220
vt 0.559364 0.049467
vt 0.382318 0.417611
vt 0.386251 0.210261
vt 0.330763 0.951997
vt 0.034381 0.561688
vt 0.287945 0.956239
vt 0.301838 0.952871
vt 0.281951 0.188984
vt 0.211972 0.977192
vt 0.160354 0.681334
vt 0.040069 0.625333
vt 0.089779 0.198264
vt 0.024890 0.271088
vt 0.580659 0.863018
vt 0.480889 0.701476
vt 0.560140 0.692678
vt 0.368867 0.132182
s 1
usemtl M_DeadBodyCovered
f 87/1/1 812/2/2 595/3/3
f 649/4/4 646/5/5 651/6/6
f 384/7/7 307/8/8 747/9/9
f 192/10/10 640/11/11 409/12/12
f 631/13/13 199/14/14 527/15/15
f 356/16/16 635/17/17 197/18/18
f 649/4/4 650/19/19 648/20/20
f 544/21/21 387/22/22 279/23/23
f 582/24/24 123/25/25 317/26/26
f 692/27/27 410/28/28 344/29/29
f 147/30/30 698/31/31 581/32/32
f 220/33/33 317/26/26 507/34/34
f 155/35/35 516/36/36 43/37/37
f 206/38/38 97/39/39 387/22/22
f 569/40/40 735/41/41 626/42/42
f 651/6/6 421/43/43 172/44/44
f 581/32/32 192/10/10 409/12/12
f 122/45/45 512/46/46 236/47/47
f 576/48/48 600/49/49 575/50/50
f 507/34/34 691/51/51 197/18/18
f 488/52/52 710/53/53 491/54/54
f 166/55/55 255/56/56 293/57/57
f 492/58/58 256/59/59 75/60/60
f 367/61/61 99/62/62 518/63/63
f 148/64/64 48/65/65 306/66/66
f 393/67/67 232/68/68 111/69/69
f 685/70/70 654/71/71 227/72/72
f 229/73/73 734/74/74 39/75/75
f 362/76/76 633/77/77 74/78/78
f 217/79/79 745/80/80 300/81/81
f 104/82/82 302/83/83 723/84/84
f 605/85/85 97/39/39 529/86/86
f 716/87/87 22/88/88 267/89/89
f 606/90/90 230/91/91 567/92/92
f 779/93/93 422/94/94 289/95/95
f 396/96/96 566/97/97 778/98/98
f 304/99/99 566/97/97 608/100/100
f 117/101/101 163/102/102 164/103/103
f 772/104/104 30/105/105 771/106/106
f 771/106/106 30/105/105 161/107/107
f 27/108/108 137/109/109 138/110/110
f 256/59/59 9/111/111 51/112/112
f 611/113/113 390/114/114 116/115/115
f 405/116/116 790/117/117 502/118/118
f 458/119/119 613/120/120 768/121/121
f 211/122/122 389/123/123 58/124/124
f 477/125/125 320/126/126 476/127/127
f 614/128/128 18/129/129 232/68/68
f 616/130/130 170/131/131 556/132/132
f 555/133/133 557/134/134 83/135/135
f 374/136/136 755/137/137 398/138/138
f 617/139/139 233/140/140 171/141/141
f 233/140/140 766/142/142 171/141/141
f 617/139/139 171/141/141 774/143/143
f 765/144/144 112/145/145 140/146/146
f 502/118/118 706/147/147 405/116/116
f 618/148/148 394/149/149 775/150/150
f 19/151/151 6/152/152 281/153/153
f 503/154/154 178/155/155 707/156/156
f 624/157/157 396/96/96 280/158/158
f 624/157/157 565/159/159 396/96/96
f 374/136/136 201/160/160 206/38/38
f 81/161/161 755/137/137 753/162/162
f 541/163/163 93/164/164 750/165/165
f 429/166/166 200/167/167 309/168/168
f 112/145/145 394/149/149 231/169/169
f 543/170/170 748/171/171 384/7/7
f 61/172/172 783/173/173 270/174/174
f 625/175/175 173/176/176 61/172/172
f 271/177/177 310/178/178 523/179/179
f 65/180/180 314/181/181 706/147/147
f 383/182/182 49/183/183 62/184/184
f 49/183/183 741/185/185 62/184/184
f 380/186/186 92/187/187 217/79/79
f 156/188/188 535/189/189 20/190/190
f 360/191/191 527/15/15 604/192/192
f 602/193/193 571/194/194 196/195/195
f 201/160/160 377/196/196 378/197/197
f 626/42/42 377/196/196 379/198/198
f 309/168/168 50/199/199 429/166/166
f 275/200/200 530/201/201 25/202/202
f 530/201/201 63/203/203 25/202/202
f 755/137/137 568/204/204 753/162/162
f 733/205/205 80/206/206 174/207/207
f 404/208/208 37/209/209 274/210/210
f 199/14/14 430/211/211 527/15/15
f 526/212/212 727/213/213 430/211/211
f 395/214/214 777/215/215 776/216/216
f 659/217/217 331/218/218 239/219/219
f 631/13/13 273/220/220 525/221/221
f 432/222/222 524/223/223 523/179/179
f 76/224/224 713/225/225 17/226/226
f 359/227/227 572/228/228 271/177/177
f 341/229/229 343/230/230 599/231/231
f 22/88/88 405/116/116 99/62/62
f 266/232/232 291/233/233 267/89/89
f 198/234/234 23/235/235 791/236/236
f 516/36/36 715/237/237 132/238/238
f 428/239/239 312/240/240 366/241/241
f 218/242/242 699/243/243 312/240/240
f 759/244/244 760/245/245 624/157/157
f 292/246/246 406/247/247 264/248/248
f 17/226/226 713/225/225 264/248/248
f 254/249/249 583/250/250 222/251/251
f 20/190/190 785/252/252 156/188/188
f 54/253/253 440/254/254 441/255/255
f 204/256/256 278/257/257 749/258/258
f 633/77/77 176/259/259 632/260/260
f 633/77/77 361/261/261 176/259/259
f 437/262/262 219/263/263 796/264/264
f 635/17/17 708/265/265 261/266/266
f 611/113/113 769/267/267 390/114/114
f 355/268/268 440/254/254 72/269/269
f 757/270/270 549/271/271 332/272/272
f 307/8/8 399/273/273 538/274/274
f 295/275/275 498/276/276 792/277/277
f 700/278/278 442/279/279 354/280/280
f 700/278/278 355/268/268 442/279/279
f 13/281/281 89/282/282 154/283/283
f 349/284/284 496/285/285 16/286/286
f 326/287/287 606/90/90 180/288/288
f 638/289/289 296/290/290 15/291/291
f 14/292/292 257/293/293 51/112/112
f 494/294/294 9/111/111 638/289/289
f 712/295/295 444/296/296 100/297/297
f 444/296/296 490/298/298 100/297/297
f 731/299/299 786/300/300 569/40/40
f 158/301/301 382/302/302 157/303/303
f 551/304/304 113/305/305 141/306/306
f 640/11/11 639/307/307 317/26/26
f 639/307/307 640/11/11 694/308/308
f 446/309/309 802/310/310 323/311/311
f 277/312/312 401/313/313 784/314/314
f 39/75/75 714/315/315 513/316/316
f 684/317/317 40/318/318 240/319/319
f 701/320/320 497/321/321 498/276/276
f 439/322/322 193/323/323 518/63/63
f 124/324/324 482/325/325 480/326/326
f 124/324/324 480/326/326 128/327/327
f 324/328/328 613/120/120 458/119/119
f 64/329/329 695/330/330 795/331/331
f 643/332/332 673/333/333 241/334/334
f 558/335/335 242/336/336 102/337/337
f 36/338/338 145/339/339 337/340/340
f 189/341/341 671/342/342 667/343/343
f 667/343/343 671/342/342 587/344/344
f 584/345/345 686/346/346 240/319/319
f 186/347/347 321/348/348 450/349/349
f 562/350/350 285/351/351 770/352/352
f 59/353/353 664/354/354 665/355/355
f 589/356/356 452/357/357 333/358/358
f 452/357/357 757/270/270 332/272/272
f 350/359/359 16/286/286 492/58/58
f 644/360/360 66/361/361 658/362/362
f 644/360/360 810/363/363 414/364/364
f 644/360/360 414/364/364 66/361/361
f 144/365/365 690/366/366 344/29/29
f 329/367/367 545/368/368 185/369/369
f 654/71/71 179/370/370 245/371/371
f 179/370/370 329/367/367 185/369/369
f 654/71/71 656/372/372 329/367/367
f 630/373/373 404/208/208 727/213/213
f 184/374/374 454/375/375 243/376/376
f 567/92/92 375/377/377 374/136/136
f 67/378/378 416/379/379 594/380/380
f 181/381/381 7/382/382 183/383/383
f 380/186/186 738/384/384 91/385/385
f 737/386/386 703/387/387 516/36/36
f 459/388/388 648/20/20 650/19/19
f 708/265/265 797/389/389 504/390/390
f 781/391/391 568/204/204 279/23/23
f 180/288/288 606/90/90 421/43/43
f 557/134/134 617/139/139 83/135/135
f 652/392/392 308/393/393 627/394/394
f 606/90/90 732/395/395 230/91/91
f 646/5/5 326/287/287 180/288/288
f 326/287/287 460/396/396 732/395/395
f 646/5/5 460/396/396 326/287/287
f 143/397/397 456/398/398 218/242/242
f 603/399/399 196/195/195 571/194/194
f 645/400/400 181/381/381 316/401/401
f 615/402/402 773/403/403 283/404/404
f 183/383/383 461/405/405 182/406/406
f 327/407/407 596/408/408 67/378/378
f 184/374/374 243/376/376 805/409/409
f 717/410/410 789/411/411 433/412/412
f 412/413/413 60/414/414 224/415/415
f 412/413/413 462/416/416 60/414/414
f 412/413/413 653/417/417 462/416/416
f 653/417/417 412/413/413 243/376/376
f 654/71/71 329/367/367 179/370/370
f 244/418/418 227/72/72 654/71/71
f 771/106/106 137/109/109 27/108/108
f 514/419/419 363/420/420 77/421/421
f 244/418/418 245/371/371 106/422/422
f 656/372/372 246/423/423 329/367/367
f 685/70/70 12/424/424 656/372/372
f 12/424/424 246/423/423 656/372/372
f 294/425/425 195/426/426 314/181/181
f 410/28/28 658/362/362 144/365/365
f 323/311/311 644/360/360 658/362/362
f 627/394/394 230/91/91 732/395/395
f 659/217/217 661/427/427 453/428/428
f 359/227/227 709/429/429 506/430/430
f 332/272/272 591/431/431 415/432/432
f 660/433/433 661/427/427 659/217/217
f 661/427/427 333/358/358 467/434/434
f 468/435/435 588/436/436 469/437/437
f 320/126/126 184/374/374 805/409/409
f 322/438/438 468/435/435 662/439/439
f 503/154/154 575/50/50 600/49/49
f 68/440/440 323/311/311 658/362/362
f 802/310/310 469/437/437 323/311/311
f 776/216/216 619/441/441 564/442/442
f 479/443/443 85/444/444 804/445/445
f 588/436/436 59/353/353 665/355/355
f 249/446/446 247/447/447 451/448/448
f 553/449/449 322/438/438 662/439/439
f 553/449/449 334/450/450 322/438/438
f 666/451/451 168/452/452 247/447/447
f 450/349/349 808/453/453 249/446/446
f 126/454/454 450/349/349 249/446/446
f 489/455/455 186/347/347 450/349/349
f 250/456/456 470/457/457 489/455/455
f 126/454/454 249/446/446 451/448/448
f 489/455/455 335/458/458 419/459/459
f 348/460/460 189/341/341 250/456/456
f 186/347/347 809/461/461 321/348/348
f 250/456/456 667/343/343 470/457/457
f 472/462/462 36/338/338 336/463/463
f 560/464/464 102/337/337 242/336/336
f 668/465/465 187/466/466 413/467/467
f 101/468/468 474/469/469 670/470/470
f 189/341/341 188/471/471 671/342/342
f 671/342/342 35/472/472 338/473/473
f 261/266/266 602/193/193 635/17/17
f 683/474/474 482/325/325 585/475/475
f 35/472/472 413/467/467 338/473/473
f 502/118/118 299/476/476 505/477/477
f 341/229/229 407/478/478 704/479/479
f 673/333/333 339/480/480 241/334/334
f 339/480/480 673/333/333 41/481/481
f 771/106/106 768/121/121 613/120/120
f 474/469/469 674/482/482 670/470/470
f 636/483/483 474/469/469 637/484/484
f 636/483/483 449/485/485 474/469/469
f 475/486/486 251/487/487 413/467/467
f 125/488/488 41/481/481 586/489/489
f 586/489/489 226/490/490 70/491/491
f 710/53/53 632/260/260 711/492/492
f 44/493/493 252/494/494 320/126/126
f 252/494/494 328/495/495 320/126/126
f 44/493/493 320/126/126 676/496/496
f 340/497/497 681/498/498 241/334/334
f 319/499/499 681/498/498 340/497/497
f 78/500/500 523/179/179 522/501/501
f 427/502/502 736/503/503 31/504/504
f 284/505/505 393/67/67 615/402/402
f 465/506/506 583/250/250 223/507/507
f 681/498/498 680/508/508 643/332/332
f 680/508/508 225/509/509 673/333/333
f 476/127/127 681/498/498 477/125/125
f 479/443/443 680/508/508 681/498/498
f 13/281/281 190/510/510 482/325/325
f 473/511/511 103/512/512 493/513/513
f 115/514/514 211/122/122 561/515/515
f 599/231/231 343/230/230 190/510/510
f 490/298/298 696/516/516 347/517/517
f 295/275/275 704/479/479 407/478/478
f 107/518/518 682/519/519 481/520/520
f 682/519/519 253/521/521 683/474/474
f 483/522/522 684/317/317 342/523/523
f 430/211/211 604/192/192 527/15/15
f 499/524/524 483/522/522 341/229/229
f 268/525/525 269/526/526 434/527/527
f 40/318/318 684/317/317 484/528/528
f 364/529/529 122/45/45 237/530/530
f 342/523/523 686/346/346 254/249/249
f 254/249/249 146/531/531 448/532/532
f 228/533/533 356/16/16 689/534/534
f 687/535/535 641/536/536 688/537/537
f 641/536/536 485/538/538 688/537/537
f 503/154/154 689/534/534 52/539/539
f 689/534/534 356/16/16 52/539/539
f 356/16/16 687/535/535 688/537/537
f 503/154/154 438/540/540 689/534/534
f 690/366/366 239/219/219 485/538/538
f 411/541/541 344/29/29 485/538/538
f 205/542/542 398/138/138 755/137/137
f 135/543/543 278/257/257 134/544/544
f 415/432/432 215/545/545 756/546/546
f 597/547/547 45/548/548 223/507/507
f 693/549/549 168/452/452 662/439/439
f 317/26/26 639/307/307 582/24/24
f 313/550/550 488/52/52 487/551/551
f 313/550/550 487/551/551 409/12/12
f 21/552/552 313/550/550 409/12/12
f 696/516/516 445/553/553 347/517/517
f 444/296/296 255/56/56 490/298/298
f 350/359/359 264/248/248 406/247/247
f 723/84/84 522/501/501 120/554/554
f 100/297/297 147/30/30 491/54/54
f 712/295/295 100/297/297 711/492/492
f 347/517/517 698/31/31 147/30/30
f 655/555/555 244/418/418 106/422/422
f 14/292/292 51/112/112 494/294/294
f 773/403/403 111/69/69 392/556/556
f 15/291/291 493/513/513 103/512/512
f 258/557/557 349/284/284 259/558/558
f 354/280/280 351/559/559 793/560/560
f 496/285/285 443/561/561 16/286/286
f 484/528/528 705/562/562 501/563/563
f 16/286/286 443/561/561 492/58/58
f 353/564/564 352/565/565 496/285/285
f 353/564/564 260/566/566 352/565/565
f 316/401/401 700/278/278 699/243/243
f 442/279/279 351/559/559 354/280/280
f 691/51/51 356/16/16 197/18/18
f 53/567/567 699/243/243 354/280/280
f 699/243/243 700/278/278 354/280/280
f 351/559/559 54/253/253 800/568/568
f 484/528/528 576/48/48 575/50/50
f 594/380/380 327/407/407 67/378/378
f 701/320/320 151/569/569 152/570/570
f 315/571/571 701/320/320 498/276/276
f 174/207/207 50/199/199 628/572/572
f 194/573/573 577/574/574 702/575/575
f 702/575/575 577/574/574 792/277/277
f 688/537/537 597/547/547 584/345/345
f 29/576/576 166/55/55 293/57/57
f 499/524/524 341/229/229 704/479/479
f 194/573/573 500/577/577 577/574/574
f 194/573/573 705/562/562 500/577/577
f 150/578/578 642/579/579 330/580/580
f 518/63/63 707/156/156 178/155/155
f 294/425/425 601/581/581 438/540/540
f 447/582/582 481/520/520 191/583/583
f 453/428/428 45/548/548 331/218/218
f 708/265/265 356/16/16 228/533/533
f 358/584/584 796/264/264 709/429/429
f 359/227/227 506/430/430 603/399/399
f 709/429/429 357/585/585 507/34/34
f 634/586/586 507/34/34 357/585/585
f 54/253/253 221/587/587 800/568/568
f 437/262/262 509/588/588 219/263/263
f 578/589/589 669/590/590 670/470/470
f 74/78/78 436/591/591 262/592/592
f 74/78/78 632/260/260 436/591/591
f 390/114/114 224/415/415 60/414/414
f 177/593/593 709/429/429 507/34/34
f 435/594/594 361/261/261 362/76/76
f 37/209/209 362/76/76 74/78/78
f 534/595/595 203/596/596 202/597/597
f 795/331/331 695/330/330 166/55/55
f 512/46/46 795/331/331 29/576/576
f 512/46/46 64/329/329 795/331/331
f 513/316/316 714/315/315 713/225/225
f 714/315/315 363/420/420 713/225/225
f 713/225/225 363/420/420 263/598/598
f 510/599/599 632/260/260 176/259/259
f 429/166/166 364/529/529 365/600/600
f 50/199/199 76/224/224 17/226/226
f 17/226/226 264/248/248 364/529/529
f 786/300/300 218/242/242 312/240/240
f 428/239/239 265/601/601 203/596/596
f 366/241/241 515/602/602 514/419/419
f 132/238/238 715/237/237 131/603/603
f 516/36/36 132/238/238 43/37/37
f 198/234/234 291/233/233 266/232/232
f 198/234/234 791/236/236 291/233/233
f 198/234/234 266/232/232 785/252/252
f 517/604/604 266/232/232 121/605/605
f 266/232/232 519/606/606 121/605/605
f 99/62/62 405/116/116 706/147/147
f 434/527/527 573/607/607 789/411/411
f 300/81/81 717/410/410 32/608/608
f 368/609/609 23/235/235 198/234/234
f 20/190/190 368/609/609 198/234/234
f 32/608/608 717/410/410 368/609/609
f 448/532/532 190/510/510 343/230/230
f 718/610/610 520/611/611 261/266/266
f 565/159/159 760/245/245 761/612/612
f 433/412/412 720/613/613 719/614/614
f 433/412/412 789/411/411 720/613/613
f 692/27/27 687/535/535 486/615/615
f 783/173/173 301/616/616 721/617/617
f 301/616/616 370/618/618 721/617/617
f 801/619/619 638/289/289 9/111/111
f 222/251/251 685/70/70 254/249/249
f 270/174/174 721/617/617 269/526/526
f 42/620/620 413/467/467 806/621/621
f 224/415/415 243/376/376 412/413/413
f 371/622/622 369/623/623 302/83/83
f 524/223/223 271/177/177 523/179/179
f 120/554/554 370/618/618 301/616/616
f 431/624/624 359/227/227 271/177/177
f 48/65/65 619/441/441 55/625/625
f 528/626/626 525/221/221 725/627/627
f 528/626/626 631/13/13 525/221/221
f 371/622/622 724/628/628 787/629/629
f 525/221/221 371/622/622 725/627/627
f 726/630/630 262/592/592 508/631/631
f 724/628/628 273/220/220 787/629/629
f 273/220/220 272/632/632 787/629/629
f 526/212/212 430/211/211 199/14/14
f 114/633/633 303/634/634 729/635/635
f 531/636/636 526/212/212 728/637/637
f 728/637/637 526/212/212 199/14/14
f 528/626/626 729/635/635 631/13/13
f 174/207/207 629/638/638 733/205/205
f 24/639/639 274/210/210 604/192/192
f 629/638/638 628/572/572 532/640/640
f 303/634/634 529/86/86 728/637/637
f 530/201/201 529/86/86 63/203/203
f 529/86/86 97/39/39 629/638/638
f 718/610/610 505/477/477 299/476/476
f 372/641/641 275/200/200 630/373/373
f 275/200/200 25/202/202 630/373/373
f 25/202/202 63/203/203 630/373/373
f 531/636/636 275/200/200 372/641/641
f 728/637/637 275/200/200 531/636/636
f 491/54/54 487/551/551 488/52/52
f 429/166/166 365/600/600 98/642/642
f 532/640/640 79/643/643 730/644/644
f 79/643/643 309/168/168 200/167/167
f 532/640/640 309/168/168 79/643/643
f 59/353/353 207/645/645 664/354/354
f 446/309/309 692/27/27 486/615/615
f 76/224/224 229/73/73 513/316/316
f 533/646/646 626/42/42 379/198/198
f 720/613/613 718/610/610 719/614/614
f 627/394/394 373/647/647 376/648/648
f 206/38/38 201/160/160 378/197/197
f 202/597/597 734/74/74 229/73/73
f 39/75/75 734/74/74 77/421/421
f 80/206/206 202/597/597 174/207/207
f 174/207/207 202/597/597 229/73/73
f 202/597/597 203/596/596 734/74/74
f 735/41/41 534/595/595 377/196/196
f 377/196/196 626/42/42 735/41/41
f 618/148/148 209/649/649 554/650/650
f 155/35/35 736/503/503 737/386/386
f 427/502/502 785/252/252 737/386/386
f 31/504/504 736/503/503 2/651/651
f 156/188/188 427/502/502 31/504/504
f 266/232/232 517/604/604 785/252/252
f 5/652/652 380/186/186 276/653/653
f 739/654/654 738/384/384 5/652/652
f 435/594/594 122/45/45 236/47/47
f 92/187/187 380/186/186 91/385/385
f 383/182/182 62/184/184 382/302/302
f 618/148/148 282/655/655 208/656/656
f 382/302/302 381/657/657 157/303/303
f 158/301/301 740/658/658 383/182/182
f 740/658/658 739/654/654 49/183/183
f 49/183/183 739/654/654 741/185/185
f 277/312/312 742/659/659 744/660/660
f 277/312/312 784/314/314 742/659/659
f 744/660/660 742/659/659 173/176/176
f 536/661/661 744/660/660 625/175/175
f 173/176/176 625/175/175 744/660/660
f 536/661/661 625/175/175 426/662/662
f 745/80/80 270/174/174 268/525/525
f 426/662/662 61/172/172 217/79/79
f 402/663/663 741/185/185 276/653/653
f 173/176/176 783/173/173 61/172/172
f 537/664/664 746/665/665 425/666/666
f 52/539/539 240/319/319 40/318/318
f 424/667/667 120/554/554 301/616/616
f 746/665/665 782/668/668 425/666/666
f 764/669/669 165/670/670 287/671/671
f 538/274/274 399/273/273 133/672/672
f 399/273/273 400/673/673 133/672/672
f 400/673/673 725/627/627 104/82/82
f 670/470/470 672/674/674 578/589/589
f 748/171/171 400/673/673 307/8/8
f 385/675/675 540/676/676 278/257/257
f 93/164/164 385/675/675 135/543/543
f 81/161/161 541/163/163 750/165/165
f 550/677/677 422/94/94 779/93/93
f 541/163/163 81/161/161 542/678/678
f 800/568/568 258/557/557 351/559/559
f 278/257/257 384/7/7 38/679/679
f 159/680/680 278/257/257 38/679/679
f 109/681/681 278/257/257 159/680/680
f 110/682/682 278/257/257 109/681/681
f 255/56/56 510/599/599 293/57/57
f 754/683/683 136/684/684 81/161/161
f 136/684/684 752/685/685 325/686/686
f 752/685/685 149/687/687 325/686/686
f 160/688/688 754/683/683 81/161/161
f 136/684/684 325/686/686 81/161/161
f 255/56/56 695/330/330 696/516/516
f 279/23/23 387/22/22 781/391/391
f 621/689/689 207/645/645 55/625/625
f 473/511/511 672/674/674 189/341/341
f 475/486/486 674/482/482 449/485/485
f 769/267/267 804/445/445 85/444/444
f 579/690/690 496/285/285 352/565/565
f 545/368/368 105/691/691 127/692/692
f 546/693/693 88/694/694 105/691/691
f 591/431/431 549/271/271 215/545/545
f 757/270/270 33/695/695 119/696/696
f 759/244/244 280/158/158 590/697/697
f 759/244/244 624/157/157 280/158/158
f 590/697/697 280/158/158 33/695/695
f 549/271/271 548/698/698 289/95/95
f 757/270/270 234/699/699 548/698/698
f 779/93/93 548/698/698 550/677/677
f 234/699/699 119/696/696 550/677/677
f 310/178/178 571/194/194 175/700/700
f 623/701/701 48/65/65 55/625/625
f 552/702/702 622/703/703 55/625/625
f 552/702/702 55/625/625 207/645/645
f 29/576/576 510/599/599 176/259/259
f 758/704/704 306/66/66 388/705/705
f 650/19/19 172/44/44 325/686/686
f 82/706/706 761/612/612 56/707/707
f 32/608/608 20/190/190 741/185/185
f 21/552/552 640/11/11 220/33/33
f 82/706/706 281/153/153 761/612/612
f 47/708/708 19/151/151 82/706/706
f 216/709/709 782/668/668 746/665/665
f 594/380/380 167/710/710 593/711/711
f 553/449/449 758/704/704 388/705/705
f 554/650/650 306/66/66 758/704/704
f 666/451/451 169/712/712 762/713/713
f 764/669/669 209/649/649 763/714/714
f 209/649/649 765/144/144 140/146/146
f 555/133/133 83/135/135 616/130/130
f 118/715/715 170/131/131 616/130/130
f 57/716/716 555/133/133 169/712/712
f 337/340/340 557/134/134 57/716/716
f 57/716/716 557/134/134 555/133/133
f 616/130/130 618/148/148 208/656/656
f 282/655/655 555/133/133 208/656/656
f 306/66/66 209/649/649 148/64/64
f 102/337/337 283/404/404 84/717/717
f 145/339/339 233/140/140 557/134/134
f 558/335/335 210/718/718 233/140/140
f 233/140/140 210/718/718 766/142/142
f 766/142/142 84/717/717 563/719/719
f 810/363/363 323/311/311 665/355/355
f 560/464/464 615/402/402 283/404/404
f 635/17/17 196/195/195 177/593/593
f 72/269/269 351/559/559 442/279/279
f 561/515/515 211/122/122 675/720/720
f 679/721/721 285/351/351 115/514/514
f 678/722/722 478/723/723 677/724/724
f 423/725/725 58/124/124 213/726/726
f 212/727/727 139/728/728 94/729/729
f 163/102/102 212/727/727 94/729/729
f 58/124/124 212/727/727 163/102/102
f 550/677/677 551/304/304 141/306/306
f 337/340/340 298/730/730 336/463/463
f 249/446/446 169/712/712 248/731/731
f 682/519/519 128/327/327 480/326/326
f 36/338/338 471/732/732 807/733/733
f 770/352/352 305/734/734 562/350/350
f 455/735/735 252/494/494 461/405/405
f 318/736/736 611/113/113 678/722/722
f 26/737/737 391/738/738 162/739/739
f 771/106/106 27/108/108 612/740/740
f 610/741/741 162/739/739 8/742/742
f 562/350/350 26/737/737 610/741/741
f 213/726/726 117/101/101 284/505/505
f 284/505/505 423/725/725 213/726/726
f 773/403/403 392/556/556 559/743/743
f 370/618/618 310/178/178 721/617/617
f 170/131/131 286/744/744 556/132/132
f 118/715/715 774/143/143 170/131/131
f 170/131/131 171/141/141 286/744/744
f 171/141/141 767/745/745 286/744/744
f 394/149/149 556/132/132 231/169/169
f 448/532/532 342/523/523 254/249/249
f 662/439/439 469/437/437 802/310/310
f 147/30/30 490/298/298 347/517/517
f 358/584/584 431/624/624 508/631/631
f 33/695/695 280/158/158 288/746/746
f 33/695/695 288/746/746 551/304/304
f 396/96/96 288/746/746 280/158/158
f 288/746/746 396/96/96 113/305/305
f 144/365/365 466/747/747 657/748/748
f 214/749/749 289/95/95 397/750/750
f 546/693/693 756/546/546 607/751/751
f 172/44/44 421/43/43 398/138/138
f 605/85/85 529/86/86 303/634/634
f 238/752/752 797/389/389 294/425/425
f 748/171/171 420/753/753 114/633/633
f 723/84/84 120/554/554 782/668/668
f 637/484/484 353/564/564 636/483/483
f 133/672/672 400/673/673 216/709/709
f 400/673/673 104/82/82 216/709/709
f 784/314/314 424/667/667 301/616/616
f 173/176/176 784/314/314 783/173/173
f 380/186/186 217/79/79 300/81/81
f 73/754/754 194/573/573 702/575/575
f 785/252/252 517/604/604 737/386/386
f 650/19/19 149/687/687 459/388/388
f 735/41/41 786/300/300 428/239/239
f 308/393/393 218/242/242 731/299/299
f 580/755/755 296/290/290 801/619/619
f 183/383/383 596/408/408 327/407/407
f 264/248/248 75/60/60 122/45/45
f 404/208/208 730/644/644 37/209/209
f 404/208/208 274/210/210 24/639/639
f 273/220/220 726/630/630 272/632/632
f 527/15/15 726/630/630 273/220/220
f 570/756/756 508/631/631 431/624/624
f 9/111/111 579/690/690 801/619/619
f 432/222/222 570/756/756 524/223/223
f 369/623/623 787/629/629 78/500/500
f 371/622/622 787/629/629 369/623/623
f 572/228/228 603/399/399 571/194/194
f 804/445/445 678/722/722 677/724/724
f 789/411/411 788/757/757 261/266/266
f 789/411/411 261/266/266 520/611/611
f 789/411/411 520/611/611 720/613/613
f 511/758/758 200/167/167 98/642/642
f 791/236/236 23/235/235 719/614/614
f 791/236/236 719/614/614 299/476/476
f 121/605/605 193/323/323 703/387/387
f 517/604/604 121/605/605 703/387/387
f 792/277/277 715/237/237 516/36/36
f 699/243/243 53/567/567 515/602/602
f 495/759/759 350/359/359 406/247/247
f 292/246/246 363/420/420 406/247/247
f 363/420/420 793/560/560 406/247/247
f 510/599/599 712/295/295 711/492/492
f 373/647/647 375/377/377 376/648/648
f 69/760/760 470/457/457 667/343/343
f 509/588/588 710/53/53 488/52/52
f 709/429/429 796/264/264 357/585/585
f 71/761/761 696/516/516 695/330/330
f 630/373/373 526/212/212 372/641/641
f 177/593/593 507/34/34 197/18/18
f 177/593/593 197/18/18 635/17/17
f 196/195/195 506/430/430 177/593/593
f 260/566/566 101/468/468 580/755/755
f 797/389/389 228/533/533 601/581/581
f 469/437/437 665/355/355 323/311/311
f 576/48/48 501/563/563 439/322/322
f 369/623/623 522/501/501 302/83/83
f 421/43/43 567/92/92 46/762/762
f 598/763/763 154/283/283 315/571/571
f 498/276/276 295/275/275 315/571/571
f 577/574/574 500/577/577 295/275/275
f 349/284/284 353/564/564 496/285/285
f 221/587/587 349/284/284 800/568/568
f 798/764/764 518/63/63 178/155/155
f 512/46/46 361/261/261 236/47/47
f 801/619/619 579/690/690 580/755/755
f 377/196/196 202/597/597 80/206/206
f 347/517/517 103/512/512 698/31/31
f 445/553/553 494/294/294 347/517/517
f 494/294/294 15/291/291 103/512/512
f 756/546/546 397/750/750 142/765/765
f 346/766/766 489/455/455 693/549/549
f 123/25/25 802/310/310 486/615/615
f 582/24/24 693/549/549 662/439/439
f 582/24/24 662/439/439 802/310/310
f 410/28/28 144/365/365 344/29/29
f 692/27/27 344/29/29 411/541/541
f 223/507/507 45/548/548 465/506/506
f 541/163/163 540/676/676 385/675/675
f 584/345/345 223/507/507 583/250/250
f 146/531/531 585/475/475 448/532/532
f 379/198/198 374/136/136 375/377/377
f 584/345/345 597/547/547 223/507/507
f 191/583/583 227/72/72 642/579/579
f 585/475/475 227/72/72 191/583/583
f 672/674/674 188/471/471 189/341/341
f 425/666/666 120/554/554 424/667/667
f 803/767/767 224/415/415 85/444/444
f 70/491/491 226/490/490 675/720/720
f 226/490/490 561/515/515 675/720/720
f 673/333/333 225/509/509 41/481/481
f 806/621/621 242/336/336 42/620/620
f 413/467/467 251/487/487 806/621/621
f 36/338/338 558/335/335 145/339/339
f 69/760/760 807/733/733 471/732/732
f 338/473/473 42/620/620 807/733/733
f 807/733/733 42/620/620 36/338/338
f 42/620/620 558/335/335 36/338/338
f 610/741/741 58/124/124 389/123/123
f 321/348/348 809/461/461 808/453/453
f 809/461/461 472/462/462 808/453/453
f 248/731/731 169/712/712 666/451/451
f 249/446/446 248/731/731 247/447/447
f 334/450/450 418/768/768 468/435/435
f 66/361/361 414/364/364 589/356/356
f 414/364/364 810/363/363 417/769/769
f 87/1/1 595/3/3 324/328/328
f 595/3/3 812/2/2 86/770/770
f 324/328/328 595/3/3 772/104/104
f 460/396/396 90/771/771 456/398/398
f 334/450/450 388/705/705 418/768/768
f 418/768/768 388/705/705 59/353/353
f 336/463/463 298/730/730 808/453/453
f 210/718/718 558/335/335 102/337/337
f 806/621/621 70/491/491 242/336/336
f 60/414/414 768/121/121 390/114/114
f 674/482/482 187/466/466 670/470/470
f 669/590/590 580/755/755 101/468/468
f 44/493/493 183/383/383 182/406/406
f 252/494/494 182/406/406 461/405/405
f 44/493/493 182/406/406 252/494/494
f 598/763/763 407/478/478 599/231/231
f 485/538/538 331/218/218 597/547/547
f 193/323/323 519/606/606 367/61/61
f 574/772/772 299/476/476 790/117/117
f 685/70/70 146/531/531 254/249/249
f 787/629/629 272/632/632 508/631/631
f 730/644/644 200/167/167 403/773/773
f 513/316/316 229/73/73 39/75/75
f 300/81/81 745/80/80 268/525/525
f 216/709/709 104/82/82 723/84/84
f 104/82/82 371/622/622 302/83/83
f 518/63/63 706/147/147 707/156/156
f 420/753/753 386/774/774 303/634/634
f 114/633/633 420/753/753 303/634/634
f 421/43/43 46/762/762 398/138/138
f 46/762/762 567/92/92 398/138/138
f 560/464/464 284/505/505 615/402/402
f 395/214/214 564/442/442 287/671/671
f 395/214/214 287/671/671 609/775/775
f 610/741/741 26/737/737 162/739/739
f 771/106/106 161/107/107 11/776/776
f 305/734/734 138/110/110 391/738/738
f 212/727/727 8/742/742 139/728/728
f 389/123/123 115/514/514 562/350/350
f 84/717/717 283/404/404 767/745/745
f 668/465/465 35/472/472 188/471/471
f 663/777/777 590/697/697 417/769/769
f 209/649/649 775/150/150 765/144/144
f 618/148/148 616/130/130 394/149/149
f 47/708/708 777/215/215 19/151/151
f 55/625/625 619/441/441 621/689/689
f 619/441/441 620/778/778 621/689/689
f 622/703/703 306/66/66 623/701/701
f 623/701/701 306/66/66 48/65/65
f 599/231/231 13/281/281 154/283/283
f 574/772/772 716/87/87 291/233/233
f 214/749/749 549/271/271 289/95/95
f 289/95/95 548/698/698 779/93/93
f 592/779/779 811/780/780 546/693/693
f 544/21/21 374/136/136 206/38/38
f 81/161/161 205/542/542 755/137/137
f 205/542/542 325/686/686 172/44/44
f 386/774/774 235/781/781 28/782/782
f 28/782/782 605/85/85 386/774/774
f 386/774/774 605/85/85 303/634/634
f 542/678/678 539/783/783 540/676/676
f 241/334/334 221/587/587 340/497/497
f 426/662/662 625/175/175 61/172/172
f 4/784/784 534/595/595 735/41/41
f 4/784/784 735/41/41 428/239/239
f 201/160/160 379/198/198 377/196/196
f 373/647/647 308/393/393 731/299/299
f 627/394/394 308/393/393 373/647/647
f 37/209/209 403/773/773 362/76/76
f 274/210/210 37/209/209 74/78/78
f 631/13/13 527/15/15 273/220/220
f 491/54/54 711/492/492 100/297/297
f 434/527/527 722/785/785 573/607/607
f 543/170/170 420/753/753 748/171/171
f 123/25/25 345/786/786 691/51/51
f 715/237/237 792/277/277 497/321/321
f 366/241/241 312/240/240 515/602/602
f 364/529/529 50/199/199 17/226/226
f 264/248/248 713/225/225 263/598/598
f 75/60/60 256/59/59 512/46/46
f 512/46/46 256/59/59 64/329/329
f 810/363/363 663/777/777 417/769/769
f 262/592/592 436/591/591 437/262/262
f 507/34/34 634/586/586 220/33/33
f 600/49/49 798/764/764 178/155/155
f 261/266/266 708/265/265 504/390/390
f 707/156/156 706/147/147 314/181/181
f 439/322/322 501/563/563 194/573/573
f 387/22/22 605/85/85 781/391/391
f 151/569/569 315/571/571 89/282/282
f 792/277/277 577/574/574 295/275/275
f 441/255/255 676/496/496 477/125/125
f 442/279/279 355/268/268 72/269/269
f 15/291/291 296/290/290 493/513/513
f 493/513/513 578/589/589 672/674/674
f 71/761/761 257/293/293 14/292/292
f 51/112/112 9/111/111 494/294/294
f 770/352/352 611/113/113 116/115/115
f 491/54/54 147/30/30 581/32/32
f 365/600/600 511/758/758 98/642/642
f 269/526/526 521/787/787 722/785/785
f 690/366/366 657/748/748 239/219/219
f 687/535/535 411/541/541 641/536/536
f 460/396/396 627/394/394 732/395/395
f 240/319/319 688/537/537 584/345/345
f 447/582/582 191/583/583 642/579/579
f 642/579/579 227/72/72 463/788/788
f 13/281/281 124/324/324 129/789/789
f 480/326/326 482/325/325 253/521/521
f 680/508/508 479/443/443 804/445/445
f 677/724/724 680/508/508 804/445/445
f 319/499/499 477/125/125 681/498/498
f 71/761/761 494/294/294 445/553/553
f 241/334/334 681/498/498 643/332/332
f 42/620/620 242/336/336 558/335/335
f 671/342/342 188/471/471 35/472/472
f 335/458/458 450/349/349 126/454/454
f 187/466/466 34/790/790 413/467/467
f 605/85/85 290/791/791 781/391/391
f 587/344/344 671/342/342 338/473/473
f 667/343/343 587/344/344 69/760/760
f 451/448/448 335/458/458 126/454/454
f 553/449/449 666/451/451 762/713/713
f 333/358/358 452/357/357 332/272/272
f 658/362/362 66/361/361 466/747/747
f 453/428/428 332/272/272 415/432/432
f 453/428/428 415/432/432 464/792/792
f 545/368/368 329/367/367 592/779/779
f 653/417/417 593/711/711 462/416/416
f 184/374/374 327/407/407 454/375/375
f 456/398/398 645/400/400 316/401/401
f 652/392/392 456/398/398 143/397/397
f 457/793/793 90/771/771 646/5/5
f 772/104/104 647/794/794 3/795/795
f 167/710/710 297/796/796 324/328/328
f 593/711/711 167/710/710 324/328/328
f 772/104/104 3/795/795 30/105/105
f 749/258/258 28/782/782 235/781/781
f 23/235/235 433/412/412 719/614/614
f 649/4/4 457/793/793 646/5/5
f 103/512/512 697/797/797 698/31/31
f 692/27/27 658/362/362 410/28/28
f 316/401/401 181/381/381 183/383/383
f 316/401/401 183/383/383 44/493/493
f 461/405/405 183/383/383 455/735/735
f 243/376/376 454/375/375 653/417/417
f 116/115/115 768/121/121 612/740/740
f 227/72/72 244/418/418 463/788/788
f 244/418/418 654/71/71 245/371/371
f 106/422/422 245/371/371 179/370/370
f 388/705/705 552/702/702 59/353/353
f 330/580/580 463/788/788 655/555/555
f 330/580/580 642/579/579 463/788/788
f 811/780/780 465/506/506 464/792/792
f 464/792/792 415/432/432 811/780/780
f 465/506/506 45/548/548 464/792/792
f 329/367/367 246/423/423 811/780/780
f 12/424/424 222/251/251 246/423/423
f 329/367/367 811/780/780 592/779/779
f 657/748/748 466/747/747 660/433/433
f 524/223/223 431/624/624 271/177/177
f 657/748/748 660/433/433 239/219/219
f 239/219/219 660/433/433 659/217/217
f 591/431/431 332/272/272 549/271/271
f 661/427/427 467/434/434 453/428/428
f 453/428/428 467/434/434 332/272/272
f 467/434/434 333/358/358 332/272/272
f 68/440/440 446/309/309 323/311/311
f 665/355/355 664/354/354 663/777/777
f 693/549/549 419/459/459 168/452/452
f 334/450/450 553/449/449 388/705/705
f 662/439/439 666/451/451 553/449/449
f 168/452/452 666/451/451 662/439/439
f 186/347/347 489/455/455 470/457/457
f 419/459/459 335/458/458 451/448/448
f 250/456/456 189/341/341 667/343/343
f 753/162/162 542/678/678 81/161/161
f 336/463/463 36/338/338 337/340/340
f 809/461/461 471/732/732 472/462/462
f 639/307/307 693/549/549 582/24/24
f 774/143/143 83/135/135 617/139/139
f 669/590/590 101/468/468 670/470/470
f 668/465/465 670/470/470 187/466/466
f 348/460/460 473/511/511 189/341/341
f 339/480/480 41/481/481 125/488/488
f 799/798/798 241/334/334 339/480/480
f 799/798/798 339/480/480 636/483/483
f 305/734/734 116/115/115 612/740/740
f 474/469/469 449/485/485 674/482/482
f 636/483/483 339/480/480 449/485/485
f 806/621/621 251/487/487 70/491/491
f 70/491/491 675/720/720 242/336/336
f 462/416/416 768/121/121 60/414/414
f 34/790/790 475/486/486 413/467/467
f 251/487/487 586/489/489 70/491/491
f 475/486/486 125/488/488 251/487/487
f 251/487/487 125/488/488 586/489/489
f 684/317/317 499/524/524 484/528/528
f 221/587/587 441/255/255 340/497/497
f 226/490/490 478/723/723 679/721/721
f 643/332/332 680/508/508 673/333/333
f 225/509/509 478/723/723 226/490/490
f 476/127/127 479/443/443 681/498/498
f 13/281/281 482/325/325 124/324/324
f 190/510/510 585/475/475 482/325/325
f 154/283/283 598/763/763 599/231/231
f 128/327/327 129/789/789 124/324/324
f 13/281/281 129/789/789 1/799/799
f 315/571/571 154/283/283 89/282/282
f 799/798/798 349/284/284 221/587/587
f 480/326/326 253/521/521 682/519/519
f 683/474/474 191/583/583 481/520/520
f 682/519/519 683/474/474 481/520/520
f 575/50/50 40/318/318 484/528/528
f 575/50/50 52/539/539 40/318/318
f 343/230/230 483/522/522 448/532/532
f 317/26/26 691/51/51 507/34/34
f 345/786/786 486/615/615 687/535/535
f 356/16/16 345/786/786 687/535/535
f 52/539/539 356/16/16 688/537/537
f 641/536/536 411/541/541 485/538/538
f 485/538/538 344/29/29 690/366/366
f 486/615/615 802/310/310 446/309/309
f 465/506/506 246/423/423 222/251/251
f 440/254/254 44/493/493 676/496/496
f 639/307/307 694/308/308 346/766/766
f 409/12/12 487/551/551 581/32/32
f 346/766/766 192/10/10 489/455/455
f 712/295/295 255/56/56 444/296/296
f 489/455/455 697/797/797 250/456/456
f 64/329/329 256/59/59 257/293/293
f 256/59/59 51/112/112 257/293/293
f 492/58/58 443/561/561 256/59/59
f 695/330/330 257/293/293 71/761/761
f 494/294/294 638/289/289 15/291/291
f 495/759/759 258/557/557 350/359/359
f 350/359/359 258/557/557 259/558/558
f 793/560/560 351/559/559 495/759/759
f 351/559/559 258/557/557 495/759/759
f 553/449/449 554/650/650 758/704/704
f 16/286/286 259/558/558 349/284/284
f 743/800/800 425/666/666 401/313/313
f 101/468/468 637/484/484 474/469/469
f 61/172/172 745/80/80 217/79/79
f 710/53/53 437/262/262 436/591/591
f 792/277/277 498/276/276 497/321/321
f 701/320/320 315/571/571 151/569/569
f 130/801/801 701/320/320 108/802/802
f 108/802/802 701/320/320 152/570/570
f 703/387/387 193/323/323 73/754/754
f 193/323/323 367/61/61 518/63/63
f 419/459/459 247/447/447 168/452/452
f 501/563/563 705/562/562 194/573/573
f 65/180/180 238/752/752 294/425/425
f 458/119/119 593/711/711 324/328/328
f 707/156/156 314/181/181 195/426/426
f 310/178/178 269/526/526 721/617/617
f 503/154/154 707/156/156 195/426/426
f 456/398/398 699/243/243 218/242/242
f 476/127/127 805/409/409 803/767/767
f 505/477/477 261/266/266 504/390/390
f 238/752/752 505/477/477 504/390/390
f 594/380/380 653/417/417 454/375/375
f 680/508/508 478/723/723 225/509/509
f 262/592/592 437/262/262 796/264/264
f 358/584/584 262/592/592 796/264/264
f 508/631/631 262/592/592 358/584/584
f 219/263/263 313/550/550 21/552/552
f 219/263/263 509/588/588 313/550/550
f 360/191/191 74/78/78 262/592/592
f 74/78/78 633/77/77 632/260/260
f 218/242/242 652/392/392 143/397/397
f 403/773/773 511/758/758 435/594/594
f 511/758/758 237/530/530 435/594/594
f 435/594/594 236/47/47 361/261/261
f 274/210/210 74/78/78 360/191/191
f 502/118/118 238/752/752 65/180/180
f 403/773/773 435/594/594 362/76/76
f 125/488/488 449/485/485 339/480/480
f 363/420/420 714/315/315 77/421/421
f 237/530/530 365/600/600 364/529/529
f 429/166/166 50/199/199 364/529/529
f 264/248/248 263/598/598 292/246/246
f 428/239/239 786/300/300 312/240/240
f 265/601/601 428/239/239 366/241/241
f 77/421/421 366/241/241 514/419/419
f 203/596/596 4/784/784 428/239/239
f 265/601/601 366/241/241 77/421/421
f 514/419/419 53/567/567 794/803/803
f 794/803/803 53/567/567 793/560/560
f 53/567/567 354/280/280 793/560/560
f 514/419/419 515/602/602 53/567/567
f 131/603/603 715/237/237 153/804/804
f 516/36/36 703/387/387 792/277/277
f 367/61/61 22/88/88 99/62/62
f 519/606/606 267/89/89 22/88/88
f 367/61/61 519/606/606 22/88/88
f 519/606/606 266/232/232 267/89/89
f 267/89/89 291/233/233 716/87/87
f 311/805/805 717/410/410 433/412/412
f 368/609/609 717/410/410 311/805/805
f 717/410/410 300/81/81 268/525/525
f 717/410/410 268/525/525 434/527/527
f 368/609/609 311/805/805 23/235/235
f 705/562/562 704/479/479 500/577/577
f 719/614/614 718/610/610 299/476/476
f 679/721/721 561/515/515 226/490/490
f 434/527/527 269/526/526 722/785/785
f 270/174/174 783/173/173 721/617/617
f 521/787/787 175/700/700 602/193/193
f 678/722/722 285/351/351 679/721/721
f 684/317/317 686/346/346 342/523/523
f 104/82/82 725/627/627 371/622/622
f 272/632/632 726/630/630 508/631/631
f 430/211/211 727/213/213 24/639/639
f 728/637/637 199/14/14 729/635/635
f 303/634/634 728/637/637 729/635/635
f 117/101/101 614/128/128 284/505/505
f 528/626/626 114/633/633 729/635/635
f 604/192/192 274/210/210 360/191/191
f 63/203/203 629/638/638 532/640/640
f 63/203/203 529/86/86 629/638/638
f 532/640/640 628/572/572 309/168/168
f 275/200/200 529/86/86 530/201/201
f 531/636/636 372/641/641 526/212/212
f 630/373/373 63/203/203 532/640/640
f 728/637/637 529/86/86 275/200/200
f 630/373/373 532/640/640 730/644/644
f 730/644/644 79/643/643 200/167/167
f 533/646/646 569/40/40 626/42/42
f 533/646/646 373/647/647 569/40/40
f 569/40/40 373/647/647 731/299/299
f 375/377/377 533/646/646 379/198/198
f 567/92/92 230/91/91 376/648/648
f 80/206/206 378/197/197 377/196/196
f 733/205/205 378/197/197 80/206/206
f 734/74/74 203/596/596 265/601/601
f 734/74/74 265/601/601 77/421/421
f 155/35/35 2/651/651 736/503/503
f 156/188/188 785/252/252 427/502/502
f 741/185/185 5/652/652 276/653/653
f 741/185/185 739/654/654 5/652/652
f 382/302/302 62/184/184 381/657/657
f 381/657/657 20/190/190 535/189/189
f 20/190/190 381/657/657 62/184/184
f 740/658/658 49/183/183 383/182/182
f 62/184/184 741/185/185 20/190/190
f 173/176/176 742/659/659 784/314/314
f 92/187/187 10/806/806 217/79/79
f 217/79/79 10/806/806 426/662/662
f 10/806/806 536/661/661 426/662/662
f 133/672/672 216/709/709 746/665/665
f 133/672/672 746/665/665 537/664/664
f 401/313/313 425/666/666 424/667/667
f 538/274/274 747/9/9 307/8/8
f 725/627/627 114/633/633 528/626/626
f 278/257/257 540/676/676 749/258/258
f 540/676/676 539/783/783 749/258/258
f 539/783/783 780/807/807 749/258/258
f 796/264/264 634/586/586 357/585/585
f 38/679/679 384/7/7 751/808/808
f 278/257/257 543/170/170 384/7/7
f 110/682/682 134/544/544 278/257/257
f 420/753/753 204/256/256 386/774/774
f 634/586/586 21/552/552 220/33/33
f 204/256/256 235/781/781 386/774/774
f 204/256/256 749/258/258 235/781/781
f 761/612/612 608/100/100 565/159/159
f 750/165/165 160/688/688 81/161/161
f 81/161/161 325/686/686 205/542/542
f 279/23/23 755/137/137 544/21/21
f 756/546/546 546/693/693 811/780/780
f 545/368/368 592/779/779 105/691/691
f 592/779/779 546/693/693 105/691/691
f 455/735/735 184/374/374 328/495/495
f 549/271/271 214/749/749 215/545/545
f 607/751/751 756/546/546 96/809/809
f 96/809/809 756/546/546 142/765/765
f 757/270/270 590/697/697 33/695/695
f 234/699/699 757/270/270 119/696/696
f 547/810/810 759/244/244 590/697/697
f 548/698/698 234/699/699 550/677/677
f 119/696/696 33/695/695 551/304/304
f 55/625/625 622/703/703 623/701/701
f 388/705/705 306/66/66 622/703/703
f 56/707/707 621/689/689 82/706/706
f 56/707/707 761/612/612 760/245/245
f 663/777/777 664/354/354 547/810/810
f 207/645/645 56/707/707 759/244/244
f 547/810/810 207/645/645 759/244/244
f 664/354/354 207/645/645 547/810/810
f 281/153/153 95/811/811 761/612/612
f 82/706/706 19/151/151 281/153/153
f 281/153/153 6/152/152 95/811/811
f 620/778/778 776/216/216 621/689/689
f 776/216/216 47/708/708 621/689/689
f 621/689/689 47/708/708 82/706/706
f 762/713/713 169/712/712 282/655/655
f 477/125/125 340/497/497 441/255/255
f 554/650/650 762/713/713 618/148/148
f 763/714/714 209/649/649 140/146/146
f 148/64/64 764/669/669 287/671/671
f 148/64/64 209/649/649 764/669/669
f 765/144/144 775/150/150 112/145/145
f 616/130/130 83/135/135 118/715/715
f 169/712/712 298/730/730 57/716/716
f 169/712/712 555/133/133 282/655/655
f 208/656/656 555/133/133 616/130/130
f 283/404/404 773/403/403 559/743/743
f 210/718/718 102/337/337 84/717/717
f 766/142/142 210/718/718 84/717/717
f 337/340/340 145/339/339 557/134/134
f 145/339/339 558/335/335 233/140/140
f 563/719/719 84/717/717 767/745/745
f 767/745/745 283/404/404 559/743/743
f 273/220/220 371/622/622 525/221/221
f 560/464/464 58/124/124 423/725/725
f 675/720/720 211/122/122 58/124/124
f 117/101/101 58/124/124 163/102/102
f 26/737/737 305/734/734 391/738/738
f 562/350/350 305/734/734 26/737/737
f 612/740/740 27/108/108 305/734/734
f 305/734/734 27/108/108 138/110/110
f 522/501/501 370/618/618 120/554/554
f 613/120/120 772/104/104 771/106/106
f 212/727/727 610/741/741 8/742/742
f 389/123/123 562/350/350 610/741/741
f 117/101/101 164/103/103 18/129/129
f 117/101/101 213/726/726 58/124/124
f 556/132/132 286/744/744 767/745/745
f 170/131/131 774/143/143 171/141/141
f 171/141/141 766/142/142 563/719/719
f 171/141/141 563/719/719 767/745/745
f 776/216/216 777/215/215 47/708/708
f 780/807/807 542/678/678 568/204/204
f 564/442/442 395/214/214 776/216/216
f 564/442/442 48/65/65 287/671/671
f 609/775/775 287/671/671 165/670/670
f 113/305/305 396/96/96 778/98/98
f 778/98/98 566/97/97 304/99/99
f 566/97/97 565/159/159 608/100/100
f 396/96/96 565/159/159 566/97/97
f 397/750/750 215/545/545 214/749/749
f 397/750/750 289/95/95 422/94/94
f 398/138/138 567/92/92 374/136/136
f 780/807/807 290/791/791 749/258/258
f 780/807/807 781/391/391 290/791/791
f 783/173/173 784/314/314 301/616/616
f 784/314/314 401/313/313 424/667/667
f 402/663/663 300/81/81 32/608/608
f 276/653/653 380/186/186 402/663/663
f 402/663/663 380/186/186 300/81/81
f 309/168/168 628/572/572 50/199/199
f 697/797/797 581/32/32 698/31/31
f 37/209/209 730/644/644 403/773/773
f 727/213/213 404/208/208 24/639/639
f 579/690/690 260/566/566 580/755/755
f 726/630/630 360/191/191 262/592/592
f 78/500/500 787/629/629 432/222/222
f 787/629/629 508/631/631 570/756/756
f 432/222/222 787/629/629 570/756/756
f 788/757/757 573/607/607 602/193/193
f 789/411/411 573/607/607 788/757/757
f 722/785/785 521/787/787 573/607/607
f 573/607/607 521/787/787 602/193/193
f 702/575/575 703/387/387 73/754/754
f 791/236/236 574/772/772 291/233/233
f 791/236/236 299/476/476 574/772/772
f 121/605/605 519/606/606 193/323/323
f 312/240/240 699/243/243 515/602/602
f 263/598/598 363/420/420 292/246/246
f 793/560/560 514/419/419 794/803/803
f 495/759/759 406/247/247 793/560/560
f 361/261/261 29/576/576 176/259/259
f 313/550/550 509/588/588 488/52/52
f 438/540/540 601/581/581 228/533/533
f 438/540/540 228/533/533 689/534/534
f 294/425/425 797/389/389 601/581/581
f 798/764/764 576/48/48 439/322/322
f 315/571/571 407/478/478 598/763/763
f 315/571/571 295/275/275 407/478/478
f 97/39/39 733/205/205 629/638/638
f 355/268/268 700/278/278 408/812/812
f 700/278/278 316/401/401 408/812/812
f 408/812/812 316/401/401 44/493/493
f 353/564/564 799/798/798 636/483/483
f 296/290/290 578/589/589 493/513/513
f 66/361/361 660/433/433 466/747/747
f 697/797/797 348/460/460 250/456/456
f 347/517/517 494/294/294 103/512/512
f 693/549/549 489/455/455 419/459/459
f 694/308/308 192/10/10 346/766/766
f 683/474/474 585/475/475 191/583/583
f 85/444/444 224/415/415 769/267/267
f 497/321/321 153/804/804 715/237/237
f 803/767/767 805/409/409 224/415/415
f 476/127/127 803/767/767 479/443/443
f 675/720/720 560/464/464 242/336/336
f 586/489/489 41/481/481 225/509/509
f 586/489/489 225/509/509 226/490/490
f 69/760/760 587/344/344 807/733/733
f 587/344/344 338/473/473 807/733/733
f 249/446/446 808/453/453 298/730/730
f 808/453/453 472/462/462 336/463/463
f 247/447/447 248/731/731 666/451/451
f 588/436/436 418/768/768 59/353/353
f 468/435/435 418/768/768 588/436/436
f 322/438/438 334/450/450 468/435/435
f 452/357/357 417/769/769 590/697/697
f 452/357/357 590/697/697 757/270/270
f 452/357/357 589/356/356 414/364/364
f 661/427/427 66/361/361 333/358/358
f 333/358/358 66/361/361 589/356/356
f 414/364/364 417/769/769 452/357/357
f 811/780/780 415/432/432 756/546/546
f 471/732/732 186/347/347 470/457/457
f 183/383/383 327/407/407 455/735/735
f 646/5/5 90/771/771 460/396/396
f 460/396/396 456/398/398 652/392/392
f 651/6/6 646/5/5 180/288/288
f 772/104/104 595/3/3 647/794/794
f 324/328/328 297/796/796 87/1/1
f 114/633/633 400/673/673 748/171/171
f 384/7/7 748/171/171 307/8/8
f 192/10/10 694/308/308 640/11/11
f 631/13/13 729/635/635 199/14/14
f 356/16/16 708/265/265 635/17/17
f 649/4/4 651/6/6 650/19/19
f 544/21/21 206/38/38 387/22/22
f 582/24/24 802/310/310 123/25/25
f 220/33/33 640/11/11 317/26/26
f 155/35/35 737/386/386 516/36/36
f 206/38/38 378/197/197 97/39/39
f 569/40/40 786/300/300 735/41/41
f 651/6/6 180/288/288 421/43/43
f 581/32/32 489/455/455 192/10/10
f 122/45/45 75/60/60 512/46/46
f 148/64/64 287/671/671 48/65/65
f 393/67/67 614/128/128 232/68/68
f 685/70/70 656/372/372 654/71/71
f 362/76/76 361/261/261 633/77/77
f 716/87/87 405/116/116 22/88/88
f 256/59/59 443/561/561 9/111/111
f 405/116/116 716/87/87 790/117/117
f 477/125/125 676/496/496 320/126/126
f 374/136/136 544/21/21 755/137/137
f 502/118/118 65/180/180 706/147/147
f 503/154/154 600/49/49 178/155/155
f 541/163/163 385/675/675 93/164/164
f 429/166/166 98/642/642 200/167/167
f 112/145/145 775/150/150 394/149/149
f 271/177/177 572/228/228 310/178/178
f 65/180/180 294/425/425 314/181/181
f 360/191/191 726/630/630 527/15/15
f 602/193/193 175/700/700 571/194/194
f 755/137/137 279/23/23 568/204/204
f 395/214/214 609/775/775 777/215/215
f 659/217/217 453/428/428 331/218/218
f 76/224/224 513/316/316 713/225/225
f 359/227/227 603/399/399 572/228/228
f 341/229/229 483/522/522 343/230/230
f 759/244/244 56/707/707 760/245/245
f 254/249/249 686/346/346 583/250/250
f 20/190/190 198/234/234 785/252/252
f 54/253/253 72/269/269 440/254/254
f 204/256/256 543/170/170 278/257/257
f 611/113/113 318/736/736 769/267/267
f 355/268/268 408/812/812 440/254/254
f 757/270/270 548/698/698 549/271/271
f 307/8/8 400/673/673 399/273/273
f 13/281/281 1/799/799 89/282/282
f 326/287/287 732/395/395 606/90/90
f 731/299/299 218/242/242 786/300/300
f 158/301/301 383/182/182 382/302/302
f 551/304/304 288/746/746 113/305/305
f 277/312/312 743/800/800 401/313/313
f 39/75/75 77/421/421 714/315/315
f 701/320/320 130/801/801 497/321/321
f 439/322/322 73/754/754 193/323/323
f 324/328/328 772/104/104 613/120/120
f 64/329/329 257/293/293 695/330/330
f 584/345/345 583/250/250 686/346/346
f 562/350/350 115/514/514 285/351/351
f 350/359/359 259/558/558 16/286/286
f 144/365/365 657/748/748 690/366/366
f 630/373/373 730/644/644 404/208/208
f 567/92/92 376/648/648 375/377/377
f 380/186/186 5/652/652 738/384/384
f 737/386/386 517/604/604 703/387/387
f 708/265/265 228/533/533 797/389/389
f 781/391/391 780/807/807 568/204/204
f 557/134/134 233/140/140 617/139/139
f 603/399/399 506/430/430 196/195/195
f 615/402/402 393/67/67 773/403/403
f 717/410/410 434/527/527 789/411/411
f 771/106/106 11/776/776 137/109/109
f 514/419/419 793/560/560 363/420/420
f 294/425/425 438/540/540 195/426/426
f 627/394/394 376/648/648 230/91/91
f 359/227/227 358/584/584 709/429/429
f 320/126/126 328/495/495 184/374/374
f 503/154/154 52/539/539 575/50/50
f 776/216/216 620/778/778 619/441/441
f 479/443/443 803/767/767 85/444/444
f 450/349/349 321/348/348 808/453/453
f 560/464/464 283/404/404 102/337/337
f 261/266/266 788/757/757 602/193/193
f 683/474/474 253/521/521 482/325/325
f 502/118/118 790/117/117 299/476/476
f 341/229/229 599/231/231 407/478/478
f 771/106/106 612/740/740 768/121/121
f 710/53/53 436/591/591 632/260/260
f 78/500/500 432/222/222 523/179/179
f 427/502/502 737/386/386 736/503/503
f 284/505/505 614/128/128 393/67/67
f 465/506/506 222/251/251 583/250/250
f 473/511/511 348/460/460 103/512/512
f 115/514/514 389/123/123 211/122/122
f 490/298/298 255/56/56 696/516/516
f 295/275/275 500/577/577 704/479/479
f 430/211/211 24/639/639 604/192/192
f 268/525/525 270/174/174 269/526/526
f 364/529/529 264/248/248 122/45/45
f 503/154/154 195/426/426 438/540/540
f 205/542/542 172/44/44 398/138/138
f 135/543/543 385/675/675 278/257/257
f 415/432/432 591/431/431 215/545/545
f 597/547/547 331/218/218 45/548/548
f 350/359/359 492/58/58 264/248/248
f 723/84/84 302/83/83 522/501/501
f 655/555/555 463/788/788 244/418/418
f 773/403/403 393/67/67 111/69/69
f 484/528/528 499/524/524 705/562/562
f 691/51/51 345/786/786 356/16/16
f 484/528/528 501/563/563 576/48/48
f 594/380/380 454/375/375 327/407/407
f 174/207/207 76/224/224 50/199/199
f 688/537/537 485/538/538 597/547/547
f 29/576/576 795/331/331 166/55/55
f 150/578/578 447/582/582 642/579/579
f 447/582/582 150/578/578 481/520/520
f 453/428/428 464/792/792 45/548/548
f 54/253/253 441/255/255 221/587/587
f 578/589/589 296/290/290 669/590/590
f 390/114/114 769/267/267 224/415/415
f 177/593/593 506/430/430 709/429/429
f 534/595/595 4/784/784 203/596/596
f 510/599/599 711/492/492 632/260/260
f 448/532/532 585/475/475 190/510/510
f 565/159/159 624/157/157 760/245/245
f 692/27/27 411/541/541 687/535/535
f 801/619/619 296/290/290 638/289/289
f 222/251/251 12/424/424 685/70/70
f 42/620/620 338/473/473 413/467/467
f 224/415/415 805/409/409 243/376/376
f 48/65/65 564/442/442 619/441/441
f 174/207/207 628/572/572 629/638/638
f 718/610/610 261/266/266 505/477/477
f 491/54/54 581/32/32 487/551/551
f 59/353/353 552/702/702 207/645/645
f 446/309/309 68/440/440 692/27/27
f 76/224/224 174/207/207 229/73/73
f 720/613/613 520/611/611 718/610/610
f 618/148/148 775/150/150 209/649/649
f 435/594/594 237/530/530 122/45/45
f 618/148/148 762/713/713 282/655/655
f 402/663/663 32/608/608 741/185/185
f 52/539/539 688/537/537 240/319/319
f 764/669/669 763/714/714 165/670/670
f 670/470/470 668/465/465 672/674/674
f 550/677/677 141/306/306 422/94/94
f 800/568/568 349/284/284 258/557/557
f 255/56/56 712/295/295 510/599/599
f 255/56/56 166/55/55 695/330/330
f 621/689/689 56/707/707 207/645/645
f 473/511/511 493/513/513 672/674/674
f 475/486/486 34/790/790 674/482/482
f 769/267/267 318/736/736 804/445/445
f 579/690/690 443/561/561 496/285/285
f 310/178/178 572/228/228 571/194/194
f 29/576/576 293/57/57 510/599/599
f 650/19/19 651/6/6 172/44/44
f 32/608/608 368/609/609 20/190/190
f 21/552/552 409/12/12 640/11/11
f 216/709/709 723/84/84 782/668/668
f 594/380/380 416/379/379 167/710/710
f 306/66/66 554/650/650 209/649/649
f 810/363/363 644/360/360 323/311/311
f 635/17/17 602/193/193 196/195/195
f 72/269/269 54/253/253 351/559/559
f 678/722/722 679/721/721 478/723/723
f 550/677/677 119/696/696 551/304/304
f 337/340/340 57/716/716 298/730/730
f 249/446/446 298/730/730 169/712/712
f 682/519/519 107/518/518 128/327/327
f 36/338/338 472/462/462 471/732/732
f 455/735/735 328/495/495 252/494/494
f 370/618/618 523/179/179 310/178/178
f 394/149/149 616/130/130 556/132/132
f 448/532/532 483/522/522 342/523/523
f 662/439/439 468/435/435 469/437/437
f 147/30/30 100/297/297 490/298/298
f 358/584/584 359/227/227 431/624/624
f 144/365/365 658/362/362 466/747/747
f 238/752/752 504/390/390 797/389/389
f 637/484/484 260/566/566 353/564/564
f 73/754/754 439/322/322 194/573/573
f 650/19/19 325/686/686 149/687/687
f 580/755/755 669/590/590 296/290/290
f 183/383/383 7/382/382 596/408/408
f 264/248/248 492/58/58 75/60/60
f 9/111/111 443/561/561 579/690/690
f 804/445/445 318/736/736 678/722/722
f 511/758/758 403/773/773 200/167/167
f 373/647/647 533/646/646 375/377/377
f 69/760/760 471/732/732 470/457/457
f 71/761/761 445/553/553 696/516/516
f 630/373/373 727/213/213 526/212/212
f 260/566/566 637/484/484 101/468/468
f 469/437/437 588/436/436 665/355/355
f 369/623/623 78/500/500 522/501/501
f 421/43/43 606/90/90 567/92/92
f 798/764/764 439/322/322 518/63/63
f 512/46/46 29/576/576 361/261/261
f 377/196/196 534/595/595 202/597/597
f 756/546/546 215/545/545 397/750/750
f 541/163/163 542/678/678 540/676/676
f 146/531/531 227/72/72 585/475/475
f 379/198/198 201/160/160 374/136/136
f 672/674/674 668/465/465 188/471/471
f 425/666/666 782/668/668 120/554/554
f 610/741/741 212/727/727 58/124/124
f 674/482/482 34/790/790 187/466/466
f 485/538/538 239/219/219 331/218/218
f 685/70/70 227/72/72 146/531/531
f 518/63/63 99/62/62 706/147/147
f 560/464/464 423/725/725 284/505/505
f 668/465/465 413/467/467 35/472/472
f 663/777/777 547/810/810 590/697/697
f 599/231/231 190/510/510 13/281/281
f 574/772/772 790/117/117 716/87/87
f 241/334/334 799/798/798 221/587/587
f 491/54/54 710/53/53 711/492/492
f 543/170/170 204/256/256 420/753/753
f 123/25/25 486/615/615 345/786/786
f 810/363/363 665/355/355 663/777/777
f 600/49/49 576/48/48 798/764/764
f 387/22/22 97/39/39 605/85/85
f 441/255/255 440/254/254 676/496/496
f 770/352/352 285/351/351 611/113/113
f 365/600/600 237/530/530 511/758/758
f 269/526/526 175/700/700 521/787/787
f 460/396/396 652/392/392 627/394/394
f 71/761/761 14/292/292 494/294/294
f 335/458/458 489/455/455 450/349/349
f 605/85/85 28/782/782 290/791/791
f 749/258/258 290/791/791 28/782/782
f 23/235/235 311/805/805 433/412/412
f 103/512/512 348/460/460 697/797/797
f 692/27/27 68/440/440 658/362/362
f 116/115/115 390/114/114 768/121/121
f 388/705/705 622/703/703 552/702/702
f 524/223/223 570/756/756 431/624/624
f 753/162/162 568/204/204 542/678/678
f 639/307/307 346/766/766 693/549/549
f 774/143/143 118/715/715 83/135/135
f 305/734/734 770/352/352 116/115/115
f 462/416/416 458/119/119 768/121/121
f 684/317/317 483/522/522 499/524/524
f 799/798/798 353/564/564 349/284/284
f 317/26/26 123/25/25 691/51/51
f 465/506/506 811/780/780 246/423/423
f 440/254/254 408/812/812 44/493/493
f 553/449/449 762/713/713 554/650/650
f 743/800/800 537/664/664 425/666/666
f 61/172/172 270/174/174 745/80/80
f 710/53/53 509/588/588 437/262/262
f 419/459/459 451/448/448 247/447/447
f 458/119/119 462/416/416 593/711/711
f 310/178/178 175/700/700 269/526/526
f 456/398/398 316/401/401 699/243/243
f 476/127/127 320/126/126 805/409/409
f 594/380/380 593/711/711 653/417/417
f 680/508/508 677/724/724 478/723/723
f 218/242/242 308/393/393 652/392/392
f 502/118/118 505/477/477 238/752/752
f 125/488/488 475/486/486 449/485/485
f 705/562/562 499/524/524 704/479/479
f 679/721/721 115/514/514 561/515/515
f 678/722/722 611/113/113 285/351/351
f 684/317/317 240/319/319 686/346/346
f 117/101/101 18/129/129 614/128/128
f 796/264/264 219/263/263 634/586/586
f 634/586/586 219/263/263 21/552/552
f 761/612/612 95/811/811 608/100/100
f 455/735/735 327/407/407 184/374/374
f 477/125/125 319/499/499 340/497/497
f 273/220/220 724/628/628 371/622/622
f 522/501/501 523/179/179 370/618/618
f 780/807/807 539/783/783 542/678/678
f 697/797/797 489/455/455 581/32/32
f 579/690/690 352/565/565 260/566/566
f 702/575/575 792/277/277 703/387/387
f 97/39/39 378/197/197 733/205/205
f 66/361/361 661/427/427 660/433/433
f 497/321/321 130/801/801 153/804/804
f 675/720/720 58/124/124 560/464/464
f 471/732/732 809/461/461 186/347/347
f 114/633/633 725/627/627 400/673/673
